{
  "reward_function": "AvgSpeed + Throughput, log-tanh normalization",
  "global": {
    "MU_SPEED": 0.617003,
    "STD_SPEED": 0.951352,
    "MU_THROUGHPUT": 2.995733,
    "STD_THROUGHPUT": 0.81445
  },
  "per_junction": {
    "R1C1_C": {
      "MU_SPEED": 0.924999,
      "STD_SPEED": 0.736013,
      "MU_THROUGHPUT": 2.079443,
      "STD_THROUGHPUT": 0.749944
    },
    "R1C2_C": {
      "MU_SPEED": 0.966564,
      "STD_SPEED": 0.590552,
      "MU_THROUGHPUT": 2.56495,
      "STD_THROUGHPUT": 0.558804
    },
    "R1C3_C": {
      "MU_SPEED": 0.908716,
      "STD_SPEED": 0.715625,
      "MU_THROUGHPUT": 2.833214,
      "STD_THROUGHPUT": 0.928728
    },
    "R1C4_C": {
      "MU_SPEED": 0.966656,
      "STD_SPEED": 0.726942,
      "MU_THROUGHPUT": 3.135495,
      "STD_THROUGHPUT": 0.963216
    },
    "R1C5_C": {
      "MU_SPEED": 0.941751,
      "STD_SPEED": 0.798427,
      "MU_THROUGHPUT": 2.56495,
      "STD_THROUGHPUT": 0.700171
    },
    "R2C1_C": {
      "MU_SPEED": 0.507675,
      "STD_SPEED": 1.019944,
      "MU_THROUGHPUT": 2.56495,
      "STD_THROUGHPUT": 0.612853
    },
    "R2C2_C": {
      "MU_SPEED": -0.686452,
      "STD_SPEED": 1.689077,
      "MU_THROUGHPUT": 3.610918,
      "STD_THROUGHPUT": 0.213272
    },
    "R2C3_C": {
      "MU_SPEED": 0.979049,
      "STD_SPEED": 0.692559,
      "MU_THROUGHPUT": 3.044523,
      "STD_THROUGHPUT": 0.928729
    },
    "R2C4_C": {
      "MU_SPEED": -0.147634,
      "STD_SPEED": 0.966328,
      "MU_THROUGHPUT": 3.891821,
      "STD_THROUGHPUT": 0.186311
    },
    "R2C5_C": {
      "MU_SPEED": 0.21256,
      "STD_SPEED": 1.093548,
      "MU_THROUGHPUT": 3.583519,
      "STD_THROUGHPUT": 0.309686
    },
    "R3C1_C": {
      "MU_SPEED": 0.826936,
      "STD_SPEED": 0.759622,
      "MU_THROUGHPUT": 2.772589,
      "STD_THROUGHPUT": 0.848937
    },
    "R3C2_C": {
      "MU_SPEED": 0.648723,
      "STD_SPEED": 0.918192,
      "MU_THROUGHPUT": 3.178054,
      "STD_THROUGHPUT": 0.81445
    },
    "R3C3_C": {
      "MU_SPEED": 0.18817,
      "STD_SPEED": 1.023375,
      "MU_THROUGHPUT": 3.367296,
      "STD_THROUGHPUT": 0.414868
    },
    "R3C4_C": {
      "MU_SPEED": 0.169132,
      "STD_SPEED": 1.233623,
      "MU_THROUGHPUT": 3.091043,
      "STD_THROUGHPUT": 0.601179
    },
    "R3C5_C": {
      "MU_SPEED": 0.640972,
      "STD_SPEED": 0.974714,
      "MU_THROUGHPUT": 3.218876,
      "STD_THROUGHPUT": 0.561706
    },
    "R4C1_C": {
      "MU_SPEED": 0.513,
      "STD_SPEED": 0.938696,
      "MU_THROUGHPUT": 3.295837,
      "STD_THROUGHPUT": 0.49173
    },
    "R4C2_CE": {
      "MU_SPEED": 0.364367,
      "STD_SPEED": 0.902169,
      "MU_THROUGHPUT": 2.94444,
      "STD_THROUGHPUT": 0.449355
    },
    "R4C2_CW": {
      "MU_SPEED": 0.377962,
      "STD_SPEED": 0.909782,
      "MU_THROUGHPUT": 2.94444,
      "STD_THROUGHPUT": 0.390016
    },
    "R4C3_C": {
      "MU_SPEED": 0.925594,
      "STD_SPEED": 0.871972,
      "MU_THROUGHPUT": 3.135495,
      "STD_THROUGHPUT": 0.838759
    },
    "R4C4_C": {
      "MU_SPEED": 0.99568,
      "STD_SPEED": 0.70568,
      "MU_THROUGHPUT": 2.302586,
      "STD_THROUGHPUT": 0.979875
    },
    "R4C5_C": {
      "MU_SPEED": 0.071204,
      "STD_SPEED": 0.927646,
      "MU_THROUGHPUT": 3.295837,
      "STD_THROUGHPUT": 0.264419
    }
  }
}