step,control_mode,phase,prev_phase,TotalTravelTime,AvgTravelTime,TotalTravelTime_Raw,AvgTravelTime_Raw,TotalWaitingTime,AvgWaitingTime,TotalCO2,AvgCO2,VehCount,AvgSpeed,AvgOccupancy,QueueLength,Throughput,SpeedStd,HaltRatio,det_occ_mean,det_occ_max,det_veh_sum,det_veh_mean,det_speed_mean,det_speed_min,n_detectors,d0_occ,d0_veh,d0_speed,d1_occ,d1_veh,d1_speed,d2_occ,d2_veh,d2_speed
0,random,0,0,119.51020155221693,39.83673385073897,119.51020155221693,39.83673385073897,16.0,0.851063829787234,33607.21561001529,1787.6178515965582,18.8,2.575812188081851,18.16780850806983,1.8,8,0.8911009716182393,0.09574468085106383,18.16780850806983,24.649213526800224,1.6,0.5333333333333333,5.496332006651044,3.327851334906964,3,20.17714610264079,0.6,3.327851334906964,9.677065894768475,0.4,9.18964084526524,24.649213526800224,0.6,3.9715038397809264
1,random,0,0,129.3150813644631,43.1050271214877,129.3150813644631,43.1050271214877,7.6,0.42696629213483145,28878.97191850018,1622.4141527247293,17.8,2.6490503583579166,47.29018245256469,2.6,9,1.2033697643435957,0.14606741573033707,47.29018245256469,100.0,1.8,0.6,0.7487522276926377,0.0,3,41.87054735769408,0.8,2.246256683077913,0.0,0.0,0.0,100.0,1.0,0.0
2,random,0,0,208.3931516076741,69.4643838692247,208.3931516076741,69.4643838692247,28.4,1.5434782608695652,33231.34509804936,1806.0513640244214,18.4,2.780031135027744,44.38083648792874,6.0,9,1.8580144005632904,0.32608695652173914,44.38083648792874,100.0,1.8,0.6,1.3740911017980062,0.0,3,33.14250946378621,0.8,4.122273305394018,0.0,0.0,0.0,100.0,1.0,0.0
3,random,0,0,349.2059218821656,116.40197396072188,349.2059218821656,116.40197396072188,65.0,3.316326530612245,33663.395231011375,1717.5201648475193,19.6,2.5179946612812345,48.52599124045971,9.0,11,1.7988824285876968,0.45918367346938777,48.52599124045971,100.0,2.2,0.7333333333333334,4.7430469825507675,0.0,3,39.4947242091709,0.8,5.250688526300033,6.083249512208226,0.4,8.97845242135227,100.0,1.0,0.0
4,random,0,0,326.9273732853052,116.75977617332329,2719.771940308446,906.5906467694821,121.2,5.826923076923077,32086.832256651083,1542.636166185148,20.8,1.6396927680967412,66.66666666666667,13.6,10,1.1860313592815657,0.6538461538461539,66.66666666666667,100.0,2.0,0.6666666666666666,0.0,0.0,3,100.0,1.0,0.0,0.0,0.0,0.0,100.0,1.0,0.0
5,random,2,0,622.5548928513085,222.34103316118163,1014.680947716343,338.2269825721143,191.6,8.63063063063063,35108.39941794051,1581.4594332405636,22.2,2.166784295614266,68.66656420769506,16.8,12,2.80595014977501,0.7567567567567568,68.66656420769506,100.0,2.4,0.7999999999999999,2.914553429714094,0.0,3,100.0,1.0,0.0,5.9996926230851955,0.4,8.743660289142282,100.0,1.0,0.0
6,random,2,2,318.3115171740516,144.68705326093252,5818.905241847868,1939.635080615956,281.4,12.129310344827585,36064.98470142489,1554.5252026476246,23.2,1.0823683228664895,66.66666666666667,19.2,10,1.1977479591060536,0.8275862068965517,66.66666666666667,100.0,2.0,0.6666666666666666,0.0,0.0,3,100.0,1.0,0.0,0.0,0.0,0.0,100.0,1.0,0.0
7,random,2,2,534.3938273594215,242.90628516337338,170144.7545804306,56714.918193476864,381.8,15.031496062992126,39475.21616682084,1554.1423687724741,25.4,1.2431327781474324,66.66666666666667,21.4,10,1.549281383054033,0.84251968503937,66.66666666666667,100.0,2.0,0.6666666666666666,0.0,0.0,3,100.0,1.0,0.0,0.0,0.0,0.0,100.0,1.0,0.0
8,random,2,2,329.78754828091405,235.56253448636718,1594856.2640007301,531618.75466691,495.2,19.046153846153846,41314.51034273974,1589.019628566913,26.0,1.962292886370455,67.07013449753656,23.6,12,2.785672788312862,0.9076923076923077,67.07013449753656,100.0,2.4,0.7999999999999999,2.7918708743837968,0.0,3,100.0,1.0,0.0,1.2104034926096574,0.4,8.37561262315139,100.0,1.0,0.0
9,random,2,2,21.544886929223686,21.544886929223686,4436538.87675061,1478846.2922502032,616.2,23.7,39978.988541596846,1537.6534054460326,26.0,1.4970300653570419,66.66666666666667,24.6,10,2.1936157671552836,0.9461538461538461,66.66666666666667,100.0,2.0,0.6666666666666666,0.0,0.0,3,100.0,1.0,0.0,0.0,0.0,0.0,100.0,1.0,0.0
10,random,2,2,94.75031372849321,94.75031372849321,2000094.7503137286,666698.2501045762,741.0,27.649253731343283,40560.21848129736,1513.4409881081106,26.8,0.6328395418398299,66.98763575028522,25.2,12,1.257782560411363,0.9402985074626866,66.98763575028522,100.0,2.4,0.7999999999999999,3.0637553612391155,0.0,3,100.0,1.0,0.0,0.9629072508556646,0.4,9.191266083717347,100.0,1.0,0.0
11,random,0,2,231.46886274517524,165.33490196083946,1001923.7121471625,333974.5707157208,763.2,29.129770992366414,41307.33070980238,1576.6156759466555,26.2,0.45000463040251226,60.0,23.2,10,0.577269197894128,0.8854961832061069,60.0,100.0,2.0,0.6666666666666666,0.0,0.0,3,80.0,1.0,0.0,0.0,0.0,0.0,100.0,1.0,0.0
12,random,0,0,176.03620984442384,88.01810492221192,1000176.0362098444,333392.01206994813,721.2,28.171875,42488.060262834275,1659.6898540169639,25.6,0.9309854539902652,46.366582663730846,19.2,8,0.830415881606005,0.75,46.366582663730846,100.0,1.6,0.5333333333333333,0.6858509111585881,0.0,3,39.099747991192544,0.6,2.0575527334757644,0.0,0.0,0.0,100.0,1.0,0.0
13,random,0,0,118.56885343980801,59.284426719904005,1000118.5688534398,333372.8562844799,685.2,27.853658536585368,41945.799865519075,1705.1138156715072,24.6,1.222398527034992,65.09308350960187,15.4,12,1.0209509422535843,0.6260162601626016,65.09308350960187,100.0,2.4,0.7999999999999999,3.489942444273185,0.0,3,29.743431949395358,0.6,3.8224975906484406,65.53581857941026,0.8,6.647329742171115,100.0,1.0,0.0
14,random,0,0,94.0317075289323,47.01585376446615,1000094.031707529,333364.677235843,734.0,30.840336134453782,40251.38312706797,1691.234585170923,23.8,1.5731297615299156,76.0544523472845,15.2,13,1.3475171009626095,0.6386554621848739,76.0544523472845,100.0,2.6,0.8666666666666667,1.7069251535340302,0.0,3,28.163357041853487,0.6,5.120775460602091,100.0,1.0,0.0,100.0,1.0,0.0
15,random,0,0,181.62634125089625,90.81317062544812,1000181.626341251,333393.8754470837,813.4,32.023622047244096,38781.4079454766,1526.8270844675828,25.4,1.0083669843948508,100.0,17.4,15,0.9372192532560985,0.6850393700787402,100.0,100.0,3.0,1.0,0.0,0.0,3,100.0,1.0,0.0,100.0,1.0,0.0,100.0,1.0,0.0
16,random,0,0,272.45039172056386,136.22519586028193,1000272.4503917206,333424.15013057354,910.0,34.21052631578947,41464.670026999454,1558.822181466145,26.6,0.4856214421133751,100.0,21.2,15,0.37323610636086657,0.7969924812030075,100.0,100.0,3.0,1.0,0.0,0.0,3,100.0,1.0,0.0,100.0,1.0,0.0,100.0,1.0,0.0
17,random,1,0,460.295385844892,191.78974410203833,1865.7577443781597,621.9192481260533,778.4,28.202898550724637,44211.977693524255,1601.8832497653716,27.6,0.6147928464784609,93.33333333333333,21.6,15,0.4844658100195889,0.782608695652174,93.33333333333333,100.0,3.0,1.0,0.0,0.0,3,100.0,1.0,0.0,100.0,1.0,0.0,80.0,1.0,0.0
18,random,1,1,673.8202007357793,224.6067335785931,673.8202007357793,224.6067335785931,565.6,20.492753623188406,44806.54810779284,1623.4256560794506,27.6,0.5633711233929877,78.12595521208475,19.4,13,0.2723684528102333,0.7028985507246377,78.12595521208475,100.0,2.6,0.8666666666666667,0.7131402901735931,0.0,3,100.0,1.0,0.0,100.0,1.0,0.0,34.37786563625423,0.6,2.1394208705207793
19,random,1,1,525.4558304741315,218.93992936422148,7778.230969276907,2592.7436564256354,366.0,13.759398496240602,44323.23838124008,1666.2871571894766,26.6,0.9152363708602639,75.07651761963605,17.2,14,0.7776035150254978,0.6466165413533834,75.07651761963605,100.0,2.8,0.9333333333333332,1.2861375751118207,0.0,3,100.0,1.0,0.0,100.0,1.0,0.0,25.229552858908164,0.8,3.8584127253354623
20,random,1,1,476.18328525997765,238.09164262998883,1279363.0430317197,426454.3476772399,390.0,14.772727272727273,45884.05315798445,1738.03231659032,26.4,1.2710430919063636,69.7913889430193,18.0,13,1.62829578375907,0.6818181818181818,69.7913889430193,100.0,2.6,0.8666666666666667,1.8847596132166171,0.0,3,100.0,1.0,0.0,100.0,1.0,0.0,9.374166829057913,0.6,5.654278839649852
21,random,1,1,162.5863189392975,81.29315946964876,2956858.5011967183,985619.5003989061,481.6,18.105263157894736,43741.41729929413,1644.41418418399,26.6,1.3785915291717805,86.14266014819255,19.2,14,1.5084776226572882,0.7218045112781954,86.14266014819255,100.0,2.8,0.9333333333333332,2.209032720052566,0.0,3,100.0,1.0,0.0,100.0,1.0,0.0,58.427980444577656,0.8,6.627098160157699
22,random,1,1,372.304848743906,232.69053046494125,1030407.124752844,343469.0415842813,588.8,21.02857142857143,41832.1803197739,1494.006439991925,28.0,0.5600454987670247,100.0,23.4,15,0.70715615607588,0.8357142857142857,100.0,100.0,3.0,1.0,0.0,0.0,3,100.0,1.0,0.0,100.0,1.0,0.0,100.0,1.0,0.0
23,random,1,1,469.22248527567626,234.61124263783813,1000469.2224852756,333489.7408284252,712.4,24.06756756756757,46080.79853879742,1556.7837344188317,29.6,0.35338810091471473,100.0,26.0,15,0.31908812898463923,0.8783783783783784,100.0,100.0,3.0,1.0,0.0,0.0,3,100.0,1.0,0.0,100.0,1.0,0.0,100.0,1.0,0.0
24,random,0,1,694.8922715047137,267.26625827104374,1503.042714342772,501.0142381142573,708.6,23.778523489932887,46656.493220656215,1565.6541349213494,29.8,0.4005686511838425,86.66666666666667,24.6,14,0.21925841794669718,0.825503355704698,86.66666666666667,100.0,2.8,0.9333333333333332,0.0,0.0,3,60.0,0.8,0.0,100.0,1.0,0.0,100.0,1.0,0.0
25,random,0,0,717.2034232122994,298.83475967179146,2647.330497149559,882.443499049853,646.4,21.263157894736842,48914.61270160675,1609.0333125528534,30.4,0.43043816251794487,76.10645110994464,23.0,13,0.4143057631418961,0.756578947368421,76.10645110994464,100.0,2.6,0.8666666666666667,0.6652565360608764,0.0,3,28.319353329833916,0.6,1.9957696081826293,100.0,1.0,0.0,100.0,1.0,0.0
26,random,0,0,406.9958566499911,184.99811665908683,106449.77201472744,35483.25733824248,603.6,20.53061224489796,49104.44883258031,1670.2193480469493,29.4,0.9614502999761643,74.45651623022134,20.6,14,1.0654122602116072,0.7006802721088435,74.45651623022134,100.0,2.8,0.9333333333333332,1.435763036952307,0.0,3,23.369548690664033,0.8,4.307289110856921,100.0,1.0,0.0,100.0,1.0,0.0
27,random,0,0,458.0279396689939,254.45996648277438,1681239.357840477,560413.119280159,672.4,22.563758389261746,48137.35999142837,1615.3476507190728,29.8,1.0898900113999646,72.00338284164539,21.8,13,1.4283227595906387,0.7315436241610739,72.0033828416454,100.0,2.6,0.8666666666666667,1.5733038283915814,0.0,3,16.0101485249362,0.6,4.719911485174745,100.0,1.0,0.0,100.0,1.0,0.0
28,random,0,0,206.95763883732974,129.34852427333107,1170721.5058772417,390240.5019590806,788.4,25.5974025974026,46747.01945473107,1517.760371906853,30.8,0.7082882801699596,100.0,24.6,15,0.894774466757476,0.7987012987012987,100.0,100.0,3.0,1.0,0.0,0.0,3,100.0,1.0,0.0,100.0,1.0,0.0,100.0,1.0,0.0
29,random,0,0,123.47838303576104,123.47838303576104,1800443.882578741,600147.9608595803,921.0,28.60248447204969,49390.89223688878,1533.878640897167,32.2,0.26398084917177883,100.0,28.4,15,0.376304796020588,0.8819875776397516,100.0,100.0,3.0,1.0,0.0,0.0,3,100.0,1.0,0.0,100.0,1.0,0.0,100.0,1.0,0.0
30,random,1,0,988.1658796837561,380.0637998783677,1554.6959114842346,518.2319704947448,935.0,28.333333333333332,51166.537816841184,1550.5011459648845,33.0,0.27243726768529114,86.66666666666667,28.0,14,0.15923184283858552,0.8484848484848485,86.66666666666667,100.0,2.8,0.9333333333333332,0.0,0.0,3,100.0,1.0,0.0,100.0,1.0,0.0,60.0,0.8,0.0
31,random,1,1,797.1519606953126,362.34180031605115,102352.60790189625,34117.53596729875,871.2,26.240963855421686,52896.34667969177,1593.2634542075834,33.2,0.3721823660962139,75.95733465810781,25.2,13,0.40502925420936586,0.7590361445783133,75.95733465810781,100.0,2.6,0.8666666666666667,0.5646907384855399,0.0,3,100.0,1.0,0.0,100.0,1.0,0.0,27.872003974323434,0.6,1.6940722154566195
32,random,1,1,294.4156499733701,210.2968928381215,656652.4016522609,218884.13388408697,869.6,27.006211180124225,52631.63406999728,1634.5227972048845,32.2,0.7647185240404972,71.74179366427855,23.6,14,1.0610949207074583,0.7329192546583851,71.74179366427855,100.0,2.8,0.9333333333333332,1.3140534941684008,0.0,3,100.0,1.0,0.0,100.0,1.0,0.0,15.225380992835653,0.8,3.9421604825052023
33,random,1,1,30.115961248646943,30.115961248646943,6269093.700875713,2089697.900291904,971.2,30.540880503144653,51810.28180575826,1629.2541448351653,31.8,1.037046994799911,79.75030830886264,24.4,14,1.4762799327554788,0.7672955974842768,79.75030830886264,100.0,2.8,0.9333333333333332,1.9495865893685849,0.0,3,100.0,1.0,0.0,100.0,1.0,0.0,39.25092492658791,0.8,5.848759768105754
34,random,1,1,47.261302966028104,47.261302966028104,2000047.261302966,666682.420434322,1098.4,33.48780487804878,50154.9048786676,1529.1129536179146,32.8,0.6836218036985579,100.0,26.8,15,0.99535155593732,0.8170731707317073,100.0,100.0,3.0,1.0,0.0,0.0,3,100.0,1.0,0.0,100.0,1.0,0.0,100.0,1.0,0.0
35,random,1,1,126.04106128651412,126.04106128651412,2000126.0410612863,666708.6803537621,1241.4,36.72781065088758,51414.8065881909,1521.1481239109733,33.8,0.2575411182292013,100.0,30.0,15,0.37823436065780136,0.8875739644970414,100.0,100.0,3.0,1.0,0.0,0.0,3,100.0,1.0,0.0,100.0,1.0,0.0,100.0,1.0,0.0
36,random,2,1,507.0068121680242,316.87925760501514,1001191.4257263506,333730.4752421169,1028.6,30.25294117647059,52165.493191722526,1534.2792115212508,34.0,0.20299793054002394,86.66666666666667,29.4,14,0.21120504940256898,0.8647058823529412,86.66666666666667,100.0,2.8,0.9333333333333332,0.0,0.0,3,100.0,1.0,0.0,60.0,0.8,0.0,100.0,1.0,0.0
37,random,2,2,639.1327626633716,319.5663813316858,1000639.1327626634,333546.37758755445,771.2,22.816568047337277,54231.46696905353,1604.481271273773,33.8,0.38378582737277317,76.93492836469129,26.8,13,0.44724982130656393,0.7928994082840237,76.93492836469129,100.0,2.6,0.8666666666666667,0.689566433854175,0.0,3,100.0,1.0,0.0,30.80478509407385,0.6,2.0686993015625252,100.0,1.0,0.0
38,random,2,2,39.998093560424714,39.998093560424714,1054518.5207132294,351506.1735710765,722.0,22.422360248447205,53187.21011511951,1651.7767116496743,32.2,0.80929080682372,74.02209636107841,24.2,14,1.1654270773032085,0.7515527950310559,74.02209636107841,100.0,2.8,0.9333333333333332,1.3622492108126327,0.0,3,100.0,1.0,0.0,22.066289083235233,0.8,4.086747632437898,100.0,1.0,0.0
39,random,2,2,28.488986945866873,28.488986945866873,6723798.874018495,2241266.2913394985,823.6,25.89937106918239,51113.831762299655,1607.353200072316,31.8,1.0937278912723487,77.84196091837923,24.6,14,1.5547549660697144,0.7735849056603774,77.84196091837923,100.0,2.8,0.9333333333333332,1.8569697305358854,0.0,3,100.0,1.0,0.0,33.52588275513767,0.8,5.570909191607656,100.0,1.0,0.0
40,random,2,2,57.623992206819175,57.623992206819175,2000057.623992207,666685.874664069,952.4,29.036585365853657,49775.786308210656,1517.5544606161786,32.8,0.5725156099212724,100.0,27.0,15,0.8494878032629275,0.823170731707317,100.0,100.0,3.0,1.0,0.0,0.0,3,100.0,1.0,0.0,100.0,1.0,0.0,100.0,1.0,0.0
41,random,2,2,135.33697099574457,135.33697099574457,2000135.3369709956,666711.7789903319,1096.8,32.642857142857146,51582.0582489648,1535.1803050287144,33.6,0.24325708087902437,100.0,30.6,15,0.360750087727515,0.9107142857142857,100.0,100.0,3.0,1.0,0.0,0.0,3,100.0,1.0,0.0,100.0,1.0,0.0,100.0,1.0,0.0
42,random,0,2,490.79573398506363,306.74733374066477,1001436.3159607012,333812.10532023374,1034.4,30.60355029585799,52863.51832227607,1564.0094178188185,33.8,0.2085733599895296,86.66666666666667,29.6,14,0.22139884965332565,0.8757396449704142,86.66666666666667,100.0,2.8,0.9333333333333332,0.0,0.0,3,60.0,0.8,0.0,100.0,1.0,0.0,100.0,1.0,0.0
43,random,0,0,402.9029231399089,223.8349572999494,1001725.6003388535,333908.53344628453,869.2,26.33939393939394,52008.16799952562,1576.0050908947157,33.0,0.3788711558649039,75.6807756982433,26.2,13,0.42651435227113116,0.793939393939394,75.6807756982433,100.0,2.6,0.8666666666666667,0.5793030510576659,0.0,3,27.0423270947299,0.6,1.7379091531729978,100.0,1.0,0.0,100.0,1.0,0.0
44,random,0,0,40.952451524911126,40.952451524911126,2550974.9575080033,850324.9858360011,747.6,23.658227848101266,52639.29575634983,1665.8004986186654,31.6,0.7914918002141361,71.98561202526814,24.0,14,1.1461681185367705,0.759493670886076,71.98561202526814,100.0,2.8,0.9333333333333332,1.3305117372511561,0.0,3,15.956836075804404,0.8,3.9915352117534684,100.0,1.0,0.0,100.0,1.0,0.0
45,random,0,0,329.5012375877658,235.35802684840414,1004270.6445636482,334756.88152121607,815.2,26.128205128205128,52438.31643393331,1680.7152703183751,31.2,1.2861855591225073,72.40249644535122,23.4,14,1.7985495345917464,0.75,72.40249644535122,100.0,2.8,0.9333333333333332,1.8870438724337453,0.0,3,17.20748933605364,0.8,5.661131617301236,100.0,1.0,0.0,100.0,1.0,0.0
46,random,0,0,23.2811091030139,23.2811091030139,2632840.666489108,877613.5554963694,933.6,30.31168831168831,48519.73888464389,1575.316197553373,30.8,1.3651883006971766,78.23690034730437,24.6,14,1.9678883628269503,0.7987012987012987,78.23690034730437,100.0,2.8,0.9333333333333332,2.0782835006650955,0.0,3,34.710701041913126,0.8,6.234850501995286,100.0,1.0,0.0,100.0,1.0,0.0
47,random,0,0,57.47809554600212,57.47809554600212,2000057.478095546,666685.8260318487,1062.8,33.42138364779874,48409.13361829601,1522.2997993174845,31.8,0.560657969229108,100.0,27.2,15,0.8218157770918841,0.8553459119496856,100.0,100.0,3.0,1.0,0.0,0.0,3,100.0,1.0,0.0,100.0,1.0,0.0,100.0,1.0,0.0
48,random,1,0,402.5415160278772,251.58844751742325,1001218.2243040927,333739.4081013642,989.8,30.93125,49908.95417298635,1559.6548179058234,32.0,0.3318866749627187,86.66666666666667,27.2,14,0.3859433200881598,0.85,86.66666666666667,100.0,2.8,0.9333333333333332,0.0,0.0,3,100.0,1.0,0.0,100.0,1.0,0.0,60.0,0.8,0.0
49,random,1,1,250.1777933316062,125.0888966658031,1000250.1777933317,333416.72593111056,842.0,26.47798742138365,51451.85891130981,1617.9829846323842,31.8,0.5241219448036564,75.67628804042783,24.2,13,0.4028997710917237,0.7610062893081762,75.67628804042783,100.0,2.6,0.8666666666666667,0.6753203875145761,0.0,3,100.0,1.0,0.0,100.0,1.0,0.0,27.028864121283505,0.6,2.0259611625437284
50,random,1,1,245.05573922232242,122.52786961116121,1000245.0557392224,333415.01857974083,666.8,21.509677419354837,51000.93782159228,1645.1915426320088,31.0,0.84685180392929,77.98728949612382,21.2,14,0.8986698815647651,0.6838709677419355,77.98728949612382,100.0,2.8,0.9333333333333332,1.2959927510960416,0.0,3,100.0,1.0,0.0,100.0,1.0,0.0,33.961868488371465,0.8,3.887978253288125
51,random,1,1,593.4808902479126,296.7404451239563,1000593.480890248,333531.1602967493,738.4,23.367088607594937,50727.89555197492,1605.3131503789532,31.6,1.0843750188240817,72.59483023952536,22.8,12,1.4041138979587207,0.7215189873417721,72.59483023952536,100.0,2.4,0.7999999999999999,1.8742922617692015,0.0,3,100.0,1.0,0.0,100.0,1.0,0.0,17.78449071857608,0.4,5.6228767853076045
52,random,1,1,42.70519176641182,42.70519176641182,1899562.763762466,633187.587920822,860.0,26.21951219512195,50518.755781623964,1540.2059689519501,32.8,0.7595305101552263,97.08069375620273,26.2,15,1.0947157871465978,0.7987804878048781,97.08069375620273,100.0,3.0,1.0,1.7634931281613335,0.0,3,100.0,1.0,0.0,100.0,1.0,0.0,91.24208126860822,1.0,5.290479384484001
53,random,1,1,134.5396898220318,134.5396898220318,2859728.1432993086,953242.7144331029,1001.4,29.62721893491124,50740.16656402706,1501.1883598824572,33.8,0.26506686511162486,100.0,29.8,15,0.4234036596862943,0.8816568047337278,100.0,100.0,3.0,1.0,0.0,0.0,3,100.0,1.0,0.0,100.0,1.0,0.0,100.0,1.0,0.0
54,random,2,1,546.9070237379664,341.81688983622894,1001520.3613295093,333840.1204431698,939.0,27.61764705882353,52820.943664542676,1553.5571666041965,34.0,0.204008315808915,93.33333333333333,29.4,15,0.22118970576348537,0.8647058823529412,93.33333333333333,100.0,3.0,1.0,0.0,0.0,3,100.0,1.0,0.0,80.0,1.0,0.0,100.0,1.0,0.0
55,random,2,2,507.54015117018764,281.96675065010425,1000759.5049096644,333586.5016365548,800.6,23.68639053254438,53864.94753413929,1593.6375010100382,33.8,0.3317526372762717,79.5198447224421,27.2,13,0.36764915127138925,0.8047337278106509,79.5198447224421,100.0,2.6,0.8666666666666667,0.7397730113362284,0.0,3,100.0,1.0,0.0,38.55953416732632,0.6,2.2193190340086852,100.0,1.0,0.0
56,random,2,2,206.92310168618752,172.43591807182295,1027850.4810540937,342616.8270180312,671.0,20.709876543209877,53340.44213086124,1646.3099423105318,32.4,0.6998474625523208,74.43114519565597,24.6,13,1.0153713216944964,0.7592592592592593,74.43114519565597,100.0,2.6,0.8666666666666667,1.3705217559680385,0.0,3,100.0,1.0,0.0,23.293435586967917,0.6,4.1115652679041155,100.0,1.0,0.0
57,random,2,2,25.130259586150792,25.130259586150792,2708749.5427250564,902916.5142416855,735.0,23.557692307692307,53131.79481783577,1702.9421415973002,31.2,1.2509373171203912,74.50481304121695,24.2,14,1.7896744486206626,0.7756410256410257,74.50481304121695,100.0,2.8,0.9333333333333332,1.921208194466124,0.0,3,100.0,1.0,0.0,23.514439123650845,0.8,5.7636245833983715,100.0,1.0,0.0
58,random,2,2,30.885889836024774,30.885889836024774,2000030.8858898361,666676.9619632787,858.8,27.17721518987342,49203.93397746513,1557.0865182742132,31.6,1.0594243699341765,87.2606848273703,26.0,15,1.5610070389892459,0.8227848101265823,87.2606848273703,100.0,3.0,1.0,2.0940994154375714,0.0,3,100.0,1.0,0.0,61.78205448211088,1.0,6.282298246312714,100.0,1.0,0.0
59,random,2,2,81.26487181945437,81.26487181945437,2000081.2648718194,666693.7549572731,997.4,30.595092024539877,49397.808399975336,1515.2701963182617,32.6,0.4044137041390321,100.0,29.0,15,0.5984372407891968,0.8895705521472392,100.0,100.0,3.0,1.0,0.0,0.0,3,100.0,1.0,0.0,100.0,1.0,0.0,100.0,1.0,0.0
60,random,2,2,133.3286620839417,133.3286620839417,2000133.3286620844,666711.1095540281,1148.0,34.166666666666664,51519.13494567696,1533.307587668957,33.6,0.2462646126866964,100.0,31.0,15,0.3621510035638176,0.9226190476190477,100.0,100.0,3.0,1.0,0.0,0.0,3,100.0,1.0,0.0,100.0,1.0,0.0,100.0,1.0,0.0
61,random,1,2,466.80575913980056,291.75359946237535,1001341.8060959432,333780.60203198105,1165.6,34.485207100591715,52869.79986385751,1564.195262244305,33.8,0.21475820902793685,86.66666666666667,29.8,14,0.22369612153575352,0.8816568047337278,86.66666666666667,100.0,2.8,0.9333333333333332,0.0,0.0,3,100.0,1.0,0.0,100.0,1.0,0.0,60.0,0.8,0.0
62,random,1,1,578.369780994303,289.1848904971515,1000578.3697809944,333526.12326033146,1114.4,33.166666666666664,53436.96254888611,1590.38579014542,33.6,0.4046327172603443,76.09728488444148,26.6,13,0.44324155986962493,0.7916666666666666,76.09728488444148,100.0,2.6,0.8666666666666667,0.6282586616797545,0.0,3,100.0,1.0,0.0,100.0,1.0,0.0,28.291854653324435,0.6,1.8847759850392636
63,random,1,1,167.83697631930858,139.86414693275717,1023379.3890216161,341126.46300720534,1082.0,33.8125,52643.20984944513,1645.1003077951602,32.0,0.7637558761805413,71.24888492325302,23.8,14,1.0836769877227503,0.74375,71.24888492325302,100.0,2.8,0.9333333333333332,1.347158390933376,0.0,3,100.0,1.0,0.0,100.0,1.0,0.0,13.746654769759061,0.8,4.041475172800128
64,random,1,1,28.647154503197793,28.647154503197793,2915095.9189734166,971698.6396578056,1180.6,37.125786163522015,51581.593404383304,1622.062685672431,31.8,1.0876199932512287,78.01529493143903,24.6,14,1.5457367291017408,0.7735849056603774,78.01529493143903,100.0,2.8,0.9333333333333332,1.9230884786214757,0.0,3,100.0,1.0,0.0,100.0,1.0,0.0,34.04588479431709,0.8,5.769265435864427
65,random,1,1,50.589034406431495,50.589034406431495,2000050.589034407,666683.5296781356,1310.8,39.96341463414634,50273.01165929701,1532.7137701005186,32.8,0.654238045399983,100.0,27.6,15,0.9683730858082849,0.8414634146341463,100.0,100.0,3.0,1.0,0.0,0.0,3,100.0,1.0,0.0,100.0,1.0,0.0,100.0,1.0,0.0
66,random,1,1,130.84791362745983,130.84791362745983,2000130.8479136277,666710.2826378759,1459.2,43.171597633136095,51626.30149553255,1527.4053696903122,33.8,0.24579547625406073,100.0,31.2,15,0.35789951213785104,0.9230769230769231,100.0,100.0,3.0,1.0,0.0,0.0,3,100.0,1.0,0.0,100.0,1.0,0.0,100.0,1.0,0.0
67,random,2,1,471.07361325214714,294.42100828259197,1001194.1089969578,333731.3696656526,1481.0,43.55882352941177,52596.58131799406,1546.9582740586488,34.0,0.20260416343146043,86.66666666666667,29.8,14,0.19545128981496526,0.8764705882352941,86.66666666666667,100.0,2.8,0.9333333333333332,0.0,0.0,3,100.0,1.0,0.0,60.0,0.8,0.0,100.0,1.0,0.0
68,random,2,2,609.8241746240385,304.91208731201925,1000609.8241746242,333536.6080582081,1446.0,42.781065088757394,53828.948979674,1592.572455019941,33.8,0.3895139793514119,76.87849438412854,27.0,13,0.4483619113354676,0.7988165680473372,76.87849438412854,100.0,2.6,0.8666666666666667,0.6759184719785724,0.0,3,100.0,1.0,0.0,30.635483152385632,0.6,2.027755415935717,100.0,1.0,0.0
69,random,2,2,42.04703087786286,42.04703087786286,1060602.3608319247,353534.1202773082,1434.4,44.825,52905.40140577084,1653.2937939303388,32.0,0.7756892566268344,72.45207645161183,24.6,14,1.1294231666167778,0.76875,72.45207645161183,100.0,2.8,0.9333333333333332,1.3619221518093418,0.0,3,100.0,1.0,0.0,17.356229354835477,0.8,4.0857664554280255,100.0,1.0,0.0
70,random,2,2,24.19513569060087,24.19513569060087,4671058.660097299,1557019.5533657663,1531.0,49.38709677419355,52485.00940940657,1693.0648196582765,31.0,1.291675863507756,76.53195028234411,24.2,13,1.8411580584787754,0.7806451612903226,76.53195028234411,100.0,2.6,0.8666666666666667,1.9612579780120163,0.0,3,100.0,1.0,0.0,29.595850847032352,0.6,5.883773934036049,100.0,1.0,0.0
71,random,2,2,23.190998263871847,23.190998263871847,2000023.1909982637,666674.3969994212,1651.6,53.62337662337662,49593.88280989426,1610.1910003212424,30.8,1.3730100337663491,80.23727334872244,24.6,14,1.9830983207091295,0.7987012987012987,80.23727334872244,100.0,2.8,0.9333333333333332,2.1241883197022347,0.0,3,100.0,1.0,0.0,40.711820046167304,0.8,6.372564959106704,100.0,1.0,0.0
72,random,2,2,66.06392046399094,66.06392046399094,2000066.063920464,666688.687973488,1782.6,56.056603773584904,47996.21518283015,1509.314942856294,31.8,0.5200245858536605,100.0,28.0,15,0.8027300261386762,0.8805031446540881,100.0,100.0,3.0,1.0,0.0,0.0,3,100.0,1.0,0.0,100.0,1.0,0.0,100.0,1.0,0.0
73,random,2,2,100.08618218365987,100.08618218365987,2000100.0861821838,666700.0287273946,1927.0,59.11042944785276,50429.519433477755,1546.91777403306,32.6,0.3166266764046173,100.0,30.0,15,0.4547138512775037,0.9202453987730062,100.0,100.0,3.0,1.0,0.0,0.0,3,100.0,1.0,0.0,100.0,1.0,0.0,100.0,1.0,0.0
74,random,1,2,401.7530880943769,251.09568005898555,1001117.664506699,333705.88816889963,1935.2,59.0,51473.48661968416,1569.3136164537852,32.8,0.28694223607791547,86.66666666666667,28.6,14,0.31509277352047316,0.8719512195121951,86.66666666666667,100.0,2.8,0.9333333333333332,0.0,0.0,3,100.0,1.0,0.0,100.0,1.0,0.0,60.0,0.8,0.0
75,random,1,1,345.60290303422846,172.80145151711423,1000345.6029030343,333448.5343010114,1887.2,58.24691358024691,52283.67723628691,1613.693741860707,32.4,0.43573186525089125,72.59077096071867,25.6,12,0.39162683444833657,0.7901234567901234,72.59077096071867,100.0,2.4,0.7999999999999999,0.771779137298758,0.0,3,100.0,1.0,0.0,100.0,1.0,0.0,17.77231288215603,0.4,2.315337411896274
76,random,1,1,464.2902724358152,232.1451362179076,1000464.2902724359,333488.0967574786,1840.8,57.886792452830186,52575.35656676197,1653.3130995837098,31.8,0.826453758908001,80.44337952335393,22.8,14,1.0265246943661115,0.7169811320754716,80.44337952335393,100.0,2.8,0.9333333333333332,1.3340581850740818,0.0,3,100.0,1.0,0.0,100.0,1.0,0.0,41.33013857006176,0.8,4.002174555222245
77,random,1,1,137.85243756555127,114.87703130462606,1223769.3496890706,407923.11656302353,1917.6,61.46153846153846,52629.48232071152,1686.842382074087,31.2,1.3258386115847132,73.64815485520883,23.6,14,1.8682401266322943,0.7564102564102564,73.64815485520883,100.0,2.8,0.9333333333333332,2.033739089159966,0.0,3,100.0,1.0,0.0,100.0,1.0,0.0,20.944464565626504,0.8,6.101217267479897
78,random,1,1,19.411601011397728,19.411601011397728,4305467.609564723,1435155.8698549077,2037.0,67.9,48057.26452136883,1601.908817378961,30.0,1.5968684911646596,69.5779028755923,24.2,14,2.2618057376394107,0.8066666666666666,69.5779028755923,100.0,2.8,0.9333333333333332,2.052645111422976,0.0,3,100.0,1.0,0.0,100.0,1.0,0.0,8.733708626776888,0.8,6.157935334268927
79,random,1,1,24.4062783677632,24.4062783677632,2000024.4062783676,666674.8020927892,2157.6,72.40268456375838,44382.24891094629,1489.3372117767212,29.8,1.3464757055177086,79.85992433968629,24.6,14,1.9839418331082284,0.825503355704698,79.85992433968629,100.0,2.8,0.9333333333333332,1.9756821875446537,0.0,3,100.0,1.0,0.0,100.0,1.0,0.0,39.57977301905885,0.8,5.9270465626339615
80,random,1,1,57.98028424314132,57.98028424314132,2000057.9802842431,666685.993428081,2286.8,74.24675324675324,48031.660299662944,1559.4694902487968,30.8,0.5498908915636059,100.0,27.2,15,0.793965020738362,0.8831168831168831,100.0,100.0,3.0,1.0,0.0,0.0,3,100.0,1.0,0.0,100.0,1.0,0.0,100.0,1.0,0.0
81,random,1,1,64.92902420935464,64.92902420935464,2000064.9290242095,666688.3096747365,2426.6,76.30817610062893,49452.53663080425,1555.111214805165,31.8,0.486949075089463,100.0,28.6,15,0.7000565792313924,0.89937106918239,100.0,100.0,3.0,1.0,0.0,0.0,3,100.0,1.0,0.0,100.0,1.0,0.0,100.0,1.0,0.0
82,random,2,1,340.96210826841343,213.1013176677584,1001025.4919376305,333675.16397921013,2413.6,75.425,50516.872992711484,1578.6522810222339,32.0,0.3928939754128825,86.66666666666667,27.2,14,0.4397780016007027,0.85,86.66666666666667,100.0,2.8,0.9333333333333332,0.0,0.0,3,100.0,1.0,0.0,60.0,0.8,0.0,100.0,1.0,0.0
83,random,2,2,253.249741506898,126.624870753449,1000253.2497415068,333417.7499138356,2308.2,72.58490566037736,51441.62721225605,1617.6612330898129,31.8,0.528485577701762,76.06844125830776,23.6,13,0.4176225512969127,0.7421383647798742,76.06844125830776,100.0,2.6,0.8666666666666667,0.601094811084968,0.0,3,100.0,1.0,0.0,28.205323774923272,0.6,1.803284433254904,100.0,1.0,0.0
84,random,2,2,275.38681275116204,137.69340637558102,1000275.386812751,333425.12893758365,2279.8,73.07051282051282,51647.47657291553,1655.367838875498,31.2,0.8950321913020812,80.16278616752213,21.4,14,1.024935222063984,0.6858974358974359,80.16278616752213,100.0,2.8,0.9333333333333332,1.2306020425059656,0.0,3,100.0,1.0,0.0,40.48835850256637,0.8,3.691806127517897,100.0,1.0,0.0
85,random,2,2,540.0270821202513,270.01354106012565,1000540.0270821203,333513.34236070677,2367.8,73.08024691358025,49604.45117512873,1531.0015794792816,32.4,0.8990801805669394,88.13941587269862,23.2,15,1.1621914212599591,0.7160493827160493,88.13941587269862,100.0,3.0,1.0,1.5877147679647068,0.0,3,100.0,1.0,0.0,64.41824761809585,1.0,4.76314430389412,100.0,1.0,0.0
86,random,2,2,221.4879286665091,184.5732738887576,1067755.588620162,355918.52954005403,2495.6,73.83431952662721,51041.54852342782,1510.1049859002314,33.8,0.35842527146988395,100.0,27.6,15,0.5321510167117687,0.8165680473372781,100.0,100.0,3.0,1.0,0.0,0.0,3,100.0,1.0,0.0,100.0,1.0,0.0,100.0,1.0,0.0
87,random,2,2,195.6662072234867,195.6662072234867,2112557.130236189,704185.7100787297,2643.0,75.94827586206897,53105.78487007164,1526.0283008641275,34.8,0.16988737205034787,100.0,31.2,15,0.25682949831683743,0.896551724137931,100.0,100.0,3.0,1.0,0.0,0.0,3,100.0,1.0,0.0,100.0,1.0,0.0,100.0,1.0,0.0
88,random,1,2,841.526751390885,525.9542196193031,1001739.1891672248,333913.0630557416,2680.0,76.57142857142857,54044.33897212856,1544.1239706322444,35.0,0.11975459994867074,86.66666666666667,31.2,14,0.12299912959707279,0.8914285714285715,86.66666666666667,100.0,2.8,0.9333333333333332,0.0,0.0,3,100.0,1.0,0.0,100.0,1.0,0.0,60.0,0.8,0.0
89,random,1,1,117.30592553205199,117.30592553205199,2841601.2613163535,947200.4204387845,2678.0,78.76470588235294,53821.11656372342,1582.9740165801006,34.0,0.2976609037302488,75.47548731705774,28.4,13,0.43600373534015807,0.8352941176470589,75.47548731705774,100.0,2.6,0.8666666666666667,0.5262003521745439,0.0,3,100.0,1.0,0.0,100.0,1.0,0.0,26.426461951173223,0.6,1.5786010565236317
90,random,1,1,43.69969879317065,43.69969879317065,2000043.6996987932,666681.2332329311,2704.0,83.9751552795031,53094.383111650604,1648.8938854549876,32.2,0.7327910643719598,68.85380122162587,24.6,14,1.0622878627473042,0.7639751552795031,68.85380122162587,100.0,2.8,0.9333333333333332,1.3125645967347925,0.0,3,100.0,1.0,0.0,100.0,1.0,0.0,6.561403664877616,0.8,3.9376937902043774
91,random,1,1,27.699856215042608,27.699856215042608,2000027.699856215,666675.8999520716,2812.6,88.44654088050315,51661.288213081156,1624.568811732112,31.8,1.117832828696814,70.51411775151034,24.6,13,1.5819913952921216,0.7735849056603774,70.51411775151034,100.0,2.6,0.8666666666666667,1.6537546051196035,0.0,3,100.0,1.0,0.0,100.0,1.0,0.0,11.542353254531008,0.6,4.9612638153588104
92,random,1,1,57.161717501462476,57.161717501462476,2000057.1617175012,666685.7205725004,2940.8,89.65853658536585,48490.93214609524,1478.382077624855,32.8,0.618611493289188,100.0,27.0,15,0.9502755622935329,0.823170731707317,100.0,100.0,3.0,1.0,0.0,0.0,3,100.0,1.0,0.0,100.0,1.0,0.0,100.0,1.0,0.0
93,random,1,1,127.35625449590673,127.35625449590673,2000127.3562544957,666709.1187514985,3085.4,91.28402366863905,51544.434607896066,1524.9832724229607,33.8,0.2523480376666723,100.0,30.6,15,0.36718721106661445,0.9053254437869822,100.0,100.0,3.0,1.0,0.0,0.0,3,100.0,1.0,0.0,100.0,1.0,0.0,100.0,1.0,0.0
94,random,0,1,822.4438989613175,373.83813589150793,2575.6383849005656,858.5461283001886,2396.6,72.1867469879518,52175.42533089341,1571.5489557498017,33.2,0.26054651706688775,80.0,26.8,14,0.197642276315863,0.8072289156626506,80.0,100.0,2.8,0.9333333333333332,0.0,0.0,3,60.0,0.8,0.0,80.0,1.0,0.0,100.0,1.0,0.0
95,random,0,0,854.6201925956271,284.8733975318757,854.6201925956271,284.8733975318757,1232.2,37.56707317073171,52833.46625512051,1610.7764102170888,32.8,0.5240160844420318,61.57096932349001,20.6,12,0.2975952368954342,0.6280487804878049,61.57096932349001,100.0,2.4,0.7999999999999999,1.1533350708938754,0.0,3,21.556823698235803,0.6,1.7484114081017312,63.15608427223424,0.8,1.711593804579895,100.0,1.0,0.0
96,random,0,0,212.51620818547954,106.25810409273977,746797.5205545649,248932.50685152164,402.6,12.821656050955413,52029.82859546625,1657.0009106836385,31.4,0.9280839482823425,78.44081220376893,17.0,13,0.9911797529447073,0.5414012738853503,78.44081220376893,100.0,2.6,0.8666666666666667,1.440088418868185,0.0,3,35.322436611306784,0.6,4.320265256604555,100.0,1.0,0.0,100.0,1.0,0.0
97,random,0,0,430.5957978480001,215.29789892400004,2951197.2196161076,983732.4065387025,280.6,8.607361963190185,49558.353317938476,1520.1948870533274,32.6,0.9277377011534933,87.6430446992246,20.6,15,1.1449966708070938,0.6319018404907976,87.6430446992246,100.0,3.0,1.0,1.7264257679818815,0.0,3,62.929134097673796,1.0,5.179277303945645,100.0,1.0,0.0,100.0,1.0,0.0
98,random,0,0,90.29595681800433,90.29595681800433,4673477.789219849,1557825.9297399495,405.0,11.982248520710058,50107.44005054568,1482.4686405486887,33.8,0.39084476104417193,100.0,27.8,15,0.5725968063491115,0.8224852071005917,100.0,100.0,3.0,1.0,0.0,0.0,3,100.0,1.0,0.0,100.0,1.0,0.0,100.0,1.0,0.0
99,random,2,0,530.6452898652982,331.65330616581133,2738499.8911108524,912833.2970369508,500.4,14.717647058823529,52454.513302562045,1542.7798030165309,34.0,0.21214981102491726,86.66666666666667,29.2,14,0.23272621445231675,0.8588235294117647,86.66666666666667,100.0,2.8,0.9333333333333332,0.0,0.0,3,100.0,1.0,0.0,60.0,0.8,0.0,100.0,1.0,0.0
100,random,2,2,628.3359585213541,314.16797926067704,1000628.3359585215,333542.77865284047,575.4,17.023668639053255,54171.42366349798,1602.704842115325,33.8,0.3653441766905145,75.75720798636137,27.4,13,0.41621883461461173,0.8106508875739645,75.75720798636137,100.0,2.6,0.8666666666666667,0.6572283892503205,0.0,3,100.0,1.0,0.0,27.27162395908408,0.6,1.9716851677509615,100.0,1.0,0.0
101,random,2,2,43.60343450331138,43.60343450331138,1235798.6113868929,411932.87046229764,636.4,19.641975308641975,53442.94350251476,1649.4735648924309,32.4,0.750046986867477,76.45223800342364,24.2,15,1.0975341998847148,0.7469135802469136,76.45223800342364,100.0,3.0,1.0,1.3284196839978597,0.0,3,100.0,1.0,0.0,29.356714010270935,1.0,3.9852590519935793,100.0,1.0,0.0
102,random,2,2,29.52871201884712,29.52871201884712,5166402.090976685,1722134.0303255618,748.2,23.528301886792452,51746.889934239734,1627.2606897559665,31.8,1.0486693896249948,74.09146852538622,24.4,13,1.4842120516560613,0.7672955974842768,74.09146852538622,100.0,2.6,0.8666666666666667,1.801749856213065,0.0,3,100.0,1.0,0.0,22.274405576158642,0.6,5.405249568639195,100.0,1.0,0.0
103,random,2,2,46.42258063895549,46.42258063895549,6765752.344884947,2255250.781628316,873.8,26.640243902439025,49833.59400775631,1519.3168904803752,32.8,0.7055377965332567,100.0,26.2,15,1.0365306768405385,0.7987804878048781,100.0,100.0,3.0,1.0,0.0,0.0,3,100.0,1.0,0.0,100.0,1.0,0.0,100.0,1.0,0.0
104,random,2,2,128.0082026030781,128.0082026030781,6891155.898374456,2297051.9661248187,1013.8,29.994082840236686,51511.192374688966,1523.9997743990818,33.8,0.2554470459050607,100.0,29.6,15,0.37731084834278034,0.8757396449704142,100.0,100.0,3.0,1.0,0.0,0.0,3,100.0,1.0,0.0,100.0,1.0,0.0,100.0,1.0,0.0
105,random,1,2,572.2189291063382,357.6368306914614,1001525.6730831731,333841.89102772437,965.0,28.38235294117647,52485.70815654374,1543.6972987218746,34.0,0.19462683495243185,93.33333333333333,29.2,15,0.20654331551497526,0.8588235294117647,93.33333333333333,100.0,3.0,1.0,0.0,0.0,3,100.0,1.0,0.0,100.0,1.0,0.0,80.0,1.0,0.0
106,random,1,1,658.0916017808587,329.04580089042935,1000658.0916017808,333552.6972005936,847.2,24.91764705882353,53903.857151378084,1585.407563275826,34.0,0.339348874318549,79.52898261812454,27.2,13,0.39560942151294537,0.8,79.52898261812454,100.0,2.6,0.8666666666666667,0.7158506459707428,0.0,3,100.0,1.0,0.0,100.0,1.0,0.0,38.58694785437365,0.6,2.1475519379122283
107,random,1,1,49.93425781559158,49.93425781559158,1252938.0736620736,417646.0245540245,708.4,21.864197530864196,52638.81161901985,1624.654679599378,32.4,0.6573647365668438,78.97662203681875,24.4,13,0.9580020987641502,0.7530864197530864,78.97662203681875,100.0,2.6,0.8666666666666667,1.419960739833803,0.0,3,100.0,1.0,0.0,100.0,1.0,0.0,36.92986611045626,0.6,4.259882219501409
108,random,1,1,27.154231482354003,27.154231482354003,3780622.220153483,1260207.4067178278,795.0,25.64516129032258,52280.889047162374,1686.4802918439475,31.0,1.1573345548904266,72.83910290190003,24.2,13,1.6564352811773178,0.7806451612903226,72.83910290190003,100.0,2.6,0.8666666666666667,1.9436670163346437,0.0,3,100.0,1.0,0.0,100.0,1.0,0.0,18.51730870570009,0.6,5.831001049003931
109,random,1,1,22.209865728480672,22.209865728480672,2000022.2098657284,666674.0699552428,915.2,29.908496732026144,50216.725229613905,1641.069451948167,30.6,1.4147343720985732,71.44018205807545,24.4,14,2.0243447333911098,0.7973856209150327,71.44018205807545,100.0,2.8,0.9333333333333332,2.372974393676072,0.0,3,100.0,1.0,0.0,100.0,1.0,0.0,14.320546174226365,0.8,7.118923181028216
110,random,1,1,49.262265221075594,49.262265221075594,2000049.2622652208,666683.0874217403,1041.6,33.17197452229299,48027.49927348389,1529.5381934230536,31.4,0.6991986935534155,100.0,26.4,15,1.0651881989012588,0.8407643312101911,100.0,100.0,3.0,1.0,0.0,0.0,3,100.0,1.0,0.0,100.0,1.0,0.0,100.0,1.0,0.0
111,random,1,1,96.31556882210917,96.31556882210917,2000096.315568822,666698.771856274,1182.2,36.48765432098765,50207.1152951024,1549.6023239229137,32.4,0.3292355433206487,100.0,29.6,15,0.4741002941635194,0.9135802469135802,100.0,100.0,3.0,1.0,0.0,0.0,3,100.0,1.0,0.0,100.0,1.0,0.0,100.0,1.0,0.0
112,random,2,1,385.6025987760167,241.0016242350104,1001132.53835354,333710.84611784667,1192.2,36.57055214723926,51049.34510855128,1565.9308315506526,32.6,0.34576389184324907,86.66666666666667,27.6,14,0.3897951165901,0.8466257668711656,86.66666666666667,100.0,2.8,0.9333333333333332,0.0,0.0,3,100.0,1.0,0.0,60.0,0.8,0.0,100.0,1.0,0.0
113,random,2,2,296.5059911473171,148.25299557365855,1000296.5059911471,333432.1686637157,1141.0,35.21604938271605,52383.58830051885,1616.7774166826805,32.4,0.4905194878595095,76.94833182658915,24.8,13,0.41850724558852015,0.7654320987654321,76.94833182658915,100.0,2.6,0.8666666666666667,0.6283763299543501,0.0,3,100.0,1.0,0.0,30.844995479767476,0.6,1.8851289898630503,100.0,1.0,0.0
114,random,2,2,404.50167213870924,202.25083606935462,1000404.5016721388,333468.16722404625,1091.8,34.550632911392405,53041.70413769116,1678.5349410661759,31.6,0.852899273726556,70.6949536607711,22.4,14,1.0432257368092615,0.7088607594936709,70.6949536607711,100.0,2.8,0.9333333333333332,1.297568493852749,0.0,3,100.0,1.0,0.0,12.08486098231333,0.8,3.892705481558247,100.0,1.0,0.0
115,random,2,2,287.8702703850764,205.62162170362603,1014645.0277790446,338215.0092596815,1184.2,38.2,52406.379090785806,1690.528357767284,31.0,1.3206166089797446,73.90394797713195,23.8,13,1.8413626328618398,0.7677419354838709,73.90394797713195,100.0,2.6,0.8666666666666667,1.9548348928645811,0.0,3,100.0,1.0,0.0,21.711843931395833,0.6,5.864504678593743,100.0,1.0,0.0
116,random,2,2,18.299935551591258,18.299935551591258,3511635.556481543,1170545.1854938476,1304.0,43.46666666666667,49869.31711637931,1662.3105705459768,30.0,1.6953942278498746,71.48527573738572,24.2,14,2.4029685274096297,0.8066666666666666,71.48527573738572,100.0,2.8,0.9333333333333332,2.283469564260455,0.0,3,100.0,1.0,0.0,14.455827212157146,0.8,6.8504086927813646,100.0,1.0,0.0
117,random,2,2,27.544835534409458,27.544835534409458,2000027.5448355346,666675.8482785115,1424.4,47.79865771812081,46070.666958132526,1545.995535507803,29.8,1.2455698351602515,80.21986773448059,24.6,14,1.899149521345607,0.825503355704698,80.21986773448059,100.0,2.8,0.9333333333333332,1.756028107116702,0.0,3,100.0,1.0,0.0,40.65960320344175,0.8,5.2680843213501065,100.0,1.0,0.0
118,random,2,2,56.99816652729557,56.99816652729557,2000056.9981665276,666685.6660555092,1553.6,50.77124183006536,47782.08318046169,1561.5059862895978,30.6,0.5522920004871366,100.0,27.4,15,0.791658089082537,0.8954248366013072,100.0,100.0,3.0,1.0,0.0,0.0,3,100.0,1.0,0.0,100.0,1.0,0.0,100.0,1.0,0.0
119,random,0,2,310.69832564285497,194.18645352678433,1000919.8402552027,333639.94675173424,1363.6,44.27272727272727,49006.807061227286,1591.1300993904963,30.8,0.4953779740692447,86.66666666666667,25.6,14,0.583681298554598,0.8311688311688312,86.66666666666667,100.0,2.8,0.9333333333333332,0.0,0.0,3,60.0,0.8,0.0,100.0,1.0,0.0,100.0,1.0,0.0
120,random,0,0,218.11559687337353,109.05779843668677,1000218.1155968733,333406.03853229113,948.8,31.417218543046356,49074.87116135286,1624.995733819631,30.2,0.6285799602539054,74.8423223910974,21.6,13,0.4866782302263609,0.7152317880794702,74.8423223910974,100.0,2.6,0.8666666666666667,0.5536896141632155,0.0,3,24.526967173292178,0.6,1.6610688424896465,100.0,1.0,0.0,100.0,1.0,0.0
121,random,0,0,187.7216630164615,93.86083150823075,1000187.7216630165,333395.9072210055,698.4,23.436241610738254,50122.766256478935,1681.9720220294944,29.8,0.9817790795398069,75.86880026253463,19.8,15,0.994719521173197,0.6644295302013423,75.86880026253463,100.0,3.0,1.0,1.2720530480808094,0.0,3,27.60640078760389,1.0,3.8161591442424285,100.0,1.0,0.0,100.0,1.0,0.0
122,random,0,0,217.65251676214967,108.82625838107484,1000217.6525167621,333405.88417225407,737.6,24.423841059602648,49930.65009097157,1653.3327844692574,30.2,1.2888301577341366,70.47430300738142,20.8,13,1.464257536150712,0.6887417218543046,70.47430300738142,100.0,2.6,0.8666666666666667,1.6379104079485964,0.0,3,11.422909022144268,0.6,4.913731223845789,100.0,1.0,0.0,100.0,1.0,0.0
123,random,0,0,377.65057843324223,188.82528921662112,1000377.6505784333,333459.21685947775,849.6,26.385093167701864,49331.72152546266,1532.0410411634366,32.2,0.7413190039096358,100.0,24.6,15,0.915579860610757,0.7639751552795031,100.0,100.0,3.0,1.0,0.0,0.0,3,100.0,1.0,0.0,100.0,1.0,0.0,100.0,1.0,0.0
124,random,0,0,482.23450648131694,344.4532189152264,1003971.9316852015,334657.31056173384,985.8,29.16568047337278,51057.16187833948,1510.5669194774994,33.8,0.2705720372148699,100.0,29.4,15,0.3585055823436159,0.8698224852071006,100.0,100.0,3.0,1.0,0.0,0.0,3,100.0,1.0,0.0,100.0,1.0,0.0,100.0,1.0,0.0
125,random,1,0,524.8050731948323,328.00317074677014,1338125.865982761,446041.95532758697,912.0,26.98224852071006,52898.1736223816,1565.0347225556684,33.8,0.19660826283444557,86.66666666666667,29.8,14,0.20344095194248765,0.8816568047337278,86.66666666666667,100.0,2.8,0.9333333333333332,0.0,0.0,3,100.0,1.0,0.0,100.0,1.0,0.0,60.0,0.8,0.0
126,random,1,1,615.8530470679101,307.92652353395505,1000615.853047068,333538.617682356,722.4,21.5,53159.293761288805,1582.1218381335955,33.6,0.34614197013639275,77.85142173149022,26.2,13,0.37502935863696507,0.7797619047619048,77.85142173149022,100.0,2.6,0.8666666666666667,0.6065401936006521,0.0,3,100.0,1.0,0.0,100.0,1.0,0.0,33.554265194470645,0.6,1.8196205808019563
127,random,1,1,189.47775506559,157.898129221325,1302879.522659287,434293.1742197624,606.6,18.72222222222222,53195.493479835604,1641.8362185134445,32.4,0.7311525915273507,76.42823440896716,24.0,13,1.0447650791084728,0.7407407407407407,76.42823440896716,100.0,2.6,0.8666666666666667,1.3374410671610162,0.0,3,100.0,1.0,0.0,100.0,1.0,0.0,29.284703226901456,0.6,4.012323201483048
128,random,1,1,25.826806988139577,25.826806988139577,4154211.9859888293,1384737.328662943,690.0,22.115384615384617,52576.08543732519,1685.1309435040125,31.2,1.215644278105878,75.91197118419359,24.2,14,1.7397081856433867,0.7756410256410257,75.91197118419359,100.0,2.8,0.9333333333333332,1.8092642651445299,0.0,3,100.0,1.0,0.0,100.0,1.0,0.0,27.73591355258077,0.8,5.427792795433589
129,random,1,1,32.07224707965789,32.07224707965789,2000032.0722470793,666677.3574156931,812.8,25.559748427672957,49620.35718717509,1560.3885907916695,31.8,1.020400513547276,87.66271610779086,25.6,15,1.5033205554706774,0.8050314465408805,87.66271610779086,100.0,3.0,1.0,1.9947455783414714,0.0,3,100.0,1.0,0.0,100.0,1.0,0.0,62.98814832337257,1.0,5.984236735024414
130,random,1,1,82.8617954795154,82.8617954795154,2000082.86179548,666694.28726516,949.6,28.951219512195124,49974.0411009403,1523.598814053058,32.8,0.3908293319393763,100.0,28.6,15,0.5719351822816111,0.8719512195121951,100.0,100.0,3.0,1.0,0.0,0.0,3,100.0,1.0,0.0,100.0,1.0,0.0,100.0,1.0,0.0
131,random,1,1,133.2171856579342,133.2171856579342,2000133.217185658,666711.0723952194,1098.2,32.49112426035503,52317.69133439036,1547.8606903665786,33.8,0.24257705927654197,100.0,30.8,15,0.3543939825760829,0.9112426035502958,100.0,100.0,3.0,1.0,0.0,0.0,3,100.0,1.0,0.0,100.0,1.0,0.0,100.0,1.0,0.0
132,random,0,1,476.53118327419895,297.8319895463743,1001090.3575736501,333696.78585788334,1113.8,32.758823529411764,52873.747273324596,1555.1102139213115,34.0,0.20647825831885186,86.66666666666667,29.8,14,0.20667059989018333,0.8764705882352941,86.66666666666667,100.0,2.8,0.9333333333333332,0.0,0.0,3,60.0,0.8,0.0,100.0,1.0,0.0,100.0,1.0,0.0
133,random,0,0,642.3469716701113,321.17348583505566,1000642.3469716702,333547.4489905567,1067.6,31.964071856287426,53000.45671146604,1586.8400213013786,33.4,0.36086763943660916,77.55284328418004,26.8,13,0.42967491908865485,0.8023952095808383,77.55284328418004,100.0,2.6,0.8666666666666667,0.623727591374007,0.0,3,32.65852985254014,0.6,1.871182774122021,100.0,1.0,0.0,100.0,1.0,0.0
134,random,0,0,154.71622405161008,128.93018670967507,1060067.0627822229,353355.6875940743,1034.6,32.130434782608695,53487.02201210505,1661.0876401274859,32.2,0.8335958132336803,73.91935912428455,24.2,14,1.1858031121492298,0.7515527950310559,73.91935912428455,100.0,2.8,0.9333333333333332,1.3720683808531027,0.0,3,21.758077372853677,0.8,4.116205142559308,100.0,1.0,0.0,100.0,1.0,0.0
135,random,0,0,22.990861833667612,22.990861833667612,3093710.282371275,1031236.760790425,1126.0,36.32258064516129,52644.560588819164,1698.2116318973922,31.0,1.360076426015961,75.44708260424765,24.2,13,1.9394847099945094,0.7806451612903226,75.44708260424765,100.0,2.6,0.8666666666666667,1.8732646972269453,0.0,3,26.34124781274295,0.6,5.619794091680836,100.0,1.0,0.0,100.0,1.0,0.0
136,random,0,0,17.466009769712628,17.466009769712628,2000017.4660097696,666672.4886699232,1246.0,42.0945945945946,50793.372834175236,1715.9923254788932,29.6,1.7830419380209583,71.49732329561554,24.2,13,2.5338881223495786,0.8175675675675675,71.49732329561554,100.0,2.6,0.8666666666666667,2.443177905939494,0.0,3,14.491969886846618,0.6,7.329533717818482,100.0,1.0,0.0,100.0,1.0,0.0
137,random,0,0,28.988660577004346,28.988660577004346,2000028.988660577,666676.3295535257,1368.0,45.90604026845637,45817.88450595066,1537.5129028842503,29.8,1.1775513508887496,85.25325728959842,25.0,15,1.803968521267837,0.8389261744966443,85.25325728959842,100.0,3.0,1.0,2.298988657750947,0.0,3,55.75977186879527,1.0,6.896965973252842,100.0,1.0,0.0,100.0,1.0,0.0
138,random,0,0,56.292842507445606,56.292842507445606,2000056.2928425074,666685.4309475025,1499.2,48.675324675324674,48448.87730139079,1573.0154967984024,30.8,0.5653811382903128,100.0,27.6,15,0.8149871304876536,0.8961038961038961,100.0,100.0,3.0,1.0,0.0,0.0,3,100.0,1.0,0.0,100.0,1.0,0.0,100.0,1.0,0.0
139,random,2,0,282.5115006808968,176.5696879255605,1000879.2644404352,333626.4214801451,1316.6,42.47096774193548,49327.87307690924,1591.2217121583628,31.0,0.5460757166728704,86.66666666666667,25.8,14,0.643407495937092,0.832258064516129,86.66666666666667,100.0,2.8,0.9333333333333332,0.0,0.0,3,100.0,1.0,0.0,60.0,0.8,0.0,100.0,1.0,0.0
140,random,2,2,238.5645775715399,119.28228878576995,1000238.5645775715,333412.85485919047,1019.0,33.30065359477124,49561.817306983736,1619.6672322543704,30.6,0.5814117816445147,76.42691897716304,23.0,13,0.4620949857277966,0.7516339869281046,76.42691897716304,100.0,2.6,0.8666666666666667,0.6238766728977309,0.0,3,100.0,1.0,0.0,29.280756931489123,0.6,1.8716300186931925,100.0,1.0,0.0
141,random,2,2,173.72727878063188,86.86363939031594,1000173.7272787808,333391.24242626026,752.2,24.90728476821192,51288.758077376115,1698.3032475952357,30.2,0.9899079776472374,71.21646746034988,20.2,14,0.9863703083847157,0.6688741721854304,71.21646746034988,100.0,2.8,0.9333333333333332,1.343869081697039,0.0,3,100.0,1.0,0.0,13.64940238104964,0.8,4.0316072450911165,100.0,1.0,0.0
142,random,2,2,281.68226124372427,140.84113062186213,1000281.6822612438,333427.2274204146,804.2,26.281045751633986,49918.74876653051,1631.3316590369448,30.6,1.2009090072257245,79.09860849216557,21.4,14,1.416518335956947,0.6993464052287581,79.09860849216557,100.0,2.8,0.9333333333333332,1.8651869533516094,0.0,3,100.0,1.0,0.0,37.2958254764967,0.8,5.595560860054828,100.0,1.0,0.0
143,random,2,2,519.858801168725,259.9294005843625,1000519.8588011687,333506.61960038956,917.2,28.134969325153374,49955.55019767666,1532.3788404195295,32.6,0.7452995325151537,100.0,24.6,15,0.9678230042020455,0.754601226993865,100.0,100.0,3.0,1.0,0.0,0.0,3,100.0,1.0,0.0,100.0,1.0,0.0,100.0,1.0,0.0
144,random,2,2,117.06471111516564,117.06471111516564,3943225.7869192185,1314408.5956397394,1056.2,31.24852071005917,51790.7512087027,1532.2707458196064,33.8,0.27426694981576244,100.0,30.2,15,0.39311279188665377,0.893491124260355,100.0,100.0,3.0,1.0,0.0,0.0,3,100.0,1.0,0.0,100.0,1.0,0.0,100.0,1.0,0.0
145,random,0,2,536.5396349297305,335.3372718310815,1001405.5796335225,333801.85987784085,1097.4,32.27647058823529,52637.69954978216,1548.1676338171224,34.0,0.18440198552777304,86.66666666666667,29.6,14,0.18172367686793928,0.8705882352941177,86.66666666666667,100.0,2.8,0.9333333333333332,0.0,0.0,3,60.0,0.8,0.0,100.0,1.0,0.0,100.0,1.0,0.0
146,random,0,0,614.9492938722698,307.4746469361349,1000614.9492938721,333538.3164312907,1107.4,32.76331360946745,54277.56924635882,1605.8452439751131,33.8,0.4014817308747027,76.55668202782181,27.2,13,0.472866419480448,0.8047337278106509,76.55668202782181,100.0,2.6,0.8666666666666667,0.6348347967878384,0.0,3,29.670046083465422,0.6,1.904504390363515,100.0,1.0,0.0,100.0,1.0,0.0
147,random,0,0,40.622235625911955,40.622235625911955,1511672.6101498243,503890.8700499414,1147.8,35.64596273291925,52190.47368400276,1620.8221640994645,32.2,0.7926303331282547,77.67544969995167,24.2,14,1.1387882861793934,0.7515527950310559,77.67544969995167,100.0,2.8,0.9333333333333332,1.2887794787583422,0.0,3,33.026349099855,0.8,3.8663384362750266,100.0,1.0,0.0,100.0,1.0,0.0
148,random,0,0,29.317024422175574,29.317024422175574,2397546.60120386,799182.2004012866,1258.6,39.33125,52171.49785715785,1630.3593080361827,32.0,1.0584352658168141,77.4567293558539,24.6,14,1.5004435267527543,0.76875,77.4567293558539,100.0,2.8,0.9333333333333332,1.8783939556109963,0.0,3,32.370188067561685,0.8,5.635181866832989,100.0,1.0,0.0,100.0,1.0,0.0
149,random,0,0,60.2051853020608,60.2051853020608,2000060.205185302,666686.7350617674,1387.4,42.298780487804876,49504.534951711496,1509.284602186326,32.8,0.5769687660056813,100.0,27.0,15,0.8792590227429493,0.823170731707317,100.0,100.0,3.0,1.0,0.0,0.0,3,100.0,1.0,0.0,100.0,1.0,0.0,100.0,1.0,0.0
150,random,2,0,453.02328204369303,283.1395512773081,1001809.7892920723,333936.5964306908,1425.2,43.18787878787879,51484.414804602944,1560.133781957665,33.0,0.2874804932801899,93.33333333333333,27.4,15,0.3266646624508347,0.8303030303030303,93.33333333333333,100.0,3.0,1.0,0.0,0.0,3,100.0,1.0,0.0,80.0,1.0,0.0,100.0,1.0,0.0
151,random,2,2,335.83448192385055,167.91724096192527,1000335.8344819241,333445.2781606414,1414.2,43.11585365853659,52661.5124295434,1605.5339155348597,32.8,0.421515464098969,73.3788116156855,25.6,13,0.35360580614932857,0.7804878048780488,73.3788116156855,100.0,2.6,0.8666666666666667,0.6111565836790271,0.0,3,100.0,1.0,0.0,20.136434847056535,0.6,1.8334697510370814,100.0,1.0,0.0
152,random,2,2,564.4259750507937,282.21298752539684,1000564.4259750508,333521.47532501695,1398.6,43.43478260869565,52187.56154442206,1620.7317249820517,32.2,0.6829896998662809,76.36168446825802,22.6,13,0.8621994008556596,0.7018633540372671,76.36168446825802,100.0,2.6,0.8666666666666667,1.3685915494170322,0.0,3,100.0,1.0,0.0,29.085053404774044,0.6,4.105774648251097,100.0,1.0,0.0
153,random,2,2,39.15670856847284,39.15670856847284,1260665.9364643798,420221.9788214599,1499.6,46.0,51454.501059863855,1578.3589282166827,32.6,0.7961907287319767,77.37719683134249,24.6,13,1.11944550498055,0.754601226993865,77.37719683134249,100.0,2.6,0.8666666666666667,1.5787105194001352,0.0,3,100.0,1.0,0.0,32.13159049402748,0.6,4.736131558200405,100.0,1.0,0.0
154,random,2,2,63.150446704842786,63.150446704842786,2000063.1504467048,666687.7168155683,1631.2,48.54761904761905,50654.54969998824,1507.5758839282214,33.6,0.528011914091876,100.0,27.8,15,0.7851888053116713,0.8273809523809523,100.0,100.0,3.0,1.0,0.0,0.0,3,100.0,1.0,0.0,100.0,1.0,0.0,100.0,1.0,0.0
155,random,2,2,216.9412404986518,216.9412404986518,2000216.9412404983,666738.9804134994,1779.4,51.42774566473989,52645.568749847866,1521.5482297643894,34.6,0.15696237837768878,100.0,31.0,15,0.23935002831716473,0.8959537572254336,100.0,100.0,3.0,1.0,0.0,0.0,3,100.0,1.0,0.0,100.0,1.0,0.0,100.0,1.0,0.0
156,random,1,2,479.0731577148159,342.19511265344,1001391.3679878588,333797.12266261963,1535.8,44.132183908045974,53665.13191184083,1542.101491719564,34.8,0.15826896277323954,86.66666666666667,31.0,14,0.16611236201917987,0.8908045977011494,86.66666666666667,100.0,2.8,0.9333333333333332,0.0,0.0,3,100.0,1.0,0.0,100.0,1.0,0.0,60.0,0.8,0.0
157,random,1,1,432.4548874844554,308.89634820318247,1047895.6389460383,349298.5463153461,1133.6,33.53846153846154,53700.026429585625,1588.758178390107,33.8,0.32634684294063465,77.62819343665039,28.4,13,0.46716739490552894,0.8402366863905325,77.62819343665039,100.0,2.6,0.8666666666666667,0.6722080123942464,0.0,3,100.0,1.0,0.0,100.0,1.0,0.0,32.88458030995116,0.6,2.0166240371827393
158,random,1,1,42.794621243891285,42.794621243891285,3050716.8931219494,1016905.6310406498,741.6,23.175,53050.30743664171,1657.8221073950535,32.0,0.758304934362825,72.82799327196851,24.6,14,1.109621516911357,0.76875,72.82799327196851,100.0,2.8,0.9333333333333332,1.3838031591025697,0.0,3,100.0,1.0,0.0,100.0,1.0,0.0,18.483979815905514,0.8,4.151409477307709
159,random,1,1,30.20766007336574,30.20766007336574,2000030.207660073,666676.735886691,790.2,24.849056603773583,50855.79469186369,1599.2388267881663,31.8,1.030022447643943,80.17836415096781,24.4,14,1.4630100365015528,0.7672955974842768,80.17836415096781,100.0,2.8,0.9333333333333332,1.7931198429390474,0.0,3,100.0,1.0,0.0,100.0,1.0,0.0,40.53509245290343,0.8,5.379359528817142
160,random,1,1,50.00936876328874,50.00936876328874,2000050.0093687635,666683.3364562545,918.8,28.01219512195122,50713.78873485254,1546.1520955747726,32.8,0.6731448369708897,100.0,27.2,15,1.0055617158065953,0.8292682926829268,100.0,100.0,3.0,1.0,0.0,0.0,3,100.0,1.0,0.0,100.0,1.0,0.0,100.0,1.0,0.0
161,random,1,1,136.5661542310325,136.5661542310325,2000136.5661542309,666712.1887180769,1063.0,31.449704142011836,51776.09237208711,1531.8370524286127,33.8,0.2382465321083414,100.0,30.4,15,0.34985146449896287,0.8994082840236687,100.0,100.0,3.0,1.0,0.0,0.0,3,100.0,1.0,0.0,100.0,1.0,0.0,100.0,1.0,0.0
162,random,2,1,500.8302373058458,313.0188983161536,1001459.1323244039,333819.71077480126,1089.2,32.03529411764706,52926.9142020525,1556.6739471191913,34.0,0.21217418684290743,86.66666666666667,29.6,14,0.22572119958475717,0.8705882352941177,86.66666666666667,100.0,2.8,0.9333333333333332,0.0,0.0,3,100.0,1.0,0.0,60.0,0.8,0.0,100.0,1.0,0.0
163,random,2,2,607.4597858602507,303.72989293012535,1000607.4597858604,333535.8199286201,1059.8,31.355029585798817,54154.97197695296,1602.2181058270107,33.8,0.3761655452788916,74.21107996177246,27.2,13,0.43407801710592736,0.8047337278106509,74.21107996177246,100.0,2.6,0.8666666666666667,0.5783713371189368,0.0,3,100.0,1.0,0.0,22.63323988531738,0.6,1.7351140113568104,100.0,1.0,0.0
164,random,2,2,42.04760206927999,42.04760206927999,1166312.151929706,388770.717309902,1027.2,31.900621118012424,53122.93569684919,1649.780611703391,32.2,0.7713951381429263,76.81841055709356,24.4,15,1.1211248996402294,0.7577639751552795,76.81841055709356,100.0,3.0,1.0,1.2605740489134627,0.0,3,100.0,1.0,0.0,30.45523167128067,1.0,3.781722146740388,100.0,1.0,0.0
165,random,2,2,27.71255095149264,27.71255095149264,4938879.955191337,1646293.3183971122,1126.6,35.42767295597484,51469.683499112645,1618.543506261404,31.8,1.117755787382738,73.34845984379551,24.6,13,1.5823000682111705,0.7735849056603774,73.34845984379551,100.0,2.6,0.8666666666666667,1.6687935312148063,0.0,3,100.0,1.0,0.0,20.045379531386516,0.6,5.006380593644419,100.0,1.0,0.0
166,random,2,2,56.75116184413646,56.75116184413646,2000056.7511618442,666685.5837206148,1255.8,38.28658536585366,49264.74419690898,1501.973908442347,32.8,0.6026211229109805,100.0,27.2,15,0.914617722308574,0.8292682926829268,100.0,100.0,3.0,1.0,0.0,0.0,3,100.0,1.0,0.0,100.0,1.0,0.0,100.0,1.0,0.0
167,random,2,2,168.5051392904948,168.5051392904948,2000168.5051392906,666722.8350464302,1400.0,41.42011834319526,51424.571401267676,1521.4370237061441,33.8,0.2073413251259506,100.0,30.4,15,0.31959030068588007,0.8994082840236687,100.0,100.0,3.0,1.0,0.0,0.0,3,100.0,1.0,0.0,100.0,1.0,0.0,100.0,1.0,0.0
168,random,1,2,515.303430921173,322.0646443257331,1001285.2784107656,333761.7594702552,1428.6,42.26627218934911,52736.8297064503,1560.2612339186478,33.8,0.21553772115958453,86.66666666666667,29.6,14,0.2269641427341701,0.8757396449704142,86.66666666666667,100.0,2.8,0.9333333333333332,0.0,0.0,3,100.0,1.0,0.0,100.0,1.0,0.0,60.0,0.8,0.0
169,random,1,1,570.4648332287895,285.23241661439477,1000570.4648332288,333523.48827774293,1403.0,41.75595238095238,53410.29383011124,1589.5920782771202,33.6,0.4034650606789189,77.38990692469618,26.6,13,0.44473002275953044,0.7916666666666666,77.38990692469618,100.0,2.6,0.8666666666666667,0.6990713087183601,0.0,3,100.0,1.0,0.0,100.0,1.0,0.0,32.169720774088546,0.6,2.09721392615508
170,random,1,1,158.98838013154838,132.4903167762903,1024335.2838810917,341445.0946270306,1380.2,42.86335403726708,53140.07384302483,1650.312852267852,32.2,0.7693564026053856,73.94597022609257,24.0,14,1.085616695206437,0.7453416149068323,73.94597022609257,100.0,2.8,0.9333333333333332,1.370800240559544,0.0,3,100.0,1.0,0.0,100.0,1.0,0.0,21.837910678277694,0.8,4.1124007216786325
171,random,1,1,28.79085289424222,28.79085289424222,3615452.5915065967,1205150.8638355322,1481.2,46.87341772151899,51124.17764816065,1617.8537230430586,31.6,1.0891431916878345,79.06960648057975,24.4,14,1.5557822377675259,0.7721518987341772,79.06960648057975,100.0,2.8,0.9333333333333332,1.8983551392503173,0.0,3,100.0,1.0,0.0,100.0,1.0,0.0,37.20881944173925,0.8,5.695065417750952
172,random,1,1,54.133630909421456,54.133630909421456,4016805.0602234057,1338935.0200744686,1608.8,49.34969325153374,49888.37771972885,1530.3183349610078,32.6,0.6307327692723014,100.0,26.8,15,0.9431010191226807,0.8220858895705522,100.0,100.0,3.0,1.0,0.0,0.0,3,100.0,1.0,0.0,100.0,1.0,0.0,100.0,1.0,0.0
173,random,1,1,123.35642095125168,123.35642095125168,2000123.3564209517,666707.7854736506,1752.8,52.166666666666664,51583.82773383786,1535.232968268984,33.6,0.2577629013178256,100.0,30.6,15,0.37070490773433157,0.9107142857142857,100.0,100.0,3.0,1.0,0.0,0.0,3,100.0,1.0,0.0,100.0,1.0,0.0,100.0,1.0,0.0
174,random,0,1,699.6524108810866,318.0238231277666,2207.9054936969687,735.9684978989895,1398.0,42.36363636363637,52536.33617864586,1592.010187231693,33.0,0.30461745221160647,73.33333333333333,26.6,13,0.22261373822415603,0.806060606060606,73.33333333333333,100.0,2.6,0.8666666666666667,0.0,0.0,3,60.0,0.8,0.0,60.0,0.8,0.0,100.0,1.0,0.0
175,random,0,0,686.4587782988617,228.81959276628723,686.4587782988617,228.81959276628723,811.2,25.8343949044586,51456.53171930689,1638.7430483855699,31.4,0.6436129956946924,53.739278894237636,19.4,11,0.36830418591750014,0.6178343949044586,53.739278894237636,100.0,2.2,0.7333333333333334,1.290324114698237,0.0,3,26.158493964885565,0.6,1.8369784122148636,35.05934271782735,0.6,2.0339939318798477,100.0,1.0,0.0
176,random,0,0,412.3434365400052,171.80976522500217,3468.585679557342,1156.195226519114,262.0,8.618421052631579,50984.60246314411,1677.1250810244774,30.4,1.1261771031221104,76.75813524865059,14.0,13,0.8762464069322659,0.4605263157894737,76.75813524865059,100.0,2.6,0.8666666666666667,2.4926363428006577,0.0,3,35.55946636889985,0.6,4.078965685365819,94.7149393770519,1.0,3.3989433430361533,100.0,1.0,0.0
177,random,0,0,193.6896069530352,96.8448034765176,595447.9161979432,198482.63873264773,254.6,8.0062893081761,48819.807766508566,1535.2140807078165,31.8,1.0562215604047365,84.4960707682723,18.8,14,1.0635695252430235,0.5911949685534591,84.4960707682723,100.0,2.8,0.9333333333333332,1.5876568677415654,0.0,3,53.4882123048169,0.8,4.762970603224696,100.0,1.0,0.0,100.0,1.0,0.0
178,random,0,0,431.22727930992653,239.57071072773695,1000836.093833432,333612.03127781063,365.4,10.875,49791.93557424676,1481.9028444716298,33.6,0.46322618678323224,100.0,25.0,15,0.6018219803207843,0.7440476190476191,100.0,100.0,3.0,1.0,0.0,0.0,3,100.0,1.0,0.0,100.0,1.0,0.0,100.0,1.0,0.0
179,random,2,0,667.2116412278203,370.67313401545573,1001020.0009523525,333673.33365078416,458.4,13.562130177514794,52882.47975535852,1564.57040696327,33.8,0.24208636634861,86.66666666666667,28.4,14,0.25668580533020874,0.8402366863905325,86.66666666666667,100.0,2.8,0.9333333333333332,0.0,0.0,3,100.0,1.0,0.0,60.0,0.8,0.0,100.0,1.0,0.0
180,random,2,2,566.9857518254555,283.49287591272775,1000566.9857518254,333522.3285839418,542.4,16.142857142857142,52906.38574130575,1574.5948137293376,33.6,0.33374682017028434,73.70934960735667,26.6,13,0.34374351467453457,0.7916666666666666,73.70934960735667,100.0,2.6,0.8666666666666667,0.5873706616210651,0.0,3,100.0,1.0,0.0,21.128048822070014,0.6,1.7621119848631954,100.0,1.0,0.0
181,random,2,2,188.0095150228147,156.6745958523456,1346994.3606456786,448998.1202152262,622.0,19.19753086419753,52802.79473211345,1629.715886793625,32.4,0.6340720498397059,72.15867284117621,24.4,13,0.9093207780981639,0.7530864197530864,72.15867284117621,100.0,2.6,0.8666666666666667,1.328263254724829,0.0,3,100.0,1.0,0.0,16.476018523528637,0.6,3.984789764174487,100.0,1.0,0.0
182,random,2,2,38.58852491555167,38.58852491555167,3661114.544819069,1220371.5149396898,735.6,22.56441717791411,51882.77549445173,1591.4961808114026,32.6,0.8122864987588566,82.67684247527313,25.4,14,1.1599041949247337,0.7791411042944786,82.67684247527313,100.0,2.8,0.9333333333333332,1.7727426744877886,0.0,3,100.0,1.0,0.0,48.0305274258194,0.8,5.318228023463366,100.0,1.0,0.0
183,random,2,2,67.13541670287395,67.13541670287395,2000067.1354167028,666689.045138901,868.8,25.857142857142858,50670.30869834651,1508.0449017365033,33.6,0.4940801269336117,100.0,28.0,15,0.7327368358027632,0.8333333333333334,100.0,100.0,3.0,1.0,0.0,0.0,3,100.0,1.0,0.0,100.0,1.0,0.0,100.0,1.0,0.0
184,random,2,2,179.1413249809234,179.1413249809234,2000179.1413249809,666726.3804416603,1019.4,29.46242774566474,53038.928760187024,1532.9170161903764,34.6,0.18503172944353252,100.0,31.8,15,0.27537722672462395,0.9190751445086706,100.0,100.0,3.0,1.0,0.0,0.0,3,100.0,1.0,0.0,100.0,1.0,0.0,100.0,1.0,0.0
185,random,1,2,1025.1671534961308,465.9850697709685,2692.6684283379436,897.5561427793145,860.4,25.305882352941175,52915.779588432306,1556.3464584833032,34.0,0.19685780314517307,80.0,27.6,14,0.13536044716499376,0.8117647058823529,80.0,100.0,2.8,0.9333333333333332,0.0,0.0,3,60.0,0.8,0.0,100.0,1.0,0.0,80.0,1.0,0.0
186,random,1,1,431.95752046192183,196.34432748269174,97359.75242470198,32453.250808233992,566.6,17.169696969696968,52685.35597734731,1596.525938707494,33.0,0.4624337468273669,63.21080923426962,22.6,11,0.33634249479846273,0.6848484848484848,63.21080923426962,100.0,2.2,0.7333333333333334,1.4016769597183156,0.0,3,70.73500774909917,0.8,1.8867852609218907,100.0,1.0,0.0,18.897419953709687,0.4,2.3182456182330564
187,random,1,1,229.2051623394238,114.6025811697119,1121036.3406029542,373678.78020098474,302.2,9.624203821656051,51113.50070190105,1627.8184936911161,31.4,0.8143469291045302,79.42432735846069,17.2,13,0.8524197105171455,0.5477707006369427,79.42432735846069,100.0,2.6,0.8666666666666667,1.5559594030994977,0.0,3,100.0,1.0,0.0,100.0,1.0,0.0,38.27298207538206,0.6,4.667878209298493
188,random,1,1,424.4338886770541,212.21694433852704,1000424.4338886772,333474.8112962257,308.2,10.071895424836601,50454.12219100517,1648.8275225818684,30.6,1.1907025152724775,66.7252712575267,20.2,12,1.5108852084477808,0.6601307189542484,66.7252712575267,100.0,2.4,0.7999999999999999,1.7291857761180403,0.0,3,100.0,1.0,0.0,100.0,1.0,0.0,0.17581377258011344,0.4,5.187557328354121
189,random,1,1,29.217911050949986,29.217911050949986,1007712.1436447778,335904.0478815926,419.2,13.35031847133758,49211.30890105429,1567.2391369762513,31.4,1.1419049994616701,84.20713428223887,23.8,15,1.6686496344555775,0.7579617834394905,84.20713428223887,100.0,3.0,1.0,2.0414435424443345,0.0,3,100.0,1.0,0.0,100.0,1.0,0.0,52.62140284671659,1.0,6.124330627333003
190,random,1,1,63.40430846499637,63.40430846499637,1255342.7365412286,418447.5788470762,548.0,16.91358024691358,49615.42574212943,1531.3403006830072,32.4,0.5352840965512597,100.0,27.4,15,0.8056487267523458,0.845679012345679,100.0,100.0,3.0,1.0,0.0,0.0,3,100.0,1.0,0.0,100.0,1.0,0.0,100.0,1.0,0.0
191,random,1,1,122.94747809737282,122.94747809737282,7128630.649517347,2376210.216505782,693.6,20.766467065868262,51173.91282522901,1532.1530785996708,33.4,0.26043254155172785,100.0,30.4,15,0.37633996225028404,0.9101796407185628,100.0,100.0,3.0,1.0,0.0,0.0,3,100.0,1.0,0.0,100.0,1.0,0.0,100.0,1.0,0.0
192,random,0,1,720.6269834387833,327.5577197449015,2170.111089507554,723.3703631691847,611.6,18.646341463414632,52399.45889301155,1597.5444784454742,32.8,0.3005503564174846,80.0,26.2,14,0.22549626340289683,0.7987804878048781,80.0,100.0,2.8,0.9333333333333332,0.0,0.0,3,60.0,0.8,0.0,80.0,1.0,0.0,100.0,1.0,0.0
193,random,0,0,650.8090359136554,216.9363453045518,650.8090359136554,216.9363453045518,422.0,13.105590062111801,51729.65646146491,1606.5110702318295,32.2,0.5584416454027051,61.6950989974157,20.0,11,0.2832647485690674,0.6211180124223602,61.6950989974157,100.0,2.2,0.7333333333333334,1.376842442405943,0.0,3,29.721760522606928,0.6,2.1103521293575875,55.36353646964017,0.6,2.0201751978602416,100.0,1.0,0.0
194,random,0,0,458.87833152668526,191.19930480278552,35858.35880076517,11952.786266921723,258.4,8.282051282051283,51165.88905980754,1639.932341660498,31.2,0.9308376359086468,73.33547984257014,17.4,13,0.9474962254606931,0.5576923076923077,73.33547984257014,100.0,2.6,0.8666666666666667,1.3751686737541087,0.0,3,20.006439527710427,0.6,4.125506021262326,100.0,1.0,0.0,100.0,1.0,0.0
195,random,0,0,424.20851706444466,212.10425853222233,2666445.959274472,888815.3197581574,273.8,8.664556962025317,48595.86963654696,1537.8439758400937,31.6,1.2317829682475256,70.79796257669689,20.0,14,1.5480327289013887,0.6329113924050633,70.79796257669689,100.0,2.8,0.9333333333333332,1.5975535439586865,0.0,3,12.393887730090682,0.8,4.79266063187606,100.0,1.0,0.0,100.0,1.0,0.0
196,random,0,0,240.57981658813537,200.48318049011283,1003524.3087713268,334508.1029237756,385.2,11.74390243902439,49160.67610857675,1498.8011008712424,32.8,0.660447059267723,100.0,24.8,15,0.9624347282953623,0.7560975609756098,100.0,100.0,3.0,1.0,0.0,0.0,3,100.0,1.0,0.0,100.0,1.0,0.0,100.0,1.0,0.0
197,random,2,0,417.8535858653684,261.15849116585525,1001059.7545425461,333686.5848475154,465.6,14.195121951219512,50751.190463050756,1547.2923921661816,32.8,0.2693122107159942,86.66666666666667,27.0,14,0.29682959957121086,0.823170731707317,86.66666666666667,100.0,2.8,0.9333333333333332,0.0,0.0,3,100.0,1.0,0.0,60.0,0.8,0.0,100.0,1.0,0.0
198,random,2,2,312.74179578206997,156.37089789103499,1000312.741795782,333437.580598594,533.4,16.36196319018405,52666.06293946543,1615.523403051087,32.6,0.47782204611319384,76.20923916502004,25.6,13,0.42058375274207993,0.7852760736196319,76.20923916502004,100.0,2.6,0.8666666666666667,0.6672366158448976,0.0,3,100.0,1.0,0.0,28.627717495060097,0.6,2.0017098475346926,100.0,1.0,0.0
199,random,2,2,480.46700535411156,240.23350267705578,1000480.4670053541,333493.4890017847,589.6,18.540880503144653,52255.76737144025,1643.2631248880582,31.8,0.8048948023589989,74.74630492665862,22.4,14,0.9930061816068458,0.7044025157232704,74.74630492665862,100.0,2.8,0.9333333333333332,1.3842347400586708,0.0,3,100.0,1.0,0.0,24.238914779975858,0.8,4.1527042201760125,100.0,1.0,0.0
200,random,2,2,150.1397482852277,125.11645690435643,1048981.633876751,349660.5446255836,696.8,21.91194968553459,51545.03278763364,1620.9129807431962,31.8,1.0422561622226278,68.04648275153492,24.2,13,1.4468626447049755,0.7610062893081762,68.04648275153492,100.0,2.6,0.8666666666666667,1.8558023829178898,0.0,3,100.0,1.0,0.0,4.139448254604758,0.6,5.567407148753669,100.0,1.0,0.0
201,random,2,2,44.484582270849465,44.484582270849465,4113445.9788976884,1371148.659632563,824.2,25.128048780487806,49919.452203054985,1521.9345183858227,32.8,0.7307986110781647,100.0,26.6,15,1.0722822343337428,0.8109756097560976,100.0,100.0,3.0,1.0,0.0,0.0,3,100.0,1.0,0.0,100.0,1.0,0.0,100.0,1.0,0.0
202,random,2,2,135.24398469496782,135.24398469496782,2000135.2439846948,666711.7479948982,965.2,28.556213017751478,51255.57746339531,1516.437203059033,33.8,0.24678798254504522,100.0,29.6,15,0.3697545441940098,0.8757396449704142,100.0,100.0,3.0,1.0,0.0,0.0,3,100.0,1.0,0.0,100.0,1.0,0.0,100.0,1.0,0.0
203,random,1,2,736.899281655976,334.95421893453454,2205.340274916699,735.113424972233,804.8,24.240963855421686,52179.06570074319,1571.658605444072,33.2,0.2718131160513743,73.33333333333333,26.6,13,0.1843293812053134,0.8012048192771084,73.33333333333333,100.0,2.6,0.8666666666666667,0.0,0.0,3,60.0,0.8,0.0,100.0,1.0,0.0,60.0,0.8,0.0
204,random,1,1,781.4482442934225,260.4827480978075,781.4482442934225,260.4827480978075,433.2,13.5375,53003.35264164597,1656.3547700514366,32.0,0.6244849063077661,56.15473246266598,18.4,11,0.3613494246649188,0.575,56.15473246266598,100.0,2.2,0.7333333333333334,1.4188453881019079,0.0,3,32.31957034370225,0.6,2.1342573364057267,100.0,1.0,0.0,36.1446270442957,0.6,2.122278827899997
205,random,1,1,132.62551988562709,66.31275994281354,331017.73821646336,110339.24607215445,210.2,6.9144736842105265,51502.72112306477,1694.1684579955518,30.4,1.0477097249570835,72.06803269276558,14.6,13,0.8684992703448617,0.48026315789473684,72.06803269276558,100.0,2.6,0.8666666666666667,2.608488245897991,0.0,3,96.25699127259395,1.0,3.887908222492651,100.0,1.0,0.0,19.947106805702788,0.6,3.937556515201323
206,random,1,1,148.05495237947235,74.02747618973618,4872219.374748814,1624073.1249162713,252.6,7.993670886075949,49514.77873028984,1566.9233775408177,31.6,1.1332293198189902,84.0353132237836,18.2,14,1.069755137788095,0.5759493670886076,84.0353132237836,100.0,2.8,0.9333333333333332,1.6266528242782874,0.0,3,100.0,1.0,0.0,100.0,1.0,0.0,52.105939671350825,0.8,4.879958472834862
207,random,1,1,551.2345114753915,275.61725573769576,2591424.1492832312,863808.049761077,361.4,10.755952380952381,48470.31530843983,1442.5689079892807,33.6,0.5077736824609926,100.0,24.8,15,0.6224232441471427,0.7380952380952381,100.0,100.0,3.0,1.0,0.0,0.0,3,100.0,1.0,0.0,100.0,1.0,0.0,100.0,1.0,0.0
208,random,1,1,395.63918056369636,329.69931713641364,1020076.5221385211,340025.507379507,503.8,14.477011494252874,52318.465366558536,1503.4041771999578,34.8,0.16677744736908603,100.0,31.4,15,0.23376492122120224,0.9022988505747126,100.0,100.0,3.0,1.0,0.0,0.0,3,100.0,1.0,0.0,100.0,1.0,0.0,100.0,1.0,0.0
209,random,0,1,618.6507302913795,441.8933787795568,1001656.3755055346,333885.45850184484,605.8,17.30857142857143,54226.95986472899,1549.3417104208283,35.0,0.12856040396214158,86.66666666666667,31.0,14,0.13675338792557248,0.8857142857142857,86.66666666666667,100.0,2.8,0.9333333333333332,0.0,0.0,3,60.0,0.8,0.0,100.0,1.0,0.0,100.0,1.0,0.0
210,random,0,0,250.9183526598099,209.09862721650825,1064131.4999892947,354710.4999964316,672.6,19.899408284023668,53896.1906893227,1594.5618547136894,33.8,0.3079631390531264,75.22622637486772,27.8,13,0.45715387595701357,0.8224852071005917,75.22622637486772,100.0,2.6,0.8666666666666667,0.5632508891683584,0.0,3,25.67867912460315,0.6,1.6897526675050751,100.0,1.0,0.0,100.0,1.0,0.0
211,random,0,0,43.3008211513997,43.3008211513997,4105504.047351339,1368501.349117113,741.4,23.024844720496894,52512.116163182676,1630.811060968406,32.2,0.7373581566231622,72.08941576823538,24.6,14,1.066526817889615,0.7639751552795031,72.08941576823538,100.0,2.8,0.9333333333333332,1.3300137087686161,0.0,3,16.268247304706165,0.8,3.990041126305848,100.0,1.0,0.0,100.0,1.0,0.0
212,random,0,0,30.177993218715677,30.177993218715677,2000030.1779932186,666676.7259977396,852.8,26.81761006289308,51463.68378255858,1618.3548359295153,31.8,1.0298365906999927,76.13656933921145,24.8,13,1.461310315316037,0.779874213836478,76.13656933921145,100.0,2.6,0.8666666666666667,1.6042241524275551,0.0,3,28.40970801763433,0.6,4.812672457282665,100.0,1.0,0.0,100.0,1.0,0.0
213,random,0,0,46.919259213026905,46.919259213026905,2000046.919259213,666682.3064197376,983.6,29.98780487804878,51170.61226801748,1560.0796423176062,32.8,0.6856213964255508,100.0,27.4,15,0.9950717259992952,0.8353658536585366,100.0,100.0,3.0,1.0,0.0,0.0,3,100.0,1.0,0.0,100.0,1.0,0.0,100.0,1.0,0.0
214,random,2,0,453.49855056550075,283.4365941034379,1001406.7779529181,333802.25931763934,925.0,28.201219512195124,50015.86063701357,1524.8737999089503,32.8,0.27555269695296336,86.66666666666667,27.2,14,0.3238880177548622,0.8292682926829268,86.66666666666667,100.0,2.8,0.9333333333333332,0.0,0.0,3,100.0,1.0,0.0,60.0,0.8,0.0,100.0,1.0,0.0
215,random,2,2,326.1916157881417,163.09580789407084,1000326.1916157883,333442.0638719294,790.2,24.23926380368098,52897.180825535346,1622.612908758753,32.6,0.45564021419210904,76.63908893681158,25.4,13,0.399759830460014,0.7791411042944786,76.63908893681158,100.0,2.6,0.8666666666666667,0.6028698836724683,0.0,3,100.0,1.0,0.0,29.91726681043474,0.6,1.808609651017405,100.0,1.0,0.0
216,random,2,2,295.96038758001475,164.42243754445263,1000498.9973424394,333499.66578081314,679.0,21.352201257861637,52510.51947439949,1651.27419730816,31.8,0.8586068986595857,71.78720804082029,23.0,14,1.0693628609737276,0.7232704402515723,71.78720804082029,100.0,2.8,0.9333333333333332,1.3946928273584227,0.0,3,100.0,1.0,0.0,15.361624122460853,0.8,4.184078482075268,100.0,1.0,0.0
217,random,2,2,158.245518694696,131.87126557891332,1030436.1497012436,343478.7165670812,737.2,23.628205128205128,51672.46359908663,1656.1687050989303,31.2,1.2804803576251274,70.54254293642468,23.8,14,1.7925782855077492,0.7628205128205128,70.54254293642468,100.0,2.8,0.9333333333333332,1.9305205776011196,0.0,3,100.0,1.0,0.0,11.627628809274029,0.8,5.791561732803359,100.0,1.0,0.0
218,random,2,2,33.21897003771814,33.21897003771814,4543083.343056741,1514361.114352247,860.6,27.062893081761008,49376.68346023208,1552.7258949758516,31.8,0.9712622314806946,88.79633443234827,25.6,14,1.4167840452545493,0.8050314465408805,88.79633443234827,100.0,2.8,0.9333333333333332,1.9777795454633933,0.0,3,100.0,1.0,0.0,66.38900329704484,0.8,5.93333863639018,100.0,1.0,0.0
219,random,2,2,85.79914646579036,85.79914646579036,3931928.010026583,1310642.670008861,996.4,30.378048780487806,49560.73634145251,1510.9980591906253,32.8,0.3812484022647541,100.0,28.8,15,0.562464275273032,0.8780487804878049,100.0,100.0,3.0,1.0,0.0,0.0,3,100.0,1.0,0.0,100.0,1.0,0.0,100.0,1.0,0.0
220,random,0,2,400.90451875136785,250.5653242196049,1001465.7630711518,333821.92102371727,1032.6,31.29090909090909,51420.307943042724,1558.1911497891733,33.0,0.28838578136907017,86.66666666666667,28.6,14,0.31713372679627866,0.8666666666666667,86.66666666666667,100.0,2.8,0.9333333333333332,0.0,0.0,3,60.0,0.8,0.0,100.0,1.0,0.0,100.0,1.0,0.0
221,random,0,0,364.7932524998827,182.39662624994136,1000364.7932525,333454.9310841667,1009.8,30.975460122699385,52411.435266101435,1607.7127382239705,32.6,0.4348256573694221,74.91406652226335,25.4,13,0.4072098551284002,0.7791411042944786,74.91406652226335,100.0,2.6,0.8666666666666667,0.62345756980939,0.0,3,24.742199566790077,0.6,1.8703727094281701,100.0,1.0,0.0,100.0,1.0,0.0
222,random,0,0,528.4536774447357,264.22683872236786,1000528.4536774445,333509.48455914814,1017.4,31.9937106918239,52027.29914105254,1636.078589341275,31.8,0.8112272860895554,80.68180237372871,22.4,14,1.0299366423003185,0.7044025157232704,80.68180237372871,100.0,2.8,0.9333333333333332,1.2887759245718582,0.0,3,42.045407121186145,0.8,3.866327773715575,100.0,1.0,0.0,100.0,1.0,0.0
223,random,0,0,368.8499725889747,263.4642661349819,1034323.9270046642,344774.64233488805,1115.8,35.31012658227848,52980.06266813448,1676.5842616498253,31.6,1.2832712064126681,71.86513343548238,23.8,14,1.8142777505345284,0.7531645569620253,71.86513343548238,100.0,2.8,0.9333333333333332,1.7687434131919832,0.0,3,15.595400306447118,0.8,5.3062302395759495,100.0,1.0,0.0,100.0,1.0,0.0
224,random,0,0,19.718184909663968,19.718184909663968,3021570.8598725814,1007190.2866241938,1235.0,41.166666666666664,48642.89580072909,1621.4298600243033,30.0,1.5730122925814578,74.55704281867686,24.2,14,2.229040886977628,0.8066666666666666,74.55704281867686,100.0,2.8,0.9333333333333332,2.0870873612717955,0.0,3,23.6711284560306,0.8,6.261262083815386,100.0,1.0,0.0,100.0,1.0,0.0
225,random,0,0,24.428007618646895,24.428007618646895,6554381.088044168,2184793.696014723,1355.6,45.48993288590604,45072.115746401985,1512.4871055839592,29.8,1.3363288829309092,79.25793769046474,24.6,14,1.962422881445006,0.825503355704698,79.25793769046474,100.0,2.8,0.9333333333333332,1.961899279833701,0.0,3,37.773813071394216,0.8,5.885697839501103,100.0,1.0,0.0,100.0,1.0,0.0
226,random,0,0,53.6483165987018,53.6483165987018,2000053.6483165987,666684.5494388662,1485.2,48.22077922077922,47576.96716623245,1544.7067261763782,30.8,0.5888547819036277,100.0,27.2,15,0.8453039748063854,0.8831168831168831,100.0,100.0,3.0,1.0,0.0,0.0,3,100.0,1.0,0.0,100.0,1.0,0.0,100.0,1.0,0.0
227,random,2,0,229.59861596266447,163.9990114019032,1001911.2661065732,333970.4220355244,1497.0,48.29032258064516,48679.22817955151,1570.297683211339,31.0,0.47905918848511425,93.33333333333333,26.0,15,0.600757883806253,0.8387096774193549,93.33333333333333,100.0,3.0,1.0,0.0,0.0,3,100.0,1.0,0.0,80.0,1.0,0.0,100.0,1.0,0.0
228,random,2,2,241.73058237229262,120.86529118614631,1000241.730582372,333413.91019412404,1442.8,46.541935483870965,50292.85356216015,1622.350114908392,31.0,0.5748082268523791,77.74725519486917,23.4,13,0.4609223438109548,0.7548387096774194,77.74725519486917,100.0,2.6,0.8666666666666667,0.6539608721620223,0.0,3,100.0,1.0,0.0,33.24176558460749,0.6,1.9618826164860668,100.0,1.0,0.0
229,random,2,2,192.50104452576903,96.25052226288452,1000192.5010445258,333397.50034817524,1392.8,46.11920529801324,50718.33597659054,1679.4150985626006,30.2,0.8965764879116581,75.38963480797823,20.0,13,0.8850759032728605,0.6622516556291391,75.38963480797823,100.0,2.6,0.8666666666666667,1.503091602114316,0.0,3,100.0,1.0,0.0,26.16890442393469,0.6,4.5092748063429475,100.0,1.0,0.0
230,random,2,2,250.3804662756135,125.19023313780674,1000250.3804662756,333416.79348875856,1477.2,47.044585987261144,51050.33803974998,1625.8069439410822,31.4,1.0049283801858926,82.848112735284,22.0,14,1.1117104458345237,0.7006369426751592,82.848112735284,100.0,2.8,0.9333333333333332,1.832985262705269,0.0,3,100.0,1.0,0.0,48.544338205852,0.8,5.498955788115807,100.0,1.0,0.0
231,random,2,2,566.5553837732417,283.27769188662086,1000566.5553837732,333522.1851279244,1597.2,48.10843373493976,49255.22410733693,1483.5910875703894,33.2,0.4989105257636247,100.0,26.2,15,0.6231768793966099,0.7891566265060241,100.0,100.0,3.0,1.0,0.0,0.0,3,100.0,1.0,0.0,100.0,1.0,0.0,100.0,1.0,0.0
232,random,2,2,316.0330171178268,263.36084759818897,1019028.1810854038,339676.06036180124,1741.2,50.323699421965316,52642.62532383906,1521.4631596485276,34.6,0.18598848810540336,100.0,30.8,15,0.24913261824705338,0.8901734104046243,100.0,100.0,3.0,1.0,0.0,0.0,3,100.0,1.0,0.0,100.0,1.0,0.0,100.0,1.0,0.0
233,random,0,2,684.5649296667019,427.85308104168865,1001687.3853509784,333895.7951169928,1789.8,51.43103448275862,53287.402015386615,1531.24718435019,34.8,0.14256420099552639,86.66666666666667,30.8,14,0.1456063278856192,0.8850574712643678,86.66666666666667,100.0,2.8,0.9333333333333332,0.0,0.0,3,60.0,0.8,0.0,100.0,1.0,0.0,100.0,1.0,0.0
234,random,0,0,228.2096939619299,190.17474496827492,1035961.4199771077,345320.47332570254,1813.2,53.32941176470588,54293.3331645906,1596.8627401350175,34.0,0.3335374973159304,76.19332043560159,28.4,13,0.4714411918559447,0.8352941176470589,76.19332043560159,100.0,2.6,0.8666666666666667,0.6850485087387495,0.0,3,28.579961306804762,0.6,2.0551455262162484,100.0,1.0,0.0,100.0,1.0,0.0
235,random,0,0,42.12754980957352,42.12754980957352,3305038.402943717,1101679.4676479057,1855.6,57.9875,53148.373119315525,1660.8866599786102,32.0,0.7683688304745527,74.01991533831279,24.6,14,1.1229342228141197,0.76875,74.01991533831279,100.0,2.8,0.9333333333333332,1.4579037057339665,0.0,3,22.059746014938355,0.8,4.3737111172019,100.0,1.0,0.0,100.0,1.0,0.0
236,random,0,0,28.598214953558482,28.598214953558482,3627670.0760999187,1209223.358699973,1967.6,61.874213836477985,51542.17355142593,1620.8230676549033,31.8,1.0838304726474495,75.37645505394114,24.6,13,1.5351268377661833,0.7735849056603774,75.37645505394114,100.0,2.6,0.8666666666666667,1.678809759816471,0.0,3,26.129365161823443,0.6,5.036429279449413,100.0,1.0,0.0,100.0,1.0,0.0
237,random,0,0,53.915590841466994,53.915590841466994,5717859.521996426,1905953.1739988087,2095.8,63.896341463414636,49067.362504058794,1495.9561739042315,32.8,0.6214960489334392,100.0,27.0,15,0.9301406205054762,0.823170731707317,100.0,100.0,3.0,1.0,0.0,0.0,3,100.0,1.0,0.0,100.0,1.0,0.0,100.0,1.0,0.0
238,random,2,0,377.78983524086686,236.11864702554178,1200836.7329643914,400278.91098813043,2119.6,64.6219512195122,51242.25765440104,1562.2639528780803,32.8,0.30359728368462147,86.66666666666667,27.2,14,0.33529538976864603,0.8292682926829268,86.66666666666667,100.0,2.8,0.9333333333333332,0.0,0.0,3,100.0,1.0,0.0,60.0,0.8,0.0,100.0,1.0,0.0
239,random,2,2,324.05977067104175,162.02988533552087,1000324.059770671,333441.3532568903,2091.0,63.75,52610.8780214902,1603.9901835820183,32.8,0.4495592672079145,77.15493447932204,25.2,13,0.39220681503705485,0.7682926829268293,77.15493447932204,100.0,2.6,0.8666666666666667,0.5699694701433778,0.0,3,100.0,1.0,0.0,31.46480343796611,0.6,1.7099084104301334,100.0,1.0,0.0
240,random,2,2,513.9485936910463,256.97429684552316,1000513.948593691,333504.64953123033,2077.8,64.527950310559,53302.43670014214,1655.3551770230479,32.2,0.8567535574744334,77.55015221167771,22.8,15,1.117083072800864,0.7080745341614907,77.55015221167771,100.0,3.0,1.0,1.3064907570109183,0.0,3,100.0,1.0,0.0,32.65045663503315,1.0,3.919472271032755,100.0,1.0,0.0
241,random,2,2,24.715160687805056,24.715160687805056,1122852.8931915746,374284.29773052485,2176.0,70.19354838709677,51987.13691942165,1677.0044167555372,31.0,1.2636998167368396,72.08721232821365,24.0,14,1.7963735809286416,0.7741935483870968,72.08721232821365,100.0,2.8,0.9333333333333332,1.7987209274590967,0.0,3,100.0,1.0,0.0,16.261636984640973,0.8,5.39616278237729,100.0,1.0,0.0
242,random,2,2,24.631044136472685,24.631044136472685,4265333.344098106,1421777.7813660353,2297.4,74.5909090909091,49192.7004076188,1597.165597649961,30.8,1.2898111331156132,80.6400945621984,25.0,13,1.860989108359704,0.8116883116883117,80.6400945621984,100.0,2.6,0.8666666666666667,2.0918174611964213,0.0,3,100.0,1.0,0.0,41.92028368659521,0.6,6.275452383589264,100.0,1.0,0.0
243,random,2,2,52.42139046655584,52.42139046655584,3756362.5815320844,1252120.8605106948,2428.6,76.37106918238993,47956.22744648672,1508.0574668706515,31.8,0.6288899586339276,100.0,27.4,15,0.9409638212457201,0.8616352201257862,100.0,100.0,3.0,1.0,0.0,0.0,3,100.0,1.0,0.0,100.0,1.0,0.0,100.0,1.0,0.0
244,random,2,2,108.19033161379157,108.19033161379157,3874773.4404923236,1291591.1468307746,2572.2,78.42073170731707,50191.664389563055,1530.2336704135078,32.8,0.29698480901412105,100.0,29.8,15,0.4307592243133501,0.9085365853658537,100.0,100.0,3.0,1.0,0.0,0.0,3,100.0,1.0,0.0,100.0,1.0,0.0,100.0,1.0,0.0
245,random,1,2,417.6965591367434,261.06034946046464,1001302.8266377959,333767.6088792653,2141.2,64.88484848484849,51807.89606622738,1569.9362444311328,33.0,0.2992165481131675,86.66666666666667,28.4,14,0.3305192960339355,0.8606060606060606,86.66666666666667,100.0,2.8,0.9333333333333332,0.0,0.0,3,100.0,1.0,0.0,100.0,1.0,0.0,60.0,0.8,0.0
246,random,1,1,331.33905663633294,165.66952831816647,1000331.3390566362,333443.7796855454,1433.8,43.71341463414634,52519.87551998442,1601.215717072696,32.8,0.4481975590168929,74.66355483678551,25.2,13,0.39800368674481934,0.7682926829268293,74.66355483678551,100.0,2.6,0.8666666666666667,0.5758259036212173,0.0,3,100.0,1.0,0.0,100.0,1.0,0.0,23.99066451035651,0.6,1.7274777108636519
247,random,1,1,413.48310565252416,229.71283647362452,1000641.100826612,333547.03360887064,873.0,27.111801242236027,53283.601080109,1654.7702198791617,32.2,0.8377238411627277,74.28882673336527,23.0,15,1.1005256963254215,0.7142857142857143,74.28882673336527,100.0,3.0,1.0,1.2485452170379474,0.0,3,100.0,1.0,0.0,100.0,1.0,0.0,22.866480200095793,1.0,3.745635651113842
248,random,1,1,193.12743361394934,160.93952801162445,1650537.3930477356,550179.1310159118,803.2,25.257861635220127,51384.46338443838,1615.8636284414586,31.8,1.1222869253734535,74.72711444417352,24.2,13,1.5724160991388831,0.7610062893081762,74.72711444417352,100.0,2.6,0.8666666666666667,1.492284948173501,0.0,3,100.0,1.0,0.0,100.0,1.0,0.0,24.181343332520555,0.6,4.476854844520503
249,random,1,1,55.3070932648108,55.3070932648108,4244139.954330598,1414713.3181101994,930.4,28.365853658536587,49597.0969309066,1512.1066137471523,32.8,0.6147966784532263,100.0,26.8,15,0.9275720433110333,0.8170731707317073,100.0,100.0,3.0,1.0,0.0,0.0,3,100.0,1.0,0.0,100.0,1.0,0.0,100.0,1.0,0.0
250,random,1,1,125.45346703881901,125.45346703881901,2000125.4534670387,666708.4844890129,1073.4,31.757396449704142,52017.66395420751,1538.9841406570272,33.8,0.2584924143729236,100.0,30.0,15,0.3785663812630534,0.8875739644970414,100.0,100.0,3.0,1.0,0.0,0.0,3,100.0,1.0,0.0,100.0,1.0,0.0,100.0,1.0,0.0
251,random,2,1,462.1967638022772,288.87297737642325,1001096.6526521478,333698.8842173826,1098.6,32.311764705882354,52777.59794551322,1552.2822925150945,34.0,0.2106447806907639,86.66666666666667,29.6,14,0.20902719114408375,0.8705882352941177,86.66666666666667,100.0,2.8,0.9333333333333332,0.0,0.0,3,100.0,1.0,0.0,60.0,0.8,0.0,100.0,1.0,0.0
252,random,2,2,642.6855108279312,321.3427554139656,1000642.6855108278,333547.5618369426,1063.0,31.82634730538922,53558.70050864927,1603.553907444589,33.4,0.3941525906686157,78.02577798269947,26.6,13,0.46098594416435074,0.7964071856287425,78.02577798269947,100.0,2.6,0.8666666666666667,0.7489932685672627,0.0,3,100.0,1.0,0.0,34.077333948098385,0.6,2.246979805701788,100.0,1.0,0.0
253,random,2,2,40.65761905319788,40.65761905319788,1195212.8249502706,398404.27498342353,1077.8,33.68125,52921.01183294538,1653.7816197795432,32.0,0.8026944841737939,77.30873116277962,24.2,14,1.1625402555099629,0.75625,77.30873116277962,100.0,2.8,0.9333333333333332,1.438802825850561,0.0,3,100.0,1.0,0.0,31.926193488338868,0.8,4.316408477551683,100.0,1.0,0.0
254,random,2,2,24.52457451103566,24.52457451103566,3052303.0062652812,1017434.3354217605,1182.0,38.37662337662338,51859.949796890905,1683.7646037951592,30.8,1.2795509933688913,72.71850151886156,24.2,13,1.828302180691137,0.7857142857142857,72.71850151886156,100.0,2.6,0.8666666666666667,1.8676599351401661,0.0,3,100.0,1.0,0.0,18.155504556584674,0.6,5.602979805420499,100.0,1.0,0.0
255,random,2,2,18.838204727187748,18.838204727187748,2000018.8382047273,666672.9460682424,1302.0,43.4,49827.40303834731,1660.913434611577,30.0,1.644866011900856,72.97738160299407,24.2,14,2.3291849490139835,0.8066666666666666,72.97738160299407,100.0,2.8,0.9333333333333332,2.2473223968445954,0.0,3,100.0,1.0,0.0,18.93214480898223,0.8,6.741967190533787,100.0,1.0,0.0
256,random,2,2,27.20175311726416,27.20175311726416,2000027.2017531176,666675.7339177058,1422.8,47.74496644295302,46056.29738600147,1545.5133351007205,29.8,1.2497262346894986,78.18076774509639,24.8,14,1.8918210868482312,0.8322147651006712,78.18076774509639,100.0,2.8,0.9333333333333332,2.0268267718046147,0.0,3,100.0,1.0,0.0,34.54230323528918,0.8,6.080480315413844,100.0,1.0,0.0
257,random,0,2,353.6608780542336,221.038048783896,1001158.4296411893,333719.4765470631,1245.8,41.526666666666664,48322.3125261696,1610.7437508723199,30.0,0.7280943235131028,93.33333333333333,24.6,15,0.9429378512596397,0.82,93.33333333333333,100.0,3.0,1.0,0.0,0.0,3,80.0,1.0,0.0,100.0,1.0,0.0,100.0,1.0,0.0
258,random,0,0,198.51326914985523,99.25663457492762,1000198.5132691499,333399.50442305,963.2,32.10666666666667,48435.28183271443,1614.5093944238142,30.0,0.7300543041018837,79.71194931356725,21.8,13,0.6098166136298343,0.7266666666666667,79.71194931356725,100.0,2.6,0.8666666666666667,0.7483924323097925,0.0,3,39.13584794070175,0.6,2.2451772969293775,100.0,1.0,0.0,100.0,1.0,0.0
259,random,0,0,151.19160363227766,75.59580181613883,1000151.1916036323,333383.7305345441,700.6,23.829931972789115,49463.356229673824,1682.427082641967,29.4,1.0410522327440634,76.93632498807801,19.4,13,0.9704568778303115,0.6598639455782312,76.93632498807801,100.0,2.6,0.8666666666666667,1.3466642765895875,0.0,3,30.80897496423404,0.6,4.039992829768763,100.0,1.0,0.0,100.0,1.0,0.0
260,random,0,0,160.9970621383645,80.49853106918225,1000160.9970621385,333386.99902071286,683.6,23.410958904109588,50623.68586741879,1733.6878721718765,29.2,1.4945445935282076,70.78231941024417,19.8,14,1.6692781783879094,0.678082191780822,70.78231941024417,100.0,2.8,0.9333333333333332,1.805025844216613,0.0,3,12.346958230732525,0.8,5.415077532649839,100.0,1.0,0.0,100.0,1.0,0.0
261,random,0,0,225.8880406051638,112.9440203025819,1000225.8880406052,333408.62934686843,783.6,27.208333333333332,49326.65571086843,1712.7311010718204,28.8,1.8050286285113089,68.71832566616224,20.8,15,2.233312318950816,0.7222222222222222,68.71832566616224,100.0,3.0,1.0,2.1937838058102006,0.0,3,6.154976998486745,1.0,6.581351417430602,100.0,1.0,0.0,100.0,1.0,0.0
262,random,0,0,579.101834560433,289.5509172802165,1000579.1018345604,333526.3672781868,890.8,30.094594594594593,46200.59173727683,1560.8308019350281,29.6,1.3368524711862437,83.08307544408763,22.8,13,1.8968863951069515,0.7702702702702703,83.08307544408763,100.0,2.6,0.8666666666666667,1.901074450496207,0.0,3,49.24922633226288,0.6,5.703223351488621,100.0,1.0,0.0,100.0,1.0,0.0
263,random,0,0,52.04839233611781,52.04839233611781,1273367.827629222,424455.942543074,1014.8,33.16339869281046,47159.630469830896,1541.1643944389182,30.6,0.6185012029566651,100.0,26.8,15,0.8810155698482509,0.8758169934640523,100.0,100.0,3.0,1.0,0.0,0.0,3,100.0,1.0,0.0,100.0,1.0,0.0,100.0,1.0,0.0
264,random,2,0,294.9533736135999,184.34585850849993,1000942.5489867534,333647.5163289178,1039.0,33.73376623376623,48567.35693879266,1576.8622382724889,30.8,0.5021696570815685,86.66666666666667,25.8,14,0.5838524248125958,0.8376623376623377,86.66666666666667,100.0,2.8,0.9333333333333332,0.0,0.0,3,100.0,1.0,0.0,60.0,0.8,0.0,100.0,1.0,0.0
265,random,2,2,215.9313594474699,107.96567972373495,1000215.9313594475,333405.3104531492,1023.2,33.88079470198676,49256.7545894208,1631.018363888106,30.2,0.6180307737830479,76.03336439469938,22.6,13,0.4731340827254858,0.7483443708609272,76.03336439469938,100.0,2.6,0.8666666666666667,0.599363085352575,0.0,3,100.0,1.0,0.0,28.100093184098114,0.6,1.798089256057725,100.0,1.0,0.0
266,random,2,2,173.0690266116897,86.53451330584485,1000173.0690266117,333391.0230088706,1046.0,34.86666666666667,50891.14582176368,1696.3715273921227,30.0,1.0614349948394834,75.96636879566024,19.6,15,1.0883904904835477,0.6533333333333333,75.96636879566024,100.0,3.0,1.0,1.2637005276472182,0.0,3,100.0,1.0,0.0,27.899106386980748,1.0,3.7911015829416543,100.0,1.0,0.0
267,random,2,2,250.20637991530694,125.10318995765347,1000250.2063799152,333416.73545997177,1135.2,38.09395973154363,50720.71846645812,1702.0375324314805,29.8,1.45125487481996,71.38801837798535,20.6,14,1.758077605857967,0.6912751677852349,71.38801837798535,100.0,2.8,0.9333333333333332,1.8751574640162583,0.0,3,100.0,1.0,0.0,14.164055133956026,0.8,5.625472392048775,100.0,1.0,0.0
268,random,2,2,377.99595600457553,188.99797800228777,1000377.9959560046,333459.33198533487,1243.4,39.59872611464968,47946.345251205785,1526.9536704205664,31.4,0.9996432309715821,91.53061049982625,23.4,14,1.268462586242487,0.7452229299363057,91.53061049982625,100.0,2.8,0.9333333333333332,1.473683840719575,0.0,3,100.0,1.0,0.0,74.59183149947876,0.8,4.4210515221587245,100.0,1.0,0.0
269,random,2,2,373.0700212025012,266.4785865732152,1020824.057801387,340274.6859337957,1373.4,41.61818181818182,50115.0253732123,1518.6371325215848,33.0,0.36581945303696445,100.0,28.2,15,0.4845069970100031,0.8545454545454545,100.0,100.0,3.0,1.0,0.0,0.0,3,100.0,1.0,0.0,100.0,1.0,0.0,100.0,1.0,0.0
270,random,0,2,467.7129623290424,292.32060145565146,1001746.7360273916,333915.5786757972,1411.2,42.763636363636365,51815.46709518281,1570.1656695509942,33.0,0.27358619334458467,93.33333333333333,28.6,15,0.31220066620711523,0.8666666666666667,93.33333333333333,100.0,3.0,1.0,0.0,0.0,3,80.0,1.0,0.0,100.0,1.0,0.0,100.0,1.0,0.0
271,random,0,0,405.536730614956,202.768365307478,1000405.5367306148,333468.5122435383,1424.6,43.43292682926829,52518.65444276443,1601.1784891086718,32.8,0.3955261507978732,79.98432732352892,25.8,13,0.36858021955487863,0.7865853658536586,79.98432732352892,100.0,2.6,0.8666666666666667,0.7336526301011168,0.0,3,39.952981970586734,0.6,2.2009578903033504,100.0,1.0,0.0,100.0,1.0,0.0
272,random,0,0,655.5236058649332,327.7618029324666,1000655.5236058648,333551.8412019549,1468.6,45.89375,52551.29023087236,1642.2278197147612,32.0,0.7511127984296954,76.63796844372125,23.4,13,0.9798477146026189,0.73125,76.63796844372125,100.0,2.6,0.8666666666666667,1.2864257887424204,0.0,3,29.913905331163733,0.6,3.8592773662272615,100.0,1.0,0.0,100.0,1.0,0.0
273,random,0,0,157.05978836318923,130.88315696932438,1027359.5647025459,342453.18823418196,1564.8,47.707317073170735,50992.237262295515,1554.641379948034,32.8,0.8244934960222032,84.90888955547992,24.6,14,1.1452537520659425,0.75,84.90888955547992,100.0,2.8,0.9333333333333332,1.4075815915194738,0.0,3,54.726668666439764,0.8,4.2227447745584215,100.0,1.0,0.0,100.0,1.0,0.0
274,random,0,0,88.73124933496533,88.73124933496533,7235432.894644193,2411810.964881398,1694.8,50.44047619047619,50820.78565820528,1512.5233826846809,33.6,0.4104023105434432,100.0,27.2,15,0.6417892964538019,0.8095238095238095,100.0,100.0,3.0,1.0,0.0,0.0,3,100.0,1.0,0.0,100.0,1.0,0.0,100.0,1.0,0.0
275,random,0,0,230.56310299780085,230.56310299780085,2805172.1954232366,935057.3984744122,1841.6,53.225433526011564,52881.045867621804,1528.3539268098789,34.6,0.150514163991657,100.0,31.2,15,0.23302464631850708,0.9017341040462428,100.0,100.0,3.0,1.0,0.0,0.0,3,100.0,1.0,0.0,100.0,1.0,0.0,100.0,1.0,0.0
276,random,1,0,701.2780263286036,438.29876645537723,1001766.4173061934,333922.1391020645,1591.8,46.005780346820806,53533.44688622332,1547.2094475787087,34.6,0.14277365746204068,93.33333333333333,30.8,15,0.1524712249775108,0.8901734104046243,93.33333333333333,100.0,3.0,1.0,0.0,0.0,3,100.0,1.0,0.0,100.0,1.0,0.0,80.0,1.0,0.0
277,random,1,1,447.89485830267694,319.9248987876264,1005446.2291345808,335148.74304486025,1148.4,33.77647058823529,53724.82702931818,1580.1419714505346,34.0,0.27799485619338277,78.97548425592656,27.6,13,0.3688566959225478,0.8117647058823529,78.97548425592656,100.0,2.6,0.8666666666666667,0.6500189367942418,0.0,3,100.0,1.0,0.0,100.0,1.0,0.0,36.926452767779665,0.6,1.9500568103827254
278,random,1,1,48.834707525935755,48.834707525935755,3404341.744396602,1134780.581465534,838.0,25.70552147239264,53734.92590059972,1648.3106104478443,32.6,0.6777299556775849,76.28547909274555,25.2,13,1.0016529878117049,0.7730061349693251,76.28547909274555,100.0,2.6,0.8666666666666667,1.2279054415052055,0.0,3,100.0,1.0,0.0,100.0,1.0,0.0,28.856437278236626,0.6,3.6837163245156166
279,random,1,1,37.95913882266878,37.95913882266878,5558324.640922356,1852774.880307452,807.4,24.766871165644172,50979.913747483006,1563.8010351988653,32.6,0.8357892118453084,86.65870017710706,25.0,14,1.2050536798110694,0.7668711656441718,86.65870017710706,100.0,2.8,0.9333333333333332,1.0924010564963413,0.0,3,100.0,1.0,0.0,100.0,1.0,0.0,59.97610053132121,0.8,3.277203169489024
280,random,1,1,91.82744233316271,91.82744233316271,2000091.827442333,666697.275814111,940.8,28.0,50640.635936357474,1507.161783820163,33.6,0.41236693905126504,100.0,28.2,15,0.6505579890517521,0.8392857142857143,100.0,100.0,3.0,1.0,0.0,0.0,3,100.0,1.0,0.0,100.0,1.0,0.0,100.0,1.0,0.0
281,random,1,1,187.81864112974267,187.81864112974267,2000187.8186411303,666729.2728803768,1091.2,31.53757225433526,53116.82838673798,1535.1684504837565,34.6,0.179394215641591,100.0,32.0,15,0.2682279018706125,0.9248554913294798,100.0,100.0,3.0,1.0,0.0,0.0,3,100.0,1.0,0.0,100.0,1.0,0.0,100.0,1.0,0.0
282,random,0,1,631.8449153634381,394.90307210214877,1001363.5827268229,333787.86090894096,1124.8,32.50867052023121,53526.35010025848,1547.0043381577595,34.6,0.15111219715848292,86.66666666666667,30.8,14,0.14999035815298273,0.8901734104046243,86.66666666666667,100.0,2.8,0.9333333333333332,0.0,0.0,3,60.0,0.8,0.0,100.0,1.0,0.0,100.0,1.0,0.0
283,random,0,0,377.4887818579127,269.63484418422337,1009961.4348829748,336653.81162765826,1086.4,31.95294117647059,54003.890077394724,1588.3497081586684,34.0,0.3205141626433233,76.28126658654462,27.6,13,0.4421751310216192,0.8117647058823529,76.28126658654462,100.0,2.6,0.8666666666666667,0.5359415153207993,0.0,3,28.84379975963384,0.6,1.6078245459623979,100.0,1.0,0.0,100.0,1.0,0.0
284,random,0,0,42.40803037977572,42.40803037977572,4213689.89904684,1404563.29968228,1090.0,33.850931677018636,53492.96866677272,1661.2723188438733,32.2,0.7568351590223023,77.27749475352691,25.0,14,1.0982901494729684,0.7763975155279503,77.27749475352691,100.0,2.8,0.9333333333333332,1.3417239382796937,0.0,3,31.832484260580713,0.8,4.025171814839081,100.0,1.0,0.0,100.0,1.0,0.0
285,random,0,0,27.387042407980033,27.387042407980033,6297893.738190231,2099297.912730077,1176.6,37.0,52189.60141875896,1641.1824345521686,31.8,1.1313742015966468,73.74521834229351,24.6,14,1.601959473555934,0.7735849056603774,73.74521834229351,100.0,2.8,0.9333333333333332,1.5940479540092813,0.0,3,21.235655026880522,0.8,4.782143862027844,100.0,1.0,0.0,100.0,1.0,0.0
286,random,0,0,54.54168092385745,54.54168092385745,2000054.541680924,666684.8472269747,1305.0,39.78658536585366,49370.23670498807,1505.1901434447584,32.8,0.6095666576977185,100.0,27.2,15,0.913094453661869,0.8292682926829268,100.0,100.0,3.0,1.0,0.0,0.0,3,100.0,1.0,0.0,100.0,1.0,0.0,100.0,1.0,0.0
287,random,2,0,396.34139914055424,247.7133744628464,1001286.0000726873,333762.0000242291,1163.0,35.24242424242424,51294.08890574521,1554.3663304771276,33.0,0.31769871135102695,86.66666666666667,27.4,14,0.3579888300951544,0.8303030303030303,86.66666666666667,100.0,2.8,0.9333333333333332,0.0,0.0,3,100.0,1.0,0.0,60.0,0.8,0.0,100.0,1.0,0.0
288,random,2,2,345.584888071964,172.792444035982,1000345.584888072,333448.528296024,909.6,27.73170731707317,52386.59888001479,1597.1524048784997,32.8,0.42606725951228325,75.00194400192868,25.6,13,0.3743882344926591,0.7804878048780488,75.00194400192868,100.0,2.6,0.8666666666666667,0.6243850830926532,0.0,3,100.0,1.0,0.0,25.005832005786033,0.6,1.8731552492779595,100.0,1.0,0.0
289,random,2,2,561.347267452446,280.673633726223,1000561.3472674524,333520.4490891508,719.6,22.347826086956523,53233.74891193219,1653.2220158985153,32.2,0.7878001490412636,79.53032095769989,23.4,14,1.0249608565817394,0.7267080745341615,79.53032095769989,100.0,2.8,0.9333333333333332,1.3591206826419506,0.0,3,100.0,1.0,0.0,38.59096287309967,0.8,4.077362047925852,100.0,1.0,0.0
290,random,2,2,25.56931332930426,25.56931332930426,1278241.3961212952,426080.46537376504,738.0,23.653846153846153,51980.753202199674,1666.0497821217843,31.2,1.229998319897189,72.4197476987274,24.0,14,1.7505201301073443,0.7692307692307693,72.4197476987274,100.0,2.8,0.9333333333333332,2.020846095634904,0.0,3,100.0,1.0,0.0,17.259243096182217,0.8,6.062538286904712,100.0,1.0,0.0
291,random,2,2,22.13403258398153,22.13403258398153,6298813.676902927,2099604.5589676425,858.2,27.863636363636363,49692.612760797885,1613.3965182077236,30.8,1.4069088361888216,74.1502490536656,24.4,13,1.9991251282733788,0.7922077922077922,74.1502490536656,100.0,2.6,0.8666666666666667,2.071821807139811,0.0,3,100.0,1.0,0.0,22.450747160996798,0.6,6.215465421419433,100.0,1.0,0.0
292,random,2,2,53.805265378874516,53.805265378874516,6708303.2914529815,2236101.097150994,986.8,31.031446540880502,47707.018077473374,1500.220694260169,31.8,0.6424042574482338,100.0,27.2,15,0.9893556385128429,0.8553459119496856,100.0,100.0,3.0,1.0,0.0,0.0,3,100.0,1.0,0.0,100.0,1.0,0.0,100.0,1.0,0.0
293,random,2,2,100.40657597424061,100.40657597424061,7671884.967150478,2557294.989050159,1130.2,34.457317073170735,50589.09850781293,1542.3505642625892,32.8,0.318970389233482,100.0,29.8,15,0.46192051468384626,0.9085365853658537,100.0,100.0,3.0,1.0,0.0,0.0,3,100.0,1.0,0.0,100.0,1.0,0.0,100.0,1.0,0.0
294,random,1,2,657.344507804346,298.79295809288453,2114.3101361544404,704.7700453848134,931.2,29.1,51160.853302481766,1598.7766657025552,32.0,0.33251523970613717,73.33333333333333,25.6,13,0.260275588225389,0.8,73.33333333333333,100.0,2.6,0.8666666666666667,0.0,0.0,3,60.0,0.8,0.0,100.0,1.0,0.0,60.0,0.8,0.0
295,random,1,1,490.50651936832566,163.50217312277522,490.50651936832566,163.50217312277522,546.2,17.394904458598727,51115.740338800424,1627.8898197070198,31.4,0.6469180847375086,64.99377223827196,18.8,12,0.2585701415076452,0.5987261146496815,64.99377223827196,100.0,2.4,0.7999999999999999,1.2182109703436408,0.0,3,66.74758824931814,0.8,1.979658469095695,100.0,1.0,0.0,28.233728465497734,0.6,1.6749744419352275
296,random,1,1,696.7124329337778,232.2374776445926,696.7124329337778,232.2374776445926,226.0,7.337662337662338,50454.423365245195,1638.1306287417272,30.8,1.0044281964234032,70.61904103880352,15.4,14,0.9437252628722431,0.5,70.61904103880352,100.0,2.8,0.9333333333333332,1.2297832649936646,0.0,3,100.0,1.0,0.0,100.0,1.0,0.0,11.857123116410548,0.8,3.689349794980994
297,random,1,1,548.9286247267007,249.5130112394094,34422.574840871464,11474.191613623821,252.4,8.141935483870968,51186.23670695997,1651.1689260309668,31.0,1.4212655155446874,70.2581810667137,18.8,14,1.8104855341475052,0.6064516129032258,70.2581810667137,100.0,2.8,0.9333333333333332,1.7801053161269103,0.0,3,100.0,1.0,0.0,100.0,1.0,0.0,10.774543200141125,0.8,5.340315948380731
298,random,1,1,19.00798479752745,19.00798479752745,1733893.7741427138,577964.5913809045,357.8,11.926666666666666,47595.21206143473,1586.507068714491,30.0,1.6406134612167862,73.86622596645186,23.0,14,2.3010261200004507,0.7666666666666667,73.86622596645186,100.0,2.8,0.9333333333333332,2.05162666965138,0.0,3,100.0,1.0,0.0,100.0,1.0,0.0,21.598677899355607,0.8,6.154880008954139
299,random,1,1,19.184240404393435,19.184240404393435,1451512.85961148,483837.61987049336,477.0,16.5625,45334.068735449844,1574.0996088697862,28.8,1.6226376479581077,71.90093692984647,24.2,14,2.3030693911871363,0.8402777777777778,71.90093692984647,100.0,2.8,0.9333333333333332,2.0109414442672406,0.0,3,100.0,1.0,0.0,100.0,1.0,0.0,15.702810789539399,0.8,6.032824332801722
300,random,1,1,27.150837308598273,27.150837308598273,6169746.096737223,2056582.032245741,597.6,20.75,44923.64696049365,1559.8488527949185,28.8,1.2274395559105322,70.69251165851408,24.6,11,1.8482436910235878,0.8541666666666666,70.69251165851408,100.0,2.2,0.7333333333333334,2.759945088201811,0.0,3,100.0,1.0,0.0,100.0,1.0,0.0,12.077534975542221,0.2,8.279835264605433
301,random,1,1,40.81801732098067,40.81801732098067,6134638.657914295,2044879.5526380984,725.2,24.335570469798657,47086.332216304756,1580.0782622921058,29.8,0.7854802690525451,90.21735026278445,26.4,14,1.1446382247671976,0.8859060402684564,90.21735026278445,100.0,2.8,0.9333333333333332,1.739417228937613,0.0,3,100.0,1.0,0.0,100.0,1.0,0.0,70.65205078835334,0.8,5.218251686812839
302,random,1,1,50.37441261337989,50.37441261337989,2000050.374412613,666683.4581375377,859.6,27.90909090909091,48527.327990434904,1575.5625970920423,30.8,0.6348158711982008,100.0,27.6,15,0.9223700616012714,0.8961038961038961,100.0,100.0,3.0,1.0,0.0,0.0,3,100.0,1.0,0.0,100.0,1.0,0.0,100.0,1.0,0.0
303,random,2,1,338.64737799379714,211.6546112461232,1001121.8908168953,333707.2969389651,826.2,26.651612903225807,48692.79723150002,1570.7353945645168,31.0,0.48573078396755354,86.66666666666667,25.8,14,0.5869973814576727,0.832258064516129,86.66666666666667,100.0,2.8,0.9333333333333332,0.0,0.0,3,100.0,1.0,0.0,60.0,0.8,0.0,100.0,1.0,0.0
304,random,2,2,214.80762109227254,107.40381054613627,1000214.8076210923,333404.93587369745,711.2,23.241830065359476,50056.12900335761,1635.8212092600525,30.6,0.6091367625767384,75.45576684793559,22.6,13,0.4648841555734053,0.738562091503268,75.45576684793559,100.0,2.6,0.8666666666666667,0.6466588144726138,0.0,3,100.0,1.0,0.0,26.367300543806778,0.6,1.9399764434178413,100.0,1.0,0.0
305,random,2,2,161.5502614769504,80.7751307384752,1000161.550261477,333387.18342049234,660.6,22.16778523489933,50623.27494964115,1698.76761575977,29.8,1.0314955151024625,70.94961099411951,20.0,14,0.9926003391764389,0.6711409395973155,70.94961099411951,100.0,2.8,0.9333333333333332,1.39213219246297,0.0,3,100.0,1.0,0.0,12.848832982358545,0.8,4.17639657738891,100.0,1.0,0.0
306,random,2,2,219.2457639831614,109.6228819915807,1000219.2457639832,333406.41525466106,709.2,23.32894736842105,49802.6439594746,1638.2448670879803,30.4,1.2974595094823655,72.03386835055274,21.0,13,1.4848233280743501,0.6907894736842105,72.03386835055274,100.0,2.6,0.8666666666666667,1.6224584582623267,0.0,3,100.0,1.0,0.0,16.101605051658225,0.6,4.86737537478698,100.0,1.0,0.0
307,random,2,2,622.2723895720848,311.1361947860424,1000622.2723895719,333540.75746319065,822.8,25.395061728395063,48765.622770568945,1505.1118139064488,32.4,0.6765689948403473,100.0,24.6,15,0.8909841880928395,0.7592592592592593,100.0,100.0,3.0,1.0,0.0,0.0,3,100.0,1.0,0.0,100.0,1.0,0.0,100.0,1.0,0.0
308,random,2,2,270.4142038434955,225.3451698695796,1013759.8751900943,337919.9583966981,958.2,28.349112426035504,51440.48993542991,1521.9079862553228,33.8,0.26754101037155226,100.0,29.4,15,0.35794169150767774,0.8698224852071006,100.0,100.0,3.0,1.0,0.0,0.0,3,100.0,1.0,0.0,100.0,1.0,0.0,100.0,1.0,0.0
309,random,1,2,536.6535418641416,335.4084636650885,1001562.8682564606,333854.28941882023,990.8,29.141176470588235,52468.15066381033,1543.1809018767744,34.0,0.203173720040236,93.33333333333333,29.6,15,0.21803284712866558,0.8705882352941177,93.33333333333333,100.0,3.0,1.0,0.0,0.0,3,100.0,1.0,0.0,100.0,1.0,0.0,80.0,1.0,0.0
310,random,1,1,509.88293338087044,283.2682963227058,1000717.8955500938,333572.63185003126,1003.6,29.692307692307693,53266.081083525714,1575.919558684193,33.8,0.31778799325473617,79.38616060235897,27.2,13,0.3522633603550139,0.8047337278106509,79.38616060235897,100.0,2.6,0.8666666666666667,0.7343522917746865,0.0,3,100.0,1.0,0.0,100.0,1.0,0.0,38.158481807076896,0.6,2.2030568753240596
311,random,1,1,48.38757570901822,48.38757570901822,1074928.2856950876,358309.42856502923,1053.2,32.50617283950617,53280.93368900474,1644.4732620063191,32.4,0.693970870536149,75.72797103060263,24.4,13,1.022170396282035,0.7530864197530864,75.72797103060263,100.0,2.6,0.8666666666666667,1.3803957711854569,0.0,3,100.0,1.0,0.0,100.0,1.0,0.0,27.18391309180788,0.6,4.141187313556371
312,random,1,1,38.24148803495748,38.24148803495748,3547919.4367855713,1182639.812261857,1164.2,35.49390243902439,51668.55941298943,1575.2609577130925,32.8,0.8147411970249661,85.99910530247901,25.2,14,1.158797405546263,0.7682926829268293,85.99910530247901,100.0,2.8,0.9333333333333332,1.3506362589594578,0.0,3,100.0,1.0,0.0,100.0,1.0,0.0,57.99731590743704,0.8,4.051908776878373
313,random,1,1,72.60296566190377,72.60296566190377,2000072.6029656623,666690.8676552208,1298.0,38.40236686390533,51307.91276839642,1517.9855848637992,33.8,0.45686189350263756,100.0,28.4,15,0.6821537548861095,0.8402366863905325,100.0,100.0,3.0,1.0,0.0,0.0,3,100.0,1.0,0.0,100.0,1.0,0.0,100.0,1.0,0.0
314,random,1,1,204.02921562945238,204.02921562945238,2000204.0292156294,666734.6764052098,1450.8,41.689655172413794,52749.52418731157,1515.7909249227462,34.8,0.16323223271417237,100.0,32.2,15,0.24607326258183315,0.9252873563218391,100.0,100.0,3.0,1.0,0.0,0.0,3,100.0,1.0,0.0,100.0,1.0,0.0,100.0,1.0,0.0
315,random,0,1,760.7192836813126,475.44955230082036,1001613.7565403037,333871.25218010123,1318.0,37.65714285714286,54119.59142550024,1546.2740407285783,35.0,0.12978148547091545,86.66666666666667,31.4,14,0.1348631338412396,0.8971428571428571,86.66666666666667,100.0,2.8,0.9333333333333332,0.0,0.0,3,60.0,0.8,0.0,100.0,1.0,0.0,100.0,1.0,0.0
316,random,0,0,212.4870358401809,177.07252986681743,1119106.9739528666,373035.6579842889,1045.2,30.741176470588236,54514.79378862547,1603.3762879007493,34.0,0.34426682052175417,76.83676506621698,28.4,13,0.49376748678049764,0.8352941176470589,76.83676506621698,100.0,2.6,0.8666666666666667,0.6905102330696459,0.0,3,30.510295198650965,0.6,2.0715306992089375,100.0,1.0,0.0,100.0,1.0,0.0
317,random,0,0,43.66879585318635,43.66879585318635,5427464.665740164,1809154.8885800547,799.2,24.975,52855.718169321364,1651.7411927912926,32.0,0.7490270039745472,73.81107249662516,24.6,14,1.1019297547746114,0.76875,73.81107249662516,100.0,2.8,0.9333333333333332,1.3122207145142644,0.0,3,21.43321748987546,0.8,3.936662143542793,100.0,1.0,0.0,100.0,1.0,0.0
318,random,0,0,27.931465577694468,27.931465577694468,3341085.5270362445,1113695.1756787482,863.6,27.157232704402517,51462.054786908,1618.3036096511948,31.8,1.1110921499151936,77.37209874114342,24.6,14,1.5749272948120447,0.7735849056603774,77.37209874114342,100.0,2.8,0.9333333333333332,1.8270259195617047,0.0,3,32.116296223430254,0.8,5.481077758685114,100.0,1.0,0.0,100.0,1.0,0.0
319,random,0,0,54.56423003108713,54.56423003108713,2000054.5642300309,666684.8547433437,991.0,30.213414634146343,49760.96151561166,1517.102485232063,32.8,0.612014094820304,100.0,26.8,15,0.9103181981726073,0.8170731707317073,100.0,100.0,3.0,1.0,0.0,0.0,3,100.0,1.0,0.0,100.0,1.0,0.0,100.0,1.0,0.0
320,random,2,0,394.9614516009252,246.85090725057825,1001078.8043219823,333692.9347739941,932.2,28.24848484848485,51781.4780498912,1569.1356984815516,33.0,0.29435860217149906,86.66666666666667,27.2,14,0.31732652493341107,0.8242424242424242,86.66666666666667,100.0,2.8,0.9333333333333332,0.0,0.0,3,100.0,1.0,0.0,60.0,0.8,0.0,100.0,1.0,0.0
321,random,2,2,333.81098183895375,166.90549091947688,1000333.810981839,333444.603660613,795.4,24.39877300613497,52789.026000842685,1619.2952760994688,32.6,0.4778226008329993,76.76063488496614,25.4,13,0.4571874756644142,0.7791411042944786,76.76063488496614,100.0,2.6,0.8666666666666667,0.6909634061929152,0.0,3,100.0,1.0,0.0,30.281904654898426,0.6,2.0728902185787454,100.0,1.0,0.0
322,random,2,2,444.39916434544483,246.88842463635822,1000659.5113957782,333553.1704652594,685.4,21.553459119496857,52661.85321986191,1656.0331201214437,31.8,0.8555640000446338,74.7459823704412,23.2,14,1.1168186569407483,0.7295597484276729,74.7459823704412,100.0,2.8,0.9333333333333332,1.4552490976403096,0.0,3,100.0,1.0,0.0,24.237947111323592,0.8,4.365747292920929,100.0,1.0,0.0
323,random,2,2,156.25364432700513,130.2113702725043,1050446.4917888409,350148.8305962803,743.2,24.12987012987013,51600.662943416086,1675.3461994615614,30.8,1.2876267488269706,70.99195302845601,23.8,14,1.8129738969924947,0.7727272727272727,70.99195302845601,100.0,2.8,0.9333333333333332,1.8010299033281827,0.0,3,100.0,1.0,0.0,12.975859085368029,0.8,5.403089709984548,100.0,1.0,0.0
324,random,2,2,18.382951539589726,18.382951539589726,2761357.7606411744,920452.5868803915,863.0,28.959731543624162,50480.426610453156,1693.9740473306426,29.8,1.6957580486769426,75.7741328869967,24.2,13,2.411472224153242,0.8120805369127517,75.7741328869967,100.0,2.6,0.8666666666666667,2.294127439232176,0.0,3,100.0,1.0,0.0,27.322398660990075,0.6,6.882382317696528,100.0,1.0,0.0
325,random,2,2,17.862681080383492,17.862681080383492,2000017.8626810804,666672.6208936934,983.0,34.37062937062937,45895.29269646319,1604.7305138623492,28.6,1.7394481847050944,72.00130821266764,24.2,13,2.4686845558458037,0.8461538461538461,72.00130821266764,100.0,2.6,0.8666666666666667,2.356190052047612,0.0,3,100.0,1.0,0.0,16.0039246380029,0.6,7.068570156142835,100.0,1.0,0.0
326,random,2,2,30.999398848225702,30.999398848225702,3937641.3587366054,1312547.1195788684,1104.0,38.333333333333336,44442.19376618833,1543.1317279926504,28.8,1.094357852028769,70.95926618757706,25.0,11,1.680779722152291,0.8680555555555556,70.95926618757706,100.0,2.2,0.7333333333333334,2.588434131110049,0.0,3,100.0,1.0,0.0,12.877798562731186,0.2,7.765302393330146,100.0,1.0,0.0
327,random,2,2,39.55791726943922,39.55791726943922,2000039.5579172694,666679.8526390898,1232.2,41.62837837837838,46626.6035407189,1575.2230925918548,29.6,0.8102114263931618,87.76375088137836,26.4,14,1.1771690558848298,0.8918918918918919,87.76375088137836,100.0,2.8,0.9333333333333332,2.242815397159327,0.0,3,100.0,1.0,0.0,63.29125264413506,0.8,6.728446191477981,100.0,1.0,0.0
328,random,2,2,51.42251784156716,51.42251784156716,4024501.6500764387,1341500.5500254796,1366.2,44.64705882352941,47999.8611659313,1568.6229139193235,30.6,0.6265454908096455,100.0,27.4,15,0.913854382582648,0.8954248366013072,100.0,100.0,3.0,1.0,0.0,0.0,3,100.0,1.0,0.0,100.0,1.0,0.0,100.0,1.0,0.0
329,random,1,2,591.2079480554428,268.7308854797467,201756.58331113216,67252.19443704405,1093.2,36.68456375838926,48236.29979999115,1618.6677785231932,29.8,0.5776703751146751,80.0,22.6,14,0.5912801805226342,0.7583892617449665,80.0,100.0,2.8,0.9333333333333332,0.0,0.0,3,80.0,1.0,0.0,100.0,1.0,0.0,60.0,0.8,0.0
330,random,1,1,382.73185131675706,127.57728377225236,382.73185131675706,127.57728377225236,595.0,20.376712328767123,47218.199685404645,1617.0616330618027,29.2,0.8460377308666593,64.45797576777143,15.4,12,0.3397625105823186,0.5273972602739726,64.45797576777143,100.0,2.4,0.7999999999999999,1.2750034306199867,0.0,3,61.49578111759638,0.8,1.7834020932802317,100.0,1.0,0.0,31.878146185717924,0.6,2.0416081985797283
331,random,1,1,376.3084869779923,125.43616232599743,376.3084869779923,125.43616232599743,184.6,6.454545454545454,47876.81750599321,1674.0145981116507,28.6,1.1297008997553217,70.31558813166157,12.6,14,0.8188144412215838,0.4405594405594406,70.31558813166157,100.0,2.8,0.9333333333333332,1.2577143276307918,0.0,3,100.0,1.0,0.0,100.0,1.0,0.0,10.946764394984712,0.8,3.7731429828923755
332,random,1,1,610.6351443585377,203.54504811951256,610.6351443585377,203.54504811951256,183.8,6.126666666666667,48959.52114158611,1631.9840380528706,30.0,1.373856671536171,75.36315355223753,16.4,13,1.414221657131024,0.5466666666666666,75.36315355223753,100.0,2.6,0.8666666666666667,1.5126320888106095,0.0,3,100.0,1.0,0.0,100.0,1.0,0.0,26.089460656712617,0.6,4.5378962664318285
333,random,1,1,371.0503266307348,185.5251633153674,5356.140437878251,1785.380145959417,282.0,8.75776397515528,48681.15928202282,1511.8372447833174,32.2,0.711034888212544,100.0,23.0,15,0.8367101261900322,0.7142857142857143,100.0,100.0,3.0,1.0,0.0,0.0,3,100.0,1.0,0.0,100.0,1.0,0.0,100.0,1.0,0.0
334,random,1,1,426.25505425076216,304.46789589340153,129377.30184055348,43125.7672801845,412.8,12.21301775147929,51116.844185244976,1512.332668202514,33.8,0.2630723554580523,100.0,28.8,15,0.33814690142883874,0.8520710059171598,100.0,100.0,3.0,1.0,0.0,0.0,3,100.0,1.0,0.0,100.0,1.0,0.0,100.0,1.0,0.0
335,random,2,1,519.690759730822,324.80672483176374,1368947.2631012183,456315.7543670728,443.0,13.029411764705882,52547.96893274386,1545.5284980218782,34.0,0.2049926863174268,86.66666666666667,29.6,14,0.2200231042356183,0.8705882352941177,86.66666666666667,100.0,2.8,0.9333333333333332,0.0,0.0,3,100.0,1.0,0.0,60.0,0.8,0.0,100.0,1.0,0.0
336,random,2,2,692.1667578691283,346.08337893456417,3739931.743764288,1246643.9145880959,451.6,13.36094674556213,53988.76276630119,1597.3006735592069,33.8,0.36119508766082437,74.49649828887384,26.8,13,0.41145447869419316,0.7928994082840237,74.49649828887384,100.0,2.6,0.8666666666666667,0.5786092757304997,0.0,3,100.0,1.0,0.0,23.4894948666215,0.6,1.735827827191499,100.0,1.0,0.0
337,random,2,2,176.94928497925378,147.45773748271148,1030239.2108438786,343413.07028129284,503.4,15.537037037037036,53622.66949102257,1655.0206633031657,32.4,0.7733900099765204,74.42979098245512,24.2,15,1.11520932880898,0.7469135802469136,74.42979098245512,100.0,3.0,1.0,1.229039232298907,0.0,3,100.0,1.0,0.0,23.289372947365337,1.0,3.687117696896721,100.0,1.0,0.0
338,random,2,2,25.319864811964496,25.319864811964496,3374508.025237891,1124836.0084126303,615.0,19.838709677419356,52130.0869294498,1681.6157074016064,31.0,1.2378891416885027,70.0449977529676,24.2,14,1.7680003794985917,0.7806451612903226,70.0449977529676,100.0,2.8,0.9333333333333332,1.8489377145051098,0.0,3,100.0,1.0,0.0,10.134993258902796,0.8,5.54681314351533,100.0,1.0,0.0
339,random,2,2,22.490088309110398,22.490088309110398,2000022.490088309,666674.1633627696,735.2,23.87012987012987,50247.20644397339,1631.4028066225126,30.8,1.3870898022421199,71.99730301337998,24.4,13,1.9740149323788616,0.7922077922077922,71.99730301337998,100.0,2.6,0.8666666666666667,1.8022434706417705,0.0,3,100.0,1.0,0.0,15.991909040139944,0.6,5.406730411925311,100.0,1.0,0.0
