step,control_mode,phase,prev_phase,TotalTravelTime,AvgTravelTime,TotalTravelTime_Raw,AvgTravelTime_Raw,TotalWaitingTime,AvgWaitingTime,TotalCO2,AvgCO2,VehCount,AvgSpeed,AvgOccupancy,QueueLength,Throughput,SpeedStd,HaltRatio,det_occ_mean,det_occ_max,det_veh_sum,det_veh_mean,det_speed_mean,det_speed_min,n_detectors,d0_occ,d0_veh,d0_speed,d1_occ,d1_veh,d1_speed,d2_occ,d2_veh,d2_speed
0,random,0,0,114.35534844177505,38.118449480591686,114.35534844177505,38.118449480591686,10.8,2.0,9919.27030538373,1836.9019084043946,5.4,7.027242783636507,39.849217147931405,2.2,8,4.7573859833796766,0.4074074074074074,39.849217147931405,100.0,1.6,0.5333333333333333,6.119936127929638,0.0,3,100.0,1.0,0.0,10.84709719973631,0.2,9.219056320656088,8.700554244057912,0.4,9.140752063132824
1,random,0,0,218.33872075741343,90.97446698225559,207237.96605981555,69079.32201993851,1.2,0.24,9316.727364446273,1863.3454728892548,5.0,3.308010504216965,26.666666666666668,0.8,5,4.411389743265028,0.16,26.666666666666668,80.0,1.0,0.3333333333333333,0.0,0.0,3,80.0,1.0,0.0,0.0,0.0,0.0,0.0,0.0,0.0
2,random,0,0,216.77636445398494,83.3755247899942,102010.07603813589,34003.35867937863,6.4,1.0666666666666667,8446.591026005784,1407.765171000964,6.0,1.7738198609141143,18.64675126125964,2.0,3,1.3619968301903078,0.3333333333333333,18.64675126125964,55.94025378377893,0.6,0.19999999999999998,0.9162129248784657,0.0,3,55.94025378377893,0.6,2.7486387746353973,0.0,0.0,0.0,0.0,0.0,0.0
3,random,0,0,213.88005972724432,97.21820896692923,43100.21210755118,14366.737369183727,23.0,3.59375,11964.262905849697,1869.4160790390151,6.4,2.8327188198280884,33.333333333333336,4.2,5,2.542057268955435,0.65625,33.333333333333336,100.0,1.0,0.3333333333333333,0.0,0.0,3,100.0,1.0,0.0,0.0,0.0,0.0,0.0,0.0,0.0
4,random,0,0,207.57258985589436,69.19086328529812,207.57258985589436,69.19086328529812,43.0,6.142857142857143,13404.762474635625,1914.9660678050893,7.0,4.116626889814486,38.46386178909049,4.0,8,3.055213688433739,0.5714285714285714,38.46386178909048,100.0,1.5999999999999999,0.5333333333333333,6.068958098844935,0.0,3,100.0,1.0,0.0,9.861126449830806,0.4,8.98270877506584,5.530458917440626,0.2,9.224165521468967
5,random,1,0,156.15029098745518,70.9774049942978,37037.3710159588,12345.790338652934,45.0,7.03125,9758.80357326052,1524.8130583219563,6.4,1.292643487600462,33.333333333333336,4.0,6,1.059798214261958,0.625,33.333333333333336,100.0,1.2,0.39999999999999997,0.0,0.0,3,100.0,1.0,0.0,0.0,0.0,0.0,0.0,0.2,0.0
6,random,1,1,344.29227678794507,122.96152742426611,200344.29227678795,66781.43075892932,65.0,8.783783783783784,12017.553562661542,1623.9937246839922,7.4,2.6089112008751822,33.333333333333336,4.4,5,4.453772658259123,0.5945945945945946,33.333333333333336,100.0,1.0,0.3333333333333333,0.0,0.0,3,100.0,1.0,0.0,0.0,0.0,0.0,0.0,0.0,0.0
7,random,1,1,207.8300239891934,69.27667466306447,207.8300239891934,69.27667466306447,88.0,11.0,14469.629826830642,1808.7037283538302,8.0,1.923255011452683,33.333333333333336,5.0,5,0.9643206080773206,0.625,33.333333333333336,100.0,1.0,0.3333333333333333,0.0,0.0,3,100.0,1.0,0.0,0.0,0.0,0.0,0.0,0.0,0.0
8,random,1,1,115.70219629735318,38.5673987657844,115.70219629735318,38.5673987657844,113.0,14.125,15072.793540440685,1884.0991925550857,8.0,3.47282112275719,35.63174763303399,5.0,6,1.727999049898926,0.625,35.63174763303399,100.0,1.2,0.39999999999999997,3.0093756387010218,0.0,3,100.0,1.0,0.0,6.895242899101959,0.2,9.028126916103066,0.0,0.0,0.0
9,random,1,1,252.77191474816772,140.42884152675984,236438.31528254208,78812.77176084736,140.6,16.738095238095237,12768.391684089238,1520.0466290582426,8.4,2.438012569917061,36.844908033726824,6.4,8,3.024463788670065,0.7619047619047619,36.844908033726824,100.0,1.6,0.5333333333333333,2.9187174946380154,0.0,3,100.0,1.0,0.0,0.0,0.2,0.0,10.534724101180473,0.4,8.756152483914047
10,random,1,1,230.3283695676642,164.520263976903,953116.0309171211,317705.34363904037,176.2,17.62,15598.472563332014,1559.8472563332014,10.0,0.6318305608490656,33.333333333333336,8.0,5,0.9002969920683805,0.8,33.333333333333336,100.0,1.0,0.3333333333333333,0.0,0.0,3,100.0,1.0,0.0,0.0,0.0,0.0,0.0,0.0,0.0
11,random,0,1,353.3079037896333,117.7693012632111,353.3079037896333,117.7693012632111,95.4,9.352941176470589,18862.414863505124,1849.256359167169,10.2,1.4827682922524241,20.0,5.0,4,0.96022510936777,0.49019607843137253,20.0,60.0,0.8,0.26666666666666666,0.0,0.0,3,60.0,0.8,0.0,0.0,0.0,0.0,0.0,0.0,0.0
12,random,0,0,109.42300117104836,36.47433372368278,109.42300117104836,36.47433372368278,63.0,7.0,17673.284417128518,1963.6982685698354,9.0,2.9419149486827223,12.623586054126955,3.0,5,0.9876268391446518,0.3333333333333333,12.623586054126955,30.2306803829822,1.0,0.3333333333333333,3.4286316678002797,0.0,3,30.2306803829822,0.6,1.7787482376434858,0.0,0.0,0.0,7.640077779398666,0.4,8.507146765757353
13,random,0,0,81.1391372374204,36.88142601700927,40353.884838614846,13451.29494620495,80.0,11.11111111111111,11986.079638963525,1664.7332831893787,7.2,2.3445552451925606,11.136705701554964,3.8,5,1.7741164036953248,0.5277777777777778,11.136705701554964,20.01721563735657,1.0,0.3333333333333333,2.888286237974216,0.0,3,20.01721563735657,0.8,3.927227846145212,13.39290146730832,0.2,4.737630867777435,0.0,0.0,0.0
14,random,0,0,480.226137691465,300.14133605716563,840559.7192419696,280186.5730806565,101.4,14.485714285714286,10082.068653662227,1440.2955219517467,7.0,0.8382113736496908,33.333333333333336,5.2,5,1.786178770951463,0.7428571428571429,33.333333333333336,100.0,1.0,0.3333333333333333,0.0,0.0,3,0.0,0.0,0.0,100.0,1.0,0.0,0.0,0.0,0.0
15,random,0,0,460.5300244419406,164.47500872926452,57075.81237595876,19025.270791986255,130.0,14.444444444444445,15435.923759396977,1715.1026399329974,9.0,0.6686581908723768,33.333333333333336,6.2,5,0.34244984451209387,0.6888888888888889,33.333333333333336,100.0,1.0,0.3333333333333333,0.0,0.0,3,0.0,0.0,0.0,100.0,1.0,0.0,0.0,0.0,0.0
16,random,2,0,140.1261080553273,46.7087026851091,140.1261080553273,46.7087026851091,67.4,8.21951219512195,16272.557441659761,1984.4582245926538,8.2,2.1669945687594074,20.0,3.6,4,0.6390679638885459,0.43902439024390244,20.0,60.0,0.8,0.26666666666666666,0.0,0.0,3,0.0,0.0,0.0,60.0,0.8,0.0,0.0,0.0,0.0
17,random,2,2,89.21541843200309,29.738472810667698,89.21541843200309,29.738472810667698,72.0,10.0,13230.611758219558,1837.5849664193831,7.2,3.4744175009517337,5.699784157164913,3.2,3,1.0827736918085398,0.4444444444444444,5.699784157164913,12.750668074517648,0.6000000000000001,0.20000000000000004,3.994362661954831,0.0,3,0.0,0.0,0.0,4.348684396977092,0.4,6.806425521433854,12.750668074517648,0.2,5.176662464430639
18,random,2,2,239.86319492284142,109.0287249649279,543406.8800672134,181135.62668907116,89.6,12.444444444444445,10737.839467634487,1491.3665927270122,7.2,1.118691539958455,37.53464509353705,4.4,6,1.0226788042138797,0.6111111111111112,37.53464509353705,100.0,1.2,0.39999999999999997,2.644676649888116,0.0,3,12.603935280611154,0.2,7.934029949664347,0.0,0.0,0.0,100.0,1.0,0.0
19,random,2,2,354.9313244454035,136.51204786361671,725215.6659238923,241738.5553079641,114.0,14.615384615384615,14056.729279447416,1802.1447794163355,7.8,2.1637506506591566,33.333333333333336,5.2,5,2.1031872677762817,0.6666666666666666,33.333333333333336,100.0,1.0,0.3333333333333333,0.0,0.0,3,0.0,0.0,0.0,0.0,0.0,0.0,100.0,1.0,0.0
20,random,2,2,160.75384217511348,53.58461405837116,160.75384217511348,53.58461405837116,139.0,17.375,15716.779313312965,1964.5974141641207,8.0,3.799126346562988,36.91018892805365,5.0,6,3.135489356729336,0.625,36.91018892805365,100.0,1.2,0.39999999999999997,3.106390743733652,0.0,3,0.0,0.0,0.0,10.730566784160942,0.2,9.319172231200957,100.0,1.0,0.0
21,random,2,2,259.8397878098079,129.91989390490394,47779.18554759735,15926.39518253245,165.8,20.21951219512195,11869.252937194691,1447.4698703895965,8.2,1.6311521941465448,61.89366921424835,6.2,10,2.2001196390724957,0.7560975609756098,61.89366921424835,100.0,2.0,0.6666666666666666,2.0044963878739197,0.0,3,85.68100764274504,1.0,6.013489163621759,0.0,0.0,0.0,100.0,1.0,0.0
22,random,1,2,504.4143578114114,210.1726490880881,426015.2569759029,142005.08565863429,87.2,9.909090909090908,13878.015965328228,1577.0472687872987,8.8,0.6027982429901926,60.0,4.8,10,0.5036719479923784,0.5454545454545454,60.0,100.0,2.0,0.6666666666666666,0.0,0.0,3,100.0,1.0,0.0,0.0,0.0,0.0,80.0,1.0,0.0
23,random,1,1,213.1541645407617,71.05138818025391,213.1541645407617,71.05138818025391,90.0,10.465116279069768,16212.045893780154,1885.1216155558318,8.6,1.7467288272026267,45.39934331218982,4.2,8,0.7769788968632064,0.4883720930232558,45.39934331218982,100.0,1.6,0.5333333333333333,0.724259375547827,0.0,3,100.0,1.0,0.0,0.0,0.0,0.0,36.19802993656947,0.6,2.172778126643481
24,random,1,1,117.14475450589939,39.04825150196646,117.14475450589939,39.04825150196646,110.0,14.473684210526315,15008.865212551678,1974.850685862063,7.6,2.7898249093736562,36.458176450087,4.0,6,1.020752296034789,0.5263157894736842,36.458176450087,100.0,1.2,0.39999999999999997,2.9697834261382616,0.0,3,100.0,1.0,0.0,9.374529350261014,0.2,8.909350278414784,0.0,0.0,0.0
25,random,1,1,122.98130755215296,61.49065377607648,215193.919639862,71731.30654662066,131.8,18.82857142857143,10221.975224637335,1460.282174948191,7.0,2.150568305670348,33.333333333333336,5.0,6,2.208378474566735,0.7142857142857143,33.333333333333336,100.0,1.2,0.39999999999999997,0.0,0.0,3,100.0,1.0,0.0,0.0,0.2,0.0,0.0,0.0,0.0
26,random,1,1,401.2772966887793,167.19887362032472,232273.80943341128,77424.60314447043,161.0,16.770833333333332,17055.887830619242,1776.654982356171,9.6,2.113575254986022,36.95920197003242,6.6,6,2.687794147567964,0.6875,36.95920197003242,100.0,1.2,0.39999999999999997,3.0643997961344875,0.0,3,100.0,1.0,0.0,0.0,0.0,0.0,10.877605910097259,0.2,9.193199388403462
27,random,1,1,214.16811778528455,71.38937259509486,214.16811778528455,71.38937259509486,191.0,20.76086956521739,16684.496278131355,1813.5322041447125,9.2,1.9898995615423964,33.333333333333336,6.0,5,1.4468603107396873,0.6521739130434783,33.333333333333336,100.0,1.0,0.3333333333333333,0.0,0.0,3,100.0,1.0,0.0,0.0,0.0,0.0,0.0,0.0,0.0
28,random,1,1,141.96026329771968,47.32008776590656,141.96026329771968,47.32008776590656,221.0,24.555555555555557,16299.049085439814,1811.0054539377572,9.0,3.2035308224347534,33.333333333333336,6.0,5,2.108037472296367,0.6666666666666666,33.333333333333336,100.0,1.0,0.3333333333333333,0.0,0.0,3,100.0,1.0,0.0,0.0,0.0,0.0,0.0,0.0,0.0
29,random,1,1,45.181120395124125,32.27222885366009,1312066.0037141177,437355.33457137254,254.2,28.244444444444444,13603.598772946632,1511.510974771848,9.0,3.3968253522447687,64.68244019100041,7.6,12,4.601178196159991,0.8444444444444444,64.68244019100041,100.0,2.4,0.7999999999999999,5.121753022113539,0.0,3,100.0,1.0,0.0,85.45960838887424,1.0,6.591090552997876,8.587712184126985,0.4,8.774168513342739
30,random,1,1,632.3208092441048,243.2003112477326,643048.0775558697,214349.3591852899,294.0,30.0,15882.318624788677,1620.6447576314977,9.8,4.801011751007119,66.66666666666667,8.2,10,6.428588085164357,0.8367346938775511,66.66666666666667,100.0,2.0,0.6666666666666666,0.0,0.0,3,100.0,1.0,0.0,100.0,1.0,0.0,0.0,0.0,0.0
31,random,1,1,274.0605261982814,97.87875935652909,200274.06052619827,66758.02017539942,334.0,30.363636363636363,19065.983055793004,1733.271186890273,11.0,1.0671697568991738,66.66666666666667,8.2,10,0.6588498015259372,0.7454545454545455,66.66666666666667,100.0,2.0,0.6666666666666666,0.0,0.0,3,100.0,1.0,0.0,100.0,1.0,0.0,0.0,0.0,0.0
32,random,1,1,197.33261978679346,75.89716145645902,1923.5452721898778,641.1817573966259,374.2,34.018181818181816,18073.314717888374,1643.0286107171248,11.0,2.23007189474903,66.66666666666667,8.2,10,1.8404728065801668,0.7454545454545455,66.66666666666667,100.0,2.0,0.6666666666666666,0.0,0.0,3,100.0,1.0,0.0,100.0,1.0,0.0,0.0,0.0,0.0
33,random,1,1,187.7283557675452,117.33022235471574,800514.8269634501,266838.27565448335,419.2,35.52542372881356,19081.415399957365,1617.069101691302,11.8,2.765522876764396,67.66353798562439,10.0,11,3.5859132207682283,0.847457627118644,67.66353798562439,100.0,2.2,0.7333333333333334,3.055434113337347,0.0,3,100.0,1.0,0.0,100.0,1.0,0.0,2.990613956873176,0.2,9.166302340012042
34,random,1,1,656.0301077972684,234.29646707045302,875.2004589504679,291.7334863168226,469.2,36.09230769230769,20693.580584208103,1591.813891092931,13.0,1.4505893399960808,66.66666666666667,10.2,11,2.647263359737865,0.7846153846153846,66.66666666666667,100.0,2.2,0.7333333333333334,0.0,0.0,3,100.0,1.0,0.0,100.0,1.0,0.0,0.0,0.2,0.0
35,random,1,1,317.3131610567563,113.32612894884154,4157.688473494325,1385.8961578314418,523.0,37.357142857142854,23790.45710743714,1699.3183648169386,14.0,0.8522428745723049,66.66666666666667,11.2,10,0.34373560071531456,0.8,66.66666666666667,100.0,2.0,0.6666666666666666,0.0,0.0,3,100.0,1.0,0.0,100.0,1.0,0.0,0.0,0.0,0.0
36,random,1,1,164.9518704935826,91.63992805199032,1124781.4529706417,374927.1509902139,579.8,41.41428571428571,21143.355984122365,1510.2397131515975,14.0,0.9865746749077221,66.66666666666667,12.0,10,1.013520363365569,0.8571428571428571,66.66666666666667,100.0,2.0,0.6666666666666666,0.0,0.0,3,100.0,1.0,0.0,100.0,1.0,0.0,0.0,0.0,0.0
37,random,2,1,355.48752670834216,177.74376335417108,800587.9375029425,266862.6458343142,478.2,35.161764705882355,23069.050763531002,1696.2537326125737,13.6,1.4527560302177007,53.333333333333336,10.2,9,1.703007618184738,0.75,53.333333333333336,100.0,1.8,0.6,0.0,0.0,3,100.0,1.0,0.0,60.0,0.8,0.0,0.0,0.0,0.0
38,random,2,2,564.4928018455619,217.11261609444688,3846.2221141988293,1282.0740380662764,475.6,35.492537313432834,21873.338101791192,1632.3386643127756,13.4,1.2437927307793117,48.962056852718284,8.6,9,1.2175142488951076,0.6417910447761194,48.962056852718284,100.0,1.8,0.6,3.3964514876489855,0.0,3,100.0,1.0,0.0,34.39076824258109,0.6,2.1864108622143807,12.495402315573756,0.2,8.002943600732577
39,random,2,2,436.9656871240057,168.06372581692526,182995.3168024549,60998.438934151636,520.0,39.39393939393939,22443.005341680557,1700.2276774000422,13.2,1.4797005564053864,38.50603858429357,9.4,7,1.6057457358895397,0.7121212121212122,38.50603858429357,100.0,1.4,0.4666666666666666,1.2314019903742999,0.0,3,100.0,1.0,0.0,15.518115752880703,0.4,3.6942059711228996,0.0,0.0,0.0
40,random,2,2,528.4989763126645,188.7496343973802,811.0144461614717,270.33814872049055,568.0,43.69230769230769,21774.457791104618,1674.9582916234322,13.0,2.289646550806438,33.333333333333336,10.0,5,2.4824253068257827,0.7692307692307693,33.333333333333336,100.0,1.0,0.3333333333333333,0.0,0.0,3,100.0,1.0,0.0,0.0,0.0,0.0,0.0,0.0,0.0
41,random,2,2,415.5965210510447,138.53217368368158,415.5965210510447,138.53217368368158,618.0,46.81818181818182,22333.747039261783,1691.9505332774079,13.2,3.258055030989098,36.91035182891748,10.2,6,3.230782537865177,0.7727272727272727,36.91035182891748,100.0,1.2,0.39999999999999997,3.1062492757104425,0.0,3,100.0,1.0,0.0,10.731055486752439,0.2,9.318747827131327,0.0,0.0,0.0
42,random,2,2,136.95983410794068,76.0887967266337,342709.4630484659,114236.48768282197,671.2,47.94285714285714,20635.22820495297,1473.9448717823552,14.0,0.9454086072286769,48.28657519963258,11.4,8,0.9477658814073151,0.8142857142857143,48.28657519963258,100.0,1.6,0.5333333333333333,2.2094497380478697,0.0,3,100.0,1.0,0.0,0.0,0.0,0.0,44.85972559889774,0.6,6.628349214143609
43,random,2,2,172.01521148701167,143.34600957250973,1632565.1321345542,544188.3773781847,734.0,50.97222222222222,22962.927099382934,1594.647715234926,14.4,0.8145299218295017,66.66666666666667,13.2,10,1.1575890280133716,0.9166666666666666,66.66666666666667,100.0,2.0,0.6666666666666666,0.0,0.0,3,100.0,1.0,0.0,0.0,0.0,0.0,100.0,1.0,0.0
44,random,0,2,379.2105207849391,145.85020030189963,861.9142936408904,287.30476454696344,421.6,28.106666666666666,26211.554282927784,1747.4369521951855,15.0,1.6172588626202042,56.711543447873204,10.2,10,1.7096209419263975,0.68,56.711543447873204,100.0,2.0,0.6666666666666666,3.104697231141229,0.0,3,60.0,0.8,0.0,10.13463034361962,0.2,9.314091693423688,100.0,1.0,0.0
45,random,0,0,178.4716652602911,74.36319385845464,74327.22002570168,24775.740008567227,151.8,10.842857142857143,24800.877315558664,1771.491236825619,14.0,1.186270177420729,43.48900731160256,6.0,9,0.7964313209650563,0.42857142857142855,43.48900731160256,100.0,1.8,0.6,0.6369353814428819,0.0,3,30.46702193480769,0.6,1.9108061443286455,0.0,0.2,0.0,100.0,1.0,0.0
46,random,0,0,171.96362636005497,85.98181318002749,670522.253049452,223507.41768315065,144.0,11.428571428571429,22579.853858104336,1792.0518935003442,12.6,1.4732003756826024,41.229323520735,5.2,9,1.3213343479381252,0.4126984126984127,41.229323520735,100.0,1.8,0.6,1.312623151086391,0.0,3,23.68797056220501,0.8,3.9378694532591734,0.0,0.0,0.0,100.0,1.0,0.0
47,random,0,0,311.62801571143507,141.6490980506523,426086.8344663788,142028.94482212627,172.0,14.827586206896552,21968.280270287385,1893.8172646799471,11.6,1.9868075141512516,41.829773538514324,6.2,9,2.2771599068557675,0.5344827586206896,41.829773538514324,100.0,1.8,0.6,1.8757183993559643,0.0,3,25.489320615542965,0.8,5.627155198067893,0.0,0.0,0.0,100.0,1.0,0.0
48,random,0,0,322.4710408245577,107.49034694151923,322.4710408245577,107.49034694151923,202.0,19.423076923076923,19336.143383370414,1859.2445560933088,10.4,2.438837187636741,37.05647939697011,6.2,9,2.0690592882729906,0.5961538461538461,37.05647939697011,100.0,1.8,0.6,2.3079464312737765,0.0,3,11.169438190910341,0.8,6.923839293821329,0.0,0.0,0.0,100.0,1.0,0.0
49,random,0,0,185.54498847203237,61.84832949067746,185.54498847203237,61.84832949067746,233.2,23.32,16247.374688596246,1624.7374688596246,10.0,1.8597286245805258,41.15770891428232,6.6,7,0.8326752712990695,0.66,41.15770891428232,100.0,1.4,0.4666666666666666,2.4105701292923656,0.0,3,0.0,0.0,0.0,23.473126742846944,0.4,7.231710387877096,100.0,1.0,0.0
50,random,0,0,464.87137388331604,178.79668226281385,10218.195482083536,3406.065160694512,271.2,24.654545454545456,17849.646816418823,1622.695165128984,11.0,1.4037941577222028,66.66666666666667,8.4,10,1.316830402890206,0.7636363636363637,66.66666666666667,100.0,2.0,0.6666666666666666,0.0,0.0,3,0.0,0.0,0.0,100.0,1.0,0.0,100.0,1.0,0.0
51,random,1,0,579.9762032144713,193.32540107149043,579.9762032144713,193.32540107149043,141.2,13.320754716981131,17883.53437746698,1687.125884666696,10.6,1.4927551386936677,57.25893308428567,6.2,10,1.4437302100494795,0.5849056603773585,57.25893308428567,100.0,2.0,0.6666666666666666,2.830423837380667,0.0,3,11.776799252857018,0.2,8.491271512142001,100.0,1.0,0.0,60.0,0.8,0.0
52,random,1,1,213.84036653307788,71.28012217769263,213.84036653307788,71.28012217769263,118.0,11.132075471698114,19532.942632112212,1842.730436991718,10.6,1.586633988566508,43.1626683535607,5.0,8,0.5888085223518578,0.4716981132075472,43.1626683535607,100.0,1.6,0.5333333333333333,0.685783101878585,0.0,3,0.0,0.0,0.0,100.0,1.0,0.0,29.4880050606821,0.6,2.0573493056357552
53,random,1,1,112.41235320329861,51.09652418331755,69109.60722319635,23036.53574106545,144.2,15.673913043478262,15932.240854850246,1731.7653103098094,9.2,1.9223963503839485,37.72963537121124,5.6,7,1.5401483569549856,0.6086956521739131,37.72963537121124,100.0,1.4,0.4666666666666666,1.2111043111118325,0.0,3,0.0,0.0,0.0,100.0,1.0,0.0,13.18890611363372,0.4,3.6333129333354974
54,random,1,1,256.6023910030209,106.91766291792538,1005439.9177575978,335146.63925253256,174.0,19.772727272727273,14814.017702959176,1683.4111026089972,8.8,2.651909155594495,43.517064778290354,6.2,7,2.4830012311032172,0.7045454545454546,43.517064778290354,100.0,1.4,0.4666666666666666,1.8430585501958954,0.0,3,30.55119433487107,0.4,5.529175650587686,100.0,1.0,0.0,0.0,0.0,0.0
55,random,1,1,405.7334477344508,144.90480276230386,3107.9617457013364,1035.9872485671121,207.0,20.7,17118.098907040585,1711.8098907040583,10.0,2.9595112046168826,69.40738373741624,7.2,12,3.6263813885937277,0.72,69.40738373741624,100.0,2.4,0.7999999999999999,2.970166267547756,0.0,3,100.0,1.0,0.0,100.0,1.0,0.0,8.222151212248718,0.4,8.910498802643268
56,random,1,1,352.66937403423054,117.55645801141019,352.66937403423054,117.55645801141019,243.2,22.10909090909091,18676.07515016952,1697.8250136517745,11.0,0.980452796231854,66.66666666666667,7.8,10,0.3478592692503076,0.7090909090909091,66.66666666666667,100.0,2.0,0.6666666666666666,0.0,0.0,3,100.0,1.0,0.0,100.0,1.0,0.0,0.0,0.0,0.0
57,random,0,1,179.2178382522831,74.67409927178463,87795.22711190223,29265.07570396741,212.8,20.862745098039216,17291.49991313667,1695.245089523203,10.2,1.7471063869321122,53.333333333333336,6.2,9,1.2411759575435946,0.6078431372549019,53.333333333333336,100.0,1.8,0.6,0.0,0.0,3,60.0,0.8,0.0,100.0,1.0,0.0,0.0,0.0,0.0
58,random,0,0,54.118930939871994,27.059465469935997,1560179.6574282683,520059.88580942276,233.0,25.88888888888889,15267.952924125293,1696.439213791699,9.0,2.3250459466865143,38.96044302636218,6.2,7,1.6837259248402945,0.6888888888888889,38.96044302636218,100.0,1.4,0.4666666666666666,0.8592507910359403,0.0,3,16.881329079086527,0.4,2.577752373107821,100.0,1.0,0.0,0.0,0.0,0.0
59,random,0,0,322.5443399058039,146.61106359354721,203593.00906721852,67864.3363557395,263.6,29.954545454545453,13960.436375483585,1586.413224486771,8.8,2.0246295493707986,36.251973370588075,6.6,7,3.519273015362425,0.75,36.251973370588075,100.0,1.4,0.4666666666666666,3.029077327623963,0.0,3,0.0,0.0,0.0,100.0,1.0,0.0,8.755920111764226,0.4,9.08723198287189
60,random,0,0,273.69614291682115,114.04005954867549,510527.16929609264,170175.72309869755,298.0,31.041666666666668,16464.884251132487,1715.0921094929674,9.6,1.3041350709986008,33.333333333333336,7.2,5,1.3007314432813573,0.75,33.333333333333336,100.0,1.0,0.3333333333333333,0.0,0.0,3,0.0,0.0,0.0,100.0,1.0,0.0,0.0,0.0,0.0
61,random,0,0,207.53432308164648,79.82089349294095,11911.456514209422,3970.485504736474,333.2,33.32,16319.959476299191,1631.995947629919,10.0,2.372740906774319,33.333333333333336,7.2,5,2.3284610848605034,0.72,33.333333333333336,100.0,1.0,0.3333333333333333,0.0,0.0,3,0.0,0.0,0.0,100.0,1.0,0.0,0.0,0.0,0.0
62,random,2,0,357.93467241012866,127.83381157504596,560.1328510606372,186.71095035354574,138.8,15.08695652173913,16894.3332839562,1836.3405743430653,9.2,3.4343026167876474,20.25729644487986,5.0,6,3.239609413594938,0.5434782608695652,20.25729644487986,60.0,1.2000000000000002,0.4000000000000001,2.8015646605752402,0.0,3,0.7718893346395816,0.4,8.404693981725721,60.0,0.8,0.0,0.0,0.0,0.0
63,random,2,2,263.84029929325544,94.2286783190198,2381.73448092705,793.9114936423499,57.4,6.1063829787234045,16022.626306039858,1704.5347134084955,9.4,1.4338557149700748,26.019264022582245,3.2,6,0.8319247323593048,0.3404255319148936,26.019264022582245,52.738422284481885,1.2,0.39999999999999997,2.3094316698551665,0.0,3,0.0,0.0,0.0,25.319369783264847,0.6,1.8274612287272782,52.738422284481885,0.6,5.100833780838221
64,random,2,2,165.70387291336263,75.31994223334664,191705.57380380033,63901.85793460011,76.0,8.636363636363637,16744.51119993364,1902.7853636288228,8.8,1.90361220532711,48.6687077491653,4.2,10,1.5002000977266825,0.4772727272727273,48.6687077491653,100.0,2.0,0.6666666666666666,1.179305514793507,0.0,3,0.0,0.0,0.0,46.00612324749591,1.0,3.537916544380521,100.0,1.0,0.0
65,random,2,2,237.8340147389809,79.27800491299364,237.8340147389809,79.27800491299364,99.2,11.022222222222222,15997.335082955728,1777.4816758839697,9.0,2.2486324782989753,33.333333333333336,5.4,6,1.3627477268163406,0.6,33.333333333333336,100.0,1.2,0.39999999999999997,0.0,0.0,3,0.0,0.0,0.0,0.0,0.2,0.0,100.0,1.0,0.0
66,random,2,2,259.37085956133825,99.75802290820701,7439.829883945335,2479.943294648445,129.6,13.787234042553191,14627.474679390876,1556.114327594774,9.4,1.5789815851511158,45.81104908185504,6.6,8,1.1138596174566784,0.7021276595744681,45.81104908185504,100.0,1.6,0.5333333333333333,5.136416128471094,0.0,3,11.840883049648028,0.2,8.445316078260946,25.592264195917096,0.4,6.9639323071523345,100.0,1.0,0.0
67,random,2,2,368.7058608584784,153.627442024366,200258.96676856477,66752.98892285493,167.0,15.462962962962964,16838.133255348315,1559.0864125322516,10.8,0.7110431894184485,66.66666666666667,8.2,10,0.6011174509308781,0.7592592592592593,66.66666666666667,100.0,2.0,0.6666666666666666,0.0,0.0,3,0.0,0.0,0.0,100.0,1.0,0.0,100.0,1.0,0.0
68,random,1,2,491.12860689488116,163.70953563162706,491.12860689488116,163.70953563162706,95.8,8.87037037037037,19072.269028965868,1765.950836015358,10.8,1.0364943582252235,53.333333333333336,6.4,9,0.4797007206098619,0.5925925925925926,53.333333333333336,100.0,1.8,0.6,0.0,0.0,3,0.0,0.0,0.0,100.0,1.0,0.0,60.0,0.8,0.0
69,random,1,1,144.9279027539006,51.75996526925022,1176.7322907907142,392.2440969302381,102.2,9.826923076923077,18407.397472003806,1769.9420646157507,10.4,1.9465617184633797,46.851141852568695,5.4,9,0.844935101776979,0.5192307692307693,46.851141852568695,100.0,1.8,0.6,0.42533593105315765,0.0,3,0.0,0.0,0.0,100.0,1.0,0.0,40.55342555770608,0.8,1.2760077931594729
70,random,1,1,119.78855796262542,59.89427898131271,622774.18350382,207591.39450127332,131.0,13.936170212765957,15842.589368669229,1685.381847730769,9.4,2.3949215516847406,55.19912771889873,6.0,9,2.703804559525462,0.6382978723404256,55.19912771889873,100.0,1.8,0.6,2.053928422432471,0.0,3,65.5973831566962,0.8,6.161785267297414,100.0,1.0,0.0,0.0,0.0,0.0
71,random,1,1,497.2117785530513,177.57563519751835,200497.21177855306,66832.40392618436,164.0,16.73469387755102,17364.89602983058,1771.9281663092427,9.8,3.7525148232756464,70.18271295725451,7.2,11,4.604368512318577,0.7346938775510204,70.18271295725451,100.0,2.2,0.7333333333333334,3.16011513865862,0.0,3,100.0,1.0,0.0,100.0,1.0,0.0,10.548138871763513,0.2,9.48034541597586
72,random,1,1,221.27360841272585,79.02628871883067,200221.27360841274,66740.42453613758,199.0,21.170212765957448,15787.16906929666,1679.4860712017723,9.4,3.636002554506274,66.66666666666667,7.2,10,5.153114646467135,0.7659574468085106,66.66666666666667,100.0,2.0,0.6666666666666666,0.0,0.0,3,100.0,1.0,0.0,100.0,1.0,0.0,0.0,0.0,0.0
73,random,1,1,164.5677380443796,74.80351729289981,475974.25312582834,158658.0843752761,236.0,23.6,15580.647991230871,1558.0647991230871,10.0,1.0732164564218034,66.66666666666667,7.8,10,0.8339556621438772,0.78,66.66666666666667,100.0,2.0,0.6666666666666666,0.0,0.0,3,100.0,1.0,0.0,100.0,1.0,0.0,0.0,0.0,0.0
74,random,1,1,377.84612392042993,236.1538274502687,712791.3617813231,237597.12059377437,277.2,26.150943396226417,16806.63873242033,1585.5319558887104,10.6,1.5771521271388749,66.66666666666667,8.8,10,2.229474164093587,0.8301886792452831,66.66666666666667,100.0,2.0,0.6666666666666666,0.0,0.0,3,100.0,1.0,0.0,100.0,1.0,0.0,0.0,0.0,0.0
75,random,2,1,338.50093086367804,130.19266571679924,700387.6126952287,233462.53756507623,188.6,17.79245283018868,19228.095128973207,1813.971238582378,10.6,2.960537512055837,56.782787343565815,6.2,10,3.5677874466880497,0.5849056603773585,56.782787343565815,100.0,2.0,0.6666666666666666,3.0875893070362515,0.0,3,100.0,1.0,0.0,60.0,0.8,0.0,10.348362030697444,0.2,9.262767921108754
76,random,2,2,173.27731452260238,66.64512097023169,3341.3849445824285,1113.7949815274762,161.6,16.16,17752.844059107116,1775.2844059107115,10.0,2.154495810849256,43.3462866914158,4.4,9,2.2057962727527776,0.44,43.3462866914158,100.0,1.8,0.6,0.5943865940619624,0.0,3,100.0,1.0,0.0,30.038860074247395,0.6,1.783159782185887,0.0,0.2,0.0
77,random,2,2,183.26209599608896,91.63104799804448,258336.10288269524,86112.03429423175,186.6,20.282608695652176,15501.880019444201,1684.9869586352393,9.2,1.9340218565592078,41.13969023432711,5.6,8,2.2843231824214905,0.6086956521739131,41.13969023432711,100.0,1.6,0.5333333333333333,1.0933028186347364,0.0,3,100.0,1.0,0.0,23.419070702981344,0.6,3.2799084559042093,0.0,0.0,0.0
78,random,2,2,207.2800672422412,86.36669468426716,1107229.4480004832,369076.48266682774,216.0,24.545454545454547,15714.929566179515,1785.7874507022177,8.8,3.5326580481226815,34.85047192836191,6.2,7,3.6855642087771026,0.7045454545454546,34.85047192836191,100.0,1.4,0.4666666666666666,3.0417978921284283,0.0,3,100.0,1.0,0.0,4.551415785085737,0.4,9.125393676385285,0.0,0.0,0.0
79,random,2,2,184.920111033738,66.04289679776358,200184.92011103375,66728.30670367791,246.0,30.0,14465.207412867278,1764.0496844960094,8.2,5.055363369980827,33.333333333333336,6.2,5,5.475964424474696,0.7560975609756098,33.333333333333336,100.0,1.0,0.3333333333333333,0.0,0.0,3,100.0,1.0,0.0,0.0,0.0,0.0,0.0,0.0,0.0
80,random,2,2,407.3102254520186,145.46793766143523,745.544325201474,248.51477506715798,276.0,30.666666666666668,14275.94118959119,1586.2156877323546,9.0,1.6766013530799821,36.995517416936536,6.0,6,1.385190567088572,0.6666666666666666,36.995517416936536,100.0,1.2,0.39999999999999997,3.0340121789232803,0.0,3,100.0,1.0,0.0,0.0,0.0,0.0,10.98655225080961,0.2,9.102036536769841
81,random,2,2,147.95587005677498,105.68276432626786,691974.8385367963,230658.27951226544,310.2,32.3125,15627.3543913284,1627.849415763375,9.6,1.7550792544033214,33.333333333333336,7.8,5,2.4341033926196647,0.8125,33.333333333333336,100.0,1.0,0.3333333333333333,0.0,0.0,3,100.0,1.0,0.0,0.0,0.0,0.0,0.0,0.0,0.0
82,random,0,2,327.2425286609477,116.87233166462418,575.1288931163974,191.70963103879913,129.4,12.442307692307692,19147.625561041485,1841.117842407835,10.4,2.965820795728059,20.09137524031227,5.4,6,3.353755532600968,0.5192307692307693,20.09137524031227,60.0,1.2000000000000002,0.4000000000000001,3.103651760239154,0.0,3,60.0,0.8,0.0,0.27412572093680865,0.4,9.310955280717462,0.0,0.0,0.0
83,random,0,0,144.92367969327762,48.30789323109254,144.92367969327762,48.30789323109254,49.8,5.297872340425532,18654.007653982746,1984.4688993598666,9.4,2.191396228399986,13.226233635180051,2.2,3,0.9278461093738052,0.23404255319148937,13.226233635180051,39.678700905540154,0.6,0.19999999999999998,0.686524506674691,0.0,3,39.678700905540154,0.6,2.059573520024073,0.0,0.0,0.0,0.0,0.0,0.0
84,random,0,0,77.72072208227772,27.757400743670615,750.3696932010419,250.12323106701396,58.2,7.864864864864865,14149.13537352616,1912.0453207467783,7.4,3.636173492129213,19.454382946614714,2.2,6,1.5294866477281335,0.2972972972972973,19.454382946614714,40.05884669224997,1.2,0.39999999999999997,3.9287516951973878,0.0,3,18.30430214759417,0.6,3.881014677112854,0.0,0.0,0.0,40.05884669224997,0.6,7.905240408479309
85,random,0,0,87.39741131459404,43.69870565729702,568055.6877726512,189351.89592421707,74.2,9.275,12015.292633381183,1501.9115791726479,8.0,3.0073463686497783,51.43261897806875,4.2,9,3.1668360477018784,0.525,51.43261897806875,100.0,1.8,0.6,1.447097886829875,0.0,3,54.297856934206266,0.8,4.341293660489625,0.0,0.0,0.0,100.0,1.0,0.0
86,random,0,0,248.1988064160878,137.88822578671542,1000591.645405472,333530.54846849066,101.2,12.341463414634147,12828.72500136877,1564.4786587035087,8.2,1.728706528045998,70.36232571048231,6.4,11,2.70763648758856,0.7804878048780488,70.36232571048231,100.0,2.2,0.7333333333333334,3.006530358828574,0.0,3,100.0,1.0,0.0,11.086977131446929,0.2,9.019591076485723,100.0,1.0,0.0
87,random,2,0,497.98350239142474,177.85125085408026,200497.98350239143,66832.66116746381,131.0,14.555555555555555,15239.24077332239,1693.2489748135988,9.0,1.0041313838006258,66.66666666666667,6.2,10,0.7102947891192835,0.6888888888888889,66.66666666666667,100.0,2.0,0.6666666666666666,0.0,0.0,3,100.0,1.0,0.0,0.0,0.0,0.0,100.0,1.0,0.0
88,random,2,2,110.98562744687067,55.49281372343533,257378.92753416998,85792.97584472333,164.0,18.22222222222222,14939.744219312537,1659.9715799236153,9.0,1.6849729039653911,66.66666666666667,7.0,10,1.729393268883808,0.7777777777777778,66.66666666666667,100.0,2.0,0.6666666666666666,0.0,0.0,3,100.0,1.0,0.0,0.0,0.0,0.0,100.0,1.0,0.0
89,random,2,2,271.5823615512136,113.15931731300566,1278849.0070213652,426283.0023404551,199.0,19.50980392156863,18081.25686732152,1772.6722418942666,10.2,2.8950236216689933,66.66666666666667,7.4,10,3.071217889396912,0.7254901960784313,66.66666666666667,100.0,2.0,0.6666666666666666,0.0,0.0,3,100.0,1.0,0.0,0.0,0.0,0.0,100.0,1.0,0.0
90,random,2,2,324.5581704076601,115.91363228845005,3038.144467681883,1012.7148225606276,236.2,21.472727272727273,17422.661028872477,1583.8782753520434,11.0,2.2310936615613373,67.2611736318072,8.0,12,3.1404741943511887,0.7272727272727273,67.2611736318072,100.0,2.4,0.7999999999999999,2.9885046465943255,0.0,3,100.0,1.0,0.0,1.7835208954215886,0.4,8.965513939782976,100.0,1.0,0.0
91,random,2,2,163.4946908717936,81.7473454358968,490372.3780055167,163457.45933517223,280.0,25.454545454545453,18798.317295874374,1708.9379359885795,11.0,0.7719761856607692,66.66666666666667,9.0,10,0.561145346135227,0.8181818181818182,66.66666666666667,100.0,2.0,0.6666666666666666,0.0,0.0,3,100.0,1.0,0.0,0.0,0.0,0.0,100.0,1.0,0.0
92,random,2,2,234.09060173794666,146.30662608621665,840240.7587295457,280080.2529098486,326.8,26.78688524590164,17969.092178659557,1472.8764080868489,12.2,0.46223891541379564,66.66666666666667,10.4,10,0.5232059820489982,0.8524590163934426,66.66666666666667,100.0,2.0,0.6666666666666666,0.0,0.0,3,100.0,1.0,0.0,0.0,0.0,0.0,100.0,1.0,0.0
93,random,0,2,280.9114931025421,140.45574655127106,850793.3927528387,283597.79758427956,270.6,21.476190476190474,21409.81448164203,1699.1916255271456,12.6,0.8804074504931418,53.333333333333336,8.2,9,0.8802652143134246,0.6507936507936508,53.333333333333336,100.0,1.8,0.6,0.0,0.0,3,60.0,0.8,0.0,0.0,0.0,0.0,100.0,1.0,0.0
94,random,0,0,387.6648656089619,129.22162186965397,387.6648656089619,129.22162186965397,258.0,21.5,23002.15051319677,1916.845876099731,12.0,2.261889412186435,41.93342595830927,6.0,8,1.4740442869852308,0.5,41.93342595830927,100.0,1.6,0.5333333333333333,0.6322599984153221,0.0,3,25.800277874927815,0.6,1.8967799952459663,0.0,0.0,0.0,100.0,1.0,0.0
95,random,0,0,161.78619390999322,62.225459196151235,761.2244334011617,253.74147780038723,288.2,26.685185185185187,19268.282227368916,1784.1002062378625,10.8,2.5194107774727894,36.22615417238649,6.4,10,2.002932226131021,0.5925925925925926,36.22615417238649,100.0,2.0,0.6666666666666666,4.991334797302337,0.0,3,6.944413840813013,0.6,6.2073140950410135,1.7340486763464469,0.4,8.766690296865999,100.0,1.0,0.0
96,random,0,0,194.67588775763502,108.1532709764639,281286.07298003905,93762.02432667969,322.2,32.87755102040816,15058.327445572493,1536.5640250584177,9.8,1.648409555277808,33.333333333333336,7.4,6,2.050332571037666,0.7551020408163265,33.333333333333336,100.0,1.2,0.39999999999999997,0.0,0.0,3,0.0,0.2,0.0,0.0,0.0,0.0,100.0,1.0,0.0
97,random,0,0,140.7986217797122,70.3993108898561,1110256.2597050387,370085.41990167956,361.0,36.1,17175.23477771618,1717.523477771618,10.0,2.35714509477132,33.333333333333336,8.0,5,2.790422843709556,0.8,33.333333333333336,100.0,1.0,0.3333333333333333,0.0,0.0,3,0.0,0.0,0.0,0.0,0.0,0.0,100.0,1.0,0.0
98,random,0,0,58.43546385939713,29.217731929698566,1000058.4354638595,333352.8118212865,401.0,40.1,17371.041751399494,1737.1041751399493,10.0,3.9269817518562906,36.950110538755325,8.2,6,4.426030653255037,0.82,36.950110538755325,100.0,1.2,0.39999999999999997,3.072102725723386,0.0,3,10.850331616265976,0.2,9.216308177170157,0.0,0.0,0.0,100.0,1.0,0.0
99,random,1,0,417.0243298492022,148.93726066042936,200417.02432984923,66805.6747766164,179.4,17.94,16664.86381250088,1666.4863812500882,10.0,3.626432816084331,39.76651501572178,5.4,7,5.2102107629704735,0.54,39.76651501572178,80.0,1.4,0.4666666666666666,1.2979979508755175,0.0,3,0.0,0.0,0.0,39.29954504716534,0.4,3.8939938526265525,80.0,1.0,0.0
100,random,1,1,271.3145293291201,90.43817644304004,271.3145293291201,90.43817644304004,76.0,7.6,19434.51988225353,1943.451988225353,10.0,1.8430567604124894,45.675454651241886,3.0,8,1.1159778154523001,0.3,45.675454651241886,100.0,1.6,0.5333333333333333,0.8047203079294786,0.0,3,0.0,0.0,0.0,100.0,1.0,0.0,37.02636395372565,0.6,2.414160923788436
101,random,1,1,107.7072812918943,35.9024270972981,107.7072812918943,35.9024270972981,91.0,10.581395348837209,16719.004991054197,1944.0703477969996,8.6,3.738612486444508,41.86881039520055,3.2,8,1.8272010353491637,0.37209302325581395,41.86881039520055,100.0,1.6,0.5333333333333333,1.4240978268656326,0.0,3,0.0,0.0,0.0,100.0,1.0,0.0,25.60643118560165,0.6,4.272293480596898
102,random,1,1,148.25217806992143,52.94720645354337,1385.0667950970014,461.6889316990005,109.6,12.177777777777777,13478.584041424552,1497.6204490471725,9.0,3.7063791519914826,57.18062202798895,4.8,11,3.2705804845975,0.5333333333333333,57.18062202798895,100.0,2.2,0.7333333333333334,4.798669798924339,0.0,3,10.957063672383356,0.2,9.126532708945026,100.0,1.0,0.0,60.584802411583496,1.0,5.269476687827993
103,random,1,1,212.73904453429714,118.18835807460951,782778.1388150145,260926.0462716715,143.2,14.612244897959183,15698.975684944773,1601.9362943821197,9.8,0.8004216375409173,66.66666666666667,7.8,10,0.9693278367510699,0.7959183673469388,66.66666666666667,100.0,2.0,0.6666666666666666,0.0,0.0,3,0.0,0.0,0.0,100.0,1.0,0.0,100.0,1.0,0.0
104,random,1,1,335.3831875975202,152.44690345341826,600550.4254781499,200183.4751593833,183.0,17.264150943396228,17392.436588905308,1640.7959046137084,10.6,1.137780172388759,66.66666666666667,8.2,10,0.9188333665205776,0.7735849056603774,66.66666666666667,100.0,2.0,0.6666666666666666,0.0,0.0,3,0.0,0.0,0.0,100.0,1.0,0.0,100.0,1.0,0.0
105,random,0,1,168.78364701899477,84.39182350949739,746798.029561458,248932.676520486,214.0,20.980392156862745,17490.185133937128,1714.724032738934,10.2,2.2172342672598364,66.66666666666667,7.8,10,2.8265980157462667,0.7647058823529411,66.66666666666667,100.0,2.0,0.6666666666666666,0.0,0.0,3,0.0,0.0,0.0,100.0,1.0,0.0,100.0,1.0,0.0
106,random,0,0,356.78291537907876,137.2241982227226,400356.7829153791,133452.26097179303,254.0,23.51851851851852,18910.24842013195,1750.9489277899952,10.8,3.2025845552310352,69.60822142241796,8.4,12,4.319212828309455,0.7777777777777778,69.60822142241796,100.0,2.4,0.7999999999999999,2.8883500160959863,0.0,3,8.824664267253866,0.4,8.66505004828796,100.0,1.0,0.0,100.0,1.0,0.0
107,random,0,0,383.3898882708953,159.7457867795397,6236.705709234693,2078.901903078231,294.6,25.842105263157894,18281.595415698186,1603.6487206752795,11.4,0.9614569647022239,66.66666666666667,8.6,10,0.8687289522177384,0.7543859649122807,66.66666666666667,100.0,2.0,0.6666666666666666,0.0,0.0,3,0.0,0.0,0.0,100.0,1.0,0.0,100.0,1.0,0.0
108,random,0,0,385.7530699679607,128.5843566559869,385.7530699679607,128.5843566559869,339.0,28.25,19823.514493338065,1651.9595411115054,12.0,2.117699984717819,66.66666666666667,9.0,10,1.9871513836532124,0.75,66.66666666666667,100.0,2.0,0.6666666666666666,0.0,0.0,3,0.0,0.0,0.0,100.0,1.0,0.0,100.0,1.0,0.0
109,random,0,0,123.64649186697287,61.82324593348643,970241.6485512663,323413.8828504221,387.0,32.25,20180.488766542305,1681.7073972118587,12.0,2.840876645287904,69.41419732403877,10.0,11,3.4630642185906404,0.8333333333333334,69.41419732403877,100.0,2.2,0.7333333333333334,2.936200676454853,0.0,3,8.242591972116315,0.2,8.80860202936456,100.0,1.0,0.0,100.0,1.0,0.0
110,random,0,0,481.5127857038759,240.75639285193796,591754.4957947417,197251.4985982472,438.8,32.26470588235294,20576.669729376637,1512.990421277694,13.6,1.1240673998138193,66.66666666666667,11.4,11,2.3300734580714724,0.8382352941176471,66.66666666666667,100.0,2.2,0.7333333333333334,0.0,0.0,3,0.0,0.2,0.0,100.0,1.0,0.0,100.0,1.0,0.0
111,random,2,0,591.8270455493338,211.36680198190493,848.6965370119699,282.8988456706566,272.4,20.636363636363637,22332.839315696307,1691.8817663406294,13.2,0.9066973814882805,53.333333333333336,9.0,9,0.7548936900513011,0.6818181818181818,53.333333333333336,100.0,1.8,0.6,0.0,0.0,3,0.0,0.0,0.0,60.0,0.8,0.0,100.0,1.0,0.0
112,random,2,2,182.36405722956863,60.78801907652288,182.36405722956863,60.78801907652288,218.8,17.934426229508198,22949.610390156595,1881.1156057505405,12.2,2.0675665110546926,40.060734760428055,6.4,8,1.0963029472270358,0.5245901639344263,40.060734760428055,100.0,1.6,0.5333333333333333,0.5730168843788152,0.0,3,0.0,0.0,0.0,20.182204281284157,0.6,1.7190506531364453,100.0,1.0,0.0
113,random,2,2,259.3899687642361,129.69498438211804,1255160.7893292247,418386.92977640824,248.4,21.789473684210527,18899.9291047197,1657.8885179578685,11.4,1.942222800008353,46.12510736809251,6.8,11,1.8265410666283377,0.5964912280701754,46.12510736809251,100.0,2.2,0.7333333333333334,4.213232116361263,0.0,3,11.526443974773883,0.2,8.67570260340954,26.848878129503646,1.0,3.96399374567425,100.0,1.0,0.0
114,random,2,2,18.33783741178666,18.33783741178666,1773250.6102985777,591083.5367661925,287.0,30.53191489361702,15660.480296068043,1666.008542134898,9.4,1.7018572848366467,33.333333333333336,8.0,5,2.4218094183511862,0.851063829787234,33.333333333333336,100.0,1.0,0.3333333333333333,0.0,0.0,3,0.0,0.0,0.0,0.0,0.0,0.0,100.0,1.0,0.0
115,random,2,2,422.18019879162046,211.09009939581023,800641.932473631,266880.644157877,327.0,28.68421052631579,19333.611637866234,1695.9308454268626,11.4,1.6660516843795483,34.240674907515164,8.6,6,2.2055560094791735,0.7543859649122807,34.240674907515164,100.0,1.2,0.39999999999999997,2.8018385442284246,0.0,3,0.0,0.0,0.0,2.722024722545484,0.2,8.405515632685274,100.0,1.0,0.0
116,random,2,2,296.6785771552807,98.89285905176024,296.6785771552807,98.89285905176024,367.0,32.19298245614035,20388.39852109282,1788.456010622177,11.4,2.165939984033327,33.333333333333336,8.0,6,1.9760951086993739,0.7017543859649122,33.333333333333336,100.0,1.2,0.39999999999999997,0.0,0.0,3,0.0,0.0,0.0,0.0,0.2,0.0,100.0,1.0,0.0
117,random,0,2,172.13434808860396,61.47655288878713,3447.5369325395804,1149.1789775131936,356.6,34.28846153846154,18435.140171918938,1772.6096319152823,10.4,3.537430749945604,33.333333333333336,6.6,5,2.6040660205236055,0.6346153846153846,33.333333333333336,100.0,1.0,0.3333333333333333,0.0,0.0,3,0.0,0.0,0.0,0.0,0.0,0.0,100.0,1.0,0.0
118,random,0,0,56.350479581157686,28.175239790578843,983292.2783024212,327764.0927674737,387.0,38.7,16082.212086159485,1608.2212086159486,10.0,3.5646836405515407,39.14379661888612,7.0,9,3.304511755524984,0.7,39.14379661888612,100.0,1.8,0.6,6.029564630178115,0.0,3,9.073055496105553,0.4,9.077753520663828,8.358334360552817,0.4,9.010940369870514,100.0,1.0,0.0
119,random,0,0,263.9407975014598,188.5291410724713,1206523.4917881158,402174.4972627053,424.0,44.166666666666664,15799.13246495595,1645.7429650995782,9.6,1.7465170082707226,33.333333333333336,8.0,5,2.48411074800451,0.8333333333333334,33.333333333333336,100.0,1.0,0.3333333333333333,0.0,0.0,3,0.0,0.0,0.0,0.0,0.0,0.0,100.0,1.0,0.0
120,random,0,0,376.50137437605775,171.13698835275352,800376.501374376,266792.167124792,464.0,44.61538461538461,17878.11873383792,1719.0498782536463,10.4,2.8899416280436947,36.95733953782337,8.2,6,3.8224290969204686,0.7884615384615384,36.95733953782337,100.0,1.2,0.39999999999999997,3.0659746380524306,0.0,3,10.872018613470118,0.2,9.197923914157291,0.0,0.0,0.0,100.0,1.0,0.0
121,random,0,0,347.6220797883399,144.84253324514162,24330.648820448336,8110.216273482779,504.8,45.07142857142857,16705.43839672277,1491.5569997073903,11.2,1.1906634561264944,33.333333333333336,8.8,5,1.7164387557770164,0.7857142857142857,33.333333333333336,100.0,1.0,0.3333333333333333,0.0,0.0,3,0.0,0.0,0.0,0.0,0.0,0.0,100.0,1.0,0.0
122,random,2,0,153.08100584456582,76.54050292228291,1264282.0027722544,421427.3342574181,536.0,46.206896551724135,19461.341604920664,1677.7018624931607,11.6,1.8955838614525378,33.333333333333336,9.2,5,2.252572437080892,0.7931034482758621,33.333333333333336,100.0,1.0,0.3333333333333333,0.0,0.0,3,0.0,0.0,0.0,0.0,0.0,0.0,100.0,1.0,0.0
123,random,2,2,474.0344243258734,158.01147477529113,474.0344243258734,158.01147477529113,581.0,48.416666666666664,21077.60512095737,1756.4670934131143,12.0,3.6693446672011025,34.64568575902755,9.0,7,3.4720034680760787,0.75,34.64568575902755,100.0,1.4,0.4666666666666666,2.9843689116028447,0.0,3,0.0,0.0,0.0,3.9370572770826584,0.4,8.953106734808534,100.0,1.0,0.0
124,random,2,2,236.26851205573638,84.38161144847729,3026.5200982165925,1008.8400327388641,626.2,55.910714285714285,17980.637932942358,1605.4141011555678,11.2,5.67877317307567,35.965802386211486,9.2,6,5.4144180268049045,0.8214285714285714,35.965802386211486,100.0,1.2,0.39999999999999997,2.926108472794294,0.0,3,7.897407158634451,0.2,8.778325418382883,0.0,0.0,0.0,100.0,1.0,0.0
125,random,2,2,74.39474953602131,61.99562461335109,2036344.9762153972,678781.6587384657,676.2,57.30508474576271,17456.219096446555,1479.3406013937758,11.8,1.4799386383998974,33.333333333333336,10.8,6,3.437189395238576,0.9152542372881356,33.333333333333336,100.0,1.2,0.39999999999999997,0.0,0.0,3,0.0,0.2,0.0,0.0,0.0,0.0,100.0,1.0,0.0
126,random,2,2,186.43764387187147,116.52352741991966,1103597.999735733,367865.999911911,731.0,57.109375,20638.69306301056,1612.3978955477,12.8,1.3865306645529891,33.333333333333336,11.2,5,1.8690989812555494,0.875,33.333333333333336,100.0,1.0,0.3333333333333333,0.0,0.0,3,0.0,0.0,0.0,0.0,0.0,0.0,100.0,1.0,0.0
127,random,2,2,357.03734932957406,148.76556222065585,400598.5391798526,133532.84639328418,786.0,56.95652173913044,23198.46662503893,1681.0483061622413,13.8,2.7301792353722782,33.333333333333336,11.2,5,3.0766217409612486,0.8115942028985508,33.333333333333336,100.0,1.0,0.3333333333333333,0.0,0.0,3,0.0,0.0,0.0,0.0,0.0,0.0,100.0,1.0,0.0
128,random,2,2,380.2973880215904,135.82049572199656,642.8445175354508,214.28150584515026,841.2,60.08571428571429,22281.417517511713,1591.529822679408,14.0,2.6598258641424604,37.02497615383436,11.2,6,2.960802409644216,0.8,37.02497615383436,100.0,1.2,0.39999999999999997,3.009801232504699,0.0,3,0.0,0.0,0.0,11.074928461503077,0.2,9.029403697514097,100.0,1.0,0.0
129,random,1,2,434.66070748728373,181.10862811970156,3853.057481524936,1284.3524938416454,446.4,33.3134328358209,21496.534939468056,1604.219025333437,13.4,1.048134643288706,33.34105369699728,8.0,8,1.168927686207692,0.5970149253731343,33.34105369699728,60.0,1.6,0.5333333333333333,2.628809999063947,0.0,3,40.023161090991834,0.8,7.886429997191841,0.0,0.0,0.0,60.0,0.8,0.0
130,random,1,1,221.29211515603816,73.76403838534605,221.29211515603816,73.76403838534605,76.0,6.333333333333333,22147.20758555144,1845.6006321292869,12.0,1.561476334762559,9.099725203198735,3.8,3,0.5949718960755658,0.31666666666666665,9.099725203198735,27.299175609596205,0.6,0.19999999999999998,0.6497961591924978,0.0,3,0.0,0.0,0.0,0.0,0.0,0.0,27.299175609596205,0.6,1.9493884775774935
131,random,1,1,112.9120267536338,37.637342251211265,112.9120267536338,37.637342251211265,16.0,1.4285714285714286,22968.293022866616,2050.7404484702333,11.2,2.524081319880605,8.77976146150786,2.2,5,0.3739298349352646,0.19642857142857142,8.77976146150786,26.33928438452358,1.0,0.3333333333333333,1.308550852627026,0.0,3,0.0,0.0,0.0,0.0,0.0,0.0,26.33928438452358,1.0,3.9256525578810777
132,random,1,1,90.20692255131105,30.06897418377035,90.20692255131105,30.06897418377035,26.8,2.4363636363636365,21209.27310079999,1928.1157364363628,11.0,3.352219169784051,4.664695637897391,2.6,5,0.7557136773767162,0.23636363636363636,4.664695637897391,10.466750711211716,1.0,0.3333333333333333,4.668521210427507,0.0,3,0.0,0.0,0.0,3.5273362024804555,0.4,8.668354911822824,10.466750711211716,0.6,5.337208719459697
133,random,1,1,238.05963450765518,79.35321150255173,238.05963450765518,79.35321150255173,51.2,4.266666666666667,18779.291308849388,1564.9409424041157,12.0,1.6692622657443055,37.38812927629548,7.0,6,0.7646278348193781,0.5833333333333334,37.38812927629548,100.0,1.2,0.39999999999999997,2.7402392789695145,0.0,3,12.164387828886447,0.2,8.220717836908543,0.0,0.0,0.0,100.0,1.0,0.0
134,random,1,1,181.79247864987084,82.63294484085037,26391.525331859262,8797.175110619753,94.6,7.883333333333334,18347.280794760998,1528.9400662300832,12.0,1.1353824995429178,48.06137749121641,9.4,8,0.939566058556199,0.7833333333333333,48.06137749121641,100.0,1.6,0.5333333333333333,2.1404620902476847,0.0,3,0.0,0.0,0.0,44.18413247364924,0.6,6.421386270743055,100.0,1.0,0.0
135,random,0,1,209.1389841377489,104.56949206887445,725873.6919408729,241957.8973136243,67.8,6.277777777777778,19273.781331604743,1784.6093825559947,10.8,1.6063947546666715,53.333333333333336,7.0,9,1.898463072906111,0.6481481481481481,53.333333333333336,100.0,1.8,0.6,0.0,0.0,3,0.0,0.0,0.0,60.0,0.8,0.0,100.0,1.0,0.0
136,random,0,0,389.5974830118887,149.84518577380334,200623.5920355593,66874.53067851976,94.4,8.137931034482758,17783.143064046402,1533.029574486759,11.6,1.4938543896106862,35.86914806417326,7.2,7,1.3589011230600387,0.6206896551724138,35.86914806417326,100.0,1.4,0.4666666666666666,3.0596413861339293,0.0,3,7.607444192519779,0.4,9.178924158401788,0.0,0.0,0.0,100.0,1.0,0.0
137,random,0,0,261.6445684865513,87.21485616218376,261.6445684865513,87.21485616218376,133.0,12.090909090909092,19426.40011848701,1766.03637440791,11.0,2.129242529474292,33.333333333333336,8.0,5,1.5440317847822072,0.7272727272727273,33.333333333333336,100.0,1.0,0.3333333333333333,0.0,0.0,3,0.0,0.0,0.0,0.0,0.0,0.0,100.0,1.0,0.0
138,random,0,0,288.5388636778595,103.04959417066412,1077.402075716064,359.134025238688,173.0,15.727272727272727,17823.286903427128,1620.298809402466,11.0,3.1444896585239737,42.63557039060591,8.0,7,2.783599519275232,0.7272727272727273,42.63557039060591,100.0,1.4,0.4666666666666666,1.8627414008211651,0.0,3,0.0,0.0,0.0,27.906711171817733,0.4,5.588224202463495,100.0,1.0,0.0
139,random,0,0,8.201961410413514,8.201961410413514,386776.3020419135,128925.43401397117,217.2,20.884615384615383,16219.709935290532,1559.5874937779358,10.4,3.969001428340618,67.58009860717796,9.6,12,5.772618692007707,0.9230769230769231,67.58009860717796,100.0,2.4,0.7999999999999999,2.8477350901191425,0.0,3,2.7402958215338913,0.4,8.543205270357427,100.0,1.0,0.0,100.0,1.0,0.0
140,random,0,0,288.3845078595744,180.240317412234,2471735.2503596754,823911.7501198918,267.0,23.839285714285715,17489.096192705772,1561.526445777301,11.2,3.80023427912234,66.66666666666667,10.4,10,6.086876375862249,0.9285714285714286,66.66666666666667,100.0,2.0,0.6666666666666666,0.0,0.0,3,0.0,0.0,0.0,100.0,1.0,0.0,100.0,1.0,0.0
141,random,1,0,368.3783528447838,131.56369744456566,585.1112301632083,195.03707672106944,187.2,15.344262295081966,21412.794386540685,1755.1470808639906,12.2,1.05519850796839,53.333333333333336,7.2,9,0.6714974601653303,0.5901639344262295,53.333333333333336,100.0,1.8,0.6,0.0,0.0,3,0.0,0.0,0.0,100.0,1.0,0.0,60.0,0.8,0.0
142,random,1,1,122.75420739333694,40.91806913111231,122.75420739333694,40.91806913111231,82.6,7.509090909090909,21789.798908283614,1980.890809843965,11.0,2.8304650591338154,41.731805528966106,3.4,8,1.4157664597470654,0.3090909090909091,41.731805528966106,100.0,1.6,0.5333333333333333,0.5847148882107165,0.0,3,0.0,0.0,0.0,100.0,1.0,0.0,25.195416586898318,0.6,1.7541446646321495
143,random,1,1,98.13914302082014,44.60870137310006,206942.26029613524,68980.75343204508,93.0,9.3,17894.385983757616,1789.4385983757616,10.0,3.7527860218305307,45.461357763432865,4.0,11,3.168290625036446,0.4,45.461357763432865,100.0,2.2,0.7333333333333334,4.129770491850249,0.0,3,3.603234608835919,0.2,8.835869147814812,100.0,1.0,0.0,32.78083868146268,1.0,3.5534423277359357
144,random,1,1,82.11215121032164,45.61786178351202,1123587.4563850695,374529.1521283565,113.6,13.209302325581396,15301.38636503442,1779.2309726784208,8.6,2.744890592475704,38.04780841682865,4.6,10,2.9106043494653218,0.5348837209302325,38.04780841682865,100.0,2.0,0.6666666666666666,1.79778442057148,0.0,3,0.0,0.2,0.0,100.0,1.0,0.0,14.143425250485961,0.8,5.39335326171444
145,random,1,1,386.2429787873508,148.55499184128877,400386.2429787873,133462.08099292908,138.6,15.75,14971.811867310065,1701.342257648871,8.8,1.9330937467547735,33.333333333333336,5.6,5,1.8628877445860528,0.6363636363636364,33.333333333333336,100.0,1.0,0.3333333333333333,0.0,0.0,3,0.0,0.0,0.0,100.0,1.0,0.0,0.0,0.0,0.0
146,random,1,1,193.6061059305599,69.14503783234282,441.8926785394625,147.29755951315417,168.0,18.666666666666668,15419.447441387287,1713.2719379319208,9.0,2.1380896780890315,37.05088081834523,6.0,6,1.409471049428344,0.6666666666666666,37.05088081834523,100.0,1.2,0.39999999999999997,2.9888282949734992,0.0,3,0.0,0.0,0.0,100.0,1.0,0.0,11.152642455035675,0.2,8.966484884920497
147,random,1,1,105.00830966034394,52.50415483017197,79097.83640010832,26365.945466702775,201.0,20.9375,16751.6821655662,1744.9668922464791,9.6,1.4610510491937263,37.002990819988405,7.2,6,1.3151594070817743,0.75,37.002990819988405,100.0,1.2,0.39999999999999997,3.0278332927575224,0.0,3,11.008972459965207,0.2,9.083499878272567,100.0,1.0,0.0,0.0,0.0,0.0
148,random,2,1,388.8238229218582,194.4119114609291,1000388.8238229218,333462.94127430726,90.2,9.804347826086957,14543.949220824847,1580.8640457418312,9.2,0.5337538516848386,26.666666666666668,5.4,5,0.47917660338049944,0.5869565217391305,26.666666666666668,80.0,1.0,0.3333333333333333,0.0,0.0,3,0.0,0.0,0.0,80.0,1.0,0.0,0.0,0.0,0.0
149,random,2,2,303.704439031146,116.80939962736385,400303.7044390312,133434.56814634372,64.0,6.956521739130435,17464.21820750976,1898.2845877728,9.2,1.4005742603749778,6.698110828803389,4.4,3,0.8725065097924611,0.4782608695652174,6.698110828803389,20.094332486410167,0.6,0.19999999999999998,0.5842847631189744,0.0,3,0.0,0.0,0.0,20.094332486410167,0.6,1.752854289356923,0.0,0.0,0.0
150,random,2,2,162.72890727725513,58.11746688473398,473.10594729625893,157.7019824320863,84.0,10.0,14840.875004220556,1766.7708338357804,8.4,2.120664088635094,20.510352224212056,4.0,5,1.2934776871747196,0.47619047619047616,20.510352224212056,44.89899461493451,1.0,0.3333333333333333,3.3307433239926247,0.0,3,44.89899461493451,0.6,6.47809654741566,16.63206205770166,0.4,3.514133424562214,0.0,0.0,0.0
151,random,2,2,80.82286507204722,40.41143253602361,635959.2936846545,211986.43122821816,109.0,13.625,13631.42971157608,1703.92871394701,8.0,1.5850507429778102,33.333333333333336,5.8,5,1.1724215161389022,0.725,33.333333333333336,100.0,1.0,0.3333333333333333,0.0,0.0,3,100.0,1.0,0.0,0.0,0.0,0.0,0.0,0.0,0.0
152,random,2,2,219.9744019617461,122.20800108985895,802945.3016504769,267648.4338834923,139.6,15.863636363636363,14195.853863708893,1613.1652117851015,8.8,1.6608536492922512,54.115827747473304,7.0,10,1.6712016471585711,0.7954545454545454,54.115827747473304,100.0,2.0,0.6666666666666666,4.356273956801139,0.0,3,100.0,1.0,0.0,4.3180159038865895,0.4,8.761487884167583,58.02946733853332,0.6,4.307333986235834
153,random,2,2,594.712875829847,198.23762527661566,594.712875829847,198.23762527661566,176.0,16.0,17892.59581056149,1626.5996191419538,11.0,0.5933549566681651,66.66666666666667,7.8,10,0.24950084316562393,0.7090909090909091,66.66666666666667,100.0,2.0,0.6666666666666666,0.0,0.0,3,100.0,1.0,0.0,0.0,0.0,0.0,100.0,1.0,0.0
154,random,1,2,191.75596794161936,63.91865598053979,191.75596794161936,63.91865598053979,133.6,13.098039215686274,19102.670313191742,1872.8108150187984,10.2,1.644843092450166,60.0,5.6,10,0.6323327555435962,0.5490196078431373,60.0,100.0,2.0,0.6666666666666666,0.0,0.0,3,100.0,1.0,0.0,0.0,0.0,0.0,80.0,1.0,0.0
155,random,1,1,136.4338030723717,45.47793435745723,136.4338030723717,45.47793435745723,148.0,15.416666666666666,16924.560306160485,1762.9750318917174,9.6,3.1206926626599807,34.82206537543561,5.2,8,1.9047766377143398,0.5416666666666666,34.82206537543561,100.0,1.6,0.5333333333333333,5.036005866810624,0.0,3,100.0,1.0,0.0,4.404025532137439,0.2,6.437980531725866,0.06217059416940174,0.4,8.670037068706005
156,random,1,1,214.7659623166012,97.62089196209145,40126.81385254052,13375.604617513507,176.2,20.488372093023255,12490.281270975514,1452.3582873227342,8.6,3.764659486964949,66.66666666666667,6.6,10,5.363124497747312,0.7674418604651163,66.66666666666667,100.0,2.0,0.6666666666666666,0.0,0.0,3,100.0,1.0,0.0,100.0,1.0,0.0,0.0,0.0,0.0
157,random,1,1,372.502005798052,133.03643064216143,200372.50200579807,66790.83400193269,211.0,21.979166666666668,16552.234105777094,1724.191052685114,9.6,2.5254923531103306,66.66666666666667,7.2,10,4.474749892314055,0.75,66.66666666666667,100.0,2.0,0.6666666666666666,0.0,0.0,3,100.0,1.0,0.0,100.0,1.0,0.0,0.0,0.0,0.0
158,random,1,1,552.4301238695163,184.1433746231721,552.4301238695163,184.1433746231721,246.2,23.22641509433962,17659.514308311638,1665.9919158784564,10.6,1.6234114158602315,66.66666666666667,7.4,10,1.2204138743406077,0.6981132075471698,66.66666666666667,100.0,2.0,0.6666666666666666,0.0,0.0,3,100.0,1.0,0.0,100.0,1.0,0.0,0.0,0.0,0.0
159,random,1,1,345.14667944143673,115.04889314714558,345.14667944143673,115.04889314714558,285.0,25.90909090909091,18721.592536555254,1701.9629578686595,11.0,2.7506027910426734,66.66666666666667,8.0,10,2.6511885055435473,0.7272727272727273,66.66666666666667,100.0,2.0,0.6666666666666666,0.0,0.0,3,100.0,1.0,0.0,100.0,1.0,0.0,0.0,0.0,0.0
160,random,1,1,360.01826309526894,150.00760962302874,5302.3257648557965,1767.4419216185988,327.0,27.71186440677966,19381.514858327988,1642.5012591803381,11.8,2.755490691433226,70.28167843102135,9.2,11,3.5358196406580893,0.7796610169491526,70.28167843102135,100.0,2.2,0.7333333333333334,3.0736030296417525,0.0,3,100.0,1.0,0.0,100.0,1.0,0.0,10.84503529306403,0.2,9.220809088925257
161,random,1,1,340.2249322742533,154.64769648829696,51407.27769480909,17135.75923160303,375.6,28.892307692307693,20160.529586385055,1550.8099681834658,13.0,0.5412230782004208,66.66666666666667,10.4,10,0.42166565516973475,0.8,66.66666666666667,100.0,2.0,0.6666666666666666,0.0,0.0,3,100.0,1.0,0.0,100.0,1.0,0.0,0.0,0.0,0.0
162,random,0,1,560.7219748598015,186.9073249532672,560.7219748598015,186.9073249532672,110.2,9.666666666666666,20817.50526914985,1826.0969534341973,11.4,1.4942701098888156,40.0,5.2,8,0.8963549304014311,0.45614035087719296,40.0,60.0,1.6,0.5333333333333333,0.0,0.0,3,60.0,0.8,0.0,60.0,0.8,0.0,0.0,0.0,0.0
163,random,0,0,255.5416803534344,85.18056011781147,255.5416803534344,85.18056011781147,15.6,1.471698113207547,18635.349135897635,1758.0518052733617,10.6,2.2587076635488534,30.80093998930882,2.4,7,1.157794276225684,0.22641509433962265,30.80093998930882,67.79891669527842,1.4,0.4666666666666666,1.2407225440000687,0.0,3,24.60390327264804,0.6,1.7128723225887306,67.79891669527842,0.8,2.009295309411475,0.0,0.0,0.0
164,random,0,0,193.76939347848565,107.64966304360314,3412.4107789039726,1137.4702596346576,34.8,3.411764705882353,18098.353093539266,1774.3483425038496,10.2,1.8024914793792228,48.73116864936037,5.2,9,1.9042054152849353,0.5098039215686274,48.73116864936037,100.0,1.8,0.6,4.318369299804212,0.0,3,34.638362023540594,0.6,4.300953468014981,100.0,1.0,0.0,11.555143924540516,0.2,8.654154431397656
165,random,0,0,165.27084201912217,82.63542100956109,526024.2020829875,175341.40069432918,64.0,7.2727272727272725,15746.92183912362,1789.4229362640478,8.8,1.8306337831940263,33.333333333333336,6.2,6,2.1978318772618084,0.7045454545454546,33.333333333333336,100.0,1.2,0.39999999999999997,0.0,0.0,3,0.0,0.2,0.0,100.0,1.0,0.0,0.0,0.0,0.0
166,random,0,0,337.1201162844071,120.4000415301454,200337.1201162844,66779.04003876146,94.0,9.4,17827.364813334472,1782.736481333447,10.0,2.1766927291911093,36.84134804471493,6.2,6,2.0209103027301576,0.62,36.84134804471493,100.0,1.2,0.39999999999999997,3.1673502038237213,0.0,3,10.524044134144788,0.2,9.502050611471164,100.0,1.0,0.0,0.0,0.0,0.0
167,random,0,0,133.12132932538248,60.50969514790112,59023.767008957184,19674.58900298573,129.0,12.9,16268.955622384465,1626.8955622384465,10.0,1.3707536276973928,33.333333333333336,7.8,5,1.0414314916674334,0.78,33.333333333333336,100.0,1.0,0.3333333333333333,0.0,0.0,3,0.0,0.0,0.0,100.0,1.0,0.0,0.0,0.0,0.0
168,random,2,0,380.6477848129425,126.88259493764751,380.6477848129425,126.88259493764751,96.4,10.041666666666666,17602.155791220626,1833.557894918815,9.6,2.2820588084007034,24.209965124634135,5.2,5,1.4194237748661667,0.5416666666666666,24.209965124634135,60.0,1.0,0.3333333333333333,2.6392406545355223,0.0,3,12.6298953739024,0.2,7.917721963606566,60.0,0.8,0.0,0.0,0.0,0.0
169,random,2,2,84.97377342200375,53.10860838875234,221659.96361922025,73886.65453974008,84.2,9.355555555555556,14958.896958697838,1662.0996620775375,9.0,1.1876680808601807,38.298514814664486,4.4,8,1.269162008677021,0.4888888888888889,38.298514814664486,86.12583664051499,1.6,0.5333333333333333,2.7033430093377877,0.0,3,0.0,0.0,0.0,28.769707803478468,0.6,2.052637440442735,86.12583664051499,1.0,6.057391587570629
170,random,2,2,444.480751432526,185.20031309688585,733685.7214292616,244561.9071430872,109.0,12.386363636363637,15960.6251950284,1813.7074085259546,8.8,1.9428524078686398,36.50277845887634,5.4,7,2.4115949326924433,0.6136363636363636,36.50277845887634,100.0,1.4,0.4666666666666666,1.246277442381177,0.0,3,0.0,0.0,0.0,9.50833537662902,0.4,3.7388323271435313,100.0,1.0,0.0
171,random,2,2,185.90801727013644,61.96933909004548,185.90801727013644,61.96933909004548,134.0,16.75,14672.263733388729,1834.032966673591,8.0,3.5491804559844646,36.9426365002361,5.0,6,3.446051236720698,0.625,36.9426365002361,100.0,1.2,0.39999999999999997,3.078464345417077,0.0,3,0.0,0.0,0.0,10.827909500708301,0.2,9.235393036251232,100.0,1.0,0.0
172,random,2,2,294.8355072017306,113.39827200066561,28561.02592326179,9520.341974420597,159.6,19.95,13408.688191618381,1676.0860239522976,8.0,1.6604453563003247,33.333333333333336,5.4,5,1.1701920367876697,0.675,33.333333333333336,100.0,1.0,0.3333333333333333,0.0,0.0,3,0.0,0.0,0.0,0.0,0.0,0.0,100.0,1.0,0.0
173,random,2,2,84.1781176338047,84.1781176338047,893315.5138451147,297771.8379483716,190.4,22.666666666666668,11637.701167574332,1385.4406151874205,8.4,0.3982561528298723,56.65627199948327,7.2,9,0.79887382182264,0.8571428571428571,56.65627199948327,100.0,1.8,0.6,1.7564932397976465,0.0,3,69.96881599844983,0.8,5.2694797193929395,0.0,0.0,0.0,100.0,1.0,0.0
174,random,0,2,657.067988607666,219.02266286922202,657.067988607666,219.02266286922202,166.0,16.274509803921568,17958.44995581299,1760.6323486091167,10.2,0.7340212514835954,53.333333333333336,5.8,9,0.529109167264131,0.5686274509803921,53.333333333333336,100.0,1.8,0.6,0.0,0.0,3,60.0,0.8,0.0,0.0,0.0,0.0,100.0,1.0,0.0
175,random,0,0,156.7303261090123,52.243442036337434,156.7303261090123,52.243442036337434,185.0,21.022727272727273,17034.18474100928,1935.7028114783277,8.8,2.453351484830483,33.333333333333336,5.0,5,1.3523132889686016,0.5681818181818182,33.333333333333336,100.0,1.0,0.3333333333333333,0.0,0.0,3,0.0,0.0,0.0,0.0,0.0,0.0,100.0,1.0,0.0
176,random,0,0,231.13765056509516,82.54916091610542,1228.5000701490321,409.5000233830107,210.2,26.275,14500.493947413004,1812.5617434266255,8.0,3.9445250872587594,35.88067525876871,5.2,6,2.653612404656286,0.65,35.88067525876871,100.0,1.2,0.39999999999999997,3.0481220296894507,0.0,3,0.0,0.0,0.0,7.642025776306127,0.2,9.144366089068352,100.0,1.0,0.0
177,random,0,0,252.97867803361365,126.48933901680682,524223.656985541,174741.21899518033,239.6,25.48936170212766,13826.732866221475,1470.9290283214334,9.4,1.800378069648228,35.9421222727201,6.8,8,2.976622140388022,0.723404255319149,35.9421222727201,100.0,1.6,0.5333333333333333,2.9400682619462413,0.0,3,7.826366818160295,0.4,8.820204785838724,0.0,0.2,0.0,100.0,1.0,0.0
178,random,0,0,147.2285942708315,73.61429713541575,1000147.2285942708,333382.4095314236,277.0,27.15686274509804,17127.00655284388,1679.1182894944977,10.2,0.9080239644422426,33.333333333333336,8.2,5,0.7093654230512428,0.803921568627451,33.333333333333336,100.0,1.0,0.3333333333333333,0.0,0.0,3,0.0,0.0,0.0,0.0,0.0,0.0,100.0,1.0,0.0
179,random,2,0,443.7588773155593,147.9196257718531,443.7588773155593,147.9196257718531,273.6,26.823529411764707,19112.1403231478,1873.7392473674315,10.2,2.405128997481982,33.333333333333336,6.2,5,1.7324383986833012,0.6078431372549019,33.333333333333336,100.0,1.0,0.3333333333333333,0.0,0.0,3,0.0,0.0,0.0,0.0,0.0,0.0,100.0,1.0,0.0
180,random,2,2,148.99555390378163,49.66518463459388,148.99555390378163,49.66518463459388,302.0,35.116279069767444,14287.150707488345,1661.2965938939935,8.6,4.791972649565525,39.50825464180222,6.0,8,4.299891976834986,0.6976744186046512,39.50825464180222,100.0,1.6,0.5333333333333333,5.894260857799526,0.0,3,11.784325302458,0.2,8.48584856861867,6.740438622948659,0.4,9.196934004779905,100.0,1.0,0.0
181,random,2,2,343.6384578313864,190.91025435077023,337429.11183388915,112476.37061129638,334.6,37.17777777777778,13201.300194978883,1466.8111327754314,9.0,3.880694351841922,33.333333333333336,7.6,5,6.0442987525680225,0.8444444444444444,33.333333333333336,100.0,1.0,0.3333333333333333,0.0,0.0,3,0.0,0.0,0.0,0.0,0.0,0.0,100.0,1.0,0.0
182,random,2,2,401.1563289544155,154.2908957516983,413156.68905655266,137718.8963521842,374.0,34.629629629629626,18217.1102118721,1686.7694640622315,10.8,0.8570006691081542,33.333333333333336,8.2,5,0.8368509543686491,0.7592592592592593,33.333333333333336,100.0,1.0,0.3333333333333333,0.0,0.0,3,0.0,0.0,0.0,0.0,0.0,0.0,100.0,1.0,0.0
183,random,2,2,203.5761185156639,72.7057566127371,1010.8500471186715,336.95001570622384,414.0,37.63636363636363,18554.25428547646,1686.7503895887692,11.0,2.2929649060105515,33.333333333333336,8.0,5,2.0757108106172044,0.7272727272727273,33.333333333333336,100.0,1.0,0.3333333333333333,0.0,0.0,3,0.0,0.0,0.0,0.0,0.0,0.0,100.0,1.0,0.0
184,random,2,2,59.51304493898327,29.756522469491635,978804.5350720562,326268.1783573521,457.0,40.08771929824562,20239.992156410415,1775.437908457054,11.4,3.5489728643800835,36.61685657041895,9.2,6,3.7940732033553113,0.8070175438596491,36.61685657041895,100.0,1.2,0.39999999999999997,3.383899034310801,0.0,3,0.0,0.0,0.0,9.850569711256867,0.2,10.151697102932403,100.0,1.0,0.0
185,random,1,2,313.4349347554215,142.47042488882795,36233.70175519388,12077.900585064626,212.0,17.666666666666668,18577.500712975343,1548.125059414612,12.0,1.211011284653545,41.62665752456178,6.8,8,1.6370161395412723,0.5666666666666667,41.62665752456178,64.87997257368534,1.6,0.5333333333333333,2.153113966351112,0.0,3,64.87997257368534,0.8,6.459341899053336,0.0,0.0,0.0,60.0,0.8,0.0
186,random,1,1,165.53172592630796,75.24169360286724,655338.7902464825,218446.26341549415,81.2,7.12280701754386,21667.07892573934,1900.6209583981877,11.4,1.1762218889848057,40.64158809972772,4.4,8,0.9036516562735938,0.38596491228070173,40.64158809972772,100.0,1.6,0.5333333333333333,0.6036990382250723,0.0,3,100.0,1.0,0.0,0.0,0.0,0.0,21.924764299183153,0.6,1.811097114675217
187,random,1,1,195.38166599279916,69.7791664259997,848.4304336062041,282.8101445354014,99.0,9.51923076923077,18557.407623582683,1784.366117652181,10.4,2.19911720869621,41.96966607331736,4.0,10,1.5686928499180604,0.38461538461538464,41.96966607331736,100.0,2.0,0.6666666666666666,1.2563480576097383,0.0,3,100.0,1.0,0.0,0.0,0.0,0.0,25.908998219952082,1.0,3.769044172829215
188,random,1,1,312.57051437010216,130.2377143208759,270392.54104377085,90130.84701459028,122.0,13.555555555555555,16620.56132368055,1846.7290359645058,9.0,2.7597904493367396,36.42619038353738,5.2,9,2.2025627300526343,0.5777777777777777,36.42619038353738,100.0,1.8,0.6,1.8071154257500581,0.0,3,100.0,1.0,0.0,0.0,0.0,0.0,9.278571150612152,0.8,5.421346277250175
189,random,1,1,203.88354467692835,67.96118155897612,203.88354467692835,67.96118155897612,147.0,18.846153846153847,12992.12041866834,1665.6564639318385,7.8,4.891942076158142,37.26699623788894,5.2,6,4.847864875519789,0.6666666666666666,37.26699623788894,100.0,1.2,0.39999999999999997,2.8246220839724856,0.0,3,100.0,1.0,0.0,11.800988713666811,0.2,8.473866251917457,0.0,0.0,0.0
190,random,1,1,278.3294525187258,99.40337589954494,200278.32945251872,66759.44315083958,174.0,19.772727272727273,15229.97039650788,1730.678454148623,8.8,1.8455875038254272,33.333333333333336,6.0,5,3.253301917756426,0.6818181818181818,33.333333333333336,100.0,1.0,0.3333333333333333,0.0,0.0,3,100.0,1.0,0.0,0.0,0.0,0.0,0.0,0.0,0.0
191,random,1,1,154.25336282854897,64.2722345118954,9258.52345178466,3086.17448392822,204.6,22.733333333333334,14476.391650256399,1608.4879611395997,9.0,1.8451836783524402,33.333333333333336,6.4,5,1.414978508194375,0.7111111111111111,33.333333333333336,100.0,1.0,0.3333333333333333,0.0,0.0,3,100.0,1.0,0.0,0.0,0.0,0.0,0.0,0.0,0.0
192,random,1,1,60.464339856153856,30.232169928076928,949970.9056234343,316656.9685411448,239.0,26.555555555555557,14862.013646311698,1651.3348495901885,9.0,2.7634696227984006,40.27778986356831,7.0,7,2.5391363579370245,0.7777777777777778,40.27778986356831,100.0,1.4,0.4666666666666666,2.6040132565175127,0.0,3,100.0,1.0,0.0,20.833369590704933,0.4,7.8120397695525385,0.0,0.0,0.0
193,random,0,1,356.8196927059633,137.23834334844742,807.7880154667023,269.2626718222341,54.4,6.044444444444444,15749.02304424228,1749.8914493602533,9.0,2.78275885773262,43.780403276259676,3.0,9,3.2833610971228837,0.3333333333333333,43.780403276259676,60.0,1.8,0.6,2.939133816989076,0.0,3,60.0,0.8,0.0,60.0,0.8,0.0,11.341209828779029,0.2,8.817401450967228
194,random,0,0,272.7105970716355,113.6294154465148,67636.26175853089,22545.420586176962,2.0,0.2631578947368421,14979.841511639732,1971.0317778473332,7.6,1.9232322069425984,9.978297917314194,1.0,3,1.4035843774159487,0.13157894736842105,9.978297917314194,29.93489375194258,0.6,0.19999999999999998,0.6877570835379742,0.0,3,29.93489375194258,0.6,2.0632712506139224,0.0,0.0,0.0,0.0,0.0,0.0
195,random,0,0,140.55720677692014,46.85240225897338,140.55720677692014,46.85240225897338,10.0,1.5625,13834.110488255339,2161.579763789897,6.4,3.3364720349968917,7.44783927073513,2.0,3,1.900788967741699,0.3125,7.44783927073513,22.34351781220539,0.6,0.19999999999999998,1.070363039731762,0.0,3,22.34351781220539,0.6,3.2110891191952864,0.0,0.0,0.0,0.0,0.0,0.0
196,random,0,0,155.5865653664867,55.56663048803097,1354.172123506945,451.3907078356483,20.2,4.04,8849.924155549283,1769.9848311098567,5.0,3.9501295683485194,5.276916718033438,2.2,3,2.9225238696247833,0.44,5.276916718033438,10.991868275182242,0.6000000000000001,0.20000000000000004,6.020803622538847,0.0,3,4.838881878918073,0.4,8.964776371233164,10.991868275182242,0.2,9.097634496383376,0.0,0.0,0.0
197,random,0,0,244.09072706546144,122.04536353273072,95148.4879067641,31716.162635588033,37.0,5.78125,11103.637426153156,1734.9433478364306,6.4,1.5225527381674184,3.0853935314038003,4.4,2,1.776080411879489,0.6875,3.0853935314038003,9.2561805942114,0.4,0.13333333333333333,3.161325724795462,0.0,3,0.0,0.0,0.0,0.0,0.0,0.0,9.2561805942114,0.4,9.483977174386386
198,random,2,0,248.5832909818496,103.57637124243733,18302.906656476902,6100.968885492301,32.6,4.9393939393939394,11603.674780016057,1758.1325424266754,6.6,1.3195094390994875,0.0,3.0,0,0.9815128036378199,0.45454545454545453,0.0,0.0,0.0,0.0,0.0,0.0,3,0.0,0.0,0.0,0.0,0.0,0.0,0.0,0.0,0.0
199,random,2,2,209.6319247678708,69.87730825595693,209.6319247678708,69.87730825595693,46.0,6.764705882352941,13529.512129294559,1989.6341366609645,6.8,2.921508396645322,0.0,3.2,0,1.8978114787162472,0.47058823529411764,0.0,0.0,0.0,0.0,0.0,0.0,3,0.0,0.0,0.0,0.0,0.0,0.0,0.0,0.0,0.0
200,random,2,2,126.0047499300679,42.00158331002263,126.0047499300679,42.00158331002263,61.6,8.8,13321.453827350098,1903.0648324785855,7.0,3.982617960114197,5.92371465488668,3.4,3,3.1365772315183706,0.4857142857142857,5.92371465488668,10.812898775793656,0.6000000000000001,0.20000000000000004,6.010754204696109,0.0,3,10.812898775793656,0.2,9.248213829936654,6.958245188866385,0.4,8.784048784151674,0.0,0.0,0.0
201,random,2,2,225.0885430661795,75.02951435539318,225.0885430661795,75.02951435539318,81.6,10.461538461538462,13185.001317729053,1690.3847843242377,7.8,1.925415044928975,6.04401278324076,4.6,1,1.1400354484571864,0.5897435897435898,6.04401278324076,18.13203834972228,0.2,0.06666666666666667,1.4274604370282848,0.0,3,0.0,0.0,0.0,0.0,0.0,0.0,18.13203834972228,0.2,4.282381311084855
202,random,2,2,88.82667436426115,49.34815242458953,82328.75034806428,27442.91678268809,109.0,13.625,12367.605470539535,1545.9506838174418,8.0,1.2512783819086004,46.81627256130165,6.0,8,1.100612602927539,0.75,46.81627256130165,100.0,1.6,0.5333333333333333,2.5900315650770334,0.0,3,40.44881768390496,0.6,7.7700946952311005,0.0,0.0,0.0,100.0,1.0,0.0
203,random,2,2,218.03590112399246,136.27243820249527,460714.0979354526,153571.3659784842,142.0,16.136363636363637,14877.739972521773,1690.6522696047468,8.8,1.2362946561513575,66.66666666666667,7.2,10,1.622151905935957,0.8181818181818182,66.66666666666667,100.0,2.0,0.6666666666666666,0.0,0.0,3,100.0,1.0,0.0,0.0,0.0,0.0,100.0,1.0,0.0
204,random,0,2,519.4981585432562,185.5350566225915,747.2267864929116,249.0755954976372,117.2,13.627906976744185,14053.652679059718,1634.1456603557813,8.6,1.2556637289023438,57.421594428034645,4.8,10,1.255387807843156,0.5581395348837209,57.421594428034645,100.0,2.0,0.6666666666666666,2.717808587497488,0.0,3,60.0,0.8,0.0,12.264783284103942,0.2,8.153425762492464,100.0,1.0,0.0
205,random,0,0,96.42414039560734,48.21207019780367,256150.74583272138,85383.58194424046,134.0,17.17948717948718,14376.53716916184,1843.1457909181847,7.8,1.3993760366523718,33.333333333333336,5.0,5,1.1192079438777323,0.6410256410256411,33.333333333333336,100.0,1.0,0.3333333333333333,0.0,0.0,3,0.0,0.0,0.0,0.0,0.0,0.0,100.0,1.0,0.0
206,random,0,0,554.9646640714833,231.2352766964514,600554.9646640714,200184.98822135714,160.2,19.071428571428573,13324.222271680643,1586.2169371048385,8.4,1.8516519820470956,33.333333333333336,6.0,5,2.266521106920232,0.7142857142857143,33.333333333333336,100.0,1.0,0.3333333333333333,0.0,0.0,3,0.0,0.0,0.0,0.0,0.0,0.0,100.0,1.0,0.0
207,random,0,0,250.33986602631427,83.44662200877143,250.33986602631427,83.44662200877143,190.0,21.11111111111111,16512.55806943475,1834.7286743816392,9.0,3.09822777312715,37.1504813097863,6.0,6,3.186406582842763,0.6666666666666666,37.1504813097863,100.0,1.2,0.39999999999999997,2.9108410728776515,0.0,3,11.451443929358902,0.2,8.732523218632954,0.0,0.0,0.0,100.0,1.0,0.0
208,random,0,0,252.01676249867288,84.00558749955762,252.01676249867288,84.00558749955762,221.2,22.571428571428573,16383.72890106152,1671.8090715368899,9.8,1.9493451216622328,33.333333333333336,6.8,5,1.975968432871354,0.6938775510204082,33.333333333333336,100.0,1.0,0.3333333333333333,0.0,0.0,3,0.0,0.0,0.0,0.0,0.0,0.0,100.0,1.0,0.0
209,random,2,0,142.71787850941502,64.871762958825,11889.25866262471,3963.0862208749036,198.4,20.666666666666668,14896.481277578909,1551.716799747803,9.6,1.4795280842937688,35.0111954660421,6.0,7,1.3126883556927385,0.625,35.0111954660421,100.0,1.4,0.4666666666666666,2.2334213655592854,0.0,3,0.0,0.0,0.0,5.033586398126317,0.4,6.700264096677857,100.0,1.0,0.0
210,random,2,2,71.34209542950127,35.671047714750635,1617511.8011756153,539170.6003918718,224.0,23.829787234042552,16677.277408796534,1774.178447744312,9.4,1.793768223002679,33.333333333333336,6.2,5,1.3288025455038543,0.6595744680851063,33.333333333333336,100.0,1.0,0.3333333333333333,0.0,0.0,3,0.0,0.0,0.0,0.0,0.0,0.0,100.0,1.0,0.0
211,random,2,2,57.509444345948694,28.754722172974347,1000057.509444346,333352.5031481153,254.0,28.22222222222222,15322.91865439456,1702.546517154951,9.0,2.660619106292233,37.182476291266845,6.0,6,2.2471501440256376,0.6666666666666666,37.182476291266845,100.0,1.2,0.39999999999999997,2.8866454773288903,0.0,3,11.547428873800527,0.2,8.65993643198667,0.0,0.0,0.0,100.0,1.0,0.0
212,random,2,2,389.5495614420553,149.8267544007905,400389.549561442,133463.18318714734,286.0,29.183673469387756,17618.45929861252,1797.8019692461755,9.8,3.4548717148185095,36.92341138981798,7.0,6,3.6570924024781024,0.7142857142857143,36.92341138981798,100.0,1.2,0.39999999999999997,3.0949497298649127,0.0,3,0.0,0.0,0.0,10.770234169453943,0.2,9.284849189594738,100.0,1.0,0.0
213,random,2,2,234.57923528331776,83.77829831547064,200234.5792352833,66744.85974509444,321.0,34.148936170212764,14867.408494917627,1581.6392015869815,9.4,4.022261171223439,41.044723437068264,7.2,7,5.08776267513935,0.7659574468085106,41.044723437068264,100.0,1.4,0.4666666666666666,2.3550804248934076,0.0,3,23.134170311204798,0.4,7.065241274680223,0.0,0.0,0.0,100.0,1.0,0.0
214,random,2,2,185.67051749490122,92.83525874745061,422971.3659172958,140990.45530576527,358.0,35.8,15976.715228214347,1597.6715228214348,10.0,0.8642038540983225,66.66666666666667,7.8,10,0.8120858533415488,0.78,66.66666666666667,100.0,2.0,0.6666666666666666,0.0,0.0,3,100.0,1.0,0.0,0.0,0.0,0.0,100.0,1.0,0.0
215,random,2,2,331.3991505236225,236.71367894544466,1033852.6213437307,344617.54044791026,399.2,37.660377358490564,16805.99676583034,1585.4713930028622,10.6,1.5246295744140317,66.66666666666667,9.0,10,2.187171627562961,0.8490566037735849,66.66666666666667,100.0,2.0,0.6666666666666666,0.0,0.0,3,100.0,1.0,0.0,0.0,0.0,0.0,100.0,1.0,0.0
216,random,2,2,497.3762915763273,177.63438984868833,761.7595389616214,253.91984632054047,444.0,37.0,20795.972069928324,1732.997672494027,12.0,2.8329957365697123,67.58031759705166,9.0,11,3.4280933818269466,0.75,67.58031759705166,100.0,2.2,0.7333333333333334,2.935158654705932,0.0,3,100.0,1.0,0.0,2.740952791154996,0.2,8.805475964117797,100.0,1.0,0.0
217,random,1,2,324.78621446576926,115.9950765949176,1040.484341997265,346.8281139990883,216.0,19.285714285714285,19337.13155570238,1726.5296031877126,11.2,1.998304552970843,60.0,6.2,11,2.4472287019280157,0.5535714285714286,60.0,100.0,2.2,0.7333333333333334,0.0,0.0,3,100.0,1.0,0.0,0.0,0.2,0.0,80.0,1.0,0.0
218,random,1,1,231.702859483645,105.319481583475,225989.11455092338,75329.7048503078,111.8,10.351851851851851,18126.34105721709,1678.364912705286,10.8,1.1012880886165137,41.80992387676573,4.6,8,0.8888773852590302,0.42592592592592593,41.80992387676573,100.0,1.6,0.5333333333333333,0.5947077061484007,0.0,3,100.0,1.0,0.0,0.0,0.0,0.0,25.429771630297182,0.6,1.7841231184452022
219,random,1,1,317.9412581124755,132.47552421353146,157308.07184517133,52436.023948390444,132.0,12.0,20932.632854681586,1902.9666231528713,11.0,1.6533181118210138,41.63223749038176,5.2,10,1.4390836709715877,0.4727272727272727,41.63223749038176,100.0,2.0,0.6666666666666666,1.1760133039485436,0.0,3,100.0,1.0,0.0,0.0,0.0,0.0,24.896712471145293,1.0,3.5280399118456307
220,random,1,1,210.762249636152,70.25408321205067,210.762249636152,70.25408321205067,157.6,15.76,17861.437976197223,1786.1437976197224,10.0,2.494317682931203,36.33115567700315,5.4,7,1.506850068895012,0.54,36.33115567700315,100.0,1.4,0.4666666666666666,1.7383964935752008,0.0,3,100.0,1.0,0.0,0.0,0.0,0.0,8.993467031009459,0.4,5.215189480725602
221,random,1,1,156.46940755008637,52.15646918336213,156.46940755008637,52.15646918336213,190.0,17.92452830188679,18417.67311313198,1737.5163314275453,10.6,2.179107757206455,38.83566302638277,7.2,8,0.9685766874204302,0.6792452830188679,38.83566302638277,100.0,1.5999999999999999,0.5333333333333333,4.935225833713265,0.0,3,100.0,1.0,0.0,7.2611711618765185,0.4,9.056510018371045,9.24581791727178,0.2,5.749167482768749
222,random,1,1,217.28639885887773,135.8039992867986,471594.8010757823,157198.26702526075,230.2,20.553571428571427,16304.798149568562,1455.7855490686215,11.2,0.5002397310264731,66.66666666666667,9.4,10,0.5522116092827343,0.8392857142857143,66.66666666666667,100.0,2.0,0.6666666666666666,0.0,0.0,3,100.0,1.0,0.0,0.0,0.0,0.0,100.0,1.0,0.0
223,random,0,1,229.14636032422058,114.57318016211029,1000229.1463603241,333409.7154534414,117.8,10.517857142857142,19818.433753474943,1769.5030137031197,11.2,0.9795433640116715,53.333333333333336,7.0,9,0.9418356334219234,0.625,53.333333333333336,100.0,1.8,0.6,0.0,0.0,3,60.0,0.8,0.0,0.0,0.0,0.0,100.0,1.0,0.0
224,random,0,0,214.41464433441107,107.20732216720553,605977.4758911029,201992.49196370097,96.6,9.288461538461538,18482.61384353256,1777.1744080319768,10.4,1.5638489830125488,64.70920413654919,5.6,11,1.5158989529946156,0.5384615384615384,64.70920413654919,100.0,2.2,0.7333333333333334,2.117620965646875,0.0,3,35.76216862314595,0.6,2.0552101018838407,58.3654437865016,0.6,4.297652795056784,100.0,1.0,0.0
225,random,0,0,281.11977520594314,127.78171600270142,1142237.5280135185,380745.84267117287,126.0,12.6,18220.40727371563,1822.040727371563,10.0,1.8609157664443858,74.26542158364403,6.4,13,2.1074268626341097,0.64,74.26542158364403,100.0,2.6,0.8666666666666667,2.0505179759375305,0.0,3,22.796264750932096,0.6,6.151553927812591,100.0,1.0,0.0,100.0,1.0,0.0
226,random,0,0,277.7811804265907,92.59372680886356,277.7811804265907,92.59372680886356,156.2,15.62,17052.682757541384,1705.2682757541386,10.0,1.704137430272361,66.66666666666667,6.2,11,1.3083701747568957,0.62,66.66666666666667,100.0,2.2,0.7333333333333334,0.0,0.0,3,0.0,0.2,0.0,100.0,1.0,0.0,100.0,1.0,0.0
227,random,0,0,452.88935744433854,150.96311914811284,452.88935744433854,150.96311914811284,190.6,17.9811320754717,17655.986888235147,1665.6591403995421,10.6,1.7210347143470714,66.66666666666667,7.6,10,1.0428981725741793,0.7169811320754716,66.66666666666667,100.0,2.0,0.6666666666666666,0.0,0.0,3,0.0,0.0,0.0,100.0,1.0,0.0,100.0,1.0,0.0
228,random,2,0,266.5320697719659,88.84402325732196,266.5320697719659,88.84402325732196,137.4,13.470588235294118,16973.291695571552,1664.0482054481913,10.2,2.004252478241533,62.04925488948296,5.6,12,1.4014214499215432,0.5490196078431373,62.04925488948296,100.0,2.4,0.7999999999999999,2.981153597310186,0.0,3,6.147764668448872,0.4,8.943460791930558,80.0,1.0,0.0,100.0,1.0,0.0
229,random,2,2,131.54316064631013,65.77158032315506,201430.9313630703,67143.6437876901,152.0,16.52173913043478,15441.291543184441,1678.4012546939612,9.2,1.1333997213618139,44.43981108955844,6.0,8,1.0329246780352137,0.6521739130434783,44.43981108955844,100.0,1.6,0.5333333333333333,0.5567051412537654,0.0,3,0.0,0.0,0.0,33.31943326867531,0.6,1.670115423761296,100.0,1.0,0.0
230,random,2,2,289.5254718897295,144.76273594486474,599707.9163777933,199902.63879259778,182.2,22.21951219512195,12480.77842711346,1522.046149647983,8.2,2.8563743147273386,33.333333333333336,6.4,5,4.569935836616491,0.7804878048780488,33.333333333333336,100.0,1.0,0.3333333333333333,0.0,0.0,3,0.0,0.0,0.0,0.0,0.0,0.0,100.0,1.0,0.0
231,random,2,2,150.63170473968432,83.68428041093573,1538279.5616682288,512759.8538894096,216.0,24.0,14710.949699679772,1634.5499666310857,9.0,1.5214045811234567,33.333333333333336,7.4,5,3.359705158196729,0.8222222222222222,33.333333333333336,100.0,1.0,0.3333333333333333,0.0,0.0,3,0.0,0.0,0.0,0.0,0.0,0.0,100.0,1.0,0.0
232,random,2,2,343.39390851062774,122.64068161093849,554.895359294241,184.965119764747,251.0,25.1,17633.50529679904,1763.350529679904,10.0,1.9691966529697598,33.333333333333336,7.0,5,1.521544566220006,0.7,33.333333333333336,100.0,1.0,0.3333333333333333,0.0,0.0,3,0.0,0.0,0.0,0.0,0.0,0.0,100.0,1.0,0.0
233,random,2,2,172.06584183014826,61.4520863679101,405.04559005068603,135.015196683562,286.0,28.6,17106.2584074017,1710.62584074017,10.0,3.1931126577357976,46.98059182461748,7.0,8,2.8339006470623755,0.7,46.98059182461748,100.0,1.6,0.5333333333333333,2.573845789618072,0.0,3,40.94177547385243,0.6,7.721537368854217,0.0,0.0,0.0,100.0,1.0,0.0
234,random,2,2,395.1758890718574,164.65662044660726,5412.112121366321,1804.0373737887737,324.6,30.62264150943396,17346.865356897157,1636.4967317827504,10.6,4.010454870014073,70.23405783791229,8.6,11,5.259558459308955,0.8113207547169812,70.23405783791229,100.0,2.2,0.7333333333333334,3.114632115667728,0.0,3,100.0,1.0,0.0,10.702173513736852,0.2,9.343896347003184,100.0,1.0,0.0
235,random,0,2,92.01223002426394,51.11790556903552,1321515.1824461487,440505.0608153829,292.8,30.5,16318.379367550762,1699.831184119871,9.6,3.4469676260299753,53.333333333333336,6.8,9,5.3001143863217965,0.7083333333333334,53.333333333333336,100.0,1.8,0.6,0.0,0.0,3,60.0,0.8,0.0,0.0,0.0,0.0,100.0,1.0,0.0
236,random,0,0,59.964481930048315,29.982240965024157,1000059.96448193,333353.3214939767,314.0,34.888888888888886,16445.57948746006,1827.2866097177848,9.0,2.726303709570864,33.333333333333336,6.0,5,2.5728627325479696,0.6666666666666666,33.333333333333336,100.0,1.0,0.3333333333333333,0.0,0.0,3,0.0,0.0,0.0,0.0,0.0,0.0,100.0,1.0,0.0
237,random,0,0,270.65267604996717,123.02394365907598,600573.1575211247,200191.05250704158,344.0,39.09090909090909,15495.646307046603,1760.8688985280232,8.8,3.2906482287281666,36.864745585226046,6.4,7,3.5266762787980763,0.7272727272727273,36.864745585226046,100.0,1.4,0.4666666666666666,3.0780362391223526,0.0,3,10.59423675567814,0.4,9.234108717367057,0.0,0.0,0.0,100.0,1.0,0.0
238,random,0,0,231.35290404578208,77.11763468192736,231.35290404578208,77.11763468192736,374.0,41.55555555555556,16824.904705320725,1869.4338561467473,9.0,4.012033938634254,36.795981274164355,6.0,6,3.678675585512354,0.6666666666666666,36.795981274164355,100.0,1.2,0.39999999999999997,3.208848055296226,0.0,3,0.0,0.0,0.0,10.387943822493071,0.2,9.626544165888678,100.0,1.0,0.0
239,random,0,0,252.31553416296975,97.04443621652682,200631.36202381444,66877.12067460481,404.0,44.888888888888886,14887.945010709493,1654.2161123010546,9.0,2.486578903930214,33.333333333333336,6.2,5,2.4327988602064683,0.6888888888888889,33.333333333333336,100.0,1.0,0.3333333333333333,0.0,0.0,3,0.0,0.0,0.0,0.0,0.0,0.0,100.0,1.0,0.0
240,random,2,0,41.703047556897424,20.851523778448712,757087.8481362339,252362.6160454113,437.0,44.59183673469388,16756.13606519347,1709.8098025707623,9.8,3.1370401202642455,36.96268282112063,7.2,6,2.414822401980818,0.7346938775510204,36.96268282112063,100.0,1.2,0.39999999999999997,3.0614607792663207,0.0,3,10.888048463361883,0.2,9.184382337798962,0.0,0.0,0.0,100.0,1.0,0.0
241,random,2,2,204.96512001712213,93.16596364414642,600502.5850856679,200167.5283618893,474.0,44.716981132075475,17629.68363273789,1663.177701201688,10.6,3.068128000150823,33.333333333333336,8.0,5,3.0887012227820034,0.7547169811320755,33.333333333333336,100.0,1.0,0.3333333333333333,0.0,0.0,3,0.0,0.0,0.0,0.0,0.0,0.0,100.0,1.0,0.0
242,random,2,2,318.42971170696285,106.14323723565428,318.42971170696285,106.14323723565428,514.0,49.42307692307692,18086.420440492555,1739.0788885088996,10.4,5.14158072803882,36.74773654502284,8.0,7,5.164922775485133,0.7692307692307693,36.74773654502284,100.0,1.4,0.4666666666666666,2.9805532762159905,0.0,3,0.0,0.0,0.0,10.243209635068524,0.4,8.941659828647971,100.0,1.0,0.0
243,random,2,2,197.6804859554068,82.36686914808617,201315.29711720042,67105.0990390668,554.0,52.264150943396224,16524.53907779494,1558.918780924051,10.6,3.140268969645248,37.10320859481575,8.2,6,4.469432343713766,0.7735849056603774,37.10320859481575,100.0,1.2,0.39999999999999997,2.9473418456667813,0.0,3,11.309625784447235,0.2,8.842025537000344,0.0,0.0,0.0,100.0,1.0,0.0
244,random,2,2,150.62813142536712,107.5915224466908,234427.5862893789,78142.5287631263,600.0,51.724137931034484,18751.75630834148,1616.5307162363345,11.6,1.1984111923656664,33.333333333333336,10.2,5,1.7095794023809434,0.8793103448275862,33.333333333333336,100.0,1.0,0.3333333333333333,0.0,0.0,3,0.0,0.0,0.0,0.0,0.0,0.0,100.0,1.0,0.0
245,random,2,2,254.5671998879041,115.71236358541096,1162002.4578117644,387334.1526039215,650.0,51.58730158730159,21186.090842690686,1681.4357811659274,12.6,2.5617601753386214,33.333333333333336,10.2,5,2.9698496924190056,0.8095238095238095,33.333333333333336,100.0,1.0,0.3333333333333333,0.0,0.0,3,0.0,0.0,0.0,0.0,0.0,0.0,100.0,1.0,0.0
246,random,1,2,278.8548936853521,92.95163122845071,278.8548936853521,92.95163122845071,338.6,26.873015873015873,21750.58110728658,1726.2365958163953,12.6,2.8979279402730147,21.88992363364226,7.2,6,3.1405977661392086,0.5714285714285714,21.88992363364226,60.0,1.2000000000000002,0.4000000000000001,2.985685006249696,0.0,3,0.0,0.0,0.0,5.669770900926778,0.4,8.957055018749088,60.0,0.8,0.0
247,random,1,1,196.6202708257035,70.2215252948941,855.2035822833492,285.0678607611164,69.6,5.8,20858.41068657222,1738.2008905476853,12.0,1.4565824508058707,23.481370777741784,3.8,6,0.7112508318295852,0.31666666666666665,23.481370777741784,44.997971073985354,1.2,0.39999999999999997,2.8383580838614595,0.0,3,44.997971073985354,0.6,6.707218882760806,0.0,0.0,0.0,25.446141259239994,0.6,1.807855368823572
248,random,1,1,217.02783190265654,98.64901450120752,283367.65111191047,94455.88370397016,71.0,6.454545454545454,21525.574561648475,1956.870414695316,11.0,1.8830396040427477,41.52290123079032,4.4,10,1.3773111067362032,0.4,41.52290123079032,100.0,2.0,0.6666666666666666,1.3045182742044075,0.0,3,100.0,1.0,0.0,0.0,0.0,0.0,24.568703692370946,1.0,3.9135548226132224
249,random,1,1,237.27535993269484,79.09178664423162,237.27535993269484,79.09178664423162,93.2,7.766666666666667,19888.823396001302,1657.4019496667752,12.0,2.274758834306447,57.76402822623974,5.0,11,1.4158870989221628,0.4166666666666667,57.76402822623974,100.0,2.2,0.7333333333333334,4.793080022095655,0.0,3,100.0,1.0,0.0,6.450272499637322,0.4,8.92203198308125,66.8418121790819,0.8,5.457208083205714
250,random,1,1,194.45297714418948,88.38771688372248,288388.52075070015,96129.50691690005,127.4,10.616666666666667,19317.279343776238,1609.7732786480199,12.0,0.8335194440954325,66.66666666666667,8.4,10,0.5678520296738983,0.7,66.66666666666667,100.0,2.0,0.6666666666666666,0.0,0.0,3,100.0,1.0,0.0,0.0,0.0,0.0,100.0,1.0,0.0
251,random,1,1,290.7910858968264,161.55060327601467,632443.29659729,210814.43219909666,176.4,14.0,18747.559451113488,1487.9015437391656,12.6,0.5959876848655349,66.66666666666667,10.6,10,0.6859315846143191,0.8412698412698413,66.66666666666667,100.0,2.0,0.6666666666666666,0.0,0.0,3,100.0,1.0,0.0,0.0,0.0,0.0,100.0,1.0,0.0
252,random,2,1,315.2223713338824,175.12353962993467,846446.9048399482,282148.96827998274,197.0,14.924242424242424,21843.266737203165,1654.7929346366034,13.2,0.7494743307749162,66.66666666666667,10.4,10,0.9841379634560655,0.7878787878787878,66.66666666666667,100.0,2.0,0.6666666666666666,0.0,0.0,3,100.0,1.0,0.0,0.0,0.0,0.0,100.0,1.0,0.0
253,random,2,2,312.8116881426777,130.3382033927824,400573.85719909763,133524.61906636588,245.0,18.846153846153847,22252.04483515174,1711.6957565501339,13.0,2.2896824549854338,66.66666666666667,10.2,10,2.6334118576628107,0.7846153846153846,66.66666666666667,100.0,2.0,0.6666666666666666,0.0,0.0,3,100.0,1.0,0.0,0.0,0.0,0.0,100.0,1.0,0.0
254,random,2,2,286.39062529977684,102.28236617849174,28605.166791270567,9535.05559709019,295.2,21.391304347826086,23416.25558889397,1696.8301151372443,13.8,2.118950586596281,70.41023123617076,10.6,11,2.228377651885025,0.7681159420289855,70.41023123617076,100.0,2.2,0.7333333333333334,2.968056488627097,0.0,3,100.0,1.0,0.0,11.230693708512263,0.2,8.90416946588129,100.0,1.0,0.0
255,random,2,2,345.5831093338716,132.91658051302755,1082.567321616946,360.8557738723153,349.0,24.928571428571427,22705.8063597623,1621.8433114115928,14.0,1.5441058020180258,66.66666666666667,11.0,10,1.5963079150945614,0.7857142857142857,66.66666666666667,100.0,2.0,0.6666666666666666,0.0,0.0,3,100.0,1.0,0.0,0.0,0.0,0.0,100.0,1.0,0.0
256,random,2,2,126.24760178278537,63.12380089139268,2196234.202555278,732078.067518426,407.0,28.661971830985916,23568.18619029082,1659.7314218514664,14.2,2.4158087930201213,66.66666666666667,12.2,10,2.867388680694606,0.8591549295774648,66.66666666666667,100.0,2.0,0.6666666666666666,0.0,0.0,3,100.0,1.0,0.0,0.0,0.0,0.0,100.0,1.0,0.0
257,random,2,2,532.5008281686816,221.875345070284,3019.0146168086076,1006.3382056028692,467.2,31.14666666666667,23150.56602518249,1543.3710683454992,15.0,2.358346880166144,69.25654381286829,12.2,12,3.3992525277301633,0.8133333333333334,69.25654381286829,100.0,2.4,0.7999999999999999,2.9200890587021906,0.0,3,100.0,1.0,0.0,7.769631438604847,0.4,8.760267176106572,100.0,1.0,0.0
258,random,2,2,304.584665653204,190.3654160332525,523467.8910259229,174489.29700864098,533.0,33.734177215189874,24973.123122396562,1580.577412809909,15.8,0.2821719219102223,66.66666666666667,14.2,10,0.2802928344254382,0.8987341772151899,66.66666666666667,100.0,2.0,0.6666666666666666,0.0,0.0,3,100.0,1.0,0.0,0.0,0.0,0.0,100.0,1.0,0.0
259,random,1,2,752.1282975423417,268.6172491222649,967.0624338934655,322.3541446311552,455.0,28.4375,25644.78509083621,1602.799068177263,16.0,0.7253149766804078,46.666666666666664,11.4,8,0.6509222987956217,0.7125,46.666666666666664,100.0,1.6,0.5333333333333333,0.0,0.0,3,100.0,1.0,0.0,0.0,0.0,0.0,40.0,0.6,0.0
260,random,1,1,254.41377119220175,84.80459039740059,254.41377119220175,84.80459039740059,348.6,22.636363636363637,27984.212558767314,1817.1566596602154,15.4,1.6396473617389915,42.87352854030511,7.8,8,1.0540089855010897,0.5064935064935064,42.87352854030511,100.0,1.6,0.5333333333333333,0.5100002546063461,0.0,3,100.0,1.0,0.0,0.0,0.0,0.0,28.620585620915335,0.6,1.5300007638190383
261,random,1,1,168.03778337103478,70.0157430712645,12373.55919577925,4124.519731926416,379.2,26.333333333333332,25393.118490574816,1763.4110062899179,14.4,2.1477971338327277,48.44359803933306,7.6,10,1.6442008718007661,0.5277777777777778,48.44359803933306,100.0,2.0,0.6666666666666666,4.214997117319823,0.0,3,100.0,1.0,0.0,11.266167064945876,0.2,8.876133242435671,34.0646270530533,0.8,3.768858109523797
262,random,1,1,17.717631563085327,17.717631563085327,2349182.0991157736,783060.6997052579,422.0,32.46153846153846,23244.91282696138,1788.0702174585676,13.0,1.7851206590294746,40.95532922333101,9.4,9,2.5597076240787295,0.7230769230769231,40.95532922333101,100.0,1.8,0.6,1.8960214415540129,0.0,3,100.0,1.0,0.0,0.0,0.0,0.0,22.865987669993046,0.8,5.688064324662038
263,random,1,1,722.5365961764186,240.84553205880619,722.5365961764186,240.84553205880619,467.0,37.06349206349206,21607.023471563214,1714.8431326637472,12.6,2.890378079156178,36.94693245538474,9.0,7,3.5630623921401328,0.7142857142857143,36.94693245538474,100.0,1.4,0.4666666666666666,3.0748045745604,0.0,3,100.0,1.0,0.0,0.0,0.0,0.0,10.84079736615422,0.4,9.2244137236812
264,random,1,1,230.0323776736021,76.67745922453403,230.0323776736021,76.67745922453403,512.0,46.54545454545455,18035.87350301264,1639.62486391024,11.0,5.327363824574033,33.333333333333336,9.0,5,6.068171411782495,0.8181818181818182,33.333333333333336,100.0,1.0,0.3333333333333333,0.0,0.0,3,100.0,1.0,0.0,0.0,0.0,0.0,0.0,0.0,0.0
265,random,1,1,79.86550920339839,44.36972733522133,528041.6122615677,176013.8707538559,559.0,48.189655172413794,18265.02977588212,1574.5715324036312,11.6,2.816368023490712,33.530316330358495,10.0,6,4.4703682884618825,0.8620689655172413,33.530316330358495,100.0,1.2,0.39999999999999997,2.5235008286437326,0.0,3,100.0,1.0,0.0,0.5909489910754928,0.2,7.570502485931198,0.0,0.0,0.0
266,random,1,1,191.75810246414326,136.97007318867378,1779239.1310376409,593079.7103458802,610.2,48.42857142857143,19517.4295521914,1549.0023454120158,12.6,1.1971122161709176,66.66666666666667,10.8,10,1.5871907655857211,0.8571428571428571,66.66666666666667,100.0,2.0,0.6666666666666666,0.0,0.0,3,100.0,1.0,0.0,100.0,1.0,0.0,0.0,0.0,0.0
267,random,1,1,345.80969568056594,172.90484784028297,1285305.4844435288,428435.16148117627,665.0,50.378787878787875,21782.610532347273,1650.197767602066,13.2,2.177675037404973,66.66666666666667,11.2,10,2.9053853985760925,0.8484848484848485,66.66666666666667,100.0,2.0,0.6666666666666666,0.0,0.0,3,100.0,1.0,0.0,100.0,1.0,0.0,0.0,0.0,0.0
268,random,1,1,525.9018759843445,202.26995230167097,83291.91412980427,27763.97137660142,720.6,51.47142857142857,22073.004288466145,1576.6431634618675,14.0,2.678990981852015,70.29386607167301,11.4,11,3.524764878674331,0.8142857142857143,70.29386607167301,100.0,2.2,0.7333333333333334,3.063275511066552,0.0,3,100.0,1.0,0.0,100.0,1.0,0.0,10.88159821501904,0.2,9.189826533199657
269,random,2,1,322.6734926417165,179.26305146762027,1085197.1497517503,361732.3832505834,684.0,48.857142857142854,22986.280348969718,1641.8771677835512,14.0,0.84600336304359,53.333333333333336,10.6,9,1.0665804919252253,0.7571428571428571,53.333333333333336,100.0,1.8,0.6,0.0,0.0,3,100.0,1.0,0.0,60.0,0.8,0.0,0.0,0.0,0.0
270,random,2,2,361.0424139514097,138.86246690438833,200593.32006181043,66864.44002060348,721.0,51.5,24487.73856296411,1749.124183068865,14.0,2.537333091717814,36.896723055606344,10.2,6,2.6402011351608827,0.7285714285714285,36.896723055606344,100.0,1.2,0.39999999999999997,3.0125029279229545,0.0,3,100.0,1.0,0.0,10.690169166819032,0.2,9.037508783768864,0.0,0.0,0.0
271,random,2,2,248.14982817761444,95.44224160677479,1328.1716876387877,442.7238958795959,771.0,58.40909090909091,21099.87236826981,1598.4751794143795,13.2,2.0239882167530348,33.333333333333336,10.2,6,1.9018127260013522,0.7727272727272727,33.333333333333336,100.0,1.2,0.39999999999999997,0.0,0.0,3,100.0,1.0,0.0,0.0,0.2,0.0,0.0,0.0,0.0
272,random,2,2,55.615771154312334,30.897650641284628,1168122.539098212,389374.179699404,824.2,63.4,20038.532744661734,1541.4255957432104,13.0,1.982234771435364,37.46940418564009,11.2,6,1.758699650961518,0.8615384615384616,37.46940418564009,100.0,1.2,0.39999999999999997,2.686392837036209,0.0,3,100.0,1.0,0.0,0.0,0.0,0.0,12.408212556920262,0.2,8.059178511108627
273,random,2,2,15.994236128328614,15.994236128328614,1991657.899061162,663885.9663537206,883.0,66.89393939393939,21129.28452239954,1600.703372909056,13.2,1.9725891236946738,33.333333333333336,12.2,5,2.829552843260911,0.9242424242424242,33.333333333333336,100.0,1.0,0.3333333333333333,0.0,0.0,3,100.0,1.0,0.0,0.0,0.0,0.0,0.0,0.0,0.0
274,random,2,2,545.3809767328759,227.2420736386983,201266.79831859976,67088.93277286658,943.0,62.86666666666667,24123.637673950314,1608.2425115966876,15.0,2.7090857590755806,36.93629120680574,12.2,6,3.630516957551938,0.8133333333333334,36.93629120680574,100.0,1.2,0.39999999999999997,3.0838859351976295,0.0,3,100.0,1.0,0.0,10.808873620417216,0.2,9.251657805592888,0.0,0.0,0.0
275,random,1,2,455.84490881801173,207.20223128091442,2970074.623472049,990024.874490683,962.0,64.13333333333334,24009.484566268293,1600.6323044178862,15.0,1.0739285199054343,33.333333333333336,11.6,5,1.3019672280186114,0.7733333333333333,33.333333333333336,100.0,1.0,0.3333333333333333,0.0,0.0,3,100.0,1.0,0.0,0.0,0.0,0.0,0.0,0.0,0.0
276,random,1,1,69.81869410337785,34.909347051688925,1000069.8186941033,333356.60623136774,1019.0,72.78571428571429,23407.231611609343,1671.945115114953,14.0,3.0573113298663483,33.333333333333336,12.0,5,3.2383348074618983,0.8571428571428571,33.333333333333336,100.0,1.0,0.3333333333333333,0.0,0.0,3,100.0,1.0,0.0,0.0,0.0,0.0,0.0,0.0,0.0
277,random,1,1,36.71446987587038,18.35723493793519,1000036.7144698759,333345.5714899586,1079.0,80.5223880597015,22183.885988034424,1655.5138797040615,13.4,5.153715045606096,36.91994457375737,12.0,6,5.295087127645182,0.8955223880597015,36.91994457375737,100.0,1.2,0.39999999999999997,3.097941306233531,0.0,3,100.0,1.0,0.0,0.0,0.0,0.0,10.759833721272116,0.2,9.293823918700593
278,random,1,1,173.43940910257444,96.35522727920802,1000460.777959015,333486.92598633835,1139.0,82.53623188405797,21003.3267926794,1521.9802023680725,13.8,3.664292378167027,35.828531909169214,12.4,7,5.321094610661268,0.8985507246376812,35.828531909169214,100.0,1.4,0.4666666666666666,2.973992630001158,0.0,3,100.0,1.0,0.0,7.4855957275076435,0.4,8.921977890003474,0.0,0.0,0.0
279,random,1,1,322.6968441664582,230.49774583318447,227765.76018102924,75921.92006034308,1202.6,80.17333333333333,23328.964885001667,1555.2643256667777,15.0,0.7942644654249921,33.333333333333336,13.4,5,1.1777733434987367,0.8933333333333333,33.333333333333336,100.0,1.0,0.3333333333333333,0.0,0.0,3,100.0,1.0,0.0,0.0,0.0,0.0,0.0,0.0,0.0
280,random,1,1,194.74044060468606,121.71277537792878,1278359.962670724,426119.987556908,1272.0,80.50632911392405,25320.094382090752,1602.5376191196679,15.8,1.8089929359200445,33.333333333333336,14.2,5,2.467430325740446,0.8987341772151899,33.333333333333336,100.0,1.0,0.3333333333333333,0.0,0.0,3,100.0,1.0,0.0,0.0,0.0,0.0,0.0,0.0,0.0
281,random,0,1,253.45405749689866,97.48232980649948,812.2890939653605,270.76303132178685,757.0,51.84931506849315,25892.370469435038,1773.4500321530847,14.6,3.2083520184105416,21.22429482644293,9.4,6,3.0402546001554285,0.6438356164383562,21.22429482644293,60.0,1.2000000000000002,0.4000000000000001,2.863921484133849,0.0,3,60.0,0.8,0.0,0.0,0.0,0.0,3.6728844793287863,0.4,8.591764452401547
282,random,0,0,203.27957285820634,67.75985761940211,203.27957285820634,67.75985761940211,190.8,14.029411764705882,23749.02322664134,1746.251707841275,13.6,1.962253842648277,12.04630227881959,5.2,3,1.0747539746390562,0.38235294117647056,12.04630227881959,36.13890683645877,0.6,0.19999999999999998,0.6678592835272124,0.0,3,36.13890683645877,0.6,2.003577850581637,0.0,0.0,0.0,0.0,0.0,0.0
283,random,0,0,131.81660629857072,43.93886876619024,131.81660629857072,43.93886876619024,19.4,1.4923076923076923,25424.104874519413,1955.7003749630317,13.0,2.377405708473189,16.332920867237892,2.6,5,0.6333068623335113,0.2,16.332920867237892,37.12227019911097,1.0,0.3333333333333333,4.203972060619917,0.0,3,37.12227019911097,0.8,4.191921741574905,11.876492402602707,0.2,8.419994440284846,0.0,0.0,0.0
284,random,0,0,130.53646545552746,43.512155151842485,130.53646545552746,43.512155151842485,25.6,1.9692307692307693,24141.226979693027,1857.0174599763866,13.0,2.759278041959753,11.804221412535298,3.6,5,1.1325215070650214,0.27692307692307694,11.804221412535298,30.31781107616098,1.0,0.3333333333333333,4.674270994693989,0.0,3,30.31781107616098,0.8,5.2679353149971515,0.0,0.0,0.0,5.094853161444917,0.2,8.754877669084816
285,random,0,0,239.12911150908522,91.972735195802,87683.33437192008,29227.77812397336,51.8,3.753623188405797,20716.4754224774,1501.1938711940147,13.8,1.5769210274960888,33.333333333333336,7.0,6,0.9847739925476784,0.5072463768115942,33.333333333333336,100.0,1.2,0.39999999999999997,0.0,0.0,3,100.0,1.0,0.0,0.0,0.0,0.0,0.0,0.2,0.0
286,random,2,0,280.47095366721226,127.4867971214601,950785.1117209696,316928.3705736565,66.4,4.882352941176471,21029.065337594075,1546.2548042348585,13.6,0.8161924927060898,45.835260827408696,9.0,8,0.8298937449969896,0.6617647058823529,45.835260827408696,100.0,1.6,0.5333333333333333,1.4002162706987165,0.0,3,100.0,1.0,0.0,37.505782482226095,0.6,4.20064881209615,0.0,0.0,0.0
287,random,2,2,189.46235084190306,86.1192503826832,39828.23807744673,13276.079359148911,111.6,8.584615384615384,20636.855972314494,1587.4504594088073,13.0,2.0188154103497906,33.333333333333336,10.2,5,3.3673802542883187,0.7846153846153846,33.333333333333336,100.0,1.0,0.3333333333333333,0.0,0.0,3,100.0,1.0,0.0,0.0,0.0,0.0,0.0,0.0,0.0
288,random,2,2,91.16109558308564,50.64505310171424,1366388.5490451767,455462.84968172555,166.0,13.387096774193548,20048.50399345664,1616.8148381819872,12.4,3.451207075001069,33.333333333333336,11.2,5,5.2871925241211155,0.9032258064516129,33.333333333333336,100.0,1.0,0.3333333333333333,0.0,0.0,3,100.0,1.0,0.0,0.0,0.0,0.0,0.0,0.0,0.0
289,random,2,2,87.33033839473431,48.516854663741285,800774.4125739525,266924.80419131747,221.0,16.492537313432837,21028.71946189637,1569.3074225295798,13.4,1.3644029929286283,46.48546228079795,11.2,7,1.2678807843082898,0.835820895522388,46.48546228079795,100.0,1.4,0.4666666666666666,1.2557142787850253,0.0,3,100.0,1.0,0.0,0.0,0.0,0.0,39.45638684239384,0.4,3.767142836355076
290,random,2,2,465.23421719786836,232.61710859893418,96606.35335044282,32202.11778348094,279.0,19.928571428571427,22985.875174446854,1641.8482267462036,14.0,1.9259705942658933,66.66666666666667,12.0,10,2.59368787805032,0.8571428571428571,66.66666666666667,100.0,2.0,0.6666666666666666,0.0,0.0,3,100.0,1.0,0.0,0.0,0.0,0.0,100.0,1.0,0.0
291,random,2,2,248.3880024714868,155.24250154467924,818128.5552693619,272709.51842312067,340.2,23.625,22899.94108602083,1590.2736865292243,14.4,2.860943427815826,69.79279457536298,12.8,12,3.9509409954741437,0.8888888888888888,69.79279457536298,100.0,2.4,0.7999999999999999,2.9670469463492437,0.0,3,100.0,1.0,0.0,9.378383726088941,0.4,8.90114083904773,100.0,1.0,0.0
292,random,2,2,477.5453893804324,238.7726946902162,696563.8074595712,232187.93581985706,406.2,25.074074074074073,25108.02602344621,1549.8781495954452,16.2,0.642219521908299,66.66666666666667,14.0,10,1.1864036935885172,0.8641975308641975,66.66666666666667,100.0,2.0,0.6666666666666666,0.0,0.0,3,100.0,1.0,0.0,0.0,0.0,0.0,100.0,1.0,0.0
293,random,1,2,488.7865491379521,174.56662469212574,1401.6387110600474,467.21290368668247,376.2,23.22222222222222,27247.627594904152,1681.952320673096,16.2,1.3491075234323935,53.333333333333336,11.6,9,1.0569296731948514,0.7160493827160493,53.333333333333336,100.0,1.8,0.6,0.0,0.0,3,100.0,1.0,0.0,0.0,0.0,0.0,60.0,0.8,0.0
294,random,1,1,49.45764158628415,24.728820793142074,1616506.5859437238,538835.5286479079,420.0,28.0,24432.888812309655,1628.859254153977,15.0,2.6917993093127253,39.28809833368329,12.0,7,2.0878682973039346,0.8,39.28809833368329,100.0,1.4,0.4666666666666666,1.8624748482166231,0.0,3,100.0,1.0,0.0,0.0,0.0,0.0,17.864295001049868,0.4,5.58742454464987
295,random,1,1,130.51665139179403,65.25832569589701,800555.6883329045,266851.89611096814,480.0,32.87671232876713,23169.968553010745,1586.9841474664893,14.6,1.825401160114409,36.87507630141075,12.4,6,1.7936111615414425,0.8493150684931506,36.87507630141075,100.0,1.2,0.39999999999999997,3.137187314623969,0.0,3,100.0,1.0,0.0,10.625228904232245,0.2,9.411561943871908,0.0,0.0,0.0
296,random,1,1,156.6093967285205,130.50783060710043,958930.4358822422,319643.47862741404,543.6,36.24,23356.455169542445,1557.0970113028297,15.0,1.344631981336369,33.333333333333336,13.4,5,1.9200021159282497,0.8933333333333333,33.333333333333336,100.0,1.0,0.3333333333333333,0.0,0.0,3,100.0,1.0,0.0,0.0,0.0,0.0,0.0,0.0,0.0
297,random,1,1,188.19258179924321,104.55143433291289,2811284.566460793,937094.8554869309,613.0,38.3125,26200.536198454814,1637.533512403426,16.0,2.5614332716078128,33.333333333333336,14.2,5,3.348457673534278,0.8875,33.333333333333336,100.0,1.0,0.3333333333333333,0.0,0.0,3,100.0,1.0,0.0,0.0,0.0,0.0,0.0,0.0,0.0
298,random,1,1,117.54920431821438,58.77460215910719,1000117.5492043182,333372.5164014394,683.2,40.666666666666664,26402.24180215824,1571.5620120332287,16.8,1.742945016812055,34.37488289767771,14.4,7,2.3312966018364736,0.8571428571428571,34.37488289767771,100.0,1.4,0.4666666666666666,2.9899823638300105,0.0,3,100.0,1.0,0.0,0.0,0.0,0.0,3.124648693033123,0.4,8.969947091490031
299,random,1,1,107.2640888427683,53.63204442138415,1000107.2640888428,333369.08802961424,757.0,43.50574712643678,28494.334938846812,1637.605456255564,17.4,1.2303865029350638,33.333333333333336,15.2,5,0.9322865725525974,0.8735632183908046,33.333333333333336,100.0,1.0,0.3333333333333333,0.0,0.0,3,100.0,1.0,0.0,0.0,0.0,0.0,0.0,0.0,0.0
300,random,1,1,145.16963576081045,72.58481788040523,1000145.169635761,333381.7232119203,832.6,46.25555555555555,28098.569706107926,1561.0316503393292,18.0,1.3434761012846566,61.473661137012336,15.4,10,1.3297999685628692,0.8555555555555555,61.473661137012336,100.0,2.0,0.6666666666666666,2.1365312048316105,0.0,3,100.0,1.0,0.0,84.42098341103701,1.0,6.409593614494832,0.0,0.0,0.0
301,random,0,1,295.9532248571018,123.3138436904591,1412.0570425424753,470.68568084749177,589.0,35.91463414634146,27835.013286705413,1697.25690772594,16.4,1.8128131890368608,43.85388245701203,10.6,9,1.5859178399636271,0.6463414634146342,43.85388245701203,60.0,1.8,0.6,2.8830954848907653,0.0,3,60.0,0.8,0.0,60.0,0.8,0.0,11.561647371036088,0.2,8.649286454672296
302,random,0,0,132.67612136723503,66.33806068361751,203624.2478718226,67874.74929060753,256.6,18.86764705882353,24405.83054647508,1794.546363711403,13.6,2.214664409038433,11.114690191476862,6.4,5,2.5642705698391475,0.47058823529411764,11.114690191476862,32.220531483571904,1.0,0.3333333333333333,3.5328340786198815,0.0,3,32.220531483571904,0.6,1.959992529079329,1.123539090858685,0.4,8.638509706780315,0.0,0.0,0.0
303,random,0,0,51.52230989025627,25.761154945128133,1000051.5223098902,333350.5074366301,54.6,5.150943396226415,20240.12211787585,1909.4454828184762,10.6,4.309948461808419,6.901454339532999,2.6,4,5.10494680796459,0.24528301886792453,6.901454339532999,20.704363018598997,0.8,0.26666666666666666,1.3414881787262891,0.0,3,20.704363018598997,0.8,4.024464536178868,0.0,0.0,0.0,0.0,0.0,0.0
304,random,0,0,199.94701750519425,90.88500795690648,800199.9470175052,266733.31567250175,42.0,4.038461538461538,21447.75711811457,2062.2843382802466,10.4,2.5628169637035922,4.974984858793808,2.6,4,3.452021145526242,0.25,4.974984858793808,14.924954576381424,0.8,0.26666666666666666,1.7812068246465085,0.0,3,14.924954576381424,0.8,5.343620473939525,0.0,0.0,0.0,0.0,0.0,0.0
305,random,0,0,145.94819863557683,48.649399545192274,145.94819863557683,48.649399545192274,52.2,4.833333333333333,19843.288995034105,1837.341573614269,10.8,2.936569856590242,13.756045471968719,2.4,3,1.4930526758270137,0.2222222222222222,13.756045471968719,41.268136415906156,0.6,0.19999999999999998,2.0954415673498805,0.0,3,41.268136415906156,0.6,6.286324702049642,0.0,0.0,0.0,0.0,0.0,0.0
306,random,0,0,126.91210112602694,42.30403370867565,126.91210112602694,42.30403370867565,70.8,6.321428571428571,19168.601918255757,1711.4823141299785,11.2,3.440421405642556,33.333333333333336,5.2,5,2.5075739690650534,0.4642857142857143,33.333333333333336,100.0,1.0,0.3333333333333333,0.0,0.0,3,100.0,1.0,0.0,0.0,0.0,0.0,0.0,0.0,0.0
307,random,0,0,421.59589080496835,140.53196360165612,421.59589080496835,140.53196360165612,104.2,8.403225806451612,18718.88115769864,1509.5871901369871,12.4,2.6864375365093465,51.767967209349685,8.0,9,3.049357356739879,0.6451612903225806,51.767967209349685,100.0,1.7999999999999998,0.6,5.393469390093194,0.0,3,100.0,1.0,0.0,10.518306830726942,0.2,9.507233588952909,44.78559479732212,0.6,6.673174581326671
308,random,1,0,629.7795917927531,209.92653059758436,629.7795917927531,209.92653059758436,73.8,5.590909090909091,22667.091375699463,1717.2038920984442,13.2,1.0601778727351245,60.0,8.4,10,0.870177666225584,0.6363636363636364,60.0,100.0,2.0,0.6666666666666666,0.0,0.0,3,100.0,1.0,0.0,0.0,0.0,0.0,80.0,1.0,0.0
309,random,1,1,214.883061363948,71.627687121316,214.883061363948,71.627687121316,107.0,8.916666666666666,22011.05484789593,1834.2545706579945,12.0,2.9414562103172264,34.48835111653049,8.0,6,2.428538579989483,0.6666666666666666,34.48835111653049,100.0,1.2,0.39999999999999997,3.0210107527362804,0.0,3,100.0,1.0,0.0,0.0,0.0,0.0,3.4650533495914715,0.2,9.06303225820884
310,random,1,1,34.07401500475156,17.03700750237578,613850.0095327083,204616.6698442361,150.0,14.423076923076923,16369.219445824512,1573.9634082523569,10.4,5.10403796500634,34.63798617633074,9.0,7,5.11996352049087,0.8653846153846154,34.63798617633074,100.0,1.4,0.4666666666666666,2.846428101075192,0.0,3,100.0,1.0,0.0,3.913958528992225,0.2,8.539284303225577,0.0,0.2,0.0
311,random,1,1,366.4134178289939,183.20670891449694,1689300.8456377867,563100.2818792622,196.2,17.836363636363636,16208.096715501166,1473.4633377728333,11.0,4.997579241879176,33.333333333333336,9.8,6,6.3458433126814935,0.8909090909090909,33.333333333333336,100.0,1.2,0.39999999999999997,0.0,0.0,3,100.0,1.0,0.0,0.0,0.2,0.0,0.0,0.0,0.0
312,random,1,1,243.01578865500997,135.00877147500555,1269210.8075837293,423070.2691945764,246.0,21.57894736842105,18261.710564146786,1601.9044354514726,11.4,2.97539875498259,33.333333333333336,10.2,5,5.4622451195866315,0.8947368421052632,33.333333333333336,100.0,1.0,0.3333333333333333,0.0,0.0,3,100.0,1.0,0.0,0.0,0.0,0.0,0.0,0.0,0.0
313,random,1,1,178.77501144969915,127.69643674978512,1889302.6304483977,629767.5434827992,298.0,23.650793650793652,19761.540908839284,1568.3762626062924,12.6,0.9329599299377619,33.333333333333336,11.0,5,1.3456885073662086,0.873015873015873,33.333333333333336,100.0,1.0,0.3333333333333333,0.0,0.0,3,100.0,1.0,0.0,0.0,0.0,0.0,0.0,0.0,0.0
314,random,0,1,301.0659302015512,115.79458853905815,1007.9079295377891,335.9693098459297,178.2,15.631578947368421,20510.60894739927,1799.176223456076,11.4,2.7793096959962034,20.0,6.2,4,2.483492341225556,0.543859649122807,20.0,60.0,0.8,0.26666666666666666,0.0,0.0,3,60.0,0.8,0.0,0.0,0.0,0.0,0.0,0.0,0.0
315,random,0,0,125.68116473341472,41.893721577804904,125.68116473341472,41.893721577804904,47.4,4.471698113207547,20963.92380363313,1977.7286607201067,10.6,4.515227334776137,7.411793266405766,2.6,4,3.0061449342763904,0.24528301886792453,7.411793266405766,19.824261926733016,0.8,0.26666666666666666,3.7598098949486007,0.0,3,19.824261926733016,0.4,2.3344426759389014,0.0,0.0,0.0,2.411117872484283,0.4,8.944987008906901
316,random,0,0,134.46908408645083,44.82302802881694,134.46908408645083,44.82302802881694,1.2,0.12,20967.49508804305,2096.749508804305,10.0,3.111447867147902,14.55672447387163,0.6,6,1.7091223873000638,0.06,14.55672447387163,41.237014465687025,1.2000000000000002,0.4000000000000001,4.410544719247791,0.0,3,41.237014465687025,0.8,4.187067849688301,2.4331589559278655,0.4,9.044566308055073,0.0,0.0,0.0
317,random,0,0,76.59611846984006,25.532039489946687,76.59611846984006,25.532039489946687,6.2,0.775,15956.818634804726,1994.6023293505907,8.0,4.044637740119538,6.724737029917378,1.2,4,1.2552966060168997,0.15,6.724737029917378,20.174211089752134,0.8,0.26666666666666666,1.8287164721877398,0.0,3,20.174211089752134,0.8,5.48614941656322,0.0,0.0,0.0,0.0,0.0,0.0
318,random,0,0,163.99630795941056,54.665435986470186,163.99630795941056,54.665435986470186,17.6,1.9555555555555555,14694.205501224415,1632.689500136046,9.0,4.487454160713394,36.74678288143847,3.4,9,3.112455894569327,0.37777777777777777,36.74678288143847,100.0,1.7999999999999998,0.6,6.074366515191893,0.0,3,100.0,1.0,0.0,8.376272070850064,0.4,9.283936246484517,1.8640765734653542,0.4,8.939163299091161
319,random,0,0,173.07282388076632,108.17051492547894,287331.4331814422,95777.14439381407,43.6,4.739130434782608,13443.555878496909,1461.256073749664,9.2,0.7490989773381629,33.333333333333336,7.0,5,1.2762205009913576,0.7608695652173914,33.333333333333336,100.0,1.0,0.3333333333333333,0.0,0.0,3,100.0,1.0,0.0,0.0,0.0,0.0,0.0,0.0,0.0
320,random,1,0,413.590657260367,147.71094902155966,632936.4416401717,210978.81388005722,57.0,6.195652173913044,14646.49016413985,1592.0098004499837,9.2,0.8421494078047309,33.333333333333336,6.4,5,0.4899615297139783,0.6956521739130435,33.333333333333336,100.0,1.0,0.3333333333333333,0.0,0.0,3,100.0,1.0,0.0,0.0,0.0,0.0,0.0,0.0,0.0
321,random,1,1,118.84125803602736,59.42062901801368,1575723.4371362168,525241.1457120723,90.0,9.782608695652174,15549.451838107674,1690.1578084899647,9.2,1.3434258741673548,33.333333333333336,7.2,5,1.1611857315030942,0.782608695652174,33.333333333333336,100.0,1.0,0.3333333333333333,0.0,0.0,3,100.0,1.0,0.0,0.0,0.0,0.0,0.0,0.0,0.0
322,random,1,1,48.26028142702788,24.13014071351394,2609572.378167129,869857.459389043,125.0,13.58695652173913,15436.195427597366,1677.8473290866702,9.2,2.627177313056319,37.507057742080484,7.2,6,1.924136811788086,0.782608695652174,37.507057742080484,100.0,1.2,0.39999999999999997,2.6621573498779236,0.0,3,100.0,1.0,0.0,12.521173226241444,0.2,7.986472049633771,0.0,0.0,0.0
323,random,1,1,439.11598582295255,199.5981753740693,424422.3192732747,141474.10642442488,162.0,16.2,16591.828650226897,1659.1828650226896,10.0,2.6464686092158782,33.333333333333336,7.8,5,3.3399391521975614,0.78,33.333333333333336,100.0,1.0,0.3333333333333333,0.0,0.0,3,100.0,1.0,0.0,0.0,0.0,0.0,0.0,0.0,0.0
324,random,1,1,424.37509724985694,176.8229571874404,877265.482509396,292421.827503132,202.0,19.056603773584907,17291.635799265598,1631.2863961571318,10.6,1.9278410944044935,35.92842014447342,8.2,7,3.151614933234673,0.7735849056603774,35.92842014447342,100.0,1.4,0.4666666666666666,3.044369968275229,0.0,3,100.0,1.0,0.0,0.0,0.0,0.0,7.785260433420262,0.4,9.133109904825687
325,random,1,1,250.51354145310967,139.17418969617202,33040.93364844891,11013.64454948297,245.6,20.8135593220339,18471.062561900584,1565.3442849068292,11.8,0.5571189632620904,33.333333333333336,9.6,5,0.5355331143300809,0.8135593220338984,33.333333333333336,100.0,1.0,0.3333333333333333,0.0,0.0,3,100.0,1.0,0.0,0.0,0.0,0.0,0.0,0.0,0.0
326,random,0,1,393.71835297531317,140.61369749118327,730.3676528017,243.45588426723336,119.0,10.625,20666.348661398486,1845.209701910579,11.2,1.9372173552446972,20.0,5.4,4,1.4387722786004928,0.48214285714285715,20.0,60.0,0.8,0.26666666666666666,0.0,0.0,3,60.0,0.8,0.0,0.0,0.0,0.0,0.0,0.0,0.0
327,random,0,0,96.46025935896822,34.45009262820294,511.85441698750066,170.61813899583356,16.0,1.6,19534.471773238507,1953.4471773238506,10.0,2.9573297377497525,12.836172884284073,2.0,4,1.3129784770134276,0.2,12.836172884284073,26.785259716111796,0.8,0.26666666666666666,3.511761237372621,0.0,3,26.785259716111796,0.6,2.0052324235122425,11.723258936740422,0.2,8.530051288605621,0.0,0.0,0.0
328,random,0,0,235.30871065695555,106.9585048440707,456831.3768013307,152277.12560044357,28.2,2.9375,16736.75698769166,1743.412186217881,9.6,2.006482742460301,4.644570927277225,3.6,6,1.8797761043636838,0.375,4.644570927277225,12.490231398519427,1.2000000000000002,0.4000000000000001,4.331259159815475,0.0,3,12.490231398519427,0.8,3.900897690216941,0.0,0.0,0.0,1.4434813833122462,0.4,9.092879789229483
329,random,0,0,237.31876594525474,79.10625531508491,237.31876594525474,79.10625531508491,47.0,5.7317073170731705,15616.48937167137,1904.4499233745573,8.2,2.5140807947964534,5.096676535640654,4.0,4,2.173453650598514,0.4878048780487805,5.096676535640654,15.290029606921962,0.8,0.26666666666666666,1.808695227788112,0.0,3,15.290029606921962,0.8,5.426085683364336,0.0,0.0,0.0,0.0,0.0,0.0
330,random,0,0,257.4892670574198,85.8297556858066,257.4892670574198,85.8297556858066,67.6,8.894736842105264,13324.504071356354,1753.2242199153097,7.6,2.1203943558822362,0.0,4.6,0,1.5869241822254958,0.6052631578947368,0.0,0.0,0.0,0.0,0.0,0.0,3,0.0,0.0,0.0,0.0,0.0,0.0,0.0,0.0,0.0
331,random,0,0,177.24428836755047,68.17088014136556,2036.787957653781,678.929319217927,92.2,11.525,13151.373084176093,1643.9216355220117,8.0,1.5994070867712267,29.638456114071232,5.2,5,0.9129637414464561,0.65,29.638456114071232,69.29917688684327,1.0,0.3333333333333333,3.222046601490612,0.0,3,0.0,0.0,0.0,19.616191455370426,0.2,4.074073471832099,69.29917688684327,0.8,5.592066332639736
332,random,0,0,31.743035931461243,31.743035931461243,1709151.1566455835,569717.0522151944,124.0,15.121951219512194,13294.274520989504,1621.2529903645736,8.2,1.0003215395575162,66.66666666666667,7.2,10,1.4396621370067813,0.8780487804878049,66.66666666666667,100.0,2.0,0.6666666666666666,0.0,0.0,3,0.0,0.0,0.0,100.0,1.0,0.0,100.0,1.0,0.0
333,random,1,0,176.04334449980232,88.02167224990116,1000176.0433444998,333392.0144481666,90.4,11.024390243902438,14050.354301582795,1713.4578416564384,8.2,1.4717452058714822,56.28374540814699,4.6,11,1.5976003418763427,0.5609756097560976,56.28374540814699,100.0,2.2,0.7333333333333334,3.0301997878899183,0.0,3,8.851236224440981,0.4,9.090599363669755,100.0,1.0,0.0,60.0,0.8,0.0
334,random,1,1,387.33557218185945,176.061623719027,255161.21441252585,85053.73813750861,106.0,12.325581395348838,14954.561769401258,1738.9025313257278,8.6,1.433859643494066,33.333333333333336,5.4,5,1.7889305782866118,0.627906976744186,33.333333333333336,100.0,1.0,0.3333333333333333,0.0,0.0,3,0.0,0.0,0.0,100.0,1.0,0.0,0.0,0.0,0.0
335,random,1,1,192.54312970272167,64.18104323424056,192.54312970272167,64.18104323424056,131.0,16.375,15241.017349836362,1905.1271687295452,8.0,3.1558726243022828,33.333333333333336,5.0,5,2.979594449166,0.625,33.333333333333336,100.0,1.0,0.3333333333333333,0.0,0.0,3,0.0,0.0,0.0,100.0,1.0,0.0,0.0,0.0,0.0
336,random,1,1,148.44729009614977,53.016889320053494,200148.44729009614,66716.14909669872,156.0,17.727272727272727,16407.481781904546,1864.4865661255164,8.8,2.63300664435897,36.898258968284004,5.4,6,2.83516585440449,0.6136363636363636,36.898258968284004,100.0,1.2,0.39999999999999997,3.116786224704759,0.0,3,0.0,0.0,0.0,100.0,1.0,0.0,10.694776904852006,0.2,9.350358674114277
337,random,1,1,274.4426179032126,91.4808726344042,274.4426179032126,91.4808726344042,182.2,18.979166666666668,15700.863057224135,1635.5065684608473,9.6,1.7609469376008116,49.33300908417399,5.8,8,1.187927464829855,0.6041666666666666,49.33300908417399,100.0,1.6,0.5333333333333333,1.9179348637811617,0.0,3,47.999027252521955,0.6,5.753804591343485,100.0,1.0,0.0,0.0,0.0,0.0
338,random,1,1,220.8266489856393,73.60888299521311,220.8266489856393,73.60888299521311,215.0,21.5,17710.16013095265,1771.0160130952647,10.0,2.6626359191497833,66.66666666666667,7.0,10,2.3405956971901736,0.7,66.66666666666667,100.0,2.0,0.6666666666666666,0.0,0.0,3,100.0,1.0,0.0,100.0,1.0,0.0,0.0,0.0,0.0
339,random,1,1,116.73254851462164,53.060249324828014,11750.754564935816,3916.9181883119386,251.2,25.12,16436.600968503517,1643.6600968503515,10.0,3.1662470294261436,69.22043601639113,7.6,12,3.4658504925666116,0.76,69.22043601639113,100.0,2.4,0.7999999999999999,2.9065994530916215,0.0,3,100.0,1.0,0.0,100.0,1.0,0.0,7.661308049173385,0.4,8.719798359274865
