step,control_mode,phase,prev_phase,TotalTravelTime,AvgTravelTime,TotalTravelTime_Raw,AvgTravelTime_Raw,TotalWaitingTime,AvgWaitingTime,TotalCO2,AvgCO2,VehCount,AvgSpeed,AvgOccupancy,QueueLength,Throughput,SpeedStd,HaltRatio,det_occ_mean,det_occ_max,det_veh_sum,det_veh_mean,det_speed_mean,det_speed_min,n_detectors,d0_occ,d0_veh,d0_speed,d1_occ,d1_veh,d1_speed,d2_occ,d2_veh,d2_speed,d3_occ,d3_veh,d3_speed,d4_occ,d4_veh,d4_speed
0,actuated,0,0,262.2611110898389,52.45222221796778,262.2611110898389,52.45222221796778,35.4,1.2291666666666667,55372.69197303521,1922.6629157303894,28.8,2.527006683997267,46.16702126968738,7.4,17,1.2620052260304497,0.2569444444444444,46.16702126968738,100.0,3.4000000000000004,0.68,4.178194718171304,0.0,5,41.40369397344756,0.8,4.069512074588578,100.0,1.0,0.0,34.73636277831133,0.4,4.579026443691143,6.317835820235018,0.2,8.493918078020215,48.377213776443,1.0,3.748516994556586
1,actuated,0,0,232.48567962457588,46.49713592491518,232.48567962457588,46.49713592491518,42.6,1.4689655172413794,52360.25924762393,1805.5261809525493,29.0,2.608760427116938,67.3824341503315,7.6,20,1.3583756260508517,0.2620689655172414,67.3824341503315,100.0,4.0,0.8,2.928806453203369,0.0,5,28.27765607398021,0.6,5.868027400158143,100.0,1.0,0.0,100.0,1.0,0.0,8.634514677677316,0.4,8.776004865858702,100.0,1.0,0.0
2,actuated,0,0,318.9955717891266,63.79911435782532,318.9955717891266,63.79911435782532,86.8,3.013888888888889,53170.43319269967,1846.1955969687385,28.8,2.4106291159789013,46.956291071049584,12.2,18,1.5315225302977677,0.4236111111111111,46.95629107104958,100.0,3.6,0.72,1.9874491802297616,0.0,5,19.564618215794667,0.8,7.328270316765215,15.216837139453219,0.6,2.6089755843835936,100.0,1.0,0.0,0.0,0.2,0.0,100.0,1.0,0.0
3,actuated,0,0,435.0795662055123,87.01591324110247,435.0795662055123,87.01591324110247,153.8,5.492857142857143,51186.32307423457,1828.0829669369489,28.0,2.6135118311922207,58.1701697024028,15.4,20,1.937338206647461,0.55,58.1701697024028,100.0,4.0,0.8,3.1593174394482935,0.0,5,8.51045452354981,0.8,7.534763682528076,5.869783879175259,0.4,3.6608136653411263,100.0,1.0,0.0,76.47061010928894,0.8,4.601009849372264,100.0,1.0,0.0
4,actuated,0,0,597.0490416184832,119.40980832369664,597.0490416184832,119.40980832369664,236.8,8.054421768707483,52007.83918527492,1768.9741219481266,29.4,2.4468432579194745,62.06985603998578,18.4,16,2.033410278185146,0.6258503401360545,62.06985603998578,100.0,3.2,0.64,1.932501547318953,0.0,5,10.349280199928899,0.2,9.662507736594765,0.0,0.0,0.0,100.0,1.0,0.0,100.0,1.0,0.0,100.0,1.0,0.0
5,actuated,0,0,592.1263582432227,118.42527164864455,592.1263582432227,118.42527164864455,333.0,10.882352941176471,53311.59277524619,1742.2089142237317,30.6,2.685350251360837,64.26554965492778,20.8,17,2.3887505614830062,0.6797385620915033,64.26554965492778,100.0,3.4,0.6799999999999999,3.7537904817797254,0.0,5,10.95555998750541,0.2,9.12778535410768,10.372188287133497,0.2,9.641167054790946,100.0,1.0,0.0,100.0,1.0,0.0,100.0,1.0,0.0
6,actuated,0,0,763.1135243903267,158.98198424798474,1017.6719690657517,203.53439381315033,441.4,13.70807453416149,53723.53542395517,1668.4327771414648,32.2,2.655760677137568,60.84234430744232,23.8,17,2.7934564168216736,0.7391304347826086,60.84234430744232,100.0,3.4,0.6799999999999999,1.7871751025132834,0.0,5,4.211721537211588,0.4,8.935875512566417,0.0,0.0,0.0,100.0,1.0,0.0,100.0,1.0,0.0,100.0,1.0,0.0
7,actuated,0,0,672.9797331127908,160.2332697887597,825544.0577040866,165108.81154081732,566.6,16.2816091954023,58026.05743399573,1667.4154435056246,34.8,1.9710534747791177,64.52544709451786,27.0,17,2.3301761730016355,0.7758620689655172,64.52544709451786,100.0,3.4,0.6799999999999999,3.5401802369141935,0.0,5,11.72223268061316,0.2,8.530798076153634,10.90500279197613,0.2,9.170103108417331,100.0,1.0,0.0,100.0,1.0,0.0,100.0,1.0,0.0
8,actuated,0,0,645.3600843688359,169.83160114969368,1000896.680285347,200179.33605706942,704.2,19.56111111111111,58881.06206420377,1635.5850573389937,36.0,1.8237933542678626,60.76852070870382,28.6,16,1.9944761518075527,0.7944444444444444,60.76852070870382,100.0,3.2,0.64,1.7400136284157632,0.0,5,3.8426035435190897,0.2,8.700068142078816,0.0,0.0,0.0,100.0,1.0,0.0,100.0,1.0,0.0,100.0,1.0,0.0
9,actuated,0,0,187.56709317883832,62.52236439294611,1775819.3523864038,355163.87047728075,850.8,23.119565217391305,59778.05695787384,1624.4037216813545,36.8,2.2901138418755,60.0,30.6,16,2.627168190032247,0.8315217391304348,60.0,100.0,3.2,0.64,0.0,0.0,5,0.0,0.2,0.0,0.0,0.0,0.0,100.0,1.0,0.0,100.0,1.0,0.0,100.0,1.0,0.0
10,actuated,0,0,362.73215497699005,120.91071832566335,3113697.7573265396,622739.551465308,1006.2,26.61904761904762,61676.10283142731,1631.6429320483417,37.8,1.838088276361225,66.37171650479388,32.0,19,2.2842935314108983,0.8465608465608465,66.37171650479388,100.0,3.8,0.76,3.5631537425694106,0.0,5,22.56842053989999,0.4,8.873158909375341,9.290161984069414,0.4,8.942609803471713,100.0,1.0,0.0,100.0,1.0,0.0,100.0,1.0,0.0
11,actuated,0,0,469.46134312278446,167.66476540099447,2000736.1481365666,400147.2296273133,1169.0,30.763157894736842,61132.56836052757,1608.7517989612518,38.0,1.5265624184496855,60.0,33.4,15,1.8715330728669386,0.8789473684210526,60.0,100.0,3.0,0.6,0.0,0.0,5,0.0,0.0,0.0,0.0,0.0,0.0,100.0,1.0,0.0,100.0,1.0,0.0,100.0,1.0,0.0
12,actuated,0,0,465.2646317316905,178.9479352814194,2001448.2226439663,400289.6445287933,1334.6,33.365,65541.19832384096,1638.529958096024,40.0,2.0166207680174524,61.60164553985476,33.8,17,2.5166205280272,0.845,61.60164553985476,100.0,3.4,0.6799999999999999,1.730664818845689,0.0,5,8.008227699273789,0.4,8.653324094228445,0.0,0.0,0.0,100.0,1.0,0.0,100.0,1.0,0.0,100.0,1.0,0.0
13,actuated,0,0,33.206084475111766,16.603042237555883,3035722.026163757,607144.4052327514,1506.0,38.41836734693877,63915.25185152625,1630.491118661384,39.2,2.2708469547460264,64.03818640077873,34.8,19,2.8146502397545863,0.8877551020408163,64.03818640077873,100.0,3.8,0.76,3.5501315456256273,0.0,5,11.017225070958148,0.4,8.856005423609167,9.173706932935488,0.4,8.894652304518969,100.0,1.0,0.0,100.0,1.0,0.0,100.0,1.0,0.0
14,actuated,0,0,36.84774768359222,18.42387384179611,6306283.917472877,1261256.7834945754,1681.0,42.88265306122449,62491.18537563627,1594.1628922356192,39.2,2.199980211733642,62.792658614918196,35.4,18,2.8825928505319847,0.9030612244897959,62.792658614918196,100.0,3.6,0.72,3.57565265500918,0.0,5,4.042141243090782,0.4,9.2192191099748,9.921151831500197,0.2,8.6590441650711,100.0,1.0,0.0,100.0,1.0,0.0,100.0,1.0,0.0
15,actuated,0,0,81.10636764880681,40.553183824403405,3000081.1063676486,600016.2212735297,1858.6,45.77832512315271,64152.14857027606,1580.1021815338931,40.6,1.1563501021960594,61.746346552236446,36.4,17,1.602177666248318,0.896551724137931,61.746346552236446,100.0,3.4,0.6799999999999999,1.7944994723796845,0.0,5,8.73173276118223,0.2,8.972497361898423,0.0,0.2,0.0,100.0,1.0,0.0,100.0,1.0,0.0,100.0,1.0,0.0
16,actuated,0,0,75.4279669390624,37.7139834695312,3000075.4279669398,600015.085593388,2043.6,49.36231884057971,65327.6527704217,1577.962627304872,41.4,1.0133645745824653,60.0,37.6,16,1.2688742330138285,0.9082125603864735,60.0,100.0,3.2,0.64,0.0,0.0,5,0.0,0.2,0.0,0.0,0.0,0.0,100.0,1.0,0.0,100.0,1.0,0.0,100.0,1.0,0.0
17,actuated,3,0,549.8470507150714,171.82720334845982,1001998.7361970484,200399.74723940968,1747.6,41.216981132075475,69026.94279030207,1627.9939337335393,42.4,1.0673798754057915,62.11051268969675,33.4,19,1.225092046581881,0.7877358490566038,62.11051268969675,100.0,3.8,0.76,3.140762909920212,0.0,5,84.58714785773054,1.0,6.807075441578759,5.965415590753196,0.2,8.896739108022302,60.0,0.8,0.0,60.0,0.8,0.0,100.0,1.0,0.0
18,actuated,3,3,361.7507464026091,90.43768660065227,1000361.7507464025,200072.3501492805,1382.4,33.55339805825243,68596.836884633,1664.9717690444902,41.2,1.03420904338036,49.66323468967686,27.2,17,0.7436000700271719,0.6601941747572816,49.66323468967687,100.0,3.4,0.6799999999999999,0.6930229384570045,0.0,5,100.0,1.0,0.0,0.0,0.2,0.0,23.866372988333637,0.6,1.7761842404674488,24.44980046005071,0.6,1.6889304518175736,100.0,1.0,0.0
19,actuated,3,3,186.72831825563932,46.68207956390983,1000186.7283182557,200037.34566365115,1108.4,28.42051282051282,70919.66673416927,1818.4529931838274,39.0,1.654320429423662,55.9512033683893,20.6,18,0.9224611301705691,0.5282051282051282,55.951203368389315,100.0,3.6,0.72,1.672401384388909,0.0,5,100.0,1.0,0.0,0.0,0.0,0.0,40.66535743838756,0.8,4.2531301853570715,39.090659403559016,0.8,4.108876736587472,100.0,1.0,0.0
20,actuated,3,3,252.06956019073687,63.017390047684216,1000252.0695601907,200050.41391203814,1149.8,29.942708333333332,67171.38360726931,1749.254781439305,38.4,1.849217491312237,62.290512129083496,20.8,22,1.4709845443843415,0.5416666666666666,62.29051212908348,100.0,4.4,0.8800000000000001,3.1374335322086617,0.0,5,100.0,1.0,0.0,75.38357072272106,0.8,4.631511610328251,21.38523723957917,0.8,5.539541136895861,14.683752683117177,0.8,5.516114913819197,100.0,1.0,0.0
21,actuated,3,3,329.43837804632784,82.35959451158196,1000329.4383780463,200065.88767560926,1260.8,32.0,63800.3312500521,1619.2977474632512,39.4,1.6471187954437168,82.32137152378118,24.4,24,1.5848536398984594,0.6192893401015228,82.32137152378118,100.0,4.8,0.96,1.1055293377491282,0.0,5,100.0,1.0,0.0,100.0,1.0,0.0,100.0,1.0,0.0,11.606857618905906,0.8,5.527646688745641,100.0,1.0,0.0
22,actuated,3,3,367.8182756817993,91.95456892044983,1000367.8182756819,200073.5636551364,1390.8,33.921951219512195,65207.017591182994,1590.4150631995851,41.0,1.495869114515615,86.04520292365453,28.4,23,1.6754470956389294,0.6926829268292682,86.04520292365453,100.0,4.6,0.9199999999999999,1.2363524345138193,0.0,5,100.0,1.0,0.0,100.0,1.0,0.0,100.0,1.0,0.0,30.226014618272643,0.6,6.181762172569097,100.0,1.0,0.0
23,actuated,2,3,808.1409451521599,175.68281416351303,1722.4848018091739,344.4969603618348,1120.6,28.015,65805.60993442094,1645.1402483605232,40.0,1.41042347474815,69.16398096140142,26.8,22,1.8779429817259197,0.67,69.16398096140142,100.0,4.4,0.8800000000000001,1.7951903059672734,0.0,5,80.0,1.0,0.0,100.0,1.0,0.0,100.0,1.0,0.0,5.819904807007106,0.6,8.975951529836367,60.0,0.8,0.0
24,actuated,2,2,630.8694755423195,131.43114073798324,3458.2586511856016,691.6517302371203,700.0,18.229166666666668,67081.61076379521,1746.9169469738335,38.4,1.6487043460176252,54.44516923987942,22.2,18,1.7289984746304194,0.578125,54.44516923987942,100.0,3.6,0.72,2.7492375585128945,0.0,5,38.512303984289815,0.6,2.2664450902346176,100.0,1.0,0.0,100.0,1.0,0.0,8.645705889688315,0.4,9.422782159317284,25.067836325418966,0.6,2.056960543012572
25,actuated,2,2,459.3158877766922,120.87260204649795,1687431.0838100617,337486.21676201234,373.6,10.152173913043478,66945.72451384351,1819.1772965718346,36.8,1.8760874629247541,52.87710948557809,17.0,20,1.727048580632065,0.46195652173913043,52.8771094855781,100.0,4.0,0.8,3.3998032534612306,0.0,5,30.2812804987542,0.6,4.3498640295831645,100.0,1.0,0.0,100.0,1.0,0.0,11.06354595618825,0.4,8.73859928161088,23.040720972948066,1.0,3.9105529561121104
26,actuated,2,2,236.5347610172035,59.13369025430087,5330946.762135461,1066189.3524270921,364.8,10.133333333333333,66101.10552418578,1836.1418201162717,36.0,2.2337874708373637,50.631206989962386,17.6,18,1.614185928577948,0.4888888888888889,50.63120698996238,100.0,3.6,0.72,3.8365773985755496,0.0,5,21.693137008913368,0.8,5.532008846013955,100.0,1.0,0.0,100.0,1.0,0.0,12.170353576197499,0.2,8.216688149108316,19.29254436470103,0.6,5.4341899977554755
27,actuated,2,2,263.23958222724855,65.80989555681214,1000263.2395822273,200052.64791644545,459.4,12.483695652173912,63631.772331232205,1729.12424813131,36.8,2.153753061703834,66.13207315090119,21.0,19,1.723218533314338,0.5706521739130435,66.13207315090119,100.0,3.8000000000000003,0.76,2.8439827542690153,0.0,5,25.244773910698655,0.6,7.173884154522941,100.0,1.0,0.0,100.0,1.0,0.0,5.415591843807306,0.2,7.046029616822135,100.0,1.0,0.0
28,actuated,0,2,468.3218192169294,117.08045480423235,1000468.321819217,200093.6643638434,431.0,11.462765957446809,63763.47705367099,1695.8371556827392,37.6,1.7198193752743274,74.51060164833495,23.4,24,1.8257843481256883,0.6223404255319149,74.51060164833495,100.0,4.8,0.96,1.5895772872755607,0.0,5,12.553008241674775,1.0,7.947886436377804,60.0,0.8,0.0,100.0,1.0,0.0,100.0,1.0,0.0,100.0,1.0,0.0
29,actuated,0,0,361.9192925630942,90.47982314077355,1000361.919292563,200072.3838585126,488.2,13.053475935828876,64248.19488379698,1717.8661733635556,37.4,1.9715875608244278,67.20693081290403,24.2,20,1.9323548171198506,0.6470588235294118,67.20693081290403,100.0,4.0,0.8,2.024065642586855,0.0,5,3.195371116206047,0.4,8.351004266180098,32.83928294831412,0.6,1.769323946754178,100.0,1.0,0.0,100.0,1.0,0.0,100.0,1.0,0.0
30,actuated,0,0,616.5708826919024,154.1427206729756,1000616.570882692,200123.3141765384,613.6,16.319148936170212,63454.00139633947,1687.6064201154113,37.6,2.229204916590095,64.8527149599812,26.8,20,2.168589796147797,0.7127659574468085,64.8527149599812,100.0,4.0,0.8,2.535869270077582,0.0,5,11.037903345022642,0.2,9.059691580384543,13.225671454883354,0.8,3.619654770003366,100.0,1.0,0.0,100.0,1.0,0.0,100.0,1.0,0.0
31,actuated,0,0,163.9185370195794,54.6395123398598,1453038.5525331083,290607.71050662163,754.2,20.274193548387096,61573.47179002435,1655.2008545705469,37.2,1.9221184303468488,62.74083698260779,29.8,19,2.1876632297046066,0.8010752688172043,62.74083698260779,100.0,3.8,0.76,2.85499333589105,0.0,5,3.2147626829407727,0.4,8.846990516870845,10.489422230098171,0.4,5.427976162584406,100.0,1.0,0.0,100.0,1.0,0.0,100.0,1.0,0.0
32,actuated,0,0,210.38886698554893,70.1296223285163,2633595.840866992,526719.1681733984,905.2,24.333333333333332,60984.72728636746,1639.37438941848,37.2,1.9359026055570234,62.11462695752539,31.0,16,2.243577741293722,0.8333333333333334,62.11462695752539,100.0,3.2,0.64,1.8915865920298978,0.0,5,10.573134787626941,0.2,9.457932960149488,0.0,0.0,0.0,100.0,1.0,0.0,100.0,1.0,0.0,100.0,1.0,0.0
33,actuated,0,0,328.69450696055173,109.56483565351725,2000328.6945069605,400065.7389013921,1063.2,27.4020618556701,63783.56083250108,1643.906207023224,38.8,2.1636819296604095,61.4885781911928,32.8,17,2.602089447673871,0.845360824742268,61.4885781911928,100.0,3.4,0.6799999999999999,1.8776004738733174,0.0,5,7.442890955964003,0.4,9.388002369366587,0.0,0.0,0.0,100.0,1.0,0.0,100.0,1.0,0.0,100.0,1.0,0.0
34,actuated,0,0,515.6216287732396,184.15058170472847,2001860.0382462703,400372.00764925405,1227.6,31.63917525773196,62493.04940715492,1610.6456032771885,38.8,1.9645098742751546,61.450520750450096,33.6,18,2.397700704690627,0.865979381443299,61.450520750450096,100.0,3.6,0.72,3.609780993554742,0.0,5,2.3712848932507313,0.2,9.063549743499609,4.881318858999748,0.4,8.9853552242741,100.0,1.0,0.0,100.0,1.0,0.0,100.0,1.0,0.0
35,actuated,0,0,35.381103311837435,17.690551655918718,8839276.410878954,1767855.282175791,1400.0,36.458333333333336,61568.257858569654,1603.3400484002514,38.4,2.183220346328642,60.0,35.2,16,2.7576242380306195,0.9166666666666666,60.0,100.0,3.2,0.64,0.0,0.0,5,0.0,0.2,0.0,0.0,0.0,0.0,100.0,1.0,0.0,100.0,1.0,0.0,100.0,1.0,0.0
36,actuated,0,0,45.96806674161143,22.984033370805715,8096065.510108103,1619213.1020216206,1575.0,39.77272727272727,64463.36607059477,1627.8627795604739,39.6,1.7557280774758448,64.40019569474634,35.4,17,2.251316492464463,0.8939393939393939,64.40019569474634,100.0,3.4,0.6799999999999999,3.6365124310739434,0.0,5,11.10214063368744,0.2,9.007271957677068,10.89883784004428,0.2,9.175290197692648,100.0,1.0,0.0,100.0,1.0,0.0,100.0,1.0,0.0
37,actuated,0,0,43.57403652273571,21.787018261367855,6791447.6127366,1358289.52254732,1750.0,44.87179487179487,63036.93834505818,1616.3317524373892,39.0,1.795638336849723,61.30404662935234,35.0,17,2.2825281542561595,0.8974358974358975,61.30404662935234,100.0,3.4,0.6799999999999999,1.7348947767727079,0.0,5,6.520233146761711,0.4,8.67447388386354,0.0,0.0,0.0,100.0,1.0,0.0,100.0,1.0,0.0,100.0,1.0,0.0
38,actuated,0,0,42.604104591004116,21.302052295502058,5846783.337881713,1169356.6675763426,1925.0,48.611111111111114,64038.5996473804,1617.1363547318283,39.6,1.7976235718821874,62.221000516717595,35.4,16,2.255403205546393,0.8939393939393939,62.221000516717595,100.0,3.2,0.64,1.80099012579771,0.0,5,11.105002583587975,0.2,9.00495062898855,0.0,0.0,0.0,100.0,1.0,0.0,100.0,1.0,0.0,100.0,1.0,0.0
39,actuated,0,0,38.31954375436294,19.15977187718147,3000038.3195437547,600007.663908751,2100.0,53.2994923857868,64013.15630740537,1624.699398665111,39.4,2.00247125607046,60.16903165549138,35.2,17,2.5170429779512604,0.8934010152284264,60.16903165549138,100.0,3.4,0.6799999999999999,1.7093380614370113,0.0,5,0.0,0.0,0.0,0.8451582774569033,0.4,8.546690307185056,100.0,1.0,0.0,100.0,1.0,0.0,100.0,1.0,0.0
40,actuated,0,0,35.762970537720776,17.881485268860388,3000035.762970538,600007.1525941076,2275.0,58.333333333333336,63353.7105498304,1624.454116662318,39.0,2.2593685849644243,62.22335707393404,35.2,16,2.9277563139269795,0.9025641025641026,62.22335707393404,100.0,3.2,0.64,1.7990812393091424,0.0,5,11.116785369670197,0.2,8.995406196545712,0.0,0.0,0.0,100.0,1.0,0.0,100.0,1.0,0.0,100.0,1.0,0.0
41,actuated,0,0,77.8782330082949,38.93911650414745,3000077.878233008,600015.5756466016,2450.0,61.86868686868687,64721.55477607439,1634.382696365515,39.6,1.9749534169907375,64.31992337861607,35.4,17,2.9320866802436267,0.8939393939393939,64.31992337861607,100.0,3.4,0.6799999999999999,3.7049259947239235,0.0,5,10.990625752158394,0.2,9.09866301109939,10.608991140921944,0.2,9.425966962520226,100.0,1.0,0.0,100.0,1.0,0.0,100.0,1.0,0.0
42,actuated,0,0,48.14271595624414,24.07135797812207,3000048.1427159556,600009.6285431911,2625.0,67.65463917525773,62834.51747863113,1619.4463267688436,38.8,1.7930489188885936,62.118600805631104,35.0,16,2.3874097393867224,0.9020618556701031,62.118600805631104,100.0,3.2,0.64,1.8880385532603683,0.0,5,10.59300402815552,0.2,9.440192766301841,0.0,0.0,0.0,100.0,1.0,0.0,100.0,1.0,0.0,100.0,1.0,0.0
43,actuated,0,0,37.85522829391858,18.92761414695929,3000037.855228294,600007.5710456588,2800.0,71.06598984771574,63547.57802799084,1612.8826910657574,39.4,2.0265524632662286,60.66065492516759,35.4,17,2.542733242803435,0.8984771573604061,60.66065492516759,100.0,3.4,0.6799999999999999,1.7809581452421845,0.0,5,3.3032746258379575,0.4,8.904790726210923,0.0,0.0,0.0,100.0,1.0,0.0,100.0,1.0,0.0,100.0,1.0,0.0
44,actuated,0,0,52.81284212225198,26.40642106112599,3000052.8128421223,600010.5625684245,2977.0,72.60975609756098,64391.360339715146,1570.5209838954913,41.0,1.5601534288029635,64.28031993292461,36.0,17,2.056275106069954,0.8780487804878049,64.28031993292461,100.0,3.4,0.6799999999999999,3.7398694287326775,0.0,5,10.9375788307932,0.2,9.14279124722413,10.464020833829863,0.2,9.556555896439257,100.0,1.0,0.0,100.0,1.0,0.0,100.0,1.0,0.0
45,actuated,0,0,74.91027495315767,37.455137476578834,3000074.9102749527,600014.9820549905,3163.0,75.30952380952381,67278.5870552905,1601.8711203640596,42.0,1.0333564362358012,60.0,38.2,15,1.306310724400348,0.9095238095238095,60.0,100.0,3.0,0.6,0.0,0.0,5,0.0,0.0,0.0,0.0,0.0,0.0,100.0,1.0,0.0,100.0,1.0,0.0,100.0,1.0,0.0
46,actuated,3,0,586.341693442449,183.23177920076532,1201990.2123491773,240398.04246983546,2685.6,63.339622641509436,68789.53500766137,1622.394693576919,42.4,1.1526779991913783,63.9305836501926,33.0,20,1.361081352350748,0.7783018867924528,63.9305836501926,100.0,4.0,0.8,2.9237081764974766,0.0,5,89.10278655544403,1.0,5.312644678429303,10.550131695518985,0.4,9.305896204058081,80.0,1.0,0.0,40.0,0.6,0.0,100.0,1.0,0.0
47,actuated,3,3,391.2348849094304,97.8087212273576,1000391.2348849091,200078.2469769818,1950.0,47.33009708737864,68713.83289846161,1667.8114781180002,41.2,0.8792733645931698,54.425421805658516,26.8,16,0.5670733386450669,0.6504854368932039,54.425421805658516,100.0,3.2,0.64,0.8050520313550698,0.0,5,100.0,1.0,0.0,0.0,0.0,0.0,35.76636320185571,0.6,2.263917404071817,36.36074582643687,0.6,1.7613427527035317,100.0,1.0,0.0
48,actuated,3,3,204.1279860974427,51.03199652436067,1000204.1279860974,200040.82559721946,1391.4,35.494897959183675,69904.40254136125,1783.275575034726,39.2,1.5581090659041519,47.3645461470569,20.8,17,0.9201777152245275,0.5306122448979592,47.3645461470569,100.0,3.4000000000000004,0.68,1.5438924111409493,0.0,5,100.0,1.0,0.0,0.0,0.0,0.0,21.534479630622627,0.6,3.960321939162358,15.288251104661867,0.8,3.7591401165423886,100.0,1.0,0.0
49,actuated,3,3,274.7194048116847,72.29458021360124,1000732.1687593393,200146.43375186785,1374.2,35.235897435897435,66533.083917284,1705.9765106995897,39.0,1.751201289736525,66.15774251825292,21.4,21,1.461680530864557,0.5487179487179488,66.15774251825292,100.0,4.2,0.8400000000000001,2.740827344804257,0.0,5,100.0,1.0,0.0,58.606364024476534,0.6,3.9823148330223135,54.117324288581585,0.8,4.259536275949959,18.065024278206465,0.8,5.462285615049013,100.0,1.0,0.0
50,actuated,3,3,462.2626041241817,115.56565103104542,1000462.2626041241,200092.45252082482,1494.6,36.995049504950494,65007.788193459506,1609.1036681549383,40.4,1.4407259882887138,85.55402057172569,26.6,23,1.7805812840466881,0.6584158415841584,85.55402057172569,100.0,4.6,0.9199999999999999,1.398562189527889,0.0,5,100.0,1.0,0.0,100.0,1.0,0.0,100.0,1.0,0.0,27.770102858628434,0.6,6.992810947639445,100.0,1.0,0.0
51,actuated,3,3,514.0262262260319,128.50655655650797,1000514.0262262259,200102.80524524517,1637.0,39.73300970873787,66917.79346030594,1624.2182878715034,41.2,1.4982084359938383,83.46831606947444,31.0,23,1.9514943405001994,0.7524271844660194,83.46831606947444,100.0,4.6,0.9199999999999999,1.463935441005469,0.0,5,100.0,1.0,0.0,100.0,1.0,0.0,100.0,1.0,0.0,17.3415803473722,0.6,7.319677205027345,100.0,1.0,0.0
52,actuated,2,3,1001.9079268878971,217.80607106258634,1919.0262757535613,383.80525515071224,1306.4,32.336633663366335,65218.63247764118,1614.3225860802272,40.4,1.4572731748153183,64.83846564308942,27.4,20,1.7710727183341262,0.6782178217821783,64.83846564308942,100.0,4.0,0.8,1.8070817713895415,0.0,5,60.0,0.8,0.0,100.0,1.0,0.0,100.0,1.0,0.0,4.192328215447105,0.4,9.035408856947708,60.0,0.8,0.0
53,actuated,2,2,315.26266261373814,78.81566565343454,171133.6316505531,34226.72633011062,815.6,21.129533678756477,67949.99090827441,1760.362458763586,38.6,1.6442133369084726,56.27733102278535,22.4,17,1.7698687489220857,0.5803108808290155,56.27733102278535,100.0,3.4000000000000004,0.68,2.6010259547441708,0.0,5,34.71608353165152,0.6,2.13963622102679,100.0,1.0,0.0,100.0,1.0,0.0,11.370243901831145,0.2,8.794886095969787,35.30032768044407,0.6,2.0706074567242743
54,actuated,2,2,323.16656514145757,80.79164128536439,1857439.026188386,371487.8052376772,405.4,10.956756756756757,67589.95724828757,1826.7556013050694,37.0,2.032390952703117,50.17603018881914,16.4,19,1.8423815279205502,0.44324324324324327,50.17603018881914,100.0,3.8,0.76,3.4829696842752527,0.0,5,18.137376519229065,0.8,4.182654355890719,100.0,1.0,0.0,100.0,1.0,0.0,0.44625471709878184,0.4,9.08492732476443,32.29651970776786,0.6,4.147266740721111
55,actuated,2,2,233.77062040790102,58.442655101975255,1000233.7706204079,200046.75412408158,393.0,10.679347826086957,66048.1645654676,1794.7870805833588,36.8,2.280643991923098,55.99513122361168,17.8,19,1.8053599200911614,0.483695652173913,55.99513122361168,100.0,3.8,0.76,3.8299113606975546,0.0,5,23.502579636978,0.6,5.430302745192341,100.0,1.0,0.0,100.0,1.0,0.0,1.2025018304575497,0.4,9.203122537489982,55.27057465062285,0.8,4.516131520805449
56,actuated,2,2,353.81107438882856,88.45276859720714,1000353.8110743888,200070.76221487776,492.0,13.155080213903743,63428.375720925185,1695.9458748910479,37.4,2.0798769567743274,63.49721592381002,22.4,21,1.8886423383854762,0.5989304812834224,63.49721592381002,100.0,4.199999999999999,0.8399999999999999,3.174727061313789,0.0,5,16.411843817518275,0.8,6.836602234641218,100.0,1.0,0.0,100.0,1.0,0.0,1.0742358015318132,0.4,9.037033071927727,100.0,1.0,0.0
57,actuated,0,2,647.0105150103997,140.65445978486952,1663.8323027323677,332.7664605464735,354.6,9.33157894736842,66954.78666296895,1761.9680700781303,38.0,1.8850664978957719,60.101664881321994,21.4,20,2.0421228861944605,0.5631578947368421,60.101664881321994,100.0,4.0,0.8,2.903733051830244,0.0,5,15.679287739783376,0.6,8.169661357898633,60.0,0.8,0.0,60.0,0.8,0.0,64.8290366668266,0.8,6.349003901252587,100.0,1.0,0.0
58,actuated,0,0,649.0545865173308,129.81091730346617,649.0545865173308,129.81091730346617,242.4,6.622950819672131,66240.24017364686,1809.8426276952691,36.6,2.087031804473909,51.29706724362518,18.6,17,1.624176589192072,0.5081967213114754,51.29706724362518,100.0,3.4,0.6799999999999999,2.690379021448975,0.0,5,10.054875907903806,0.2,9.945423585127818,25.577527962623208,0.6,1.821473046434854,20.85293234759888,0.6,1.6849984756822058,100.0,1.0,0.0,100.0,1.0,0.0
59,actuated,0,0,268.93836384734584,64.03294377317758,249237.32164351345,49847.46432870269,206.8,5.808988764044944,61167.401523565524,1718.1854360552113,35.6,2.390655740279009,58.330767467453825,17.8,20,1.7598891556934186,0.5,58.330767467453825,100.0,4.0,0.8,3.3949229188471635,0.0,5,10.612170188446726,0.2,9.423143261391356,38.29382594796243,0.8,3.8132584509498173,42.747841200859966,1.0,3.738212881894645,100.0,1.0,0.0,100.0,1.0,0.0
60,actuated,0,0,213.53092253956802,53.382730634892006,2023150.673352213,404630.1346704426,293.8,8.071428571428571,60049.08896707192,1649.7002463481297,36.4,2.144969874235665,64.38601477705811,22.2,20,1.8667225706152266,0.6098901098901099,64.38601477705811,100.0,4.0,0.8,2.787386480199997,0.0,5,2.2472248838062114,0.4,8.865095044486226,19.68284900148433,0.6,5.0718373565137576,100.0,1.0,0.0,100.0,1.0,0.0,100.0,1.0,0.0
61,actuated,0,0,405.44984841442454,101.36246210360613,1000405.4498484142,200081.08996968283,420.0,10.880829015544041,63617.45317742514,1648.120548637957,38.6,1.6910178686335022,62.131308162623554,28.2,16,1.9857946697406448,0.7305699481865285,62.131308162623554,100.0,3.2,0.64,1.8767816264899775,0.0,5,10.656540813117772,0.2,9.383908132449887,0.0,0.0,0.0,100.0,1.0,0.0,100.0,1.0,0.0,100.0,1.0,0.0
62,actuated,0,0,554.2285222771754,153.9523672992154,1001693.455148122,200338.6910296244,570.6,13.985294117647058,65156.43949023072,1596.9715561331059,40.8,1.4798723132257163,70.56363463031789,32.6,19,1.919761066350494,0.7990196078431373,70.56363463031789,100.0,3.8,0.76,3.2578521179437194,0.0,5,11.065392049915772,0.2,9.037185447104081,41.75278110167369,0.6,7.252075142614516,100.0,1.0,0.0,100.0,1.0,0.0,100.0,1.0,0.0
63,actuated,2,0,623.5764886069308,173.21569127970298,121233.9467394092,24246.78934788184,523.8,13.095,66094.23066721825,1652.3557666804563,40.0,1.332785909451497,66.12461347429075,30.4,19,1.796697955784235,0.76,66.12461347429075,100.0,3.8,0.76,1.882695393022156,0.0,5,10.623067371453772,0.2,9.41347696511078,100.0,1.0,0.0,100.0,1.0,0.0,60.0,0.8,0.0,60.0,0.8,0.0
64,actuated,2,2,296.32415811208233,77.98004160844272,4446024.044605716,889204.8089211432,419.0,11.026315789473685,64686.74464097289,1702.2827537098128,38.0,1.531934986295355,49.63072114920237,24.0,16,1.6760067308317834,0.631578947368421,49.63072114920237,100.0,3.2,0.64,0.7349382033100927,0.0,5,0.0,0.0,0.0,100.0,1.0,0.0,100.0,1.0,0.0,25.105057436178413,0.6,1.8137247165841621,23.04854830983345,0.6,1.8609662999663017
65,actuated,2,2,332.9585459403297,97.92898410009698,2442271.1434383136,488454.22868766275,335.4,9.528409090909092,65127.05830291895,1850.2005199692883,35.2,1.8221655899525007,57.15881204931134,17.0,20,1.8072341482875618,0.48295454545454547,57.15881204931134,100.0,4.0,0.8,3.3254837317808517,0.0,5,11.600967478498205,0.2,8.61997072100623,100.0,1.0,0.0,100.0,1.0,0.0,29.52796637120855,1.0,3.898162818944594,44.66512639684993,0.8,4.109285118953433
66,actuated,2,2,247.42872390734652,61.85718097683663,1000247.4287239073,200049.48574478147,376.8,11.017543859649123,62333.36812560777,1822.6131030879465,34.2,2.447280310210016,49.16614042933952,16.2,19,1.947157542819624,0.47368421052631576,49.16614042933952,100.0,3.8,0.76,3.887132728366693,0.0,5,8.617269484484495,0.4,8.875016751419754,100.0,1.0,0.0,100.0,1.0,0.0,20.470385989008264,0.6,4.930160582285515,16.743046673204844,0.8,5.630486308128194
67,actuated,2,2,201.00033353743254,50.250083384358135,1000201.0003335371,200040.20006670742,469.4,12.895604395604396,59632.57253582411,1638.2574872479152,36.4,1.9909115978774188,80.92072447892724,21.8,22,1.6209141990351557,0.5989010989010989,80.92072447892724,100.0,4.4,0.8800000000000001,1.7108603139221668,0.0,5,4.603622394636204,0.4,8.554301569610834,100.0,1.0,0.0,100.0,1.0,0.0,100.0,1.0,0.0,100.0,1.0,0.0
68,actuated,0,2,376.94025024358655,94.23506256089664,1000376.9402502434,200075.38805004867,495.2,12.895833333333334,61889.183912588574,1611.6974977236607,38.4,1.5126487984172237,73.35831859608902,24.2,21,1.7643948124861093,0.6302083333333334,73.35831859608902,100.0,4.2,0.8400000000000001,1.7564366620965306,0.0,5,6.7915929804451025,0.4,8.782183310482653,60.0,0.8,0.0,100.0,1.0,0.0,100.0,1.0,0.0,100.0,1.0,0.0
69,actuated,0,0,457.49804248194886,114.37451062048721,1000457.498042482,200091.49960849638,592.8,15.045685279187817,66366.25576783146,1684.4227352241487,39.4,1.7610026131999232,65.95746041963662,28.4,20,1.9131070955706884,0.7208121827411168,65.95746041963662,100.0,4.0,0.8,2.179250488311901,0.0,5,1.513991361847502,0.4,8.962397176679225,28.27331073633559,0.6,1.933855264880278,100.0,1.0,0.0,100.0,1.0,0.0,100.0,1.0,0.0
70,actuated,0,0,731.7308148470477,203.25855967973547,1001155.8792984368,200231.17585968736,742.6,18.38118811881188,66591.85780448781,1648.3133119922725,40.4,1.9040349944425718,64.44332193154878,31.8,19,2.215117667675851,0.7871287128712872,64.44332193154878,100.0,3.8,0.76,3.022020454952917,0.0,5,7.482674830667975,0.2,9.072343112248927,14.733934827075927,0.6,6.03775916251566,100.0,1.0,0.0,100.0,1.0,0.0,100.0,1.0,0.0
71,actuated,0,0,366.7884017252362,152.82850071884843,1345571.3472887264,269114.26945774525,907.6,23.27179487179487,61825.591797310684,1585.271584546428,39.0,2.1384009836106936,60.0,34.4,17,2.639753949534022,0.882051282051282,60.0,100.0,3.4,0.6799999999999999,0.0,0.0,5,0.0,0.2,0.0,0.0,0.2,0.0,100.0,1.0,0.0,100.0,1.0,0.0,100.0,1.0,0.0
72,actuated,0,0,31.639905417118285,15.819952708559143,3267699.0199758825,653539.8039951765,1082.0,27.743589743589745,63643.42698061548,1631.8827430927045,39.0,2.5780574672499235,64.30484560029686,35.2,17,3.359876350053669,0.9025641025641026,64.30484560029686,100.0,3.4,0.6799999999999999,3.716944866627538,0.0,5,10.68258587697187,0.2,9.361029356718488,10.841642124512418,0.2,9.223694976419202,100.0,1.0,0.0,100.0,1.0,0.0,100.0,1.0,0.0
73,actuated,0,0,88.47265954907522,49.15147752726401,4918200.902667087,983640.1805334173,1257.0,32.56476683937824,61945.304906931866,1604.8006452573022,38.6,1.5509889168988367,61.43653284308016,35.2,17,2.6290872472082447,0.9119170984455959,61.43653284308016,100.0,3.4,0.6799999999999999,1.7478125894628467,0.0,5,7.182664215400791,0.4,8.739062947314233,0.0,0.0,0.0,100.0,1.0,0.0,100.0,1.0,0.0,100.0,1.0,0.0
74,actuated,0,0,45.04619482218759,22.523097411093794,3000045.0461948225,600009.0092389645,1432.0,36.717948717948715,63196.25743902648,1620.4168574109353,39.0,1.7766479078121484,62.12296250427494,35.2,16,2.299232273840973,0.9025641025641026,62.12296250427494,100.0,3.2,0.64,1.8841595138610951,0.0,5,10.614812521374688,0.2,9.420797569305476,0.0,0.0,0.0,100.0,1.0,0.0,100.0,1.0,0.0,100.0,1.0,0.0
75,actuated,0,0,42.97780580880395,21.488902904401975,3000042.9778058087,600008.5955611618,1607.0,40.58080808080808,64137.08268593886,1619.6233001499713,39.6,1.7902315254646042,62.244907771310636,35.4,16,2.2489510276606413,0.8939393939393939,62.244907771310636,100.0,3.2,0.64,1.7818103937805403,0.0,5,11.224538856553181,0.2,8.909051968902702,0.0,0.0,0.0,100.0,1.0,0.0,100.0,1.0,0.0,100.0,1.0,0.0
76,actuated,0,0,38.758405006400594,19.379202503200297,3000038.758405006,600007.7516810012,1782.0,45.69230769230769,63213.537691974234,1620.8599408198522,39.0,1.9702643053165325,61.764172290145325,35.2,17,2.4732171568272827,0.9025641025641026,61.764172290145325,100.0,3.4,0.6799999999999999,1.8299854368530213,0.0,5,0.0,0.0,0.0,8.820861450726625,0.4,9.149927184265106,100.0,1.0,0.0,100.0,1.0,0.0,100.0,1.0,0.0
77,actuated,0,0,34.90919358680718,17.45459679340359,3000034.9091935866,600006.9818387174,1957.0,50.69948186528497,62128.81083011562,1609.5546847180212,38.6,2.1872051402709136,62.03205256089336,35.2,17,2.7369137447297978,0.9119170984455959,62.03205256089336,100.0,3.4,0.6799999999999999,1.7562787140905851,0.0,5,10.16026280446681,0.4,8.781393570452925,0.0,0.0,0.0,100.0,1.0,0.0,100.0,1.0,0.0,100.0,1.0,0.0
78,actuated,0,0,52.56404113695,26.282020568475,3000052.5640411368,600010.5128082273,2132.0,54.38775510204081,63196.54948080568,1612.156874510349,39.2,1.8957615539810309,64.15789497397805,35.4,18,2.6094992040123763,0.9030612244897959,64.15789497397805,100.0,3.6,0.72,3.5050424068607646,0.0,5,9.125910842128633,0.4,8.951503366697578,11.663564027761595,0.2,8.573708667606246,100.0,1.0,0.0,100.0,1.0,0.0,100.0,1.0,0.0
79,actuated,0,0,57.30298296033442,28.65149148016721,3000057.3029829604,600011.460596592,2307.0,59.15384615384615,62968.80456423536,1614.5847324162912,39.0,1.5249885214132783,62.1196217129218,35.0,17,2.054700858691094,0.8974358974358975,62.1196217129218,100.0,3.4,0.6799999999999999,1.807320558987558,0.0,5,10.598108564608992,0.4,9.03660279493779,0.0,0.0,0.0,100.0,1.0,0.0,100.0,1.0,0.0,100.0,1.0,0.0
80,actuated,0,0,42.809593025590196,21.404796512795098,3000042.809593026,600008.5619186052,2482.0,62.994923857868024,63841.933999533605,1620.3536548104976,39.4,1.8034099421557253,61.05812909680617,35.4,16,2.2783719094694552,0.8984771573604061,61.05812909680617,100.0,3.2,0.64,1.825078398641199,0.0,5,5.290645484030847,0.2,9.125391993205994,0.0,0.0,0.0,100.0,1.0,0.0,100.0,1.0,0.0,100.0,1.0,0.0
81,actuated,0,0,40.34337855546708,20.17168927773354,3000040.3433785555,600008.068675711,2657.0,66.425,65835.96457785962,1645.8991144464903,40.0,1.906391012065557,61.15632444071207,35.2,18,2.401141528259312,0.88,61.15632444071207,100.0,3.6,0.72,1.86530495248735,0.0,5,0.0,0.2,0.0,5.781622203560346,0.4,9.32652476243675,100.0,1.0,0.0,100.0,1.0,0.0,100.0,1.0,0.0
82,actuated,0,0,42.75707517509684,21.37853758754842,3000042.7570751747,600008.5514150349,2832.0,72.24489795918367,63155.24322456601,1611.103143483827,39.2,1.8424507509725425,62.247486747718085,35.4,16,2.35818796360085,0.9030612244897959,62.247486747718085,100.0,3.2,0.64,1.7797657779567662,0.0,5,11.237433738590425,0.2,8.89882888978383,0.0,0.0,0.0,100.0,1.0,0.0,100.0,1.0,0.0,100.0,1.0,0.0
83,actuated,0,0,41.752648159167435,20.876324079583718,3000041.752648159,600008.3505296318,3007.2,74.43564356435644,64833.32553899083,1604.785285618585,40.4,1.916136757705707,60.69717363449081,35.4,19,2.4586410258141247,0.8762376237623762,60.69717363449081,100.0,3.8,0.76,3.428365285005421,0.0,5,2.0205623459764865,0.4,8.49746137438342,1.465305826477561,0.4,8.644365050643684,100.0,1.0,0.0,100.0,1.0,0.0,100.0,1.0,0.0
84,actuated,0,0,64.39065160496268,32.19532580248134,3000064.390651605,600012.878130321,3185.8,77.70243902439024,63266.46298146881,1543.084462962654,41.0,1.2277870483915598,60.32107140574453,36.6,17,1.5953012448375352,0.8926829268292683,60.32107140574453,100.0,3.4,0.6799999999999999,1.6515884110042436,0.0,5,1.6053570287226648,0.4,8.257942055021218,0.0,0.0,0.0,100.0,1.0,0.0,100.0,1.0,0.0,100.0,1.0,0.0
85,actuated,0,0,64.11446248679,32.057231243395,3000064.1144624865,600012.8228924973,3374.0,79.5754716981132,67308.68212324446,1587.4689180010487,42.4,1.2146824488772023,61.74998307194937,38.4,18,1.543118052876665,0.9056603773584906,61.74998307194937,100.0,3.6,0.72,3.2043855397612973,0.0,5,2.1685119372136796,0.2,7.42564884555768,6.581403422533185,0.4,8.596278853248805,100.0,1.0,0.0,100.0,1.0,0.0,100.0,1.0,0.0
86,actuated,3,0,683.7954028151653,213.68606337973915,1002403.2628128944,200480.65256257888,2875.0,66.55092592592592,68413.41333398274,1583.6438271755264,43.2,0.6583686818731054,64.0,34.2,18,0.7642582601539675,0.7916666666666666,64.0,100.0,3.6,0.72,0.0,0.0,5,100.0,1.0,0.0,0.0,0.0,0.0,60.0,0.8,0.0,60.0,0.8,0.0,100.0,1.0,0.0
87,actuated,3,3,360.0110467729205,90.00276169323013,1000360.0110467728,200072.00220935457,1989.0,48.04347826086956,69940.38828627493,1689.3813595718582,41.4,1.0170613126792163,49.80423139462073,27.0,16,0.6848811342646465,0.6521739130434783,49.80423139462073,100.0,3.2,0.64,0.6835632646747017,0.0,5,100.0,1.0,0.0,0.0,0.0,0.0,25.56575961119961,0.6,1.758076812447152,23.455397361904033,0.6,1.6597395109263564,100.0,1.0,0.0
88,actuated,3,3,259.77733497997315,64.94433374499329,1000259.77733498,200051.955466996,1363.8,34.43939393939394,69911.5726493733,1765.4437537720528,39.6,1.5212524537052239,55.469734563393104,20.4,21,1.0405013136624,0.5151515151515151,55.469734563393104,100.0,4.2,0.8400000000000001,2.7420642048425283,0.0,5,100.0,1.0,0.0,29.63912824699719,0.4,5.6527231385064995,17.05999301012298,0.8,4.251378602934745,30.64955155984535,1.0,3.806219282771396,100.0,1.0,0.0
89,actuated,3,3,341.00201526076074,85.25050381519019,1000341.0020152607,200068.20040305215,1384.2,35.131979695431475,69347.818254279,1760.0969100070813,39.4,1.7329716738525036,68.31490175500903,21.6,21,1.5588286558153615,0.5482233502538071,68.31490175500903,100.0,4.2,0.8400000000000001,2.2689378706470844,0.0,5,100.0,1.0,0.0,100.0,1.0,0.0,19.727955383491462,0.6,5.662582899005235,21.846553391553698,0.6,5.682106454230187,100.0,1.0,0.0
90,actuated,3,3,267.3826887967333,66.84567219918333,1000267.3826887967,200053.47653775936,1498.6,37.843434343434346,63462.453446340514,1602.587208240922,39.6,1.762751606799719,82.94791495863365,24.8,24,1.6491273245342843,0.6262626262626263,82.94791495863365,100.0,4.8,0.96,1.1951239788060426,0.0,5,100.0,1.0,0.0,100.0,1.0,0.0,100.0,1.0,0.0,14.73957479316823,0.8,5.9756198940302125,100.0,1.0,0.0
91,actuated,3,3,784.1190678093113,196.02976695232783,1000784.1190678093,200156.82381356187,1634.0,39.853658536585364,64740.30956444235,1579.031940596155,41.0,1.3875278012460799,84.79552291058462,30.0,24,1.771662873986835,0.7317073170731707,84.79552291058462,100.0,4.8,0.96,1.2313972402390858,0.0,5,100.0,1.0,0.0,100.0,1.0,0.0,100.0,1.0,0.0,23.977614552923114,0.8,6.156986201195429,100.0,1.0,0.0
92,actuated,2,3,890.6639492692414,193.6225976672264,1644.208692391036,328.8417384782072,1299.8,31.857843137254903,67260.13631187941,1648.5327527421425,40.8,1.2415553759389177,66.13669025268382,28.0,20,1.6609656916165854,0.6862745098039216,66.13669025268382,100.0,4.0,0.8,1.5554479032906223,0.0,5,60.0,0.8,0.0,100.0,1.0,0.0,100.0,1.0,0.0,10.683451263419101,0.4,7.777239516453112,60.0,0.8,0.0
93,actuated,2,2,619.386362793705,134.64920930297936,12027.875652973536,2405.5751305947074,838.0,21.487179487179485,67905.0865883318,1741.156066367482,39.0,1.6131235549408351,55.69509819355835,23.2,18,1.7911844667819161,0.5948717948717949,55.69509819355835,100.0,3.6000000000000005,0.7200000000000001,2.5395146386061147,0.0,5,27.275415858332508,0.6,1.9063133420872111,100.0,1.0,0.0,100.0,1.0,0.0,11.095395072927658,0.2,9.012748022285047,40.10468003653159,0.8,1.7785118286583148
94,actuated,2,2,232.10794877075267,58.02698719268817,2556334.56934829,511266.913869658,394.8,10.67027027027027,67580.96049988203,1826.5124459427573,37.0,2.0724514740775213,53.329036892395834,16.6,18,1.7385752475203142,0.4486486486486487,53.329036892395834,100.0,3.6,0.72,3.6625001897497738,0.0,5,18.6106105087174,0.8,4.235326620482818,100.0,1.0,0.0,100.0,1.0,0.0,10.487060779355488,0.2,9.535560258872247,37.54751317390628,0.6,4.541614069393805
95,actuated,2,2,188.22918700653298,47.057296751633245,1000188.2291870067,200037.64583740133,382.2,10.735955056179776,65124.890191094964,1829.3508480644653,35.6,2.393938237133463,45.38354138623981,16.8,19,1.6976574093584973,0.47191011235955055,45.38354138623981,100.0,3.8,0.76,3.836955731648576,0.0,5,7.565087801649497,0.6,5.4627494076286265,100.0,1.0,0.0,100.0,1.0,0.0,0.5573558953528845,0.4,8.872492884285748,18.795263234196682,0.8,4.849536366328507
96,actuated,2,2,266.3729973538522,73.99249926495895,1002162.776467879,200432.5552935758,475.2,12.843243243243244,64010.83369468035,1730.022532288658,37.0,2.1576647683368884,66.09464075803317,21.4,20,1.8490035100969477,0.5783783783783784,66.09464075803317,100.0,4.0,0.8,3.2231135431111086,0.0,5,25.38044273930609,0.6,7.107986332938188,100.0,1.0,0.0,100.0,1.0,0.0,5.092761050859735,0.4,9.007581382617355,100.0,1.0,0.0
97,actuated,0,2,357.04069513516504,89.26017378379126,1000357.0406951352,200071.40813902704,442.0,11.75531914893617,65264.24040303803,1735.7510745488837,37.6,1.9077335843405794,67.06379814790762,22.6,23,1.9822803637305881,0.601063829787234,67.06379814790762,100.0,4.6,0.9199999999999999,2.683220042735931,0.0,5,6.547841483386492,1.0,7.639786692495608,60.0,0.8,0.0,100.0,1.0,0.0,68.7711492561516,0.8,5.776313521184047,100.0,1.0,0.0
98,actuated,0,0,333.11612056136255,83.27903014034064,1000333.1161205614,200066.62322411226,487.2,13.096774193548388,64766.61906508952,1741.0381469110087,37.2,1.999096282287337,67.75575958668333,23.8,20,1.8719947641342995,0.6397849462365591,67.75575958668333,100.0,4.0,0.8,2.178888820004634,0.0,5,9.858423636105726,0.4,8.982785905059426,28.9203742973109,0.6,1.9116581949637446,100.0,1.0,0.0,100.0,1.0,0.0,100.0,1.0,0.0
99,actuated,0,0,681.5296770960283,170.38241927400708,1000681.529677096,200136.30593541922,608.4,16.180851063829788,62634.38999806639,1665.8082446294252,37.6,2.0519234314928045,65.4826836453467,26.4,21,2.0463303616398862,0.7021276595744681,65.4826836453467,100.0,4.2,0.8400000000000001,2.629726160846963,0.0,5,9.290546871309289,0.4,9.24895913777873,18.122871355424195,0.8,3.8996716664560873,100.0,1.0,0.0,100.0,1.0,0.0,100.0,1.0,0.0
100,actuated,0,0,144.23299499690444,48.077664998968146,1044428.5116665211,208885.70233330422,746.2,20.167567567567566,61025.3380981136,1649.3334621111783,37.0,2.0336980480239646,65.65005225162895,29.0,18,2.206766336938434,0.7837837837837838,65.65005225162895,100.0,3.6,0.72,3.0029402364680826,0.0,5,10.626861130722318,0.2,9.410116380546219,17.62340012742243,0.4,5.604584801794195,100.0,1.0,0.0,100.0,1.0,0.0,100.0,1.0,0.0
101,actuated,0,0,187.17431616437963,62.39143872145988,2820214.443290735,564042.8886581471,894.6,24.17837837837838,60535.30256236684,1636.0892584423473,37.0,1.942317798771696,61.6752296030736,31.0,17,2.187640033422137,0.8378378378378378,61.6752296030736,100.0,3.4,0.6799999999999999,1.8064344522915783,0.0,5,8.376148015368017,0.4,9.032172261457891,0.0,0.0,0.0,100.0,1.0,0.0,100.0,1.0,0.0,100.0,1.0,0.0
102,actuated,0,0,257.6685090975079,85.88950303250265,2000257.668509097,400051.5337018194,1049.6,27.051546391752577,64379.02153381207,1659.253132314744,38.8,2.1124495731130146,63.07734111382524,31.8,18,2.498125570038647,0.8195876288659794,63.07734111382524,100.0,3.6,0.72,3.6276383135468735,0.0,5,4.7042547517094135,0.4,8.777043858356773,10.682450817416793,0.2,9.361147709377592,100.0,1.0,0.0,100.0,1.0,0.0,100.0,1.0,0.0
103,actuated,0,0,527.6183908480232,175.87279694934105,8826796.08877044,1765359.2177540879,1211.6,31.066666666666666,62989.71126929832,1615.1208017768802,39.0,2.053628660261343,62.21762298159456,33.6,16,2.499025188322023,0.8615384615384616,62.21762298159456,100.0,3.2,0.64,1.8037331111728654,0.0,5,11.088114907972795,0.2,9.018665555864327,0.0,0.0,0.0,100.0,1.0,0.0,100.0,1.0,0.0,100.0,1.0,0.0
104,actuated,0,0,33.56517333662443,16.782586668312216,4553623.137979482,910724.6275958965,1383.0,34.92424242424242,64629.50959451514,1632.0583230938166,39.6,2.3248939050084796,64.25051691901035,35.0,18,2.969470828148963,0.8838383838383839,64.25051691901035,100.0,3.6,0.72,3.592672339640572,0.0,5,10.822238352220666,0.2,9.240232634451313,10.430346242831092,0.4,8.723129063751548,100.0,1.0,0.0,100.0,1.0,0.0,100.0,1.0,0.0
105,actuated,0,0,60.86970270008611,30.434851350043054,5170662.968558724,1034132.5937117448,1558.0,39.744897959183675,63630.72806619773,1623.2328588315745,39.2,1.4887890588662183,62.174834751760955,35.2,16,2.025517305301901,0.8979591836734694,62.174834751760955,100.0,3.2,0.64,1.839220196735047,0.0,5,10.874173758804773,0.2,9.196100983675235,0.0,0.0,0.0,100.0,1.0,0.0,100.0,1.0,0.0,100.0,1.0,0.0
106,actuated,0,0,41.536868819700686,20.768434409850343,6936628.325289989,1387325.6650579977,1733.0,44.20918367346939,63164.29102596459,1611.3339547439946,39.2,1.8717290534210318,61.03468707002958,35.4,16,2.370959197213697,0.9030612244897959,61.03468707002958,100.0,3.2,0.64,1.8167175322212283,0.0,5,5.173435350147884,0.2,9.083587661106142,0.0,0.0,0.0,100.0,1.0,0.0,100.0,1.0,0.0,100.0,1.0,0.0
107,actuated,0,0,37.711544030476446,18.855772015238223,3000037.7115440303,600007.5423088061,1908.0,48.4263959390863,64080.57906426643,1626.4106361488941,39.4,2.01099195516482,61.7742570233936,35.2,18,2.506834982157003,0.8934010152284264,61.7742570233936,100.0,3.6,0.72,1.6669301312416789,0.0,5,0.0,0.2,0.0,8.87128511696801,0.4,8.334650656208394,100.0,1.0,0.0,100.0,1.0,0.0,100.0,1.0,0.0
108,actuated,0,0,37.70903171682262,18.85451585841131,3000037.709031717,600007.5418063434,2083.0,53.68556701030928,62569.48376089723,1612.6155608478668,38.8,2.0320838941646118,60.456896156599214,35.2,17,2.5479987217967675,0.9072164948453608,60.456896156599214,100.0,3.4,0.6799999999999999,1.680339722447097,0.0,5,2.28448078299607,0.4,8.401698612235485,0.0,0.0,0.0,100.0,1.0,0.0,100.0,1.0,0.0,100.0,1.0,0.0
109,actuated,0,0,30.38385486872874,15.19192743436437,4941382.454249842,988276.4908499684,2258.0,58.1958762886598,63403.0208870007,1634.0984764690902,38.8,2.6815700128726347,64.35497608594505,35.0,17,3.517870278760444,0.9020618556701031,64.35497608594505,100.0,3.4,0.6799999999999999,3.6750080281499677,0.0,5,10.703422100082207,0.2,9.342806353421487,11.071458329643065,0.2,9.032233787328352,100.0,1.0,0.0,100.0,1.0,0.0,100.0,1.0,0.0
110,actuated,0,0,85.36981357009066,47.42767420560592,5008535.706095361,1001707.1412190723,2433.0,62.70618556701031,62018.417012803046,1598.412809608326,38.8,1.1900408838465928,61.73214776251007,35.4,16,1.9154297260993063,0.9123711340206185,61.73214776251007,100.0,3.2,0.64,1.7676823713444172,0.0,5,8.660738812550335,0.2,8.838411856722086,0.0,0.0,0.0,100.0,1.0,0.0,100.0,1.0,0.0,100.0,1.0,0.0
111,actuated,0,0,42.9318509651876,21.4659254825938,3000042.9318509647,600008.5863701929,2608.0,67.21649484536083,62623.7987289503,1614.015431158513,38.8,1.8130539537699273,61.90011482270393,35.2,17,2.2985362852513767,0.9072164948453608,61.90011482270393,100.0,3.4,0.6799999999999999,1.7789434808678926,0.0,5,9.500574113519633,0.4,8.894717404339463,0.0,0.0,0.0,100.0,1.0,0.0,100.0,1.0,0.0,100.0,1.0,0.0
112,actuated,0,0,49.687080130143315,24.843540065071657,3000049.6870801304,600009.9374160261,2783.6,68.5615763546798,65043.49685235332,1602.0565727180622,40.6,1.5847867517001775,60.0,35.8,16,2.033863507818656,0.8817733990147784,60.0,100.0,3.2,0.64,0.0,0.0,5,0.0,0.2,0.0,0.0,0.0,0.0,100.0,1.0,0.0,100.0,1.0,0.0,100.0,1.0,0.0
113,actuated,0,0,51.91527445765157,25.957637228825785,3000051.915274458,600010.3830548916,2963.2,71.57487922705315,65373.480721569635,1579.0695826466094,41.4,1.6187209518151975,63.17911583033174,36.4,18,2.1720360573421362,0.8792270531400966,63.17911583033174,100.0,3.6,0.72,3.520649568156455,0.0,5,10.986234433296431,0.2,9.102299846881648,4.909344718362263,0.4,8.500947993900628,100.0,1.0,0.0,100.0,1.0,0.0,100.0,1.0,0.0
114,actuated,0,0,67.68639323696704,33.84319661848352,3000067.6863932377,600013.5372786475,3150.2,73.94835680751174,67525.58468912411,1585.1076218104251,42.6,1.1863062711447454,69.89531654864459,38.6,19,1.5281269821667447,0.9061032863849765,69.89531654864459,100.0,3.8,0.76,2.8773087770488845,0.0,5,49.01372258643278,0.6,5.523784960898006,0.4628601567901569,0.2,8.862758924346418,100.0,1.0,0.0,100.0,1.0,0.0,100.0,1.0,0.0
115,actuated,3,0,629.985105441771,196.87034545055343,1002591.5589878164,200518.31179756328,2734.0,63.28703703703704,68179.13915508198,1578.220813775046,43.2,0.6957324147535988,68.0,34.8,20,0.8176539555307519,0.8055555555555556,68.0,100.0,4.0,0.8,0.0,0.0,5,100.0,1.0,0.0,0.0,0.2,0.0,80.0,1.0,0.0,60.0,0.8,0.0,100.0,1.0,0.0
116,actuated,3,3,378.66825074880705,94.66706268720176,1000378.6682507487,200075.73365014972,1985.4,47.72596153846154,69299.66745154258,1665.8573906620813,41.6,0.9344264495783914,54.46219508838021,28.0,17,0.6143308000822898,0.6730769230769231,54.46219508838021,100.0,3.4,0.6799999999999999,0.794554523022575,0.0,5,100.0,1.0,0.0,0.0,0.0,0.0,41.70323422910997,0.8,1.8117795144554427,30.607741212791097,0.6,2.160993100657432,100.0,1.0,0.0
117,actuated,3,3,232.97198357879324,58.24299589469831,1000232.9719835788,200046.59439671575,1357.6,34.11055276381909,70121.39637202045,1761.8441299502626,39.8,1.529279247273093,55.074785507066736,20.8,19,1.0052602602236933,0.5226130653266332,55.074785507066736,100.0,3.8,0.76,2.760632942360755,0.0,5,100.0,1.0,0.0,5.341126874720885,0.2,6.420379551115794,27.886708783439644,0.6,3.91825652972909,42.14609187717315,1.0,3.4645286309588914,100.0,1.0,0.0
118,actuated,3,3,358.3819129863829,89.59547824659572,1000358.3819129864,200071.67638259727,1392.8,34.30541871921182,67161.21815826438,1654.2171960163641,40.6,1.5665291599958695,73.4236398444109,22.2,24,1.4206039125452072,0.5467980295566502,73.4236398444109,100.0,4.8,0.96,1.8309390848665934,0.0,5,100.0,1.0,0.0,100.0,1.0,0.0,58.115317478277575,0.8,3.8456064986902065,9.002881743776925,1.0,5.309088925642762,100.0,1.0,0.0
119,actuated,3,3,372.10722255216893,93.02680563804223,1000372.1072225522,200074.42144451043,1515.0,37.13235294117647,66631.2923304959,1633.1199100611739,40.8,1.501252939499299,83.09446759847197,27.4,24,1.6620019479658439,0.6715686274509803,83.09446759847197,100.0,4.8,0.96,1.2184485481997682,0.0,5,100.0,1.0,0.0,100.0,1.0,0.0,100.0,1.0,0.0,15.472337992359826,0.8,6.092242740998841,100.0,1.0,0.0
120,actuated,3,3,658.244720101777,164.56118002544426,1000658.2447201019,200131.6489440204,1663.2,39.6,66172.97376357527,1575.5469943708397,42.0,1.4481348219292984,83.30362463680012,32.4,24,1.8239990473595766,0.7714285714285715,83.30362463680012,100.0,4.8,0.96,1.3302344945243116,0.0,5,100.0,1.0,0.0,100.0,1.0,0.0,100.0,1.0,0.0,16.518123184000615,0.8,6.651172472621559,100.0,1.0,0.0
121,actuated,2,3,1001.8274874527066,227.68806533016055,2794.3215755581305,558.8643151116261,1333.2,32.20289855072464,67893.57424239951,1639.9414068212443,41.4,1.2755894659381373,65.19866028992874,29.2,20,1.8486329610516843,0.7053140096618358,65.19866028992874,100.0,4.0,0.8,1.7465242841280997,0.0,5,60.0,0.8,0.0,100.0,1.0,0.0,100.0,1.0,0.0,5.993301449643695,0.4,8.732621420640498,60.0,0.8,0.0
122,actuated,2,2,296.8977657066712,74.2244414266678,1467842.0365374978,293568.40730749955,794.4,20.060606060606062,70022.53867782213,1768.2459262076293,39.6,1.617669509629112,55.6151246458121,23.4,18,1.7170639311879146,0.5909090909090909,55.6151246458121,100.0,3.6,0.72,2.684688554292979,0.0,5,34.87134816931302,0.6,2.271460364034609,100.0,1.0,0.0,100.0,1.0,0.0,10.309162161599943,0.4,9.341971146594734,32.895112898147545,0.6,1.8100112608355508
123,actuated,2,2,206.60909089452548,51.65227272363137,1000206.6090908945,200041.3218181789,424.4,11.532608695652174,68855.00960959263,1871.06004373893,36.8,2.1564908459987286,51.473577448532524,17.0,20,1.7151780458652242,0.46195652173913043,51.473577448532524,100.0,4.0,0.8,3.5070314269175284,0.0,5,28.44771089923597,0.8,4.547808999865836,100.0,1.0,0.0,100.0,1.0,0.0,6.351645825802734,0.4,8.830034776823108,22.568530517623913,0.8,4.157313357898696
124,actuated,2,2,167.7249833710096,41.9312458427524,1000167.7249833711,200033.54499667423,410.6,11.664772727272727,64878.664348652506,1843.1438735412644,35.2,2.568410166612763,51.58210862707119,17.0,18,1.8002187777984016,0.48295454545454547,51.58210862707119,100.0,3.6,0.72,4.023914131535761,0.0,5,15.321133440318135,0.8,5.980304689545271,100.0,1.0,0.0,100.0,1.0,0.0,10.723849588503072,0.2,9.32500956626704,31.86556010653476,0.6,4.814256401866496
125,actuated,2,2,693.8121141598624,173.4530285399656,1000693.8121141598,200138.76242283196,506.0,13.675675675675675,63462.838174453485,1715.2118425527967,37.0,2.1099589626944435,64.99628788474047,22.2,20,1.9851995681487706,0.6,64.99628788474047,100.0,4.0,0.8,3.2636987393261045,0.0,5,19.682733589474992,0.6,7.447294313788935,100.0,1.0,0.0,100.0,1.0,0.0,5.2987058342273485,0.4,8.871199382841588,100.0,1.0,0.0
126,actuated,0,2,485.7020273722903,105.58739725484573,1079.2892654491782,215.85785308983563,359.8,9.777173913043478,64547.03615331459,1753.9955476444181,36.8,1.9062831488373169,61.190942913182425,21.0,20,1.8023769971123909,0.5706521739130435,61.190942913182425,100.0,4.0,0.8,2.838514994935532,0.0,5,17.267571873035195,0.6,8.360978628206988,60.0,0.8,0.0,60.0,0.8,0.0,68.68714269287693,0.8,5.831596346470673,100.0,1.0,0.0
127,actuated,0,0,467.95341510191656,93.59068302038331,467.95341510191656,93.59068302038331,233.6,6.279569892473118,63791.20720467251,1714.8173979750675,37.2,2.057268840217203,62.68963482190702,18.4,18,1.714575129726218,0.4946236559139785,62.68963482190702,100.0,3.6,0.72,2.528935404238706,0.0,5,11.167858676171818,0.2,8.954268038273437,29.53822942174611,0.6,1.8226919983893985,72.74208601161718,0.8,1.8677169845306953,100.0,1.0,0.0,100.0,1.0,0.0
128,actuated,0,0,677.9945910860649,135.598918217213,677.9945910860649,135.598918217213,197.8,5.26063829787234,63941.96690497792,1700.5842261962212,37.6,2.001121958870816,63.9423235514123,20.0,21,1.7515575945577713,0.5319148936170213,63.9423235514123,100.0,4.2,0.8400000000000001,2.5977953935479197,0.0,5,7.968240049910946,0.4,9.057491938934453,11.743377707150557,0.8,3.9314850288051457,100.0,1.0,0.0,100.0,1.0,0.0,100.0,1.0,0.0
129,actuated,0,0,930.4858307952733,221.54424542744601,27603.544579191097,5520.70891583822,298.2,8.05945945945946,60548.27095118895,1636.4397554375391,37.0,2.1915777182125638,63.46567566859767,24.8,18,2.2568099809406035,0.6702702702702703,63.46567566859767,100.0,3.6,0.72,2.8811511144167,0.0,5,11.120031810607998,0.2,8.992780030053925,6.208346532380347,0.4,5.412975542029575,100.0,1.0,0.0,100.0,1.0,0.0,100.0,1.0,0.0
130,actuated,0,0,159.34119846885255,53.11373282295085,4841563.382827208,968312.6765654417,437.8,11.896739130434783,60803.49188051939,1652.2688011010703,36.8,2.450365296041092,60.87341082074454,30.0,17,2.8076921165519364,0.8152173913043478,60.87341082074454,100.0,3.4,0.6799999999999999,1.77580840094015,0.0,5,4.367054103722694,0.4,8.87904200470075,0.0,0.0,0.0,100.0,1.0,0.0,100.0,1.0,0.0,100.0,1.0,0.0
131,actuated,0,0,247.62337874996416,82.54112624998805,2164789.168788164,432957.83375763276,591.6,15.32642487046632,63935.49226387821,1656.35990320928,38.6,1.855246710506145,64.4013392874358,32.0,17,2.2015008481830627,0.8290155440414507,64.4013392874358,100.0,3.4,0.6799999999999999,3.635928245018944,0.0,5,10.853856336277659,0.2,9.213315240387187,11.152840100901358,0.2,8.966325984707531,100.0,1.0,0.0,100.0,1.0,0.0,100.0,1.0,0.0
132,actuated,0,0,536.4828917676184,178.82763058920614,4273807.982824814,854761.5965649628,752.2,19.287179487179486,62610.27327428494,1605.3916224175625,39.0,1.791358384775524,62.28701657721649,33.2,16,2.24940243701935,0.8512820512820513,62.28701657721649,100.0,3.2,0.64,1.7490035008265514,0.0,5,11.435082886082455,0.2,8.745017504132758,0.0,0.0,0.0,100.0,1.0,0.0,100.0,1.0,0.0,100.0,1.0,0.0
133,actuated,0,0,155.51517527209714,70.68871603277142,3316528.593580126,663305.7187160251,921.2,23.14572864321608,64629.59128269324,1623.859077454604,39.8,1.9703868677303817,62.13408463605583,34.6,17,2.443897294694628,0.8693467336683417,62.13408463605583,100.0,3.4,0.6799999999999999,1.752836147341877,0.0,5,10.670423180279158,0.4,8.764180736709385,0.0,0.0,0.0,100.0,1.0,0.0,100.0,1.0,0.0,100.0,1.0,0.0
134,actuated,0,0,36.934311876238226,18.467155938119113,8495399.612817537,1699079.9225635075,1096.0,27.959183673469386,63435.48502862713,1618.252169097631,39.2,2.075259097877975,64.02045217057412,35.2,18,2.6050591395482385,0.8979591836734694,64.02045217057412,100.0,3.6,0.72,3.3893058844839343,0.0,5,11.65732595625741,0.2,8.57829663297028,8.444934896613177,0.4,8.368232789449394,100.0,1.0,0.0,100.0,1.0,0.0,100.0,1.0,0.0
135,actuated,0,0,32.50364667148238,16.25182333574119,3000032.5036466713,600006.5007293343,1271.0,32.75773195876289,62898.44966028243,1621.094063409341,38.8,2.458449755424633,63.91785875623509,35.2,17,3.1797314474428995,0.9072164948453608,63.91785875623509,100.0,3.4,0.6799999999999999,3.589954686537221,0.0,5,8.203107825422649,0.2,9.16720125367865,11.386185955752808,0.2,8.782572179007454,100.0,1.0,0.0,100.0,1.0,0.0,100.0,1.0,0.0
136,actuated,0,0,88.59740939195031,49.22078299552795,3200088.5974093922,640017.7194818784,1446.0,37.2680412371134,62103.3366449733,1600.6014599219923,38.8,1.4353615061802172,60.0,35.4,16,2.4495965478326545,0.9123711340206185,60.0,100.0,3.2,0.64,0.0,0.0,5,0.0,0.2,0.0,0.0,0.0,0.0,100.0,1.0,0.0,100.0,1.0,0.0,100.0,1.0,0.0
137,actuated,0,0,50.91658664212644,25.45829332106322,3000050.916586642,600010.1833173285,1621.0,41.56410256410256,62827.479410627435,1610.9610105289087,39.0,1.5689470012473563,62.198096809434446,35.2,16,2.036013178629307,0.9025641025641026,62.198096809434446,100.0,3.2,0.64,1.8197560648064315,0.0,5,10.990484047172231,0.2,9.098780324032157,0.0,0.0,0.0,100.0,1.0,0.0,100.0,1.0,0.0,100.0,1.0,0.0
138,actuated,0,0,39.89308106964704,19.94654053482352,3000039.89308107,600007.978616214,1796.0,45.816326530612244,63459.49967212252,1618.864787554146,39.2,1.9530846309910215,61.216895865540664,35.2,17,2.4696417401449544,0.8979591836734694,61.216895865540664,100.0,3.4,0.6799999999999999,1.8245324661768971,0.0,5,6.0844793277033205,0.4,9.122662330884486,0.0,0.0,0.0,100.0,1.0,0.0,100.0,1.0,0.0,100.0,1.0,0.0
139,actuated,0,0,37.24666016308496,18.62333008154248,3000037.2466601627,600007.4493320326,1971.0,49.77272727272727,64747.44878301341,1635.0365854296315,39.6,2.0299179911836975,63.77841067962936,35.2,18,2.524041716114531,0.8888888888888888,63.77841067962936,100.0,3.6,0.72,3.485407823268317,0.0,5,7.211117071560693,0.4,8.866081569436936,11.680936326586107,0.2,8.56095754690465,100.0,1.0,0.0,100.0,1.0,0.0,100.0,1.0,0.0
140,actuated,0,0,41.464493858482534,20.732246929241267,3000041.4644938586,600008.2928987717,2146.0,55.02564102564103,62774.00057011419,1609.589758208056,39.0,1.8707700944423271,62.214790125541185,35.4,16,2.3726843217230167,0.9076923076923077,62.214790125541185,100.0,3.2,0.64,1.8060401994173592,0.0,5,11.073950627705926,0.2,9.030200997086796,0.0,0.0,0.0,100.0,1.0,0.0,100.0,1.0,0.0,100.0,1.0,0.0
141,actuated,0,0,40.65128993638223,20.325644968191114,3000040.651289936,600008.1302579872,2321.0,58.611111111111114,64416.13926611348,1626.6701834877142,39.6,1.865463738995886,61.08673809411539,35.2,17,2.327000587362266,0.8888888888888888,61.08673809411539,100.0,3.4,0.6799999999999999,1.8178335899859668,0.0,5,0.0,0.0,0.0,5.433690470576948,0.4,9.089167949929834,100.0,1.0,0.0,100.0,1.0,0.0,100.0,1.0,0.0
142,actuated,0,0,58.4986059041693,29.24930295208465,3000058.498605904,600011.6997211808,2498.2,61.836633663366335,63632.265720169446,1575.056082182412,40.4,1.4278114388824366,61.56215446028591,36.2,17,1.9435772856621376,0.8960396039603961,61.56215446028591,100.0,3.4,0.6799999999999999,1.8999275833927096,0.0,5,7.810772301429552,0.4,9.499637916963549,0.0,0.0,0.0,100.0,1.0,0.0,100.0,1.0,0.0,100.0,1.0,0.0
143,actuated,0,0,59.73239709437611,29.866198547188056,3000059.7323970944,600011.9464794189,2682.0,64.47115384615384,66219.45146614774,1591.813737167013,41.6,1.3188728093192972,64.45120658207361,37.4,17,1.6761594045907822,0.8990384615384616,64.45120658207361,100.0,3.4,0.6799999999999999,3.594582235277881,0.0,5,11.170033211856207,0.2,8.952524858552525,11.085999698511841,0.2,9.02038631783688,100.0,1.0,0.0,100.0,1.0,0.0,100.0,1.0,0.0
144,actuated,3,0,653.3563412619585,204.17385664436202,1002317.0762668252,200463.41525336503,2335.6,55.08490566037736,67485.32081235314,1591.6349248196493,42.4,0.7355095071141124,53.4648556733905,33.0,16,0.9510108345587507,0.7783018867924528,53.4648556733905,100.0,3.2,0.64,1.2436097484419528,0.0,5,47.32427836695251,0.6,6.218048742209764,0.0,0.0,0.0,60.0,0.8,0.0,60.0,0.8,0.0,100.0,1.0,0.0
145,actuated,3,3,362.43024160381003,90.60756040095251,1000362.4302416038,200072.48604832074,1818.0,44.55882352941177,69484.11862825244,1703.0421232414817,40.8,1.0284609077782405,49.340427174935485,26.8,16,0.7360349764402407,0.6568627450980392,49.340427174935485,100.0,3.2,0.64,0.7237877463056733,0.0,5,100.0,1.0,0.0,0.0,0.0,0.0,21.16366270820663,0.6,1.8613512231095362,25.538473166470794,0.6,1.7575875084188304,100.0,1.0,0.0
146,actuated,3,3,195.90920398930575,48.97730099732644,1000195.9092039892,200039.18184079783,1401.8,35.94358974358974,70771.72869754327,1814.6597101934171,39.0,1.6321124608000974,50.12642217097755,21.2,18,0.9595840973496805,0.5435897435897435,50.12642217097755,100.0,3.6,0.72,1.5021695575302587,0.0,5,100.0,1.0,0.0,0.0,0.0,0.0,20.48442523696167,0.6,3.6018783146187054,30.147685617926072,1.0,3.908969473032588,100.0,1.0,0.0
147,actuated,3,3,305.7586166140556,76.4396541535139,1000305.7586166139,200061.15172332278,1367.8,34.71573604060914,66721.81947594456,1693.447194820928,39.4,1.633548067550923,70.83686768050666,21.2,23,1.402305030649374,0.5380710659898477,70.83686768050666,100.0,4.6,0.9199999999999999,2.9709727358178295,0.0,5,100.0,1.0,0.0,91.90292943713757,1.0,5.094038895777323,50.98766160727564,0.8,4.5026278034029135,11.293747358120072,0.8,5.258196979908911,100.0,1.0,0.0
148,actuated,3,3,314.63229858021293,78.65807464505323,1000314.6322985801,200062.92645971602,1483.4,37.2713567839196,65753.66031384256,1652.1020179357427,39.8,1.5805682410200177,83.45549759011737,25.4,24,1.663166376706618,0.6381909547738693,83.45549759011737,100.0,4.8,0.96,1.3097181460814888,0.0,5,100.0,1.0,0.0,100.0,1.0,0.0,100.0,1.0,0.0,17.277487950586874,0.8,6.548590730407444,100.0,1.0,0.0
149,actuated,3,3,571.092750452938,142.7731876132345,1000571.0927504528,200114.21855009056,1620.8,39.72549019607843,64802.49056857939,1588.2963374651813,40.8,1.4254932189924505,83.04818566308904,30.2,24,1.744217838136582,0.7401960784313726,83.04818566308904,100.0,4.8,0.96,1.2922656805660413,0.0,5,100.0,1.0,0.0,100.0,1.0,0.0,100.0,1.0,0.0,15.240928315445217,0.8,6.4613284028302065,100.0,1.0,0.0
150,actuated,2,3,822.8974823572935,195.92797198983178,3318.021048699051,663.6042097398101,1295.6,32.39,65143.85799769778,1628.5964499424445,40.0,1.2725463088937148,70.19447691256755,27.6,20,1.7846701862355225,0.69,70.19447691256755,100.0,4.0,0.8,1.82275784132993,0.0,5,60.0,0.8,0.0,100.0,1.0,0.0,100.0,1.0,0.0,10.97238456283776,0.2,9.113789206649649,80.0,1.0,0.0
151,actuated,2,2,315.84188059108703,78.96047014777176,242169.3247493449,48433.86494986898,814.4,20.989690721649485,68286.39577996802,1759.958654122887,38.8,1.5866966534406188,55.14930557619937,22.0,18,1.6772536033961136,0.5670103092783505,55.14930557619937,100.0,3.6,0.72,2.452193952867418,0.0,5,30.238514335965192,0.6,1.809396662740675,100.0,1.0,0.0,100.0,1.0,0.0,9.884616106126032,0.4,8.522696349681006,35.62339743890561,0.6,1.9288767519154102
152,actuated,2,2,236.86161969856326,59.215404924640815,3256732.308740589,651346.4617481178,386.6,10.39247311827957,67116.27814243134,1804.201025334176,37.2,2.0179336712054496,50.456784932528535,16.2,18,1.7192979562305069,0.43548387096774194,50.456784932528535,100.0,3.6,0.72,3.5488399148177487,0.0,5,19.338797042178157,0.8,4.2937216827017926,100.0,1.0,0.0,100.0,1.0,0.0,10.580518565820967,0.2,9.451332595647761,22.36460905464355,0.6,3.9991452957391886
153,actuated,2,2,188.24827111863686,47.062067779659216,1000188.2482711186,200037.64965422373,398.8,11.077777777777778,65793.47961866888,1827.5966560741354,36.0,2.3797035980144092,54.749562586897355,17.6,19,1.7815169435950409,0.4888888888888889,54.749562586897355,100.0,3.8,0.76,4.031032855639968,0.0,5,22.904587733232802,0.6,5.787099679424401,100.0,1.0,0.0,100.0,1.0,0.0,2.52609756256561,0.4,8.847404910065233,48.31712763868836,0.8,5.520659688710207
154,actuated,2,2,274.11421094906024,76.14283637473895,5436544.771145049,1087308.9542290098,493.8,13.203208556149733,63966.390860239466,1710.3313064235151,37.4,2.221557681367654,65.43488399029002,21.6,21,2.082432704696716,0.5775401069518716,65.43488399029002,100.0,4.199999999999999,0.8399999999999999,3.1828323714731646,0.0,5,18.564668047915802,0.8,7.044613601322478,100.0,1.0,0.0,100.0,1.0,0.0,8.609751903534288,0.4,8.869548256043345,100.0,1.0,0.0
155,actuated,0,2,433.07533529238873,108.26883382309718,4829890.453002697,965978.0906005393,459.6,12.35483870967742,63468.125523136136,1706.1324065359177,37.2,1.8610749643575333,59.33140761083996,22.6,20,2.010255463254782,0.6075268817204301,59.33140761083996,100.0,4.0,0.8,2.9495415466977786,0.0,5,12.656580210887114,0.8,8.035322092788626,60.0,0.8,0.0,100.0,1.0,0.0,24.000457843312688,0.4,6.712385640700267,100.0,1.0,0.0
156,actuated,0,0,445.49622715197603,111.37405678799401,1000445.4962271523,200089.09924543047,509.6,13.923497267759563,62472.67922847094,1706.903804056583,36.6,2.0299196090412703,67.8110922263927,23.8,19,1.9678598152738385,0.6502732240437158,67.8110922263927,100.0,3.8,0.76,2.2359917138616323,0.0,5,10.62443502950373,0.2,9.412265190789258,28.431026102459782,0.6,1.7676933785189042,100.0,1.0,0.0,100.0,1.0,0.0,100.0,1.0,0.0
157,actuated,0,0,429.01341840575935,126.18041717816452,1004109.0044926967,200821.80089853934,633.2,16.840425531914892,63059.73697927587,1677.1206643424434,37.6,2.015934464413269,68.4980953362383,26.2,21,2.0254033168275183,0.6968085106382979,68.4980953362383,100.0,4.2,0.8400000000000001,2.574027252164184,0.0,5,11.012370279370316,0.2,9.080697203519565,31.47810640182115,1.0,3.7894390573013546,100.0,1.0,0.0,100.0,1.0,0.0,100.0,1.0,0.0
158,actuated,0,0,114.664477975219,38.22149265840633,1532945.9391214778,306589.18782429554,770.2,21.276243093922652,60682.54390031689,1676.3133674120686,36.2,2.287839658419691,64.65885883507872,28.4,18,2.381269209503683,0.7845303867403315,64.65885883507872,100.0,3.6,0.72,2.9335962388522767,0.0,5,10.54648590316674,0.2,9.481831286568497,12.747808272226848,0.4,5.186149907692887,100.0,1.0,0.0,100.0,1.0,0.0,100.0,1.0,0.0
159,actuated,0,0,149.36790544406776,49.78930181468925,2000149.367905444,400029.8735810888,914.2,24.97814207650273,60444.12498890881,1651.478824833574,36.6,2.1807393700213162,62.005448020550375,29.8,16,2.4338319017890355,0.8142076502732241,62.005448020550375,100.0,3.2,0.64,1.817700057011098,0.0,5,0.0,0.0,0.0,10.027240102751875,0.2,9.08850028505549,100.0,1.0,0.0,100.0,1.0,0.0,100.0,1.0,0.0
160,actuated,0,0,233.86958038852043,77.95652679617348,2000233.8695803885,400046.7739160777,1063.6,28.43850267379679,60902.27552168506,1628.4030888151085,37.4,1.8953618401242212,64.06219442085467,30.8,18,2.269695518030481,0.8235294117647058,64.06219442085467,100.0,3.6,0.72,1.835371160451429,0.0,5,20.310972104273333,0.4,9.176855802257144,0.0,0.2,0.0,100.0,1.0,0.0,100.0,1.0,0.0,100.0,1.0,0.0
161,actuated,0,0,328.0241144751943,109.34137149173144,2000328.0241144751,400065.604822895,1221.6,31.979057591623036,61967.37628879916,1622.1826253612346,38.2,1.9644813007987525,60.0,33.0,16,2.356699356939192,0.8638743455497382,60.0,100.0,3.2,0.64,0.0,0.0,5,0.0,0.2,0.0,0.0,0.0,0.0,100.0,1.0,0.0,100.0,1.0,0.0,100.0,1.0,0.0
162,actuated,0,0,422.99231914141245,162.68935351592785,2007581.3748336476,401516.2749667295,1387.4,35.213197969543145,63707.58981784037,1616.9439040061009,39.4,2.058316602529631,63.40109328012386,33.8,19,2.548974290559664,0.8578680203045685,63.40109328012386,100.0,3.8,0.76,3.5871059242449705,0.0,5,7.247067205721578,0.4,8.68617140920833,9.75839919489772,0.4,9.249358212016524,100.0,1.0,0.0,100.0,1.0,0.0,100.0,1.0,0.0
163,actuated,0,0,39.50085853906695,19.750429269533473,3214692.6811336437,642938.5362267287,1561.0,40.2319587628866,62995.03683878134,1623.5834236799315,38.8,1.9423063209540115,62.132628471983026,35.2,16,2.4371487881034,0.9072164948453608,62.132628471983026,100.0,3.2,0.64,1.8756197118012772,0.0,5,10.663142359915128,0.2,9.378098559006386,0.0,0.0,0.0,100.0,1.0,0.0,100.0,1.0,0.0,100.0,1.0,0.0
164,actuated,0,0,33.36458122986461,16.682290614932306,3000033.3645812296,600006.6729162459,1736.0,44.74226804123711,63127.391648680365,1626.994630120628,38.8,2.432433550837761,62.680082140154354,35.2,17,3.1848401692600903,0.9072164948453608,62.680082140154354,100.0,3.4,0.6799999999999999,3.7006558965892054,0.0,5,10.447516812978392,0.2,9.571652459632832,2.9528938877933797,0.2,8.931627023313197,100.0,1.0,0.0,100.0,1.0,0.0,100.0,1.0,0.0
165,actuated,0,0,84.5321628792988,42.2660814396494,3000084.532162879,600016.9064325758,1911.0,48.75,62998.773093644624,1607.1115585113423,39.2,1.2750797323572138,60.0,35.4,16,1.8239525212514254,0.9030612244897959,60.0,100.0,3.2,0.64,0.0,0.0,5,0.0,0.0,0.0,0.0,0.2,0.0,100.0,1.0,0.0,100.0,1.0,0.0,100.0,1.0,0.0
166,actuated,0,0,40.977029890120875,20.488514945060437,3000040.9770298903,600008.195405978,2086.0,53.76288659793814,63034.834839285024,1624.6091453423976,38.8,1.9263432254977524,62.05591006787108,35.2,16,2.463512092092786,0.9072164948453608,62.05591006787108,100.0,3.2,0.64,1.9456103953720334,0.0,5,10.27955033935541,0.2,9.728051976860167,0.0,0.0,0.0,100.0,1.0,0.0,100.0,1.0,0.0,100.0,1.0,0.0
167,actuated,0,0,41.45332326978502,20.72666163489251,3000041.45332327,600008.290664654,2261.0,57.0959595959596,64579.64691670089,1630.7991645631537,39.6,1.8576416874757655,60.766364982081086,35.4,17,2.335260792903827,0.8939393939393939,60.766364982081086,100.0,3.4,0.6799999999999999,1.73269265383482,0.0,5,3.8318249104054303,0.4,8.6634632691741,0.0,0.0,0.0,100.0,1.0,0.0,100.0,1.0,0.0,100.0,1.0,0.0
168,actuated,0,0,37.02536488401763,18.512682442008813,3000037.025364884,600007.4050729768,2436.0,62.46153846153846,63268.7050665008,1622.274488884636,39.0,2.0575897361623747,64.33917661926625,35.0,17,2.5777725265643925,0.8974358974358975,64.33917661926625,100.0,3.4,0.6799999999999999,3.687629804220233,0.0,5,10.944851873396146,0.2,9.136715704949086,10.751031222935126,0.2,9.301433316152078,100.0,1.0,0.0,100.0,1.0,0.0,100.0,1.0,0.0
169,actuated,0,0,33.56194332668243,16.780971663341216,3000033.5619433266,600006.7123886653,2611.0,66.94871794871794,63544.7599033664,1629.3528180350359,39.0,2.356071174328526,62.15917350761811,35.2,16,3.017757353346372,0.9025641025641026,62.15917350761811,100.0,3.2,0.64,1.8525607070886128,0.0,5,10.795867538090533,0.2,9.262803535443064,0.0,0.0,0.0,100.0,1.0,0.0,100.0,1.0,0.0,100.0,1.0,0.0
170,actuated,0,0,78.36749925501799,39.183749627508995,3000078.367499255,600015.673499851,2786.2,70.00502512562814,63422.85403612784,1593.5390461338654,39.8,1.5904549317953514,61.76121287235719,35.6,17,2.4031780939466354,0.8944723618090452,61.76121287235719,100.0,3.4,0.6799999999999999,1.7598973261751236,0.0,5,0.0,0.0,0.0,8.806064361785957,0.4,8.799486630875618,100.0,1.0,0.0,100.0,1.0,0.0,100.0,1.0,0.0
171,actuated,0,0,78.15923808297454,39.07961904148727,3000078.1592380833,600015.6318476166,2965.6,72.33170731707317,65107.49341761726,1587.9876443321282,41.0,1.2007160688091256,62.207056651236144,36.6,16,1.6826108129852086,0.8926829268292683,62.207056651236144,100.0,3.2,0.64,1.8123685215599934,0.0,5,11.035283256180719,0.2,9.061842607799967,0.0,0.0,0.0,100.0,1.0,0.0,100.0,1.0,0.0,100.0,1.0,0.0
172,actuated,0,0,61.51265857943905,30.756329289719524,3000061.51265858,600012.3025317161,3150.6,75.01428571428572,67260.62054685054,1601.4433463535843,42.0,1.2487300238679677,62.26652564599317,37.8,16,1.5782328113370698,0.9,62.26652564599317,100.0,3.2,0.64,1.7648156803658133,0.0,5,11.332628229965849,0.2,8.824078401829066,0.0,0.0,0.0,100.0,1.0,0.0,100.0,1.0,0.0,100.0,1.0,0.0
173,actuated,3,0,572.4756383424572,178.89863698201785,1002218.2697060897,200443.65394121796,2683.4,62.990610328638496,68075.88425432249,1598.0254519794012,42.6,1.0120478463215337,64.71268188030626,33.2,20,1.2003386944833854,0.7793427230046949,64.71268188030626,100.0,4.0,0.8,2.82019495097594,0.0,5,92.87764932606024,1.0,4.9719755422160805,10.68576007547108,0.4,9.12899921266362,60.0,0.8,0.0,60.0,0.8,0.0,100.0,1.0,0.0
174,actuated,3,3,333.0876812987955,83.27192032469887,1000333.0876812987,200066.61753625976,1952.4,47.15942028985507,70778.68085102065,1709.6299722468755,41.4,1.0513241751059619,50.68887419916882,27.2,16,0.7163298624892688,0.6570048309178744,50.68887419916882,100.0,3.2,0.64,0.7512149417358975,0.0,5,100.0,1.0,0.0,0.0,0.0,0.0,30.011697498011927,0.6,1.8765058980264564,23.432673497832184,0.6,1.8795688106530313,100.0,1.0,0.0
175,actuated,3,3,331.0007611696809,82.75019029242023,1000331.0007611697,200066.20015223394,1363.4,34.78061224489796,69974.82111349747,1785.071967181058,39.2,1.5111398693085842,61.345759294439176,20.0,22,1.0593161141539582,0.5102040816326531,61.345759294439176,100.0,4.4,0.8800000000000001,2.4905389815555288,0.0,5,100.0,1.0,0.0,56.684988313313625,0.6,4.529639893653601,25.333124507069442,0.8,4.151094237639194,24.710683651812815,1.0,3.7719607764848497,100.0,1.0,0.0
176,actuated,3,3,247.14162985892762,61.785407464731904,1000247.1416298591,200049.42832597182,1396.8,36.0,68747.49219714213,1771.84258240057,38.8,1.8858864938828355,70.45099871425191,21.0,21,1.569135470794169,0.5412371134020618,70.45099871425191,100.0,4.2,0.8400000000000001,2.1181589348502654,0.0,5,100.0,1.0,0.0,100.0,1.0,0.0,33.442657545870134,0.6,4.600058654314417,18.812336025389413,0.6,5.990736019936911,100.0,1.0,0.0
177,actuated,3,3,290.5367827204969,72.63419568012422,1000290.5367827204,200058.10735654406,1510.6,38.34010152284264,63402.02888908511,1609.1885504843935,39.4,1.782722817437819,83.31906177421297,25.0,24,1.7427612992832773,0.6345177664974619,83.31906177421297,100.0,4.8,0.96,1.2623949332352915,0.0,5,100.0,1.0,0.0,100.0,1.0,0.0,100.0,1.0,0.0,16.595308871064844,0.8,6.311974666176457,100.0,1.0,0.0
178,actuated,3,3,581.2353653183023,152.95667508376377,1008547.5256266784,201709.50512533568,1646.6,40.1609756097561,64097.32150840813,1563.349305083125,41.0,1.3777983318462006,85.82336814522887,30.2,23,1.8646991745031871,0.7365853658536585,85.82336814522887,100.0,4.6,0.9199999999999999,1.230828963293807,0.0,5,100.0,1.0,0.0,100.0,1.0,0.0,100.0,1.0,0.0,29.116840726144346,0.6,6.154144816469035,100.0,1.0,0.0
179,actuated,2,3,803.7617957280024,174.7308251582614,1633.222047753758,326.6444095507516,1314.2,32.36945812807882,65427.0476254633,1611.5036360951553,40.6,1.2678624162492074,71.29900844214944,27.6,20,1.6225990321476795,0.6798029556650246,71.29900844214944,100.0,4.0,0.8,1.2124855301654915,0.0,5,80.0,1.0,0.0,100.0,1.0,0.0,100.0,1.0,0.0,16.495042210747215,0.2,6.062427650827458,60.0,0.8,0.0
180,actuated,2,2,593.5543343770502,129.03355095153265,12632.806190927673,2526.5612381855344,848.0,21.968911917098445,67226.21013300275,1741.611661476755,38.6,1.6004481612377035,54.95179753492357,22.4,17,1.6418755297410286,0.5803108808290155,54.95179753492357,100.0,3.4000000000000004,0.68,2.7025088694873234,0.0,5,36.062275206113554,0.6,2.122912067025685,100.0,1.0,0.0,100.0,1.0,0.0,10.775291501904576,0.2,9.280491389242194,27.921420966599726,0.6,2.109140891168739
181,actuated,2,2,295.52226384197854,73.88056596049464,2539294.0418394697,507858.8083678939,406.6,10.93010752688172,69220.35546813447,1860.7622437670555,37.2,2.0466343496848323,51.89275752057256,16.6,18,1.7853021297324934,0.44623655913978494,51.89275752057256,100.0,3.6000000000000005,0.7200000000000001,3.5466964878973997,0.0,5,33.14601134340819,0.6,4.296515496879676,100.0,1.0,0.0,100.0,1.0,0.0,10.92769432069872,0.2,9.15106124542528,15.390081938755884,0.8,4.285905697182043
182,actuated,2,2,201.07911770757,50.2697794268925,5398161.875328413,1079632.3750656827,391.6,10.938547486033519,66161.8250474371,1848.0956717161203,35.8,2.45486890116874,53.30393328213677,17.0,18,1.8032360368765121,0.4748603351955307,53.30393328213677,100.0,3.6,0.72,3.8761771918181225,0.0,5,23.97849133561067,0.6,5.869236577409694,100.0,1.0,0.0,100.0,1.0,0.0,10.37145124711742,0.4,8.602439558971671,32.16972382795575,0.6,4.909209822709248
183,actuated,2,2,320.2214275387825,84.26879672073224,1000703.129166799,200140.6258333598,484.4,13.091891891891892,63495.46564152119,1716.093665987059,37.0,2.141300802795892,67.10156162461408,21.4,20,1.8351579436098648,0.5783783783783784,67.10156162461408,100.0,4.0,0.8,3.2926483289161306,0.0,5,27.6285578761167,0.6,7.2483550452671865,100.0,1.0,0.0,100.0,1.0,0.0,7.8792502469536885,0.4,9.214886599313466,100.0,1.0,0.0
184,actuated,0,2,597.5800886693193,129.9087149281129,1433.2709739381007,286.65419478762016,342.0,9.193548387096774,64572.47775188092,1735.819294405401,37.2,1.8807187207924203,65.4848292595234,21.2,22,1.9312141630197388,0.5698924731182796,65.4848292595234,100.0,4.4,0.8800000000000001,2.8584442628062883,0.0,5,23.72639213235516,0.8,7.640782831043021,60.0,0.8,0.0,80.0,1.0,0.0,63.69775416526181,0.8,6.651438482988419,100.0,1.0,0.0
185,actuated,0,0,446.8088730746087,89.36177461492174,446.8088730746087,89.36177461492174,223.8,6.286516853932584,64403.47877751505,1809.0864825144677,35.6,2.2307034443637637,51.18993560472427,17.4,18,1.8336111922046483,0.4887640449438202,51.18993560472427,100.0,3.6,0.72,2.4730410071046793,0.0,5,10.430111179807682,0.4,9.063023399561642,22.078989158580953,0.6,1.6438680125523368,23.44057768523271,0.6,1.6583136234094176,100.0,1.0,0.0,100.0,1.0,0.0
186,actuated,0,0,438.96331154883694,91.4506899060077,645.6577246963789,129.13154493927578,182.0,5.055555555555555,58918.438181904065,1636.6232828306684,36.0,2.4310666749897867,64.83670473098027,16.8,21,2.009927377204295,0.4666666666666667,64.83670473098027,100.0,4.2,0.8400000000000001,3.3218015599195043,0.0,5,10.589202806572757,0.2,9.443581526073864,27.786716094497024,1.0,3.668505504134308,85.80760475383158,1.0,3.49692076938935,100.0,1.0,0.0,100.0,1.0,0.0
187,actuated,0,0,434.73167982288334,103.50754281497223,316090.48819181015,63218.09763836203,272.8,7.216931216931217,60273.60977860637,1594.5399412329728,37.8,1.6649310170880434,75.84507715323343,24.6,20,1.719499254036091,0.6507936507936508,75.84507715323343,100.0,4.0,0.8,2.8812832784119897,0.0,5,10.351196432811776,0.2,9.660718995054006,68.87418933335539,0.8,4.745697397005942,100.0,1.0,0.0,100.0,1.0,0.0,100.0,1.0,0.0
188,actuated,0,0,487.79924782139506,128.36822311089344,1318294.0536107987,263658.81072215975,413.6,10.137254901960784,66712.019347167,1635.098513410956,40.8,1.4498740494500075,82.04203273837174,31.0,21,1.8522168292131884,0.7598039215686274,82.04203273837174,100.0,4.2,0.8400000000000001,1.9588324539740136,0.0,5,10.210163691858725,0.2,9.794162269870068,100.0,1.0,0.0,100.0,1.0,0.0,100.0,1.0,0.0,100.0,1.0,0.0
189,actuated,0,0,334.1478614905267,111.38262049684222,2972729.217095636,594545.8434191272,577.2,13.942028985507246,66130.98612507529,1597.3668146153452,41.4,1.3345127947994677,80.0,35.2,20,1.7763009413738435,0.8502415458937198,80.0,100.0,4.0,0.8,0.0,0.0,5,0.0,0.0,0.0,100.0,1.0,0.0,100.0,1.0,0.0,100.0,1.0,0.0,100.0,1.0,0.0
190,actuated,2,0,652.8135321343472,181.33709225954087,2530860.14103271,506172.028206542,545.2,13.10576923076923,67909.60917249096,1632.442528184879,41.6,1.3659334996485264,66.13152571669525,31.6,21,1.9870448789723067,0.7596153846153846,66.13152571669525,100.0,4.2,0.8400000000000001,1.8315862991660836,0.0,5,10.657628583476253,0.6,9.157931495830418,100.0,1.0,0.0,100.0,1.0,0.0,60.0,0.8,0.0,60.0,0.8,0.0
191,actuated,2,2,409.49751267792925,102.37437816948231,5754156.415367542,1150831.2830735084,450.0,11.421319796954315,67111.53253297953,1703.338389161917,39.4,1.290753910283092,51.0777039751074,25.2,17,1.4580967875193795,0.6395939086294417,51.0777039751074,100.0,3.4000000000000004,0.68,0.7308423967886986,0.0,5,0.0,0.2,0.0,100.0,1.0,0.0,100.0,1.0,0.0,27.53805716545685,0.6,1.6744334271177586,27.850462710080137,0.6,1.9797785568257344
192,actuated,2,2,207.4994424042624,51.8748606010656,3967623.078329687,793524.6156659374,379.0,10.298913043478262,68271.19587007028,1855.195539947562,36.8,2.0597309871945066,50.976201356303136,17.4,20,1.6294562876637726,0.47282608695652173,50.976201356303136,100.0,4.0,0.8,3.2274166173473255,0.0,5,11.768065910837322,0.2,8.497573072556388,100.0,1.0,0.0,100.0,1.0,0.0,9.029140371708309,0.8,3.8086309228962616,34.08380049897005,1.0,3.8308790912839785
193,actuated,2,2,207.63590932912848,64.88622166535265,2786115.848511154,557223.1697022307,445.2,12.298342541436464,65259.50958267695,1802.7488834993633,36.2,2.3550358856476783,52.10943307968864,18.4,19,2.0287228654650717,0.5082872928176796,52.10943307968864,100.0,3.8,0.76,3.683651554006258,0.0,5,1.970121529534481,0.4,8.379369208682329,100.0,1.0,0.0,100.0,1.0,0.0,25.274808056024085,0.6,4.6600490995222685,33.302235812884646,0.8,5.37883946182669
194,actuated,2,2,407.6432149502856,101.9108037375714,1000407.6432149506,200081.5286429901,548.6,14.139175257731958,61546.12421183185,1586.240314737934,38.8,1.8272039192762488,82.07845559472935,23.4,21,1.9038735063030257,0.6030927835051546,82.07845559472935,100.0,4.2,0.8400000000000001,1.9245058735646794,0.0,5,10.392277973646742,0.2,9.622529367823397,100.0,1.0,0.0,100.0,1.0,0.0,100.0,1.0,0.0,100.0,1.0,0.0
195,actuated,0,2,388.47315791670997,97.11828947917749,1000388.4731579168,200077.69463158335,563.4,14.085,66356.31793602984,1658.907948400746,40.0,1.5941384641398813,72.26484006791725,26.4,21,2.013970559282394,0.66,72.26484006791725,100.0,4.2,0.8400000000000001,1.8277819988317787,0.0,5,1.3242003395862412,0.4,9.138909994158894,60.0,0.8,0.0,100.0,1.0,0.0,100.0,1.0,0.0,100.0,1.0,0.0
196,actuated,0,0,566.2710677038151,141.56776692595378,1000566.2710677037,200113.25421354076,622.8,15.264705882352942,67497.25097871601,1654.3443867332355,40.8,1.4845584214721823,65.99875559182419,28.4,18,1.750599047462097,0.696078431372549,65.99875559182419,100.0,3.6,0.72,0.3451371425819068,0.0,5,0.0,0.0,0.0,29.993777959120962,0.6,1.725685712909534,100.0,1.0,0.0,100.0,1.0,0.0,100.0,1.0,0.0
197,actuated,0,0,974.8383722902661,243.70959307256652,1000974.8383722904,200194.96767445808,770.4,18.608695652173914,68073.02964094383,1644.2760782836672,41.4,1.8463132121197392,69.68760393572575,31.2,20,2.1405930549596466,0.7536231884057971,69.68760393572575,100.0,4.0,0.8,2.650669573877251,0.0,5,10.45412247659442,0.2,9.565604403802281,37.98389720203431,0.8,3.687743465583977,100.0,1.0,0.0,100.0,1.0,0.0,100.0,1.0,0.0
198,actuated,0,0,162.80497496763812,74.00226134892641,1260223.4399654886,252044.68799309773,935.2,23.14851485148515,64702.868061368004,1601.5561401328714,40.4,2.1612836350566003,65.75175226233296,34.6,20,2.671586012190719,0.8564356435643564,65.75175226233296,100.0,4.0,0.8,2.9907121018552574,0.0,5,10.907646586992996,0.2,9.167880459130997,17.85111472467179,0.8,5.78568005014529,100.0,1.0,0.0,100.0,1.0,0.0,100.0,1.0,0.0
199,actuated,0,0,52.312940233492746,26.156470116746373,7881217.315456393,1576243.4630912787,1110.0,28.17258883248731,63618.71563646836,1614.6882141235626,39.4,1.565562859995944,62.13350239190186,35.2,17,2.0414269893651773,0.8934010152284264,62.13350239190186,100.0,3.4,0.6799999999999999,1.8748514251415025,0.0,5,10.667511959509284,0.2,9.374257125707512,0.0,0.2,0.0,100.0,1.0,0.0,100.0,1.0,0.0,100.0,1.0,0.0
200,actuated,0,0,42.43274275462827,21.216371377314136,3000042.4327427545,600008.4865485509,1285.0,32.94871794871795,62548.20076772565,1603.8000196852731,39.0,1.8357237254459262,60.0,35.2,15,2.327576362028308,0.9025641025641026,60.0,100.0,3.0,0.6,0.0,0.0,5,0.0,0.0,0.0,0.0,0.0,0.0,100.0,1.0,0.0,100.0,1.0,0.0,100.0,1.0,0.0
201,actuated,0,0,37.31610094242295,18.658050471211475,3000037.316100943,600007.4632201886,1460.0,36.86868686868687,64602.80851168795,1631.3840533254534,39.6,2.09871041069566,64.31895484928191,35.4,18,2.6849611422624844,0.8939393939393939,64.31895484928191,100.0,3.6,0.72,3.527641970440577,0.0,5,10.349199000779663,0.4,8.745823485497384,11.24557524562988,0.2,8.8923863667055,100.0,1.0,0.0,100.0,1.0,0.0,100.0,1.0,0.0
202,actuated,0,0,46.2298192290488,23.1149096145244,3000046.229819229,600009.2459638458,1635.0,41.49746192893401,63860.618859916496,1620.8278898455962,39.4,1.7277808587318657,62.27609755286721,35.2,16,2.221808843043998,0.8934010152284264,62.27609755286721,100.0,3.2,0.64,1.757393919676763,0.0,5,11.380487764336067,0.2,8.786969598383815,0.0,0.0,0.0,100.0,1.0,0.0,100.0,1.0,0.0,100.0,1.0,0.0
203,actuated,0,0,36.756556843869035,18.378278421934517,3000036.7565568434,600007.3513113686,1810.0,46.89119170984456,62060.50202576125,1607.7850265741256,38.6,2.1099578945458486,61.4377433186246,35.2,17,2.6767239379876386,0.9119170984455959,61.4377433186246,100.0,3.4,0.6799999999999999,1.7964645868041,0.0,5,7.18871659312299,0.4,8.9823229340205,0.0,0.0,0.0,100.0,1.0,0.0,100.0,1.0,0.0,100.0,1.0,0.0
204,actuated,0,0,67.54170072745535,33.770850363727675,3000067.5417007273,600013.5083401455,1985.0,50.63775510204081,63556.84799083497,1621.3481630315043,39.2,2.241238522250826,62.153719262222694,35.2,19,3.1288394001920063,0.8979591836734694,62.153719262222694,100.0,3.8,0.76,3.4584059110097582,0.0,5,0.34201798457161203,0.4,8.162489084433764,10.426578326541858,0.4,9.12954047061503,100.0,1.0,0.0,100.0,1.0,0.0,100.0,1.0,0.0
205,actuated,0,0,71.51038692086122,35.75519346043061,3000071.510386921,600014.3020773842,2160.0,55.38461538461539,62564.11188086446,1604.2079969452425,39.0,1.3494889276201527,62.24869818122079,35.2,16,1.8840226571878913,0.9025641025641026,62.24869818122079,100.0,3.2,0.64,1.7788069708085292,0.0,5,11.243490906103943,0.2,8.894034854042646,0.0,0.0,0.0,100.0,1.0,0.0,100.0,1.0,0.0,100.0,1.0,0.0
206,actuated,0,0,51.95529513643051,25.977647568215254,3000051.955295136,600010.3910590273,2335.0,58.66834170854271,64346.371690045635,1616.7430072875788,39.8,1.5045032676716596,60.0,35.4,15,1.9177155091779963,0.8894472361809045,60.0,100.0,3.0,0.6,0.0,0.0,5,0.0,0.0,0.0,0.0,0.0,0.0,100.0,1.0,0.0,100.0,1.0,0.0,100.0,1.0,0.0
207,actuated,0,0,36.50832795503252,18.25416397751626,3000036.508327955,600007.301665591,2510.2,62.133663366336634,66859.59721262279,1654.9405250649206,40.4,2.0910897134691537,63.83129744958205,35.4,18,2.6246267004881907,0.8762376237623762,63.83129744958205,100.0,3.6,0.72,3.544423675723562,0.0,5,11.370570334265722,0.2,8.79463360766043,7.785916913644542,0.4,8.927484770957381,100.0,1.0,0.0,100.0,1.0,0.0,100.0,1.0,0.0
208,actuated,0,0,32.040193342345695,16.020096671172848,9137586.35780555,1827517.27156111,2685.0,69.20103092783505,63579.17316232369,1638.6384835650435,38.8,2.398853528015178,62.056337036000514,35.2,16,3.017594688642831,0.9072164948453608,62.056337036000514,100.0,3.2,0.64,1.945206418000342,0.0,5,10.281685180002569,0.2,9.726032090001711,0.0,0.0,0.0,100.0,1.0,0.0,100.0,1.0,0.0,100.0,1.0,0.0
209,actuated,0,0,69.94314422241301,34.971572111206505,7686743.552000199,1537348.7104000398,2860.0,73.33333333333333,63286.78410798938,1622.7380540510096,39.0,1.955730409977079,61.22903194304945,35.4,19,2.9124204818155497,0.9076923076923077,61.22903194304945,100.0,3.8,0.76,3.6557067346004586,0.0,5,1.0105046303579002,0.4,8.87614884906905,5.134655084889346,0.4,9.402384823933243,100.0,1.0,0.0,100.0,1.0,0.0,100.0,1.0,0.0
210,actuated,0,0,55.53767117271805,27.768835586359025,3000055.537671173,600011.1075342346,3035.2,77.42857142857143,61639.37940728536,1572.4331481450347,39.2,1.4861946077902917,62.14858784110402,35.4,16,1.9546444737960502,0.9030612244897959,62.14858784110402,100.0,3.2,0.64,1.8616879065761929,0.0,5,10.742939205520088,0.2,9.308439532880964,0.0,0.0,0.0,100.0,1.0,0.0,100.0,1.0,0.0,100.0,1.0,0.0
211,actuated,0,0,49.4489683371075,24.72448416855375,3000049.4489683374,600009.8897936675,3214.0,79.16256157635468,65293.0184465834,1608.2024247926947,40.6,1.5494500633911759,62.23085457902562,36.2,16,1.9461592925816358,0.8916256157635468,62.23085457902562,100.0,3.2,0.64,1.7930348475457785,0.0,5,11.154272895128088,0.2,8.965174237728892,0.0,0.0,0.0,100.0,1.0,0.0,100.0,1.0,0.0,100.0,1.0,0.0
212,actuated,0,0,57.0998099368368,28.5499049684184,3000057.0998099367,600011.4199619873,3395.2,81.22488038277513,65931.53923801168,1577.309551148605,41.8,1.5656162841596442,67.14641230402594,36.8,19,2.1568499880660683,0.8803827751196173,67.14641230402594,100.0,3.8,0.76,2.6753626095948553,0.0,5,31.201741988143112,0.4,4.987622672448774,4.530319531986606,0.4,8.389190375525503,100.0,1.0,0.0,100.0,1.0,0.0,100.0,1.0,0.0
213,actuated,3,0,622.8427081667282,194.63834630210258,1002639.9114050228,200527.98228100457,2903.8,69.13809523809523,67758.30483164216,1613.2929721819564,42.0,1.1018963015988918,64.0,33.2,18,1.314216743308617,0.7904761904761904,64.0,100.0,3.6,0.72,0.0,0.0,5,100.0,1.0,0.0,0.0,0.0,0.0,60.0,0.8,0.0,60.0,0.8,0.0,100.0,1.0,0.0
214,actuated,3,3,431.2889464723701,107.82223661809253,1000431.2889464725,200086.2577892945,2075.8,50.877450980392155,68034.65045779705,1667.515942593065,40.8,1.2640025619060362,52.07722964422646,26.6,17,1.295861612334014,0.6519607843137255,52.07722964422646,100.0,3.4,0.6799999999999999,2.4687880359582035,0.0,5,100.0,1.0,0.0,11.371626434556674,0.2,8.793816836623733,25.07565756299755,0.6,1.68106404076997,23.938864223578094,0.6,1.8690593023973143,100.0,1.0,0.0
215,actuated,3,3,351.64704948714706,92.53869723345976,1014285.7953839686,202857.15907679373,1382.6,35.45128205128205,68292.14696908323,1751.0806915149547,39.0,1.2193541513804105,52.008786046516434,20.8,18,0.9753850408525867,0.5333333333333333,52.008786046516434,100.0,3.6,0.72,1.6428625289997854,0.0,5,100.0,1.0,0.0,0.0,0.0,0.0,33.36991124187989,0.6,4.090418754422255,26.67401899070228,1.0,4.123893890576672,100.0,1.0,0.0
216,actuated,3,3,280.1303160263626,70.03257900659065,1000280.1303160263,200056.02606320527,1366.2,34.6751269035533,67371.06276629984,1709.925450921316,39.4,1.6282537941049846,55.850319814057,21.8,18,1.3546832026187436,0.5532994923857868,55.850319814057,100.0,3.6,0.72,2.1222972228974264,0.0,5,100.0,1.0,0.0,0.0,0.0,0.0,62.740005923769786,1.0,5.047949101354141,16.511593146515224,0.6,5.563537013132992,100.0,1.0,0.0
217,actuated,3,3,282.0536214411546,70.51340536028864,1000282.0536214411,200056.41072428823,1483.0,36.70792079207921,66806.76255431131,1653.6327364928543,40.4,1.8178957345807722,63.00084246356528,25.6,20,1.6598530841425256,0.6336633663366337,63.00084246356528,100.0,4.0,0.8,1.2853161633926788,0.0,5,100.0,1.0,0.0,0.0,0.0,0.0,100.0,1.0,0.0,15.004212317826386,1.0,6.426580816963394,100.0,1.0,0.0
218,actuated,3,3,526.314261049519,131.57856526237975,1000526.3142610496,200105.2628522099,1620.2,39.3252427184466,65608.12363939451,1592.430185422197,41.2,1.6167662478543412,80.27419866159926,30.2,24,1.950644038570678,0.7330097087378641,80.27419866159926,100.0,4.8,0.96,2.8054493397213465,0.0,5,100.0,1.0,0.0,84.46845682173716,1.0,6.4163034808951425,100.0,1.0,0.0,16.902536486259123,0.8,7.61094321771159,100.0,1.0,0.0
219,actuated,2,3,791.0480407890599,197.76201019726497,13697.625309420095,2739.525061884019,1289.6,32.402010050251256,64468.71993902429,1619.8170838950828,39.8,1.3451980677478619,66.22544540280524,28.4,19,1.8019356366550916,0.7135678391959799,66.22544540280524,100.0,3.8,0.76,1.797393004994816,0.0,5,60.0,0.8,0.0,100.0,1.0,0.0,100.0,1.0,0.0,11.127227014026175,0.2,8.98696502497408,60.0,0.8,0.0
220,actuated,2,2,304.30731436749636,95.0960357398426,1267127.7743869731,253425.55487739464,776.0,20.208333333333332,66770.38911502434,1738.8122165370924,38.4,1.4331074812345304,53.91045892482089,22.8,17,1.9083639912718369,0.59375,53.91045892482089,100.0,3.4000000000000004,0.68,2.648635354626513,0.0,5,31.58086522472331,0.6,2.074049694130812,100.0,1.0,0.0,100.0,1.0,0.0,10.7173447543164,0.2,9.330669330173885,27.254084645064722,0.6,1.8384577488278688
221,actuated,2,2,300.0236551627018,75.00591379067545,8551124.187205475,1710224.837441095,369.0,10.423728813559322,65541.20755257049,1851.4465410330647,35.4,1.9466561124822663,52.85052059730333,16.0,18,1.757565968715304,0.4519774011299435,52.85052059730333,100.0,3.6,0.72,3.5752973248783917,0.0,5,26.816783101116926,0.6,4.247154052893508,100.0,1.0,0.0,100.0,1.0,0.0,10.130252133681097,0.4,9.500316578894855,27.305567751718627,0.6,4.129015992603594
222,actuated,2,2,159.68581748508092,39.92145437127023,2662022.1023484403,532404.420469688,374.4,10.697142857142858,66550.44799682434,1901.4413713378383,35.0,2.6161002060202465,49.51062998297675,16.2,19,1.8181312869563073,0.46285714285714286,49.51062998297675,100.0,3.8,0.76,3.8190121037419047,0.0,5,12.584310947563608,0.8,5.706757340252487,100.0,1.0,0.0,100.0,1.0,0.0,11.253468381573839,0.2,8.886149283872127,23.715370585746314,0.8,4.502153894584911
223,actuated,2,2,193.45745190060813,48.364362975152034,1000193.4574519005,200038.6914903801,459.2,12.755555555555556,60785.27500667827,1688.4798612966185,36.0,2.300443237564994,63.7798485488147,19.4,21,1.8177068735051094,0.5388888888888889,63.7798485488147,100.0,4.199999999999999,0.8399999999999999,3.2225795040837673,0.0,5,14.237113096187386,0.8,6.958117684255909,100.0,1.0,0.0,100.0,1.0,0.0,4.662129647886104,0.4,9.154779836162927,100.0,1.0,0.0
224,actuated,0,2,262.0822359105297,65.52055897763242,1000262.0822359106,200052.41644718213,444.0,12.333333333333334,62292.07286964047,1730.3353574900132,36.0,2.005029359008051,59.686055165067046,22.0,20,1.8781412612661257,0.6111111111111112,59.686055165067046,100.0,4.0,0.8,3.0070180558477695,0.0,5,15.03347564071646,0.8,8.27830859464843,60.0,0.8,0.0,100.0,1.0,0.0,23.39680018461877,0.4,6.756781684590417,100.0,1.0,0.0
225,actuated,0,0,350.36172472326643,87.59043118081661,1000350.3617247234,200070.07234494467,510.2,14.172222222222222,62090.2175122004,1724.728264227789,36.0,1.8577109258702869,67.03535559559077,23.4,19,1.7707196144528283,0.65,67.03535559559077,100.0,3.8,0.76,2.163633599028924,0.0,5,11.040025371753472,0.2,9.057950197818897,24.13675260620039,0.6,1.760217797325725,100.0,1.0,0.0,100.0,1.0,0.0,100.0,1.0,0.0
226,actuated,0,0,623.6499675972103,155.91249189930258,1000623.6499675972,200124.72999351943,631.2,17.05945945945946,63129.390684720594,1706.1997482356917,37.0,1.9820369191848903,67.81772147266292,26.0,21,1.9076655126158584,0.7027027027027027,67.81772147266292,100.0,4.2,0.8400000000000001,2.5792752010368263,0.0,5,11.09936725208172,0.2,9.009522590690446,27.989240111232903,1.0,3.886853414493685,100.0,1.0,0.0,100.0,1.0,0.0,100.0,1.0,0.0
227,actuated,0,0,121.06117829025402,40.35372609675134,3731593.591169947,746318.7182339893,765.4,20.91256830601093,61083.61690163547,1668.95128146545,36.6,2.084763716754599,60.01720505423873,28.4,17,2.213427240654591,0.7759562841530054,60.01720505423873,100.0,3.4,0.6799999999999999,1.7291565727628764,0.0,5,0.08602527119364822,0.4,8.645782863814382,0.0,0.0,0.0,100.0,1.0,0.0,100.0,1.0,0.0,100.0,1.0,0.0
228,actuated,0,0,163.44988720206956,54.48329573402319,4083833.2867258415,816766.6573451683,911.0,24.358288770053477,62285.636302242216,1665.3913449797385,37.4,2.181038564313165,63.73726756629367,30.2,18,2.4494187239477756,0.8074866310160428,63.73726756629367,100.0,3.6,0.72,3.658837566338396,0.0,5,7.822948483485561,0.4,9.088957604113967,10.863389347982775,0.2,9.20523022757801,100.0,1.0,0.0,100.0,1.0,0.0,100.0,1.0,0.0
229,actuated,0,0,265.7259123905771,88.57530413019236,2000265.7259123903,400053.14518247807,1064.2,28.3031914893617,61727.94947835219,1641.7007839987284,37.6,2.3147483515824607,62.16242565478751,31.4,16,2.7260683998023403,0.8351063829787234,62.16242565478751,100.0,3.2,0.64,1.849774576593735,0.0,5,10.81212827393756,0.2,9.248872882968675,0.0,0.0,0.0,100.0,1.0,0.0,100.0,1.0,0.0,100.0,1.0,0.0
230,actuated,0,0,387.24126563957867,129.08042187985956,2000387.2412656392,400077.44825312786,1223.6,31.699481865284973,63157.27127813919,1636.1987377756268,38.6,2.1628233465944113,62.24177473758027,33.0,16,2.6406696038463173,0.8549222797927462,62.24177473758027,100.0,3.2,0.64,1.7843005958384215,0.0,5,0.0,0.0,0.0,11.20887368790136,0.2,8.921502979192107,100.0,1.0,0.0,100.0,1.0,0.0,100.0,1.0,0.0
231,actuated,0,0,424.4590626461144,163.2534856331209,2002136.3364384337,400427.26728768676,1390.0,35.45918367346939,63090.98059578156,1609.4637907087133,39.2,1.7006849840516316,64.38496430572104,34.0,17,2.1742808638856186,0.8673469387755102,64.38496430572104,100.0,3.4,0.6799999999999999,1.827098176581987,0.0,5,21.924821528605207,0.4,9.135490882909934,0.0,0.0,0.0,100.0,1.0,0.0,100.0,1.0,0.0,100.0,1.0,0.0
232,actuated,0,0,35.7140024318546,17.8570012159273,3904800.185039039,780960.0370078078,1563.0,40.28350515463917,62718.10433766197,1616.4459880840714,38.8,2.1846025124378814,60.0,35.2,15,2.777540146160559,0.9072164948453608,60.0,100.0,3.0,0.6,0.0,0.0,5,0.0,0.0,0.0,0.0,0.0,0.0,100.0,1.0,0.0,100.0,1.0,0.0,100.0,1.0,0.0
233,actuated,0,0,42.163535642470855,21.081767821235427,4758528.035708861,951705.6071417723,1738.0,43.45,65516.19739589888,1637.904934897472,40.0,1.8677365181349637,63.57358472035685,35.4,18,2.3689664633262937,0.885,63.57358472035685,100.0,3.6,0.72,3.6533149283192414,0.0,5,7.2667576868479955,0.4,8.833649923466146,10.601165914936246,0.2,9.432924718130062,100.0,1.0,0.0,100.0,1.0,0.0,100.0,1.0,0.0
234,actuated,0,0,42.484806552564656,21.242403276282328,7524436.747903119,1504887.3495806237,1913.0,49.55958549222798,61993.056821924445,1606.0377415006333,38.6,1.8069620869863872,60.72721282193015,35.2,17,2.269792575880627,0.9119170984455959,60.72721282193015,100.0,3.4,0.6799999999999999,1.7901345683075487,0.0,5,3.6360641096507607,0.4,8.950672841537743,0.0,0.0,0.0,100.0,1.0,0.0,100.0,1.0,0.0,100.0,1.0,0.0
235,actuated,0,0,31.039731014105893,15.519865507052947,4622995.1973113865,924599.0394622773,2088.0,53.81443298969072,63098.231786587465,1626.243087283182,38.8,2.494328824199238,60.64511149223381,35.0,17,3.157371839750337,0.9020618556701031,60.64511149223381,100.0,3.4,0.6799999999999999,1.7355041540786627,0.0,5,3.2255574611690463,0.4,8.677520770393313,0.0,0.0,0.0,100.0,1.0,0.0,100.0,1.0,0.0,100.0,1.0,0.0
236,actuated,0,0,59.77472585982046,29.88736292991023,3000059.77472586,600011.954945172,2263.0,58.02564102564103,62788.086042224684,1609.9509241596072,39.0,1.571384196034943,62.94739634591406,35.4,18,2.13538060213249,0.9076923076923077,62.94739634591406,100.0,3.6,0.72,3.542623391002401,0.0,5,3.626253882880519,0.4,8.712806500121951,11.11072784668977,0.2,9.000310454890055,100.0,1.0,0.0,100.0,1.0,0.0,100.0,1.0,0.0
237,actuated,0,0,47.48708044582094,23.74354022291047,3000047.4870804455,600009.497416089,2438.0,62.51282051282051,62702.9412722699,1607.7677249299975,39.0,1.6254616233967243,62.128754499068236,35.4,16,2.0489141549673593,0.9076923076923077,62.128754499068236,100.0,3.2,0.64,1.879033022244141,0.0,5,10.643772495341182,0.2,9.395165111220704,0.0,0.0,0.0,100.0,1.0,0.0,100.0,1.0,0.0,100.0,1.0,0.0
238,actuated,0,0,45.713369569152135,22.856684784576068,3000045.713369569,600009.1426739137,2613.0,65.325,65025.26822737024,1625.6317056842558,40.0,1.697773302643249,60.0,35.2,15,2.1552038721512443,0.88,60.0,100.0,3.0,0.6,0.0,0.0,5,0.0,0.0,0.0,0.0,0.0,0.0,100.0,1.0,0.0,100.0,1.0,0.0,100.0,1.0,0.0
239,actuated,0,0,40.430516337032564,20.215258168516282,3000040.430516337,600008.0861032674,2788.0,69.00990099009901,64754.26822895718,1602.8284215088413,40.4,1.9736419801820966,63.70670748995781,35.2,18,2.5349873480521126,0.8712871287128713,63.70670748995781,100.0,3.6,0.72,3.5508948477545146,0.0,5,10.592452417704408,0.2,9.440684371907896,7.941085032084629,0.4,8.31378986686468,100.0,1.0,0.0,100.0,1.0,0.0,100.0,1.0,0.0
240,actuated,0,0,54.98491272374181,27.492456361870904,3000054.984912724,600010.9969825448,2966.4,72.0,64824.142526990894,1573.4015176454102,41.2,1.4012956595791124,62.339009857777455,36.8,16,1.7606458676609356,0.8932038834951457,62.339009857777455,100.0,3.2,0.64,1.7101253279029915,0.0,5,11.695049288887276,0.2,8.550626639514958,0.0,0.0,0.0,100.0,1.0,0.0,100.0,1.0,0.0,100.0,1.0,0.0
241,actuated,0,0,200.5177481456978,100.2588740728489,3000200.517748146,600040.1035496292,3156.4,73.74766355140187,65875.7270229687,1539.1525005366518,42.8,0.6546886392374062,76.79534051325754,39.0,20,1.06188449467147,0.9112149532710281,76.79534051325754,100.0,4.0,0.8,2.6689230818061374,0.0,5,72.2165999431445,0.8,4.841288252411687,11.760102623143212,0.2,8.503327156619,100.0,1.0,0.0,100.0,1.0,0.0,100.0,1.0,0.0
242,actuated,3,0,591.8386059463595,184.94956435823732,1002188.9720465785,200437.7944093157,2691.0,62.291666666666664,70060.06850135619,1621.7608449388006,43.2,0.726285245830182,68.0,34.6,19,0.805427941982733,0.8009259259259259,68.0,100.0,3.8,0.76,0.0,0.0,5,100.0,1.0,0.0,0.0,0.0,0.0,80.0,1.0,0.0,60.0,0.8,0.0,100.0,1.0,0.0
243,actuated,3,3,355.6312395534621,88.90780988836552,1000355.6312395536,200071.12624791072,1872.6,44.37440758293839,71453.27279906216,1693.2055165654542,42.2,1.0134492955669803,53.16866978480448,26.8,16,0.675337659504371,0.6350710900473934,53.16866978480448,100.0,3.2,0.64,0.7143627346195232,0.0,5,100.0,1.0,0.0,0.0,0.0,0.0,38.69835032160154,0.6,1.8286537186964031,27.144998602420856,0.6,1.7431599544012122,100.0,1.0,0.0
244,actuated,3,3,257.9706119801864,64.4926529950466,1000257.9706119802,200051.59412239603,1360.4,33.840796019900495,71117.60661093965,1769.094691814419,40.2,1.4379940094936539,61.07314093916648,21.2,21,0.9743349301906457,0.527363184079602,61.07314093916648,100.0,4.2,0.8400000000000001,2.8491906478761506,0.0,5,100.0,1.0,0.0,64.53513074602597,0.8,6.5706811767829665,24.14528366196464,0.6,3.865562235030783,16.68529028784178,0.8,3.809709827567004,100.0,1.0,0.0
245,actuated,3,3,262.9381127220116,65.7345281805029,1000262.938112722,200052.5876225444,1398.8,34.62376237623762,70172.94728192952,1736.95414064182,40.4,1.7442955788026078,75.50524266616048,22.8,23,1.4259012370248252,0.5643564356435643,75.50524266616048,100.0,4.6,0.9199999999999999,2.0255342942011865,0.0,5,100.0,1.0,0.0,100.0,1.0,0.0,55.69199553493945,0.8,4.532635061842121,21.83421779586297,0.8,5.5950364091638125,100.0,1.0,0.0
246,actuated,3,3,363.79940466356413,90.94985116589103,1000363.7994046636,200072.75988093272,1523.0,36.43540669856459,64307.67334504899,1538.4610848097846,41.8,1.5311233233093793,84.92552964902552,27.6,23,1.701094096484652,0.6602870813397129,84.92552964902552,100.0,4.6,0.9199999999999999,1.1349327965978993,0.0,5,100.0,1.0,0.0,100.0,1.0,0.0,100.0,1.0,0.0,24.627648245127602,0.6,5.674663982989497,100.0,1.0,0.0
247,actuated,3,3,513.4312043649873,128.3578010912468,1000513.431204365,200102.686240873,1673.0,39.27230046948357,69438.54911031068,1630.012889913396,42.6,1.3482509490896837,85.0970915823118,32.4,24,1.7272646871022823,0.7605633802816901,85.0970915823118,100.0,4.8,0.96,1.187784176142851,0.0,5,100.0,1.0,0.0,100.0,1.0,0.0,100.0,1.0,0.0,25.485457911559024,0.8,5.938920880714255,100.0,1.0,0.0
248,actuated,2,3,1059.0417083918167,252.1527877123373,25903.5337143474,5180.70674286948,1350.8,32.628019323671495,65458.33681798562,1581.119246811247,41.4,1.2386874087867668,66.83024284988642,30.4,19,1.731939335300847,0.7342995169082126,66.83024284988642,100.0,3.8,0.76,1.4133062822367086,0.0,5,60.0,0.8,0.0,100.0,1.0,0.0,100.0,1.0,0.0,14.151214249432087,0.2,7.0665314111835436,60.0,0.8,0.0
249,actuated,2,2,413.88710914839413,103.47177728709853,1420155.4981904612,284031.0996380922,812.8,20.42211055276382,69257.46681722914,1740.1373572168125,39.8,1.4653798154897637,53.1009286576591,23.8,18,1.7249294598326084,0.5979899497487438,53.1009286576591,100.0,3.6,0.72,2.5764115524403617,0.0,5,32.02846805550962,0.6,2.101341610267186,100.0,1.0,0.0,100.0,1.0,0.0,1.619326369486771,0.4,8.693729551602155,31.856848863299092,0.6,2.086986600332468
250,actuated,2,2,198.85963451393988,49.71490862848497,1682038.171490668,336407.6342981336,456.8,12.41304347826087,68297.45668188852,1855.9091489643617,36.8,2.0840444499117674,53.7455430960963,17.2,21,1.6895549072067806,0.4673913043478261,53.7455430960963,100.0,4.2,0.8400000000000001,3.411874781152517,0.0,5,27.55800756788176,1.0,3.780915221685661,100.0,1.0,0.0,100.0,1.0,0.0,10.628703382017193,0.2,9.40848534442978,30.54100453058254,1.0,3.869973339647144
251,actuated,2,2,518.205628723698,129.5514071809245,1000518.2056287238,200103.64112574476,445.4,12.303867403314918,65685.07308012721,1814.5047812189837,36.2,2.384848954185916,50.731927148525756,17.6,18,1.9419305718044706,0.4861878453038674,50.731927148525756,100.0,3.6,0.72,3.825478755334231,0.0,5,11.21602793922193,0.8,5.668071650489138,100.0,1.0,0.0,100.0,1.0,0.0,11.161636451411141,0.2,8.959259731789349,31.281971351995708,0.6,4.500062394392669
252,actuated,2,2,256.99421801541666,64.24855450385417,1000256.9942180153,200051.39884360306,538.6,14.556756756756757,65503.03663876092,1770.352341588133,37.0,2.265168141264621,66.953634021972,20.8,19,1.8931871738241202,0.5621621621621622,66.953634021972,100.0,3.8000000000000003,0.76,3.243843370330957,0.0,5,23.504489197448493,0.6,7.341124443176684,100.0,1.0,0.0,100.0,1.0,0.0,11.263680912411473,0.2,8.878092408478102,100.0,1.0,0.0
253,actuated,0,2,506.0377045228787,110.00819663540842,1162.7492485234902,232.54984970469803,369.2,9.978378378378379,63804.89672608503,1724.4566682725685,37.0,2.0142049748137323,53.62184955311568,19.4,18,1.965077500371115,0.5243243243243243,53.62184955311568,100.0,3.6,0.72,2.9804987725994336,0.0,5,23.788754490346946,0.6,8.227921077174642,60.0,0.8,0.0,60.0,0.8,0.0,24.320493275231456,0.4,6.674572785822527,100.0,1.0,0.0
254,actuated,0,0,540.1572500265457,108.03145000530915,540.1572500265457,108.03145000530915,209.4,5.569148936170213,64630.977850830146,1718.9089853944188,37.6,1.8785922950854868,60.11662551125664,17.6,19,1.6678121681469804,0.46808510638297873,60.11662551125664,100.0,3.8,0.76,2.4262215821505597,0.0,5,6.16814708163929,0.4,8.728645124845206,26.058186646255308,0.6,1.5348740178160447,68.35679382838862,0.8,1.8675887680915497,100.0,1.0,0.0,100.0,1.0,0.0
255,actuated,0,0,848.2321403539854,169.64642807079707,848.2321403539854,169.64642807079707,177.0,4.682539682539683,64534.143029814026,1707.2524611061913,37.8,2.104030385578935,65.92397358118615,20.0,22,1.8086111394687925,0.5291005291005291,65.92397358118615,100.0,4.4,0.8800000000000001,2.4801595305465174,0.0,5,2.7772526063608893,0.4,8.832274314295502,26.842615299569843,1.0,3.568523338437086,100.0,1.0,0.0,100.0,1.0,0.0,100.0,1.0,0.0
256,actuated,0,0,525.5927129857266,131.39817824643166,1969408.7387134477,393881.74774268956,276.6,7.3563829787234045,62704.742436403656,1667.6793201171183,37.6,2.249044110636629,63.36050003639684,24.8,18,2.205701087902995,0.6595744680851063,63.36050003639684,100.0,3.6,0.72,3.035641445182203,0.0,5,10.291921949738025,0.2,9.716358177642947,6.510578232246189,0.4,5.461849048268068,100.0,1.0,0.0,100.0,1.0,0.0,100.0,1.0,0.0
257,actuated,0,0,165.08319413165475,55.02773137721825,1006324.0893441638,201264.81786883276,412.0,11.135135135135135,61162.2682927793,1653.0342781832244,37.0,2.213593989101353,63.04484897328348,29.0,18,2.491768425767768,0.7837837837837838,63.04484897328348,100.0,3.6,0.72,3.714333314597667,0.0,5,4.496851423541557,0.4,9.249737575743348,10.727393442875837,0.2,9.321928997244987,100.0,1.0,0.0,100.0,1.0,0.0,100.0,1.0,0.0
258,actuated,0,0,232.20009389360348,77.40003129786783,1271913.736258212,254382.7472516424,564.2,15.166666666666666,61142.77612937058,1643.6230142303918,37.2,2.414447423331444,61.438738147582626,31.6,17,2.845505814964931,0.8494623655913979,61.438738147582626,100.0,3.4,0.6799999999999999,1.748489853677262,0.0,5,7.19369073791313,0.4,8.74244926838631,0.0,0.0,0.0,100.0,1.0,0.0,100.0,1.0,0.0,100.0,1.0,0.0
259,actuated,0,0,366.1856082577313,122.06186941924376,4424092.001117477,884818.4002234954,723.6,18.94240837696335,62314.82299511903,1631.2780888774614,38.2,2.3601632005636333,62.75280004346132,32.8,18,3.223167659081922,0.8586387434554974,62.75280004346132,100.0,3.6,0.72,3.8417039677055174,0.0,5,3.6303996096330593,0.4,9.340359066109121,10.133600607673543,0.2,9.868160772418467,100.0,1.0,0.0,100.0,1.0,0.0,100.0,1.0,0.0
260,actuated,0,0,384.81855778163833,160.34106574234931,6589624.210022607,1317924.8420045213,890.2,22.825641025641026,61898.031314085376,1587.1290080534711,39.0,1.3213812924783042,62.25433250018341,34.2,16,1.8243835878806738,0.8769230769230769,62.25433250018341,100.0,3.2,0.64,1.7743611466696088,0.0,5,11.271662500917046,0.2,8.871805733348044,0.0,0.0,0.0,100.0,1.0,0.0,100.0,1.0,0.0,100.0,1.0,0.0
261,actuated,0,0,40.22095609592523,20.110478047962616,4409299.781392129,881859.9562784259,1064.0,27.28205128205128,63057.33543397502,1616.8547547173084,39.0,1.9256244904132782,61.550886687019556,35.2,16,2.4371280004681877,0.9025641025641026,61.550886687019556,100.0,3.2,0.64,1.754696071818471,0.0,5,7.754433435097781,0.2,8.773480359092355,0.0,0.0,0.0,100.0,1.0,0.0,100.0,1.0,0.0,100.0,1.0,0.0
262,actuated,0,0,35.73450472062748,17.86725236031374,3000035.7345047207,600007.1469009442,1239.0,31.76923076923077,63096.066170796366,1617.8478505332403,39.0,2.2006051189241314,62.182557232950785,35.4,17,2.8305163313629498,0.9076923076923077,62.182557232950785,100.0,3.4,0.6799999999999999,1.8327125353739564,0.0,5,0.0,0.2,0.0,10.912786164753925,0.2,9.163562676869782,100.0,1.0,0.0,100.0,1.0,0.0,100.0,1.0,0.0
263,actuated,0,0,49.75850339701609,24.879251698508046,3000049.7585033965,600009.9517006793,1414.0,36.256410256410255,63078.14334644963,1617.388290934606,39.0,1.686946348341803,62.224156100947766,35.2,16,2.225996034121562,0.9025641025641026,62.224156100947766,100.0,3.2,0.64,1.798434920235816,0.0,5,11.120780504738832,0.2,8.99217460117908,0.0,0.0,0.0,100.0,1.0,0.0,100.0,1.0,0.0,100.0,1.0,0.0
264,actuated,0,0,37.15458137818583,18.577290689092916,6719818.291588848,1343963.6583177696,1589.0,41.16580310880829,62454.76385312823,1617.9990635525448,38.6,2.098617720233244,62.150732943887306,35.0,16,2.6788777927136027,0.9067357512953368,62.150732943887306,100.0,3.2,0.64,1.8598310921718937,0.0,5,10.753664719436529,0.2,9.299155460859469,0.0,0.0,0.0,100.0,1.0,0.0,100.0,1.0,0.0,100.0,1.0,0.0
265,actuated,0,0,44.770346550212174,22.385173275106087,3000044.7703465503,600008.9540693101,1764.0,44.321608040201006,64947.93754281497,1631.8577272064063,39.8,1.782189236417413,63.18788392060651,35.4,18,2.282139863554553,0.8894472361809045,63.18788392060651,100.0,3.6,0.72,3.727452479619353,0.0,5,10.893353062697315,0.2,9.179909934475114,5.046066540335232,0.4,9.45735246362165,100.0,1.0,0.0,100.0,1.0,0.0,100.0,1.0,0.0
266,actuated,0,0,43.13251358400036,21.56625679200018,3000043.132513584,600008.6265027168,1939.0,49.717948717948715,63069.80828170921,1617.1745713258772,39.0,1.8159711021756135,60.0,35.2,15,2.3141718705892593,0.9025641025641026,60.0,100.0,3.0,0.6,0.0,0.0,5,0.0,0.0,0.0,0.0,0.0,0.0,100.0,1.0,0.0,100.0,1.0,0.0,100.0,1.0,0.0
267,actuated,0,0,34.7925787670497,17.39628938352485,3000034.792578767,600006.9585157534,2114.0,53.38383838383838,65091.3865202728,1643.7218818250706,39.6,2.225432806433799,62.35810979062353,35.4,18,2.8261315689233864,0.8939393939393939,62.35810979062353,100.0,3.6,0.72,1.7489425494987518,0.0,5,11.79054895311765,0.6,8.74471274749376,0.0,0.0,0.0,100.0,1.0,0.0,100.0,1.0,0.0,100.0,1.0,0.0
268,actuated,0,0,56.1361242831292,28.0680621415646,3000056.1361242826,600011.2272248565,2289.2,56.663366336633665,63246.29036056083,1565.5022366475453,40.4,1.5414575366364551,62.082995930971265,35.4,17,2.0754111043439107,0.8762376237623762,62.082995930971265,100.0,3.4,0.6799999999999999,1.920311000384369,0.0,5,0.0,0.2,0.0,10.414979654856324,0.2,9.601555001921845,100.0,1.0,0.0,100.0,1.0,0.0,100.0,1.0,0.0
269,actuated,0,0,67.24430640863515,33.62215320431758,3000067.2443064083,600013.4488612816,2471.0,59.68599033816425,65005.76881854028,1570.1876526217459,41.4,1.1474543029332624,60.235738442203,37.4,17,1.4542606584804725,0.9033816425120773,60.235738442203,100.0,3.4,0.6799999999999999,1.71304404636845,0.0,5,1.1786922110150044,0.4,8.56522023184225,0.0,0.0,0.0,100.0,1.0,0.0,100.0,1.0,0.0,100.0,1.0,0.0
270,actuated,0,0,84.91161785811843,42.455808929059216,3000084.911617859,600016.9823235718,2659.2,61.55555555555556,67977.04168138721,1573.542631513593,43.2,0.980035713503995,76.80237494967696,38.4,20,1.2993379518535977,0.8888888888888888,76.80237494967696,100.0,4.0,0.8,2.755487446706151,0.0,5,72.74719550404825,0.8,4.900131645777231,11.264679244336548,0.2,8.877305587753526,100.0,1.0,0.0,100.0,1.0,0.0,100.0,1.0,0.0
271,actuated,3,0,626.8888594887528,195.90276859023524,1002272.9339540154,200454.58679080306,2328.8,53.907407407407405,69378.38935358069,1605.98123503659,43.2,0.7557495614340547,68.0,34.2,19,0.8201581919814382,0.7916666666666666,68.0,100.0,3.8,0.76,0.0,0.0,5,100.0,1.0,0.0,0.0,0.0,0.0,80.0,1.0,0.0,60.0,0.8,0.0,100.0,1.0,0.0
272,actuated,3,3,362.5315118950787,90.63287797376968,1000362.531511895,200072.506302379,1794.2,42.71904761904762,70322.3912042125,1674.3426477193452,42.0,1.065197396754337,55.32495614042455,27.8,17,0.808485051037477,0.6619047619047619,55.32495614042455,100.0,3.4,0.6799999999999999,2.1983374504526223,0.0,5,100.0,1.0,0.0,3.1572005221414656,0.2,7.086111091060119,35.115298065456955,0.6,1.8488784944429817,38.352282114524314,0.6,2.056697666760012,100.0,1.0,0.0
273,actuated,3,3,345.05723578266657,86.26430894566664,1000345.0572357827,200069.01144715655,1347.4,33.02450980392157,71408.26847963531,1750.202658814591,40.8,1.184439499726661,69.72105797814402,20.8,21,0.8810573899546639,0.5098039215686274,69.72105797814402,100.0,4.2,0.8400000000000001,1.5594969437411539,0.0,5,100.0,1.0,0.0,100.0,1.0,0.0,18.18511535788275,0.6,3.768924329222725,30.420174532837336,0.6,4.028560389483045,100.0,1.0,0.0
274,actuated,3,3,266.3341347087884,66.5835336771971,1000266.3341347089,200053.26682694178,1395.8,34.72139303482587,69618.17379695686,1731.7953680835042,40.2,1.6600422098645076,74.39196929399986,22.8,23,1.374629284418742,0.5671641791044776,74.39196929399986,100.0,4.6,0.9199999999999999,1.9938693681430162,0.0,5,100.0,1.0,0.0,100.0,1.0,0.0,54.61942053716484,0.8,4.525530908067225,17.340425932834478,0.8,5.443815932647857,100.0,1.0,0.0
275,actuated,3,3,333.0803390668822,83.27008476672054,1000333.0803390667,200066.61606781333,1518.8,36.50961538461539,67422.47324177441,1620.7325298503465,41.6,1.6179020815125253,82.14515232290432,27.0,25,1.6066385675179347,0.6490384615384616,82.14515232290432,100.0,5.0,1.0,1.3257966667139132,0.0,5,100.0,1.0,0.0,100.0,1.0,0.0,100.0,1.0,0.0,10.725761614521616,1.0,6.628983333569566,100.0,1.0,0.0
276,actuated,3,3,548.9086944885173,137.22717362212933,1000548.9086944886,200109.78173889773,1663.6,39.235849056603776,68810.07850277901,1622.8792099712032,42.4,1.4172599656948943,83.11169428816447,31.8,23,1.9101810886728545,0.75,83.11169428816447,100.0,4.6,0.9199999999999999,1.5136294251699594,0.0,5,100.0,1.0,0.0,100.0,1.0,0.0,100.0,1.0,0.0,15.558471440822359,0.6,7.568147125849797,100.0,1.0,0.0
277,actuated,2,3,921.3079408760075,209.38816838091077,2846.166149555043,569.2332299110086,1366.2,32.221698113207545,68113.12450711025,1606.441615733732,42.4,1.3729980135224151,68.10439144196425,29.8,21,1.871499233876312,0.7028301886792453,68.10439144196425,100.0,4.2,0.8400000000000001,1.7612235250882808,0.0,5,80.0,1.0,0.0,100.0,1.0,0.0,100.0,1.0,0.0,0.5219572098212666,0.4,8.806117625441404,60.0,0.8,0.0
278,actuated,2,2,364.34287545838,91.085718864595,313307.3933328346,62661.478666566916,884.6,21.896039603960396,70784.69813829898,1752.096488571757,40.4,1.4627170535263163,50.7389557517854,25.0,17,1.6726683882626792,0.6188118811881188,50.7389557517854,100.0,3.4,0.6799999999999999,2.6910209798839455,0.0,5,18.35497546118404,0.4,2.2830354714454777,100.0,1.0,0.0,100.0,1.0,0.0,6.11682526784989,0.4,8.93829137374203,29.222978029893056,0.6,2.2337780542322174
279,actuated,2,2,241.38342360213832,63.52195357951009,1001820.8999940802,200364.17999881605,443.4,11.983783783783784,67629.1084232409,1827.813741168673,37.0,2.029956707632156,48.334308079492985,18.0,21,1.7370828446806708,0.4864864864864865,48.334308079492985,100.0,4.2,0.8400000000000001,3.394239167776136,0.0,5,20.81252382317416,1.0,3.998287401614828,100.0,1.0,0.0,100.0,1.0,0.0,0.5160892264575523,0.4,8.82168574789539,20.34292734783321,0.8,4.151222689370461
280,actuated,2,2,185.61203682600404,58.00376150812626,1250725.5990308211,250145.11980616424,432.2,11.744565217391305,66491.66114677186,1806.8386181188005,36.8,2.2121285486581352,52.01549246318609,18.6,18,1.8287229481687435,0.5054347826086957,52.01549246318609,100.0,3.6000000000000005,0.7200000000000001,4.084440618180407,0.0,5,15.396280044046762,0.6,6.0063435737380235,100.0,1.0,0.0,100.0,1.0,0.0,11.188453319550717,0.2,8.937785871194535,33.49272895233298,0.8,5.478073645969475
281,actuated,2,2,336.38253343476936,84.09563335869234,1000336.382533435,200067.276506687,533.0,13.952879581151832,65621.41766902617,1717.8381588750306,38.2,1.982869515657809,65.92356614007804,22.6,22,1.8396141041194058,0.5916230366492147,65.92356614007804,100.0,4.4,0.8800000000000001,2.8558051666840876,0.0,5,6.888898953443459,1.0,6.897053396098407,100.0,1.0,0.0,100.0,1.0,0.0,22.728931746946728,0.4,7.3819724373220295,100.0,1.0,0.0
282,actuated,0,2,492.98658765852053,107.17099731706969,1138.6886661621668,227.73773323243336,375.8,9.837696335078535,66597.91027770168,1743.4007926099916,38.2,1.9057493144142004,67.75144674712101,21.6,21,1.9168658218526688,0.5654450261780105,67.75144674712101,100.0,4.2,0.8400000000000001,1.6099514647265945,0.0,5,18.75723373560504,0.6,8.049757323632972,60.0,0.8,0.0,60.0,0.8,0.0,100.0,1.0,0.0,100.0,1.0,0.0
283,actuated,0,0,513.614560053384,102.72291201067681,513.614560053384,102.72291201067681,236.0,6.178010471204188,66790.74991713918,1748.4489507104497,38.2,1.853583170876081,62.135406290497485,19.0,18,1.610878362838365,0.4973821989528796,62.135406290497485,100.0,3.6,0.72,2.584197728116077,0.0,5,11.139786816465858,0.2,8.9768324697371,32.834402903204136,0.6,2.1986934372404243,66.70284173281743,0.8,1.7454627336028607,100.0,1.0,0.0,100.0,1.0,0.0
284,actuated,0,0,786.7291686264759,157.3458337252952,786.7291686264759,157.3458337252952,208.8,5.4375,65063.02958185783,1694.3497286942145,38.4,2.1597453094703347,69.00560664655404,20.4,20,1.9416907012883757,0.53125,69.00560664655404,100.0,4.0,0.8,2.621935409179978,0.0,5,11.242977528213487,0.2,8.894440974293225,33.785055704556726,0.8,4.215236071606665,100.0,1.0,0.0,100.0,1.0,0.0,100.0,1.0,0.0
285,actuated,0,0,641.6571197941605,160.41427994854013,125603.20951040923,25120.641902081847,314.2,8.139896373056995,63611.84305287228,1647.9752086236342,38.6,2.191703969767201,65.94436317723012,26.2,19,2.265207903787557,0.6787564766839378,65.94436317723012,100.0,3.8,0.76,3.202928457004313,0.0,5,6.830091714332411,0.4,8.988262045662848,22.89172417181817,0.4,7.026380239358717,100.0,1.0,0.0,100.0,1.0,0.0,100.0,1.0,0.0
286,actuated,0,0,213.4401093125372,71.14670310417907,3009417.28693584,601883.457387168,457.6,12.105820105820106,61837.43994918448,1635.9111097667853,37.8,2.0622109108052324,60.97976542233664,30.6,18,2.3526220159805686,0.8095238095238095,60.97976542233664,100.0,3.6,0.72,1.8069141224585472,0.0,5,4.898827111683204,0.4,9.034570612292736,0.0,0.2,0.0,100.0,1.0,0.0,100.0,1.0,0.0,100.0,1.0,0.0
287,actuated,0,0,331.27972400958777,110.42657466986259,3724088.585899652,744817.7171799304,615.2,16.189473684210526,62015.14369442265,1631.9774656427014,38.0,2.350991414507536,60.20594131908365,32.6,17,2.8717118223997415,0.8578947368421053,60.20594131908365,100.0,3.4,0.6799999999999999,1.7934114128910008,0.0,5,1.0297065954182472,0.4,8.967057064455004,0.0,0.0,0.0,100.0,1.0,0.0,100.0,1.0,0.0,100.0,1.0,0.0
288,actuated,0,0,509.3200309388136,195.8923195918514,3015544.1368336338,603108.8273667267,779.6,20.196891191709845,62150.49432193961,1610.1164332108706,38.6,2.226065379211135,64.17761105051704,33.8,18,3.2609359239642224,0.8756476683937824,64.17761105051704,100.0,3.6,0.72,3.57286512602088,0.0,5,10.903045398922586,0.2,9.171749391218876,9.985009853662632,0.4,8.692576238885524,100.0,1.0,0.0,100.0,1.0,0.0,100.0,1.0,0.0
289,actuated,0,0,76.59941433960422,38.29970716980211,2725699.316726242,545139.8633452484,952.0,24.66321243523316,61818.66698587651,1601.5198701004276,38.6,1.3606568655300852,61.499546558937254,35.2,17,1.9207942980623156,0.9119170984455959,61.499546558937254,100.0,3.4,0.6799999999999999,1.7988458096422253,0.0,5,7.4977327946862715,0.4,8.994229048211126,0.0,0.0,0.0,100.0,1.0,0.0,100.0,1.0,0.0,100.0,1.0,0.0
290,actuated,0,0,44.85027107107041,22.425135535535205,3000044.850271071,600008.9700542141,1127.0,28.897435897435898,62887.65190612428,1612.5038950288276,39.0,1.7121630884353067,61.200423993272125,35.4,17,2.1505832166727306,0.9076923076923077,61.200423993272125,100.0,3.4,0.6799999999999999,1.7782107379660013,0.0,5,6.002119966360624,0.4,8.891053689830006,0.0,0.0,0.0,100.0,1.0,0.0,100.0,1.0,0.0,100.0,1.0,0.0
291,actuated,0,0,40.53898911141544,20.26949455570772,3000040.538989111,600008.1077978222,1302.0,32.71356783919598,65087.65416160169,1635.3681950151179,39.8,1.9252657231017947,60.79664172928733,35.2,17,2.454643080012047,0.8844221105527639,60.79664172928733,100.0,3.4,0.6799999999999999,1.8219504652358591,0.0,5,0.0,0.0,0.0,3.983208646436651,0.4,9.109752326179295,100.0,1.0,0.0,100.0,1.0,0.0,100.0,1.0,0.0
292,actuated,0,0,35.01653411105231,17.508267055526154,3000035.0165341115,600007.0033068223,1477.0,37.48730964467005,63417.37520000611,1609.5780507615764,39.4,2.168168751750142,62.22072538253724,35.2,16,2.699854412243416,0.8934010152284264,62.22072538253724,100.0,3.2,0.64,1.8012132573681359,0.0,5,11.103626912686195,0.2,9.00606628684068,0.0,0.0,0.0,100.0,1.0,0.0,100.0,1.0,0.0,100.0,1.0,0.0
293,actuated,0,0,35.23712486289853,17.618562431449266,3000035.237124863,600007.0474249726,1652.0,41.717171717171716,64762.87630626968,1635.4261693502444,39.6,2.2736904028141813,64.38895045073696,35.4,17,2.9696899337646823,0.8939393939393939,64.38895045073696,100.0,3.4,0.6799999999999999,3.646729576941561,0.0,5,11.172333479698864,0.2,8.950681626332495,10.772418773985919,0.2,9.282966258375309,100.0,1.0,0.0,100.0,1.0,0.0,100.0,1.0,0.0
294,actuated,0,0,63.1575762632433,31.57878813162165,3000063.157576264,600012.6315152528,1827.0,47.33160621761658,62052.68378121556,1607.5824813786414,38.6,1.5382321791300984,61.3403637582669,35.0,17,2.1530096183515606,0.9067357512953368,61.3403637582669,100.0,3.4,0.6799999999999999,1.7337893634848296,0.0,5,6.701818791334517,0.4,8.668946817424148,0.0,0.0,0.0,100.0,1.0,0.0,100.0,1.0,0.0,100.0,1.0,0.0
295,actuated,0,0,36.68651424295314,18.34325712147657,3000036.6865142426,600007.3373028485,2002.0,51.597938144329895,62870.743883199095,1620.3799969896675,38.8,2.0763330993853955,60.40957117331254,35.2,17,2.597348621548667,0.9072164948453608,60.40957117331254,100.0,3.4,0.6799999999999999,1.7808184096775945,0.0,5,2.0478558665627133,0.4,8.904092048387973,0.0,0.0,0.0,100.0,1.0,0.0,100.0,1.0,0.0,100.0,1.0,0.0
296,actuated,0,0,36.55917442558229,18.279587212791146,3000036.559174425,600007.311834885,2177.0,55.535714285714285,63733.65662106534,1625.858587272075,39.2,2.2301478023342667,62.786480755190496,35.4,18,2.9559173151991,0.9030612244897959,62.786480755190496,100.0,3.6,0.72,3.6382506902793805,0.0,5,3.4270093940085644,0.4,8.672334278607503,10.505394381943916,0.2,9.518919172789401,100.0,1.0,0.0,100.0,1.0,0.0,100.0,1.0,0.0
297,actuated,0,0,67.47741468417628,33.73870734208814,3000067.4774146844,600013.4954829369,2352.0,60.618556701030926,62171.23815767063,1602.3514989090368,38.8,1.327330511804049,60.0,35.2,15,1.790169518361598,0.9072164948453608,60.0,100.0,3.0,0.6,0.0,0.0,5,0.0,0.0,0.0,0.0,0.0,0.0,100.0,1.0,0.0,100.0,1.0,0.0,100.0,1.0,0.0
298,actuated,0,0,48.7378889912092,24.3689444956046,3000048.737888991,600009.7475777982,2527.2,62.865671641791046,64049.98396334081,1593.283183167682,40.2,1.6279784600646872,62.103252061769126,35.6,16,2.107870213753734,0.8855721393034826,62.103252061769126,100.0,3.2,0.64,1.9018167497410872,0.0,5,10.51626030884563,0.2,9.509083748705436,0.0,0.0,0.0,100.0,1.0,0.0,100.0,1.0,0.0,100.0,1.0,0.0
299,actuated,0,0,45.25264483700069,22.626322418500344,3000045.252644837,600009.0505289674,2706.0,65.67961165048544,66157.53944976392,1605.765520625338,41.2,1.7938949391039047,61.11374526726013,36.2,19,2.3456907894215853,0.8786407766990292,61.11374526726013,100.0,3.8,0.76,3.4312026636675,0.0,5,0.31441137275123765,0.4,8.67266962872818,5.254314963549405,0.4,8.48334368960932,100.0,1.0,0.0,100.0,1.0,0.0,100.0,1.0,0.0
300,actuated,3,0,486.2061465018757,151.93942078183616,1002021.8150648946,200404.36301297892,2347.0,56.690821256038646,66486.405643875,1605.951827146739,41.4,1.2825514279091146,58.07702673408039,32.4,17,1.5428736056051664,0.782608695652174,58.07702673408039,100.0,3.4000000000000004,0.68,1.104278169247713,0.0,5,70.38513367040196,0.8,5.521390846238565,0.0,0.0,0.0,60.0,0.8,0.0,60.0,0.8,0.0,100.0,1.0,0.0
301,actuated,3,3,323.42698307409916,80.85674576852479,1000323.426983074,200064.6853966148,1765.2,43.693069306930695,68698.76688454291,1700.4645268451216,40.4,1.2160483170191183,54.7091055904566,25.6,18,1.003811809573431,0.6336633663366337,54.7091055904566,100.0,3.6,0.72,2.6596576363540856,0.0,5,100.0,1.0,0.0,10.051942251393484,0.4,8.997635830566287,27.346722361785396,0.6,2.005201706915154,36.14686333910413,0.6,2.2954506442889877,100.0,1.0,0.0
302,actuated,3,3,229.8974448758316,57.4743612189579,1000229.8974448759,200045.9794889752,1310.2,34.47894736842105,67468.18235732554,1775.4784830875144,38.0,1.4340581619872632,53.728685090547515,19.4,17,0.9056168667231338,0.5105263157894737,53.728685090547515,100.0,3.4000000000000004,0.68,1.6894800621533315,0.0,5,100.0,1.0,0.0,0.0,0.0,0.0,31.23647967463512,0.6,4.273242269537973,37.406945778102454,0.8,4.174158041228685,100.0,1.0,0.0
303,actuated,3,3,185.0743670654761,46.26859176636903,1000185.0743670653,200037.01487341308,1347.8,35.46842105263158,67615.62250459424,1779.3584869630063,38.0,2.0026627789566716,54.01120900453043,21.0,18,1.3776144324141728,0.5526315789473685,54.01120900453043,100.0,3.6,0.72,1.9971439397045132,0.0,5,100.0,1.0,0.0,0.0,0.0,0.0,55.54035055973145,0.8,4.342959473512153,14.515694462920692,0.8,5.642760225010413,100.0,1.0,0.0
304,actuated,3,3,385.83508360950043,96.45877090237511,1000385.8350836097,200077.16701672194,1462.2,36.92424242424242,63585.28204631794,1605.6889405635843,39.6,1.5696843965665965,79.59370441806186,25.6,23,1.7799760343648376,0.6464646464646465,79.59370441806186,100.0,4.6,0.9199999999999999,2.2693898158427643,0.0,5,100.0,1.0,0.0,79.04633967647442,0.8,4.077401532095196,100.0,1.0,0.0,18.92218241383489,0.8,7.269547547118625,100.0,1.0,0.0
305,actuated,3,3,472.202987373663,118.05074684341575,1000472.2029873736,200094.44059747472,1601.0,39.62871287128713,65656.4005791579,1625.1584301771754,40.4,1.5071067505500988,83.11594551560847,30.2,23,1.9684743401461116,0.7475247524752475,83.11594551560847,100.0,4.6,0.9199999999999999,1.5684222547161206,0.0,5,100.0,1.0,0.0,100.0,1.0,0.0,100.0,1.0,0.0,15.579727578042366,0.6,7.842111273580603,100.0,1.0,0.0
306,actuated,2,3,838.1730818484941,190.4938822382941,6032.332781454471,1206.4665562908942,1275.4,32.370558375634516,65690.95900192908,1667.2832233992153,39.4,1.4911499076271455,70.16836562073968,27.4,20,1.7459720967702275,0.6954314720812182,70.16836562073968,100.0,4.0,0.8,1.8447073508920098,0.0,5,80.0,1.0,0.0,100.0,1.0,0.0,100.0,1.0,0.0,10.84182810369839,0.2,9.22353675446005,60.0,0.8,0.0
307,actuated,2,2,482.7029752217037,120.67574380542592,585777.3969257581,117155.47938515162,792.4,20.635416666666668,66451.97596219236,1730.5202073487592,38.4,1.4404247588288246,55.952857475211204,21.6,19,1.7152703344280271,0.5625,55.952857475211204,100.0,3.8,0.76,2.537476813858812,0.0,5,39.35535307752161,0.6,2.2310533783374193,100.0,1.0,0.0,100.0,1.0,0.0,0.02949904545857862,0.4,8.789510250091553,40.379435253075826,0.8,1.6668204408650886
308,actuated,2,2,211.99439451903103,52.99859862975776,3192919.5049092593,638583.9009818519,437.8,12.22905027932961,65697.31246720126,1835.1204599776888,35.8,2.087817883006278,54.76447705373175,16.8,19,1.8038558150017123,0.4692737430167598,54.76447705373175,100.0,3.8000000000000003,0.76,3.5115093203079004,0.0,5,26.655252453306275,1.0,4.016832745420462,100.0,1.0,0.0,100.0,1.0,0.0,10.911422014833079,0.2,9.164708308784974,36.25571080051941,0.6,4.376005547334067
309,actuated,2,2,186.51387877924634,46.628469694811585,1000186.5138787793,200037.30277575584,373.4,10.668571428571429,64575.112305958675,1845.0032087416764,35.0,2.525384696756159,48.634954138956346,16.2,18,1.7792144693648722,0.46285714285714286,48.634954138956346,100.0,3.6000000000000005,0.7200000000000001,4.136817382979615,0.0,5,20.91027522823879,0.6,6.016412268876806,100.0,1.0,0.0,100.0,1.0,0.0,11.011031058292247,0.2,9.0818016469667,11.253464408250693,0.8,5.585872999054569
310,actuated,2,2,227.68483312639714,56.921208281599284,1000227.6848331265,200045.5369666253,462.4,12.916201117318435,61945.70611571367,1730.3269864724489,35.8,2.2359723442404955,66.38197911150928,20.2,20,1.8478536955222142,0.5642458100558659,66.38197911150928,100.0,4.0,0.8,3.306968997988977,0.0,5,27.111310501250045,0.6,7.389544121237462,100.0,1.0,0.0,100.0,1.0,0.0,4.798585056296361,0.4,9.145300868707427,100.0,1.0,0.0
311,actuated,0,2,449.24684895520966,97.66235846852385,1054.1001480150567,210.82002960301133,327.6,9.0,63496.87851691879,1744.419739475791,36.4,2.0408273920039743,55.483111617150826,19.4,20,1.9246613549010434,0.532967032967033,55.483111617150826,100.0,4.0,0.8,2.896595738691471,0.0,5,12.924519851162586,0.8,8.022706614089028,60.0,0.8,0.0,60.0,0.8,0.0,44.49103823459154,0.6,6.460272079368326,100.0,1.0,0.0
312,actuated,0,0,435.27084181207437,87.05416836241487,435.27084181207437,87.05416836241487,195.2,5.4525139664804465,64804.49189307793,1810.181337795473,35.8,2.0926878134383946,51.78367377574159,16.4,18,1.5709375666117593,0.4581005586592179,51.78367377574159,100.0,3.6,0.72,2.4314358833046597,0.0,5,1.7531429487917194,0.4,8.702906481921673,25.550318483747105,0.6,1.7037052316013752,31.614907446169127,0.6,1.7505677030002507,100.0,1.0,0.0,100.0,1.0,0.0
313,actuated,0,0,569.8824073594229,113.97648147188458,569.8824073594229,113.97648147188458,170.6,4.846590909090909,60718.91937080035,1724.969300306828,35.2,2.6567617464880233,62.487724985347995,16.8,21,2.140401916491898,0.4772727272727273,62.487724985347995,100.0,4.2,0.8400000000000001,3.2152944417538265,0.0,5,9.305765054200492,0.4,8.62001622952521,16.4638163049176,0.8,4.254145317128014,86.66904356762188,1.0,3.2023106621159085,100.0,1.0,0.0,100.0,1.0,0.0
314,actuated,0,0,569.6034909992646,129.45533886346922,22767.496838955893,4553.499367791179,259.0,7.0,58797.80092692849,1589.129754781851,37.0,2.040916574815622,64.47753590501543,23.2,18,2.092405013442918,0.6270270270270271,64.47753590501543,100.0,3.6,0.72,3.5083958551101455,0.0,5,11.393300077070307,0.2,8.77708822935823,10.994379448006839,0.4,8.764891046192497,100.0,1.0,0.0,100.0,1.0,0.0,100.0,1.0,0.0
315,actuated,0,0,518.3156019271585,143.97655609087735,1341750.8627383658,268350.17254767317,393.6,10.196891191709845,62480.24860849285,1618.6592903754624,38.6,1.3457455429449015,60.31097744843464,30.0,17,1.7181712386594012,0.7772020725388601,60.31097744843464,100.0,3.4,0.6799999999999999,1.8437645920552312,0.0,5,1.5548872421732085,0.4,9.218822960276157,0.0,0.0,0.0,100.0,1.0,0.0,100.0,1.0,0.0,100.0,1.0,0.0
316,actuated,0,0,260.3992875098938,86.79976250329793,1058138.8088035542,211627.76176071083,554.6,14.14795918367347,63793.50720562115,1627.3853878984987,39.2,1.4111856907740385,60.0,33.8,15,1.6946006548562065,0.8622448979591837,60.0,100.0,3.0,0.6,0.0,0.0,5,0.0,0.0,0.0,0.0,0.0,0.0,100.0,1.0,0.0,100.0,1.0,0.0,100.0,1.0,0.0
317,actuated,2,0,643.4443452478384,178.7345403466218,5484334.65280979,1096866.930561958,521.0,13.025,64993.17631970218,1624.8294079925545,40.0,1.2779643334236053,56.94561914650785,29.8,19,1.7803948109323562,0.745,56.94561914650785,100.0,3.8,0.76,3.073750345830296,0.0,5,1.6040404323121038,0.4,8.556725080776962,63.124055300227155,0.8,6.812026648374518,100.0,1.0,0.0,60.0,0.8,0.0,60.0,0.8,0.0
318,actuated,2,2,333.10219111500953,83.27554777875238,3154532.602690656,630906.5205381312,419.0,11.084656084656086,65753.88359149275,1739.5207299336707,37.8,1.4880719966356648,51.7797604443831,23.2,18,1.6303897754156351,0.6137566137566137,51.7797604443831,100.0,3.6,0.72,2.5362734756297227,0.0,5,2.1392932991284397,0.4,8.803375306818635,100.0,1.0,0.0,100.0,1.0,0.0,29.581594482015134,0.6,2.002777638717449,27.17791444077193,0.6,1.8752144326125282
319,actuated,2,2,163.31554101319952,40.82888525329988,1000163.3155410129,200032.66310820257,348.0,10.0,66032.39187697566,1897.4825252004498,34.8,2.324369519154594,51.98319377586995,15.6,20,1.8691435809548094,0.4482758620689655,51.98319377586995,100.0,4.0,0.8,3.5165681943544937,0.0,5,10.712890469849299,0.2,9.334548904559716,100.0,1.0,0.0,100.0,1.0,0.0,16.6929685492687,0.8,4.280957599773698,32.51010986023175,1.0,3.9673344674390556
320,actuated,2,2,211.58418800249905,52.89604700062476,1000211.5841880029,200042.31683760058,402.0,11.75438596491228,61018.52661598382,1784.1674449118075,34.2,2.429780910483118,54.5124976503721,15.8,20,1.888318913043486,0.4619883040935672,54.5124976503721,100.0,4.0,0.8,4.120155462256157,0.0,5,10.317961191517497,0.4,9.036621291562916,100.0,1.0,0.0,100.0,1.0,0.0,33.39181934051794,0.8,5.830104578662245,28.852707719825048,0.8,5.7340514410556285
321,actuated,2,2,194.48215110322604,48.62053777580651,1000194.4821511032,200038.89643022063,491.0,13.489010989010989,59876.08464113179,1644.9473802508735,36.4,1.9820832805376247,82.16780939599357,20.4,21,1.5735600515530848,0.5604395604395604,82.16780939599357,100.0,4.2,0.8400000000000001,1.8451806728915296,0.0,5,10.839046979967861,0.2,9.225903364457649,100.0,1.0,0.0,100.0,1.0,0.0,100.0,1.0,0.0,100.0,1.0,0.0
322,actuated,0,2,464.33990078182694,116.08497519545674,1000464.3399007817,200092.86798015636,518.0,13.703703703703704,59975.8473958758,1586.6626295205238,37.8,1.2616756727205845,72.0,24.0,19,1.4911770498467725,0.6349206349206349,72.0,100.0,3.8,0.76,0.0,0.0,5,0.0,0.0,0.0,60.0,0.8,0.0,100.0,1.0,0.0,100.0,1.0,0.0,100.0,1.0,0.0
323,actuated,0,0,474.7496294174679,118.68740735436697,1000474.7496294174,200094.9499258835,618.2,15.770408163265307,66067.77750235348,1685.4024873049357,39.2,1.7029169231003223,67.03982468454797,27.6,20,1.8736930373317167,0.7040816326530612,67.03982468454797,100.0,4.0,0.8,2.1466583570619733,0.0,5,7.562208134913817,0.4,9.000562886334958,27.636915287826014,0.6,1.7327288989749088,100.0,1.0,0.0,100.0,1.0,0.0,100.0,1.0,0.0
324,actuated,0,0,770.4873126918748,202.75981912944073,1000973.5922812149,200194.718456243,763.0,19.365482233502537,64931.75688025232,1648.0141340165562,39.4,2.280319453392557,63.95195563848665,30.6,18,2.637456751470256,0.7766497461928934,63.95195563848665,100.0,3.6,0.72,2.4491351900397973,0.0,5,11.14976012256193,0.2,8.968802817349093,8.61001806987133,0.4,3.2768731328498935,100.0,1.0,0.0,100.0,1.0,0.0,100.0,1.0,0.0
325,actuated,0,0,318.4089940051987,132.6704141688328,1070526.436933699,214105.2873867398,925.2,23.363636363636363,63825.958370223656,1611.7666255106983,39.6,1.7683091014702697,62.28767112952664,34.2,18,2.2952457495465013,0.8636363636363636,62.28767112952664,100.0,3.6,0.72,3.6317101057059444,0.0,5,10.88735620402531,0.2,9.184966315608161,0.5509994436079069,0.4,8.97358421292156,100.0,1.0,0.0,100.0,1.0,0.0,100.0,1.0,0.0
326,actuated,0,0,44.53505010307812,22.26752505153906,4567879.087592774,913575.8175185549,1099.0,28.324742268041238,62456.851042279704,1609.7126557288584,38.8,1.7347289888364354,62.1804277888732,35.2,16,2.187153232085911,0.9072164948453608,62.1804277888732,100.0,3.2,0.64,1.8345023946273915,0.0,5,10.902138944366015,0.2,9.172511973136958,0.0,0.0,0.0,100.0,1.0,0.0,100.0,1.0,0.0,100.0,1.0,0.0
327,actuated,0,0,36.32440335711318,18.16220167855659,3000036.324403357,600007.2648806714,1274.0,32.5,63711.776251476804,1625.3004145784898,39.2,2.196717263469472,60.0,35.4,15,2.834801394536147,0.9030612244897959,60.0,100.0,3.0,0.6,0.0,0.0,5,0.0,0.0,0.0,0.0,0.0,0.0,100.0,1.0,0.0,100.0,1.0,0.0,100.0,1.0,0.0
328,actuated,0,0,49.412366424695854,24.706183212347927,3000049.4123664247,600009.882473285,1449.0,36.964285714285715,63835.02944817628,1628.4446287800072,39.2,1.7661417274574438,63.137265522540474,35.2,18,2.361840185482201,0.8979591836734694,63.137265522540474,100.0,3.6,0.72,3.695391127485587,0.0,5,10.552453919140135,0.2,9.476468768901148,5.133873693562236,0.4,9.000486868526787,100.0,1.0,0.0,100.0,1.0,0.0,100.0,1.0,0.0
329,actuated,0,0,38.153318728235675,19.076659364117837,3000038.153318728,600007.6306637456,1624.0,41.855670103092784,62780.36362565241,1618.0506089085673,38.8,2.0087545785183702,62.2156333638668,35.2,16,2.52044347050076,0.9072164948453608,62.2156333638668,100.0,3.2,0.64,1.8053528463838717,0.0,5,11.078166819334001,0.2,9.026764231919358,0.0,0.0,0.0,100.0,1.0,0.0,100.0,1.0,0.0,100.0,1.0,0.0
330,actuated,0,0,38.50873522828404,19.25436761414202,3000038.5087352283,600007.7017470456,1799.0,45.65989847715736,64240.84259388058,1630.478238423365,39.4,2.024854787146672,61.69233155059101,35.4,18,2.579292306030783,0.8984771573604061,61.69233155059101,100.0,3.6,0.72,3.577913559284062,0.0,5,0.11247590085076808,0.4,8.878151305671782,8.349181852104266,0.2,9.011416490748525,100.0,1.0,0.0,100.0,1.0,0.0,100.0,1.0,0.0
331,actuated,0,0,44.86504472782877,22.432522363914384,3000044.8650447284,600008.9730089457,1974.0,50.357142857142854,63321.641435023594,1615.3479957914183,39.2,1.76123378736933,62.17783698886433,35.0,17,2.253994485631604,0.8928571428571429,62.17783698886433,100.0,3.4,0.6799999999999999,1.8366847566887323,0.0,5,10.889184944321642,0.2,9.183423783443661,0.0,0.2,0.0,100.0,1.0,0.0,100.0,1.0,0.0,100.0,1.0,0.0
332,actuated,0,0,42.70276641985136,21.35138320992568,3000042.7027664203,600008.5405532841,2149.0,54.54314720812183,63815.9819855604,1619.694974252802,39.4,1.819920965521012,60.0,35.4,15,2.308075659433156,0.8984771573604061,60.0,100.0,3.0,0.6,0.0,0.0,5,0.0,0.0,0.0,0.0,0.0,0.0,100.0,1.0,0.0,100.0,1.0,0.0,100.0,1.0,0.0
333,actuated,0,0,37.593584036538246,18.796792018269123,3000037.5935840365,600007.5187168072,2324.0,58.391959798994975,65573.22480769457,1647.5684625048887,39.8,2.0704852634864293,64.65378256246277,35.2,18,2.6217385394108503,0.8844221105527639,64.65378256246277,100.0,3.6,0.72,3.70696718523849,0.0,5,12.716072801190421,0.4,9.058713868566898,10.552840011123408,0.2,9.476122057625552,100.0,1.0,0.0,100.0,1.0,0.0,100.0,1.0,0.0
334,actuated,0,0,40.83405457370779,20.417027286853894,3000040.8340545734,600008.1668109146,2499.0,64.40721649484536,62350.78940354167,1606.9791083387026,38.8,1.8996488190380927,60.0,35.2,16,2.410925892156774,0.9072164948453608,60.0,100.0,3.2,0.64,0.0,0.0,5,0.0,0.2,0.0,0.0,0.0,0.0,100.0,1.0,0.0,100.0,1.0,0.0,100.0,1.0,0.0
335,actuated,0,0,34.44071774116438,17.22035887058219,3000034.4407177414,600006.8881435483,2674.0,68.56410256410257,63340.10321474671,1624.1052106345312,39.0,2.500781587476532,61.77746144278717,35.2,19,3.3627077499429174,0.9025641025641026,61.77746144278717,100.0,3.8,0.76,3.4969272499717774,0.0,5,5.105011127275247,0.4,8.713595307804644,3.782296086660608,0.4,8.771040942054242,100.0,1.0,0.0,100.0,1.0,0.0,100.0,1.0,0.0
336,actuated,0,0,97.26805743115796,48.63402871557898,3000097.268057431,600019.4536114862,2849.0,72.67857142857143,62904.4784744016,1604.7060835306531,39.2,1.4833628738069289,60.352600509521835,35.4,17,2.243564952836018,0.9030612244897959,60.352600509521835,100.0,3.4,0.6799999999999999,1.7622511135600505,0.0,5,1.763002547609176,0.4,8.811255567800252,0.0,0.0,0.0,100.0,1.0,0.0,100.0,1.0,0.0,100.0,1.0,0.0
337,actuated,0,0,43.857936597882215,21.928968298941108,3000043.8579365974,600008.7715873194,3024.0,77.14285714285714,62901.246703205325,1604.623640387891,39.2,1.7849058336693298,62.06490980097624,35.2,16,2.2671082012222925,0.8979591836734694,62.06490980097624,100.0,3.2,0.64,1.9371306185427077,0.0,5,10.324549004881192,0.2,9.685653092713538,0.0,0.0,0.0,100.0,1.0,0.0,100.0,1.0,0.0,100.0,1.0,0.0
338,actuated,0,0,49.570125111152144,24.785062555576072,3000049.5701251114,600009.9140250223,3202.0,78.09756097560975,65549.22697365949,1598.76163350389,41.0,1.5845151397441328,61.832727745510965,36.2,17,2.0312258112050614,0.8829268292682927,61.832727745510965,100.0,3.4,0.6799999999999999,1.8281585382297638,0.0,5,9.163638727554826,0.4,9.14079269114882,0.0,0.0,0.0,100.0,1.0,0.0,100.0,1.0,0.0,100.0,1.0,0.0
339,actuated,0,0,60.72589353521622,30.36294676760811,3000060.725893535,600012.1451787071,3385.6,81.38461538461539,64647.209299903734,1554.0194543246091,41.6,1.4187752606336244,66.29255522119183,37.6,18,1.9920481964341359,0.9038461538461539,66.29255522119183,100.0,3.6,0.72,3.3316865379933476,0.0,5,20.4223967074995,0.4,7.600772949219801,11.040379398459663,0.2,9.057659740746939,100.0,1.0,0.0,100.0,1.0,0.0,100.0,1.0,0.0
