step,control_mode,phase,prev_phase,TotalTravelTime,AvgTravelTime,TotalTravelTime_Raw,AvgTravelTime_Raw,TotalWaitingTime,AvgWaitingTime,TotalCO2,AvgCO2,VehCount,AvgSpeed,AvgOccupancy,QueueLength,Throughput,SpeedStd,HaltRatio,det_occ_mean,det_occ_max,det_veh_sum,det_veh_mean,det_speed_mean,det_speed_min,n_detectors,d0_occ,d0_veh,d0_speed,d1_occ,d1_veh,d1_speed,d2_occ,d2_veh,d2_speed,d3_occ,d3_veh,d3_speed,d4_occ,d4_veh,d4_speed
0,actuated,0,0,257.739635464065,56.0303555356663,400257.73963546415,80051.54792709283,18.2,2.676470588235294,12423.506042693867,1826.9861827490981,6.8,3.532066383591105,4.6690271815893425,2.0,3,2.608373215578238,0.29411764705882354,4.6690271815893425,13.695194465103953,0.6000000000000001,0.12000000000000002,3.3091204644144696,0.0,5,0.0,0.0,0.0,13.695194465103953,0.2,7.301831328850792,0.0,0.0,0.0,9.64994144284276,0.4,9.243770993221554,0.0,0.0,0.0
1,actuated,0,0,274.7150731885891,65.40835075918787,13601.57341680001,2720.314683360002,20.0,3.125,13098.05645074701,2046.5713204292203,6.4,3.3387645322114285,1.6569080464572608,1.8,1,2.98127032667494,0.28125,1.6569080464572608,8.284540232286304,0.2,0.04,1.810000712517649,0.0,5,8.284540232286304,0.2,9.050003562588245,0.0,0.0,0.0,0.0,0.0,0.0,0.0,0.0,0.0,0.0,0.0,0.0
2,actuated,0,0,183.4725027045718,39.88532667490692,249626.64409844214,49925.328819688424,30.0,5.769230769230769,10761.520929584407,2069.5232556893093,5.2,7.270933229258392,2.258021594431625,2.2,2,5.288599922747169,0.4230769230769231,2.258021594431625,11.290107972158125,0.4,0.08,1.7714622437022594,0.0,5,0.0,0.2,0.0,0.0,0.0,0.0,0.0,0.0,0.0,0.0,0.0,0.0,11.290107972158125,0.2,8.857311218511297
3,actuated,0,0,263.5629734086806,65.89074335217015,209600.79671808248,41920.1593436165,41.2,7.103448275862069,9310.705174029012,1605.2939955222434,5.8,4.4635051231063105,2.193239971784692,2.8,1,5.436039940435855,0.4827586206896552,2.193239971784692,10.96619985892346,0.2,0.04,1.8237858380563363,0.0,5,0.0,0.0,0.0,0.0,0.0,0.0,10.96619985892346,0.2,9.118929190281682,0.0,0.0,0.0,0.0,0.0,0.0
4,actuated,0,0,61.71701076031441,20.572336920104803,1245528.7459487228,249105.74918974456,59.0,9.833333333333334,10991.082555124014,1831.8470925206689,6.0,4.196535423934889,0.0,4.0,0,5.1262678819771486,0.6666666666666666,0.0,0.0,0.0,0.0,0.0,0.0,5,0.0,0.0,0.0,0.0,0.0,0.0,0.0,0.0,0.0,0.0,0.0,0.0,0.0,0.0,0.0
5,actuated,0,0,261.64825045923556,87.21608348641185,1801745.9909512915,360349.1981902583,79.2,10.153846153846153,13423.598957086646,1720.9742252675187,7.8,2.237111117824315,0.6571399806622935,4.8,2,2.7967372983507444,0.6153846153846154,0.6571399806622935,3.2856999033114676,0.4,0.08,1.7076496062427762,0.0,5,0.0,0.0,0.0,0.0,0.0,0.0,0.0,0.0,0.0,3.2856999033114676,0.4,8.53824803121388,0.0,0.0,0.0
6,actuated,0,0,429.2477114808627,89.42660655851306,200429.24771148086,40085.84954229617,103.0,10.729166666666666,17854.416759884833,1859.83507915467,9.6,3.6106879328817594,0.41742637813672445,5.2,2,4.214586812480224,0.5416666666666666,0.41742637813672445,2.0871318906836223,0.4,0.08,1.790668199621141,0.0,5,0.0,0.0,0.0,2.0871318906836223,0.4,8.953340998105705,0.0,0.0,0.0,0.0,0.0,0.0,0.0,0.0,0.0
7,actuated,0,0,197.20096628796378,41.08353464332579,200197.20096628796,40039.44019325759,128.0,13.617021276595745,18837.270690943747,2003.9649671216755,9.4,4.429099089230597,0.529698853220566,5.2,1,4.305742768937538,0.5531914893617021,0.529698853220566,2.64849426610283,0.2,0.04,1.8652690549381077,0.0,5,2.64849426610283,0.2,9.326345274690539,0.0,0.0,0.0,0.0,0.0,0.0,0.0,0.0,0.0,0.0,0.0,0.0
8,actuated,0,0,216.15815456397235,45.03294886749424,556.7029605926589,111.34059211853177,153.0,16.630434782608695,16762.068175983823,1821.9639321721545,9.2,4.569336351385058,13.186813343958306,5.0,5,4.421791666008127,0.5434782608695652,13.186813343958306,51.793674481169774,1.0,0.2,1.9833853235370718,0.0,5,0.0,0.2,0.0,0.0,0.0,0.0,51.793674481169774,0.6,5.135185291305446,14.140392238621757,0.2,4.781741326379912,0.0,0.0,0.0
9,actuated,0,0,464.71408044058205,145.22315013768187,639853.2099888793,127970.64199777585,182.4,19.404255319148938,14606.002975933903,1553.8301038227555,9.4,4.175903038951276,42.04877640283166,7.0,12,5.3032453184816575,0.7446808510638298,42.04877640283166,100.0,2.4,0.48,1.7658447923138738,0.0,5,0.0,0.0,0.0,0.0,0.0,0.0,100.0,1.0,0.0,100.0,1.0,0.0,10.243882014158316,0.4,8.829223961569369
10,actuated,0,0,320.47501928051895,94.25735861191734,2087746.4139934028,417549.2827986806,221.0,20.849056603773583,18528.789501642907,1747.9990095889534,10.6,4.674719429021782,41.680856856178146,8.2,12,5.602685885676707,0.7735849056603774,41.68085685617814,100.0,2.4,0.48,1.7928216344676913,0.0,5,0.0,0.0,0.0,8.404284280890693,0.4,8.964108172338456,100.0,1.0,0.0,100.0,1.0,0.0,0.0,0.0,0.0
11,actuated,0,0,231.85270442877476,64.40352900799299,1400231.8527044286,280046.3705408857,261.0,24.166666666666668,18700.495938037107,1731.5274016701026,10.8,3.984667559949659,40.0,8.4,10,5.616599717566397,0.7777777777777778,40.0,100.0,2.0,0.4,0.0,0.0,5,0.0,0.0,0.0,0.0,0.0,0.0,100.0,1.0,0.0,100.0,1.0,0.0,0.0,0.0,0.0
12,actuated,0,0,226.73142510311067,59.666164500818596,1001215.4804353758,200243.09608707516,301.2,25.1,20371.74782087284,1697.6456517394033,12.0,1.5848714106955177,49.13484443610605,8.2,13,1.205141130748397,0.6833333333333333,49.13484443610605,100.0,2.6,0.52,1.2189761685749902,0.0,5,0.0,0.0,0.0,0.0,0.0,0.0,100.0,1.0,0.0,100.0,1.0,0.0,45.67422218053025,0.6,6.094880842874951
13,actuated,0,0,194.81481928909193,69.5767211746757,1862712.3574360036,372542.4714872007,345.2,27.838709677419356,20508.567894988973,1653.9167657249172,12.4,2.363659336211895,60.0,9.4,15,2.714888284808901,0.7580645161290323,60.0,100.0,3.0,0.6,0.0,0.0,5,0.0,0.0,0.0,0.0,0.0,0.0,100.0,1.0,0.0,100.0,1.0,0.0,100.0,1.0,0.0
14,actuated,0,0,186.93915268980587,62.31305089660196,1851470.7311212972,370294.14622425946,394.0,30.307692307692307,22172.029110088828,1705.5407007760637,13.0,3.1631507060276984,62.99362621735099,10.0,17,3.7854014017532998,0.7692307692307693,62.99362621735099,100.0,3.4,0.6799999999999999,3.7073075910657507,0.0,5,4.53178656127875,0.2,8.95463887602091,10.436344525476215,0.2,9.581899079307844,100.0,1.0,0.0,100.0,1.0,0.0,100.0,1.0,0.0
15,actuated,0,0,1007.1057122550898,265.0278190144973,606758.7092623352,121351.74185246704,446.2,28.974025974025974,24556.309660357212,1594.565562360858,15.4,1.0827406553878922,60.0,11.6,16,2.0769898051889957,0.7532467532467533,60.0,100.0,3.2,0.64,0.0,0.0,5,0.0,0.2,0.0,0.0,0.0,0.0,100.0,1.0,0.0,100.0,1.0,0.0,100.0,1.0,0.0
16,actuated,0,0,338.15059871734326,93.93072186592867,476285.52630116633,95257.10526023326,505.6,31.6,26675.24532939194,1667.2028330869962,16.0,0.8306582361002092,60.0,12.4,15,0.6551641577010697,0.775,60.0,100.0,3.0,0.6,0.0,0.0,5,0.0,0.0,0.0,0.0,0.0,0.0,100.0,1.0,0.0,100.0,1.0,0.0,100.0,1.0,0.0
17,actuated,3,0,458.00091226769274,114.50022806692319,1000458.0009122675,200091.6001824535,225.2,15.63888888888889,26302.025909407625,1826.529577042196,14.4,1.4112047650851687,44.0,7.4,13,1.0937468966183423,0.5138888888888888,44.0,100.0,2.6,0.52,0.0,0.0,5,0.0,0.0,0.0,0.0,0.0,0.0,60.0,0.8,0.0,60.0,0.8,0.0,100.0,1.0,0.0
18,actuated,3,3,259.6122377730565,64.90305944326413,468776.15099781926,93755.23019956386,180.2,13.447761194029852,23755.218690430207,1772.7775142112096,13.4,1.7737868154110987,32.21424820238872,5.6,13,1.3754110701164448,0.417910447761194,32.21424820238872,100.0,2.6,0.52,2.636505999257772,0.0,5,0.0,0.0,0.0,9.077768256400987,0.4,9.438095209654419,26.575435876118263,0.6,1.7834442961443462,25.418036879424335,0.6,1.9609904904900952,100.0,1.0,0.0
19,actuated,3,3,286.2305896400264,89.44705926250823,1312119.5624918907,262423.91249837814,211.0,18.839285714285715,19944.984855857485,1780.8022192729898,11.2,1.7951384743928256,25.370485057077985,7.0,8,1.6562666199583747,0.625,25.370485057077985,100.0,1.6,0.32,0.6500794289488956,0.0,5,0.0,0.0,0.0,0.0,0.0,0.0,0.0,0.0,0.0,26.852425285389927,0.6,3.2503971447444777,100.0,1.0,0.0
20,actuated,3,3,427.2994823666537,112.44723220175098,1200427.2994823665,240085.4598964733,246.0,21.964285714285715,20400.005837843633,1821.4290926646102,11.2,2.438969516136,20.0,7.4,5,2.3333132470150506,0.6607142857142857,20.0,100.0,1.0,0.2,0.0,0.0,5,0.0,0.0,0.0,0.0,0.0,0.0,0.0,0.0,0.0,0.0,0.0,0.0,100.0,1.0,0.0
21,actuated,3,3,518.0341793909222,103.60683587818444,518.0341793909222,103.60683587818444,281.0,23.416666666666668,21032.920416674464,1752.7433680562053,12.0,3.3146644421553257,22.02091708692535,7.0,9,2.8392670173997048,0.5833333333333334,22.02091708692535,100.0,1.8,0.36,3.569762497078628,0.0,5,9.567925147800338,0.4,9.371382472850383,0.0,0.0,0.0,0.5366602868264181,0.4,8.477430012542754,0.0,0.0,0.0,100.0,1.0,0.0
22,actuated,3,3,141.94058560543328,47.31352853514443,1447987.3331647161,289597.46663294325,322.0,25.555555555555557,22575.059723303606,1791.6714066113973,12.6,1.8112551201811067,21.652098926013878,9.2,7,2.1704799376726567,0.7301587301587301,21.652098926013878,100.0,1.4,0.27999999999999997,1.7287045584619043,0.0,5,0.0,0.0,0.0,0.0,0.0,0.0,0.0,0.0,0.0,8.260494630069388,0.4,8.643522792309522,100.0,1.0,0.0
23,actuated,2,3,529.6761293063119,132.41903232657796,801464.9466168603,160292.98932337208,122.0,10.517241379310345,18880.454396183257,1627.6253789813152,11.6,1.2913705321630584,25.596180164477005,5.4,8,1.2805932025133788,0.46551724137931033,25.596180164477005,67.98090082238502,1.6,0.32,1.193856691867702,0.0,5,0.0,0.0,0.0,67.98090082238502,0.8,5.96928345933851,0.0,0.0,0.0,0.0,0.0,0.0,60.0,0.8,0.0
24,actuated,2,2,401.1461559230503,80.22923118461006,401.1461559230503,80.22923118461006,92.0,7.666666666666667,23381.71129967935,1948.475941639946,12.0,2.245863682716964,26.07247375284203,4.2,8,1.8447185081035604,0.35,26.07247375284203,100.0,1.6,0.32,0.39006661467068837,0.0,5,0.0,0.0,0.0,100.0,1.0,0.0,0.0,0.0,0.0,0.0,0.0,0.0,30.362368764210146,0.6,1.9503330733534419
25,actuated,2,2,160.4975271270626,32.09950542541252,160.4975271270626,32.09950542541252,112.0,10.980392156862745,21579.176648621484,2115.60555378642,10.2,4.277537158920487,24.379236762940423,4.0,8,2.518036598632501,0.39215686274509803,24.379236762940423,100.0,1.6,0.32,2.5060649435018023,0.0,5,0.0,0.0,0.0,100.0,1.0,0.0,0.0,0.0,0.0,11.061270462714106,0.2,9.04055283134836,10.834913351988007,0.4,3.4897718861606495
26,actuated,2,2,115.59384364291125,24.082050758939847,2093.959357163196,418.79187143263914,132.2,16.525,15686.119780125902,1960.7649725157378,8.0,6.829422994759848,23.718115422394135,4.2,7,4.3535158026663945,0.525,23.718115422394135,100.0,1.4,0.27999999999999997,3.4411737251417494,0.0,5,0.0,0.0,0.0,100.0,1.0,0.0,12.296669045937847,0.2,8.132283598624994,0.0,0.0,0.0,6.293908066032827,0.2,9.073585027083753
27,actuated,2,2,145.29519086153385,60.53966285897244,1862614.4430892665,372522.8886178533,158.6,18.022727272727273,13470.581254312881,1530.747869808282,8.8,2.2922213098002255,22.118470836867118,6.6,7,3.9389905899629145,0.75,22.118470836867118,100.0,1.4,0.27999999999999997,1.8881543849408682,0.0,5,10.59235418433559,0.2,9.440771924704341,100.0,1.0,0.0,0.0,0.0,0.0,0.0,0.0,0.0,0.0,0.2,0.0
28,actuated,0,2,432.3274585629007,108.08186464072517,474904.4336696338,94980.88673392676,29.2,3.945945945945946,14379.908608403744,1943.2308930275328,7.4,1.7037475898133807,12.0,2.4,4,1.57143294120421,0.32432432432432434,12.0,60.0,0.8,0.16,0.0,0.0,5,0.0,0.0,0.0,60.0,0.8,0.0,0.0,0.0,0.0,0.0,0.0,0.0,0.0,0.0,0.0
29,actuated,0,0,112.16856791869523,29.518044189130325,1200112.1685679187,240022.43371358374,10.0,1.5625,13768.646277995143,2151.350980936741,6.4,4.2450993316892625,6.9846467184531775,1.6,3,3.98099255178281,0.25,6.9846467184531775,34.92323359226589,0.6,0.12,0.445866479348039,0.0,5,0.0,0.0,0.0,34.92323359226589,0.6,2.2293323967401952,0.0,0.0,0.0,0.0,0.0,0.0,0.0,0.0,0.0
30,actuated,0,0,223.8939459183563,46.64457206632423,453.408154577786,90.6816309155572,15.2,2.375,12972.482666937944,2026.9504167090538,6.4,4.211186817466331,0.7861083515385872,1.2,4,3.2142644555976747,0.1875,0.7861083515385872,3.466366186951859,0.8,0.16,3.533715419266373,0.0,5,0.4641755707410766,0.4,8.873112655617298,0.0,0.0,0.0,0.0,0.0,0.0,3.466366186951859,0.4,8.795464440714568,0.0,0.0,0.0
31,actuated,0,0,80.49368813900097,20.12342203475024,438984.9114617981,87796.98229235962,24.0,4.8,10753.307151151566,2150.6614302303133,5.0,5.472870248785111,0.0,2.0,0,4.738894326637744,0.4,0.0,0.0,0.0,0.0,0.0,0.0,5,0.0,0.0,0.0,0.0,0.0,0.0,0.0,0.0,0.0,0.0,0.0,0.0,0.0,0.0,0.0
32,actuated,0,0,142.1003917808733,30.891389517581157,400142.10039178084,80028.42007835617,34.0,6.071428571428571,12541.415972280256,2239.538566478617,5.6,7.255624114602666,5.953208431657686,2.2,4,4.773445159111691,0.39285714285714285,5.953208431657686,11.371991879236703,0.8,0.16,5.314046042798796,0.0,5,0.0,0.0,0.0,10.718532655254194,0.2,9.32963524172129,7.675517623797532,0.4,8.44706072937697,0.0,0.0,0.0,11.371991879236703,0.2,8.79353424289572
33,actuated,0,0,257.1891300108247,55.91068043713582,200565.62966922187,40113.12593384438,44.6,7.689655172413793,9377.110622755165,1616.743210819856,5.8,6.518844936724691,0.0,2.8,0,6.16410260922234,0.4827586206896552,0.0,0.0,0.0,0.0,0.0,0.0,5,0.0,0.0,0.0,0.0,0.0,0.0,0.0,0.0,0.0,0.0,0.0,0.0,0.0,0.0,0.0
34,actuated,0,0,141.05917600725135,28.21183520145027,141.05917600725135,28.21183520145027,59.0,9.21875,12853.042095033423,2008.2878273489723,6.4,7.245895093875856,0.0,3.2,0,5.524805355141968,0.5,0.0,0.0,0.0,0.0,0.0,0.0,5,0.0,0.0,0.0,0.0,0.0,0.0,0.0,0.0,0.0,0.0,0.0,0.0,0.0,0.0,0.0
35,actuated,0,0,127.89505602328776,26.644803338184953,200127.89505602326,40025.57901120465,74.0,10.0,14519.16974584691,1962.049965654988,7.4,6.987022909579651,1.218650654010844,3.2,2,5.224911577949865,0.43243243243243246,1.218650654010844,6.09325327005422,0.4,0.08,1.792478396613151,0.0,5,0.0,0.0,0.0,0.0,0.0,0.0,0.0,0.0,0.0,6.09325327005422,0.4,8.962391983065755,0.0,0.0,0.0
36,actuated,0,0,211.2105988734379,50.28823782700902,440049.5600574881,88009.91201149762,93.4,10.613636363636363,13630.866647679533,1548.9621190544924,8.8,4.079187077478749,18.375978659732482,5.2,6,4.837568501256409,0.5909090909090909,18.375978659732482,81.5259123758824,1.2,0.24,3.4966237982154027,0.0,5,0.0,0.0,0.0,10.35398092278001,0.2,9.658120943606136,0.0,0.0,0.0,0.0,0.0,0.0,81.5259123758824,1.0,7.824998047470876
37,actuated,2,0,411.622816694529,82.32456333890579,411.622816694529,82.32456333890579,10.6,1.2619047619047619,16393.918069061117,1951.656912983466,8.4,2.597106445178046,13.569639582721948,1.8,6,1.7918146624776219,0.21428571428571427,13.569639582721948,60.0,1.2000000000000002,0.24000000000000005,1.3709015277105578,0.0,5,0.0,0.0,0.0,0.0,0.0,0.0,0.0,0.0,0.0,7.848197913609738,0.4,6.854507638552789,60.0,0.8,0.0
38,actuated,2,2,118.24580868822719,24.634543476713997,200118.24580868823,40023.649161737645,9.0,1.4516129032258065,13658.847208989046,2203.039872417588,6.2,4.6078739150936965,1.869754240857219,1.2,2,2.957272605786688,0.1935483870967742,1.869754240857219,9.348771204286095,0.4,0.08,1.752157542500645,0.0,5,9.348771204286095,0.4,8.760787712503225,0.0,0.0,0.0,0.0,0.0,0.0,0.0,0.0,0.0,0.0,0.0,0.0
39,actuated,2,2,172.7494453934874,34.54988907869748,172.7494453934874,34.54988907869748,14.0,3.5,8191.9142563110945,2047.9785640777736,4.0,7.995517016585941,3.4476018930181453,1.0,2,5.260943059613783,0.25,3.4476018930181453,11.138064685103473,0.4,0.08,3.552136161830282,0.0,5,0.0,0.0,0.0,11.138064685103473,0.2,8.97822043839845,6.099944779987254,0.2,8.782460370752961,0.0,0.0,0.0,0.0,0.0,0.0
40,actuated,2,2,188.79695080319598,52.443597445332216,509438.43145315675,101887.68629063135,21.2,4.24,8296.553240325693,1659.3106480651386,5.0,4.598092523303873,0.0,2.2,1,5.184143733186724,0.44,0.0,0.0,0.2,0.04,0.0,0.0,5,0.0,0.0,0.0,0.0,0.0,0.0,0.0,0.2,0.0,0.0,0.0,0.0,0.0,0.0,0.0
41,actuated,2,2,172.78750046824317,50.81985307889505,1353911.796137714,270782.3592275428,35.0,6.0344827586206895,11071.241358210611,1908.834716932864,5.8,5.15280551836551,0.0,3.4,0,5.183293223756754,0.5862068965517241,0.0,0.0,0.0,0.0,0.0,0.0,5,0.0,0.0,0.0,0.0,0.0,0.0,0.0,0.0,0.0,0.0,0.0,0.0,0.0,0.0,0.0
42,actuated,0,2,336.8907812380854,73.23712635610553,201916.13120555543,40383.226241111086,11.2,1.5135135135135136,14219.30565975002,1921.5277918581107,7.4,2.9378773411142394,2.2321140847764127,1.8,1,2.751764600641673,0.24324324324324326,2.2321140847764127,11.160570423882064,0.2,0.04,1.7920230992138886,0.0,5,0.0,0.0,0.0,0.0,0.0,0.0,0.0,0.0,0.0,11.160570423882064,0.2,8.960115496069443,0.0,0.0,0.0
43,actuated,0,0,245.29980622793965,51.10412629748743,3673.7293514028743,734.7458702805749,18.0,2.25,15106.071050197852,1888.2588812747315,8.0,3.220536380247832,2.2646856362414383,2.2,1,2.017102957038571,0.275,2.2646856362414383,11.323428181207191,0.2,0.04,1.7662495562247476,0.0,5,0.0,0.0,0.0,0.0,0.0,0.0,0.0,0.0,0.0,0.0,0.0,0.0,11.323428181207191,0.2,8.831247781123738
44,actuated,0,0,133.43092059037656,26.68618411807531,133.43092059037656,26.68618411807531,31.0,3.9743589743589745,16562.263943211674,2123.3671722066247,7.8,4.861633563287143,4.838241964681174,3.0,2,3.0135951996501866,0.38461538461538464,4.838241964681174,12.917745792540245,0.4,0.08,3.3223353462004623,0.0,5,0.0,0.0,0.0,11.273464030865625,0.2,8.870387994870958,12.917745792540245,0.2,7.741288736131355,0.0,0.0,0.0,0.0,0.0,0.0
45,actuated,0,0,74.35026649007048,17.702444402397735,96380.27742231982,19276.055484463963,47.2,7.151515151515151,13090.176762147814,1983.3601154769415,6.6,6.544428637382374,3.3344972478832915,3.6,2,5.139702235474742,0.5454545454545454,3.3344972478832915,11.456898622519702,0.4,0.08,3.5510680555366774,0.0,5,11.456898622519702,0.2,8.728365615755717,0.0,0.0,0.0,0.0,0.0,0.0,0.0,0.0,0.0,5.215587616896755,0.2,9.026974661927671
46,actuated,0,0,98.64184443412242,41.10076851421768,1499992.503216554,299998.5006433108,68.8,9.82857142857143,9078.424484449119,1296.9177834927311,7.0,3.334918616534514,2.519325462093775,5.4,2,5.376267423851679,0.7714285714285715,2.519325462093775,12.596627310468875,0.4,0.08,1.5877265800646723,0.0,5,0.0,0.0,0.0,0.0,0.0,0.0,0.0,0.0,0.0,12.596627310468875,0.2,7.938632900323362,0.0,0.2,0.0
47,actuated,0,0,101.2861267679528,50.6430633839764,2847226.5321270274,569445.3064254054,98.0,11.951219512195122,13785.667892641888,1681.1790112977912,8.2,0.9965133623672106,0.0,6.2,0,1.433933896394549,0.7560975609756098,0.0,0.0,0.0,0.0,0.0,0.0,5,0.0,0.0,0.0,0.0,0.0,0.0,0.0,0.0,0.0,0.0,0.0,0.0,0.0,0.0,0.0
48,actuated,0,0,332.98708476858667,104.05846399018333,1800332.9870847687,360066.59741695377,128.0,13.333333333333334,17175.690315823773,1789.1344078983095,9.6,2.232993070838352,0.0,6.4,0,2.636927080523381,0.6666666666666666,0.0,0.0,0.0,0.0,0.0,0.0,5,0.0,0.0,0.0,0.0,0.0,0.0,0.0,0.0,0.0,0.0,0.0,0.0,0.0,0.0,0.0
49,actuated,0,0,417.39663722399126,83.47932744479826,417.39663722399126,83.47932744479826,158.0,13.166666666666666,22355.034528240856,1862.9195440200713,12.0,2.8302413116993264,0.49202279842893404,6.2,2,2.462644326550321,0.5166666666666667,0.49202279842893404,2.46011399214467,0.4,0.08,1.7017149327322845,0.0,5,0.0,0.0,0.0,2.46011399214467,0.4,8.508574663661422,0.0,0.0,0.0,0.0,0.0,0.0,0.0,0.0,0.0
50,actuated,2,0,164.02713151524992,32.805426303049984,164.02713151524992,32.805426303049984,85.4,8.714285714285714,19240.53826153473,1963.32023076885,9.8,4.500794455648882,6.196055979790344,3.4,4,3.918701135642036,0.3469387755102041,6.196055979790344,21.35530360847497,0.8,0.16,3.2859844480752556,0.0,5,9.624976290476752,0.4,8.483196575380862,0.0,0.0,0.0,21.35530360847497,0.4,7.946725664995414,0.0,0.0,0.0,0.0,0.0,0.0
51,actuated,2,2,92.24044618207233,24.27380162686114,1036153.1277638845,207230.6255527769,96.0,11.707317073170731,16609.06487459273,2025.4957164137475,8.2,5.089054191925975,24.173557809702288,4.4,7,4.331267926243125,0.5365853658536586,24.173557809702288,100.0,1.4,0.27999999999999997,3.607868887502775,0.0,5,0.0,0.0,0.0,0.0,0.0,0.0,100.0,1.0,0.0,10.376575757308046,0.2,9.637090533413366,10.491213291203394,0.2,8.402253904100508
52,actuated,2,2,142.23551040641433,39.50986400178176,1004005.8538716079,200801.1707743216,116.6,16.194444444444443,12230.98866301501,1698.7484254187514,7.2,3.918120125277337,22.162984591877603,4.4,7,4.776847118601681,0.6111111111111112,22.162984591877603,100.0,1.4,0.27999999999999997,1.8492965761386935,0.0,5,0.0,0.0,0.0,10.814922959388014,0.2,9.246482880693467,100.0,1.0,0.0,0.0,0.0,0.0,0.0,0.2,0.0
53,actuated,2,2,145.41499541611194,48.471665138703976,1607400.6363669946,321480.1272733989,141.0,18.076923076923077,14177.35525635382,1817.6096482504897,7.8,3.9035728649472303,20.0,5.4,5,4.511227693845639,0.6923076923076923,20.0,100.0,1.0,0.2,0.0,0.0,5,0.0,0.0,0.0,0.0,0.0,0.0,100.0,1.0,0.0,0.0,0.0,0.0,0.0,0.0,0.0
54,actuated,2,2,361.31925470756096,82.11801243353658,600361.3192547077,120072.26385094153,166.0,17.291666666666668,18895.26491056995,1968.2567615177031,9.6,4.049579291052805,21.30288590227883,5.2,9,3.7008129532474725,0.5416666666666666,21.30288590227883,100.0,1.7999999999999998,0.36,3.430637937486172,0.0,5,5.652622225026107,0.4,8.506914288923145,0.0,0.0,0.0,100.0,1.0,0.0,0.8618072863680482,0.4,8.646275398507713,0.0,0.0,0.0
55,actuated,2,2,298.3863293169483,67.81507484476097,204684.8652949264,40936.97305898528,191.6,20.382978723404257,16372.22598910714,1741.7261690539513,9.4,3.5967706720556367,20.0,5.6,5,4.302090607833912,0.5957446808510638,20.0,100.0,1.0,0.2,0.0,0.0,5,0.0,0.0,0.0,0.0,0.0,0.0,100.0,1.0,0.0,0.0,0.0,0.0,0.0,0.0,0.0
56,actuated,2,2,167.82180774179614,41.955451935449034,804858.7559244267,160971.75118488533,221.0,22.1,18217.140928951812,1821.714092895181,10.0,2.883143868634361,26.954707250114097,6.0,8,2.9177909980655565,0.6,26.954707250114097,100.0,1.5999999999999999,0.31999999999999995,3.1841353364125906,0.0,5,0.0,0.0,0.0,24.186197720780456,0.4,6.475432278228518,100.0,1.0,0.0,0.0,0.0,0.0,10.587338529790031,0.2,9.445244403834437
57,actuated,3,2,230.6102207913005,76.87007359710016,1610104.5468077897,322020.9093615579,100.6,9.862745098039216,15848.171337703705,1553.7422880101672,10.2,1.5458393548194826,36.0,5.2,10,2.1179478806503673,0.5098039215686274,36.0,100.0,2.0,0.4,0.0,0.0,5,0.0,0.0,0.0,100.0,1.0,0.0,80.0,1.0,0.0,0.0,0.0,0.0,0.0,0.0,0.0
58,actuated,3,3,199.51645597784156,52.50433052048462,1200199.5164559777,240039.90329119554,101.0,9.901960784313726,19772.333723288088,1938.46409051844,10.2,2.8580130788110916,29.78132406616396,5.4,9,3.1697767435862585,0.5294117647058824,29.78132406616396,100.0,1.8,0.36,2.2875532824361415,0.0,5,0.0,0.0,0.0,100.0,1.0,0.0,38.19376726068754,0.6,2.103184919711369,10.712853070132269,0.2,9.334581492469338,0.0,0.0,0.0
59,actuated,3,3,408.7607301844746,81.75214603689491,408.7607301844746,81.75214603689491,126.0,15.0,16033.425230971403,1908.741098925167,8.4,6.074556500344738,20.59808644390114,5.0,6,5.50254448617121,0.5952380952380952,20.59808644390114,100.0,1.2,0.24,1.8135135297477247,0.0,5,0.0,0.0,0.0,100.0,1.0,0.0,0.0,0.0,0.0,0.0,0.0,0.0,2.990432219505692,0.2,9.067567648738624
60,actuated,3,3,220.4421843626239,55.11054609065597,545849.8796870982,109169.97593741964,152.2,15.854166666666666,16831.192638042197,1753.2492331293954,9.6,2.665934130272367,20.0,6.0,6,3.580940426023385,0.625,20.0,100.0,1.2,0.24,0.0,0.0,5,0.0,0.0,0.0,100.0,1.0,0.0,0.0,0.0,0.0,0.0,0.0,0.0,0.0,0.2,0.0
61,actuated,3,3,132.33791698192977,38.92291675939111,1026738.688926359,205347.7377852718,182.6,17.901960784313726,16615.35732845895,1628.9566008293089,10.2,2.1562808703424183,22.53145828700781,6.6,6,1.8727428508807733,0.6470588235294118,22.53145828700781,100.0,1.2,0.24,1.580116891725683,0.0,5,12.657291435039042,0.2,7.900584458628415,100.0,1.0,0.0,0.0,0.0,0.0,0.0,0.0,0.0,0.0,0.0,0.0
62,actuated,3,3,601.2602070481651,158.22637027583292,886309.5963875034,177261.91927750068,219.0,18.25,21661.619798792697,1805.1349832327248,12.0,3.1078808658746393,20.0,8.0,5,3.5199133494558277,0.6666666666666666,20.0,100.0,1.0,0.2,0.0,0.0,5,0.0,0.0,0.0,100.0,1.0,0.0,0.0,0.0,0.0,0.0,0.0,0.0,0.0,0.0,0.0
63,actuated,0,3,710.443623614433,142.0887247228866,710.443623614433,142.0887247228866,75.2,7.09433962264151,18553.389375715466,1750.3197524259872,10.6,2.7049178159322405,19.21707621090809,3.8,8,3.0446093181662923,0.3584905660377358,19.21707621090809,80.0,1.6,0.32,3.6939829482323305,0.0,5,0.0,0.0,0.0,80.0,1.0,0.0,10.510738865037865,0.2,9.514079008530267,5.574642189502583,0.4,8.955835732631387,0.0,0.0,0.0
64,actuated,0,0,249.1080584667381,65.55475222808897,232990.13835339932,46598.02767067986,64.0,6.2745098039215685,19386.513944378596,1900.6386219979013,10.2,1.8336630742367521,8.232728949390093,4.2,4,1.5161982523200714,0.4117647058823529,8.232728949390093,37.300734437493475,0.8,0.16,1.7038856582575073,0.0,5,0.0,0.0,0.0,37.300734437493475,0.6,1.9402544937823631,0.0,0.0,0.0,0.0,0.0,0.0,3.8629103094569928,0.2,6.579173797505173
65,actuated,0,0,110.64161278773429,34.575503996166965,1008703.8422842135,201740.7684568427,84.6,10.071428571428571,14412.824486976275,1715.8124389257468,8.4,2.3464388085728602,23.338908874010485,4.4,7,2.1485427011654266,0.5238095238095238,23.338908874010485,100.0,1.4,0.27999999999999997,0.9273375637941706,0.0,5,0.0,0.0,0.0,16.694544370052427,0.4,4.636687818970853,0.0,0.0,0.0,0.0,0.0,0.0,100.0,1.0,0.0
66,actuated,0,0,44.43598908494529,14.811996361648431,1817881.8266935912,363576.3653387182,109.0,15.13888888888889,13682.829624049997,1900.3930033402773,7.2,4.998248883050101,20.272019498209602,5.2,6,5.229303608777105,0.7222222222222222,20.272019498209602,100.0,1.2,0.24,1.6983127162978053,0.0,5,1.360097491048009,0.2,8.491563581489027,0.0,0.0,0.0,0.0,0.0,0.0,0.0,0.0,0.0,100.0,1.0,0.0
67,actuated,0,0,611.1562228167655,169.76561744910154,1201098.0985045247,240219.61970090494,134.2,16.775,12845.453005093741,1605.6816256367176,8.0,3.961475983533895,22.231576441979996,5.4,7,5.565931806426396,0.675,22.231576441979996,100.0,1.4,0.27999999999999997,1.7924548425735065,0.0,5,0.0,0.2,0.0,0.0,0.0,0.0,0.0,0.0,0.0,11.15788220989998,0.2,8.962274212867532,100.0,1.0,0.0
68,actuated,0,0,211.11766727359037,62.09343155105599,1301550.9711816162,260310.19423632324,163.0,18.522727272727273,15375.712006112899,1747.2400006946475,8.8,3.594322840266146,20.0,6.4,5,5.253127380537599,0.7272727272727273,20.0,100.0,1.0,0.2,0.0,0.0,5,0.0,0.0,0.0,0.0,0.0,0.0,0.0,0.0,0.0,0.0,0.0,0.0,100.0,1.0,0.0
69,actuated,2,0,214.88483350871246,42.97696670174249,214.88483350871246,42.97696670174249,45.6,5.428571428571429,16694.35259305785,1987.4229277449822,8.4,5.078098349917002,12.0,1.8,4,4.746026482220563,0.21428571428571427,12.0,60.0,0.8,0.16,0.0,0.0,5,0.0,0.0,0.0,0.0,0.0,0.0,0.0,0.0,0.0,0.0,0.0,0.0,60.0,0.8,0.0
70,actuated,2,2,153.51426284966985,31.98213809368122,200153.51426284976,40030.70285256995,33.0,4.714285714285714,14839.34255589945,2119.906079414207,7.0,4.450089983702607,6.261127750255355,1.2,5,3.1804688527716727,0.17142857142857143,6.261127750255355,25.112176023993698,1.0,0.2,2.158330598863819,0.0,5,0.0,0.0,0.0,6.193462727283077,0.4,8.936197241395712,0.0,0.0,0.0,0.0,0.0,0.0,25.112176023993698,0.6,1.855455752923381
71,actuated,2,2,521.9571850029224,104.39143700058449,521.9571850029224,104.39143700058449,39.2,6.32258064516129,11873.345786757794,1915.0557720577087,6.2,5.047351072855709,4.47502402715736,1.8,2,4.139340773201743,0.2903225806451613,4.47502402715736,11.281133978360458,0.4,0.08,3.575649943519403,0.0,5,0.0,0.0,0.0,0.0,0.0,0.0,11.281133978360458,0.2,8.864357093162853,11.093986157426343,0.2,9.013892624434162,0.0,0.0,0.0
72,actuated,2,2,124.02502985798571,38.757821830620536,615798.1573626326,123159.63147252651,53.2,7.823529411764706,11784.383219726273,1732.9975323126873,6.8,2.860213719724009,0.0,3.8,0,3.4757132354153573,0.5588235294117647,0.0,0.0,0.0,0.0,0.0,0.0,5,0.0,0.0,0.0,0.0,0.0,0.0,0.0,0.0,0.0,0.0,0.0,0.0,0.0,0.0,0.0
73,actuated,2,2,64.79686908371642,21.598956361238805,1430504.9265253409,286100.9853050682,73.0,10.735294117647058,12881.109967990207,1894.2808776456188,6.8,3.512628939344253,1.8381144898332877,4.2,2,4.085170260727697,0.6176470588235294,1.8381144898332877,9.190572449166439,0.4,0.08,1.69556721098721,0.0,5,9.190572449166439,0.4,8.47783605493605,0.0,0.0,0.0,0.0,0.0,0.0,0.0,0.0,0.0,0.0,0.0,0.0
74,actuated,0,2,369.3378402093154,80.29083482811205,400369.3378402093,80073.86756804187,77.0,11.0,12073.531950495342,1724.7902786421919,7.0,5.115969970427486,2.366463884626455,3.2,1,5.050054330866004,0.45714285714285713,2.366463884626455,11.832319423132276,0.2,0.04,1.6902856730608409,0.0,5,0.0,0.0,0.0,11.832319423132276,0.2,8.451428365304205,0.0,0.0,0.0,0.0,0.0,0.0,0.0,0.0,0.0
75,actuated,0,0,216.64201851881626,45.13375385808672,200216.6420185188,40043.32840370376,92.0,13.142857142857142,13143.46703174442,1877.6381473920599,7.0,5.065620889255506,0.5479946304328678,3.2,2,5.04320533651631,0.45714285714285713,0.5479946304328678,2.739973152164339,0.4,0.08,1.7311352602019903,0.0,5,0.0,0.0,0.0,0.0,0.0,0.0,0.0,0.0,0.0,0.0,0.0,0.0,2.739973152164339,0.4,8.655676301009951
76,actuated,0,0,395.06734035669024,82.30569590764381,1911.396163083528,382.2792326167056,109.0,13.974358974358974,14040.000015416555,1800.0000019764814,7.8,4.584088467242309,4.488308540362368,4.0,2,4.7959911135468865,0.5128205128205128,4.488308540362368,22.44154270181184,0.4,0.08,1.4333223507436275,0.0,5,0.0,0.0,0.0,0.0,0.0,0.0,22.44154270181184,0.4,7.166611753718137,0.0,0.0,0.0,0.0,0.0,0.0
77,actuated,0,0,215.2063120016616,56.63324000043726,876049.7224451738,175209.94448903477,132.2,14.369565217391305,15480.655581358782,1682.6799544955197,9.2,3.2608843632697915,20.566268252927557,5.6,7,3.8782201167328614,0.6086956521739131,20.566268252927557,100.0,1.4,0.27999999999999997,1.7281856554746624,0.0,5,0.0,0.0,0.0,0.0,0.0,0.0,100.0,1.0,0.0,2.8313412646377856,0.4,8.640928277373312,0.0,0.0,0.0
78,actuated,0,0,192.6095247474601,48.15238118686503,1000192.6095247476,200038.5219049495,161.0,16.428571428571427,18650.847065443028,1903.1476597390845,9.8,3.3238736596092546,22.288311662155593,6.0,6,3.548723352799061,0.6122448979591837,22.288311662155593,100.0,1.2,0.24,1.748013640865683,0.0,5,0.0,0.0,0.0,11.441558310777964,0.2,8.740068204328415,100.0,1.0,0.0,0.0,0.0,0.0,0.0,0.0,0.0
79,actuated,0,0,122.33702048364353,32.19395275885356,1000339.5009141322,200067.90018282644,191.0,21.22222222222222,15570.510802949351,1730.0567558832613,9.0,4.747286017960206,21.999075944908782,6.0,7,4.987981109223511,0.6666666666666666,21.999075944908782,100.0,1.4,0.27999999999999997,1.8883373332209885,0.0,5,0.0,0.0,0.0,0.0,0.0,0.0,100.0,1.0,0.0,0.0,0.0,0.0,9.995379724543909,0.4,9.441686666104943
80,actuated,0,0,185.11078114634242,66.11099326655086,1306843.851774442,261368.7703548884,224.2,21.980392156862745,17622.201375637975,1727.6668015331347,10.2,3.4175559616447795,29.689385386235926,7.8,8,4.667376621230291,0.7647058823529411,29.689385386235926,100.0,1.6,0.32,2.722525455858622,0.0,5,10.857318686568078,0.2,9.210377155430931,0.0,0.0,0.0,100.0,1.0,0.0,37.589608244611554,0.4,4.402250123862178,0.0,0.0,0.0
81,actuated,0,0,368.6792686574173,115.2122714554429,1254809.764323156,250961.95286463122,263.0,23.07017543859649,19668.432172212044,1725.3010677378986,11.4,1.2010785191514008,40.0,8.2,10,1.3743198386486193,0.7192982456140351,40.0,100.0,2.0,0.4,0.0,0.0,5,0.0,0.0,0.0,0.0,0.0,0.0,100.0,1.0,0.0,100.0,1.0,0.0,0.0,0.0,0.0
82,actuated,0,0,334.103899699013,79.54854754738405,800334.1038996989,160066.8207799398,303.0,24.43548387096774,23259.47918639899,1875.7644505160476,12.4,2.826855895055147,40.0,8.2,10,2.7065854520221957,0.6612903225806451,40.0,100.0,2.0,0.4,0.0,0.0,5,0.0,0.0,0.0,0.0,0.0,0.0,100.0,1.0,0.0,100.0,1.0,0.0,0.0,0.0,0.0
83,actuated,0,0,255.4729832205453,55.53760504794464,2426.1564236561226,485.2312847312245,343.2,27.238095238095237,22741.404415738096,1804.8733663284204,12.6,4.543476943222502,41.62217899620282,8.2,14,4.4911665121647015,0.6507936507936508,41.62217899620282,100.0,2.8,0.5599999999999999,3.61628460302949,0.0,5,4.018776034727125,0.4,8.953434276301413,4.092118946286973,0.4,9.127988738846035,100.0,1.0,0.0,100.0,1.0,0.0,0.0,0.0,0.0
84,actuated,0,0,427.648760893434,106.9121902233585,437158.04397819284,87431.60879563857,387.2,31.225806451612904,20262.15927495227,1634.0451028187315,12.4,4.075869799359,40.0,9.6,10,5.563364997993906,0.7741935483870968,40.0,100.0,2.0,0.4,0.0,0.0,5,0.0,0.0,0.0,0.0,0.0,0.0,100.0,1.0,0.0,100.0,1.0,0.0,0.0,0.0,0.0
85,actuated,0,0,249.99051835145556,62.49762958786389,669840.2086663882,133968.04173327764,436.0,33.53846153846154,21508.746220936566,1654.5189400720435,13.0,3.991092171747037,45.4985961443781,10.0,12,5.109257352866545,0.7692307692307693,45.4985961443781,100.0,2.4,0.48,1.1419620053432111,0.0,5,0.0,0.0,0.0,0.0,0.0,0.0,100.0,1.0,0.0,100.0,1.0,0.0,27.49298072189049,0.4,5.709810026716056
86,actuated,0,0,98.06872851691828,32.6895761723061,1543414.3186832813,308682.86373665626,489.0,37.04545454545455,21952.212883655207,1663.04643057994,13.2,4.250729479529863,60.0,11.2,15,5.342251839352321,0.8484848484848485,60.0,100.0,3.0,0.6,0.0,0.0,5,0.0,0.0,0.0,0.0,0.0,0.0,100.0,1.0,0.0,100.0,1.0,0.0,100.0,1.0,0.0
87,actuated,0,0,614.4939359103313,180.73351056186215,1005870.2555431761,201174.0511086352,544.6,38.9,22346.015985988455,1596.1439989991754,14.0,4.820136560880817,62.245113915367256,11.6,16,5.905565304363222,0.8285714285714286,62.245113915367256,100.0,3.2,0.64,1.7816467897780055,0.0,5,0.0,0.0,0.0,11.225569576836278,0.2,8.908233948890027,100.0,1.0,0.0,100.0,1.0,0.0,100.0,1.0,0.0
88,actuated,0,0,456.1854811663794,120.04881083325775,937525.4665350862,187505.09330701723,604.0,40.810810810810814,24356.413114897652,1645.703588844436,14.8,3.7718561070218666,60.0,12.2,15,5.704498943928774,0.8243243243243243,60.0,100.0,3.0,0.6,0.0,0.0,5,0.0,0.0,0.0,0.0,0.0,0.0,100.0,1.0,0.0,100.0,1.0,0.0,100.0,1.0,0.0
89,actuated,0,0,270.92876085130564,75.25798912536267,1200638.9192585351,240127.78385170703,664.0,42.0253164556962,25924.351915456144,1640.7817668010218,15.8,1.7987385312978903,60.0,12.2,15,2.7551520525277415,0.7721518987341772,60.0,100.0,3.0,0.6,0.0,0.0,5,0.0,0.0,0.0,0.0,0.0,0.0,100.0,1.0,0.0,100.0,1.0,0.0,100.0,1.0,0.0
90,actuated,0,0,363.237784313862,106.83464244525354,1028914.487210504,205782.8974421008,727.0,43.273809523809526,27836.408620949274,1656.929084580314,16.8,2.289459776242451,60.0,13.4,15,2.4693741595618763,0.7976190476190477,60.0,100.0,3.0,0.6,0.0,0.0,5,0.0,0.0,0.0,0.0,0.0,0.0,100.0,1.0,0.0,100.0,1.0,0.0,100.0,1.0,0.0
91,actuated,0,0,429.13235451427147,112.92956697743986,544183.8603556345,108836.77207112689,795.0,44.166666666666664,30106.854318014044,1672.603017667447,18.0,2.817504544344615,60.530096239229806,14.0,17,3.3380283975736345,0.7777777777777778,60.530096239229806,100.0,3.4,0.6799999999999999,1.7537761633470654,0.0,5,0.0,0.0,0.0,2.6504811961490304,0.4,8.768880816735328,100.0,1.0,0.0,100.0,1.0,0.0,100.0,1.0,0.0
92,actuated,3,0,279.03468543966915,87.19833919989661,1078780.0675903293,215756.01351806585,357.4,20.77906976744186,29949.510849533457,1741.2506307868289,17.2,1.638081817908641,48.98339291268985,9.4,16,2.3316590362713248,0.5465116279069767,48.98339291268985,100.0,3.2,0.64,1.782888633105904,0.0,5,4.916964563449255,0.4,8.91444316552952,0.0,0.0,0.0,60.0,0.8,0.0,80.0,1.0,0.0,100.0,1.0,0.0
93,actuated,3,3,540.6153914355976,117.52508509469514,300470.7042700309,60094.14085400618,215.0,12.951807228915662,29934.948612594395,1803.3101573852045,16.6,1.3979736637767006,30.567319393902835,6.0,11,0.9426089032330147,0.3614457831325301,30.567319393902835,100.0,2.2,0.44000000000000006,0.8044527779550265,0.0,5,0.0,0.0,0.0,0.0,0.0,0.0,28.533264483121457,0.6,2.0636797571952807,24.30333248639272,0.6,1.9585841325798519,100.0,1.0,0.0
94,actuated,3,3,221.7310274880536,44.34620549761072,221.7310274880536,44.34620549761072,245.0,17.753623188405797,27711.024336361035,2008.0452417652923,13.8,2.832099877733695,32.20439430372835,6.0,13,1.3082772127947275,0.43478260869565216,32.20439430372835,100.0,2.6,0.52,1.5875062556613853,0.0,5,0.0,0.0,0.0,0.0,0.0,0.0,35.34198659373942,0.6,4.168733300768255,25.679984924902328,1.0,3.7687979775386715,100.0,1.0,0.0
95,actuated,3,3,375.8758085997435,81.71213230429207,1198.492966700736,239.69859334014717,275.2,24.140350877192983,19299.037095194162,1692.8979908065055,11.4,2.6172630665830643,20.644056564980474,6.4,8,1.643039039115968,0.5614035087719298,20.644056564980474,100.0,1.6,0.32,1.733239042498171,0.0,5,3.2202828249023696,0.4,8.666195212490855,0.0,0.0,0.0,0.0,0.2,0.0,0.0,0.0,0.0,100.0,1.0,0.0
96,actuated,3,3,301.4365709475579,150.71828547377896,1566436.610866402,313287.3221732804,314.6,27.120689655172413,17852.78209834091,1539.0329395121475,11.6,1.181358735275293,21.3821553354951,9.4,7,1.8274908695980807,0.8103448275862069,21.3821553354951,100.0,1.4,0.27999999999999997,1.8710655384324497,0.0,5,0.0,0.0,0.0,6.910776677475496,0.4,9.355327692162248,0.0,0.0,0.0,0.0,0.0,0.0,100.0,1.0,0.0
97,actuated,3,3,436.3811138888369,145.46037129627896,1740644.117739157,348128.8235478314,364.0,27.16417910447761,23095.46145689959,1723.541899768626,13.4,1.5972970103419961,20.0,10.4,5,2.7020575447367587,0.7761194029850746,20.0,100.0,1.0,0.2,0.0,0.0,5,0.0,0.0,0.0,0.0,0.0,0.0,0.0,0.0,0.0,0.0,0.0,0.0,100.0,1.0,0.0
98,actuated,2,3,367.58787426860846,73.5175748537217,367.58787426860846,73.5175748537217,136.0,10.461538461538462,24363.61157285945,1874.1239671430344,13.0,1.867193489023318,12.737566857738784,5.6,6,1.2068722202450024,0.4307692307692308,12.737566857738784,60.0,1.2000000000000002,0.24000000000000005,1.777224643509835,0.0,5,0.0,0.0,0.0,0.0,0.0,0.0,0.0,0.0,0.0,3.687834288693921,0.4,8.886123217549175,60.0,0.8,0.0
99,actuated,2,2,152.63667349538872,30.527334699077745,152.63667349538872,30.527334699077745,71.0,7.1,19969.246051041566,1996.9246051041566,10.0,4.749386215943727,5.640908399357613,3.0,4,4.120899171866155,0.3,5.640908399357613,25.721869562698885,0.8,0.16,1.7901388595278391,0.0,5,0.0,0.0,0.0,2.4826724340891815,0.2,7.051891658076357,0.0,0.0,0.0,0.0,0.0,0.0,25.721869562698885,0.6,1.898802639562838
100,actuated,2,2,129.87310558670666,32.468276396676664,692269.669781169,138453.9339562338,88.0,9.565217391304348,17330.202172189733,1883.7176274119274,9.2,3.8964515832566606,26.680667261760846,4.2,13,3.4546004658058354,0.45652173913043476,26.680667261760846,100.0,2.5999999999999996,0.5199999999999999,4.334547346849657,0.0,5,0.0,0.0,0.0,100.0,1.0,0.0,3.0023446053337466,0.4,8.500444502290339,3.9060111162211797,0.2,9.235437699127942,26.4949805872493,1.0,3.9368545328300044
101,actuated,2,2,508.3664089016869,141.2128913615797,264205.08999919816,52841.017999839634,111.2,11.829787234042554,14809.250708432297,1575.4522030247126,9.4,2.114051614372496,20.0,5.8,6,2.6415099817551075,0.6170212765957447,20.0,100.0,1.2,0.24,0.0,0.0,5,0.0,0.0,0.0,100.0,1.0,0.0,0.0,0.0,0.0,0.0,0.2,0.0,0.0,0.0,0.0
102,actuated,2,2,172.9213056444969,57.6404352148323,1770293.4347555083,354058.68695110164,145.0,14.5,18019.689099572995,1801.9689099572995,10.0,1.8565266104559666,20.0,7.0,5,2.5309169700245753,0.7,20.0,100.0,1.0,0.2,0.0,0.0,5,0.0,0.0,0.0,100.0,1.0,0.0,0.0,0.0,0.0,0.0,0.0,0.0,0.0,0.0,0.0
103,actuated,0,2,411.5614092425265,85.74196025885969,200411.56140924257,40082.31228184851,34.8,3.8666666666666667,17463.73771718937,1940.4153019099301,9.0,3.5392405632772,14.198159747994396,3.0,5,4.0127347246199045,0.3333333333333333,14.198159747994396,60.0,1.0,0.2,1.8197039608470704,0.0,5,10.990798739971979,0.2,9.098519804235352,60.0,0.8,0.0,0.0,0.0,0.0,0.0,0.0,0.0,0.0,0.0,0.0
104,actuated,0,0,335.8448473357391,73.00974942081285,7809.5950850987265,1561.9190170197453,30.6,4.25,13480.901510093865,1872.3474319574811,7.2,4.643638620284663,8.40402939988553,2.6,4,4.784390840510804,0.3611111111111111,8.40402939988553,31.242818923640243,0.8,0.16,2.2353246538296547,0.0,5,0.0,0.0,0.0,31.242818923640243,0.6,1.8978855990329626,0.0,0.0,0.0,0.0,0.0,0.0,10.777328075787409,0.2,9.278737670115312
105,actuated,0,0,560.5642042694968,116.78420922281184,200560.5642042695,40112.1128408539,46.2,5.5,15450.667601595336,1839.3651906661114,8.4,3.2374038644616245,0.0,4.0,0,4.182691108734009,0.47619047619047616,0.0,0.0,0.0,0.0,0.0,0.0,5,0.0,0.0,0.0,0.0,0.0,0.0,0.0,0.0,0.0,0.0,0.0,0.0,0.0,0.0,0.0
106,actuated,0,0,405.1765458315329,88.08185778946368,201102.4110596285,40220.4822119257,66.2,7.355555555555555,16442.42537101557,1826.9361523350635,9.0,2.1910531748695625,2.1481656349242257,4.4,2,1.4189487952403887,0.4888888888888889,2.1481656349242257,10.740828174621129,0.4,0.08,1.8247576622292396,0.0,5,0.0,0.0,0.0,0.0,0.0,0.0,0.0,0.0,0.0,10.740828174621129,0.4,9.123788311146198,0.0,0.0,0.0
107,actuated,0,0,215.5100863120966,51.31192531240395,191718.7002065696,38343.74004131392,90.0,9.574468085106384,18229.400631218636,1939.2979394913443,9.4,3.467977483451564,1.256740914735019,5.2,2,2.368790089001969,0.5531914893617021,1.256740914735019,6.283704573675095,0.4,0.08,1.7506396005488933,0.0,5,0.0,0.0,0.0,0.0,0.0,0.0,6.283704573675095,0.4,8.753198002744467,0.0,0.0,0.0,0.0,0.0,0.0
108,actuated,0,0,345.8950416720321,91.02501096632425,29617.278870165108,5923.455774033022,116.8,12.425531914893616,15478.475587657518,1646.6463391125021,9.4,4.221130469349748,16.95877184490837,6.0,7,4.832051396686842,0.6382978723404256,16.95877184490837,80.86782928941602,1.4,0.27999999999999997,3.2924894017280577,0.0,5,3.9260299351258254,0.4,8.856025253143162,0.0,0.0,0.0,0.0,0.0,0.0,0.0,0.0,0.0,80.86782928941602,1.0,7.606421755497129
109,actuated,0,0,99.32678002397707,35.47385000856324,1901009.0849646013,380201.81699292024,151.0,17.15909090909091,14922.348010628213,1695.7213648441152,8.8,4.444293178349936,22.228175704251043,7.2,6,5.83452314477815,0.8181818181818182,22.228175704251043,100.0,1.2,0.24,1.795190564356557,0.0,5,0.0,0.0,0.0,11.140878521255217,0.2,8.975952821782785,0.0,0.0,0.0,0.0,0.0,0.0,100.0,1.0,0.0
110,actuated,0,0,224.35893465007433,65.98792195590421,1699842.1955190927,339968.43910381856,186.0,19.375,15791.393138623313,1644.9367852732619,9.6,3.733517049261423,24.744312397595422,7.2,7,5.207504828981805,0.75,24.744312397595422,100.0,1.4,0.27999999999999997,1.3710888858716177,0.0,5,0.0,0.0,0.0,0.0,0.0,0.0,0.0,0.0,0.0,23.72156198797711,0.4,6.855444429358088,100.0,1.0,0.0
111,actuated,0,0,279.068059330753,93.02268644358433,1291901.4963392182,258380.29926784366,222.2,19.839285714285715,18930.117850807626,1690.1890938221095,11.2,2.543539493256999,40.0,8.2,10,3.9689563290770793,0.7321428571428571,40.0,100.0,2.0,0.4,0.0,0.0,5,0.0,0.0,0.0,0.0,0.0,0.0,0.0,0.0,0.0,100.0,1.0,0.0,100.0,1.0,0.0
112,actuated,0,0,502.3277416613452,100.46554833226904,502.3277416613452,100.46554833226904,262.0,20.153846153846153,23718.89254523174,1824.530195787057,13.0,2.9314322045593086,42.15921802202638,8.0,11,2.891528305763008,0.6153846153846154,42.15921802202638,100.0,2.2,0.44000000000000006,1.852522514723217,0.0,5,0.0,0.0,0.0,10.7960901101319,0.2,9.262612573616085,0.0,0.0,0.0,100.0,1.0,0.0,100.0,1.0,0.0
113,actuated,2,0,228.84831896992432,57.21207974248108,12995.894797323619,2599.178959464724,99.8,8.75438596491228,20501.85822656121,1798.4086163650184,11.4,2.44948221334094,41.04105487778497,4.0,13,2.1275883046179875,0.3508771929824561,41.04105487778497,80.0,2.6,0.52,1.3079054863680013,0.0,5,0.0,0.0,0.0,0.0,0.0,0.0,65.20527438892486,0.8,6.539527431840007,80.0,1.0,0.0,60.0,0.8,0.0
114,actuated,2,2,159.5297357724557,46.9205105213105,1232740.055919331,246548.0111838662,91.0,9.680851063829786,18612.16364879938,1980.0174094467425,9.4,4.15734589353108,24.19388531389086,4.2,9,3.901133232427907,0.44680851063829785,24.19388531389086,100.0,1.8,0.36,5.051311506504885,0.0,5,11.147768318296585,0.2,8.970405299495884,0.0,0.0,0.0,100.0,1.0,0.0,7.759613350776817,0.4,7.588627836325895,2.062044900380897,0.2,8.697524396702647
115,actuated,2,2,263.57277032816876,62.755421506706845,800263.5727703281,160052.71455406563,111.0,15.857142857142858,11562.376744882404,1651.7681064117721,7.0,5.866630168709944,20.0,4.4,6,5.904455319656375,0.6285714285714286,20.0,100.0,1.2,0.24,0.0,0.0,5,0.0,0.0,0.0,0.0,0.0,0.0,100.0,1.0,0.0,0.0,0.0,0.0,0.0,0.2,0.0
116,actuated,2,2,290.7571735813808,60.57441116278767,200290.7571735814,40058.15143471628,131.0,17.7027027027027,13759.508553491101,1859.3930477690678,7.4,5.912090007449686,20.0,4.2,5,5.621531067110149,0.5675675675675675,20.0,100.0,1.0,0.2,0.0,0.0,5,0.0,0.0,0.0,0.0,0.0,0.0,100.0,1.0,0.0,0.0,0.0,0.0,0.0,0.0,0.0
117,actuated,2,2,179.62393471272665,35.92478694254533,179.62393471272665,35.92478694254533,151.0,17.558139534883722,16170.968711936943,1880.345199062435,8.6,5.43825224983716,20.432880423717506,4.2,7,4.694259473265716,0.4883720930232558,20.432880423717506,100.0,1.4,0.27999999999999997,1.675909862369299,0.0,5,0.0,0.0,0.0,2.1644021185875317,0.4,8.379549311846494,100.0,1.0,0.0,0.0,0.0,0.0,0.0,0.0,0.0
118,actuated,2,2,241.304482467417,52.45749618856892,200640.28049595928,40128.056099191854,174.0,18.51063829787234,16672.767237219523,1773.6986422573962,9.4,4.433141254311064,22.17236499748833,5.2,6,4.513236547486341,0.5531914893617021,22.17236499748833,100.0,1.2,0.24,1.8413111998327931,0.0,5,0.0,0.0,0.0,0.0,0.0,0.0,100.0,1.0,0.0,10.86182498744165,0.2,9.206555999163966,0.0,0.0,0.0
119,actuated,2,2,126.87623291384773,33.3884823457494,616067.9303701601,123213.58607403203,202.0,21.041666666666668,17872.285142463523,1861.6963690066168,9.6,4.044196266002507,21.237579788670246,6.2,7,4.167635185714814,0.6458333333333334,21.237579788670246,100.0,1.4,0.27999999999999997,1.8002245699986812,0.0,5,0.0,0.0,0.0,0.0,0.0,0.0,100.0,1.0,0.0,0.0,0.0,0.0,6.187898943351229,0.4,9.001122849993406
120,actuated,3,2,675.6851543726365,140.76774049429926,2031.520048218287,406.3040096436574,78.8,7.88,17440.278161385395,1744.0278161385397,10.0,2.764966947122909,24.411060211443782,4.0,8,2.5102896215091843,0.4,24.411060211443782,80.0,1.6,0.32,1.532161073849269,0.0,5,0.0,0.0,0.0,42.05530105721891,0.6,7.660805369246345,80.0,1.0,0.0,0.0,0.0,0.0,0.0,0.0,0.0
121,actuated,3,3,298.08498640276287,74.52124660069072,767899.4622587718,153579.89245175436,68.0,7.23404255319149,17258.176474952797,1835.9762207396593,9.4,3.235625975238762,29.04897044643485,4.2,9,2.9145777298900053,0.44680851063829785,29.04897044643485,100.0,1.7999999999999998,0.36,2.230524061458358,0.0,5,10.616751081456641,0.2,9.419077383726302,100.0,1.0,0.0,34.62810115071761,0.6,1.7335429235654878,0.0,0.0,0.0,0.0,0.0,0.0
122,actuated,3,3,301.8364127537583,75.45910318843957,1000301.8364127537,200060.36728255072,91.0,9.680851063829786,18170.2955115069,1933.0101607986066,9.4,2.6223908796217303,22.047348419166156,5.4,6,2.8562643272692783,0.574468085106383,22.047348419166156,100.0,1.2,0.24,1.95374659366925,0.0,5,0.0,0.0,0.0,100.0,1.0,0.0,0.0,0.0,0.0,10.236742095830778,0.2,9.76873296834625,0.0,0.0,0.0
123,actuated,3,3,485.885642156106,110.42855503547862,400777.3899231218,80155.47798462436,116.0,11.83673469387755,17355.725679505435,1770.9924162760647,9.8,1.9279970638528934,22.186452380573883,5.2,6,1.364517940613092,0.5306122448979592,22.186452380573883,100.0,1.2,0.24,1.829447572487315,0.0,5,0.0,0.0,0.0,100.0,1.0,0.0,0.0,0.0,0.0,0.0,0.0,0.0,10.932261902869413,0.2,9.147237862436574
124,actuated,3,3,169.30401018458898,42.326002546147244,555417.040265453,111083.4080530906,144.0,14.4,19630.854544967973,1963.0854544967972,10.0,3.1522803325701303,22.083599213991874,6.0,6,2.3819564206020254,0.6,22.083599213991874,100.0,1.2,0.24,1.8893734419904653,0.0,5,10.417996069959372,0.2,9.446867209952327,100.0,1.0,0.0,0.0,0.0,0.0,0.0,0.0,0.0,0.0,0.0,0.0
125,actuated,3,3,127.51308236191196,37.503847753503514,1002192.0357737492,200438.40715474985,174.6,17.46,17603.11232853331,1760.3112328533307,10.0,3.547159924084708,24.314418170178214,6.4,8,3.585973084688159,0.64,24.314418170178214,100.0,1.5999999999999999,0.31999999999999995,3.7085529002175504,0.0,5,0.0,0.2,0.0,100.0,1.0,0.0,10.743579530301304,0.2,9.307884743437599,10.828511320589769,0.2,9.234879757650155,0.0,0.0,0.0
126,actuated,0,3,593.0813173382228,185.3379116681946,1035673.1707087231,207134.63414174464,66.0,7.0212765957446805,14118.350356443581,1501.9521655791043,9.4,1.0471825206145813,12.0,4.4,4,1.8449806146453838,0.46808510638297873,12.0,60.0,0.8,0.16,0.0,0.0,5,0.0,0.0,0.0,60.0,0.8,0.0,0.0,0.0,0.0,0.0,0.0,0.0,0.0,0.0,0.0
127,actuated,0,0,260.30699587358265,76.56088113928902,1344085.5491550895,268817.1098310179,65.0,7.738095238095238,15509.893666956408,1846.4159127329058,8.4,3.111751511993323,3.999337954445309,4.2,2,4.835575489356645,0.5,3.999337954445309,19.996689772226546,0.4,0.08,0.43831415219676373,0.0,5,0.0,0.0,0.0,19.996689772226546,0.4,2.1915707609838186,0.0,0.0,0.0,0.0,0.0,0.0,0.0,0.0,0.0
128,actuated,0,0,228.6964455486815,49.716618597539465,400228.6964455486,80045.73928910973,85.0,10.625,15566.699243597464,1945.837405449683,8.0,4.64413606567601,0.0,4.2,0,4.930906551974819,0.525,0.0,0.0,0.0,0.0,0.0,0.0,5,0.0,0.0,0.0,0.0,0.0,0.0,0.0,0.0,0.0,0.0,0.0,0.0,0.0,0.0,0.0
129,actuated,0,0,137.68564673770078,29.93166233428278,200680.2891421665,40136.0578284333,105.0,12.804878048780488,15496.834816615941,1889.8579044653586,8.2,5.252310253493801,9.676779213894406,4.2,5,4.589424740741589,0.5121951219512195,9.676779213894406,41.70906137794418,1.0,0.2,3.3353106976568143,0.0,5,0.0,0.0,0.0,6.674834691527849,0.4,8.982384069357067,0.0,0.0,0.0,0.0,0.0,0.0,41.70906137794418,0.6,7.694169418927004
130,actuated,0,0,189.87294879239613,52.74248577566559,687169.8205736876,137433.96411473752,128.2,14.568181818181818,15195.264348012231,1726.73458500139,8.8,2.7307370645034332,20.6778409437552,5.6,7,3.6258589580586364,0.6363636363636364,20.6778409437552,100.0,1.4,0.27999999999999997,1.740995168015361,0.0,5,0.0,0.0,0.0,0.0,0.0,0.0,3.389204718776,0.4,8.704975840076806,0.0,0.0,0.0,100.0,1.0,0.0
131,actuated,0,0,356.33888930567093,89.08472232641773,374798.5957293395,74959.7191458679,157.6,14.327272727272728,19015.81794182423,1728.710721984021,11.0,2.070766829080537,22.35789188175704,6.6,6,1.8763313356423208,0.6,22.35789188175704,100.0,1.2,0.24,1.696430625571899,0.0,5,0.0,0.0,0.0,0.0,0.0,0.0,0.0,0.0,0.0,11.789459408785206,0.2,8.482153127859496,100.0,1.0,0.0
132,actuated,0,0,163.46844043808633,40.86711010952158,1000163.468440438,200032.6936880876,192.0,17.454545454545453,21082.36515308438,1916.5786502803983,11.0,3.3441524158349396,21.258446452487988,7.0,6,3.0878578748069687,0.6363636363636364,21.258446452487988,100.0,1.2,0.24,1.8316237084753815,0.0,5,6.2922322624399385,0.2,9.158118542376908,0.0,0.0,0.0,0.0,0.0,0.0,0.0,0.0,0.0,100.0,1.0,0.0
133,actuated,0,0,168.01328393995112,42.00332098498778,1000168.0132839398,200033.60265678796,227.0,22.254901960784313,17478.321957724875,1713.560976247537,10.2,4.93120109806623,22.832798446603647,7.0,9,4.930463687768418,0.6862745098039216,22.832798446603647,100.0,1.8,0.36,3.133862377684262,0.0,5,0.0,0.2,0.0,10.826145101250404,0.4,8.590322107169778,0.0,0.0,0.0,3.3378471317678304,0.2,7.078989781251532,100.0,1.0,0.0
134,actuated,2,0,563.0685598496534,175.9589249530167,1368820.4309752085,273764.0861950417,84.8,8.48,16521.510111048665,1652.1510111048667,10.0,1.5898991528119837,24.0,4.0,8,3.6733273735789087,0.4,24.0,60.0,1.6,0.32,0.0,0.0,5,0.0,0.0,0.0,0.0,0.0,0.0,0.0,0.0,0.0,60.0,0.8,0.0,60.0,0.8,0.0
135,actuated,2,2,361.80164059723586,86.14324776124663,800361.8016405972,160072.36032811942,78.0,8.125,18503.857500875536,1927.485156341202,9.6,2.4187871196721336,5.676696711582736,3.4,3,2.7545851580701814,0.3541666666666667,5.676696711582736,28.383483557913678,0.6,0.12,0.37001178154888054,0.0,5,0.0,0.0,0.0,0.0,0.0,0.0,0.0,0.0,0.0,0.0,0.0,0.0,28.383483557913678,0.6,1.8500589077444027
136,actuated,2,2,247.37830546107745,51.5371469710578,200247.3783054611,40049.47566109222,93.0,11.341463414634147,16650.869725480155,2030.5938689609945,8.2,3.745670064865363,0.0,3.2,0,3.240402519285546,0.3902439024390244,0.0,0.0,0.0,0.0,0.0,0.0,5,0.0,0.0,0.0,0.0,0.0,0.0,0.0,0.0,0.0,0.0,0.0,0.0,0.0,0.0,0.0
137,actuated,2,2,249.98304282901375,49.99660856580275,249.98304282901375,49.99660856580275,108.0,13.846153846153847,15603.859367514286,2000.4947907069597,7.8,4.634941134889061,1.9460486513021351,3.0,4,3.262255752370473,0.38461538461538464,1.9460486513021351,4.9857935733507475,0.8,0.16,3.4346245774813,0.0,5,4.744449683159928,0.4,8.594216446205973,0.0,0.0,0.0,0.0,0.0,0.0,0.0,0.0,0.0,4.9857935733507475,0.4,8.578906441200525
138,actuated,2,2,160.73700561242913,47.27558988600857,254622.80423020106,50924.560846040215,126.8,18.114285714285714,11105.306533633488,1586.4723619476413,7.0,4.678926724691533,11.311808553897208,4.6,5,5.146839668965293,0.6571428571428571,11.311808553897208,54.960887117172206,1.0,0.2,2.669014947917912,0.0,5,0.0,0.0,0.0,1.5981556523138352,0.4,8.807803883124144,54.960887117172206,0.6,4.537270856465416,0.0,0.0,0.0,0.0,0.0,0.0
139,actuated,0,2,357.70252286489335,99.36181190691482,1088437.830767558,217687.56615351158,124.6,16.394736842105264,12630.633764712144,1661.925495356861,7.6,4.120239807031073,22.20502165807011,4.6,6,5.389810613994897,0.6052631578947368,22.20502165807011,100.0,1.2,0.24,1.8140411389432345,0.0,5,0.0,0.0,0.0,0.0,0.0,0.0,100.0,1.0,0.0,11.025108290350545,0.2,9.070205694716172,0.0,0.0,0.0
140,actuated,0,0,412.79465104619675,89.73796761873842,400412.7946510462,80082.55893020924,147.0,16.333333333333332,15894.64270153311,1766.0714112814567,9.0,3.7386656676106402,20.0,5.4,5,5.123939613825967,0.6,20.0,100.0,1.0,0.2,0.0,0.0,5,0.0,0.0,0.0,0.0,0.0,0.0,100.0,1.0,0.0,0.0,0.0,0.0,0.0,0.0,0.0
141,actuated,0,0,206.46681039019867,43.01391883129139,200206.4668103902,40041.29336207804,172.0,18.29787234042553,18232.34878716397,1939.61157310255,9.4,3.817269380720518,20.0,5.2,5,3.8838459369043976,0.5531914893617021,20.0,100.0,1.0,0.2,0.0,0.0,5,0.0,0.0,0.0,0.0,0.0,0.0,100.0,1.0,0.0,0.0,0.0,0.0,0.0,0.0,0.0
142,actuated,0,0,289.99429829417693,57.998859658835386,289.99429829417693,57.998859658835386,197.0,19.7,17709.61797368251,1770.9617973682512,10.0,3.2493887668740085,22.265975332436028,5.0,9,1.989698813469986,0.5,22.265975332436028,100.0,1.7999999999999998,0.36,3.549123355168849,0.0,5,0.0,0.0,0.0,0.0,0.0,0.0,100.0,1.0,0.0,2.6056023725982413,0.4,8.450852901674807,8.7242742895819,0.4,9.294763874169437
143,actuated,0,0,27.054250608640235,13.527125304320117,1322420.7496436466,264484.14992872934,228.2,23.770833333333332,15836.591441008582,1649.6449417717274,9.6,3.2355579631621283,20.507186504831225,7.4,7,4.478991192767612,0.7708333333333334,20.507186504831225,100.0,1.4,0.27999999999999997,1.7351973811723291,0.0,5,0.0,0.0,0.0,2.5359325241561237,0.4,8.675986905861645,100.0,1.0,0.0,0.0,0.0,0.0,0.0,0.0,0.0
144,actuated,0,0,228.4159797994318,103.82544536337808,3090679.5083020916,618135.9016604184,268.0,26.274509803921568,17165.092307067924,1682.8521869674435,10.2,2.8764870840811017,21.80585291258876,8.4,7,4.627389126825268,0.8235294117647058,21.80585291258876,100.0,1.4,0.27999999999999997,1.7792046649008988,0.0,5,9.029264562943808,0.4,8.896023324504494,0.0,0.0,0.0,100.0,1.0,0.0,0.0,0.0,0.0,0.0,0.0,0.0
145,actuated,0,0,312.2552267451809,82.17242809083709,1200312.255226745,240062.451045349,308.0,28.0,18776.010019403988,1706.910001763999,11.0,3.624312898175169,20.0,8.2,5,5.238890821221455,0.7454545454545455,20.0,100.0,1.0,0.2,0.0,0.0,5,0.0,0.0,0.0,0.0,0.0,0.0,100.0,1.0,0.0,0.0,0.0,0.0,0.0,0.0,0.0
146,actuated,0,0,129.4580228258954,32.36450570647385,1000129.4580228258,200025.89160456514,348.0,31.636363636363637,19898.244167667857,1808.9312879698052,11.0,4.659198945475122,20.0,8.0,5,5.007180154338775,0.7272727272727273,20.0,100.0,1.0,0.2,0.0,0.0,5,0.0,0.0,0.0,0.0,0.0,0.0,100.0,1.0,0.0,0.0,0.0,0.0,0.0,0.0,0.0
147,actuated,0,0,387.4124059229974,88.04827407340849,402751.78013861843,80550.35602772368,388.2,32.35,20362.496145091696,1696.8746787576413,12.0,4.8711349027502,30.354430320457595,8.6,11,5.135048004853927,0.7166666666666667,30.354430320457595,100.0,2.2,0.44000000000000006,4.608711577458775,0.0,5,0.0,0.0,0.0,4.4051000789409045,0.4,8.952698620315642,100.0,1.0,0.0,44.44909616128825,0.6,6.92271352651115,2.9179553620588194,0.2,7.1681457404670805
148,actuated,0,0,412.8377774897219,129.0118054655381,681301.6483123694,136260.32966247387,433.2,32.81818181818182,21413.83985477846,1622.2605950589743,13.2,1.3851245980325897,60.0,10.0,15,2.746088918100101,0.7575757575757576,60.0,100.0,3.0,0.6,0.0,0.0,5,0.0,0.0,0.0,0.0,0.0,0.0,100.0,1.0,0.0,100.0,1.0,0.0,100.0,1.0,0.0
149,actuated,0,0,535.1435735558166,127.4151365609087,867903.6508715613,173580.73017431225,483.0,33.541666666666664,24859.11168954191,1726.3272006626328,14.4,2.105291416889385,60.0,10.2,15,2.1129851793123886,0.7083333333333334,60.0,100.0,3.0,0.6,0.0,0.0,5,0.0,0.0,0.0,0.0,0.0,0.0,100.0,1.0,0.0,100.0,1.0,0.0,100.0,1.0,0.0
150,actuated,0,0,302.93900667001566,75.73475166750391,383705.7971402888,76741.15942805776,535.0,35.666666666666664,26703.49041691863,1780.232694461242,15.0,3.355164603577541,61.867769779389164,10.8,17,3.5058206417666478,0.72,61.867769779389164,100.0,3.4,0.6799999999999999,1.7423628399334852,0.0,5,0.0,0.0,0.0,9.33884889694582,0.4,8.711814199667426,100.0,1.0,0.0,100.0,1.0,0.0,100.0,1.0,0.0
151,actuated,0,0,150.94189850003215,37.73547462500804,1000150.9418985,200030.1883797,590.0,43.38235294117647,22951.776249009203,1687.6306065447943,13.6,5.560586613225622,62.0746804871701,11.0,17,5.825347635044707,0.8088235294117647,62.0746804871701,100.0,3.4,0.6799999999999999,1.8655018129386012,0.0,5,10.373402435850494,0.4,9.327509064693006,0.0,0.0,0.0,100.0,1.0,0.0,100.0,1.0,0.0,100.0,1.0,0.0
152,actuated,0,0,639.5003202722187,168.28955796637334,631805.6621697464,126361.13243394927,647.2,39.95061728395062,25727.874503049934,1588.1404014228353,16.2,2.705291754311561,60.0,12.8,15,4.913982316813759,0.7901234567901234,60.0,100.0,3.0,0.6,0.0,0.0,5,0.0,0.0,0.0,0.0,0.0,0.0,100.0,1.0,0.0,100.0,1.0,0.0,100.0,1.0,0.0
153,actuated,0,0,313.27124066241674,78.31781016560419,1342396.1092517027,268479.22185034055,711.0,41.8235294117647,29196.96916747096,1717.4687745571155,17.0,1.4467411176701304,60.0,13.0,15,1.256234501075586,0.7647058823529411,60.0,100.0,3.0,0.6,0.0,0.0,5,0.0,0.0,0.0,0.0,0.0,0.0,100.0,1.0,0.0,100.0,1.0,0.0,100.0,1.0,0.0
154,actuated,0,0,214.48305672215938,59.57862686726649,1003091.1569118276,200618.2313823655,776.4,45.67058823529412,27752.704613247664,1632.512036073392,17.0,2.7014795257669686,60.0,13.4,15,2.7324993071850776,0.788235294117647,60.0,100.0,3.0,0.6,0.0,0.0,5,0.0,0.0,0.0,0.0,0.0,0.0,100.0,1.0,0.0,100.0,1.0,0.0,100.0,1.0,0.0
155,actuated,0,0,319.7259015711833,114.18782198970833,2209381.379600955,441876.275920191,849.0,47.166666666666664,28981.015673333186,1610.056426296288,18.0,3.2481589525106336,62.14671583362815,15.2,19,3.959130161863337,0.8444444444444444,62.14671583362815,100.0,3.8,0.76,3.583160457406193,0.0,5,10.476795834608765,0.4,9.155535338073971,0.2567833335319847,0.4,8.760266948956994,100.0,1.0,0.0,100.0,1.0,0.0,100.0,1.0,0.0
156,actuated,0,0,587.4201379889108,293.7100689944554,1947593.7391527072,389518.74783054146,926.4,49.276595744680854,28553.50644646688,1518.8035343865363,18.8,0.3133185303522557,60.0,16.6,15,0.575585488307428,0.8829787234042553,60.0,100.0,3.0,0.6,0.0,0.0,5,0.0,0.0,0.0,0.0,0.0,0.0,100.0,1.0,0.0,100.0,1.0,0.0,100.0,1.0,0.0
157,actuated,3,0,838.2817283808305,209.57043209520762,1000838.2817283807,200167.65634567614,461.4,25.07608695652174,31083.43215067614,1689.31696471066,18.4,0.6801171427624827,44.0,11.0,13,0.5507960671195002,0.5978260869565217,44.0,100.0,2.6,0.52,0.0,0.0,5,0.0,0.0,0.0,0.0,0.0,0.0,60.0,0.8,0.0,60.0,0.8,0.0,100.0,1.0,0.0
158,actuated,3,3,383.9298548968544,106.64718191579288,845530.4884643616,169106.09769287234,286.0,16.25,32894.616474945746,1869.0122997128265,17.6,1.5117430923051782,29.898833050852318,7.6,11,1.327780328747567,0.4318181818181818,29.898833050852318,100.0,2.2,0.44000000000000006,0.687095127664722,0.0,5,0.0,0.0,0.0,0.0,0.0,0.0,28.762989736001146,0.6,1.7344279996096836,20.731175518260443,0.6,1.7010476387139268,100.0,1.0,0.0
159,actuated,3,3,337.3499391555491,67.46998783110982,337.3499391555491,67.46998783110982,321.0,20.844155844155843,29353.15406938167,1906.0489655442645,15.4,2.980183495450406,29.568664468298266,7.0,13,1.9011203720286844,0.45454545454545453,29.568664468298266,100.0,2.6,0.52,3.586836601598351,0.0,5,0.0,0.0,0.0,8.352447863244379,0.2,8.716627355013042,28.615496770842128,0.6,4.368567750095963,10.875377707404823,0.8,4.84898790288275,100.0,1.0,0.0
160,actuated,3,3,188.63260315410926,42.871046171388464,222481.1970630317,44496.23941260634,357.4,29.295081967213115,19835.626513031868,1625.8710256583497,12.2,4.210551489091413,20.0,7.8,7,4.522809306286545,0.639344262295082,20.0,100.0,1.4,0.27999999999999997,0.0,0.0,5,0.0,0.0,0.0,0.0,0.2,0.0,0.0,0.2,0.0,0.0,0.0,0.0,100.0,1.0,0.0
161,actuated,3,3,327.503731900465,96.32462702954854,1044399.8195368666,208879.9639073733,403.0,30.53030303030303,20898.13499436927,1583.192045027975,13.2,2.6837176153351487,24.634758958300154,10.2,7,3.739799964045123,0.7727272727272727,24.634758958300154,100.0,1.4,0.27999999999999997,3.4584987743706734,0.0,5,11.091442444133008,0.2,9.015959872099103,0.0,0.0,0.0,12.08235234736776,0.2,8.276533999754264,0.0,0.0,0.0,100.0,1.0,0.0
162,actuated,3,3,370.18191636272536,154.24246515113558,1799834.725807412,359966.94516148244,457.0,32.642857142857146,22037.281973448265,1574.0915695320189,14.0,0.7682386268936287,20.0,11.6,5,1.144300264972941,0.8285714285714286,20.0,100.0,1.0,0.2,0.0,0.0,5,0.0,0.0,0.0,0.0,0.0,0.0,0.0,0.0,0.0,0.0,0.0,0.0,100.0,1.0,0.0
163,actuated,2,3,480.8782039019131,126.54689576366134,1000743.879121355,200148.775824271,189.8,13.557142857142857,25129.865359698764,1794.9903828356262,14.0,1.802410853112573,16.0,7.6,5,2.136918211756847,0.5428571428571428,16.0,80.0,1.0,0.2,0.0,0.0,5,0.0,0.0,0.0,0.0,0.0,0.0,0.0,0.0,0.0,0.0,0.0,0.0,80.0,1.0,0.0
164,actuated,2,2,295.30444723416633,70.31058267480151,601041.219686603,120208.24393732061,93.2,7.28125,24217.815409511866,1892.0168288681145,12.8,3.1344605268019334,17.625039816338813,4.4,8,3.011403103909887,0.34375,17.625039816338813,48.225280292283514,1.6,0.32,3.318782007783509,0.0,5,0.0,0.0,0.0,48.225280292283514,0.6,5.614175028260829,0.0,0.0,0.0,2.8721780800333363,0.4,8.943788912985474,37.02774070937721,0.6,2.0359460976712414
165,actuated,2,2,150.34334457144192,37.58583614286048,776665.7316809768,155333.14633619535,117.0,11.037735849056604,20664.240057724142,1949.4566092192586,10.6,5.1223690495741945,26.69711787502547,5.2,8,4.951950369445949,0.49056603773584906,26.69711787502547,100.0,1.6,0.32,0.8333729155809444,0.0,5,0.0,0.0,0.0,100.0,1.0,0.0,0.0,0.0,0.0,0.0,0.0,0.0,33.48558937512735,0.6,4.166864577904722
166,actuated,2,2,622.9139234402661,135.41607031310133,201107.41134423664,40221.48226884733,144.8,12.271186440677965,19736.30530136478,1672.5682458783713,11.8,2.926184991266033,34.69834158847061,6.6,12,3.6897985224185432,0.559322033898305,34.69834158847061,100.0,2.4,0.48,3.013102577167055,0.0,5,8.628920555554487,0.4,9.113751090504227,100.0,1.0,0.0,0.0,0.0,0.0,0.0,0.0,0.0,64.86278738679857,1.0,5.951761795331049
167,actuated,2,2,181.8616456707073,47.85832780808087,257973.3164459106,51594.66328918212,183.0,16.636363636363637,17955.840995816143,1632.349181437831,11.0,4.081191337680773,49.62304048765236,8.0,13,5.103580819981523,0.7272727272727273,49.62304048765236,100.0,2.6,0.52,1.1693649663085028,0.0,5,0.0,0.0,0.0,100.0,1.0,0.0,48.115202438261804,0.6,5.846824831542515,0.0,0.0,0.0,100.0,1.0,0.0
168,actuated,0,2,58.48785405833665,19.495951352778885,1369937.432311757,273987.4864623514,119.8,11.745098039215685,17909.316877502722,1755.8153801473256,10.2,4.669398557310073,56.0,6.6,15,5.265808578539932,0.6470588235294118,56.0,100.0,3.0,0.6,0.0,0.0,5,0.0,0.0,0.0,80.0,1.0,0.0,100.0,1.0,0.0,0.0,0.0,0.0,100.0,1.0,0.0
169,actuated,0,0,279.5727524214934,82.22728012396865,1291503.9804082743,258300.79608165487,135.2,13.795918367346939,15370.243369436526,1568.3921805547475,9.8,4.521201748624996,46.9742911954454,6.4,14,5.360202132330206,0.6530612244897959,46.9742911954454,100.0,2.8,0.5599999999999999,2.1792571216272494,0.0,5,0.0,0.0,0.0,23.901195742125765,0.6,1.7807315686766678,100.0,1.0,0.0,10.97026023510125,0.2,9.11555403945958,100.0,1.0,0.0
170,actuated,0,0,206.34503590238336,68.78167863412779,1412276.7509877481,282455.3501975496,169.0,17.97872340425532,15777.213906242603,1678.4270113024045,9.4,3.9224692063029125,40.0,7.6,10,5.72100089479584,0.8085106382978723,40.0,100.0,2.0,0.4,0.0,0.0,5,0.0,0.0,0.0,0.0,0.0,0.0,100.0,1.0,0.0,0.0,0.0,0.0,100.0,1.0,0.0
171,actuated,0,0,256.90181026357425,64.22545256589356,1000256.9018102636,200051.38036205273,204.0,18.545454545454547,19829.69791427051,1802.6998103882281,11.0,1.3903926617087916,40.0,7.0,10,0.9094544675995323,0.6363636363636364,40.0,100.0,2.0,0.4,0.0,0.0,5,0.0,0.0,0.0,0.0,0.0,0.0,100.0,1.0,0.0,0.0,0.0,0.0,100.0,1.0,0.0
172,actuated,0,0,389.5382373943689,97.38455934859222,214615.43723041005,42923.08744608201,240.2,20.016666666666666,20976.548254829722,1748.0456879024766,12.0,2.611797010836037,40.0,7.8,10,2.150453150177657,0.65,40.0,100.0,2.0,0.4,0.0,0.0,5,0.0,0.0,0.0,0.0,0.0,0.0,100.0,1.0,0.0,0.0,0.0,0.0,100.0,1.0,0.0
173,actuated,0,0,150.58841857395603,37.64710464348901,1000150.5884185741,200030.1176837148,280.0,23.333333333333332,22108.715080643015,1842.3929233869178,12.0,3.9887637081936655,44.390325789485814,8.0,14,3.3359752787775383,0.6666666666666666,44.390325789485814,100.0,2.8,0.5599999999999999,5.363285818994169,0.0,5,10.981063174783685,0.2,9.106586348545425,8.436622218378034,0.2,8.733265302050858,100.0,1.0,0.0,2.5339435542673527,0.4,8.976577444374561,100.0,1.0,0.0
174,actuated,0,0,462.5974747168325,128.49929853245348,616607.5797616207,123321.51595232415,322.0,26.39344262295082,20202.106790838905,1655.9103926917137,12.2,3.9992844406700105,40.0,9.4,11,5.506404195557405,0.7704918032786885,40.0,100.0,2.2,0.44000000000000006,0.0,0.0,5,0.0,0.0,0.0,0.0,0.2,0.0,100.0,1.0,0.0,0.0,0.0,0.0,100.0,1.0,0.0
175,actuated,0,0,375.8197315412029,93.95493288530072,225634.2614159224,45126.85228318448,368.2,27.893939393939394,21600.13514090761,1636.3738743111826,13.2,3.115638343091393,40.0,9.8,10,4.8148088749409474,0.7424242424242424,40.0,100.0,2.0,0.4,0.0,0.0,5,0.0,0.0,0.0,0.0,0.0,0.0,100.0,1.0,0.0,0.0,0.0,0.0,100.0,1.0,0.0
176,actuated,0,0,234.33423691580143,58.58355922895036,1309194.1082092423,261838.82164184848,418.0,29.857142857142858,24566.074694773335,1754.7196210552381,14.0,2.0510095763587035,40.0,10.0,10,2.027103359737364,0.7142857142857143,40.0,100.0,2.0,0.4,0.0,0.0,5,0.0,0.0,0.0,0.0,0.0,0.0,100.0,1.0,0.0,0.0,0.0,0.0,100.0,1.0,0.0
177,actuated,0,0,432.8416522592544,108.2104130648136,402686.27014930313,80537.25402986063,471.0,28.373493975903614,28819.312300418816,1736.1031506276397,16.6,3.2708089727360643,43.16819174458624,11.6,13,3.6552964537953754,0.6987951807228916,43.16819174458624,100.0,2.5999999999999996,0.5199999999999999,2.8461987895246605,0.0,5,0.0,0.0,0.0,5.487761078368294,0.4,8.729566152393817,100.0,1.0,0.0,10.353197644562897,0.2,5.501427795229485,100.0,1.0,0.0
178,actuated,0,0,455.85521607561606,94.96983668242001,200455.85521607552,40091.1710432151,528.0,31.058823529411764,29517.193396699557,1736.3054939235033,17.0,2.12193950251115,60.0,12.0,15,2.5246664951331996,0.7058823529411765,60.0,100.0,3.0,0.6,0.0,0.0,5,0.0,0.0,0.0,0.0,0.0,0.0,100.0,1.0,0.0,100.0,1.0,0.0,100.0,1.0,0.0
179,actuated,0,0,268.3982119710886,55.91629416064346,2479.152736267087,495.8305472534174,588.2,35.86585365853659,28030.36721004417,1709.1687323197666,16.4,3.9198697884449376,62.222115548642705,12.2,16,4.362608435485284,0.7439024390243902,62.222115548642705,100.0,3.2,0.64,1.8000864097473457,0.0,5,11.110577743213526,0.2,9.000432048736728,0.0,0.0,0.0,100.0,1.0,0.0,100.0,1.0,0.0,100.0,1.0,0.0
180,actuated,0,0,47.46669521659636,21.575770552998343,2736012.9846601123,547202.5969320225,656.0,41.0,24595.350134371365,1537.2093833982103,16.0,4.184350824160182,60.0,14.6,15,5.5428890823925,0.9125,60.0,100.0,3.0,0.6,0.0,0.0,5,0.0,0.0,0.0,0.0,0.0,0.0,100.0,1.0,0.0,100.0,1.0,0.0,100.0,1.0,0.0
181,actuated,0,0,145.1259774651282,65.96635339324008,3455767.8754866766,691153.5750973353,731.0,45.6875,25244.672790780318,1577.7920494237699,16.0,4.980427347155079,62.21049597210731,15.2,16,6.249344582529479,0.95,62.21049597210731,100.0,3.2,0.64,1.809548649024101,0.0,5,0.0,0.0,0.0,11.05247986053655,0.2,9.047743245120506,100.0,1.0,0.0,100.0,1.0,0.0,100.0,1.0,0.0
182,actuated,0,0,248.46707652499754,88.73824161607055,2200248.467076525,440049.693415305,806.0,49.146341463414636,25724.313988620408,1568.5557310134395,16.4,4.570362706761808,60.0,15.2,15,6.397038708692589,0.926829268292683,60.0,100.0,3.0,0.6,0.0,0.0,5,0.0,0.0,0.0,0.0,0.0,0.0,100.0,1.0,0.0,100.0,1.0,0.0,100.0,1.0,0.0
183,actuated,0,0,181.44200719679506,64.80071685599825,2200181.4420071966,440036.2884014393,881.0,49.49438202247191,28846.915143887833,1620.613210330777,17.8,1.837935819730907,60.0,15.4,15,3.665347356881848,0.8651685393258427,60.0,100.0,3.0,0.6,0.0,0.0,5,0.0,0.0,0.0,0.0,0.0,0.0,100.0,1.0,0.0,100.0,1.0,0.0,100.0,1.0,0.0
184,actuated,0,0,812.4144028460983,203.10360071152456,657651.812958373,131530.3625916746,956.6,48.80612244897959,31941.04304598948,1629.6450533668103,19.6,1.91060495997023,60.0,15.6,15,2.166877839337013,0.7959183673469388,60.0,100.0,3.0,0.6,0.0,0.0,5,0.0,0.0,0.0,0.0,0.0,0.0,100.0,1.0,0.0,100.0,1.0,0.0,100.0,1.0,0.0
185,actuated,0,0,652.2574730784243,141.7951028431357,592177.4430430431,118435.48860860863,1036.0,49.80769230769231,36335.47071457148,1746.8976305082442,20.8,3.2006321567531297,61.11246969060085,16.2,17,3.4851957204629835,0.7788461538461539,61.11246969060085,100.0,3.4,0.6799999999999999,1.8073609498143195,0.0,5,0.0,0.0,0.0,5.562348453004233,0.4,9.036804749071598,100.0,1.0,0.0,100.0,1.0,0.0,100.0,1.0,0.0
186,actuated,3,0,416.76450031572267,99.22964293231492,19252.412328878338,3850.4824657756676,629.0,31.45,32626.01924907313,1631.3009624536564,20.0,2.365548541524953,46.15507382787018,11.2,14,2.891763675811901,0.56,46.15507382787018,100.0,2.8,0.5599999999999999,1.8560849045033048,0.0,5,10.775369139350914,0.2,9.280424522516524,0.0,0.0,0.0,60.0,0.8,0.0,60.0,0.8,0.0,100.0,1.0,0.0
187,actuated,3,3,137.9636841682179,45.9878947227393,886312.8272167358,177262.56544334715,498.0,27.36263736263736,32462.340090707596,1783.6450599289888,18.2,1.4885439749835032,34.74239695925007,9.4,12,1.4657884261277099,0.5164835164835165,34.74239695925007,100.0,2.4,0.48,1.0282678939722156,0.0,5,0.0,0.0,0.0,0.0,0.0,0.0,39.76645276738964,0.8,2.868463399483087,33.945532028860725,0.6,2.272876070377992,100.0,1.0,0.0
188,actuated,3,3,371.72644732632966,97.82274929640255,1000575.9342772225,200115.1868554445,543.0,33.9375,29281.93160633354,1830.1207253958462,16.0,2.4217071971764472,31.29760338449796,9.0,13,2.0193368953595425,0.5625,31.29760338449796,100.0,2.6,0.52,1.8148897352584001,0.0,5,0.0,0.0,0.0,0.0,0.0,0.0,23.205813187014428,0.8,4.556807689287395,33.28220373547538,0.8,4.517640987004604,100.0,1.0,0.0
189,actuated,3,3,390.26982435330865,84.84126616376275,400390.26982435316,80078.05396487063,588.0,44.54545454545455,22187.735283355512,1680.8890366178418,13.2,4.2834222869290315,22.09363283103903,9.2,7,4.660016852968849,0.696969696969697,22.09363283103903,100.0,1.4,0.27999999999999997,1.8226803638972346,0.0,5,0.0,0.0,0.0,10.468164155195154,0.4,9.113401819486173,0.0,0.0,0.0,0.0,0.0,0.0,100.0,1.0,0.0
190,actuated,3,3,398.3286680227353,124.47770875710478,1552111.5309804606,310422.3061960921,636.2,45.44285714285714,23211.823908842933,1657.9874220602094,14.0,2.6313469504062583,20.286547006106048,10.8,7,3.8206031559912486,0.7714285714285715,20.286547006106048,100.0,1.4,0.27999999999999997,1.7457576312683518,0.0,5,0.0,0.0,0.0,0.0,0.0,0.0,1.4327350305302389,0.4,8.728788156341759,0.0,0.0,0.0,100.0,1.0,0.0
191,actuated,3,3,366.73929055960264,101.87202515544517,1001760.5843312796,200352.11686625594,691.6,46.10666666666667,24485.46817093653,1632.364544729102,15.0,1.8400316939971528,20.0,11.4,5,1.862458610225643,0.76,20.0,100.0,1.0,0.2,0.0,0.0,5,0.0,0.0,0.0,0.0,0.0,0.0,0.0,0.0,0.0,0.0,0.0,0.0,100.0,1.0,0.0
192,actuated,3,3,275.64567743504205,91.88189247834735,1162273.4598968609,232454.69197937218,751.0,48.76623376623377,25122.435754463542,1631.3269970430872,15.4,2.1042912901018056,20.57632560130969,12.2,7,2.456512443905011,0.7922077922077922,20.57632560130969,100.0,1.4,0.27999999999999997,1.78785649266094,0.0,5,2.8816280065484534,0.4,8.9392824633047,0.0,0.0,0.0,0.0,0.0,0.0,0.0,0.0,0.0,100.0,1.0,0.0
193,actuated,2,3,513.0130377434057,135.00343098510677,1200513.0130377435,240102.6026075487,408.8,28.38888888888889,24926.564856032895,1731.0114483356178,14.4,2.17548847208976,16.949341553513477,8.6,8,3.0650522764665453,0.5972222222222222,16.949341553513477,80.0,1.6,0.32,3.3284845617866594,0.0,5,0.0,0.0,0.0,1.084047475847001,0.2,7.639629581610898,0.0,0.0,0.0,3.6626602917203854,0.4,9.0027932273224,80.0,1.0,0.0
194,actuated,2,2,149.03258385763863,46.572682455512066,1452723.61088325,290544.72217664996,121.0,9.918032786885245,21150.285944767063,1733.62999547271,12.2,3.0954624084617426,23.81317563266566,4.8,7,4.804811438346049,0.39344262295081966,23.81317563266566,100.0,1.4,0.27999999999999997,0.4712049933554635,0.0,5,0.0,0.0,0.0,100.0,1.0,0.0,0.0,0.0,0.0,0.0,0.0,0.0,19.065878163328307,0.4,2.3560249667773174
195,actuated,2,2,174.3826188025713,58.1275396008571,2000174.3826188024,400034.8765237605,99.0,8.25,23643.80089364717,1970.3167411372642,12.0,1.9287953145557817,26.844311242118238,4.6,8,2.054101023985223,0.38333333333333336,26.844311242118238,100.0,1.6,0.32,0.8301384660215387,0.0,5,0.0,0.0,0.0,100.0,1.0,0.0,0.0,0.0,0.0,0.0,0.0,0.0,34.22155621059119,0.6,4.1506923301076935
196,actuated,2,2,417.6132696999389,83.52265393998778,417.6132696999389,83.52265393998778,119.2,9.933333333333334,22731.83835697837,1894.3198630815307,12.0,3.676954643469642,25.176569457697042,4.2,10,2.8082514936079117,0.35,25.176569457697042,100.0,2.0,0.4,2.8585724755323625,0.0,5,0.0,0.0,0.0,100.0,1.0,0.0,0.0,0.0,0.0,10.864560653926674,0.2,9.204237813689959,15.018286634558535,0.8,5.088624563971853
197,actuated,2,2,485.56756019633974,115.61132385627137,3326.9852714760955,665.397054295219,147.4,11.887096774193548,19893.661924554897,1604.3275745608787,12.4,2.768034506997415,40.0,7.2,10,2.801841028547039,0.5806451612903226,40.0,100.0,2.0,0.4,0.0,0.0,5,0.0,0.0,0.0,100.0,1.0,0.0,0.0,0.0,0.0,0.0,0.0,0.0,100.0,1.0,0.0
198,actuated,0,2,371.12297125222653,88.36261220291108,339426.06458722625,67885.21291744526,46.8,4.0344827586206895,21163.79022388507,1824.4646744728507,11.6,3.9878671404875097,36.458414142994116,6.0,11,4.420137205837558,0.5172413793103449,36.458414142994116,100.0,2.2,0.44000000000000006,3.5948620038480947,0.0,5,10.685318214514155,0.2,9.35863565243825,60.0,0.8,0.0,11.606752500456423,0.2,8.615674366802223,0.0,0.0,0.0,100.0,1.0,0.0
199,actuated,0,0,266.6261966447452,53.325239328949046,266.6261966447452,53.325239328949046,56.0,5.6,18267.5145941566,1826.75145941566,10.0,3.929702160669649,26.451938598987,5.0,8,4.483350861082938,0.5,26.451938598987,100.0,1.6,0.32,0.37916819539055135,0.0,5,0.0,0.0,0.0,32.259692994934994,0.6,1.8958409769527569,0.0,0.0,0.0,0.0,0.0,0.0,100.0,1.0,0.0
200,actuated,0,0,159.5326656035159,34.6810142616339,1960.8440671583564,392.1688134316713,81.2,8.638297872340425,17010.53444106171,1809.6313235172033,9.4,4.960192863514339,20.0,5.4,5,4.7434447377823865,0.574468085106383,20.0,100.0,1.0,0.2,0.0,0.0,5,0.0,0.0,0.0,0.0,0.0,0.0,0.0,0.0,0.0,0.0,0.0,0.0,100.0,1.0,0.0
201,actuated,0,0,84.20547070786131,22.15933439680561,1058306.1442218865,211661.2288443773,110.0,11.956521739130435,16057.907515052668,1745.4247298970292,9.2,5.214955464039078,21.58388313971591,6.2,9,4.693026207804948,0.6739130434782609,21.58388313971591,100.0,1.8,0.36,3.49115049013868,0.0,5,0.033296902834081266,0.4,8.622163685411216,0.0,0.0,0.0,0.0,0.0,0.0,7.88611879574546,0.4,8.833588765282183,100.0,1.0,0.0
202,actuated,0,0,276.8488681851619,76.90246338476719,1013703.6272460532,202740.72544921064,143.0,14.3,17311.242160493442,1731.124216049344,10.0,4.295052174090589,20.0,7.2,5,5.037115316698481,0.72,20.0,100.0,1.0,0.2,0.0,0.0,5,0.0,0.0,0.0,0.0,0.0,0.0,0.0,0.0,0.0,0.0,0.0,0.0,100.0,1.0,0.0
203,actuated,0,0,519.3001278908492,108.18752664392693,200519.30012789092,40103.860025578186,178.2,15.101694915254237,20616.973838830385,1747.201172782236,11.8,4.889980799770779,22.254796515448106,7.6,6,4.986728066579096,0.6440677966101694,22.254796515448106,100.0,1.2,0.24,1.7739960003464266,0.0,5,0.0,0.0,0.0,11.273982577240531,0.2,8.869980001732133,0.0,0.0,0.0,0.0,0.0,0.0,100.0,1.0,0.0
204,actuated,2,0,197.458702026153,39.4917404052306,197.458702026153,39.4917404052306,61.0,5.865384615384615,21115.04851873936,2030.2931268018617,10.4,5.6547753502343285,14.253951719216275,3.2,5,4.774461590610633,0.3076923076923077,14.253951719216275,60.0,1.0,0.2,1.7746609059535874,0.0,5,0.0,0.0,0.0,0.0,0.0,0.0,11.269758596081374,0.2,8.873304529767937,0.0,0.0,0.0,60.0,0.8,0.0
205,actuated,2,2,259.02873739514746,56.310595085901625,4613.612308527033,922.7224617054065,9.6,1.2,14370.627849018623,1796.328481127328,8.0,6.140943204286743,8.815855531101988,1.4,5,4.8296635692020145,0.175,8.815855531101988,39.255548846922466,1.0,0.2,2.2135218058491715,0.0,5,0.0,0.0,0.0,0.0,0.0,0.0,0.0,0.0,0.0,4.823728808587475,0.4,8.976887116115542,39.255548846922466,0.6,2.0907219131303143
206,actuated,2,2,384.42142054921226,91.52890965457435,435706.3511716962,87141.27023433924,19.2,2.6666666666666665,13074.240347958907,1815.8667149942926,7.2,4.770069697667832,9.232734766333124,2.8,4,5.366361484197364,0.3888888888888889,9.232734766333124,34.710734536670316,0.8,0.16,2.5832860963445836,0.0,5,0.0,0.0,0.0,11.452939294995303,0.2,8.73138304711856,0.0,0.0,0.0,0.0,0.0,0.0,34.710734536670316,0.6,4.185047434604357
207,actuated,2,2,172.09551669101043,50.616328438532484,826918.7174727876,165383.7434945575,35.6,4.341463414634147,13707.433996178079,1671.6382922168389,8.2,1.491509538074457,0.0,4.4,1,1.2719909144468395,0.5365853658536586,0.0,0.0,0.2,0.04,0.0,0.0,5,0.0,0.0,0.0,0.0,0.0,0.0,0.0,0.0,0.0,0.0,0.0,0.0,0.0,0.2,0.0
208,actuated,2,2,407.3415109856606,84.86281478867929,200407.34151098566,40081.46830219713,60.0,6.0,19763.457306016837,1976.3457306016835,10.0,3.0666663714766145,0.0,5.2,0,2.3452692322341466,0.52,0.0,0.0,0.0,0.0,0.0,0.0,5,0.0,0.0,0.0,0.0,0.0,0.0,0.0,0.0,0.0,0.0,0.0,0.0,0.0,0.0,0.0
209,actuated,0,2,154.42155536181158,30.884311072362316,154.42155536181158,30.884311072362316,24.4,2.9047619047619047,16692.660807945722,1987.2215247554432,8.4,4.582409616725963,4.303777289460413,2.2,2,2.8526382620292132,0.2619047619047619,4.303777289460413,11.25216956897475,0.4,0.08,3.725477419086306,0.0,5,0.0,0.0,0.0,0.0,0.0,0.0,11.25216956897475,0.2,8.887174992076801,10.266716878327315,0.2,9.740212103354729,0.0,0.0,0.0
210,actuated,0,0,153.1013900555816,36.452711917995614,435486.8155026,87097.36310052,34.0,6.071428571428571,11071.417566090739,1977.038851087632,5.6,7.1640018836385915,5.510489519615476,2.8,2,5.505288262110461,0.5,5.510489519615476,16.990102307090638,0.4,0.08,2.787667508744846,0.0,5,10.562345290986741,0.2,9.467594293223295,0.0,0.0,0.0,0.0,0.0,0.0,0.0,0.0,0.0,16.990102307090638,0.2,4.470743250500937
211,actuated,0,0,61.65578127008754,22.01992188217412,1391233.7372946374,278246.74745892745,51.0,9.807692307692308,8782.346913918509,1688.9128680612519,5.2,5.990295985286611,22.037836921833332,4.0,6,6.490907519638645,0.7692307692307693,22.037836921833332,100.0,1.2,0.24,1.9628656037900303,0.0,5,0.0,0.0,0.0,10.18918460916666,0.2,9.814328018950151,0.0,0.0,0.0,0.0,0.0,0.0,100.0,1.0,0.0
212,actuated,0,0,352.85538726789093,98.01538535219193,2002552.6724348112,400510.53448696225,71.0,10.142857142857142,12416.802730830308,1773.8289615471867,7.0,4.3776117152771095,20.0,4.6,5,5.575135390025966,0.6571428571428571,20.0,100.0,1.0,0.2,0.0,0.0,5,0.0,0.0,0.0,0.0,0.0,0.0,0.0,0.0,0.0,0.0,0.0,0.0,100.0,1.0,0.0
213,actuated,0,0,277.1670136336776,57.7431278403495,200277.16701363362,40055.433402726725,91.0,10.581395348837209,16918.809077654623,1967.3033811226308,8.6,3.8659607415132227,20.0,4.2,5,3.88854104856292,0.4883720930232558,20.0,100.0,1.0,0.2,0.0,0.0,5,0.0,0.0,0.0,0.0,0.0,0.0,0.0,0.0,0.0,0.0,0.0,0.0,100.0,1.0,0.0
214,actuated,0,0,148.2250004369535,29.645000087390702,148.2250004369535,29.645000087390702,111.0,13.214285714285714,17666.054391328635,2103.101713253409,8.4,5.259686968594044,21.634631734955292,4.0,7,4.035085106211833,0.47619047619047616,21.634631734955292,100.0,1.4,0.27999999999999997,1.8758645805343988,0.0,5,8.17315867477646,0.4,9.379322902671994,0.0,0.0,0.0,0.0,0.0,0.0,0.0,0.0,0.0,100.0,1.0,0.0
215,actuated,2,0,320.21199031373743,64.04239806274748,320.21199031373743,64.04239806274748,16.0,2.2857142857142856,12283.742918365106,1754.8204169093008,7.0,6.442654302553205,15.267096058188145,1.0,7,4.472106785594325,0.14285714285714285,15.267096058188145,60.0,1.4000000000000001,0.28,3.615889211185228,0.0,5,0.0,0.0,0.0,10.819932477197653,0.2,9.242201853915807,0.0,0.0,0.0,5.515547813743069,0.4,8.837244202010332,60.0,0.8,0.0
216,actuated,2,2,192.83946469320995,41.92162275939347,5106.821533805812,1021.3643067611623,4.0,0.6666666666666666,11980.360489092694,1996.7267481821157,6.0,5.417803476569123,10.20970162834601,1.4,4,4.913723027563479,0.23333333333333334,10.20970162834601,39.471957689788724,0.8,0.16,2.1731702867808407,0.0,5,0.0,0.0,0.0,0.0,0.0,0.0,11.57655045194133,0.2,8.638151789269013,0.0,0.0,0.0,39.471957689788724,0.6,2.2276996446351904
217,actuated,2,2,189.50919015455733,45.121235751085074,67764.71308506296,13552.942617012592,11.0,2.037037037037037,10862.943173482241,2011.6561432374522,5.4,4.901520945610655,0.0,1.8,0,4.9368464311755,0.3333333333333333,0.0,0.0,0.0,0.0,0.0,0.0,5,0.0,0.0,0.0,0.0,0.0,0.0,0.0,0.0,0.0,0.0,0.0,0.0,0.0,0.0,0.0
218,actuated,2,2,125.48012948823987,33.02108670743154,1200125.4801294883,240025.09602589766,21.0,3.6206896551724137,11729.085836335122,2022.2561786784693,5.8,3.885536930387616,2.219953554495987,2.2,1,3.5468773559993094,0.3793103448275862,2.219953554495987,11.099767772479936,0.2,0.04,1.8018394988034558,0.0,5,0.0,0.0,0.0,0.0,0.0,0.0,0.0,0.0,0.0,11.099767772479936,0.2,9.009197494017279,0.0,0.0,0.0
219,actuated,2,2,613.0871838811843,180.3197599650542,1087499.5923076714,217499.91846153428,33.0,5.5,10483.262412907807,1747.2104021513012,6.0,2.7118427823993376,4.263018145196838,2.8,2,2.9889252852146275,0.4666666666666667,4.263018145196838,11.454349776126946,0.4,0.08,3.4921122218792378,0.0,5,0.0,0.0,0.0,11.454349776126946,0.2,8.730307870327053,0.0,0.0,0.0,0.0,0.0,0.0,9.860740949857245,0.2,8.730253239069134
220,actuated,0,2,504.6358304356195,114.68996146264078,403626.72157835757,80725.34431567151,7.4,1.1935483870967742,11640.502778896765,1877.5004482091556,6.2,3.4188153203446525,0.0,2.0,1,4.238902286369925,0.3225806451612903,0.0,0.0,0.2,0.04,0.0,0.0,5,0.0,0.0,0.0,0.0,0.0,0.0,0.0,0.0,0.0,0.0,0.0,0.0,0.0,0.2,0.0
221,actuated,0,0,204.36171428964252,48.65755102134346,521393.1953502302,104278.63907004605,16.0,2.6666666666666665,12192.905352390837,2032.1508920651395,6.0,3.5615832494049027,2.149154748656656,2.2,1,4.0531590548526015,0.36666666666666664,2.149154748656656,10.74577374328328,0.2,0.04,1.8611968274970554,0.0,5,10.74577374328328,0.2,9.305984137485277,0.0,0.0,0.0,0.0,0.0,0.0,0.0,0.0,0.0,0.0,0.0,0.0
222,actuated,0,0,151.33368973012466,30.266737946024932,151.33368973012466,30.266737946024932,26.0,4.333333333333333,12808.164098626115,2134.6940164376856,6.0,5.754622864261268,0.0,2.0,0,4.328736746370201,0.3333333333333333,0.0,0.0,0.0,0.0,0.0,0.0,5,0.0,0.0,0.0,0.0,0.0,0.0,0.0,0.0,0.0,0.0,0.0,0.0,0.0,0.0,0.0
223,actuated,0,0,223.35282168588645,44.67056433717729,223.35282168588645,44.67056433717729,36.2,5.484848484848484,13503.724732076556,2046.0188987994784,6.6,6.942262278248552,5.258417157181611,2.4,4,4.445403812119291,0.36363636363636365,5.258417157181611,11.399207304129959,0.8,0.16,5.346518313456502,0.0,5,0.0,0.0,0.0,10.953297491792,0.2,9.129670774936619,11.399207304129959,0.2,8.772539820709268,3.939580989986098,0.4,8.830380971636623,0.0,0.0,0.0
224,actuated,0,0,217.20436718390323,45.25090982997984,200217.20436718396,40043.44087343679,50.0,8.620689655172415,10329.13615042836,1780.8855431773036,5.8,7.4842507528641695,2.414954271440365,3.2,1,5.979993112392315,0.5517241379310345,2.414954271440365,12.074771357201826,0.2,0.04,1.6563460630723483,0.0,5,0.0,0.0,0.0,0.0,0.0,0.0,0.0,0.0,0.0,0.0,0.0,0.0,12.074771357201826,0.2,8.281730315361742
225,actuated,0,0,295.11826022109665,70.26625243359443,524556.823990183,104911.3647980366,67.0,11.166666666666666,10450.92383605786,1741.8206393429766,6.0,6.515184416242847,0.0,3.8,0,6.108694333627445,0.6333333333333333,0.0,0.0,0.0,0.0,0.0,0.0,5,0.0,0.0,0.0,0.0,0.0,0.0,0.0,0.0,0.0,0.0,0.0,0.0,0.0,0.0,0.0
226,actuated,0,0,358.1959414967838,77.86868293408344,400358.19594149676,80071.63918829935,87.0,10.875,14458.249217229375,1807.2811521536719,8.0,4.766787413577852,5.59647085567758,4.4,2,5.045707840351632,0.55,5.59647085567758,27.982354278387902,0.4,0.08,1.195972339925301,0.0,5,0.0,0.0,0.0,0.0,0.0,0.0,0.0,0.0,0.0,27.982354278387902,0.4,5.979861699626506,0.0,0.0,0.0
227,actuated,0,0,347.5609952178578,86.89024880446445,221242.3881923166,44248.47763846332,110.0,12.222222222222221,16695.21408547516,1855.0237872750179,9.0,3.8176750090521137,22.188401129526937,5.4,6,4.240361422305124,0.6,22.188401129526937,100.0,1.2,0.24,1.8278184680267793,0.0,5,10.942005647634687,0.2,9.139092340133896,0.0,0.0,0.0,0.0,0.0,0.0,100.0,1.0,0.0,0.0,0.0,0.0
228,actuated,0,0,261.88430286579285,52.37686057315857,261.88430286579285,52.37686057315857,135.0,14.673913043478262,18218.147210013303,1980.2333923927501,9.2,5.465875584445533,20.0,5.2,5,4.684228704201195,0.5652173913043478,20.0,100.0,1.0,0.2,0.0,0.0,5,0.0,0.0,0.0,0.0,0.0,0.0,0.0,0.0,0.0,100.0,1.0,0.0,0.0,0.0,0.0
229,actuated,0,0,353.45252760302515,76.83750600065764,211542.02351634676,42308.40470326935,160.8,16.08,17118.526415581717,1711.8526415581716,10.0,5.233770032511341,39.68972417537316,5.6,12,4.980357641374045,0.56,39.68972417537316,100.0,2.4,0.48,2.964249319666532,0.0,5,0.0,0.0,0.0,11.164578948664712,0.4,8.950841266289356,0.0,0.0,0.0,100.0,1.0,0.0,87.28404192820108,1.0,5.870405332043304
230,actuated,0,0,374.97523033933123,98.67769219456086,1000757.0071878427,200151.40143756854,194.0,17.321428571428573,18748.087006955113,1673.9363399067065,11.2,2.812718978971743,41.604697555822895,7.6,12,4.033649533674707,0.6785714285714286,41.604697555822895,100.0,2.4,0.48,1.7899879512563353,0.0,5,0.0,0.0,0.0,0.0,0.0,0.0,8.023487779114475,0.4,8.949939756281676,100.0,1.0,0.0,100.0,1.0,0.0
231,actuated,3,0,569.0125667340633,113.80251334681266,569.0125667340633,113.80251334681266,122.2,10.35593220338983,22169.671743097097,1878.785740940432,11.8,2.0876500661079613,34.20929652412542,5.4,10,1.5271181252844452,0.4576271186440678,34.20929652412542,100.0,2.0,0.4,1.806642700061202,0.0,5,0.0,0.0,0.0,11.046482620627103,0.2,9.03321350030601,0.0,0.0,0.0,60.0,0.8,0.0,100.0,1.0,0.0
232,actuated,3,3,184.10644758101813,41.84237445023139,8905.545623617532,1781.1091247235065,125.6,11.418181818181818,20968.64969014674,1906.2408809224307,11.0,3.1707009119272755,24.466083765650183,4.4,9,2.2682779689880714,0.4,24.466083765650183,100.0,1.8,0.36,0.35630322185778074,0.0,5,0.0,0.0,0.0,0.0,0.2,0.0,0.0,0.0,0.0,22.330418828250913,0.6,1.7815161092889036,100.0,1.0,0.0
233,actuated,3,3,150.5017330702608,41.80603696396133,702728.0653978515,140545.6130795703,150.4,15.346938775510203,17571.65260389902,1793.025775908063,9.8,4.023288037875519,23.76869077278934,5.6,7,3.382118623791555,0.5714285714285714,23.76869077278934,100.0,1.4,0.27999999999999997,3.4580855722168224,0.0,5,11.515985313344572,0.2,8.683581758663873,0.0,0.0,0.0,7.327468550602134,0.2,8.60684610242024,0.0,0.0,0.0,100.0,1.0,0.0
234,actuated,3,3,320.18903509717825,100.0590734678682,857278.7711841218,171455.75423682437,183.2,17.28301886792453,17864.75321374416,1685.3540767683169,10.6,2.5751062134202725,20.4006582169759,7.4,8,3.661399202940706,0.6981132075471698,20.4006582169759,100.0,1.6,0.32,1.732276585269719,0.0,5,0.0,0.0,0.0,0.0,0.0,0.0,0.0,0.2,0.0,2.0032910848794927,0.4,8.661382926348596,100.0,1.0,0.0
235,actuated,3,3,333.1185359093597,92.5329266414888,917513.0523884986,183502.61047769972,222.0,20.181818181818183,18938.796307143988,1721.708755194908,11.0,3.486199148401299,20.0,8.2,5,5.255315222484038,0.7454545454545455,20.0,100.0,1.0,0.2,0.0,0.0,5,0.0,0.0,0.0,0.0,0.0,0.0,0.0,0.0,0.0,0.0,0.0,0.0,100.0,1.0,0.0
236,actuated,3,3,223.96274420529804,58.937564264552115,1200223.9627442053,240044.79254884104,262.0,23.392857142857142,19089.44313919943,1704.414565999949,11.2,3.3737663308082855,25.332979376143157,8.2,7,4.722770511522302,0.7321428571428571,25.332979376143157,100.0,1.4,0.27999999999999997,1.2008119958313768,0.0,5,0.0,0.0,0.0,26.664896880715787,0.4,6.004059979156883,0.0,0.0,0.0,0.0,0.0,0.0,100.0,1.0,0.0
237,actuated,2,3,125.41065298966217,41.80355099655406,1347196.5322077828,269439.30644155655,118.2,11.365384615384615,18098.595802687014,1740.2495964122131,10.4,2.1811424654424614,33.265295332332244,5.0,11,2.6787758070779653,0.4807692307692308,33.265295332332244,100.0,2.2,0.44000000000000006,1.7603319126181307,0.0,5,6.326476661661218,0.4,8.801659563090654,100.0,1.0,0.0,0.0,0.0,0.0,0.0,0.0,0.0,60.0,0.8,0.0
238,actuated,2,2,334.0949266009682,98.26321370616712,1875441.6240231667,375088.32480463333,100.0,11.904761904761905,15024.927332236639,1788.6818252662665,8.4,4.29949311207063,28.086706987259277,4.2,9,5.19506020008369,0.5,28.086706987259277,100.0,1.8,0.36,0.3399218369721465,0.0,5,0.0,0.0,0.0,100.0,1.0,0.0,0.0,0.0,0.0,0.0,0.0,0.0,40.43353493629638,0.8,1.6996091848607326
239,actuated,2,2,308.11410653678337,66.98132750799638,400308.11410653684,80061.62282130736,120.0,14.634146341463415,16175.72626602804,1972.6495446375657,8.2,5.547451608751811,24.79855158997998,4.2,10,5.1139581559849905,0.5121951219512195,24.79855158997998,100.0,2.0,0.4,2.438297697462051,0.0,5,0.0,0.0,0.0,100.0,1.0,0.0,0.0,0.0,0.0,3.1690708548921975,0.4,8.987512329965831,20.8236870950077,0.6,3.2039761573444245
240,actuated,2,2,316.4357476193315,68.79037991724599,400316.43574761937,80063.28714952388,143.2,14.916666666666666,15838.743049418912,1649.8690676478034,9.6,3.7508842948251897,20.0,5.8,5,5.108213908910767,0.6041666666666666,20.0,100.0,1.0,0.2,0.0,0.0,5,0.0,0.0,0.0,100.0,1.0,0.0,0.0,0.0,0.0,0.0,0.0,0.0,0.0,0.0,0.0
241,actuated,2,2,201.9174117857711,43.8950895186459,3408.84033675901,681.768067351802,173.2,16.980392156862745,17502.771632105418,1715.95800314759,10.2,4.250042597227973,20.0,6.4,5,4.895228926687871,0.6274509803921569,20.0,100.0,1.0,0.2,0.0,0.0,5,0.0,0.0,0.0,100.0,1.0,0.0,0.0,0.0,0.0,0.0,0.0,0.0,0.0,0.0,0.0
242,actuated,0,2,332.20850293886997,69.21010477893125,200332.20850293885,40066.44170058777,45.6,4.470588235294118,19205.14629925603,1882.8574803192187,10.2,3.3094585474644407,16.380394128712396,3.6,7,3.0523584745871655,0.35294117647058826,16.380394128712396,80.0,1.4,0.27999999999999997,1.7744893522001803,0.0,5,0.0,0.0,0.0,80.0,1.0,0.0,1.901970643561981,0.4,8.872446761000901,0.0,0.0,0.0,0.0,0.0,0.0
243,actuated,0,0,130.7471484695323,28.423293145550502,10356.166958615806,2071.2333917231613,33.6,4.097560975609756,15047.350039923567,1835.042687795557,8.2,5.157669327000234,9.577697572620309,2.4,7,4.5514072095173175,0.2926829268292683,9.577697572620309,34.23261457897297,1.4,0.27999999999999997,3.948703689480186,0.0,5,0.0,0.0,0.0,34.23261457897297,0.6,2.0611981588321973,0.0,0.0,0.0,4.7598075687938035,0.4,8.428634737711398,8.896065715334771,0.4,9.253685550857336
244,actuated,0,0,134.34830179913928,41.98384431223102,764075.088964219,152815.0177928438,51.0,7.285714285714286,13079.333675484555,1868.4762393549363,7.0,5.459474166083223,0.09137477275271522,4.4,1,5.2093201962365505,0.6285714285714286,0.09137477275271522,0.4568738637635761,0.2,0.04,1.6862935180775822,0.0,5,0.0,0.0,0.0,0.4568738637635761,0.2,8.43146759038791,0.0,0.0,0.0,0.0,0.0,0.0,0.0,0.0,0.0
245,actuated,0,0,416.9128919947008,86.856852498896,200416.91289199478,40083.38257839896,71.0,9.102564102564102,15024.625069136833,1926.233983222671,7.8,5.540828982570271,1.5705525737857897,4.2,3,5.644876840199563,0.5384615384615384,1.5705525737857897,7.852762868928949,0.6000000000000001,0.12000000000000002,1.6743403695710009,0.0,5,7.852762868928949,0.4,8.371701847855004,0.0,0.2,0.0,0.0,0.0,0.0,0.0,0.0,0.0,0.0,0.0,0.0
246,actuated,0,0,152.48635333078033,30.497270666156066,152.48635333078033,30.497270666156066,91.0,13.0,13284.249076872968,1897.7498681247098,7.0,7.016011879070351,0.0,4.0,0,5.693186948974313,0.5714285714285714,0.0,0.0,0.0,0.0,0.0,0.0,5,0.0,0.0,0.0,0.0,0.0,0.0,0.0,0.0,0.0,0.0,0.0,0.0,0.0,0.0,0.0
247,actuated,0,0,181.71744166758847,39.503791666867066,400181.7174416675,80036.3434883335,111.0,13.536585365853659,15091.580726338598,1840.4366739437314,8.2,4.72033350106126,5.144173861073796,4.4,3,4.58952261982852,0.5365853658536586,5.144173861073796,22.973221450783967,0.6000000000000001,0.12000000000000002,2.900580926806814,0.0,5,0.0,0.0,0.0,0.0,0.0,0.0,0.0,0.0,0.0,22.973221450783967,0.4,7.136488852157208,2.7476478545850114,0.2,7.366415781876863
248,actuated,0,0,91.0241788042532,28.44505587632912,204053.03607810714,40810.60721562143,134.2,15.976190476190476,13816.80659284152,1644.8579277192284,8.4,3.6804345993266003,41.467317555261616,5.4,12,4.518207904155563,0.6428571428571429,41.467317555261616,100.0,2.4,0.48,1.7696681296639145,0.0,5,0.0,0.0,0.0,0.0,0.0,0.0,7.336587776308079,0.4,8.848340648319573,100.0,1.0,0.0,100.0,1.0,0.0
249,actuated,0,0,96.00944814132518,34.289088621901854,2200096.009448142,440019.20188962837,164.0,17.82608695652174,16561.3905446178,1800.1511461541086,9.2,2.6601916851736602,40.0,6.4,10,2.8961893286392844,0.6956521739130435,40.0,100.0,2.0,0.4,0.0,0.0,5,0.0,0.0,0.0,0.0,0.0,0.0,0.0,0.0,0.0,100.0,1.0,0.0,100.0,1.0,0.0
250,actuated,0,0,287.11641542586955,71.77910385646739,1000287.1164154258,200057.42328308517,194.0,19.4,17731.22066629776,1773.1220666297759,10.0,3.9761451816816265,44.431275448931956,6.0,12,3.5042706216111776,0.6,44.431275448931956,100.0,2.4,0.48,3.6114977596331626,0.0,5,10.913393061423449,0.2,9.163053088729937,11.24298418323633,0.2,8.894435709435879,0.0,0.0,0.0,100.0,1.0,0.0,100.0,1.0,0.0
251,actuated,0,0,566.7135337804733,177.0979793063979,622955.6921160033,124591.13842320065,228.0,20.727272727272727,18993.152820256935,1726.650256386994,11.0,1.7969850689720082,40.0,7.8,10,2.803249135695409,0.7090909090909091,40.0,100.0,2.0,0.4,0.0,0.0,5,0.0,0.0,0.0,0.0,0.0,0.0,0.0,0.0,0.0,100.0,1.0,0.0,100.0,1.0,0.0
252,actuated,3,0,261.61296230174946,72.67026730604151,1298196.6237251062,259639.32474502124,156.8,14.79245283018868,18487.100983628694,1744.0661305310089,10.6,3.138863037427996,38.20004723810416,6.0,11,4.646604037121959,0.5660377358490566,38.20004723810416,100.0,2.2,0.44000000000000006,1.8181427792645508,0.0,5,0.0,0.0,0.0,0.0,0.0,0.0,11.000236190520809,0.2,9.090713896322754,80.0,1.0,0.0,100.0,1.0,0.0
253,actuated,3,3,341.9980368603841,68.39960737207682,341.9980368603841,68.39960737207682,165.0,16.176470588235293,18793.96118508688,1842.5452142242038,10.2,4.101143028823016,27.169134053846392,5.2,8,4.93599872703692,0.5098039215686274,27.169134053846392,100.0,1.6,0.32,0.43830635436106247,0.0,5,0.0,0.0,0.0,0.0,0.0,0.0,0.0,0.0,0.0,35.84567026923196,0.6,2.1915317718053124,100.0,1.0,0.0
254,actuated,3,3,144.41169556571054,36.102923891427636,857000.5905765686,171400.11811531373,192.0,19.2,17718.674455074542,1771.8674455074545,10.0,3.8786410745877764,20.0,6.2,5,4.527575240017718,0.62,20.0,100.0,1.0,0.2,0.0,0.0,5,0.0,0.0,0.0,0.0,0.0,0.0,0.0,0.0,0.0,0.0,0.0,0.0,100.0,1.0,0.0
255,actuated,3,3,547.8489116944525,109.56978233889049,547.8489116944525,109.56978233889049,222.2,19.49122807017544,20749.300267023587,1820.114058510841,11.4,2.6783987628357284,22.24917973119136,6.4,6,1.9510621338409813,0.5614035087719298,22.24917973119136,100.0,1.2,0.24,1.7784261277693676,0.0,5,0.0,0.0,0.0,11.245898655956807,0.2,8.892130638846838,0.0,0.0,0.0,0.0,0.0,0.0,100.0,1.0,0.0
256,actuated,3,3,284.1940286040905,64.5895519554751,295158.2880139198,59031.657602783955,257.2,21.433333333333334,21047.866380399308,1753.9888650332757,12.0,3.1049359051373178,24.688670155481304,7.6,7,2.9892142187561714,0.6333333333333333,24.688670155481304,100.0,1.4,0.27999999999999997,3.43377406878045,0.0,5,12.64471049813892,0.2,7.908445196488938,0.0,0.0,0.0,0.0,0.0,0.0,10.798640279267602,0.2,9.260425147413311,100.0,1.0,0.0
257,actuated,3,3,178.47095822659622,49.575266174054505,1302969.6003589774,260593.9200717955,297.0,25.16949152542373,20857.684162587262,1767.6003527616324,11.8,3.092003529875553,21.89992318554323,8.2,6,3.809310756259149,0.6949152542372882,21.89992318554323,100.0,1.2,0.24,1.7438461320288479,0.0,5,0.0,0.0,0.0,0.0,0.0,0.0,9.49961592771615,0.2,8.71923066014424,0.0,0.0,0.0,100.0,1.0,0.0
258,actuated,2,3,556.5847685166618,126.49653829924131,25524.730850680196,5104.94617013604,101.2,9.37037037037037,18240.162099638655,1688.9038981146903,10.8,1.8657721866761654,17.510422501046378,4.6,7,2.0278465401837256,0.42592592592592593,17.510422501046378,60.0,1.4000000000000001,0.28,1.219125872904233,0.0,5,0.0,0.0,0.0,27.55211250523189,0.4,6.095629364521165,0.0,0.2,0.0,0.0,0.0,0.0,60.0,0.8,0.0
259,actuated,2,2,112.21326103738389,37.40442034579463,1055008.5991130422,211001.71982260846,69.0,7.040816326530612,18174.45828447219,1854.5365596400195,9.8,1.9719498831304836,24.982844478501647,4.2,8,2.1701292392676366,0.42857142857142855,24.982844478501647,100.0,1.6,0.32,0.3375511180432015,0.0,5,0.0,0.0,0.0,100.0,1.0,0.0,0.0,0.0,0.0,0.0,0.0,0.0,24.914222392508236,0.6,1.6877555902160075
260,actuated,2,2,151.27851030198215,47.27453446936942,1719379.5967950262,343875.91935900523,89.0,10.113636363636363,17218.60697160515,1956.6598831369486,8.8,3.418236595180537,26.261651286072265,4.2,10,3.1866635307960394,0.4772727272727273,26.261651286072265,100.0,2.0,0.4,2.3813206870117676,0.0,5,0.0,0.0,0.0,100.0,1.0,0.0,0.0,0.0,0.0,6.118751499693644,0.4,8.573947185929866,25.18950493066768,0.6,3.332656249128971
261,actuated,2,2,326.55748739041746,81.63937184760437,1000326.5574873904,200065.31149747808,109.0,13.292682926829269,16201.79871270956,1975.829111306044,8.2,3.635213488189662,20.71010280801329,4.4,7,3.978216270656043,0.5365853658536586,20.71010280801329,100.0,1.4,0.27999999999999997,1.8582443978078664,0.0,5,3.550514040066446,0.4,9.291221989039332,100.0,1.0,0.0,0.0,0.0,0.0,0.0,0.0,0.0,0.0,0.0,0.0
262,actuated,2,2,209.47381835616426,41.89476367123285,209.47381835616426,41.89476367123285,129.0,16.125,15562.246083002517,1945.2807603753147,8.0,5.6695661294865625,22.207703784446494,4.0,6,4.870997426313021,0.5,22.207703784446494,100.0,1.2,0.24,1.811837271005477,0.0,5,0.0,0.0,0.0,100.0,1.0,0.0,0.0,0.0,0.0,0.0,0.0,0.0,11.03851892223247,0.2,9.059186355027386
263,actuated,0,2,327.82941697307905,68.2977952027248,1032.992298336128,206.5984596672256,17.2,2.15,14965.56235790031,1870.6952947375387,8.0,5.719207619811555,12.0,1.6,4,4.70062346943608,0.2,12.0,60.0,0.8,0.16,0.0,0.0,5,0.0,0.0,0.0,60.0,0.8,0.0,0.0,0.0,0.0,0.0,0.0,0.0,0.0,0.0,0.0
264,actuated,0,0,131.1279401663493,27.31832086798944,361.3763370265659,72.27526740531319,6.2,0.9117647058823529,14021.998536138548,2062.058608255669,6.8,6.617683225919924,11.243276374026209,1.2,5,4.658791666396909,0.17647058823529413,11.243276374026209,34.2353665201108,1.0,0.2,4.04816343659228,0.0,5,0.0,0.0,0.0,34.2353665201108,0.6,2.0432584978507426,11.006212843631147,0.2,9.085777407790726,10.974802506389096,0.2,9.11178127731993,0.0,0.0,0.0
265,actuated,0,0,213.44336723295973,48.509856189309026,213275.470121272,42655.0940242544,15.0,2.5,12481.08768391795,2080.1812806529915,6.0,5.066398821129049,0.0,2.4,0,4.966681643603079,0.4,0.0,0.0,0.0,0.0,0.0,0.0,5,0.0,0.0,0.0,0.0,0.0,0.0,0.0,0.0,0.0,0.0,0.0,0.0,0.0,0.0,0.0
266,actuated,0,0,119.98453276975754,23.996906553951508,119.98453276975754,23.996906553951508,25.0,4.464285714285714,11536.896081760622,2060.160014600111,5.6,7.015998496042669,1.364102091452878,2.0,4,4.791242918114295,0.35714285714285715,1.364102091452878,4.866845436022231,0.8,0.16,3.518390338271856,0.0,5,0.0,0.0,0.0,1.9536650212421591,0.4,8.5463566634804,0.0,0.0,0.0,0.0,0.0,0.0,4.866845436022231,0.4,9.04559502787888
267,actuated,0,0,184.97502962078846,44.04167371923535,287862.2002870219,57572.440057404376,37.0,7.4,9944.347027212478,1988.8694054424955,5.0,7.854725213751355,1.3288752265907533,2.8,1,5.564268283407639,0.56,1.3288752265907533,6.6443761329537665,0.2,0.04,1.872455287110061,0.0,5,6.6443761329537665,0.2,9.362276435550305,0.0,0.0,0.0,0.0,0.0,0.0,0.0,0.0,0.0,0.0,0.0,0.0
268,actuated,0,0,219.5991394837513,60.99976096770869,1003795.5887972785,200759.1177594557,52.2,9.321428571428571,9002.414321888664,1607.5739860515473,5.6,6.09690436792857,2.3471668327529187,3.6,2,6.187335756570127,0.6428571428571429,2.3471668327529187,11.735834163764594,0.4,0.08,1.704182226922713,0.0,5,0.0,0.2,0.0,0.0,0.0,0.0,0.0,0.0,0.0,11.735834163764594,0.2,8.520911134613565,0.0,0.0,0.0
269,actuated,0,0,218.60275758975217,60.7229882193756,1092618.476174109,218523.6952348218,71.0,10.441176470588236,12071.509326881704,1775.2219598355448,6.8,4.447308756442514,0.0,4.4,0,5.552387098138002,0.6470588235294118,0.0,0.0,0.0,0.0,0.0,0.0,5,0.0,0.0,0.0,0.0,0.0,0.0,0.0,0.0,0.0,0.0,0.0,0.0,0.0,0.0,0.0
270,actuated,0,0,298.76239898818113,67.90054522458662,600298.7623989882,120059.75247979765,91.0,10.581395348837209,16734.56397196137,1945.879531623415,8.6,2.8129966098554426,0.0,4.2,0,2.545417827384034,0.4883720930232558,0.0,0.0,0.0,0.0,0.0,0.0,5,0.0,0.0,0.0,0.0,0.0,0.0,0.0,0.0,0.0,0.0,0.0,0.0,0.0,0.0,0.0
271,actuated,0,0,185.21262779277583,37.04252555855517,185.21262779277583,37.04252555855517,111.0,13.214285714285714,17213.090848614644,2049.177481977934,8.4,5.34108449800207,4.50998626841465,4.0,2,4.057721031366666,0.47619047619047616,4.50998626841465,11.796118483462124,0.4,0.08,2.8969614342175967,0.0,5,0.0,0.0,0.0,10.753812858611127,0.2,9.299027360321311,0.0,0.0,0.0,0.0,0.0,0.0,11.796118483462124,0.2,5.185779810766673
272,actuated,0,0,211.21281986742696,52.80320496685674,456214.13458412467,91242.82691682494,133.0,15.113636363636363,17440.377723207217,1981.861104909911,8.8,4.285635519440245,22.234942666704228,5.0,8,4.19277247561538,0.5681818181818182,22.234942666704228,100.0,1.6,0.32,3.6411611190063553,0.0,5,10.23015282277811,0.2,9.775025039444515,0.0,0.0,0.0,0.944560510743031,0.4,8.43078055558726,0.0,0.0,0.0,100.0,1.0,0.0
273,actuated,0,0,362.7721854251851,100.77005150699586,1034666.8980053471,206933.37960106944,158.2,19.775,11821.059719812534,1477.6324649765668,8.0,4.206401798220815,30.164731099788696,5.2,8,5.158733418714435,0.65,30.164731099788696,100.0,1.6,0.32,1.0478969383540866,0.0,5,0.0,0.0,0.0,0.0,0.0,0.0,0.0,0.0,0.0,50.82365549894348,0.6,5.239484691770433,100.0,1.0,0.0
274,actuated,0,0,495.6060273564599,165.20200911881997,1164453.2650803535,232890.6530160707,190.0,20.21276595744681,15995.694484440997,1701.6696260043614,9.4,4.214207864013855,40.0,7.4,10,5.5313304558572405,0.7872340425531915,40.0,100.0,2.0,0.4,0.0,0.0,5,0.0,0.0,0.0,0.0,0.0,0.0,0.0,0.0,0.0,100.0,1.0,0.0,100.0,1.0,0.0
275,actuated,0,0,466.6988041457651,116.67470103644128,1000466.6988041459,200093.33976082917,225.2,22.07843137254902,16643.866909297496,1631.7516577742642,10.2,4.23984933900185,42.21038841913378,7.4,11,5.449898236863596,0.7254901960784313,42.21038841913378,100.0,2.2,0.44000000000000006,1.8096366979553515,0.0,5,0.0,0.0,0.0,11.051942095668892,0.2,9.048183489776758,0.0,0.0,0.0,100.0,1.0,0.0,100.0,1.0,0.0
276,actuated,2,0,249.98851310145386,62.497128275363465,800514.1486384951,160102.82972769902,47.2,5.0212765957446805,18745.622895440196,1994.215201642574,9.4,3.986144215515137,24.0,3.2,8,5.08350446096393,0.3404255319148936,24.0,60.0,1.6,0.32,0.0,0.0,5,0.0,0.0,0.0,0.0,0.0,0.0,0.0,0.0,0.0,60.0,0.8,0.0,60.0,0.8,0.0
277,actuated,2,2,182.65438414931054,45.663596037327636,1000182.6543841492,200036.53087682984,28.0,3.6842105263157894,12857.011026104014,1691.711977118949,7.6,4.40447225498065,5.015153166127675,2.4,5,4.4864425003682955,0.3157894736842105,5.015153166127675,20.7451993899258,1.0,0.2,2.4759917767316266,0.0,5,0.0,0.0,0.0,0.0,0.0,0.0,0.0,0.0,0.0,4.330566440712573,0.4,6.718293913043382,20.7451993899258,0.6,5.66166497061475
278,actuated,2,2,348.80833504403597,72.66840313417417,200348.808335044,40069.7616670088,38.0,5.277777777777778,14173.906611845046,1968.5981405340342,7.2,1.9477347822283995,1.4569976054508516,2.4,1,1.2807036680183266,0.3333333333333333,1.4569976054508516,7.284988027254258,0.2,0.04,1.71729359600693,0.0,5,0.0,0.0,0.0,0.0,0.0,0.0,7.284988027254258,0.2,8.58646798003465,0.0,0.0,0.0,0.0,0.0,0.0
279,actuated,2,2,136.3857037104994,30.996750843295317,22606.45165586661,4521.290331173323,49.2,7.0285714285714285,13069.706652166558,1867.1009503095083,7.0,3.090325351778246,0.0,2.6,1,1.6320324642001982,0.37142857142857144,0.0,0.0,0.2,0.04,0.0,0.0,5,0.0,0.0,0.0,0.0,0.0,0.0,0.0,0.2,0.0,0.0,0.0,0.0,0.0,0.0,0.0
280,actuated,2,2,72.23137277246101,18.057843193115254,966165.9582920881,193233.19165841764,64.0,8.421052631578947,15991.952983574223,2104.2043399439767,7.6,4.761579025043636,3.4724809901117624,3.2,3,2.976644958878036,0.42105263157894735,3.4724809901117624,10.975248703161924,0.6000000000000001,0.12000000000000002,3.5243514104185145,0.0,5,10.975248703161924,0.2,9.111410839481971,6.387156247396888,0.4,8.510346212610601,0.0,0.0,0.0,0.0,0.0,0.0,0.0,0.0,0.0
281,actuated,0,2,263.2307162038118,57.224068739959094,201388.32433025556,40277.66486605111,2.0,0.2857142857142857,13352.495925905072,1907.4994179864389,7.0,4.755794687260898,1.9031399504347064,0.8,4,4.335530785183505,0.11428571428571428,1.9031399504347064,6.731926325828681,0.8,0.16,3.509894718937576,0.0,5,0.0,0.0,0.0,0.0,0.0,0.0,0.0,0.0,0.0,2.783773426344851,0.4,8.560206929408015,6.731926325828681,0.4,8.989266665279867
282,actuated,0,0,389.56184757320665,97.39046189330166,422643.2341272625,84528.6468254525,5.2,0.8666666666666667,11432.06924499069,1905.344874165115,6.0,2.572167344367232,0.0,1.8,0,2.226843584345606,0.3,0.0,0.0,0.0,0.0,0.0,0.0,5,0.0,0.0,0.0,0.0,0.0,0.0,0.0,0.0,0.0,0.0,0.0,0.0,0.0,0.0,0.0
283,actuated,0,0,95.79286254625661,23.948215636564154,1000095.792862546,200019.15857250922,15.0,2.586206896551724,12905.90055557701,2225.155268202933,5.8,4.725084740424902,1.4474875604755653,2.0,2,3.6337946866123896,0.3448275862068966,1.4474875604755653,7.237437802377826,0.4,0.08,1.7230236296541992,0.0,5,0.0,0.0,0.0,7.237437802377826,0.4,8.615118148270996,0.0,0.0,0.0,0.0,0.0,0.0,0.0,0.0,0.0
284,actuated,0,0,231.65524581458203,48.261509544704595,200231.65524581465,40046.33104916293,25.0,4.62962962962963,11806.373223265862,2186.3654117159003,5.4,7.61270907199867,4.309413200145173,2.2,3,5.261623893963632,0.4074074074074074,4.309413200145173,11.274063122059488,0.6000000000000001,0.12000000000000002,3.627206728662918,0.0,5,10.273002878666375,0.4,9.266117011010646,0.0,0.0,0.0,11.274063122059488,0.2,8.869916632303946,0.0,0.0,0.0,0.0,0.0,0.0
285,actuated,0,0,99.45458643034729,21.620562267466806,200455.26677570102,40091.053355140204,35.0,8.333333333333334,6701.532836597957,1595.603056332847,4.2,8.673949272676111,0.15883563971783587,2.2,2,5.954963883118924,0.5238095238095238,0.15883563971783587,0.7941781985891794,0.4,0.08,1.6678020057454706,0.0,5,0.0,0.0,0.0,0.0,0.0,0.0,0.0,0.0,0.0,0.7941781985891794,0.4,8.339010028727353,0.0,0.0,0.0
286,actuated,0,0,110.33998363594283,27.584995908985707,278855.1880163933,55771.03760327866,48.0,9.6,9438.271086026996,1887.6542172053992,5.0,6.5592450819615635,0.0,3.0,0,6.089434745886781,0.6,0.0,0.0,0.0,0.0,0.0,0.0,5,0.0,0.0,0.0,0.0,0.0,0.0,0.0,0.0,0.0,0.0,0.0,0.0,0.0,0.0,0.0
287,actuated,0,0,317.818936842385,75.6711754386631,600850.0197026359,120170.00394052718,63.2,9.575757575757576,11354.383266719167,1720.3611010180557,6.6,5.351077450700565,2.184380833979958,3.8,1,5.595162101701039,0.5757575757575758,2.184380833979958,10.92190416989979,0.2,0.04,1.831182519905181,0.0,5,0.0,0.0,0.0,0.0,0.0,0.0,0.0,0.0,0.0,0.0,0.0,0.0,10.92190416989979,0.2,9.155912599525905
288,actuated,0,0,260.53824905237417,62.032916441041465,474805.07744421484,94961.01548884297,82.0,9.761904761904763,16135.607639333937,1920.9056713492782,8.4,2.6324599520670535,0.0,4.2,0,2.5677276809057,0.5,0.0,0.0,0.0,0.0,0.0,0.0,5,0.0,0.0,0.0,0.0,0.0,0.0,0.0,0.0,0.0,0.0,0.0,0.0,0.0,0.0,0.0
289,actuated,0,0,248.15750261434354,49.631500522868706,248.15750261434354,49.631500522868706,102.0,10.851063829787234,19209.851718391234,2043.6012466373652,9.4,3.324533844176058,2.1651256170034685,4.2,1,1.9125715914529686,0.44680851063829785,2.1651256170034685,10.825628085017343,0.2,0.04,1.8474678644909275,0.0,5,0.0,0.0,0.0,10.825628085017343,0.2,9.237339322454638,0.0,0.0,0.0,0.0,0.0,0.0,0.0,0.0,0.0
290,actuated,0,0,284.2759351220599,59.224153150429146,764.0323231364436,152.8064646272887,122.6,12.770833333333334,18129.73412763868,1888.5139716290294,9.6,4.653523094827729,20.5859802842524,4.6,7,3.1701790938700602,0.4791666666666667,20.5859802842524,81.44571066014578,1.4,0.27999999999999997,5.232514851145389,0.0,5,10.608596452229904,0.2,9.426317651943506,0.0,0.0,0.0,10.87559430888632,0.2,9.194899805916002,81.44571066014578,1.0,7.5413567978674365,0.0,0.0,0.0
291,actuated,0,0,263.47335792765733,59.88030861992212,5455.912156460994,1091.1824312921988,148.2,16.108695652173914,15993.57921811379,1738.4325237080207,9.2,4.856591979840604,24.67818872875705,5.6,7,4.885891545198425,0.6086956521739131,24.67818872875705,100.0,1.4,0.27999999999999997,1.4353406236350774,0.0,5,0.0,0.0,0.0,0.0,0.0,0.0,0.0,0.0,0.0,100.0,1.0,0.0,23.39094364378525,0.4,7.1767031181753875
292,actuated,0,0,180.74504671630865,56.48282709884645,1382336.1915634386,276467.2383126877,181.0,20.568181818181817,15068.076245100523,1712.2813914886958,8.8,5.524435685021725,42.209708617362594,7.2,11,6.2228912144995565,0.8181818181818182,42.209708617362594,100.0,2.2,0.44000000000000006,1.8101934203316883,0.0,5,0.0,0.0,0.0,11.04854308681297,0.2,9.050967101658442,0.0,0.0,0.0,100.0,1.0,0.0,100.0,1.0,0.0
293,actuated,0,0,325.7275144912354,85.71776697137774,717644.1539134893,143528.83078269786,216.6,21.66,15632.856028176295,1563.2856028176293,10.0,5.315458026256511,40.0,7.8,10,6.4449438186548935,0.78,40.0,100.0,2.0,0.4,0.0,0.0,5,0.0,0.0,0.0,0.0,0.0,0.0,0.0,0.0,0.0,100.0,1.0,0.0,100.0,1.0,0.0
294,actuated,0,0,282.3788783880612,74.31023115475296,1564625.13446203,312925.026892406,256.0,21.694915254237287,20432.05655813819,1731.5302167913721,11.8,2.0740768608447984,40.0,8.4,10,3.567542226052171,0.711864406779661,40.0,100.0,2.0,0.4,0.0,0.0,5,0.0,0.0,0.0,0.0,0.0,0.0,0.0,0.0,0.0,100.0,1.0,0.0,100.0,1.0,0.0
295,actuated,0,0,391.4501061343077,85.09784915963212,1063.3911229196442,212.67822458392885,296.0,22.76923076923077,22436.31100343248,1725.870077187114,13.0,2.4056862711324727,40.0,8.0,10,1.6090786244774355,0.6153846153846154,40.0,100.0,2.0,0.4,0.0,0.0,5,0.0,0.0,0.0,0.0,0.0,0.0,0.0,0.0,0.0,100.0,1.0,0.0,100.0,1.0,0.0
296,actuated,2,0,370.0291471312525,77.08940565234427,748.6684579318601,149.733691586372,74.4,6.526315789473684,21884.014883877964,1919.6504284103476,11.4,3.5699701358605114,25.472721207418545,3.6,10,2.740961618503012,0.3157894736842105,25.472721207418545,60.0,2.0,0.4,1.7478299585357306,0.0,5,0.0,0.0,0.0,0.0,0.0,0.0,7.3636060370927225,0.4,8.739149792678653,60.0,0.8,0.0,60.0,0.8,0.0
297,actuated,2,2,93.83253020560309,23.458132551400773,566638.2023611376,113327.64047222752,35.0,3.6458333333333335,19533.963653494873,2034.7878805723828,9.6,4.819716633473082,15.353110563682094,2.4,8,4.326000925292171,0.25,15.353110563682094,31.30937386118603,1.6,0.32,4.387357118342514,0.0,5,11.6958569141525,0.2,8.550036199484932,10.561299594269258,0.2,9.468531699854601,0.0,0.0,0.0,23.19902244880268,0.6,1.8488651039973198,31.30937386118603,0.6,2.069352588375718
298,actuated,2,2,113.42286363892245,28.355715909730613,1000113.422863639,200022.6845727278,47.0,7.121212121212121,11467.894395030326,1737.5597568227768,6.6,4.813677958499348,4.333976251989043,2.8,3,4.847304888285059,0.42424242424242425,4.333976251989043,21.669881259945214,0.6,0.12,1.016881955140185,0.0,5,0.0,0.0,0.0,0.0,0.0,0.0,0.0,0.0,0.0,21.669881259945214,0.6,5.084409775700926,0.0,0.0,0.0
299,actuated,2,2,547.2923991709724,118.9766085154288,400547.29239917087,80109.45847983417,64.0,7.111111111111111,17156.565467924233,1906.2850519915812,9.0,2.461484868008048,0.0,4.4,0,2.547116414625017,0.4888888888888889,0.0,0.0,0.0,0.0,0.0,0.0,5,0.0,0.0,0.0,0.0,0.0,0.0,0.0,0.0,0.0,0.0,0.0,0.0,0.0,0.0,0.0
300,actuated,2,2,172.75733651229646,37.55594272006445,2063.2054162981876,412.6410832596375,84.2,9.355555555555556,15797.657915916512,1755.2953239907235,9.0,3.3456470627675334,4.490332264887911,4.2,2,2.4847280600900756,0.4666666666666667,4.490332264887911,11.864692616500179,0.4,0.08,3.5747885431684097,0.0,5,0.0,0.0,0.0,11.864692616500179,0.2,8.428368372639541,0.0,0.0,0.0,0.0,0.0,0.0,10.586968707939377,0.2,9.445574343202509
301,actuated,0,2,229.19957692916915,57.29989423229229,625137.0481198805,125027.4096239761,91.2,10.857142857142858,16998.948880527398,2023.684390538976,8.4,2.9305713628219934,0.0,4.4,0,2.6524804769158647,0.5238095238095238,0.0,0.0,0.0,0.0,0.0,0.0,5,0.0,0.0,0.0,0.0,0.0,0.0,0.0,0.0,0.0,0.0,0.0,0.0,0.0,0.0,0.0
302,actuated,0,0,367.3865524222916,87.47298867197418,29962.823316499598,5992.56466329992,112.8,14.461538461538462,12001.425649400016,1538.644314025643,7.8,5.879485467450793,21.156687257761405,5.2,8,6.036237009336082,0.6666666666666666,21.156687257761405,91.92964929892241,1.6,0.32,4.657644416015016,0.0,5,10.681049693021123,0.2,9.362375690971541,0.0,0.0,0.0,91.92964929892241,1.0,5.090780147611952,3.172737296863488,0.4,8.835066241491587,0.0,0.0,0.0
303,actuated,0,0,232.29094247724453,61.12919538874856,1442975.0285352,288595.00570704,142.0,16.136363636363637,15383.446671222224,1748.1189399116163,8.8,4.1443105887954585,20.0,6.2,5,5.543853941879261,0.7045454545454546,20.0,100.0,1.0,0.2,0.0,0.0,5,0.0,0.0,0.0,0.0,0.0,0.0,100.0,1.0,0.0,0.0,0.0,0.0,0.0,0.0,0.0
304,actuated,0,0,107.05436563578294,26.763591408945736,1000107.0543656356,200021.4108731271,172.0,19.11111111111111,17218.18626226036,1913.1318069178174,9.0,4.624212912167733,22.049262396560152,6.0,6,4.8398313984468855,0.6666666666666666,22.049262396560152,100.0,1.2,0.24,1.858304405026138,0.0,5,0.0,0.0,0.0,0.0,0.0,0.0,100.0,1.0,0.0,0.0,0.0,0.0,10.246311982800762,0.2,9.29152202513069
305,actuated,0,0,101.44852209099804,31.702663153436887,1011361.776474726,202272.3552949452,203.2,22.57777777777778,13703.330588267627,1522.5922875852918,9.0,4.537228309785021,28.7990758932292,6.6,9,5.226200159206481,0.7333333333333333,28.7990758932292,100.0,1.8,0.36,1.5288902009786394,0.0,5,0.0,0.0,0.0,0.0,0.0,0.0,100.0,1.0,0.0,43.995379466146005,0.6,7.644451004893197,0.0,0.2,0.0
306,actuated,0,0,356.41355877379755,127.29055670492771,1601942.3188201427,320388.4637640285,241.0,24.591836734693878,15982.793294588151,1630.8972749579746,9.8,4.830304981266069,40.490088587178434,8.2,12,6.012593110750747,0.8367346938775511,40.490088587178434,100.0,2.4,0.48,1.8155350861884654,0.0,5,0.0,0.0,0.0,2.4504429358921698,0.4,9.077675430942326,100.0,1.0,0.0,100.0,1.0,0.0,0.0,0.0,0.0
307,actuated,0,0,206.72751936716108,79.51058437198503,2400206.7275193674,480041.3455038735,281.0,26.50943396226415,17493.80302360736,1650.3587758120152,10.6,2.1392723198022696,40.0,8.6,10,4.393946335803431,0.8113207547169812,40.0,100.0,2.0,0.4,0.0,0.0,5,0.0,0.0,0.0,0.0,0.0,0.0,100.0,1.0,0.0,100.0,1.0,0.0,0.0,0.0,0.0
308,actuated,0,0,540.3193367418859,122.7998492595195,600540.3193367418,120108.06386734836,321.0,25.476190476190474,22637.754967815767,1796.647219667918,12.6,1.7120198325822127,40.0,8.2,10,1.552706400049513,0.6507936507936508,40.0,100.0,2.0,0.4,0.0,0.0,5,0.0,0.0,0.0,0.0,0.0,0.0,100.0,1.0,0.0,100.0,1.0,0.0,0.0,0.0,0.0
309,actuated,0,0,237.41018472603128,56.52623445857887,38691.2942975913,7738.258859518261,362.2,27.861538461538462,23189.82787213585,1783.8329132412193,13.0,2.887535422243884,40.0,8.6,10,2.672798590135279,0.6615384615384615,40.0,100.0,2.0,0.4,0.0,0.0,5,0.0,0.0,0.0,0.0,0.0,0.0,100.0,1.0,0.0,100.0,1.0,0.0,0.0,0.0,0.0
310,actuated,0,0,286.4543518539669,65.10326178499247,259613.9104294755,51922.7820858951,407.0,29.926470588235293,24872.05025619788,1828.8272247204322,13.6,4.244566475279704,46.88140489982561,9.4,13,4.259823297930191,0.6911764705882353,46.88140489982561,100.0,2.6,0.52,4.533890741335911,0.0,5,8.747029640608162,0.2,9.207484571542592,11.372993122463413,0.2,8.79276008727066,100.0,1.0,0.0,100.0,1.0,0.0,14.287001736056482,0.2,4.669209047866302
311,actuated,0,0,349.81049469918116,92.05539334188978,775382.0134148884,155076.40268297767,454.2,33.39705882352941,21645.229686251965,1591.5610063420563,13.6,3.3535072642647554,60.0,10.4,16,4.9896372662178194,0.7647058823529411,60.0,100.0,3.2,0.64,0.0,0.0,5,0.0,0.2,0.0,0.0,0.0,0.0,100.0,1.0,0.0,100.0,1.0,0.0,100.0,1.0,0.0
312,actuated,0,0,824.5442868549769,171.78005976145354,200824.54428685497,40164.908857370996,508.0,33.421052631578945,25422.5907516072,1672.5388652373158,15.2,3.5987821320578037,60.0,11.2,15,4.83736512343049,0.7368421052631579,60.0,100.0,3.0,0.6,0.0,0.0,5,0.0,0.0,0.0,0.0,0.0,0.0,100.0,1.0,0.0,100.0,1.0,0.0,100.0,1.0,0.0
313,actuated,0,0,252.39794368754164,63.09948592188541,491100.56323135394,98220.11264627079,566.0,35.375,27815.310344513535,1738.456896532096,16.0,2.402895701764262,62.194063332947735,12.0,16,2.856934614644777,0.75,62.194063332947735,100.0,3.2,0.64,1.8231014300876993,0.0,5,0.0,0.0,0.0,10.970316664738675,0.2,9.115507150438496,100.0,1.0,0.0,100.0,1.0,0.0,100.0,1.0,0.0
314,actuated,0,0,127.0447744079848,35.29021511332911,1375578.8970153753,275115.77940307505,626.0,41.18421052631579,25214.073458229585,1658.8206222519464,15.2,4.12114328762395,60.0,12.0,15,4.87081822452575,0.7894736842105263,60.0,100.0,3.0,0.6,0.0,0.0,5,0.0,0.0,0.0,0.0,0.0,0.0,100.0,1.0,0.0,100.0,1.0,0.0,100.0,1.0,0.0
315,actuated,0,0,342.0793698949884,122.17120353392444,1292961.248913384,258592.2497826768,690.2,43.68354430379747,25170.293349267627,1593.0565410928878,15.8,4.466461715506456,62.10671591270693,13.8,16,5.666787327823088,0.8734177215189873,62.10671591270693,100.0,3.2,0.64,1.898689792901586,0.0,5,10.533579563534659,0.2,9.49344896450793,0.0,0.0,0.0,100.0,1.0,0.0,100.0,1.0,0.0,100.0,1.0,0.0
316,actuated,0,0,281.9390401363397,117.47460005680821,2335978.6179963397,467195.72359926795,760.6,45.273809523809526,25599.632368048024,1523.7876409552396,16.8,1.7005451578120274,60.0,14.8,15,3.8684593161876735,0.8809523809523809,60.0,100.0,3.0,0.6,0.0,0.0,5,0.0,0.0,0.0,0.0,0.0,0.0,100.0,1.0,0.0,100.0,1.0,0.0,100.0,1.0,0.0
317,actuated,0,0,628.9016761020509,196.5317737818909,1800628.901676102,360125.7803352204,835.0,45.380434782608695,30056.01362690873,1633.4790014624311,18.4,0.8518112935546963,60.0,15.2,15,1.205900532588578,0.8260869565217391,60.0,100.0,3.0,0.6,0.0,0.0,5,0.0,0.0,0.0,0.0,0.0,0.0,100.0,1.0,0.0,100.0,1.0,0.0,100.0,1.0,0.0
318,actuated,0,0,322.5146879456414,107.50489598188047,1300341.103688318,260068.22073766362,912.0,48.0,31446.170233398956,1655.061591231524,19.0,1.5354244505750936,60.0,15.8,15,2.4321237085292657,0.8315789473684211,60.0,100.0,3.0,0.6,0.0,0.0,5,0.0,0.0,0.0,0.0,0.0,0.0,100.0,1.0,0.0,100.0,1.0,0.0,100.0,1.0,0.0
319,actuated,3,0,624.8471348468959,135.83633366236867,400624.8471348469,80124.96942696939,446.4,24.52747252747253,30925.05430668519,1699.178808059626,18.2,2.1534140488215616,42.22752886478429,10.4,13,2.926961686530144,0.5714285714285714,42.22752886478429,100.0,2.6,0.52,1.7957118595575878,0.0,5,0.0,0.0,0.0,11.13764432392145,0.2,8.978559297787939,60.0,0.8,0.0,40.0,0.6,0.0,100.0,1.0,0.0
320,actuated,3,3,347.5019136166758,82.73855086111328,338994.83317350235,67798.96663470047,272.6,16.226190476190474,30165.73900553704,1795.5797027105382,16.8,1.410285189180935,32.469431689271005,7.0,11,0.9298522883623996,0.4166666666666667,32.469431689271005,100.0,2.2,0.44000000000000006,0.7235002593717259,0.0,5,0.0,0.0,0.0,0.0,0.0,0.0,23.582358519529407,0.6,1.7284623454008696,38.76479992682562,0.6,1.88903895145776,100.0,1.0,0.0
321,actuated,3,3,130.134377699671,32.53359442491775,1000130.1343776997,200026.02687553994,307.0,21.319444444444443,28127.59902974636,1953.3054881768305,14.4,2.535622518472839,33.861817428035465,7.2,12,1.5103847909469197,0.5,33.861817428035465,100.0,2.4,0.48,1.6424448406397982,0.0,5,0.0,0.0,0.0,0.0,0.0,0.0,31.704690666597344,0.6,4.060408978508336,37.60439647357998,0.8,4.151815224690655,100.0,1.0,0.0
322,actuated,3,3,212.85346541253836,66.51670794141823,1003937.5619178526,200787.51238357052,344.0,27.741935483870968,19758.2049059915,1593.4036214509274,12.4,2.2212452684096418,20.70862374592889,8.4,8,2.003409598244748,0.6774193548387096,20.70862374592889,100.0,1.6,0.32,1.6902884284965691,0.0,5,3.5431187296444477,0.4,8.451442142482845,0.0,0.0,0.0,0.0,0.2,0.0,0.0,0.0,0.0,100.0,1.0,0.0
323,actuated,3,3,689.7895435032293,215.55923234475915,938187.3405063301,187637.46810126601,392.2,28.83823529411765,22099.215950617057,1624.9423493100778,13.6,1.965705607355459,20.535495636785527,10.4,7,2.975861019963399,0.7647058823529411,20.535495636785527,100.0,1.4,0.27999999999999997,1.7887831625901165,0.0,5,0.0,0.0,0.0,2.677478183927633,0.4,8.943915812950582,0.0,0.0,0.0,0.0,0.0,0.0,100.0,1.0,0.0
324,actuated,3,3,569.5200030912126,142.38000077280316,1032083.9032770386,206416.78065540773,446.0,29.342105263157894,26100.143317208443,1717.114691921608,15.2,2.334980995866612,22.136391207018278,11.6,6,4.226635337689757,0.7631578947368421,22.136391207018278,100.0,1.2,0.24,1.8723162625176346,0.0,5,0.0,0.0,0.0,0.0,0.0,0.0,0.0,0.0,0.0,10.681956035091389,0.2,9.361581312588173,100.0,1.0,0.0
325,actuated,2,3,381.47099801930256,76.2941996038605,381.47099801930256,76.2941996038605,168.2,11.680555555555555,26044.972837648365,1808.6786692811365,14.4,1.6856574955654477,12.0,6.4,4,1.0604332989895797,0.4444444444444444,12.0,60.0,0.8,0.16,0.0,0.0,5,0.0,0.0,0.0,0.0,0.0,0.0,0.0,0.0,0.0,0.0,0.0,0.0,60.0,0.8,0.0
326,actuated,2,2,168.41582115295594,33.68316423059119,168.41582115295594,33.68316423059119,87.4,7.283333333333333,24981.682680256352,2081.8068900213625,12.0,3.8144230099518546,6.524471841882587,4.2,5,2.427523201515455,0.35,6.524471841882587,26.914814373030822,1.0,0.2,2.170807536051617,0.0,5,5.707544836382112,0.4,9.012388774659486,0.0,0.0,0.0,0.0,0.0,0.0,0.0,0.0,0.0,26.914814373030822,0.6,1.8416489055985972
327,actuated,2,2,128.98526736866842,32.246316842167104,586140.6946771749,117228.13893543498,109.0,10.686274509803921,18189.253069227987,1783.2601048262732,10.2,5.358404668967744,34.10400064332498,5.0,13,4.992563324471891,0.49019607843137253,34.10400064332498,98.16251033943445,2.6,0.52,4.534972664983527,0.0,5,0.0,0.0,0.0,49.7200357179463,0.6,5.282028772058061,98.16251033943445,1.0,4.3300921861082315,3.2944251227490895,0.2,8.847093959618359,19.34303203649506,0.8,4.215648407132981
328,actuated,2,2,142.74614939015333,47.582049796717776,1168886.7587378726,233777.35174757452,138.2,14.395833333333334,14707.378403421602,1532.0185836897501,9.6,4.132174497129463,40.0,7.0,11,5.372778931016307,0.7291666666666666,40.0,100.0,2.2,0.44000000000000006,0.0,0.0,5,0.0,0.0,0.0,100.0,1.0,0.0,100.0,1.0,0.0,0.0,0.2,0.0,0.0,0.0,0.0
329,actuated,2,2,543.608890483471,143.0549711798608,1274247.215132576,254849.4430265152,177.0,14.75,20934.340638910515,1744.528386575876,12.0,2.275815199631048,40.0,8.6,10,3.695930692492752,0.7166666666666667,40.0,100.0,2.0,0.4,0.0,0.0,5,0.0,0.0,0.0,100.0,1.0,0.0,100.0,1.0,0.0,0.0,0.0,0.0,0.0,0.0,0.0
330,actuated,0,2,388.76072490843535,80.99181768925737,2909.08930907169,581.817861814338,44.8,3.9298245614035086,21904.873464412936,1921.4801284572752,11.4,2.15555553827282,26.187194825753977,3.4,9,1.2444614927413709,0.2982456140350877,26.187194825753977,60.0,1.8,0.36,1.8288265649225406,0.0,5,0.0,0.0,0.0,60.0,0.8,0.0,60.0,0.8,0.0,0.0,0.0,0.0,10.935974128769885,0.2,9.144132824612702
331,actuated,0,0,125.65086604066259,31.412716510165648,498451.26615283394,99690.25323056678,35.8,3.4423076923076925,19327.887426105404,1858.4507140485964,10.4,3.155998319900853,2.1614604842134213,4.2,2,2.1092942172871374,0.40384615384615385,2.1614604842134213,10.807302421067106,0.4,0.08,1.79104571249336,0.0,5,0.0,0.0,0.0,0.0,0.0,0.0,0.0,0.0,0.0,10.807302421067106,0.4,8.9552285624668,0.0,0.0,0.0
332,actuated,0,0,58.32841451950102,22.434005584423467,1241584.9224627083,248316.98449254167,63.2,6.448979591836735,17461.11442967546,1781.746370375047,9.8,3.2470195119057,16.283100048637607,6.4,7,3.966511736261059,0.6530612244897959,16.283100048637607,61.22177212833776,1.4000000000000001,0.28,5.112171518239466,0.0,5,9.238645074406122,0.4,9.104171395022423,10.955083040444151,0.2,9.128182746841663,61.22177212833776,0.8,7.328503449333245,0.0,0.0,0.0,0.0,0.0,0.0
333,actuated,0,0,382.11300441534166,119.41031387979426,2072793.1164319008,414558.62328638014,97.0,10.319148936170214,16015.230631040566,1703.7479394724007,9.4,3.997628119922847,20.0,7.2,5,5.372575926184126,0.7659574468085106,20.0,100.0,1.0,0.2,0.0,0.0,5,0.0,0.0,0.0,0.0,0.0,0.0,100.0,1.0,0.0,0.0,0.0,0.0,0.0,0.0,0.0
334,actuated,0,0,391.81680769903113,93.28971611881693,800391.8168076992,160078.36336153984,132.0,12.692307692307692,18947.852943571022,1821.908936881829,10.4,4.974970166768568,22.155770322560784,7.2,6,5.424719267835152,0.6923076923076923,22.155770322560784,100.0,1.2,0.24,1.8554852333473555,0.0,5,0.0,0.0,0.0,10.77885161280392,0.2,9.277426166736777,100.0,1.0,0.0,0.0,0.0,0.0,0.0,0.0,0.0
335,actuated,0,0,314.61354133087696,62.92270826617539,314.61354133087696,62.92270826617539,167.0,16.7,17517.415282039445,1751.7415282039444,10.0,6.500216753924124,20.57750045798639,7.0,6,6.067115849518281,0.7,20.57750045798639,100.0,1.2,0.24,1.3456101447462154,0.0,5,0.0,0.0,0.0,0.0,0.0,0.0,100.0,1.0,0.0,0.0,0.0,0.0,2.8875022899319447,0.2,6.728050723731077
336,actuated,0,0,242.4192031428835,63.794527142864084,436026.9916955243,87205.39833910487,203.2,17.82456140350877,18631.998041387378,1634.3857931041562,11.4,2.6795802298244973,44.752691111326385,8.0,12,4.230320087747949,0.7017543859649122,44.752691111326385,100.0,2.4,0.48,1.389052194852988,0.0,5,0.0,0.0,0.0,0.0,0.0,0.0,100.0,1.0,0.0,23.763455556631925,0.4,6.94526097426494,100.0,1.0,0.0
337,actuated,0,0,677.0547732127613,161.20351743160984,294093.614406971,58818.722881394206,245.0,17.753623188405797,22916.79086246072,1660.6370190188927,13.8,1.8055724057180667,60.0,9.2,15,1.8015087927602238,0.6666666666666666,60.0,100.0,3.0,0.6,0.0,0.0,5,0.0,0.0,0.0,0.0,0.0,0.0,100.0,1.0,0.0,100.0,1.0,0.0,100.0,1.0,0.0
338,actuated,0,0,231.6915978714584,57.9228994678646,950833.87748756,190166.77549751202,293.0,20.928571428571427,25311.170834727083,1807.9407739090773,14.0,3.0833841983837376,60.0,10.0,15,3.076303200798416,0.7142857142857143,60.0,100.0,3.0,0.6,0.0,0.0,5,0.0,0.0,0.0,0.0,0.0,0.0,100.0,1.0,0.0,100.0,1.0,0.0,100.0,1.0,0.0
339,actuated,0,0,131.50113464723466,32.875283661808666,1000131.501134647,200026.30022692942,343.0,25.984848484848484,23799.54152129661,1802.995569795198,13.2,5.0917572352776395,64.12494225801129,10.0,18,5.141428454489075,0.7575757575757576,64.12494225801129,100.0,3.6,0.72,3.6732600435801017,0.0,5,11.041521944548549,0.2,9.056722479220564,9.58318934550789,0.4,9.309577738679947,100.0,1.0,0.0,100.0,1.0,0.0,100.0,1.0,0.0
