step,control_mode,phase,prev_phase,TotalTravelTime,AvgTravelTime,TotalTravelTime_Raw,AvgTravelTime_Raw,TotalWaitingTime,AvgWaitingTime,TotalCO2,AvgCO2,VehCount,AvgSpeed,AvgOccupancy,QueueLength,Throughput,SpeedStd,HaltRatio,det_occ_mean,det_occ_max,det_veh_sum,det_veh_mean,det_speed_mean,det_speed_min,n_detectors,d0_occ,d0_veh,d0_speed,d1_occ,d1_veh,d1_speed,d2_occ,d2_veh,d2_speed,d3_occ,d3_veh,d3_speed,d4_occ,d4_veh,d4_speed
0,random,0,0,264.40291962315683,52.88058392463137,264.40291962315683,52.88058392463137,13.6,0.8395061728395061,31437.11598150523,1940.5627149077302,16.2,3.1448070341988914,20.374570971587502,3.6,11,1.424012647466586,0.2222222222222222,20.374570971587502,46.89702019554062,2.2,0.44000000000000006,2.0584502972842813,0.0,5,28.23144856177663,0.8,3.842071684435574,26.74438610062026,0.4,2.7159242857873287,0.0,0.0,0.0,0.0,0.0,0.0,46.89702019554062,1.0,3.734255516198503
1,random,0,0,297.5686680030944,59.51373360061888,297.5686680030944,59.51373360061888,18.6,1.1772151898734178,28610.410399728444,1810.7854683372432,15.8,2.894566863383119,42.71202345217574,4.6,14,1.8122799493843817,0.2911392405063291,42.71202345217574,100.0,2.8,0.5599999999999999,3.6371028511784993,0.0,5,2.70379528701568,0.6,8.974291501007976,100.0,1.0,0.0,0.0,0.0,0.0,10.856321973863032,0.2,9.21122275488452,100.0,1.0,0.0
2,random,0,0,330.0115714671491,68.75241072232274,669.3688259881039,133.8737651976208,51.0,3.2278481012658227,26109.448023832407,1652.4967103691397,15.8,2.154289041867977,22.243310883455592,8.6,7,1.237449857412824,0.5443037974683544,22.243310883455592,100.0,1.4,0.27999999999999997,1.7830787651858606,0.0,5,0.0,0.0,0.0,0.0,0.2,0.0,11.216554417277962,0.2,8.915393825929304,0.0,0.0,0.0,100.0,1.0,0.0
3,random,0,0,386.0104653066798,77.20209306133596,386.0104653066798,77.20209306133596,102.0,5.862068965517241,32322.58538429872,1857.6198496723403,17.4,2.6516782509087937,23.176583180678563,11.2,8,2.0297505416594155,0.6436781609195402,23.176583180678563,100.0,1.6,0.32,3.531764429192992,0.0,5,4.511382927068723,0.4,8.86493303636089,0.0,0.0,0.0,0.0,0.0,0.0,11.37153297632409,0.2,8.793889109604072,100.0,1.0,0.0
4,random,0,0,604.9436300927044,151.2359075231761,16237.459860140129,3247.491972028026,159.6,8.22680412371134,32326.829754628812,1666.3314306509697,19.4,1.4114395899358028,38.59024502722116,13.0,10,1.488511125052023,0.6701030927835051,38.59024502722116,100.0,2.0,0.4,0.995067478975901,0.0,5,0.0,0.0,0.0,0.0,0.0,0.0,92.95122513610579,1.0,4.975337394879505,0.0,0.0,0.0,100.0,1.0,0.0
5,random,1,0,438.9041239501572,91.43835915628276,691.2554241978802,138.25108483957604,201.0,10.05,34422.47003875913,1721.1235019379567,20.0,2.1278288044492224,50.52215898266184,12.4,14,1.958173719384266,0.62,50.522158982661836,100.0,2.8,0.5599999999999999,3.3786548061535226,0.0,5,10.409208418204514,0.2,9.60687844669451,42.201586495104664,0.6,7.286395584073105,100.0,1.0,0.0,0.0,0.0,0.0,100.0,1.0,0.0
6,random,1,1,721.8234705850897,144.36469411701793,721.8234705850897,144.36469411701793,265.0,13.118811881188119,36554.16258769058,1809.6120092916128,20.2,2.5059829099944224,60.0,14.0,15,1.9731188823784775,0.693069306930693,60.0,100.0,3.0,0.6,0.0,0.0,5,0.0,0.0,0.0,100.0,1.0,0.0,100.0,1.0,0.0,0.0,0.0,0.0,100.0,1.0,0.0
7,random,1,1,575.3442157998278,130.7600490454154,2234.1907149668928,446.83814299337854,335.6,15.830188679245284,35658.79459176973,1682.0186128193268,21.2,2.8109372721823522,64.35575061394673,15.2,17,2.706552186204056,0.7169811320754716,64.35575061394673,100.0,3.4000000000000004,0.68,3.676904164459536,0.0,5,10.548678400468248,0.2,9.479860528837534,100.0,1.0,0.0,100.0,1.0,0.0,11.230074669265377,0.2,8.904660293460147,100.0,1.0,0.0
8,random,1,1,954.0683402399687,207.40616092173235,23352.02203864813,4670.404407729626,417.0,18.616071428571427,38019.04661326383,1697.278866663564,22.4,1.8522155316784505,60.0,17.4,15,2.1015391095747447,0.7767857142857143,60.0,100.0,3.0,0.6,0.0,0.0,5,0.0,0.0,0.0,100.0,1.0,0.0,100.0,1.0,0.0,0.0,0.0,0.0,100.0,1.0,0.0
9,random,1,1,295.54761321968886,70.36847933802116,23871.464499580896,4774.2928999161795,503.2,21.689655172413794,39463.81853377553,1701.0266609386001,23.2,2.462511177843411,62.25066943681816,18.2,16,2.4486907423041573,0.7844827586206896,62.25066943681816,100.0,3.2,0.64,1.777248997371612,0.0,5,11.253347184090785,0.2,8.88624498685806,100.0,1.0,0.0,100.0,1.0,0.0,0.0,0.0,0.0,100.0,1.0,0.0
10,random,0,1,804.1860881119678,160.83721762239355,804.1860881119678,160.83721762239355,502.0,20.08,41387.97819091878,1655.5191276367511,25.0,2.344023472223293,58.224881894321015,16.0,16,2.0474562301704475,0.64,58.224881894321015,100.0,3.2,0.64,1.7978482409380707,0.0,5,0.0,0.0,0.0,80.0,1.0,0.0,100.0,1.0,0.0,11.124409471605077,0.2,8.989241204690353,100.0,1.0,0.0
11,random,0,0,538.7022354925788,122.43232624831334,51659.90689798665,10331.98137959733,558.0,22.32,42574.11150350815,1702.964460140326,25.0,2.18988639724858,49.770018264551936,17.2,14,2.27186915829071,0.688,49.770018264551936,100.0,2.8,0.5599999999999999,2.2794981746957257,0.0,5,10.666276389309246,0.2,9.375343029759616,38.183814933450435,0.6,2.0221478437190132,100.0,1.0,0.0,0.0,0.0,0.0,100.0,1.0,0.0
12,random,0,0,275.5614602731017,68.89036506827543,407875.8454363065,81575.1690872613,645.2,25.808,42150.813661696586,1686.0325464678635,25.0,2.50854398707752,44.368479334354,18.4,13,2.088860068331062,0.736,44.36847933435399,100.0,2.6,0.52,2.5222417583898666,0.0,5,6.1764962881289875,0.2,8.857157287187874,15.665900383640974,0.4,3.7540515047614598,100.0,1.0,0.0,0.0,0.0,0.0,100.0,1.0,0.0
13,random,0,0,232.25550541953004,61.11986984724475,2999851.0228636432,599970.2045727286,739.2,31.862068965517242,37909.00667061974,1634.0089082163681,23.2,2.468806114144023,40.37008992724793,19.2,13,2.1556330737881657,0.8275862068965517,40.37008992724793,100.0,2.6,0.52,1.8378923368267714,0.0,5,0.0,0.2,0.0,0.0,0.0,0.0,100.0,1.0,0.0,1.8504496362396594,0.4,9.189461684133857,100.0,1.0,0.0
14,random,0,0,311.4935454217646,111.24769479348737,1972901.2216683805,394580.2443336761,838.2,34.35245901639344,39442.40853417458,1616.492153039942,24.4,2.3464063577721985,42.16414368828702,20.6,11,3.101831039333622,0.8442622950819673,42.16414368828703,100.0,2.2,0.44000000000000006,1.8483061090856214,0.0,5,0.0,0.0,0.0,10.820718441435133,0.2,9.241530545428107,100.0,1.0,0.0,0.0,0.0,0.0,100.0,1.0,0.0
15,random,0,0,593.8912836812589,164.96980102257191,1053761.5310104368,210752.30620208738,942.2,35.421052631578945,42795.28082035027,1608.8451436221908,26.6,1.7740993096991766,42.26517320198309,21.6,11,2.4798086496019827,0.8120300751879699,42.26517320198309,100.0,2.2,0.44000000000000006,1.7658693809807233,0.0,5,11.325866009915444,0.2,8.829346904903616,0.0,0.0,0.0,100.0,1.0,0.0,0.0,0.0,0.0,100.0,1.0,0.0
16,random,0,0,317.1961125597528,79.2990281399382,1000317.1961125598,200063.43922251195,1051.0,39.21641791044776,45094.24460127922,1682.6210672119114,26.8,1.6699966321445219,40.0,22.2,10,1.4787125142513526,0.8283582089552238,40.0,100.0,2.0,0.4,0.0,0.0,5,0.0,0.0,0.0,0.0,0.0,0.0,100.0,1.0,0.0,0.0,0.0,0.0,100.0,1.0,0.0
17,random,1,0,461.2066208866364,115.3016552216591,1000461.2066208866,200092.2413241773,1114.0,41.56716417910448,44645.21993402679,1665.8664154487608,26.8,2.615225048350418,43.58689269192144,20.8,14,2.1845535689008715,0.7761194029850746,43.586892691921435,100.0,2.8,0.5599999999999999,2.983600016722143,0.0,5,8.523297756667034,0.4,8.686888324841854,0.0,0.0,0.0,100.0,1.0,0.0,9.411165702940139,0.4,6.231111758768859,100.0,1.0,0.0
18,random,1,1,368.8695406889244,102.463761302479,1001703.3897797999,200340.67795595998,1215.2,45.343283582089555,42951.88388255755,1602.6822344237892,26.8,1.7797500136946751,40.55071070657357,21.6,12,1.8265497549126848,0.8059701492537313,40.55071070657357,100.0,2.4,0.48,1.803867503218353,0.0,5,0.0,0.0,0.0,2.7535535328678407,0.4,9.019337516091765,100.0,1.0,0.0,0.0,0.0,0.0,100.0,1.0,0.0
19,random,1,1,490.37994134408825,153.24373167002756,1012844.4865435986,202568.89730871972,1326.0,47.697841726618705,45335.004254908985,1630.755548737733,27.8,1.8345738697348282,42.147502870019025,23.4,11,2.2876772503564617,0.841726618705036,42.147502870019025,100.0,2.2,0.44000000000000006,1.8626284769363608,0.0,5,10.737514350095125,0.2,9.313142384681804,0.0,0.0,0.0,100.0,1.0,0.0,0.0,0.0,0.0,100.0,1.0,0.0
20,random,1,1,370.9443919975186,97.6169452625049,1000800.2647090994,200160.0529418199,1441.0,50.38461538461539,47581.16045323799,1663.6769389244055,28.6,2.1460414158289187,40.0,23.2,10,2.1412964094945854,0.8111888111888111,40.0,100.0,2.0,0.4,0.0,0.0,5,0.0,0.0,0.0,0.0,0.0,0.0,100.0,1.0,0.0,0.0,0.0,0.0,100.0,1.0,0.0
21,random,1,1,85.03607553668897,28.345358512229655,1356182.8102432478,271236.56204864953,1558.0,54.09722222222222,47621.285334288244,1653.5168518850085,28.8,2.3139141796491427,42.19607926570234,24.0,14,2.2254751728844058,0.8333333333333334,42.19607926570234,100.0,2.8,0.5599999999999999,3.4990543458424512,0.0,5,4.89067355803229,0.4,8.541511727962645,0.0,0.0,0.0,100.0,1.0,0.0,6.089722770479398,0.4,8.953760001249611,100.0,1.0,0.0
22,random,1,1,541.3428662789262,159.2184900820371,2930141.369402632,586028.2738805264,1679.2,56.729729729729726,48618.79008167974,1642.5266919486398,29.6,2.4096709615170284,56.82348484935403,25.0,16,2.6435844877038264,0.8445945945945946,56.82348484935403,100.0,3.2,0.64,2.6967628727230872,0.0,5,7.056062390705051,0.4,8.948914630245417,77.0613618560651,0.8,4.534899733370018,100.0,1.0,0.0,0.0,0.0,0.0,100.0,1.0,0.0
23,random,1,1,316.1606209039093,98.80019403247165,1041257.4787416697,208251.49574833392,1805.2,60.17333333333333,48428.362550038015,1614.2787516679339,30.0,2.244643781768245,62.053641791996256,26.0,17,2.603340341876415,0.8666666666666667,62.053641791996256,100.0,3.4,0.6799999999999999,1.7834400973655282,0.0,5,0.0,0.0,0.0,100.0,1.0,0.0,100.0,1.0,0.0,10.26820895998128,0.4,8.91720048682764,100.0,1.0,0.0
24,random,2,1,391.27897091024215,108.68860303062282,1566716.3623445868,313343.27246891736,1582.4,54.56551724137931,48743.985320027314,1680.8270800009418,29.0,2.010484556211093,53.57662706855763,23.0,16,2.0860913053116596,0.7931034482758621,53.57662706855763,100.0,3.2,0.64,1.8111598877981308,0.0,5,7.883135342788137,0.4,9.055799438990654,100.0,1.0,0.0,100.0,1.0,0.0,0.0,0.0,0.0,60.0,0.8,0.0
25,random,2,2,211.03462383376845,58.620728842713454,1001190.1240105678,200238.02480211356,1207.6,44.07299270072993,45847.1661971723,1673.2542407727117,27.4,2.4544742195723,47.4620167833583,18.8,13,2.4497020553663003,0.6861313868613139,47.46201678335831,100.0,2.6,0.52,0.4225298096481798,0.0,5,0.0,0.0,0.0,100.0,1.0,0.0,100.0,1.0,0.0,0.0,0.0,0.0,37.31008391679154,0.6,2.112649048240899
26,random,2,2,358.94548973569357,105.57220286343929,1323141.4906527237,264628.2981305447,1001.0,37.074074074074076,47862.996533021076,1772.703575297077,27.0,2.6829911552535832,46.05984385212185,16.6,17,3.0235037399030054,0.6148148148148148,46.059843852121844,100.0,3.4,0.6799999999999999,4.248974238787376,0.0,5,2.268076106244621,0.4,8.940165566559882,100.0,1.0,0.0,100.0,1.0,0.0,9.585508275191046,0.4,8.418296745978296,18.445634879173554,0.6,3.8864088813987006
27,random,2,2,249.28543052425852,62.32135763106463,1000249.2854305243,200049.85708610486,988.6,36.88805970149254,45335.135797906674,1691.6095446980103,26.8,1.862208582076966,49.90354529573392,16.6,14,1.5143402655654399,0.6194029850746269,49.90354529573392,100.0,2.8,0.5599999999999999,1.0503520652996574,0.0,5,0.0,0.0,0.0,100.0,1.0,0.0,100.0,1.0,0.0,0.0,0.0,0.0,49.5177264786696,0.8,5.251760326498287
28,random,2,2,198.22869808509503,49.55717452127376,1000198.2286980848,200039.64573961697,1077.4,37.67132867132867,46596.8791252313,1629.2615078752203,28.6,2.41935612218703,61.54765488746443,19.0,16,2.055161104407527,0.6643356643356644,61.54765488746443,100.0,3.2,0.64,1.7170797032862901,0.0,5,7.738274437322161,0.2,8.58539851643145,100.0,1.0,0.0,100.0,1.0,0.0,0.0,0.0,0.0,100.0,1.0,0.0
29,random,1,2,259.32221649800033,81.0381926556251,1662225.8170473746,332445.1634094749,1181.4,41.020833333333336,46303.29926370883,1607.7534466565567,28.8,2.7690030486634667,62.179017787956695,22.6,17,3.2652805472247404,0.7847222222222222,62.179017787956695,100.0,3.4000000000000004,0.68,1.8066875539720058,0.0,5,0.0,0.2,0.0,100.0,1.0,0.0,100.0,1.0,0.0,10.895088939783477,0.2,9.03343776986003,100.0,1.0,0.0
30,random,1,1,634.3004795212028,176.19457764477855,1200864.5862814765,240172.9172562953,1304.2,42.34415584415584,48966.20297702788,1589.8117849684377,30.8,3.624671980363428,62.12890321985765,26.2,17,5.086766534368395,0.8506493506493507,62.12890321985765,100.0,3.4000000000000004,0.68,1.878901756871534,0.0,5,10.64451609928824,0.2,9.39450878435767,100.0,1.0,0.0,100.0,1.0,0.0,0.0,0.2,0.0,100.0,1.0,0.0
31,random,1,1,349.75069918322237,116.58356639440746,1278503.762882578,255700.7525765156,1437.6,45.49367088607595,50510.66650099916,1598.4388133227583,31.6,1.5905593968043847,60.0,27.8,15,2.948603738363862,0.879746835443038,60.0,100.0,3.0,0.6,0.0,0.0,5,0.0,0.0,0.0,100.0,1.0,0.0,100.0,1.0,0.0,0.0,0.0,0.0,100.0,1.0,0.0
32,random,1,1,210.94384997954268,70.31461665984756,5027978.112046505,1005595.6224093011,1577.2,48.08536585365854,52655.68872240626,1605.3563634879956,32.8,1.8837698523104698,60.0,28.4,15,2.117728557682921,0.8658536585365854,60.0,100.0,3.0,0.6,0.0,0.0,5,0.0,0.0,0.0,100.0,1.0,0.0,100.0,1.0,0.0,0.0,0.0,0.0,100.0,1.0,0.0
33,random,1,1,215.6052924797469,71.8684308265823,5921375.047160904,1184275.0094321808,1721.0,52.79141104294479,53386.68037095604,1637.6282322379154,32.6,2.5963743795693004,62.177322541551575,29.2,16,3.090345806525455,0.8957055214723927,62.177322541551575,100.0,3.2,0.64,1.8371187197417118,0.0,5,10.886612707757877,0.2,9.185593598708559,100.0,1.0,0.0,100.0,1.0,0.0,0.0,0.0,0.0,100.0,1.0,0.0
34,random,0,1,192.20561531135567,64.06853843711856,2000192.2056153114,400038.4411230623,1653.8,50.73006134969325,52331.21616238515,1605.252029521017,32.6,2.2924760683647896,55.39472817324736,26.8,17,3.0389025280252198,0.8220858895705522,55.39472817324736,100.0,3.4000000000000004,0.68,3.72318769283586,0.0,5,6.649798422919275,0.4,8.929622487444432,60.0,0.8,0.0,100.0,1.0,0.0,10.323842443317517,0.2,9.686315976734868,100.0,1.0,0.0
35,random,0,0,172.00956905710896,57.33652301903632,5955858.0588567015,1191171.6117713402,1675.4,53.69871794871795,51546.455223665725,1652.129975117491,31.2,1.4208643993387364,45.0269686176232,24.8,13,1.6096904392026206,0.7948717948717948,45.0269686176232,100.0,2.6,0.52,0.37714559035523837,0.0,5,0.0,0.0,0.0,25.134843088115986,0.6,1.8857279517761918,100.0,1.0,0.0,0.0,0.0,0.0,100.0,1.0,0.0
36,random,0,0,80.79606737715636,26.93202245905212,3817745.0917738625,763549.0183547725,1792.0,58.94736842105263,51634.385901265465,1698.4995362258376,30.4,2.260996309389071,43.83406317613185,24.2,15,2.0467617931662345,0.7960526315789473,43.83406317613185,100.0,3.0,0.6,2.5756208429987386,0.0,5,8.43319329201222,0.2,9.032001427188519,10.737122588647026,0.8,3.8461027878051737,100.0,1.0,0.0,0.0,0.0,0.0,100.0,1.0,0.0
37,random,0,0,89.25342869696453,29.751142898988178,2000089.253428697,400017.85068573937,1912.2,64.60135135135135,47532.50106710093,1605.82773875341,29.6,2.3439519354972718,44.154594864234696,24.4,15,2.2597120267575193,0.8243243243243243,44.154594864234696,100.0,3.0,0.6,2.8843775395594307,0.0,5,0.0,0.2,0.0,11.964081745201156,0.4,5.331186790816372,100.0,1.0,0.0,8.808892575972322,0.4,9.090700906980782,100.0,1.0,0.0
38,random,0,0,186.23962607534392,62.07987535844797,2000186.2396260756,400037.2479252151,2040.2,65.81290322580645,50050.79839881366,1614.5418838326989,31.0,1.4518555687933787,40.171541976985736,26.8,12,1.8076772202845923,0.864516129032258,40.171541976985736,100.0,2.4,0.48,1.791167933903635,0.0,5,0.8577098849286813,0.4,8.955839669518175,0.0,0.0,0.0,100.0,1.0,0.0,0.0,0.0,0.0,100.0,1.0,0.0
39,random,0,0,125.79605774041963,41.93201924680654,2000125.7960577402,400025.15921154805,2175.0,70.16129032258064,50000.401952068125,1612.9161920021975,31.0,1.6164772355527008,40.76583551640306,27.4,11,1.7064884510922176,0.8838709677419355,40.76583551640306,100.0,2.2,0.44000000000000006,1.3029892508067051,0.0,5,0.0,0.0,0.0,3.8291775820152907,0.2,6.514946254033526,100.0,1.0,0.0,0.0,0.0,0.0,100.0,1.0,0.0
40,random,1,0,165.82607159442642,55.27535719814214,2000165.8260715944,400033.1652143189,2273.8,71.95569620253164,51503.31073477686,1629.8516055309133,31.6,1.75486062119998,62.720094371445384,26.2,16,1.9437375129453804,0.8291139240506329,62.720094371445384,100.0,3.2,0.64,1.3347817862787485,0.0,5,0.0,0.0,0.0,100.0,1.0,0.0,100.0,1.0,0.0,13.600471857226921,0.2,6.6739089313937425,100.0,1.0,0.0
41,random,1,1,121.0507817773267,40.35026059244223,2000121.0507817776,400024.2101563555,2402.0,76.4968152866242,51186.31143491656,1630.1373068444766,31.4,1.696281300493967,62.1501722539374,26.2,18,1.6587097566409466,0.8343949044585988,62.1501722539374,100.0,3.6,0.72,1.804150719419122,0.0,5,10.750861269686993,0.4,9.02075359709561,100.0,1.0,0.0,100.0,1.0,0.0,0.0,0.2,0.0,100.0,1.0,0.0
42,random,1,1,73.66696239886139,28.333447076485147,2013821.5914823841,402764.31829647685,2532.6,84.42,48676.699984069855,1622.5566661356618,30.0,2.4557366085137016,60.28742924330186,26.4,17,2.7266302485455616,0.88,60.28742924330186,100.0,3.4,0.6799999999999999,1.8157590139470994,0.0,5,1.4371462165092908,0.4,9.078795069735497,100.0,1.0,0.0,100.0,1.0,0.0,0.0,0.0,0.0,100.0,1.0,0.0
43,random,1,1,310.1704935952005,119.29634369046174,2834913.034466198,566982.6068932397,2667.0,86.03225806451613,50384.1734246819,1625.2959169252226,31.0,2.095938393467699,61.09217580998393,27.6,17,2.6088940535391227,0.8903225806451613,61.09217580998393,100.0,3.4,0.6799999999999999,1.7087199030630296,0.0,5,0.0,0.0,0.0,100.0,1.0,0.0,100.0,1.0,0.0,5.46087904991964,0.4,8.543599515315147,100.0,1.0,0.0
44,random,1,1,174.13019622304492,58.043398741014975,2000174.130196223,400034.8260392446,2802.0,90.97402597402598,49756.167105677785,1615.4599709635643,30.8,1.9112626151096066,62.25529007813043,27.0,16,2.1421800226174748,0.8766233766233766,62.25529007813043,100.0,3.2,0.64,1.7736077672615338,0.0,5,11.276450390652144,0.2,8.868038836307669,100.0,1.0,0.0,100.0,1.0,0.0,0.0,0.0,0.0,100.0,1.0,0.0
45,random,1,1,113.15016403982447,37.71672134660816,2000113.1501640403,400022.63003280805,2937.0,95.35714285714286,50086.6950263903,1626.191396960724,30.8,2.302364625924683,60.0,27.2,15,2.574492397078069,0.8831168831168831,60.0,100.0,3.0,0.6,0.0,0.0,5,0.0,0.0,0.0,100.0,1.0,0.0,100.0,1.0,0.0,0.0,0.0,0.0,100.0,1.0,0.0
46,random,2,1,626.6569983322181,195.83031197881814,1055526.8717606007,211105.37435212015,2789.0,91.74342105263158,49934.81642918115,1642.5926456967481,30.4,3.424241733756273,56.21140530419166,25.0,17,4.521678451186191,0.8223684210526315,56.21140530419166,100.0,3.4000000000000004,0.68,3.5392899859695035,0.0,5,11.245212296514637,0.2,8.892673376294923,100.0,1.0,0.0,100.0,1.0,0.0,9.811814224443651,0.4,8.803776553552595,60.0,0.8,0.0
47,random,2,2,366.2695810062995,96.38673184376303,1200366.2695810064,240073.25391620127,2451.4,84.53103448275863,49245.7490587972,1698.1292778895586,29.0,2.5049981707635256,46.09132058906539,20.4,13,3.8634925291865456,0.7034482758620689,46.09132058906539,100.0,2.6,0.52,0.3664854164159633,0.0,5,0.0,0.0,0.0,100.0,1.0,0.0,100.0,1.0,0.0,0.0,0.0,0.0,30.45660294532695,0.6,1.8324270820798165
48,random,2,2,187.80442422325922,46.951106055814805,1000187.8044242233,200037.56088484466,2245.6,80.77697841726619,49873.30820710843,1794.0038923420298,27.8,2.2541551402080806,46.45175618341,16.6,16,1.7833942788894368,0.5971223021582733,46.45175618341,100.0,3.2,0.64,2.6538567536048596,0.0,5,9.457750228983741,0.4,9.443042260967196,100.0,1.0,0.0,100.0,1.0,0.0,0.0,0.0,0.0,22.80103068806625,0.8,3.8262415070571016
49,random,2,2,141.83701181546647,44.32406619233327,1033953.3766278414,206790.67532556827,2277.8,83.74264705882354,45761.81348028598,1682.419613245808,27.2,2.731255302389095,47.732143354917525,17.8,14,2.421570115953882,0.6544117647058824,47.732143354917525,100.0,2.8,0.5599999999999999,1.1069695004953755,0.0,5,0.0,0.0,0.0,100.0,1.0,0.0,100.0,1.0,0.0,0.0,0.0,0.0,38.66071677458763,0.8,5.534847502476877
50,random,2,2,94.0005632544716,31.333521084823868,1840445.0252679742,368089.0050535948,2374.2,80.20945945945945,46918.1716666058,1585.0733671150608,29.6,2.7213281843690447,64.3539003142721,21.0,18,2.991423507031898,0.7094594594594594,64.3539003142721,100.0,3.6,0.72,3.3910500167684177,0.0,5,11.74679218938536,0.2,8.51296238051798,100.0,1.0,0.0,100.0,1.0,0.0,10.022709381975119,0.4,8.44228770332411,100.0,1.0,0.0
51,random,1,2,548.3480856028531,137.08702140071327,1000548.3480856027,200109.66961712055,2484.0,81.17647058823529,49241.499548227686,1609.1993316414275,30.6,1.4240917649784584,60.0,23.6,15,1.6899768706457436,0.7712418300653595,60.0,100.0,3.0,0.6,0.0,0.0,5,0.0,0.0,0.0,100.0,1.0,0.0,100.0,1.0,0.0,0.0,0.0,0.0,100.0,1.0,0.0
52,random,1,1,448.3707090469543,112.09267726173857,1000448.3707090467,200089.67414180934,2609.0,81.53125,52559.26529777085,1642.477040555339,32.0,2.2302996493637406,61.4056346366192,26.0,16,2.3666190726017,0.8125,61.4056346366192,100.0,3.2,0.64,1.7897347151301801,0.0,5,7.028173183095987,0.2,8.9486735756509,100.0,1.0,0.0,100.0,1.0,0.0,0.0,0.0,0.0,100.0,1.0,0.0
53,random,1,1,738.4572171697412,205.12700476937255,1001539.4211511014,200307.88423022028,2745.2,79.34104046242774,55337.70189853341,1599.3555462003876,34.6,1.9951588544481873,62.19306844435141,29.2,17,2.492250433043269,0.8439306358381503,62.19306844435141,100.0,3.4000000000000004,0.68,1.823928482625621,0.0,5,0.0,0.2,0.0,100.0,1.0,0.0,100.0,1.0,0.0,10.965342221757055,0.2,9.119642413128105,100.0,1.0,0.0
54,random,1,1,212.66280401096338,70.8876013369878,3777021.679740768,755404.3359481536,2893.0,84.5906432748538,56222.805714704584,1643.9416875644615,34.2,1.9863332389941213,62.14754364180067,30.0,16,2.4243443281582997,0.8771929824561403,62.14754364180067,100.0,3.2,0.64,1.8625931143574295,0.0,5,10.737718209003333,0.2,9.312965571787148,100.0,1.0,0.0,100.0,1.0,0.0,0.0,0.0,0.0,100.0,1.0,0.0
55,random,1,1,71.58211895441224,32.5373267974601,5551689.2399014775,1110337.8479802955,3044.2,91.1437125748503,52318.266888194405,1566.4151762932456,33.4,2.072241985287142,60.0,30.8,15,2.5695324679667193,0.9221556886227545,60.0,100.0,3.0,0.6,0.0,0.0,5,0.0,0.0,0.0,100.0,1.0,0.0,100.0,1.0,0.0,0.0,0.0,0.0,100.0,1.0,0.0
56,random,1,1,30.430048112569267,15.215024056284634,10422699.633846063,2084539.9267692126,3199.0,94.08823529411765,55036.279730987735,1618.7141097349333,34.0,2.6897164251916212,64.36523182618839,31.2,17,3.5203422433981717,0.9176470588235294,64.36523182618839,100.0,3.4000000000000004,0.68,3.665405841022659,0.0,5,10.96384486366901,0.2,9.12088790414856,100.0,1.0,0.0,100.0,1.0,0.0,10.86231426727295,0.2,9.206141300964735,100.0,1.0,0.0
57,random,2,1,654.0848443957434,204.4015138736698,1201803.7258020283,240360.74516040567,3244.6,97.1437125748503,53943.5811504601,1615.0772799538954,33.4,1.2536995585457915,52.0,28.6,14,1.883077493095805,0.8562874251497006,52.0,100.0,2.8,0.5599999999999999,0.0,0.0,5,0.0,0.0,0.0,100.0,1.0,0.0,100.0,1.0,0.0,0.0,0.0,0.0,60.0,0.8,0.0
58,random,2,2,339.8604912261788,89.43697137531021,1001481.5063135626,200296.3012627125,3227.2,98.39024390243902,55537.15264418798,1693.205873298414,32.8,2.0573401199819803,47.63223212763069,24.0,14,2.1296282330774488,0.7317073170731707,47.63223212763069,100.0,2.8000000000000003,0.56,2.2628176541184133,0.0,5,10.866516518798335,0.2,9.202581142448622,100.0,1.0,0.0,100.0,1.0,0.0,0.0,0.0,0.0,27.294644119355098,0.6,2.1115071281434443
59,random,2,2,231.37151027844797,72.30359696201499,1625186.2560485187,325037.25120970374,3039.0,98.03225806451613,54093.473828777125,1744.9507686702298,31.0,2.343923780038821,42.63260611619398,21.0,14,2.4710451575577825,0.6774193548387096,42.63260611619398,100.0,2.8,0.5599999999999999,0.7750145019143286,0.0,5,0.0,0.0,0.0,100.0,1.0,0.0,100.0,1.0,0.0,0.0,0.0,0.0,13.163030580969917,0.8,3.875072509571643
60,random,2,2,629.3865669004535,143.04240156828487,400915.0154485858,80183.00308971715,1904.0,59.874213836477985,54659.98418896661,1718.8674273259942,31.8,3.068698863957149,35.43103474252575,17.0,13,3.025552758413911,0.5345911949685535,35.43103474252575,100.0,2.5999999999999996,0.5199999999999999,5.050200318767528,0.0,5,7.111534371705375,0.2,9.184283740818502,100.0,1.0,0.0,38.85681503811156,0.6,2.2518759793347565,11.053150029255221,0.2,9.04719466716025,20.133674273556608,0.6,4.767647206524127
61,random,2,2,661.8478242667404,132.3695648533481,661.8478242667404,132.3695648533481,1089.4,33.012121212121215,52299.61978500425,1584.836963181947,33.0,2.0678016594099162,60.0,18.2,16,2.3811697822094695,0.5515151515151515,60.0,100.0,3.2,0.64,0.0,0.0,5,0.0,0.2,0.0,100.0,1.0,0.0,100.0,1.0,0.0,0.0,0.0,0.0,100.0,1.0,0.0
62,random,0,2,607.6928908827084,132.10715019189314,1360.0747693020508,272.0149538604102,429.8,12.94578313253012,51831.53301716101,1561.190753528946,33.2,1.5111522676464129,53.66002165477812,19.2,16,1.4199126920980099,0.5783132530120482,53.66002165477812,100.0,3.2,0.64,1.6910352984815837,0.0,5,8.3001082738906,0.4,8.455176492407919,60.0,0.8,0.0,100.0,1.0,0.0,0.0,0.0,0.0,100.0,1.0,0.0
63,random,0,0,422.8192628767321,100.67125306588859,3732.690498355714,746.5380996711428,215.0,6.437125748502994,55225.732796046264,1653.4650537738403,33.4,1.6815704559515487,48.63874400103896,21.8,15,1.481791693667131,0.6526946107784432,48.63874400103896,100.0,3.0,0.6,2.25176346707791,0.0,5,0.0,0.0,0.0,33.38388943218206,0.6,2.292172671001398,100.0,1.0,0.0,9.809830573012732,0.4,8.966644664388152,100.0,1.0,0.0
64,random,0,0,678.2755537422173,169.56888843555433,230002.02084376538,46000.40416875308,250.6,7.242774566473988,58916.86824092267,1702.7996601422735,34.6,1.7616494661585482,46.21529906659862,22.6,15,2.1004913723750906,0.653179190751445,46.21529906659862,100.0,3.0,0.6,2.594150648611039,0.0,5,6.5424531950213805,0.2,9.281484813243152,24.53404213797171,0.8,3.6892684298120444,100.0,1.0,0.0,0.0,0.0,0.0,100.0,1.0,0.0
65,random,0,0,444.03713020237035,130.59915594187365,1585625.3868619525,317125.0773723905,368.4,10.709302325581396,55046.67283671179,1600.1939778113892,34.4,1.8449807744117168,45.08749465629148,25.0,14,1.9652594437718722,0.7267441860465116,45.08749465629148,100.0,2.8,0.5599999999999999,1.1199250244403562,0.0,5,0.0,0.2,0.0,25.437473281457414,0.6,5.599625122201781,100.0,1.0,0.0,0.0,0.0,0.0,100.0,1.0,0.0
66,random,0,0,230.8588315378409,76.95294384594696,2070180.7996079512,414036.15992159024,503.6,14.388571428571428,54207.26014641143,1548.7788613260407,35.0,1.3745622785686118,62.143022806816816,28.2,16,1.3329488593295915,0.8057142857142857,62.143022806816816,100.0,3.2,0.64,1.866522366106539,0.0,5,10.715114034084081,0.2,9.332611830532695,100.0,1.0,0.0,100.0,1.0,0.0,0.0,0.0,0.0,100.0,1.0,0.0
67,random,0,0,481.08925129471817,200.45385470613257,2001325.2062047918,400265.0412409584,656.0,17.4468085106383,58307.0739511343,1550.7200518918696,37.6,0.4992016749617836,76.99621536933114,33.0,20,0.6926793734327468,0.8776595744680851,76.99621536933114,100.0,4.0,0.8,1.3379160983322618,0.0,5,0.0,0.0,0.0,100.0,1.0,0.0,100.0,1.0,0.0,84.9810768466557,1.0,6.689580491661308,100.0,1.0,0.0
68,random,3,0,510.2146354992519,141.7262876386811,1001098.1486748939,200219.62973497878,651.2,17.50537634408602,60843.08996451045,1635.5669345298509,37.2,1.0540380924689483,68.649316677858,28.8,20,1.129351924675727,0.7741935483870968,68.649316677858,100.0,4.0,0.8,1.419498399703573,0.0,5,23.24658338928998,0.4,7.0974919985178655,100.0,1.0,0.0,60.0,0.8,0.0,60.0,0.8,0.0,100.0,1.0,0.0
69,random,3,3,382.5474418549099,95.63686046372747,1000382.5474418551,200076.50948837103,639.6,17.865921787709496,59944.81381221344,1674.436140005962,35.8,1.5474600756950405,65.67159637589657,26.2,18,1.6168176117640798,0.7318435754189944,65.67159637589657,100.0,3.6,0.72,0.4209441843985239,0.0,5,100.0,1.0,0.0,100.0,1.0,0.0,28.35798187948285,0.6,2.1047209219926195,0.0,0.0,0.0,100.0,1.0,0.0
70,random,3,3,456.6032362281923,134.2950694788801,1007481.8917363692,201496.37834727386,654.0,19.011627906976745,57210.70793014501,1663.1019747135176,34.4,1.416282255586625,68.510091318773,24.0,21,1.5173110682622162,0.6976744186046512,68.510091318773,100.0,4.2,0.8400000000000001,2.5659007191937904,0.0,5,100.0,1.0,0.0,100.0,1.0,0.0,31.219165077089883,1.0,4.004384248191347,11.331291516775082,0.2,8.825119347777603,100.0,1.0,0.0
71,random,3,3,357.91329143919506,89.47832285979877,1000357.9132914392,200071.58265828784,745.0,22.172619047619047,59570.96212218611,1772.945301255539,33.6,2.1841325213416485,63.60217205464801,23.4,19,2.112372492152847,0.6964285714285714,63.60217205464801,100.0,3.8,0.76,1.1472713836579362,0.0,5,100.0,1.0,0.0,100.0,1.0,0.0,18.01086027324004,0.8,5.736356918289681,0.0,0.0,0.0,100.0,1.0,0.0
72,random,3,3,258.37720758361786,71.77144655100496,1007208.454702336,201441.6909404672,862.2,26.286585365853657,54975.679591222666,1676.087792415325,32.8,2.6967420161004925,67.75404687354171,24.6,19,3.0234639010628106,0.75,67.75404687354171,100.0,3.8000000000000003,0.76,3.181604855310453,0.0,5,100.0,1.0,0.0,100.0,1.0,0.0,27.791473894042156,0.6,6.799527899401172,10.978760473666398,0.2,9.108496377151093,100.0,1.0,0.0
73,random,3,3,205.95702799767497,68.65234266589165,2532913.0156191485,506582.6031238297,987.6,28.709302325581394,52606.74581865,1529.265866821221,34.4,1.2723361896293657,67.87593467550846,26.2,19,1.5211857338293522,0.7616279069767442,67.87593467550846,100.0,3.8,0.76,1.2515368802160358,0.0,5,100.0,1.0,0.0,100.0,1.0,0.0,39.379673377542304,0.8,6.257684401080179,0.0,0.0,0.0,100.0,1.0,0.0
74,random,0,3,577.2570257214123,151.90974361089798,1000869.7281410843,200173.94562821687,899.4,26.609467455621303,55788.010446096036,1650.532853434794,33.8,1.0733605263106976,64.0,24.0,18,0.9393326853086815,0.7100591715976331,64.0,100.0,3.6,0.72,0.0,0.0,5,60.0,0.8,0.0,60.0,0.8,0.0,100.0,1.0,0.0,0.0,0.0,0.0,100.0,1.0,0.0
75,random,0,0,214.9537528655163,53.73843821637907,1000214.9537528654,200042.99075057308,825.8,23.86705202312139,60888.430354532626,1759.78122411944,34.6,1.7253626680913738,54.39317811530168,19.0,17,1.2993007971537016,0.5491329479768786,54.39317811530168,100.0,3.4000000000000004,0.68,2.62917206870617,0.0,5,39.47622033169637,0.6,2.2548075369857337,25.067056112210366,0.6,1.8927650195360874,100.0,1.0,0.0,7.422614132601666,0.2,8.99828778700903,100.0,1.0,0.0
76,random,0,0,327.97325113389667,91.10368087052684,1012216.922277902,202443.3844555804,889.8,27.462962962962962,56518.67810211127,1744.403645126891,32.4,1.8745355721893064,52.45942699952684,19.0,19,1.6741826619337268,0.5864197530864198,52.45942699952684,100.0,3.8000000000000003,0.76,1.5309119655300034,0.0,5,34.378737005104085,0.6,3.74878273135944,27.918397992530117,1.0,3.9057770962905773,100.0,1.0,0.0,0.0,0.2,0.0,100.0,1.0,0.0
77,random,0,0,436.25442036568495,109.06360509142124,1000436.2544203658,200087.25088407315,989.8,31.32278481012658,52318.09128097133,1655.6358000307384,31.6,2.112264728841317,45.91380322036912,21.4,16,2.1613816730584383,0.6772151898734177,45.91380322036912,100.0,3.2,0.64,1.7863779928318713,0.0,5,1.0599184574948595,0.6,4.520282914209724,28.50909764435073,0.6,4.411607049949632,100.0,1.0,0.0,0.0,0.0,0.0,100.0,1.0,0.0
78,random,0,0,540.9016286485114,135.22540716212785,1000540.9016286485,200108.1803257297,1106.8,34.80503144654088,50569.08894206247,1590.222922706367,31.8,1.403837693947589,61.3921991582672,25.6,17,1.7269563004618758,0.8050314465408805,61.3921991582672,100.0,3.4,0.6799999999999999,1.7729383382014927,0.0,5,6.960995791336018,0.4,8.864691691007463,100.0,1.0,0.0,100.0,1.0,0.0,0.0,0.0,0.0,100.0,1.0,0.0
79,random,0,0,507.44785038202946,133.5389079952709,1023882.337869263,204776.4675738526,1242.2,38.104294478527606,52589.7051961289,1613.181140985549,32.6,1.5540578764565192,60.0,28.2,15,1.6396153360258852,0.8650306748466258,60.0,100.0,3.0,0.6,0.0,0.0,5,0.0,0.0,0.0,100.0,1.0,0.0,100.0,1.0,0.0,0.0,0.0,0.0,100.0,1.0,0.0
80,random,1,0,328.9463222820286,109.64877409400953,2989358.837147151,597871.7674294303,1333.8,41.166666666666664,51222.4932256991,1580.9411489413303,32.4,1.4385423050023247,77.50858777163171,27.6,22,2.0132092796375702,0.8518518518518519,77.50858777163171,100.0,4.4,0.8800000000000001,2.612971132872283,0.0,5,9.165993088953428,0.4,8.827975720446556,100.0,1.0,0.0,100.0,1.0,0.0,78.37694576920512,1.0,4.236879943914859,100.0,1.0,0.0
81,random,1,1,222.15191917491552,92.56329965621481,2005697.0811537616,401139.4162307523,1468.0,45.030674846625764,52410.348477902226,1607.679401162645,32.6,1.347617028265815,60.0,28.4,15,1.6923446490671508,0.8711656441717791,60.0,100.0,3.0,0.6,0.0,0.0,5,0.0,0.0,0.0,100.0,1.0,0.0,100.0,1.0,0.0,0.0,0.0,0.0,100.0,1.0,0.0
82,random,1,1,209.05063177300568,69.68354392433523,2000209.0506317727,400041.81012635457,1608.0,50.25,52753.10773111341,1648.534616597294,32.0,2.2558134392239153,61.7153959286793,28.2,17,2.6672611782675233,0.88125,61.7153959286793,100.0,3.4,0.6799999999999999,1.8243074949644509,0.0,5,8.576979643396498,0.4,9.121537474822254,100.0,1.0,0.0,100.0,1.0,0.0,0.0,0.0,0.0,100.0,1.0,0.0
83,random,1,1,144.21597268189814,48.071990893966046,2000144.2159726818,400028.84319453634,1748.0,52.96969696969697,54654.19162441837,1656.1876249823747,33.0,2.0614065101599586,62.12367445235486,28.2,16,2.2427892274962438,0.8545454545454545,62.12367445235486,100.0,3.2,0.64,1.8835278616101216,0.0,5,0.0,0.0,0.0,100.0,1.0,0.0,100.0,1.0,0.0,10.618372261774311,0.2,9.417639308050608,100.0,1.0,0.0
84,random,1,1,45.161476384422826,22.580738192211413,2089160.181667087,417832.0363334174,1890.0,58.333333333333336,51927.432174144444,1602.6985238933469,32.4,1.8662443599523877,62.1357226211544,29.2,16,2.51322539312526,0.9012345679012346,62.1357226211544,100.0,3.2,0.64,1.8729023892802714,0.0,5,10.678613105772001,0.2,9.364511946401358,100.0,1.0,0.0,100.0,1.0,0.0,0.0,0.0,0.0,100.0,1.0,0.0
85,random,1,1,395.5834334175532,131.86114447251774,7079037.370859238,1415807.4741718476,2035.0,61.666666666666664,54176.787891114785,1641.7208451852964,33.0,2.463039190087143,61.06847714326295,29.0,17,2.975199676999416,0.8787878787878788,61.06847714326295,100.0,3.4,0.6799999999999999,1.84629855055362,0.0,5,5.342385716314766,0.4,9.2314927527681,100.0,1.0,0.0,100.0,1.0,0.0,0.0,0.0,0.0,100.0,1.0,0.0
86,random,2,1,499.46160995708385,138.73933609918996,1001443.7669373283,200288.75338746567,1798.4,55.850931677018636,53383.979019307706,1657.8875471834692,32.2,1.794283689963608,54.2238439125008,26.4,15,2.2103478977844655,0.8198757763975155,54.2238439125008,100.0,3.0,0.6,1.7986873887663488,0.0,5,0.0,0.0,0.0,100.0,1.0,0.0,100.0,1.0,0.0,11.119219562503986,0.2,8.993436943831744,60.0,0.8,0.0
87,random,2,2,347.70220720718714,102.2653550609374,1011803.913728384,202360.78274567678,1399.2,44.560509554140125,52973.67844888943,1687.0598232130392,31.4,2.150442725755208,47.20089321626756,22.6,14,2.3964240398026746,0.7197452229299363,47.20089321626756,100.0,2.8000000000000003,0.56,2.2381056531688825,0.0,5,10.62964287944169,0.2,9.407653778604873,100.0,1.0,0.0,100.0,1.0,0.0,0.0,0.0,0.0,25.374823201896106,0.6,1.7828744872395383
88,random,2,2,443.1613611054298,110.79034027635745,1000443.1613611055,200088.6322722211,1026.4,34.67567567567568,52641.06169207858,1778.4142463540063,29.6,2.817739443639388,43.43345178091113,19.0,14,2.6305196324256688,0.6418918918918919,43.43345178091113,100.0,2.8,0.5599999999999999,0.8020191874953906,0.0,5,0.0,0.0,0.0,100.0,1.0,0.0,100.0,1.0,0.0,0.0,0.0,0.0,17.167258904555638,0.8,4.010095937476953
89,random,2,2,305.91287238395773,76.47821809598943,1000305.9128723841,200061.1825744768,1025.0,34.62837837837838,50059.98965402595,1691.215866690066,29.6,3.6411104197825175,46.712194497671135,18.2,16,3.627055136104204,0.6148648648648649,46.712194497671135,100.0,3.1999999999999997,0.6399999999999999,4.61962001746158,0.0,5,1.3449538187933285,0.4,8.713581430818888,100.0,1.0,0.0,100.0,1.0,0.0,6.642325991565485,0.4,8.787972787953914,25.57369267799686,0.4,5.5965458685350935
90,random,2,2,155.18514410640518,55.42326575228756,1594173.6648511314,318834.73297022627,1125.4,35.84076433121019,49213.99509681385,1567.3246846119062,31.4,1.122081680007956,60.0,22.8,15,1.1106442310633078,0.7261146496815286,60.0,100.0,3.0,0.6,0.0,0.0,5,0.0,0.0,0.0,100.0,1.0,0.0,100.0,1.0,0.0,0.0,0.0,0.0,100.0,1.0,0.0
91,random,2,2,175.15690177734854,58.38563392578285,2000175.1569017773,400035.0313803555,1248.4,37.83030303030303,52379.762848069025,1587.2655408505766,33.0,1.7499920015184594,60.47997729003191,26.2,17,1.9554794531830877,0.793939393939394,60.47997729003191,100.0,3.4,0.6799999999999999,1.8283873809128999,0.0,5,2.3998864501595563,0.4,9.1419369045645,100.0,1.0,0.0,100.0,1.0,0.0,0.0,0.0,0.0,100.0,1.0,0.0
92,random,3,2,841.908659653374,191.34287719394862,1918.89406611785,383.77881322356995,1109.8,31.89080459770115,56158.30344347817,1613.7443518240855,34.8,2.0695824738250677,56.0,26.8,15,2.860918555621321,0.7701149425287356,56.0,100.0,3.0,0.6,0.0,0.0,5,0.0,0.0,0.0,100.0,1.0,0.0,80.0,1.0,0.0,0.0,0.0,0.0,100.0,1.0,0.0
93,random,3,3,877.3325448792846,190.72446627810535,201517.06200772914,40303.41240154583,825.2,23.179775280898877,56939.74160237479,1599.4309438869323,35.6,1.9365151354500931,58.3189878656126,24.8,17,3.4266534576066725,0.6966292134831461,58.3189878656126,100.0,3.4000000000000004,0.68,3.638784057221695,0.0,5,42.244645418891196,0.6,7.409744812879716,100.0,1.0,0.0,38.19932266933165,0.6,1.8163467658314707,11.150971239840146,0.2,8.967828707397288,100.0,1.0,0.0
94,random,3,3,186.3714815996116,62.12382719987053,1123303.6095991682,224660.72191983362,734.0,21.091954022988507,58462.449016014245,1679.9554314946622,34.8,1.1067876935017376,65.63016729861238,24.6,18,1.109207097173195,0.7068965517241379,65.63016729861238,100.0,3.6,0.72,0.8141967675295435,0.0,5,100.0,1.0,0.0,100.0,1.0,0.0,28.150836493061888,0.6,4.070983837647717,0.0,0.0,0.0,100.0,1.0,0.0
95,random,3,3,585.4047223056693,154.0538742909656,3395992.0893000937,679198.4178600188,839.8,23.071428571428573,59596.42361035084,1637.2643848997484,36.4,1.9346060147079767,72.02507504822233,25.8,20,2.0056589538408387,0.7087912087912088,72.02507504822233,100.0,4.0,0.8,0.9659734499380702,0.0,5,100.0,1.0,0.0,100.0,1.0,0.0,60.12537524111167,1.0,4.829867249690351,0.0,0.0,0.0,100.0,1.0,0.0
96,random,3,3,354.41687344589735,98.44913151274926,5989910.939354898,1197982.1878709798,977.2,25.71578947368421,59412.79402286098,1563.4945795489732,38.0,1.561896914756074,82.18018740153684,29.6,22,2.0073450118185088,0.7789473684210526,82.18018740153684,100.0,4.4,0.8800000000000001,1.8230050486698748,0.0,5,100.0,1.0,0.0,100.0,1.0,0.0,100.0,1.0,0.0,10.900937007684206,0.4,9.115025243349374,100.0,1.0,0.0
97,random,3,3,306.7241088068457,102.2413696022819,4928694.424680354,985738.8849360708,1137.2,29.010204081632654,60828.18973204881,1551.739533980837,39.2,1.0884143639854091,80.0,33.8,20,1.4592646673922451,0.8622448979591837,80.0,100.0,4.0,0.8,0.0,0.0,5,100.0,1.0,0.0,100.0,1.0,0.0,100.0,1.0,0.0,0.0,0.0,0.0,100.0,1.0,0.0
98,random,2,3,767.2338905439567,213.1205251510991,1001450.0825444188,200290.01650888374,1098.4,28.4559585492228,61920.95486177203,1604.1698150718141,38.6,1.6128712679776205,64.0,30.4,18,2.5353447534680194,0.7875647668393783,64.0,100.0,3.5999999999999996,0.72,0.0,0.0,5,60.0,0.8,0.0,100.0,1.0,0.0,100.0,1.0,0.0,0.0,0.0,0.0,60.0,0.8,0.0
99,random,2,2,377.1682497004882,117.86507803140256,628985.5309952995,125797.1061990599,1041.0,27.53968253968254,63806.69316873162,1688.0077557865507,37.8,2.146785736886036,51.39202578655568,25.8,18,2.966054155257762,0.6825396825396826,51.39202578655568,100.0,3.6,0.72,2.511743009123196,0.0,5,21.41054254740766,0.6,1.797570571321835,100.0,1.0,0.0,100.0,1.0,0.0,7.174858421808494,0.4,8.712100355699658,28.374727963562236,0.6,2.0490441185944883
100,random,2,2,271.0978797802603,79.73467052360597,2290435.0833081775,458087.0166616355,1018.2,29.25862068965517,59193.97389999074,1700.9762614939868,34.8,1.717347685088558,50.6384910600932,22.2,19,1.6308504593028348,0.6379310344827587,50.6384910600932,100.0,3.8,0.76,1.5412380393587983,0.0,5,28.32999082575043,1.0,3.6355432620666344,100.0,1.0,0.0,100.0,1.0,0.0,0.0,0.0,0.0,24.86246447471558,0.8,4.070646934727358
101,random,2,2,66.26794165657392,22.089313885524643,4450624.14672674,890124.829345348,1109.2,33.01190476190476,57977.13535858963,1725.5099809104056,33.6,2.67202351066071,48.67993175303582,22.6,15,2.3215628298875917,0.6726190476190477,48.67993175303582,100.0,3.0,0.6,2.9518961713302794,0.0,5,5.189819746501598,0.2,8.715682062413542,100.0,1.0,0.0,100.0,1.0,0.0,0.0,0.0,0.0,38.209839018677485,0.8,6.043798794237854
102,random,2,2,403.5241485315273,118.68357309750803,1080378.482847277,216075.6965694554,1227.6,35.68604651162791,54394.48777485538,1581.235109734168,34.4,2.853754413191222,62.27974131397514,25.4,17,3.048544150113786,0.7383720930232558,62.27974131397514,100.0,3.4000000000000004,0.68,1.7545850379950714,0.0,5,0.0,0.2,0.0,100.0,1.0,0.0,100.0,1.0,0.0,11.398706569875685,0.2,8.772925189975357,100.0,1.0,0.0
103,random,1,2,377.6757538283633,104.90993161898982,2992809.249034172,598561.8498068344,1244.6,35.764367816091955,56415.96460496496,1621.148408188648,34.8,3.858489760120051,52.82829893565304,27.0,16,5.057605838802909,0.7758620689655172,52.82829893565304,100.0,3.2,0.64,1.8435184853337703,0.0,5,4.14149467826519,0.4,9.217592426668851,100.0,1.0,0.0,60.0,0.8,0.0,0.0,0.0,0.0,100.0,1.0,0.0
104,random,1,1,440.2545663424791,115.85646482696819,1200440.2545663423,240088.05091326847,1230.6,33.80769230769231,57709.43200497434,1585.4239561806137,36.4,1.2435841037010331,53.50491697337293,27.6,14,1.4817047616681935,0.7582417582417582,53.50491697337293,100.0,2.8,0.5599999999999999,0.37026801003798127,0.0,5,0.0,0.0,0.0,100.0,1.0,0.0,67.52458486686464,0.8,1.8513400501899064,0.0,0.0,0.0,100.0,1.0,0.0
105,random,1,1,717.6260027306355,179.40650068265887,1000717.6260027308,200143.52520054617,1234.6,32.83510638297872,59537.26753566928,1583.437966374183,37.6,2.141718440780001,62.15153387506234,27.8,16,2.422154806643055,0.7393617021276596,62.15153387506234,100.0,3.2,0.64,1.8591387504340822,0.0,5,10.757669375311707,0.2,9.295693752170411,100.0,1.0,0.0,100.0,1.0,0.0,0.0,0.0,0.0,100.0,1.0,0.0
106,random,1,1,343.04526174738174,122.5161649097792,1066251.8368877298,213250.36737754598,1373.2,35.94764397905759,59790.9723791632,1565.2087010252146,38.2,1.8864727310198242,60.0,32.0,15,2.437206003420751,0.837696335078534,60.0,100.0,3.0,0.6,0.0,0.0,5,0.0,0.0,0.0,100.0,1.0,0.0,100.0,1.0,0.0,0.0,0.0,0.0,100.0,1.0,0.0
107,random,1,1,41.47882701811011,20.739413509055055,7312224.292683396,1462444.858536679,1542.2,40.161458333333336,61564.42665311269,1603.2402774248096,38.4,1.9502116746589722,63.58088534464105,34.6,18,2.5171771201032622,0.9010416666666666,63.58088534464105,100.0,3.6,0.72,3.5181199754213894,0.0,5,6.961273253514264,0.4,8.452466131933035,100.0,1.0,0.0,100.0,1.0,0.0,10.94315346969097,0.2,9.13813374517391,100.0,1.0,0.0
108,random,1,1,46.121587500475414,23.060793750237707,8052534.456057136,1610506.8912114273,1718.2,44.744791666666664,60064.58377045686,1564.1818690223142,38.4,1.8274370757480782,60.0,35.8,15,2.4390188188728166,0.9322916666666666,60.0,100.0,3.0,0.6,0.0,0.0,5,0.0,0.0,0.0,100.0,1.0,0.0,100.0,1.0,0.0,0.0,0.0,0.0,100.0,1.0,0.0
109,random,1,1,55.10974649978266,27.55487324989133,6391860.702873153,1278372.1405746306,1898.2,48.17766497461929,61764.18564743395,1567.6189250617754,39.4,1.9596784597716752,62.25835675478356,36.4,18,2.9160549850015114,0.9238578680203046,62.25835675478356,100.0,3.6,0.72,3.6177729356474844,0.0,5,0.8580394002524372,0.4,8.504577732086181,100.0,1.0,0.0,100.0,1.0,0.0,10.433744373665377,0.2,9.584286946151238,100.0,1.0,0.0
110,random,3,1,300.0966772290063,115.42179893423318,2000915.8139455342,400183.16278910683,1990.6,50.015075376884425,63392.50905538347,1592.7766094317453,39.8,0.780001909556206,52.0,34.6,14,0.9686541229140462,0.8693467336683417,52.0,100.0,2.8,0.5599999999999999,0.0,0.0,5,0.0,0.0,0.0,100.0,1.0,0.0,60.0,0.8,0.0,0.0,0.0,0.0,100.0,1.0,0.0
111,random,3,3,159.4036782642638,53.134559421421265,2000159.4036782645,400031.88073565287,2038.8,52.54639175257732,64341.860497354726,1658.295373643163,38.8,1.7591906412331824,50.331780763403,30.8,14,1.987044577461683,0.7938144329896907,50.331780763403,100.0,2.8,0.5599999999999999,1.308866229531633,0.0,5,18.751193747991692,0.2,4.242010242526054,100.0,1.0,0.0,32.907710069023324,0.6,2.302320905132111,0.0,0.0,0.0,100.0,1.0,0.0
112,random,3,3,110.61021138240838,36.87007046080279,2000110.6102113822,400022.12204227643,2085.8,55.473404255319146,64119.95029400733,1705.3178269682799,37.6,2.4100814561789106,64.64578005567955,27.8,21,3.0250088839986518,0.7393617021276596,64.64578005567955,100.0,4.199999999999999,0.8399999999999999,2.5698545137476874,0.0,5,100.0,1.0,0.0,100.0,1.0,0.0,22.425300997458635,0.8,4.225338088004268,0.8035992809391246,0.4,8.62393448073417,100.0,1.0,0.0
113,random,3,3,253.934264062917,84.64475468763901,2000253.9342640627,400050.7868528125,2215.8,57.40414507772021,61799.260138486745,1601.0171020333353,38.6,1.1389405245950093,67.66319594283641,28.8,19,1.3598221733736844,0.7461139896373057,67.66319594283641,100.0,3.8,0.76,1.1163257807184608,0.0,5,100.0,1.0,0.0,100.0,1.0,0.0,38.31597971418205,0.8,5.5816289035923035,0.0,0.0,0.0,100.0,1.0,0.0
114,random,3,3,197.56077721790214,65.85359240596738,2000197.5607772183,400039.51215544366,2367.0,58.58910891089109,63073.62804831566,1561.2284170375162,40.4,0.9774613442235802,80.0,32.0,20,0.9344260846409358,0.7920792079207921,80.0,100.0,4.0,0.8,0.0,0.0,5,100.0,1.0,0.0,100.0,1.0,0.0,100.0,1.0,0.0,0.0,0.0,0.0,100.0,1.0,0.0
115,random,3,3,258.2235269544337,86.07450898481123,2000258.2235269547,400051.6447053909,2534.2,60.91826923076923,65345.54745428,1570.806429189423,41.6,1.0788143268530004,80.0,35.4,20,1.3453680536994814,0.8509615384615384,80.0,100.0,4.0,0.8,0.0,0.0,5,100.0,1.0,0.0,100.0,1.0,0.0,100.0,1.0,0.0,0.0,0.0,0.0,100.0,1.0,0.0
116,random,0,3,692.3520369158866,203.6329520340843,1002266.3691760324,200453.27383520646,2054.2,48.677725118483416,66788.43070708643,1582.6642347650811,42.2,0.7288967467892402,65.98407190842454,33.6,20,1.0163614594662989,0.7962085308056872,65.98407190842454,100.0,4.0,0.8,1.7512881788983943,0.0,5,60.0,0.8,0.0,60.0,0.8,0.0,100.0,1.0,0.0,9.920359542122696,0.4,8.756440894491972,100.0,1.0,0.0
117,random,0,0,551.2137222627123,153.1149228507534,1031714.8509522012,206342.97019044025,1471.6,36.24630541871921,67366.86924938338,1659.282493827177,40.6,0.9010639590498748,53.094323403402996,28.8,16,1.0147235928276175,0.7093596059113301,53.094323403402996,100.0,3.2,0.64,0.8228872733060868,0.0,5,35.89440533475681,0.6,2.1373870363182386,29.577211682258167,0.6,1.977049330212195,100.0,1.0,0.0,0.0,0.0,0.0,100.0,1.0,0.0
118,random,0,0,116.0454581238755,38.68181937462517,2218754.4906283496,443750.8981256699,1179.2,31.03157894736842,66931.46685726641,1761.3543909806951,38.0,1.70520851459975,51.03678913558679,26.2,18,1.6708735884367423,0.6894736842105263,51.03678913558679,100.0,3.6,0.72,1.6274369493057024,0.0,5,32.24278398138267,0.8,4.129299561436873,22.941161696551262,0.8,4.007885185091638,100.0,1.0,0.0,0.0,0.0,0.0,100.0,1.0,0.0
119,random,0,0,117.81607667830295,39.27202555943432,2000117.8160766785,400023.5632153357,1223.8,32.37566137566137,60280.392078420824,1594.71936715399,37.8,1.6630707278212105,54.77176597411244,26.4,16,1.5960813332929555,0.6984126984126984,54.77176597411244,100.0,3.2,0.64,4.058064197123328,0.0,5,14.255083479772566,0.2,7.015041345909779,37.54926407699031,0.6,5.927256233633305,100.0,1.0,0.0,22.054482313799326,0.4,7.348023406073559,100.0,1.0,0.0
120,random,0,0,223.15022827510467,74.38340942503488,2000223.150228275,400044.630045655,1367.4,34.53030303030303,61340.887435314944,1549.0123089725996,39.6,0.8927987846357384,80.0,31.0,20,0.8646746540010295,0.7828282828282829,80.0,100.0,4.0,0.8,0.0,0.0,5,0.0,0.0,0.0,100.0,1.0,0.0,100.0,1.0,0.0,100.0,1.0,0.0,100.0,1.0,0.0
121,random,0,0,250.8532831672714,83.61776105575713,2000250.8532831674,400050.17065663345,1529.6,37.490196078431374,64118.32195833756,1571.5274989788618,40.8,0.8366568617815143,92.45357211751298,34.0,24,0.8384003443727717,0.8333333333333334,92.45357211751298,100.0,4.8,0.96,1.4490231451339537,0.0,5,62.26786058756488,0.8,7.245115725669768,100.0,1.0,0.0,100.0,1.0,0.0,100.0,1.0,0.0,100.0,1.0,0.0
122,random,3,0,642.5339109760932,178.4816419378037,1001510.4240957439,200302.0848191488,1506.6,36.04306220095694,65835.88103742257,1575.0210774503007,41.8,0.6287078315642666,88.0,32.8,24,0.5949749940106099,0.784688995215311,88.0,100.0,4.8,0.96,0.0,0.0,5,100.0,1.0,0.0,100.0,1.0,0.0,80.0,1.0,0.0,60.0,0.8,0.0,100.0,1.0,0.0
123,random,3,3,737.0241699191427,184.25604247978566,1000737.0241699191,200147.4048339838,1487.2,35.75,67565.92882323603,1624.1809813277891,41.6,0.8766417428150978,68.96696646979672,30.4,21,0.8843654119712888,0.7307692307692307,68.96696646979672,100.0,4.2,0.8400000000000001,0.725557794246145,0.0,5,100.0,1.0,0.0,100.0,1.0,0.0,21.8312170560057,0.6,1.782439304980375,23.003615292977884,0.6,1.8453496662503501,100.0,1.0,0.0
124,random,3,3,287.8388040256398,89.94962625801243,1043906.9702935262,208781.39405870525,1500.8,38.285714285714285,66099.99658402291,1686.224402653646,39.2,1.5733805508567178,65.67438755161038,28.6,18,1.7651701444651173,0.7295918367346939,65.67438755161038,100.0,3.6,0.72,0.8273678937555013,0.0,5,100.0,1.0,0.0,100.0,1.0,0.0,28.3719377580519,0.6,4.136839468777507,0.0,0.0,0.0,100.0,1.0,0.0
125,random,3,3,171.61697931738993,57.205659772463314,2291942.0800634557,458388.41601269116,1630.6,42.68586387434555,64190.97908375127,1680.3921226112898,38.2,2.357264874983894,65.51170001015544,28.6,19,2.820504994539533,0.7486910994764397,65.51170001015544,100.0,3.8,0.76,1.1093176743011288,0.0,5,100.0,1.0,0.0,100.0,1.0,0.0,27.558500050777184,0.8,5.546588371505644,0.0,0.0,0.0,100.0,1.0,0.0
126,random,3,3,183.9058371251096,61.301945708369864,2000183.9058371247,400036.7811674249,1776.8,45.09644670050761,62942.34519865562,1597.5214517425284,39.4,1.4054020289752478,74.70456220677488,30.6,21,1.5993903236418858,0.7766497461928934,74.70456220677488,100.0,4.2,0.8400000000000001,2.9890006339902913,0.0,5,100.0,1.0,0.0,100.0,1.0,0.0,62.25769822589655,1.0,6.068039245614999,11.265112807977857,0.2,8.876963924336456,100.0,1.0,0.0
127,random,3,3,261.3014365974051,87.10047886580169,3999806.0408856473,799961.2081771295,1936.0,47.68472906403941,63206.14979316822,1556.801719043552,40.6,1.211451897569787,80.0,33.8,20,1.650016187867073,0.8325123152709359,80.0,100.0,4.0,0.8,0.0,0.0,5,100.0,1.0,0.0,100.0,1.0,0.0,100.0,1.0,0.0,0.0,0.0,0.0,100.0,1.0,0.0
128,random,3,3,270.13672481765036,90.04557493921679,2000270.1367248178,400054.0273449636,2115.0,49.882075471698116,67328.17142189362,1587.9285712710762,42.4,1.8529245868877267,80.0,37.0,20,3.006378751981462,0.8726415094339622,80.0,100.0,4.0,0.8,0.0,0.0,5,100.0,1.0,0.0,100.0,1.0,0.0,100.0,1.0,0.0,0.0,0.0,0.0,100.0,1.0,0.0
129,random,2,3,674.2055704436995,187.27932512324983,1001672.6461889871,200334.52923779743,1762.2,42.771844660194176,66071.61623026067,1603.6800055888514,41.2,2.766799605557397,66.06208379410464,33.6,19,4.884033062676239,0.8155339805825242,66.06208379410464,100.0,3.8,0.76,1.9397853818723263,0.0,5,60.0,0.8,0.0,100.0,1.0,0.0,100.0,1.0,0.0,10.310418970523187,0.2,9.698926909361631,60.0,0.8,0.0
130,random,2,2,625.268849659964,164.54443412104317,1200625.2688496602,240125.05376993204,1212.6,29.720588235294116,67183.58525282347,1646.6565012946928,40.8,1.2365354212832276,50.955845420818605,26.4,16,2.6625580835443836,0.6470588235294118,50.955845420818605,100.0,3.2,0.64,0.773371326923382,0.0,5,28.735100278820482,0.6,1.946654962082765,100.0,1.0,0.0,100.0,1.0,0.0,0.0,0.0,0.0,26.044126825272542,0.6,1.9202016725341444
131,random,2,2,97.16070977324624,32.38690325774875,3491675.0853866385,698335.0170773277,842.2,22.280423280423282,66826.13982756998,1767.8872970256605,37.8,1.8821834891652047,53.63353500258427,23.4,18,1.6821882272035358,0.6190476190476191,53.63353500258427,100.0,3.6,0.72,1.5546340194372728,0.0,5,38.192432648936574,0.6,4.033732355619291,100.0,1.0,0.0,100.0,1.0,0.0,0.0,0.0,0.0,29.975242363984762,1.0,3.739437741567073
132,random,2,2,73.19409426173198,24.398031420577325,2000073.1940942616,400014.6388188523,882.6,24.114754098360656,62349.816478869136,1703.5468983297578,36.6,2.346655703828941,51.54306576362933,24.0,17,1.9841598216689285,0.6557377049180327,51.54306576362933,100.0,3.4000000000000004,0.68,2.281647985860966,0.0,5,25.210444904603264,0.6,5.687776995684578,100.0,1.0,0.0,100.0,1.0,0.0,0.0,0.0,0.0,32.50488391354338,0.8,5.720462933620253
133,random,2,2,99.404703738351,33.134901246117,2000099.4047037386,400019.88094074774,1007.6,27.681318681318682,57872.07092139195,1589.8920582799985,36.4,2.1830355683770652,61.36558960741604,26.6,20,2.1808988863732033,0.7307692307692307,61.36558960741604,100.0,4.0,0.8,3.0508809138372,0.0,5,1.4593820890354436,0.6,6.476476387914,100.0,1.0,0.0,100.0,1.0,0.0,5.368565948044761,0.4,8.777928181272001,100.0,1.0,0.0
134,random,0,2,424.8919035615434,118.0255287670954,1001033.4336974351,200206.68673948702,931.2,25.866666666666667,58323.10359814561,1620.0862110596001,36.0,1.6203934951507926,52.0,27.4,14,1.7021064338006444,0.7611111111111111,52.0,100.0,2.8,0.5599999999999999,0.0,0.0,5,0.0,0.0,0.0,60.0,0.8,0.0,100.0,1.0,0.0,0.0,0.0,0.0,100.0,1.0,0.0
135,random,0,0,386.19054583116696,101.62909100820184,1001022.5608791586,200204.5121758317,747.8,21.124293785310734,58267.8580863196,1645.9846917039433,35.4,2.1640467443731923,48.69365094383102,25.2,16,2.6084883818909854,0.711864406779661,48.69365094383102,100.0,3.2,0.64,3.921978659493135,0.0,5,11.401073015010752,0.2,8.771104252059358,30.59000304069741,0.6,2.1718271509425677,100.0,1.0,0.0,1.4771786634469208,0.4,8.66696189446375,100.0,1.0,0.0
136,random,0,0,780.3122681475534,216.75340781876483,1006873.0899081544,201374.6179816309,627.6,17.629213483146067,60748.20164486543,1706.4101585636358,35.6,1.4885314678367598,46.789030565480516,24.6,17,1.9089907727207371,0.6910112359550562,46.789030565480516,100.0,3.4,0.6799999999999999,2.5352956521247,0.0,5,3.6497353824120182,0.4,8.926578446663916,30.295417444990562,1.0,3.749899813959586,100.0,1.0,0.0,0.0,0.0,0.0,100.0,1.0,0.0
137,random,0,0,160.6692516936738,53.5564172312246,1278836.0369008004,255767.20738016008,714.4,19.734806629834253,59404.528006270564,1641.0090609467006,36.2,1.4231066327506392,46.96903778029446,26.2,14,1.4631033181757565,0.7237569060773481,46.96903778029446,100.0,2.8,0.5599999999999999,1.1370045677170624,0.0,5,0.0,0.0,0.0,34.845188901472284,0.8,5.685022838585312,100.0,1.0,0.0,0.0,0.0,0.0,100.0,1.0,0.0
138,random,0,0,130.46313990877076,43.48771330292359,2000130.463139909,400026.0926279818,854.8,22.613756613756614,60507.998519402245,1600.740701571488,37.8,1.4390856614484688,60.0,29.6,15,1.3385160449428146,0.783068783068783,60.0,100.0,3.0,0.6,0.0,0.0,5,0.0,0.0,0.0,100.0,1.0,0.0,100.0,1.0,0.0,0.0,0.0,0.0,100.0,1.0,0.0
139,random,0,0,198.19305759258654,76.22809907407175,2051148.192102421,410229.6384204842,1012.4,25.95897435897436,59851.48701529519,1534.6535132126971,39.0,0.9491043555379914,74.1822362080402,33.6,19,1.1881728661682913,0.8615384615384616,74.1822362080402,100.0,3.8000000000000003,0.76,2.460650678569851,0.0,5,12.561304963246585,0.2,7.960956309284134,100.0,1.0,0.0,100.0,1.0,0.0,58.34987607695439,0.6,4.342297083565121,100.0,1.0,0.0
140,random,3,0,645.4644123632997,179.2956701009166,1001477.4868073948,200295.49736147895,927.4,22.730392156862745,65050.59317503255,1594.3772837017782,40.8,0.7054694070329455,68.99853670275752,32.2,20,0.7592127444556181,0.7892156862745098,68.99853670275752,100.0,4.0,0.8,1.2967515021456175,0.0,5,24.992683513787597,0.4,6.483757510728088,100.0,1.0,0.0,60.0,0.8,0.0,60.0,0.8,0.0,100.0,1.0,0.0
141,random,3,3,746.4214627011936,186.6053656752984,1000746.4214627013,200149.28429254025,810.6,20.573604060913706,63836.777767302745,1620.2227859721509,39.4,1.1827845967514756,65.07349301047498,29.8,18,1.4608248129732475,0.7563451776649747,65.07349301047498,100.0,3.6,0.72,0.3387749333478375,0.0,5,100.0,1.0,0.0,100.0,1.0,0.0,25.367465052374882,0.6,1.6938746667391875,0.0,0.0,0.0,100.0,1.0,0.0
142,random,3,3,239.2026657271495,74.75083303973422,1034943.0803294785,206988.6160658957,718.6,18.81151832460733,65311.996146293415,1709.7381190129167,38.2,2.2221930412185293,65.54291450311621,27.2,20,2.6625269074947826,0.7120418848167539,65.54291450311621,100.0,4.0,0.8,0.7613834541741655,0.0,5,100.0,1.0,0.0,100.0,1.0,0.0,27.71457251558104,1.0,3.8069172708708274,0.0,0.0,0.0,100.0,1.0,0.0
143,random,3,3,164.79658654431054,58.855923765825196,4005835.683378279,801167.1366756558,839.6,22.815217391304348,61406.16200009412,1668.6457065242969,36.8,2.279351242540482,66.87828676146637,27.8,19,3.5143083713046863,0.7554347826086957,66.87828676146637,100.0,3.8000000000000003,0.76,2.9518964718615837,0.0,5,100.0,1.0,0.0,100.0,1.0,0.0,23.08679068395122,0.6,5.913559590354977,11.304643123380629,0.2,8.845922768952942,100.0,1.0,0.0
144,random,3,3,163.27714105589692,54.42571368529897,2000163.2771410563,400032.65542821126,982.4,25.45077720207254,61254.48509923303,1586.903759047488,38.6,1.2541082858265633,73.09705335814942,30.0,19,1.252823894780093,0.7772020725388601,73.09705335814942,100.0,3.8,0.76,1.235613219908176,0.0,5,100.0,1.0,0.0,100.0,1.0,0.0,65.48526679074712,0.8,6.17806609954088,0.0,0.0,0.0,100.0,1.0,0.0
145,random,3,3,250.8758505407738,83.62528351359127,2000250.8758505408,400050.17517010815,1139.6,28.633165829145728,62192.44588930465,1562.6242685754937,39.8,1.3214289989123804,80.0,33.4,20,1.8743449243658448,0.8391959798994975,80.0,100.0,4.0,0.8,0.0,0.0,5,100.0,1.0,0.0,100.0,1.0,0.0,100.0,1.0,0.0,0.0,0.0,0.0,100.0,1.0,0.0
146,random,1,3,261.2591791537685,87.08639305125617,2000261.2591791537,400052.25183583074,1215.0,29.066985645933013,67403.187691883,1612.5164519589234,41.8,1.4409631140442398,74.1175057147293,33.4,20,2.020261305701251,0.7990430622009569,74.1175057147293,100.0,4.0,0.8,1.8890149727465306,0.0,5,60.0,0.8,0.0,100.0,1.0,0.0,100.0,1.0,0.0,10.587528573646523,0.2,9.445074863732653,100.0,1.0,0.0
147,random,1,1,294.78980300067826,98.26326766689276,2000294.7898030009,400058.95796060015,1344.8,33.45273631840796,65710.26726587958,1634.5837628328254,40.2,1.606285158425631,66.45563826492207,32.8,18,2.0066254132894867,0.8159203980099502,66.45563826492207,100.0,3.6,0.72,0.4492647712871102,0.0,5,32.27819132461036,0.6,2.2463238564355508,100.0,1.0,0.0,100.0,1.0,0.0,0.0,0.0,0.0,100.0,1.0,0.0
148,random,1,1,383.37500520721676,136.91964471686313,2000842.9924882664,400168.59849765326,1510.2,37.94472361809045,62995.61204248866,1582.8043226755944,39.8,2.3800285944891386,70.19741976542628,33.8,20,3.163622135222168,0.8492462311557789,70.19741976542628,100.0,4.0,0.8,2.6065248282339253,0.0,5,40.100775609885204,0.8,3.8467862779708333,100.0,1.0,0.0,100.0,1.0,0.0,10.886323217246172,0.2,9.185837863198794,100.0,1.0,0.0
149,random,1,1,105.4064289367532,52.7032144683766,3188637.866598989,637727.5733197978,1683.0,42.933673469387756,62367.008462316284,1590.9951138345991,39.2,1.181564233643515,60.98765149668043,35.4,18,1.716691813317147,0.9030612244897959,60.98765149668043,100.0,3.6,0.72,1.0290982428005395,0.0,5,4.93825748340214,0.6,5.145491214002697,100.0,1.0,0.0,100.0,1.0,0.0,0.0,0.0,0.0,100.0,1.0,0.0
150,random,1,1,44.199566531363345,22.099783265681673,3000044.1995665315,600008.8399133063,1858.0,48.89473684210526,60611.456488686366,1595.0383286496412,38.0,1.7649409633073958,60.0,35.0,15,2.2435298709400073,0.9210526315789473,60.0,100.0,3.0,0.6,0.0,0.0,5,0.0,0.0,0.0,100.0,1.0,0.0,100.0,1.0,0.0,0.0,0.0,0.0,100.0,1.0,0.0
151,random,1,1,26.725748146526495,13.362874073263248,3000026.7257481464,600005.3451496293,2033.0,54.069148936170215,60332.39486681592,1604.5849698621255,37.6,2.807179715752602,60.597467598962794,35.0,17,3.4663221176014716,0.9308510638297872,60.597467598962794,100.0,3.4,0.6799999999999999,1.8254303462058306,0.0,5,2.98733799481397,0.4,9.127151731029153,100.0,1.0,0.0,100.0,1.0,0.0,0.0,0.0,0.0,100.0,1.0,0.0
152,random,0,1,313.48153979806085,120.56982299925417,2001079.6646172937,400215.93292345875,1986.8,52.840425531914896,59856.945873420256,1591.9400498250068,37.6,1.8531808664870895,56.317149546024666,32.4,16,2.6445755639606836,0.8617021276595744,56.317149546024666,100.0,3.2,0.64,3.707867414411146,0.0,5,10.560534110622939,0.2,9.469218029361704,60.0,0.8,0.0,100.0,1.0,0.0,11.025213619500391,0.2,9.070119042694024,100.0,1.0,0.0
153,random,0,0,193.45387276405995,64.48462425468665,2000193.4538727645,400038.6907745529,1790.2,48.91256830601093,60148.59082593827,1643.4041209272752,36.6,1.0990751779647698,46.33823880507771,28.0,13,1.0955340754767569,0.7650273224043715,46.33823880507771,100.0,2.6,0.52,0.4103220309155101,0.0,5,0.0,0.0,0.0,31.69119402538854,0.6,2.0516101545775505,100.0,1.0,0.0,0.0,0.0,0.0,100.0,1.0,0.0
154,random,0,0,94.74174403806134,31.58058134602045,2000094.7417440382,400018.94834880764,1704.6,48.42613636363637,60739.69598270852,1725.5595449633104,35.2,2.0545891876966347,48.365413990113666,24.6,14,1.960744902868787,0.6988636363636364,48.365413990113666,100.0,2.8,0.5599999999999999,0.7559246202726839,0.0,5,0.0,0.0,0.0,41.82706995056833,0.8,3.77962310136342,100.0,1.0,0.0,0.0,0.0,0.0,100.0,1.0,0.0
155,random,0,0,72.79960987821855,25.99986067079234,2000651.1202011209,400130.22404022416,1789.2,52.01162790697674,57581.34436380832,1673.8762896455905,34.4,2.649534063527576,48.79997001793254,24.4,17,2.842562581992424,0.7093023255813954,48.79997001793254,100.0,3.4,0.6799999999999999,4.554491067820022,0.0,5,10.966787069703514,0.2,9.118440922068846,25.954832960901513,0.8,5.212335230471048,100.0,1.0,0.0,7.07823005905766,0.4,8.441679186560215,100.0,1.0,0.0
156,random,0,0,216.622145710503,90.25922737937626,2048086.8913410872,409617.37826821744,1919.4,53.02209944751381,56088.70441762626,1549.4117242438192,36.2,1.3468042048083708,62.038097381596344,28.2,16,1.9163772020400838,0.7790055248618785,62.038097381596344,100.0,3.2,0.64,1.962614758312967,0.0,5,10.190486907981722,0.2,9.813073791564834,100.0,1.0,0.0,100.0,1.0,0.0,0.0,0.0,0.0,100.0,1.0,0.0
157,random,0,0,265.67693032298536,88.55897677432846,2000265.6769303228,400053.13538606453,2064.8,55.8054054054054,58231.429598821735,1573.8224215897767,37.0,1.1041915858466376,60.0,30.4,15,1.4585816557459659,0.8216216216216217,60.0,100.0,3.0,0.6,0.0,0.0,5,0.0,0.0,0.0,100.0,1.0,0.0,100.0,1.0,0.0,0.0,0.0,0.0,100.0,1.0,0.0
158,random,2,0,524.851595280969,145.79210980026917,1001166.4374138614,200233.28748277228,1800.8,48.40860215053763,61672.75881653102,1657.869860659436,37.2,1.7956284230340775,52.0,28.6,14,2.076810863289526,0.7688172043010753,52.0,100.0,2.8,0.5599999999999999,0.0,0.0,5,0.0,0.0,0.0,100.0,1.0,0.0,100.0,1.0,0.0,0.0,0.0,0.0,60.0,0.8,0.0
159,random,2,2,641.8216014633422,168.90042143772163,1200641.8216014635,240128.3643202927,1360.2,38.64204545454545,58355.24871809858,1657.819565855073,35.2,2.675380848370178,50.25456628882148,25.8,15,3.2381965471240597,0.7329545454545454,50.25456628882148,100.0,3.0000000000000004,0.6000000000000001,4.1189359778802945,0.0,5,10.753583039681871,0.2,9.299226093385741,100.0,1.0,0.0,100.0,1.0,0.0,10.797798989901821,0.2,9.261146655306392,29.721449414523704,0.6,2.0343071407093407
160,random,2,2,137.34477476901012,45.781591589670036,1219575.5713150227,243915.11426300454,1026.8,30.023391812865498,58468.97556747686,1709.6191686396742,34.2,1.7112344486108355,44.42509177182137,23.6,15,1.7970351700778315,0.6900584795321637,44.42509177182137,100.0,3.0,0.6,2.643920844484729,0.0,5,10.686416591208854,0.2,9.357673748398007,100.0,1.0,0.0,100.0,1.0,0.0,0.0,0.0,0.0,11.439042267898003,0.8,3.8619304740256384
161,random,2,2,81.30419415846208,27.101398052820695,3287328.472300621,657465.6944601242,1072.2,31.72189349112426,57128.49378792288,1690.192123903044,33.8,2.229564464312808,45.04675665969353,23.6,13,2.006374073326423,0.6982248520710059,45.04675665969353,100.0,2.6,0.52,0.9222168862862794,0.0,5,0.0,0.0,0.0,100.0,1.0,0.0,100.0,1.0,0.0,0.0,0.0,0.0,25.233783298467642,0.6,4.611084431431397
162,random,2,2,95.16348140634724,31.721160468782415,2000095.1634814062,400019.0326962812,1195.8,33.402234636871505,57738.10475623063,1612.796222241079,35.8,2.278537888841691,60.0,26.4,15,2.2427950339309337,0.7374301675977654,60.0,100.0,3.0,0.6,0.0,0.0,5,0.0,0.0,0.0,100.0,1.0,0.0,100.0,1.0,0.0,0.0,0.0,0.0,100.0,1.0,0.0
163,random,0,2,409.4723893716629,113.74233038101748,1001043.7659159105,200208.7531831821,1224.8,34.022222222222226,57662.25396672138,1601.7292768533716,36.0,2.0226218503871545,56.40533586482252,26.8,17,2.390205660817943,0.7444444444444445,56.40533586482252,100.0,3.4000000000000004,0.68,3.56842796387132,0.0,5,11.24560030953944,0.4,8.566630395408719,60.0,0.8,0.0,100.0,1.0,0.0,10.781079014573152,0.2,9.27550942394788,100.0,1.0,0.0
164,random,0,0,413.52338278849646,103.38084569712412,1000413.5233827883,200082.70467655765,1203.6,34.0,59879.27483816249,1691.504938931144,35.4,2.060474649428832,45.543428155996935,25.0,15,2.1736957357585105,0.7062146892655368,45.543428155996935,100.0,3.0,0.6,2.1053063799295755,0.0,5,0.4067258616532854,0.4,8.680763161741197,27.31041491833139,0.6,1.8457687379066798,100.0,1.0,0.0,0.0,0.0,0.0,100.0,1.0,0.0
165,random,0,0,604.2868505395924,167.85745848322009,1001631.8065263566,200326.36130527133,1212.0,34.43181818181818,58407.714125295475,1659.3100603777123,35.2,1.497824247005243,49.43694323446334,23.4,17,1.524176488082426,0.6647727272727273,49.43694323446334,100.0,3.4,0.6799999999999999,2.38920775934974,0.0,5,0.0,0.0,0.0,42.05413329310204,1.0,3.587717361278565,100.0,1.0,0.0,5.130582879214671,0.4,8.358321435470133,100.0,1.0,0.0
166,random,0,0,217.74202523715385,77.76500901326924,1037445.4252618756,207489.08505237513,1318.8,36.032786885245905,59120.2899798073,1615.308469393642,36.6,1.693002697109805,54.183186373993976,26.6,17,2.1849027269911288,0.726775956284153,54.183186373993976,100.0,3.4,0.6799999999999999,2.730376598536168,0.0,5,5.898380737203297,0.4,8.667275481857358,65.01755113276658,1.0,4.984607510823482,100.0,1.0,0.0,0.0,0.0,0.0,100.0,1.0,0.0
167,random,0,0,174.95833900550252,58.319446335167505,8044504.174157478,1608900.8348314955,1459.2,38.808510638297875,58953.754281447014,1567.918996846995,37.6,1.3347370585734095,60.0,29.8,15,1.5220472235908495,0.7925531914893617,60.0,100.0,3.0,0.6,0.0,0.0,5,0.0,0.0,0.0,100.0,1.0,0.0,100.0,1.0,0.0,0.0,0.0,0.0,100.0,1.0,0.0
168,random,0,0,253.06686928473755,84.35562309491252,3988591.2119138106,797718.2423827621,1614.6,42.046875,61939.7742793764,1613.0149551920938,38.4,1.652405088645225,61.07740337833229,33.0,17,2.058015756666139,0.859375,61.07740337833229,100.0,3.4,0.6799999999999999,1.6897653387114406,0.0,5,5.38701689166146,0.4,8.448826693557203,100.0,1.0,0.0,100.0,1.0,0.0,0.0,0.0,0.0,100.0,1.0,0.0
169,random,1,0,657.4297587548283,219.1432529182761,3978313.5515627014,795662.7103125403,1740.6,44.4030612244898,60664.21333364326,1547.5564625929403,39.2,1.3370219594245802,70.48769674855066,33.8,19,2.1225773874312424,0.8622448979591837,70.48769674855066,100.0,3.8,0.76,0.9562640720779193,0.0,5,0.0,0.0,0.0,100.0,1.0,0.0,100.0,1.0,0.0,52.438483742753306,0.8,4.781320360389596,100.0,1.0,0.0
170,random,1,1,52.82902151294904,26.41451075647452,2141571.079220228,428314.21584404557,1906.6,49.39378238341969,61030.78628979142,1581.1084531034046,38.6,1.5503307436781915,62.1473230567517,34.4,16,2.041647881762575,0.8911917098445595,62.1473230567517,100.0,3.2,0.64,1.8627844503522812,0.0,5,10.73661528375851,0.2,9.313922251761406,100.0,1.0,0.0,100.0,1.0,0.0,0.0,0.0,0.0,100.0,1.0,0.0
171,random,1,1,45.26839548314704,22.63419774157352,3868434.539195684,773686.9078391368,2081.0,55.05291005291005,59587.22015018992,1576.3814854547597,37.8,1.738243252991046,60.0,35.4,15,2.2241953623202138,0.9365079365079365,60.0,100.0,3.0,0.6,0.0,0.0,5,0.0,0.0,0.0,100.0,1.0,0.0,100.0,1.0,0.0,0.0,0.0,0.0,100.0,1.0,0.0
172,random,1,1,35.68520637284196,17.84260318642098,8038900.698545074,1607780.139709015,2256.0,57.84615384615385,63142.038370339236,1619.0266248804933,39.0,2.1387028809643125,62.38957116365145,35.0,19,2.6768122169483686,0.8974358974358975,62.38957116365145,100.0,3.8,0.76,3.400469132158905,0.0,5,6.810279892918061,0.4,8.761755319032819,100.0,1.0,0.0,100.0,1.0,0.0,5.137575925339206,0.4,8.240590341761706,100.0,1.0,0.0
173,random,1,1,43.96066309367941,21.980331546839704,3000043.9606630933,600008.7921326186,2431.0,64.31216931216932,59654.173842548196,1578.1527471573597,37.8,1.774430675340816,60.0,35.2,15,2.251031108604653,0.9312169312169312,60.0,100.0,3.0,0.6,0.0,0.0,5,0.0,0.0,0.0,100.0,1.0,0.0,100.0,1.0,0.0,0.0,0.0,0.0,100.0,1.0,0.0
174,random,1,1,28.563576104020292,14.281788052010146,3000028.5635761046,600005.7127152209,2606.0,68.94179894179894,60662.21034808141,1604.8203795788734,37.8,2.681410173520445,64.56391747961106,35.0,18,3.3655927813615003,0.9259259259259259,64.56391747961106,100.0,3.6,0.72,3.4716456115246515,0.0,5,11.189935569962017,0.4,8.759518356062472,100.0,1.0,0.0,100.0,1.0,0.0,11.629651828093301,0.2,8.598709701560786,100.0,1.0,0.0
175,random,2,1,342.9645797069588,142.90190821123284,4191597.573786214,838319.5147572428,2590.4,70.77595628415301,58341.7374894306,1594.0365434270655,36.6,2.3968991800233743,56.0,32.6,15,4.117827679064717,0.8907103825136612,56.0,100.0,3.0,0.6,0.0,0.0,5,0.0,0.0,0.0,100.0,1.0,0.0,100.0,1.0,0.0,0.0,0.0,0.0,80.0,1.0,0.0
176,random,2,2,181.2996928824205,60.43323096080683,2000181.2996928822,400036.25993857643,2468.2,69.3314606741573,59018.05402864161,1657.8105064225172,35.6,1.7448099699775048,50.095456976110654,28.0,14,2.0523325455648216,0.7865168539325843,50.095456976110654,100.0,2.8000000000000003,0.56,2.2538343895884636,0.0,5,11.054597828549504,0.2,9.046009773575019,100.0,1.0,0.0,100.0,1.0,0.0,0.0,0.0,0.0,39.422687052003766,0.6,2.2231621743672996
177,random,2,2,87.85791075116974,29.285970250389912,2000087.8579107516,400017.5715821503,2329.6,68.11695906432749,58670.70227374041,1715.5176103432868,34.2,2.3291129432908244,47.1874238125356,23.8,13,2.265449047635722,0.695906432748538,47.1874238125356,100.0,2.6,0.52,0.8269237507278447,0.0,5,0.0,0.0,0.0,100.0,1.0,0.0,100.0,1.0,0.0,0.0,0.0,0.0,35.93711906267799,0.6,4.134618753639224
178,random,2,2,53.60857065993595,17.869523553311982,2000053.6085706602,400010.72171413206,2411.0,73.5060975609756,58417.276020698984,1781.0145128261886,32.8,3.50084294052009,47.48080173473136,23.2,16,3.2449070583612523,0.7073170731707317,47.48080173473136,100.0,3.2,0.64,4.735527762982631,0.0,5,11.190511898043951,0.2,8.936141698529406,100.0,1.0,0.0,100.0,1.0,0.0,11.269650514987006,0.2,8.873389628810092,14.943846260625833,0.8,5.868107487573656
179,random,2,2,99.30862779587184,35.46736706995423,2200099.308627796,440019.86172555917,2526.2,79.44025157232704,52823.099560143426,1661.103759752938,31.8,2.880216809602839,45.13008579679854,23.8,13,3.827920530396206,0.7484276729559748,45.13008579679854,100.0,2.6,0.52,1.1849201374201492,0.0,5,0.0,0.0,0.0,100.0,1.0,0.0,100.0,1.0,0.0,0.0,0.0,0.0,25.650428983992697,0.6,5.924600687100746
180,random,2,2,104.04144689449262,34.68048229816421,2000104.0414468944,400020.8082893789,2649.8,79.33532934131736,53618.03628766652,1605.3304277744467,33.4,2.091012730123201,62.26804764883809,26.2,16,2.143519611729593,0.7844311377245509,62.26804764883809,100.0,3.2,0.64,1.7636313778721437,0.0,5,11.34023824419046,0.2,8.818156889360719,100.0,1.0,0.0,100.0,1.0,0.0,0.0,0.0,0.0,100.0,1.0,0.0
181,random,0,2,359.5424362974853,99.8728989715237,1200736.715952813,240147.3431905626,2561.8,76.24404761904762,54566.23211408204,1623.9950033952987,33.6,2.0786327829999185,52.0,26.0,14,2.1975771311905836,0.7738095238095238,52.0,100.0,2.8,0.5599999999999999,0.0,0.0,5,0.0,0.0,0.0,60.0,0.8,0.0,100.0,1.0,0.0,0.0,0.0,0.0,100.0,1.0,0.0
182,random,0,0,307.2754343295486,76.81885858238715,1000307.2754343294,200061.45508686587,2367.8,69.64117647058823,57913.28214341088,1703.3318277473788,34.0,2.4443035489011886,50.4295396909024,22.6,17,2.455698653475763,0.6647058823529411,50.4295396909024,100.0,3.4,0.6799999999999999,3.802152146216835,0.0,5,8.898313206314015,0.4,8.576152981072665,33.16707988368762,0.6,1.8888512765261303,100.0,1.0,0.0,10.082305364510376,0.4,8.54575647348538,100.0,1.0,0.0
183,random,0,0,293.72403542754495,73.43100885688624,1000293.7240354273,200058.74480708546,2213.0,65.86309523809524,58676.48996495442,1746.324106099834,33.6,1.9476318729445878,41.92677952273243,21.2,14,1.5930086952508702,0.6309523809523809,41.92677952273243,100.0,2.8,0.5599999999999999,0.8016056781638188,0.0,5,0.0,0.0,0.0,9.633897613662157,0.8,4.008028390819094,100.0,1.0,0.0,0.0,0.0,0.0,100.0,1.0,0.0
184,random,0,0,417.86069607222305,104.46517401805576,1000417.8606960725,200083.5721392145,2266.6,67.05917159763314,57073.96754636681,1688.5789214901422,33.8,2.547974415440354,50.35126629810338,22.6,17,2.1118520154763614,0.6686390532544378,50.35126629810338,100.0,3.4000000000000004,0.68,4.5837977933447736,0.0,5,5.374925701353277,0.4,8.756658216007056,34.19951209265264,0.8,5.953426413565936,100.0,1.0,0.0,12.181893696510997,0.2,8.208904337150873,100.0,1.0,0.0
185,random,0,0,591.5335659235249,184.8542393511015,1033805.1061265485,206761.0212253097,2392.2,65.71978021978022,56213.68322883573,1544.3319568361464,36.4,1.3663418921561223,60.0,28.0,15,1.7067148067983406,0.7692307692307693,60.0,100.0,3.0,0.6,0.0,0.0,5,0.0,0.0,0.0,100.0,1.0,0.0,100.0,1.0,0.0,0.0,0.0,0.0,100.0,1.0,0.0
186,random,0,0,243.35639455187092,81.11879818395697,5755120.831337754,1151024.1662675508,2541.8,67.96256684491979,59146.26110108047,1581.4508315796916,37.4,1.184300111366214,60.939787272411195,31.8,17,1.5972669727271638,0.8502673796791443,60.939787272411195,100.0,3.4,0.6799999999999999,1.7312295732833445,0.0,5,4.698936362055974,0.4,8.656147866416722,100.0,1.0,0.0,100.0,1.0,0.0,0.0,0.0,0.0,100.0,1.0,0.0
187,random,2,0,552.1083292699949,153.3634247972208,1001318.0198627906,200263.6039725581,2560.0,68.81720430107526,60809.4638348747,1634.6630063138361,37.2,1.671005299586687,52.0,28.8,14,1.8965748467402965,0.7741935483870968,52.0,100.0,2.8,0.5599999999999999,0.0,0.0,5,0.0,0.0,0.0,100.0,1.0,0.0,100.0,1.0,0.0,0.0,0.0,0.0,60.0,0.8,0.0
188,random,2,2,637.889249186446,159.4723122966115,1000637.8892491863,200127.57784983725,2561.0,70.74585635359117,59442.94132012429,1642.0702022133783,36.2,2.167051524677399,50.516538697897886,26.0,15,2.485118022491649,0.7182320441988951,50.516538697897886,100.0,3.0000000000000004,0.6000000000000001,3.711380010592052,0.0,5,11.077026906327774,0.2,9.027693156804991,100.0,1.0,0.0,100.0,1.0,0.0,13.071039598526113,0.2,7.650500883745772,28.434626984635543,0.6,1.8787060124094943
189,random,2,2,216.32771409840916,67.60241065575286,1067895.6799007838,213579.13598015677,2574.8,75.72941176470589,58530.12114973238,1721.4741514627171,34.0,2.151444100621092,44.74054766308291,23.4,14,1.9934857367047758,0.6882352941176471,44.74054766308291,100.0,2.8,0.5599999999999999,0.8099697418044013,0.0,5,0.0,0.0,0.0,100.0,1.0,0.0,100.0,1.0,0.0,0.0,0.0,0.0,23.702738315414535,0.8,4.049848709022006
190,random,2,2,71.72573293586603,23.908577645288677,4038185.169003739,807637.0338007478,2678.6,79.24852071005917,55607.74271162592,1645.1994885096426,33.8,2.7763970672258353,49.64037889989231,23.6,15,2.698037863233935,0.6982248520710059,49.64037889989231,100.0,3.0,0.6,2.9345403465817563,0.0,5,11.299561489768166,0.2,8.849900953284843,100.0,1.0,0.0,100.0,1.0,0.0,0.0,0.0,0.0,36.90233300969339,0.8,5.82280077962394
191,random,2,2,112.88236241025761,37.62745413675254,2000112.8823624104,400022.57647248206,2803.8,80.10857142857142,54533.69357996675,1558.105530856193,35.0,3.0574653603369226,62.130877888068426,26.8,16,4.303786537935652,0.7657142857142857,62.130877888068426,100.0,3.2,0.64,1.8771605930107402,0.0,5,0.0,0.0,0.0,100.0,1.0,0.0,100.0,1.0,0.0,10.654389440342129,0.2,9.385802965053701,100.0,1.0,0.0
192,random,2,2,233.3960118065624,83.35571850234372,6402042.868343065,1280408.5736686129,2947.0,80.96153846153847,56448.88082542959,1550.7934292700436,36.4,1.4304495149405991,60.484744975778085,30.6,17,2.803907444343931,0.8406593406593407,60.484744975778085,100.0,3.4,0.6799999999999999,1.706956054884941,0.0,5,2.4237248788904253,0.4,8.534780274424705,100.0,1.0,0.0,100.0,1.0,0.0,0.0,0.0,0.0,100.0,1.0,0.0
193,random,3,2,481.37930482434695,133.71647356231858,1001173.7333397415,200234.7466679483,2371.8,62.089005235602095,61732.38443584529,1616.0310061739606,38.2,1.1841140552501752,52.0,31.0,14,1.3269075453156214,0.8115183246073299,52.0,100.0,2.8,0.5599999999999999,0.0,0.0,5,0.0,0.0,0.0,100.0,1.0,0.0,60.0,0.8,0.0,0.0,0.0,0.0,100.0,1.0,0.0
194,random,3,3,625.0907535592435,156.27268838981087,1000625.090753559,200125.0181507118,1505.2,38.994818652849744,62661.08949029585,1623.344287313364,38.6,1.8119814371402336,58.04090897788683,28.8,17,2.2489240516214246,0.7461139896373057,58.04090897788683,100.0,3.4,0.6799999999999999,1.9047939490815853,0.0,5,61.28449418074979,0.8,7.73321339356788,100.0,1.0,0.0,28.920050708684357,0.6,1.7907563518400471,0.0,0.0,0.0,100.0,1.0,0.0
195,random,3,3,398.57718034185876,117.22858245348787,1013333.1254653812,202666.62509307623,790.8,21.03191489361702,63959.24527815663,1701.0437573977827,37.6,2.6974758357635915,67.16696621956271,27.0,20,3.6707016428943207,0.7180851063829787,67.16696621956271,100.0,4.0,0.8,2.524077893710026,0.0,5,100.0,1.0,0.0,100.0,1.0,0.0,24.2657284081497,0.8,3.9766767552605584,11.56910268966385,0.2,8.643712713289572,100.0,1.0,0.0
196,random,3,3,175.15208770569845,62.55431703774945,4162177.806128507,832435.5612257014,876.6,23.820652173913043,61614.79326060852,1674.3150342556662,36.8,1.7396481475151386,63.561706692548796,28.0,19,2.909894130777655,0.7608695652173914,63.561706692548796,100.0,3.8,0.76,1.1472160185223361,0.0,5,100.0,1.0,0.0,100.0,1.0,0.0,17.80853346274398,0.8,5.73608009261168,0.0,0.0,0.0,100.0,1.0,0.0
197,random,3,3,123.06021189519655,41.02007063173218,2000123.060211895,400024.612042379,1016.6,27.181818181818183,61260.957340343986,1637.9935117739033,37.4,1.9091192716498506,68.18172182833041,28.6,18,1.9758098207651074,0.7647058823529411,68.18172182833041,100.0,3.6,0.72,1.2632201180915548,0.0,5,100.0,1.0,0.0,100.0,1.0,0.0,40.90860914165205,0.6,6.316100590457774,0.0,0.0,0.0,100.0,1.0,0.0
198,random,3,3,177.09001789394188,59.030005964647295,2000177.0900178943,400035.41800357884,1166.0,30.207253886010363,60482.85568941672,1566.9133598294488,38.6,1.9758295393995207,80.0,31.6,20,2.813641971131284,0.8186528497409327,80.0,100.0,4.0,0.8,0.0,0.0,5,100.0,1.0,0.0,100.0,1.0,0.0,100.0,1.0,0.0,0.0,0.0,0.0,100.0,1.0,0.0
199,random,3,3,284.6651922348309,101.66614008386819,2200284.6651922353,440056.93303844705,1332.2,32.975247524752476,62848.93632637189,1555.6667407517793,40.4,1.1926721353500755,81.81427170746974,34.8,22,2.5014462349688045,0.8613861386138614,81.81427170746974,100.0,4.4,0.8800000000000001,1.8354150479100646,0.0,5,100.0,1.0,0.0,100.0,1.0,0.0,100.0,1.0,0.0,9.071358537348715,0.4,9.177075239550323,100.0,1.0,0.0
200,random,2,3,569.7369985344787,158.26027737068853,1001548.2138659671,200309.64277319342,1264.0,31.442786069651742,64767.9491324274,1611.1430132444627,40.2,0.8752868223706518,68.0,31.6,19,1.014664146145208,0.7860696517412935,68.0,100.0,3.8,0.76,0.0,0.0,5,80.0,1.0,0.0,100.0,1.0,0.0,100.0,1.0,0.0,0.0,0.0,0.0,60.0,0.8,0.0
201,random,2,2,447.87182825690263,111.96795706422566,1000447.8718282571,200089.5743656514,1169.2,29.525252525252526,65633.05808509306,1657.400456694269,39.6,1.7388219154658744,53.822404325560456,25.6,16,2.021657075737616,0.6464646464646465,53.822404325560456,100.0,3.2,0.64,0.7419284739590156,0.0,5,30.868922139138704,0.6,1.9363022458920562,100.0,1.0,0.0,100.0,1.0,0.0,0.0,0.0,0.0,38.243099488663574,0.6,1.773340123903022
202,random,2,2,373.67604054037713,98.33580014220452,1003567.5205249699,200713.50410499398,1122.2,30.005347593582886,65097.51913818092,1740.5753780262278,37.4,2.7537318073509214,52.80223732799186,22.4,17,2.8181228209607694,0.5989304812834224,52.80223732799186,100.0,3.4000000000000004,0.68,3.343554541806202,0.0,5,27.006077559326513,0.6,4.355594956738122,100.0,1.0,0.0,100.0,1.0,0.0,11.513141680775334,0.2,8.685726517808792,25.491967399857458,0.6,3.6764512344840954
203,random,2,2,123.19235654855927,41.06411884951976,3299487.6024349895,659897.5204869979,1216.0,33.591160220994475,57639.73013919295,1592.257738651739,36.2,1.702677546343131,52.750735782560696,24.2,17,1.6244247774641267,0.6685082872928176,52.750735782560696,100.0,3.4000000000000004,0.68,1.7876071812890046,0.0,5,8.43385018245499,0.6,5.0201322138972655,100.0,1.0,0.0,100.0,1.0,0.0,0.0,0.0,0.0,55.31982873034849,0.8,3.9179036925477577
204,random,2,2,146.45286740087784,48.81762246695928,2000146.452867401,400029.2905734802,1342.4,37.0828729281768,57171.36434846437,1579.3194571398997,36.2,1.66580146287578,63.28762670980541,27.2,16,1.7629129833651904,0.7513812154696132,63.28762670980541,100.0,3.2,0.64,1.2166831435180656,0.0,5,16.438133549027043,0.2,6.083415717590328,100.0,1.0,0.0,100.0,1.0,0.0,0.0,0.0,0.0,100.0,1.0,0.0
205,random,1,2,263.7484893209422,87.91616310698073,2000263.748489321,400052.7496978642,1485.6,39.51063829787234,61025.87728574879,1623.0286512167231,37.6,2.003224998249095,61.80372002468539,30.2,16,2.338060883050853,0.8031914893617021,61.80372002468539,100.0,3.2,0.64,1.7956997415237121,0.0,5,0.0,0.0,0.0,100.0,1.0,0.0,100.0,1.0,0.0,9.01860012342695,0.2,8.978498707618561,100.0,1.0,0.0
206,random,1,1,498.5427510632029,166.18091702106764,2000498.5427510634,400099.7085502127,1642.2,43.44444444444444,60466.86058969797,1599.6523965528563,37.8,2.2436350917925636,62.234954857093726,32.8,18,2.792463437225222,0.8677248677248677,62.234954857093726,100.0,3.6,0.72,1.7207012054882942,0.0,5,11.17477428546863,0.4,8.60350602744147,100.0,1.0,0.0,100.0,1.0,0.0,0.0,0.2,0.0,100.0,1.0,0.0
207,random,1,1,161.0884715113491,73.22203250515868,2184347.2368588927,436869.44737177854,1811.2,47.66315789473684,60953.96302500563,1604.0516585527796,38.0,2.696012992888939,62.45868383119796,34.6,18,3.3859740855496168,0.9105263157894737,62.45868383119796,100.0,3.6,0.72,3.4418623613564265,0.0,5,0.8514127716398434,0.4,8.469585867039859,100.0,1.0,0.0,100.0,1.0,0.0,11.442006384349952,0.2,8.739725939742275,100.0,1.0,0.0
208,random,1,1,52.711448816601845,29.284138231445468,8072633.894387567,1614526.7788775135,1986.0,53.67567567567568,57793.25882517149,1561.9799682478783,37.0,2.4356733645751687,60.0,35.4,15,4.177666139418824,0.9567567567567568,60.0,100.0,3.0,0.6,0.0,0.0,5,0.0,0.0,0.0,100.0,1.0,0.0,100.0,1.0,0.0,0.0,0.0,0.0,100.0,1.0,0.0
209,random,1,1,69.48615300853336,34.74307650426668,6709771.318517449,1341954.26370349,2161.0,57.16931216931217,59660.54032711929,1578.3211726751135,37.8,1.4019181324475698,60.64291695662723,35.0,17,1.9984682170060533,0.9259259259259259,60.64291695662723,100.0,3.4,0.6799999999999999,1.717303627040237,0.0,5,3.2145847831361607,0.4,8.586518135201185,100.0,1.0,0.0,100.0,1.0,0.0,0.0,0.0,0.0,100.0,1.0,0.0
210,random,1,1,38.995099584603494,19.497549792301747,3000038.995099585,600007.799019917,2336.0,63.13513513513514,57846.387209485845,1563.4158705266445,37.0,1.9555418734960255,60.0,35.0,15,2.444861000259291,0.9459459459459459,60.0,100.0,3.0,0.6,0.0,0.0,5,0.0,0.0,0.0,100.0,1.0,0.0,100.0,1.0,0.0,0.0,0.0,0.0,100.0,1.0,0.0
211,random,1,1,38.65063161816499,19.325315809082493,3000038.650631618,600007.7301263236,2511.0,65.390625,61550.86803623264,1602.8871884435584,38.4,2.0141434434130785,61.81000484082506,35.4,18,2.561216318095321,0.921875,61.81000484082506,100.0,3.6,0.72,3.4015701096691187,0.0,5,7.47971048105228,0.4,8.875561853870751,100.0,1.0,0.0,100.0,1.0,0.0,1.5703137230730135,0.2,8.132288694474845,100.0,1.0,0.0
212,random,1,1,65.6598307551319,32.82991537756595,3000065.6598307546,600013.131966151,2686.0,70.6842105263158,60087.092038078335,1581.2392641599563,38.0,1.321980873407796,60.0,35.2,16,1.8302436067355932,0.9263157894736842,60.0,100.0,3.2,0.64,0.0,0.0,5,0.0,0.0,0.0,100.0,1.0,0.0,100.0,1.0,0.0,0.0,0.2,0.0,100.0,1.0,0.0
213,random,2,1,312.80739708744704,120.31053734132578,2001118.0053240086,400223.60106480174,2714.4,72.96774193548387,60373.44812294876,1622.9421538427084,37.2,2.0811959364048978,52.0,32.0,14,2.5408904284476996,0.8602150537634409,52.0,100.0,2.8,0.5599999999999999,0.0,0.0,5,0.0,0.0,0.0,100.0,1.0,0.0,100.0,1.0,0.0,0.0,0.0,0.0,60.0,0.8,0.0
214,random,2,2,139.07053861238424,46.35684620412808,2000139.0705386125,400027.8141077225,2662.8,73.15384615384616,62305.32045531347,1711.6846278932273,36.4,2.9422837442486127,47.26092392628925,28.0,16,3.380359673464841,0.7692307692307693,47.26092392628925,100.0,3.2,0.64,3.9336662603787955,0.0,5,0.062026873656577663,0.4,8.73342213286087,100.0,1.0,0.0,100.0,1.0,0.0,11.076444171389994,0.2,9.028168106358171,25.166148586399686,0.6,1.9067410626749384
215,random,2,2,148.88581837412357,49.62860612470786,2000148.8858183739,400029.77716367476,2619.0,77.02941176470588,58671.43930814889,1725.630567886732,34.0,1.8778049619497603,48.018104655606294,23.6,16,2.057425553826238,0.6941176470588235,48.018104655606294,100.0,3.2,0.64,2.6116194769291403,0.0,5,11.018125914256416,0.2,9.075953640229272,100.0,1.0,0.0,100.0,1.0,0.0,0.0,0.0,0.0,29.072397363775053,1.0,3.98214374441643
216,random,2,2,72.44080141178054,24.146933803926846,2000072.4408014126,400014.4881602825,2710.2,80.66071428571429,56642.363270406495,1685.7846211430503,33.6,2.4266143961366957,44.284551818445834,23.6,13,2.118852573484521,0.7023809523809523,44.284551818445834,100.0,2.6,0.52,1.0023377150471995,0.0,5,0.0,0.0,0.0,100.0,1.0,0.0,100.0,1.0,0.0,0.0,0.0,0.0,21.42275909222917,0.6,5.011688575235997
217,random,2,2,88.19054968451783,29.396849894839278,2000088.1905496847,400017.63810993696,2832.8,81.8728323699422,55182.889258715746,1594.8811924484319,34.6,3.1826825156499665,63.07287863957026,25.8,18,3.391648016694099,0.7456647398843931,63.07287863957026,100.0,3.6,0.72,3.7160694215076546,0.0,5,4.882953518931572,0.4,9.039673014730216,100.0,1.0,0.0,100.0,1.0,0.0,10.481439678919742,0.2,9.54067409280806,100.0,1.0,0.0
218,random,1,2,152.16554042698482,54.34483586678029,2200152.1655404265,440030.4331080853,2970.0,86.84210526315789,53979.66772236128,1578.3528573789847,34.2,3.5543168773444846,60.0,29.4,15,4.882272002965599,0.8596491228070176,60.0,100.0,3.0,0.6,0.0,0.0,5,0.0,0.0,0.0,100.0,1.0,0.0,100.0,1.0,0.0,0.0,0.0,0.0,100.0,1.0,0.0
219,random,1,1,325.76758525539435,108.58919508513145,2000325.7675852557,400065.15351705113,3123.6,85.81318681318682,57171.654153598625,1570.6498393845775,36.4,1.2051195136580108,62.11086478494144,31.8,17,1.5969568679294344,0.8736263736263736,62.11086478494144,100.0,3.4,0.6799999999999999,1.7401111720874909,0.0,5,10.554323924707205,0.4,8.700555860437454,100.0,1.0,0.0,100.0,1.0,0.0,0.0,0.0,0.0,100.0,1.0,0.0
220,random,1,1,580.7869073013411,193.5956357671137,2000580.7869073015,400116.1573814603,3286.2,88.81621621621622,58129.391483333544,1571.0646346846904,37.0,1.8808722419183825,60.0,33.6,15,2.3033507273948213,0.9081081081081082,60.0,100.0,3.0,0.6,0.0,0.0,5,0.0,0.0,0.0,100.0,1.0,0.0,100.0,1.0,0.0,0.0,0.0,0.0,100.0,1.0,0.0
221,random,1,1,36.64721902829787,18.323609514148934,2178849.689792224,435769.9379584448,3457.0,89.55958549222798,62010.65173834333,1606.4935683508634,38.6,2.133405598224706,63.46191767294749,35.0,17,2.7208352301969665,0.9067357512953368,63.46191767294749,100.0,3.4000000000000004,0.68,3.741921726596177,0.0,5,6.4377922107178165,0.2,9.511496510263534,100.0,1.0,0.0,100.0,1.0,0.0,10.871796154019648,0.2,9.198112122717351,100.0,1.0,0.0
222,random,1,1,45.398255288601156,22.699127644300578,6635456.8914743075,1327091.3782948614,3632.0,97.11229946524064,59253.01709316844,1584.305269870814,37.4,1.8047658473827581,60.0,35.0,16,2.3708601081620024,0.9358288770053476,60.0,100.0,3.2,0.64,0.0,0.0,5,0.0,0.2,0.0,100.0,1.0,0.0,100.0,1.0,0.0,0.0,0.0,0.0,100.0,1.0,0.0
223,random,1,1,37.801890843745404,18.900945421872702,4843995.776579124,968799.1553158248,3807.0,100.1842105263158,60707.02654097427,1597.5533300256386,38.0,2.0583716274227273,61.971885986179586,35.2,16,2.6117267164799207,0.9263157894736842,61.971885986179586,100.0,3.2,0.64,1.833934406358749,0.0,5,9.859429930897932,0.2,9.169672031793745,100.0,1.0,0.0,100.0,1.0,0.0,0.0,0.0,0.0,100.0,1.0,0.0
224,random,2,1,249.60786243795073,96.00302401459643,2000890.421687788,400178.0843375576,3869.6,105.15217391304348,59248.90064747346,1610.0244741161266,36.8,2.3368841922074863,52.78333122593085,32.4,17,3.1400918035908125,0.8804347826086957,52.78333122593085,100.0,3.4000000000000004,0.68,1.7248083349876104,0.0,5,0.0,0.2,0.0,100.0,1.0,0.0,100.0,1.0,0.0,3.916656129654257,0.4,8.624041674938052,60.0,0.8,0.0
225,random,2,2,219.1371754959428,73.04572516531427,2000219.137175496,400043.82743509917,3862.2,108.48876404494382,59368.42125310069,1667.6522823904688,35.6,1.3843530761237632,43.97657883717238,27.4,12,1.716866440426447,0.7696629213483146,43.97657883717238,100.0,2.4,0.48,0.5038402855981506,0.0,5,0.0,0.0,0.0,100.0,1.0,0.0,100.0,1.0,0.0,0.0,0.0,0.0,19.882894185861915,0.4,2.5192014279907533
226,random,2,2,75.08906816926147,25.029689389753823,2000075.0890681692,400015.01781363384,3875.6,114.66272189349112,59405.95609549902,1757.5726655473084,33.8,2.6178713168235275,50.09250362185776,23.8,15,2.498405746811373,0.7041420118343196,50.09250362185776,100.0,3.0,0.6,2.6571140611171162,0.0,5,11.238490548457776,0.2,8.897992089669257,100.0,1.0,0.0,100.0,1.0,0.0,0.0,0.0,0.0,39.22402756083102,0.8,4.387578215916324
227,random,2,2,59.525558535695495,19.84185284523183,2000059.5255585362,400011.9051117072,3975.8,116.93529411764706,57830.65585023203,1700.9016426538833,34.0,3.1978072132855884,50.11661275420283,23.8,17,2.9837866595952307,0.7,50.11661275420283,100.0,3.4,0.6799999999999999,2.9457187304048476,0.0,5,1.5293990306645355,0.4,8.914919981732965,100.0,1.0,0.0,100.0,1.0,0.0,0.0,0.0,0.0,49.05366474034963,1.0,5.813673670291274
228,random,2,2,168.0478045406804,56.015934846893465,2000168.0478045405,400033.6095609081,4102.4,114.59217877094972,55219.83989731863,1542.4536284167214,35.8,1.5475625697844841,62.18155627800843,27.4,16,2.030618728704121,0.7653631284916201,62.18155627800843,100.0,3.2,0.64,1.8335534317050264,0.0,5,0.0,0.0,0.0,100.0,1.0,0.0,100.0,1.0,0.0,10.907781390042146,0.2,9.167767158525132,100.0,1.0,0.0
229,random,0,2,508.5534280308078,141.26484111966883,1001434.7012185339,200286.94024370678,3621.2,100.03314917127072,59767.06898779044,1651.0240051875812,36.2,1.7818537336347313,54.10821903533815,27.8,15,2.3177245891721783,0.7679558011049724,54.10821903533815,100.0,3.0,0.6,1.8973360608891436,0.0,5,10.54109517669076,0.2,9.486680304445718,60.0,0.8,0.0,100.0,1.0,0.0,0.0,0.0,0.0,100.0,1.0,0.0
230,random,0,0,412.5420855560087,103.13552138900218,1000412.5420855561,200082.5084171112,2831.0,80.42613636363636,59008.853816995266,1676.3878925282747,35.2,2.306935287013764,45.730370830493484,26.0,13,2.638846806431339,0.7386363636363636,45.730370830493484,100.0,2.6,0.52,0.39528074744300323,0.0,5,0.0,0.0,0.0,28.651854152467422,0.6,1.976403737215016,100.0,1.0,0.0,0.0,0.0,0.0,100.0,1.0,0.0
231,random,0,0,577.822131514431,160.5061476428975,1008910.2769340659,201782.05538681318,2005.8,58.30813953488372,57888.988841149505,1682.8194430566716,34.4,1.6815288074324053,46.69589191308842,23.2,17,1.7506608710839067,0.6744186046511628,46.69589191308842,100.0,3.4000000000000004,0.68,4.337281710398737,0.0,5,8.310962677951466,0.4,9.100276696309448,13.497378645988647,0.8,4.017972581587905,100.0,1.0,0.0,11.671118241501972,0.2,8.568159274096333,100.0,1.0,0.0
232,random,0,0,195.930030182859,81.63751257619126,1274764.9696654056,254952.9939330811,1999.8,57.137142857142855,57463.610352052594,1641.817438630074,35.0,1.3935452514204458,47.902529061241694,25.6,14,1.699839619729992,0.7314285714285714,47.902529061241694,100.0,2.8,0.5599999999999999,1.1748905749780363,0.0,5,0.0,0.0,0.0,39.51264530620847,0.8,5.874452874890181,100.0,1.0,0.0,0.0,0.0,0.0,100.0,1.0,0.0
233,random,0,0,175.02812647558136,58.34270882519379,1979482.9617206908,395896.5923441382,2134.0,57.98913043478261,59092.36629406291,1605.7708232082311,36.8,1.6360917811374958,62.237532692096465,28.4,16,2.0219567374772547,0.7717391304347826,62.237532692096465,100.0,3.2,0.64,1.7876833773776881,0.0,5,11.187663460482327,0.2,8.93841688688844,100.0,1.0,0.0,100.0,1.0,0.0,0.0,0.0,0.0,100.0,1.0,0.0
234,random,0,0,193.52850135563042,64.5095004518768,2000193.528501356,400038.7057002712,2287.2,61.483870967741936,59505.313479013996,1599.6052010487633,37.2,1.703560733559694,60.0,32.4,15,2.2455060020629163,0.8709677419354839,60.0,100.0,3.0,0.6,0.0,0.0,5,0.0,0.0,0.0,100.0,1.0,0.0,100.0,1.0,0.0,0.0,0.0,0.0,100.0,1.0,0.0
235,random,2,0,595.3257919543479,165.36827554287441,1001517.5686986502,200303.51373973006,2285.4,60.46031746031746,61092.197245651005,1616.1956943293917,37.8,1.6323078002640026,54.80966729288048,29.4,18,1.966657447848915,0.7777777777777778,54.80966729288048,100.0,3.5999999999999996,0.72,3.4391462425790196,0.0,5,10.541397750480428,0.4,9.457777020242066,100.0,1.0,0.0,100.0,1.0,0.0,3.5069387139219543,0.4,7.737954192653033,60.0,0.8,0.0
236,random,2,2,649.3197635872459,162.32994089681148,1000649.3197635871,200129.86395271742,2264.6,61.87431693989071,61159.13846620747,1671.014712191461,36.6,1.5945486248683702,46.11115469077686,26.2,13,1.6294021987610925,0.7158469945355191,46.11115469077686,100.0,2.6,0.52,0.4309604347081824,0.0,5,0.0,0.0,0.0,100.0,1.0,0.0,100.0,1.0,0.0,0.0,0.0,0.0,30.555773453884285,0.6,2.154802173540912
237,random,2,2,69.81829266156716,23.272764220522387,2551208.3602551064,510241.67205102125,2269.2,65.96511627906976,60181.69643990866,1749.4679197647865,34.4,3.0168222709294468,47.87614955500612,23.8,15,2.9089253558287815,0.6918604651162791,47.87614955500612,100.0,3.0,0.6,2.7663986332946693,0.0,5,10.436993789253393,0.2,9.581303009202372,100.0,1.0,0.0,100.0,1.0,0.0,0.0,0.0,0.0,28.94375398577722,0.8,4.2506901572709745
238,random,2,2,49.71675731326229,17.755984754736534,4370413.640986711,874082.7281973421,2369.0,72.22560975609755,58593.31687872142,1786.3816121561408,32.8,3.471040688998917,45.94030759593625,23.4,15,3.7734368475220323,0.7134146341463414,45.94030759593625,100.0,3.0,0.6,2.983317604796659,0.0,5,0.0,0.0,0.0,100.0,1.0,0.0,100.0,1.0,0.0,11.026430648771566,0.2,9.069117939007834,18.67510733090967,0.8,5.84747008497546
239,random,2,2,108.8935137077671,36.29783790258903,2000108.8935137074,400021.7787027415,2485.2,77.18012422360249,52619.09218256298,1634.1332975951236,32.2,2.3442367790473106,50.219367496034465,23.8,15,2.453901263815977,0.7391304347826086,50.219367496034465,100.0,3.0,0.6,3.0693071503637572,0.0,5,10.76000093366929,0.2,9.293679490964394,100.0,1.0,0.0,100.0,1.0,0.0,0.0,0.0,0.0,40.33683654650304,0.8,6.0528562608543925
240,random,2,2,92.23187169501333,30.743957231671107,2000092.231871695,400018.446374339,2609.4,78.59638554216868,53554.12246940874,1613.075977994239,33.2,2.563317805169214,62.210180131718516,26.2,16,2.7002878636709533,0.7891566265060241,62.210180131718516,100.0,3.2,0.64,1.8098072381502301,0.0,5,11.050900658592582,0.2,9.049036190751151,100.0,1.0,0.0,100.0,1.0,0.0,0.0,0.0,0.0,100.0,1.0,0.0
241,random,1,2,132.76895459361506,44.256318197871686,2000132.7689545942,400026.55379091884,2745.6,80.75294117647059,54941.71037245313,1615.9326580133275,34.0,2.5302547947261917,61.62715491842118,28.4,16,3.0809586664402757,0.8352941176470589,61.62715491842118,100.0,3.2,0.64,1.8326530891470612,0.0,5,0.0,0.0,0.0,100.0,1.0,0.0,100.0,1.0,0.0,8.135774592105918,0.2,9.163265445735306,100.0,1.0,0.0
242,random,1,1,202.4477347615937,67.48257825386456,2000202.4477347615,400040.4895469523,2892.6,81.25280898876404,56462.88838351461,1586.0361905481632,35.6,1.6092195641221314,60.0,30.8,16,1.9504354108708035,0.8651685393258427,60.0,100.0,3.2,0.64,0.0,0.0,5,0.0,0.0,0.0,100.0,1.0,0.0,100.0,1.0,0.0,0.0,0.2,0.0,100.0,1.0,0.0
243,random,1,1,305.87105155379777,101.95701718459925,2000305.8710515532,400061.1742103106,3048.2,83.28415300546447,58389.51664506339,1595.3419848377976,36.6,1.9250738173984403,60.718850101670796,31.8,17,2.2749284756686556,0.8688524590163934,60.718850101670796,100.0,3.4,0.6799999999999999,1.7249150841496887,0.0,5,3.59425050835398,0.4,8.624575420748444,100.0,1.0,0.0,100.0,1.0,0.0,0.0,0.0,0.0,100.0,1.0,0.0
244,random,1,1,522.9530845173446,174.31769483911486,2000522.9530845173,400104.59061690344,3210.2,86.29569892473118,58899.902610850884,1583.3307153454539,37.2,2.3353008738342083,60.0,33.4,15,2.988953125980427,0.8978494623655914,60.0,100.0,3.0,0.6,0.0,0.0,5,0.0,0.0,0.0,100.0,1.0,0.0,100.0,1.0,0.0,0.0,0.0,0.0,100.0,1.0,0.0
245,random,1,1,58.717090625623335,29.358545312811668,2083003.763538414,416600.7527076828,3381.0,88.046875,61232.61784824562,1594.5994231313964,38.4,1.6447343642042267,63.69685355501588,35.0,19,2.265450379272172,0.9114583333333334,63.69685355501588,100.0,3.8,0.76,3.586672265306116,0.0,5,7.571159857106977,0.4,8.784850652888418,100.0,1.0,0.0,100.0,1.0,0.0,10.913107917972411,0.4,9.14851067364216,100.0,1.0,0.0
246,random,1,1,47.186255373982576,23.593127686991288,4929356.1968500465,985871.2393700093,3556.0,95.08021390374331,58816.082936655264,1572.6225384132424,37.4,1.6418613555471757,60.0,35.2,15,2.079216002009894,0.9411764705882353,60.0,100.0,3.0,0.6,0.0,0.0,5,0.0,0.0,0.0,100.0,1.0,0.0,100.0,1.0,0.0,0.0,0.0,0.0,100.0,1.0,0.0
247,random,2,1,380.31985169027547,146.27686603472134,2001377.9383823103,400275.5876764621,3616.0,97.20430107526882,60724.97311066113,1632.3917502865895,37.2,2.49494832457075,56.70377872721383,32.0,17,3.1011709476386082,0.8602150537634409,56.70377872721383,100.0,3.4,0.6799999999999999,1.7733950383961197,0.0,5,3.5188936360691514,0.4,8.866975191980599,100.0,1.0,0.0,100.0,1.0,0.0,0.0,0.0,0.0,80.0,1.0,0.0
248,random,2,2,229.76053418599736,76.58684472866578,2000229.760534186,400045.9521068372,3633.6,99.82417582417582,59716.5799863984,1640.5653842417144,36.4,1.78894424135098,48.468877176668684,28.4,15,2.5846647259356192,0.7802197802197802,48.468877176668684,100.0,3.0,0.6,2.145191367957164,0.0,5,0.0,0.0,0.0,100.0,1.0,0.0,100.0,1.0,0.0,7.23844429703604,0.4,8.742790305800737,35.10594158630738,0.6,1.9831665339850835
249,random,2,2,105.88891950827924,35.29630650275975,2000105.888919508,400021.1777839016,3646.6,106.00581395348837,59214.98759833372,1721.3659185562128,34.4,2.302175475523497,44.948708086199986,23.6,13,2.6042713566750537,0.686046511627907,44.948708086199986,100.0,2.6,0.52,2.655382880584268,0.0,5,10.334736040872485,0.2,9.676105863228,100.0,1.0,0.0,100.0,1.0,0.0,0.0,0.0,0.0,14.408804390127443,0.4,3.600808539693339
250,random,2,2,64.64897532891133,21.549658442970443,2000064.6489753288,400012.9297950658,3749.0,114.29878048780488,57983.89473063043,1767.8016686167816,32.8,2.8493245596823336,44.20898041336204,23.4,15,2.58668021390325,0.7134146341463414,44.20898041336204,100.0,3.0,0.6,2.845776460302732,0.0,5,4.1524768821045654,0.2,9.118769682105631,100.0,1.0,0.0,100.0,1.0,0.0,0.0,0.0,0.0,16.892425184705644,0.8,5.110112619408028
251,random,2,2,73.8264882733306,24.60882942444353,2000073.8264882728,400014.76529765455,3865.4,116.42771084337349,55605.93243257699,1674.8774829089455,33.2,2.5688422228044505,53.59234650169947,24.2,17,2.399446988460331,0.7289156626506024,53.59234650169947,100.0,3.4000000000000004,0.68,3.202605859558743,0.0,5,0.0,0.2,0.0,100.0,1.0,0.0,100.0,1.0,0.0,10.522553263940608,0.2,9.503396893478953,57.439179244556726,1.0,6.509632404314761
252,random,2,2,114.47839569579114,38.159465231930376,2000114.478395696,400022.8956791392,3993.0,116.07558139534883,55118.61779632016,1602.2854010558187,34.4,1.8964841857832493,60.0,27.4,15,1.8752952145270256,0.7965116279069767,60.0,100.0,3.0,0.6,0.0,0.0,5,0.0,0.0,0.0,100.0,1.0,0.0,100.0,1.0,0.0,0.0,0.0,0.0,100.0,1.0,0.0
253,random,1,2,152.65214785321564,50.884049284405215,2000152.652147853,400030.5304295706,4137.2,118.20571428571428,56903.23516423956,1625.8067189782732,35.0,2.7635101655874172,62.0340951875869,29.8,17,3.149640677134488,0.8514285714285714,62.0340951875869,100.0,3.4,0.6799999999999999,1.792718547005207,0.0,5,10.170475937934498,0.4,8.963592735026035,100.0,1.0,0.0,100.0,1.0,0.0,0.0,0.0,0.0,100.0,1.0,0.0
254,random,1,1,279.2152218544744,93.07174061815813,2000279.2152218546,400055.84304437094,4290.2,117.86263736263736,57826.595879384855,1588.6427439391443,36.4,2.053058292002675,60.14848422748946,31.8,17,2.922683738296374,0.8736263736263736,60.14848422748946,100.0,3.4,0.6799999999999999,1.8177335487119852,0.0,5,0.0,0.0,0.0,100.0,1.0,0.0,100.0,1.0,0.0,0.7424211374473089,0.4,9.088667743559926,100.0,1.0,0.0
255,random,1,1,394.7685370139743,131.58951233799144,2000394.768537014,400078.9537074028,4449.6,120.91304347826087,58266.49676256614,1583.32871637408,36.8,1.663583797029667,62.157508969936316,32.6,16,2.1269042218658045,0.8858695652173914,62.157508969936316,100.0,3.2,0.64,1.8539899744278092,0.0,5,10.78754484968158,0.2,9.269949872139046,100.0,1.0,0.0,100.0,1.0,0.0,0.0,0.0,0.0,100.0,1.0,0.0
256,random,1,1,510.40502294370856,196.30962420911868,2004281.2133550055,400856.2426710011,4616.2,122.77127659574468,59492.13275204465,1582.2375731926768,37.6,2.1699963394364117,60.0,34.2,15,2.720854383552314,0.9095744680851063,60.0,100.0,3.0,0.6,0.0,0.0,5,0.0,0.0,0.0,100.0,1.0,0.0,100.0,1.0,0.0,0.0,0.0,0.0,100.0,1.0,0.0
257,random,1,1,181.73395522440927,82.60634328382238,4163610.0297373077,832722.0059474616,4609.4,121.94179894179894,60336.216842539536,1596.1962127655963,37.8,2.5656665685061664,63.69637550858806,34.8,18,3.431496084043156,0.9206349206349206,63.69637550858806,100.0,3.6,0.72,3.6885198864159774,0.0,5,10.777951625491369,0.2,9.27820085622633,100.0,1.0,0.0,100.0,1.0,0.0,7.703925917448942,0.4,9.164398575853557,100.0,1.0,0.0
258,random,0,1,629.5170191051529,174.86583864032025,1001245.6377323966,200249.1275464793,3079.8,81.47619047619048,61832.6876744282,1635.7853882123861,37.8,1.1563090923560904,37.33517202978055,28.8,12,1.6162847831599396,0.7619047619047619,37.33517202978055,100.0,2.4,0.48,0.36438412957375904,0.0,5,0.0,0.0,0.0,60.0,0.8,0.0,26.675860148902757,0.6,1.8219206478687953,0.0,0.0,0.0,100.0,1.0,0.0
259,random,0,0,250.43231037887216,62.60807759471804,1000250.4323103788,200050.08646207576,1407.4,39.98295454545455,60716.80067527349,1724.9091100929968,35.2,2.029429019879697,36.98064205237279,20.4,14,2.040237922603207,0.5795454545454546,36.98064205237279,100.0,2.8,0.5599999999999999,2.966422504447201,0.0,5,3.6210813363049965,0.4,9.044336196780208,36.050611570944966,0.6,2.1487082722556545,45.23151735461397,0.8,3.6390680532001425,0.0,0.0,0.0,100.0,1.0,0.0
260,random,0,0,165.0451370679051,41.261284266976276,1000165.0451370676,200033.0090274135,507.4,14.923529411764706,59188.08158227171,1740.8259288903446,34.0,2.35044797961634,49.09354169485414,16.6,15,1.6892823384278128,0.48823529411764705,49.09354169485414,100.0,3.0,0.6,2.697706745857063,0.0,5,0.0,0.0,0.0,34.677388263289686,0.8,4.220968166380816,100.0,1.0,0.0,10.790320210981008,0.2,9.2675655629045,100.0,1.0,0.0
261,random,0,0,363.7216761631968,106.97696357741081,1032531.1569134828,206506.23138269657,528.0,16.097560975609756,54979.81797294414,1676.2139625897605,32.8,1.991015579169729,42.86309395339504,20.4,16,2.145575815804353,0.6219512195121951,42.86309395339504,100.0,3.2,0.64,2.9574138004355945,0.0,5,2.196913938059879,0.4,9.07691325498745,12.118555828915305,0.8,5.710155747190523,100.0,1.0,0.0,0.0,0.0,0.0,100.0,1.0,0.0
262,random,0,0,384.3766396698775,128.12554655662584,1404830.7986287668,280966.15972575336,640.8,18.736842105263158,56158.98231553638,1642.0755063022334,34.2,1.8195780796720777,45.72573556871339,25.0,14,2.1790834869552023,0.7309941520467836,45.72573556871339,100.0,2.8,0.5599999999999999,1.3710095347810616,0.0,5,0.0,0.0,0.0,28.628677843566948,0.8,6.8550476739053074,100.0,1.0,0.0,0.0,0.0,0.0,100.0,1.0,0.0
263,random,0,0,176.47307245936054,58.824357486453515,1234413.0027287512,246882.60054575023,774.8,21.64245810055866,55275.38161362302,1544.0050730062298,35.8,1.3989370083785797,62.22062113204902,28.6,16,1.6694732989829595,0.7988826815642458,62.22062113204902,100.0,3.2,0.64,1.8012978181060124,0.0,5,11.103105660245092,0.2,9.006489090530062,100.0,1.0,0.0,100.0,1.0,0.0,0.0,0.0,0.0,100.0,1.0,0.0
264,random,0,0,194.41751704099082,64.8058390136636,2897552.6213806267,579510.5242761254,927.4,24.534391534391535,60505.867568005735,1600.684327195919,37.8,1.0380700349594543,60.0,32.2,15,0.9974973908849946,0.8518518518518519,60.0,100.0,3.0,0.6,0.0,0.0,5,0.0,0.0,0.0,100.0,1.0,0.0,100.0,1.0,0.0,0.0,0.0,0.0,100.0,1.0,0.0
265,random,3,0,404.8714087736622,112.46428021490617,1001186.9871528869,200237.39743057737,958.0,24.947916666666668,62473.09202874332,1626.903438248524,38.4,1.4607371573311425,57.99642580483214,29.4,17,1.6194238243736214,0.765625,57.99642580483214,100.0,3.4,0.6799999999999999,2.6760171093929213,0.0,5,11.33561408195419,0.2,8.821754099691493,100.0,1.0,0.0,60.0,0.8,0.0,18.646514942206522,0.4,4.558331447273114,100.0,1.0,0.0
266,random,3,3,429.8335839221198,107.45839598052994,1000429.8335839224,200085.96671678446,990.8,25.66839378238342,64200.9062946076,1663.2359143680726,38.6,1.2316584539572266,45.60048510872457,27.8,13,1.0933244402886861,0.7202072538860104,45.60048510872457,100.0,2.6,0.52,0.4080032093834284,0.0,5,0.0,0.0,0.0,100.0,1.0,0.0,28.00242554362285,0.6,2.040016046917142,0.0,0.0,0.0,100.0,1.0,0.0
267,random,3,3,621.190206352778,155.2975515881945,1000621.1902063526,200124.23804127052,1026.2,27.43850267379679,62622.66639387375,1674.4028447559826,37.4,1.9672922820046836,61.937137186396285,25.4,19,2.13848009625053,0.679144385026738,61.937137186396285,100.0,3.8,0.76,2.343946660459202,0.0,5,81.1656635128702,1.0,7.400044715539432,100.0,1.0,0.0,28.52002241911123,0.8,4.319688586756576,0.0,0.0,0.0,100.0,1.0,0.0
268,random,3,3,87.40555366148644,29.13518455382881,2475666.857196778,495133.3714393556,1149.2,31.05945945945946,64698.17443275013,1748.5993089932467,37.0,2.548166747739002,66.52364282939106,27.4,20,2.7289202317598487,0.7405405405405405,66.52364282939106,100.0,4.0,0.8,3.1124878770109246,0.0,5,100.0,1.0,0.0,100.0,1.0,0.0,21.95595679781036,0.8,6.183562405685965,10.662257349144966,0.2,9.378876979368657,100.0,1.0,0.0
269,random,3,3,138.42323214804114,46.14107738268038,3750159.591965617,750031.9183931234,1287.2,35.362637362637365,58607.85901191472,1610.106016810844,36.4,1.5897626644482545,66.29069677604275,28.6,19,1.6486607744254211,0.7857142857142857,66.29069677604275,100.0,3.8,0.76,1.4390433355846657,0.0,5,100.0,1.0,0.0,100.0,1.0,0.0,31.453483880213753,0.8,7.195216677923328,0.0,0.0,0.0,100.0,1.0,0.0
270,random,3,3,275.7846881623785,91.9282293874595,6353881.111384217,1270776.2222768434,1437.4,37.432291666666664,59340.36148204034,1545.3219135948004,38.4,1.6653687850544088,80.0,31.6,20,2.3025073848586386,0.8229166666666666,80.0,100.0,4.0,0.8,0.0,0.0,5,100.0,1.0,0.0,100.0,1.0,0.0,100.0,1.0,0.0,0.0,0.0,0.0,100.0,1.0,0.0
271,random,3,3,248.97934859489047,82.99311619829682,6173425.349164841,1234685.069832968,1603.6,40.29145728643216,62990.59668214095,1582.6783085965064,39.8,1.7271244396750924,81.15148816228157,34.8,22,2.8020788989485776,0.8743718592964824,81.15148816228157,100.0,4.4,0.8800000000000001,1.8561740930564703,0.0,5,100.0,1.0,0.0,100.0,1.0,0.0,100.0,1.0,0.0,5.757440811407832,0.4,9.280870465282351,100.0,1.0,0.0
272,random,1,3,261.24141854073554,87.08047284691185,2000261.241418541,400052.2482837082,1686.6,41.54187192118226,64199.384486482864,1581.2656277458834,40.6,0.8432844408896538,76.0,33.4,20,0.9349037277634366,0.8226600985221675,76.0,100.0,4.0,0.8,0.0,0.0,5,80.0,1.0,0.0,100.0,1.0,0.0,100.0,1.0,0.0,0.0,0.0,0.0,100.0,1.0,0.0
273,random,1,1,270.6379786882727,90.21265956275757,2000270.6379786886,400054.1275957377,1811.8,44.40686274509804,66325.33962749726,1625.6210693014034,40.8,1.5807555932831,64.62033777497345,33.0,18,2.019954916713234,0.8088235294117647,64.62033777497345,100.0,3.6,0.72,0.3882216521886884,0.0,5,23.10168887486725,0.6,1.941108260943442,100.0,1.0,0.0,100.0,1.0,0.0,0.0,0.0,0.0,100.0,1.0,0.0
274,random,1,1,366.9480091792052,131.05286042114471,2001656.07996189,400331.21599237795,1978.0,48.960396039603964,63891.318580788386,1581.4682817026828,40.4,2.451420754340435,65.3314592413999,33.8,20,3.1903766255079904,0.8366336633663366,65.3314592413999,100.0,4.0,0.8,2.5215602201217084,0.0,5,25.02689105515401,0.6,4.166855046615586,100.0,1.0,0.0,100.0,1.0,0.0,1.6304051518454798,0.4,8.440946053992956,100.0,1.0,0.0
275,random,1,1,52.92393348379416,29.40218526877453,3769031.6106946156,753806.3221389231,2151.0,56.30890052356021,60177.48537153493,1575.3268421867783,38.2,2.426220887566806,60.74475587710458,35.4,18,4.185217176094669,0.9267015706806283,60.74475587710458,100.0,3.6,0.72,1.082616912662175,0.0,5,3.723779385522903,0.6,5.413084563310875,100.0,1.0,0.0,100.0,1.0,0.0,0.0,0.0,0.0,100.0,1.0,0.0
276,random,1,1,64.81259941905823,32.406299709529115,3000064.812599419,600012.9625198839,2326.0,61.21052631578947,60398.74166369341,1589.440570097195,38.0,1.4801844653692098,60.125571221777136,35.0,17,2.067962037408695,0.9210526315789473,60.125571221777136,100.0,3.4,0.6799999999999999,1.7296921977028252,0.0,5,0.6278561088856804,0.4,8.648460988514126,100.0,1.0,0.0,100.0,1.0,0.0,0.0,0.0,0.0,100.0,1.0,0.0
277,random,1,1,34.70476273411373,17.352381367056864,3000034.7047627345,600006.9409525469,2501.0,67.23118279569893,58847.13938196709,1581.91234897761,37.2,2.191461247988045,60.0,35.0,15,2.7358262871638632,0.9408602150537635,60.0,100.0,3.0,0.6,0.0,0.0,5,0.0,0.0,0.0,100.0,1.0,0.0,100.0,1.0,0.0,0.0,0.0,0.0,100.0,1.0,0.0
278,random,0,1,317.12001087152674,121.96923495058721,2001313.5197789534,400262.70395579067,2439.8,64.88829787234043,60834.478752006995,1617.9382646810373,37.6,2.2628893141269906,56.43103375989722,32.4,16,2.90585015724693,0.8617021276595744,56.43103375989722,100.0,3.2,0.64,3.611893129368243,0.0,5,11.2616851472103,0.2,8.879665759859359,60.0,0.8,0.0,100.0,1.0,0.0,10.89348365227579,0.2,9.179799886981856,100.0,1.0,0.0
279,random,0,0,205.97250592532274,68.65750197510758,2000205.972505926,400041.1945011852,2264.4,61.2,60601.08462105723,1637.8671519204656,37.0,1.2722239043958725,44.624699265304116,28.2,13,1.5829263327300147,0.7621621621621621,44.624699265304116,100.0,2.6,0.52,0.3338809029847645,0.0,5,0.0,0.0,0.0,23.12349632652058,0.6,1.6694045149238226,100.0,1.0,0.0,0.0,0.0,0.0,100.0,1.0,0.0
280,random,0,0,97.20369013812729,32.40123004604243,2000097.2036901382,400019.4407380276,2173.6,61.40112994350282,61676.630091344494,1742.2776861961722,35.4,2.127232027685784,46.98179421640998,25.4,14,2.2166600910996226,0.7175141242937854,46.98179421640998,100.0,2.8,0.5599999999999999,2.74112580408418,0.0,5,9.75924450327966,0.2,9.518870157655329,25.14972657877024,0.6,4.186758862765573,100.0,1.0,0.0,0.0,0.0,0.0,100.0,1.0,0.0
281,random,0,0,72.58424491102363,24.194748303674544,2000072.584244911,400014.5168489822,2219.2,63.40571428571429,59460.474435954195,1698.8706981701198,35.0,2.6956481911210517,46.041929091608836,24.4,17,2.66404776885484,0.6971428571428572,46.041929091608836,100.0,3.4,0.6799999999999999,2.714322897787193,0.0,5,0.0,0.2,0.0,20.20010295605516,0.8,4.851015438861149,100.0,1.0,0.0,10.009542501989017,0.4,8.720599050074817,100.0,1.0,0.0
282,random,0,0,138.24426116571152,46.08142038857051,2000138.2442611656,400027.64885223313,2348.0,64.86187845303867,56241.39552760726,1553.6297107073829,36.2,1.4598836007887577,62.03909580238724,27.8,17,1.5239684285859791,0.7679558011049724,62.03909580238724,100.0,3.4,0.6799999999999999,1.8090825120545921,0.0,5,10.195479011936186,0.4,9.045412560272961,100.0,1.0,0.0,100.0,1.0,0.0,0.0,0.0,0.0,100.0,1.0,0.0
283,random,0,0,230.55555038549784,76.85185012849928,2000230.5555503857,400046.1111100771,2498.2,67.15591397849462,58212.9854982598,1564.8652015661237,37.2,1.1610158817536829,60.91248425958565,31.8,16,1.2051013928997656,0.8548387096774194,60.91248425958565,100.0,3.2,0.64,1.3643423228184082,0.0,5,0.0,0.0,0.0,100.0,1.0,0.0,100.0,1.0,0.0,4.5624212979282674,0.2,6.821711614092041,100.0,1.0,0.0
284,random,1,0,391.2354010595167,130.41180035317223,2000391.2354010593,400078.2470802119,2627.0,69.86702127659575,59634.53296684298,1586.0248129479517,37.6,1.2569672118996709,72.0,31.6,19,1.8727482666321886,0.8404255319148937,72.0,100.0,3.8,0.76,0.0,0.0,5,0.0,0.0,0.0,100.0,1.0,0.0,100.0,1.0,0.0,60.0,0.8,0.0,100.0,1.0,0.0
285,random,1,1,412.71061115159125,137.57020371719707,2000412.710611152,400082.5421222304,2784.2,72.50520833333333,61709.913160325596,1607.0289885501459,38.4,1.620145716391694,62.18798417613016,32.8,16,2.4008951289084433,0.8541666666666666,62.18798417613016,100.0,3.2,0.64,1.8281667864137467,0.0,5,10.939920880650789,0.2,9.140833932068734,100.0,1.0,0.0,100.0,1.0,0.0,0.0,0.0,0.0,100.0,1.0,0.0
286,random,1,1,275.2435377316491,114.68480738818712,2066386.4530604791,413277.29061209585,2951.2,78.07407407407408,59846.79555705328,1583.2485597104044,37.8,1.8670925076942624,62.22343419334993,34.4,16,2.354520115085551,0.91005291005291,62.22343419334993,100.0,3.2,0.64,1.799018838499291,0.0,5,11.117170966749654,0.2,8.995094192496454,100.0,1.0,0.0,100.0,1.0,0.0,0.0,0.0,0.0,100.0,1.0,0.0
287,random,1,1,39.267238940843775,19.633619470421888,3495978.9641478746,699195.7928295749,3126.0,82.6984126984127,59922.41331244315,1585.249029429713,37.8,2.0020731842187045,60.0,35.4,15,2.5628239560894466,0.9365079365079365,60.0,100.0,3.0,0.6,0.0,0.0,5,0.0,0.0,0.0,100.0,1.0,0.0,100.0,1.0,0.0,0.0,0.0,0.0,100.0,1.0,0.0
288,random,1,1,48.8493201220803,24.42466006104015,3000048.849320122,600009.7698640244,3301.0,84.64102564102564,61796.836949234304,1584.5342807495977,39.0,1.8508656493387172,62.990364104002765,35.0,18,2.4787556856485216,0.8974358974358975,62.990364104002765,100.0,3.6,0.72,3.607858724071953,0.0,5,10.699142494681837,0.2,9.346543430906397,100.0,1.0,0.0,100.0,1.0,0.0,4.2526780253319885,0.4,8.692750189453365,100.0,1.0,0.0
289,random,0,1,347.6796319308415,133.72293535801595,2001079.8374425736,400215.9674885147,3366.2,90.00534759358288,59630.93921781783,1594.4101395138457,37.4,1.4302862065467012,52.0,33.2,14,1.853954296098428,0.8877005347593583,52.0,100.0,2.8,0.5599999999999999,0.0,0.0,5,0.0,0.0,0.0,60.0,0.8,0.0,100.0,1.0,0.0,0.0,0.0,0.0,100.0,1.0,0.0
290,random,0,0,158.73238377025805,52.91079459008602,2000158.7323837702,400031.746476754,3367.8,91.02162162162162,62254.07594433895,1682.5425930902418,37.0,2.0160519235537477,49.539540231031424,28.6,16,2.2295926468715055,0.772972972972973,49.539540231031424,100.0,3.2,0.64,3.9596626782536104,0.0,5,8.806412723674839,0.4,9.116557736881077,27.500907085059225,0.6,1.9024183382221216,100.0,1.0,0.0,11.390381346423055,0.2,8.779337316164854,100.0,1.0,0.0
291,random,0,0,164.34783375457795,68.47826406440748,2022072.6756282083,404414.5351256417,3404.6,95.63483146067416,59509.37971305023,1671.6117896924222,35.6,1.182619482762246,44.850999172171214,26.4,15,1.4073504661351919,0.7415730337078652,44.850999172171214,100.0,3.0,0.6,0.7730763617766419,0.0,5,0.0,0.0,0.0,24.25499586085607,1.0,3.8653818088832095,100.0,1.0,0.0,0.0,0.0,0.0,100.0,1.0,0.0
292,random,0,0,171.16082378907,57.05360792969,2000171.1608237892,400034.23216475785,3499.6,97.75418994413408,60625.071112032245,1693.4377405595599,35.8,1.919390596189887,47.808871133364846,25.6,14,2.189165100652359,0.7150837988826816,47.808871133364846,100.0,2.8,0.5599999999999999,2.814183399631731,0.0,5,10.958992192518053,0.2,9.124926657788132,28.085363474306178,0.6,4.945990340370523,100.0,1.0,0.0,0.0,0.0,0.0,100.0,1.0,0.0
293,random,0,0,131.56478612092727,43.854928706975755,2000131.5647861212,400026.31295722426,3635.8,97.21390374331551,58633.95324127731,1567.7527604619602,37.4,1.530669855137403,60.0,29.2,15,1.649336972196718,0.7807486631016043,60.0,100.0,3.0,0.6,0.0,0.0,5,0.0,0.0,0.0,100.0,1.0,0.0,100.0,1.0,0.0,0.0,0.0,0.0,100.0,1.0,0.0
294,random,0,0,249.3955011654021,83.1318337218007,2000249.3955011654,400049.8791002331,3791.2,96.71428571428571,61218.929176658145,1561.707376955565,39.2,1.137120825315342,68.49458201339439,32.8,18,1.3111496820505044,0.8367346938775511,68.49458201339439,100.0,3.6,0.72,2.800346372210206,0.0,5,11.620973663111727,0.2,8.605130938161269,100.0,1.0,0.0,100.0,1.0,0.0,30.851936403860236,0.4,5.3966009228897605,100.0,1.0,0.0
295,random,3,0,696.1461516344137,193.37393100955936,1001825.6589884956,200365.1317976991,3527.0,86.02439024390245,66060.2651573733,1611.2259794481295,41.0,0.7500619481712909,68.0,32.0,19,0.8056503520304995,0.7804878048780488,68.0,100.0,3.8,0.76,0.0,0.0,5,0.0,0.0,0.0,100.0,1.0,0.0,80.0,1.0,0.0,60.0,0.8,0.0,100.0,1.0,0.0
296,random,3,3,698.3656725472752,174.5914181368188,1000698.3656725474,200139.67313450947,3183.2,80.38383838383838,64947.86934968001,1640.0977108505053,39.6,1.5310890644117947,55.9629277681006,29.6,16,1.7139694386948345,0.7474747474747475,55.9629277681006,100.0,3.2,0.64,1.8378984707190422,0.0,5,44.14864373220098,0.6,6.928789355713804,100.0,1.0,0.0,35.66599510830201,0.6,2.2607029978814066,0.0,0.0,0.0,100.0,1.0,0.0
297,random,3,3,316.0341649804272,98.76067655638349,1167277.9914711236,233455.59829422474,2926.4,75.81347150259067,65423.990736281194,1694.922039800031,38.6,2.0300815440468547,66.3393332462374,28.4,22,2.460747812291621,0.7357512953367875,66.3393332462374,100.0,4.4,0.8800000000000001,2.583495464933255,0.0,5,100.0,1.0,0.0,100.0,1.0,0.0,25.49383829979888,1.0,4.0422988482432505,6.2028279313881285,0.4,8.875178476423025,100.0,1.0,0.0
298,random,3,3,191.217314918736,63.739104972912,3554730.3735745735,710946.0747149147,2991.0,80.83783783783784,61300.730503757295,1656.7765001015487,37.0,1.44736363293856,63.464952731829726,28.0,16,1.581306685923504,0.7567567567567568,63.464952731829726,100.0,3.2,0.64,1.1544169025035251,0.0,5,100.0,1.0,0.0,100.0,1.0,0.0,17.32476365914863,0.2,5.772084512517626,0.0,0.0,0.0,100.0,1.0,0.0
299,random,3,3,119.58013430186926,39.86004476728976,2000119.5801343017,400023.91602686036,3131.0,85.08152173913044,61383.49054090475,1668.029634263716,36.8,2.0767491638171736,64.94191678380867,28.4,19,2.1511947180901707,0.7717391304347826,64.94191678380867,100.0,3.8,0.76,1.2865619656525746,0.0,5,100.0,1.0,0.0,100.0,1.0,0.0,24.709583919043325,0.8,6.432809828262873,0.0,0.0,0.0,100.0,1.0,0.0
300,random,3,3,276.7301245938553,92.24337486461843,2000276.730124594,400055.3460249188,3278.4,85.375,59835.6361208652,1558.2196906475313,38.4,2.0318045758140233,82.27730469628841,31.6,21,2.9694562410931815,0.8229166666666666,82.27730469628841,100.0,4.2,0.8400000000000001,1.7564623682194422,0.0,5,100.0,1.0,0.0,100.0,1.0,0.0,100.0,1.0,0.0,11.386523481442055,0.2,8.782311841097211,100.0,1.0,0.0
301,random,3,3,306.1133060351189,109.32618072682818,2005313.994753676,401062.7989507352,3444.4,84.00975609756098,63679.80077218295,1553.165872492267,41.0,0.8850745140148893,80.0,35.4,20,1.6554263125246138,0.8634146341463415,80.0,100.0,4.0,0.8,0.0,0.0,5,100.0,1.0,0.0,100.0,1.0,0.0,100.0,1.0,0.0,0.0,0.0,0.0,100.0,1.0,0.0
302,random,0,3,626.7631711406614,174.10088087240592,1001799.8279404398,200359.96558808797,3379.6,82.83333333333333,64825.78475129678,1588.8672733160975,40.8,0.7016061453037952,72.0,31.4,20,0.6326667992294495,0.7696078431372549,72.0,100.0,4.0,0.8,0.0,0.0,5,80.0,1.0,0.0,80.0,1.0,0.0,100.0,1.0,0.0,0.0,0.0,0.0,100.0,1.0,0.0
303,random,0,0,410.31351326411277,102.57837831602819,1000410.3135132641,200082.06270265282,3289.6,81.42574257425743,68072.72439965123,1684.9684257339413,40.4,1.269695161196327,54.78122966284718,26.8,16,1.1320319137928563,0.6633663366336634,54.78122966284718,100.0,3.2,0.64,0.9175689507877166,0.0,5,36.48980492417195,0.6,2.289989907246154,37.41634339006396,0.6,2.2978548466924296,100.0,1.0,0.0,0.0,0.0,0.0,100.0,1.0,0.0
304,random,0,0,434.9203695291156,114.45272882345148,1001477.8334725059,200295.56669450118,3247.6,85.91534391534391,64680.993231268716,1711.1373870706009,37.8,1.8741104294348765,56.86525143491508,24.0,20,1.6653934462072992,0.6349206349206349,56.86525143491508,100.0,4.0,0.8,3.4274406073196375,0.0,5,39.89758331014855,0.8,4.240634765860732,39.03751886432474,0.8,4.148512910457478,100.0,1.0,0.0,5.391155000102117,0.4,8.748055360279979,100.0,1.0,0.0
305,random,0,0,184.71676533253884,71.04490974328417,1688984.2858460317,337796.85716920637,3332.0,92.04419889502762,63470.84182995643,1753.3381720982438,36.2,1.799864971350232,45.031548673285215,25.4,17,2.181569000187263,0.7016574585635359,45.031548673285215,100.0,3.4,0.6799999999999999,2.1735877596580004,0.0,5,3.8507410665806674,0.6,5.0598274101910405,21.307002299845408,0.8,5.80811138809896,100.0,1.0,0.0,0.0,0.0,0.0,100.0,1.0,0.0
306,random,0,0,139.6380693559623,46.5460231186541,2000139.6380693559,400027.9276138712,3460.6,96.12777777777778,57197.06547987106,1588.8073744408628,36.0,1.7244313654201258,52.469243084947266,27.2,15,1.9231019199015613,0.7555555555555555,52.469243084947266,100.0,3.0,0.6,2.9629569655910997,0.0,5,11.040562140215116,0.2,9.057509819699415,51.30565328452121,0.8,5.757275008256085,100.0,1.0,0.0,0.0,0.0,0.0,100.0,1.0,0.0
307,random,0,0,145.14185218381684,48.380617394605615,2000145.1418521837,400029.02837043675,3605.4,95.38095238095238,61040.59589087915,1614.8305791237872,37.8,1.4034086511428945,62.22306490189203,31.0,16,1.3974244359954762,0.8201058201058201,62.22306490189203,100.0,3.2,0.64,1.7993176882040811,0.0,5,11.115324509460152,0.2,8.996588441020405,100.0,1.0,0.0,100.0,1.0,0.0,0.0,0.0,0.0,100.0,1.0,0.0
308,random,0,0,247.1891305917864,82.39637686392881,2000247.189130592,400049.4378261184,3766.8,96.09183673469387,60922.16280867689,1554.1368063437983,39.2,0.8858874344775414,74.89206239616033,34.0,19,0.9456343129644939,0.8673469387755102,74.89206239616033,100.0,3.8,0.76,0.9154095443120884,0.0,5,0.0,0.0,0.0,100.0,1.0,0.0,100.0,1.0,0.0,74.46031198080163,0.8,4.577047721560442,100.0,1.0,0.0
309,random,3,0,627.9923626492479,174.4423229581244,1001749.2338700438,200349.84677400877,3741.2,94.0,63461.39829985502,1594.5074949712316,39.8,0.9810123702615655,72.35583851343199,31.4,21,1.1332447515364474,0.7889447236180904,72.35583851343199,100.0,4.2,0.8400000000000001,1.4901045195992444,0.0,5,41.77919256715995,0.6,7.450522597996222,100.0,1.0,0.0,60.0,0.8,0.0,60.0,0.8,0.0,100.0,1.0,0.0
310,random,3,3,628.0818835032045,157.02047087580112,1000628.0818835034,200125.61637670067,3708.0,94.11167512690355,64550.82832024555,1638.3458964529327,39.4,1.2133598811273913,67.34632457641874,29.2,19,1.5956199266492652,0.7411167512690355,67.34632457641874,100.0,3.8000000000000003,0.76,1.7264797650417691,0.0,5,100.0,1.0,0.0,100.0,1.0,0.0,21.95905454460899,0.6,1.8630952271165164,14.7725683374847,0.2,6.769303598092329,100.0,1.0,0.0
311,random,3,3,699.7743817487451,174.94359543718627,601453.3798097454,120290.67596194908,3351.6,88.66666666666667,63950.2967344823,1691.806791917521,37.8,1.4026196464044816,66.26892003952344,25.2,20,1.2796548550689082,0.6666666666666666,66.26892003952344,100.0,4.0,0.8,0.7832921304128023,0.0,5,100.0,1.0,0.0,100.0,1.0,0.0,31.344600197617183,1.0,3.9164606520640115,0.0,0.0,0.0,100.0,1.0,0.0
312,random,3,3,306.19705286064743,76.54926321516186,410274.95227063785,82054.99045412758,2142.4,59.84357541899441,61352.599240535244,1713.7597553222136,35.8,2.365171070094002,51.00943870442188,22.0,16,2.2101487136180364,0.6145251396648045,51.00943870442188,100.0,3.2,0.64,1.6084281780874243,0.0,5,100.0,1.0,0.0,100.0,1.0,0.0,23.26798031548151,0.6,5.8903909154721585,0.0,0.0,0.0,31.7792132066279,0.6,2.1517499749649622
313,random,3,3,283.7346085711482,70.93365214278705,1000283.7346085708,200056.74692171416,958.6,26.335164835164836,59197.97449862437,1626.3179807314386,36.4,2.8969878495592996,65.29136724557429,21.2,20,3.1763279370516044,0.5824175824175825,65.29136724557429,100.0,4.0,0.8,2.9955948275851227,0.0,5,100.0,1.0,0.0,100.0,1.0,0.0,22.0109298502166,0.6,6.136547812243061,4.445906377654865,0.4,8.841426325682553,100.0,1.0,0.0
314,random,3,3,512.2113822886546,134.79246902333017,1200512.211382289,240102.4422764578,497.8,13.16931216931217,56895.40582233963,1505.169466199461,37.8,1.2846201948469687,80.0,25.6,20,2.665935743273742,0.6772486772486772,80.0,100.0,4.0,0.8,0.0,0.0,5,100.0,1.0,0.0,100.0,1.0,0.0,100.0,1.0,0.0,0.0,0.0,0.0,100.0,1.0,0.0
315,random,1,3,295.88210326827647,92.46315727133639,2960620.6482370896,592124.1296474179,543.8,13.732323232323232,62472.46113419176,1577.58740237858,39.6,1.185058820089702,72.0,29.2,19,1.404828172723185,0.7373737373737373,72.0,100.0,3.8,0.76,0.0,0.0,5,60.0,0.8,0.0,100.0,1.0,0.0,100.0,1.0,0.0,0.0,0.0,0.0,100.0,1.0,0.0
316,random,1,1,207.19744850888304,69.06581616962768,1040534.2082730556,208106.8416546111,660.2,16.756345177664976,64260.886904702595,1630.9869772767156,39.4,1.9534406241531932,65.5290012085361,31.2,18,2.57253196271321,0.7918781725888325,65.5290012085361,100.0,3.6,0.72,0.3394931587271229,0.0,5,27.645006042680507,0.6,1.6974657936356143,100.0,1.0,0.0,100.0,1.0,0.0,0.0,0.0,0.0,100.0,1.0,0.0
317,random,1,1,245.46439487471358,87.66585531239771,2234432.174356977,446886.4348713954,819.2,20.897959183673468,63959.2104657994,1631.6125118826378,39.2,2.566849779472699,67.66191276167774,32.8,21,3.8434284659676545,0.8367346938775511,67.66191276167774,100.0,4.2,0.8400000000000001,2.534650093025342,0.0,5,27.40979462150335,1.0,3.4987442636265516,100.0,1.0,0.0,100.0,1.0,0.0,10.89976918688535,0.2,9.17450620150016,100.0,1.0,0.0
318,random,1,1,484.2553592727028,172.94834259739386,2001292.9493098934,400258.58986197866,984.2,25.630208333333332,59475.07845526291,1548.830168105805,38.4,1.1226083192445884,61.44652096407481,33.8,17,1.6374256626521726,0.8802083333333334,61.44652096407481,100.0,3.4,0.6799999999999999,1.0903956905725039,0.0,5,7.232604820374036,0.4,5.4519784528625195,100.0,1.0,0.0,100.0,1.0,0.0,0.0,0.0,0.0,100.0,1.0,0.0
319,random,1,1,48.854803735924804,24.427401867962402,3046946.350603218,609389.2701206437,1157.0,30.44736842105263,60318.54326114814,1587.3300858196878,38.0,1.5996750047267634,60.0,35.0,15,2.0354170669098335,0.9210526315789473,60.0,100.0,3.0,0.6,0.0,0.0,5,0.0,0.0,0.0,100.0,1.0,0.0,100.0,1.0,0.0,0.0,0.0,0.0,100.0,1.0,0.0
320,random,1,1,27.497606875995142,13.748803437997571,3000027.497606876,600005.4995213752,1332.0,35.23809523809524,60916.21695528837,1611.540131092285,37.8,2.745995030136779,62.19330061763594,35.0,16,3.412566880974837,0.9259259259259259,62.19330061763594,100.0,3.2,0.64,1.8237354094722398,0.0,5,10.966503088179707,0.2,9.1186770473612,100.0,1.0,0.0,100.0,1.0,0.0,0.0,0.0,0.0,100.0,1.0,0.0
321,random,2,1,323.3990269278142,134.74959455325592,2201318.0679991166,440263.6135998233,1379.6,37.086021505376344,60248.02791926168,1619.5706429909055,37.2,1.81007765822577,55.74802074142917,32.4,17,2.948974268238331,0.8709677419354839,55.74802074142917,100.0,3.4000000000000004,0.68,3.6628327199444173,0.0,5,8.96835618071691,0.2,8.98465107185766,100.0,1.0,0.0,100.0,1.0,0.0,9.771747526428953,0.4,9.329512527864427,60.0,0.8,0.0
322,random,2,2,171.3040760748535,57.10135869161783,2000171.3040760749,400034.26081521495,1335.6,37.94318181818182,57687.372439977946,1638.845807953919,35.2,1.7500079879217234,44.81680370972754,27.0,14,1.9708942274241725,0.7670454545454546,44.81680370972754,100.0,2.8000000000000003,0.56,0.34598180059140854,0.0,5,0.0,0.2,0.0,100.0,1.0,0.0,100.0,1.0,0.0,0.0,0.0,0.0,24.084018548637687,0.6,1.7299090029570428
323,random,2,2,86.3484222205416,28.782807406847198,2000086.3484222207,400017.2696844441,1321.4,38.190751445086704,59818.53494443481,1728.8593914576536,34.6,2.291502569484411,47.085929452508935,24.0,13,2.1921487296643574,0.6936416184971098,47.085929452508935,100.0,2.6,0.52,0.8305215256460737,0.0,5,0.0,0.0,0.0,100.0,1.0,0.0,100.0,1.0,0.0,0.0,0.0,0.0,35.42964726254468,0.6,4.152607628230369
324,random,2,2,78.13203159519114,26.04401053173038,2000078.1320315953,400015.6264063191,1432.4,40.235955056179776,58467.61993532335,1642.3488745877348,35.6,2.4515144825571715,56.00547885805918,24.8,18,2.312228089715547,0.6966292134831461,56.00547885805918,100.0,3.6,0.72,4.55085357739041,0.0,5,5.323724670597585,0.4,8.820167167112233,100.0,1.0,0.0,100.0,1.0,0.0,10.89858713762169,0.2,9.17550125876428,63.805082482076614,1.0,4.758599461075539
325,random,2,2,144.1388804362128,48.046293478737596,2000144.138880436,400028.8277760872,1567.8,42.60326086956522,57632.03686396291,1566.0879582598616,36.8,1.8220830460843158,60.0,29.4,15,1.99976313661327,0.7989130434782609,60.0,100.0,3.0,0.6,0.0,0.0,5,0.0,0.0,0.0,100.0,1.0,0.0,100.0,1.0,0.0,0.0,0.0,0.0,100.0,1.0,0.0
326,random,2,2,283.8241891381326,94.60806304604421,2000283.8241891384,400056.76483782765,1721.8,45.310526315789474,59344.338622029034,1561.693121632343,38.0,2.1567755225138967,63.811729194191685,32.8,18,3.0350319860851394,0.8631578947368421,63.811729194191685,100.0,3.6,0.72,3.543795956094158,0.0,5,7.841940338703353,0.4,8.803706145007164,100.0,1.0,0.0,100.0,1.0,0.0,11.21670563225507,0.2,8.915273635463626,100.0,1.0,0.0
327,random,3,2,790.0117507919297,232.35639729174403,1201536.313481571,240307.2626963142,1689.2,42.44221105527638,64034.40074110213,1608.9045412337218,39.8,1.0988230021109509,52.0,32.8,14,1.974863689108752,0.8241206030150754,52.0,100.0,2.8,0.5599999999999999,0.0,0.0,5,0.0,0.0,0.0,100.0,1.0,0.0,60.0,0.8,0.0,0.0,0.0,0.0,100.0,1.0,0.0
328,random,3,3,190.20966243264937,63.40322081088312,1079096.0190649752,215819.20381299505,1538.2,39.44102564102564,62707.483196946836,1607.8841845370985,39.0,1.2622372372731532,66.11179958977482,30.0,18,1.4760014110235176,0.7692307692307693,66.11179958977482,100.0,3.6,0.72,1.2301585871774015,0.0,5,98.06592295794871,1.0,4.073995775499667,100.0,1.0,0.0,32.49307499092538,0.6,2.07679716038734,0.0,0.0,0.0,100.0,1.0,0.0
329,random,3,3,126.46573140295804,42.155243800986014,2501183.3118508216,500236.6623701643,1526.2,40.16315789473684,64060.88919286529,1685.812873496455,38.0,2.157860203262554,63.93086620549275,27.8,19,2.6326060130805287,0.7315789473684211,63.93086620549275,100.0,3.8,0.76,0.8524106990583766,0.0,5,100.0,1.0,0.0,100.0,1.0,0.0,19.65433102746374,0.8,4.262053495291883,0.0,0.0,0.0,100.0,1.0,0.0
330,random,3,3,229.33922735178038,76.44640911726013,2000229.3392273518,400045.8678454704,1651.8,43.24083769633508,61362.98906504198,1606.360970289057,38.2,1.8983236251916988,67.36288162324945,29.2,19,2.7480555663310633,0.7643979057591623,67.36288162324945,100.0,3.8000000000000003,0.76,2.8237952930057384,0.0,5,100.0,1.0,0.0,100.0,1.0,0.0,26.257206603045233,0.6,4.646769282571507,10.557201513202017,0.2,9.472207182457185,100.0,1.0,0.0
331,random,3,3,214.88511306360687,71.62837102120228,2000214.8851130635,400042.9770226127,1805.8,44.477832512315274,63433.478619755464,1562.400951225504,40.6,0.8803723231413331,80.0,32.6,20,0.8132215716272428,0.8029556650246306,80.0,100.0,4.0,0.8,0.0,0.0,5,100.0,1.0,0.0,100.0,1.0,0.0,100.0,1.0,0.0,0.0,0.0,0.0,100.0,1.0,0.0
332,random,3,3,292.19156996938887,97.39718998979629,2000292.1915699695,400058.4383139939,1978.6,47.5625,65237.90452511383,1568.2188587767746,41.6,0.8727326112894819,80.0,36.2,20,1.0755645741900874,0.8701923076923077,80.0,100.0,4.0,0.8,0.0,0.0,5,100.0,1.0,0.0,100.0,1.0,0.0,100.0,1.0,0.0,0.0,0.0,0.0,100.0,1.0,0.0
333,random,0,3,580.7113515707636,161.30870876965653,1200920.2120389373,240184.04240778746,1663.8,39.803827751196174,66271.36830996312,1585.4394332527063,41.8,1.07935292809299,66.36277289846385,33.0,19,1.4491962344998488,0.7894736842105263,66.36277289846385,100.0,3.8000000000000003,0.76,1.6929261388602335,0.0,5,80.0,1.0,0.0,40.0,0.6,0.0,100.0,1.0,0.0,11.813864492319226,0.2,8.464630694301167,100.0,1.0,0.0
334,random,0,0,578.3271012974485,192.77570043248284,1014344.9923840438,202868.99847680875,1152.0,28.374384236453203,66551.96073605402,1639.210855567833,40.6,0.6849599909299922,55.362752565112714,28.2,16,0.9104107771795715,0.6945812807881774,55.362752565112714,100.0,3.2,0.64,0.766066358664682,0.0,5,38.88500361239494,0.6,2.1890182692448303,37.92875921316863,0.6,1.6413135240785797,100.0,1.0,0.0,0.0,0.0,0.0,100.0,1.0,0.0
335,random,0,0,165.38015371172335,55.12671790390778,2356108.754219827,471221.75084396533,849.8,21.9020618556701,65387.686044211776,1685.2496403147366,38.8,1.4126562737460169,53.50862201920063,25.6,18,1.482476929508166,0.6597938144329897,53.50862201920063,100.0,3.6,0.72,1.5493894967014252,0.0,5,32.87448704353665,0.6,4.241688828098725,34.6686230524665,1.0,3.505258655408402,100.0,1.0,0.0,0.0,0.0,0.0,100.0,1.0,0.0
336,random,0,0,96.75442226607623,32.25147408869208,4721426.3535414655,944285.2707082931,905.0,24.726775956284154,62413.65367315611,1705.2910839660137,36.6,1.9267709887485238,44.70545389934341,25.4,16,1.771343677531918,0.6939890710382514,44.70545389934341,100.0,3.2,0.64,2.1073121338519014,0.0,5,3.516819437832055,0.6,5.340598547325919,20.010450058885,0.6,5.195962121933587,100.0,1.0,0.0,0.0,0.0,0.0,100.0,1.0,0.0
337,random,0,0,146.6464648178029,52.37373743492961,7793976.196351016,1558795.2392702033,1036.0,27.849462365591396,58578.16967738554,1574.68198057488,37.2,1.704480934822439,70.07307571590718,28.0,18,1.9665797271347711,0.7526881720430108,70.07307571590718,100.0,3.6,0.72,1.1118418612406722,0.0,5,0.0,0.0,0.0,100.0,1.0,0.0,100.0,1.0,0.0,50.3653785795359,0.6,5.5592093062033605,100.0,1.0,0.0
338,random,0,0,433.1532352406092,144.38441174686974,5194565.130949821,1038913.0261899643,1187.4,30.290816326530614,62108.76081105291,1584.4071635472683,39.2,1.1530691847063679,82.23093205978421,32.2,21,1.8583279810838158,0.8214285714285714,82.23093205978421,100.0,4.2,0.8400000000000001,1.7929725750531855,0.0,5,11.154660298921044,0.2,8.964862875265927,100.0,1.0,0.0,100.0,1.0,0.0,100.0,1.0,0.0,100.0,1.0,0.0
339,random,1,0,337.301185953072,112.433728651024,3021356.630563853,604271.3261127706,1285.0,32.94871794871795,62680.10687676638,1607.1822276093944,39.0,1.6080877422661186,76.60493405904435,32.4,22,2.19218995375251,0.8307692307692308,76.60493405904435,100.0,4.4,0.8800000000000001,1.7926363872364164,0.0,5,3.0246702952217674,0.4,8.963181936182082,100.0,1.0,0.0,100.0,1.0,0.0,80.0,1.0,0.0,100.0,1.0,0.0
