step,control_mode,phase,prev_phase,TotalTravelTime,AvgTravelTime,TotalTravelTime_Raw,AvgTravelTime_Raw,TotalWaitingTime,AvgWaitingTime,TotalCO2,AvgCO2,VehCount,AvgSpeed,AvgOccupancy,QueueLength,Throughput,SpeedStd,HaltRatio,det_occ_mean,det_occ_max,det_veh_sum,det_veh_mean,det_speed_mean,det_speed_min,n_detectors,d0_occ,d0_veh,d0_speed,d1_occ,d1_veh,d1_speed,d2_occ,d2_veh,d2_speed,d3_occ,d3_veh,d3_speed,d4_occ,d4_veh,d4_speed
0,mixed_20,0,0,101.64205248789514,21.175427601644824,200101.64205248788,40020.328410497576,0.0,0.0,9605.656596812738,2527.8043675822996,3.8,7.959924274109259,4.813496104485239,0.2,4,4.344584800441612,0.05263157894736842,4.813496104485239,11.078817106326255,0.8,0.16,5.496404562294447,0.0,5,2.74255561903459,0.4,8.695984795317052,11.078817106326255,0.2,9.026234393101204,0.0,0.0,0.0,10.24610779706535,0.2,9.759803623053978,0.0,0.0,0.0
1,mixed_20,0,0,315.98503783225453,75.23453281720346,406834.9600729875,81366.99201459749,0.6,0.15,7375.340809301502,1843.8352023253756,4.0,4.894458188127229,0.0,0.8,0,5.030481250813264,0.2,0.0,0.0,0.0,0.0,0.0,0.0,5,0.0,0.0,0.0,0.0,0.0,0.0,0.0,0.0,0.0,0.0,0.0,0.0,0.0,0.0,0.0
2,mixed_20,0,0,116.1372476468639,29.034311911715974,525453.2556491671,105090.65112983342,5.0,1.0,10732.811230924868,2146.5622461849734,5.0,3.74690011568691,1.4647595077669848,1.0,2,2.876852870467256,0.2,1.4647595077669848,7.323797538834924,0.4,0.08,1.805153082869947,0.0,5,0.0,0.0,0.0,0.0,0.0,0.0,0.0,0.0,0.0,0.0,0.0,0.0,7.323797538834924,0.4,9.025765414349735
3,mixed_20,0,0,306.49633884242724,85.13787190067423,893988.0274024528,178797.60548049054,11.2,2.074074074074074,11328.389560656455,2097.849918640084,5.4,3.897658676634521,2.276290237314356,1.8,1,3.2919006078993807,0.3333333333333333,2.276290237314356,11.38145118657178,0.2,0.04,1.7572451590001699,0.0,5,0.0,0.0,0.0,0.0,0.0,0.0,11.38145118657178,0.2,8.786225795000849,0.0,0.0,0.0,0.0,0.0,0.0
4,mixed_20,0,0,126.7732811268171,31.693320281704274,976771.4719424967,195354.29438849934,21.0,4.375,10319.187398383896,2149.830707996645,4.8,6.609513658458662,4.4056824259429845,2.0,2,5.3912406448364045,0.4166666666666667,4.4056824259429845,11.120116295481921,0.4,0.08,3.6320093013346693,0.0,5,10.908295834233002,0.2,9.16733479909617,11.120116295481921,0.2,8.992711707577175,0.0,0.0,0.0,0.0,0.0,0.0,0.0,0.0,0.0
5,mixed_20,0,0,117.70481155147252,30.974950408282243,1200117.7048115516,240023.54096231033,31.0,7.380952380952381,8224.25699770448,1958.156428024876,4.2,6.141995519272611,0.0,2.2,0,6.119082476135011,0.5238095238095238,0.0,0.0,0.0,0.0,0.0,0.0,5,0.0,0.0,0.0,0.0,0.0,0.0,0.0,0.0,0.0,0.0,0.0,0.0,0.0,0.0,0.0
6,mixed_20,0,0,160.27060379074504,36.42513722516932,600160.2706037906,120032.05412075813,41.0,8.91304347826087,8704.319343869345,1892.243335623771,4.6,7.160047282836388,0.4506233354543383,2.2,2,5.678955419176648,0.4782608695652174,0.4506233354543383,2.2531166772716915,0.4,0.08,1.729917525146157,0.0,5,0.0,0.0,0.0,0.0,0.0,0.0,0.0,0.0,0.0,2.2531166772716915,0.4,8.649587625730785,0.0,0.0,0.0
7,mixed_20,0,0,287.8421017721595,68.53383375527606,209655.81171943463,41931.16234388693,52.2,9.666666666666666,9566.454860333371,1771.5657148765504,5.4,6.202220409051426,0.0,2.8,0,5.765242589780849,0.5185185185185185,0.0,0.0,0.0,0.0,0.0,0.0,5,0.0,0.0,0.0,0.0,0.0,0.0,0.0,0.0,0.0,0.0,0.0,0.0,0.0,0.0,0.0
8,mixed_20,1,0,389.44143619042313,81.1336325396715,200389.44143619045,40077.88828723809,26.8,4.1875,12895.77412029784,2014.9647062965375,6.4,4.100844819549921,1.6942846777490104,1.6,2,4.301699370328015,0.25,1.6942846777490104,8.471423388745052,0.4,0.08,1.686117197927087,0.0,5,0.0,0.0,0.0,0.0,0.0,0.0,8.471423388745052,0.4,8.430585989635436,0.0,0.0,0.0,0.0,0.0,0.0
9,mixed_20,1,1,171.06770302071558,34.21354060414312,171.06770302071558,34.21354060414312,31.0,5.961538461538462,10846.04409792299,2085.7777111390365,5.2,5.953061573368429,2.2140402048664782,1.0,1,4.18965772532003,0.19230769230769232,2.2140402048664782,11.070201024332391,0.2,0.04,1.8066519258358398,0.0,5,0.0,0.0,0.0,0.0,0.0,0.0,0.0,0.0,0.0,0.0,0.0,0.0,11.070201024332391,0.2,9.033259629179199
10,mixed_20,1,1,83.08582057430476,21.864689624817043,279065.33654487436,55813.067308974874,38.0,6.785714285714286,11789.586243097448,2105.2832576959727,5.6,5.426078616299127,2.17252120528417,2.0,1,4.09314570895006,0.35714285714285715,2.17252120528417,10.862606026420849,0.2,0.04,1.8411788065731642,0.0,5,0.0,0.0,0.0,10.862606026420849,0.2,9.205894032865821,0.0,0.0,0.0,0.0,0.0,0.0,0.0,0.0,0.0
11,mixed_20,1,1,184.0468133729789,54.131415697934976,1418248.3752489607,283649.67504979216,49.2,8.2,10678.988995919599,1779.8314993199333,6.0,4.151691734306267,2.2187258822474405,3.0,4,4.474841866515624,0.5,2.2187258822474405,6.894803148749702,0.8,0.16,3.554724844153971,0.0,5,6.894803148749702,0.4,8.97915253583342,0.0,0.0,0.0,0.0,0.0,0.0,4.198826262487501,0.4,8.794471684936434,0.0,0.0,0.0
12,mixed_20,1,1,178.96253298252682,44.740633245631706,1000178.9625329825,200035.79250659648,64.0,10.666666666666666,11568.30317951862,1928.0505299197698,6.0,4.682852957736701,0.0,3.0,0,5.055193252507718,0.5,0.0,0.0,0.0,0.0,0.0,0.0,5,0.0,0.0,0.0,0.0,0.0,0.0,0.0,0.0,0.0,0.0,0.0,0.0,0.0,0.0,0.0
13,mixed_20,1,1,283.39176874408156,67.47423065335275,800283.391768744,160056.6783537488,79.0,11.285714285714286,13790.884422515297,1970.126346073614,7.0,4.6474291531305765,2.321758742994348,3.4,1,4.446152735948922,0.4857142857142857,2.321758742994348,11.608793714971739,0.2,0.04,1.7228318885713516,0.0,5,0.0,0.0,0.0,0.0,0.0,0.0,11.608793714971739,0.2,8.614159442856758,0.0,0.0,0.0,0.0,0.0,0.0
14,mixed_20,1,1,184.7447813159124,38.48849610748175,200184.74478131594,40036.948956263186,94.0,13.055555555555555,14597.537955840922,2027.435827200128,7.2,5.387206509136454,4.124746466488773,3.2,3,4.512965462745354,0.4444444444444444,4.124746466488773,12.19973056236313,0.6000000000000001,0.12000000000000002,3.408682968752312,0.0,5,0.0,0.0,0.0,12.19973056236313,0.2,8.196902340491498,0.0,0.0,0.0,8.424001770080736,0.4,8.846512503270061,0.0,0.0,0.0
15,mixed_20,1,1,137.73641932429632,32.794385553403885,152320.46245577242,30464.092491154483,111.0,15.416666666666666,12863.248645640106,1786.562311894459,7.2,4.483952621360927,0.0,3.8,0,4.56064915562805,0.5277777777777778,0.0,0.0,0.0,0.0,0.0,0.0,5,0.0,0.0,0.0,0.0,0.0,0.0,0.0,0.0,0.0,0.0,0.0,0.0,0.0,0.0,0.0
16,mixed_20,1,1,150.8947081298892,41.915196702747004,1210230.8183512718,242046.16367025435,131.2,16.82051282051282,14031.154606470936,1798.8659751885816,7.8,3.656599860907177,11.36275965067341,4.4,4,3.8446556023356804,0.5641025641025641,11.36275965067341,46.1356625864795,0.8,0.16,3.0649961410391313,0.0,5,10.678135666887556,0.2,9.364930650777902,0.0,0.0,0.0,0.0,0.0,0.0,0.0,0.0,0.0,46.1356625864795,0.6,5.960050054417755
17,mixed_20,1,1,289.12501946821783,90.35156858381806,1403333.5092466294,280666.7018493259,155.0,17.613636363636363,16358.598187046451,1858.9316121643694,8.8,2.528284498978853,22.23272376966304,5.6,6,2.931050555055743,0.6363636363636364,22.23272376966304,100.0,1.2,0.24,1.7915337554737802,0.0,5,0.0,0.0,0.0,0.0,0.0,0.0,11.163618848315195,0.2,8.957668777368902,0.0,0.0,0.0,100.0,1.0,0.0
18,mixed_20,1,1,582.6489244866472,126.66280967101027,17245.642093446146,3449.128418689229,181.2,18.12,17825.352214000268,1782.5352214000266,10.0,2.962657021953703,20.0,5.6,5,2.7412944370989027,0.56,20.0,100.0,1.0,0.2,0.0,0.0,5,0.0,0.0,0.0,0.0,0.0,0.0,0.0,0.0,0.0,0.0,0.0,0.0,100.0,1.0,0.0
19,mixed_20,1,1,146.17114320174636,36.54278580043659,708781.4007484952,141756.28014969904,211.0,21.53061224489796,19587.633647463914,1998.738127292236,9.8,4.091521463725114,22.58513311146305,6.0,7,3.9977889340061745,0.6122448979591837,22.58513311146305,100.0,1.4,0.27999999999999997,3.6022744888067093,0.0,5,1.9002962776039567,0.2,8.941381456609815,0.0,0.0,0.0,0.0,0.0,0.0,11.025369279711299,0.2,9.069990987423735,100.0,1.0,0.0
20,mixed_20,1,1,87.83141502618467,25.832769125348435,1205161.078020183,241032.21560403658,241.6,28.761904761904763,13725.720535463854,1634.0143494599827,8.4,5.51122730230878,21.985533722887453,6.6,7,6.05393882302678,0.7857142857142857,21.985533722887453,100.0,1.4,0.27999999999999997,1.0960957619462306,0.0,5,0.0,0.2,0.0,9.927668614437266,0.2,5.480478809731153,0.0,0.0,0.0,0.0,0.0,0.0,100.0,1.0,0.0
21,mixed_20,1,1,199.78344564970556,76.83978678834829,1485979.4807069039,297195.89614138077,277.2,28.875,14985.51584784986,1560.9912341510271,9.6,3.2309184316162356,40.0,7.8,10,5.395888443593171,0.8125,40.0,100.0,2.0,0.4,0.0,0.0,5,0.0,0.0,0.0,100.0,1.0,0.0,0.0,0.0,0.0,0.0,0.0,0.0,100.0,1.0,0.0
22,mixed_20,1,1,88.48313788357537,31.60112067270549,2200088.4831378837,440017.6966275767,317.0,30.48076923076923,17616.245258506195,1693.8697363948265,10.4,3.5700789231523866,40.0,8.4,10,4.919828433061936,0.8076923076923077,40.0,100.0,2.0,0.4,0.0,0.0,5,0.0,0.0,0.0,100.0,1.0,0.0,0.0,0.0,0.0,0.0,0.0,0.0,100.0,1.0,0.0
23,mixed_20,1,1,665.3549234196854,138.6156090457678,200665.35492341965,40133.07098468393,357.0,27.46153846153846,23923.338498440797,1840.256807572369,13.0,2.7371334458768373,42.13154576903662,8.2,11,2.9717707248367353,0.6307692307692307,42.13154576903662,100.0,2.2,0.44000000000000006,1.876572418995184,0.0,5,0.0,0.0,0.0,100.0,1.0,0.0,0.0,0.0,0.0,10.657728845183101,0.2,9.38286209497592,100.0,1.0,0.0
24,mixed_20,3,1,233.05815227597344,46.611630455194685,233.05815227597344,46.611630455194685,366.0,32.10526315789474,20716.883962046944,1817.270522986574,11.4,5.196934895448857,40.01248984169911,7.0,12,4.612208879150718,0.6140350877192983,40.01248984169911,100.0,2.4,0.48,1.6929231000505385,0.0,5,0.0,0.0,0.0,100.0,1.0,0.0,0.06244920849553637,0.4,8.464615500252693,0.0,0.0,0.0,100.0,1.0,0.0
25,mixed_20,3,3,227.1852837398124,51.63301903177554,402471.4609733311,80494.29219466622,401.2,35.82142857142857,19655.77075777617,1754.9795319443006,11.2,4.440870484742303,41.55181183473201,7.6,11,4.886345933423928,0.6785714285714286,41.55181183473201,100.0,2.2,0.44000000000000006,1.7130796587467199,0.0,5,7.7590591736600345,0.2,8.5653982937336,100.0,1.0,0.0,0.0,0.0,0.0,0.0,0.0,0.0,100.0,1.0,0.0
26,mixed_20,3,3,155.70498159450625,55.60892199803795,818649.6863015478,163729.93726030955,442.2,36.24590163934426,19208.970960937157,1574.5058164702587,12.2,1.8020173150289813,40.0,9.2,11,2.24828795338716,0.7540983606557377,40.0,100.0,2.2,0.44000000000000006,0.0,0.0,5,0.0,0.2,0.0,100.0,1.0,0.0,0.0,0.0,0.0,0.0,0.0,0.0,100.0,1.0,0.0
27,mixed_20,3,3,324.4033379667925,108.13444598893084,1807459.2310116899,361491.846202338,491.0,37.76923076923077,22561.054395618,1735.4657227398463,13.0,2.3985262250675623,40.0,10.0,10,2.841118001479279,0.7692307692307693,40.0,100.0,2.0,0.4,0.0,0.0,5,0.0,0.0,0.0,100.0,1.0,0.0,0.0,0.0,0.0,0.0,0.0,0.0,100.0,1.0,0.0
28,mixed_20,3,3,211.68466884405544,62.260196718839836,1600211.684668844,320042.3369337688,541.0,39.779411764705884,23090.13539131662,1697.804072890928,13.6,3.231486151366085,42.926459277731844,10.2,13,3.6845196386872976,0.75,42.92645927773185,100.0,2.5999999999999996,0.5199999999999999,3.5272447430342546,0.0,5,0.0,0.0,0.0,100.0,1.0,0.0,3.5044176256491255,0.4,8.649785047955811,11.12787876301013,0.2,8.986438667215461,100.0,1.0,0.0
29,mixed_20,3,3,470.64911515684827,181.01889044494163,738928.6400108719,147785.72800217438,595.4,39.693333333333335,22911.94475323402,1527.4629835489347,15.0,0.6895091229037353,40.0,12.0,10,1.033194789169585,0.8,40.0,100.0,2.0,0.4,0.0,0.0,5,0.0,0.0,0.0,100.0,1.0,0.0,0.0,0.0,0.0,0.0,0.0,0.0,100.0,1.0,0.0
30,mixed_20,0,3,724.4678045010644,181.1169511252661,805567.9274346109,161113.58548692218,443.2,29.945945945945947,26192.01230609827,1769.730561222856,14.8,1.5325784616120177,32.0,9.4,9,2.3033905290597168,0.6351351351351351,32.0,100.0,1.8,0.36,0.0,0.0,5,0.0,0.0,0.0,60.0,0.8,0.0,0.0,0.0,0.0,0.0,0.0,0.0,100.0,1.0,0.0
31,mixed_20,0,0,274.72480824517356,57.23433505107783,788.9061552834919,157.78123105669837,430.0,31.159420289855074,25205.093293604277,1826.4560357684259,13.8,3.222495192073591,28.349952976122722,7.0,9,3.5332715552159737,0.5072463768115942,28.349952976122722,100.0,1.8,0.36,2.2057847351655386,0.0,5,10.9532764428252,0.2,9.129688319471175,30.796488437788412,0.6,1.899235356356518,0.0,0.0,0.0,0.0,0.0,0.0,100.0,1.0,0.0
32,mixed_20,0,0,102.55360598160203,25.638401495400508,550037.1562393651,110007.43124787303,468.0,38.36065573770492,22118.70845044433,1813.0088893806828,12.2,4.561143815603653,21.775727731088864,8.2,7,4.822886857015677,0.6721311475409836,21.775727731088864,100.0,1.4,0.27999999999999997,0.6379424119814386,0.0,5,0.0,0.0,0.0,8.87863865544432,0.4,3.189712059907193,0.0,0.0,0.0,0.0,0.0,0.0,100.0,1.0,0.0
33,mixed_20,0,0,302.1632526412503,79.51664543190799,2045940.9019734797,409188.18039469596,508.6,41.016129032258064,20370.525712007453,1642.7843316135043,12.4,2.5344655037722537,22.23620380477655,8.8,8,2.896651857695744,0.7096774193548387,22.23620380477655,100.0,1.6,0.32,3.502704718671685,0.0,5,0.0,0.0,0.0,0.0,0.0,0.0,11.130947595580665,0.2,8.983961081597684,0.05007142830208977,0.4,8.52956251176074,100.0,1.0,0.0
34,mixed_20,0,0,178.3491403144735,55.73410634827296,1009683.7418824013,201936.74837648025,554.2,41.984848484848484,22275.316584356588,1687.523983663378,13.2,2.222073947828494,20.0,9.8,5,2.5360299283022125,0.7424242424242424,20.0,100.0,1.0,0.2,0.0,0.0,5,0.0,0.0,0.0,0.0,0.0,0.0,0.0,0.0,0.0,0.0,0.0,0.0,100.0,1.0,0.0
35,mixed_20,0,0,271.31624710158854,67.82906177539714,1000271.3162471015,200054.2632494203,604.0,43.142857142857146,24339.56066617801,1738.5400475841438,14.0,3.1460579070902885,21.19439663519097,10.0,7,3.1593003222261222,0.7142857142857143,21.19439663519097,100.0,1.4,0.27999999999999997,1.779374191965908,0.0,5,0.0,0.0,0.0,5.971983175954847,0.4,8.89687095982954,0.0,0.0,0.0,0.0,0.0,0.0,100.0,1.0,0.0
36,mixed_20,0,0,293.1243900617858,97.70813002059526,1111646.1677780706,222329.2335556141,656.2,48.25,22230.643604070407,1634.6061473581183,13.6,2.8116358864470685,30.512821302182374,11.0,10,4.248184038117431,0.8088235294117647,30.512821302182374,100.0,2.0,0.4,2.850072378269915,0.0,5,3.271421481165362,0.4,8.645541234500708,0.0,0.0,0.0,0.0,0.0,0.0,49.29268502974651,0.6,5.604820656848867,100.0,1.0,0.0
37,mixed_20,0,0,375.8895614052706,117.46548793914707,1491607.027657263,298321.4055314526,715.0,48.310810810810814,23648.837209513316,1597.894406048197,14.8,3.3576456019683802,43.959640995249856,12.6,11,5.338187057256717,0.8513513513513513,43.959640995249856,100.0,2.2,0.44000000000000006,0.7411978987185305,0.0,5,0.0,0.0,0.0,0.0,0.0,0.0,19.79820497624928,0.2,3.7059894935926523,100.0,1.0,0.0,100.0,1.0,0.0
38,mixed_20,2,0,564.677043705433,141.16926092635825,506797.61674006097,101359.5233480122,298.8,19.92,26438.237599293487,1762.5491732862324,15.0,1.9937632024127103,44.0,7.6,13,3.596682614349246,0.5066666666666667,44.0,100.0,2.6,0.52,0.0,0.0,5,0.0,0.0,0.0,0.0,0.0,0.0,100.0,1.0,0.0,60.0,0.8,0.0,60.0,0.8,0.0
39,mixed_20,2,2,124.81743545959114,31.204358864897785,1000124.8174354595,200024.96348709188,103.0,8.046875,26090.771076753015,2038.3414903713292,12.8,2.7071431724309845,27.32289430014316,4.0,8,1.7232839337689367,0.3125,27.32289430014316,100.0,1.6,0.32,0.43760548979957525,0.0,5,0.0,0.0,0.0,0.0,0.0,0.0,100.0,1.0,0.0,0.0,0.0,0.0,36.61447150071581,0.6,2.188027448997876
40,mixed_20,2,2,305.2799393588897,66.36520420845429,201194.93795651066,40238.98759130213,123.2,11.2,21004.16953865215,1909.4699580592862,11.0,4.34901466686176,29.352108799084135,4.4,12,2.920976409883276,0.4,29.352108799084135,100.0,2.4000000000000004,0.4800000000000001,4.371880489836326,0.0,5,0.0,0.0,0.0,11.157667075358404,0.2,8.962447017338329,100.0,1.0,0.0,4.893869334523515,0.4,8.659439908526837,30.709007585538757,0.8,4.237515523316466
41,mixed_20,2,2,222.45574994096233,50.55812498658234,250639.41360298748,50127.882720597496,147.0,17.093023255813954,16539.666234536217,1923.217004015839,8.6,6.307865290190848,20.492114323356645,5.2,9,5.273430133057286,0.6046511627906976,20.492114323356645,100.0,1.7999999999999998,0.36,2.8249200702345547,0.0,5,0.9647718709493347,0.4,8.65514039779082,0.0,0.0,0.0,100.0,1.0,0.0,0.0,0.0,0.0,1.4957997458338923,0.4,5.4694599533819535
42,mixed_20,2,2,324.67418748020225,70.5813451043918,400324.67418748006,80064.93483749601,172.0,19.11111111111111,15420.355181209885,1713.3727979122095,9.0,3.719286115650192,20.0,5.4,5,5.117440988554653,0.6,20.0,100.0,1.0,0.2,0.0,0.0,5,0.0,0.0,0.0,0.0,0.0,0.0,100.0,1.0,0.0,0.0,0.0,0.0,0.0,0.0,0.0
43,mixed_20,2,2,166.0915673857498,43.70830720677627,679769.9675677941,135953.99351355882,199.0,20.306122448979593,17501.89178394163,1785.9073248920033,9.8,2.617307131295637,20.0,6.0,5,2.81635208503342,0.6122448979591837,20.0,100.0,1.0,0.2,0.0,0.0,5,0.0,0.0,0.0,0.0,0.0,0.0,100.0,1.0,0.0,0.0,0.0,0.0,0.0,0.0,0.0
44,mixed_20,2,2,152.00305015847488,40.00080267328286,1000429.220501988,200085.8441003976,229.0,22.9,18463.385605214462,1846.338560521446,10.0,3.724704567769826,30.383518119314203,6.0,8,2.8884883378141955,0.6,30.383518119314203,100.0,1.6,0.32,1.0063566288327515,0.0,5,0.0,0.0,0.0,51.91759059657102,0.6,5.031783144163757,100.0,1.0,0.0,0.0,0.0,0.0,0.0,0.0,0.0
45,mixed_20,2,2,83.1416267399217,27.7138755799739,1811224.9120306876,362244.9824061375,262.0,27.291666666666668,16398.67435392304,1708.1952452003168,9.6,5.054722321432937,43.30553292700506,7.2,13,4.960941483700496,0.75,43.30553292700506,100.0,2.6,0.52,3.6321417898125903,0.0,5,5.674053455066996,0.4,8.947185602597893,100.0,1.0,0.0,100.0,1.0,0.0,0.0,0.0,0.0,10.853611179958307,0.2,9.213523346465056
46,mixed_20,2,2,311.5065684501884,103.83552281672947,1356057.8397119865,271211.5679423973,300.0,31.25,16072.909158202998,1674.2613706461455,9.6,5.110817011975607,42.099025101659436,8.0,11,6.231502152701334,0.8333333333333334,42.099025101659436,100.0,2.2,0.44000000000000006,1.9056465769931488,0.0,5,0.0,0.0,0.0,100.0,1.0,0.0,100.0,1.0,0.0,10.495125508297178,0.2,9.528232884965744,0.0,0.0,0.0
47,mixed_20,1,2,272.16442485196427,90.72147495065475,2000272.164424852,400054.4328849704,340.0,31.48148148148148,18068.723365555965,1673.029941255182,10.8,2.6122336416650564,40.0,8.6,10,4.943245169285947,0.7962962962962963,40.0,100.0,2.0,0.4,0.0,0.0,5,0.0,0.0,0.0,100.0,1.0,0.0,100.0,1.0,0.0,0.0,0.0,0.0,0.0,0.0,0.0
48,mixed_20,1,1,403.2906845049846,91.65697375113285,201353.5995237169,40270.71990474338,380.0,29.23076923076923,22382.48412659103,1721.7295481993099,13.0,1.8471847728617272,40.0,8.2,10,1.386288423098873,0.6307692307692307,40.0,100.0,2.0,0.4,0.0,0.0,5,0.0,0.0,0.0,100.0,1.0,0.0,100.0,1.0,0.0,0.0,0.0,0.0,0.0,0.0,0.0
49,mixed_20,1,1,152.70076048238303,38.17519012059576,1187804.4728638104,237560.89457276207,423.0,32.53846153846154,24113.618158597827,1854.8937045075252,13.0,3.3458435941320137,40.0,9.0,10,2.6883166625899975,0.6923076923076923,40.0,100.0,2.0,0.4,0.0,0.0,5,0.0,0.0,0.0,100.0,1.0,0.0,100.0,1.0,0.0,0.0,0.0,0.0,0.0,0.0,0.0
50,mixed_20,1,1,235.7612411550528,58.9403102887632,1000235.761241155,200047.152248231,468.0,36.0,23050.891580735923,1773.1455062104558,13.0,4.245390220919314,44.89228615111574,9.2,14,4.168928745182211,0.7076923076923077,44.89228615111574,100.0,2.8000000000000003,0.56,5.374618370192487,0.0,5,2.2787819026552825,0.4,8.836483111977579,100.0,1.0,0.0,100.0,1.0,0.0,10.91618921647978,0.2,9.160705995186817,11.266459636443642,0.2,8.87590274379804
51,mixed_20,1,1,388.57213438565515,149.45082091755967,1275173.418551151,255034.6837102302,518.0,41.111111111111114,19396.04100208918,1539.3683334991413,12.6,3.4210264851573786,40.0,11.0,10,5.374764014006024,0.873015873015873,40.0,100.0,2.0,0.4,0.0,0.0,5,0.0,0.0,0.0,100.0,1.0,0.0,100.0,1.0,0.0,0.0,0.0,0.0,0.0,0.0,0.0
52,mixed_20,1,1,242.26647599563825,80.75549199854608,2000242.266475996,400048.4532951992,573.0,44.07692307692308,21548.948039948027,1657.6113876883098,13.0,4.047483913919577,40.0,11.0,10,5.4144060624506904,0.8461538461538461,40.0,100.0,2.0,0.4,0.0,0.0,5,0.0,0.0,0.0,100.0,1.0,0.0,100.0,1.0,0.0,0.0,0.0,0.0,0.0,0.0,0.0
53,mixed_20,1,1,408.7744356471283,113.54845434642453,1400408.774435647,280081.7548871294,628.0,45.507246376811594,23033.77563246858,1669.114176265839,13.8,4.626798374490179,41.697200742924,11.2,12,5.549337898478496,0.8115942028985508,41.697200742924,100.0,2.4,0.48,1.7540572811104358,0.0,5,0.0,0.0,0.0,100.0,1.0,0.0,100.0,1.0,0.0,8.486003714619983,0.4,8.770286405552179,0.0,0.0,0.0
54,mixed_20,1,1,239.95570702247232,79.98523567415744,1835068.177268892,367013.63545377844,685.0,48.92857142857143,22026.995663631336,1573.3568331165238,14.0,3.2037399166083596,40.0,12.0,10,5.3777770457211265,0.8571428571428571,40.0,100.0,2.0,0.4,0.0,0.0,5,0.0,0.0,0.0,100.0,1.0,0.0,100.0,1.0,0.0,0.0,0.0,0.0,0.0,0.0,0.0
55,mixed_20,1,1,579.8715254970969,152.59776986765706,1200579.8715254972,240115.97430509943,745.0,45.426829268292686,27566.938749935507,1680.9108993863115,16.4,1.4255497059415712,40.0,12.6,10,1.6594485584074923,0.7682926829268293,40.0,100.0,2.0,0.4,0.0,0.0,5,0.0,0.0,0.0,100.0,1.0,0.0,100.0,1.0,0.0,0.0,0.0,0.0,0.0,0.0,0.0
56,mixed_20,1,1,426.22172446743764,101.48136296843752,127774.3622029749,25554.87244059498,807.0,47.470588235294116,29439.637193701878,1731.7433643354045,17.0,2.684070248115513,40.0,12.8,10,2.837995330311448,0.7529411764705882,40.0,100.0,2.0,0.4,0.0,0.0,5,0.0,0.0,0.0,100.0,1.0,0.0,100.0,1.0,0.0,0.0,0.0,0.0,0.0,0.0,0.0
57,mixed_20,3,1,358.7468425401108,89.6867106350277,1693673.7370863643,338734.7474172729,538.8,32.45783132530121,27567.704751399724,1660.7051055060074,16.6,2.8993900702348623,34.154793719195595,10.4,10,3.053752115234405,0.6265060240963856,34.154793719195595,100.0,2.0,0.4,1.8563261830432833,0.0,5,10.773968595977976,0.2,9.281630915216416,100.0,1.0,0.0,60.0,0.8,0.0,0.0,0.0,0.0,0.0,0.0,0.0
58,mixed_20,3,3,426.8423084801037,112.32692328423782,637938.2667873158,127587.65335746316,428.8,26.469135802469136,27179.694011076004,1677.7588895725928,16.2,2.920893144219521,41.717556784507906,9.4,15,4.212779176921466,0.5802469135802469,41.717556784507906,100.0,3.0,0.6,3.7166388524849574,0.0,5,0.0,0.0,0.0,100.0,1.0,0.0,23.58051994184507,0.6,1.6081214948105262,4.42589753547054,0.4,8.827922026161103,80.58136644522392,1.0,8.147150741453158
59,mixed_20,3,3,253.8491626758981,63.462290668974525,1002154.5567360945,200430.9113472189,469.0,32.56944444444444,26472.108765693392,1838.3408865064857,14.4,4.189215710443462,44.69627717293588,9.0,15,5.0601600526000645,0.625,44.69627717293588,100.0,3.0,0.6,0.7840292134697494,0.0,5,0.0,0.0,0.0,100.0,1.0,0.0,23.481385864679396,1.0,3.920146067348747,0.0,0.0,0.0,100.0,1.0,0.0
60,mixed_20,3,3,494.95525433863213,107.59896833448525,400494.95525433857,80098.99105086771,514.0,36.19718309859155,24932.79157564992,1755.830392651403,14.2,2.7096289279029,43.8146320846829,9.4,14,3.055971296290172,0.6619718309859155,43.8146320846829,100.0,2.8,0.5599999999999999,2.9145826084176116,0.0,5,10.050087459235328,0.4,9.114544029813258,100.0,1.0,0.0,9.023072964179164,0.4,5.458369012274799,0.0,0.0,0.0,100.0,1.0,0.0
61,mixed_20,3,3,257.17182198781495,80.36619437119217,243147.99114774246,48629.598229548494,561.4,40.1,22494.560743874204,1606.7543388481574,14.0,1.2924385710712456,40.0,10.4,10,1.501164993867556,0.7428571428571429,40.0,100.0,2.0,0.4,0.0,0.0,5,0.0,0.0,0.0,100.0,1.0,0.0,0.0,0.0,0.0,0.0,0.0,0.0,100.0,1.0,0.0
62,mixed_20,3,3,89.63246448937754,29.877488163125847,2172282.429031843,434456.4858063686,616.0,44.0,24132.06430405704,1723.7188788612173,14.0,2.5547167514806968,40.0,11.0,10,2.6807795198278717,0.7857142857142857,40.0,100.0,2.0,0.4,0.0,0.0,5,0.0,0.0,0.0,100.0,1.0,0.0,0.0,0.0,0.0,0.0,0.0,0.0,100.0,1.0,0.0
63,mixed_20,3,3,297.4258703638727,106.22352512995455,1215152.1441662181,243030.4288332436,672.2,46.04109589041096,24057.42631412527,1647.7689256250185,14.6,3.6577454103446656,42.23149422078109,11.8,11,4.678042673719449,0.8082191780821918,42.23149422078109,100.0,2.2,0.44000000000000006,1.7925208870134939,0.0,5,0.0,0.0,0.0,100.0,1.0,0.0,0.0,0.0,0.0,11.157471103905436,0.2,8.962604435067469,100.0,1.0,0.0
64,mixed_20,3,3,344.02862207241407,114.67620735747136,2133226.8477869825,426645.3695573965,732.0,50.136986301369866,24048.656553435994,1647.1682570846572,14.6,3.676307941464283,42.26776691485588,12.6,11,5.643817477895522,0.863013698630137,42.26776691485588,100.0,2.2,0.44000000000000006,1.763849703334348,0.0,5,0.0,0.0,0.0,100.0,1.0,0.0,11.338834574279417,0.2,8.81924851667174,0.0,0.0,0.0,100.0,1.0,0.0
65,mixed_20,3,3,307.50708344383264,85.41863428995352,1003163.7564970788,200632.75129941577,792.2,49.5125,25851.272504177214,1615.7045315110759,16.0,1.0808216887892161,40.0,12.2,10,0.9771754473186282,0.7625,40.0,100.0,2.0,0.4,0.0,0.0,5,0.0,0.0,0.0,100.0,1.0,0.0,0.0,0.0,0.0,0.0,0.0,0.0,100.0,1.0,0.0
66,mixed_20,3,3,87.19179310864985,29.063931036216616,1628610.363331012,325722.0726662024,856.0,53.5,27147.246946951025,1696.702934184439,16.0,2.2615696056654633,40.0,13.0,10,2.1343596767720987,0.8125,40.0,100.0,2.0,0.4,0.0,0.0,5,0.0,0.0,0.0,100.0,1.0,0.0,0.0,0.0,0.0,0.0,0.0,0.0,100.0,1.0,0.0
67,mixed_20,3,3,191.30516273070657,63.76838757690219,1600738.350506679,320147.6701013358,921.0,54.82142857142857,28166.611845162126,1676.5840384025075,16.8,3.3348631640127753,53.21142261971045,13.4,15,3.5319207193808273,0.7976190476190477,53.21142261971045,100.0,3.0,0.6,4.7006931997140065,0.0,5,46.453695464392695,0.6,6.006550309645601,100.0,1.0,0.0,8.263539806604285,0.2,8.678478531073779,11.339877827555256,0.2,8.818437157850653,100.0,1.0,0.0
68,mixed_20,3,3,664.999309548202,195.5880322200594,1212860.5269465707,242572.10538931415,989.6,56.22727272727273,28132.4582632702,1598.4351285948978,17.6,2.2882612947288923,60.0,14.6,16,4.30826914071227,0.8295454545454546,60.0,100.0,3.2,0.64,0.0,0.0,5,100.0,1.0,0.0,100.0,1.0,0.0,0.0,0.2,0.0,0.0,0.0,0.0,100.0,1.0,0.0
69,mixed_20,3,3,447.6581520827414,139.8931725258567,1414458.5426720828,282891.70853441657,1064.2,57.215053763440864,30051.375172756943,1615.6653318686529,18.6,0.7670070780257086,60.0,15.4,15,0.9201167063508162,0.8279569892473119,60.0,100.0,3.0,0.6,0.0,0.0,5,100.0,1.0,0.0,100.0,1.0,0.0,0.0,0.0,0.0,0.0,0.0,0.0,100.0,1.0,0.0
70,mixed_20,1,3,383.70938853526735,100.97615487770194,790112.4180343954,158022.48360687908,1033.6,53.833333333333336,32367.50904185033,1685.8077625963715,19.2,1.760663008520749,52.0,14.0,14,1.9103711169450506,0.7291666666666666,52.0,100.0,2.8,0.5599999999999999,0.0,0.0,5,60.0,0.8,0.0,100.0,1.0,0.0,0.0,0.0,0.0,0.0,0.0,0.0,100.0,1.0,0.0
71,mixed_20,1,1,67.16543659011145,22.388478863370484,2715910.957552201,543182.1915104402,1089.0,60.5,31327.36288978016,1740.4090494322313,18.0,2.9523784493738,40.62713446927046,14.0,12,2.9654219262787875,0.7777777777777778,40.62713446927046,100.0,2.4,0.48,1.6788021681830283,0.0,5,0.0,0.0,0.0,100.0,1.0,0.0,0.0,0.0,0.0,3.135672346352294,0.4,8.394010840915142,100.0,1.0,0.0
72,mixed_20,1,1,102.58396388215724,39.455370723906626,2200711.650861586,440142.3301723172,1159.2,69.83132530120481,26587.67597693039,1601.667227525927,16.6,3.3635989042850913,41.99805697201805,14.4,12,4.362628118664116,0.8674698795180723,41.99805697201805,100.0,2.4,0.48,1.8109439241327348,0.0,5,0.0,0.0,0.0,100.0,1.0,0.0,9.990284860090242,0.4,9.054719620663674,0.0,0.0,0.0,100.0,1.0,0.0
73,mixed_20,1,1,647.2531744744117,215.75105815813723,1197664.691973545,239532.93839470897,1233.0,64.21875,31805.80163397838,1656.552168436374,19.2,1.1808856452490273,42.149217820115155,15.6,11,1.6537324795286834,0.8125,42.149217820115155,100.0,2.2,0.44000000000000006,1.8611422083712672,0.0,5,10.746089100575773,0.2,9.305711041856336,100.0,1.0,0.0,0.0,0.0,0.0,0.0,0.0,0.0,100.0,1.0,0.0
74,mixed_20,1,1,442.8336122615641,110.70840306539102,1000442.8336122617,200088.56672245235,1308.0,68.84210526315789,32562.408932953334,1713.810996471228,19.0,2.062443473248018,40.0,15.0,10,2.2083318881415326,0.7894736842105263,40.0,100.0,2.0,0.4,0.0,0.0,5,0.0,0.0,0.0,100.0,1.0,0.0,0.0,0.0,0.0,0.0,0.0,0.0,100.0,1.0,0.0
75,mixed_20,1,1,293.6622687064892,86.37125550190859,1108082.0909017022,221616.41818034044,1383.6,71.31958762886597,31981.155862775766,1648.5131888028745,19.4,3.3140199416366465,42.169650592669086,15.6,11,3.6971107815431146,0.8041237113402062,42.169650592669086,100.0,2.2,0.44000000000000006,1.8436148260532739,0.0,5,0.0,0.0,0.0,100.0,1.0,0.0,0.0,0.0,0.0,10.84825296334543,0.2,9.21807413026637,100.0,1.0,0.0
76,mixed_20,2,1,454.0380147237568,119.48368808519916,2307361.82641292,461472.365282584,1121.8,63.02247191011236,29240.268150925567,1642.711693872223,17.8,5.28088018213581,38.178805865524055,14.0,11,6.1246627963869,0.7865168539325843,38.178805865524055,100.0,2.2,0.44000000000000006,1.8358680152707891,0.0,5,10.894029327620274,0.2,9.179340076353945,100.0,1.0,0.0,0.0,0.0,0.0,0.0,0.0,0.0,80.0,1.0,0.0
77,mixed_20,2,2,196.78079196595166,51.784418938408336,1200196.7807919658,240039.35615839314,1051.0,61.8235294117647,28953.65834124889,1703.1563730146406,17.0,4.128381279050039,25.73373015245602,11.2,8,5.53515799673998,0.6588235294117647,25.73373015245602,100.0,1.6,0.32,0.32294474293264075,0.0,5,0.0,0.0,0.0,100.0,1.0,0.0,0.0,0.0,0.0,0.0,0.0,0.0,28.668650762280095,0.6,1.6147237146632039
78,mixed_20,2,2,97.32654377989783,25.61224836313101,1000454.6883771047,200090.93767542095,1106.0,70.8974358974359,26725.695889379225,1713.1856339345657,15.6,4.567294959895164,32.844913256523796,11.0,11,4.894178644035971,0.7051282051282052,32.844913256523796,100.0,2.2,0.44000000000000006,2.336688854645027,0.0,5,0.0,0.0,0.0,100.0,1.0,0.0,40.33990595721207,0.6,8.176085326081463,0.0,0.0,0.0,23.884660325406912,0.6,3.507358947143672
79,mixed_20,2,2,388.2326102870516,114.18606184913283,733936.182280451,146787.23645609018,1164.0,75.58441558441558,25972.185547060173,1686.5055550039074,15.4,3.7342431816626385,43.42484312732881,12.4,12,4.54117793150827,0.8051948051948052,43.42484312732881,100.0,2.4,0.48,0.9225334894725095,0.0,5,0.0,0.0,0.0,100.0,1.0,0.0,100.0,1.0,0.0,0.0,0.0,0.0,17.124215636644067,0.4,4.612667447362547
80,mixed_20,2,2,316.1401222650453,87.81670062917925,1010694.1882977858,202138.83765955718,1224.2,78.47435897435898,26253.76361427723,1682.9335650177713,15.6,4.518484789798643,42.178216372616816,12.6,11,5.155772711477464,0.8076923076923077,42.178216372616816,100.0,2.2,0.44000000000000006,1.8363648580946852,0.0,5,0.0,0.0,0.0,100.0,1.0,0.0,100.0,1.0,0.0,10.891081863084082,0.2,9.181824290473426,0.0,0.0,0.0
81,mixed_20,2,2,235.4220405762871,58.85551014407177,968268.6487774837,193653.72975549675,1288.0,80.5,26869.40454843614,1679.3377842772588,16.0,4.73293853385593,40.0,13.0,10,5.233768129439786,0.8125,40.0,100.0,2.0,0.4,0.0,0.0,5,0.0,0.0,0.0,100.0,1.0,0.0,100.0,1.0,0.0,0.0,0.0,0.0,0.0,0.0,0.0
82,mixed_20,2,2,416.8006063796637,94.72741054083265,400747.3367386394,80149.46734772788,1353.0,82.5,28005.446318793176,1707.6491657800716,16.4,6.278222106286138,40.27896234603281,13.2,12,5.507669474992913,0.8048780487804879,40.27896234603281,100.0,2.4,0.48,1.760764343217015,0.0,5,1.394811730164065,0.4,8.803821716085075,100.0,1.0,0.0,100.0,1.0,0.0,0.0,0.0,0.0,0.0,0.0,0.0
83,mixed_20,2,2,352.1907011403821,88.04767528509552,226487.98829278824,45297.59765855765,1418.4,82.46511627906976,27754.514642227838,1613.6345722225487,17.2,4.609292137439782,42.158539019357704,13.8,11,5.290418966246995,0.8023255813953488,42.158539019357704,100.0,2.2,0.44000000000000006,1.8531052550489644,0.0,5,0.0,0.0,0.0,100.0,1.0,0.0,100.0,1.0,0.0,0.0,0.0,0.0,10.79269509678852,0.2,9.265526275244822
84,mixed_20,2,2,144.53694910610872,51.6203389664674,2048393.111446533,409678.6222893066,1491.0,81.92307692307692,29992.552332489973,1647.9424358510973,18.2,1.6029512606697285,40.0,15.2,10,1.8035165036486787,0.8351648351648352,40.0,100.0,2.0,0.4,0.0,0.0,5,0.0,0.0,0.0,100.0,1.0,0.0,100.0,1.0,0.0,0.0,0.0,0.0,0.0,0.0,0.0
85,mixed_20,2,2,352.7533299776818,92.82982367833732,1200352.7533299779,240070.55066599557,1566.0,82.42105263157895,32341.666131180868,1702.1929542726773,19.0,3.2459967305369677,40.0,15.2,10,2.819764983058648,0.8,40.0,100.0,2.0,0.4,0.0,0.0,5,0.0,0.0,0.0,100.0,1.0,0.0,100.0,1.0,0.0,0.0,0.0,0.0,0.0,0.0,0.0
86,mixed_20,2,2,133.12101289880724,33.28025322470181,1000133.1210128989,200026.62420257978,1641.0,87.2872340425532,32256.57004572587,1715.7750024322272,18.8,5.260546213617175,43.26563971324322,15.2,13,4.32335548020803,0.8085106382978723,43.26563971324322,100.0,2.6,0.52,3.4662223657034943,0.0,5,0.0,0.0,0.0,100.0,1.0,0.0,100.0,1.0,0.0,4.864123468184971,0.4,8.608210142608733,11.464075098031117,0.2,8.722901685908738
87,mixed_20,2,2,438.8387652971877,109.70969132429693,206510.61511425866,41302.12302285173,1716.4,94.3076923076923,28545.314558324608,1568.4238768310224,18.2,6.721340199185924,42.13442839664822,15.6,11,6.212584400015157,0.8571428571428571,42.13442839664822,100.0,2.2,0.44000000000000006,1.8740380357951416,0.0,5,10.67214198324109,0.2,9.370190178975708,100.0,1.0,0.0,100.0,1.0,0.0,0.0,0.0,0.0,0.0,0.0,0.0
88,mixed_20,2,2,129.86493204185405,46.38033287209073,2495458.972603445,499091.794520689,1799.0,95.69148936170212,29531.137282371597,1570.805174594234,18.8,3.933155726344379,40.0,17.2,10,5.685033733259743,0.9148936170212766,40.0,100.0,2.0,0.4,0.0,0.0,5,0.0,0.0,0.0,100.0,1.0,0.0,100.0,1.0,0.0,0.0,0.0,0.0,0.0,0.0,0.0
89,mixed_20,2,2,337.4206965985578,99.24138135251701,1600337.4206965985,320067.4841393197,1884.0,96.12244897959184,31861.40195951597,1625.5817326283657,19.6,4.565678648676102,40.0,17.2,10,5.173670380497541,0.8775510204081632,40.0,100.0,2.0,0.4,0.0,0.0,5,0.0,0.0,0.0,100.0,1.0,0.0,100.0,1.0,0.0,0.0,0.0,0.0,0.0,0.0,0.0
90,mixed_20,2,2,217.9504938888802,54.48762347222005,1000217.9504938892,200043.59009877784,1969.0,98.45,33855.93933933006,1692.7969669665033,20.0,5.8836781945979855,42.070312866715994,17.0,11,5.262137215480709,0.85,42.070312866715994,100.0,2.2,0.44000000000000006,1.9320751294682073,0.0,5,0.0,0.0,0.0,100.0,1.0,0.0,100.0,1.0,0.0,10.351564333579972,0.2,9.660375647341036,0.0,0.0,0.0
91,mixed_20,2,2,215.30158437071242,59.805995658531224,1400215.301584371,280043.0603168742,2054.0,99.70873786407768,33813.020834196526,1641.4087783590548,20.6,3.1196370970985496,42.169835626278655,17.4,11,4.368850068881865,0.8446601941747572,42.169835626278655,100.0,2.2,0.44000000000000006,1.8434576110542262,0.0,5,10.849178131393273,0.2,9.217288055271132,100.0,1.0,0.0,100.0,1.0,0.0,0.0,0.0,0.0,0.0,0.0,0.0
92,mixed_20,2,2,56.88260795110922,18.96086931703641,1549171.0360163797,309834.20720327593,2141.0,107.05,31609.97816429921,1580.4989082149605,20.0,4.319799183129134,40.0,17.8,10,5.108111256967025,0.89,40.0,100.0,2.0,0.4,0.0,0.0,5,0.0,0.0,0.0,100.0,1.0,0.0,100.0,1.0,0.0,0.0,0.0,0.0,0.0,0.0,0.0
93,mixed_20,2,2,34.72266515190031,11.574221717300103,2494883.826335532,498976.7652671064,2231.0,110.44554455445545,33051.16464504556,1636.1962695567108,20.2,5.468405196668837,40.0,18.2,10,5.20186119038809,0.900990099009901,40.0,100.0,2.0,0.4,0.0,0.0,5,0.0,0.0,0.0,100.0,1.0,0.0,100.0,1.0,0.0,0.0,0.0,0.0,0.0,0.0,0.0
94,mixed_20,2,2,446.44127802872555,111.61031950718139,1000446.4412780285,200089.2882556057,2321.0,114.9009900990099,33092.43229146016,1638.2392223495128,20.2,7.226918187919366,44.407266116809296,18.0,12,6.081812009589947,0.8910891089108911,44.407266116809296,100.0,2.4000000000000004,0.4800000000000001,3.630538225080804,0.0,5,0.0,0.0,0.0,100.0,1.0,0.0,100.0,1.0,0.0,10.942826184716523,0.2,9.138407054264157,11.093504399329959,0.2,9.01428407113986
95,mixed_20,2,2,187.08459952300677,49.23278934815968,1200187.084599523,240037.41691990462,2411.0,123.01020408163265,31164.292429613135,1590.0149198782212,19.6,6.89372184673718,40.0,18.2,10,6.729591852353888,0.9285714285714286,40.0,100.0,2.0,0.4,0.0,0.0,5,0.0,0.0,0.0,100.0,1.0,0.0,100.0,1.0,0.0,0.0,0.0,0.0,0.0,0.0,0.0
96,mixed_20,2,2,327.03316216624506,96.18622416654267,1057277.721401848,211455.5442803696,1942.0,97.1,31351.251064949185,1567.5625532474594,20.0,4.128697992651727,36.0,16.6,10,5.61801328566596,0.83,36.0,100.0,2.0,0.4,0.0,0.0,5,0.0,0.0,0.0,80.0,1.0,0.0,100.0,1.0,0.0,0.0,0.0,0.0,0.0,0.0,0.0
97,mixed_20,2,2,274.6480345337119,72.27579856150314,2082562.4395056877,416512.48790113756,1035.0,50.24271844660194,33370.10007055026,1619.9077704150611,20.6,3.2393278114905155,30.517485949398633,13.4,8,3.9833311642531157,0.6504854368932039,30.517485949398633,100.0,1.6,0.32,0.45333307408046525,0.0,5,0.0,0.0,0.0,52.587429746993166,0.6,2.2666653704023263,100.0,1.0,0.0,0.0,0.0,0.0,0.0,0.0,0.0
98,mixed_20,1,2,266.14688207645287,66.53672051911322,1000266.1468820765,200053.22937641531,639.4,30.160377358490567,34718.16747614006,1637.6494092518894,21.2,3.146705316368747,42.13010705980969,12.0,11,3.047555783377001,0.5660377358490566,42.13010705980969,100.0,2.2,0.44000000000000006,1.8778398867695292,0.0,5,10.650535299048443,0.2,9.389199433847645,100.0,1.0,0.0,100.0,1.0,0.0,0.0,0.0,0.0,0.0,0.0,0.0
99,mixed_20,1,1,426.65911776852215,106.66477944213054,1000426.6591177683,200085.33182355366,622.4,28.814814814814813,34407.52765606575,1592.9410951882292,21.6,3.269314778768993,41.57375938508767,13.8,12,3.1404080462043478,0.6388888888888888,41.57375938508767,100.0,2.4,0.48,1.6506252896599474,0.0,5,0.0,0.0,0.0,100.0,1.0,0.0,100.0,1.0,0.0,7.868796925438346,0.4,8.253126448299737,0.0,0.0,0.0
100,mixed_20,1,1,220.26039374877536,73.42013124959179,1202141.6119884779,240428.32239769556,699.8,32.10091743119266,34602.45570503558,1587.268610322733,21.8,3.89742509729733,40.812680780362825,17.0,12,4.421430894453171,0.7798165137614679,40.812680780362825,100.0,2.4,0.48,1.7244223778694867,0.0,5,0.0,0.0,0.0,100.0,1.0,0.0,100.0,1.0,0.0,0.0,0.0,0.0,4.063403901814127,0.4,8.622111889347433
101,mixed_20,1,1,364.1022824153722,121.36742747179073,505272.1821109237,101054.43642218474,793.0,34.47826086956522,37242.01364102115,1619.217984392224,23.0,2.4177961293819736,42.171691447304966,19.8,11,3.283244705939158,0.8608695652173913,42.171691447304966,100.0,2.2,0.44000000000000006,1.8418822825700842,0.0,5,10.858457236524828,0.2,9.209411412850422,100.0,1.0,0.0,100.0,1.0,0.0,0.0,0.0,0.0,0.0,0.0,0.0
102,mixed_20,1,1,258.02867294578516,80.63396029555786,3153603.096957882,630720.6193915764,893.0,39.86607142857143,35767.7577904926,1596.774901361277,22.4,4.097717165248492,40.0,20.2,10,5.404013710090198,0.9017857142857143,40.0,100.0,2.0,0.4,0.0,0.0,5,0.0,0.0,0.0,100.0,1.0,0.0,100.0,1.0,0.0,0.0,0.0,0.0,0.0,0.0,0.0
103,mixed_20,1,1,110.17544025382571,36.72514675127524,1040211.5054583695,208042.3010916739,995.0,42.52136752136752,36634.58387173653,1565.5805073391682,23.4,4.656202219274146,41.61979730618987,21.0,12,5.561277774137897,0.8974358974358975,41.61979730618987,100.0,2.4,0.48,1.7817929582111538,0.0,5,0.0,0.0,0.0,100.0,1.0,0.0,100.0,1.0,0.0,8.098986530949333,0.4,8.90896479105577,0.0,0.0,0.0
104,mixed_20,1,1,511.40771597203536,134.58097788737774,1200511.4077159718,240102.28154319437,1100.0,45.833333333333336,38397.68576697252,1599.903573623855,24.0,3.5375474395771214,40.0,21.2,10,5.259721926822236,0.8833333333333333,40.0,100.0,2.0,0.4,0.0,0.0,5,0.0,0.0,0.0,100.0,1.0,0.0,100.0,1.0,0.0,0.0,0.0,0.0,0.0,0.0,0.0
105,mixed_20,1,1,181.85500677189933,53.48676669761745,1209349.4344589696,241869.88689179393,1205.2,49.80165289256198,38357.03546415958,1585.0014654611393,24.2,3.828341949866595,42.34999261702251,21.4,11,4.735328428532566,0.8842975206611571,42.34999261702251,100.0,2.2,0.44000000000000006,1.7021330071530554,0.0,5,0.0,0.0,0.0,100.0,1.0,0.0,100.0,1.0,0.0,0.0,0.0,0.0,11.74996308511254,0.2,8.510665035765276
106,mixed_20,1,1,232.28966568080267,96.78736070033445,3229274.747783223,645854.9495566447,1315.2,52.608,39225.407774077394,1569.016310963096,25.0,1.8354368185565906,40.0,22.6,10,2.702765167079123,0.904,40.0,100.0,2.0,0.4,0.0,0.0,5,0.0,0.0,0.0,100.0,1.0,0.0,100.0,1.0,0.0,0.0,0.0,0.0,0.0,0.0,0.0
107,mixed_20,1,1,27.446496923085498,13.723248461542749,2872769.183694634,574553.8367389268,1430.0,58.13008130081301,39168.53435822993,1592.216843830485,24.6,3.238962144104603,40.35983362260595,23.0,12,4.53242785377236,0.9349593495934959,40.35983362260595,100.0,2.4,0.48,1.7464760003611441,0.0,5,0.0,0.0,0.0,100.0,1.0,0.0,100.0,1.0,0.0,1.7991681130297366,0.4,8.732380001805721,0.0,0.0,0.0
108,mixed_20,1,1,18.08621006805351,9.043105034026755,3000018.086210068,600003.6172420136,1545.0,63.84297520661157,38339.736367151374,1584.2866267417924,24.2,4.425122429281473,42.10544150238002,23.2,11,5.720978593437716,0.9586776859504132,42.10544150238002,100.0,2.2,0.44000000000000006,1.8998390577360378,0.0,5,10.527207511900087,0.2,9.49919528868019,100.0,1.0,0.0,100.0,1.0,0.0,0.0,0.0,0.0,0.0,0.0,0.0
109,mixed_20,1,1,670.0672496721202,239.30973202575723,1801391.7311879974,360278.3462375995,1661.2,61.0735294117647,41976.94546306152,1543.2700537890266,27.2,0.7887602614989975,40.0,24.2,10,1.6256632893825562,0.8897058823529411,40.0,100.0,2.0,0.4,0.0,0.0,5,0.0,0.0,0.0,100.0,1.0,0.0,100.0,1.0,0.0,0.0,0.0,0.0,0.0,0.0,0.0
110,mixed_20,1,1,286.6492887125179,84.30861432721115,2501618.6533616083,500323.73067232163,1782.2,63.65,44399.13576179756,1585.6834200641983,28.0,1.3859916494119227,40.0,24.6,10,1.5769829556960269,0.8785714285714286,40.0,100.0,2.0,0.4,0.0,0.0,5,0.0,0.0,0.0,100.0,1.0,0.0,100.0,1.0,0.0,0.0,0.0,0.0,0.0,0.0,0.0
111,mixed_20,3,1,308.69618908693224,85.74894141303673,1000909.6612715578,200181.93225431157,1357.6,49.911764705882355,46240.45392935552,1700.016688579247,27.2,2.5406960350872994,32.0,22.0,9,2.750890891211886,0.8088235294117647,32.0,100.0,1.8,0.36,0.0,0.0,5,0.0,0.0,0.0,100.0,1.0,0.0,60.0,0.8,0.0,0.0,0.0,0.0,0.0,0.0,0.0
112,mixed_20,3,3,150.5184461193016,41.810679477583776,1002016.4074438342,200403.28148876684,1000.0,39.37007874015748,41379.503987870485,1629.1143302311214,25.4,3.6429153122714983,40.19397211577643,18.0,15,4.580688529407987,0.7086614173228346,40.19397211577643,100.0,3.0,0.6,5.517852605318829,0.0,5,1.4291617933349698,0.4,8.569669995363801,100.0,1.0,0.0,27.93599753676517,0.6,1.819589853837467,10.602259484683145,0.2,9.431951759383727,61.002441764098876,0.8,7.7680514180091516
113,mixed_20,3,3,113.170989589431,62.872771994128335,2665798.9226977574,533159.7845395515,985.0,40.70247933884298,41065.92821572257,1696.9391824678748,24.2,0.7862800100342012,41.99781192883347,17.2,14,1.2051127207147385,0.7107438016528925,41.99781192883347,100.0,2.8,0.5599999999999999,0.7711862421950968,0.0,5,0.0,0.0,0.0,100.0,1.0,0.0,9.989059644167355,0.8,3.855931210975484,0.0,0.0,0.0,100.0,1.0,0.0
114,mixed_20,3,3,114.64334589788601,52.110611771766365,2800114.643345898,560022.9286691796,1070.0,46.92982456140351,39261.42475743403,1721.9923139225452,22.8,1.7834532050301501,45.551489746681455,17.4,13,2.21815722303201,0.7631578947368421,45.551489746681455,100.0,2.6,0.52,1.1854844365435067,0.0,5,0.0,0.0,0.0,100.0,1.0,0.0,27.757448733407273,0.6,5.9274221827175335,0.0,0.0,0.0,100.0,1.0,0.0
115,mixed_20,3,3,150.97951208609675,50.32650402869891,2000150.9795120857,400030.1959024171,1155.0,52.027027027027025,37934.939928221786,1708.781077847828,22.2,2.572206045286365,43.401712896753,17.0,14,2.924712253089924,0.7657657657657657,43.401712896753,100.0,2.8,0.5599999999999999,1.3330435804973195,0.0,5,0.0,0.0,0.0,100.0,1.0,0.0,17.008564483764985,0.8,6.665217902486598,0.0,0.0,0.0,100.0,1.0,0.0
116,mixed_20,3,3,254.0030807142055,79.37596272318922,1800254.003080714,360050.8006161428,1240.0,60.19417475728155,33439.42815879751,1623.2732115921124,20.6,2.904340910150669,41.061500199559305,17.4,12,3.671081101989811,0.8446601941747572,41.061500199559305,100.0,2.4,0.48,1.7636631255224344,0.0,5,0.0,0.0,0.0,100.0,1.0,0.0,0.0,0.0,0.0,5.307500997796524,0.4,8.818315627612172,100.0,1.0,0.0
117,mixed_20,3,3,343.7332370544912,85.9333092636228,1000343.7332370545,200068.7466474109,1325.0,63.095238095238095,34601.57092137708,1647.6938533989087,21.0,2.254603186563462,46.327680607188995,17.0,12,2.5901764185153806,0.8095238095238095,46.327680607188995,100.0,2.4,0.48,1.0011612310786513,0.0,5,31.638403035944975,0.4,5.005806155393256,100.0,1.0,0.0,0.0,0.0,0.0,0.0,0.0,0.0,100.0,1.0,0.0
118,mixed_20,3,3,95.59102482201249,31.86367494067083,1045208.7114914486,209041.74229828973,1412.0,69.2156862745098,33854.318575546815,1659.525420369942,20.4,3.6880158319913563,62.218428364081774,17.8,16,4.702261795925421,0.8725490196078431,62.218428364081774,100.0,3.2,0.64,1.80307828044546,0.0,5,100.0,1.0,0.0,100.0,1.0,0.0,11.09214182040887,0.2,9.0153914022273,0.0,0.0,0.0,100.0,1.0,0.0
119,mixed_20,3,3,189.2788664607255,67.59959516454482,1887220.5481403111,377444.10962806223,1502.2,75.11,31734.535048544632,1586.7267524272318,20.0,4.635425962012228,62.123118269412316,18.2,16,5.587523762933534,0.91,62.123118269412316,100.0,3.2,0.64,1.8840212802215717,0.0,5,100.0,1.0,0.0,100.0,1.0,0.0,0.0,0.0,0.0,10.615591347061581,0.2,9.420106401107859,100.0,1.0,0.0
120,mixed_20,3,3,231.97655047493362,165.69753605352403,2866918.1402694527,573383.6280538905,1596.6,76.02857142857142,31369.451559459063,1493.7834075932888,21.0,0.7120155485154003,60.0,19.6,15,1.8513697889777425,0.9333333333333333,60.0,100.0,3.0,0.6,0.0,0.0,5,100.0,1.0,0.0,100.0,1.0,0.0,0.0,0.0,0.0,0.0,0.0,0.0,100.0,1.0,0.0
121,mixed_20,0,3,554.0647042317195,213.1018093198921,1383473.4693678147,276694.69387356297,1231.4,60.960396039603964,33373.701016384526,1652.1634166526994,20.2,0.9121872374467188,44.0,14.8,13,1.4171654701524414,0.7326732673267327,44.0,100.0,2.6,0.52,0.0,0.0,5,60.0,0.8,0.0,60.0,0.8,0.0,0.0,0.0,0.0,0.0,0.0,0.0,100.0,1.0,0.0
122,mixed_20,0,0,461.53524284325283,121.4566428534876,1200461.535242843,240092.3070485686,700.6,36.489583333333336,34934.97532291217,1819.5299647350091,19.2,2.251828620270604,25.49963310401472,9.4,8,2.5288501687258034,0.4895833333333333,25.49963310401472,100.0,1.6,0.32,0.4136608066336686,0.0,5,0.0,0.0,0.0,27.4981655200736,0.6,2.068304033168343,0.0,0.0,0.0,0.0,0.0,0.0,100.0,1.0,0.0
123,mixed_20,0,0,331.62478280918134,69.08849641857945,658.3314272626883,131.66628545253766,398.4,23.162790697674417,33121.866144054,1925.689892096163,17.2,3.3331920182923316,28.24806373242245,6.2,11,2.952053875960772,0.36046511627906974,28.24806373242245,100.0,2.2,0.44000000000000006,2.4996244879111997,0.0,5,0.0,0.0,0.0,29.34493384856296,1.0,4.091500748251302,11.895384813549299,0.2,8.406621691304696,0.0,0.0,0.0,100.0,1.0,0.0
124,mixed_20,0,0,173.58637600838267,43.39659400209567,625123.7363162494,125024.74726324987,315.0,19.936708860759495,31343.98376494455,1983.7964408192754,15.8,3.660443403736136,26.184556650801824,6.4,9,4.029588347125852,0.4050632911392405,26.184556650801824,100.0,1.8,0.36,2.9505402526215176,0.0,5,11.117502630706895,0.2,8.99482584549131,19.805280623302224,0.6,5.757875417616278,0.0,0.0,0.0,0.0,0.0,0.0,100.0,1.0,0.0
125,mixed_20,0,0,165.99855831459757,41.49963957864939,1261762.05791333,252352.41158266598,348.0,22.894736842105264,29440.216929911123,1936.8563769678372,15.2,4.729060184701963,24.592970844801584,7.4,11,4.932975043504003,0.4868421052631579,24.592970844801584,100.0,2.2,0.44000000000000006,3.234232488679821,0.0,5,0.0,0.0,0.0,12.699667520416824,1.0,7.160714275926025,0.0,0.0,0.0,10.265186703591098,0.2,9.010448167473081,100.0,1.0,0.0
126,mixed_20,0,0,216.59068933143038,56.99754982406063,1200216.5906893313,240043.31813786627,384.2,24.948051948051948,27426.27579344584,1780.926999574405,15.4,2.496305560820609,25.20882064983516,8.0,8,3.0077464350387424,0.5194805194805194,25.20882064983516,100.0,1.6,0.32,1.5361054651830983,0.0,5,0.0,0.0,0.0,26.044103249175805,0.4,7.680527325915492,0.0,0.0,0.0,0.0,0.2,0.0,100.0,1.0,0.0
127,mixed_20,0,0,138.54308513199513,34.63577128299878,1000138.543085132,200027.7086170264,424.0,29.444444444444443,27699.727424575725,1923.592182262203,14.4,2.711696799560728,24.06677138730811,8.2,8,1.8216901867061008,0.5694444444444444,24.06677138730811,100.0,1.6,0.32,3.683106190226778,0.0,5,0.0,0.0,0.0,10.647412875412101,0.2,9.39195287814267,9.68644406112844,0.4,9.02357807299122,0.0,0.0,0.0,100.0,1.0,0.0
128,mixed_20,0,0,435.7847772300746,103.7582802928749,401487.12236060796,80297.4244721216,466.0,28.414634146341463,30262.423772376183,1845.26974221806,16.4,2.856566857935149,21.653819666761592,9.4,7,2.5415136384633703,0.573170731707317,21.653819666761592,100.0,1.4,0.27999999999999997,1.831473138164729,0.0,5,0.0,0.0,0.0,8.26909833380796,0.4,9.157365690823644,0.0,0.0,0.0,0.0,0.0,0.0,100.0,1.0,0.0
129,mixed_20,0,0,332.80389504255425,83.20097376063856,565213.9877808678,113042.79755617357,514.2,28.8876404494382,30831.957157816465,1732.1324245964306,17.8,2.225031757961571,43.0505075633414,10.8,14,2.816240556695088,0.6067415730337079,43.0505075633414,100.0,2.8,0.5599999999999999,4.466256283700092,0.0,5,8.107751935849592,0.4,9.150926392432302,9.728565000980325,0.4,8.93062105877325,0.0,0.0,0.0,97.41622087987707,1.0,4.249733967294908,100.0,1.0,0.0
130,mixed_20,0,0,234.4976575510962,58.62441438777405,1000234.4976575511,200046.89953151022,572.6,30.13684210526316,32669.125893936493,1719.4276786282364,19.0,1.5483303934701034,56.10497744566055,12.8,15,1.04284488772312,0.6736842105263158,56.10497744566055,100.0,3.0,0.6,1.6114472498167731,0.0,5,0.0,0.0,0.0,80.52488722830276,1.0,8.057236249083866,0.0,0.0,0.0,100.0,1.0,0.0,100.0,1.0,0.0
131,mixed_20,2,0,668.4904150760347,151.92963979000785,2813.097019556725,562.619403911345,215.0,11.684782608695652,31583.367529544565,1716.4873657361177,18.4,1.9438041362743965,59.21321988602085,9.0,17,1.90734643877152,0.4891304347826087,59.21321988602085,100.0,3.4000000000000004,0.68,0.8682043122254861,0.0,5,0.0,0.0,0.0,100.0,1.0,0.0,76.06609943010426,0.8,4.34102156112743,60.0,0.8,0.0,60.0,0.8,0.0
132,mixed_20,2,2,167.02384509616428,41.75596127404107,516090.46109067614,103218.09221813522,117.2,7.512820512820513,28106.353614994285,1801.6893342945054,15.6,3.071721390552191,46.751040641532654,7.8,15,2.9291577394230366,0.5,46.751040641532654,100.0,3.0,0.6,2.150154300684619,0.0,5,7.336523608496464,0.4,8.755025627091527,100.0,1.0,0.0,100.0,1.0,0.0,0.0,0.0,0.0,26.418679599166808,0.6,1.9957458763315676
133,mixed_20,2,2,178.38550999901977,55.74547187469368,1054280.0009676884,210856.00019353768,158.0,12.53968253968254,21959.035391107805,1742.7805865958576,12.6,4.99863803619715,48.673711343371,9.0,14,5.160677908682632,0.7142857142857143,48.673711343371,100.0,2.8,0.5599999999999999,0.8269053016353943,0.0,5,0.0,0.0,0.0,100.0,1.0,0.0,100.0,1.0,0.0,0.0,0.0,0.0,43.36855671685498,0.8,4.134526508176972
134,mixed_20,2,2,452.50712125718235,119.08082138346904,1200452.507121257,240090.50142425142,203.0,16.916666666666668,19897.556000950088,1658.1296667458407,12.0,5.469960284748229,41.361703423239305,9.6,13,5.949539254273502,0.8,41.361703423239305,100.0,2.6,0.52,1.6908645497821269,0.0,5,0.0,0.0,0.0,100.0,1.0,0.0,100.0,1.0,0.0,6.808517116196526,0.4,8.454322748910634,0.0,0.2,0.0
135,mixed_20,2,2,422.3449824117879,84.46899648235758,422.3449824117879,84.46899648235758,248.0,19.076923076923077,21990.234048633916,1691.5564652795322,13.0,3.887807398878613,40.0,9.0,10,5.071491106528874,0.6923076923076923,40.0,100.0,2.0,0.4,0.0,0.0,5,0.0,0.0,0.0,100.0,1.0,0.0,100.0,1.0,0.0,0.0,0.0,0.0,0.0,0.0,0.0
136,mixed_20,2,2,237.81536047242693,59.45384011810673,485306.36495811504,97061.272991623,295.0,22.01492537313433,23026.228822643694,1718.3752852719174,13.4,4.0281389119067095,40.0,10.0,10,4.2772884800546285,0.746268656716418,40.0,100.0,2.0,0.4,0.0,0.0,5,0.0,0.0,0.0,100.0,1.0,0.0,100.0,1.0,0.0,0.0,0.0,0.0,0.0,0.0,0.0
137,mixed_20,2,2,125.2324488241918,32.95590758531363,1360081.6068549384,272016.3213709877,345.2,24.65714285714286,24222.17870726124,1730.1556219472313,14.0,3.994097102545685,43.29605709552516,10.2,13,3.606917368254485,0.7285714285714285,43.29605709552516,100.0,2.6,0.52,3.6493480526655366,0.0,5,0.0,0.0,0.0,100.0,1.0,0.0,100.0,1.0,0.0,5.446040622505279,0.4,9.184044871572405,11.034244855120505,0.2,9.062695391755279
138,mixed_20,2,2,221.510007955839,69.22187748619969,1645845.6024565452,329169.12049130903,399.0,31.171875,20577.525685285356,1607.6191941629183,12.8,6.144894935713387,40.0,11.2,10,5.938228800743969,0.875,40.0,100.0,2.0,0.4,0.0,0.0,5,0.0,0.0,0.0,100.0,1.0,0.0,100.0,1.0,0.0,0.0,0.0,0.0,0.0,0.0,0.0
139,mixed_20,2,2,678.9436887493941,161.65325922604623,800678.9436887493,160135.78873774986,454.0,29.86842105263158,26265.172443048185,1727.97187125317,15.2,3.629492799962871,40.424955319891524,11.6,12,4.8617161892085194,0.7631578947368421,40.424955319891524,100.0,2.4,0.48,1.7439747646823522,0.0,5,2.1247765994576184,0.4,8.719873823411762,100.0,1.0,0.0,100.0,1.0,0.0,0.0,0.0,0.0,0.0,0.0,0.0
140,mixed_20,2,2,328.8669918468187,68.5139566347539,798.3264992171563,159.66529984343126,509.0,33.93333333333333,25245.068860486306,1683.0045906990872,15.0,4.440248407294408,40.0,11.0,10,4.94853791895698,0.7333333333333333,40.0,100.0,2.0,0.4,0.0,0.0,5,0.0,0.0,0.0,100.0,1.0,0.0,100.0,1.0,0.0,0.0,0.0,0.0,0.0,0.0,0.0
141,mixed_20,2,2,108.56485882405937,28.569699690541942,2585622.3055095235,517124.4611019047,567.0,37.30263157894737,25882.182868028955,1702.7751886861154,15.2,5.024493643524146,40.0,12.2,10,4.752279398312438,0.8026315789473685,40.0,100.0,2.0,0.4,0.0,0.0,5,0.0,0.0,0.0,100.0,1.0,0.0,100.0,1.0,0.0,0.0,0.0,0.0,0.0,0.0,0.0
142,mixed_20,2,2,209.73300013446163,65.54156254201925,1031026.8504719781,206205.37009439562,629.0,40.84415584415584,25698.166909832296,1668.7121370020973,15.4,4.5378854101112065,44.38625560567516,12.8,12,5.077562191551869,0.8311688311688312,44.38625560567516,100.0,2.4000000000000004,0.4800000000000001,3.64931124974035,0.0,5,0.0,0.0,0.0,100.0,1.0,0.0,100.0,1.0,0.0,11.191851454821062,0.2,8.935072128474637,10.739426573554738,0.2,9.311484120227112
143,mixed_20,2,2,34.30345009490005,11.434483364966683,1742121.9123015297,348424.38246030593,694.0,48.87323943661972,22393.99747371364,1577.0420756136366,14.2,6.470157439111272,40.0,13.2,10,6.293741505882954,0.9295774647887324,40.0,100.0,2.0,0.4,0.0,0.0,5,0.0,0.0,0.0,100.0,1.0,0.0,100.0,1.0,0.0,0.0,0.0,0.0,0.0,0.0,0.0
144,mixed_20,2,2,406.9914473690204,113.05317982472789,1200643.5563571644,240128.71127143287,759.0,48.037974683544306,26273.91251427038,1662.9058553335685,15.8,5.529233193772866,40.987207846753336,13.4,11,5.933836262279824,0.8481012658227848,40.987207846753336,100.0,2.2,0.44000000000000006,1.773200753331184,0.0,5,4.936039233766678,0.2,8.86600376665592,100.0,1.0,0.0,100.0,1.0,0.0,0.0,0.0,0.0,0.0,0.0,0.0
145,mixed_20,2,2,486.1596914676359,110.49083896991725,201059.84110317758,40211.968220635514,824.0,47.906976744186046,28448.270596330625,1653.9692207168969,17.2,3.6392218660714324,40.0,13.2,11,4.882144991594931,0.7674418604651163,40.0,100.0,2.2,0.44000000000000006,0.0,0.0,5,0.0,0.2,0.0,100.0,1.0,0.0,100.0,1.0,0.0,0.0,0.0,0.0,0.0,0.0,0.0
146,mixed_20,2,2,153.2157472188845,40.319933478653816,425657.5492141545,85131.5098428309,892.0,51.86046511627907,29140.71586215769,1694.2276664045169,17.2,4.4425443935232805,40.0,14.2,10,4.740073719368336,0.8255813953488372,40.0,100.0,2.0,0.4,0.0,0.0,5,0.0,0.0,0.0,100.0,1.0,0.0,100.0,1.0,0.0,0.0,0.0,0.0,0.0,0.0,0.0
147,mixed_20,2,2,139.55265536993593,41.04489863821645,1314051.8359921384,262810.3671984277,962.6,52.31521739130435,30744.582996412297,1670.901249805016,18.4,3.036667898469042,42.11533567567267,14.6,11,3.1597670511742746,0.7934782608695652,42.11533567567267,100.0,2.2,0.44000000000000006,1.890952838361229,0.0,5,0.0,0.0,0.0,100.0,1.0,0.0,100.0,1.0,0.0,10.57667837836334,0.2,9.454764191806145,0.0,0.0,0.0
148,mixed_20,1,2,286.17927518213867,89.43102349441833,1380321.5602297147,276064.31204594293,1037.2,55.170212765957444,30509.27463852232,1622.8337573682086,18.8,2.61968705158924,42.161230362671176,15.4,12,2.8523019314062084,0.8191489361702128,42.161230362671176,100.0,2.4,0.48,1.7568824846111242,0.0,5,0.0,0.0,0.0,100.0,1.0,0.0,100.0,1.0,0.0,0.0,0.0,0.0,10.806151813355882,0.4,8.78441242305562
149,mixed_20,1,1,468.85372131257657,137.8981533272284,548842.1119029906,109768.42238059812,1116.0,56.36363636363637,34216.380709756064,1728.1000358462657,19.8,3.1740437716961996,40.49675609433007,16.2,12,3.753533651077849,0.8181818181818182,40.49675609433007,100.0,2.4,0.48,1.8380588618293405,0.0,5,2.483780471650334,0.4,9.190294309146703,100.0,1.0,0.0,100.0,1.0,0.0,0.0,0.0,0.0,0.0,0.0,0.0
150,mixed_20,1,1,515.3478954419477,135.61786722156518,1000907.6847349819,200181.53694699638,1196.0,63.61702127659574,29107.50876658504,1548.2717429034597,18.8,4.92293476972355,40.76327070532216,16.0,12,5.910771363883906,0.851063829787234,40.76327070532216,100.0,2.4,0.48,1.8188083044253296,0.0,5,0.0,0.0,0.0,100.0,1.0,0.0,100.0,1.0,0.0,3.816353526610783,0.4,9.094041522126648,0.0,0.0,0.0
151,mixed_20,1,1,13.362131029517638,6.681065514758819,4009061.006122521,801812.2012245043,1282.0,71.22222222222223,27015.77867105613,1500.8765928364517,18.0,5.556470594716269,40.0,18.0,10,6.804298523471381,1.0,40.0,100.0,2.0,0.4,0.0,0.0,5,0.0,0.0,0.0,100.0,1.0,0.0,100.0,1.0,0.0,0.0,0.0,0.0,0.0,0.0,0.0
152,mixed_20,1,1,75.72090400773146,42.067168893184146,3200075.720904008,640015.1441808016,1372.0,72.97872340425532,28865.55341248688,1535.4017772599404,18.8,3.454598320803046,40.0,18.2,10,5.874829724721871,0.9680851063829787,40.0,100.0,2.0,0.4,0.0,0.0,5,0.0,0.0,0.0,100.0,1.0,0.0,100.0,1.0,0.0,0.0,0.0,0.0,0.0,0.0,0.0
153,mixed_20,1,1,174.38501377214533,72.66042240506056,2600174.385013772,520034.8770027544,1462.0,70.97087378640776,32878.98909751435,1596.0674319181721,20.6,1.5044606885503975,40.0,18.4,10,2.916508791050667,0.8932038834951457,40.0,100.0,2.0,0.4,0.0,0.0,5,0.0,0.0,0.0,100.0,1.0,0.0,100.0,1.0,0.0,0.0,0.0,0.0,0.0,0.0,0.0
154,mixed_20,3,1,215.51058761686141,59.864052115794834,801117.1362283134,160223.4272456627,1176.0,54.953271028037385,36881.71453743,1723.4446045528039,21.4,2.5890648005098313,36.0,15.4,10,2.656460698084928,0.719626168224299,36.0,100.0,2.0,0.4,0.0,0.0,5,0.0,0.0,0.0,100.0,1.0,0.0,80.0,1.0,0.0,0.0,0.0,0.0,0.0,0.0,0.0
155,mixed_20,3,3,727.8527348587958,145.57054697175914,727.8527348587958,145.57054697175914,1012.2,47.74528301886792,37429.45552828567,1765.5403551078145,21.2,3.4590493604522403,29.364650294233343,11.4,9,2.800774145632491,0.5377358490566038,29.364650294233343,100.0,1.7999999999999998,0.36,2.283835931145158,0.0,5,10.613016808308657,0.2,9.422391559929745,100.0,1.0,0.0,36.210234662858056,0.6,1.9967880957960473,0.0,0.0,0.0,0.0,0.0,0.0
156,mixed_20,3,3,63.31728740248826,24.35280284711087,538161.6347008806,107632.32694017612,1069.2,52.93069306930693,33490.50058240971,1657.9455733866191,20.2,2.070613833222461,31.319737425463245,13.2,11,2.0579679584304653,0.6534653465346535,31.319737425463245,100.0,2.2,0.44000000000000006,4.282565523928038,0.0,5,0.0,0.0,0.0,100.0,1.0,0.0,35.98775895996141,0.6,4.507491783120314,8.48381685123968,0.4,8.659349022898825,12.127111316115133,0.2,8.24598681362105
157,mixed_20,3,3,160.69270480962714,66.95529367067797,1935828.906485909,387165.7812971818,1138.0,63.22222222222222,30855.906132369528,1714.2170073538628,18.0,2.036683362483412,21.149481974108312,14.2,8,2.4922332917740464,0.7888888888888889,21.149481974108312,100.0,1.6,0.32,1.0568266585604407,0.0,5,0.0,0.0,0.0,100.0,1.0,0.0,5.74740987054156,0.6,5.284133292802204,0.0,0.0,0.0,0.0,0.0,0.0
158,mixed_20,3,3,386.90175633695657,113.79463421675193,1202892.2138852002,240578.44277704004,1208.0,69.42528735632185,28942.427526387335,1663.357903815364,17.4,4.03724774253132,24.867371626939985,14.2,7,4.829820355584273,0.8160919540229885,24.867371626939985,100.0,1.4,0.27999999999999997,3.098155973059707,0.0,5,0.0,0.0,0.0,100.0,1.0,0.0,15.49852859696557,0.2,6.452225408002849,8.838329537734353,0.2,9.038554457295687,0.0,0.0,0.0
159,mixed_20,3,3,204.19658604773718,63.81143313991787,2236447.041340722,447289.40826814435,1281.0,75.3529411764706,27308.34093092509,1606.37299593677,17.0,5.377470790341025,20.0,15.4,6,6.16150779862201,0.9058823529411765,20.0,100.0,1.2,0.24,0.0,0.0,5,0.0,0.0,0.0,100.0,1.0,0.0,0.0,0.0,0.0,0.0,0.2,0.0,0.0,0.0,0.0
160,mixed_20,3,3,213.53253644291172,53.38313411072793,1000213.5325364427,200042.70650728856,1356.0,72.90322580645162,30434.17062110676,1636.245732317568,18.6,3.9311077002242696,21.31894504144293,15.2,7,5.097121692131463,0.8172043010752689,21.31894504144293,100.0,1.4,0.27999999999999997,1.7293712638318535,0.0,5,6.594725207214651,0.4,8.646856319159268,100.0,1.0,0.0,0.0,0.0,0.0,0.0,0.0,0.0,0.0,0.0,0.0
161,mixed_20,3,3,166.92968022123188,41.73242005530797,1000166.9296802211,200033.38593604421,1432.2,75.37894736842105,31130.071532337275,1638.4248174914355,19.0,4.32331686665876,20.0,15.6,5,5.04809050396405,0.8210526315789474,20.0,100.0,1.0,0.2,0.0,0.0,5,0.0,0.0,0.0,100.0,1.0,0.0,0.0,0.0,0.0,0.0,0.0,0.0,0.0,0.0,0.0
162,mixed_20,3,3,195.4125996700422,54.281277686122834,1201052.293658867,240210.4587317734,1512.2,74.86138613861387,33018.20988809305,1634.5648459452007,20.2,2.2280606855707785,31.344900513479843,16.6,9,2.4423813031953996,0.8217821782178217,31.344900513479843,100.0,1.7999999999999998,0.36,3.004219540520618,0.0,5,0.0,0.0,0.0,100.0,1.0,0.0,11.490784888453618,0.2,8.702625710144817,0.0,0.0,0.0,45.233717678945595,0.6,6.3184719924582735
163,mixed_20,3,3,150.98953865949187,50.32984621983062,1603361.7714765763,320672.3542953153,1596.0,79.00990099009901,32620.98715448469,1614.9003541824104,20.2,1.6904162248412595,46.21249706108301,17.0,12,1.7108011633125293,0.8415841584158416,46.21249706108301,100.0,2.4,0.48,1.0187812065616195,0.0,5,31.062485305415066,0.4,5.093906032808097,100.0,1.0,0.0,0.0,0.0,0.0,0.0,0.0,0.0,100.0,1.0,0.0
164,mixed_20,3,3,203.9389418604961,92.69951902749823,2541001.782921699,508200.35658433975,1684.0,82.54901960784314,33261.535149755386,1630.4674093017347,20.4,2.3744828316771383,60.0,18.2,15,3.037006331274342,0.8921568627450981,60.0,100.0,3.0,0.6,0.0,0.0,5,100.0,1.0,0.0,100.0,1.0,0.0,0.0,0.0,0.0,0.0,0.0,0.0,100.0,1.0,0.0
165,mixed_20,3,3,243.98764658627516,81.32921552875838,2000243.987646586,400048.7975293172,1774.0,82.89719626168224,35428.168773497535,1655.5219053036233,21.4,2.5414240587977694,62.57242778303089,18.2,18,3.3506569994374416,0.8504672897196262,62.57242778303089,100.0,3.6,0.72,3.519138120338256,0.0,5,100.0,1.0,0.0,100.0,1.0,0.0,11.263693225391762,0.2,8.878082703333027,1.5984456897626842,0.4,8.717607898358255,100.0,1.0,0.0
166,mixed_20,3,3,115.45419485936839,38.484731619789464,2000115.4541948594,400023.0908389719,1864.0,92.27722772277228,32756.9853625416,1621.6329387396831,20.2,3.5338356790464376,60.0,18.0,15,4.986177728366659,0.8910891089108911,60.0,100.0,3.0,0.6,0.0,0.0,5,100.0,1.0,0.0,100.0,1.0,0.0,0.0,0.0,0.0,0.0,0.0,0.0,100.0,1.0,0.0
167,mixed_20,3,3,362.9035219243746,100.80653386788184,1400362.9035219245,280072.5807043849,1954.0,91.30841121495327,34340.732173773504,1604.7071109239957,21.4,3.2616303708171155,60.0,18.4,15,4.536203033388072,0.8598130841121495,60.0,100.0,3.0,0.6,0.0,0.0,5,100.0,1.0,0.0,100.0,1.0,0.0,0.0,0.0,0.0,0.0,0.0,0.0,100.0,1.0,0.0
168,mixed_20,3,3,145.64935541005246,48.54978513668416,2107990.9163109334,421598.1832621867,2047.0,93.89908256880734,35760.886663231715,1640.4076451023723,21.8,2.641994620002405,62.19830193714415,19.0,16,3.803834985041934,0.8715596330275229,62.19830193714415,100.0,3.2,0.64,1.8195862599277253,0.0,5,100.0,1.0,0.0,100.0,1.0,0.0,0.0,0.0,0.0,10.991509685720757,0.2,9.097931299638626,100.0,1.0,0.0
169,mixed_20,3,3,278.867864180689,87.14620755646531,1800278.8678641808,360055.7735728362,2142.0,100.09345794392523,34110.587617610596,1593.95269241171,21.4,4.176418245627578,60.0,19.2,15,5.23678415839202,0.897196261682243,60.0,100.0,3.0,0.6,0.0,0.0,5,100.0,1.0,0.0,100.0,1.0,0.0,0.0,0.0,0.0,0.0,0.0,0.0,100.0,1.0,0.0
170,mixed_20,2,3,358.05570989485375,94.2251868144352,1200358.055709895,240071.611141979,1912.2,91.9326923076923,34362.005986554956,1652.019518584373,20.8,3.6539854716704445,46.21878394424175,14.2,14,4.8150231555813345,0.6826923076923077,46.21878394424175,100.0,2.8,0.5599999999999999,1.802789320871422,0.0,5,60.0,0.8,0.0,100.0,1.0,0.0,11.09391972120875,0.2,9.01394660435711,0.0,0.0,0.0,60.0,0.8,0.0
171,mixed_20,2,2,214.5096544853406,63.09107484862959,1403514.3671601843,280702.87343203684,1916.2,100.85263157894737,32602.982681021833,1715.946456895886,19.0,1.9760576759587969,32.75477718974889,12.6,11,1.694435118300369,0.6631578947368421,32.75477718974889,100.0,2.2,0.44000000000000006,0.8424542641371632,0.0,5,32.48968604596257,0.6,1.9888431111788967,100.0,1.0,0.0,0.0,0.0,0.0,0.0,0.0,0.0,31.284199902781893,0.6,2.2234282095069196
172,mixed_20,2,2,39.590655144222296,14.139519694365108,2200039.5906551443,440007.9181310289,1981.0,125.37974683544304,26448.563008943882,1673.9596841103723,15.8,4.443967717649911,22.046965074244326,13.2,6,4.765877474230701,0.8354430379746836,22.046965074244326,100.0,1.2,0.24,1.9541124811211894,0.0,5,0.0,0.0,0.0,100.0,1.0,0.0,0.0,0.0,0.0,0.0,0.0,0.0,10.234825371221632,0.2,9.770562405605947
173,mixed_20,2,2,179.2148452825458,49.781901467373835,1400179.2148452823,280035.84296905645,2046.0,124.7560975609756,27733.719501060357,1691.080457381729,16.4,4.414106231577694,20.22037693755783,13.4,7,5.217155483207297,0.8170731707317073,20.22037693755783,100.0,1.4,0.27999999999999997,1.7522821799293162,0.0,5,0.0,0.0,0.0,100.0,1.0,0.0,0.0,0.0,0.0,1.101884687789152,0.4,8.761410899646581,0.0,0.0,0.0
174,mixed_20,2,2,100.05544258889992,25.01386064722498,1000100.055442589,200020.0110885178,2111.0,130.30864197530863,27751.74283819965,1713.0705455678797,16.2,5.096720340767875,20.0,13.0,5,4.834543317501673,0.8024691358024691,20.0,100.0,1.0,0.2,0.0,0.0,5,0.0,0.0,0.0,100.0,1.0,0.0,0.0,0.0,0.0,0.0,0.0,0.0,0.0,0.0,0.0
175,mixed_20,1,2,46.60363387136495,12.264114176674987,1200046.6036338713,240009.32072677425,2155.0,139.93506493506493,27231.844877532236,1768.3016154241711,15.4,6.495407211731746,20.658775124104977,12.2,7,4.518170148916657,0.7922077922077922,20.658775124104977,100.0,1.4,0.27999999999999997,1.7491554563865066,0.0,5,3.2938756205248865,0.4,8.745777281932533,100.0,1.0,0.0,0.0,0.0,0.0,0.0,0.0,0.0,0.0,0.0,0.0
176,mixed_20,1,1,142.49871799174807,39.582977219930015,1269932.472585757,253986.4945171514,2215.2,142.0,25054.897237469617,1606.0831562480523,15.6,4.064885869313822,22.00891950204732,12.4,9,4.489182457421584,0.7948717948717948,22.00891950204732,100.0,1.7999999999999998,0.36,3.5732229952514176,0.0,5,0.0,0.0,0.0,100.0,1.0,0.0,1.776950772791679,0.4,8.523924278188497,8.26764673744492,0.4,9.34219069806859,0.0,0.0,0.0
177,mixed_20,1,1,53.93280783558807,17.97760261186269,1960376.2053585262,392075.24107170524,2279.0,151.93333333333334,24676.3801551148,1645.0920103409865,15.0,4.497619629012232,20.0,13.0,5,5.132542398746961,0.8666666666666667,20.0,100.0,1.0,0.2,0.0,0.0,5,0.0,0.0,0.0,100.0,1.0,0.0,0.0,0.0,0.0,0.0,0.0,0.0,0.0,0.0,0.0
178,mixed_20,1,1,56.27097195631126,20.096775698682592,2200056.2709719557,440011.25419439113,2344.0,152.2077922077922,26075.441125447385,1693.2104626913886,15.4,4.67490866830498,22.21440837458067,13.2,6,4.889372977822001,0.8571428571428571,22.21440837458067,100.0,1.2,0.24,1.8063515501098373,0.0,5,0.0,0.0,0.0,100.0,1.0,0.0,0.0,0.0,0.0,0.0,0.0,0.0,11.072041872903355,0.2,9.031757750549186
179,mixed_20,1,1,359.89396192674326,119.96465397558109,1601093.392619229,320218.6785238458,2409.6,145.15662650602408,24751.307025687307,1491.0425919088739,16.6,2.220217206303568,22.18907519411914,13.6,6,3.0477168358601636,0.8192771084337349,22.18907519411914,100.0,1.2,0.24,1.8272556423579385,0.0,5,10.945375970595705,0.2,9.136278211789692,100.0,1.0,0.0,0.0,0.0,0.0,0.0,0.0,0.0,0.0,0.0,0.0
180,mixed_20,1,1,77.7195111158874,38.8597555579437,1934836.1528153177,386967.2305630635,2482.0,146.0,27573.211130828706,1621.9535959311004,17.0,1.400793861810989,20.0,15.0,5,2.1192362760029115,0.8823529411764706,20.0,100.0,1.0,0.2,0.0,0.0,5,0.0,0.0,0.0,100.0,1.0,0.0,0.0,0.0,0.0,0.0,0.0,0.0,0.0,0.0,0.0
181,mixed_20,3,1,142.55839693889683,59.399332057873686,2600142.5583969397,520028.51167938794,2533.0,150.77380952380952,28087.85265457316,1671.8959913436404,16.8,2.7607288739457725,21.18297352935315,14.2,7,3.479730107822805,0.8452380952380952,21.18297352935315,100.0,1.4,0.27999999999999997,1.6749624968878927,0.0,5,0.0,0.0,0.0,100.0,1.0,0.0,0.0,0.0,0.0,5.914867646765742,0.4,8.374812484439463,0.0,0.0,0.0
182,mixed_20,3,3,80.29150372438433,28.675537044422978,2200080.2915037246,440016.0583007449,2603.0,158.71951219512195,26177.24791458874,1596.1736533285816,16.4,4.287496991553903,20.58399071887925,14.4,7,5.332919581418703,0.8780487804878049,20.58399071887925,100.0,1.4,0.27999999999999997,1.750477739498019,0.0,5,0.0,0.0,0.0,100.0,1.0,0.0,2.9199535943962474,0.4,8.752388697490096,0.0,0.0,0.0,0.0,0.0,0.0
183,mixed_20,3,3,255.45850704214777,67.22592290582837,1200255.4585070421,240051.09170140844,2673.0,155.40697674418604,28657.204999569345,1666.1165697424037,17.2,3.4169051618535065,20.0,14.2,5,4.728435597467768,0.8255813953488372,20.0,100.0,1.0,0.2,0.0,0.0,5,0.0,0.0,0.0,100.0,1.0,0.0,0.0,0.0,0.0,0.0,0.0,0.0,0.0,0.0,0.0
184,mixed_20,3,3,164.9531770570472,43.40873080448611,1000433.7220581304,200086.74441162607,2743.0,152.38888888888889,29413.46124639628,1634.081180355349,18.0,2.332884804378229,22.49700139476954,14.0,6,1.825573870478927,0.7777777777777778,22.49700139476954,100.0,1.2,0.24,1.601921411969887,0.0,5,12.485006973847703,0.2,8.009607059849435,100.0,1.0,0.0,0.0,0.0,0.0,0.0,0.0,0.0,0.0,0.0,0.0
185,mixed_20,3,3,56.7555042000507,18.9185014000169,1664702.059050382,332940.41181007645,2816.0,156.44444444444446,30999.592113113038,1722.1995618396131,18.0,3.2064680652069426,23.712163003117894,15.0,7,2.9554463069440824,0.8333333333333334,23.712163003117894,100.0,1.4,0.27999999999999997,3.6181348403172153,0.0,5,0.0,0.0,0.0,100.0,1.0,0.0,0.0,0.0,0.0,7.591798878243026,0.2,8.974086282681675,10.969016137346443,0.2,9.1165879189044
186,mixed_20,3,3,194.09914231621335,80.87464263175556,2393279.337980709,478655.8675961418,2892.2,166.2183908045977,26876.227201407095,1544.6107587015572,17.4,3.804563099747373,20.0,15.6,6,4.909716255882705,0.896551724137931,20.0,100.0,1.2,0.24,0.0,0.0,5,0.0,0.0,0.0,100.0,1.0,0.0,0.0,0.0,0.0,0.0,0.2,0.0,0.0,0.0,0.0
187,mixed_20,3,3,297.69378904180735,148.84689452090367,2802033.9516376415,560406.7903275283,2972.2,161.5326086956522,27839.30302724798,1513.0055993069554,18.4,2.0039996115040912,22.279076037953928,16.8,6,4.153447932070711,0.9130434782608695,22.279076037953928,100.0,1.2,0.24,1.7550972119346469,0.0,5,0.0,0.0,0.0,100.0,1.0,0.0,11.39538018976964,0.2,8.775486059673234,0.0,0.0,0.0,0.0,0.0,0.0
188,mixed_20,3,3,439.73095168333066,129.33263284803843,1600439.7309516831,320087.9461903366,3056.0,148.3495145631068,33646.529674913,1633.3266832482038,20.6,1.0760603020798798,20.0,17.2,5,1.2519571651210515,0.8349514563106796,20.0,100.0,1.0,0.2,0.0,0.0,5,0.0,0.0,0.0,100.0,1.0,0.0,0.0,0.0,0.0,0.0,0.0,0.0,0.0,0.0,0.0
189,mixed_20,3,3,394.6136612131631,89.6849230029916,400743.8524480733,80148.77048961466,2542.6,125.87128712871286,34994.24406944012,1732.388320269313,20.2,2.302952330573203,16.0,15.0,5,2.0876466287925983,0.7425742574257426,16.0,80.0,1.0,0.2,0.0,0.0,5,0.0,0.0,0.0,80.0,1.0,0.0,0.0,0.0,0.0,0.0,0.0,0.0,0.0,0.0,0.0
190,mixed_20,1,3,301.47411063740094,60.29482212748019,301.47411063740094,60.29482212748019,1161.4,61.126315789473686,32723.407002299162,1722.284579068377,19.0,3.7456390752662907,14.92104785909487,9.0,7,3.27974730017639,0.47368421052631576,14.92104785909487,45.44390531074896,1.4,0.27999999999999997,5.048839855666955,0.0,5,5.348178530466612,0.4,6.578135535001654,45.44390531074896,0.6,1.8484569366020809,12.318908747306523,0.2,8.117602139220699,11.494246706952254,0.2,8.700004667510344,0.0,0.0,0.0
191,mixed_20,1,1,470.3986290670159,117.59965726675398,275450.60906450363,55090.121812900725,327.8,17.815217391304348,27632.482973751543,1501.765379008236,18.4,2.1635011024309296,26.967487657832862,9.2,7,3.5841666286104994,0.5,26.967487657832862,100.0,1.4,0.27999999999999997,0.9308927382538432,0.0,5,0.0,0.0,0.0,100.0,1.0,0.0,0.0,0.0,0.0,0.0,0.0,0.0,34.83743828916431,0.4,4.654463691269216
192,mixed_20,1,1,529.6114866992802,147.11430186091118,696133.3106636927,139226.66213273854,169.4,8.731958762886597,30274.30144306701,1560.5310022199487,19.4,1.4118203061000654,40.0,11.8,10,1.6041964833643696,0.6082474226804123,40.0,100.0,2.0,0.4,0.0,0.0,5,0.0,0.0,0.0,100.0,1.0,0.0,0.0,0.0,0.0,0.0,0.0,0.0,100.0,1.0,0.0
193,mixed_20,1,1,214.68249683046292,67.08828025951966,1003903.2935202982,200780.65870405964,238.8,11.94,32973.85937636711,1648.6929688183557,20.0,2.6878541463830947,40.0,15.4,10,2.924231745405425,0.77,40.0,100.0,2.0,0.4,0.0,0.0,5,0.0,0.0,0.0,100.0,1.0,0.0,0.0,0.0,0.0,0.0,0.0,0.0,100.0,1.0,0.0
194,mixed_20,1,1,133.41632770992248,44.472109236640826,1214087.2229595294,242817.44459190586,321.0,16.05,32673.182376719487,1633.6591188359744,20.0,3.366361427613482,44.33836735001023,17.0,12,3.7991283541521645,0.85,44.33836735001023,100.0,2.4,0.48,3.6897711822206616,0.0,5,10.60986022632278,0.2,9.425194853359393,100.0,1.0,0.0,0.0,0.0,0.0,11.081976523728372,0.2,9.023661057743915,100.0,1.0,0.0
195,mixed_20,1,1,88.16499419788511,62.97499585563222,5082566.613081138,1016513.3226162276,409.2,20.877551020408163,29373.761203475307,1498.6612858915973,19.6,1.4190489211019566,52.75585475557091,18.4,14,3.7418665104721387,0.9387755102040817,52.75585475557091,100.0,2.8,0.5599999999999999,1.310304678972358,0.0,5,0.0,0.0,0.0,100.0,1.0,0.0,63.77927377785454,0.8,6.55152339486179,0.0,0.0,0.0,100.0,1.0,0.0
196,mixed_20,3,1,452.20109314175744,188.41712214239894,2935921.372461571,587184.2744923142,434.0,21.7,32011.663954647363,1600.583197732368,20.0,0.809930527285194,52.0,17.0,14,1.3223377145870747,0.85,52.0,100.0,2.8,0.5599999999999999,0.0,0.0,5,0.0,0.0,0.0,100.0,1.0,0.0,60.0,0.8,0.0,0.0,0.0,0.0,100.0,1.0,0.0
197,mixed_20,3,3,311.6640888397408,77.9160222099352,1000311.6640888397,200062.33281776792,508.0,25.4,33233.6042716003,1661.680213580015,20.0,2.449758893158602,40.0,16.0,10,3.1138755948426278,0.8,40.0,100.0,2.0,0.4,0.0,0.0,5,0.0,0.0,0.0,100.0,1.0,0.0,0.0,0.0,0.0,0.0,0.0,0.0,100.0,1.0,0.0
198,mixed_20,3,3,120.03427201445064,30.00856800361266,1000120.0342720142,200024.00685440283,588.0,30.94736842105263,31801.50346576573,1673.7633403034595,19.0,5.210997552395799,41.051283145196976,16.0,12,5.176130952240605,0.8421052631578947,41.051283145196976,100.0,2.4,0.48,1.7144883194379505,0.0,5,0.0,0.0,0.0,100.0,1.0,0.0,0.0,0.0,0.0,5.25641572598488,0.4,8.572441597189753,100.0,1.0,0.0
199,mixed_20,3,3,163.39311447591797,48.05679837526999,1204362.1858457602,240872.43716915202,668.6,35.189473684210526,30104.69585015463,1584.457676323928,19.0,3.943272229396947,40.95590024093326,16.6,11,5.156669190863446,0.8736842105263158,40.95590024093326,100.0,2.2,0.44000000000000006,1.6751654502190647,0.0,5,4.779501204666303,0.2,8.375827251095323,100.0,1.0,0.0,0.0,0.0,0.0,0.0,0.0,0.0,100.0,1.0,0.0
200,mixed_20,3,3,319.42431781719245,106.47477260573082,1081851.9807417153,216370.39614834305,753.6,38.06060606060606,30524.14800731719,1541.6236367331915,19.8,3.9232706590574997,40.0,17.6,11,5.309067980027547,0.8888888888888888,40.0,100.0,2.2,0.44000000000000006,0.0,0.0,5,0.0,0.2,0.0,100.0,1.0,0.0,0.0,0.0,0.0,0.0,0.0,0.0,100.0,1.0,0.0
201,mixed_20,3,3,168.8160486836411,60.291445958443255,1805127.3534764363,361025.4706952873,843.0,41.3235294117647,33315.06668141138,1633.0915039907538,20.4,3.4048700768427547,41.93092275490835,18.2,11,4.88680532667492,0.8921568627450981,41.93092275490835,100.0,2.2,0.44000000000000006,1.762425169441849,0.0,5,0.0,0.0,0.0,100.0,1.0,0.0,9.654613774541758,0.2,8.812125847209245,0.0,0.0,0.0,100.0,1.0,0.0
202,mixed_20,3,3,129.3211713226642,43.10705710755474,2000129.3211713228,400025.8642342646,933.0,46.18811881188119,32352.433381511753,1601.6056129461265,20.2,3.304028761191571,40.0,18.0,11,4.987863606247511,0.8910891089108911,40.0,100.0,2.2,0.44000000000000006,0.0,0.0,5,0.0,0.0,0.0,100.0,1.0,0.0,0.0,0.2,0.0,0.0,0.0,0.0,100.0,1.0,0.0
203,mixed_20,3,3,75.79300092223477,42.10722273457487,2587501.6208211565,517500.3241642313,1025.0,48.80952380952381,32793.53696633073,1561.5969983967013,21.0,1.7304807878391963,40.0,19.2,10,3.2175084203992697,0.9142857142857143,40.0,100.0,2.0,0.4,0.0,0.0,5,0.0,0.0,0.0,100.0,1.0,0.0,0.0,0.0,0.0,0.0,0.0,0.0,100.0,1.0,0.0
204,mixed_20,3,3,244.80017681699633,81.60005893899877,2000244.8001768172,400048.96003536345,1120.0,50.90909090909091,36437.48429645797,1656.249286202635,22.0,2.4642535071484746,40.54319111202312,19.0,12,3.1796944426987013,0.8636363636363636,40.54319111202312,100.0,2.4,0.48,1.7626878982782361,0.0,5,0.0,0.0,0.0,100.0,1.0,0.0,0.0,0.0,0.0,2.715955560115617,0.4,8.81343949139118,100.0,1.0,0.0
205,mixed_20,3,3,139.36585660335476,46.45528553445158,2000139.3658566033,400027.87317132065,1215.0,54.729729729729726,36053.89707131476,1624.049417626791,22.2,2.0306918911393725,40.0,19.2,10,2.4547791812162623,0.8648648648648649,40.0,100.0,2.0,0.4,0.0,0.0,5,0.0,0.0,0.0,100.0,1.0,0.0,0.0,0.0,0.0,0.0,0.0,0.0,100.0,1.0,0.0
206,mixed_20,3,3,217.71371324967626,72.57123774989209,2000217.7137132497,400043.5427426499,1310.0,59.009009009009006,34833.11305508432,1569.05914662542,22.2,2.517417563848412,43.46584073138638,19.2,12,2.861128566732209,0.8648648648648649,43.46584073138638,100.0,2.4,0.48,2.9938733433812255,0.0,5,6.110808040621123,0.2,6.055436113976872,100.0,1.0,0.0,11.218395616310772,0.2,8.913930602929256,0.0,0.0,0.0,100.0,1.0,0.0
207,mixed_20,3,3,349.21253836185946,145.50522431744145,1455329.919857486,291065.98397149716,1409.2,59.21008403361345,37898.192945098956,1592.3610481134015,23.8,1.5866098917593934,60.0,20.8,15,2.864398926038733,0.8739495798319328,60.0,100.0,3.0,0.6,0.0,0.0,5,100.0,1.0,0.0,100.0,1.0,0.0,0.0,0.0,0.0,0.0,0.0,0.0,100.0,1.0,0.0
208,mixed_20,3,3,270.14658147570697,96.48092195560963,2200270.1465814756,440054.0293162951,1514.0,63.61344537815126,38945.99387438418,1636.3862972430327,23.8,1.74012668850186,62.13742571986495,21.2,16,3.550897917705835,0.8907563025210085,62.13742571986495,100.0,3.2,0.64,1.8714100624992636,0.0,5,100.0,1.0,0.0,100.0,1.0,0.0,0.0,0.0,0.0,10.687128599324751,0.2,9.357050312496318,100.0,1.0,0.0
209,mixed_20,2,3,239.08304990720302,66.41195830755639,1400239.083049907,280047.8166099814,1179.0,50.81896551724138,38608.39333760153,1664.154885241445,23.2,1.3667010348649966,44.0,15.8,13,1.1569229573740112,0.6810344827586207,44.0,100.0,2.6,0.52,0.0,0.0,5,60.0,0.8,0.0,100.0,1.0,0.0,0.0,0.0,0.0,0.0,0.0,0.0,60.0,0.8,0.0
210,mixed_20,2,2,149.63091309481877,37.40772827370469,1000149.630913095,200029.926182619,1120.0,52.83018867924528,37137.598852654504,1751.7735307855899,21.2,2.434482699676676,31.786643284476668,13.0,11,1.844519631339976,0.6132075471698113,31.786643284476668,100.0,2.2,0.44000000000000006,0.7381905674432037,0.0,5,26.719278391574335,0.6,1.6270970616923583,100.0,1.0,0.0,0.0,0.0,0.0,0.0,0.0,0.0,32.213938030809004,0.6,2.0638557755236597
211,mixed_20,2,2,72.37723206409865,18.094308016024662,1000072.3772320639,200014.47544641278,1185.0,67.32954545454545,31573.604645775387,1793.9548094190561,17.6,5.236442398955737,27.53864394633092,13.0,10,4.200422099058876,0.7386363636363636,27.53864394633092,100.0,2.0,0.4,2.58962905280044,0.0,5,0.0,0.0,0.0,100.0,1.0,0.0,0.0,0.0,0.0,11.087162198336955,0.2,9.019440521488875,26.606057533317653,0.8,3.928704742513325
212,mixed_20,2,2,188.70073819471378,49.65808899860889,1001128.6936314891,200225.7387262978,1250.2,86.81944444444444,21691.5241151726,1506.3558413314306,14.4,8.047183362912651,21.25057698724231,13.2,7,6.294136791033814,0.9166666666666666,21.25057698724231,100.0,1.4,0.27999999999999997,1.7186694319546223,0.0,5,0.0,0.0,0.0,100.0,1.0,0.0,6.252884936211558,0.4,8.593347159773112,0.0,0.0,0.0,0.0,0.0,0.0
213,mixed_20,2,2,243.030918263387,71.47968184217265,1216582.6222010052,243316.52444020106,1319.0,83.48101265822785,24832.353312429866,1571.6679311664473,15.8,5.854616072823253,20.0,14.4,5,6.585379489554612,0.9113924050632911,20.0,100.0,1.0,0.2,0.0,0.0,5,0.0,0.0,0.0,100.0,1.0,0.0,0.0,0.0,0.0,0.0,0.0,0.0,0.0,0.0,0.0
214,mixed_20,2,2,216.68729511079238,60.190915308553436,1400216.6872951107,280043.3374590221,1389.0,79.82758620689656,28653.07901980335,1646.728679299043,17.4,3.0196651886321604,20.0,14.4,5,4.309352495328275,0.8275862068965517,20.0,100.0,1.0,0.2,0.0,0.0,5,0.0,0.0,0.0,100.0,1.0,0.0,0.0,0.0,0.0,0.0,0.0,0.0,0.0,0.0,0.0
215,mixed_20,2,2,125.9047515020651,31.476187875516274,1000125.9047515017,200025.18095030036,1459.0,81.05555555555556,31114.34165597196,1728.5745364428867,18.0,3.1541696348376576,20.0,14.0,5,2.497804086228356,0.7777777777777778,20.0,100.0,1.0,0.2,0.0,0.0,5,0.0,0.0,0.0,100.0,1.0,0.0,0.0,0.0,0.0,0.0,0.0,0.0,0.0,0.0,0.0
216,mixed_20,0,2,372.52371484500617,98.03255653815953,9166.628381866194,1833.3256763732388,1193.4,68.58620689655173,28896.847825693643,1660.738380786991,17.4,3.450507431704925,32.3859848809152,12.0,11,3.1235743893625423,0.6896551724137931,32.3859848809152,80.0,2.2,0.44000000000000006,2.8498884073174167,0.0,5,0.0,0.0,0.0,80.0,1.0,0.0,70.84681321841799,0.8,5.232085211432807,0.0,0.0,0.0,11.083111186158021,0.4,9.017356825154277
217,mixed_20,0,0,174.00446129933886,58.00148709977962,1382934.4166608949,276586.883332179,691.6,41.66265060240964,29964.14667925232,1805.0690770633928,16.6,2.5283174244916022,26.917769201292685,9.0,10,3.311030870039184,0.5421686746987951,26.917769201292685,100.0,2.0,0.4,4.170632097512895,0.0,5,4.918650584122588,0.4,9.077909720875324,19.06138030922648,0.4,2.3491274028855536,100.0,1.0,0.0,10.60881511311436,0.2,9.4261233638036,0.0,0.0,0.0
218,mixed_20,0,0,117.09060231695018,48.78775096539591,2009987.4419744513,401997.4883948903,253.8,17.625,26186.09052745839,1818.4785088512772,14.4,1.445133348551187,27.305120174940384,5.8,9,1.8027044026325234,0.4027777777777778,27.305120174940384,100.0,1.8,0.36,0.7717124011598055,0.0,5,0.0,0.0,0.0,36.52560087470192,0.8,3.8585620057990275,100.0,1.0,0.0,0.0,0.0,0.0,0.0,0.0,0.0
219,mixed_20,0,0,376.4696511551499,104.57490309865275,1286099.801306674,257219.9602613348,131.0,8.733333333333333,30187.754364648445,2012.5169576432295,15.0,2.3596327613758525,23.917923891130158,5.6,9,2.802607002709676,0.37333333333333335,23.917923891130158,100.0,1.8,0.36,1.138730347246491,0.0,5,0.0,0.0,0.0,19.58961945565079,0.8,5.693651736232455,100.0,1.0,0.0,0.0,0.0,0.0,0.0,0.0,0.0
220,mixed_20,0,0,238.5785616671582,54.222400378899586,600238.5785616671,120047.71571233342,156.0,11.142857142857142,28833.959830266267,2059.5685593047333,14.0,4.041218683005641,27.50956789754946,5.4,9,4.436840846265508,0.38571428571428573,27.50956789754946,100.0,1.8,0.36,3.153950350302943,0.0,5,11.016780295676654,0.2,9.077062201126338,26.531059192070643,0.6,6.692689550388378,100.0,1.0,0.0,0.0,0.0,0.0,0.0,0.0,0.0
221,mixed_20,0,0,177.5042908025679,35.50085816051358,177.5042908025679,35.50085816051358,181.0,13.712121212121213,26750.38130170068,2026.5440380076273,13.2,5.097892544086411,24.18780609005171,5.4,9,4.6274628216086,0.4090909090909091,24.18780609005171,100.0,1.8,0.36,1.5816900084369103,0.0,5,0.0,0.0,0.0,20.939030450258542,0.8,7.908450042184552,100.0,1.0,0.0,0.0,0.0,0.0,0.0,0.0,0.0
222,mixed_20,0,0,366.95604028267263,79.77305223536362,1694.4409631004867,338.88819262009736,207.2,15.462686567164178,24957.539485766527,1862.5029466989945,13.4,4.860016063533812,22.758838841829856,6.0,9,4.81890702955637,0.44776119402985076,22.758838841829856,100.0,1.7999999999999998,0.36,3.527629042509944,0.0,5,0.0,0.0,0.0,10.486610011253106,0.4,8.573667767085135,100.0,1.0,0.0,3.307584197896176,0.4,9.064477445464584,0.0,0.0,0.0
223,mixed_20,0,0,231.54093943140703,48.237695714876466,544.1897733256712,108.83795466513425,240.0,17.91044776119403,25695.99065936362,1917.611243236091,13.4,4.886755759702773,24.398351601529612,7.2,7,4.780685727671736,0.5373134328358209,24.398351601529612,100.0,1.4,0.27999999999999997,3.640168405295234,0.0,5,0.0,0.0,0.0,10.711080826658872,0.2,9.336125981899922,100.0,1.0,0.0,0.0,0.0,0.0,11.280677180989187,0.2,8.864716044576248
224,mixed_20,0,0,229.53543575549315,60.40406204091926,706141.567422069,141228.3134844138,277.0,19.23611111111111,26061.46819157435,1809.824179970441,14.4,1.8496042605630978,27.7324013309335,8.2,8,1.7377232229092208,0.5694444444444444,27.7324013309335,100.0,1.6,0.32,2.948634104810445,0.0,5,0.0,0.0,0.0,10.903157037892015,0.2,9.17165548037761,100.0,1.0,0.0,27.75884961677548,0.4,5.571515043674615,0.0,0.0,0.0
225,mixed_20,0,0,82.08293504353769,37.310425019789854,1373046.4610053268,274609.29220106534,320.2,22.23611111111111,25033.188541406344,1738.415870930996,14.4,1.7991398640062273,41.46271258882189,9.6,12,2.221290887756092,0.6666666666666666,41.46271258882189,100.0,2.4,0.48,1.7666457796841861,0.0,5,0.0,0.0,0.0,7.313562944109435,0.4,8.83322889842093,100.0,1.0,0.0,100.0,1.0,0.0,0.0,0.0,0.0
226,mixed_20,0,0,31.827302358833016,15.913651179416508,2981485.49695865,596297.09939173,370.0,25.0,26827.95307469468,1812.699532073965,14.8,2.455071494022608,40.50196442430388,10.6,12,3.136529229180039,0.7162162162162162,40.50196442430388,100.0,2.4,0.48,1.8235932637192314,0.0,5,0.0,0.0,0.0,2.5098221215193917,0.4,9.117966318596157,100.0,1.0,0.0,100.0,1.0,0.0,0.0,0.0,0.0
227,mixed_20,0,0,571.841619505055,142.96040487626374,1000571.8416195052,200114.36832390103,420.0,26.25,29821.177617783997,1863.8236011114998,16.0,3.6842362972099263,43.74663882793902,10.2,13,4.753509653760327,0.6375,43.74663882793902,100.0,2.6,0.52,3.7092731009236046,0.0,5,8.038076983862084,0.4,9.196304299775512,10.695117155833032,0.2,9.350061204842511,100.0,1.0,0.0,100.0,1.0,0.0,0.0,0.0,0.0
228,mixed_20,0,0,206.4347658334089,54.324938377212874,1200206.4347658337,240041.28695316674,470.0,29.375,29179.283850574204,1823.7052406608877,16.0,2.737918695716327,40.74122745981094,10.4,12,3.6991746342638154,0.65,40.74122745981094,100.0,2.4,0.48,1.7579708282725952,0.0,5,0.0,0.0,0.0,3.706137299054717,0.4,8.789854141362976,100.0,1.0,0.0,100.0,1.0,0.0,0.0,0.0,0.0
229,mixed_20,0,0,375.59275865325736,81.65059970722987,200638.51776466527,40127.70355293305,520.0,29.885057471264368,31675.559549711623,1820.4344568799781,17.4,2.4259876134782443,45.583441731507264,10.4,12,1.6303386610624524,0.5977011494252874,45.583441731507264,100.0,2.4000000000000004,0.4800000000000001,2.710068815030739,0.0,5,0.0,0.0,0.0,10.96769545443749,0.2,9.11768569937273,100.0,1.0,0.0,100.0,1.0,0.0,16.94951320309883,0.2,4.4326583757809646
230,mixed_20,0,0,180.25797343277503,60.085991144258344,940243.412371774,188048.6824743548,575.0,33.04597701149425,30875.87188313887,1774.4753955826936,17.4,2.379077460509885,61.64762235665148,12.0,17,2.723783488492774,0.6896551724137931,61.64762235665148,100.0,3.4,0.6799999999999999,1.7589153263159099,0.0,5,0.0,0.0,0.0,8.23811178325741,0.4,8.794576631579549,100.0,1.0,0.0,100.0,1.0,0.0,100.0,1.0,0.0
231,mixed_20,0,0,219.62935448501844,73.20978482833948,2238987.4054395976,447797.4810879195,635.2,35.68539325842696,31852.664241884602,1789.4755192070002,17.8,3.1749141965074745,64.32028081097997,12.8,17,4.052673105039957,0.7191011235955056,64.32028081097997,100.0,3.4,0.6799999999999999,3.707295368723739,0.0,5,10.4534388142838,0.2,9.566230001112924,11.147965240616031,0.2,8.970246842505768,100.0,1.0,0.0,100.0,1.0,0.0,100.0,1.0,0.0
232,mixed_20,0,0,482.1719077069741,120.54297692674352,620398.428667945,124079.685733589,699.0,39.26966292134831,31506.04675047996,1770.0026264314583,17.8,4.170086910894493,62.13126177275626,13.0,16,5.324706886867409,0.7303370786516854,62.13126177275626,100.0,3.2,0.64,1.876822477244073,0.0,5,0.0,0.0,0.0,10.656308863781305,0.2,9.384112386220364,100.0,1.0,0.0,100.0,1.0,0.0,100.0,1.0,0.0
233,mixed_20,0,0,281.0887333405229,66.92588889060069,600533.2093356289,120106.64186712579,764.0,43.9080459770115,30715.28216929459,1765.246101683597,17.4,4.688024430337203,62.18876008438838,13.2,17,5.209398764427046,0.7586206896551724,62.18876008438838,100.0,3.4,0.6799999999999999,1.7914873661659663,0.0,5,0.0,0.0,0.0,10.943800421941887,0.4,8.957436830829831,100.0,1.0,0.0,100.0,1.0,0.0,100.0,1.0,0.0
234,mixed_20,0,0,396.1316874315976,94.31706843609466,206618.7371276404,41323.74742552808,829.4,47.666666666666664,27771.565687497437,1596.0669935343356,17.4,3.538438889412479,61.519520446620845,13.6,17,4.71923656052354,0.7816091954022989,61.519520446620845,100.0,3.4,0.6799999999999999,1.684528139326721,0.0,5,0.0,0.0,0.0,7.597602233104226,0.4,8.422640696633605,100.0,1.0,0.0,100.0,1.0,0.0,100.0,1.0,0.0
235,mixed_20,0,0,134.27225707712287,51.64317579889341,3098226.63230735,619645.32646147,902.0,52.44186046511628,26879.287810550293,1562.7492913110634,17.2,2.965558440750403,60.0,15.2,15,4.923743541827113,0.8837209302325582,60.0,100.0,3.0,0.6,0.0,0.0,5,0.0,0.0,0.0,0.0,0.0,0.0,100.0,1.0,0.0,100.0,1.0,0.0,100.0,1.0,0.0
236,mixed_20,0,0,252.4417141487088,105.184047561962,2049784.281148943,409956.85622978857,980.0,51.578947368421055,30700.123900105256,1615.795994742382,19.0,1.556007055008912,60.0,16.4,15,2.370656863689107,0.8631578947368421,60.0,100.0,3.0,0.6,0.0,0.0,5,0.0,0.0,0.0,0.0,0.0,0.0,100.0,1.0,0.0,100.0,1.0,0.0,100.0,1.0,0.0
237,mixed_20,0,0,875.4522995261698,198.9664317104931,401089.9443073265,80217.9888614653,1060.0,50.476190476190474,35913.22542552631,1710.153591691729,21.0,2.367547945642099,62.223765293519136,16.4,16,2.973371552830601,0.780952380952381,62.223765293519136,100.0,3.2,0.64,1.7987509795469243,0.0,5,11.118826467595682,0.2,8.993754897734622,0.0,0.0,0.0,100.0,1.0,0.0,100.0,1.0,0.0,100.0,1.0,0.0
238,mixed_20,0,0,467.10383537562,93.420767075124,467.10383537562,93.420767075124,1140.0,54.285714285714285,35907.3970752858,1709.8760512040856,21.0,2.5851387430185406,62.096196702242196,16.0,16,2.9670565973886665,0.7619047619047619,62.096196702242196,100.0,3.2,0.64,1.908217867016679,0.0,5,0.0,0.0,0.0,10.48098351121098,0.2,9.541089335083395,100.0,1.0,0.0,100.0,1.0,0.0,100.0,1.0,0.0
239,mixed_20,0,0,226.486439744872,70.7770124202725,955575.730829237,191115.1461658474,1223.2,60.554455445544555,32570.558995540116,1612.4039106703026,20.2,3.986629330387272,60.0,17.4,15,5.066552270854375,0.8613861386138614,60.0,100.0,3.0,0.6,0.0,0.0,5,0.0,0.0,0.0,0.0,0.0,0.0,100.0,1.0,0.0,100.0,1.0,0.0,100.0,1.0,0.0
240,mixed_20,0,0,77.78966326353608,38.89483163176804,3447810.6194716753,689562.123894335,1314.2,64.42156862745098,31794.586288958584,1558.5581514195385,20.4,3.4202690166687835,62.243821272708374,18.8,16,5.0982367391196695,0.9215686274509803,62.243821272708374,100.0,3.2,0.64,1.7826731784086594,0.0,5,11.219106363541869,0.2,8.913365892043297,0.0,0.0,0.0,100.0,1.0,0.0,100.0,1.0,0.0,100.0,1.0,0.0
241,mixed_20,0,0,376.8176177977041,144.92985299911695,2400376.8176177978,480075.3635235595,1409.0,67.0952380952381,32910.11215706035,1567.1481979552548,21.0,3.22683804886522,60.0,19.4,15,5.404010674260257,0.9238095238095239,60.0,100.0,3.0,0.6,0.0,0.0,5,0.0,0.0,0.0,0.0,0.0,0.0,100.0,1.0,0.0,100.0,1.0,0.0,100.0,1.0,0.0
242,mixed_20,0,0,522.0720745281631,137.38738803372712,1000733.0380268706,200146.60760537413,1504.0,68.36363636363636,35952.59172789674,1634.2087149043973,22.0,3.9916318734017984,60.0,19.0,15,5.340039569292271,0.8636363636363636,60.0,100.0,3.0,0.6,0.0,0.0,5,0.0,0.0,0.0,0.0,0.0,0.0,100.0,1.0,0.0,100.0,1.0,0.0,100.0,1.0,0.0
243,mixed_20,0,0,639.2238244520051,168.21679590842243,606763.5405408244,121352.70810816488,1599.2,68.34188034188034,37496.59578395534,1602.4186232459544,23.4,3.079086107934131,61.2583251164815,19.6,17,4.572533798450074,0.8376068376068376,61.2583251164815,100.0,3.4,0.6799999999999999,1.8568837789259853,0.0,5,0.0,0.0,0.0,6.291625582407505,0.4,9.284418894629926,100.0,1.0,0.0,100.0,1.0,0.0,100.0,1.0,0.0
244,mixed_20,0,0,205.5088004420389,85.62866685084954,2416405.950650894,483281.1901301788,1702.2,69.76229508196721,37971.33648244086,1556.2023148541336,24.4,0.9410285726749628,60.0,21.8,15,1.413812840353262,0.8934426229508197,60.0,100.0,3.0,0.6,0.0,0.0,5,0.0,0.0,0.0,0.0,0.0,0.0,100.0,1.0,0.0,100.0,1.0,0.0,100.0,1.0,0.0
245,mixed_20,0,0,493.13774022976975,164.37924674325657,1776120.4687166666,355224.0937433333,1812.0,72.48,40001.1619860566,1600.046479442264,25.0,1.445454876284534,60.0,22.0,15,2.364855080220002,0.88,60.0,100.0,3.0,0.6,0.0,0.0,5,0.0,0.0,0.0,0.0,0.0,0.0,100.0,1.0,0.0,100.0,1.0,0.0,100.0,1.0,0.0
246,mixed_20,2,0,720.6708391434415,189.65022082722146,1200720.6708391435,240144.13416782868,1271.0,52.09016393442623,40208.783404983915,1647.900959220652,24.4,2.307040409600009,45.31817431205309,17.6,15,3.845743265557506,0.7213114754098361,45.31817431205309,100.0,3.0,0.6,1.787049127183855,0.0,5,6.590871560265441,0.4,8.935245635919275,0.0,0.0,0.0,100.0,1.0,0.0,60.0,0.8,0.0,60.0,0.8,0.0
247,mixed_20,2,2,553.6597980840127,115.34579126750265,904.3293411461178,180.86586822922357,997.0,45.31818181818182,39530.77155943436,1796.8532527015618,22.0,3.937556030674873,30.17101207122505,11.2,11,5.037745736441356,0.509090909090909,30.17101207122505,100.0,2.2,0.44000000000000006,0.6771061800462206,0.0,5,0.0,0.0,0.0,0.0,0.0,0.0,100.0,1.0,0.0,26.4407292855185,0.6,1.8941415851930155,24.41433107060675,0.6,1.491389315038088
248,mixed_20,2,2,187.56388439818932,42.62815554504302,826472.8954793832,165294.57909587663,1032.2,52.66326530612245,36222.71709410004,1848.0978109234711,19.6,4.90564939685454,28.086318799088076,10.8,12,4.697942306204472,0.5510204081632653,28.086318799088076,100.0,2.4,0.48,1.5259422474917919,0.0,5,0.0,0.0,0.0,0.0,0.0,0.0,100.0,1.0,0.0,9.957103941046626,0.8,3.8594307210104306,30.474490054393755,0.6,3.770280516448529
249,mixed_20,2,2,240.65540823185228,85.94836008280438,1204287.9991326607,240857.59982653213,1089.8,57.96808510638298,28073.86912684091,1493.290911002176,18.8,1.9809847640956084,27.804198032007662,12.8,10,2.9428143705732244,0.6808510638297872,27.804198032007662,100.0,1.9999999999999998,0.39999999999999997,2.5814373148957594,0.0,5,0.0,0.0,0.0,12.374463486080458,0.2,8.081158436685843,100.0,1.0,0.0,26.64652667395785,0.6,4.826028137792954,0.0,0.2,0.0
250,mixed_20,2,2,78.51372224878914,39.25686112439457,2356042.4990125336,471208.4998025067,1167.0,60.78125,30880.11172385608,1608.339152284171,19.2,1.1784163336849816,40.0,17.0,10,1.6898582029513765,0.8854166666666666,40.0,100.0,2.0,0.4,0.0,0.0,5,0.0,0.0,0.0,0.0,0.0,0.0,100.0,1.0,0.0,100.0,1.0,0.0,0.0,0.0,0.0
251,mixed_20,0,2,393.56697276188385,115.75499198878937,1358465.7502099494,271693.15004198987,1207.4,59.772277227722775,32439.30210073007,1605.9060445905975,20.2,1.828680711120982,40.0,15.8,10,2.6174326641493577,0.7821782178217822,40.0,100.0,2.0,0.4,0.0,0.0,5,0.0,0.0,0.0,0.0,0.0,0.0,100.0,1.0,0.0,100.0,1.0,0.0,0.0,0.0,0.0
252,mixed_20,0,0,90.16485647860765,30.054952159535883,2298613.8610804416,459722.7722160883,1285.0,67.63157894736842,31673.316261524073,1667.0166453433721,19.0,3.5463886364784485,40.47553886836522,16.2,12,4.606316355792716,0.8526315789473684,40.47553886836522,100.0,2.4,0.48,1.7590881946310404,0.0,5,2.3776943418261,0.4,8.795440973155202,0.0,0.0,0.0,100.0,1.0,0.0,100.0,1.0,0.0,0.0,0.0,0.0
253,mixed_20,0,0,391.4232194154466,115.12447629866078,1200977.880446724,240195.57608934477,1365.0,69.64285714285714,32192.305123885686,1642.4645471370247,19.6,3.174173995441962,41.47665016418614,16.2,11,4.204645530895702,0.826530612244898,41.47665016418614,100.0,2.2,0.44000000000000006,1.1529938075016417,0.0,5,0.0,0.0,0.0,0.0,0.0,0.0,100.0,1.0,0.0,100.0,1.0,0.0,7.383250820930698,0.2,5.764969037508209
254,mixed_20,0,0,255.8450181938646,98.40193007456331,2697808.296847125,539561.659369425,1449.0,72.45,31595.948736509832,1579.7974368254916,20.0,3.168029196257233,61.98473740489044,17.8,17,4.7919777306939855,0.89,61.98473740489044,100.0,3.4,0.6799999999999999,1.8272165462002168,0.0,5,0.0,0.0,0.0,9.923687024452192,0.4,9.136082731001084,100.0,1.0,0.0,100.0,1.0,0.0,100.0,1.0,0.0
255,mixed_20,0,0,496.1109243401439,130.55550640530103,1200496.1109243403,240099.22218486806,1539.0,73.28571428571429,34346.47150526637,1635.5462621555414,21.0,4.310086534187943,60.0,18.2,15,5.421261553644573,0.8666666666666667,60.0,100.0,3.0,0.6,0.0,0.0,5,0.0,0.0,0.0,0.0,0.0,0.0,100.0,1.0,0.0,100.0,1.0,0.0,100.0,1.0,0.0
256,mixed_20,0,0,234.64571716079735,61.748872937051935,1200234.645717161,240046.9291434322,1629.0,75.41666666666667,35961.85785074957,1664.900826423591,21.6,3.3757130339037484,61.60321452385233,18.4,17,4.768047949933706,0.8518518518518519,61.60321452385233,100.0,3.4,0.6799999999999999,1.836233610622585,0.0,5,8.01607261926165,0.4,9.181168053112925,0.0,0.0,0.0,100.0,1.0,0.0,100.0,1.0,0.0,100.0,1.0,0.0
257,mixed_20,0,0,277.27609706138446,69.31902426534612,1000277.2760970613,200055.45521941228,1719.6,78.16363636363636,34689.740346565,1576.8063793893182,22.0,3.9879644095423403,60.0,18.4,15,5.124523525555073,0.8363636363636363,60.0,100.0,3.0,0.6,0.0,0.0,5,0.0,0.0,0.0,0.0,0.0,0.0,100.0,1.0,0.0,100.0,1.0,0.0,100.0,1.0,0.0
258,mixed_20,0,0,164.0429373366976,51.263417917718,1098837.0549589284,219767.41099178567,1815.2,82.50909090909092,35193.33044600497,1599.6968384547715,22.0,4.349361027752479,60.0,19.6,15,5.430082995968287,0.8909090909090909,60.0,100.0,3.0,0.6,0.0,0.0,5,0.0,0.0,0.0,0.0,0.0,0.0,100.0,1.0,0.0,100.0,1.0,0.0,100.0,1.0,0.0
259,mixed_20,0,0,188.4078973070645,78.50329054461021,2138862.622687753,427772.5245375506,1915.2,84.0,35505.708288326336,1557.267907382734,22.8,2.3173728627789036,62.09708767548091,20.6,16,4.276691746578269,0.9035087719298246,62.09708767548091,100.0,3.2,0.64,1.9074071374162813,0.0,5,0.0,0.0,0.0,10.485438377404535,0.2,9.537035687081406,100.0,1.0,0.0,100.0,1.0,0.0,100.0,1.0,0.0
260,mixed_20,0,0,67.56593209251255,33.78296604625628,3266765.5746719693,653353.1149343939,2019.0,87.78260869565217,36275.677726233866,1577.2033794014724,23.0,1.1864627288180174,60.0,21.0,15,1.5358279342087675,0.9130434782608695,60.0,100.0,3.0,0.6,0.0,0.0,5,0.0,0.0,0.0,0.0,0.0,0.0,100.0,1.0,0.0,100.0,1.0,0.0,100.0,1.0,0.0
261,mixed_20,0,0,230.76565058624283,104.89347753920127,2800230.765650586,560046.1531301172,2124.0,90.76923076923077,37765.69918353851,1613.918768527287,23.4,2.3118124543420966,60.0,21.2,15,2.8757797168052908,0.905982905982906,60.0,100.0,3.0,0.6,0.0,0.0,5,0.0,0.0,0.0,0.0,0.0,0.0,100.0,1.0,0.0,100.0,1.0,0.0,100.0,1.0,0.0
262,mixed_20,0,0,253.70067814770465,84.56689271590155,2000253.7006781474,400050.7401356295,2229.0,92.875,39951.4437707936,1664.6434904497335,24.0,3.7616096890680497,64.42994204373463,21.2,17,4.545105772649787,0.8833333333333333,64.42994204373463,100.0,3.4,0.6799999999999999,3.6123835982754797,0.0,5,11.217371037691919,0.2,8.914744788594954,10.932339180981216,0.2,9.147173202782447,100.0,1.0,0.0,100.0,1.0,0.0,100.0,1.0,0.0
263,mixed_20,0,0,358.71507508860435,94.39870397068536,1000574.2151048217,200114.84302096436,2334.0,101.47826086956522,36662.6911975389,1594.0300520669086,23.0,5.842677131384291,60.0,21.0,15,6.58246551591349,0.9130434782608695,60.0,100.0,3.0,0.6,0.0,0.0,5,0.0,0.0,0.0,0.0,0.0,0.0,100.0,1.0,0.0,100.0,1.0,0.0,100.0,1.0,0.0
264,mixed_20,0,0,263.4881403144269,77.49651185718439,1290109.7247535805,258021.9449507161,2439.6,104.25641025641026,36017.77052812376,1539.2209627403313,23.4,4.727210762406534,60.0,21.6,15,6.29708090682858,0.9230769230769231,60.0,100.0,3.0,0.6,0.0,0.0,5,0.0,0.0,0.0,0.0,0.0,0.0,100.0,1.0,0.0,100.0,1.0,0.0,100.0,1.0,0.0
265,mixed_20,0,0,157.48815246972646,65.6200635290527,1962469.33322379,392493.866644758,2549.6,106.23333333333333,36740.30068251548,1530.8458617714784,24.0,3.3241553703386195,60.0,22.4,15,5.383247891655718,0.9333333333333333,60.0,100.0,3.0,0.6,0.0,0.0,5,0.0,0.0,0.0,0.0,0.0,0.0,100.0,1.0,0.0,100.0,1.0,0.0,100.0,1.0,0.0
266,mixed_20,0,0,82.66478082183188,45.92487823435105,3541455.7114503207,708291.1422900641,2664.0,106.56,39336.87124809914,1573.4748499239656,25.0,1.2825131348025598,60.0,23.2,15,2.0869594696770957,0.928,60.0,100.0,3.0,0.6,0.0,0.0,5,0.0,0.0,0.0,0.0,0.0,0.0,100.0,1.0,0.0,100.0,1.0,0.0,100.0,1.0,0.0
267,mixed_20,0,0,434.7460008352908,144.9153336117636,1600889.2013231737,320177.84026463475,1970.4,76.37209302325581,43045.96004727417,1668.4480638478362,25.8,2.615894834128172,53.76076634680339,20.8,16,3.3923519901741077,0.8062015503875969,53.76076634680339,100.0,3.2,0.64,1.831563305594027,0.0,5,8.803831734016967,0.4,9.157816527970136,0.0,0.0,0.0,60.0,0.8,0.0,100.0,1.0,0.0,100.0,1.0,0.0
268,mixed_20,1,0,259.8164762290998,64.95411905727495,1000259.8164762292,200051.96329524583,968.6,41.75,41193.718277970554,1775.5913050849379,23.2,4.690831977426572,37.438822397380136,13.8,12,5.407060317597718,0.5948275862068966,37.438822397380136,100.0,2.4,0.48,0.4085168753813953,0.0,5,0.0,0.0,0.0,0.0,0.0,0.0,27.19411198690068,0.6,2.0425843769069765,60.0,0.8,0.0,100.0,1.0,0.0
269,mixed_20,1,1,151.5092028016287,44.56153023577315,1202947.961060829,240589.5922121658,422.4,20.50485436893204,37149.156582580516,1803.3571156592484,20.6,3.2936300955395814,28.948290508110404,7.4,13,4.482104720499985,0.3592233009708738,28.948290508110404,100.0,2.6,0.52,3.04944502213977,0.0,5,0.0,0.0,0.0,10.686235093826326,0.2,9.357832681200529,8.25309076519261,0.8,3.9995004821363938,25.802126681533082,0.6,1.8898919473619258,100.0,1.0,0.0
270,mixed_20,1,1,357.81793344225525,94.16261406375139,632224.9780831344,126444.99561662688,388.0,20.208333333333332,38743.63391654946,2017.8975998202843,19.2,1.9784809759008457,27.98781942827918,6.2,12,1.6897442051326466,0.3229166666666667,27.98781942827918,100.0,2.4,0.48,2.013768395850753,0.0,5,0.0,0.0,0.0,0.0,0.0,0.0,25.54065646127583,0.6,6.011586514547286,14.398440680120075,0.8,4.057255464706479,100.0,1.0,0.0
271,mixed_20,1,1,324.9060269359067,73.8422788490697,600324.9060269359,120064.98120538719,420.8,22.623655913978496,32317.759885125375,1737.5139723185684,18.6,2.8583392820312126,38.16855200290411,7.8,12,2.2464637290998186,0.41935483870967744,38.16855200290411,100.0,2.4,0.48,2.2527637999157966,0.0,5,0.0,0.0,0.0,0.0,0.0,0.0,69.07840241695794,0.8,5.215319518933941,21.764357597562594,0.6,6.048499480645042,100.0,1.0,0.0
272,mixed_20,1,1,282.9296107466332,61.50643711883331,1038.4285356339412,207.68570712678826,467.8,25.42391304347826,29418.008269801783,1598.804797271836,18.4,2.615849399702938,42.18826252351664,11.0,11,2.7226906375717674,0.5978260869565217,42.18826252351664,100.0,2.2,0.44000000000000006,1.827934243269775,0.0,5,10.941312617583208,0.2,9.139671216348875,0.0,0.0,0.0,100.0,1.0,0.0,0.0,0.0,0.0,100.0,1.0,0.0
273,mixed_20,1,1,425.4579941003452,106.3644985250863,544891.2179870602,108978.24359741205,531.2,29.84269662921348,29005.37426361061,1629.5154080680118,17.8,4.135713950147525,40.0,14.0,10,4.817639630792597,0.7865168539325843,40.0,100.0,2.0,0.4,0.0,0.0,5,0.0,0.0,0.0,0.0,0.0,0.0,100.0,1.0,0.0,0.0,0.0,0.0,100.0,1.0,0.0
274,mixed_20,1,1,387.6084311987087,102.00221873650229,1200387.6084311986,240077.52168623972,605.0,31.510416666666668,32011.751196917914,1667.2787081728081,19.2,3.007441227836904,40.37192536983548,15.4,12,3.8554327182642725,0.8020833333333334,40.37192536983548,100.0,2.4,0.48,1.7407425194606183,0.0,5,0.0,0.0,0.0,1.8596268491774026,0.4,8.703712597303092,100.0,1.0,0.0,0.0,0.0,0.0,100.0,1.0,0.0
275,mixed_20,1,1,447.0800602955002,159.6714501055358,914669.0866759836,182933.8173351967,682.6,33.79207920792079,32497.393345890905,1608.7818488064804,20.2,1.6212807190812544,42.112863674399705,16.6,11,2.062094155829704,0.8217821782178217,42.112863674399705,100.0,2.2,0.44000000000000006,1.8931652091261675,0.0,5,0.0,0.0,0.0,0.0,0.0,0.0,100.0,1.0,0.0,10.564318371998525,0.2,9.465826045630838,100.0,1.0,0.0
276,mixed_20,1,1,511.10741592616415,127.77685398154104,2645059.5463061584,529011.9092612317,767.0,36.523809523809526,35274.35670850154,1679.7312718334065,21.0,2.6853089190425736,40.0,17.0,10,2.9191349467872985,0.8095238095238095,40.0,100.0,2.0,0.4,0.0,0.0,5,0.0,0.0,0.0,0.0,0.0,0.0,100.0,1.0,0.0,0.0,0.0,0.0,100.0,1.0,0.0
277,mixed_20,3,1,377.338793627613,82.03017252774195,831.35366030756,166.27073206151198,760.6,37.65346534653465,35593.45696232341,1762.0523248674958,20.2,4.094488661387049,35.67817237100917,14.2,12,4.134317294580959,0.7029702970297029,35.67817237100917,100.0,2.4000000000000004,0.4800000000000001,3.5968202090636985,0.0,5,7.814746055400974,0.4,8.52883392320946,0.0,0.0,0.0,60.0,0.8,0.0,10.576115799644867,0.2,9.455267122109033,100.0,1.0,0.0
278,mixed_20,3,3,200.27176156123883,58.90345928271731,570220.4083528456,114044.08167056911,706.4,37.17894736842105,31006.757563536907,1631.9346086072055,19.0,3.561496938028228,29.99072369035548,11.2,10,5.239717005025147,0.5894736842105263,29.99072369035548,100.0,2.0,0.4,1.9353813408241787,0.0,5,0.0,0.0,0.0,21.695118986340276,0.4,7.746005738752094,28.258499465437126,0.6,1.9309009653688,0.0,0.0,0.0,100.0,1.0,0.0
279,mixed_20,3,3,167.05685061761923,69.60702109067468,2579044.537820894,515808.90756417875,729.0,40.5,30737.12291594453,1707.617939774696,18.0,3.3813461575546175,45.65424347969383,11.4,13,5.371141704541093,0.6333333333333333,45.65424347969383,100.0,2.6,0.52,0.8458791962396159,0.0,5,0.0,0.0,0.0,100.0,1.0,0.0,28.27121739846916,0.6,4.2293959811980795,0.0,0.0,0.0,100.0,1.0,0.0
280,mixed_20,3,3,514.4888709593087,135.39180814718648,1000726.0075402737,200145.20150805474,784.0,42.1505376344086,33975.50534661994,1826.6400723989213,18.6,1.5739659467033753,43.48342469418458,11.4,14,1.778378722527938,0.6129032258064516,43.48342469418458,100.0,2.8,0.5599999999999999,1.1876717372717942,0.0,5,0.0,0.0,0.0,100.0,1.0,0.0,17.41712347092289,0.8,5.938358686358971,0.0,0.0,0.0,100.0,1.0,0.0
281,mixed_20,3,3,484.93441382545035,96.98688276509007,484.93441382545035,96.98688276509007,839.2,46.62222222222222,30864.456380680134,1714.6920211488964,18.0,2.5850896020142047,43.3791985033813,11.2,14,1.8557762403872022,0.6222222222222222,43.3791985033813,100.0,2.8,0.5599999999999999,0.9871599779355567,0.0,5,0.0,0.0,0.0,100.0,1.0,0.0,16.895992516906517,0.8,4.935799889677783,0.0,0.0,0.0,100.0,1.0,0.0
282,mixed_20,3,3,676.487823392403,140.93496320675064,1001.9796998093516,200.3959399618703,900.6,47.90425531914894,30890.1811890905,1643.0947441005587,18.8,2.653467082822656,60.19992245536014,13.4,17,2.6890625072812906,0.7127659574468085,60.19992245536014,100.0,3.4,0.6799999999999999,1.7880309054628014,0.0,5,0.9996122768006899,0.4,8.940154527314007,100.0,1.0,0.0,100.0,1.0,0.0,0.0,0.0,0.0,100.0,1.0,0.0
283,mixed_20,3,3,199.37465693230823,90.62484406014009,2153247.2642167807,430649.4528433561,977.0,51.96808510638298,29157.58317673055,1550.935275358008,18.8,2.602305954681747,62.2075547619379,16.8,16,4.846400011283211,0.8936170212765957,62.2075547619379,100.0,3.2,0.64,1.8119595803315902,0.0,5,0.0,0.0,0.0,100.0,1.0,0.0,100.0,1.0,0.0,11.037773809689497,0.2,9.059797901657952,100.0,1.0,0.0
284,mixed_20,1,3,162.25453057786393,57.94804663495141,2200162.254530578,440032.4509061156,1024.0,55.053763440860216,30627.340077098073,1646.6311869407566,18.6,2.354166981974042,60.0,15.4,15,4.344983667026124,0.8279569892473119,60.0,100.0,3.0,0.6,0.0,0.0,5,0.0,0.0,0.0,100.0,1.0,0.0,100.0,1.0,0.0,0.0,0.0,0.0,100.0,1.0,0.0
285,mixed_20,1,1,273.4020904851597,91.1340301617199,1206653.1131976447,241330.62263952894,1098.6,57.21875,31027.469131332426,1616.0140172568972,19.2,1.8086334250250482,60.0,15.6,15,2.261598216812388,0.8125,60.0,100.0,3.0,0.6,0.0,0.0,5,0.0,0.0,0.0,100.0,1.0,0.0,100.0,1.0,0.0,0.0,0.0,0.0,100.0,1.0,0.0
286,mixed_20,1,1,438.58915805076015,121.8303216807667,1230246.1334916938,246049.22669833875,1178.0,58.31683168316832,34419.10027919807,1703.915855405845,20.2,3.0814368099176828,62.194740685978104,16.4,16,3.5364352430619164,0.8118811881188119,62.194740685978104,100.0,3.2,0.64,1.8225387744235342,0.0,5,10.97370342989052,0.2,9.11269387211767,100.0,1.0,0.0,100.0,1.0,0.0,0.0,0.0,0.0,100.0,1.0,0.0
287,mixed_20,1,1,561.6449862871043,112.32899725742087,561.6449862871043,112.32899725742087,1258.0,62.9,33660.18014628177,1683.0090073140882,20.0,4.983912417473935,60.550182647998554,16.0,17,5.442459578386143,0.8,60.550182647998554,100.0,3.4,0.6799999999999999,1.7988138705305754,0.0,5,0.0,0.0,0.0,100.0,1.0,0.0,100.0,1.0,0.0,2.7509132399927694,0.4,8.994069352652877,100.0,1.0,0.0
288,mixed_20,1,1,375.75486745827874,110.51613748772904,731284.9240545745,146256.9848109149,1341.6,67.08,30981.943797282885,1549.0971898641444,20.0,3.336145185909518,60.0,17.6,15,5.319591642472623,0.88,60.0,100.0,3.0,0.6,0.0,0.0,5,0.0,0.0,0.0,100.0,1.0,0.0,100.0,1.0,0.0,0.0,0.0,0.0,100.0,1.0,0.0
289,mixed_20,1,1,83.28026920949102,37.85466782249592,3592879.575303557,718575.9150607113,1433.0,71.65,30854.14060400347,1542.7070302001737,20.0,3.727863983250945,60.0,18.8,15,5.4065297424128484,0.94,60.0,100.0,3.0,0.6,0.0,0.0,5,0.0,0.0,0.0,100.0,1.0,0.0,100.0,1.0,0.0,0.0,0.0,0.0,100.0,1.0,0.0
290,mixed_20,1,1,267.1004711065061,133.55023555325306,3000267.1004711064,600053.4200942212,1528.0,72.76190476190476,33333.977381283454,1587.332256251593,21.0,2.6572578064061707,60.0,19.4,15,4.4281040317414195,0.9238095238095239,60.0,100.0,3.0,0.6,0.0,0.0,5,0.0,0.0,0.0,100.0,1.0,0.0,100.0,1.0,0.0,0.0,0.0,0.0,100.0,1.0,0.0
291,mixed_20,0,1,316.6681741667194,113.09577648811407,2004488.730568101,400897.7461136202,1387.4,65.44339622641509,33688.0299933535,1589.0580185544104,21.2,1.5112475992278478,58.24499950479549,16.2,16,2.330156166656502,0.7641509433962265,58.24499950479549,100.0,3.2,0.64,1.7817375867815115,0.0,5,0.0,0.0,0.0,80.0,1.0,0.0,100.0,1.0,0.0,11.224997523977436,0.2,8.908687933907558,100.0,1.0,0.0
292,mixed_20,0,0,165.68660595164982,59.17378783987494,1842037.2809903156,368407.4561980631,1382.0,63.98148148148148,36737.837485818,1700.8258095286114,21.6,1.8453484543982233,48.00263647556858,15.4,14,2.282503572230688,0.7129629629629629,48.00263647556858,100.0,2.8,0.5599999999999999,0.30614627400067984,0.0,5,0.0,0.0,0.0,40.013182377842895,0.8,1.5307313700033993,100.0,1.0,0.0,0.0,0.0,0.0,100.0,1.0,0.0
293,mixed_20,0,0,359.6727197677616,89.9181799419404,1000359.6727197677,200071.93454395354,1457.0,70.72815533980582,34962.70394502301,1697.218638107913,20.6,3.338206332501956,45.2072801430686,15.2,15,3.6503380426187872,0.7378640776699029,45.2072801430686,100.0,3.0,0.6,2.5409093552468542,0.0,5,2.837427809863584,0.4,8.666072006057949,23.198972905479422,0.6,4.0384747701763235,100.0,1.0,0.0,0.0,0.0,0.0,100.0,1.0,0.0
294,mixed_20,0,0,624.2980096665145,135.71695862315534,200958.1028790791,40191.62057581582,1532.0,79.79166666666667,32726.33839734467,1704.496791528368,19.2,4.361013756410304,40.0,15.2,11,5.069110990919674,0.7916666666666666,40.0,100.0,2.2,0.44000000000000006,0.0,0.0,5,0.0,0.0,0.0,0.0,0.2,0.0,100.0,1.0,0.0,0.0,0.0,0.0,100.0,1.0,0.0
295,mixed_20,0,0,346.5678790678754,96.26885529663205,115224.14699111358,23044.829398222715,1609.0,84.6842105263158,28135.763492890437,1480.8296575205493,19.0,3.7078370406530907,42.11080078907071,16.2,11,5.255086109628433,0.8526315789473684,42.11080078907071,100.0,2.2,0.44000000000000006,1.8950153992319767,0.0,5,0.0,0.0,0.0,0.0,0.0,0.0,100.0,1.0,0.0,10.554003945353543,0.2,9.475076996159883,100.0,1.0,0.0
296,mixed_20,0,0,62.78245857330101,34.87914365183389,3782815.803886169,756563.1607772338,1697.0,85.70707070707071,31559.509464467545,1593.9146194175528,19.8,1.8401883193270983,40.0,18.2,10,3.3049136632899563,0.9191919191919192,40.0,100.0,2.0,0.4,0.0,0.0,5,0.0,0.0,0.0,0.0,0.0,0.0,100.0,1.0,0.0,0.0,0.0,0.0,100.0,1.0,0.0
297,mixed_20,0,0,207.01003729424718,86.25418220593633,2600207.0100372937,520041.40200745873,1787.0,86.74757281553399,33876.39621523099,1644.4852531665529,20.6,2.4991064214383565,42.13134055174214,18.2,11,3.4784400962952815,0.883495145631068,42.13134055174214,100.0,2.2,0.44000000000000006,1.8767531058002114,0.0,5,10.656702758710708,0.2,9.383765529001057,0.0,0.0,0.0,100.0,1.0,0.0,0.0,0.0,0.0,100.0,1.0,0.0
298,mixed_20,0,0,742.0179789784576,176.67094737582323,601002.9883148628,120200.59766297256,1877.0,86.10091743119266,36175.00491043976,1659.4038949743008,21.8,4.400566783620875,40.0,18.4,10,5.396838607949667,0.8440366972477065,40.0,100.0,2.0,0.4,0.0,0.0,5,0.0,0.0,0.0,0.0,0.0,0.0,100.0,1.0,0.0,0.0,0.0,0.0,100.0,1.0,0.0
299,mixed_20,0,0,543.9648169182758,123.62836748142631,203286.6515385893,40657.33030771786,1967.0,90.22935779816514,36218.11183453749,1661.3812768136465,21.8,5.052052054984635,42.05860628052869,18.2,11,5.74415346359715,0.8348623853211009,42.05860628052869,100.0,2.2,0.44000000000000006,1.9430621764996836,0.0,5,0.0,0.0,0.0,10.293031402643464,0.2,9.715310882498418,100.0,1.0,0.0,0.0,0.0,0.0,100.0,1.0,0.0
300,mixed_20,0,0,192.15889971094904,60.04965615967157,973632.7356106695,194726.5471221339,2061.4,93.7,33277.35200312655,1512.6069092330251,22.0,3.5455577630221207,48.61256253146439,19.8,13,5.264960242827111,0.9,48.61256253146439,100.0,2.6,0.52,1.4725307999771402,0.0,5,0.0,0.0,0.0,0.0,0.0,0.0,100.0,1.0,0.0,43.062812657321956,0.6,7.362653999885701,100.0,1.0,0.0
301,mixed_20,0,0,75.066351623697,41.70352867983167,3841245.349773911,768249.0699547821,2165.0,94.95614035087719,35873.90103925367,1573.4167122479682,22.8,2.1615370750102088,60.0,21.4,15,3.976578300205219,0.9385964912280702,60.0,100.0,3.0,0.6,0.0,0.0,5,0.0,0.0,0.0,0.0,0.0,0.0,100.0,1.0,0.0,100.0,1.0,0.0,100.0,1.0,0.0
302,mixed_20,0,0,614.0169015450817,191.88028173283803,1600837.6098687476,320167.5219737495,2270.0,92.27642276422765,40159.964813620514,1632.5188948626226,24.6,2.195406607058831,62.23268371381528,21.2,16,3.061144495231191,0.8617886178861789,62.23268371381528,100.0,3.2,0.64,1.7915658967945263,0.0,5,11.163418569076384,0.2,8.957829483972631,0.0,0.0,0.0,100.0,1.0,0.0,100.0,1.0,0.0,100.0,1.0,0.0
303,mixed_20,0,0,348.8135087223924,87.2033771805981,800823.8627140431,160164.7725428086,2375.0,96.54471544715447,40176.39009513749,1633.1865892332314,24.6,4.026545028912132,60.0,21.2,15,5.058337697761376,0.8617886178861789,60.0,100.0,3.0,0.6,0.0,0.0,5,0.0,0.0,0.0,0.0,0.0,0.0,100.0,1.0,0.0,100.0,1.0,0.0,100.0,1.0,0.0
304,mixed_20,0,0,467.1004913448598,145.9689035452687,479460.5039313749,95892.10078627497,2482.2,97.7244094488189,40517.38047789886,1595.172459759798,25.4,3.4274303481826762,60.980119034138625,22.2,17,4.890589791811317,0.8740157480314961,60.980119034138625,100.0,3.4,0.6799999999999999,1.8116409017890696,0.0,5,0.0,0.0,0.0,4.900595170693123,0.4,9.058204508945348,100.0,1.0,0.0,100.0,1.0,0.0,100.0,1.0,0.0
305,mixed_20,0,0,269.74252889572745,96.3366174627598,4130859.3245724724,826171.8649144945,2596.2,103.848,38720.0544412399,1548.802177649596,25.0,3.613976614057607,60.0,23.2,15,5.292548265028682,0.928,60.0,100.0,3.0,0.6,0.0,0.0,5,0.0,0.0,0.0,0.0,0.0,0.0,100.0,1.0,0.0,100.0,1.0,0.0,100.0,1.0,0.0
306,mixed_20,0,0,316.26425817297957,131.7767742387415,2224936.5247131772,444987.30494263547,2715.0,104.42307692307692,40841.858263605034,1570.8407024463474,26.0,3.4398828035985103,60.0,24.4,15,5.121956299088484,0.9384615384615385,60.0,100.0,3.0,0.6,0.0,0.0,5,0.0,0.0,0.0,0.0,0.0,0.0,100.0,1.0,0.0,100.0,1.0,0.0,100.0,1.0,0.0
307,mixed_20,0,0,233.7227490408527,77.90758301361757,1800614.859726315,360122.971945263,2835.0,104.2279411764706,43832.25190355706,1611.47984939548,27.2,2.410273218948146,62.126185211191114,24.2,17,3.802489414272156,0.8897058823529411,62.126185211191114,100.0,3.4,0.6799999999999999,1.7661047575250268,0.0,5,10.63092605595557,0.4,8.830523787625134,0.0,0.0,0.0,100.0,1.0,0.0,100.0,1.0,0.0,100.0,1.0,0.0
308,mixed_20,1,0,483.04460611090906,120.76115152772726,1000483.0446061108,200096.60892122216,2788.4,106.42748091603053,43399.022928195496,1656.451256801355,26.2,4.185587521564337,56.0,21.2,15,5.178698294146053,0.8091603053435115,56.0,100.0,3.0,0.6,0.0,0.0,5,0.0,0.0,0.0,0.0,0.0,0.0,100.0,1.0,0.0,80.0,1.0,0.0,100.0,1.0,0.0
309,mixed_20,1,1,331.42221682133084,87.21637284771865,648622.2308941686,129724.44617883372,2496.4,102.31147540983606,39214.58173382412,1607.1549890911522,24.4,4.96574492055463,45.94798558992807,19.2,13,5.347806945051015,0.7868852459016393,45.94798558992807,100.0,2.6,0.52,2.3581968829531283,0.0,5,0.0,0.0,0.0,10.560624633521911,0.2,9.469136861713315,100.0,1.0,0.0,19.17930331611842,0.4,2.321847553052328,100.0,1.0,0.0
310,mixed_20,1,1,466.9108058812294,129.69744607811927,1983477.045874911,396695.40917498217,1513.2,65.22413793103448,36480.05660004153,1572.4162327604108,23.2,3.9912999226998007,30.534827322328056,16.4,10,5.318519767698235,0.7068965517241379,30.534827322328056,100.0,2.0,0.4,1.1122029058527474,0.0,5,0.0,0.0,0.0,0.0,0.0,0.0,100.0,1.0,0.0,17.96280586886496,0.4,3.6498281635943295,34.71133074277532,0.6,1.911186365669408
311,mixed_20,1,1,336.60516344893927,112.20172114964642,1784793.6776386697,356958.7355277339,1013.4,43.68103448275862,36730.38354177994,1583.2061871456872,23.2,1.5833721730596841,40.0,15.6,10,2.9478430026480824,0.6724137931034483,40.0,100.0,2.0,0.4,0.0,0.0,5,0.0,0.0,0.0,0.0,0.0,0.0,100.0,1.0,0.0,0.0,0.0,0.0,100.0,1.0,0.0
312,mixed_20,1,1,343.12518642224023,85.78129660556006,800606.6737758631,160121.33475517263,952.4,38.403225806451616,39650.34704175079,1598.8043161996288,24.8,2.416468288613961,40.0,16.2,10,2.583942744577781,0.6532258064516129,40.0,100.0,2.0,0.4,0.0,0.0,5,0.0,0.0,0.0,0.0,0.0,0.0,100.0,1.0,0.0,0.0,0.0,0.0,100.0,1.0,0.0
313,mixed_20,1,1,632.7650091130978,150.6583355031185,202061.10179388936,40412.22035877787,1042.8,40.41860465116279,42735.54494669242,1656.4164708020317,25.8,3.5838854829320583,42.19455201973233,19.6,11,3.8957953045725233,0.7596899224806202,42.19455201973233,100.0,2.2,0.44000000000000006,1.8226954585874366,0.0,5,0.0,0.0,0.0,0.0,0.0,0.0,100.0,1.0,0.0,10.972760098661638,0.2,9.113477292937183,100.0,1.0,0.0
314,mixed_20,1,1,289.15008899813176,96.38336299937725,333541.07245063625,66708.21449012725,1150.0,44.23076923076923,41248.166820943254,1586.4679546516636,26.0,2.1923917147725716,43.351830924444585,22.8,14,2.8333325813939902,0.8769230769230769,43.351830924444585,100.0,2.8,0.5599999999999999,3.5437998617067934,0.0,5,5.870412177810067,0.4,8.710761644970628,10.888742444412856,0.4,9.00823766356334,100.0,1.0,0.0,0.0,0.0,0.0,100.0,1.0,0.0
315,mixed_20,1,1,97.98166063130186,44.53711846877357,3200272.6100428607,640054.5220085721,1266.2,48.7,40861.43382748353,1571.5936087493667,26.0,1.5448255514193352,40.0,23.6,10,2.1148430726162086,0.9076923076923077,40.0,100.0,2.0,0.4,0.0,0.0,5,0.0,0.0,0.0,0.0,0.0,0.0,100.0,1.0,0.0,0.0,0.0,0.0,100.0,1.0,0.0
316,mixed_20,1,1,259.1588157079331,99.67646757997427,2344680.1824108185,468936.0364821637,1386.0,51.71641791044776,43446.33084882125,1621.1317480903451,26.8,2.8260631107901206,42.17573103873201,24.2,11,3.50908784067406,0.9029850746268657,42.17573103873201,100.0,2.2,0.44000000000000006,1.8384625345654633,0.0,5,0.0,0.0,0.0,0.0,0.0,0.0,100.0,1.0,0.0,10.878655193660052,0.2,9.192312672827317,100.0,1.0,0.0
317,mixed_20,1,1,426.67696231654827,118.5213784212634,1200715.402424516,240143.08048490318,1506.0,55.36764705882353,43799.50626446512,1610.2759656053354,27.2,4.514581273987804,42.14313175453117,24.2,11,5.329225861141469,0.8897058823529411,42.14313175453117,100.0,2.2,0.44000000000000006,1.8664274800384544,0.0,5,10.715658772655843,0.2,9.332137400192272,0.0,0.0,0.0,100.0,1.0,0.0,0.0,0.0,0.0,100.0,1.0,0.0
318,mixed_20,3,1,578.1614591965341,180.6754559989169,1007741.541931174,201548.3083862348,1094.2,41.76335877862596,40554.74042664255,1547.8908559787233,26.2,3.3696847284910505,36.0,22.4,10,5.343400675065224,0.8549618320610687,36.0,100.0,2.0,0.4,0.0,0.0,5,0.0,0.0,0.0,0.0,0.0,0.0,80.0,1.0,0.0,0.0,0.0,0.0,100.0,1.0,0.0
319,mixed_20,3,3,202.57464109710162,72.34808610610773,1669385.2037142033,333877.0407428407,655.2,26.208,40269.6945782824,1610.7877831312958,25.0,3.2577771850296267,34.11282962209407,19.0,10,5.370842315415411,0.76,34.11282962209407,100.0,2.0,0.4,1.556608076088776,0.0,5,0.0,0.0,0.0,51.52728445219054,0.6,5.317672298485416,19.0368636582798,0.4,2.465368081958464,0.0,0.0,0.0,100.0,1.0,0.0
320,mixed_20,3,3,364.8589735740079,152.0245723225033,2579537.317056168,515907.46341123356,587.8,23.512,42734.67157458076,1709.3868629832305,25.0,1.153785363262937,46.28502032456163,17.2,14,2.742293786515469,0.688,46.28502032456163,100.0,2.8,0.5599999999999999,0.7937345206949586,0.0,5,0.0,0.0,0.0,100.0,1.0,0.0,31.425101622808143,0.8,3.968672603474793,0.0,0.0,0.0,100.0,1.0,0.0
321,mixed_20,3,3,160.4291952379645,53.47639841265484,2000160.4291952383,400032.0858390477,658.0,26.9672131147541,43576.94026930681,1785.9401749715907,24.4,1.6382328203407337,41.490493769873865,16.0,13,1.7359218924392046,0.6557377049180327,41.490493769873865,100.0,2.6,0.52,1.0116462044014924,0.0,5,0.0,0.0,0.0,100.0,1.0,0.0,7.452468849369325,0.6,5.058231022007463,0.0,0.0,0.0,100.0,1.0,0.0
322,mixed_20,3,3,228.7060454390246,60.18580143132226,1200228.7060454392,240045.74120908784,738.0,31.53846153846154,42704.50891377047,1824.9790134089944,23.4,2.9252537002399936,47.890086648080796,16.2,14,2.769497119236743,0.6923076923076923,47.890086648080796,100.0,2.8,0.5599999999999999,1.3867416421666188,0.0,5,0.0,0.0,0.0,100.0,1.0,0.0,39.45043324040398,0.8,6.933708210833093,0.0,0.0,0.0,100.0,1.0,0.0
323,mixed_20,3,3,115.89507848403369,34.08678778942168,1143169.234078368,228633.84681567358,818.6,37.20909090909091,35832.98789922834,1628.772177237652,22.0,2.94825857487253,44.47062874490712,16.6,16,2.9118841799527675,0.7545454545454545,44.47062874490712,100.0,3.2,0.64,3.3699341120680075,0.0,5,0.0,0.0,0.0,100.0,1.0,0.0,18.47182280528159,0.8,8.439033038968791,3.8813209192539944,0.4,8.410637521371246,100.0,1.0,0.0
324,mixed_20,3,3,57.5670907152714,19.1890302384238,2541776.8690034035,508355.3738006807,903.0,47.03125,31256.300700506203,1627.9323281513646,19.2,4.094675790926744,40.0,17.0,10,4.809372337285041,0.8854166666666666,40.0,100.0,2.0,0.4,0.0,0.0,5,0.0,0.0,0.0,100.0,1.0,0.0,0.0,0.0,0.0,0.0,0.0,0.0,100.0,1.0,0.0
325,mixed_20,3,3,131.9372890473744,50.74511117206708,2002735.3516551058,400547.07033102115,988.6,52.03157894736842,29699.964602342538,1563.1560317022388,19.0,4.465204612283689,42.22861625451333,17.4,11,5.445451311217807,0.9157894736842105,42.22861625451333,100.0,2.2,0.44000000000000006,1.7948356931792635,0.0,5,11.143081272566633,0.2,8.974178465896317,100.0,1.0,0.0,0.0,0.0,0.0,0.0,0.0,0.0,100.0,1.0,0.0
326,mixed_20,3,3,15.279958713483776,7.639979356741888,2802009.4483786523,560401.8896757305,1078.0,57.340425531914896,29113.90738222719,1548.6120947993186,18.8,4.975200182806194,40.745957150857066,18.2,12,6.252481561516974,0.9680851063829787,40.745957150857066,100.0,2.4,0.48,1.7655487450771037,0.0,5,0.0,0.0,0.0,100.0,1.0,0.0,0.0,0.0,0.0,3.7297857542853308,0.4,8.827743725385519,100.0,1.0,0.0
327,mixed_20,3,3,631.6486524961475,197.3902039050461,1800631.6486524963,360126.32973049924,1168.0,57.82178217821782,31536.230368252116,1561.1995231807978,20.2,4.058525776206538,40.0,18.4,10,6.136736308596766,0.9108910891089109,40.0,100.0,2.0,0.4,0.0,0.0,5,0.0,0.0,0.0,100.0,1.0,0.0,0.0,0.0,0.0,0.0,0.0,0.0,100.0,1.0,0.0
328,mixed_20,3,3,289.46523696841456,76.1750623601091,1200289.4652369684,240057.89304739368,1258.0,59.339622641509436,34735.53782819531,1638.4687654809109,21.2,3.2352155347729723,40.0,18.2,10,4.788684895111001,0.8584905660377359,40.0,100.0,2.0,0.4,0.0,0.0,5,0.0,0.0,0.0,100.0,1.0,0.0,0.0,0.0,0.0,0.0,0.0,0.0,100.0,1.0,0.0
329,mixed_20,3,3,213.25727304686043,53.31431826171511,1000213.2572730466,200042.65145460932,1348.0,61.27272727272727,36999.24178085359,1681.783717311527,22.0,2.290287683621736,40.16431232433024,18.0,11,2.166240802579387,0.8181818181818182,40.16431232433024,100.0,2.2,0.44000000000000006,1.4963827836542047,0.0,5,0.821561621651199,0.2,7.481913918271024,100.0,1.0,0.0,0.0,0.0,0.0,0.0,0.0,0.0,100.0,1.0,0.0
330,mixed_20,3,3,183.5964862402829,65.5701736572439,1067728.7886310546,213545.75772621093,1439.8,66.04587155963303,34304.368638391905,1573.5948916693533,21.8,3.118207589606156,62.11794578440458,19.0,16,4.005303281490409,0.8715596330275229,62.11794578440458,100.0,3.2,0.64,1.8886224706287833,0.0,5,100.0,1.0,0.0,100.0,1.0,0.0,10.589728922022914,0.2,9.443112353143917,0.0,0.0,0.0,100.0,1.0,0.0
331,mixed_20,3,3,399.30198441814446,153.57768631467093,2736346.730218429,547269.3460436858,1539.0,68.70535714285714,35976.07108599035,1606.0746020531406,22.4,3.9336242810848585,62.19676455245735,20.4,16,5.466274816035608,0.9107142857142857,62.19676455245735,100.0,3.2,0.64,1.8208596799896035,0.0,5,100.0,1.0,0.0,100.0,1.0,0.0,0.0,0.0,0.0,10.983822762286763,0.2,9.104298399948018,100.0,1.0,0.0
332,mixed_20,3,3,446.7150872252547,131.38679036036905,1600446.7150872252,320089.34301744506,1639.0,68.8655462184874,38834.17742045213,1631.6881269097532,23.8,1.685677682038459,60.0,20.4,15,2.962802844634201,0.8571428571428571,60.0,100.0,3.0,0.6,0.0,0.0,5,100.0,1.0,0.0,100.0,1.0,0.0,0.0,0.0,0.0,0.0,0.0,0.0,100.0,1.0,0.0
333,mixed_20,3,3,250.3732944709402,62.59332361773505,1000250.3732944711,200050.0746588942,1739.0,72.45833333333333,39826.48891460583,1659.437038108576,24.0,2.3606625377936763,60.0,20.0,15,2.377931240257654,0.8333333333333334,60.0,100.0,3.0,0.6,0.0,0.0,5,100.0,1.0,0.0,100.0,1.0,0.0,0.0,0.0,0.0,0.0,0.0,0.0,100.0,1.0,0.0
334,mixed_20,3,3,87.23715565999565,29.079051886665216,1615546.9735410116,323109.39470820234,1841.0,76.70833333333333,38747.619364090475,1614.4841401704364,24.0,3.1569585610190405,62.14978914385665,20.8,16,3.4481700859713382,0.8666666666666667,62.14978914385665,100.0,3.2,0.64,1.8606475948725518,0.0,5,100.0,1.0,0.0,100.0,1.0,0.0,0.0,0.0,0.0,10.748945719283256,0.2,9.303237974362759,100.0,1.0,0.0
335,mixed_20,3,3,45.05338213138647,37.544485109488726,2752832.5455098837,550566.5091019768,1949.6,81.91596638655462,35378.840192134536,1486.5058904258208,23.8,1.7554536832041991,60.46024110819599,22.6,17,3.8497559355564817,0.9495798319327731,60.46024110819599,100.0,3.4,0.6799999999999999,1.767109634522349,0.0,5,100.0,1.0,0.0,100.0,1.0,0.0,2.301205540979936,0.4,8.835548172611745,0.0,0.0,0.0,100.0,1.0,0.0
336,mixed_20,0,3,920.64742504971,287.7023203280344,1945346.2892946445,389069.2578589289,1606.6,68.07627118644068,38421.86120050218,1628.0449661229736,23.6,0.5699084345822503,48.0,17.6,14,0.8201711344889111,0.7457627118644068,48.0,100.0,2.8,0.5599999999999999,0.0,0.0,5,80.0,1.0,0.0,60.0,0.8,0.0,0.0,0.0,0.0,0.0,0.0,0.0,100.0,1.0,0.0
337,mixed_20,0,0,206.31688704644512,51.57922176161128,1000206.3168870464,200041.26337740928,1519.0,65.47413793103448,41506.894519304755,1789.0902810045152,23.2,2.0469531043311604,32.5352777375856,13.2,11,1.671232592429085,0.5689655172413793,32.5352777375856,100.0,2.2,0.44000000000000006,0.7733196722713948,0.0,5,36.44508057725034,0.6,2.1250396137998275,26.231308110677674,0.6,1.7415587475571463,0.0,0.0,0.0,0.0,0.0,0.0,100.0,1.0,0.0
338,mixed_20,0,0,90.38508878667957,22.596272196669894,1000090.3850887868,200018.07701775737,1584.0,79.2,37051.1962722135,1852.559813610675,20.0,3.8934076143970544,28.207065654300095,13.0,11,2.628317306711195,0.65,28.207065654300095,100.0,2.2,0.44000000000000006,2.5678366566179793,0.0,5,0.0,0.0,0.0,29.84803807516073,1.0,3.9004681657580904,11.187290196339745,0.2,8.938715117331807,0.0,0.0,0.0,100.0,1.0,0.0
339,mixed_20,0,0,129.02234487697177,35.83954024360327,1004813.8709108907,200962.77418217814,1649.6,95.90697674418605,28189.49389176037,1638.9240634744401,17.2,4.502437361934719,23.00777144377753,13.4,9,3.765442060122294,0.7790697674418605,23.00777144377753,100.0,1.8,0.36,3.491108250319958,0.0,5,0.0,0.0,0.0,10.364744370181143,0.4,8.925593582447618,0.0,0.0,0.0,4.6741128487065,0.4,8.529947669152172,100.0,1.0,0.0
