step,control_mode,phase,prev_phase,TotalTravelTime,AvgTravelTime,TotalTravelTime_Raw,AvgTravelTime_Raw,TotalWaitingTime,AvgWaitingTime,TotalCO2,AvgCO2,VehCount,AvgSpeed,AvgOccupancy,QueueLength,Throughput,SpeedStd,HaltRatio,det_occ_mean,det_occ_max,det_veh_sum,det_veh_mean,det_speed_mean,det_speed_min,n_detectors,d0_occ,d0_veh,d0_speed,d1_occ,d1_veh,d1_speed,d2_occ,d2_veh,d2_speed,d3_occ,d3_veh,d3_speed,d4_occ,d4_veh,d4_speed,d5_occ,d5_veh,d5_speed
0,random,0,0,182.5463480247824,31.473508280134897,200182.54634802492,33363.75772467082,9.2,2.090909090909091,8749.60064481589,1988.5456010945202,4.4,8.369823766571445,0.0,1.4,0,5.963538262778393,0.3181818181818182,0.0,0.0,0.0,0.0,0.0,0.0,6,0.0,0.0,0.0,0.0,0.0,0.0,0.0,0.0,0.0,0.0,0.0,0.0,0.0,0.0,0.0,0.0,0.0,0.0
1,random,0,0,169.03484593912407,32.50670114213924,800169.0348459391,133361.50580765653,14.2,2.3666666666666667,11492.823805228862,1915.47063420481,6.0,5.447854726277646,2.0436246612188333,1.6,1,5.276615619260586,0.26666666666666666,2.0436246612188333,12.261747967313,0.2,0.03333333333333333,1.359240681760559,0.0,6,0.0,0.0,0.0,0.0,0.0,0.0,0.0,0.0,0.0,12.261747967313,0.2,8.155444090563353,0.0,0.0,0.0,0.0,0.0,0.0
2,random,0,0,191.1575530468578,38.23151060937156,1000191.1575530467,166698.52625884113,19.0,2.878787878787879,13970.197662741004,2116.6966155668188,6.6,5.867465625680384,1.95232603115907,1.4,1,4.952334397402511,0.21212121212121213,1.95232603115907,11.71395618695442,0.2,0.03333333333333333,1.4228042516693016,0.0,6,0.0,0.0,0.0,0.0,0.0,0.0,11.71395618695442,0.2,8.53682551001581,0.0,0.0,0.0,0.0,0.0,0.0,0.0,0.0,0.0
3,random,0,0,167.96356362001094,27.993927270001823,167.96356362001094,27.993927270001823,24.0,4.137931034482759,13043.919504240272,2248.951638662116,5.8,8.313543845030349,2.923970036312511,1.0,3,5.0176496257032825,0.1724137931034483,2.923970036312511,11.758181984077964,0.6000000000000001,0.10000000000000002,2.88074145494029,0.0,6,11.758181984077964,0.4,8.293241488188507,0.0,0.0,0.0,0.0,0.0,0.0,0.0,0.0,0.0,0.0,0.0,0.0,5.785638233797101,0.2,8.99120724145323
4,random,0,0,139.0643698550165,23.976615492244225,200139.06436985504,33356.51072830917,29.2,5.84,9692.45018093299,1938.490036186598,5.0,8.731081461910245,1.6286690294517332,1.4,3,5.473087327505268,0.28,1.6286690294517332,9.7720141767104,0.6000000000000001,0.10000000000000002,1.3794699193599325,0.0,6,9.7720141767104,0.4,8.276819516159595,0.0,0.0,0.0,0.0,0.0,0.0,0.0,0.0,0.0,0.0,0.0,0.0,0.0,0.2,0.0
5,random,0,0,109.74557886912632,18.290929811521053,109.74557886912632,18.290929811521053,38.0,7.6,9390.956845926641,1878.191369185328,5.0,8.624800882314364,2.201038095493241,2.0,4,5.304761146296919,0.4,2.201038095493241,8.331133816109286,0.8,0.13333333333333333,2.821775289997459,0.0,6,0.0,0.0,0.0,0.0,0.0,0.0,0.0,0.0,0.0,8.331133816109286,0.4,8.557574618235233,0.0,0.0,0.0,4.87509475685016,0.4,8.37307712174952
6,random,2,0,238.78682786186215,54.269733604968664,566450.606510577,94408.4344184295,52.2,9.0,9208.14923924788,1587.6119378013584,5.8,7.566983574459693,0.0,4.0,0,6.277184746491782,0.6896551724137931,0.0,0.0,0.0,0.0,0.0,0.0,6,0.0,0.0,0.0,0.0,0.0,0.0,0.0,0.0,0.0,0.0,0.0,0.0,0.0,0.0,0.0,0.0,0.0,0.0
7,random,2,2,255.2691495111231,53.18107281481731,1200255.2691495114,200042.5448582519,72.0,8.571428571428571,15775.568856067988,1878.0439114366652,8.4,4.466310025743831,0.14998979738891194,4.4,2,5.414466975998182,0.5238095238095238,0.14998979738891194,0.8999387843334716,0.4,0.06666666666666667,1.4405242254336674,0.0,6,0.0,0.0,0.0,0.0,0.0,0.0,0.8999387843334716,0.4,8.643145352602005,0.0,0.0,0.0,0.0,0.0,0.0,0.0,0.0,0.0
8,random,2,2,171.1475508371704,35.65573975774384,1200171.1475508371,200028.5245918062,92.0,10.222222222222221,17896.44730046746,1988.494144496384,9.0,2.560919169335522,0.0,4.2,0,1.7861708624685633,0.4666666666666667,0.0,0.0,0.0,0.0,0.0,0.0,6,0.0,0.0,0.0,0.0,0.0,0.0,0.0,0.0,0.0,0.0,0.0,0.0,0.0,0.0,0.0,0.0,0.0,0.0
9,random,2,2,278.8559996279039,53.6261537745969,600931.7283401072,100155.28805668454,112.2,11.6875,19324.641901972136,2012.983531455431,9.6,4.9961215666896575,9.154411722956107,4.4,4,3.6743146041244406,0.4583333333333333,9.154411722956107,44.041917739220935,0.8,0.13333333333333333,2.6888182541260206,0.0,6,10.884552598515711,0.2,9.187332147546115,0.0,0.0,0.0,0.0,0.0,0.0,44.041917739220935,0.6,6.945577377210008,0.0,0.0,0.0,0.0,0.0,0.0
10,random,2,2,225.58678319797295,46.9972464995777,468290.51452615066,78048.41908769177,136.2,15.477272727272727,16672.41035150912,1894.5920853987634,8.8,6.387790156629871,22.139560101394597,5.2,9,5.446569063146537,0.5909090909090909,22.139560101394597,100.0,1.8,0.3,4.5213690957985095,0.0,6,10.45064628574778,0.4,9.244321624282748,0.0,0.0,0.0,11.529752399796962,0.2,8.673213138710679,100.0,1.0,0.0,10.856961922822848,0.2,9.210679811797633,0.0,0.0,0.0
11,random,1,2,178.03581864579448,38.70343883604228,1178000.638290238,196333.43971503968,108.2,14.621621621621621,13496.017609039565,1823.7861633837251,7.4,7.420518639455401,16.666666666666668,4.6,5,6.341617727656366,0.6216216216216216,16.666666666666668,100.0,1.0,0.16666666666666666,0.0,0.0,6,0.0,0.0,0.0,0.0,0.0,0.0,0.0,0.0,0.0,100.0,1.0,0.0,0.0,0.0,0.0,0.0,0.0,0.0
12,random,1,1,490.4157914956484,90.81773916586081,600490.4157914958,100081.7359652493,123.0,14.30232558139535,16299.732881335085,1895.3177768994285,8.6,4.959441803955887,17.816586854828245,4.6,7,5.578900142150845,0.5348837209302325,17.816586854828245,100.0,1.4,0.2333333333333333,1.4619229208212345,0.0,6,0.0,0.0,0.0,0.0,0.0,0.0,0.0,0.0,0.0,100.0,1.0,0.0,0.0,0.0,0.0,6.899521128969468,0.4,8.771537524927407
13,random,1,1,236.2330768136481,39.37217946894135,236.2330768136481,39.37217946894135,143.0,15.88888888888889,17846.330526462152,1982.9256140513503,9.0,4.476126866332876,16.666666666666668,4.0,5,4.3635033404986965,0.4444444444444444,16.666666666666668,100.0,1.0,0.16666666666666666,0.0,0.0,6,0.0,0.0,0.0,0.0,0.0,0.0,0.0,0.0,0.0,100.0,1.0,0.0,0.0,0.0,0.0,0.0,0.0,0.0
14,random,1,1,201.00926166941713,34.65676925334778,200201.00926166942,33366.8348769449,163.2,16.0,18543.515233823993,1817.9916895905874,10.2,5.188171498700007,18.811331115803778,4.6,6,4.052921357209948,0.45098039215686275,18.811331115803778,100.0,1.2,0.19999999999999998,1.2952039088890552,0.0,6,0.0,0.0,0.0,0.0,0.0,0.0,12.867986694822662,0.2,7.771223453334332,100.0,1.0,0.0,0.0,0.0,0.0,0.0,0.0,0.0
15,random,1,1,169.21309606248408,33.842619212496814,293238.05617010535,48873.00936168423,190.0,18.26923076923077,20147.241209523916,1937.2347316849919,10.4,5.075366696510903,20.69709229203558,6.0,9,4.4220249712179385,0.5769230769230769,20.69709229203558,100.0,1.8,0.3,4.281841291782124,0.0,6,1.060941401219111,0.4,8.379239584971218,11.864882809941264,0.2,8.42823326634231,0.0,0.0,0.0,100.0,1.0,0.0,11.256729541053119,0.2,8.883574899379216,0.0,0.0,0.0
16,random,1,1,394.18078923317887,75.80399792945747,403100.34593003715,67183.39098833952,220.6,20.81132075471698,18024.21443631209,1700.3975883313292,10.6,5.876470351448834,17.68092495316542,6.8,6,5.653125327463664,0.6415094339622641,17.68092495316542,100.0,1.2,0.19999999999999998,1.0317767141351275,0.0,6,0.0,0.0,0.0,0.0,0.0,0.0,6.0855497189925245,0.2,6.1906602848107655,100.0,1.0,0.0,0.0,0.0,0.0,0.0,0.0,0.0
17,random,3,1,278.95261560051233,58.115128250106736,825647.819271812,137607.96987863534,40.4,4.208333333333333,18352.893352020074,1911.7597241687574,9.6,5.441285896671621,25.153204990168472,2.6,10,5.820416544312992,0.2708333333333333,25.153204990168472,80.0,2.0,0.3333333333333333,1.5263591623864807,0.0,6,0.0,0.0,0.0,0.0,0.0,0.0,80.0,1.0,0.0,60.0,0.8,0.0,10.919229941010826,0.2,9.158154974318885,0.0,0.0,0.0
18,random,3,3,186.3912464923838,37.27824929847676,1000186.3912464924,166697.7318744154,11.2,1.3333333333333333,16315.957030062506,1942.375836912203,8.4,4.2435296261295665,6.496629788955772,1.8,3,4.6043314609247625,0.21428571428571427,6.496629788955772,38.97977873373463,0.6,0.09999999999999999,0.3360722611716511,0.0,6,0.0,0.0,0.0,0.0,0.0,0.0,0.0,0.0,0.0,38.97977873373463,0.6,2.0164335670299067,0.0,0.0,0.0,0.0,0.0,0.0
19,random,3,3,246.07156427777505,49.21431285555501,1000246.0715642776,166707.67859404627,21.0,3.088235294117647,11596.746701778116,1705.403926732076,6.8,4.539773546381158,4.017556396789341,2.2,3,4.491148113167457,0.3235294117647059,4.017556396789341,12.429886631281875,0.6000000000000001,0.10000000000000002,2.261024970302925,0.0,6,0.0,0.0,0.0,0.0,0.0,0.0,0.0,0.0,0.0,12.429886631281875,0.4,5.001170740414979,11.675451749454169,0.2,8.564979081402571,0.0,0.0,0.0
20,random,3,3,200.42213967917365,43.57003036503775,682657.9200025077,113776.32000041795,33.0,4.852941176470588,13464.278303359217,1980.0409269645907,6.8,4.757036231637481,0.4600213683977472,3.0,1,4.87424057183628,0.4411764705882353,0.4600213683977472,2.7601282103864833,0.2,0.03333333333333333,1.4222298892525334,0.0,6,2.7601282103864833,0.2,8.5333793355152,0.0,0.0,0.0,0.0,0.0,0.0,0.0,0.0,0.0,0.0,0.0,0.0,0.0,0.0,0.0
21,random,3,3,129.49324538080623,26.97775945433463,1337284.427506534,222880.73791775564,48.0,6.857142857142857,14207.56130470511,2029.6516149578729,7.0,5.592007224436336,1.9185981937984782,3.4,2,5.069802249274918,0.4857142857142857,1.9185981937984782,11.51158916279087,0.4,0.06666666666666667,1.4478163206639316,0.0,6,0.0,0.2,0.0,0.0,0.0,0.0,11.51158916279087,0.2,8.68689792398359,0.0,0.0,0.0,0.0,0.0,0.0,0.0,0.0,0.0
22,random,3,3,319.1844517099829,55.03180201896257,200319.18445170997,33386.53074195166,63.0,7.682926829268292,16565.15837045227,2020.1412646893016,8.2,4.660579092092167,1.8824910371968901,3.2,1,4.304108488977535,0.3902439024390244,1.8824910371968901,11.294946223181341,0.2,0.03333333333333333,1.4755861902609684,0.0,6,0.0,0.0,0.0,0.0,0.0,0.0,0.0,0.0,0.0,11.294946223181341,0.2,8.85351714156581,0.0,0.0,0.0,0.0,0.0,0.0
23,random,2,3,335.0167648840829,59.82442230072909,201742.76991235517,33623.79498539253,43.2,5.2682926829268295,15300.114179426022,1865.8675828568319,8.2,3.5117429464579937,1.9657684192594616,2.4,1,2.5959718524334283,0.2926829268292683,1.9657684192594616,11.79461051555677,0.2,0.03333333333333333,1.4130747806113468,0.0,6,0.0,0.0,0.0,11.79461051555677,0.2,8.47844868366808,0.0,0.0,0.0,0.0,0.0,0.0,0.0,0.0,0.0,0.0,0.0,0.0
24,random,2,2,217.616387262346,41.849305242758845,519725.066919024,86620.844486504,57.0,6.951219512195122,16903.42024349866,2061.3927126217877,8.2,4.4056539955434575,2.624984875680146,3.4,3,3.946860520352135,0.4146341463414634,2.624984875680146,10.440281939739862,0.6000000000000001,0.10000000000000002,2.5917182396446488,0.0,6,10.440281939739862,0.4,9.10349367586896,0.0,0.0,0.0,0.0,0.0,0.0,0.0,0.0,0.0,5.309627314341014,0.2,6.4468157619989315,0.0,0.0,0.0
25,random,2,2,186.11407669007812,35.79116859424579,800186.11407669,133364.35234611502,72.2,8.804878048780488,14620.65738013011,1783.0069975768427,8.2,4.970126920927034,11.80155615028904,3.4,7,4.69071376745904,0.4146341463414634,11.80155615028904,50.80933690173424,1.4,0.2333333333333333,0.7868084318144936,0.0,6,0.0,0.0,0.0,0.0,0.0,0.0,0.0,0.0,0.0,0.0,0.0,0.0,20.0,0.6,0.0,50.80933690173424,0.8,4.720850590886961
26,random,2,2,137.80704676823447,31.319783356416924,1038530.9723892717,173088.49539821196,91.6,10.651162790697674,16171.778284091783,1880.4393353595094,8.6,4.7216980014205605,2.468630034828531,4.6,2,4.843974796614354,0.5348837209302325,2.468630034828531,11.220677376408617,0.4,0.06666666666666667,2.9241967563362063,0.0,6,0.0,0.0,0.0,3.5911028325625693,0.2,8.633062610961497,11.220677376408617,0.2,8.912117927055741,0.0,0.0,0.0,0.0,0.0,0.0,0.0,0.0,0.0
27,random,2,2,454.70659501042184,84.20492500192996,600454.7065950105,100075.78443250175,116.0,12.340425531914894,16561.727481137666,1761.885902248688,9.4,5.578796660456888,0.5284488220000109,5.2,3,5.536909684114213,0.5531914893617021,0.5284488220000109,3.1706929320000654,0.6000000000000001,0.10000000000000002,1.3834861946447443,0.0,6,0.0,0.0,0.0,0.0,0.2,0.0,0.0,0.0,0.0,3.1706929320000654,0.4,8.300917167868466,0.0,0.0,0.0,0.0,0.0,0.0
28,random,2,2,285.47329957143586,54.898711456045355,800285.4732995715,133380.91221659526,142.2,13.941176470588236,18298.571911015777,1793.97763833488,10.2,4.514597181441073,2.0760896324676046,6.0,1,5.340732283151739,0.5882352941176471,2.0760896324676046,12.456537794805627,0.2,0.03333333333333333,1.337985477282192,0.0,6,0.0,0.0,0.0,0.0,0.0,0.0,12.456537794805627,0.2,8.027912863693151,0.0,0.0,0.0,0.0,0.0,0.0,0.0,0.0,0.0
29,random,1,2,292.1032759078498,50.362633777215486,1424.8369331914153,237.47282219856922,48.6,4.764705882352941,20145.557264740728,1975.0546337981104,10.2,4.488009300140901,0.0010091447652863887,3.4,1,4.427921300051146,0.3333333333333333,0.0010091447652863887,0.006054868591718332,0.2,0.03333333333333333,1.3697880545165386,0.0,6,0.0,0.0,0.0,0.0,0.0,0.0,0.0,0.0,0.0,0.0,0.0,0.0,0.0,0.0,0.0,0.006054868591718332,0.2,8.218728327099232
30,random,1,1,160.34866587483654,26.72477764580609,160.34866587483654,26.72477764580609,52.0,6.5,13741.731800304726,1717.7164750380907,8.0,6.148429447123234,2.026838536284098,3.0,2,4.535485010106948,0.375,2.026838536284098,12.16103121770459,0.4,0.06666666666666667,1.3704978112713473,0.0,6,0.0,0.0,0.0,0.0,0.0,0.0,0.0,0.0,0.0,0.0,0.0,0.0,12.16103121770459,0.2,8.222986867628084,0.0,0.2,0.0
31,random,1,1,112.26232362029933,20.04684350362488,201201.9918612632,33533.665310210534,67.2,10.838709677419354,11815.557789723143,1905.7351273747004,6.2,8.54548055428106,3.955789035097723,3.4,2,5.48152130537153,0.5483870967741935,3.955789035097723,12.73027387978459,0.4,0.06666666666666667,2.8237524838031725,0.0,6,11.004460330801749,0.2,9.087224361207209,0.0,0.0,0.0,0.0,0.0,0.0,12.73027387978459,0.2,7.8552905416118275,0.0,0.0,0.0,0.0,0.0,0.0
32,random,1,1,111.85873243576972,25.422439189947664,392717.5362629444,65452.92271049073,87.2,14.064516129032258,9252.905986746391,1492.404191410708,6.2,7.422496825146722,14.962403900318199,4.8,5,6.52285743379854,0.7741935483870968,14.962403900318199,89.77442340190919,1.0,0.16666666666666666,0.8824119193171757,0.0,6,0.0,0.0,0.0,0.0,0.0,0.0,89.77442340190919,1.0,5.294471515903054,0.0,0.0,0.0,0.0,0.0,0.0,0.0,0.0,0.0
33,random,1,1,209.40639140378957,45.523128566041215,1273981.6907345285,212330.28178908807,112.0,15.135135135135135,13056.65416600353,1764.412725135612,7.4,7.029410399796794,16.666666666666668,5.4,5,6.259138267603425,0.7297297297297297,16.666666666666668,100.0,1.0,0.16666666666666666,0.0,0.0,6,0.0,0.0,0.0,0.0,0.0,0.0,100.0,1.0,0.0,0.0,0.0,0.0,0.0,0.0,0.0,0.0,0.0,0.0
34,random,1,1,485.93070643263036,93.44821277550584,800485.9307064326,133414.32178440542,137.0,13.7,19405.53999068355,1940.5539990683549,10.0,3.7101207262253273,18.511932772879998,5.4,6,4.414365488465296,0.54,18.511932772879998,100.0,1.2,0.19999999999999998,1.5053534926071201,0.0,6,0.0,0.0,0.0,11.071596637279981,0.2,9.032120955642721,100.0,1.0,0.0,0.0,0.0,0.0,0.0,0.0,0.0,0.0,0.0,0.0
35,random,1,1,252.94899463765432,43.61189562718178,516.3094566295075,86.05157610491791,162.0,16.2,18690.195119121738,1869.0195119121738,10.0,4.759590634887999,22.735345910490235,5.0,7,4.408359977518304,0.5,22.735345910490235,100.0,1.4,0.2333333333333333,0.7596973118163408,0.0,6,0.0,0.0,0.0,0.0,0.0,0.0,100.0,1.0,0.0,36.4120754629414,0.4,4.558183870898045,0.0,0.0,0.0,0.0,0.0,0.0
36,random,1,1,161.42021972047152,33.6292124417649,1032922.1285900123,172153.68809833538,190.0,16.964285714285715,22717.242716715562,2028.3252425638896,11.2,3.934182544556507,36.17481050143946,6.4,13,3.285692485465545,0.5714285714285714,36.17481050143946,100.0,2.6,0.43333333333333335,3.0990172840654715,0.0,6,10.825329701651754,0.2,9.23759393533684,0.0,0.0,0.0,100.0,1.0,0.0,100.0,1.0,0.0,6.2235333069850185,0.4,9.356509769055991,0.0,0.0,0.0
37,random,2,1,150.58411943398738,30.116823886797476,1000150.5841194341,166691.76401990568,123.8,12.137254901960784,18391.186416975266,1803.0574918603202,10.2,4.907247561493494,28.54101271604918,3.8,10,4.521069414402079,0.37254901960784315,28.54101271604918,100.0,2.0,0.3333333333333333,1.4819983634787663,0.0,6,0.0,0.0,0.0,0.0,0.0,0.0,60.0,0.8,0.0,100.0,1.0,0.0,0.0,0.0,0.0,11.246076296295087,0.2,8.891990180872599
38,random,2,2,280.4658119439656,56.09316238879312,222234.81067759744,37039.135112932905,123.0,12.3,19195.371733233096,1919.5371733233096,10.0,5.072126506604827,22.550882892894986,4.0,8,4.703127443712046,0.4,22.550882892894986,100.0,1.6,0.26666666666666666,0.3549014037680587,0.0,6,0.0,0.0,0.0,0.0,0.0,0.0,35.30529735736991,0.6,2.129408422608352,100.0,1.0,0.0,0.0,0.0,0.0,0.0,0.0,0.0
39,random,2,2,174.21074095265345,36.293904365136136,1200174.2107409525,200029.0351234921,130.8,14.863636363636363,18302.477482866965,2079.826986689428,8.8,4.9668866158074305,20.02133065257283,4.0,8,4.760399628245762,0.45454545454545453,20.02133065257283,100.0,1.6,0.26666666666666666,3.0268807573863845,0.0,6,0.0,0.0,0.0,10.876194875608007,0.2,9.194392077717323,0.0,0.0,0.0,100.0,1.0,0.0,9.251789039828964,0.4,8.966892466600983,0.0,0.0,0.0
40,random,2,2,320.2882064044273,57.194322572219164,1488.5886826601857,248.0981137766976,96.6,11.232558139534884,15065.798024922897,1751.8369796421973,8.6,4.592359856665235,1.9617299720154808,2.4,3,4.4619021252250475,0.27906976744186046,1.9617299720154808,11.770379832092885,0.6000000000000001,0.10000000000000002,1.3032485897288735,0.0,6,0.0,0.0,0.0,0.0,0.0,0.0,11.770379832092885,0.4,7.81949153837324,0.0,0.2,0.0,0.0,0.0,0.0,0.0,0.0,0.0
41,random,2,2,254.39737902017472,57.8175861409488,407863.87161401217,67977.3119356687,115.2,14.048780487804878,14367.012240657361,1752.0746634948002,8.2,4.317384406217457,15.88185715891143,4.8,5,4.922729202459301,0.5853658536585366,15.88185715891143,95.29114295346858,1.0,0.16666666666666666,0.7570871946951155,0.0,6,0.0,0.0,0.0,0.0,0.0,0.0,0.0,0.0,0.0,95.29114295346858,1.0,4.5425231681706935,0.0,0.0,0.0,0.0,0.0,0.0
42,random,3,2,565.1548731957912,100.920513070677,400565.15487319586,66760.85914553264,35.0,3.8043478260869565,18044.17476142881,1961.3233436335663,9.2,4.229131064046343,13.49718157455849,3.2,7,4.5043841128213,0.34782608695652173,13.49718157455849,60.0,1.4000000000000001,0.23333333333333336,2.9871144890073964,0.0,6,9.58149212134117,0.4,9.151986027788372,0.0,0.0,0.0,0.0,0.0,0.0,60.0,0.8,0.0,0.0,0.0,0.0,11.401597326009778,0.2,8.770700906256005
43,random,3,3,232.8997565437282,44.788414719947724,27403.012790307774,4567.168798384629,44.0,5.5,16330.588096487505,2041.3235120609381,8.0,5.155309315364176,0.4797771388240335,2.8,1,4.5115923593973,0.35,0.4797771388240335,2.878662832944201,0.2,0.03333333333333333,1.3953194285742943,0.0,6,0.0,0.0,0.0,0.0,0.0,0.0,2.878662832944201,0.2,8.371916571445766,0.0,0.0,0.0,0.0,0.0,0.0,0.0,0.0,0.0
44,random,3,3,122.79810165946307,25.582937845721474,1028376.7605455082,171396.12675758472,59.0,7.375,17154.248953930346,2144.2811192412933,8.0,5.46011776607253,0.0,3.4,1,4.67153976259206,0.425,0.0,0.0,0.2,0.03333333333333333,0.0,0.0,6,0.0,0.0,0.0,0.0,0.0,0.0,0.0,0.2,0.0,0.0,0.0,0.0,0.0,0.0,0.0,0.0,0.0,0.0
45,random,3,3,94.27711399471062,22.446931903502527,1046390.8120488927,174398.46867481546,74.8,10.108108108108109,12373.022229003618,1672.0300309464349,7.4,4.745275098895055,5.2028865927055294,3.6,5,4.8556129429718125,0.4864864864864865,5.2028865927055294,12.420446692837004,1.0,0.16666666666666666,4.345978526324038,0.0,6,10.543350520197237,0.4,8.945415984932334,0.0,0.0,0.0,0.0,0.0,0.0,8.253522343198938,0.4,9.079214950092137,12.420446692837004,0.2,8.05124022291976,0.0,0.0,0.0
46,random,3,3,93.9364922144685,29.355153817021407,2318813.5558603075,386468.9259767179,98.0,13.243243243243244,13960.610414740024,1886.5689749648682,7.4,4.63225380400253,0.754590917817192,5.2,1,5.212669767018048,0.7027027027027027,0.754590917817192,4.527545506903152,0.2,0.03333333333333333,1.478901576080049,0.0,6,4.527545506903152,0.2,8.873409456480294,0.0,0.0,0.0,0.0,0.0,0.0,0.0,0.0,0.0,0.0,0.0,0.0,0.0,0.0,0.0
47,random,3,3,231.81649585557952,55.19440377513798,1800231.816495855,300038.63608264254,123.0,16.18421052631579,13810.41582928156,1817.159977537047,7.6,6.3533118237876876,1.803173599757694,5.4,2,6.155537259609691,0.7105263157894737,1.803173599757694,10.819041598546164,0.4,0.06666666666666667,1.5404938149887781,0.0,6,0.0,0.2,0.0,0.0,0.0,0.0,10.819041598546164,0.2,9.242962889932668,0.0,0.0,0.0,0.0,0.0,0.0,0.0,0.0,0.0
48,random,2,3,477.32518440474115,82.29744558702434,200477.32518440476,33412.88753073413,148.0,16.444444444444443,16302.43336653641,1811.3814851707123,9.0,5.49775792008266,0.0,5.2,0,5.992946193787652,0.5777777777777777,0.0,0.0,0.0,0.0,0.0,0.0,6,0.0,0.0,0.0,0.0,0.0,0.0,0.0,0.0,0.0,0.0,0.0,0.0,0.0,0.0,0.0,0.0,0.0,0.0
49,random,2,2,294.5824319708004,50.79007447772421,200294.5824319708,33382.430405328465,173.0,16.634615384615383,19402.436047193143,1865.6188506916483,10.4,4.20229031025345,0.5052723293133946,5.4,2,4.4939731193265775,0.5192307692307693,0.5052723293133946,3.031633975880368,0.4,0.06666666666666667,1.441798897444581,0.0,6,0.0,0.0,0.0,0.0,0.0,0.0,0.0,0.0,0.0,3.031633975880368,0.4,8.650793384667486,0.0,0.0,0.0,0.0,0.0,0.0
50,random,2,2,217.54128247394132,36.256880412323554,217.54128247394132,36.256880412323554,198.0,19.03846153846154,19956.648536876783,1918.9085131612292,10.4,5.116816558347958,4.9088982593305746,5.0,3,4.381420490973261,0.4807692307692308,4.9088982593305746,22.327253700534584,0.6000000000000001,0.10000000000000002,2.188637537958783,0.0,6,0.0,0.0,0.0,0.0,0.0,0.0,0.0,0.0,0.0,0.0,0.0,0.0,7.126135855448865,0.2,6.201153403406308,22.327253700534584,0.4,6.930671824346389
51,random,2,2,124.70939496197302,31.177348740493255,606233.8565812416,101038.9760968736,227.0,22.7,17572.476417511287,1757.2476417511286,10.0,4.745475587944461,35.52034259475116,6.8,12,5.1422363330816205,0.68,35.52034259475116,100.0,2.4,0.39999999999999997,2.991643357416653,0.0,6,2.3713480464198256,0.2,8.648146764747796,0.0,0.0,0.0,10.750707522087168,0.2,9.301713379752123,0.0,0.0,0.0,100.0,1.0,0.0,100.0,1.0,0.0
52,random,2,2,302.37470263451615,79.57229016697794,2586491.2589423778,431081.8764903963,262.0,24.71698113207547,17541.093214911845,1654.8201146143251,10.6,3.3612665052355237,35.50586685094667,7.6,12,4.611219964247791,0.7169811320754716,35.50586685094667,100.0,2.4,0.39999999999999997,1.278589147305465,0.0,6,0.0,0.2,0.0,0.0,0.0,0.0,0.0,0.0,0.0,13.035201105680017,0.2,7.6715348838327895,100.0,1.0,0.0,100.0,1.0,0.0
53,random,2,2,320.92214883855246,80.23053720963811,1739330.8853354747,289888.4808892458,300.0,25.0,20948.523272844286,1745.7102727370236,12.0,1.8829323590472893,33.333333333333336,8.0,10,2.206633513395938,0.6666666666666666,33.333333333333336,100.0,2.0,0.3333333333333333,0.0,0.0,6,0.0,0.0,0.0,0.0,0.0,0.0,0.0,0.0,0.0,0.0,0.0,0.0,100.0,1.0,0.0,100.0,1.0,0.0
54,random,0,2,418.9036419991036,83.78072839982073,1000418.9036419988,166736.48394033313,201.2,16.225806451612904,24180.828327335832,1950.0668005915993,12.4,3.829816576559172,28.55982181159959,6.0,10,3.5785513245725062,0.4838709677419355,28.55982181159959,100.0,2.0,0.3333333333333333,1.4672742406836374,0.0,6,0.0,0.0,0.0,11.358930869597543,0.2,8.803645444101825,0.0,0.0,0.0,0.0,0.0,0.0,100.0,1.0,0.0,60.0,0.8,0.0
55,random,0,0,249.2848002651868,41.54746671086446,249.2848002651868,41.54746671086446,209.0,19.35185185185185,20964.707902999126,1941.1766576851044,10.8,6.303468802475696,20.151614963559723,5.0,10,4.721200131801277,0.46296296296296297,20.151614963559723,100.0,2.0,0.3333333333333333,4.157508021108444,0.0,6,6.232748113965272,0.2,8.278726154845208,0.0,0.0,0.0,6.445114074793992,0.4,8.940788075048477,0.0,0.0,0.0,100.0,1.0,0.0,8.231827592599075,0.4,7.725533896756981
56,random,0,0,94.61862469170764,19.712213477439093,1200094.6186246919,200015.76977078198,234.0,29.25,14419.15466565321,1802.3943332066513,8.0,7.0890236176158945,16.666666666666668,5.4,6,5.899483427216884,0.675,16.666666666666668,100.0,1.2,0.19999999999999998,0.0,0.0,6,0.0,0.2,0.0,0.0,0.0,0.0,0.0,0.0,0.0,0.0,0.0,0.0,100.0,1.0,0.0,0.0,0.0,0.0
57,random,0,0,130.79763173482732,31.14229327019698,1223750.193904692,203958.365650782,261.0,29.0,15791.172145787326,1754.5746828652586,9.0,5.802088716690281,18.453266200525416,6.0,6,5.997306630581821,0.6666666666666666,18.453266200525416,100.0,1.2,0.19999999999999998,1.5547847881602515,0.0,6,0.0,0.0,0.0,0.0,0.0,0.0,10.719597203152489,0.2,9.328708728961509,0.0,0.0,0.0,100.0,1.0,0.0,0.0,0.0,0.0
58,random,0,0,277.87937106019274,57.89153563754016,1838496.5569888626,306416.0928314771,291.0,29.693877551020407,17741.086579045364,1810.3149570454455,9.8,5.156590237285057,16.666666666666668,6.4,5,5.292289355630473,0.6530612244897959,16.666666666666668,100.0,1.0,0.16666666666666666,0.0,0.0,6,0.0,0.0,0.0,0.0,0.0,0.0,0.0,0.0,0.0,0.0,0.0,0.0,100.0,1.0,0.0,0.0,0.0,0.0
59,random,0,0,460.6074743597563,92.12149487195126,1000460.6074743599,166743.43457905998,321.0,26.75,23656.43002644032,1971.369168870027,12.0,3.811250882938711,19.024798188521952,6.2,8,3.946545237168693,0.5166666666666667,19.024798188521952,100.0,1.6,0.26666666666666666,2.8779357370765464,0.0,6,11.614238061832793,0.2,8.610121427476528,0.0,0.0,0.0,2.5345510692989137,0.4,8.65749299498275,0.0,0.0,0.0,100.0,1.0,0.0,0.0,0.0,0.0
60,random,3,0,270.1283479419453,45.021391323657554,270.1283479419453,45.021391323657554,246.2,23.673076923076923,21213.769357024998,2039.7855150985574,10.4,5.254828483385717,16.895627365704513,4.4,7,4.371866143265233,0.4230769230769231,16.895627365704513,100.0,1.4,0.2333333333333333,1.4428265995966891,0.0,6,0.0,0.0,0.0,0.0,0.0,0.0,1.3737641942270784,0.4,8.656959597580135,0.0,0.0,0.0,100.0,1.0,0.0,0.0,0.0,0.0
61,random,3,3,212.18778592582845,35.36463098763807,212.18778592582845,35.36463098763807,215.8,26.317073170731707,16381.502694891731,1997.7442310843574,8.2,7.5768694737484195,16.813541004355177,3.6,7,4.998587694933817,0.43902439024390244,16.813541004355177,100.0,1.4,0.2333333333333333,1.3654555703823765,0.0,6,0.8812460261310662,0.4,8.192733422294259,0.0,0.0,0.0,0.0,0.0,0.0,0.0,0.0,0.0,100.0,1.0,0.0,0.0,0.0,0.0
62,random,3,3,217.90835504168854,37.57040604167044,200217.90835504176,33369.65139250696,110.2,15.305555555555555,13279.388779194564,1844.3595526659115,7.2,6.9028351742204705,7.281564300038402,1.4,4,5.688199593088311,0.19444444444444445,7.281564300038402,31.01284764430943,0.8,0.13333333333333333,1.6271207289323977,0.0,6,0.0,0.0,0.0,0.0,0.0,0.0,0.0,0.0,0.0,0.0,0.0,0.0,31.01284764430943,0.6,1.8741353305919937,12.67653815592098,0.2,7.888589043002392
63,random,3,3,191.3439081450884,39.86331419689342,606927.7568165686,101154.62613609475,119.6,19.29032258064516,11407.919040344274,1839.986941991012,6.2,6.343662493860514,17.735504755757272,3.0,8,5.763499429282027,0.4838709677419355,17.735504755757272,95.07168316697744,1.6,0.26666666666666666,2.0951145962651143,0.0,6,0.0,0.0,0.0,0.0,0.0,0.0,11.341345367566191,0.4,8.535078675299884,0.0,0.0,0.0,0.0,0.2,0.0,95.07168316697744,1.0,4.035608902290802
64,random,3,3,449.9870666788587,80.35483333551049,214809.00267182477,35801.500445304126,122.8,15.35,16062.360185341498,2007.7950231676873,8.0,2.2262172620853984,10.0,1.8,4,2.0803131044488157,0.225,10.0,60.0,0.8,0.13333333333333333,0.0,0.0,6,0.0,0.0,0.0,0.0,0.0,0.0,0.0,0.0,0.0,0.0,0.0,0.0,0.0,0.0,0.0,60.0,0.8,0.0
65,random,3,3,369.1085910664603,65.91224840472506,2168.8959596329287,361.4826599388214,126.4,15.8,15769.725038991333,1971.2156298739167,8.0,3.908223452559561,1.8367969883790163,1.8,2,2.4020975355729357,0.225,1.8367969883790163,11.020781930274097,0.4,0.06666666666666667,1.4178203267976637,0.0,6,0.0,0.0,0.0,11.020781930274097,0.4,8.506921960785983,0.0,0.0,0.0,0.0,0.0,0.0,0.0,0.0,0.0,0.0,0.0,0.0
66,random,0,3,270.4254088491185,45.07090147485309,270.4254088491185,45.07090147485309,130.4,18.11111111111111,16931.706629450295,2351.625920756985,7.2,6.158540548712906,3.8603460376216012,1.6,4,4.041401847852083,0.2222222222222222,3.8603460376216012,11.51209651249701,0.8,0.13333333333333333,4.38114115920229,0.0,6,0.6707125186665053,0.4,8.492255874536932,0.0,0.0,0.0,10.979267194566091,0.2,9.10807599704764,11.51209651249701,0.2,8.686515083629166,0.0,0.0,0.0,0.0,0.0,0.0
67,random,0,0,178.82242808111693,34.38892847713787,219434.57802057196,36572.42967009533,137.4,20.818181818181817,10651.527748162593,1613.867840630696,6.6,5.934750798661103,2.037147962903987,2.6,1,5.677686092602414,0.3939393939393939,2.037147962903987,12.22288777742392,0.2,0.03333333333333333,1.3635621115208594,0.0,6,0.0,0.0,0.0,0.0,0.0,0.0,0.0,0.0,0.0,0.0,0.0,0.0,12.22288777742392,0.2,8.181372669125157,0.0,0.0,0.0
68,random,0,0,298.12388700139985,67.7554288639545,1211762.5625629968,201960.42709383278,152.0,19.0,15809.471788059749,1976.1839735074686,8.0,4.021370372873995,0.0,3.2,0,4.793063660372884,0.4,0.0,0.0,0.0,0.0,0.0,0.0,6,0.0,0.0,0.0,0.0,0.0,0.0,0.0,0.0,0.0,0.0,0.0,0.0,0.0,0.0,0.0,0.0,0.0,0.0
69,random,0,0,75.43826600429296,19.85217526428762,2200075.4382660044,366679.23971100076,167.0,20.365853658536587,18157.270510836337,2214.30128180931,8.2,4.381939486775238,3.730064163843849,3.2,2,4.344432984450506,0.3902439024390244,3.730064163843849,11.250358900274477,0.4,0.06666666666666667,2.9788850388179386,0.0,6,0.0,0.0,0.0,0.0,0.0,0.0,11.130026082788618,0.2,8.984704910497847,0.0,0.0,0.0,0.0,0.0,0.0,11.250358900274477,0.2,8.888605322409784
70,random,0,0,100.06949944331588,23.82607129602759,1800100.0694994435,300016.6782499073,182.6,22.825,15489.14712704831,1936.1433908810388,8.0,5.8128726674044255,3.5578036300294493,3.6,3,5.302142774151299,0.45,3.5578036300294493,11.586947955040614,0.6000000000000001,0.10000000000000002,2.944614006765207,0.0,6,0.0,0.0,0.0,0.0,0.0,0.0,9.759873825136083,0.4,9.037283663544804,0.0,0.0,0.0,0.0,0.0,0.0,11.586947955040614,0.2,8.63040037704644
71,random,0,0,308.17065715653695,70.03878571739476,1206197.2979716286,201032.88299527144,202.6,24.70731707317073,14465.254701877153,1764.0554514484331,8.2,4.279260978305383,1.8297372229238817,4.6,1,5.270348600443755,0.5609756097560976,1.8297372229238817,10.97842333754329,0.2,0.03333333333333333,1.5181293482891205,0.0,6,10.97842333754329,0.2,9.108776089734723,0.0,0.0,0.0,0.0,0.0,0.0,0.0,0.0,0.0,0.0,0.0,0.0,0.0,0.0,0.0
72,random,2,0,78.33983083359156,19.58495770839789,1752598.1768204577,292099.69613674295,227.0,27.682926829268293,15609.411320028352,1903.586746344921,8.2,4.778176444744713,1.8343380621598726,5.2,1,4.994197903690266,0.6341463414634146,1.8343380621598726,11.006028372959236,0.2,0.03333333333333333,1.5143216155625294,0.0,6,11.006028372959236,0.2,9.085929693375176,0.0,0.0,0.0,0.0,0.0,0.0,0.0,0.0,0.0,0.0,0.0,0.0,0.0,0.0,0.0
73,random,2,2,331.55251591032436,63.760099213523915,800331.5525159102,133388.59208598503,252.0,30.0,15243.72954487736,1814.7297077234953,8.4,6.4882754999727865,1.3258884084899591,5.2,2,5.693159541932595,0.6190476190476191,1.3258884084899591,7.955330450939755,0.4,0.06666666666666667,1.380993345923101,0.0,6,0.0,0.0,0.0,0.0,0.0,0.0,0.0,0.0,0.0,7.955330450939755,0.4,8.285960075538606,0.0,0.0,0.0,0.0,0.0,0.0
74,random,2,2,276.0266063343252,55.20532126686504,747026.9292351024,124504.4882058504,279.0,30.32608695652174,15722.929674466573,1709.0140950507146,9.2,5.557984114678657,0.7215475401873542,6.0,2,5.964009355557015,0.6521739130434783,0.7215475401873542,4.329285241124126,0.4,0.06666666666666667,1.439480333387231,0.0,6,0.0,0.0,0.0,0.0,0.0,0.0,4.329285241124126,0.4,8.636882000323386,0.0,0.0,0.0,0.0,0.0,0.0,0.0,0.0,0.0
75,random,2,2,365.8932862910979,76.22776797731207,1200365.893286291,200060.98221438183,309.0,27.589285714285715,19770.28388549623,1765.2039183478776,11.2,1.9472662505835336,3.833892021791788,6.6,2,2.5091253148547192,0.5892857142857143,3.833892021791788,23.003352130750727,0.4,0.06666666666666667,1.1742159958686993,0.0,6,0.0,0.0,0.0,0.0,0.0,0.0,0.0,0.0,0.0,0.0,0.0,0.0,23.003352130750727,0.4,7.045295975212196,0.0,0.0,0.0
76,random,2,2,247.70578492294112,49.54115698458823,430664.2976914236,71777.38294857061,342.0,28.5,21170.90181701322,1764.241818084435,12.0,3.8461102348561074,20.874686945236363,7.0,7,4.3016769224960685,0.5833333333333334,20.874686945236363,100.0,1.4,0.2333333333333333,1.1204594378313006,0.0,6,0.0,0.0,0.0,0.0,0.0,0.0,0.0,0.0,0.0,0.0,0.0,0.0,100.0,1.0,0.0,25.248121671418176,0.4,6.722756626987803
77,random,3,2,65.78295511053966,16.445738777634915,1919954.0826207162,319992.3471034527,315.0,28.636363636363637,21160.599651902085,1923.690877445644,11.0,5.124209933374388,35.19411392105743,6.2,11,4.866104876227061,0.5636363636363636,35.19411392105743,100.0,2.2,0.3666666666666667,1.4928024271659328,0.0,6,11.164683526344561,0.2,8.956814562995596,0.0,0.0,0.0,0.0,0.0,0.0,0.0,0.0,0.0,100.0,1.0,0.0,100.0,1.0,0.0
78,random,3,3,34.9341589123385,9.193199713773291,2200034.9341589124,366672.4890264854,342.0,39.76744186046512,16627.419912166682,1933.4209200193816,8.6,6.741229679562152,38.6524175224802,6.2,14,5.637766311470867,0.7209302325581395,38.6524175224802,100.0,2.8,0.4666666666666666,4.412538184194495,0.0,6,11.76872315075343,0.2,8.49709851434461,0.0,0.0,0.0,9.33039359987447,0.4,8.732045619376004,10.81538838425331,0.2,9.246084971446354,100.0,1.0,0.0,100.0,1.0,0.0
79,random,3,3,544.0872615405145,123.65619580466239,1600544.0872615403,266757.3478769234,372.0,37.95918367346939,16561.41196823836,1689.9399967590164,9.8,3.8434260516348298,33.333333333333336,6.8,10,5.602551451152877,0.6938775510204082,33.333333333333336,100.0,2.0,0.3333333333333333,0.0,0.0,6,0.0,0.0,0.0,0.0,0.0,0.0,0.0,0.0,0.0,0.0,0.0,0.0,100.0,1.0,0.0,100.0,1.0,0.0
80,random,3,3,376.0046931105682,64.82839536389108,200376.00469311053,33396.00078218509,402.0,35.26315789473684,21643.643934689295,1898.5652574288854,11.4,3.756271594792449,33.333333333333336,6.2,10,3.8507511821729916,0.543859649122807,33.333333333333336,100.0,2.0,0.3333333333333333,0.0,0.0,6,0.0,0.0,0.0,0.0,0.0,0.0,0.0,0.0,0.0,0.0,0.0,0.0,100.0,1.0,0.0,100.0,1.0,0.0
81,random,3,3,202.3099490601668,33.71832484336113,202.3099490601668,33.71832484336113,432.0,36.0,24609.600841276846,2050.800070106404,12.0,4.496190916736765,33.5454676930442,6.0,12,2.806456325078142,0.5,33.5454676930442,100.0,2.4,0.39999999999999997,1.408230360969901,0.0,6,0.0,0.0,0.0,0.0,0.0,0.0,1.2728061582652117,0.4,8.449382165819406,0.0,0.0,0.0,100.0,1.0,0.0,100.0,1.0,0.0
82,random,3,3,255.7963272882583,51.159265457651664,265622.2843364981,44270.38072274969,463.2,43.698113207547166,17670.056425025505,1666.9864551910855,10.6,6.239462674284176,36.487060659416294,6.8,13,5.289275671540914,0.6415094339622641,36.487060659416294,100.0,2.6,0.43333333333333335,2.924759109271656,0.0,6,7.729698319292311,0.4,8.614132486563175,0.0,0.0,0.0,0.0,0.0,0.0,11.192665637205437,0.2,8.934422169066762,100.0,1.0,0.0,100.0,1.0,0.0
83,random,2,3,60.35478106000933,15.088695265002332,2491338.2022044845,415223.0337007474,501.0,50.1,17488.765323669657,1748.8765323669659,10.0,6.495829212119531,35.17381734232117,8.0,11,5.958155916498906,0.8,35.17381734232117,100.0,2.2,0.3666666666666667,1.509264826107018,0.0,6,0.0,0.0,0.0,11.042904053927032,0.2,9.055588956642108,0.0,0.0,0.0,0.0,0.0,0.0,100.0,1.0,0.0,100.0,1.0,0.0
84,random,2,2,35.46814067023729,8.867035167559322,2000035.4681406699,333339.24469011166,541.0,58.80434782608695,15034.600363162655,1634.1956916481147,9.2,7.893745122076941,33.333333333333336,8.2,10,6.299566823795761,0.8913043478260869,33.333333333333336,100.0,2.0,0.3333333333333333,0.0,0.0,6,0.0,0.0,0.0,0.0,0.0,0.0,0.0,0.0,0.0,0.0,0.0,0.0,100.0,1.0,0.0,100.0,1.0,0.0
85,random,2,2,333.6343538739107,75.82598951679788,1400537.2045437293,233422.8674239549,581.0,50.08620689655172,19689.266577766142,1697.3505670488055,11.6,4.894102483462543,34.63030268681374,8.4,12,5.724996185462557,0.7241379310344828,34.63030268681374,100.0,2.4,0.39999999999999997,1.4939610234461727,0.0,6,0.0,0.0,0.0,0.0,0.0,0.0,7.781816120882468,0.4,8.963766140677036,0.0,0.0,0.0,100.0,1.0,0.0,100.0,1.0,0.0
86,random,2,2,246.91913311952538,53.67807241728813,1400246.9191331195,233374.48652218658,621.0,51.75,20998.01564288308,1749.8346369069234,12.0,3.6828049233853815,33.333333333333336,8.4,10,4.791952066092088,0.7,33.333333333333336,100.0,2.0,0.3333333333333333,0.0,0.0,6,0.0,0.0,0.0,0.0,0.0,0.0,0.0,0.0,0.0,0.0,0.0,0.0,100.0,1.0,0.0,100.0,1.0,0.0
87,random,2,2,420.93702789262426,77.95130146159708,200900.32629323486,33483.387715539146,661.0,47.214285714285715,25251.782130885793,1803.6987236346995,14.0,3.1959681664445143,33.333333333333336,8.2,10,2.4952419880048766,0.5857142857142857,33.333333333333336,100.0,2.0,0.3333333333333333,0.0,0.0,6,0.0,0.0,0.0,0.0,0.0,0.0,0.0,0.0,0.0,0.0,0.0,0.0,100.0,1.0,0.0,100.0,1.0,0.0
88,random,3,2,180.0230056220451,36.00460112440902,1246281.6332676264,207713.6055446044,704.0,49.57746478873239,26912.488674109958,1895.2456812753492,14.2,5.246395874727265,35.45349741245597,9.2,13,4.723533724983386,0.647887323943662,35.45349741245597,100.0,2.6,0.43333333333333335,2.9223080566773505,0.0,6,11.210569465970366,0.2,8.920153459068208,0.0,0.0,0.0,0.0,0.0,0.0,1.5104150087654489,0.4,8.613694880995897,100.0,1.0,0.0,100.0,1.0,0.0
89,random,3,3,251.92593793531296,50.38518758706259,1000251.9259379354,166708.65432298923,749.0,55.0735294117647,24864.054859379172,1828.2393278955274,13.6,5.304513340853029,35.36916592889573,9.2,13,4.8109791196039735,0.6764705882352942,35.36916592889573,100.0,2.6,0.43333333333333335,2.9492192711524425,0.0,6,11.051439361642679,0.2,9.048595094959293,0.0,0.0,0.0,1.1635562117317022,0.4,8.646720531955362,0.0,0.0,0.0,100.0,1.0,0.0,100.0,1.0,0.0
90,random,3,3,230.29972025414162,57.574930063535405,1195261.1660554018,199210.19434256697,796.0,58.529411764705884,22901.190550438427,1683.9110698851784,13.6,4.1247639255010595,33.333333333333336,10.2,10,4.906904569499485,0.75,33.333333333333336,100.0,2.0,0.3333333333333333,0.0,0.0,6,0.0,0.0,0.0,0.0,0.0,0.0,0.0,0.0,0.0,0.0,0.0,0.0,100.0,1.0,0.0,100.0,1.0,0.0
91,random,3,3,282.1441271507602,56.42882543015204,1488188.880344031,248031.4800573385,846.0,58.75,25019.205757650205,1737.4448442812643,14.4,5.249300051245864,34.595783916248216,10.2,12,4.8130193029494315,0.7083333333333334,34.595783916248216,100.0,2.4,0.39999999999999997,1.3936192542624968,0.0,6,0.0,0.0,0.0,0.0,0.0,0.0,0.0,0.0,0.0,7.574703497489281,0.4,8.361715525574981,100.0,1.0,0.0,100.0,1.0,0.0
92,random,3,3,446.3699856691877,82.66110845725697,401783.62565214484,66963.9376086908,899.0,59.93333333333333,26758.698060342304,1783.91320402282,15.0,5.7157884168745365,35.14313507119861,11.2,11,5.697874395427046,0.7466666666666667,35.14313507119861,100.0,2.2,0.3666666666666667,1.5348519783466796,0.0,6,10.858810427191656,0.2,9.209111870080077,0.0,0.0,0.0,0.0,0.0,0.0,0.0,0.0,0.0,100.0,1.0,0.0,100.0,1.0,0.0
93,random,3,3,257.82908860104396,64.45727215026099,1317415.020566451,219569.17009440847,956.6,60.54430379746835,24756.63070714246,1566.8753612115481,15.8,3.596177227145422,35.1500652577594,12.6,11,5.091891656883446,0.7974683544303798,35.1500652577594,100.0,2.2,0.3666666666666667,1.528997063590059,0.0,6,0.0,0.0,0.0,0.0,0.0,0.0,0.0,0.0,0.0,10.90039154655642,0.2,9.173982381540354,100.0,1.0,0.0,100.0,1.0,0.0
94,random,1,3,633.366958394716,109.20119972322689,200633.3669583947,33438.89449306578,279.6,17.048780487804876,28903.56020542136,1762.4122076476438,16.4,3.7165161865039185,20.0,8.2,8,4.862008680532951,0.5,20.0,60.0,1.6,0.26666666666666666,0.0,0.0,6,0.0,0.0,0.0,0.0,0.0,0.0,0.0,0.0,0.0,0.0,0.0,0.0,60.0,0.8,0.0,60.0,0.8,0.0
95,random,1,1,180.46817238919007,30.078028731531678,180.46817238919007,30.078028731531678,30.0,2.0547945205479454,30829.92540828583,2111.63872659492,14.6,4.920739387047459,10.67384294974166,2.4,7,4.280149766890716,0.1643835616438356,10.67384294974166,26.759648057418417,1.4,0.2333333333333333,2.142342620788696,0.0,6,11.046117722466988,0.2,9.052954396512304,0.0,0.0,0.0,0.0,0.0,0.0,0.0,0.0,0.0,26.23729191856455,0.6,2.0408291118370805,26.759648057418417,0.6,1.760272216382794
96,random,1,1,143.63051812573468,23.938419687622446,143.63051812573468,23.938419687622446,38.0,3.4545454545454546,21819.22277304336,1983.5657066403053,11.0,5.252134735561148,11.443709234511061,2.2,10,3.929222908351226,0.2,11.443709234511061,39.40314215165927,2.0,0.3333333333333333,4.120348875475263,0.0,6,0.0,0.0,0.0,0.0,0.0,0.0,2.150108880632615,0.2,8.465956095047295,1.1081595986524917,0.4,8.690134172700345,39.40314215165927,0.8,3.470363383650824,26.000844776121994,0.6,4.095639601453112
97,random,1,1,243.39895843954756,46.8074920076053,2751.3665477265663,458.56109128776103,51.2,5.688888888888889,15215.544140973168,1690.6160156636854,9.0,4.9975113486615,0.3882862297458208,3.8,5,4.566508060532352,0.4222222222222222,0.3882862297458208,2.3297173784749248,1.0,0.16666666666666666,0.810467533767473,0.0,6,0.0,0.0,0.0,0.0,0.0,0.0,0.0,0.2,0.0,0.0,0.0,0.0,2.3297173784749248,0.6,4.8628052026048385,0.0,0.2,0.0
98,random,1,1,399.3823576042159,86.82225165309042,422304.641984138,70384.10699735633,75.6,8.590909090909092,15883.305537483557,1804.9210838049496,8.8,4.447549323474976,1.9007299676593448,5.4,1,5.41743199172545,0.6136363636363636,1.9007299676593448,11.404379805956069,0.2,0.03333333333333333,1.4614268333962632,0.0,6,11.404379805956069,0.2,8.768561000377579,0.0,0.0,0.0,0.0,0.0,0.0,0.0,0.0,0.0,0.0,0.0,0.0,0.0,0.0,0.0
99,random,3,1,209.29801934561647,49.8328617489563,1800209.2980193458,300034.8830032243,18.6,2.3846153846153846,14075.538082996562,1804.5561644867387,7.8,4.028261926651457,0.5397599158739771,2.8,2,5.148686266761459,0.358974358974359,0.5397599158739771,3.2385594952438623,0.4,0.06666666666666667,1.254854813081035,0.0,6,0.0,0.0,0.0,0.0,0.0,0.0,0.0,0.0,0.0,3.2385594952438623,0.4,7.52912887848621,0.0,0.0,0.0,0.0,0.0,0.0
100,random,3,3,244.06729904229914,45.19764797079613,600244.0672990422,100040.6778831737,25.0,3.125,15572.228638892702,1946.5285798615878,8.0,4.292410490542135,1.845733503481218,2.6,1,4.528466143011581,0.325,1.845733503481218,11.074401020887308,0.2,0.03333333333333333,1.5049722901700822,0.0,6,0.0,0.0,0.0,0.0,0.0,0.0,11.074401020887308,0.2,9.029833741020493,0.0,0.0,0.0,0.0,0.0,0.0,0.0,0.0,0.0
101,random,3,3,251.3042278343026,43.32831514384527,200251.3042278343,33375.21737130572,35.0,4.605263157894737,16231.139384578326,2135.6762348129378,7.6,3.6660266702147206,0.0,2.2,0,3.178622070493549,0.2894736842105263,0.0,0.0,0.0,0.0,0.0,0.0,6,0.0,0.0,0.0,0.0,0.0,0.0,0.0,0.0,0.0,0.0,0.0,0.0,0.0,0.0,0.0,0.0,0.0,0.0
102,random,3,3,314.0863634234855,52.34772723724759,314.0863634234855,52.34772723724759,45.0,5.769230769230769,16696.061480426088,2140.520702618729,7.8,4.908361518310625,2.827389391722287,2.0,4,2.7221198371850557,0.2564102564102564,2.827389391722287,9.912334290822855,0.8,0.13333333333333333,2.889208025966461,0.0,6,9.912334290822855,0.4,8.382151374220847,0.0,0.0,0.0,0.0,0.0,0.0,0.0,0.0,0.0,7.052002059510869,0.4,8.953096781577917,0.0,0.0,0.0
103,random,3,3,64.83253581334722,14.094029524640701,684155.9027237508,114025.9837872918,57.6,8.727272727272727,13067.593246251545,1979.9383706441736,6.6,6.7702357564194955,4.491924441682234,3.2,4,5.007595083772621,0.48484848484848486,4.491924441682234,11.264082777263411,0.8,0.13333333333333333,4.461757277231546,0.0,6,0.0,0.0,0.0,11.264082777263411,0.2,8.877775667793417,10.892243829994186,0.2,9.180844788346368,0.0,0.0,0.0,0.0,0.0,0.0,4.795220042835808,0.4,8.711923207249491
104,random,3,3,449.9088250433471,97.80626631377112,1217297.2018511628,202882.8669751938,77.6,9.238095238095237,13122.210409370795,1562.1679058774757,8.4,5.779295858925945,0.24294768364711672,5.4,2,6.061570039194462,0.6428571428571429,0.24294768364711672,1.4576861018827003,0.4,0.06666666666666667,1.5081574013922365,0.0,6,0.0,0.0,0.0,0.0,0.0,0.0,0.0,0.0,0.0,1.4576861018827003,0.4,9.04894440835342,0.0,0.0,0.0,0.0,0.0,0.0
105,random,3,3,499.86727464309325,86.18401286949884,200499.86727464307,33416.644545773845,105.0,9.051724137931034,20949.321438822575,1805.9759861053944,11.6,2.0675056467971245,0.0,6.2,0,3.2272573913635454,0.5344827586206896,0.0,0.0,0.0,0.0,0.0,0.0,6,0.0,0.0,0.0,0.0,0.0,0.0,0.0,0.0,0.0,0.0,0.0,0.0,0.0,0.0,0.0,0.0,0.0,0.0
106,random,0,3,181.56466052142326,30.260776753570543,181.56466052142326,30.260776753570543,67.6,6.5,22098.507525944347,2124.8564928792644,10.4,3.5627119623345576,0.0,3.2,0,1.593791981407797,0.3076923076923077,0.0,0.0,0.0,0.0,0.0,0.0,6,0.0,0.0,0.0,0.0,0.0,0.0,0.0,0.0,0.0,0.0,0.0,0.0,0.0,0.0,0.0,0.0,0.0,0.0
107,random,0,0,330.83361278059124,57.040278065619184,200330.8336127806,33388.472268796766,80.2,8.354166666666666,19571.45159435969,2038.6928744124677,9.6,5.116920114049735,15.427360135421395,3.4,10,2.725329391392314,0.3541666666666667,15.427360135421395,40.90754109302452,2.2,0.3666666666666667,6.4140913065879746,0.0,6,10.933107297337301,0.2,9.146530559007179,5.858878506003293,0.4,8.60998050076887,0.0,0.0,0.0,11.018827309362678,0.2,9.075375917274807,40.90754109302452,0.8,7.564961225532675,23.84580660680058,0.6,4.087699636944312
108,random,0,0,341.3503214572083,89.82903196242323,1033595.4017897556,172265.9002982926,96.8,11.804878048780488,14331.074801667517,1747.6920489838437,8.2,3.3750397306872273,5.269601032212374,4.2,4,4.718272940105296,0.5121951219512195,5.269601032212374,20.0,0.8,0.13333333333333333,1.4346042023971746,0.0,6,0.0,0.0,0.0,0.0,0.0,0.0,11.617606193274241,0.2,8.607625214383047,0.0,0.0,0.0,0.0,0.2,0.0,20.0,0.4,0.0
109,random,0,0,361.45754368712215,69.51106609367733,800361.4575436872,133393.5762572812,115.0,16.428571428571427,12230.823538489607,1747.2605054985154,7.0,6.738371218626512,0.0,4.2,0,6.051071133294771,0.6,0.0,0.0,0.0,0.0,0.0,0.0,6,0.0,0.0,0.0,0.0,0.0,0.0,0.0,0.0,0.0,0.0,0.0,0.0,0.0,0.0,0.0,0.0,0.0,0.0
110,random,0,0,214.53044294576938,42.906088589153875,1000214.5304429457,166702.42174049094,135.0,18.243243243243242,14279.455803179284,1929.656189618822,7.4,7.290009224656865,1.8600277807153514,4.2,1,6.136232601411639,0.5675675675675675,1.8600277807153514,11.160166684292108,0.2,0.03333333333333333,1.4934066074590928,0.0,6,0.0,0.0,0.0,0.0,0.0,0.0,11.160166684292108,0.2,8.960439644754556,0.0,0.0,0.0,0.0,0.0,0.0,0.0,0.0,0.0
111,random,1,0,105.03950491797696,21.00790098359539,1000105.0395049183,166684.1732508197,57.2,7.944444444444445,13096.618430691642,1818.9747820405057,7.2,6.351956689736162,1.9799674559844032,2.8,1,5.547000938770511,0.3888888888888889,1.9799674559844032,11.879804735906419,0.2,0.03333333333333333,1.4029411288463418,0.0,6,0.0,0.0,0.0,0.0,0.0,0.0,11.879804735906419,0.2,8.41764677307805,0.0,0.0,0.0,0.0,0.0,0.0,0.0,0.0,0.0
112,random,1,1,102.34578476199584,25.58644619049896,1462676.7373300546,243779.45622167576,66.0,8.91891891891892,12919.578464954311,1745.8889817505826,7.4,4.627675977377902,1.9226226449150847,4.0,1,4.928416795848799,0.5405405405405406,1.9226226449150847,11.535735869490509,0.2,0.03333333333333333,1.4447857384413894,0.0,6,0.0,0.0,0.0,0.0,0.0,0.0,0.0,0.0,0.0,0.0,0.0,0.0,11.535735869490509,0.2,8.668714430648336,0.0,0.0,0.0
113,random,1,1,355.95681239619483,74.15766924920726,1200355.956812396,200059.32613539931,86.0,10.0,15897.49890026332,1848.5463837515488,8.6,4.357887626874143,0.22309530618069098,4.6,2,4.7056656251791384,0.5348837209302325,0.22309530618069098,1.338571837084146,0.4,0.06666666666666667,1.3599968074200055,0.0,6,1.338571837084146,0.4,8.159980844520033,0.0,0.0,0.0,0.0,0.0,0.0,0.0,0.0,0.0,0.0,0.0,0.0,0.0,0.0,0.0
114,random,1,1,221.63098805899114,38.212239320515714,200221.630988059,33370.27183134317,106.0,12.926829268292684,16149.97085036906,1969.5086402889099,8.2,6.489246653757368,0.0,4.2,0,5.30969203760293,0.5121951219512195,0.0,0.0,0.0,0.0,0.0,0.0,6,0.0,0.0,0.0,0.0,0.0,0.0,0.0,0.0,0.0,0.0,0.0,0.0,0.0,0.0,0.0,0.0,0.0,0.0
115,random,1,1,183.01679665300279,30.50279944216713,183.01679665300279,30.50279944216713,126.0,15.0,16698.75838240876,1987.9474264772334,8.4,6.516094603424629,2.717242756758272,4.0,2,5.03138518411161,0.47619047619047616,2.717242756758272,11.607867910345249,0.4,0.06666666666666667,2.5305108026529375,0.0,6,0.0,0.0,0.0,11.607867910345249,0.2,8.614846479332977,4.695588630204384,0.2,6.568218336584648,0.0,0.0,0.0,0.0,0.0,0.0,0.0,0.0,0.0
116,random,1,1,304.05861207713554,58.472810014833755,12676.340706423369,2112.7234510705616,147.8,16.065217391304348,14400.367418044343,1565.2573280482982,9.2,6.2501697858233305,24.39592984819304,5.4,8,5.665106794365265,0.5869565217391305,24.39592984819304,100.0,1.5999999999999999,0.26666666666666666,2.277339262377702,0.0,6,0.0,0.0,0.0,0.0,0.0,0.0,100.0,1.0,0.0,35.42607626380686,0.4,4.531200815004803,10.949502825351374,0.2,9.132834759261407,0.0,0.0,0.0
117,random,2,1,371.829833127405,74.365966625481,278106.3984994601,46351.06641657668,121.8,11.711538461538462,19539.852296846664,1878.8319516198715,10.4,4.79991825843681,31.06897008876634,4.8,12,5.284466660524851,0.46153846153846156,31.06897008876634,100.0,2.4,0.39999999999999997,1.4587723190585773,0.0,6,6.413820532598038,0.4,8.752633914351463,0.0,0.0,0.0,80.0,1.0,0.0,100.0,1.0,0.0,0.0,0.0,0.0,0.0,0.0,0.0
118,random,2,2,306.76065843997037,54.77868900713757,400306.76065844,66717.79344307333,135.0,13.5,20283.87520738069,2028.3875207380688,10.0,4.502041819804632,16.666666666666668,4.2,5,4.522893671258439,0.42,16.666666666666668,100.0,1.0,0.16666666666666666,0.0,0.0,6,0.0,0.0,0.0,0.0,0.0,0.0,0.0,0.0,0.0,100.0,1.0,0.0,0.0,0.0,0.0,0.0,0.0,0.0
119,random,2,2,128.32181258256566,25.66436251651313,1000128.3218125826,166688.05363543043,155.2,16.166666666666668,19004.99218106652,1979.6866855277624,9.6,5.319190890670721,20.12473791612668,4.4,9,4.570940865798256,0.4583333333333333,20.12473791612668,100.0,1.7999999999999998,0.3,2.96089958085989,0.0,6,0.0,0.0,0.0,0.0,0.0,0.0,10.17942881126828,0.4,9.003436133265495,100.0,1.0,0.0,0.0,0.0,0.0,10.568998685491806,0.4,8.761961351893843
120,random,2,2,129.46590378099077,28.144761691519737,1400129.4659037807,233354.91098396343,180.4,18.408163265306122,17012.538851562054,1735.9733522002098,9.8,5.166956991436613,18.51972673262215,6.0,6,5.397836569651871,0.6122448979591837,18.51972673262215,100.0,1.2,0.19999999999999998,1.499021984668093,0.0,6,0.0,0.0,0.0,11.118360395732907,0.2,8.994131908008558,0.0,0.0,0.0,100.0,1.0,0.0,0.0,0.0,0.0,0.0,0.0,0.0
121,random,2,2,241.78531301175082,54.951207502670634,1201179.694872472,200196.61581207867,210.2,19.830188679245282,18282.939812485598,1724.8056426873204,10.6,4.255477632612694,20.704277075722075,6.4,9,5.4533081336000855,0.6037735849056604,20.704277075722075,100.0,1.7999999999999998,0.3,1.7536445008175885,0.0,6,0.0,0.0,0.0,0.0,0.0,0.0,19.7628472682959,0.4,2.199959354412445,100.0,1.0,0.0,0.0,0.0,0.0,4.462815186036551,0.4,8.321907650493085
122,random,1,2,351.2127076290957,73.16931408939494,801059.89764154,133509.98294025668,197.6,20.163265306122447,16227.508758124104,1655.8682406249086,9.8,4.041690909174486,27.82483479963351,5.0,9,4.733421595425168,0.5102040816326531,27.82483479963351,100.0,1.8,0.3,1.0431187314682961,0.0,6,0.0,0.0,0.0,0.0,0.0,0.0,66.94900879780107,0.8,6.258712388809777,100.0,1.0,0.0,0.0,0.0,0.0,0.0,0.0,0.0
123,random,1,1,449.0653545253993,77.42506112506885,3964.344233043948,660.724038840658,225.0,22.5,18825.424795654617,1882.5424795654617,10.0,7.095702701729751,35.13739767145429,6.2,11,5.545600892204907,0.62,35.13739767145429,100.0,2.2,0.3666666666666667,1.5397332118825708,0.0,6,0.0,0.0,0.0,0.0,0.0,0.0,100.0,1.0,0.0,100.0,1.0,0.0,10.824386028725712,0.2,9.238399271295425,0.0,0.0,0.0
124,random,1,1,176.39964993135587,30.413732746785495,200176.39964993138,33362.73327498856,255.0,27.717391304347824,17755.760578086076,1929.9739758789212,9.2,8.416870015932243,35.155060359720665,6.2,11,5.793306802299675,0.6739130434782609,35.155060359720665,100.0,2.2,0.3666666666666667,1.5248046153689623,0.0,6,10.930362158323987,0.2,9.148827692213773,0.0,0.0,0.0,100.0,1.0,0.0,100.0,1.0,0.0,0.0,0.0,0.0,0.0,0.0,0.0
125,random,1,1,359.5245046861298,69.13932782425573,601429.9356823005,100238.32261371675,285.2,26.90566037735849,17044.026074630343,1607.9269881726739,10.6,4.152698275394169,33.333333333333336,6.8,10,5.418064828110426,0.6415094339622641,33.333333333333336,100.0,2.0,0.3333333333333333,0.0,0.0,6,0.0,0.0,0.0,0.0,0.0,0.0,100.0,1.0,0.0,100.0,1.0,0.0,0.0,0.0,0.0,0.0,0.0,0.0
126,random,1,1,161.24606377000748,40.31151594250187,1593436.9660625993,265572.8276770999,321.0,26.75,20777.166332640347,1731.430527720029,12.0,2.077119316780958,33.333333333333336,7.8,10,1.8380516751329963,0.65,33.333333333333336,100.0,2.0,0.3333333333333333,0.0,0.0,6,0.0,0.0,0.0,0.0,0.0,0.0,100.0,1.0,0.0,100.0,1.0,0.0,0.0,0.0,0.0,0.0,0.0,0.0
127,random,3,1,611.4479223738527,105.42205558169876,536601.8753537628,89433.64589229379,60.6,5.611111111111111,22365.978323766576,2070.9239188672755,10.8,4.711120473293554,20.0,2.8,8,3.725105536851711,0.25925925925925924,20.0,60.0,1.6,0.26666666666666666,0.0,0.0,6,0.0,0.0,0.0,0.0,0.0,0.0,60.0,0.8,0.0,60.0,0.8,0.0,0.0,0.0,0.0,0.0,0.0,0.0
128,random,3,3,109.13510226175406,19.48841111817037,1422.0630768605238,237.0105128100873,0.6,0.06521739130434782,19383.70478457526,2106.9244331060067,9.2,7.101023935800379,17.04359481811063,0.4,9,4.817328057649431,0.043478260869565216,17.04359481811063,38.109239653738314,1.8,0.3,5.100738942608427,0.0,6,10.943243540357344,0.2,9.138058531843162,11.589937470607765,0.2,8.628174246289191,38.109239653738314,0.6,2.0283044642636407,30.101033833257134,0.6,2.1279197950092295,11.51811441070322,0.2,8.681976618245335,0.0,0.0,0.0
129,random,3,3,180.4662726249709,42.968160148802596,903495.9542664305,150582.65904440507,7.0,1.2962962962962963,9681.013572407564,1792.780291186586,5.4,4.8582639616914625,3.3333333333333335,1.8,4,4.80476151535578,0.3333333333333333,3.3333333333333335,20.0,0.8,0.13333333333333333,1.313399646452628,0.0,6,0.0,0.0,0.0,0.0,0.0,0.0,0.0,0.0,0.0,0.0,0.0,0.0,0.0,0.4,0.0,20.0,0.4,7.880397878715769
130,random,3,3,35.22987344966039,11.743291149886796,2329589.091113465,388264.8485189108,20.0,3.5714285714285716,11326.61890654009,2022.6105190250162,5.6,4.539979477719354,2.5896575781359843,3.4,2,5.222892981610018,0.6071428571428571,2.5896575781359843,11.035158544029855,0.4,0.06666666666666667,2.9350255054731176,0.0,6,0.0,0.0,0.0,0.0,0.0,0.0,4.502786924786051,0.2,8.54820801401511,11.035158544029855,0.2,9.061945018823597,0.0,0.0,0.0,0.0,0.0,0.0
131,random,3,3,287.72822607741375,79.92450724372604,2400287.7282260773,400047.9547043462,35.0,4.861111111111111,12856.857610675952,1785.6746681494378,7.2,2.0360394992390645,0.0,3.6,1,3.5037745877036914,0.5,0.0,0.0,0.2,0.03333333333333333,0.0,0.0,6,0.0,0.0,0.0,0.0,0.0,0.0,0.0,0.2,0.0,0.0,0.0,0.0,0.0,0.0,0.0,0.0,0.0,0.0
132,random,3,3,384.51735948720807,66.29609646331174,200384.51735948722,33397.41955991454,50.0,5.555555555555555,18350.470577084536,2038.941175231615,9.0,2.725592105632338,0.0,3.2,0,1.9590156107060206,0.35555555555555557,0.0,0.0,0.0,0.0,0.0,0.0,6,0.0,0.0,0.0,0.0,0.0,0.0,0.0,0.0,0.0,0.0,0.0,0.0,0.0,0.0,0.0,0.0,0.0,0.0
133,random,3,3,133.2026628895948,23.786189801713356,400133.2026628896,66688.8671104816,65.0,7.222222222222222,20011.27054082042,2223.474504535602,9.0,4.846965060131004,3.4047964173900405,3.0,3,2.825629311187156,0.3333333333333333,3.4047964173900405,11.411214399649907,0.6000000000000001,0.10000000000000002,3.0159371354770435,0.0,6,0.0,0.0,0.0,0.0,0.0,0.0,11.411214399649907,0.2,8.763309188465337,9.017564104690337,0.4,9.332313624396921,0.0,0.0,0.0,0.0,0.0,0.0
134,random,3,3,167.28072544917924,49.20021336740566,1056844.5735597245,176140.7622599541,83.0,8.829787234042554,15703.550023103398,1670.5904279897231,9.4,2.527926323483201,3.004456463607994,5.0,5,2.911803914035105,0.5319148936170213,3.004456463607994,10.99347483158681,1.0,0.16666666666666666,4.376093031380344,0.0,6,6.527739267464767,0.4,8.628114042431116,0.0,0.0,0.0,0.0,0.0,0.0,0.0,0.0,0.0,10.99347483158681,0.2,9.09630499291059,0.5055246825963877,0.4,8.53213915294036
135,random,1,3,414.5083386535409,74.0193461881323,238733.81319913236,39788.96886652206,12.6,1.6153846153846154,14365.521973730483,1841.733586375703,7.8,4.594175072066986,1.9096063550034614,2.4,1,5.529093646782968,0.3076923076923077,1.9096063550034614,11.457638130020769,0.2,0.03333333333333333,1.4546337105024678,0.0,6,11.457638130020769,0.2,8.727802263014807,0.0,0.0,0.0,0.0,0.0,0.0,0.0,0.0,0.0,0.0,0.0,0.0,0.0,0.0,0.0
136,random,1,1,199.52039073469376,35.62864120262389,400199.5203907347,66699.92006512245,22.0,3.3333333333333335,13543.502459077316,2052.0458271329267,6.6,5.475907226107192,0.0,2.4,0,5.245817235906527,0.36363636363636365,0.0,0.0,0.0,0.0,0.0,0.0,6,0.0,0.0,0.0,0.0,0.0,0.0,0.0,0.0,0.0,0.0,0.0,0.0,0.0,0.0,0.0,0.0,0.0,0.0
137,random,1,1,175.04035246202508,30.179371114142256,200175.04035246203,33362.50672541034,32.0,4.324324324324325,15324.555650898114,2070.885898770015,7.4,4.809110658121424,2.3055541623205045,2.2,3,3.615325343564339,0.2972972972972973,2.3055541623205045,11.920809469361302,0.6000000000000001,0.10000000000000002,2.8610265695025823,0.0,6,0.0,0.0,0.0,0.0,0.0,0.0,1.9125155045617248,0.4,8.777467335574329,0.0,0.0,0.0,11.920809469361302,0.2,8.388692081441164,0.0,0.0,0.0
138,random,1,1,355.62002510969324,71.12400502193864,294659.05813066044,49109.84302177674,44.2,5.972972972972973,13912.580799867917,1880.0784864686375,7.4,4.906142718967974,1.8593628292766577,3.2,1,4.342030137285173,0.43243243243243246,1.8593628292766577,11.156176975659946,0.2,0.03333333333333333,1.4939406844324237,0.0,6,0.0,0.0,0.0,0.0,0.0,0.0,0.0,0.0,0.0,11.156176975659946,0.2,8.963644106594542,0.0,0.0,0.0,0.0,0.0,0.0
139,random,1,1,385.5084579974804,71.39045518471859,512599.82770384866,85433.30461730811,63.0,7.682926829268292,16668.157308600075,2032.702110804887,8.2,6.569179988560114,1.7434866077038198,4.2,4,5.15526053281548,0.5121951219512195,1.7434866077038198,8.872739258390538,0.8,0.13333333333333333,2.819838961586356,0.0,6,1.5881803878323808,0.4,8.513960379362107,8.872739258390538,0.4,8.40507339015603,0.0,0.0,0.0,0.0,0.0,0.0,0.0,0.0,0.0,0.0,0.0,0.0
140,random,1,1,234.42414329696922,40.41795574085676,200234.42414329704,33372.40402388284,83.0,10.921052631578947,13818.125911002517,1818.1744619740152,7.6,7.363792308555109,1.7391588438681538,4.2,1,5.884821735047315,0.5526315789473685,1.7391588438681538,10.434953063208923,0.2,0.03333333333333333,1.5971961316653385,0.0,6,0.0,0.0,0.0,0.0,0.0,0.0,0.0,0.0,0.0,0.0,0.0,0.0,10.434953063208923,0.2,9.58317678999203,0.0,0.0,0.0
141,random,1,1,177.09914870283401,34.057528596698845,219661.7000904482,36610.28334840803,105.0,12.804878048780488,14803.3547665392,1805.2871666511219,8.2,5.860166360029592,2.4012205153852997,5.0,1,5.759118967117374,0.6097560975609756,2.4012205153852997,14.407323092311799,0.2,0.03333333333333333,0.762422638521492,0.0,6,0.0,0.0,0.0,0.0,0.0,0.0,14.407323092311799,0.2,4.5745358311289515,0.0,0.0,0.0,0.0,0.0,0.0,0.0,0.0,0.0
142,random,2,1,430.9952837740939,74.3095316851886,200430.99528377416,33405.16588062903,14.4,1.7142857142857142,15806.903305510783,1881.774203036998,8.4,4.254204029549189,16.55779835203437,1.6,7,4.695721274402372,0.19047619047619047,16.55779835203437,80.0,1.4,0.2333333333333333,0.7404458629491817,0.0,6,0.0,0.0,0.0,0.0,0.0,0.0,80.0,1.0,0.0,19.346790112206236,0.4,4.44267517769509,0.0,0.0,0.0,0.0,0.0,0.0
143,random,2,2,158.31962419021585,29.318448924114044,12529.727630656422,2088.287938442737,14.6,1.8717948717948718,14888.153956690836,1908.7376867552352,7.8,5.431297575535624,1.9027148190999317,2.6,1,4.872068546140433,0.3333333333333333,1.9027148190999317,11.41628891459959,0.2,0.03333333333333333,1.4599023195140663,0.0,6,11.41628891459959,0.2,8.759413917084398,0.0,0.0,0.0,0.0,0.0,0.0,0.0,0.0,0.0,0.0,0.0,0.0,0.0,0.0,0.0
144,random,2,2,305.82409101384417,56.634090928489655,600305.8240910138,100050.97068183562,29.0,4.142857142857143,14371.501680909665,2053.0716687013805,7.0,6.158270852484821,2.512024970598835,3.0,2,5.052704187407333,0.42857142857142855,2.512024970598835,11.124832867706118,0.4,0.06666666666666667,2.847733407995353,0.0,6,0.0,0.0,0.0,3.9473169558868904,0.2,8.661731922160833,0.0,0.0,0.0,0.0,0.0,0.0,0.0,0.0,0.0,11.124832867706118,0.2,8.424668525811285
145,random,2,2,129.8127940358522,28.22017261648961,1003006.5793148162,167167.76321913602,44.6,6.5588235294117645,12389.53061554094,1821.9897964030795,6.8,5.890688350363641,0.0,3.6,2,5.5229746123975945,0.5294117647058824,0.0,0.0,0.4,0.06666666666666667,0.0,0.0,6,0.0,0.0,0.0,0.0,0.2,0.0,0.0,0.0,0.0,0.0,0.0,0.0,0.0,0.0,0.0,0.0,0.2,0.0
146,random,2,2,130.99767450103565,31.18992250024658,1535061.5722932238,255843.59538220396,64.0,8.88888888888889,13623.206852507068,1892.1120628482038,7.2,5.844095338518448,4.86535338926122,4.4,2,5.9380071475899445,0.6111111111111112,4.86535338926122,18.316261566449157,0.4,0.06666666666666667,2.2327149144999794,0.0,6,0.0,0.0,0.0,0.0,0.0,0.0,10.875858769118167,0.2,9.1946762203228,18.316261566449157,0.2,4.201613266677076,0.0,0.0,0.0,0.0,0.0,0.0
147,random,0,2,372.4311511292062,74.48623022584124,247658.64469450363,41276.440782417274,77.0,9.166666666666666,15399.134521116974,1833.230300132973,8.4,4.423918444608742,16.666666666666668,4.4,5,5.142528035565136,0.5238095238095238,16.666666666666668,100.0,1.0,0.16666666666666666,0.0,0.0,6,0.0,0.0,0.0,0.0,0.0,0.0,0.0,0.0,0.0,100.0,1.0,0.0,0.0,0.0,0.0,0.0,0.0,0.0
148,random,0,0,272.3973079339895,45.39955132233158,272.3973079339895,45.39955132233158,97.0,11.022727272727273,17858.983200643106,2029.4299091639894,8.8,5.905182665287205,18.46337687887664,4.0,6,4.669775590178309,0.45454545454545453,18.46337687887664,100.0,1.2,0.19999999999999998,1.5460355036113924,0.0,6,0.0,0.0,0.0,0.0,0.0,0.0,10.780261273259839,0.2,9.276213021668354,100.0,1.0,0.0,0.0,0.0,0.0,0.0,0.0,0.0
149,random,0,0,159.94585353849877,27.576871299741168,200159.94585353852,33359.99097558975,117.0,13.928571428571429,17134.284104341234,2039.7957267072898,8.4,6.922034887531685,20.44783862688443,4.2,7,4.845029440694244,0.5,20.44783862688443,100.0,1.4,0.2333333333333333,2.9389174035595462,0.0,6,0.0,0.0,0.0,0.0,0.0,0.0,0.0,0.0,0.0,100.0,1.0,0.0,11.472687778659747,0.2,8.716353301796392,11.214343982646824,0.2,8.917151119560884
150,random,0,0,608.2360554460419,126.71584488459206,404693.7466776431,67448.95777960718,139.0,12.87037037037037,17125.128245072654,1585.6600226919124,10.8,2.6125491142141186,18.467212222441276,6.0,6,3.5142203148736404,0.5555555555555556,18.467212222441276,100.0,1.2,0.19999999999999998,1.542742292117544,0.0,6,10.803273334647656,0.2,9.256453752705264,0.0,0.0,0.0,0.0,0.0,0.0,100.0,1.0,0.0,0.0,0.0,0.0,0.0,0.0,0.0
151,random,0,0,475.2852085875364,91.4010016514493,101946.92133732306,16991.15355622051,172.0,13.870967741935484,22964.235203021664,1851.954451856586,12.4,2.277006839407961,16.666666666666668,7.2,5,2.031278869108719,0.5806451612903226,16.666666666666668,100.0,1.0,0.16666666666666666,0.0,0.0,6,0.0,0.0,0.0,0.0,0.0,0.0,0.0,0.0,0.0,100.0,1.0,0.0,0.0,0.0,0.0,0.0,0.0,0.0
152,random,0,0,355.8299619390226,59.30499365650377,355.8299619390226,59.30499365650377,207.0,15.923076923076923,26575.8567689171,2044.2966745320846,13.0,4.35346251926546,18.5681859360155,7.0,7,3.0634680849454603,0.5384615384615384,18.5681859360155,100.0,1.4,0.2333333333333333,3.0227155772812595,0.0,6,0.0,0.0,0.0,0.8381970562686547,0.2,8.67637761682272,10.57091855982435,0.2,9.459915846864838,100.0,1.0,0.0,0.0,0.0,0.0,0.0,0.0,0.0
153,random,2,0,162.6722922084315,30.12449855711694,10081.894442552064,1680.315740425344,243.2,21.333333333333332,21116.662290452372,1852.3387974081027,11.4,6.5934766072740585,33.607462187803016,7.6,12,5.243108132578586,0.6666666666666666,33.607462187803016,100.0,2.4000000000000004,0.4000000000000001,3.678775115039276,0.0,6,10.91837547798832,0.2,9.158871683942557,0.0,0.2,0.0,0.0,0.0,0.0,100.0,1.0,0.0,79.47434083222788,0.8,4.026514959380853,11.252056816601907,0.2,8.887264046912247
154,random,2,2,182.34231408507875,47.98481949607336,1287530.406382278,214588.401063713,284.8,25.428571428571427,17074.803110685145,1524.5359920254593,11.2,4.924952699629282,33.333333333333336,9.2,10,6.138433785715516,0.8214285714285714,33.333333333333336,100.0,2.0,0.3333333333333333,0.0,0.0,6,0.0,0.0,0.0,0.0,0.0,0.0,0.0,0.0,0.0,100.0,1.0,0.0,100.0,1.0,0.0,0.0,0.0,0.0
155,random,2,2,71.39978092858544,25.499921760209087,3663901.3274829476,610650.2212471579,334.0,28.305084745762713,19112.244708882958,1619.6817549900813,11.8,4.07161603273716,33.333333333333336,10.4,10,5.672912421005577,0.8813559322033898,33.333333333333336,100.0,2.0,0.3333333333333333,0.0,0.0,6,0.0,0.0,0.0,0.0,0.0,0.0,0.0,0.0,0.0,100.0,1.0,0.0,100.0,1.0,0.0,0.0,0.0,0.0
156,random,2,2,753.372174179746,163.77655960429263,1400753.3721741799,233458.8953623633,384.0,26.301369863013697,25292.617100797586,1732.3710343012046,14.6,3.125988202647254,34.68548220839125,10.6,11,4.365712248917404,0.726027397260274,34.68548220839125,100.0,2.2,0.3666666666666667,1.4565681983406344,0.0,6,0.0,0.0,0.0,0.0,0.0,0.0,8.112893250347497,0.2,8.739409190043807,100.0,1.0,0.0,100.0,1.0,0.0,0.0,0.0,0.0
157,random,2,2,415.4943862502776,79.90276658659185,800415.4943862502,133402.58239770835,434.6,26.5,28609.038800392278,1744.453585389773,16.4,2.0814929689859536,33.333333333333336,10.6,11,2.0137625339615806,0.6463414634146342,33.333333333333336,100.0,2.2,0.3666666666666667,0.0,0.0,6,0.0,0.0,0.0,0.0,0.0,0.0,0.0,0.2,0.0,100.0,1.0,0.0,100.0,1.0,0.0,0.0,0.0,0.0
158,random,1,2,223.66135253486314,41.41876898793762,600223.6613525348,100037.27689208912,295.4,19.43421052631579,29952.30062228646,1970.5460935714777,15.2,3.8576170710562376,30.49983636732956,6.8,12,3.264052363672358,0.4473684210526316,30.49983636732956,100.0,2.4000000000000004,0.4000000000000001,2.56898203836589,0.0,6,10.177040665676031,0.4,8.680491572618484,0.0,0.0,0.0,0.0,0.0,0.0,100.0,1.0,0.0,60.0,0.8,0.0,12.821977538301326,0.2,6.733400657576856
159,random,1,1,88.35048296088783,17.670096592177565,1000088.3504829608,166681.39174716015,304.2,25.779661016949152,20984.88100137171,1778.3797458789581,11.8,6.186880908137132,19.057439525689308,6.2,11,4.896295502883647,0.5254237288135594,19.057439525689308,100.0,2.2,0.3666666666666667,2.624251779731538,0.0,6,0.0,0.0,0.0,2.8235234481189764,0.4,8.582441767212003,11.521113706016877,0.6,7.163068911177225,100.0,1.0,0.0,0.0,0.0,0.0,0.0,0.2,0.0
160,random,1,1,293.23048980182205,69.81678328614811,849689.3848090764,141614.8974681794,340.0,31.48148148148148,17968.890295508845,1663.786138473041,10.8,5.99623483745447,35.14587228312924,8.4,11,6.255930966051587,0.7777777777777778,35.14587228312924,100.0,2.2,0.3666666666666667,1.532534116351296,0.0,6,0.0,0.0,0.0,0.0,0.0,0.0,100.0,1.0,0.0,100.0,1.0,0.0,0.0,0.0,0.0,10.875233698775446,0.2,9.195204698107776
161,random,1,1,412.272996945824,73.62017802604001,204805.51918199862,34134.25319699977,380.0,32.20338983050848,20628.39942936284,1748.1694431663423,11.8,5.811658671392013,33.333333333333336,8.2,10,5.861929093514822,0.6949152542372882,33.333333333333336,100.0,2.0,0.3333333333333333,0.0,0.0,6,0.0,0.0,0.0,0.0,0.0,0.0,100.0,1.0,0.0,100.0,1.0,0.0,0.0,0.0,0.0,0.0,0.0,0.0
162,random,1,1,344.93669576810146,59.47184409794853,200344.93669576812,33390.82278262802,420.0,32.8125,23297.04244092071,1820.0814406969305,12.8,5.308490010698671,33.333333333333336,8.2,10,4.950474435285255,0.640625,33.333333333333336,100.0,2.0,0.3333333333333333,0.0,0.0,6,0.0,0.0,0.0,0.0,0.0,0.0,100.0,1.0,0.0,100.0,1.0,0.0,0.0,0.0,0.0,0.0,0.0,0.0
163,random,1,1,106.5036735615613,21.30073471231226,437551.27374408377,72925.21229068063,462.0,36.666666666666664,22374.47594501884,1775.7520591284795,12.6,6.560881680084882,36.5165869746996,9.0,14,5.276712627169486,0.7142857142857143,36.5165869746996,100.0,2.8,0.4666666666666666,2.9493714538713305,0.0,6,9.145354576041882,0.4,8.46926555261016,9.9541672721557,0.4,9.22696317061782,100.0,1.0,0.0,100.0,1.0,0.0,0.0,0.0,0.0,0.0,0.0,0.0
164,random,2,1,163.36327850564405,32.67265570112881,1000163.3632785056,166693.89387975095,439.2,39.214285714285715,19373.887528306685,1729.811386455954,11.2,8.216407587098361,26.666666666666668,7.0,9,6.0621915714878964,0.625,26.666666666666668,100.0,1.8,0.3,0.0,0.0,6,0.0,0.0,0.0,0.0,0.0,0.0,60.0,0.8,0.0,100.0,1.0,0.0,0.0,0.0,0.0,0.0,0.0,0.0
165,random,2,2,205.00666736009384,42.70972236668622,1200205.0066673602,200034.16777789337,456.0,42.22222222222222,18287.003641456104,1693.2410779126021,10.8,7.085516862760892,20.618550474726288,6.4,10,5.9938170318515684,0.5925925925925926,20.618550474726288,100.0,2.0,0.3333333333333333,1.713350479443277,0.0,6,0.0,0.0,0.0,0.0,0.0,0.0,22.15599337881713,0.6,1.75260318190995,100.0,1.0,0.0,1.555309469540589,0.4,8.527499694749713,0.0,0.0,0.0
166,random,2,2,475.00972719974845,91.34802446149008,207660.71948396674,34610.11991399446,489.0,40.75,21985.84232453852,1832.1535270448767,12.0,4.674465169169204,18.564189098507313,7.4,6,5.22030831427336,0.6166666666666667,18.564189098507313,100.0,1.2,0.19999999999999998,1.4638972015120055,0.0,6,0.0,0.0,0.0,0.0,0.0,0.0,11.38513459104388,0.2,8.783383209072033,100.0,1.0,0.0,0.0,0.0,0.0,0.0,0.0,0.0
167,random,2,2,237.22124184383875,39.53687364063979,237.22124184383875,39.53687364063979,524.0,46.785714285714285,20771.80640718519,1854.6255720701065,11.2,6.361886447239579,16.666666666666668,7.0,5,5.259960061670318,0.625,16.666666666666668,100.0,1.0,0.16666666666666666,0.0,0.0,6,0.0,0.0,0.0,0.0,0.0,0.0,0.0,0.0,0.0,100.0,1.0,0.0,0.0,0.0,0.0,0.0,0.0,0.0
168,random,2,2,116.30029635596989,26.4318855354477,899660.5953857675,149943.43256429458,561.0,48.36206896551724,19920.39511644889,1717.27544107318,11.6,5.719911742492418,18.63278794240235,8.2,6,5.151816283372317,0.7068965517241379,18.63278794240235,100.0,1.2,0.19999999999999998,1.412821178458785,0.0,6,0.0,0.0,0.0,0.0,0.0,0.0,0.0,0.0,0.0,100.0,1.0,0.0,0.0,0.0,0.0,11.796727654414099,0.2,8.47692707075271
169,random,0,2,450.4605083013174,90.09210166026348,744112.0248562135,124018.67080936891,584.4,46.38095238095238,20574.5612282078,1632.9016847783969,12.6,4.540641023091551,18.854998640188114,8.0,8,4.935348367773049,0.6349206349206349,18.854998640188114,100.0,1.6,0.26666666666666666,2.86966433660139,0.0,6,11.683271476365462,0.2,8.559246457834506,0.0,0.0,0.0,0.0,0.0,0.0,100.0,1.0,0.0,1.4467203647632232,0.4,8.658739561773835,0.0,0.0,0.0
170,random,0,0,254.2961009659767,52.97835436791181,661606.7451627741,110267.79086046235,628.0,52.333333333333336,21279.178338959573,1773.2648615799646,12.0,6.476019226532361,16.666666666666668,9.0,5,5.696311261711539,0.75,16.666666666666668,100.0,1.0,0.16666666666666666,0.0,0.0,6,0.0,0.0,0.0,0.0,0.0,0.0,0.0,0.0,0.0,100.0,1.0,0.0,0.0,0.0,0.0,0.0,0.0,0.0
171,random,0,0,193.51601711602774,43.98091298091539,1701217.979203732,283536.32986728864,673.0,51.76923076923077,23524.37323040865,1809.5671715698961,13.0,7.212706299840257,20.23656649999566,9.4,8,5.848218371719746,0.7230769230769231,20.23656649999566,100.0,1.6,0.26666666666666666,2.9623450207058255,0.0,6,0.0,0.0,0.0,10.064526109040344,0.4,8.967278453335165,11.35487289093362,0.2,8.806791670899788,100.0,1.0,0.0,0.0,0.0,0.0,0.0,0.0,0.0
172,random,0,0,216.69184710647627,47.10692328401659,1400216.6918471062,233369.44864118437,718.0,54.39393939393939,22263.160194727792,1686.603045055136,13.2,5.39715249316871,18.19698512184876,9.4,7,5.859557017681108,0.7121212121212122,18.19698512184876,100.0,1.4,0.2333333333333333,1.4423250402944783,0.0,6,0.0,0.0,0.0,0.0,0.0,0.0,9.181910731092557,0.4,8.65395024176687,100.0,1.0,0.0,0.0,0.0,0.0,0.0,0.0,0.0
173,random,0,0,144.1467889247248,28.82935778494496,800423.6230438058,133403.93717396763,747.4,55.776119402985074,24553.64710443897,1832.3617242118635,13.4,4.662647918026972,16.666666666666668,8.4,5,4.58354079679387,0.6268656716417911,16.666666666666668,100.0,1.0,0.16666666666666666,0.0,0.0,6,0.0,0.0,0.0,0.0,0.0,0.0,0.0,0.0,0.0,100.0,1.0,0.0,0.0,0.0,0.0,0.0,0.0,0.0
174,random,3,0,301.9272117783899,52.05641582386033,200301.9272117784,33383.6545352964,350.6,29.216666666666665,24495.294352620836,2041.2745293850699,12.0,6.3619398509334495,12.043564224276983,5.2,8,4.480745653486155,0.43333333333333335,12.043564224276983,60.0,1.6,0.26666666666666666,2.8642742040877542,0.0,6,0.0,0.0,0.0,0.0,0.0,0.0,1.6940040927283917,0.4,8.518875543307514,60.0,0.8,0.0,10.567381252933501,0.4,8.66676968121901,0.0,0.0,0.0
175,random,3,3,354.390474180711,63.28401324655554,400354.39047418075,66725.73174569679,38.0,3.8,19661.186359068633,1966.1186359068636,10.0,4.677147254690316,8.51368235115539,1.4,6,4.44289593211307,0.14,8.51368235115539,29.111241339644494,1.2,0.19999999999999998,3.2121630335241704,0.0,6,9.794161109361994,0.4,9.15053853644058,0.0,0.0,0.0,0.0,0.0,0.0,29.111241339644494,0.6,1.9100283785149277,0.0,0.0,0.0,12.176691657925858,0.2,8.212411286189512
176,random,3,3,296.6028221650942,59.320564433018845,1000296.6028221652,166716.10047036086,36.0,4.285714285714286,17826.48300680722,2122.20035795324,8.4,4.743889978195953,5.739477681777696,1.0,5,4.494220935528757,0.11904761904761904,5.739477681777696,33.645925860589614,1.0,0.16666666666666666,2.112921735710773,0.0,6,0.0,0.0,0.0,0.0,0.0,0.0,0.7909402300765578,0.4,8.738658543955534,33.645925860589614,0.6,3.938871870309104,0.0,0.0,0.0,0.0,0.0,0.0
177,random,3,3,417.8114774405125,99.47892320012201,1163043.752057008,193840.62534283465,46.6,5.177777777777778,14357.951724495026,1595.3279693883362,9.0,4.06178208843499,11.815215201725854,3.8,6,4.87730290142925,0.4222222222222222,11.815215201725854,60.27374229773159,1.2,0.19999999999999998,2.3706333418228582,0.0,6,10.617548912623533,0.2,9.418369608931766,0.0,0.0,0.0,0.0,0.0,0.0,60.27374229773159,1.0,4.805430442005383,0.0,0.0,0.0,0.0,0.0,0.0
178,random,3,3,343.0282951729131,71.46422816102357,420135.91628041957,70022.65271340327,73.0,7.019230769230769,19468.973561586783,1872.0166886141137,10.4,3.926389104953683,18.399542335633516,6.4,6,4.7611741977550945,0.6153846153846154,18.399542335633516,100.0,1.2,0.19999999999999998,1.4909472377505155,0.0,6,0.0,0.0,0.0,0.0,0.0,0.0,10.397254013801103,0.2,8.945683426503093,100.0,1.0,0.0,0.0,0.0,0.0,0.0,0.0,0.0
179,random,3,3,310.04903380773584,57.4164877421733,31997.668098999675,5332.944683166613,104.2,9.472727272727273,19382.574889326646,1762.0522626660586,11.0,4.3234313743036,16.666666666666668,6.6,6,4.723916299433333,0.6,16.666666666666668,100.0,1.2,0.19999999999999998,0.0,0.0,6,0.0,0.0,0.0,0.0,0.0,0.0,0.0,0.2,0.0,100.0,1.0,0.0,0.0,0.0,0.0,0.0,0.0,0.0
180,random,1,3,191.28931000250174,36.78640576971187,739127.0674752052,123187.84457920086,65.0,6.914893617021277,18303.903698658032,1947.2237977295779,9.4,6.480277019164045,19.329927659199104,5.2,8,5.052307776703006,0.5531914893617021,19.329927659199104,100.0,1.5999999999999999,0.26666666666666666,2.899323831762519,0.0,6,4.858654716138062,0.4,8.40387409888208,0.0,0.0,0.0,0.0,0.0,0.0,100.0,1.0,0.0,11.120911239056568,0.2,8.992068891693034,0.0,0.0,0.0
181,random,1,1,316.71653051789895,60.90702509959595,403093.9301683755,67182.32169472925,90.2,9.395833333333334,16753.64919960861,1745.171791625897,9.6,4.778182002801632,17.816555393184597,5.6,7,5.509408148205939,0.5833333333333334,17.816555393184597,100.0,1.4,0.2333333333333333,1.4045022857841103,0.0,6,0.0,0.0,0.0,0.0,0.0,0.0,0.0,0.0,0.0,100.0,1.0,0.0,0.0,0.0,0.0,6.899332359107575,0.4,8.427013714704662
182,random,1,1,103.55273460941396,21.57348637696124,1025345.875660661,170890.97927677684,119.0,12.934782608695652,16785.444666748786,1824.5048550813897,9.2,5.943721140436751,16.666666666666668,6.2,5,5.462003500528807,0.6739130434782609,16.666666666666668,100.0,1.0,0.16666666666666666,0.0,0.0,6,0.0,0.0,0.0,0.0,0.0,0.0,0.0,0.0,0.0,100.0,1.0,0.0,0.0,0.0,0.0,0.0,0.0,0.0
183,random,1,1,459.74593206205356,79.26654001069889,200459.7459320621,33409.957655343685,149.2,12.433333333333334,22423.713937432745,1868.6428281193955,12.0,5.375981613760022,23.939474939062773,6.6,8,4.762448583793123,0.55,23.939474939062773,100.0,1.6,0.26666666666666666,2.1916620641859716,0.0,6,5.569219287301621,0.2,8.760675851348788,0.0,0.0,0.0,38.06763034707501,0.4,4.389296533767042,100.0,1.0,0.0,0.0,0.0,0.0,0.0,0.0,0.0
184,random,1,1,245.8708452429001,43.9055080790893,1377.1755623780646,229.52926039634409,183.6,16.392857142857142,19537.860444071594,1744.4518253635354,11.2,6.306486537290554,35.21717016059407,7.4,12,5.545529187775973,0.6607142857142857,35.21717016059407,100.0,2.4,0.39999999999999997,1.4745320494752734,0.0,6,0.0,0.2,0.0,11.30302096356445,0.2,8.84719229685164,100.0,1.0,0.0,100.0,1.0,0.0,0.0,0.0,0.0,0.0,0.0,0.0
185,random,1,1,324.96955504808363,56.02923362897994,200324.9695550481,33387.49492584135,218.0,20.566037735849058,18722.87303036183,1766.3087764492293,10.6,7.376709114651282,35.12182291505496,7.2,11,5.849559395061764,0.6792452830188679,35.12182291505496,100.0,2.2,0.3666666666666667,1.553141715873929,0.0,6,0.0,0.0,0.0,0.0,0.0,0.0,100.0,1.0,0.0,100.0,1.0,0.0,10.73093749032978,0.2,9.318850295243573,0.0,0.0,0.0
186,random,3,1,637.7884830365533,106.29808050609222,637.7884830365533,106.29808050609222,52.8,6.1395348837209305,15393.392914616095,1789.9294086762902,8.6,7.419800230071754,23.333333333333332,2.8,9,6.297407573474179,0.32558139534883723,23.333333333333332,80.0,1.8,0.3,0.0,0.0,6,0.0,0.0,0.0,0.0,0.0,0.0,60.0,0.8,0.0,80.0,1.0,0.0,0.0,0.0,0.0,0.0,0.0,0.0
187,random,3,3,145.8793719761339,25.151615857954123,200145.87937197616,33357.64656199603,0.0,0.0,16511.93360940729,2172.6228433430647,7.6,7.7421155265265496,11.56530898860486,0.6,6,5.588945241471384,0.07894736842105263,11.56530898860486,38.76702055304122,1.2,0.19999999999999998,0.6713532922367879,0.0,6,0.0,0.0,0.0,0.0,0.0,0.0,30.624833378587937,0.6,1.9475822593213898,38.76702055304122,0.6,2.0805374940993375,0.0,0.0,0.0,0.0,0.0,0.0
188,random,3,3,178.5754559178465,30.788871709973538,200178.57545591792,33363.09590931965,0.0,0.0,16804.53198187786,2154.427177163828,7.8,4.905935331172867,4.71023726124334,0.4,5,4.208151173019796,0.05128205128205128,4.71023726124334,22.784182092464107,1.0,0.16666666666666666,2.030898832112955,0.0,6,0.0,0.0,0.0,0.0,0.0,0.0,0.0,0.0,0.0,22.784182092464107,0.6,3.3515222234787467,5.477241474995935,0.4,8.833870769198985,0.0,0.0,0.0
189,random,3,3,116.60404195549968,19.43400699258328,116.60404195549968,19.43400699258328,1.2,0.2,13591.395725805076,2265.232620967513,6.0,6.341238833908094,0.0,0.6,0,3.721778212323006,0.1,0.0,0.0,0.0,0.0,0.0,0.0,6,0.0,0.0,0.0,0.0,0.0,0.0,0.0,0.0,0.0,0.0,0.0,0.0,0.0,0.0,0.0,0.0,0.0,0.0
190,random,3,3,200.10062837014283,35.73225506609693,400200.1006283701,66700.01677139502,6.0,1.0,14030.488417469824,2338.4147362449708,6.0,7.124540503701526,2.649277441951199,1.0,6,3.6202152103198646,0.16666666666666666,2.649277441951199,10.806310311140805,1.2000000000000002,0.20000000000000004,5.858885203534864,0.0,6,0.6693721819829079,0.2,8.957814425602557,10.806310311140805,0.2,9.253852343746287,1.7998959662327252,0.4,8.273137796577066,2.6200861923507546,0.4,8.668506655283272,0.0,0.0,0.0,0.0,0.0,0.0
191,random,3,3,214.73038199296064,63.155994703811956,1347328.0398502748,224554.67330837913,16.0,2.6666666666666665,8877.846265406302,1479.6410442343838,6.0,4.388195813173471,1.834083692791258,3.6,2,5.851366995437734,0.6,1.834083692791258,11.004502156747549,0.4,0.06666666666666667,1.5145316370761297,0.0,6,0.0,0.2,0.0,0.0,0.0,0.0,0.0,0.0,0.0,0.0,0.0,0.0,0.0,0.0,0.0,11.004502156747549,0.2,9.087189822456779
192,random,3,3,404.84329531043755,72.29344559114956,400404.84329531045,66734.14054921841,34.0,3.6956521739130435,17243.51855479806,1874.2954950867459,9.2,3.082508417220902,0.0,4.4,0,4.335505772420486,0.4782608695652174,0.0,0.0,0.0,0.0,0.0,0.0,6,0.0,0.0,0.0,0.0,0.0,0.0,0.0,0.0,0.0,0.0,0.0,0.0,0.0,0.0,0.0,0.0,0.0,0.0
193,random,2,3,205.33384503382916,34.22230750563819,205.33384503382916,34.22230750563819,42.0,4.565217391304348,19268.50643123312,2094.402872960122,9.2,3.295491587407887,0.0,3.0,0,1.5498353365370579,0.32608695652173914,0.0,0.0,0.0,0.0,0.0,0.0,6,0.0,0.0,0.0,0.0,0.0,0.0,0.0,0.0,0.0,0.0,0.0,0.0,0.0,0.0,0.0,0.0,0.0,0.0
194,random,2,2,195.58242991152616,32.59707165192103,195.58242991152616,32.59707165192103,57.0,5.816326530612245,19941.6656119415,2034.8638379532142,9.8,4.5330416790048815,5.293136781156136,3.4,5,2.1862103935282695,0.3469387755102041,5.293136781156136,11.399296955587488,1.0,0.16666666666666666,5.676449471866938,0.0,6,0.0,0.0,0.0,0.923757301866317,0.2,8.03792397622019,11.352566209052384,0.2,8.808581087178451,8.083200220430626,0.4,8.439720940031112,0.0,0.0,0.0,11.399296955587488,0.2,8.772470827771876
195,random,2,2,247.3555938016488,53.77295517427149,240734.43578355247,40122.40596392541,74.6,8.28888888888889,16751.805150653792,1861.3116834059767,9.0,4.192129467944537,3.923477310159645,4.2,3,4.4271815529487535,0.4666666666666667,3.923477310159645,12.427124992645986,0.6000000000000001,0.10000000000000002,2.8407975884051844,0.0,6,11.113738868311884,0.2,8.99787201993072,0.0,0.2,0.0,0.0,0.0,0.0,0.0,0.0,0.0,12.427124992645986,0.2,8.046913510500387,0.0,0.0,0.0
196,random,2,2,59.65527956504771,14.913819891261927,1759842.299590025,293307.04993167083,99.0,13.75,13667.313892184233,1898.2380405811434,7.2,5.914341382582067,0.0,5.0,0,5.72143729017223,0.6944444444444444,0.0,0.0,0.0,0.0,0.0,0.0,6,0.0,0.0,0.0,0.0,0.0,0.0,0.0,0.0,0.0,0.0,0.0,0.0,0.0,0.0,0.0,0.0,0.0,0.0
197,random,2,2,183.6578048989052,45.9144512247263,2000183.657804899,333363.94296748313,124.0,17.22222222222222,11503.213776503835,1597.668580069977,7.2,6.32601692421369,2.4314873035655182,5.2,3,6.006095936098241,0.7222222222222222,2.4314873035655182,10.518204039976808,0.6000000000000001,0.10000000000000002,3.009583283433408,0.0,6,0.0,0.0,0.0,0.0,0.0,0.0,10.518204039976808,0.2,9.507326499840413,4.070719781416301,0.4,8.550173200760035,0.0,0.0,0.0,0.0,0.0,0.0
198,random,1,2,507.3252816823113,105.69276701714819,452289.04400798894,75381.50733466483,48.6,5.926829268292683,14024.922469901567,1710.3563987684838,8.2,3.0317902496312406,0.0,3.6,0,4.902996880963173,0.43902439024390244,0.0,0.0,0.0,0.0,0.0,0.0,6,0.0,0.0,0.0,0.0,0.0,0.0,0.0,0.0,0.0,0.0,0.0,0.0,0.0,0.0,0.0,0.0,0.0,0.0
199,random,1,1,362.1988671316093,69.65362829454024,800362.1988671316,133393.6998111886,58.0,6.744186046511628,16535.17061226219,1922.6942572397897,8.6,2.399763487235984,0.0,3.6,0,2.563964342766758,0.4186046511627907,0.0,0.0,0.0,0.0,0.0,0.0,6,0.0,0.0,0.0,0.0,0.0,0.0,0.0,0.0,0.0,0.0,0.0,0.0,0.0,0.0,0.0,0.0,0.0,0.0
200,random,1,1,196.70330097564513,32.783883495940856,196.70330097564513,32.783883495940856,73.0,8.11111111111111,19541.372257244733,2171.2635841383035,9.0,4.304977704232766,1.1439744217227599,3.0,1,2.0281098513020765,0.3333333333333333,1.1439744217227599,6.863846530336559,0.2,0.03333333333333333,1.3898879278295981,0.0,6,0.0,0.0,0.0,0.0,0.0,0.0,6.863846530336559,0.2,8.33932756697759,0.0,0.0,0.0,0.0,0.0,0.0,0.0,0.0,0.0
201,random,1,1,352.4344831622116,60.76456606245028,900.9887344819684,150.16478908032806,89.2,9.291666666666666,19741.968840435486,2056.455087545363,9.6,5.028183952761268,4.544061534264377,4.0,4,3.5988843818104455,0.4166666666666667,4.544061534264377,11.2989705549262,0.8,0.13333333333333333,4.41057825861479,0.0,6,11.2989705549262,0.2,8.850363802072335,0.0,0.0,0.0,0.0,0.2,0.0,0.0,0.0,0.0,11.019424628220804,0.2,9.074883977508179,4.945974022439259,0.2,8.538221772108226
202,random,1,1,458.7755288266015,84.95843126418545,201226.84614539993,33537.80769089999,109.2,10.92,16061.432943955955,1606.1432943955954,10.0,2.6900261830396706,10.51170386964183,4.4,5,2.715017758877977,0.44,10.51170386964183,52.15799589046583,1.0,0.16666666666666666,2.3601452460412427,0.0,6,0.0,0.0,0.0,10.912227327385153,0.2,9.164031961563115,0.0,0.0,0.0,52.15799589046583,0.6,4.996839514684341,0.0,0.0,0.0,0.0,0.2,0.0
203,random,1,1,120.08901280588209,26.1063071317135,414412.10028046614,69068.6833800777,136.6,14.229166666666666,17598.861347914244,1833.214723741067,9.6,5.2916835842712375,16.666666666666668,6.4,5,5.505487588138202,0.6666666666666666,16.666666666666668,100.0,1.0,0.16666666666666666,0.0,0.0,6,0.0,0.0,0.0,0.0,0.0,0.0,0.0,0.0,0.0,100.0,1.0,0.0,0.0,0.0,0.0,0.0,0.0,0.0
204,random,3,1,329.52457437584064,54.92076239597344,329.52457437584064,54.92076239597344,20.6,2.942857142857143,13655.108345844399,1950.7297636920568,7.0,7.675108929925007,15.30544579139511,1.8,8,5.487520792585589,0.2571428571428571,15.30544579139511,60.0,1.6,0.26666666666666666,2.837401198295558,0.0,6,11.226099617665568,0.2,8.907813346198925,0.0,0.0,0.0,20.606575130705096,0.6,8.116593843574424,60.0,0.8,0.0,0.0,0.0,0.0,0.0,0.0,0.0
205,random,3,3,207.2287024713127,38.37568564283568,210507.69481728543,35084.61580288091,14.6,2.3548387096774195,11256.278937067002,1815.5288608172582,6.2,6.526663241363366,1.9258958740723149,2.0,1,6.073215645301638,0.3225806451612903,1.9258958740723149,11.55537524443389,0.2,0.03333333333333333,1.4423301982075254,0.0,6,0.0,0.0,0.0,0.0,0.0,0.0,0.0,0.0,0.0,0.0,0.0,0.0,11.55537524443389,0.2,8.653981189245153,0.0,0.0,0.0
206,random,3,3,166.93935536976105,34.77903236870022,906163.9295127958,151027.32158546595,24.0,4.137931034482759,11331.536187927208,1953.7131358495187,5.8,4.571215728649388,0.0,2.2,0,4.896678106834308,0.3793103448275862,0.0,0.0,0.0,0.0,0.0,0.0,6,0.0,0.0,0.0,0.0,0.0,0.0,0.0,0.0,0.0,0.0,0.0,0.0,0.0,0.0,0.0,0.0,0.0,0.0
207,random,3,3,76.71730086619593,15.343460173239185,1000076.7173008661,166679.4528834777,34.0,5.666666666666667,13285.884491718112,2214.3140819530186,6.0,6.067574508100128,0.0,2.0,0,4.2336350911840555,0.3333333333333333,0.0,0.0,0.0,0.0,0.0,0.0,6,0.0,0.0,0.0,0.0,0.0,0.0,0.0,0.0,0.0,0.0,0.0,0.0,0.0,0.0,0.0,0.0,0.0,0.0
208,random,3,3,74.28021420667517,15.47504462639066,1000277.36608219,166712.89434703166,44.2,7.129032258064516,10897.473318985762,1757.6569869331875,6.2,6.426424450737669,1.5980876906170731,2.4,6,4.5900899553196695,0.3870967741935484,1.5980876906170731,5.917189584256448,1.2000000000000002,0.20000000000000004,4.293708739088227,0.0,6,0.0,0.0,0.0,0.0,0.0,0.0,3.5941897365410114,0.4,8.6275225863792,5.917189584256448,0.4,8.362416594848037,0.0,0.0,0.0,0.07714682290497876,0.4,8.772313253302126
209,random,3,3,476.1166680894852,132.254630024857,582686.6417046783,97114.44028411305,63.0,7.5,14528.009106390964,1729.5248936179719,8.4,3.1312735748396876,1.927299654843561,5.2,1,5.037788271862386,0.6190476190476191,1.927299654843561,11.563797929061366,0.2,0.03333333333333333,1.4412796530092515,0.0,6,11.563797929061366,0.2,8.647677918055509,0.0,0.0,0.0,0.0,0.0,0.0,0.0,0.0,0.0,0.0,0.0,0.0,0.0,0.0,0.0
210,random,3,3,137.7908040940655,34.44770102351637,2000137.7908040942,333356.298467349,88.0,10.731707317073171,15044.446940595974,1834.688651292192,8.2,3.658856243617936,0.0,5.2,0,4.857285893206442,0.6341463414634146,0.0,0.0,0.0,0.0,0.0,0.0,6,0.0,0.0,0.0,0.0,0.0,0.0,0.0,0.0,0.0,0.0,0.0,0.0,0.0,0.0,0.0,0.0,0.0,0.0
211,random,1,3,239.41366455155307,41.27821802612984,200239.41366455154,33373.23561075859,32.6,4.075,16926.602028709065,2115.825253588633,8.0,5.828442084808284,3.2676701313365206,2.6,2,4.914814195196867,0.325,3.2676701313365206,11.196611435361774,0.4,0.06666666666666667,2.7855130545260707,0.0,6,11.196611435361774,0.2,8.931273589094493,0.0,0.0,0.0,0.0,0.0,0.0,0.0,0.0,0.0,8.409409352657349,0.2,7.78180473806193,0.0,0.0,0.0
212,random,1,1,378.4264884357987,67.57615864924978,202315.40618620533,33719.234364367556,37.2,4.325581395348837,14899.898368982389,1732.5463219746964,8.6,3.7917019693235687,2.023119399557345,2.8,2,4.121066778191399,0.32558139534883723,2.023119399557345,12.13871639734407,0.4,0.06666666666666667,1.3730172220114891,0.0,6,0.0,0.0,0.0,0.0,0.0,0.0,0.0,0.0,0.0,12.13871639734407,0.2,8.238103332068935,0.0,0.2,0.0,0.0,0.0,0.0
213,random,1,1,315.7657675907766,54.44237372254769,39285.61064962705,6547.601774937842,51.0,5.1,20668.78377665806,2066.878377665806,10.0,3.1893822453971206,1.0257678067258287,3.2,2,1.8196021218634695,0.32,1.0257678067258287,6.1546068403549725,0.4,0.06666666666666667,1.4642438513226805,0.0,6,0.0,0.0,0.0,0.0,0.0,0.0,6.1546068403549725,0.4,8.785463107936083,0.0,0.0,0.0,0.0,0.0,0.0,0.0,0.0,0.0
214,random,1,1,158.53563802290302,26.4226063371505,158.53563802290302,26.4226063371505,67.2,6.72,21639.18422998851,2163.918422998851,10.0,5.20448730689049,1.5493201587757237,3.6,4,2.7229181468749197,0.36,1.5493201587757237,8.477225179885863,0.8,0.13333333333333333,2.828542656451464,0.0,6,0.8186957727684785,0.4,8.70116682285443,0.0,0.0,0.0,0.0,0.0,0.0,0.0,0.0,0.0,0.0,0.0,0.0,8.477225179885863,0.4,8.270089115854352
215,random,1,1,103.89387153061475,17.912736470795647,612.6333884568584,102.10556474280973,87.0,11.153846153846153,15147.752449344034,1942.0195447876968,7.8,8.44353652118046,9.361021985107527,4.0,6,4.968506560144656,0.5128205128205128,9.361021985107527,38.993624923073185,1.2,0.19999999999999998,4.814122783417406,0.0,6,0.0,0.0,0.0,0.9397761054196963,0.4,8.8931229153648,38.993624923073185,0.4,4.086016900187118,5.425448031983251,0.2,6.652577288224189,10.807282850169031,0.2,9.253019596728326,0.0,0.0,0.0
216,random,1,1,103.55896430266496,25.88974107566624,755219.5423747048,125869.92372911748,112.0,16.470588235294116,10010.886404803328,1472.1891771769601,6.8,7.545508051039096,33.333333333333336,6.0,10,6.791697684764093,0.8823529411764706,33.333333333333336,100.0,2.0,0.3333333333333333,0.0,0.0,6,0.0,0.0,0.0,0.0,0.0,0.0,100.0,1.0,0.0,100.0,1.0,0.0,0.0,0.0,0.0,0.0,0.0,0.0
217,random,0,1,539.6036007115315,107.9207201423063,1321813.432367797,220302.23872796618,80.4,9.804878048780488,14797.428400151064,1804.5644390428129,8.2,5.534688248507852,26.666666666666668,4.2,9,6.024341707698082,0.5121951219512195,26.666666666666668,100.0,1.8,0.3,0.0,0.0,6,0.0,0.0,0.0,0.0,0.0,0.0,60.0,0.8,0.0,100.0,1.0,0.0,0.0,0.0,0.0,0.0,0.0,0.0
218,random,0,0,317.89667664536523,54.8097718354078,200317.89667664544,33386.31611277424,90.0,10.465116279069768,17214.58002666679,2001.695351937999,8.6,5.805240943476118,16.666666666666668,3.2,5,4.947132931415674,0.37209302325581395,16.666666666666668,100.0,1.0,0.16666666666666666,0.0,0.0,6,0.0,0.0,0.0,0.0,0.0,0.0,0.0,0.0,0.0,100.0,1.0,0.0,0.0,0.0,0.0,0.0,0.0,0.0
219,random,0,0,267.22993805771296,47.719631796020174,400267.2299380578,66711.20498967629,73.2,8.511627906976743,19127.214116451858,2224.0946647037044,8.6,4.561696619940393,12.623573210998225,2.0,6,3.8588596578105725,0.23255813953488372,12.623573210998225,60.0,1.2000000000000002,0.20000000000000004,2.991228554646323,0.0,6,4.919310006098385,0.2,8.70704554738477,10.822129259890971,0.2,9.240325780493169,0.0,0.0,0.0,60.0,0.8,0.0,0.0,0.0,0.0,0.0,0.0,0.0
220,random,0,0,146.88753390171024,27.201395166983378,9184.44979595122,1530.7416326585364,59.6,9.3125,13209.383868616063,2063.96622947126,6.4,7.401980433294449,1.0542334240108175,1.6,3,4.834156023090452,0.25,1.0542334240108175,6.325400544064905,0.6000000000000001,0.10000000000000002,1.4284696156314265,0.0,6,0.0,0.2,0.0,0.0,0.0,0.0,6.325400544064905,0.4,8.570817693788559,0.0,0.0,0.0,0.0,0.0,0.0,0.0,0.0,0.0
221,random,0,0,218.8059442720586,36.467657378676435,218.8059442720586,36.467657378676435,66.4,10.375,14320.535706461864,2237.5837041346663,6.4,8.156325747279453,2.666234061649296,1.8,4,5.064149806302563,0.28125,2.666234061649296,11.23629423796956,0.8,0.13333333333333333,4.269028529905829,0.0,6,0.0,0.0,0.0,0.0,0.0,0.0,2.588373535354549,0.4,8.014133270043464,0.0,0.0,0.0,11.23629423796956,0.2,8.899731342214332,2.172736596571667,0.2,8.700306567177176
222,random,3,0,75.84116823304879,13.543065755901571,6038.615855064075,1006.4359758440124,0.6,0.16666666666666666,7227.36966928724,2007.6026859131223,3.6,9.084188782832326,0.0,0.4,1,5.111644384203683,0.1111111111111111,0.0,0.0,0.2,0.03333333333333333,0.0,0.0,6,0.0,0.0,0.0,0.0,0.0,0.0,0.0,0.0,0.0,0.0,0.0,0.0,0.0,0.0,0.0,0.0,0.2,0.0
223,random,3,3,89.20960589561967,18.585334561587434,1126154.5349514666,187692.4224919111,5.0,1.3157894736842106,9002.084693639887,2368.969656221023,3.8,7.927835805983473,2.5126023241788666,1.2,2,5.512363774368968,0.3157894736842105,2.5126023241788666,10.904271235081069,0.4,0.06666666666666667,3.026932896580311,0.0,6,0.0,0.0,0.0,0.0,0.0,0.0,4.171342709992132,0.2,8.990879057813435,10.904271235081069,0.2,9.17071832166843,0.0,0.0,0.0,0.0,0.0,0.0
224,random,3,3,165.806830377873,36.04496312562457,1400165.8068303778,233360.96780506297,10.0,2.272727272727273,8277.554230317146,1881.2623250720787,4.4,5.5117118646247905,0.0,1.6,1,5.8205912696529865,0.36363636363636365,0.0,0.0,0.2,0.03333333333333333,0.0,0.0,6,0.0,0.0,0.0,0.0,0.0,0.0,0.0,0.2,0.0,0.0,0.0,0.0,0.0,0.0,0.0,0.0,0.0,0.0
225,random,3,3,258.2253865899073,47.81951603516802,600258.2253865898,100043.03756443162,15.0,2.34375,13569.621036888013,2120.253287013752,6.4,3.7628798526733496,0.0,1.4,0,3.4622100940412786,0.21875,0.0,0.0,0.0,0.0,0.0,0.0,6,0.0,0.0,0.0,0.0,0.0,0.0,0.0,0.0,0.0,0.0,0.0,0.0,0.0,0.0,0.0,0.0,0.0,0.0
226,random,3,3,140.01453282079714,23.335755470132856,140.01453282079714,23.335755470132856,20.0,3.0303030303030303,16123.589297778008,2442.9680754209103,6.6,5.734732887099809,1.9036275420019895,1.0,1,3.1888009519695095,0.15151515151515152,1.9036275420019895,11.421765252011937,0.2,0.03333333333333333,1.4592023473543936,0.0,6,0.0,0.0,0.0,0.0,0.0,0.0,0.0,0.0,0.0,0.0,0.0,0.0,11.421765252011937,0.2,8.755214084126361,0.0,0.0,0.0
227,random,3,3,244.80244930514783,40.80040821752464,244.80244930514783,40.80040821752464,25.0,3.787878787878788,14161.68205368432,2145.709402073382,6.6,6.764764794652225,5.2638325229759175,1.2,4,3.94326360364063,0.18181818181818182,5.2638325229759175,11.41414538974459,0.8,0.13333333333333333,4.537790496973268,0.0,6,11.41414538974459,0.2,8.761058895381536,9.372542671999327,0.4,9.203257657215001,10.796307076111589,0.2,9.262426429243074,0.0,0.0,0.0,0.0,0.0,0.0,0.0,0.0,0.0
228,random,1,3,89.31295482175602,17.862590964351206,355389.54034528683,59231.59005754781,3.0,0.6521739130434783,7720.867952550623,1678.4495549023093,4.6,7.211417874030046,3.8391905264567563,1.2,2,5.362634696702269,0.2608695652173913,3.8391905264567563,12.075287878583367,0.4,0.06666666666666667,2.900930689052945,0.0,6,0.0,0.0,0.0,0.0,0.0,0.0,0.0,0.0,0.0,10.959855280157171,0.2,9.124208070616598,0.0,0.0,0.0,12.075287878583367,0.2,8.281376063701073
229,random,1,1,248.0988023149727,51.687250482285975,844880.2279310679,140813.37132184466,11.0,2.1153846153846154,10033.628947636738,1929.5440283916805,5.2,6.296108254102251,0.0,2.4,0,5.895468501658753,0.46153846153846156,0.0,0.0,0.0,0.0,0.0,0.0,6,0.0,0.0,0.0,0.0,0.0,0.0,0.0,0.0,0.0,0.0,0.0,0.0,0.0,0.0,0.0,0.0,0.0,0.0
230,random,1,1,224.22815842561127,38.66002731476056,200224.22815842569,33370.70469307095,21.0,3.5,12642.019600070924,2107.0032666784873,6.0,6.750677563619492,1.7816276944199672,2.2,1,5.568297423896271,0.36666666666666664,1.7816276944199672,10.689766166519803,0.2,0.03333333333333333,1.5591235960676515,0.0,6,10.689766166519803,0.2,9.354741576405909,0.0,0.0,0.0,0.0,0.0,0.0,0.0,0.0,0.0,0.0,0.0,0.0,0.0,0.0,0.0
231,random,1,1,193.58310949370815,33.37639818857037,200193.58310949375,33365.59718491563,31.0,4.428571428571429,14357.392244899553,2051.0560349856505,7.0,5.316686218939349,1.9344492630466448,2.2,1,4.429293152774256,0.3142857142857143,1.9344492630466448,11.606695578279869,0.2,0.03333333333333333,1.4359527700421255,0.0,6,0.0,0.0,0.0,0.0,0.0,0.0,0.0,0.0,0.0,0.0,0.0,0.0,11.606695578279869,0.2,8.615716620252753,0.0,0.0,0.0
232,random,1,1,145.35416987115426,27.952724975221972,33945.29777901942,5657.54962983657,43.6,5.45,14290.15383374999,1786.2692292187487,8.0,4.984069903752636,2.12061314866105,3.4,4,4.403934834584255,0.425,2.12061314866105,8.836487771077373,0.8,0.13333333333333333,2.9098536439395204,0.0,6,0.0,0.0,0.0,0.0,0.0,0.0,3.8871911208889287,0.4,8.743834950961173,8.836487771077373,0.4,8.715286912675948,0.0,0.0,0.0,0.0,0.0,0.0
233,random,3,1,210.62732722506198,43.88069317188791,1160375.10553881,193395.85092313497,7.6,1.0555555555555556,14245.240075251513,1978.5055660071546,7.2,3.701349478695192,1.9089655059951838,1.4,1,3.6148217443116355,0.19444444444444445,1.9089655059951838,11.453793035971103,0.2,0.03333333333333333,1.4551220381164844,0.0,6,0.0,0.0,0.0,11.453793035971103,0.2,8.730732228698907,0.0,0.0,0.0,0.0,0.0,0.0,0.0,0.0,0.0,0.0,0.0,0.0
234,random,3,3,174.76043466675225,41.609627301607674,983431.9237763468,163905.32062939115,15.2,2.4516129032258065,11378.935950577395,1835.3122500931283,6.2,4.567008176108234,3.401283479046621,2.6,3,4.879061896511375,0.41935483870967744,3.401283479046621,10.562717098036956,0.6000000000000001,0.10000000000000002,3.131033504459044,0.0,6,0.0,0.0,0.0,0.0,0.0,0.0,10.562717098036956,0.2,9.467261034434468,0.0,0.0,0.0,0.0,0.0,0.0,9.84498377624277,0.4,9.318939992319793
235,random,3,3,154.56342493818877,40.67458551004968,1876781.5597988695,312796.9266331449,29.0,4.393939393939394,12920.036045167759,1957.581218964812,6.6,2.9383802324613506,0.0,3.2,0,3.9051957380584414,0.48484848484848486,0.0,0.0,0.0,0.0,0.0,0.0,6,0.0,0.0,0.0,0.0,0.0,0.0,0.0,0.0,0.0,0.0,0.0,0.0,0.0,0.0,0.0,0.0,0.0,0.0
236,random,3,3,124.2922754156128,29.593398908479237,1765843.6860113307,294307.28100188845,44.0,6.111111111111111,15143.230755838691,2103.226493866485,7.2,4.7528919297577925,0.6006773163471735,3.2,2,4.888446792995106,0.4444444444444444,0.6006773163471735,3.604063898083041,0.4,0.06666666666666667,1.3435128000875312,0.0,6,3.604063898083041,0.4,8.061076800525187,0.0,0.0,0.0,0.0,0.0,0.0,0.0,0.0,0.0,0.0,0.0,0.0,0.0,0.0,0.0
237,random,3,3,399.8538979296033,71.40248177314345,200803.13375594682,33467.18895932447,59.2,7.4,15362.401347565876,1920.3001684457345,8.0,6.484532279987076,3.9188927734274634,3.4,2,5.70506576892719,0.425,3.9188927734274634,12.536072437383154,0.4,0.06666666666666667,2.847783566034527,0.0,6,0.0,0.0,0.0,0.0,0.0,0.0,10.977284203181625,0.2,9.109721325336213,0.0,0.0,0.0,12.536072437383154,0.2,7.976980070870947,0.0,0.0,0.0
238,random,3,3,102.35660084513484,21.324291842736425,638964.8228895161,106494.13714825269,78.0,10.833333333333334,13565.818290951578,1884.1414292988302,7.2,6.344160342501319,1.0632439403282963,4.2,2,5.597633714923837,0.5833333333333334,1.0632439403282963,6.379463641969778,0.4,0.06666666666666667,1.4574459670887638,0.0,6,0.0,0.0,0.0,0.0,0.0,0.0,6.379463641969778,0.4,8.744675802532583,0.0,0.0,0.0,0.0,0.0,0.0,0.0,0.0,0.0
239,random,2,3,308.7775216631698,61.75550433263396,1146108.4006996877,191018.06678328128,70.0,9.210526315789474,14477.343678626357,1904.9136419245206,7.6,4.58328382353144,1.9221695683116498,3.4,1,4.814086887574223,0.4473684210526316,1.9221695683116498,11.533017409869899,0.2,0.03333333333333333,1.4451262904019737,0.0,6,0.0,0.0,0.0,11.533017409869899,0.2,8.670757742411842,0.0,0.0,0.0,0.0,0.0,0.0,0.0,0.0,0.0,0.0,0.0,0.0
240,random,2,2,361.95262648534845,67.02826416395341,237809.13237191914,39634.85539531986,85.6,10.439024390243903,14818.05832378589,1807.0802833885232,8.2,4.069506326848891,1.9497079260903167,3.6,1,4.2829746370769435,0.43902439024390244,1.9497079260903167,11.6982475565419,0.2,0.03333333333333333,1.4247148204131073,0.0,6,0.0,0.0,0.0,0.0,0.0,0.0,0.0,0.0,0.0,0.0,0.0,0.0,0.0,0.0,0.0,11.6982475565419,0.2,8.548288922478644
241,random,2,2,107.30834754465506,21.461669508931013,906915.5584498398,151152.5930749733,105.0,12.804878048780488,16996.913491685937,2072.7943282543824,8.2,5.705480604950626,2.6967273150338165,4.2,2,4.5629234200334565,0.5121951219512195,2.6967273150338165,10.936795672278095,0.4,0.06666666666666667,2.939066124691939,0.0,6,10.936795672278095,0.2,8.694105583056809,0.0,0.0,0.0,0.0,0.0,0.0,5.243568217924803,0.2,8.940291165094825,0.0,0.0,0.0,0.0,0.0,0.0
242,random,2,2,140.6871494122476,28.13742988244952,1000140.6871494122,166690.11452490205,125.6,15.317073170731707,14028.816448937188,1710.8312742606327,8.2,6.444392293239104,4.46478726575909,4.4,4,5.5278024598376065,0.5365853658536586,4.46478726575909,26.78872359455454,0.8,0.13333333333333333,1.013965296185039,0.0,6,0.0,0.2,0.0,0.0,0.0,0.0,0.0,0.0,0.0,0.0,0.2,0.0,26.78872359455454,0.4,6.083791777110234,0.0,0.0,0.0
243,random,2,2,380.2451876535375,90.53456848893751,1216263.340954476,202710.556825746,153.0,17.0,15420.533943288703,1713.3926603654115,9.0,4.876263957027627,18.51490372294923,6.4,6,5.8769516243771065,0.7111111111111111,18.51490372294923,100.0,1.2,0.19999999999999998,1.5029337109844745,0.0,6,0.0,0.0,0.0,0.0,0.0,0.0,11.089422337695396,0.2,9.017602265906847,0.0,0.0,0.0,100.0,1.0,0.0,0.0,0.0,0.0
244,random,0,2,483.47665320555797,86.33511664384964,400483.4766532056,66747.24610886759,117.6,11.76,19278.697626142974,1927.8697626142973,10.0,3.0841267640210557,16.666666666666668,4.8,5,3.9068598173430296,0.48,16.666666666666668,80.0,1.2,0.19999999999999998,0.0,0.0,6,0.0,0.0,0.0,0.0,0.0,0.0,0.0,0.0,0.0,0.0,0.0,0.0,80.0,1.0,0.0,20.0,0.2,0.0
245,random,0,0,140.89962088068614,27.096080938593488,800140.8996208806,133356.8166034801,121.0,12.346938775510203,19776.85090478462,2018.046010692308,9.8,4.662992736742505,5.3827872194854836,3.0,4,4.425072539378261,0.30612244897959184,5.3827872194854836,20.0,0.8,0.13333333333333333,1.3553746178661552,0.0,6,0.0,0.0,0.0,0.0,0.0,0.0,0.0,0.0,0.0,12.296723316912903,0.2,8.132247707196932,0.0,0.2,0.0,20.0,0.4,0.0
246,random,0,0,89.19444106135194,18.582175221114987,1000320.2480266858,166720.04133778097,109.0,13.292682926829269,16989.832579811922,2071.9308024160878,8.2,5.299221554266946,3.8718919722866,2.8,3,4.439023257558507,0.34146341463414637,3.8718919722866,11.64104143617351,0.6000000000000001,0.10000000000000002,2.8578856794877603,0.0,6,11.64104143617351,0.4,8.519417448621244,0.0,0.0,0.0,0.0,0.0,0.0,0.0,0.0,0.0,11.59031039754609,0.2,8.627896628305319,0.0,0.0,0.0
247,random,0,0,204.3624452656457,40.872489053129144,434727.9167428495,72454.65279047492,105.6,12.571428571428571,16221.125174102122,1931.0863302502528,8.4,5.496064809131662,5.833801625756223,3.4,3,4.9982381315138555,0.40476190476190477,5.833801625756223,12.493754118991092,0.6000000000000001,0.10000000000000002,4.2962372082395275,0.0,6,11.395745454574353,0.2,8.775204781347508,0.0,0.0,0.0,11.113310180971894,0.2,8.998219105880718,0.0,0.0,0.0,0.0,0.0,0.0,12.493754118991092,0.2,8.003999362208939
248,random,0,0,145.71772830331582,42.85815538332818,2014197.9172170176,335699.65286950296,128.0,16.842105263157894,12704.231978206639,1671.6094708166631,7.6,5.052709346341016,0.0,5.4,0,6.002836294186554,0.7105263157894737,0.0,0.0,0.0,0.0,0.0,0.0,6,0.0,0.0,0.0,0.0,0.0,0.0,0.0,0.0,0.0,0.0,0.0,0.0,0.0,0.0,0.0,0.0,0.0,0.0
249,random,0,0,251.2046700324609,66.1064921138055,2200251.2046700334,366708.53411167226,153.0,15.3,18711.47930656063,1871.1479306560632,10.0,2.187044473151409,0.9125074351519894,5.4,2,3.2177687605846956,0.54,0.9125074351519894,5.475044610911937,0.4,0.06666666666666667,1.4892687508137896,0.0,6,0.0,0.0,0.0,0.0,0.0,0.0,5.475044610911937,0.4,8.935612504882737,0.0,0.0,0.0,0.0,0.0,0.0,0.0,0.0,0.0
250,random,2,0,420.54819816297424,80.87465349287966,800420.5481981632,133403.42469969386,178.0,17.115384615384617,20007.125852127105,1923.7621011660679,10.4,3.1141554946283354,2.160044482156991,5.2,1,2.6354565166231776,0.5,2.160044482156991,12.960266892941945,0.2,0.03333333333333333,1.2859817474702775,0.0,6,0.0,0.0,0.0,0.0,0.0,0.0,12.960266892941945,0.2,7.715890484821665,0.0,0.0,0.0,0.0,0.0,0.0,0.0,0.0,0.0
251,random,2,2,297.4136431376,51.27821433406896,200297.4136431376,33382.90227385627,203.0,18.454545454545453,21838.084594229487,1985.280417657226,11.0,3.519808137795074,4.928088187340715,5.2,4,2.9725269706437913,0.4727272727272727,4.928088187340715,26.76350256551359,0.8,0.13333333333333333,2.4198672527370726,0.0,6,0.0,0.0,0.0,2.805026558530699,0.4,8.607189277838915,0.0,0.0,0.0,0.0,0.0,0.0,0.0,0.0,0.0,26.76350256551359,0.4,5.912014238583521
252,random,2,2,106.20887908587979,21.241775817175956,710149.5027249791,118358.25045416318,231.0,24.0625,17861.19245783149,1860.5408810241136,9.6,5.7838450686395895,19.487357913017906,6.0,7,5.103197385780137,0.625,19.487357913017906,100.0,1.4,0.2333333333333333,2.5259850981060485,0.0,6,10.9881059332929,0.2,9.100749538372183,0.0,0.0,0.0,0.0,0.0,0.0,0.0,0.0,0.0,5.936041544814543,0.2,6.055161050264109,100.0,1.0,0.0
253,random,2,2,81.49337532494488,20.37334383123622,1264019.7824946088,210669.96374910147,263.0,28.58695652173913,14669.146175055726,1594.4724103321441,9.2,5.959445266051603,34.214470746710504,7.0,12,5.7715208809724174,0.7608695652173914,34.214470746710504,100.0,2.4,0.39999999999999997,1.433101758748914,0.0,6,0.0,0.0,0.0,0.0,0.0,0.0,0.0,0.0,0.0,5.2868244802630215,0.4,8.598610552493485,100.0,1.0,0.0,100.0,1.0,0.0
254,random,2,2,185.1831703045746,71.22429627099022,3050649.320126851,508441.5533544752,299.2,28.76923076923077,17155.86961271857,1649.6028473767853,10.4,1.8992612820372783,35.229312346350525,8.2,11,3.9314588297446207,0.7884615384615384,35.229312346350525,100.0,2.2,0.3666666666666667,1.465088884795894,0.0,6,0.0,0.0,0.0,0.0,0.0,0.0,11.375874078103152,0.2,8.790533308775364,0.0,0.0,0.0,100.0,1.0,0.0,100.0,1.0,0.0
255,random,3,2,415.01380433012366,86.46120923544244,1200415.01380433,200069.16896738834,268.0,23.928571428571427,20464.76438144048,1827.2111054857571,11.2,2.2446018099275173,33.333333333333336,6.2,10,2.7482390173267746,0.5535714285714286,33.333333333333336,100.0,2.0,0.3333333333333333,0.0,0.0,6,0.0,0.0,0.0,0.0,0.0,0.0,0.0,0.0,0.0,0.0,0.0,0.0,100.0,1.0,0.0,100.0,1.0,0.0
256,random,3,3,159.85366619979445,31.97073323995889,1000159.8536661997,166693.3089443666,298.0,27.09090909090909,21593.61053015839,1963.0555027416717,11.0,3.668808022319184,34.013841106002474,6.0,11,2.7098863925687517,0.5454545454545454,34.013841106002474,100.0,2.2,0.3666666666666667,1.433354030487438,0.0,6,4.083046636014842,0.2,8.600124182924628,0.0,0.0,0.0,0.0,0.0,0.0,0.0,0.0,0.0,100.0,1.0,0.0,100.0,1.0,0.0
257,random,3,3,291.9735877576703,54.069182918087094,401284.49312371004,66880.74885395168,328.2,29.836363636363636,20072.219369091297,1824.7472153719361,11.0,5.73628904889011,35.76638415093081,6.4,14,4.434707805987803,0.5818181818181818,35.76638415093081,100.0,2.8,0.4666666666666666,2.842607915293216,0.0,6,0.0,0.2,0.0,3.0287794508467414,0.4,8.41225063065067,11.569525454738141,0.2,8.643396861108627,0.0,0.0,0.0,100.0,1.0,0.0,100.0,1.0,0.0
258,random,3,3,238.3842454962868,62.73269618323337,1401549.4777155207,233591.57961925343,365.2,29.934426229508198,19882.911871314787,1629.7468746979334,12.2,3.318999592507311,34.416743468583114,8.6,12,4.689174756565536,0.7049180327868853,34.416743468583114,100.0,2.4,0.39999999999999997,1.4650324294809254,0.0,6,0.0,0.0,0.0,0.0,0.0,0.0,0.0,0.0,0.0,6.5004608114986695,0.4,8.790194576885552,100.0,1.0,0.0,100.0,1.0,0.0
259,random,3,3,250.9758531575705,73.81642739928544,2003372.7876186706,333895.4646031118,410.2,31.553846153846155,22057.07047108263,1696.6977285448174,13.0,1.0524069984199862,33.333333333333336,9.6,10,1.0938663572535812,0.7384615384615385,33.333333333333336,100.0,2.0,0.3333333333333333,0.0,0.0,6,0.0,0.0,0.0,0.0,0.0,0.0,0.0,0.0,0.0,0.0,0.0,0.0,100.0,1.0,0.0,100.0,1.0,0.0
260,random,3,3,391.95011879903467,130.65003959967822,1753010.663444172,292168.443907362,461.2,32.478873239436616,23168.288761834734,1631.569631115122,14.2,1.483958601995813,33.333333333333336,11.0,10,2.038971116125278,0.7746478873239436,33.333333333333336,100.0,2.0,0.3333333333333333,0.0,0.0,6,0.0,0.0,0.0,0.0,0.0,0.0,0.0,0.0,0.0,0.0,0.0,0.0,100.0,1.0,0.0,100.0,1.0,0.0
261,random,1,3,645.7831879865176,111.3419289631927,7300.306025899305,1216.7176709832174,101.2,7.90625,23785.079045784158,1858.2093004518874,12.8,4.081077685011111,27.22351085900982,4.8,11,4.691581913452535,0.375,27.22351085900982,80.0,2.2,0.3666666666666667,2.858263737696149,0.0,6,11.35666718556422,0.2,8.805400243401763,0.0,0.0,0.0,11.984397968494704,0.2,8.344182182775132,0.0,0.0,0.0,60.0,0.8,0.0,80.0,1.0,0.0
262,random,1,1,345.1434270455122,59.50748742164004,200345.14342704555,33390.85723784092,39.0,3.3620689655172415,23863.190722829615,2057.171614037036,11.6,4.925150385343582,8.465612180597569,3.4,6,5.0910252632687,0.29310344827586204,8.465612180597569,25.43880269530746,1.2,0.19999999999999998,0.6184237471976911,0.0,6,0.0,0.0,0.0,0.0,0.0,0.0,0.0,0.0,0.0,0.0,0.0,0.0,25.35487038827796,0.6,1.7101365053624924,25.43880269530746,0.6,2.0004059778236543
263,random,1,1,184.2670751803517,30.711179196725283,184.2670751803517,30.711179196725283,54.0,5.4,18709.556561659163,1870.9556561659163,10.0,5.2768384967245,3.9290218236677297,3.4,2,4.256408812978594,0.34,3.9290218236677297,12.275327922188808,0.4,0.06666666666666667,2.832819485829512,0.0,6,0.0,0.0,0.0,0.0,0.0,0.0,0.0,0.0,0.0,12.275327922188808,0.2,8.14642188248516,11.29880301981757,0.2,8.850495032491912,0.0,0.0,0.0
264,random,1,1,208.50186289957372,34.75031048326229,208.50186289957372,34.75031048326229,72.0,8.0,18020.228447150967,2002.2476052389961,9.0,5.3780768669547205,2.6863605226609857,4.0,1,4.402045689300208,0.4444444444444444,2.6863605226609857,16.118163135965915,0.2,0.03333333333333333,0.7235404347302367,0.0,6,0.0,0.0,0.0,0.0,0.0,0.0,16.118163135965915,0.2,4.34124260838142,0.0,0.0,0.0,0.0,0.0,0.0,0.0,0.0,0.0
265,random,1,1,491.5350132882071,94.52596409388597,21548.513113801684,3591.418852300281,94.0,10.0,17084.26886256529,1817.4754109112014,9.4,5.089562760622052,20.432790898347168,5.0,7,4.721904230812465,0.5319148936170213,20.432790898347168,100.0,1.4,0.2333333333333333,2.952329411543912,0.0,6,11.596242214650374,0.2,8.623483206798038,0.0,0.0,0.0,100.0,1.0,0.0,0.0,0.0,0.0,0.0,0.0,0.0,11.000503175432641,0.2,9.090493262465431
266,random,3,1,360.32319615647816,66.72651780675521,535176.2849333839,89196.04748889733,11.8,1.4047619047619047,15732.667225212232,1872.9365744300276,8.4,5.19426497368529,19.202954441507245,2.0,9,5.3099298456592345,0.23809523809523808,19.202954441507245,60.0,1.8,0.3,2.6954866316265917,0.0,6,0.0,0.0,0.0,0.0,0.0,0.0,60.0,0.8,0.0,44.64022009651217,0.8,6.718895866128039,0.0,0.0,0.0,10.577506552531304,0.2,9.45402392363151
267,random,3,3,189.71182156122094,43.11632308209567,1200664.420130813,200110.73668846884,8.6,1.3870967741935485,11625.905094162103,1875.1459829293715,6.2,4.540129944206388,0.0,1.6,0,4.687556118572477,0.25806451612903225,0.0,0.0,0.0,0.0,0.0,0.0,6,0.0,0.0,0.0,0.0,0.0,0.0,0.0,0.0,0.0,0.0,0.0,0.0,0.0,0.0,0.0,0.0,0.0,0.0
268,random,3,3,155.79969739788984,40.99992036786575,1835896.0276139989,305982.6712689998,18.0,3.2142857142857144,11737.488678011465,2095.980121073476,5.6,3.509036712020533,0.5802847245240628,2.2,2,4.177364815240336,0.39285714285714285,0.5802847245240628,3.4817083471443766,0.4,0.06666666666666667,1.3895767326156296,0.0,6,3.4817083471443766,0.4,8.337460395693778,0.0,0.0,0.0,0.0,0.0,0.0,0.0,0.0,0.0,0.0,0.0,0.0,0.0,0.0,0.0
269,random,3,3,146.12418571195678,40.59005158665466,2400146.1241857116,400024.3540309519,28.0,5.0,11345.918313488626,2026.0568416943975,5.6,3.2686567629948393,1.9027045965647933,2.4,1,4.023941741593087,0.42857142857142855,1.9027045965647933,11.41622757938876,0.2,0.03333333333333333,1.4599101630346984,0.0,6,0.0,0.0,0.0,0.0,0.0,0.0,11.41622757938876,0.2,8.75946097820819,0.0,0.0,0.0,0.0,0.0,0.0,0.0,0.0,0.0
270,random,3,3,226.08091278171642,47.10019016285759,1200226.0809127816,200037.68015213028,38.0,5.277777777777778,15148.034744033208,2103.893714449057,7.2,3.332983510702227,0.39814828021538534,2.4,2,3.0407111674416525,0.3333333333333333,0.39814828021538534,2.388889681292312,0.4,0.06666666666666667,1.464096761401743,0.0,6,0.0,0.0,0.0,0.0,0.0,0.0,0.0,0.0,0.0,2.388889681292312,0.4,8.784580568410458,0.0,0.0,0.0,0.0,0.0,0.0
271,random,3,3,252.26549333660518,42.04424888943419,252.26549333660518,42.04424888943419,48.0,6.857142857142857,14154.623369587202,2022.0890527981717,7.0,5.6088661622496945,1.4864133014899987,2.0,2,4.376449079404251,0.2857142857142857,1.4864133014899987,8.918479808939992,0.4,0.06666666666666667,1.4169315014344948,0.0,6,0.0,0.0,0.0,8.918479808939992,0.4,8.501589008606969,0.0,0.0,0.0,0.0,0.0,0.0,0.0,0.0,0.0,0.0,0.0,0.0
272,random,3,3,230.69637790934294,44.364688059489026,9710.008778596211,1618.334796432702,60.0,8.823529411764707,14795.860735471962,2175.861872863524,6.8,6.180349326009094,1.6940787730140983,2.8,4,4.812617039251099,0.4117647058823529,1.6940787730140983,5.397710221559464,0.8,0.13333333333333333,2.876596483339867,0.0,6,5.397710221559464,0.4,8.487425170838835,0.0,0.0,0.0,4.7667624165251254,0.4,8.772153729200365,0.0,0.0,0.0,0.0,0.0,0.0,0.0,0.0,0.0
273,random,3,3,272.4030784322258,59.21806052874474,539453.0793046806,89908.8465507801,75.6,11.454545454545455,11156.567742293113,1690.3890518625929,6.6,5.490478908442063,3.814657750196299,3.8,2,5.791001576661837,0.5757575757575758,3.814657750196299,11.55902382980912,0.4,0.06666666666666667,2.9130357050801927,0.0,6,0.0,0.0,0.0,0.0,0.0,0.0,0.0,0.0,0.0,0.0,0.0,0.0,11.328922671368673,0.2,8.82696465505301,11.55902382980912,0.2,8.651249575428148
274,random,3,3,257.7312770713995,64.43281926784988,1166605.495791459,194434.2492985765,96.2,11.186046511627907,14589.052152227412,1696.4014130496992,8.6,2.203355993989484,0.0,5.0,0,3.467145308624078,0.5813953488372093,0.0,0.0,0.0,0.0,0.0,0.0,6,0.0,0.0,0.0,0.0,0.0,0.0,0.0,0.0,0.0,0.0,0.0,0.0,0.0,0.0,0.0,0.0,0.0,0.0
275,random,3,3,68.56450108167722,19.04569474491034,2291411.0496411365,381901.8416068561,121.0,13.152173913043478,17412.58701821212,1892.6725019795783,9.2,4.1375499818867265,0.0,5.2,0,4.840963097191629,0.5652173913043478,0.0,0.0,0.0,0.0,0.0,0.0,6,0.0,0.0,0.0,0.0,0.0,0.0,0.0,0.0,0.0,0.0,0.0,0.0,0.0,0.0,0.0,0.0,0.0,0.0
276,random,3,3,325.042075242946,81.2605188107365,2000325.0420752435,333387.5070125406,146.2,13.79245283018868,19641.149346793398,1852.9386176220185,10.6,3.9810342263530174,3.7453219956955763,5.6,2,4.779626658203203,0.5283018867924528,3.7453219956955763,11.260134406702491,0.4,0.06666666666666667,2.9666775066094466,0.0,6,11.211797567470967,0.2,8.919176376331675,0.0,0.0,0.0,11.260134406702491,0.2,8.880888663325006,0.0,0.0,0.0,0.0,0.0,0.0,0.0,0.0,0.0
277,random,1,3,201.7116933971406,40.342338679428124,625995.0081135349,104332.50135225581,10.4,1.2093023255813953,17307.483835268467,2012.4981203800542,8.6,4.701170671942537,3.845746675566867,1.6,3,4.73555869602531,0.18604651162790697,3.845746675566867,12.805348208471514,0.6000000000000001,0.10000000000000002,2.719211341576519,0.0,6,12.805348208471514,0.2,7.8092370759464345,0.0,0.0,0.0,0.0,0.0,0.0,10.269131844929689,0.4,8.506030973512678,0.0,0.0,0.0,0.0,0.0,0.0
278,random,1,1,253.35691884000312,43.68222738620744,200253.35691884,33375.559486473336,11.0,1.5277777777777777,15531.733986605032,2157.1852759173653,7.2,6.058940921659171,1.7871956623965464,2.2,1,5.106242053077068,0.3055555555555556,1.7871956623965464,10.723173974379279,0.2,0.03333333333333333,1.5542661814951513,0.0,6,0.0,0.0,0.0,0.0,0.0,0.0,0.0,0.0,0.0,0.0,0.0,0.0,10.723173974379279,0.2,9.325597088970907,0.0,0.0,0.0
279,random,1,1,152.97496084154082,25.49582680692347,152.97496084154082,25.49582680692347,21.0,2.9166666666666665,16155.921513762316,2243.877988022544,7.2,5.676177739983734,2.6665837962135206,2.0,3,4.227049265637285,0.2777777777777778,2.6665837962135206,11.257859069492042,0.6000000000000001,0.10000000000000002,2.955329640178686,0.0,6,0.0,0.0,0.0,0.0,0.0,0.0,0.0,0.0,0.0,11.257859069492042,0.2,8.882683588657859,0.0,0.0,0.0,4.7416437077890805,0.4,8.849294252414257
280,random,1,1,476.201824302527,95.2403648605054,204264.50423772715,34044.08403962119,32.2,4.025,14082.423629047655,1760.3029536309568,8.0,4.07019813864397,2.00847025857153,3.2,1,3.962000244417588,0.4,2.00847025857153,12.05082155142918,0.2,0.03333333333333333,1.383031571377809,0.0,6,0.0,0.0,0.0,0.0,0.0,0.0,12.05082155142918,0.2,8.298189428266854,0.0,0.0,0.0,0.0,0.0,0.0,0.0,0.0,0.0
281,random,1,1,218.84495116505065,52.10594075358348,881313.5595159841,146885.59325266402,52.2,5.553191489361702,17313.558897501967,1841.8679678193582,9.4,3.381618727429632,3.6966757699595596,4.8,2,3.546384938732322,0.5106382978723404,3.6966757699595596,11.298841670095499,0.4,0.06666666666666667,3.006769444979436,0.0,6,0.0,0.0,0.0,10.881212949661858,0.2,9.190151912531734,0.0,0.0,0.0,0.0,0.0,0.0,11.298841670095499,0.2,8.850464757344882,0.0,0.0,0.0
282,random,3,1,330.00288020340304,75.0006545916825,1011663.8522919944,168610.64204866573,14.4,1.945945945945946,14502.301960017769,1959.7705351375362,7.4,4.24635214856662,0.0,2.2,0,4.813643693737956,0.2972972972972973,0.0,0.0,0.0,0.0,0.0,0.0,6,0.0,0.0,0.0,0.0,0.0,0.0,0.0,0.0,0.0,0.0,0.0,0.0,0.0,0.0,0.0,0.0,0.0,0.0
283,random,3,3,68.60330052745641,18.05350013880432,1933753.597039917,322292.2661733195,22.0,4.074074074074074,11623.031178644906,2152.413181230538,5.4,5.24449085491547,3.518403571614878,2.2,4,4.901548257918628,0.4074074074074074,3.518403571614878,10.973340487212226,0.8,0.13333333333333333,2.95627868558901,0.0,6,10.973340487212226,0.4,9.02224808661267,0.0,0.0,0.0,10.137080942477041,0.4,8.71542402692139,0.0,0.0,0.0,0.0,0.0,0.0,0.0,0.0,0.0
284,random,3,3,63.39769612699865,15.849424031749663,2000063.397696127,333343.89961602114,32.0,8.0,8233.117285763248,2058.279321440812,4.0,6.51074118793321,1.7435889865858674,2.0,1,6.007640257289075,0.5,1.7435889865858674,10.461533919515205,0.2,0.03333333333333333,1.5931379465850848,0.0,6,0.0,0.0,0.0,0.0,0.0,0.0,0.0,0.0,0.0,10.461533919515205,0.2,9.55882767951051,0.0,0.0,0.0,0.0,0.0,0.0
285,random,3,3,333.1783135284949,83.29457838212373,2000333.1783135287,333388.8630522548,42.0,6.774193548387097,11572.878639571565,1866.5933289631557,6.2,3.083605566109841,0.0,3.0,0,4.6236863206445005,0.4838709677419355,0.0,0.0,0.0,0.0,0.0,0.0,6,0.0,0.0,0.0,0.0,0.0,0.0,0.0,0.0,0.0,0.0,0.0,0.0,0.0,0.0,0.0,0.0,0.0,0.0
286,random,3,3,239.96267714247497,39.99377952374583,239.96267714247497,39.99377952374583,52.0,6.5,16825.616658153675,2103.2020822692093,8.0,3.5682693754846846,1.8805027891714114,2.0,1,2.3343971333862936,0.25,1.8805027891714114,11.283016735028468,0.2,0.03333333333333333,1.4771463215971747,0.0,6,0.0,0.0,0.0,0.0,0.0,0.0,0.0,0.0,0.0,0.0,0.0,0.0,0.0,0.0,0.0,11.283016735028468,0.2,8.862877929583048
287,random,3,3,96.40638011628218,20.95790872093091,915057.0875237376,152509.5145872896,64.0,8.0,15851.27582864234,1981.4094785802924,8.0,3.785500300380167,0.0,2.8,0,2.5737149581242416,0.35,0.0,0.0,0.0,0.0,0.0,0.0,6,0.0,0.0,0.0,0.0,0.0,0.0,0.0,0.0,0.0,0.0,0.0,0.0,0.0,0.0,0.0,0.0,0.0,0.0
288,random,0,3,221.78626025249795,38.23901038836172,3801.19632356933,633.5327205948884,40.2,5.911764705882353,13086.30668402168,1924.4568652973057,6.8,6.765470832823879,5.9412831710240726,1.6,5,4.9038375975597095,0.23529411764705882,5.9412831710240726,12.183778856497156,1.0,0.16666666666666666,5.775500504506298,0.0,6,1.0797177488257148,0.4,8.575226614112033,0.0,0.0,0.0,11.139366228558174,0.2,8.977171407079549,11.244836192263392,0.2,8.892970808129817,12.183778856497156,0.2,8.207634197716393,0.0,0.0,0.0
289,random,0,0,250.39749774248838,59.61845184344961,937294.174913936,156215.69581898933,52.0,7.428571428571429,13254.437194207112,1893.4910277438732,7.0,4.931433400054664,2.3194355828180355,3.6,1,5.62882574664494,0.5142857142857142,2.3194355828180355,13.916613496908212,0.2,0.03333333333333333,1.1976093659832847,0.0,6,13.916613496908212,0.2,7.185656195899708,0.0,0.0,0.0,0.0,0.0,0.0,0.0,0.0,0.0,0.0,0.0,0.0,0.0,0.0,0.0
290,random,0,0,350.46883459483723,58.41147243247287,350.46883459483723,58.41147243247287,67.0,8.375,15354.370709975483,1919.2963387469354,8.0,4.760144934421463,0.0,3.0,0,4.518499383172098,0.375,0.0,0.0,0.0,0.0,0.0,0.0,6,0.0,0.0,0.0,0.0,0.0,0.0,0.0,0.0,0.0,0.0,0.0,0.0,0.0,0.0,0.0,0.0,0.0,0.0
291,random,0,0,92.72288893550565,18.54457778710113,1000092.7228889356,166682.12048148926,82.6,10.58974358974359,16521.5558152085,2118.148181436987,7.8,6.093902593226437,3.881948567091816,3.4,2,4.789658100002966,0.4358974358974359,3.881948567091816,11.906751116180203,0.4,0.06666666666666667,2.863688293394309,0.0,6,11.384940286370693,0.2,8.783533113451062,0.0,0.0,0.0,11.906751116180203,0.2,8.398596646914791,0.0,0.0,0.0,0.0,0.0,0.0,0.0,0.0,0.0
292,random,0,0,135.01719857549864,29.351564907717098,1400135.0171985752,233355.83619976253,97.0,13.472222222222221,13906.901477132013,1931.5140940461129,7.2,6.136133169528289,3.7530965775082827,3.4,2,5.593312425264801,0.4722222222222222,3.7530965775082827,11.38371374030612,0.4,0.06666666666666667,2.960879885433247,0.0,6,0.0,0.0,0.0,0.0,0.0,0.0,0.0,0.0,0.0,11.38371374030612,0.2,8.784479501266068,0.0,0.0,0.0,11.134865724743577,0.2,8.980799811333412
293,random,3,0,222.91390557477249,44.5827811149545,1000222.9139055749,166703.8189842625,90.2,11.868421052631579,13966.797000049124,1837.7364473748848,7.6,4.0033344384353144,0.8782890686696495,2.8,1,4.630504665420754,0.3684210526315789,0.8782890686696495,5.269734412017897,0.2,0.03333333333333333,1.3717016778590245,0.0,6,0.0,0.0,0.0,0.0,0.0,0.0,0.0,0.0,0.0,0.0,0.0,0.0,0.0,0.0,0.0,5.269734412017897,0.2,8.230210067154147
294,random,3,3,106.9972323625748,24.31755280967609,1023407.4690597707,170567.9115099618,105.6,15.085714285714285,12407.588157316393,1772.512593902342,7.0,4.7295742014637145,0.0,3.4,1,4.710882155237755,0.4857142857142857,0.0,0.0,0.2,0.03333333333333333,0.0,0.0,6,0.0,0.0,0.0,0.0,0.0,0.0,0.0,0.0,0.0,0.0,0.0,0.0,0.0,0.0,0.0,0.0,0.2,0.0
295,random,3,3,138.68045235063477,33.0191553215797,1512199.8503962178,252033.30839936962,125.0,14.880952380952381,16386.06259436721,1950.7217374246677,8.4,5.028352943939625,2.7789327413158085,4.6,4,4.827404901631606,0.5476190476190477,2.7789327413158085,9.95442344541516,0.8,0.13333333333333333,2.9346899812264993,0.0,6,9.95442344541516,0.4,8.882694065384568,0.0,0.0,0.0,6.7191730024796925,0.4,8.725445821974427,0.0,0.0,0.0,0.0,0.0,0.0,0.0,0.0,0.0
296,random,3,3,279.82686207601944,53.812858091542196,800279.826862076,133379.97114367931,145.0,17.261904761904763,16313.246911823959,1942.0532037885666,8.4,4.8222762386159355,0.8471615064862211,4.2,2,4.825522126717765,0.5,0.8471615064862211,5.0829690389173265,0.4,0.06666666666666667,1.4577141013462098,0.0,6,0.0,0.0,0.0,0.0,0.0,0.0,0.0,0.0,0.0,5.0829690389173265,0.4,8.746284608077259,0.0,0.0,0.0,0.0,0.0,0.0
297,random,3,3,229.28506356468066,42.460196956422344,2749.412178679685,458.2353631132808,166.2,18.466666666666665,16348.664460305037,1816.5182733672264,9.0,4.9297610317160405,0.0,4.6,0,4.600785536347436,0.5111111111111111,0.0,0.0,0.0,0.0,0.0,0.0,6,0.0,0.0,0.0,0.0,0.0,0.0,0.0,0.0,0.0,0.0,0.0,0.0,0.0,0.0,0.0,0.0,0.0,0.0
298,random,3,3,280.7560751022298,51.99186575967218,140125.5405173662,23354.256752894365,191.0,20.76086956521739,17690.72223418917,1922.9045906727358,9.2,6.126129494085524,9.050433525137578,5.2,4,5.26114993064427,0.5652173913043478,9.050433525137578,31.26951473335339,0.8,0.13333333333333333,3.789508222390588,0.0,6,11.4181294157288,0.2,8.758001977298237,0.0,0.0,0.0,11.614957001743278,0.2,8.609588480180435,0.0,0.0,0.0,31.26951473335339,0.4,5.369458876864859,0.0,0.0,0.0
299,random,3,3,332.60353428156384,75.59171233671904,830829.9236119736,138471.65393532894,219.0,20.660377358490567,17996.936299233912,1697.8241791730106,10.6,2.8601308764781765,22.769343273294755,6.8,7,4.423532134008227,0.6415094339622641,22.769343273294755,100.0,1.4,0.2333333333333333,0.7253554765532955,0.0,6,0.0,0.0,0.0,0.0,0.0,0.0,0.0,0.0,0.0,0.0,0.0,0.0,100.0,1.0,0.0,36.61605963976854,0.4,4.352132859319773
300,random,2,3,317.0423433341628,68.92224855090497,443923.85166845174,73987.30861140862,251.0,20.916666666666668,22508.03939759077,1875.6699497992306,12.0,2.196588428477705,33.333333333333336,6.8,10,2.0397293651188098,0.5666666666666667,33.333333333333336,100.0,2.0,0.3333333333333333,0.0,0.0,6,0.0,0.0,0.0,0.0,0.0,0.0,0.0,0.0,0.0,0.0,0.0,0.0,100.0,1.0,0.0,100.0,1.0,0.0
301,random,2,2,108.58825783290504,27.14706445822626,2228889.1080277897,371481.5180046316,286.0,24.23728813559322,23021.50882497613,1950.9753241505193,11.8,4.253728249335752,35.8302830481019,7.0,13,4.451604772403516,0.5932203389830508,35.8302830481019,100.0,2.6,0.43333333333333335,3.026216715294868,0.0,6,7.756593050285119,0.2,8.900846634339542,0.0,0.0,0.0,7.22510523832625,0.4,9.256453657429665,0.0,0.0,0.0,100.0,1.0,0.0,100.0,1.0,0.0
302,random,2,2,305.8497804527767,72.82137629828017,1600871.714730524,266811.95245508733,321.0,29.72222222222222,18689.65026295309,1730.5231724956566,10.8,5.430821151088148,37.00697912412276,7.6,14,5.71174281521714,0.7037037037037037,37.00697912412276,100.0,2.8,0.4666666666666666,2.9444197517357487,0.0,6,11.060846921509437,0.4,9.040899011587923,0.0,0.0,0.0,10.981027823227123,0.4,8.625619498826566,0.0,0.0,0.0,100.0,1.0,0.0,100.0,1.0,0.0
303,random,2,2,359.3440592123562,74.86334566924089,631846.340195673,105307.72336594551,359.0,29.42622950819672,21521.66390688584,1764.0708120398228,12.2,3.0257965173461603,33.333333333333336,8.2,10,4.590344460715824,0.6721311475409836,33.333333333333336,100.0,2.0,0.3333333333333333,0.0,0.0,6,0.0,0.0,0.0,0.0,0.0,0.0,0.0,0.0,0.0,0.0,0.0,0.0,100.0,1.0,0.0,100.0,1.0,0.0
304,random,2,2,288.64384310643527,55.50843136662217,800288.6438431065,133381.44064051774,399.0,32.17741935483871,22860.956494763068,1843.6255237712153,12.4,4.542608449876775,33.333333333333336,8.2,10,4.490011046466923,0.6612903225806451,33.333333333333336,100.0,2.0,0.3333333333333333,0.0,0.0,6,0.0,0.0,0.0,0.0,0.0,0.0,0.0,0.0,0.0,0.0,0.0,0.0,100.0,1.0,0.0,100.0,1.0,0.0
305,random,1,2,353.0897413666833,58.84829022778055,353.0897413666833,58.84829022778055,98.2,8.614035087719298,22780.539010700377,1998.2928956754718,11.4,5.751223207996404,23.593442818619224,3.0,10,4.548708610361995,0.2631578947368421,23.593442818619224,60.0,2.0,0.3333333333333333,3.0921262810374426,0.0,6,0.0,0.0,0.0,0.0,0.0,0.0,10.833259227474628,0.2,9.23083237465474,10.727397684240714,0.2,9.321925311569915,60.0,0.8,0.0,60.0,0.8,0.0
306,random,1,1,260.24085557998325,54.21684491249651,672955.2235231188,112159.2039205198,49.2,4.823529411764706,19125.548617165277,1875.0537859965957,10.2,3.719569387441022,10.453713144641673,3.0,7,4.212488105531704,0.29411764705882354,10.453713144641673,29.854645815098593,1.4,0.2333333333333333,2.0464268168675033,0.0,6,0.0,0.0,0.0,11.299273047925453,0.2,8.850126868857284,0.0,0.0,0.0,0.0,0.0,0.0,21.56836000482599,0.6,1.446084182501635,29.854645815098593,0.6,1.9823498498460983
307,random,1,1,315.0195983956572,52.50326639927621,315.0195983956572,52.50326639927621,64.0,8.205128205128204,15428.988386674417,1978.0754341890279,7.8,6.2660624742240945,0.41687952765338804,3.0,2,5.090907774615394,0.38461538461538464,0.41687952765338804,2.501277165920328,0.4,0.06666666666666667,1.4493694461882116,0.0,6,0.0,0.0,0.0,0.0,0.0,0.0,0.0,0.0,0.0,0.0,0.0,0.0,2.501277165920328,0.4,8.69621667712927,0.0,0.0,0.0
308,random,1,1,117.48900974661137,19.58150162443523,117.48900974661137,19.58150162443523,79.0,13.166666666666666,12522.231339019,2087.0385565031665,6.0,8.890103644527631,0.0,3.0,0,5.247758390085543,0.5,0.0,0.0,0.0,0.0,0.0,0.0,6,0.0,0.0,0.0,0.0,0.0,0.0,0.0,0.0,0.0,0.0,0.0,0.0,0.0,0.0,0.0,0.0,0.0,0.0
309,random,1,1,163.1707180029346,29.13762821480975,200642.8575444143,33440.476257402384,94.2,14.71875,11414.51682031871,1783.5182531747982,6.4,7.632146428163241,6.346029015480781,3.4,6,5.829647039147589,0.53125,6.346029015480781,20.20657250532622,1.2000000000000002,0.20000000000000004,4.334570171776066,0.0,6,8.092313180923156,0.4,8.932696285657586,0.0,0.0,0.0,9.777288406635307,0.4,8.987177487462759,20.20657250532622,0.4,8.087547257536052,0.0,0.0,0.0,0.0,0.0,0.0
310,random,1,1,405.71287721138935,96.59830409794984,407105.8008676807,67850.96681128012,115.0,15.972222222222221,11680.723854325235,1622.3227575451717,7.2,5.852544853795895,16.666666666666668,5.2,5,6.254057661438041,0.7222222222222222,16.666666666666668,100.0,1.0,0.16666666666666666,0.0,0.0,6,0.0,0.0,0.0,0.0,0.0,0.0,0.0,0.0,0.0,100.0,1.0,0.0,0.0,0.0,0.0,0.0,0.0,0.0
311,random,2,1,312.67639928181495,65.14091651704479,1200312.6763992815,200052.11273321358,106.4,11.822222222222223,17558.737981680217,1950.9708868533573,9.0,4.094429741178724,16.666666666666668,3.8,5,4.835679812292446,0.4222222222222222,16.666666666666668,100.0,1.0,0.16666666666666666,0.0,0.0,6,0.0,0.0,0.0,0.0,0.0,0.0,0.0,0.0,0.0,100.0,1.0,0.0,0.0,0.0,0.0,0.0,0.0,0.0
312,random,2,2,241.23076540197977,40.20512756699663,241.23076540197977,40.20512756699663,120.0,13.043478260869565,18437.845528599042,2004.1136444129393,9.2,5.337776976327583,17.452003339178646,3.0,7,4.256206599416247,0.32608695652173914,17.452003339178646,100.0,1.4,0.2333333333333333,1.433322518489634,0.0,6,0.0,0.0,0.0,0.0,0.0,0.0,0.0,0.0,0.0,100.0,1.0,0.0,4.712020035071873,0.4,8.599935110937805,0.0,0.0,0.0
313,random,2,2,138.09557918406875,24.659924854297994,5792.128564432403,965.354760738734,138.6,15.065217391304348,17790.193841115335,1933.7167218603627,9.2,6.052901906490465,18.020259438814417,4.6,9,4.236589200214322,0.5,18.020259438814417,100.0,1.7999999999999998,0.3,2.790428699832409,0.0,6,0.0,0.0,0.0,0.0,0.0,0.0,1.6439064330916153,0.4,8.085871572419999,100.0,1.0,0.0,6.47765019979488,0.4,8.656700626574455,0.0,0.0,0.0
314,random,2,2,181.50156885592838,41.250356558165535,959024.98231404,159837.49705233998,164.4,15.807692307692308,17651.12984589594,1697.2240236438402,10.4,4.517490541228141,18.19075155810424,6.2,9,5.006249944298841,0.5961538461538461,18.19075155810424,100.0,1.8,0.3,2.903900732208664,0.0,6,8.255795038999167,0.4,8.991128160897643,0.8887143096262662,0.4,8.432276232354344,0.0,0.0,0.0,100.0,1.0,0.0,0.0,0.0,0.0,0.0,0.0,0.0
315,random,2,2,617.8922627653329,123.57845255306658,1000617.8922627652,166769.64871046087,198.0,17.06896551724138,20835.38288276853,1796.1536967903903,11.6,3.6025512218477806,16.666666666666668,7.6,5,4.832857049223791,0.6551724137931034,16.666666666666668,100.0,1.0,0.16666666666666666,0.0,0.0,6,0.0,0.0,0.0,0.0,0.0,0.0,0.0,0.0,0.0,100.0,1.0,0.0,0.0,0.0,0.0,0.0,0.0,0.0
316,random,1,2,268.5917054826365,44.76528424710608,268.5917054826365,44.76528424710608,202.6,16.60655737704918,24188.06426538114,1982.6282184738639,12.2,3.2152432727868256,18.460103402948487,5.2,6,2.068275091480468,0.4262295081967213,18.460103402948487,100.0,1.2,0.19999999999999998,1.5488574096774161,0.0,6,0.0,0.0,0.0,0.0,0.0,0.0,10.760620417690916,0.2,9.293144458064496,100.0,1.0,0.0,0.0,0.0,0.0,0.0,0.0,0.0
317,random,1,1,374.7040379050746,69.38963664908788,401765.43042717257,66960.90507119543,226.2,20.944444444444443,19912.68487851356,1843.767118380885,10.8,5.061877149383211,17.91077445673788,5.8,7,4.080980809532603,0.5370370370370371,17.91077445673788,100.0,1.4,0.2333333333333333,1.5025395781888315,0.0,6,0.0,0.0,0.0,0.0,0.0,0.0,0.0,0.0,0.0,100.0,1.0,0.0,0.0,0.0,0.0,7.46464674042727,0.4,9.01523746913299
318,random,1,1,110.9848800677336,22.19697601354672,1000110.9848800674,166685.1641466779,256.2,24.169811320754718,19837.100566932637,1871.4245817860979,10.6,7.011849565167508,28.999850801283173,6.2,13,5.06238387426797,0.5849056603773585,28.999850801283173,100.0,2.6,0.43333333333333335,5.01628244077552,0.0,6,5.898140098447584,0.4,8.259253414720298,6.205159079640907,0.4,8.76057194788009,50.44251344638269,0.6,4.346755258223028,100.0,1.0,0.0,11.453292183227859,0.2,8.731114023829713,0.0,0.0,0.0
319,random,1,1,301.2546559544179,55.78789925081813,600301.2546559545,100050.20910932576,290.0,33.72093023255814,14357.275453357006,1669.4506341112797,8.6,9.517678112734654,33.333333333333336,7.2,10,6.1972626597275555,0.8372093023255814,33.333333333333336,100.0,2.0,0.3333333333333333,0.0,0.0,6,0.0,0.0,0.0,0.0,0.0,0.0,100.0,1.0,0.0,100.0,1.0,0.0,0.0,0.0,0.0,0.0,0.0,0.0
320,random,1,1,261.05700623680036,50.203270430153914,401130.1627062355,66855.02711770592,325.0,33.854166666666664,14765.832273170574,1538.107528455268,9.6,8.141352245563061,33.333333333333336,7.4,10,6.585868327869755,0.7708333333333334,33.333333333333336,100.0,2.0,0.3333333333333333,0.0,0.0,6,0.0,0.0,0.0,0.0,0.0,0.0,100.0,1.0,0.0,100.0,1.0,0.0,0.0,0.0,0.0,0.0,0.0,0.0
321,random,1,1,189.11561677837716,37.823123355675435,576407.4827109318,96067.9137851553,363.0,33.0,19067.204325764527,1733.3822114331388,11.0,5.55652427985356,33.333333333333336,8.0,10,5.958651179199038,0.7272727272727273,33.333333333333336,100.0,2.0,0.3333333333333333,0.0,0.0,6,0.0,0.0,0.0,0.0,0.0,0.0,100.0,1.0,0.0,100.0,1.0,0.0,0.0,0.0,0.0,0.0,0.0,0.0
322,random,0,1,550.2869736095513,105.82441800183679,209292.74637915258,34882.12439652543,325.6,27.593220338983052,20703.237641184023,1754.5116645071207,11.8,5.299638175249724,26.666666666666668,6.2,9,5.520295054270251,0.5254237288135594,26.666666666666668,100.0,1.8,0.3,0.0,0.0,6,0.0,0.0,0.0,0.0,0.0,0.0,60.0,0.8,0.0,100.0,1.0,0.0,0.0,0.0,0.0,0.0,0.0,0.0
323,random,0,0,122.1449051662169,24.42898103324338,1137321.409830215,189553.56830503582,334.0,27.833333333333332,24298.345232575597,2024.862102714633,12.0,5.449586607188875,23.534817515449806,5.0,11,4.6832592129121124,0.4166666666666667,23.534817515449806,100.0,2.2,0.3666666666666667,3.2597950252227386,0.0,6,11.439580877190565,0.2,8.74157900307261,0.0,0.0,0.0,26.223149722145536,0.6,2.0171125267571273,100.0,1.0,0.0,0.0,0.0,0.0,3.5461744933627415,0.4,8.800078621506692
324,random,0,0,66.14554616608797,13.229109233217594,1000066.145546166,166677.690924361,359.0,42.73809523809524,16369.316459276855,1948.7281499139115,8.4,7.369291363851987,16.666666666666668,5.0,5,5.120146779891153,0.5952380952380952,16.666666666666668,100.0,1.0,0.16666666666666666,0.0,0.0,6,0.0,0.0,0.0,0.0,0.0,0.0,0.0,0.0,0.0,100.0,1.0,0.0,0.0,0.0,0.0,0.0,0.0,0.0
325,random,0,0,379.1153883782186,65.36472213417562,200379.11538837833,33396.519231396385,369.0,43.92857142857143,15236.512986909182,1813.8705936796646,8.4,8.507019604362146,19.473158925237993,4.2,8,5.415441598554518,0.5,19.473158925237993,100.0,1.5999999999999999,0.26666666666666666,2.91208123909364,0.0,6,5.735056874364091,0.4,8.466639946214855,0.0,0.0,0.0,0.0,0.0,0.0,100.0,1.0,0.0,0.0,0.0,0.0,11.103896677063858,0.2,9.005847488346987
326,random,0,0,202.59168780229882,34.92960134522394,200202.5916878024,33367.09861463373,389.0,51.18421052631579,14231.289219006872,1872.5380551324834,7.6,8.736965371987317,21.227867319373672,4.4,9,5.997190792877817,0.5789473684210527,21.227867319373672,100.0,1.8,0.3,0.6959927100338971,0.0,6,0.0,0.0,0.0,0.0,0.0,0.0,27.367203916242033,0.8,4.175956260203383,100.0,1.0,0.0,0.0,0.0,0.0,0.0,0.0,0.0
327,random,0,0,336.8281224150842,60.14787900269361,400336.8281224151,66722.80468706919,409.0,44.45652173913044,16603.139816146526,1804.6891104507092,9.2,3.7952167574084483,16.666666666666668,4.4,5,4.618042544936189,0.4782608695652174,16.666666666666668,100.0,1.0,0.16666666666666666,0.0,0.0,6,0.0,0.0,0.0,0.0,0.0,0.0,0.0,0.0,0.0,100.0,1.0,0.0,0.0,0.0,0.0,0.0,0.0,0.0
328,random,0,0,334.78601133425,59.78321630968751,1366.1514723890036,227.69191206483393,431.0,43.1,18810.519923519438,1881.0519923519437,10.0,5.472338652223864,16.666666666666668,5.0,5,4.1710923958286035,0.5,16.666666666666668,100.0,1.0,0.16666666666666666,0.0,0.0,6,0.0,0.0,0.0,0.0,0.0,0.0,0.0,0.0,0.0,100.0,1.0,0.0,0.0,0.0,0.0,0.0,0.0,0.0
329,random,2,0,187.96484439035999,32.40773179144138,200187.96484439037,33364.660807398395,456.0,45.6,21224.993444217216,2122.4993444217216,10.0,7.354837769551408,21.409876587915733,5.0,8,3.943549629766604,0.5,21.409876587915733,100.0,1.5999999999999999,0.26666666666666666,4.337653709249859,0.0,6,11.789568097974552,0.2,8.482074930054477,0.0,0.0,0.0,11.182369527791707,0.2,8.942648492474563,100.0,1.0,0.0,0.0,0.0,0.0,5.487321901728137,0.2,8.601198832970113
330,random,2,2,156.81831719889027,34.09093852149789,1400156.8183171987,233359.4697195331,481.0,44.53703703703704,19398.71658752209,1796.177461807601,10.8,4.696672550115685,18.51787486762002,5.8,7,5.077301912129525,0.5370370370370371,18.51787486762002,100.0,1.4,0.2333333333333333,1.5005215384996962,0.0,6,0.0,0.0,0.0,0.0,0.0,0.0,0.0,0.0,0.0,100.0,1.0,0.0,11.107249205720109,0.2,9.003129230998177,0.0,0.2,0.0
331,random,2,2,149.12546943246514,31.06780613176357,1000350.0526886262,166725.0087814377,509.0,46.27272727272727,21155.679747739116,1923.2436134308286,11.0,4.352969522558979,18.49346324244455,6.2,6,4.310290997366522,0.5636363636363636,18.49346324244455,100.0,1.2,0.19999999999999998,1.520573124894842,0.0,6,0.0,0.0,0.0,0.0,0.0,0.0,10.960779454667318,0.2,9.123438749369052,100.0,1.0,0.0,0.0,0.0,0.0,0.0,0.0,0.0
332,random,2,2,339.4863629068449,67.89727258136898,1000339.4863629071,166723.24772715117,539.0,48.125,22285.200135870204,1989.750012131268,11.2,4.398101010178215,17.65407098101453,6.2,6,3.1743948227085164,0.5535714285714286,17.65407098101453,100.0,1.2,0.19999999999999998,1.4310717678628866,0.0,6,0.0,0.0,0.0,5.924425886087192,0.2,8.58643060717732,0.0,0.0,0.0,100.0,1.0,0.0,0.0,0.0,0.0,0.0,0.0,0.0
333,random,2,2,165.29665800400807,33.05933160080161,1000165.2966580039,166694.21610966732,569.2,53.698113207547166,19307.96773038664,1821.5063896591173,10.6,6.119370198076338,20.617495900406386,6.2,10,5.319798003072297,0.5849056603773585,20.617495900406386,100.0,2.0,0.3333333333333333,4.312862514456465,0.0,6,0.817874752424359,0.4,8.400032652355732,0.0,0.2,0.0,11.462681662146679,0.2,8.723962066418624,100.0,1.0,0.0,11.424418987867284,0.2,8.753180367964433,0.0,0.0,0.0
334,random,1,2,240.39048862850842,46.228940120867,235260.49376393895,39210.08229398983,585.6,63.65217391304348,15137.942957759606,1645.4285823651744,9.2,7.437139897002154,16.666666666666668,6.6,5,6.26485606368165,0.717391304347826,16.666666666666668,100.0,1.0,0.16666666666666666,0.0,0.0,6,0.0,0.0,0.0,0.0,0.0,0.0,0.0,0.0,0.0,100.0,1.0,0.0,0.0,0.0,0.0,0.0,0.0,0.0
335,random,1,1,142.64870597344526,31.0105882550968,1176044.6624889378,196007.4437481563,620.0,60.78431372549019,17459.90931934474,1711.7558156220337,10.2,5.595375461127289,17.823047600295467,7.4,7,5.63495098323745,0.7254901960784313,17.823047600295467,100.0,1.4,0.2333333333333333,1.4689311940067757,0.0,6,0.0,0.0,0.0,0.0,0.0,0.0,6.9382856017728045,0.4,8.813587164040655,100.0,1.0,0.0,0.0,0.0,0.0,0.0,0.0,0.0
336,random,1,1,474.43576144985155,94.88715228997032,270021.5095493271,45003.584924887844,655.6,54.63333333333333,21020.38971897688,1751.6991432480731,12.0,4.484193396331311,16.666666666666668,7.6,5,4.828380653818083,0.6333333333333333,16.666666666666668,100.0,1.0,0.16666666666666666,0.0,0.0,6,0.0,0.0,0.0,0.0,0.0,0.0,0.0,0.0,0.0,100.0,1.0,0.0,0.0,0.0,0.0,0.0,0.0,0.0
337,random,1,1,340.41419801688005,58.69210310635863,200340.41419801695,33390.06903300282,695.0,53.46153846153846,23820.623461126084,1832.3556508558527,13.0,6.148633217089309,17.18934278818021,8.4,7,5.135910405989251,0.6461538461538462,17.18934278818021,100.0,1.4,0.2333333333333333,1.4552029042504728,0.0,6,0.0,0.0,0.0,3.136056729081247,0.4,8.731217425502837,0.0,0.0,0.0,100.0,1.0,0.0,0.0,0.0,0.0,0.0,0.0,0.0
338,random,1,1,239.39070909713763,39.8984515161896,239.39070909713763,39.8984515161896,735.0,59.274193548387096,22650.657494674833,1826.6659269899058,12.4,7.783171833180391,18.682070546390907,8.0,9,5.759838286384932,0.6451612903225806,18.682070546390907,100.0,1.7999999999999998,0.3,2.9185114245706547,0.0,6,7.711074841872687,0.4,8.719663568027316,0.0,0.0,0.0,0.0,0.0,0.0,100.0,1.0,0.0,4.381348436472763,0.4,8.791404979396612,0.0,0.0,0.0
339,random,1,1,194.0780947314271,42.19089015900589,258900.3771252633,43150.06285421055,777.4,64.78333333333333,17811.189436839435,1484.2657864032865,12.0,5.933721203724521,24.13571669161532,9.2,8,5.888898587507273,0.7666666666666667,24.13571669161532,100.0,1.6,0.26666666666666666,0.9919233381137206,0.0,6,0.0,0.0,0.0,0.0,0.0,0.0,44.81430014969192,0.6,5.951540028682324,100.0,1.0,0.0,0.0,0.0,0.0,0.0,0.0,0.0
