step,control_mode,phase,prev_phase,TotalTravelTime,AvgTravelTime,TotalTravelTime_Raw,AvgTravelTime_Raw,TotalWaitingTime,AvgWaitingTime,TotalCO2,AvgCO2,VehCount,AvgSpeed,AvgOccupancy,QueueLength,Throughput,SpeedStd,HaltRatio,det_occ_mean,det_occ_max,det_veh_sum,det_veh_mean,det_speed_mean,det_speed_min,n_detectors,d0_occ,d0_veh,d0_speed,d1_occ,d1_veh,d1_speed,d2_occ,d2_veh,d2_speed,d3_occ,d3_veh,d3_speed,d4_occ,d4_veh,d4_speed,d5_occ,d5_veh,d5_speed
0,random,0,0,329.73767628863635,56.85132349804075,200329.7376762887,33388.28961271478,0.2,0.037037037037037035,10233.01915530196,1895.0035472781408,5.4,5.765021168089705,1.5400333328524123,0.4,3,4.95570609999571,0.07407407407407407,1.5400333328524123,9.240199997114473,0.6000000000000001,0.10000000000000002,1.4928074273746466,0.0,6,0.0,0.0,0.0,0.0,0.0,0.0,9.240199997114473,0.4,8.956844564247879,0.0,0.2,0.0,0.0,0.0,0.0,0.0,0.0,0.0
1,random,0,0,94.598852877392,15.766475479565335,94.598852877392,15.766475479565335,0.0,0.0,10228.055807435743,2435.251382722796,4.2,8.029186754287432,1.7762395038771217,0.0,2,4.427416487523584,0.0,1.7762395038771217,10.65743702326273,0.4,0.06666666666666667,1.3995029255747795,0.0,6,10.65743702326273,0.4,8.397017553448677,0.0,0.0,0.0,0.0,0.0,0.0,0.0,0.0,0.0,0.0,0.0,0.0,0.0,0.0,0.0
2,random,0,0,63.01908499288692,10.50318083214782,63.01908499288692,10.50318083214782,0.0,0.0,8703.06717510588,2559.725639737024,3.4,10.243650019975997,1.2571886941129644,0.2,3,3.800655032752318,0.058823529411764705,1.2571886941129644,3.888031328436341,0.6000000000000001,0.10000000000000002,2.7519375670856476,0.0,6,0.0,0.0,0.0,3.888031328436341,0.2,8.401687129214404,3.655100836241445,0.4,8.109938273299482,0.0,0.0,0.0,0.0,0.0,0.0,0.0,0.0,0.0
3,random,0,0,368.72124400697805,65.84307928696037,201158.62934953166,33526.43822492194,0.6,0.15,7609.370223972905,1902.3425559932261,4.0,8.380354546705972,1.851252106735662,0.8,3,5.847409438791661,0.2,1.851252106735662,11.107512640413972,0.6000000000000001,0.10000000000000002,1.473436825737978,0.0,6,0.0,0.0,0.0,0.0,0.2,0.0,0.0,0.0,0.0,0.0,0.0,0.0,0.0,0.0,0.0,11.107512640413972,0.4,8.840620954427868
4,random,1,0,216.8814552248901,37.39335434911898,200216.88145522497,33369.480242537495,5.0,1.0869565217391304,9346.951653385488,2031.9460116055407,4.6,7.122143702421487,0.0,1.2,0,5.707797797627967,0.2608695652173913,0.0,0.0,0.0,0.0,0.0,0.0,6,0.0,0.0,0.0,0.0,0.0,0.0,0.0,0.0,0.0,0.0,0.0,0.0,0.0,0.0,0.0,0.0,0.0,0.0
5,random,1,1,174.06304329972238,31.082686303521857,400174.0630432997,66695.67717388329,10.0,1.6129032258064515,13688.76655625978,2207.865573590287,6.2,5.16013167268255,0.6995417101111912,1.4,2,4.184511185990914,0.22580645161290322,0.6995417101111912,4.197250260667147,0.4,0.06666666666666667,1.3841822972365965,0.0,6,0.0,0.0,0.0,0.0,0.0,0.0,0.0,0.0,0.0,0.0,0.0,0.0,0.0,0.0,0.0,4.197250260667147,0.4,8.30509378341958
6,random,1,1,104.61404868646146,20.118086285857974,800104.6140486866,133350.76900811444,15.0,2.5,14124.186375740774,2354.0310626234623,6.0,6.078632002270967,3.3089953872004685,1.0,3,4.433555635042849,0.16666666666666666,3.3089953872004685,11.70802016736161,0.6000000000000001,0.10000000000000002,2.930908960212614,0.0,6,11.70802016736161,0.2,8.54115371946228,0.0,0.0,0.0,0.0,0.0,0.0,8.1459521558412,0.4,9.044300041813404,0.0,0.0,0.0,0.0,0.0,0.0
7,random,1,1,157.65087496337424,31.530174992674848,1000157.6508749636,166692.94181249393,20.6,3.3225806451612905,12289.146128689075,1982.1203433369476,6.2,5.694196514233501,1.4508091455380168,1.8,2,4.855100483163432,0.2903225806451613,1.4508091455380168,8.7048548732281,0.4,0.06666666666666667,1.409929515545567,0.0,6,0.0,0.0,0.0,8.7048548732281,0.4,8.459577093273401,0.0,0.0,0.0,0.0,0.0,0.0,0.0,0.0,0.0,0.0,0.0,0.0
8,random,1,1,319.2993890190329,59.129516485006086,4729.738933969209,788.2898223282015,31.4,4.131578947368421,13495.857427608184,1775.7707141589715,7.6,4.916456851774125,3.830477769038604,3.0,2,4.849440328003713,0.39473684210526316,3.830477769038604,12.211272293377533,0.4,0.06666666666666667,2.91213860750068,0.0,6,0.0,0.0,0.0,0.0,0.0,0.0,0.0,0.0,0.0,12.211272293377533,0.2,8.189154872439657,10.771594320854092,0.2,9.283676772564425,0.0,0.0,0.0
9,random,3,1,436.31525473848995,87.26305094769799,724062.9772703032,120677.16287838387,2.4,0.3333333333333333,14473.101751137827,2010.1530209913649,7.2,3.1589853881132224,0.0,1.4,0,3.225437149589764,0.19444444444444445,0.0,0.0,0.0,0.0,0.0,0.0,6,0.0,0.0,0.0,0.0,0.0,0.0,0.0,0.0,0.0,0.0,0.0,0.0,0.0,0.0,0.0,0.0,0.0,0.0
10,random,3,3,156.9648312776856,31.392966255537118,1000156.9648312777,166692.82747187963,7.2,1.0909090909090908,14045.227433375432,2128.0647626326413,6.6,4.455381329383319,2.0339240128483502,1.4,3,3.0558844302468122,0.21212121212121213,2.0339240128483502,10.832862242532997,0.6000000000000001,0.10000000000000002,2.9487865114429326,0.0,6,0.0,0.0,0.0,0.0,0.0,0.0,1.3706818345571037,0.4,8.46154841762036,0.0,0.0,0.0,0.0,0.0,0.0,10.832862242532997,0.2,9.231170651037235
11,random,3,3,124.96876824951546,24.99375364990309,1000124.9687682495,166687.49479470824,16.0,2.6666666666666665,13360.926638739827,2226.8211064566376,6.0,6.372655648871676,1.4264552368141874,2.2,2,4.838006149516949,0.36666666666666664,1.4264552368141874,8.558731420885124,0.4,0.06666666666666667,1.4234687468347451,0.0,6,0.0,0.0,0.0,0.0,0.0,0.0,0.0,0.0,0.0,8.558731420885124,0.4,8.540812481008471,0.0,0.0,0.0,0.0,0.0,0.0
12,random,3,3,366.09409287265055,63.119671184939754,200366.0940928727,33394.34901547878,26.2,3.4473684210526314,14500.375934266576,1907.944201877181,7.6,4.85968279081484,3.490839131055168,2.8,3,5.070710238061348,0.3684210526315789,3.490839131055168,11.333526384805168,0.6000000000000001,0.10000000000000002,2.9392706023529485,0.0,6,9.611508401525839,0.4,8.812244499381631,11.333526384805168,0.2,8.82337911473606,0.0,0.0,0.0,0.0,0.0,0.0,0.0,0.0,0.0,0.0,0.0,0.0
13,random,3,3,189.50635736414196,31.58439289402366,189.50635736414196,31.58439289402366,40.0,5.0,15990.500035155768,1998.812504394471,8.0,4.77068947172267,1.8721539219793233,3.0,1,4.20393227906367,0.375,1.8721539219793233,11.23292353187594,0.2,0.03333333333333333,1.483733653075378,0.0,6,0.0,0.0,0.0,0.0,0.0,0.0,0.0,0.0,0.0,0.0,0.0,0.0,0.0,0.0,0.0,11.23292353187594,0.2,8.902401918452268
14,random,3,3,197.79952187564524,47.095124256106004,1043739.6622392865,173956.6103732144,56.2,7.025,15204.418309450664,1900.552288681333,8.0,4.741767893794786,1.0245324013742636,3.6,1,4.748634992923167,0.45,1.0245324013742636,6.147194408245582,0.2,0.03333333333333333,1.3841587146744132,0.0,6,0.0,0.0,0.0,0.0,0.0,0.0,0.0,0.0,0.0,0.0,0.0,0.0,6.147194408245582,0.2,8.30495228804648,0.0,0.0,0.0
15,random,0,3,284.7322178354591,54.756195737588286,221257.75571046266,36876.29261841044,34.0,5.0,13263.928861721733,1950.577773782608,6.8,5.030336821351097,1.8970406297831726,2.2,4,5.135596490619688,0.3235294117647059,1.8970406297831726,11.300886053176669,0.8,0.13333333333333333,2.934329583860624,0.0,6,11.300886053176669,0.2,8.848863666923718,0.0,0.0,0.0,0.08135772552236631,0.4,8.757113836240025,0.0,0.0,0.0,0.0,0.2,0.0,0.0,0.0,0.0
16,random,0,0,93.91805120975765,18.78361024195153,705629.9279685642,117604.9879947607,43.0,8.6,10236.213418311727,2047.2426836623456,5.0,6.694586280566473,2.1282401896082583,2.0,2,5.482477528368754,0.4,2.1282401896082583,12.769441137649551,0.4,0.06666666666666667,1.2592094680326134,0.0,6,12.769441137649551,0.4,7.55525680819568,0.0,0.0,0.0,0.0,0.0,0.0,0.0,0.0,0.0,0.0,0.0,0.0,0.0,0.0,0.0
17,random,0,0,73.1492674406609,15.902014661013242,1400073.1492674407,233345.52487790678,53.2,12.090909090909092,8174.679833210015,1857.8817802750034,4.4,8.618294753124003,0.0,2.4,0,6.190961124047482,0.5454545454545454,0.0,0.0,0.0,0.0,0.0,0.0,6,0.0,0.0,0.0,0.0,0.0,0.0,0.0,0.0,0.0,0.0,0.0,0.0,0.0,0.0,0.0,0.0,0.0,0.0
18,random,0,0,354.3037686473772,68.13534012449561,800354.3037686474,133392.38396144123,63.0,9.0,13599.098115359735,1942.728302194248,7.0,5.253282185284473,1.3315833504861985,2.6,2,5.532443581109272,0.37142857142857144,1.3315833504861985,7.989500102917191,0.4,0.06666666666666667,1.537779177655466,0.0,6,0.0,0.0,0.0,0.0,0.0,0.0,7.989500102917191,0.4,9.226675065932795,0.0,0.0,0.0,0.0,0.0,0.0,0.0,0.0,0.0
19,random,0,0,166.15221047008123,27.692035078346873,166.15221047008123,27.692035078346873,55.8,6.975,17444.036373084913,2180.504546635614,8.0,4.952615554089036,1.1979920913868607,1.4,2,4.102734620364253,0.175,1.1979920913868607,7.187952548321164,0.4,0.06666666666666667,1.251687891424323,0.0,6,0.0,0.0,0.0,0.0,0.0,0.0,7.187952548321164,0.4,7.510127348545938,0.0,0.0,0.0,0.0,0.0,0.0,0.0,0.0,0.0
20,random,0,0,93.35852369575846,15.559753949293077,93.35852369575846,15.559753949293077,57.0,9.193548387096774,14686.91449801974,2368.857177099958,6.2,6.965266382739831,0.4004538564421978,1.0,2,3.3792721810519764,0.16129032258064516,0.4004538564421978,2.4027231386531867,0.4,0.06666666666666667,1.361070642946288,0.0,6,0.0,0.0,0.0,0.0,0.0,0.0,0.0,0.0,0.0,0.0,0.0,0.0,0.0,0.0,0.0,2.4027231386531867,0.4,8.166423857677728
21,random,2,0,205.50884340870874,36.69800775155513,1606.9171001742468,267.8195166957078,64.0,11.03448275862069,11171.73840362711,1926.1617937288122,5.8,8.245177283504812,3.545539950936719,2.0,6,4.745034912543589,0.3448275862068966,3.545539950936719,10.312884917106544,1.2000000000000002,0.20000000000000004,4.34703183383681,0.0,6,10.312884917106544,0.4,8.74534972012043,2.6145729460364464,0.4,8.7168141849339,0.0,0.0,0.0,0.0,0.0,0.0,8.345781842477322,0.4,8.620027097966524,0.0,0.0,0.0
22,random,2,2,410.0617744972909,89.14386402115021,822391.8182790659,137065.303046511,75.2,12.129032258064516,10739.390199499963,1732.1597095967682,6.2,5.314204667694638,1.5614258969912953,3.4,2,6.066889695492044,0.5483870967741935,1.5614258969912953,9.368555381947772,0.4,0.06666666666666667,1.4327979226130994,0.0,6,0.0,0.0,0.0,0.0,0.0,0.0,9.368555381947772,0.4,8.596787535678596,0.0,0.0,0.0,0.0,0.0,0.0,0.0,0.0,0.0
23,random,2,2,246.87727360502646,49.37545472100529,965516.8426457666,160919.47377429443,90.0,11.25,16075.004533964724,2009.3755667455905,8.0,1.961283604156477,0.0,3.0,0,1.2600930579081895,0.375,0.0,0.0,0.0,0.0,0.0,0.0,6,0.0,0.0,0.0,0.0,0.0,0.0,0.0,0.0,0.0,0.0,0.0,0.0,0.0,0.0,0.0,0.0,0.0,0.0
24,random,2,2,90.28874095844428,19.627987164879194,1015560.1112572709,169260.01854287848,105.6,13.2,15595.824282577869,1949.4780353222336,8.0,4.593315891615464,9.939566566795198,3.4,3,3.857397340847728,0.425,9.939566566795198,39.63739940077119,0.8,0.13333333333333333,0.6720996646240848,0.0,6,0.0,0.0,0.0,0.0,0.0,0.0,0.0,0.0,0.0,0.0,0.0,0.0,20.0,0.2,0.0025647470890933057,39.63739940077119,0.6,4.030033240655415
25,random,2,2,201.6107775869169,40.32215551738338,1000201.610777587,166700.26846293118,120.0,14.634146341463415,17643.562195374045,2151.6539262651277,8.2,6.494350881176954,9.663782503426527,3.4,12,4.84770491872329,0.4146341463414634,9.663782503426527,20.0,2.4,0.39999999999999997,5.760656153952094,0.0,6,0.9614353218768201,0.4,8.740302676148714,5.715467529616944,0.4,8.926906592864544,11.305792169065398,0.6,8.845023728068988,20.0,0.4,8.051703926630315,20.0,0.4,0.0,0.0,0.2,0.0
26,random,3,2,487.93744254645145,90.35878565675026,205796.87143692217,34299.478572820364,138.2,16.452380952380953,13544.711645148805,1612.4656720415244,8.4,5.788720351871161,0.0,4.8,0,6.142554039610426,0.5714285714285714,0.0,0.0,0.0,0.0,0.0,0.0,6,0.0,0.0,0.0,0.0,0.0,0.0,0.0,0.0,0.0,0.0,0.0,0.0,0.0,0.0,0.0,0.0,0.0,0.0
27,random,3,3,292.0133569301571,54.076547579658715,450062.27069747413,75010.37844957902,157.8,16.4375,18566.239198738454,1933.9832498685892,9.6,2.6149554886239526,0.0,4.6,0,3.1942744459046204,0.4791666666666667,0.0,0.0,0.0,0.0,0.0,0.0,6,0.0,0.0,0.0,0.0,0.0,0.0,0.0,0.0,0.0,0.0,0.0,0.0,0.0,0.0,0.0,0.0,0.0,0.0
28,random,3,3,211.80871309105697,36.51874363638913,557.3690410901295,92.89484018168825,177.0,17.7,18750.862993447758,1875.0862993447756,10.0,4.154429670242116,10.618546688075506,4.0,4,3.222001577928319,0.4,10.618546688075506,43.99889787555594,0.8,0.13333333333333333,1.7620189297343405,0.0,6,0.0,0.0,0.0,0.0,0.0,0.0,0.0,0.0,0.0,0.0,0.0,0.0,43.99889787555594,0.6,6.827862053514359,19.7123822528971,0.2,3.744251524891685
29,random,3,3,54.419331861468436,13.604832965367109,500594.1975824094,83432.3662637349,202.0,20.2,18412.17289668956,1841.217289668956,10.0,5.691158572950562,37.42400435091431,5.8,14,4.935528513373074,0.58,37.42400435091431,100.0,2.8,0.4666666666666666,4.341943294663601,0.0,6,11.88834286973929,0.2,8.411601271573435,0.0,0.0,0.0,4.899453910224452,0.4,8.575583451986313,7.756229325522099,0.2,9.064475044421853,100.0,1.0,0.0,100.0,1.0,0.0
30,random,3,3,511.29702841464103,150.38147894548266,2277547.5880065616,379591.2646677603,234.2,24.395833333333332,15468.408883734868,1611.2925920557154,9.6,4.087524650540213,33.333333333333336,7.2,11,5.335377584879505,0.75,33.333333333333336,100.0,2.2,0.3666666666666667,0.0,0.0,6,0.0,0.0,0.0,0.0,0.0,0.0,0.0,0.0,0.0,0.0,0.2,0.0,100.0,1.0,0.0,100.0,1.0,0.0
31,random,3,3,293.25978786783105,86.25287878465619,1944976.152798007,324162.69213300117,273.0,26.25,17426.1139127306,1675.5878762240961,10.4,4.091887100807444,35.171809214738325,8.4,11,5.860533945084055,0.8076923076923077,35.171809214738325,100.0,2.2,0.3666666666666667,1.5109133635492429,0.0,6,11.030855288429962,0.2,9.065480181295458,0.0,0.0,0.0,0.0,0.0,0.0,0.0,0.0,0.0,100.0,1.0,0.0,100.0,1.0,0.0
32,random,1,3,514.6255364559282,107.21365342831838,1200514.6255364562,200085.7709227427,50.8,4.456140350877193,21881.18190317963,1919.4019213315464,11.4,1.342828952454793,20.0,3.6,8,1.0306137994929838,0.3157894736842105,20.0,60.0,1.6,0.26666666666666666,0.0,0.0,6,0.0,0.0,0.0,0.0,0.0,0.0,0.0,0.0,0.0,0.0,0.0,0.0,60.0,0.8,0.0,60.0,0.8,0.0
33,random,1,1,230.9684505364634,42.77193528453026,600230.9684505363,100038.49474175605,31.0,3.2291666666666665,20055.415041817265,2089.105733522632,9.6,4.02367774930224,0.762430732902241,2.2,2,3.1667742640882373,0.22916666666666666,0.762430732902241,4.574584397413446,0.4,0.06666666666666667,1.3737016732804472,0.0,6,0.0,0.0,0.0,0.0,0.0,0.0,4.574584397413446,0.4,8.242210039682684,0.0,0.0,0.0,0.0,0.0,0.0,0.0,0.0,0.0
34,random,1,1,294.27895001605077,49.0464916693418,294.27895001605077,49.0464916693418,43.0,4.886363636363637,17928.0490895088,2037.278305626,8.8,6.493853074946793,3.7109624592860277,3.2,2,4.9142066183121,0.36363636363636365,3.7109624592860277,11.525792585333647,0.4,0.06666666666666667,2.997865889943228,0.0,6,11.525792585333647,0.2,8.676192917721608,0.0,0.0,0.0,0.0,0.0,0.0,0.0,0.0,0.0,0.0,0.0,0.0,10.739982170382518,0.2,9.311002421937761
35,random,1,1,142.7236451122101,24.60752501934657,1221.514366150133,203.58572769168882,58.2,7.097560975609756,15979.34796138015,1948.7009709000183,8.2,6.895601585915283,1.4113619419729655,3.2,2,5.2577289223418715,0.3902439024390244,1.4113619419729655,8.468171651837793,0.4,0.06666666666666667,1.378753369456778,0.0,6,0.0,0.0,0.0,0.0,0.0,0.0,0.0,0.0,0.0,0.0,0.0,0.0,8.468171651837793,0.4,8.272520216740668,0.0,0.0,0.0
36,random,1,1,183.97145049501947,36.794290099003895,459184.0857181847,76530.68095303078,77.0,9.625,14635.295659933545,1829.411957491693,8.0,5.98700286989263,5.9186168273843505,4.4,4,5.459020024192277,0.55,5.9186168273843505,13.044074891572564,0.8,0.13333333333333333,3.536478250989692,0.0,6,13.044074891572564,0.2,7.666315996438152,0.0,0.0,0.0,12.230326953317672,0.2,4.797216848515098,10.237299119415866,0.4,8.755336660984904,0.0,0.0,0.0,0.0,0.0,0.0
37,random,1,1,558.5408089496473,116.36266853117652,248234.22353881304,41372.37058980217,102.0,9.272727272727273,19686.92456457235,1789.7204149611225,11.0,2.0304212771543293,18.18532378357645,6.2,6,2.6170593762164662,0.5636363636363636,18.18532378357645,100.0,1.2,0.19999999999999998,1.486032677240049,0.0,6,9.111942701458702,0.2,8.916196063440294,0.0,0.0,0.0,100.0,1.0,0.0,0.0,0.0,0.0,0.0,0.0,0.0,0.0,0.0,0.0
38,random,2,1,282.4303099088481,47.07171831814134,282.4303099088481,47.07171831814134,21.4,2.4318181818181817,18596.022325412203,2113.1843551604775,8.8,4.493426857221903,10.0,2.0,5,4.098079041952548,0.22727272727272727,10.0,60.0,1.0,0.16666666666666666,0.0,0.0,6,0.0,0.2,0.0,0.0,0.0,0.0,60.0,0.8,0.0,0.0,0.0,0.0,0.0,0.0,0.0,0.0,0.0,0.0
39,random,2,2,127.30039338788879,21.948343687567032,200127.3003933879,33354.550065564654,19.0,2.5675675675675675,16402.398608206968,2216.540352460401,7.4,6.283520779352423,5.992087004086102,1.2,5,4.020673301409627,0.16216216216216217,5.992087004086102,20.0,1.0,0.16666666666666666,4.387555255377894,0.0,6,0.0,0.0,0.0,11.536103755610156,0.2,8.668437985517311,0.0,0.2,0.0,20.0,0.2,8.79594135904799,4.416418268906455,0.4,8.860952187702061,0.0,0.0,0.0
40,random,2,2,245.73198130868272,51.19416277264224,724617.5155049635,120769.58591749391,26.0,4.642857142857143,9991.889421062264,1784.265968046833,5.6,6.1270834987710305,1.8800503840950948,2.0,3,5.423399844477028,0.35714285714285715,1.8800503840950948,11.280302304570569,0.6000000000000001,0.10000000000000002,1.4775017740361127,0.0,6,0.0,0.0,0.0,0.0,0.0,0.0,0.0,0.2,0.0,0.0,0.2,0.0,0.0,0.0,0.0,11.280302304570569,0.2,8.865010644216676
41,random,2,2,252.65707047369068,60.156445350878734,1218503.1709794623,203083.8618299104,39.0,5.131578947368421,14869.927265710863,1956.569377067219,7.6,2.565514460160089,1.9341968542691272,3.4,1,2.8221427539905566,0.4473684210526316,1.9341968542691272,11.605181125614763,0.2,0.03333333333333333,1.4361401589743634,0.0,6,0.0,0.0,0.0,0.0,0.0,0.0,0.0,0.0,0.0,11.605181125614763,0.2,8.61684095384618,0.0,0.0,0.0,0.0,0.0,0.0
42,random,2,2,213.00149580707898,44.37531162647479,1001817.8280553843,166969.63800923072,54.6,6.5,16150.7383529449,1922.7069467791548,8.4,3.476954373445792,1.5891440567853958,3.6,1,2.8404134714802267,0.42857142857142855,1.5891440567853958,9.534864340712375,0.2,0.03333333333333333,1.4091794087861975,0.0,6,9.534864340712375,0.2,8.455076452717185,0.0,0.0,0.0,0.0,0.0,0.0,0.0,0.0,0.0,0.0,0.0,0.0,0.0,0.0,0.0
43,random,1,2,284.6367991943117,47.43946653238529,284.6367991943117,47.43946653238529,8.0,1.0526315789473684,17314.192038069188,2278.1831629038406,7.6,6.076872776354193,2.404094747907758,1.4,3,4.199893613048836,0.18421052631578946,2.404094747907758,11.20148930584378,0.6000000000000001,0.10000000000000002,2.952867570922885,0.0,6,0.0,0.2,0.0,11.20148930584378,0.2,8.927384320925105,3.2230791816027704,0.2,8.789821104612201,0.0,0.0,0.0,0.0,0.0,0.0,0.0,0.0,0.0
44,random,1,1,266.03021674107475,49.264854952050875,401224.53829451825,66870.75638241971,10.2,1.5454545454545454,13800.118699857438,2090.9270757359754,6.6,5.314868821114136,1.9497990654449875,1.8,2,4.447512490997656,0.2727272727272727,1.9497990654449875,11.698794392669924,0.4,0.06666666666666667,1.424648225043552,0.0,6,0.0,0.0,0.0,0.0,0.0,0.0,0.0,0.2,0.0,0.0,0.0,0.0,0.0,0.0,0.0,11.698794392669924,0.2,8.547889350261311
45,random,1,1,430.4166148395393,71.73610247325655,430.4166148395393,71.73610247325655,19.0,2.7142857142857144,14156.674009303384,2022.382001329055,7.0,5.249550701819064,1.9046575031698392,2.0,3,4.538569497898956,0.2857142857142857,1.9046575031698392,10.64698273458248,0.6000000000000001,0.10000000000000002,3.089447963268753,0.0,6,0.0,0.0,0.0,0.0,0.0,0.0,0.0,0.0,0.0,0.7809622844365549,0.4,9.144355464167893,10.64698273458248,0.2,9.392332315444625,0.0,0.0,0.0
46,random,1,1,79.19219348365672,15.838438696731345,439773.4122414926,73295.56870691544,32.0,5.161290322580645,13053.640330433122,2105.4258597472776,6.2,6.961257510724554,0.0,3.0,0,5.163489340482664,0.4838709677419355,0.0,0.0,0.0,0.0,0.0,0.0,6,0.0,0.0,0.0,0.0,0.0,0.0,0.0,0.0,0.0,0.0,0.0,0.0,0.0,0.0,0.0,0.0,0.0,0.0
47,random,1,1,115.81482555008847,24.12808865626843,1200115.81482555,200019.302470925,47.0,7.580645161290323,12789.372434993205,2062.802005644065,6.2,7.138358287959806,3.582111326933841,3.2,5,5.419413942965413,0.5161290322580645,3.582111326933841,11.018284370614992,1.0,0.16666666666666666,4.464876002042167,0.0,6,0.2642870718023005,0.4,8.511678963247688,11.018284370614992,0.2,9.075823116953954,10.210096519185754,0.4,9.20175393205136,0.0,0.0,0.0,0.0,0.0,0.0,0.0,0.0,0.0
48,random,1,1,195.94132058684767,44.53211831519265,927271.7650636809,154545.29417728016,64.0,11.428571428571429,8676.81091588996,1549.4305206946358,5.6,7.390999104636071,0.0,4.2,0,6.555696880097834,0.75,0.0,0.0,0.0,0.0,0.0,0.0,6,0.0,0.0,0.0,0.0,0.0,0.0,0.0,0.0,0.0,0.0,0.0,0.0,0.0,0.0,0.0,0.0,0.0,0.0
49,random,0,1,316.45558673803913,56.509926203221276,400316.455586738,66719.40926445634,54.0,7.714285714285714,13656.160855711778,1950.8801222445397,7.0,6.427650982682843,0.0,2.6,0,5.921993363201037,0.37142857142857144,0.0,0.0,0.0,0.0,0.0,0.0,6,0.0,0.0,0.0,0.0,0.0,0.0,0.0,0.0,0.0,0.0,0.0,0.0,0.0,0.0,0.0,0.0,0.0,0.0
50,random,0,0,251.2810182449835,43.3243134905144,200251.28101824498,33375.21350304083,63.0,8.076923076923077,16800.108284496582,2153.860036473921,7.8,4.615981477957632,1.8540937330232055,2.2,1,4.216993565149714,0.28205128205128205,1.8540937330232055,11.124562398139233,0.2,0.03333333333333333,1.4981862719790617,0.0,6,0.0,0.0,0.0,0.0,0.0,0.0,0.0,0.0,0.0,0.0,0.0,0.0,0.0,0.0,0.0,11.124562398139233,0.2,8.98911763187437
51,random,0,0,130.87196182078992,21.81199363679832,130.87196182078992,21.81199363679832,73.0,10.13888888888889,15566.67928259832,2162.0387892497665,7.2,6.236953825826995,5.528059141761901,2.2,3,3.9161372192848973,0.3055555555555556,5.528059141761901,21.74839537472849,0.6000000000000001,0.10000000000000002,2.714412213365451,0.0,6,0.0,0.0,0.0,0.0,0.0,0.0,11.419959475842916,0.2,8.756598498579079,21.74839537472849,0.4,7.529874781613627,0.0,0.0,0.0,0.0,0.0,0.0
52,random,0,0,131.12231752225097,27.317149483802286,800780.9339433695,133463.4889905616,83.2,10.666666666666666,15722.234911470945,2015.671142496275,7.8,5.859264273400502,11.45482974109465,2.4,9,4.712431393097576,0.3076923076923077,11.45482974109465,40.0,2.0,0.3333333333333333,2.941485948280208,0.0,6,5.139061764069766,0.4,8.940720577910541,0.0,0.0,0.0,40.0,0.6,0.04548630487226185,20.0,0.6,0.0,0.0,0.0,0.0,3.589916682498142,0.4,8.662708806898445
53,random,0,0,293.16562892539673,54.28993128248087,600293.1656289254,100048.86093815423,96.0,12.972972972972974,13216.414973181101,1786.0020234028516,7.4,6.642965044221095,0.26373814869221707,3.4,2,5.5797121028358045,0.4594594594594595,0.26373814869221707,1.5824288921533025,0.4,0.06666666666666667,1.3420982651257267,0.0,6,0.0,0.0,0.0,1.5824288921533025,0.4,8.05258959075436,0.0,0.0,0.0,0.0,0.0,0.0,0.0,0.0,0.0,0.0,0.0,0.0
54,random,3,0,281.8664224502415,48.597659043145086,200281.86642245026,33380.311070408374,18.2,2.3333333333333335,16209.00393201374,2078.077427181249,7.8,5.517851924744305,1.5259917046582434,2.2,1,5.030383533741406,0.28205128205128205,1.5259917046582434,9.155950227949461,0.2,0.03333333333333333,1.4519462464998172,0.0,6,0.0,0.0,0.0,0.0,0.0,0.0,0.0,0.0,0.0,0.0,0.0,0.0,0.0,0.0,0.0,9.155950227949461,0.2,8.711677478998903
55,random,3,3,227.0712927553489,40.548445134883735,13012.569518412987,2168.7615864021645,13.6,2.2666666666666666,11885.010059569362,1980.8350099282268,6.0,7.21564235243465,0.7820257121943541,1.4,3,5.130692275522611,0.23333333333333334,0.7820257121943541,4.692154273166125,0.6000000000000001,0.10000000000000002,1.5105291503792007,0.0,6,0.0,0.0,0.0,0.0,0.0,0.0,4.692154273166125,0.4,9.063174902275204,0.0,0.0,0.0,0.0,0.0,0.0,0.0,0.2,0.0
56,random,3,3,94.7885833341183,19.747621527941313,1187100.8965081011,197850.14941801687,23.0,3.8333333333333335,13722.205146641976,2287.0341911069963,6.0,6.362838751007177,0.7437560807214064,2.2,4,4.703417809081055,0.36666666666666664,0.7437560807214064,3.1742969800006904,0.8,0.13333333333333333,2.8681690531317146,0.0,6,0.0,0.0,0.0,1.2882395043277484,0.4,8.845107750408353,3.1742969800006904,0.4,8.363906568381935,0.0,0.0,0.0,0.0,0.0,0.0,0.0,0.0,0.0
57,random,3,3,233.14660758763685,50.68404512774715,822814.277677114,137135.71294618567,34.2,5.34375,11418.170242231226,1784.0891003486292,6.4,5.210996926078019,0.12393356834233298,3.0,2,5.214687186622809,0.46875,0.12393356834233298,0.7436014100539978,0.4,0.06666666666666667,1.439878733564789,0.0,6,0.7436014100539978,0.4,8.639272401388734,0.0,0.0,0.0,0.0,0.0,0.0,0.0,0.0,0.0,0.0,0.0,0.0,0.0,0.0,0.0
58,random,3,3,150.2091816426123,31.293579508877563,1049819.2369475425,174969.87282459042,49.0,7.65625,12497.312531045425,1952.7050829758477,6.4,6.234260114228732,0.6120922019168044,3.4,1,5.592131583380144,0.53125,0.6120922019168044,3.6725532115008264,0.2,0.03333333333333333,1.4337467030001185,0.0,6,0.0,0.0,0.0,0.0,0.0,0.0,0.0,0.0,0.0,0.0,0.0,0.0,3.6725532115008264,0.2,8.60248021800071,0.0,0.0,0.0
59,random,3,3,297.71456310851715,49.61909385141953,297.71456310851715,49.61909385141953,64.0,8.64864864864865,14616.73848609145,1975.2349305528985,7.4,6.247669175577557,0.0,3.0,1,5.288152450143045,0.40540540540540543,0.0,0.0,0.2,0.03333333333333333,0.0,0.0,6,0.0,0.0,0.0,0.0,0.0,0.0,0.0,0.0,0.0,0.0,0.0,0.0,0.0,0.2,0.0,0.0,0.0,0.0
60,random,1,3,180.53677606655026,31.12703035630177,200180.53677606658,33363.422796011095,5.2,0.7878787878787878,12365.559676418294,1873.5696479421656,6.6,6.3259915410805485,2.203854048240146,1.0,3,4.900078415747055,0.15151515151515152,2.203854048240146,11.380613801952677,0.6000000000000001,0.10000000000000002,2.8323402720740596,0.0,6,0.0,0.0,0.0,0.0,0.0,0.0,11.380613801952677,0.2,8.786872284765701,0.0,0.0,0.0,0.0,0.0,0.0,1.8425104874881981,0.4,8.207169347678658
61,random,1,1,196.60244883397604,35.10758014892429,400196.602448834,66699.43374147233,5.0,0.7142857142857143,15443.220788609799,2206.1743983728284,7.0,4.588669703864408,1.4490744926985144,1.4,3,3.8272283816196633,0.2,1.4490744926985144,6.3325398953406875,0.6000000000000001,0.10000000000000002,2.9139766344490146,0.0,6,2.361907060850399,0.2,8.085325476247816,6.3325398953406875,0.4,9.398534330446273,0.0,0.0,0.0,0.0,0.0,0.0,0.0,0.0,0.0,0.0,0.0,0.0
62,random,1,1,283.76741644706215,50.672752936975385,201545.30664447526,33590.884440745875,10.6,1.5142857142857142,14960.215987772002,2137.1737125388577,7.0,4.517449647180202,0.0,1.6,1,3.9051650065210706,0.22857142857142856,0.0,0.0,0.2,0.03333333333333333,0.0,0.0,6,0.0,0.2,0.0,0.0,0.0,0.0,0.0,0.0,0.0,0.0,0.0,0.0,0.0,0.0,0.0,0.0,0.0,0.0
63,random,1,1,144.3290461678501,30.06855128496877,1200144.329046168,200024.05484102797,17.0,2.2972972972972974,14318.376910242256,1934.9157986813857,7.4,4.680443439459938,1.013210379523078,2.0,4,4.20872200517477,0.2702702702702703,1.013210379523078,6.079262277138469,0.8,0.13333333333333333,1.5163698861065011,0.0,6,0.0,0.0,0.0,0.0,0.0,0.0,0.0,0.0,0.0,6.079262277138469,0.8,9.098219316639007,0.0,0.0,0.0,0.0,0.0,0.0
64,random,1,1,323.64581879429085,67.4262122488106,436342.1082516884,72723.68470861473,32.0,3.7209302325581395,16233.351147011519,1887.5989705827349,8.6,3.9240749169989857,2.3868392778901657,4.0,3,3.822910740488089,0.46511627906976744,2.3868392778901657,11.004928978950375,0.6000000000000001,0.10000000000000002,2.979636596546843,0.0,6,0.0,0.0,0.0,0.0,0.0,0.0,0.0,0.0,0.0,0.0,0.0,0.0,3.3161066883906187,0.4,8.790982200205328,11.004928978950375,0.2,9.086837379075732
65,random,3,1,481.6012021932726,86.00021467737012,5292.707015009428,882.1178358349047,13.6,1.8888888888888888,13033.337203180294,1810.1857226639297,7.2,4.566382590188168,0.959017479395167,1.8,2,4.549742873799384,0.25,0.959017479395167,5.754104876371002,0.4,0.06666666666666667,1.3868857762310653,0.0,6,0.0,0.0,0.0,5.754104876371002,0.4,8.321314657386392,0.0,0.0,0.0,0.0,0.0,0.0,0.0,0.0,0.0,0.0,0.0,0.0
66,random,3,3,57.11634181319997,14.279085453299993,564073.0684096724,94012.17806827872,24.0,4.0,12420.801361500244,2070.133560250041,6.0,5.420219649835999,1.8490125540379647,2.8,1,4.922255514714504,0.4666666666666667,1.8490125540379647,11.094075324227788,0.2,0.03333333333333333,1.5023033627930378,0.0,6,11.094075324227788,0.2,9.013820176758227,0.0,0.0,0.0,0.0,0.0,0.0,0.0,0.0,0.0,0.0,0.0,0.0,0.0,0.0,0.0
67,random,3,3,73.22358804588048,20.339885568300133,2400073.223588045,400012.2039313409,39.0,6.964285714285714,10931.569055787424,1952.0659028191828,5.6,5.431555736220753,1.8870122088617336,3.4,1,5.643234675566887,0.6071428571428571,1.8870122088617336,11.322073253170402,0.2,0.03333333333333333,1.472050771443267,0.0,6,0.0,0.0,0.0,0.0,0.0,0.0,11.322073253170402,0.2,8.832304628659601,0.0,0.0,0.0,0.0,0.0,0.0,0.0,0.0,0.0
68,random,3,3,363.66013140727125,75.76252737651485,1200363.660131407,200060.61002190117,54.0,7.105263157894737,14056.139251274513,1849.4920067466464,7.6,3.8730382099739384,0.523472005333853,3.6,2,4.722965530852238,0.47368421052631576,0.523472005333853,3.140832032003118,0.4,0.06666666666666667,1.4446404536720363,0.0,6,0.0,0.0,0.0,0.0,0.0,0.0,0.0,0.0,0.0,3.140832032003118,0.4,8.667842722032217,0.0,0.0,0.0,0.0,0.0,0.0
69,random,3,3,242.33819224111488,40.38969870685248,242.33819224111488,40.38969870685248,69.0,8.625,16748.9634489083,2093.6204311135375,8.0,5.340875723982848,0.0,3.0,0,4.3257624914592085,0.375,0.0,0.0,0.0,0.0,0.0,0.0,6,0.0,0.0,0.0,0.0,0.0,0.0,0.0,0.0,0.0,0.0,0.0,0.0,0.0,0.0,0.0,0.0,0.0,0.0
70,random,3,3,116.9967777024438,19.4994629504073,116.9967777024438,19.4994629504073,84.0,11.35135135135135,16651.4168494819,2250.1914661462024,7.4,7.586952665726449,2.576372201100791,3.0,3,4.417414318811855,0.40540540540540543,2.576372201100791,11.129124155978616,0.6000000000000001,0.10000000000000002,2.9200548163148086,0.0,6,4.32910905062613,0.4,8.534895848669112,0.0,0.0,0.0,11.129124155978616,0.2,8.98543304921974,0.0,0.0,0.0,0.0,0.0,0.0,0.0,0.0,0.0
71,random,3,3,203.13399566397388,39.06422993537959,218123.76723780794,36353.96120630133,99.8,13.486486486486486,11375.18772372083,1537.1875302325448,7.4,6.638624389431427,9.017604145076158,4.0,4,5.737206756733175,0.5405405405405406,9.017604145076158,31.587255787559343,0.8,0.13333333333333333,3.8412130483595868,0.0,6,0.0,0.0,0.0,31.587255787559343,0.4,5.281147371613812,0.0,0.0,0.0,0.0,0.0,0.0,11.401917595650275,0.2,8.770454545132747,11.116451487247332,0.2,8.995676373410964
72,random,3,3,386.3648938831171,87.81020315525387,1404001.9293662428,234000.32156104047,125.0,12.254901960784315,17806.973067917155,1745.7816733252114,10.2,2.8480381557796055,16.666666666666668,6.4,5,4.538598471018986,0.6274509803921569,16.666666666666668,100.0,1.0,0.16666666666666666,0.0,0.0,6,0.0,0.0,0.0,100.0,1.0,0.0,0.0,0.0,0.0,0.0,0.0,0.0,0.0,0.0,0.0,0.0,0.0,0.0
73,random,0,3,367.43649620892126,73.48729924178426,1000367.436496209,166727.9060827015,59.2,6.297872340425532,19950.023585577565,2122.342934635911,9.4,3.1740543959839984,13.333333333333334,2.6,5,2.589441703600541,0.2765957446808511,13.333333333333334,80.0,1.0,0.16666666666666666,0.0,0.0,6,0.0,0.0,0.0,80.0,1.0,0.0,0.0,0.0,0.0,0.0,0.0,0.0,0.0,0.0,0.0,0.0,0.0,0.0
74,random,0,0,236.71226614380225,49.31505544662547,1000855.9177755736,166809.31962926226,61.2,7.463414634146342,17019.916904631893,2075.5996225160848,8.2,5.700708831271027,2.5704611214234774,2.8,5,4.556333256010232,0.34146341463414637,2.5704611214234774,9.194342985024377,1.0,0.16666666666666666,4.432421299365039,0.0,6,2.165693541097653,0.4,8.75048653734848,0.0,0.0,0.0,9.194342985024377,0.4,9.20945685878396,0.0,0.0,0.0,0.0,0.0,0.0,4.062730202418834,0.2,8.634584400057793
75,random,0,0,109.2183148485054,21.84366296970108,1000109.2183148483,166684.86971914137,70.0,11.666666666666666,11878.816494993327,1979.8027491655546,6.0,7.3446112593662916,3.754617419956124,2.4,3,5.492880488230989,0.4,3.754617419956124,11.363050817285512,0.6000000000000001,0.10000000000000002,2.9595486599329104,0.0,6,11.164653702451233,0.2,8.956838489136901,0.0,0.0,0.0,11.363050817285512,0.2,8.800453470460562,0.0,0.0,0.0,0.0,0.0,0.0,0.0,0.2,0.0
76,random,0,0,610.9877171894374,117.49763792104565,211217.48664643377,35202.914441072295,82.0,15.76923076923077,9024.950389871838,1735.5673826676611,5.2,7.122974728523307,0.0,3.0,0,6.413842617007879,0.5769230769230769,0.0,0.0,0.0,0.0,0.0,0.0,6,0.0,0.0,0.0,0.0,0.0,0.0,0.0,0.0,0.0,0.0,0.0,0.0,0.0,0.0,0.0,0.0,0.0,0.0
77,random,0,0,446.5032217907463,101.47800495244233,1600446.5032217908,266741.08387029846,90.6,11.921052631578947,15221.19743108242,2002.7891356687396,7.6,3.375063721211608,0.0,3.0,0,4.242246215703942,0.39473684210526316,0.0,0.0,0.0,0.0,0.0,0.0,6,0.0,0.0,0.0,0.0,0.0,0.0,0.0,0.0,0.0,0.0,0.0,0.0,0.0,0.0,0.0,0.0,0.0,0.0
78,random,3,0,202.46795098533272,40.493590197066545,1000202.4679509854,166700.41132516423,105.0,11.931818181818182,18604.507112885873,2114.1485355552127,8.8,3.9881001908335216,2.058692628977307,3.0,4,3.484394008514602,0.3409090909090909,2.058692628977307,6.6387648459976845,0.8,0.13333333333333333,2.9958699441204466,0.0,6,0.0,0.0,0.0,0.0,0.0,0.0,6.6387648459976845,0.4,9.047346206009387,0.0,0.0,0.0,0.0,0.0,0.0,5.713390927866158,0.4,8.927873458713295
79,random,3,3,165.10130934675647,34.3961061139076,1200165.1013093472,200027.5168848912,121.2,13.466666666666667,17588.61659236972,1954.2907324855241,9.0,3.4964529122858408,2.165540784344747,3.8,2,2.6611772790485335,0.4222222222222222,2.165540784344747,11.718035058567011,0.4,0.06666666666666667,2.846361730934652,0.0,6,1.2752096475014696,0.2,8.544316416047513,0.0,0.0,0.0,0.0,0.0,0.0,0.0,0.0,0.0,0.0,0.0,0.0,11.718035058567011,0.2,8.533853969560399
80,random,3,3,73.33343202757239,17.460340958945807,1056725.3065929385,176120.88443215642,143.0,17.023809523809526,16553.82579100813,1970.693546548587,8.4,4.853767953320853,2.156918624156295,4.8,4,4.4586342241927035,0.5714285714285714,2.156918624156295,11.203921388530489,0.8,0.13333333333333333,2.9580519163359575,0.0,6,0.0,0.2,0.0,11.203921388530489,0.2,8.925446415785325,0.0,0.0,0.0,1.7375903564072814,0.4,8.82286508223042,0.0,0.0,0.0,0.0,0.0,0.0
81,random,3,3,376.81623748658563,117.75507421455801,2433140.459448048,405523.409908008,168.6,18.733333333333334,15026.059515380675,1669.5621683756306,9.0,2.447512696860862,0.0,6.0,0,4.008743816715889,0.6666666666666666,0.0,0.0,0.0,0.0,0.0,0.0,6,0.0,0.0,0.0,0.0,0.0,0.0,0.0,0.0,0.0,0.0,0.0,0.0,0.0,0.0,0.0,0.0,0.0,0.0
82,random,3,3,376.11375642100836,78.35703258771008,1200376.1137564213,200062.68562607022,198.0,19.03846153846154,19321.52075857241,1857.8385344781163,10.4,3.4216894073541835,1.8542467329679841,6.2,1,4.288448968276058,0.5961538461538461,1.8542467329679841,11.125480397807905,0.2,0.03333333333333333,1.4980626517440596,0.0,6,0.0,0.0,0.0,0.0,0.0,0.0,11.125480397807905,0.2,8.988375910464358,0.0,0.0,0.0,0.0,0.0,0.0,0.0,0.0,0.0
83,random,3,3,115.32111573953202,27.457408509412385,1800115.3211157392,300019.2201859565,228.0,21.11111111111111,20944.06829476442,1939.2655828485574,10.8,4.411913260381877,0.0,6.4,0,4.8497440971782675,0.5925925925925926,0.0,0.0,0.0,0.0,0.0,0.0,6,0.0,0.0,0.0,0.0,0.0,0.0,0.0,0.0,0.0,0.0,0.0,0.0,0.0,0.0,0.0,0.0,0.0,0.0
84,random,0,3,284.6143921093052,47.43573201821753,284.6143921093052,47.43573201821753,166.6,17.354166666666668,20633.187804363715,2149.290396287887,9.6,5.492484749541968,6.300783966823171,2.4,5,4.652135907289735,0.25,6.300783966823171,21.72851626010697,1.0,0.16666666666666666,4.015775515789713,0.0,6,21.72851626010697,0.4,9.205241059185758,0.0,0.0,0.0,11.517305992842921,0.4,8.499056992679835,0.0,0.0,0.0,4.558881547989131,0.2,6.390355042872685,0.0,0.0,0.0
85,random,0,0,210.38083913984173,45.73496503040038,201715.134251636,33619.18904193933,173.2,27.93548387096774,10762.39718140919,1735.8705131305146,6.2,6.416197806113825,16.666666666666668,3.4,5,5.723663884314975,0.5483870967741935,16.666666666666668,100.0,1.0,0.16666666666666666,0.0,0.0,6,0.0,0.0,0.0,0.0,0.0,0.0,0.0,0.0,0.0,0.0,0.0,0.0,100.0,1.0,0.0,0.0,0.0,0.0
86,random,0,0,407.9998316091527,81.59996632183054,1069209.1722059378,178201.52870098964,188.8,21.953488372093023,17096.37890770807,1987.9510357800082,8.6,5.13591202173714,19.61151557037662,4.2,7,5.116706534139972,0.4883720930232558,19.61151557037662,100.0,1.4,0.2333333333333333,2.9536295708112505,0.0,6,0.0,0.0,0.0,0.0,0.0,0.0,11.088176765058506,0.2,9.018615243862625,0.0,0.0,0.0,100.0,1.0,0.0,6.5809166572012145,0.2,8.703162181004881
87,random,0,0,325.072663872773,56.04701101254707,900.2837286152584,150.04728810254306,202.2,24.658536585365855,15400.156778245591,1878.0678997860477,8.2,4.757484364863174,16.666666666666668,3.4,6,4.586530553917767,0.4146341463414634,16.666666666666668,100.0,1.2,0.19999999999999998,0.0,0.0,6,0.0,0.0,0.0,0.0,0.0,0.0,0.0,0.0,0.0,0.0,0.0,0.0,100.0,1.0,0.0,0.0,0.2,0.0
88,random,0,0,220.9503309052124,36.825055150868735,220.9503309052124,36.825055150868735,221.0,24.555555555555557,18967.820318435013,2107.535590937224,9.0,5.9771795931216865,17.894578345143753,4.0,6,4.371037458082017,0.4444444444444444,17.894578345143753,100.0,1.2,0.19999999999999998,1.4632206198604154,0.0,6,0.0,0.0,0.0,7.36747007086251,0.2,8.779323719162493,0.0,0.0,0.0,0.0,0.0,0.0,100.0,1.0,0.0,0.0,0.0,0.0
89,random,3,0,173.73127962385527,34.746255924771056,443842.57246020966,73973.7620767016,242.2,27.522727272727273,15574.04730361325,1769.7781026833238,8.8,5.71219545916375,19.585213009809195,4.8,8,5.127391263009114,0.5454545454545454,19.585213009809195,100.0,1.6,0.26666666666666666,2.9298977588150534,0.0,6,10.963531727127247,0.2,9.121148411744763,0.0,0.2,0.0,6.547746331727922,0.2,8.458238141145557,0.0,0.0,0.0,100.0,1.0,0.0,0.0,0.0,0.0
90,random,3,3,142.9771644289396,31.081992267160786,1736188.787281321,289364.79788022017,267.0,31.046511627906977,15071.249301074122,1752.4708489621073,8.6,5.221407452705696,18.76169549857309,5.4,7,5.268365553717089,0.627906976744186,18.76169549857309,100.0,1.4,0.2333333333333333,1.3258899999242828,0.0,6,0.0,0.0,0.0,0.0,0.0,0.0,0.0,0.2,0.0,0.0,0.0,0.0,100.0,1.0,0.0,12.57017299143854,0.2,7.955339999545696
91,random,3,3,287.6121258940552,68.47907759382267,1206102.903376047,201017.1505626745,293.2,29.32,17703.504631481243,1770.3504631481242,10.0,2.453905165344979,16.666666666666668,5.8,5,2.4663636225386174,0.58,16.666666666666668,100.0,1.0,0.16666666666666666,0.0,0.0,6,0.0,0.0,0.0,0.0,0.0,0.0,0.0,0.0,0.0,0.0,0.0,0.0,100.0,1.0,0.0,0.0,0.0,0.0
92,random,3,3,54.96533770637725,14.464562554309802,1586821.8919704075,264470.3153284012,323.0,32.95918367346939,17575.304340778428,1793.3984021202477,9.8,5.192883697019198,17.27865184277448,6.2,7,5.190169500415331,0.6326530612244898,17.27865184277448,100.0,1.4,0.2333333333333333,1.4724401030223815,0.0,6,0.0,0.0,0.0,0.0,0.0,0.0,0.0,0.0,0.0,3.671911056646877,0.4,8.834640618134289,100.0,1.0,0.0,0.0,0.0,0.0
93,random,3,3,393.9960790650728,85.6513215358854,1400393.9960790647,233398.99934651077,353.0,33.301886792452834,20520.410345363158,1935.8877684304866,10.6,5.109073175000939,20.301189437257488,6.4,7,5.033595802220496,0.6037735849056604,20.301189437257488,100.0,1.4,0.2333333333333333,3.0635274022043126,0.0,6,11.402875848639269,0.2,8.769717510511459,0.0,0.0,0.0,10.404260774905651,0.2,9.611446902714414,0.0,0.0,0.0,100.0,1.0,0.0,0.0,0.0,0.0
94,random,3,3,412.4946577790415,68.74910962984025,412.4946577790415,68.74910962984025,383.0,34.81818181818182,20851.447526017982,1895.5861387289074,11.0,5.253872414895044,18.789730094398845,6.2,6,4.972405590901976,0.5636363636363636,18.789730094398845,100.0,1.2,0.19999999999999998,1.308381907715756,0.0,6,12.738380566393062,0.2,7.850291446294536,0.0,0.0,0.0,0.0,0.0,0.0,0.0,0.0,0.0,100.0,1.0,0.0,0.0,0.0,0.0
95,random,2,3,224.13924355604354,40.02486492072207,400224.13924355607,66704.02320725935,413.0,36.875,21934.959440627223,1958.4785214845735,11.2,4.666073644368599,18.00391014534398,6.4,7,4.46825331725748,0.5714285714285714,18.00391014534398,100.0,1.4,0.2333333333333333,1.4630402081490812,0.0,6,0.0,0.0,0.0,0.0,0.0,0.0,0.0,0.0,0.0,8.023460872063879,0.4,8.778241248894487,100.0,1.0,0.0,0.0,0.0,0.0
96,random,2,2,253.63505711792664,52.840636899568054,603423.2450572256,100570.54084287093,444.6,37.05,19966.27312557284,1663.8560937977368,12.0,2.833559114096903,23.533396761034737,7.0,8,2.55732159262869,0.5833333333333334,23.533396761034737,100.0,1.6,0.26666666666666666,1.2264959886278708,0.0,6,0.0,0.0,0.0,0.0,0.0,0.0,0.0,0.0,0.0,0.0,0.0,0.0,100.0,1.0,0.0,41.20038056620842,0.6,7.358975931767224
97,random,2,2,156.08714802072095,43.357541116866926,1733314.4495922464,288885.74159870774,483.6,42.421052631578945,20221.155422163767,1773.7855633476988,11.4,4.210431312016645,36.9518924242243,8.4,12,4.7405393687811435,0.7368421052631579,36.9518924242243,100.0,2.4,0.39999999999999997,3.079313393107956,0.0,6,10.277881440576948,0.2,9.729631595593354,0.0,0.0,0.0,11.433473104768836,0.2,8.746248763054384,0.0,0.0,0.0,100.0,1.0,0.0,100.0,1.0,0.0
98,random,2,2,90.62271402702642,32.365255009652294,2740488.458385143,456748.0763975238,528.0,48.0,18820.18367761119,1710.9257888737445,11.0,4.115384489455201,33.346383582558396,9.2,12,5.4775471488545415,0.8363636363636363,33.346383582558396,100.0,2.4,0.39999999999999997,1.4574645509477706,0.0,6,0.0,0.0,0.0,0.078301495350388,0.4,8.744787305686623,0.0,0.0,0.0,0.0,0.0,0.0,100.0,1.0,0.0,100.0,1.0,0.0
99,random,2,2,536.5728412349014,127.75543838926222,1800536.5728412345,300089.4288068724,573.0,44.765625,21522.959102643785,1681.4811798940457,12.8,3.4344617451999913,33.333333333333336,9.6,10,5.086556945325342,0.75,33.333333333333336,100.0,2.0,0.3333333333333333,0.0,0.0,6,0.0,0.0,0.0,0.0,0.0,0.0,0.0,0.0,0.0,0.0,0.0,0.0,100.0,1.0,0.0,100.0,1.0,0.0
100,random,2,2,235.39720398744967,47.07944079748994,1000235.3972039872,166705.89953399787,618.0,45.44117647058823,24603.14714773791,1809.0549373336698,13.6,4.3018773273797715,33.333333333333336,9.4,10,4.772416709117306,0.6911764705882353,33.333333333333336,100.0,2.0,0.3333333333333333,0.0,0.0,6,0.0,0.0,0.0,0.0,0.0,0.0,0.0,0.0,0.0,0.0,0.0,0.0,100.0,1.0,0.0,100.0,1.0,0.0
101,random,1,2,464.23930343960353,77.37321723993392,464.23930343960353,77.37321723993392,154.2,11.507462686567164,26130.860133591243,1950.0641890739732,13.4,5.18271948733404,23.32548110599343,3.6,10,4.513866896512029,0.26865671641791045,23.32548110599343,60.0,2.0,0.3333333333333333,2.9763522585544604,0.0,6,0.0,0.0,0.0,0.0,0.0,0.0,11.011274744348611,0.2,9.081600661297063,8.941611891611956,0.2,8.7765128900297,60.0,0.8,0.0,60.0,0.8,0.0
102,random,1,1,116.29985137162745,26.431784402642602,75431.85271325373,12571.975452208955,36.2,3.4150943396226414,20333.653994133663,1918.269244729591,10.6,4.471141279693155,9.979115638600812,2.6,9,4.722241708465074,0.24528301886792453,9.979115638600812,27.650115929634467,1.8000000000000003,0.30000000000000004,2.086983402517779,0.0,6,7.310170553250828,0.4,8.872295381128788,0.0,0.0,0.0,0.0,0.0,0.0,0.0,0.2,0.0,24.91440734871958,0.6,1.8803227266787548,27.650115929634467,0.6,1.7692823072991324
103,random,1,1,204.34377040907228,42.57161883522339,862104.1627368021,143684.02712280035,51.0,6.538461538461538,16696.311125092805,2140.5527083452316,7.8,5.7432377100431165,8.17311718689401,3.2,5,4.878040514250276,0.41025641025641024,8.17311718689401,27.089520305482893,1.0,0.16666666666666666,3.557651386137868,0.0,6,10.742514076489442,0.2,9.308807909207703,0.0,0.0,0.0,0.0,0.0,0.0,0.0,0.0,0.0,11.206668739391716,0.2,8.92325831390889,27.089520305482893,0.6,3.1138420937106126
104,random,1,1,404.0662009306599,77.70503864051152,800404.0662009309,133400.67770015515,66.0,9.428571428571429,12686.881891148503,1812.4116987355005,7.0,5.51198768894809,0.0,3.8,0,6.143627084455944,0.5428571428571428,0.0,0.0,0.0,0.0,0.0,0.0,6,0.0,0.0,0.0,0.0,0.0,0.0,0.0,0.0,0.0,0.0,0.0,0.0,0.0,0.0,0.0,0.0,0.0,0.0
105,random,1,1,236.13455712916794,40.71285467744275,200236.13455712915,33372.68909285486,81.0,9.642857142857142,16993.741830302333,2023.0645036074206,8.4,3.63342459946757,0.0,3.2,0,3.595972659222064,0.38095238095238093,0.0,0.0,0.0,0.0,0.0,0.0,6,0.0,0.0,0.0,0.0,0.0,0.0,0.0,0.0,0.0,0.0,0.0,0.0,0.0,0.0,0.0,0.0,0.0,0.0
106,random,1,1,192.67150073995325,32.11191678999221,192.67150073995325,32.11191678999221,96.2,9.62,20617.249375773103,2061.7249375773104,10.0,4.66199286729467,2.0875107662429095,3.4,1,3.166363050182052,0.34,2.0875107662429095,12.525064597457458,0.2,0.03333333333333333,1.3306651264736742,0.0,6,0.0,0.0,0.0,0.0,0.0,0.0,12.525064597457458,0.2,7.983990758842045,0.0,0.0,0.0,0.0,0.0,0.0,0.0,0.0,0.0
107,random,0,1,225.62831395956337,41.78302110362284,40546.76070357497,6757.793450595828,83.0,9.651162790697674,18424.515377677853,2142.3855090323086,8.6,7.139437452504472,21.4904042298618,2.6,8,4.7930539426715875,0.3023255813953488,21.4904042298618,95.8828876156258,1.5999999999999999,0.26666666666666666,5.270637939010668,0.0,6,10.673890192422277,0.2,9.36865549460056,11.241910729181654,0.2,8.895285010618423,0.0,0.0,0.0,95.8828876156258,1.0,4.386236600448166,0.0,0.0,0.0,11.143736841941063,0.2,8.973650528396862
108,random,0,0,94.67582099644804,19.72412937426001,1396819.3951202685,232803.23252004475,97.0,15.64516129032258,12372.35514320392,1995.5411521296644,6.2,7.847936350551283,18.83857944028743,3.4,8,5.6024851793262895,0.5483870967741935,18.83857944028743,100.0,1.6,0.26666666666666666,2.8773587202187634,0.0,6,0.0,0.0,0.0,0.0,0.0,0.0,2.921458064165563,0.2,8.699423500709237,100.0,1.0,0.0,0.0,0.0,0.0,10.110018577559003,0.4,8.56472882060334
109,random,0,0,139.58537342881667,30.344646397568845,1400139.5853734284,233356.59756223808,112.0,17.5,11692.93542201691,1827.0211596901422,6.4,5.325382732934628,16.666666666666668,3.4,6,5.611205221260701,0.53125,16.666666666666668,100.0,1.2,0.19999999999999998,0.0,0.0,6,0.0,0.0,0.0,0.0,0.0,0.0,0.0,0.2,0.0,100.0,1.0,0.0,0.0,0.0,0.0,0.0,0.0,0.0
110,random,0,0,125.59175428713286,25.11835085742657,1000125.5917542871,166687.5986257145,127.0,18.142857142857142,14173.091471927522,2024.7273531325034,7.0,5.158327316533154,16.666666666666668,3.0,5,4.448415233420023,0.42857142857142855,16.666666666666668,100.0,1.0,0.16666666666666666,0.0,0.0,6,0.0,0.0,0.0,0.0,0.0,0.0,0.0,0.0,0.0,100.0,1.0,0.0,0.0,0.0,0.0,0.0,0.0,0.0
111,random,0,0,231.9790276309986,44.61135146749972,800231.979027631,133371.99650460517,142.0,19.72222222222222,15267.808861112728,2120.529008487879,7.2,7.141697548562462,20.250612087382176,3.2,8,4.409980586316469,0.4444444444444444,20.250612087382176,100.0,1.6,0.26666666666666666,2.9137601820287977,0.0,6,11.295243235797443,0.2,8.853284335044247,0.0,0.0,0.0,0.0,0.0,0.0,100.0,1.0,0.0,0.0,0.0,0.0,10.208429288495608,0.4,8.629276757128538
112,random,0,0,360.4258545011531,64.36175973234877,200691.5142601437,33448.58571002395,158.4,18.41860465116279,14591.075614018566,1696.6366993044844,8.6,5.685620719359081,19.05225324638953,4.2,8,5.358593163121593,0.4883720930232558,19.05225324638953,100.0,1.6,0.26666666666666666,2.8262249159005783,0.0,6,0.0,0.0,0.0,4.177796080905409,0.4,8.492244423087685,10.135723397431775,0.2,8.465105072315783,100.0,1.0,0.0,0.0,0.0,0.0,0.0,0.0,0.0
113,random,3,0,231.2567334735601,48.17848614032502,660267.6722147211,110044.61203578685,31.0,3.875,15935.890789556346,1991.9863486945433,8.0,4.338721003741129,10.0,2.6,5,4.826504240062802,0.325,10.0,60.0,1.0,0.16666666666666666,0.0,0.0,6,0.0,0.0,0.0,0.0,0.0,0.0,0.0,0.2,0.0,60.0,0.8,0.0,0.0,0.0,0.0,0.0,0.0,0.0
114,random,3,3,169.27083629319105,35.264757561081474,1200169.270836293,200028.21180604884,11.0,1.4473684210526316,17305.30717551864,2277.0141020419264,7.6,3.8206366405627725,3.2929684750649812,1.4,3,3.641383684710652,0.18421052631578946,3.2929684750649812,10.158312520295567,0.6000000000000001,0.10000000000000002,3.000990805464486,0.0,6,0.0,0.0,0.0,0.0,0.0,0.0,9.59949833009432,0.4,9.101354848034678,0.0,0.0,0.0,10.158312520295567,0.2,8.904589984752237,0.0,0.0,0.0
115,random,3,3,90.26618846071956,18.805455929316576,1000308.1089986169,166718.01816643614,16.2,2.7,11475.77468572566,1912.6291142876103,6.0,5.680947742463475,1.8795066487045158,1.2,2,4.964852427523893,0.2,1.8795066487045158,11.277039892227094,0.4,0.06666666666666667,1.477929210674733,0.0,6,0.0,0.0,0.0,0.0,0.0,0.0,0.0,0.0,0.0,0.0,0.0,0.0,11.277039892227094,0.4,8.867575264048398,0.0,0.0,0.0
116,random,3,3,78.25761544859493,20.594109328577616,1239794.9267370654,206632.4877895109,28.0,4.117647058823529,14743.431320203399,2168.151664735794,6.8,5.307309535140556,1.8050092524129013,3.2,1,5.300912254383434,0.47058823529411764,1.8050092524129013,10.830055514477408,0.2,0.03333333333333333,1.53892716841451,0.0,6,10.830055514477408,0.2,9.23356301048706,0.0,0.0,0.0,0.0,0.0,0.0,0.0,0.0,0.0,0.0,0.0,0.0,0.0,0.0,0.0
117,random,3,3,64.84164819934537,16.210412049836343,2000064.8416481991,333344.14027469984,43.0,6.935483870967742,12573.832185897507,2028.0374493383076,6.2,5.479935895234656,2.045635614309731,3.2,3,5.378813512528923,0.5161290322580645,2.045635614309731,11.05172171368622,0.6000000000000001,0.10000000000000002,2.9831042208707963,0.0,6,11.05172171368622,0.2,9.048363919276225,0.0,0.0,0.0,1.2220919721721657,0.4,8.850261405948551,0.0,0.0,0.0,0.0,0.0,0.0,0.0,0.0,0.0
118,random,3,3,331.94649300734744,72.1622810885538,1400331.9464930068,233388.65774883446,58.0,7.631578947368421,14408.529619242492,1895.8591604266437,7.6,3.960447915029505,0.0,3.8,0,4.647431006062282,0.5,0.0,0.0,0.0,0.0,0.0,0.0,6,0.0,0.0,0.0,0.0,0.0,0.0,0.0,0.0,0.0,0.0,0.0,0.0,0.0,0.0,0.0,0.0,0.0,0.0
119,random,3,3,314.226814782828,54.17703703152207,603.980014222512,100.663335703752,73.2,8.133333333333333,17347.562081833235,1927.5068979814707,9.0,3.2902205597565954,1.7175709832319324,3.2,2,2.6673613010961765,0.35555555555555557,1.7175709832319324,10.305425899391594,0.4,0.06666666666666667,1.448331982269883,0.0,6,0.0,0.0,0.0,0.0,0.0,0.0,0.0,0.0,0.0,10.305425899391594,0.4,8.689991893619299,0.0,0.0,0.0,0.0,0.0,0.0
120,random,0,3,109.75644150508182,21.951288301016366,770742.091955031,128457.01532583851,51.0,6.7105263157894735,16205.79041991299,2132.3408447253933,7.6,5.156804162394783,1.8807660992501951,3.0,2,4.020320663782686,0.39473684210526316,1.8807660992501951,11.28459659550117,0.4,0.06666666666666667,1.4234883948074033,0.0,6,0.0,0.0,0.0,0.0,0.0,0.0,11.28459659550117,0.4,8.54093036884442,0.0,0.0,0.0,0.0,0.0,0.0,0.0,0.0,0.0
121,random,0,0,50.61571581833048,12.051360909126304,1800050.6157158185,300008.4359526364,66.0,10.3125,14041.286515906284,2193.951018110357,6.4,6.690403076272769,6.488674108517974,3.4,5,5.296839434259369,0.53125,6.488674108517974,23.057441004280008,1.0,0.16666666666666666,4.349292799993488,0.0,6,8.406472480917273,0.2,8.676498136203739,7.468131165910563,0.4,8.745223761070518,0.0,0.0,0.0,0.0,0.0,0.0,0.0,0.0,0.0,23.057441004280008,0.4,8.674034902686667
122,random,0,0,312.6904125146771,67.97617663362547,1400312.6904125144,233385.44840208572,81.0,13.064516129032258,10797.506015268478,1741.5332282691095,6.2,5.015742418778334,0.0,3.4,1,6.05072967603731,0.5483870967741935,0.0,0.0,0.2,0.03333333333333333,0.0,0.0,6,0.0,0.2,0.0,0.0,0.0,0.0,0.0,0.0,0.0,0.0,0.0,0.0,0.0,0.0,0.0,0.0,0.0,0.0
123,random,0,0,219.41315418155108,49.866625950352514,1600219.4131541813,266703.2355256969,96.2,12.025,15087.937092063406,1885.9921365079258,8.0,1.727686572141635,0.0,3.4,0,1.349114784302321,0.425,0.0,0.0,0.0,0.0,0.0,0.0,6,0.0,0.0,0.0,0.0,0.0,0.0,0.0,0.0,0.0,0.0,0.0,0.0,0.0,0.0,0.0,0.0,0.0,0.0
124,random,0,0,190.46735419710896,43.28803504479749,1600190.4673541968,266698.41122569947,111.0,12.906976744186046,18274.096053112913,2124.89488989685,8.6,3.211047928340009,1.0130290122845054,3.2,2,2.383375458787621,0.37209302325581395,1.0130290122845054,6.078174073707032,0.4,0.06666666666666667,1.5611166688768818,0.0,6,0.0,0.0,0.0,0.0,0.0,0.0,6.078174073707032,0.4,9.36670001326129,0.0,0.0,0.0,0.0,0.0,0.0,0.0,0.0,0.0
125,random,0,0,153.0581873919217,30.611637478384342,1000153.058187392,166692.17636456533,126.0,14.318181818181818,18960.382499073025,2154.5889203492075,8.8,4.660782425343575,1.1122267289025938,3.2,4,3.320164280128334,0.36363636363636365,1.1122267289025938,6.287371501189227,0.8,0.13333333333333333,2.8514398476574567,0.0,6,6.287371501189227,0.4,8.65047574006021,0.38598887222633493,0.4,8.45816334588453,0.0,0.0,0.0,0.0,0.0,0.0,0.0,0.0,0.0,0.0,0.0,0.0
126,random,3,0,198.04495260209126,38.085567808094474,5600.187419589263,933.3645699315439,108.4,15.941176470588236,11733.059234026201,1725.4498873567943,6.8,6.361395335167582,3.336831939233965,2.8,3,5.434691592700995,0.4117647058823529,3.336831939233965,11.167012983812583,0.6000000000000001,0.10000000000000002,2.683605731775419,0.0,6,0.0,0.0,0.0,0.0,0.0,0.0,8.853978651591206,0.4,7.146688234061003,0.0,0.0,0.0,0.0,0.0,0.0,11.167012983812583,0.2,8.954946156591511
127,random,3,3,305.4871663099024,89.84916656173601,1869415.5155758313,311569.25259597186,127.2,17.18918918918919,12769.95818368393,1725.6700248221525,7.4,2.84186918631946,9.2391166033129,4.6,3,4.2585012584326485,0.6216216216216216,9.2391166033129,55.43469961987739,0.6,0.09999999999999999,0.7835638500121176,0.0,6,0.0,0.0,0.0,0.0,0.0,0.0,0.0,0.0,0.0,0.0,0.0,0.0,55.43469961987739,0.6,4.7013831000727055,0.0,0.0,0.0
128,random,3,3,205.05530769209545,53.96192307686723,2016000.6144166165,336000.10240276944,151.0,17.15909090909091,16636.944745541692,1890.5619029024651,8.8,2.810235154552779,18.486935690145856,5.2,6,3.631198095370249,0.5909090909090909,18.486935690145856,100.0,1.2,0.19999999999999998,1.5260259565745093,0.0,6,0.0,0.0,0.0,0.0,0.0,0.0,10.921614140875135,0.2,9.156155739447057,0.0,0.0,0.0,100.0,1.0,0.0,0.0,0.0,0.0
129,random,3,3,215.80981316613287,51.38328884907925,1800215.809813166,300035.9683021943,176.0,18.333333333333332,18395.337721764034,1916.1810126837536,9.6,3.2001773577732964,16.986483985795456,5.4,6,3.825885195730041,0.5625,16.986483985795456,100.0,1.2,0.19999999999999998,1.4074649364997942,0.0,6,1.9189039147727271,0.2,8.444789618998765,0.0,0.0,0.0,0.0,0.0,0.0,0.0,0.0,0.0,100.0,1.0,0.0,0.0,0.0,0.0
130,random,3,3,286.1534496962535,65.03487493096671,1600286.153449696,266714.35890828265,201.0,20.1,20231.874338985923,2023.1874338985924,10.0,3.5380132435782192,19.070637532100438,5.2,8,3.348027064016458,0.52,19.070637532100438,100.0,1.6,0.26666666666666666,2.962738099865002,0.0,6,3.0574017906792506,0.4,8.978586352430284,0.0,0.0,0.0,0.0,0.0,0.0,11.366423401923385,0.2,8.79784224675973,100.0,1.0,0.0,0.0,0.0,0.0
131,random,3,3,288.0061883626908,57.60123767253816,428158.3697965094,71359.72829941823,227.2,21.846153846153847,18903.75830816644,1817.6690680929273,10.4,3.904823813536531,16.666666666666668,6.0,6,4.234659945066806,0.5769230769230769,16.666666666666668,100.0,1.2,0.19999999999999998,0.0,0.0,6,0.0,0.2,0.0,0.0,0.0,0.0,0.0,0.0,0.0,0.0,0.0,0.0,100.0,1.0,0.0,0.0,0.0,0.0
132,random,1,3,179.6234417558034,35.92468835116068,931017.7722575465,155169.62870959108,31.2,3.3191489361702127,17672.059522176492,1880.0063321464354,9.4,3.984869321169256,12.102021122613374,1.8,7,4.123296986119029,0.19148936170212766,12.102021122613374,60.0,1.4000000000000001,0.23333333333333336,2.8685356287130666,0.0,6,0.0,0.0,0.0,0.0,0.0,0.0,0.979936312855898,0.4,8.614380642399192,0.0,0.0,0.0,60.0,0.8,0.0,11.632190422824351,0.2,8.596833129879206
133,random,1,1,204.5569346764332,42.61602805759025,1000528.006637438,166754.66777290634,13.0,1.625,15592.420969461824,1949.052621182728,8.0,4.790165375518328,2.336594997436047,2.0,3,4.646386700467664,0.25,2.336594997436047,7.46115980742843,0.6000000000000001,0.10000000000000002,2.4616634232228534,0.0,6,7.46115980742843,0.2,8.77889890195802,0.0,0.0,0.0,0.0,0.0,0.0,0.0,0.0,0.0,6.558410177187852,0.4,5.991081637379099,0.0,0.0,0.0
134,random,1,1,141.55462716037513,27.222043684687524,800141.5546271604,133356.9257711934,23.0,3.9655172413793105,12549.034270344668,2163.6265983352873,5.8,7.0579474696630085,0.24525210388863647,2.2,3,5.232980899898504,0.3793103448275862,0.24525210388863647,1.4715126233318188,0.6,0.09999999999999999,1.4633097209036352,0.0,6,1.4715126233318188,0.6,8.779858325421811,0.0,0.0,0.0,0.0,0.0,0.0,0.0,0.0,0.0,0.0,0.0,0.0,0.0,0.0,0.0
135,random,1,1,148.72051835296392,24.78675305882732,148.72051835296392,24.78675305882732,33.0,5.892857142857143,11252.19952515126,2009.3213437770107,5.6,8.617221521745519,0.9231424326484708,2.2,2,5.412489032353368,0.39285714285714285,0.9231424326484708,5.538854595890825,0.4,0.06666666666666667,1.4365772143627205,0.0,6,0.0,0.0,0.0,0.0,0.0,0.0,0.0,0.0,0.0,0.0,0.0,0.0,0.0,0.0,0.0,5.538854595890825,0.4,8.619463286176323
136,random,1,1,241.33722914747847,48.26744582949569,602413.7648945332,100402.29414908886,46.2,6.078947368421052,13169.600060128389,1732.842113174788,7.6,5.581844551628202,0.7821912233938141,3.8,2,5.96395318545476,0.5,0.7821912233938141,4.693147340362884,0.4,0.06666666666666667,1.4237352062016724,0.0,6,0.0,0.0,0.0,0.0,0.0,0.0,4.693147340362884,0.4,8.542411237210034,0.0,0.0,0.0,0.0,0.0,0.0,0.0,0.0,0.0
137,random,1,1,236.02136176738196,39.33689362789699,236.02136176738196,39.33689362789699,65.0,7.222222222222222,17541.85695378759,1949.0952170875098,9.0,4.350765013624597,1.638275374443765,4.0,2,4.372871115641718,0.4444444444444444,1.638275374443765,9.82965224666259,0.4,0.06666666666666667,1.5706757389319443,0.0,6,0.0,0.0,0.0,0.0,0.0,0.0,0.0,0.0,0.0,9.82965224666259,0.4,9.424054433591666,0.0,0.0,0.0,0.0,0.0,0.0
138,random,2,1,91.22762967922904,19.005756183172718,801323.1609303493,133553.8601550582,52.4,6.238095238095238,16622.766380340403,1978.9007595643336,8.4,4.947213681533134,0.9992097611162384,3.2,2,4.130923127691122,0.38095238095238093,0.9992097611162384,5.99525856669743,0.4,0.06666666666666667,1.1700618639373797,0.0,6,0.0,0.0,0.0,0.0,0.0,0.0,5.99525856669743,0.4,7.0203711836242775,0.0,0.0,0.0,0.0,0.0,0.0,0.0,0.0,0.0
139,random,2,2,69.8648151715025,17.466203792875625,2000069.864815171,333344.9774691952,66.0,9.166666666666666,14310.85025758926,1987.6180913318417,7.2,5.124462400181638,6.086747690544219,3.0,7,4.915664148434144,0.4166666666666667,6.086747690544219,20.0,1.4,0.2333333333333333,4.50380819706871,0.0,6,10.945399078095761,0.2,9.136258923635118,5.575087065169555,0.4,9.323339623119681,0.0,0.0,0.0,0.0,0.0,0.0,0.0,0.4,0.0,20.0,0.4,8.563250635657461
140,random,2,2,258.0844339492915,64.52110848732288,2000258.084433949,333376.34740565816,84.0,11.666666666666666,12771.505576808324,1773.8202190011561,7.2,3.9557375157578107,0.0,4.6,0,5.560308195968587,0.6388888888888888,0.0,0.0,0.0,0.0,0.0,0.0,6,0.0,0.0,0.0,0.0,0.0,0.0,0.0,0.0,0.0,0.0,0.0,0.0,0.0,0.0,0.0,0.0,0.0,0.0
141,random,2,2,220.7453055218376,45.9886053170495,1200220.7453055219,200036.79088425366,104.0,12.093023255813954,16247.14477277928,1889.2028805557304,8.6,2.997854286903189,0.4110599994328368,4.2,2,3.3782153759204565,0.4883720930232558,0.4110599994328368,2.4663599965970207,0.4,0.06666666666666667,1.4529935971212886,0.0,6,0.0,0.0,0.0,0.0,0.0,0.0,0.0,0.0,0.0,0.0,0.0,0.0,0.0,0.0,0.0,2.4663599965970207,0.4,8.717961582727732
142,random,2,2,101.0231305139648,24.05312631284876,1045519.7001715153,174253.28336191922,126.0,14.0,17000.559357113423,1888.9510396792693,9.0,4.475598650320923,0.999140750298011,4.8,1,4.763224579093866,0.5333333333333333,0.999140750298011,5.994844501788066,0.2,0.03333333333333333,1.4199476924414436,0.0,6,5.994844501788066,0.2,8.519686154648662,0.0,0.0,0.0,0.0,0.0,0.0,0.0,0.0,0.0,0.0,0.0,0.0,0.0,0.0,0.0
143,random,3,2,67.6642391292227,16.916059782305673,1746521.8976608128,291086.9829434688,68.0,8.947368421052632,14626.202243850003,1924.5002952434213,7.6,5.1637595427891165,1.0990489206028542,3.4,5,4.896256265577183,0.4473684210526316,1.0990489206028542,6.350906448699334,1.0,0.16666666666666666,2.472439129892257,0.0,6,0.0,0.2,0.0,0.0,0.0,0.0,0.24338707491779132,0.4,8.031212396360933,6.350906448699334,0.4,6.80342238299261,0.0,0.0,0.0,0.0,0.0,0.0
144,random,3,3,389.0343522856775,74.81429851647644,800389.0343522857,133398.17239204762,78.0,10.263157894736842,14507.646995315034,1908.9009204361887,7.6,4.856749823131197,0.6461397418092929,3.6,2,5.517495847627882,0.47368421052631576,0.6461397418092929,3.8768384508557574,0.4,0.06666666666666667,1.4658976927865297,0.0,6,3.8768384508557574,0.4,8.795386156719179,0.0,0.0,0.0,0.0,0.0,0.0,0.0,0.0,0.0,0.0,0.0,0.0,0.0,0.0,0.0
145,random,3,3,226.69520701676797,39.08538052013241,200226.6952070168,33371.11586783613,93.0,12.236842105263158,15350.153433942527,2019.7570307819115,7.6,5.259322610698329,0.0,3.2,0,4.998990425090177,0.42105263157894735,0.0,0.0,0.0,0.0,0.0,0.0,6,0.0,0.0,0.0,0.0,0.0,0.0,0.0,0.0,0.0,0.0,0.0,0.0,0.0,0.0,0.0,0.0,0.0,0.0
146,random,3,3,194.88130625572225,33.60022521650384,200194.88130625576,33365.81355104263,108.0,12.0,20145.9409245895,2238.4378805099445,9.0,4.185700341397379,0.8652265217623759,3.2,2,2.7025692648804376,0.35555555555555557,0.8652265217623759,5.191359130574256,0.4,0.06666666666666667,1.5283801674066735,0.0,6,0.0,0.0,0.0,0.0,0.0,0.0,0.0,0.0,0.0,5.191359130574256,0.4,9.17028100444004,0.0,0.0,0.0,0.0,0.0,0.0
147,random,3,3,270.6258171169768,56.38037856603684,10977.804244719558,1829.634040786593,124.8,14.511627906976743,13937.17759989271,1620.6020464991523,8.6,5.606592086220195,14.380047281801657,4.2,6,5.291418052438296,0.4883720930232558,14.380047281801657,63.98823792813346,1.2000000000000002,0.20000000000000004,4.119899320599746,0.0,6,0.0,0.0,0.0,0.0,0.0,0.0,11.166415078523642,0.2,8.955425648857522,0.0,0.0,0.0,11.125630684152839,0.2,8.988254494411569,63.98823792813346,0.8,6.775715780329386
148,random,3,3,173.91181148973675,62.11136124633456,1976296.4278030172,329382.73796716955,153.0,16.27659574468085,17223.931940677503,1832.3331851784578,9.4,3.352334201477637,18.511312054247355,6.6,6,4.952225412870236,0.7021276595744681,18.511312054247355,100.0,1.2,0.19999999999999998,1.5058600403522122,0.0,6,11.067872325484132,0.2,9.035160242113273,0.0,0.0,0.0,0.0,0.0,0.0,0.0,0.0,0.0,0.0,0.0,0.0,100.0,1.0,0.0
149,random,2,3,553.5662114505623,115.32629405220048,1200553.5662114504,200092.26103524174,183.0,16.05263157894737,21132.12661253585,1853.6953168891096,11.4,1.982493134649833,17.07717371139438,6.6,7,2.416587845105886,0.5789473684210527,17.07717371139438,100.0,1.4,0.2333333333333333,1.3668551388351864,0.0,6,2.46304226836628,0.4,8.201130833011119,0.0,0.0,0.0,0.0,0.0,0.0,0.0,0.0,0.0,0.0,0.0,0.0,100.0,1.0,0.0
150,random,2,2,294.74915844408076,49.12485974068013,294.74915844408076,49.12485974068013,213.0,17.75,23727.437838059286,1977.2864865049405,12.0,3.2210336657334113,17.191427689121685,6.0,6,2.383345483825238,0.5,17.191427689121685,100.0,1.2,0.19999999999999998,1.3969433803111313,0.0,6,0.0,0.0,0.0,0.0,0.0,0.0,3.1485661347301175,0.2,8.381660281866788,0.0,0.0,0.0,0.0,0.0,0.0,100.0,1.0,0.0
151,random,2,2,179.26663743155837,33.19752545028859,202751.9223167806,33791.987052796765,243.2,20.610169491525422,22814.961120304404,1933.471281381729,11.8,4.45163769132977,17.532822759330504,6.4,8,3.5051980730303107,0.5423728813559322,17.532822759330504,100.0,1.6,0.26666666666666666,1.485219879898553,0.0,6,0.0,0.0,0.0,5.196936555983029,0.4,8.911319279391318,0.0,0.2,0.0,0.0,0.0,0.0,0.0,0.0,0.0,100.0,1.0,0.0
152,random,2,2,175.64500770570064,38.18369732732623,1015836.2924564879,169306.04874274798,277.2,25.2,18720.238342380664,1701.839849307333,11.0,5.137131565078836,32.46554221680034,7.4,11,5.115754907299538,0.6727272727272727,32.46554221680034,100.0,2.2,0.3666666666666667,3.7874598979736724,0.0,6,11.245014935125255,0.2,8.89282945170994,0.0,0.0,0.0,0.0,0.0,0.0,11.570201234455908,0.2,8.642892026994422,71.97803713122084,0.8,5.1890379091376735,100.0,1.0,0.0
153,random,2,2,418.31440434860906,104.57860108715226,1182123.8877729932,197020.64796216553,318.0,27.413793103448278,19200.014448787762,1655.1736593782555,11.6,4.373035019593199,33.333333333333336,9.0,10,5.657761215350731,0.7758620689655172,33.333333333333336,100.0,2.0,0.3333333333333333,0.0,0.0,6,0.0,0.0,0.0,0.0,0.0,0.0,0.0,0.0,0.0,0.0,0.0,0.0,100.0,1.0,0.0,100.0,1.0,0.0
154,random,1,2,385.6715922532747,77.13431845065494,1006080.4984047407,167680.08306745678,84.8,8.0,20075.410684666283,1893.9066683647436,10.6,4.535633992268781,21.726372627224844,4.0,10,4.937966771892606,0.37735849056603776,21.726372627224844,60.0,2.0,0.3333333333333333,1.4814633420358103,0.0,6,0.0,0.0,0.0,0.0,0.0,0.0,10.358235763349057,0.4,8.888780052214862,0.0,0.0,0.0,60.0,0.8,0.0,60.0,0.8,0.0
155,random,1,1,285.4430625579703,64.8734233086296,1052773.480681098,175462.24678018302,53.2,5.428571428571429,19127.733506388402,1951.8095414682045,9.8,4.302702076500797,4.785338939387505,3.0,5,4.767218670026081,0.30612244897959184,4.785338939387505,27.87911886746997,1.0,0.16666666666666666,1.7516512034710956,0.0,6,0.0,0.0,0.0,0.0,0.0,0.0,0.0,0.0,0.0,0.0,0.0,0.0,27.87911886746997,0.6,1.9444445054615784,0.832914768855062,0.4,8.565462715364994
156,random,1,1,208.03622259378335,41.60724451875667,1000208.0362225936,166701.33937043228,68.0,9.18918918918919,14483.891428992498,1957.2826255395269,7.4,6.154553129649061,1.8801738775372694,3.0,1,5.460619223254866,0.40540540540540543,1.8801738775372694,11.281043265223616,0.2,0.03333333333333333,1.477404728873389,0.0,6,11.281043265223616,0.2,8.864428373240333,0.0,0.0,0.0,0.0,0.0,0.0,0.0,0.0,0.0,0.0,0.0,0.0,0.0,0.0,0.0
157,random,1,1,239.58620609270093,41.30796656770706,200239.5862060928,33373.26436768213,83.0,11.857142857142858,14428.642999755437,2061.2347142507765,7.0,7.332113527265481,0.0,3.2,0,5.171727998323954,0.45714285714285713,0.0,0.0,0.0,0.0,0.0,0.0,6,0.0,0.0,0.0,0.0,0.0,0.0,0.0,0.0,0.0,0.0,0.0,0.0,0.0,0.0,0.0,0.0,0.0,0.0
158,random,1,1,441.73382765190706,78.88104065212626,400441.7338276519,66740.28897127531,98.2,11.975609756097562,15839.986748488984,1931.7057010352419,8.2,5.322421453283742,5.503654505086312,3.8,4,5.12298392983917,0.4634146341463415,5.503654505086312,11.609205062304682,0.8,0.13333333333333333,4.422812590235998,0.0,6,10.191882408323636,0.4,9.011032209545373,0.0,0.0,0.0,11.220839559889555,0.2,8.911989113315892,0.0,0.0,0.0,11.609205062304682,0.2,8.61385421855472,0.0,0.0,0.0
159,random,1,1,270.99657655945214,56.45762011655253,286389.7866810408,47731.631113506795,117.6,11.76,17557.599962200762,1755.7599962200763,10.0,1.7465910568077436,0.10435596346534719,4.6,1,1.2792042325819142,0.46,0.10435596346534719,0.6261357807920831,0.2,0.03333333333333333,1.2717788567269857,0.0,6,0.0,0.0,0.0,0.0,0.0,0.0,0.0,0.0,0.0,0.6261357807920831,0.2,7.630673140361914,0.0,0.0,0.0,0.0,0.0,0.0
160,random,1,1,447.8768961617422,97.364542643857,918489.5956881676,153081.59928136127,143.2,13.76923076923077,19162.309381339073,1842.52974820568,10.4,2.9346246587874742,16.666666666666668,5.8,5,2.5496630187402554,0.5576923076923077,16.666666666666668,100.0,1.0,0.16666666666666666,0.0,0.0,6,0.0,0.0,0.0,0.0,0.0,0.0,0.0,0.0,0.0,100.0,1.0,0.0,0.0,0.0,0.0,0.0,0.0,0.0
161,random,2,1,365.623224739147,70.31215860368212,800365.6232247392,133394.27053745653,133.6,12.60377358490566,20918.468680742903,1973.4404415795193,10.6,4.366925248702213,20.824890171816907,4.4,9,3.4823044771224136,0.41509433962264153,20.824890171816907,100.0,1.8,0.3,4.345789816137279,0.0,6,11.28886697427788,0.2,8.858284912724534,0.0,0.0,0.0,2.3829898023655005,0.4,8.349228125438094,100.0,1.0,0.0,0.0,0.0,0.0,11.27748425425807,0.2,8.867225858661051
162,random,2,2,414.42141962591705,82.88428392518341,352408.4567561507,58734.74279269178,155.0,17.22222222222222,16153.767809494791,1794.8630899438658,9.0,4.704327513369245,18.555718754356576,5.4,6,5.50343470778506,0.6,18.555718754356576,100.0,1.2,0.19999999999999998,1.4704611883808225,0.0,6,0.0,0.0,0.0,11.334312526139456,0.2,8.822767130284936,0.0,0.0,0.0,100.0,1.0,0.0,0.0,0.0,0.0,0.0,0.0,0.0
163,random,2,2,365.6544992686963,76.1780206809784,1200365.6544992689,200060.9424165448,169.8,18.06382978723404,16496.26258773416,1754.9215518866129,9.4,3.1769823758421345,16.83938143595545,4.8,8,4.335905597614552,0.5106382978723404,16.83938143595545,61.0362886157327,1.7999999999999998,0.3,1.2212509690854845,0.0,6,0.0,0.0,0.0,0.0,0.0,0.0,40.0,0.6,0.0,61.0362886157327,1.2,7.327505814512907,0.0,0.0,0.0,0.0,0.0,0.0
164,random,2,2,289.04224187413354,57.80844837482671,435328.61674233445,72554.76945705574,187.0,17.641509433962263,20003.439849986025,1887.1169669798137,10.6,2.6420521047015537,16.929138268005772,5.0,7,2.1262753049187095,0.4716981132075472,16.929138268005772,100.0,1.4,0.2333333333333333,1.460886455544581,0.0,6,0.0,0.0,0.0,0.0,0.0,0.0,0.0,0.0,0.0,100.0,1.0,0.0,1.5748296080346336,0.4,8.765318733267486,0.0,0.0,0.0
165,random,2,2,170.0466359533605,36.96665998986098,474933.59095746756,79155.59849291126,208.2,20.82,18017.368902664628,1801.736890266463,10.0,2.916237029331069,15.66504341578252,5.2,8,2.625633412873402,0.52,15.66504341578252,42.4613447620618,1.8,0.3,2.6770201340363324,0.0,6,0.0,0.0,0.0,11.528915732633322,0.2,8.673842564131482,40.0,0.6,0.0,42.4613447620618,1.0,7.388278240086511,0.0,0.0,0.0,0.0,0.0,0.0
166,random,3,2,375.4717682931192,81.62429745502592,1013605.7030086312,168934.28383477186,84.2,8.42,17886.803148702846,1788.6803148702847,10.0,2.7193006243368023,11.362863182136303,4.4,7,2.8330734723626603,0.44,11.362863182136303,60.0,1.4,0.2333333333333333,2.890810635096083,0.0,6,6.058285769217946,0.2,8.561167738866061,0.0,0.0,0.0,0.0,0.0,0.0,60.0,0.8,0.0,0.0,0.0,0.0,2.1188933235998775,0.4,8.783696071710436
167,random,3,3,221.97178383057923,69.366182447056,2027888.5227349557,337981.4204558259,92.0,9.787234042553191,16488.932225620927,1754.141726129886,9.4,1.6418994883695308,0.0,5.2,1,2.181374791293542,0.5531914893617021,0.0,0.0,0.2,0.03333333333333333,0.0,0.0,6,0.0,0.2,0.0,0.0,0.0,0.0,0.0,0.0,0.0,0.0,0.0,0.0,0.0,0.0,0.0,0.0,0.0,0.0
168,random,3,3,286.0258932092196,65.00588482027717,1600286.0258932093,266714.3376488682,117.0,12.1875,18515.4399218876,1928.691658529958,9.6,2.884954743421015,0.0,5.2,0,2.8423390847240855,0.5416666666666666,0.0,0.0,0.0,0.0,0.0,0.0,6,0.0,0.0,0.0,0.0,0.0,0.0,0.0,0.0,0.0,0.0,0.0,0.0,0.0,0.0,0.0,0.0,0.0,0.0
169,random,3,3,159.8744712719107,34.75531984171972,1003342.116745238,167223.68612420632,142.6,13.980392156862745,18906.39433776628,1853.5680723300275,10.2,3.6265115236048833,3.2762046236094498,5.6,3,3.3109795333322323,0.5490196078431373,3.2762046236094498,11.328067190775073,0.6000000000000001,0.10000000000000002,2.9277885762662508,0.0,6,0.0,0.0,0.0,0.0,0.0,0.0,11.328067190775073,0.2,8.827631255703908,8.329160550881625,0.4,8.739100201893597,0.0,0.0,0.0,0.0,0.0,0.0
170,random,3,3,395.3458000957086,94.12995240374015,710978.8102921424,118496.46838202374,173.2,16.339622641509433,18260.932036069764,1722.729437365072,10.6,2.7270878579818554,8.285781558018547,6.6,3,3.9466419196673064,0.6226415094339622,8.285781558018547,38.49059367020345,0.6000000000000001,0.10000000000000002,2.1860763461990285,0.0,6,11.224095677907826,0.2,8.909403739031564,0.0,0.0,0.0,0.0,0.0,0.0,0.0,0.0,0.0,38.49059367020345,0.4,4.207054338162606,0.0,0.0,0.0
171,random,3,3,223.00671565630984,58.685977804292065,1695309.5673625693,282551.59456042823,211.0,19.181818181818183,18298.887510133718,1663.5352281939743,11.0,3.2340066750156207,17.482034444111985,8.2,7,4.919938216006837,0.7454545454545455,17.482034444111985,100.0,1.4,0.2333333333333333,1.3815221284360935,0.0,6,0.0,0.0,0.0,4.892206664671903,0.4,8.289132770616561,0.0,0.0,0.0,0.0,0.0,0.0,100.0,1.0,0.0,0.0,0.0,0.0
172,random,1,3,519.8756821108167,108.30743377308681,1200519.8756821111,200086.64594701852,40.8,4.163265306122449,18214.921461263126,1858.665455230931,9.8,2.7138868804061813,15.978928492200263,3.2,6,3.9888337043897373,0.32653061224489793,15.978928492200263,80.0,1.2,0.19999999999999998,1.0499632827297203,0.0,6,0.0,0.0,0.0,0.0,0.0,0.0,0.0,0.0,0.0,0.0,0.0,0.0,80.0,1.0,0.0,15.873570953201579,0.2,6.299779696378322
173,random,1,1,182.73625894208456,38.07005394626762,1200182.7362589422,200030.45604315703,38.0,4.318181818181818,16043.28454233202,1823.1005161740932,8.8,2.452284912503856,0.0,3.4,0,2.459026939901972,0.38636363636363635,0.0,0.0,0.0,0.0,0.0,0.0,6,0.0,0.0,0.0,0.0,0.0,0.0,0.0,0.0,0.0,0.0,0.0,0.0,0.0,0.0,0.0,0.0,0.0,0.0
174,random,1,1,349.22607471346544,60.2113921919768,200349.2260747135,33391.53767911891,53.2,5.32,19658.87126356468,1965.8871263564681,10.0,2.673046022875629,1.8211186229734722,3.4,2,1.8498036983259543,0.34,1.8211186229734722,10.926711737840833,0.4,0.06666666666666667,1.413402575890844,0.0,6,0.0,0.0,0.0,0.0,0.0,0.0,10.926711737840833,0.4,8.480415455345064,0.0,0.0,0.0,0.0,0.0,0.0,0.0,0.0,0.0
175,random,1,1,166.7560306289754,27.7926717714959,166.7560306289754,27.7926717714959,60.0,6.521739130434782,18472.327869085282,2007.8617249005742,9.2,4.993958045315579,2.0778217869838045,3.0,4,3.6545918264080823,0.32608695652173914,2.0778217869838045,6.651705507028964,0.8,0.13333333333333333,2.9446484266314656,0.0,6,6.651705507028964,0.4,8.580263816099615,5.815225214873863,0.4,9.08762674368918,0.0,0.0,0.0,0.0,0.0,0.0,0.0,0.0,0.0,0.0,0.0,0.0
176,random,1,1,284.4419853669285,47.40699756115475,284.4419853669285,47.40699756115475,75.0,10.416666666666666,13984.974071861852,1942.357509980813,7.2,8.504058797978066,7.812626010789169,3.0,6,5.040506579368444,0.4166666666666667,7.812626010789169,35.357992228348394,1.2000000000000002,0.20000000000000004,3.644508115404489,0.0,6,0.0,0.0,0.0,0.0,0.0,0.0,35.357992228348394,0.4,4.524373788296538,2.337434196531376,0.4,8.55896108187735,9.180329639855245,0.4,8.783713822253048,0.0,0.0,0.0
177,random,1,1,472.14050069595396,98.36260431165708,487303.1818864971,81217.19698108286,93.2,11.095238095238095,13815.667817384683,1644.7223592124622,8.4,5.580246620772145,18.55940901276502,5.2,6,6.2588035910794355,0.6190476190476191,18.55940901276502,100.0,1.2,0.19999999999999998,1.4675942467836738,0.0,6,0.0,0.0,0.0,0.0,0.0,0.0,100.0,1.0,0.0,0.0,0.0,0.0,11.356454076590126,0.2,8.805565480702043,0.0,0.0,0.0
178,random,0,1,246.82985381103896,41.13830896850649,246.82985381103896,41.13830896850649,52.6,6.414634146341464,16341.517181585537,1992.867948973846,8.2,6.224308730285039,10.0,2.6,4,5.533518764576379,0.3170731707317073,10.0,60.0,0.8,0.13333333333333333,0.0,0.0,6,0.0,0.0,0.0,0.0,0.0,0.0,60.0,0.8,0.0,0.0,0.0,0.0,0.0,0.0,0.0,0.0,0.0,0.0
179,random,0,0,99.53368972128001,16.58894828688,99.53368972128001,16.58894828688,57.0,8.142857142857142,16278.918302119555,2325.5597574456506,7.0,8.01889854559167,0.0,2.0,0,4.468997600137506,0.2857142857142857,0.0,0.0,0.0,0.0,0.0,0.0,6,0.0,0.0,0.0,0.0,0.0,0.0,0.0,0.0,0.0,0.0,0.0,0.0,0.0,0.0,0.0,0.0,0.0,0.0
180,random,0,0,297.8626070298332,57.281270582660234,634434.8836283473,105739.14727139122,67.6,10.903225806451612,12316.9018978114,1986.5970802921613,6.2,7.446274292641119,19.744364356096185,2.8,8,5.4277630842054565,0.45161290322580644,19.744364356096185,65.73917915187394,1.8,0.3,4.818513242368478,0.0,6,11.17963202889996,0.2,8.944838232733828,11.122320468243743,0.2,8.990929571353233,30.425054487559464,0.4,4.796320423741043,65.73917915187394,1.0,6.17899122638276,0.0,0.0,0.0,0.0,0.0,0.0
181,random,0,0,167.97075262223294,34.99390679629853,1200167.9707526225,200027.99512543707,77.0,14.807692307692308,10178.041685256287,1957.315708703132,5.2,5.44444838228621,3.3333333333333335,2.2,3,5.6731836524434565,0.4230769230769231,3.3333333333333335,20.0,0.6000000000000001,0.10000000000000002,0.0,0.0,6,0.0,0.0,0.0,0.0,0.0,0.0,20.0,0.4,0.0,0.0,0.2,0.0,0.0,0.0,0.0,0.0,0.0,0.0
182,random,0,0,270.43049179384894,56.3396857903852,1200270.430491794,200045.07174863233,87.6,11.837837837837839,14338.84008986958,1937.681093225619,7.4,3.4981938478743206,0.0,2.8,0,3.7992085654244394,0.3783783783783784,0.0,0.0,0.0,0.0,0.0,0.0,6,0.0,0.0,0.0,0.0,0.0,0.0,0.0,0.0,0.0,0.0,0.0,0.0,0.0,0.0,0.0,0.0,0.0,0.0
183,random,1,0,348.2164410884553,62.18150733722417,400348.2164410885,66724.70274018141,102.0,12.142857142857142,17563.634882254788,2090.9089145541416,8.4,4.803340445157202,3.6908040107948636,3.2,2,3.916781970236372,0.38095238095238093,3.6908040107948636,11.279664599314856,0.4,0.06666666666666667,3.011540395921898,0.0,6,0.0,0.0,0.0,0.0,0.0,0.0,0.0,0.0,0.0,0.0,0.0,0.0,11.279664599314856,0.2,8.865511834995,10.865159465454326,0.2,9.20373054053639
184,random,1,1,152.54963499646217,26.30166120628658,200152.54963499645,33358.758272499406,117.0,15.81081081081081,15758.406379739627,2129.51437564049,7.4,7.121363901068768,1.1923301617965383,3.4,1,4.978124892942206,0.4594594594594595,1.1923301617965383,7.15398097077923,0.2,0.03333333333333333,1.466713430220261,0.0,6,7.15398097077923,0.2,8.800280581321566,0.0,0.0,0.0,0.0,0.0,0.0,0.0,0.0,0.0,0.0,0.0,0.0,0.0,0.0,0.0
185,random,1,1,238.9189727608224,41.19292633807283,200238.91897276085,33373.15316212681,132.0,15.348837209302326,16649.28658812525,1935.9635567587502,8.6,5.732481659190897,2.1275158287797544,3.2,4,5.2179362907650075,0.37209302325581395,2.1275158287797544,11.341346821991465,0.8,0.13333333333333333,2.853472007268222,0.0,6,0.0,0.2,0.0,1.4237481506870608,0.4,8.30353709887713,11.341346821991465,0.2,8.817294944732204,0.0,0.0,0.0,0.0,0.0,0.0,0.0,0.0,0.0
186,random,1,1,360.4231016494958,64.36126815169568,202178.7597579581,33696.45995965968,150.2,17.88095238095238,14795.278033181263,1761.3426229977692,8.4,5.955071234632815,11.220850642134033,4.4,4,5.726024507508169,0.5238095238095238,11.220850642134033,67.3251038528042,0.8,0.13333333333333333,0.9755755920655748,0.0,6,0.0,0.0,0.0,0.0,0.0,0.0,0.0,0.0,0.0,67.3251038528042,0.8,5.853453552393448,0.0,0.0,0.0,0.0,0.0,0.0
187,random,1,1,165.22712745846982,34.42231822051455,1092830.8408196005,182138.4734699334,174.0,17.755102040816325,18584.39725325435,1896.3670666586067,9.8,4.719845061905244,19.20149477738505,5.2,7,4.996157899219204,0.5306122448979592,19.20149477738505,100.0,1.4,0.2333333333333333,2.2423460384782596,0.0,6,0.0,0.0,0.0,0.0,0.0,0.0,12.146219147534794,0.2,5.2419215895877445,100.0,1.0,0.0,3.0627495167755114,0.2,8.212154641281812,0.0,0.0,0.0
188,random,1,1,207.36850943269752,51.84212735817438,1134372.6544921352,189062.10908202254,201.2,20.12,17612.57160719565,1761.257160719565,10.0,3.961537348446278,35.22888190358723,6.0,12,4.092110511989623,0.6,35.22888190358723,100.0,2.4000000000000004,0.4000000000000001,1.4654215784118418,0.0,6,0.0,0.0,0.0,0.0,0.0,0.0,100.0,1.0,0.0,100.0,1.0,0.0,0.0,0.2,0.0,11.37329142152339,0.2,8.79252947047105
189,random,0,1,262.64415724742946,69.11688348616565,1871462.388829823,311910.39813830383,180.4,22.0,15340.86041751556,1870.8366362823854,8.2,4.6682081763572585,30.741090863754533,4.8,12,5.239210954577418,0.5853658536585366,30.741090863754533,100.0,2.4,0.39999999999999997,1.4578898504221192,0.0,6,4.4465451825271884,0.4,8.747339102532715,0.0,0.0,0.0,80.0,1.0,0.0,100.0,1.0,0.0,0.0,0.0,0.0,0.0,0.0,0.0
190,random,0,0,456.098849178186,103.65882935867863,1600456.098849178,266742.6831415297,195.0,22.15909090909091,16386.075286355233,1862.0540098130948,8.8,3.437111324390472,18.53506651931866,4.6,6,4.818072060586752,0.5227272727272727,18.53506651931866,100.0,1.2,0.19999999999999998,1.4867148345334205,0.0,6,0.0,0.0,0.0,11.210399115911969,0.2,8.920289007200523,0.0,0.0,0.0,100.0,1.0,0.0,0.0,0.0,0.0,0.0,0.0,0.0
191,random,0,0,246.94741265639226,51.44737763674839,1200246.9474126569,200041.15790210947,215.0,23.88888888888889,17494.174397875664,1943.7971553195184,9.0,2.2553322191295835,16.666666666666668,4.2,5,1.809544260913484,0.4666666666666667,16.666666666666668,100.0,1.0,0.16666666666666666,0.0,0.0,6,0.0,0.0,0.0,0.0,0.0,0.0,0.0,0.0,0.0,100.0,1.0,0.0,0.0,0.0,0.0,0.0,0.0,0.0
192,random,0,0,250.690655494028,44.76618848107643,400250.69065549417,66708.44844258236,235.0,23.979591836734695,20974.17550224101,2140.2219900245927,9.8,4.461872614473105,18.54002187014127,4.2,6,2.749522425736957,0.42857142857142855,18.54002187014127,100.0,1.2,0.19999999999999998,1.482782214833417,0.0,6,11.240131220847616,0.2,8.896693289000503,0.0,0.0,0.0,0.0,0.0,0.0,100.0,1.0,0.0,0.0,0.0,0.0,0.0,0.0,0.0
193,random,0,0,169.5258434284405,31.39367470897046,18325.5047104676,3054.2507850779334,255.6,27.19148936170213,18184.69081389485,1934.5415759462605,9.4,6.195509042643708,20.105534468127644,4.6,10,4.88406878981102,0.48936170212765956,20.105534468127644,100.0,2.0,0.3333333333333333,4.378883012073736,0.0,6,0.0,0.0,0.0,7.872418335923612,0.2,9.007026619184762,10.005979353113617,0.4,8.643682500254364,100.0,1.0,0.0,0.0,0.0,0.0,2.754809119728634,0.4,8.622588953003287
194,random,0,0,296.37808474627343,64.43001842310292,948408.8599200237,158068.14332000396,280.2,31.133333333333333,15710.808236615423,1745.645359623936,9.0,4.2433880906829895,16.666666666666668,5.4,6,4.812429538185184,0.6,16.666666666666668,100.0,1.2,0.19999999999999998,0.0,0.0,6,0.0,0.0,0.0,0.0,0.2,0.0,0.0,0.0,0.0,100.0,1.0,0.0,0.0,0.0,0.0,0.0,0.0,0.0
195,random,0,0,164.22416695479183,35.700905859737354,1200443.1904367337,200073.86507278893,305.0,33.888888888888886,15807.27657038878,1756.364063376531,9.0,4.838199652999151,16.798801942966293,5.2,7,4.779256691598906,0.5777777777777777,16.798801942966293,100.0,1.4,0.2333333333333333,1.355626930389553,0.0,6,0.0,0.0,0.0,0.0,0.0,0.0,0.0,0.0,0.0,100.0,1.0,0.0,0.7928116577977562,0.4,8.133761582337318,0.0,0.0,0.0
196,random,3,0,397.00692938113855,79.4013858762277,769549.9385884667,128258.32309807779,87.2,9.688888888888888,17887.810283841354,1987.5344759823724,9.0,4.166894869313456,11.870463395674355,3.4,5,4.6338748056211045,0.37777777777777777,11.870463395674355,60.0,1.0,0.16666666666666666,1.4850746527313419,0.0,6,0.0,0.0,0.0,0.0,0.0,0.0,11.222780374046124,0.2,8.910447916388051,60.0,0.8,0.0,0.0,0.0,0.0,0.0,0.0,0.0
197,random,3,3,330.7663052813578,61.253019496547736,205332.03539412929,34222.00589902155,44.2,5.261904761904762,16243.3567915544,1933.7329513755237,8.4,5.166062352997648,8.062122266089014,1.4,4,5.0873265937659875,0.16666666666666666,8.062122266089014,35.38791845047399,0.8,0.13333333333333333,1.6390340342033918,0.0,6,0.0,0.0,0.0,0.0,0.0,0.0,0.0,0.0,0.0,35.38791845047399,0.6,2.1329008847535698,0.0,0.0,0.0,12.9848151460601,0.2,7.701303320466781
198,random,3,3,118.23253655017052,24.631778447952193,840903.8251518097,140150.63752530163,50.0,8.064516129032258,14387.223473311542,2320.5199150502485,6.2,5.805505806797683,2.0146972990422305,1.4,3,4.880789821881772,0.22580645161290322,2.0146972990422305,12.088183794253382,0.6,0.09999999999999999,1.4394063813844695,0.0,6,12.088183794253382,0.6,8.636438288306817,0.0,0.0,0.0,0.0,0.0,0.0,0.0,0.0,0.0,0.0,0.0,0.0,0.0,0.0,0.0
199,random,3,3,254.41165801811093,48.92531884963672,600583.1734641301,100097.19557735503,54.2,10.423076923076923,10485.1295207411,2016.3710616809808,5.2,8.021427807709808,0.5006385976230376,1.6,3,5.84133755927969,0.3076923076923077,0.5006385976230376,3.003831585738226,0.6000000000000001,0.10000000000000002,1.4607037562100837,0.0,6,0.0,0.2,0.0,0.0,0.0,0.0,3.003831585738226,0.4,8.764222537260503,0.0,0.0,0.0,0.0,0.0,0.0,0.0,0.0,0.0
200,random,3,3,206.9090010240049,36.94803589714373,400206.9090010241,66701.15150017069,63.0,11.666666666666666,10143.632837072973,1878.450525383884,5.4,7.406363212463393,1.1694250459769744,2.4,2,6.065087895002567,0.4444444444444444,1.1694250459769744,7.016550275861846,0.4,0.06666666666666667,1.44797159624286,0.0,6,0.0,0.0,0.0,0.0,0.0,0.0,7.016550275861846,0.4,8.68782957745716,0.0,0.0,0.0,0.0,0.0,0.0,0.0,0.0,0.0
201,random,3,3,279.4170859987318,49.895908214059254,400279.4170859988,66713.2361809998,73.0,9.864864864864865,15314.36299563522,2069.5085129236786,7.4,3.416970663417752,0.0,2.4,0,3.681394518742286,0.32432432432432434,0.0,0.0,0.0,0.0,0.0,0.0,6,0.0,0.0,0.0,0.0,0.0,0.0,0.0,0.0,0.0,0.0,0.0,0.0,0.0,0.0,0.0,0.0,0.0,0.0
202,random,3,3,159.67881682141962,27.53083048645166,1224.1295847275956,204.02159745459926,83.2,10.4,15535.97113569713,1941.9963919621412,8.0,4.77096597224721,1.3167743060648718,2.2,4,3.4615638469067718,0.275,1.3167743060648718,7.481057920758758,0.8,0.13333333333333333,2.9876277433087424,0.0,6,0.0,0.0,0.0,0.0,0.0,0.0,0.0,0.0,0.0,0.0,0.0,0.0,0.4195879156304727,0.4,8.647754138708114,7.481057920758758,0.4,9.27801232114434
203,random,0,3,395.16356678729574,79.03271335745914,562177.9401931942,93696.32336553237,21.4,2.9722222222222223,14985.307883358671,2081.2927615775934,7.2,5.721675025944516,2.5280919554961656,2.2,3,4.784738800882083,0.3055555555555556,2.5280919554961656,8.221323704860879,0.6000000000000001,0.10000000000000002,2.8518192540698997,0.0,6,0.0,0.0,0.0,6.947228028116115,0.4,8.937145204562693,8.221323704860879,0.2,8.173770319856702,0.0,0.0,0.0,0.0,0.0,0.0,0.0,0.0,0.0
204,random,0,0,154.25291594582012,32.1360241553792,1200154.2529159456,200025.70881932427,27.6,4.6,11608.028259607698,1934.6713766012829,6.0,6.188317346489131,2.972997927029913,1.8,4,5.5105786376236985,0.3,2.972997927029913,11.340948917709284,0.8,0.13333333333333333,2.9087715757235983,0.0,6,11.340948917709284,0.2,8.817604305037168,0.0,0.0,0.0,6.497038644470194,0.6,8.63502514930442,0.0,0.0,0.0,0.0,0.0,0.0,0.0,0.0,0.0
205,random,0,0,173.26477483716405,36.09682809107585,1200173.264774837,200028.87746247285,29.0,5.0,10834.37512784629,1867.9957116976361,5.8,4.437779818354147,0.0,1.4,0,4.976433047337945,0.2413793103448276,0.0,0.0,0.0,0.0,0.0,0.0,6,0.0,0.0,0.0,0.0,0.0,0.0,0.0,0.0,0.0,0.0,0.0,0.0,0.0,0.0,0.0,0.0,0.0,0.0
206,random,0,0,179.34002181464373,33.211115150859946,600179.3400218146,100029.89000363577,34.0,6.071428571428571,12910.816356667849,2305.5029208335445,5.6,5.79334776973507,1.7753239448734348,1.2,1,4.358761686844038,0.21428571428571427,1.7753239448734348,10.651943669240609,0.2,0.03333333333333333,1.5403055336947242,0.0,6,0.0,0.0,0.0,10.651943669240609,0.2,9.241833202168346,0.0,0.0,0.0,0.0,0.0,0.0,0.0,0.0,0.0,0.0,0.0,0.0
207,random,0,0,205.55725461783732,38.06615826256246,419538.3655196988,69923.0609199498,39.6,5.6571428571428575,14053.392651622931,2007.6275216604188,7.0,4.426241085585884,1.3545064184556093,1.6,3,3.1632564064792157,0.22857142857142856,1.3545064184556093,8.127038510733655,0.6000000000000001,0.10000000000000002,1.433789884656047,0.0,6,0.0,0.0,0.0,0.0,0.2,0.0,0.0,0.0,0.0,0.0,0.0,0.0,0.0,0.0,0.0,8.127038510733655,0.4,8.602739307936282
208,random,3,0,114.70835088902206,27.31151211643382,1281734.346094878,213622.391015813,51.0,7.285714285714286,14434.791256411427,2062.1130366302036,7.0,3.8058296444509034,2.121427777204493,3.0,3,4.004938055860329,0.42857142857142855,2.121427777204493,10.892827202501394,0.6000000000000001,0.10000000000000002,2.9976584718561683,0.0,6,10.892827202501394,0.2,9.180353102180517,0.0,0.0,0.0,1.8357394607255628,0.4,8.805597728956492,0.0,0.0,0.0,0.0,0.0,0.0,0.0,0.0,0.0
209,random,3,3,168.90489219103782,42.226223047759454,2000168.9048921908,333361.48414869845,66.0,9.705882352941176,12760.49290625704,1876.5430744495648,6.8,3.8768870955194443,1.2376979706702211,3.4,3,4.3270006153639455,0.5,1.2376979706702211,7.170240308087159,0.6000000000000001,0.10000000000000002,2.887598813930527,0.0,6,0.0,0.0,0.0,0.0,0.0,0.0,0.0,0.0,0.0,7.170240308087159,0.2,8.884582264255734,0.2559475159341673,0.4,8.441010619327427,0.0,0.0,0.0
210,random,3,3,423.209262831414,92.00201365900304,929353.3555687852,154892.22592813088,83.0,10.64102564102564,14614.877155757558,1873.7021994560973,7.8,3.8602587392839856,0.0,4.0,1,4.720104084910082,0.5128205128205128,0.0,0.0,0.2,0.03333333333333333,0.0,0.0,6,0.0,0.0,0.0,0.0,0.0,0.0,0.0,0.0,0.0,0.0,0.2,0.0,0.0,0.0,0.0,0.0,0.0,0.0
211,random,3,3,171.79379235825752,35.79037340797032,1200171.7937923581,200028.63229872636,103.0,12.261904761904763,16636.966719300777,1980.5912761072354,8.4,4.391546093256214,1.9134157662354785,4.4,1,4.5296308205450115,0.5238095238095238,1.9134157662354785,11.480494597412871,0.2,0.03333333333333333,1.451737686495014,0.0,6,0.0,0.0,0.0,0.0,0.0,0.0,11.480494597412871,0.2,8.710426118970084,0.0,0.0,0.0,0.0,0.0,0.0,0.0,0.0,0.0
212,random,3,3,427.59593886763633,73.72343773579937,200427.5959388676,33404.5993231446,123.0,13.085106382978724,18711.748954867762,1990.6115909433788,9.4,4.497671689085142,1.7431915721241846,4.2,4,4.073528057120885,0.44680851063829785,1.7431915721241846,10.371049229606797,0.8,0.13333333333333333,2.9755183266475798,0.0,6,10.371049229606797,0.4,9.089890358969571,0.08810020313831046,0.4,8.763219600915908,0.0,0.0,0.0,0.0,0.0,0.0,0.0,0.0,0.0,0.0,0.0,0.0
213,random,3,3,125.8689538713642,27.36281605899222,516642.54290220945,86107.09048370157,146.2,15.891304347826088,15306.073676776383,1663.703660519172,9.2,5.83871965164482,2.0559451721843893,5.4,1,5.866130751888709,0.5869565217391305,2.0559451721843893,12.335671033106337,0.2,0.03333333333333333,1.3510952603986317,0.0,6,0.0,0.0,0.0,0.0,0.0,0.0,0.0,0.0,0.0,0.0,0.0,0.0,0.0,0.0,0.0,12.335671033106337,0.2,8.10657156239179
214,random,0,3,450.732197496142,77.71244784416243,200450.73219749614,33408.455366249356,97.6,9.568627450980392,21307.936263061714,2089.0133591236972,10.2,4.4345819429959,0.5703896697029146,2.8,2,4.706731274459294,0.27450980392156865,0.5703896697029146,3.422338018217488,0.4,0.06666666666666667,1.3834165864003198,0.0,6,0.0,0.0,0.0,0.0,0.0,0.0,3.422338018217488,0.4,8.300499518401919,0.0,0.0,0.0,0.0,0.0,0.0,0.0,0.0,0.0
215,random,0,0,134.5046167378867,26.90092334757734,11295.488429273933,1882.581404878989,107.8,12.25,16158.850782956773,1836.2330435178153,8.8,4.793909610755983,15.533268302844286,3.2,7,4.464695559475818,0.36363636363636365,15.533268302844286,86.07019010884869,1.4,0.2333333333333333,2.4036830946792453,0.0,6,0.0,0.0,0.0,0.0,0.0,0.0,7.1294197082170285,0.4,8.43416297417134,0.0,0.0,0.0,86.07019010884869,1.0,5.987935593904134,0.0,0.0,0.0
216,random,0,0,143.06411016837825,31.10089351486484,1021563.8028842971,170260.6338140495,122.8,15.35,15928.981547667961,1991.1226934584952,8.0,5.497446489859188,18.4467922640124,3.4,6,4.871690130370115,0.425,18.4467922640124,100.0,1.2,0.19999999999999998,1.5604392082893461,0.0,6,10.68075358407441,0.2,9.362635249736076,0.0,0.0,0.0,0.0,0.0,0.0,0.0,0.0,0.0,100.0,1.0,0.0,0.0,0.0,0.0
217,random,0,0,53.70097943673589,10.740195887347179,1000053.7009794367,166675.61682990612,136.0,23.448275862068964,11670.35121560587,2012.1295199320466,5.8,8.335548146481933,18.595113629152518,3.2,6,5.143199075036443,0.5517241379310345,18.595113629152518,100.0,1.2,0.19999999999999998,1.44042218003087,0.0,6,0.0,0.0,0.0,0.0,0.0,0.0,0.0,0.0,0.0,0.0,0.0,0.0,100.0,1.0,0.0,11.570681774915101,0.2,8.64253308018522
218,random,0,0,290.2281118235788,50.03932962475496,200290.2281118236,33381.704685303936,151.0,26.03448275862069,10699.08252493658,1844.6694008511347,5.8,9.427733531753805,17.834835808472842,3.2,9,5.422598559734456,0.5517241379310345,17.834835808472842,100.0,1.8,0.3,2.6511820770452417,0.0,6,5.211899885184721,0.4,7.208688784927127,0.0,0.0,0.0,1.7971149656523266,0.4,8.698403677344324,0.0,0.0,0.0,100.0,1.0,0.0,0.0,0.0,0.0
219,random,1,0,293.5334060890003,61.1527929352084,620694.52818043,103449.08803007165,18.4,2.787878787878788,12799.734031815036,1939.3536411840964,6.6,4.566241061757828,10.0,1.8,4,5.698346583035986,0.2727272727272727,10.0,60.0,0.8,0.13333333333333333,0.0,0.0,6,0.0,0.0,0.0,0.0,0.0,0.0,0.0,0.0,0.0,0.0,0.0,0.0,60.0,0.8,0.0,0.0,0.0,0.0
220,random,1,1,285.1334633880456,50.91668989072243,535916.7578147398,89319.45963578997,7.0,0.9210526315789473,16705.11027178384,2198.0408252347156,7.6,3.4034697264188627,1.91513905786375,1.4,1,2.336578645413984,0.18421052631578946,1.91513905786375,11.4908343471825,0.2,0.03333333333333333,1.4504313753990594,0.0,6,0.0,0.0,0.0,0.0,0.0,0.0,0.0,0.0,0.0,0.0,0.0,0.0,11.4908343471825,0.2,8.702588252394357,0.0,0.0,0.0
221,random,1,1,111.88616738295809,18.64769456382635,111.88616738295809,18.64769456382635,12.0,1.935483870967742,14127.772143167458,2278.672926317332,6.2,6.742066015575601,1.6377163781802058,1.0,2,3.530156318094187,0.16129032258064516,1.6377163781802058,9.826298269081235,0.4,0.06666666666666667,1.5636049167097859,0.0,6,0.0,0.0,0.0,0.0,0.0,0.0,0.0,0.0,0.0,9.826298269081235,0.4,9.381629500258715,0.0,0.0,0.0,0.0,0.0,0.0
222,random,1,1,259.99851107394613,46.428305548918956,1265.4048220758075,210.90080367930125,17.6,2.5142857142857142,14901.801259323562,2128.8287513319374,7.0,5.563599847687241,3.1806877056313474,1.8,4,4.3525142282869265,0.2571428571428571,3.1806877056313474,11.19630177403451,0.8,0.13333333333333333,2.879095383174717,0.0,6,7.887824459753574,0.4,8.955266418587415,11.19630177403451,0.4,8.319305880460888,0.0,0.0,0.0,0.0,0.0,0.0,0.0,0.0,0.0,0.0,0.0,0.0
223,random,1,1,176.50948365938217,38.37162688247439,623442.3282607452,103907.0547101242,27.6,4.758620689655173,10986.821448064828,1894.279560011177,5.8,5.922733428395234,3.718094899451595,2.8,2,5.390571756958072,0.4827586206896552,3.718094899451595,11.41374188367081,0.4,0.06666666666666667,2.990006032399125,0.0,6,0.0,0.0,0.0,0.0,0.0,0.0,11.41374188367081,0.2,8.761368622070037,0.0,0.0,0.0,0.0,0.0,0.0,10.894827513038763,0.2,9.178667572324713
224,random,1,1,412.3562121651513,71.09589864916401,200412.35621216515,33402.059368694194,42.0,5.833333333333333,14507.14166610486,2014.8807869590082,7.2,6.750336983828551,0.08162302099738857,3.2,1,5.405320040484615,0.4444444444444444,0.08162302099738857,0.4897381259843314,0.2,0.03333333333333333,1.42098064989162,0.0,6,0.4897381259843314,0.2,8.52588389934972,0.0,0.0,0.0,0.0,0.0,0.0,0.0,0.0,0.0,0.0,0.0,0.0,0.0,0.0,0.0
225,random,1,1,209.70073343752642,34.950122239587735,209.70073343752642,34.950122239587735,57.0,8.142857142857142,14251.571959025354,2035.9388512893363,7.0,7.032388518000435,0.08140826791607954,3.0,3,5.507724620917176,0.42857142857142855,0.08140826791607954,0.48844960749647726,0.6000000000000001,0.10000000000000002,1.4022263324664284,0.0,6,0.0,0.2,0.0,0.48844960749647726,0.4,8.41335799479857,0.0,0.0,0.0,0.0,0.0,0.0,0.0,0.0,0.0,0.0,0.0,0.0
226,random,0,1,107.64731364973859,17.9412189416231,107.64731364973859,17.9412189416231,22.6,3.4242424242424243,13916.277232216093,2108.5268533660746,6.6,8.581685344096929,3.803045296995909,1.6,2,5.337467458138244,0.24242424242424243,3.803045296995909,14.914454409613427,0.4,0.06666666666666667,2.5757052252580612,0.0,6,0.0,0.0,0.0,0.0,0.0,0.0,14.914454409613427,0.2,6.704905003802411,7.9038173723620275,0.2,8.749326347745956,0.0,0.0,0.0,0.0,0.0,0.0
227,random,0,0,120.17026880494117,23.1096670778733,220397.0073657531,36732.83456095885,25.6,4.129032258064516,11000.660302012331,1774.3000487116662,6.2,7.569197165672076,0.0,1.6,1,5.748834572857164,0.25806451612903225,0.0,0.0,0.2,0.03333333333333333,0.0,0.0,6,0.0,0.0,0.0,0.0,0.0,0.0,0.0,0.0,0.0,0.0,0.2,0.0,0.0,0.0,0.0,0.0,0.0,0.0
228,random,0,0,237.32073215437975,45.63860233738072,710648.7988255769,118441.46647092949,31.4,4.617647058823529,14766.217683898565,2171.5026005733184,6.8,5.163050690466207,1.8532222734961579,1.8,1,4.941585755378433,0.2647058823529412,1.8532222734961579,11.119333640976947,0.2,0.03333333333333333,1.4988907793221256,0.0,6,0.0,0.0,0.0,0.0,0.0,0.0,0.0,0.0,0.0,0.0,0.0,0.0,0.0,0.0,0.0,11.119333640976947,0.2,8.993344675932754
229,random,0,0,268.43111766827724,46.28122718418573,200268.43111766828,33378.07185294471,35.0,5.46875,13116.936769298398,2049.5213702028746,6.4,6.10136767628969,3.6814295864822575,1.0,2,4.287712735848836,0.15625,3.6814295864822575,11.240294164167608,0.4,0.06666666666666667,3.0191021042100457,0.0,6,0.0,0.0,0.0,0.0,0.0,0.0,11.240294164167608,0.2,8.896564319356088,0.0,0.0,0.0,0.0,0.0,0.0,10.848283354725936,0.2,9.218048305904187
230,random,0,0,146.49192375420256,31.846070381348387,1201434.4746793637,200239.0791132273,43.0,7.166666666666667,12987.740887084652,2164.6234811807753,6.0,5.649871673015042,1.0768748420946395,2.4,2,4.831299125134763,0.4,1.0768748420946395,6.461249052567837,0.4,0.06666666666666667,1.4895211884751918,0.0,6,6.461249052567837,0.4,8.93712713085115,0.0,0.0,0.0,0.0,0.0,0.0,0.0,0.0,0.0,0.0,0.0,0.0,0.0,0.0,0.0
231,random,3,0,246.59666885286128,47.42243631785794,800246.5966688528,133374.43277814213,8.2,1.1714285714285715,13658.11109035549,1951.1587271936417,7.0,4.731786338182574,3.7846528835416393,1.8,2,4.787322555406829,0.2571428571428571,3.7846528835416393,11.423530329125242,0.4,0.06666666666666667,2.935943837618947,0.0,6,0.0,0.0,0.0,11.423530329125242,0.2,8.753861294966029,11.284386972124594,0.2,8.861801730747654,0.0,0.0,0.0,0.0,0.0,0.0,0.0,0.0,0.0
232,random,3,3,162.11417075846379,32.422834151692754,1000162.1141707584,166693.6856951264,17.0,2.4285714285714284,14739.088280649938,2105.584040092848,7.0,4.663359107702461,1.3421331073277543,2.0,1,4.53394043280665,0.2857142857142857,1.3421331073277543,8.052798643966526,0.2,0.03333333333333333,1.4728118506260215,0.0,6,0.0,0.0,0.0,0.0,0.0,0.0,0.0,0.0,0.0,0.0,0.0,0.0,8.052798643966526,0.2,8.83687110375613,0.0,0.0,0.0
233,random,3,3,65.31890031475453,15.552119122560601,1800065.3189003146,300010.88648338575,27.6,3.942857142857143,14413.078874685783,2059.011267812255,7.0,5.198920988233463,0.0,2.4,1,4.672948073243983,0.34285714285714286,0.0,0.0,0.2,0.03333333333333333,0.0,0.0,6,0.0,0.0,0.0,0.0,0.0,0.0,0.0,0.0,0.0,0.0,0.0,0.0,0.0,0.2,0.0,0.0,0.0,0.0
234,random,3,3,250.32525054046022,56.892102395559135,1401251.4782414609,233541.91304024347,42.2,4.906976744186046,15903.152507088507,1849.2037798940125,8.6,3.227112438001678,6.066189679562892,3.8,6,3.4294869644764043,0.4418604651162791,6.066189679562892,23.65301234852268,1.2000000000000002,0.20000000000000004,4.284089241611409,0.0,6,23.65301234852268,0.4,8.463303323369166,0.0,0.0,0.0,5.769642360055514,0.4,8.34091145005077,0.0,0.0,0.0,6.974483368799156,0.4,8.900320676248521,0.0,0.0,0.0
235,random,3,3,196.76882988644155,49.19220747161039,1911568.2162291512,318594.70270485856,63.0,7.875,14314.56784629243,1789.3209807865537,8.0,3.5853065450674877,0.0,4.8,0,4.894526691054892,0.6,0.0,0.0,0.0,0.0,0.0,0.0,6,0.0,0.0,0.0,0.0,0.0,0.0,0.0,0.0,0.0,0.0,0.0,0.0,0.0,0.0,0.0,0.0,0.0,0.0
236,random,3,3,214.1373346173644,44.61194471195092,1200214.1373346173,200035.68955576955,88.0,9.777777777777779,17635.041191871846,1959.4490213190938,9.0,4.665250128748206,1.4584185011282595,5.2,1,4.814003449593758,0.5777777777777777,1.4584185011282595,8.750511006769557,0.2,0.03333333333333333,1.4375100009764232,0.0,6,0.0,0.0,0.0,0.0,0.0,0.0,0.0,0.0,0.0,8.750511006769557,0.2,8.62506000585854,0.0,0.0,0.0,0.0,0.0,0.0
237,random,1,3,448.7122802810197,80.12719290732495,200921.85253521774,33486.97542253629,14.6,1.9210526315789473,13681.150710589722,1800.1514092881212,7.6,3.867687542729148,3.8571716808723977,1.8,3,3.9753344298682007,0.23684210526315788,3.8571716808723977,12.257473065005797,0.6000000000000001,0.10000000000000002,2.890795466124294,0.0,6,0.0,0.0,0.0,0.0,0.0,0.0,12.257473065005797,0.2,8.158288373930251,0.0,0.2,0.0,0.0,0.0,0.0,10.885557020228589,0.2,9.186484422815514
238,random,1,1,116.62476139774685,27.767800332796867,447852.1714570547,74642.02857617578,23.0,3.7096774193548385,11550.125358641015,1862.9234449420992,6.2,4.419058645523941,0.0,2.8,0,4.926004565165078,0.45161290322580644,0.0,0.0,0.0,0.0,0.0,0.0,6,0.0,0.0,0.0,0.0,0.0,0.0,0.0,0.0,0.0,0.0,0.0,0.0,0.0,0.0,0.0,0.0,0.0,0.0
239,random,1,1,254.48965040161679,60.59277390514685,1873441.0851666585,312240.18086110975,38.0,5.135135135135135,13555.975978539422,1831.8886457485705,7.4,3.1887182593003787,1.8217606445682577,3.4,1,3.4415018688912196,0.4594594594594595,1.8217606445682577,10.930563867409546,0.2,0.03333333333333333,1.5247764771184242,0.0,6,0.0,0.0,0.0,10.930563867409546,0.2,9.148658862710546,0.0,0.0,0.0,0.0,0.0,0.0,0.0,0.0,0.0,0.0,0.0,0.0
240,random,1,1,137.52887461888054,27.50577492377611,1000137.5288746189,166689.5881457698,53.0,7.571428571428571,14914.346216926733,2130.6208881323905,7.0,6.223915674632073,3.6217986371760467,3.2,2,5.062118026037029,0.45714285714285713,3.6217986371760467,10.886678766005389,0.4,0.06666666666666667,3.067855188933986,0.0,6,10.84411305705089,0.2,9.221593271289214,0.0,0.0,0.0,0.0,0.0,0.0,0.0,0.0,0.0,10.886678766005389,0.2,9.185537862314701,0.0,0.0,0.0
241,random,1,1,305.6791859502722,56.60725665745781,600305.6791859503,100050.94653099171,68.0,8.5,16076.610768182398,2009.5763460227997,8.0,4.341451794773133,0.0,3.6,0,4.849343340977237,0.45,0.0,0.0,0.0,0.0,0.0,0.0,6,0.0,0.0,0.0,0.0,0.0,0.0,0.0,0.0,0.0,0.0,0.0,0.0,0.0,0.0,0.0,0.0,0.0,0.0
242,random,1,1,293.33797596252305,50.57551309698673,200293.33797596255,33382.22299599376,83.0,8.829787234042554,18419.39449132361,1959.5100522684688,9.4,4.346588734206536,2.7184214006850502,3.2,3,3.8256560360911616,0.3404255319148936,2.7184214006850502,11.132733110962363,0.6000000000000001,0.10000000000000002,2.904134519367337,0.0,6,0.0,0.0,0.0,0.0,0.0,0.0,0.0,0.0,0.0,5.177795293147938,0.4,8.44228692073375,0.0,0.0,0.0,11.132733110962363,0.2,8.98252019547027
243,random,1,1,171.82192648583424,28.63698774763904,171.82192648583424,28.63698774763904,101.0,11.222222222222221,17813.943654358714,1979.3270727065237,9.0,6.745248869683828,4.7851765938132,4.0,3,4.740706283426508,0.4444444444444444,4.7851765938132,27.086306940468603,0.6000000000000001,0.10000000000000002,2.495710860443167,0.0,6,1.6247526224105968,0.2,8.854663626942783,0.0,0.0,0.0,0.0,0.0,0.0,27.086306940468603,0.4,6.11960153571622,0.0,0.0,0.0,0.0,0.0,0.0
244,random,0,1,55.23228527074747,11.50672609807239,509844.64788713993,84974.10798118998,50.0,6.756756756756757,15428.841297692727,2084.9785537422604,7.4,7.9013017819971205,20.158182130930225,3.2,10,5.207238424093804,0.43243243243243246,20.158182130930225,100.0,2.0,0.3333333333333333,4.4046148022784415,0.0,6,11.720781634489867,0.4,8.531854198677115,0.0,0.0,0.0,6.199231215191503,0.2,8.958434014306865,100.0,1.0,0.0,3.029079935899972,0.4,8.937400600686669,0.0,0.0,0.0
245,random,0,0,172.5086813752195,37.50188725548251,1650348.4377816396,275058.0729636066,59.0,9.833333333333334,9178.634564605094,1529.7724274341822,6.0,6.334685675840108,16.666666666666668,3.6,6,6.288362037587788,0.6,16.666666666666668,100.0,1.2,0.19999999999999998,0.0,0.0,6,0.0,0.0,0.0,0.0,0.0,0.0,0.0,0.2,0.0,100.0,1.0,0.0,0.0,0.0,0.0,0.0,0.0,0.0
246,random,0,0,250.89940562029687,43.25851821039601,200250.89940562032,33375.14990093672,15.8,2.135135135135135,15462.20853241404,2089.487639515411,7.4,4.3909951677813615,10.0,1.0,4,4.446497548491307,0.13513513513513514,10.0,60.0,0.8,0.13333333333333333,0.0,0.0,6,0.0,0.0,0.0,0.0,0.0,0.0,0.0,0.0,0.0,60.0,0.8,0.0,0.0,0.0,0.0,0.0,0.0,0.0
247,random,0,0,449.36693791041154,77.47705826041579,6793.859952274722,1132.3099920457869,2.2,0.3142857142857143,15097.741143778836,2156.8201633969766,7.0,6.167276240869274,0.7431749272518573,1.0,1,4.058694357748016,0.14285714285714285,0.7431749272518573,4.459049563511144,0.2,0.03333333333333333,1.4120544523311154,0.0,6,0.0,0.0,0.0,0.0,0.0,0.0,0.0,0.0,0.0,0.0,0.0,0.0,0.0,0.0,0.0,4.459049563511144,0.2,8.472326713986693
248,random,0,0,82.50044103768175,17.187591882850366,1010877.1901885697,168479.53169809494,11.0,1.6176470588235294,15140.46633447077,2226.5391668339366,6.8,7.011121830635032,3.721207754905057,2.2,6,4.7410785054968,0.3235294117647059,3.721207754905057,10.982383475015922,1.2,0.19999999999999998,4.37122733492049,0.0,6,5.033639831867731,0.4,8.776883677765728,6.311223222546687,0.4,8.34498877543956,10.982383475015922,0.2,9.105491556317652,0.0,0.0,0.0,0.0,0.0,0.0,0.0,0.2,0.0
249,random,0,0,406.1340951726896,88.29002068971515,1400406.1340951726,233401.02234919544,24.2,3.361111111111111,11832.82581230086,1643.4480294862306,7.2,4.2361327576089325,1.8406567180151494,3.8,1,5.478850224749977,0.5277777777777778,1.8406567180151494,11.043940308090896,0.2,0.03333333333333333,1.5091232116182762,0.0,6,0.0,0.0,0.0,0.0,0.0,0.0,11.043940308090896,0.2,9.054739269709657,0.0,0.0,0.0,0.0,0.0,0.0,0.0,0.0,0.0
250,random,1,0,181.36118399491474,36.272236798982945,1000181.361183995,166696.89353066584,43.0,5.375,15454.273647935252,1931.7842059919064,8.0,4.616203084428661,0.0,4.0,0,4.649734865900043,0.5,0.0,0.0,0.0,0.0,0.0,0.0,6,0.0,0.0,0.0,0.0,0.0,0.0,0.0,0.0,0.0,0.0,0.0,0.0,0.0,0.0,0.0,0.0,0.0,0.0
251,random,1,1,304.1131012443301,54.30591093648752,400304.1131012442,66717.3521835407,63.0,6.428571428571429,20277.287979593737,2069.1110183258916,9.8,4.3603913054758054,0.19765484830486457,4.4,2,3.6048964654737468,0.4489795918367347,0.19765484830486457,1.1859290898291874,0.4,0.06666666666666667,1.434313392887513,0.0,6,0.0,0.0,0.0,0.0,0.0,0.0,0.0,0.0,0.0,0.0,0.0,0.0,1.1859290898291874,0.4,8.605880357325077,0.0,0.0,0.0
252,random,1,1,159.52276291368804,27.503924640291043,922.492684472278,153.74878074537966,83.2,10.146341463414634,15445.118343484864,1883.5510174981541,8.2,7.07595084901808,9.707739608740363,4.2,6,5.1526032002915905,0.5121951219512195,9.707739608740363,44.35013453139618,1.2000000000000002,0.20000000000000004,4.010514292111817,0.0,6,0.0,0.0,0.0,11.466280283889319,0.2,8.721224104429478,44.35013453139618,0.6,6.798687081167842,0.0,0.0,0.0,0.0,0.0,0.0,2.4300228371566845,0.4,8.543174567073585
253,random,1,1,76.25584587269375,15.25116917453875,844006.5419790009,140667.75699650016,107.0,14.45945945945946,13646.362044542393,1844.1029789922154,7.4,8.251907835080802,16.666666666666668,5.2,5,5.888438304683257,0.7027027027027027,16.666666666666668,100.0,1.0,0.16666666666666666,0.0,0.0,6,0.0,0.0,0.0,0.0,0.0,0.0,100.0,1.0,0.0,0.0,0.0,0.0,0.0,0.0,0.0,0.0,0.0,0.0
254,random,1,1,163.43731274239852,38.91364589104727,1238207.6247882177,206367.93746470296,133.2,15.857142857142858,13491.433193674235,1606.1229992469327,8.4,5.911240077763677,33.41481749172696,6.0,11,6.225571596622579,0.7142857142857143,33.41481749172696,100.0,2.2,0.3666666666666667,2.4382008066707983,0.0,6,11.266460398428535,0.2,8.875902143493814,0.0,0.0,0.0,100.0,1.0,0.0,89.22244455193322,1.0,5.753302696530977,0.0,0.0,0.0,0.0,0.0,0.0
255,random,1,1,399.40761747038914,83.20992030633107,1209294.9035178614,201549.15058631022,163.0,17.717391304347824,16231.011847039137,1764.240418156428,9.2,5.6725971900555425,33.333333333333336,6.2,10,5.709037153473167,0.6739130434782609,33.333333333333336,100.0,2.0,0.3333333333333333,0.0,0.0,6,0.0,0.0,0.0,0.0,0.0,0.0,100.0,1.0,0.0,100.0,1.0,0.0,0.0,0.0,0.0,0.0,0.0,0.0
256,random,1,1,235.97351133861088,49.16114819554394,1200235.9735113387,200039.32891855645,193.0,17.232142857142858,21829.459329172678,1949.0588686761319,11.2,3.196931646578015,35.09979433701801,6.4,11,3.3063913186681804,0.5714285714285714,35.09979433701801,100.0,2.2,0.3666666666666667,1.572510104657609,0.0,6,10.598766022108066,0.2,9.435060627945655,0.0,0.0,0.0,100.0,1.0,0.0,100.0,1.0,0.0,0.0,0.0,0.0,0.0,0.0,0.0
257,random,1,1,464.9270001713741,77.48783336189568,464.9270001713741,77.48783336189568,223.0,21.037735849056602,19631.776754208837,1852.0544107744186,10.6,5.9097327663839305,35.0643806969083,6.0,12,5.038940796456445,0.5660377358490566,35.0643806969083,100.0,2.4,0.39999999999999997,1.5213761584057164,0.0,6,0.0,0.0,0.0,10.38628418144981,0.4,9.128256950434299,100.0,1.0,0.0,100.0,1.0,0.0,0.0,0.0,0.0,0.0,0.0,0.0
258,random,1,1,404.65052990042943,77.81740959623643,404551.00945530034,67425.16824255006,255.0,21.982758620689655,21365.76701458793,1841.8764667748214,11.6,5.476429398680947,35.17901169875737,7.4,11,5.1789027585155525,0.6379310344827587,35.17901169875737,100.0,2.2,0.3666666666666667,1.4788163634327551,0.0,6,0.0,0.0,0.0,0.0,0.0,0.0,100.0,1.0,0.0,100.0,1.0,0.0,0.0,0.0,0.0,11.07407019254424,0.2,8.87289818059653
259,random,0,1,383.12473823750116,66.0559893512933,200383.12473823753,33397.18745637292,173.0,14.180327868852459,23016.856359279565,1886.6275704327513,12.2,2.697245798652416,28.511225697495018,4.6,12,2.9753131470703793,0.3770491803278688,28.511225697495018,100.0,2.4000000000000004,0.4000000000000001,1.4755259764846416,0.0,6,0.0,0.0,0.0,0.0,0.0,0.0,60.0,0.8,0.0,100.0,1.0,0.0,11.0673541849701,0.4,8.853155858907849,0.0,0.2,0.0
260,random,0,0,114.76860843629238,22.953721687258476,941609.2500519985,156934.87500866642,165.0,15.0,22441.897105449552,2040.1724641317774,11.0,5.004373724356925,22.195317709905947,4.0,8,4.397305822221473,0.36363636363636365,22.195317709905947,100.0,1.6,0.26666666666666666,0.3938596036964275,0.0,6,0.0,0.0,0.0,0.0,0.0,0.0,33.17190625943567,0.6,2.363157622178565,100.0,1.0,0.0,0.0,0.0,0.0,0.0,0.0,0.0
261,random,0,0,73.54701350624362,14.709402701248724,1000073.5470135061,166678.924502251,185.0,19.270833333333332,19405.23201708153,2021.3783351126594,9.6,6.378231609902701,20.19335412427381,4.2,11,4.319684898119094,0.4375,20.19335412427381,100.0,2.2,0.3666666666666667,4.182733663379221,0.0,6,8.501445905394576,0.6,8.641525415843352,0.0,0.0,0.0,11.44500109756791,0.4,7.6030608393140495,100.0,1.0,0.0,0.0,0.0,0.0,1.2136777426803746,0.2,8.851815725117921
262,random,0,0,211.19548281038436,36.41301427765248,200211.19548281046,33368.53258046841,49.8,7.323529411764706,15130.309814234988,2225.0455609169103,6.8,8.325348550090151,10.810117586305145,1.4,9,5.283010714622629,0.20588235294117646,10.810117586305145,40.0,1.9999999999999998,0.3333333333333333,1.3574050838903833,0.0,6,0.0,0.2,0.0,0.0,0.0,0.0,40.0,0.6,0.0,20.0,0.6,0.0,4.860705517830866,0.4,8.1444305033423,0.0,0.2,0.0
263,random,0,0,153.59818974060124,27.428248167964508,201235.0534314741,33539.175571912354,1.4,0.2413793103448276,11114.96898455717,1916.3739628546846,5.8,8.033730430620162,6.614573443827491,1.0,3,5.77764788498055,0.1724137931034483,6.614573443827491,39.687440662964946,0.6,0.09999999999999999,0.35842406192484005,0.0,6,0.0,0.0,0.0,0.0,0.0,0.0,0.0,0.0,0.0,39.687440662964946,0.6,2.1505443715490404,0.0,0.0,0.0,0.0,0.0,0.0
264,random,0,0,84.82323926382317,17.671508179963162,418482.90297422605,69747.15049570434,10.2,1.8888888888888888,9564.167200701635,1771.1420742040063,5.4,7.573893355501783,1.8198751657071928,2.4,1,5.826718894025432,0.4444444444444444,1.8198751657071928,10.919250994243157,0.2,0.03333333333333333,1.5263562194379139,0.0,6,0.0,0.0,0.0,0.0,0.0,0.0,10.919250994243157,0.2,9.158137316627483,0.0,0.0,0.0,0.0,0.0,0.0,0.0,0.0,0.0
265,random,0,0,83.69563198509067,18.194702605454495,1161466.7641381046,193577.79402301743,24.6,3.967741935483871,11144.174914896297,1797.4475669187577,6.2,6.5408441207637305,1.9885147170392277,3.6,1,5.6447204984916795,0.5806451612903226,1.9885147170392277,11.931088302235366,0.2,0.03333333333333333,1.396910847063638,0.0,6,0.0,0.0,0.0,0.0,0.0,0.0,11.931088302235366,0.2,8.381465082381828,0.0,0.0,0.0,0.0,0.0,0.0,0.0,0.0,0.0
266,random,1,0,303.6300364232469,63.25625758817644,1200303.630036423,200050.6050060705,44.0,6.285714285714286,12888.29845677338,1841.1854938247686,7.0,6.283217473225946,1.1344263156631011,4.2,2,5.94285597328087,0.6,1.1344263156631011,6.806557893978606,0.4,0.06666666666666667,1.4513239815831185,0.0,6,6.806557893978606,0.4,8.707943889498711,0.0,0.0,0.0,0.0,0.0,0.0,0.0,0.0,0.0,0.0,0.0,0.0,0.0,0.0,0.0
267,random,1,1,224.9658990058411,41.66035166774835,600224.9658990058,100037.49431650096,64.0,8.421052631578947,14788.22835963367,1945.8195210044303,7.6,6.770620327378727,1.9204495145754663,4.2,1,5.635239142187864,0.5526315789473685,1.9204495145754663,11.522697087452798,0.2,0.03333333333333333,1.4464206201181142,0.0,6,0.0,0.0,0.0,11.522697087452798,0.2,8.678523720708686,0.0,0.0,0.0,0.0,0.0,0.0,0.0,0.0,0.0,0.0,0.0,0.0
268,random,1,1,171.69285243798592,28.615475406330987,171.69285243798592,28.615475406330987,84.0,10.24390243902439,15332.355332816154,1869.7994308312382,8.2,8.17524061018748,0.8610007115953522,4.4,1,5.799392592994299,0.5365853658536586,0.8610007115953522,5.166004269572113,0.2,0.03333333333333333,1.1180569459823053,0.0,6,0.0,0.0,0.0,0.0,0.0,0.0,5.166004269572113,0.2,6.7083416758938315,0.0,0.0,0.0,0.0,0.0,0.0,0.0,0.0,0.0
269,random,1,1,324.46128397406324,57.93951499536844,400324.46128397423,66720.74354732904,106.0,9.814814814814815,19197.10883574059,1777.5100773833879,10.8,4.388571692590945,18.529716938839254,5.2,6,4.992615307752803,0.48148148148148145,18.529716938839254,100.0,1.2,0.19999999999999998,1.4909838018157648,0.0,6,0.0,0.0,0.0,0.0,0.0,0.0,100.0,1.0,0.0,0.0,0.0,0.0,11.178301633035517,0.2,8.945902810894589,0.0,0.0,0.0
270,random,1,1,416.17175315606346,74.3163844921542,202452.70137079948,33742.116895133244,134.2,11.372881355932204,20751.686572960745,1758.617506183114,11.8,2.7155742903584086,27.178795873385297,6.4,9,2.498490721375695,0.5423728813559322,27.178795873385297,100.0,1.8,0.3,1.1619647838729017,0.0,6,0.0,0.0,0.0,0.0,0.0,0.0,100.0,1.0,0.0,63.072775240311785,0.8,6.971788703237411,0.0,0.0,0.0,0.0,0.0,0.0
271,random,1,1,101.01475305017067,25.253688262542667,1105570.931964245,184261.82199404083,168.6,14.05,22281.845926489565,1856.8204938741303,12.0,3.4630065948573447,36.666666666666664,7.4,14,3.060561282005119,0.6166666666666667,36.666666666666664,100.0,2.8,0.4666666666666666,1.3581825351808217,0.0,6,0.0,0.0,0.0,0.0,0.0,0.0,100.0,1.0,0.0,100.0,1.0,0.0,0.0,0.4,0.0,20.0,0.4,8.14909521108493
272,random,2,1,240.05100556183538,66.6808348782876,2200452.2686869013,366742.04478115024,129.6,11.368421052631579,20618.72946827569,1808.6604796733063,11.4,4.0948663910449135,30.374877431981986,6.6,11,5.023092723536596,0.5789473684210527,30.374877431981986,100.0,2.2,0.3666666666666667,2.9964906838565635,0.0,6,11.199844185434813,0.2,8.928695644716926,11.049420406457102,0.2,9.050248458422454,60.0,0.8,0.0,100.0,1.0,0.0,0.0,0.0,0.0,0.0,0.0,0.0
273,random,2,2,458.45309749809485,104.19388579502154,1201122.82730391,200187.13788398498,138.2,11.516666666666667,21189.948025242596,1765.8290021035498,12.0,1.4282244194654663,22.03113548596093,5.4,8,1.4017494884938517,0.45,22.03113548596093,100.0,1.5999999999999999,0.26666666666666666,1.7048910419622836,0.0,6,0.0,0.0,0.0,0.0,0.0,0.0,19.6697116066116,0.4,2.2402761364053645,100.0,1.0,0.0,0.0,0.0,0.0,12.517101309153986,0.2,7.989070115368337
274,random,2,2,423.0695751488294,78.3462176201536,218526.16141965863,36421.02690327644,167.0,13.688524590163935,23342.749363155206,1913.3401117340334,12.2,2.8595809842394355,16.666666666666668,6.4,5,2.416090171106087,0.5245901639344263,16.666666666666668,100.0,1.0,0.16666666666666666,0.0,0.0,6,0.0,0.0,0.0,0.0,0.0,0.0,0.0,0.0,0.0,100.0,1.0,0.0,0.0,0.0,0.0,0.0,0.0,0.0
275,random,2,2,340.1349366679558,58.64395459792342,200340.13493666795,33390.02248944466,197.0,16.982758620689655,22690.25512773041,1956.0564765284832,11.6,4.515135688238816,19.145853026401863,6.0,8,3.623482920093024,0.5172413793103449,19.145853026401863,100.0,1.6,0.26666666666666666,2.8621867966371615,0.0,6,11.306708762713242,0.2,8.844306694250012,0.0,0.0,0.0,3.568409395697927,0.4,8.328814085572958,100.0,1.0,0.0,0.0,0.0,0.0,0.0,0.0,0.0
276,random,2,2,288.05810587445353,57.61162117489071,1000288.0581058745,166714.67635097908,227.0,20.636363636363637,20306.42321292206,1846.0384739020055,11.0,4.166144519526755,22.5635852235943,6.2,10,4.592959874363263,0.5636363636363636,22.5635852235943,100.0,2.0,0.3333333333333333,1.7642639846738675,0.0,6,0.0,0.0,0.0,7.428446934545718,0.4,8.713948962278664,27.953064407020065,0.6,1.8716349457645403,100.0,1.0,0.0,0.0,0.0,0.0,0.0,0.0,0.0
277,random,3,2,630.1830953453731,136.99632507508113,47283.51061564266,7880.5851026071105,112.6,11.03921568627451,16455.87845454233,1613.321417111993,10.2,3.4683241577078743,23.43160900490299,5.0,10,4.869307104593962,0.49019607843137253,23.43160900490299,70.17321400733636,2.0,0.3333333333333333,2.309026005565686,0.0,6,0.0,0.0,0.0,0.0,0.0,0.0,0.0,0.0,0.0,60.0,0.8,0.0,10.416440022081588,0.4,8.717787427362053,70.17321400733636,0.8,5.136368606032062
278,random,3,3,192.39193325786692,50.6294561204913,1727152.1866911706,287858.69778186176,113.0,11.53061224489796,17536.609458576113,1789.4499447526646,9.8,2.6093147170184183,16.666666666666668,6.2,5,3.700908639806438,0.6326530612244898,16.666666666666668,100.0,1.0,0.16666666666666666,0.0,0.0,6,0.0,0.0,0.0,0.0,0.0,0.0,0.0,0.0,0.0,0.0,0.0,0.0,0.0,0.0,0.0,100.0,1.0,0.0
279,random,3,3,134.64340474431518,35.43247493271452,2200134.6434047446,366689.1072341241,143.0,14.591836734693878,18330.10207509975,1870.4185790918111,9.8,2.8873813035404305,16.89445324620768,6.2,7,3.469223288475335,0.6326530612244898,16.89445324620768,100.0,1.4,0.2333333333333333,1.3441229395413146,0.0,6,0.0,0.0,0.0,0.0,0.0,0.0,1.366719477246079,0.4,8.064737637247887,0.0,0.0,0.0,0.0,0.0,0.0,100.0,1.0,0.0
280,random,3,3,122.7465008354123,32.301710746161135,2200122.7465008358,366687.124416806,173.0,17.3,18199.392474621272,1819.9392474621272,10.0,3.047436485231086,18.007165065054476,6.4,7,3.261103120474176,0.64,18.007165065054476,100.0,1.4,0.2333333333333333,1.4347653117186079,0.0,6,0.0,0.0,0.0,8.04299039032685,0.4,8.608591870311647,0.0,0.0,0.0,0.0,0.0,0.0,0.0,0.0,0.0,100.0,1.0,0.0
281,random,3,3,552.8540181139648,115.17792044040934,483584.8227660622,80597.47046101037,205.0,16.80327868852459,22211.379748209096,1820.6048973941884,12.2,2.475030016933294,17.59288475526925,7.2,8,2.7140494305318246,0.5901639344262295,17.59288475526925,100.0,1.6,0.26666666666666666,2.8800309620797635,0.0,6,4.563396047524293,0.4,8.507194002810866,0.0,0.0,0.0,0.0,0.0,0.0,0.9939124840911973,0.2,8.772991769667716,0.0,0.0,0.0,100.0,1.0,0.0
282,random,3,3,214.4087798440597,42.88175596881194,1004462.0843606653,167410.34739344422,240.2,19.688524590163933,21628.30747667302,1772.8120882518867,12.2,3.457356789865624,16.666666666666668,7.4,6,3.659934225571163,0.6065573770491803,16.666666666666668,100.0,1.2,0.19999999999999998,0.0,0.0,6,0.0,0.0,0.0,0.0,0.0,0.0,0.0,0.0,0.0,0.0,0.2,0.0,0.0,0.0,0.0,100.0,1.0,0.0
283,random,3,3,499.52121441053686,96.06177200202632,219508.09504161385,36584.68250693564,279.0,20.82089552238806,23244.44957323868,1734.6604159133344,13.4,2.8403561253342255,18.473190570981995,8.2,6,2.963488073997624,0.6119402985074627,18.473190570981995,100.0,1.2,0.19999999999999998,1.537636878838067,0.0,6,0.0,0.0,0.0,0.0,0.0,0.0,0.0,0.0,0.0,10.839143425891962,0.2,9.225821273028401,0.0,0.0,0.0,100.0,1.0,0.0
284,random,1,3,519.4859830463188,103.89719660926376,676605.4750405079,112767.57917341798,44.6,3.7796610169491527,21590.06044506182,1829.6661394120185,11.8,2.003672316025074,18.228636338580298,3.6,9,2.38391495016688,0.3050847457627119,18.228636338580298,60.0,1.8,0.3,2.1107745907884508,0.0,6,10.670870371873207,0.4,8.526652564760298,0.0,0.0,0.0,0.0,0.0,0.0,0.0,0.0,0.0,38.70094765960857,0.6,4.137994979970408,60.0,0.8,0.0
285,random,1,1,310.2812449728577,70.51846476655855,1008147.8692959972,168024.6448826662,23.2,2.36734693877551,20251.691916970496,2066.499175201071,9.8,2.749362798499348,4.7250614480632676,2.6,5,2.705510643991257,0.2653061224489796,4.7250614480632676,26.433779204458006,1.0,0.16666666666666666,1.7555137643767666,0.0,6,1.916589483921598,0.4,8.749484557379036,0.0,0.0,0.0,0.0,0.0,0.0,0.0,0.0,0.0,0.0,0.0,0.0,26.433779204458006,0.6,1.783598028881564
286,random,1,1,214.67212367448792,48.78911901692907,1221448.2897711587,203574.71496185978,38.0,4.75,15180.960076632857,1897.620009579107,8.0,3.0389914049969535,2.1189444359652043,3.4,1,3.118802352624251,0.425,2.1189444359652043,12.713666615791226,0.2,0.03333333333333333,1.3109252562880287,0.0,6,0.0,0.0,0.0,0.0,0.0,0.0,12.713666615791226,0.2,7.865551537728172,0.0,0.0,0.0,0.0,0.0,0.0,0.0,0.0,0.0
287,random,1,1,531.1215215770773,98.35583732908837,400954.7904275566,66825.79840459277,47.0,5.222222222222222,17644.191141491556,1960.4656823879507,9.0,3.898284166173578,2.3557376714408442,3.4,3,3.7009321334105314,0.37777777777777777,2.3557376714408442,11.422071014808353,0.6000000000000001,0.10000000000000002,2.8671140929064465,0.0,6,0.0,0.0,0.0,0.0,0.0,0.0,0.0,0.0,0.0,0.0,0.0,0.0,2.7123550138367136,0.4,8.447704845760018,11.422071014808353,0.2,8.75497971167866
288,random,1,1,165.25667941147765,27.54277990191294,165.25667941147765,27.54277990191294,58.0,8.055555555555555,15255.741297083567,2118.852957928273,7.2,6.83089125136762,0.0,3.0,0,4.99338180370673,0.4166666666666667,0.0,0.0,0.0,0.0,0.0,0.0,6,0.0,0.0,0.0,0.0,0.0,0.0,0.0,0.0,0.0,0.0,0.0,0.0,0.0,0.0,0.0,0.0,0.0,0.0
289,random,1,1,102.58018800095913,18.317890714456986,5082.159413597648,847.0265689329414,73.6,11.151515151515152,12980.820233009623,1966.7909443953974,6.6,8.13778438936841,2.8348445301965817,3.4,4,5.204318627902108,0.5151515151515151,2.8348445301965817,10.74756689784408,0.8,0.13333333333333333,2.9845125515479594,0.0,6,10.74756689784408,0.4,8.852990659046919,0.0,0.0,0.0,0.0,0.0,0.0,6.261500283335408,0.4,9.054084650240839,0.0,0.0,0.0,0.0,0.0,0.0
290,random,3,1,485.938010003783,83.78241551789363,200485.93801000383,33414.323001667304,3.8,0.5757575757575758,10721.93583512091,1624.5357325940772,6.6,6.218521425052692,13.412071694546436,1.2,7,5.993788475175719,0.18181818181818182,13.412071694546436,80.42398789375511,1.4,0.2333333333333333,2.7844342921987013,0.0,6,0.0,0.0,0.0,0.04844227352350572,0.4,8.614976822678003,80.42398789375511,1.0,8.091628930514203,0.0,0.0,0.0,0.0,0.0,0.0,0.0,0.0,0.0
291,random,3,3,276.7485773223972,47.71527195213745,200276.7485773224,33379.4580962204,3.0,0.39473684210526316,15432.819949985647,2030.63420394548,7.6,4.4229030057575835,0.0,1.6,1,4.847845919460326,0.21052631578947367,0.0,0.0,0.2,0.03333333333333333,0.0,0.0,6,0.0,0.0,0.0,0.0,0.0,0.0,0.0,0.2,0.0,0.0,0.0,0.0,0.0,0.0,0.0,0.0,0.0,0.0
292,random,3,3,114.96827717906947,19.16137952984491,114.96827717906947,19.16137952984491,8.0,1.25,14661.400652176128,2290.84385190252,6.4,6.057545550623039,2.1161603081069793,1.0,1,3.723241947558973,0.15625,2.1161603081069793,12.696961848641877,0.2,0.03333333333333333,1.312649976060959,0.0,6,0.0,0.0,0.0,12.696961848641877,0.2,7.875899856365753,0.0,0.0,0.0,0.0,0.0,0.0,0.0,0.0,0.0,0.0,0.0,0.0
293,random,3,3,262.1950428121189,48.55463755779979,12500.005035293469,2083.3341725489113,14.2,2.3666666666666667,13301.205268355649,2216.8675447259416,6.0,7.444121872572087,1.7470640540333686,1.8,1,4.459609981891586,0.3,1.7470640540333686,10.482384324200211,0.2,0.03333333333333333,1.5899690520017549,0.0,6,10.482384324200211,0.2,9.53981431201053,0.0,0.0,0.0,0.0,0.0,0.0,0.0,0.0,0.0,0.0,0.0,0.0,0.0,0.0,0.0
294,random,3,3,450.8147782800405,86.69514966923856,499381.4425792385,83230.24042987308,24.2,3.78125,9965.352161968365,1557.0862753075571,6.4,6.878115894197138,3.384183892389956,2.4,6,5.682085891243854,0.375,3.384183892389956,10.99931863875554,1.2000000000000002,0.20000000000000004,4.36267813295126,0.0,6,0.0,0.0,0.0,0.0,0.0,0.0,10.99931863875554,0.4,8.514703983534128,2.2604339091640213,0.4,8.844878207426518,7.045350806420174,0.4,8.816486606746912,0.0,0.0,0.0
295,random,3,3,399.1682381882705,99.79205954706762,890452.6406627912,148408.77344379853,43.0,4.886363636363637,15528.68493930714,1764.6232885576296,8.8,2.6188004939695686,0.0,5.4,0,4.52064693698885,0.6136363636363636,0.0,0.0,0.0,0.0,0.0,0.0,6,0.0,0.0,0.0,0.0,0.0,0.0,0.0,0.0,0.0,0.0,0.0,0.0,0.0,0.0,0.0,0.0,0.0,0.0
296,random,1,3,402.2919203715876,69.3606759261358,200402.29192037162,33400.3819867286,18.8,2.0,19804.816019150214,2106.895321186193,9.4,3.038437251322884,1.3478693214976072,2.4,2,2.5762368120061216,0.2553191489361702,1.3478693214976072,8.087215928985643,0.4,0.06666666666666667,1.47240215606677,0.0,6,0.0,0.0,0.0,0.0,0.0,0.0,0.0,0.0,0.0,0.0,0.0,0.0,8.087215928985643,0.4,8.83441293640062,0.0,0.0,0.0
297,random,1,1,312.2054534902851,60.039510286593284,203625.30506395438,33937.550843992394,27.2,3.238095238095238,17698.92970197817,2107.015440711687,8.4,4.589073362478255,1.216230580244731,2.8,2,4.048741958671734,0.3333333333333333,1.216230580244731,7.297383481468387,0.4,0.06666666666666667,1.4559411957549553,0.0,6,7.297383481468387,0.4,8.735647174529731,0.0,0.0,0.0,0.0,0.0,0.0,0.0,0.0,0.0,0.0,0.0,0.0,0.0,0.0,0.0
298,random,1,1,234.2313480961635,39.038558016027245,234.2313480961635,39.038558016027245,36.0,5.0,15522.439126256955,2155.8943230912437,7.2,6.333207785391084,4.310299249858265,2.2,5,4.636046384244529,0.3055555555555556,4.310299249858265,11.450392016640762,1.0,0.16666666666666666,5.851447167557708,0.0,6,11.059907398089308,0.2,9.04166702311412,0.0,0.0,0.0,0.1844442044648531,0.2,8.315315457712861,11.450392016640762,0.2,8.733325449003912,0.0,0.0,0.0,3.16705187995467,0.4,9.01837507551536
299,random,1,1,217.16278183339242,41.76207342949854,422281.21097463585,70380.20182910598,49.2,8.2,10054.92700361484,1675.8211672691398,6.0,8.228332460296627,0.0,3.4,1,5.970466740377675,0.5666666666666667,0.0,0.0,0.2,0.03333333333333333,0.0,0.0,6,0.0,0.0,0.0,0.0,0.0,0.0,0.0,0.2,0.0,0.0,0.0,0.0,0.0,0.0,0.0,0.0,0.0,0.0
300,random,1,1,81.06141693614858,16.212283387229714,1054789.3401619033,175798.2233603172,69.0,11.89655172413793,10849.151771218607,1870.543408830794,5.8,8.910493892969665,1.7678984765264734,4.0,1,5.92463785177746,0.6896551724137931,1.7678984765264734,10.60739085915884,0.2,0.03333333333333333,1.5712315015031246,0.0,6,0.0,0.0,0.0,0.0,0.0,0.0,0.0,0.0,0.0,0.0,0.0,0.0,10.60739085915884,0.2,9.427389009018748,0.0,0.0,0.0
301,random,1,1,190.97938880659552,43.404406546953524,1600190.9793888063,266698.496564801,89.0,12.714285714285714,11614.219057538368,1659.1741510769098,7.0,5.291847049834948,4.320460367382566,4.6,2,6.133410894156112,0.6571428571428571,4.320460367382566,25.922762204295395,0.4,0.06666666666666667,1.0279002351214186,0.0,6,0.0,0.0,0.0,0.0,0.0,0.0,25.922762204295395,0.4,6.167401410728512,0.0,0.0,0.0,0.0,0.0,0.0,0.0,0.0,0.0
302,random,2,1,386.6979238546882,64.44965397578137,386.6979238546882,64.44965397578137,6.0,0.9375,13402.756452426014,2094.180695691565,6.4,4.411973556131448,10.0,0.6,4,4.483127170456309,0.09375,10.0,60.0,0.8,0.13333333333333333,0.0,0.0,6,0.0,0.0,0.0,0.0,0.0,0.0,60.0,0.8,0.0,0.0,0.0,0.0,0.0,0.0,0.0,0.0,0.0,0.0
303,random,2,2,251.2394071000803,41.87323451668005,251.2394071000803,41.87323451668005,2.0,0.29411764705882354,14834.005314150727,2181.471369728048,6.8,6.011778904262527,0.0,1.2,0,4.3178566329534185,0.17647058823529413,0.0,0.0,0.0,0.0,0.0,0.0,6,0.0,0.0,0.0,0.0,0.0,0.0,0.0,0.0,0.0,0.0,0.0,0.0,0.0,0.0,0.0,0.0,0.0,0.0
304,random,2,2,166.60334604124992,28.724714834698265,200166.60334604126,33361.10055767354,7.0,1.1666666666666667,13755.167786305883,2292.527964384314,6.0,6.95735725862493,3.729567509781191,1.4,5,4.878036288674073,0.23333333333333334,3.729567509781191,10.851099936166975,1.0,0.16666666666666666,4.440029904789279,0.0,6,5.845975202810223,0.4,8.76453292975202,10.851099936166975,0.2,9.21565560987026,0.0,0.0,0.0,0.0,0.0,0.0,5.680329919709948,0.4,8.659990889113395,0.0,0.0,0.0
305,random,2,2,194.48563881711993,34.72957836019999,400194.48563881713,66699.08093980285,13.2,1.8857142857142857,14482.567337555854,2068.9381910794077,7.0,5.085340292007232,0.005049644303956787,2.0,1,4.527725419819763,0.2857142857142857,0.005049644303956787,0.03029786582374072,0.2,0.03333333333333333,1.4314556222874668,0.0,6,0.0,0.0,0.0,0.0,0.0,0.0,0.0,0.0,0.0,0.03029786582374072,0.2,8.588733733724801,0.0,0.0,0.0,0.0,0.0,0.0
306,random,2,2,152.90338018506583,29.404496189435736,800152.903380185,133358.81723003084,23.0,2.875,16058.020562217707,2007.2525702772134,8.0,3.228435293360596,1.7470928159771877,2.2,2,2.1038105943262653,0.275,1.7470928159771877,10.482556895863127,0.4,0.06666666666666667,1.5899428767464225,0.0,6,0.0,0.0,0.0,0.0,0.0,0.0,10.482556895863127,0.2,9.539657260478535,0.0,0.2,0.0,0.0,0.0,0.0,0.0,0.0,0.0
307,random,3,2,132.60960201947273,22.101600336578787,132.60960201947273,22.101600336578787,11.0,1.8333333333333333,13825.414996915692,2304.2358328192818,6.0,7.648541573796474,2.9848569751068985,1.0,4,4.431668434381822,0.16666666666666666,2.9848569751068985,9.777163511839717,0.8,0.13333333333333333,2.9064492956890415,0.0,6,8.131978338801673,0.4,8.875185300782324,0.0,0.0,0.0,0.0,0.0,0.0,0.0,0.0,0.0,9.777163511839717,0.4,8.563510473351926,0.0,0.0,0.0
308,random,3,3,292.7724782696335,60.99426630617365,684980.8684511224,114163.47807518707,18.0,3.103448275862069,11620.964393307448,2003.6145505702495,5.8,6.345518282538493,2.350547937301902,2.2,4,5.0892110646022966,0.3793103448275862,2.350547937301902,9.529084728742419,0.8,0.13333333333333333,2.9433584284037355,0.0,6,9.529084728742419,0.4,8.981960010807963,0.0,0.0,0.0,0.0,0.0,0.0,0.0,0.0,0.0,0.0,0.0,0.0,4.574202895068993,0.4,8.67819055961445
309,random,3,3,175.09570421347684,46.07781689828338,1438300.9674133465,239716.8279022244,31.0,4.84375,11743.893230596515,1834.9833172807055,6.4,3.0177953768695263,1.8767921947399675,3.2,1,4.297575316665878,0.5,1.8767921947399675,11.260753168439805,0.2,0.03333333333333333,1.480066778603927,0.0,6,0.0,0.0,0.0,0.0,0.0,0.0,11.260753168439805,0.2,8.880400671623562,0.0,0.0,0.0,0.0,0.0,0.0,0.0,0.0,0.0
310,random,3,3,226.35985588863582,49.20866432361649,1529229.2275245017,254871.5379207503,46.0,5.75,15977.914162584053,1997.2392703230066,8.0,2.8620200312324267,0.0,3.4,0,2.415933188809971,0.425,0.0,0.0,0.0,0.0,0.0,0.0,6,0.0,0.0,0.0,0.0,0.0,0.0,0.0,0.0,0.0,0.0,0.0,0.0,0.0,0.0,0.0,0.0,0.0,0.0
311,random,3,3,105.97040691492694,21.194081382985388,1000105.9704069148,166684.32840115248,61.0,7.625,16631.13559489447,2078.8919493618087,8.0,4.742753560329661,2.2166721519412627,3.0,3,3.13021599400484,0.375,2.2166721519412627,11.459337811797923,0.6000000000000001,0.10000000000000002,2.883824776547236,0.0,6,1.840695099849654,0.4,8.5764409288764,0.0,0.0,0.0,0.0,0.0,0.0,11.459337811797923,0.2,8.726507730407016,0.0,0.0,0.0,0.0,0.0,0.0
312,random,3,3,281.05947144994514,61.099885097814166,594034.676918712,99005.779486452,79.2,9.658536585365853,15358.40918877929,1872.9767303389376,8.2,4.748803834671639,1.8111573799713672,4.4,2,4.771229391772552,0.5365853658536586,1.8111573799713672,10.7260121326226,0.4,0.06666666666666667,3.0130643792144816,0.0,6,0.0,0.0,0.0,10.7260121326226,0.2,9.323129487785613,0.0,0.0,0.0,0.0,0.0,0.0,0.0,0.0,0.0,0.14093214720560354,0.2,8.755256787501276
313,random,2,3,226.50551443434998,51.478526007806806,1021152.7696726087,170192.12827876813,99.6,12.76923076923077,13121.299048639054,1682.2178267485967,7.8,5.346543056274661,1.737652426703183,5.0,2,6.075891825303204,0.6410256410256411,1.737652426703183,10.425914560219098,0.4,0.06666666666666667,1.5985807835275816,0.0,6,0.0,0.0,0.0,0.0,0.0,0.0,10.425914560219098,0.2,9.59148470116549,0.0,0.0,0.0,0.0,0.0,0.0,0.0,0.2,0.0
314,random,2,2,248.41232439936365,51.752567583200765,1012969.7712071773,168828.29520119622,124.0,12.916666666666666,17553.79860792611,1828.5206883256362,9.6,2.3713235383291407,0.7483672128175082,5.2,1,3.2488599562341753,0.5416666666666666,0.7483672128175082,4.490203276905049,0.2,0.03333333333333333,1.07430507234928,0.0,6,0.0,0.0,0.0,0.0,0.0,0.0,0.0,0.0,0.0,0.0,0.0,0.0,4.490203276905049,0.2,6.44583043409568,0.0,0.0,0.0
315,random,2,2,125.30396355716348,29.834277037419877,1023411.479345567,170568.57989092782,151.0,15.1,18227.976204556406,1822.7976204556408,10.0,2.696879792438402,16.666666666666668,5.8,5,2.1921098618578916,0.58,16.666666666666668,100.0,1.0,0.16666666666666666,0.0,0.0,6,0.0,0.0,0.0,0.0,0.0,0.0,0.0,0.0,0.0,0.0,0.0,0.0,100.0,1.0,0.0,0.0,0.0,0.0
316,random,2,2,350.73426001096493,73.06963750228437,1036380.6211727321,172730.1035287887,181.0,16.454545454545453,20635.146373196345,1875.922397563304,11.0,4.1845099034546935,20.43639043268892,6.2,10,3.3724714254325456,0.5636363636363636,20.43639043268892,100.0,2.0,0.3333333333333333,4.337121645951077,0.0,6,11.079811973850155,0.2,9.025423918385387,0.0,0.0,0.0,3.0198573572670284,0.4,8.622454159148036,8.518673265016332,0.4,8.37485179817304,100.0,1.0,0.0,0.0,0.0,0.0
317,random,2,2,507.50200983725125,115.34136587210254,279659.7572436576,46609.9595406096,214.2,19.472727272727273,18732.63193200641,1702.96653927331,11.0,4.147183810862923,18.473933003275153,7.6,6,5.393507775859046,0.6909090909090909,18.473933003275153,100.0,1.2,0.19999999999999998,1.5370052114125856,0.0,6,0.0,0.0,0.0,10.843598019650926,0.2,9.222031268475513,0.0,0.0,0.0,0.0,0.0,0.0,100.0,1.0,0.0,0.0,0.0,0.0
318,random,1,2,352.8371515965115,76.7037286079373,1358244.5330673915,226374.08884456524,66.8,6.68,18890.383007229848,1889.0383007229848,10.0,4.652209243145568,10.0,4.4,4,5.703736805758858,0.44,10.0,60.0,0.8,0.13333333333333333,0.0,0.0,6,0.0,0.0,0.0,0.0,0.0,0.0,0.0,0.0,0.0,0.0,0.0,0.0,60.0,0.8,0.0,0.0,0.0,0.0
319,random,1,1,294.08901399709345,50.70500241329197,200294.0890139971,33382.34816899952,61.0,6.354166666666667,18637.846572970808,1941.4423513511258,9.6,3.426081640506099,1.7058325744771234,3.2,3,3.4849019406874175,0.3333333333333333,1.7058325744771234,10.23499544686274,0.6,0.09999999999999999,1.4194629540242623,0.0,6,0.0,0.0,0.0,0.0,0.0,0.0,0.0,0.0,0.0,0.0,0.0,0.0,0.0,0.0,0.0,10.23499544686274,0.6,8.516777724145573
320,random,1,1,199.3464594199126,33.224409903318765,199.3464594199126,33.224409903318765,76.0,9.268292682926829,16155.707500179207,1970.2082317291718,8.2,5.200744467680979,0.0,3.2,1,4.2185452683785645,0.3902439024390244,0.0,0.0,0.2,0.03333333333333333,0.0,0.0,6,0.0,0.0,0.0,0.0,0.0,0.0,0.0,0.0,0.0,0.0,0.0,0.0,0.0,0.0,0.0,0.0,0.2,0.0
321,random,1,1,341.4417816550674,58.869272699149555,682.3216850451133,113.72028084085223,91.0,11.375,15013.983559723787,1876.7479449654734,8.0,6.113213225525158,11.028488925079879,3.0,7,4.339003615054713,0.375,11.028488925079879,48.16930452490851,1.4,0.2333333333333333,3.9158077590259768,0.0,6,0.0,0.0,0.0,10.61051373463215,0.4,8.782691630721093,48.16930452490851,0.6,5.895372713133158,7.391115290938615,0.4,8.816782210301609,0.0,0.0,0.0,0.0,0.0,0.0
322,random,1,1,336.3027156400472,73.10928600870592,498631.4683622204,83105.24472703673,112.0,13.333333333333334,15418.38914627758,1835.5225174139975,8.4,6.5470810531583234,17.92983409557034,5.6,7,6.105325901173528,0.6666666666666666,17.92983409557034,100.0,1.4,0.2333333333333333,1.4753438386290025,0.0,6,7.579004573422026,0.4,8.852063031774016,0.0,0.0,0.0,100.0,1.0,0.0,0.0,0.0,0.0,0.0,0.0,0.0,0.0,0.0,0.0
323,random,1,1,169.91210379468137,33.98242075893627,1000169.9121037947,166694.98535063246,137.2,14.91304347826087,16092.13375498125,1749.1449733675272,9.2,5.892402340161921,18.429377057223064,5.4,6,5.8424348867938285,0.5869565217391305,18.429377057223064,100.0,1.2,0.19999999999999998,1.5758560184699288,0.0,6,0.0,0.0,0.0,0.0,0.0,0.0,100.0,1.0,0.0,0.0,0.0,0.0,10.576262343338385,0.2,9.455136110819574,0.0,0.0,0.0
324,random,0,1,226.47251423327657,39.04698521263389,200226.47251423332,33371.07875237222,91.6,9.74468085106383,18263.60414990898,1942.9366116924446,9.4,6.198112326509706,10.316705156743259,3.8,5,5.5133872559447905,0.40425531914893614,10.316705156743259,60.0,1.0,0.16666666666666666,1.174618704761063,0.0,6,0.0,0.0,0.0,0.0,0.0,0.0,60.0,0.8,0.0,1.9002309404595508,0.2,7.047712228566378,0.0,0.0,0.0,0.0,0.0,0.0
325,random,0,0,256.53556882508485,42.75592813751414,256.53556882508485,42.75592813751414,96.2,10.931818181818182,16557.53703991581,1881.538299990433,8.8,7.221274727476812,20.10439587216979,3.6,8,5.393062183667428,0.4090909090909091,20.10439587216979,100.0,1.6,0.26666666666666666,2.975847742333631,0.0,6,10.97556497273672,0.2,9.111148286981106,0.0,0.0,0.0,0.0,0.0,0.0,100.0,1.0,0.0,9.650810260282014,0.4,8.743938167020678,0.0,0.0,0.0
326,random,0,0,146.57388134298844,40.71496703971901,1602638.5856379806,267106.43093966343,113.8,12.644444444444444,16737.102908610577,1859.6781009567308,9.0,3.9841743112232786,10.895296868293372,4.8,6,5.129873050093335,0.5333333333333333,10.895296868293372,40.0,1.4,0.2333333333333333,1.3853359215972976,0.0,6,5.371781209760229,0.2,8.3118523709476,0.0,0.0,0.0,40.0,0.6,0.00016315863618597797,20.0,0.6,0.0,0.0,0.0,0.0,0.0,0.0,0.0
327,random,0,0,103.3836739262774,25.84591848156935,2000103.3836739261,333350.5639456544,132.2,14.369565217391305,17761.672472544557,1930.616573102669,9.2,3.83267337700629,1.7684561359048228,4.2,2,4.483494618993754,0.45652173913043476,1.7684561359048228,10.610736815428936,0.4,0.06666666666666667,1.4730792129567511,0.0,6,0.0,0.2,0.0,0.0,0.0,0.0,10.610736815428936,0.2,8.838475277740507,0.0,0.0,0.0,0.0,0.0,0.0,0.0,0.0,0.0
328,random,0,0,79.33519008926285,19.833797522315713,2000079.335190089,333346.55586501485,156.6,15.979591836734693,17456.634954142814,1781.2892810349808,9.8,4.39310603811721,0.6818221157792929,5.6,2,4.748570558187971,0.5714285714285714,0.6818221157792929,4.090932694675757,0.4,0.06666666666666667,1.1410951998590284,0.0,6,0.0,0.0,0.0,0.0,0.0,0.0,4.090932694675757,0.4,6.8465711991541705,0.0,0.0,0.0,0.0,0.0,0.0,0.0,0.0,0.0
329,random,1,0,230.81034600208272,54.95484428621017,1087732.004657401,181288.66744290016,145.0,16.477272727272727,16363.625822792039,1859.5029344081863,8.8,5.071181791108696,19.664356058979894,5.0,8,5.373646101833367,0.5681818181818182,19.664356058979894,100.0,1.6,0.26666666666666666,2.9871053305763358,0.0,6,11.40479930442325,0.2,8.768238469677927,0.0,0.0,0.0,100.0,1.0,0.0,0.0,0.0,0.0,0.0,0.0,0.0,6.581337049456124,0.4,9.154393513780088
330,random,1,1,527.5275311889479,109.9015689976975,1396090.0715468724,232681.6785911454,167.0,19.41860465116279,14881.435470554245,1730.399473320261,8.6,5.83179072391137,16.666666666666668,5.8,5,6.069296267916237,0.6744186046511628,16.666666666666668,100.0,1.0,0.16666666666666666,0.0,0.0,6,0.0,0.0,0.0,0.0,0.0,0.0,100.0,1.0,0.0,0.0,0.0,0.0,0.0,0.0,0.0,0.0,0.0,0.0
331,random,1,1,312.08353720411037,53.80750641450179,200312.08353720413,33385.34725620069,192.0,19.2,19126.020304245278,1912.6020304245278,10.0,4.323229352984732,18.054579259010097,5.2,7,4.754024332724515,0.52,18.054579259010097,100.0,1.4,0.2333333333333333,1.3111987195288137,0.0,6,8.327475554060584,0.4,7.867192317172883,0.0,0.0,0.0,100.0,1.0,0.0,0.0,0.0,0.0,0.0,0.0,0.0,0.0,0.0,0.0
332,random,1,1,193.45940346535883,37.20373143564593,800193.4594034653,133365.57656724422,217.0,19.727272727272727,22266.302160371524,2024.2092873065023,11.0,3.0790048497115468,16.666666666666668,5.2,5,2.1541737054323638,0.4727272727272727,16.666666666666668,100.0,1.0,0.16666666666666666,0.0,0.0,6,0.0,0.0,0.0,0.0,0.0,0.0,100.0,1.0,0.0,0.0,0.0,0.0,0.0,0.0,0.0,0.0,0.0,0.0
333,random,1,1,323.98244502450524,64.79648900490105,602975.324796154,100495.88746602567,244.6,21.086206896551722,20941.789678051508,1805.3266963837507,11.6,4.517246987976353,33.69792386319432,6.4,14,3.3010948400189433,0.5517241379310345,33.69792386319432,100.0,2.8,0.4666666666666666,3.5892632735061127,0.0,6,0.0,0.0,0.0,0.0,0.0,0.0,100.0,1.0,0.0,97.33167414413856,1.0,4.49571512896939,1.701806584901533,0.4,8.479568196088076,3.1540624501258208,0.4,8.560296315979212
334,random,3,1,529.2507546907462,101.77899128668197,53221.355133239995,8870.225855539999,34.6,3.5306122448979593,18339.51368472783,1871.3789474212072,9.8,5.207587080061989,25.20380638068673,2.8,10,4.960915665863682,0.2857142857142857,25.20380638068673,80.0,2.0,0.3333333333333333,1.4850669897158706,0.0,6,0.0,0.0,0.0,11.222838284120371,0.2,8.910401938295223,80.0,1.0,0.0,60.0,0.8,0.0,0.0,0.0,0.0,0.0,0.0,0.0
335,random,3,3,179.90301707471076,42.83405168445494,1149944.680037982,191657.446672997,8.2,1.0789473684210527,15330.523464042199,2017.1741400055525,7.6,5.227324858357901,9.24693919996495,1.8,5,5.402965995998608,0.23684210526315788,9.24693919996495,43.918749313861554,1.0,0.16666666666666666,1.717184927057276,0.0,6,11.562885885928154,0.2,8.648360018989584,0.0,0.0,0.0,0.0,0.0,0.0,43.918749313861554,0.8,1.654749543354074,0.0,0.0,0.0,0.0,0.0,0.0
336,random,3,3,206.67965747530988,51.66991436882747,1750050.3893461556,291675.06489102595,18.0,3.0,12007.2720799529,2001.2120133254832,6.0,4.623713653903124,0.3858548672519646,2.6,2,5.154588064718986,0.43333333333333335,0.3858548672519646,2.3151292035117876,0.4,0.06666666666666667,1.4598214932562161,0.0,6,0.0,0.0,0.0,0.0,0.0,0.0,2.3151292035117876,0.4,8.758928959537297,0.0,0.0,0.0,0.0,0.0,0.0,0.0,0.0,0.0
337,random,3,3,399.71612750781685,68.91657370824429,200399.71612750777,33399.95268791796,28.0,3.5,16563.890258184936,2070.486282273117,8.0,2.847323409419818,1.9402449194997946,2.2,1,2.6575812685718696,0.275,1.9402449194997946,11.641469516998768,0.2,0.03333333333333333,1.4316634718950345,0.0,6,0.0,0.0,0.0,0.0,0.0,0.0,0.0,0.0,0.0,11.641469516998768,0.2,8.589980831370207,0.0,0.0,0.0,0.0,0.0,0.0
338,random,3,3,133.49234890834848,25.671605559297785,600418.124597043,100069.68743284051,40.0,5.0,16412.616243138556,2051.5770303923196,8.0,3.661857435341676,0.029480604049088772,2.8,1,2.239814499058824,0.35,0.029480604049088772,0.17688362429453264,0.2,0.03333333333333333,1.4107103207924714,0.0,6,0.0,0.0,0.0,0.0,0.0,0.0,0.0,0.0,0.0,0.0,0.0,0.0,0.0,0.0,0.0,0.17688362429453264,0.2,8.464261924754828
339,random,3,3,88.54164015978893,19.248182643432376,1000906.6894415917,166817.78157359862,55.6,6.95,15600.323912218553,1950.0404890273192,8.0,4.229060713596104,1.8145514369621196,3.4,5,2.9376571189431853,0.425,1.8145514369621196,9.549727493049431,1.0,0.16666666666666666,4.271273108416548,0.0,6,1.1202242307308552,0.2,8.338248209189624,9.549727493049431,0.2,8.618794463481755,0.0,0.0,0.0,0.0,0.0,0.0,0.2173568979924312,0.4,8.670595977827908,0.0,0.2,0.0
