step,control_mode,phase,prev_phase,TotalTravelTime,AvgTravelTime,TotalTravelTime_Raw,AvgTravelTime_Raw,TotalWaitingTime,AvgWaitingTime,TotalCO2,AvgCO2,VehCount,AvgSpeed,AvgOccupancy,QueueLength,Throughput,SpeedStd,HaltRatio,det_occ_mean,det_occ_max,det_veh_sum,det_veh_mean,det_speed_mean,det_speed_min,n_detectors,d0_occ,d0_veh,d0_speed,d1_occ,d1_veh,d1_speed,d2_occ,d2_veh,d2_speed,d3_occ,d3_veh,d3_speed,d4_occ,d4_veh,d4_speed,d5_occ,d5_veh,d5_speed,d6_occ,d6_veh,d6_speed,d7_occ,d7_veh,d7_speed,d8_occ,d8_veh,d8_speed
0,actuated,0,0,273.2374800084596,35.03044615493072,602995.2649103224,66999.4738789247,4.6,0.5476190476190477,16402.96047095192,1952.733389399038,8.4,6.013212518323276,2.097194385231818,2.2,5,5.148963653952036,0.2619047619047619,2.097194385231818,10.816289312408287,1.0,0.1111111111111111,1.9576664611335066,0.0,9,0.0,0.0,0.0,0.0,0.0,0.0,0.0,0.0,0.0,8.058460154678073,0.4,8.373683318868277,10.816289312408287,0.2,9.245314831333282,0.0,0.0,0.0,0.0,0.2,0.0,0.0,0.0,0.0,0.0,0.2,0.0
1,actuated,0,0,313.896526605783,40.24314443663884,288702.00048654416,32078.000054060463,17.0,1.7,21474.52266612119,2147.452266612119,10.0,5.404168735963664,0.18685231392488,3.2,2,5.089059332305196,0.32,0.18685231392488,1.6816708253239199,0.4,0.044444444444444446,0.9476870937376387,0.0,9,1.6816708253239199,0.4,8.529183843638748,0.0,0.0,0.0,0.0,0.0,0.0,0.0,0.0,0.0,0.0,0.0,0.0,0.0,0.0,0.0,0.0,0.0,0.0,0.0,0.0,0.0,0.0,0.0,0.0
2,actuated,0,0,128.82699002711553,16.10337375338944,1000128.8269900273,111125.42522111414,32.0,3.2653061224489797,21466.39272715653,2190.448237464952,9.8,7.880453831181878,2.138791421295549,3.4,3,5.37300337582587,0.3469387755102041,2.138791421295549,11.59116611076115,0.6000000000000001,0.06666666666666668,1.918480973049382,0.0,9,0.0,0.0,0.0,7.657956680898792,0.4,8.639069080166518,0.0,0.0,0.0,0.0,0.0,0.0,0.0,0.0,0.0,11.59116611076115,0.2,8.62725967727792,0.0,0.0,0.0,0.0,0.0,0.0,0.0,0.0,0.0
3,actuated,0,0,355.79395232700307,41.371389805465476,400355.7939523268,44483.97710581409,47.6,4.490566037735849,21324.02435297664,2011.7004106581737,10.6,6.981834437687765,2.387575394488345,4.0,6,5.676677557500327,0.37735849056603776,2.387575394488345,11.407859483493326,1.2000000000000002,0.13333333333333336,2.800209617707256,0.0,9,0.0,0.0,0.0,9.154126416737256,0.4,8.472095865942537,0.0,0.0,0.0,0.0,0.0,0.0,0.9261926501645235,0.2,8.275154294352978,0.0,0.0,0.0,11.407859483493326,0.6,8.454636399069795,0.0,0.0,0.0,0.0,0.0,0.0
4,actuated,0,0,277.5487753342087,33.84741162612301,205349.0895879314,22816.565509770156,68.8,5.931034482758621,20495.265113823545,1766.833199467547,11.6,5.4148620182306155,0.0,5.2,1,5.289645999382535,0.4482758620689655,0.0,0.0,0.2,0.022222222222222223,0.0,0.0,9,0.0,0.0,0.0,0.0,0.0,0.0,0.0,0.0,0.0,0.0,0.0,0.0,0.0,0.2,0.0,0.0,0.0,0.0,0.0,0.0,0.0,0.0,0.0,0.0,0.0,0.0,0.0
5,actuated,0,0,272.882554452576,35.90559927007579,897366.9568477299,99707.43964974776,98.6,7.951612903225806,23436.907712216947,1890.073202598141,12.4,5.577103436796197,9.367853371964575,6.6,7,4.9787866823753255,0.532258064516129,9.367853371964575,80.87249824057636,1.4,0.15555555555555556,1.807886470596817,0.0,9,0.0,0.0,0.0,0.0,0.0,0.0,0.0,0.0,0.0,3.438182107104808,0.4,8.44396382039413,0.0,0.0,0.0,80.87249824057636,1.0,7.827014414977221,0.0,0.0,0.0,0.0,0.0,0.0,0.0,0.0,0.0
6,actuated,2,0,402.14319355093596,50.267899193866995,602180.8036515391,66908.97818350435,17.2,1.2285714285714286,25277.458289309354,1805.5327349506683,14.0,4.3136305474125125,9.234157714197472,3.0,9,4.5092856672194905,0.21428571428571427,9.234157714197472,60.0,1.8,0.20000000000000004,2.746938569059919,0.0,9,11.583029317763476,0.2,8.633320114854776,0.0,0.0,0.0,9.253651513557202,0.4,8.332323037181048,0.0,0.0,0.0,2.2707385964565674,0.4,7.756803969503445,60.0,0.8,0.0,0.0,0.0,0.0,0.0,0.0,0.0,0.0,0.0,0.0
7,actuated,2,2,202.2389287680558,25.928067790776385,952653.9960720576,105850.44400800641,23.0,2.0535714285714284,22933.25987243606,2047.6124886103626,11.2,5.256823614783514,0.12815494138825065,3.0,2,4.89852475598102,0.26785714285714285,0.12815494138825065,1.1533944724942558,0.4,0.044444444444444446,0.9639579646289348,0.0,9,0.0,0.0,0.0,0.0,0.0,0.0,0.0,0.0,0.0,0.0,0.0,0.0,0.0,0.0,0.0,0.0,0.0,0.0,0.0,0.0,0.0,1.1533944724942558,0.4,8.675621681660413,0.0,0.0,0.0
8,actuated,2,2,168.73571007442922,22.802122983030976,1600168.7357100747,177796.5261900083,41.0,3.7962962962962963,23843.540435064544,2207.735225468939,10.8,5.055933481656724,0.64332509881145,4.2,3,4.353731873351441,0.3888888888888889,0.64332509881145,4.488259909755925,0.6000000000000001,0.06666666666666668,1.8759844593289827,0.0,9,0.0,0.0,0.0,0.0,0.0,0.0,0.0,0.0,0.0,4.488259909755925,0.2,8.593668265081943,0.0,0.0,0.0,1.3016659795471242,0.4,8.290191868878903,0.0,0.0,0.0,0.0,0.0,0.0,0.0,0.0,0.0
9,actuated,2,2,538.0626437900012,84.07228809218768,2401685.078986888,266853.8976652098,62.6,4.742424242424242,21181.442165865017,1604.6547095352284,13.2,3.232069709110761,3.8141954259961923,5.8,4,4.076636622488855,0.4393939393939394,3.8141954259961923,11.874610214366612,0.8,0.08888888888888889,2.915460062157277,0.0,9,0.0,0.0,0.0,0.0,0.0,0.0,11.082411221754569,0.2,9.023307112418085,0.0,0.2,0.0,0.0,0.0,0.0,0.0,0.0,0.0,11.874610214366612,0.2,8.421329053732983,0.0,0.0,0.0,11.37073739784455,0.2,8.794504393264425
10,actuated,2,2,345.0205993275961,53.90946864493689,2075819.5097477057,230646.6121941895,98.0,6.712328767123288,27334.934453564627,1872.2557844907278,14.6,2.0051307614405234,0.6725605755871003,8.2,2,2.26553560856253,0.5616438356164384,0.6725605755871003,6.0530451802839025,0.4,0.044444444444444446,0.915884547949665,0.0,9,0.0,0.0,0.0,0.0,0.0,0.0,0.0,0.0,0.0,0.0,0.0,0.0,6.0530451802839025,0.4,8.242960931546985,0.0,0.0,0.0,0.0,0.0,0.0,0.0,0.0,0.0,0.0,0.0,0.0
11,actuated,2,2,200.70852088809582,34.60491739449928,2732555.3849590183,303617.2649954465,140.6,9.25,26870.55871942166,1767.799915751425,15.2,1.9310572279880034,0.5023049980823342,9.4,3,1.7170650879858345,0.618421052631579,0.5023049980823342,3.7949656737123405,0.6000000000000001,0.06666666666666668,1.8099934871830752,0.0,9,0.0,0.0,0.0,0.0,0.0,0.0,3.7949656737123405,0.4,8.431199625786393,0.0,0.0,0.0,0.0,0.0,0.0,0.0,0.0,0.0,0.7257793090286668,0.2,7.858741758861284,0.0,0.0,0.0,0.0,0.0,0.0
12,actuated,0,2,625.6972106769035,71.10195575873904,200625.6972106769,22291.744134519657,24.4,1.876923076923077,22833.682018816493,1756.4370783704996,13.0,3.89002680393272,10.138442943099967,2.8,9,3.997127594631239,0.2153846153846154,10.138442943099967,60.0,1.8000000000000003,0.19999999999999998,2.760171985564145,0.0,9,7.404155903032006,0.4,8.261964273825287,0.0,0.0,0.0,0.0,0.0,0.0,0.0,0.0,0.0,0.0,0.0,0.0,12.25707204442017,0.2,8.158555292617649,60.0,0.8,0.0,0.0,0.0,0.0,11.584758540447524,0.4,8.421028303634374
13,actuated,0,0,394.1483905046367,48.06687689080936,612533.3670334921,68059.26300372134,31.6,3.3617021276595747,18377.396886734576,1955.04222199304,9.4,5.5640818077740315,1.2477369572651595,3.0,1,5.1898662331533885,0.3191489361702128,1.2477369572651595,11.229632615386436,0.2,0.022222222222222223,0.9894456472144127,0.0,9,0.0,0.0,0.0,0.0,0.0,0.0,0.0,0.0,0.0,0.0,0.0,0.0,0.0,0.0,0.0,0.0,0.0,0.0,0.0,0.0,0.0,11.229632615386436,0.2,8.905010824929715,0.0,0.0,0.0
14,actuated,0,0,270.90674135000364,30.78485697159132,200270.90674135002,22252.322971261114,46.0,5.0,19684.58574919533,2139.628885782101,9.2,6.696950890235623,1.363636930761345,3.2,3,5.110095552708179,0.34782608695652173,1.363636930761345,10.095928857766694,0.6000000000000001,0.06666666666666668,1.8812684516008522,0.0,9,0.0,0.0,0.0,0.0,0.0,0.0,0.0,0.0,0.0,10.095928857766694,0.4,8.77407969124615,2.1768035190854107,0.2,8.157336373161522,0.0,0.0,0.0,0.0,0.0,0.0,0.0,0.0,0.0,0.0,0.0,0.0
15,actuated,0,0,178.03178876929613,24.058349833688666,296946.7844015889,32994.0871557321,64.2,6.551020408163265,18228.952834297066,1860.0972279894968,9.8,6.479576083759921,2.2222222222222223,4.8,5,5.497187760875824,0.4897959183673469,2.2222222222222223,20.0,1.0,0.1111111111111111,0.964514184443073,0.0,9,0.0,0.0,0.0,20.0,0.4,8.680627659987657,0.0,0.4,0.0,0.0,0.0,0.0,0.0,0.2,0.0,0.0,0.0,0.0,0.0,0.0,0.0,0.0,0.0,0.0,0.0,0.0,0.0
16,actuated,0,0,663.0773330218083,78.93777774069146,623920.7267395512,69324.52519328347,89.2,6.5588235294117645,24566.066033667383,1806.328384828484,13.6,3.8987391346223683,3.115158550217719,6.0,4,4.1507913908989185,0.4411764705882353,3.115158550217719,11.3313335703873,0.8,0.08888888888888889,2.9962294554337925,0.0,9,10.92893494127054,0.2,9.150022443849824,5.776158440301629,0.4,8.990956059657039,0.0,0.0,0.0,0.0,0.0,0.0,0.0,0.0,0.0,11.3313335703873,0.2,8.825086595397265,0.0,0.0,0.0,0.0,0.0,0.0,0.0,0.0,0.0
17,actuated,0,0,330.5479156145185,45.90943272423868,124379.80699531734,13819.97855503526,122.2,7.734177215189874,30064.21699193578,1902.798543793404,15.8,2.384020699654383,0.5766779106328259,8.0,2,2.047787949014519,0.5063291139240507,0.5766779106328259,5.1901011956954335,0.4,0.044444444444444446,0.9407801779297489,0.0,9,0.0,0.0,0.0,0.0,0.0,0.0,0.0,0.0,0.0,0.0,0.0,0.0,0.0,0.0,0.0,0.0,0.0,0.0,5.1901011956954335,0.4,8.46702160136774,0.0,0.0,0.0,0.0,0.0,0.0
18,actuated,2,0,289.1116208540546,35.25751473829934,800289.111620854,88921.01240231711,23.6,1.6619718309859155,31116.25826561059,2191.2857933528585,14.2,4.089327589461392,2.9352481480517807,2.8,3,2.558616036912275,0.19718309859154928,2.9352481480517807,15.201355998745498,0.6000000000000001,0.06666666666666668,1.6833772815350088,0.0,9,0.0,0.0,0.0,0.0,0.0,0.0,0.0,0.0,0.0,15.201355998745498,0.2,6.4093847014941785,0.0,0.0,0.0,0.0,0.0,0.0,0.0,0.0,0.0,0.0,0.0,0.0,11.215877333720528,0.4,8.7410108323209
19,actuated,2,2,340.85700007819713,42.60712500977464,6539.740635147721,726.6378483497468,28.4,2.4482758620689653,18949.172536830793,1633.5493566233442,11.6,4.017602360982193,5.030192471553757,3.0,6,3.065712150776279,0.25862068965517243,5.030192471553757,14.811447246817693,1.2,0.13333333333333336,3.6358128966073213,0.0,9,12.380503603951638,0.2,8.077215854780073,0.0,0.0,0.0,7.245325220409882,0.4,8.663752926699818,0.0,0.2,0.0,14.811447246817693,0.2,6.751534697021958,0.0,0.0,0.0,0.0,0.0,0.0,10.834456172804607,0.2,9.229812590964038,0.0,0.0,0.0
20,actuated,2,2,391.63425755672546,63.16681573495572,848963.8647128802,94329.31830143114,51.2,4.571428571428571,20562.721273707248,1835.9572565810042,11.2,4.11040081023358,2.112944090258869,6.2,3,4.81246704500058,0.5535714285714286,2.112944090258869,11.146083676375156,0.6000000000000001,0.06666666666666668,1.934861456106107,0.0,9,0.0,0.0,0.0,0.0,0.0,0.0,0.0,0.0,0.0,0.0,0.0,0.0,0.0,0.0,0.0,11.146083676375156,0.2,8.971761104930197,7.870413135954664,0.4,8.441992000024765,0.0,0.0,0.0,0.0,0.0,0.0
21,actuated,2,2,622.9104961526377,77.86381201907972,469489.6851389344,52165.52057099271,82.2,6.323076923076923,23135.6702031567,1779.6669387043614,13.0,4.770792530230196,1.285711826651171,7.0,1,5.220211042952379,0.5384615384615384,1.285711826651171,11.571406439860539,0.2,0.022222222222222223,0.9602213152617449,0.0,9,0.0,0.0,0.0,11.571406439860539,0.2,8.641991837355704,0.0,0.0,0.0,0.0,0.0,0.0,0.0,0.0,0.0,0.0,0.0,0.0,0.0,0.0,0.0,0.0,0.0,0.0,0.0,0.0,0.0
22,actuated,2,2,397.5359343137651,50.96614542484168,547987.2743938173,60887.474932646364,120.0,8.0,28113.239857393182,1874.215990492879,15.0,4.017519526260842,2.5029621324870277,8.2,6,4.481045558079128,0.5466666666666666,2.5029621324870277,20.0,1.2000000000000002,0.13333333333333336,1.943420694106155,0.0,9,0.0,0.0,0.0,0.0,0.0,0.0,0.0,0.0,0.0,20.0,0.4,8.718629530165344,0.0,0.4,0.0,0.0,0.0,0.0,0.0,0.0,0.0,0.0,0.0,0.0,2.5266591923832493,0.4,8.77215671679005
23,actuated,2,2,472.1936014672841,63.80994614422758,1193481.0353502058,132609.00392780066,162.4,10.278481012658228,28062.549143056316,1776.1107052567288,15.8,3.3009032932374476,1.9800227606407992,9.4,2,3.9938217400202833,0.5949367088607594,1.9800227606407992,10.24478469414646,0.4,0.044444444444444446,1.5597743804247681,0.0,9,7.575420151620733,0.2,5.8100090966484,0.0,0.0,0.0,0.0,0.0,0.0,0.0,0.0,0.0,0.0,0.0,0.0,0.0,0.0,0.0,0.0,0.0,0.0,10.24478469414646,0.2,8.227960327174513,0.0,0.0,0.0
24,actuated,0,2,504.2924628486891,57.30596168735103,200504.29246284877,22278.254718094307,28.6,2.1029411764705883,24618.86151825144,1810.2104057537824,13.6,3.9902816188483334,9.191512267196218,3.4,9,4.232338279525126,0.25,9.191512267196218,60.0,1.7999999999999998,0.2,2.8743975281819067,0.0,9,60.0,0.8,0.0,0.0,0.0,0.0,11.618685865224734,0.2,8.60682534668612,0.0,0.0,0.0,0.0,0.0,0.0,4.777200631563687,0.4,8.554101155605167,6.327723907977543,0.2,8.708651251345874,0.0,0.2,0.0,0.0,0.0,0.0
25,actuated,0,0,260.3073820805297,30.26830024192206,400260.30738208053,44473.367486897834,36.0,3.3962264150943398,21029.585479583988,1983.9231584513195,10.6,5.517813245859928,0.0,3.4,1,5.050347909005524,0.32075471698113206,0.0,0.0,0.2,0.022222222222222223,0.0,0.0,9,0.0,0.0,0.0,0.0,0.0,0.0,0.0,0.0,0.0,0.0,0.0,0.0,0.0,0.0,0.0,0.0,0.0,0.0,0.0,0.2,0.0,0.0,0.0,0.0,0.0,0.0,0.0
26,actuated,0,0,227.61641123561822,29.18159118405362,1200227.616411236,133358.6240456929,51.2,4.923076923076923,21522.869267286052,2069.5066603159667,10.4,5.150166295801502,1.3099301991894032,3.4,1,4.579898005539175,0.3269230769230769,1.3099301991894032,11.789371792704628,0.2,0.022222222222222223,0.9424684628223167,0.0,9,0.0,0.0,0.0,0.0,0.0,0.0,0.0,0.0,0.0,0.0,0.0,0.0,11.789371792704628,0.2,8.48221616540085,0.0,0.0,0.0,0.0,0.0,0.0,0.0,0.0,0.0,0.0,0.0,0.0
27,actuated,0,0,402.95554365063265,55.966047729254534,1049764.1453768811,116640.46059743123,71.8,5.698412698412699,23928.41709012757,1899.080721438696,12.6,4.8184897687044,14.039419418918126,5.6,8,4.487512015179816,0.4444444444444444,14.039419418918126,92.06630567113166,1.5999999999999999,0.17777777777777776,3.454936282895277,0.0,9,0.0,0.0,0.0,11.298477282470003,0.2,8.850750194024254,0.0,0.0,0.0,0.0,0.0,0.0,11.919815946152426,0.2,8.389391283535616,92.06630567113166,1.0,4.8210049138073945,0.0,0.0,0.0,11.070175870509047,0.2,9.033280154690228,0.0,0.0,0.0
28,actuated,0,0,538.1487020187753,61.15326159304265,200538.1487020189,22282.016522446545,101.0,8.015873015873016,25154.73334580041,1996.407408396858,12.6,6.444448629203943,12.232315913071387,6.2,8,5.241534146320874,0.49206349206349204,12.232315913071387,100.0,1.5999999999999999,0.17777777777777776,1.894696851136784,0.0,9,0.5084917852644821,0.4,8.37091129347682,0.0,0.0,0.0,0.0,0.0,0.0,0.0,0.0,0.0,0.0,0.0,0.0,100.0,1.0,0.0,0.0,0.0,0.0,0.0,0.0,0.0,9.582351432378005,0.2,8.681360366754236
29,actuated,0,0,433.76205668221945,50.43744845142087,200695.7049751209,22299.522775013433,131.2,10.25,24571.24803461205,1919.6287527040665,12.8,6.050164696810173,12.713084988806777,6.4,9,5.17042190172978,0.5,12.713084988806777,100.0,1.8,0.19999999999999998,1.8952448236652546,0.0,9,0.0,0.0,0.0,6.298966772376389,0.2,8.559842389356344,0.0,0.0,0.0,0.0,0.0,0.0,0.0,0.0,0.0,100.0,1.0,0.0,8.118798126884599,0.4,8.497361023630948,0.0,0.0,0.0,0.0,0.2,0.0
30,actuated,0,0,529.5787037758739,75.65410053941056,623581.4204465604,69286.82449406227,167.4,11.465753424657533,23658.75259303419,1620.4625063722049,14.6,4.31434205816836,15.225773316229139,9.2,9,5.130094048738515,0.6301369863013698,15.225773316229139,100.0,1.8,0.19999999999999998,1.6845139948757435,0.0,9,0.0,0.0,0.0,0.0,0.2,0.0,0.0,0.0,0.0,10.093291815102816,0.2,8.858405351080002,26.938668030959434,0.4,6.30222060280169,100.0,1.0,0.0,0.0,0.0,0.0,0.0,0.0,0.0,0.0,0.0,0.0
31,actuated,2,0,714.7894212436725,83.11504898182238,263594.2766145235,29288.252957169276,40.8,2.4878048780487805,30702.03401185478,1872.0752446252914,16.4,2.62239807090647,13.333333333333334,5.2,9,3.357830895491591,0.3170731707317073,13.333333333333334,60.0,1.8,0.2,0.0,0.0,9,0.0,0.0,0.0,0.0,0.0,0.0,0.0,0.0,0.0,0.0,0.2,0.0,60.0,0.8,0.0,60.0,0.8,0.0,0.0,0.0,0.0,0.0,0.0,0.0,0.0,0.0,0.0
32,actuated,2,2,246.15291396315882,27.971922041268044,200246.15291396313,22249.572545995903,35.0,2.573529411764706,28713.826428293723,2111.3107667863032,13.6,5.209263366473891,4.164679388236689,3.4,5,4.258561267525365,0.25,4.164679388236689,35.80194871890512,1.0,0.1111111111111111,1.1588410156799915,0.0,9,0.0,0.0,0.0,1.6801657752250776,0.4,8.246285277046262,0.0,0.0,0.0,0.0,0.0,0.0,0.0,0.0,0.0,35.80194871890512,0.6,2.183283864073662,0.0,0.0,0.0,0.0,0.0,0.0,0.0,0.0,0.0
33,actuated,2,2,461.01492957626726,52.388060179121275,886.4813137250488,98.49792374722765,53.2,4.360655737704918,25440.89369676851,2085.3191554728287,12.2,5.311535407743564,5.223296842615734,4.2,6,3.785529429610827,0.3442622950819672,5.223296842615734,11.982678554160202,1.2,0.13333333333333333,4.7507586544524285,0.0,9,11.75927713517126,0.2,8.503924080580283,0.0,0.0,0.0,0.0,0.0,0.0,0.0,0.0,0.0,0.4042302081472826,0.4,8.408817024622113,0.0,0.0,0.0,11.268638192482285,0.2,8.874186773226388,11.982678554160202,0.2,8.345379503256519,11.594847493580573,0.2,8.624520508386546
34,actuated,2,2,177.04703279221675,38.48848538961234,1658869.3077651167,184318.81197390184,83.6,6.057971014492754,20649.116984193017,1496.3128249415229,13.8,2.2295549884986405,1.246579372321624,8.6,1,3.2414356255395034,0.6231884057971014,1.246579372321624,11.219214350894617,0.2,0.022222222222222223,0.990364455442026,0.0,9,0.0,0.0,0.0,11.219214350894617,0.2,8.913280098978234,0.0,0.0,0.0,0.0,0.0,0.0,0.0,0.0,0.0,0.0,0.0,0.0,0.0,0.0,0.0,0.0,0.0,0.0,0.0,0.0,0.0
35,actuated,2,2,491.32793248929954,102.35998593527074,3909802.8353988044,434422.5372665338,131.0,7.705882352941177,29616.13085467868,1742.1253443928633,17.0,1.339849087237459,3.2990834169896113,10.6,6,1.8765996877368243,0.6235294117647059,3.2990834169896113,20.0,1.2000000000000002,0.13333333333333336,1.8640493262145255,0.0,9,0.0,0.0,0.0,0.0,0.0,0.0,0.0,0.0,0.0,0.0,0.4,0.0,20.0,0.4,8.312247314024717,9.6917507529065,0.4,8.46419662190601,0.0,0.0,0.0,0.0,0.0,0.0,0.0,0.0,0.0
36,actuated,2,2,580.4130965390582,82.91615664843688,2000580.4130965392,222286.71256628213,185.2,9.74736842105263,33955.7103634739,1787.142650709153,19.0,1.3984074430244506,0.0,11.6,0,1.1629642495839616,0.6105263157894737,0.0,0.0,0.0,0.0,0.0,0.0,9,0.0,0.0,0.0,0.0,0.0,0.0,0.0,0.0,0.0,0.0,0.0,0.0,0.0,0.0,0.0,0.0,0.0,0.0,0.0,0.0,0.0,0.0,0.0,0.0,0.0,0.0,0.0
37,actuated,0,2,333.75292674969626,38.80847985461585,400333.75292674976,44481.528102972195,37.6,2.506666666666667,29107.245618249126,1940.4830412166084,15.0,3.8370370870860477,4.029336809652983,3.8,10,2.983546365787578,0.25333333333333335,4.029336809652983,20.0,2.0,0.2222222222222222,3.697444685262184,0.0,9,0.0,0.4,0.0,20.0,0.4,7.83489877417005,8.847932890722632,0.4,8.484441948495805,0.0,0.0,0.0,5.918298383612637,0.4,8.555811357684433,1.4978000125415747,0.4,8.401850087009368,0.0,0.0,0.0,0.0,0.0,0.0,0.0,0.0,0.0
38,actuated,0,0,206.7674950221995,28.717707641972154,102642.79467506599,11404.754963896221,47.0,4.607843137254902,19559.277125851695,1917.5761888089899,10.2,6.802597148726893,2.7690391012463857,4.8,4,5.300736181105936,0.47058823529411764,2.7690391012463857,11.84928609312351,0.8,0.08888888888888889,2.905020379864937,0.0,9,0.0,0.0,0.0,0.0,0.0,0.0,0.0,0.0,0.0,0.0,0.0,0.0,0.0,0.0,0.0,0.0,0.0,0.0,2.1886435691726547,0.4,8.51757008191198,10.883422248921306,0.2,9.18828634163407,11.84928609312351,0.2,8.439326995238384
39,actuated,0,0,519.6153980338233,64.95192475422792,1026765.9578012464,114085.10642236071,72.0,6.666666666666667,20204.441764542433,1870.7816448650399,10.8,5.883235428733797,0.0,6.0,0,6.145430141655852,0.5555555555555556,0.0,0.0,0.0,0.0,0.0,0.0,9,0.0,0.0,0.0,0.0,0.0,0.0,0.0,0.0,0.0,0.0,0.0,0.0,0.0,0.0,0.0,0.0,0.0,0.0,0.0,0.0,0.0,0.0,0.0,0.0,0.0,0.0,0.0
40,actuated,0,0,279.463873651451,34.93298420643138,1000279.4638736516,111142.16265262796,97.0,7.698412698412699,23517.03291426247,1866.4311836716245,12.6,4.123152527623828,0.5273641573776584,5.2,2,4.382192426062538,0.4126984126984127,0.5273641573776584,4.746277416398925,0.4,0.044444444444444446,0.9725742113155622,0.0,9,0.0,0.0,0.0,0.0,0.0,0.0,0.0,0.0,0.0,4.746277416398925,0.4,8.75316790184006,0.0,0.0,0.0,0.0,0.0,0.0,0.0,0.0,0.0,0.0,0.0,0.0,0.0,0.0,0.0
41,actuated,0,0,170.7913355449089,21.896325069860115,1003958.1573326865,111550.9063702985,125.2,9.63076923076923,25877.65577357199,1990.5889056593837,13.0,5.078645247092697,5.2606372745087056,6.2,4,3.9331671681460105,0.47692307692307695,5.2606372745087056,41.88970292067552,0.8,0.08888888888888889,1.5735189275251968,0.0,9,0.0,0.0,0.0,0.0,0.0,0.0,0.0,0.0,0.0,5.4560325499028295,0.2,6.411746766571368,0.0,0.0,0.0,41.88970292067552,0.6,7.749923581155403,0.0,0.0,0.0,0.0,0.0,0.0,0.0,0.0,0.0
42,actuated,0,0,304.0622267222968,50.67703778704947,2572061.4676167583,285784.60751297313,160.2,12.714285714285714,23721.963639917525,1882.6955269775813,12.6,5.513262941151972,25.797312827363232,8.2,16,5.270572364716424,0.6507936507936508,25.797312827363232,100.0,3.2,0.35555555555555557,3.9160776553778525,0.0,9,7.10164934518275,0.4,8.472912664432078,2.926047440923867,0.4,8.709517100453375,10.956242949762327,0.2,9.127216369564833,100.0,1.0,0.0,0.0,0.0,0.0,100.0,1.0,0.0,11.191875710400154,0.2,8.935052763950377,0.0,0.0,0.0,0.0,0.0,0.0
43,actuated,0,0,800.9160634677926,100.11450793347407,1000800.9160634677,111200.10178482975,200.0,13.88888888888889,25650.729241628294,1781.3006417797426,14.4,5.034470036556488,23.535257777806084,8.6,12,5.526532600334349,0.5972222222222222,23.535257777806084,100.0,2.4,0.26666666666666666,0.9216429216373297,0.0,9,0.0,0.0,0.0,0.0,0.0,0.0,0.0,0.0,0.0,100.0,1.0,0.0,0.0,0.0,0.0,100.0,1.0,0.0,0.0,0.0,0.0,11.817320000254767,0.4,8.294786294735967,0.0,0.0,0.0
44,actuated,0,0,479.1761328419669,54.451833277496235,776.5335842228868,86.28150935809853,241.2,16.08,28021.701925723366,1868.113461714891,15.0,5.677154635731918,22.492259479703055,8.6,11,5.355884382769153,0.5733333333333334,22.492259479703055,100.0,2.2,0.24444444444444446,0.9683137669228018,0.0,9,0.0,0.0,0.0,0.0,0.0,0.0,0.0,0.0,0.0,100.0,1.0,0.0,0.0,0.0,0.0,100.0,1.0,0.0,0.0,0.0,0.0,0.0,0.0,0.0,2.43033531732749,0.2,8.714823902305216
45,actuated,2,0,296.9365508508089,36.211774494001084,407181.7684993743,45242.418722152695,37.6,2.611111111111111,28457.505522015097,1976.2156612510485,14.4,5.072032047173465,16.410119550973704,3.4,11,4.667564552747998,0.2361111111111111,16.410119550973704,80.0,2.2,0.24444444444444446,0.9165517124657827,0.0,9,0.0,0.0,0.0,7.691075958763349,0.2,8.248965412192044,0.0,0.0,0.0,60.0,0.8,0.0,0.0,0.0,0.0,80.0,1.0,0.0,0.0,0.0,0.0,0.0,0.0,0.0,0.0,0.2,0.0
46,actuated,2,2,249.68002868592467,36.717651277341865,2054787.6244904809,228309.7360544979,16.8,1.3333333333333333,21703.089752532556,1722.467440677187,12.6,3.7301136026441224,11.100001331319744,3.2,14,4.1713503865874655,0.25396825396825395,11.100001331319744,51.4834818800864,2.8,0.3111111111111111,1.8036780228465434,0.0,9,0.0,0.0,0.0,0.0,0.2,0.0,0.0,0.0,0.0,0.0,0.4,0.0,51.4834818800864,0.8,5.88891261697716,28.416530101791295,0.6,2.007834180174381,0.0,0.4,0.0,20.0,0.4,8.336355408467352,0.0,0.0,0.0
47,actuated,2,2,358.8186439364385,47.212979465320856,1400358.8186439362,155595.4242937707,35.0,3.0172413793103448,23796.782615233846,2051.4467771753316,11.6,3.838481090523187,0.0,4.4,0,4.083854854034286,0.3793103448275862,0.0,0.0,0.0,0.0,0.0,0.0,9,0.0,0.0,0.0,0.0,0.0,0.0,0.0,0.0,0.0,0.0,0.0,0.0,0.0,0.0,0.0,0.0,0.0,0.0,0.0,0.0,0.0,0.0,0.0,0.0,0.0,0.0,0.0
48,actuated,2,2,392.5655770010309,44.60972465920805,200392.56557700102,22265.84061966678,55.0,4.435483870967742,24756.75471333528,1996.5124768818773,12.4,4.664118344469643,2.64687644062835,4.2,6,3.5355728690856303,0.3387096774193548,2.64687644062835,11.415515369002378,1.2000000000000002,0.13333333333333336,2.8589764578785335,0.0,9,11.415515369002378,0.4,8.659472383372485,0.0,0.0,0.0,0.0,0.0,0.0,0.0,0.0,0.0,0.0,0.0,0.0,2.2006910722018347,0.4,8.396366627980024,0.0,0.0,0.0,10.205681524450938,0.4,8.674949109554293,0.0,0.0,0.0
49,actuated,2,2,344.8648936142956,57.47748226904927,1792637.9032953884,199181.98925504315,81.2,5.884057971014493,25874.087176751134,1874.9338533877633,13.8,2.987956886967389,2.965856456601033,6.6,6,3.0920900424305056,0.4782608695652174,2.965856456601033,9.83727627350845,1.2000000000000002,0.13333333333333336,2.922774931229651,0.0,9,0.0,0.0,0.0,0.0,0.0,0.0,9.83727627350845,0.4,8.76617504460737,8.389736704085635,0.4,8.88587664263323,8.46569513181521,0.4,8.652922693826259,0.0,0.0,0.0,0.0,0.0,0.0,0.0,0.0,0.0,0.0,0.0,0.0
50,actuated,2,2,434.14596090211637,80.39740016705858,2279693.1608471186,253299.24009412428,122.2,7.935064935064935,24430.902505834536,1586.4222406386064,15.4,1.3764533610864482,1.762216976062771,10.0,4,1.5242478515883164,0.6493506493506493,1.762216976062771,7.963989621074461,0.8,0.08888888888888889,1.819195424610128,0.0,9,0.0,0.0,0.0,0.0,0.0,0.0,0.0,0.0,0.0,0.0,0.0,0.0,0.0,0.0,0.0,0.0,0.0,0.0,7.963989621074461,0.4,8.082138269394637,0.0,0.0,0.0,7.895963163490478,0.4,8.290620552096515
51,actuated,0,2,713.8321534826749,87.05270164422866,518245.248090034,57582.80534333711,26.4,1.7837837837837838,29197.781143152253,1972.8230502129902,14.8,2.4330281481630776,0.728054217396953,4.2,3,2.6249037484955315,0.28378378378378377,0.728054217396953,3.9039516304080735,0.6000000000000001,0.06666666666666668,1.8849830793734224,0.0,9,3.9039516304080735,0.2,8.604785031452774,0.0,0.0,0.0,2.6485363261645034,0.4,8.360062682908026,0.0,0.0,0.0,0.0,0.0,0.0,0.0,0.0,0.0,0.0,0.0,0.0,0.0,0.0,0.0,0.0,0.0,0.0
52,actuated,0,0,304.04618260971864,35.354207280199844,400304.0461826097,44478.2273536233,39.0,3.4210526315789473,23853.588526801133,2092.4200462106255,11.4,4.50338447689498,1.2683953171830984,3.4,2,3.8644481502245225,0.2982456140350877,1.2683953171830984,11.415557854647886,0.4,0.044444444444444446,0.9733305417559757,0.0,9,0.0,0.2,0.0,0.0,0.0,0.0,0.0,0.0,0.0,0.0,0.0,0.0,0.0,0.0,0.0,11.415557854647886,0.2,8.759974875803781,0.0,0.0,0.0,0.0,0.0,0.0,0.0,0.0,0.0
53,actuated,0,0,285.22328832706694,34.783327844764266,294587.2482240243,32731.916469336036,55.2,4.524590163934426,25901.20728740963,2123.049777656527,12.2,4.069030847421002,3.202136932965737,4.0,5,2.672101436437038,0.32786885245901637,3.202136932965737,9.67969490925043,1.0,0.1111111111111111,3.763427654426132,0.0,9,0.0,0.0,0.0,4.547992726512575,0.2,8.540964016504585,0.0,0.0,0.0,0.0,0.0,0.0,8.800155411836386,0.2,8.698111850116403,0.0,0.0,0.0,9.67969490925043,0.2,8.216027683205903,5.791389349092242,0.4,8.41574534000829,0.0,0.0,0.0
54,actuated,0,0,691.6609155035981,88.67447634661514,413033.0213767633,45892.55793075148,77.2,5.514285714285714,22616.4398257146,1615.4599875510428,14.0,3.6204835733169443,0.8304182903398467,6.0,5,3.4321579980662773,0.42857142857142855,0.8304182903398467,7.47376461305862,1.0,0.1111111111111111,0.9309371592270003,0.0,9,0.0,0.0,0.0,0.0,0.2,0.0,0.0,0.0,0.0,7.47376461305862,0.4,8.378434433043003,0.0,0.2,0.0,0.0,0.0,0.0,0.0,0.2,0.0,0.0,0.0,0.0,0.0,0.0,0.0
55,actuated,0,0,419.9609730280964,63.63045045880249,869759.7878191404,96639.97642434893,118.2,7.3875,28006.24341456461,1750.3902134102882,16.0,2.698805171909397,1.692391452553592,9.4,4,3.198403093574125,0.5875,1.692391452553592,11.164399097468731,0.8,0.08888888888888889,2.848993108835432,0.0,9,0.0,0.0,0.0,0.09494337680166609,0.4,8.284918397665024,11.164399097468731,0.2,8.957042750529466,0.0,0.0,0.0,0.0,0.0,0.0,0.0,0.0,0.0,0.0,0.0,0.0,0.0,0.0,0.0,3.9721805987119296,0.2,8.398976831324397
56,actuated,2,0,452.14542590663194,77.95610791493654,1742593.203060077,193621.46700667523,42.0,3.0,24835.6653530837,1773.9760966488357,14.0,1.72503197328868,1.063745036834689,6.0,3,1.9452926317459944,0.42857142857142855,1.063745036834689,9.573705331512201,0.6000000000000001,0.06666666666666668,0.7588818034290088,0.0,9,0.0,0.0,0.0,0.0,0.0,0.0,0.0,0.0,0.0,0.0,0.0,0.0,9.573705331512201,0.4,6.829936230861079,0.0,0.0,0.0,0.0,0.0,0.0,0.0,0.0,0.0,0.0,0.2,0.0
57,actuated,2,2,182.714050003579,36.5428100007158,3252372.6230306453,361374.7358922939,65.0,5.603448275862069,21680.917825515324,1869.0446401306313,11.6,2.5399560165809256,2.3224013270823383,6.6,4,3.326639266148615,0.5689655172413793,2.3224013270823383,11.116424577709267,0.8,0.08888888888888889,2.788092778057211,0.0,9,0.0,0.0,0.0,0.0,0.0,0.0,0.0,0.0,0.0,0.0,0.0,0.0,0.0,0.0,0.0,5.289417928880766,0.4,8.035683499649167,4.4957694371510115,0.2,8.061453353613615,11.116424577709267,0.2,8.995698149252117,0.0,0.0,0.0
58,actuated,2,2,639.4294911050637,103.1337888879135,1627520.974500081,180835.66383334235,96.8,7.0144927536231885,22945.403746644974,1662.7104164235488,13.8,1.3208076943173563,0.0,7.4,1,1.5993394272880392,0.5362318840579711,0.0,0.0,0.2,0.022222222222222223,0.0,0.0,9,0.0,0.0,0.0,0.0,0.0,0.0,0.0,0.0,0.0,0.0,0.0,0.0,0.0,0.0,0.0,0.0,0.0,0.0,0.0,0.2,0.0,0.0,0.0,0.0,0.0,0.0,0.0
59,actuated,2,2,427.2136810985512,59.33523348590989,1663716.3178850901,184857.3686538989,136.0,8.60759493670886,30545.285669244862,1933.245928433219,15.8,2.68281472803551,1.2993785564370026,8.6,1,2.4979103990896907,0.5443037974683544,1.2993785564370026,11.694407007933023,0.2,0.022222222222222223,0.9501218063963203,0.0,9,0.0,0.0,0.0,0.0,0.0,0.0,0.0,0.0,0.0,11.694407007933023,0.2,8.551096257566883,0.0,0.0,0.0,0.0,0.0,0.0,0.0,0.0,0.0,0.0,0.0,0.0,0.0,0.0,0.0
60,actuated,2,2,401.2685437555471,48.935188262871606,600728.7531599549,66747.63923999498,178.0,10.348837209302326,32449.55973761656,1886.6023103265443,17.2,3.25665002684273,2.514458070841733,9.0,5,2.459414560274054,0.5232558139534884,2.514458070841733,12.38499003631091,1.0,0.1111111111111111,2.799284646447317,0.0,9,1.545228699197878,0.4,8.293696797639132,0.0,0.0,0.0,12.38499003631091,0.2,8.074289903085525,0.0,0.0,0.0,8.699903902066808,0.4,8.825575117301199,0.0,0.0,0.0,0.0,0.0,0.0,0.0,0.0,0.0,0.0,0.0,0.0
61,actuated,2,2,811.1048250287079,122.89467045889513,1020638.2393620774,113404.24881800861,227.8,11.742268041237113,31636.22743324763,1630.733372847816,19.4,1.648623677059418,4.0246565825627085,11.8,4,1.6042370615643593,0.6082474226804123,4.0246565825627085,12.622722121782317,0.8,0.08888888888888889,2.7370145365030316,0.0,9,0.0,0.0,0.0,12.622722121782317,0.2,7.922221453915686,0.0,0.0,0.0,0.0,0.0,0.0,0.0,0.0,0.0,12.031646160266973,0.4,8.06602967744693,0.0,0.0,0.0,0.0,0.0,0.0,11.567540961015084,0.2,8.64487969716467
62,actuated,2,2,455.2444251241226,84.30452317113381,2242856.20527892,249206.24503099112,297.6,14.17142857142857,33856.581248367824,1612.218154684182,21.0,1.028734482841259,10.37996966799028,15.6,6,1.077672967128924,0.7428571428571429,10.37996966799028,66.72525648522878,1.2000000000000002,0.13333333333333336,1.3842232802966623,0.0,9,0.0,0.0,0.0,0.0,0.0,0.0,0.0,0.0,0.0,0.0,0.0,0.0,0.0,0.0,0.0,0.0,0.0,0.0,66.72525648522878,0.8,6.185206446576154,26.694470526683745,0.4,6.272803076093808,0.0,0.0,0.0
63,actuated,0,2,928.1107460341555,103.12341622601727,928.1107460341555,103.12341622601727,54.2,3.1149425287356323,33839.916124881114,1944.822765797765,17.4,1.8997283869217552,13.380310570648943,5.0,10,1.3502290388418854,0.28735632183908044,13.380310570648943,60.0,2.0,0.2222222222222222,0.9735887215679718,0.0,9,0.0,0.0,0.0,0.0,0.0,0.0,0.0,0.0,0.0,0.0,0.0,0.0,0.0,0.0,0.0,0.422795135840488,0.4,8.762298494111747,60.0,0.8,0.0,60.0,0.8,0.0,0.0,0.0,0.0
64,actuated,0,0,447.9280396863902,60.53081617383651,433993.1130698497,48221.457007761084,54.6,4.074626865671642,25192.615120652023,1880.0459045262703,13.4,3.079249086153914,0.4431058388061299,4.8,4,3.019413173833376,0.3582089552238806,0.4431058388061299,2.2913008771570276,0.8,0.08888888888888889,1.8762427867597173,0.0,9,1.6966516720981417,0.4,8.370213694125411,0.0,0.0,0.0,0.0,0.0,0.0,2.2913008771570276,0.4,8.515971386712044,0.0,0.0,0.0,0.0,0.0,0.0,0.0,0.0,0.0,0.0,0.0,0.0,0.0,0.0,0.0
65,actuated,0,0,413.98951236826616,54.47230425898239,706326.6526391387,78480.73918212653,79.0,6.475409836065574,24055.091550494664,1971.7288156143168,12.2,3.8771428471166782,1.7379980532846022,5.4,4,3.9538770412234445,0.4426229508196721,1.7379980532846022,8.0366166052454,0.8,0.08888888888888889,1.9426954449257916,0.0,9,0.0,0.0,0.0,0.0,0.0,0.0,7.605365874316021,0.4,8.862858217116445,0.0,0.0,0.0,8.0366166052454,0.4,8.621400787215679,0.0,0.0,0.0,0.0,0.0,0.0,0.0,0.0,0.0,0.0,0.0,0.0
66,actuated,0,0,181.03316536372498,25.143495189406245,1047346.6987406608,116371.85541562898,105.2,8.766666666666667,24081.616762836547,2006.8013969030458,12.0,5.0271043489996545,0.8262079990923767,5.6,3,4.271546217778237,0.4666666666666667,0.8262079990923767,5.510066451413422,0.6000000000000001,0.06666666666666668,1.9323207417296036,0.0,9,0.0,0.0,0.0,0.0,0.0,0.0,0.0,0.0,0.0,0.0,0.0,0.0,0.0,0.0,0.0,0.0,0.0,0.0,0.0,0.0,0.0,1.9258055404179686,0.2,8.613570115622132,5.510066451413422,0.4,8.7773165599443
67,actuated,0,0,474.00309183028105,59.25038647878513,1158931.116674928,128770.124074992,135.0,10.714285714285714,24833.942634640967,1970.9478281461083,12.6,6.79927620876549,1.2425819440527954,6.8,4,5.409795353914055,0.5396825396825397,1.2425819440527954,11.05078320110465,0.8,0.08888888888888889,1.810184007717503,0.0,9,0.13245429537050768,0.4,8.018094847910104,0.0,0.0,0.0,0.0,0.0,0.0,0.0,0.0,0.0,0.0,0.0,0.0,0.0,0.0,0.0,11.05078320110465,0.2,8.273561221547423,0.0,0.2,0.0,0.0,0.0,0.0
68,actuated,0,0,307.25571720198536,34.91542240931651,200307.255717202,22256.36174635578,166.2,13.85,21011.835927275366,1750.986327272947,12.0,7.588531012422272,10.179045560273986,6.8,8,5.951621997872809,0.5666666666666667,10.179045560273986,82.06656184911367,1.5999999999999999,0.17777777777777778,1.728506402772361,0.0,9,0.0,0.0,0.0,0.0,0.0,0.0,9.544848193352209,0.4,8.269011727906761,0.0,0.0,0.0,0.0,0.0,0.0,82.06656184911367,1.0,7.287545897044486,0.0,0.2,0.0,0.0,0.0,0.0,0.0,0.0,0.0
69,actuated,0,0,325.5468463181495,37.85428445559878,400325.5468463181,44480.61631625757,201.0,15.227272727272727,25833.239718247452,1957.0636150187463,13.2,5.934589877513513,11.87243231899591,7.4,6,5.5538693748567605,0.5606060606060606,11.87243231899591,100.0,1.2,0.13333333333333333,0.655316962593743,0.0,9,0.0,0.0,0.0,0.0,0.0,0.0,0.0,0.0,0.0,0.0,0.0,0.0,6.851890870963189,0.2,5.897852663343687,100.0,1.0,0.0,0.0,0.0,0.0,0.0,0.0,0.0,0.0,0.0,0.0
70,actuated,0,0,470.1314088048366,60.27325753908162,314221.807216746,34913.534135194,239.0,15.723684210526315,24253.60537783602,1595.6319327523697,15.2,4.954586208372546,31.18941248128054,9.0,15,5.043229035947189,0.5921052631578947,31.18941248128054,100.0,3.0,0.3333333333333333,1.7048259616127455,0.0,9,10.78596968383522,0.2,9.27130364086491,0.0,0.0,0.0,0.0,0.0,0.0,69.91874264768967,0.8,6.072130013649801,100.0,1.0,0.0,100.0,1.0,0.0,0.0,0.0,0.0,0.0,0.0,0.0,0.0,0.0,0.0
71,actuated,0,0,228.3454938211384,39.369912727782484,2575393.18326128,286154.79814014223,291.0,17.53012048192771,30308.36776035934,1825.805286768635,16.6,3.1459573613346037,33.58809840769191,11.2,17,3.7192476232625213,0.6746987951807228,33.58809840769191,100.0,3.4,0.37777777777777777,0.9259661611169575,0.0,9,0.0,0.0,0.0,0.0,0.0,0.0,0.0,0.0,0.0,100.0,1.0,0.0,100.0,1.0,0.0,100.0,1.0,0.0,2.2928856692271893,0.4,8.333695450052618,0.0,0.0,0.0,0.0,0.0,0.0
72,actuated,2,0,885.7353538556821,108.01650656776611,738716.882820561,82079.653646729,50.4,3.230769230769231,29475.687765603216,1889.4671644617447,15.6,3.6677211108168484,26.242757160239055,4.2,17,3.7562587117089894,0.2692307692307692,26.242757160239055,80.0,3.4000000000000004,0.3777777777777778,1.955591920587293,0.0,9,0.0,0.0,0.0,11.41409897241033,0.2,8.761094523686515,4.7707154697411625,0.4,8.839232761599122,60.0,0.8,0.0,80.0,1.0,0.0,80.0,1.0,0.0,0.0,0.0,0.0,0.0,0.0,0.0,0.0,0.0,0.0
73,actuated,2,2,478.00711081793025,62.89567247604346,495412.9474430982,55045.88304923313,16.2,1.1571428571428573,28831.972313134804,2059.4265937953433,14.0,2.8349972882922176,8.01541644016336,2.6,8,2.473126867000845,0.18571428571428572,8.01541644016336,39.74116641900878,1.6,0.17777777777777778,1.4424426374425776,0.0,9,0.0,0.0,0.0,0.0,0.0,0.0,0.0,0.0,0.0,0.0,0.0,0.0,25.13813808150303,0.6,2.0349492258329014,39.74116641900878,0.6,2.252108058141048,0.0,0.0,0.0,7.259443460958437,0.4,8.694926453009248,0.0,0.0,0.0
74,actuated,2,2,147.9007926950324,23.109498858598812,1632624.2868679287,181402.69854088096,32.2,2.875,21880.03167519471,1953.5742567138134,11.2,3.233807875329265,1.265928418991709,4.0,1,2.594070760575718,0.35714285714285715,1.265928418991709,11.393355770925382,0.2,0.022222222222222223,0.975227258282013,0.0,9,0.0,0.0,0.0,0.0,0.0,0.0,0.0,0.0,0.0,0.0,0.0,0.0,0.0,0.0,0.0,0.0,0.0,0.0,0.0,0.0,0.0,0.0,0.0,0.0,11.393355770925382,0.2,8.777045324538117
75,actuated,2,2,499.4856094772243,75.67963779957944,1812279.99838631,201364.44426514555,54.0,4.153846153846154,24031.508484685357,1848.5775757450274,13.0,2.8281664207999797,3.7674077502084753,5.2,6,2.6978345941950423,0.4,3.7674077502084753,11.115907897554962,1.2000000000000002,0.13333333333333336,3.8412497415518,0.0,9,11.115907897554962,0.2,8.996116279624433,0.0,0.0,0.0,0.0,0.0,0.0,1.7194114060407628,0.4,8.446637057699261,0.0,0.0,0.0,10.99248465231085,0.2,9.097124368418191,10.078865795969705,0.4,8.031369968224315,0.0,0.0,0.0,0.0,0.0,0.0
76,actuated,2,2,470.7527866812291,73.55512291894205,1560000.8284460902,173333.42538289892,88.2,5.7272727272727275,26822.406813991936,1741.7147281812945,15.4,2.172507167327867,1.1642846732092949,9.0,2,2.5527411796215067,0.5844155844155844,1.1642846732092949,10.478562058883654,0.4,0.044444444444444446,0.9799987671793335,0.0,9,0.0,0.0,0.0,0.0,0.0,0.0,0.0,0.0,0.0,0.0,0.0,0.0,10.478562058883654,0.4,8.819988904614002,0.0,0.0,0.0,0.0,0.0,0.0,0.0,0.0,0.0,0.0,0.0,0.0
77,actuated,2,2,809.1356551113712,109.34265609613124,1347439.0288528558,149715.4476503173,133.6,7.590909090909091,32624.54176765495,1853.667145889486,17.6,2.0366459617153727,1.4445036740053436,9.6,3,1.9879816265107615,0.5454545454545454,1.4445036740053436,11.048410217040328,0.6000000000000001,0.06666666666666668,1.9707817303223822,0.0,9,0.0,0.0,0.0,0.0,0.0,0.0,0.0,0.0,0.0,0.0,0.0,0.0,0.0,0.0,0.0,1.9521228490077647,0.4,8.685959623008966,0.0,0.0,0.0,0.0,0.0,0.0,11.048410217040328,0.2,9.051075949892475
78,actuated,0,2,421.39617844332315,54.02515108247733,802349.4174350412,89149.93527056013,35.2,2.4444444444444446,27308.40635150054,1896.417107743093,14.4,3.703526938204353,4.005991611991501,4.8,5,3.6630807319574203,0.3333333333333333,4.005991611991501,20.0,1.0,0.1111111111111111,2.7234463216549734,0.0,9,0.0,0.2,0.0,20.0,0.2,6.856167641578954,5.140852190056648,0.4,8.491526855435223,0.0,0.0,0.0,0.0,0.0,0.0,0.0,0.0,0.0,0.0,0.0,0.0,0.0,0.0,0.0,10.913072317866863,0.2,9.163322397880583
79,actuated,0,0,354.4204440219186,40.2750504570362,200354.42044402202,22261.602271558004,51.0,4.322033898305085,25180.97621203384,2133.981034918122,11.8,5.4516976071641645,0.4876355394465766,4.2,6,4.779419904566916,0.3559322033898305,0.4876355394465766,2.5998001347568334,1.2000000000000002,0.13333333333333336,1.8602160606947207,0.0,9,0.0,0.2,0.0,1.7889197202623563,0.6,8.52131563751027,0.0,0.0,0.0,0.0,0.0,0.0,0.0,0.0,0.0,0.0,0.0,0.0,2.5998001347568334,0.4,8.220628908742217,0.0,0.0,0.0,0.0,0.0,0.0
80,actuated,0,0,200.9165125453292,24.502013725040147,403933.50838012097,44881.50093112455,71.2,6.846153846153846,19910.0968373695,1914.432388208606,10.4,6.221918450195861,0.07412457720837058,4.6,2,5.223815200087584,0.4423076923076923,0.07412457720837058,0.6671211948753353,0.4,0.044444444444444446,0.9537077892261246,0.0,9,0.0,0.0,0.0,0.0,0.0,0.0,0.0,0.0,0.0,0.0,0.0,0.0,0.6671211948753353,0.4,8.583370103035122,0.0,0.0,0.0,0.0,0.0,0.0,0.0,0.0,0.0,0.0,0.0,0.0
81,actuated,0,0,335.89980031282244,45.391864907138164,611572.0556008619,67952.45062231799,95.4,7.819672131147541,21995.101057990556,1802.8771359008651,12.2,5.130931958471152,8.640576054255511,5.8,7,4.9185195958382595,0.47540983606557374,8.640576054255511,66.02786975848971,1.4000000000000001,0.15555555555555556,2.548110484019165,0.0,9,0.0,0.0,0.0,0.0,0.0,0.0,0.0,0.0,0.0,0.2635401805935089,0.4,8.292377331294121,0.0,0.0,0.0,66.02786975848971,0.8,5.925089316794748,11.473774549216387,0.2,8.715527708083615,0.0,0.0,0.0,0.0,0.0,0.0
82,actuated,0,0,228.14568302175684,33.55083573849365,2125426.454618162,236158.49495757357,128.0,10.491803278688524,23256.56293092251,1906.2756500756157,12.2,5.684272322876453,11.989155898684077,7.4,7,5.376534156692801,0.6065573770491803,11.989155898684077,100.0,1.4,0.15555555555555556,0.9469198498978382,0.0,9,0.0,0.0,0.0,0.0,0.0,0.0,7.902403088156689,0.4,8.522278649080544,0.0,0.0,0.0,0.0,0.0,0.0,100.0,1.0,0.0,0.0,0.0,0.0,0.0,0.0,0.0,0.0,0.0,0.0
83,actuated,0,0,467.79176315094526,58.47397039386816,1000467.7917631511,111163.08797368345,163.0,12.164179104477611,26013.144675448715,1941.2794533916951,13.4,5.9564079000428665,13.542504042342848,7.4,8,5.370287378299784,0.5522388059701493,13.542504042342848,100.0,1.6,0.17777777777777778,1.9350851831647928,0.0,9,0.0,0.0,0.0,0.0,0.0,0.0,0.0,0.0,0.0,0.0,0.0,0.0,0.0,0.0,0.0,100.0,1.0,0.0,11.158474548597042,0.2,8.961798457708811,0.0,0.0,0.0,10.724061832488587,0.4,8.453968190774322
84,actuated,0,0,370.4828578976624,43.07940208112354,201291.53084765672,22365.725649739634,198.4,14.588235294117647,24341.633384088156,1789.825984124129,13.6,7.347432050452392,16.088791777882154,7.8,10,5.897814534388272,0.5735294117647058,16.088791777882154,100.0,2.0,0.2222222222222222,1.8594777525350987,0.0,9,4.708014516750154,0.4,8.37077700626105,0.0,0.0,0.0,0.0,0.0,0.0,0.0,0.0,0.0,40.09111148418924,0.6,8.364522766554838,100.0,1.0,0.0,0.0,0.0,0.0,0.0,0.0,0.0,0.0,0.0,0.0
85,actuated,0,0,329.11192991110045,42.1938371680898,533593.191284059,59288.13236489544,241.0,15.448717948717949,28883.21919077178,1851.4884096648577,15.6,5.26218389724469,24.65615264578269,9.2,13,5.542515491040631,0.5897435897435898,24.65615264578269,100.0,2.6,0.2888888888888889,1.5332750317566597,0.0,9,0.0,0.0,0.0,8.586377165834165,0.4,8.70421485733241,0.0,0.0,0.0,13.318996646210053,0.2,5.095260428477528,100.0,1.0,0.0,100.0,1.0,0.0,0.0,0.0,0.0,0.0,0.0,0.0,0.0,0.0,0.0
86,actuated,2,0,641.3429761606819,78.21255806837586,81138.72987196308,9015.41443021812,41.0,2.77027027027027,26452.486174927635,1787.33014695457,14.8,3.821118128506992,23.491097096905378,3.8,14,4.214725599033541,0.25675675675675674,23.491097096905378,80.0,2.8,0.3111111111111111,0.9729626820318636,0.0,9,0.0,0.0,0.0,0.0,0.0,0.0,11.4198738721484,0.2,8.756664138286773,60.0,0.8,0.0,60.0,0.8,0.0,80.0,1.0,0.0,0.0,0.0,0.0,0.0,0.0,0.0,0.0,0.0,0.0
87,actuated,2,2,314.88723703640085,44.98389100520012,1092242.8118279865,121360.31242533184,23.2,1.8125,26536.661822184356,2073.176704858153,12.8,4.325365655909829,5.646144614808388,3.2,6,4.289226119176352,0.25,5.646144614808388,37.78566743884767,1.2000000000000002,0.13333333333333333,2.141131531276935,0.0,9,11.474327011026162,0.2,8.715108075959995,0.0,0.0,0.0,0.0,0.0,0.0,0.0,0.0,0.0,0.0,0.0,0.0,37.78566743884767,0.6,1.9280850090239816,0.0,0.0,0.0,1.555307083401658,0.4,8.626990696508438,0.0,0.0,0.0
88,actuated,2,2,473.2720826615911,73.94876291587362,1619066.6996295522,179896.29995883914,43.2,3.4285714285714284,24058.92246678116,1909.438291014378,12.6,2.4247394661399997,1.247120985613795,5.4,1,2.517284716955895,0.42857142857142855,1.247120985613795,11.224088870524156,0.2,0.022222222222222223,0.9899343491737902,0.0,9,0.0,0.0,0.0,0.0,0.0,0.0,0.0,0.0,0.0,0.0,0.0,0.0,0.0,0.0,0.0,0.0,0.0,0.0,11.224088870524156,0.2,8.909409142564112,0.0,0.0,0.0,0.0,0.0,0.0
89,actuated,2,2,300.52128600809704,37.56516075101213,800564.3582202636,88951.59535780706,68.2,5.5,23317.63466890825,1880.454408782923,12.4,4.632999561006425,2.4492203349781345,5.4,2,4.229710542708442,0.43548387096774194,2.4492203349781345,11.041979087497111,0.4,0.044444444444444446,2.0162696668259508,0.0,9,0.0,0.0,0.0,0.0,0.0,0.0,0.0,0.0,0.0,0.0,0.0,0.0,11.041979087497111,0.2,9.056347526797122,11.001003927306101,0.2,9.090079474636434,0.0,0.0,0.0,0.0,0.0,0.0,0.0,0.0,0.0
90,actuated,2,2,324.289416089088,50.67022126391999,1367449.422549571,151938.8247277301,99.0,6.428571428571429,30352.237150105193,1970.924490266571,15.4,2.4314668131496657,1.958934334292937,7.4,3,2.2737172575910924,0.4805194805194805,1.958934334292937,9.286038383397681,0.6000000000000001,0.06666666666666668,1.8784837569420536,0.0,9,0.0,0.0,0.0,0.0,0.0,0.0,0.0,0.0,0.0,0.0,0.0,0.0,8.344370625238753,0.4,8.469982030894608,0.0,0.0,0.0,0.0,0.0,0.0,9.286038383397681,0.2,8.436371781583874,0.0,0.0,0.0
91,actuated,2,2,390.34004015313224,69.70357859877362,3005293.117728426,333921.45752538065,136.8,8.444444444444445,26254.913034539495,1620.6736441073763,16.2,1.8892394655574318,2.9865007900045586,9.0,6,2.141667118904931,0.5555555555555556,2.9865007900045586,12.07404239678226,1.2000000000000002,0.13333333333333336,2.751944573336028,0.0,9,0.0,0.0,0.0,3.2407642390990077,0.4,8.420836882758884,12.07404239678226,0.2,8.282230318045766,0.0,0.0,0.0,0.0,0.0,0.0,0.0,0.0,0.0,0.0,0.0,0.0,0.0,0.2,0.0,11.56370047415976,0.4,8.064433959219604
92,actuated,0,2,661.1929726019922,73.4658858446658,661.1929726019922,73.4658858446658,37.4,2.791044776119403,26572.31973952536,1983.0089357854745,13.4,4.671136583968563,2.7906614557693703,4.0,4,4.749993199389846,0.29850746268656714,2.7906614557693703,11.654320482168714,0.8,0.08888888888888889,2.8165000183161024,0.0,9,0.0,0.0,0.0,2.28837345931197,0.4,7.8971776256006825,0.0,0.0,0.0,0.0,0.0,0.0,11.654320482168714,0.2,8.501382457837463,0.0,0.0,0.0,0.0,0.0,0.0,11.17325916044365,0.2,8.949940081406773,0.0,0.0,0.0
93,actuated,0,0,568.4613711838763,67.67397275998528,407915.18845169997,45323.909827966665,47.6,4.175438596491228,20983.667948389626,1840.6726270517217,11.4,4.46460827004053,0.8798159588054154,4.0,3,4.699026202831721,0.3508771929824561,0.8798159588054154,7.918343629248739,0.6000000000000001,0.06666666666666668,0.9319412647436063,0.0,9,0.0,0.0,0.0,0.0,0.0,0.0,0.0,0.0,0.0,0.0,0.0,0.0,0.0,0.2,0.0,7.918343629248739,0.4,8.387471382692457,0.0,0.0,0.0,0.0,0.0,0.0,0.0,0.0,0.0
94,actuated,0,0,462.9283537739408,56.45467728950498,230057.5811786816,25561.953464297956,70.0,5.645161290322581,24322.72564538885,1961.5101326926494,12.4,4.54929405977121,1.4031800768232945,5.4,3,4.281759724220867,0.43548387096774194,1.4031800768232945,10.383128205733101,0.6000000000000001,0.06666666666666668,1.8911775986974437,0.0,9,0.0,0.0,0.0,0.0,0.0,0.0,10.383128205733101,0.2,8.596549715660514,2.24549248567655,0.4,8.424048672616482,0.0,0.0,0.0,0.0,0.0,0.0,0.0,0.0,0.0,0.0,0.0,0.0,0.0,0.0,0.0
95,actuated,0,0,282.568798932436,35.3210998665545,869479.6412673031,96608.84902970034,97.0,7.461538461538462,26338.91254784719,2026.0701959882456,13.0,4.849284372146998,0.5128695783696458,6.0,3,4.251822333524371,0.46153846153846156,0.5128695783696458,4.615826205326812,0.6000000000000001,0.06666666666666668,0.9684320628746514,0.0,9,4.615826205326812,0.4,8.715888565871863,0.0,0.0,0.0,0.0,0.2,0.0,0.0,0.0,0.0,0.0,0.0,0.0,0.0,0.0,0.0,0.0,0.0,0.0,0.0,0.0,0.0,0.0,0.0,0.0
96,actuated,0,0,326.94755263137404,41.91635290145821,1200326.9475526316,133369.66083918128,127.0,11.140350877192983,21631.71758832958,1897.519086695577,11.4,7.156256495217179,7.275721433521135,6.2,5,5.554603415553752,0.543859649122807,7.275721433521135,42.641204186149935,1.0,0.1111111111111111,2.7020736958504,0.0,9,0.0,0.0,0.0,0.0,0.0,0.0,0.0,0.0,0.0,0.0,0.0,0.0,42.641204186149935,0.6,6.805321208466355,0.0,0.0,0.0,11.476638451320014,0.2,8.713352818786259,11.363650264220269,0.2,8.799989235400991,0.0,0.0,0.0
97,actuated,0,0,449.25233890807885,66.06652042765866,1289724.4916238596,143302.72129153996,160.6,11.985074626865671,23273.79830276403,1736.850619609256,13.4,4.595492173843911,19.434218384482545,8.4,10,5.308353938922373,0.6268656716417911,19.434218384482545,100.0,2.0,0.2222222222222222,1.7373538548256144,0.0,9,0.0,0.0,0.0,0.0,0.0,0.0,0.0,0.0,0.0,0.0,0.0,0.0,100.0,1.0,0.0,62.807083719062575,0.8,7.372324080788954,0.0,0.0,0.0,12.100881741280318,0.2,8.263860612641574,0.0,0.0,0.0
98,actuated,0,0,715.6120373942936,83.21070202259227,437539.51850007207,48615.502055563564,200.2,12.5125,29002.67389219977,1812.6671182624857,16.0,3.773294928281302,23.101243247797104,8.4,12,4.177097149012997,0.525,23.101243247797104,100.0,2.4,0.26666666666666666,0.9344494628202585,0.0,9,0.0,0.0,0.0,7.911189230173932,0.4,8.410045165382327,0.0,0.0,0.0,0.0,0.0,0.0,100.0,1.0,0.0,100.0,1.0,0.0,0.0,0.0,0.0,0.0,0.0,0.0,0.0,0.0,0.0
99,actuated,0,0,279.15437590132274,31.722088170604852,200279.15437590133,22253.239375100147,244.0,15.061728395061728,31918.62407103802,1970.2854364838283,16.2,5.77369193589839,23.514626786941587,9.2,11,4.710017226472069,0.5679012345679012,23.514626786941587,100.0,2.2,0.24444444444444446,0.955248793556098,0.0,9,0.0,0.0,0.0,0.0,0.0,0.0,0.0,0.0,0.0,0.0,0.0,0.0,100.0,1.0,0.0,100.0,1.0,0.0,0.0,0.0,0.0,0.0,0.0,0.0,11.631641082474289,0.2,8.597239142004883
100,actuated,2,0,326.8605669329796,38.00704266662554,1217.6647940885837,135.29608823206485,41.4,2.723684210526316,25476.727379875316,1676.100485518113,15.2,5.29095841747928,21.435049216879634,3.8,16,4.869139610901506,0.25,21.435049216879634,60.0,3.2,0.35555555555555557,3.5400102548029655,0.0,9,11.469333985071444,0.2,8.71890208534869,5.277322379995439,0.4,8.111283060256392,0.0,0.0,0.0,44.773238995139764,0.8,6.254550000875346,60.0,0.8,0.0,60.0,0.8,0.0,11.395547591710056,0.2,8.775357146746263,0.0,0.0,0.0,0.0,0.0,0.0
101,actuated,2,2,596.0107259127055,85.1443894161008,927892.4642448572,103099.16269387302,28.6,2.0140845070422535,26033.832090904798,1833.3684571059719,14.2,3.2546155014739764,6.05806319902538,4.8,6,4.387495976054561,0.3380281690140845,6.05806319902538,32.569569558620515,1.2,0.13333333333333333,0.44338355332519164,0.0,9,0.0,0.0,0.0,0.0,0.0,0.0,0.0,0.0,0.0,0.0,0.0,0.0,21.952999232607908,0.6,1.655047860613515,32.569569558620515,0.6,2.3354041193132096,0.0,0.0,0.0,0.0,0.0,0.0,0.0,0.0,0.0
102,actuated,2,2,176.9022530189262,28.532621454665513,2929718.754776857,325524.3060863174,53.0,4.649122807017544,22526.836883923173,1976.0383231511555,11.4,3.962918174962312,0.3471404053061633,5.6,2,4.353199367088176,0.49122807017543857,0.3471404053061633,3.1242636477554697,0.4,0.044444444444444446,0.9367602604648303,0.0,9,0.0,0.0,0.0,0.0,0.0,0.0,0.0,0.0,0.0,0.0,0.0,0.0,0.0,0.0,0.0,0.0,0.0,0.0,0.0,0.0,0.0,0.0,0.0,0.0,3.1242636477554697,0.4,8.430842344183473
103,actuated,2,2,673.6311911057703,88.63568304023293,1002368.2529470164,111374.25032744627,79.2,6.092307692307692,24354.351640048102,1873.4116646190848,13.0,3.425919039922716,1.255214232842516,5.6,1,3.316544321980711,0.4307692307692308,1.255214232842516,11.296928095582643,0.2,0.022222222222222223,0.9835515475623686,0.0,9,0.0,0.0,0.0,0.0,0.0,0.0,0.0,0.0,0.0,0.0,0.0,0.0,11.296928095582643,0.2,8.851963928061318,0.0,0.0,0.0,0.0,0.0,0.0,0.0,0.0,0.0,0.0,0.0,0.0
104,actuated,2,2,752.0131413249462,94.00164266561828,643955.0220943318,71550.55801048131,112.2,7.10126582278481,27549.440858560865,1743.63549737727,15.8,3.014249445663467,2.716443147760654,8.0,5,3.6498878245033652,0.5063291139240507,2.716443147760654,11.393102306851688,1.0,0.1111111111111111,2.9240620382130436,0.0,9,0.0,0.0,0.0,0.0,0.0,0.0,10.05891865624335,0.4,8.708456589467824,0.0,0.0,0.0,0.0,0.0,0.0,11.393102306851688,0.2,8.777240588795651,2.995967366750847,0.4,8.830861165653916,0.0,0.0,0.0,0.0,0.0,0.0
105,actuated,2,2,363.7859553071239,56.84155551673811,1074993.3585654746,119443.70650727495,157.0,8.820224719101123,31487.425556436774,1768.9564919346503,17.8,1.826299019691127,4.637298161022601,10.4,5,1.614845517908914,0.5842696629213483,4.637298161022601,23.35774086450101,1.0,0.1111111111111111,2.6788067833025226,0.0,9,23.35774086450101,0.4,7.206681985149019,6.601616462135098,0.4,8.410966403782368,0.0,0.0,0.0,0.0,0.0,0.0,11.776326122567298,0.2,8.491612660791318,0.0,0.0,0.0,0.0,0.0,0.0,0.0,0.0,0.0,0.0,0.0,0.0
106,actuated,0,2,456.2322662099003,57.029033276237534,1000456.2322662098,111161.80358513442,30.8,2.1690140845070425,28535.92980747077,2009.572521652871,14.2,2.7370516550954425,6.666666666666667,3.6,4,2.3187001458313072,0.2535211267605634,6.666666666666667,60.0,0.8,0.08888888888888889,0.0,0.0,9,60.0,0.8,0.0,0.0,0.0,0.0,0.0,0.0,0.0,0.0,0.0,0.0,0.0,0.0,0.0,0.0,0.0,0.0,0.0,0.0,0.0,0.0,0.0,0.0,0.0,0.0,0.0
107,actuated,0,0,261.2484423056092,33.49339003918067,802872.6354799571,89208.07060888413,39.2,4.083333333333333,19107.666719258832,1990.381949922795,9.6,6.220384178306891,4.380536071410258,3.4,6,4.992561277532717,0.3541666666666667,4.380536071410258,11.722174333899602,1.2000000000000002,0.13333333333333336,3.851690611524794,0.0,9,0.0,0.0,0.0,0.0,0.0,0.0,0.0,0.0,0.0,0.0,0.0,0.0,11.722174333899602,0.2,8.530840537903272,11.49650934012243,0.2,8.698292415681635,0.0,0.0,0.0,8.7914224136739,0.4,8.76144931120798,7.414718554996398,0.4,8.674633238930255
108,actuated,0,0,328.257339271655,49.73596049570531,1468531.9529269007,163170.21699187785,61.0,5.980392156862745,19421.18256037097,1904.0375059187227,10.2,5.419938304225736,1.0785894801443243,5.8,4,5.684388636449578,0.5686274509803921,1.0785894801443243,8.704332898214489,0.8,0.08888888888888889,1.8841399291323289,0.0,9,0.0,0.0,0.0,0.0,0.0,0.0,8.704332898214489,0.4,8.652975284587594,0.0,0.0,0.0,0.0,0.0,0.0,0.0,0.0,0.0,1.0029724230844295,0.4,8.304284077603368,0.0,0.0,0.0,0.0,0.0,0.0
109,actuated,0,0,445.4185658082759,57.10494433439435,1200445.4185658086,133382.82428508985,86.0,7.678571428571429,21044.110762120516,1878.9384609036174,11.2,4.909084365897572,0.0,5.6,0,5.315605807218455,0.5,0.0,0.0,0.0,0.0,0.0,0.0,9,0.0,0.0,0.0,0.0,0.0,0.0,0.0,0.0,0.0,0.0,0.0,0.0,0.0,0.0,0.0,0.0,0.0,0.0,0.0,0.0,0.0,0.0,0.0,0.0,0.0,0.0,0.0
110,actuated,0,0,312.9862838925317,35.56662316960587,200312.98628389256,22256.99847598806,111.0,8.409090909090908,27097.594588233722,2052.848074866191,13.2,5.431714374007303,1.7190301952314258,5.2,3,4.453859507748811,0.3939393939393939,1.7190301952314258,9.266257119040802,0.6000000000000001,0.06666666666666668,1.8628660959398582,0.0,9,0.0,0.0,0.0,0.0,0.0,0.0,0.0,0.0,0.0,6.20501463804203,0.4,8.321152392495424,0.0,0.0,0.0,0.0,0.0,0.0,0.0,0.0,0.0,0.0,0.0,0.0,9.266257119040802,0.2,8.444642470963299
111,actuated,0,0,377.43061843617085,47.178827304521356,415434.6980989638,46159.41089988487,137.2,10.71875,24172.498490724534,1888.4764445878543,12.8,5.93735684231917,6.214431294511592,5.8,8,5.188426576943032,0.453125,6.214431294511592,44.61791562354165,1.5999999999999999,0.17777777777777776,2.603183838053521,0.0,9,7.2023287913361855,0.4,8.331140549201518,0.0,0.0,0.0,0.0,0.0,0.0,0.0,0.0,0.0,0.0,0.0,0.0,44.61791562354165,0.6,6.50026382758298,4.109637235726495,0.4,8.59725016569719,0.0,0.0,0.0,0.0,0.2,0.0
112,actuated,0,0,176.8238277959909,25.2605468279987,1515061.8014952405,168340.20016613783,170.0,14.40677966101695,22048.26671016616,1868.4971788276407,11.8,6.090200810464555,15.058334321537233,7.2,11,5.443102336486335,0.6101694915254238,15.058334321537233,100.0,2.2,0.2444444444444444,2.510448941981149,0.0,9,0.0,0.0,0.0,7.777957239452462,0.4,8.69710182417184,0.0,0.0,0.0,0.0,0.0,0.0,27.583849118457238,0.4,5.679426503735951,100.0,1.0,0.0,0.16320253592539302,0.4,8.217512149922548,0.0,0.0,0.0,0.0,0.0,0.0
113,actuated,0,0,937.1643991378917,123.3111051497226,806320.9947760111,89591.221641779,209.2,13.584415584415584,26464.68699719829,1718.4861686492395,15.4,4.638963541181938,23.140792620761204,9.6,12,5.361242068470845,0.6233766233766234,23.140792620761204,100.0,2.4,0.26666666666666666,0.9675857921027473,0.0,9,0.0,0.0,0.0,0.0,0.0,0.0,8.267133586850832,0.4,8.708272128924726,0.0,0.0,0.0,100.0,1.0,0.0,100.0,1.0,0.0,0.0,0.0,0.0,0.0,0.0,0.0,0.0,0.0,0.0
114,actuated,0,0,569.3389789020797,66.20220684907903,201084.9446665957,22342.771629621744,254.6,14.465909090909092,32522.12602802554,1847.8480697741784,17.6,3.218380485435532,23.095520824174653,9.6,12,3.668455702372784,0.5454545454545454,23.095520824174653,100.0,2.4,0.26666666666666666,0.9729601322776742,0.0,9,7.859687417571877,0.4,8.756641190499067,0.0,0.0,0.0,0.0,0.0,0.0,0.0,0.0,0.0,100.0,1.0,0.0,100.0,1.0,0.0,0.0,0.0,0.0,0.0,0.0,0.0,0.0,0.0,0.0
115,actuated,2,0,402.2882334296279,47.891456360669984,203070.9399730647,22563.437774784965,46.2,2.817073170731707,31871.60517952161,1943.3905597269274,16.4,3.8234218303489564,13.333333333333334,4.2,8,3.314344528677686,0.25609756097560976,13.333333333333334,60.0,1.6,0.17777777777777778,0.0,0.0,9,0.0,0.0,0.0,0.0,0.0,0.0,0.0,0.0,0.0,0.0,0.0,0.0,60.0,0.8,0.0,60.0,0.8,0.0,0.0,0.0,0.0,0.0,0.0,0.0,0.0,0.0,0.0
116,actuated,2,2,212.22479121255384,27.924314633230768,665780.4269853879,73975.60299837643,31.6,2.164383561643836,26545.152799688367,1818.1611506635868,14.6,3.7934378828182282,9.157999931573563,4.0,12,3.0888203679702437,0.273972602739726,9.157999931573563,25.397328704441406,2.4000000000000004,0.2666666666666667,4.225085403673636,0.0,9,0.0,0.0,0.0,0.0,0.0,0.0,0.0,0.0,0.0,0.6497105674861814,0.4,8.277528723794966,25.397328704441406,0.6,2.027135838654984,24.704685853846513,0.6,1.8285406006902085,11.722964450905238,0.2,8.530265567109016,8.592975889980607,0.4,8.555088186543435,11.354333917502117,0.2,8.807209716270117
117,actuated,2,2,410.1583140868819,68.35971901448032,1344978.181090291,149442.02012114343,57.0,4.453125,24331.72132609742,1900.915728601361,12.8,3.388329349070511,1.285388808942874,6.0,1,4.396431555265027,0.46875,1.285388808942874,11.568499280485867,0.2,0.022222222222222223,0.9604626185052116,0.0,9,0.0,0.0,0.0,0.0,0.0,0.0,11.568499280485867,0.2,8.644163566546904,0.0,0.0,0.0,0.0,0.0,0.0,0.0,0.0,0.0,0.0,0.0,0.0,0.0,0.0,0.0,0.0,0.0,0.0
118,actuated,2,2,203.0869806245799,35.01499665941033,3200203.0869806246,355578.12077562494,90.0,7.03125,23659.452396004388,1848.3947184378428,12.8,2.9565628675473525,1.9127665158316631,7.4,4,3.5768618216018195,0.578125,1.9127665158316631,9.189955520687363,0.8,0.08888888888888889,1.95739316124883,0.0,9,0.0,0.0,0.0,0.0,0.0,0.0,9.189955520687363,0.4,8.973582068271936,0.0,0.0,0.0,0.0,0.0,0.0,8.024943121797605,0.4,8.642956382967533,0.0,0.0,0.0,0.0,0.0,0.0,0.0,0.0,0.0
119,actuated,2,2,601.1292898777496,91.08019543602266,2001277.5012014906,222364.16680016564,128.2,8.113924050632912,26654.165758997533,1686.972516392249,15.8,2.047622279601928,3.8621203995153843,8.8,5,2.4694010849612016,0.5569620253164557,3.8621203995153843,22.370483540778423,1.0,0.1111111111111111,2.7139070345898566,0.0,9,1.3149655031520524,0.4,8.314016177412121,0.0,0.0,0.0,0.0,0.0,0.0,0.0,0.0,0.0,11.073634551707983,0.2,9.030458747130691,0.0,0.0,0.0,22.370483540778423,0.4,7.080688386765897,0.0,0.0,0.0,0.0,0.0,0.0
120,actuated,2,2,452.51854149055254,75.4197569150921,2519275.998054521,279919.5553393912,179.2,9.73913043478261,31540.887541959917,1714.1786707586912,18.4,1.7061659825387694,11.11111111111111,12.2,5,2.8673306804702254,0.6630434782608695,11.11111111111111,100.0,1.0,0.1111111111111111,0.0,0.0,9,0.0,0.0,0.0,0.0,0.0,0.0,0.0,0.0,0.0,0.0,0.0,0.0,0.0,0.0,0.0,0.0,0.0,0.0,100.0,1.0,0.0,0.0,0.0,0.0,0.0,0.0,0.0
121,actuated,0,2,403.1324068165969,50.391550852074616,1000403.1324068168,111155.90360075742,29.4,1.8148148148148149,34407.862471099375,2123.9421278456407,16.2,3.124569848624919,9.884733743917373,3.2,8,2.2458130356016306,0.19753086419753085,9.884733743917373,60.0,1.6,0.17777777777777778,2.9364204917413708,0.0,9,0.0,0.0,0.0,0.0,0.0,0.0,0.0,0.0,0.0,0.0,0.0,0.0,10.881653518817984,0.4,8.656171754654496,7.013148960797935,0.2,8.736394378636032,60.0,0.8,0.0,11.06780121564043,0.2,9.035218292381806,0.0,0.0,0.0
122,actuated,0,0,140.1897581991148,18.944561918799298,1002677.6954840042,111408.63283155602,32.6,2.963636363636364,21215.097242152005,1928.6452038320006,11.0,5.4069062528981595,1.524100070420597,3.2,4,4.216758592534549,0.2909090909090909,1.524100070420597,11.423231883682092,0.8,0.08888888888888889,1.879885515881251,0.0,9,11.423231883682092,0.2,8.7540899999455,0.0,0.0,0.0,2.2936687501032793,0.4,8.164879642985758,0.0,0.0,0.0,0.0,0.0,0.0,0.0,0.2,0.0,0.0,0.0,0.0,0.0,0.0,0.0,0.0,0.0,0.0
123,actuated,0,0,462.65847519275064,59.31518912727572,811492.5077607008,90165.83419563342,52.2,4.660714285714286,22383.950999436925,1998.567053521154,11.2,5.508675218834681,2.4650480314706633,5.0,5,5.072634312888832,0.44642857142857145,2.4650480314706633,11.147824890163065,1.0,0.1111111111111111,2.8903209837878716,0.0,9,0.0,0.0,0.0,11.147824890163065,0.2,8.970359777380505,0.0,0.0,0.0,0.0,0.0,0.0,1.2058571410057084,0.4,8.322504353336988,0.0,0.0,0.0,0.0,0.0,0.0,0.0,0.0,0.0,9.831750252067195,0.4,8.720024723373353
124,actuated,0,0,329.4978105969947,38.313698906627295,40694.39057495218,4521.598952772464,76.0,7.450980392156863,19456.42670025699,1907.4928137506852,10.2,7.106571585947188,1.2768207287813818,5.2,1,5.802580566746355,0.5098039215686274,1.2768207287813818,11.491386559032435,0.2,0.022222222222222223,0.9669077838459432,0.0,9,0.0,0.0,0.0,0.0,0.0,0.0,0.0,0.0,0.0,0.0,0.0,0.0,0.0,0.0,0.0,0.0,0.0,0.0,11.491386559032435,0.2,8.70217005461349,0.0,0.0,0.0,0.0,0.0,0.0
125,actuated,0,0,251.37823739622058,28.565708795025063,200251.3782373963,22250.15313748848,101.0,8.706896551724139,23797.09553272288,2051.473752820938,11.6,7.180523492980262,0.0,5.4,0,5.470882632304804,0.46551724137931033,0.0,0.0,0.0,0.0,0.0,0.0,9,0.0,0.0,0.0,0.0,0.0,0.0,0.0,0.0,0.0,0.0,0.0,0.0,0.0,0.0,0.0,0.0,0.0,0.0,0.0,0.0,0.0,0.0,0.0,0.0,0.0,0.0,0.0
126,actuated,0,0,342.7266071333589,40.80078656349511,205020.07746679682,22780.00860742187,127.8,10.306451612903226,22278.86433516565,1796.6826076746493,12.4,7.104144853014843,14.45547691922204,6.4,9,5.661424810435246,0.5161290322580645,14.45547691922204,96.81640567111799,1.8,0.2,3.341231754026556,0.0,9,0.0,0.0,0.0,11.80598293158937,0.2,8.470281600393402,0.0,0.0,0.0,10.110324502522872,0.4,8.446081587858497,0.0,0.0,0.0,96.81640567111799,1.0,4.357000915498223,11.366579167768123,0.2,8.797721682488879,0.0,0.0,0.0,0.0,0.0,0.0
127,actuated,0,0,324.2480585199502,46.32115121713574,1064260.589698452,118251.17663316133,163.2,12.17910447761194,23711.434274275103,1769.5100204682913,13.4,4.438771819658747,20.793298342999453,8.0,11,5.01631861751598,0.5970149253731343,20.793298342999453,100.0,2.2,0.24444444444444446,1.7199851261454948,0.0,9,0.0,0.0,0.0,0.0,0.0,0.0,0.0,0.0,0.0,0.0,0.0,0.0,83.86739164253413,1.0,7.036759607682939,100.0,1.0,0.0,3.2722934444609564,0.2,8.443106527626515,0.0,0.0,0.0,0.0,0.0,0.0
128,actuated,0,0,269.1996110848646,37.38883487289786,1611030.0244455566,179003.3360495063,203.0,14.295774647887324,25274.692316742778,1779.907909629773,14.2,5.375837064737638,23.507295174281857,8.4,12,5.214746474786261,0.5915492957746479,23.507295174281857,100.0,2.4000000000000004,0.2666666666666667,0.9606986897170923,0.0,9,11.565656568536724,0.2,8.64628820745383,0.0,0.0,0.0,0.0,0.0,0.0,0.0,0.0,0.0,100.0,1.0,0.0,100.0,1.0,0.0,0.0,0.2,0.0,0.0,0.0,0.0,0.0,0.0,0.0
129,actuated,0,0,777.6003639064328,108.0000505425601,821344.3298914519,91260.4810990502,248.0,15.121951219512194,29890.679629727343,1822.6024164467892,16.4,5.826608282895595,22.91442838342391,10.2,13,5.893318073692194,0.6219512195121951,22.91442838342391,100.0,2.6,0.2888888888888889,1.8898965559175447,0.0,9,0.0,0.0,0.0,1.0633514474830008,0.2,8.251181540172547,0.0,0.0,0.0,0.0,0.0,0.0,100.0,1.0,0.0,100.0,1.0,0.0,0.0,0.0,0.0,5.166504003332193,0.4,8.757887463085355,0.0,0.0,0.0
130,actuated,2,0,425.9030982687403,51.93940222789516,404210.43187884346,44912.27020876038,44.0,2.7848101265822787,29534.325362827407,1869.2610989131272,15.8,4.995476676075695,19.015044019913855,4.2,12,5.027197701180913,0.26582278481012656,19.015044019913855,80.0,2.4,0.26666666666666666,0.9978191105441856,0.0,9,0.0,0.0,0.0,0.0,0.2,0.0,11.1353961792247,0.2,8.98037199489767,0.0,0.0,0.0,80.0,1.0,0.0,80.0,1.0,0.0,0.0,0.0,0.0,0.0,0.0,0.0,0.0,0.0,0.0
131,actuated,2,2,428.93464395454885,57.96414107493903,750169.066548965,83352.11850544057,23.6,1.6857142857142857,26605.163493544107,1900.3688209674362,14.0,4.434387148870875,5.045563750675986,3.8,7,4.5080502187210545,0.2714285714285714,5.045563750675986,30.87466071373683,1.4,0.15555555555555556,1.791778831530137,0.0,9,0.0,0.0,0.0,0.0,0.0,0.0,0.0,0.0,0.0,0.0,0.0,0.0,4.02749516170843,0.4,5.511869863982696,30.87466071373683,0.6,1.9222401337161727,10.507917880638615,0.4,8.691899486072364,0.0,0.0,0.0,0.0,0.0,0.0
132,actuated,2,2,616.3794503973245,81.10255926280585,867960.4210716082,96440.04678573424,43.6,3.1142857142857143,26200.088456461872,1871.4348897472767,14.0,2.465424554967419,1.3699309761108855,5.0,4,1.8637309248734018,0.35714285714285715,1.3699309761108855,7.962844838755245,0.8,0.08888888888888889,1.46121325994859,0.0,9,0.0,0.0,0.0,0.0,0.0,0.0,0.0,0.0,0.0,4.3665339462427255,0.4,8.408395588677376,0.0,0.0,0.0,7.962844838755245,0.4,4.7425237508599345,0.0,0.0,0.0,0.0,0.0,0.0,0.0,0.0,0.0
133,actuated,2,2,341.9196693564489,48.84566705092127,670904.8768199445,74544.98631332716,70.0,5.223880597014926,24348.78537995203,1817.0735358173156,13.4,2.6763861875491144,1.6814180899304019,6.0,3,2.1229988954843906,0.44776119402985076,1.6814180899304019,12.031106128076772,0.6000000000000001,0.06666666666666668,1.9137786086443036,0.0,9,12.031106128076772,0.2,8.311787705590248,0.0,0.0,0.0,0.0,0.0,0.0,0.0,0.0,0.0,0.0,0.0,0.0,0.0,0.0,0.0,3.101656681296845,0.4,8.912219772208484,0.0,0.0,0.0,0.0,0.0,0.0
134,actuated,2,2,438.64662167091893,64.50685612807632,1526330.6328974315,169592.29254415905,105.0,7.0,28134.278298973513,1875.6185532649008,15.0,3.2290926760100933,2.816738941681807,8.2,4,3.1438983983527407,0.5466666666666666,2.816738941681807,11.901364575360276,0.8,0.08888888888888889,2.8190212474515235,0.0,9,0.0,0.0,0.0,0.0,0.0,0.0,11.50211238730435,0.2,8.694055198971684,0.0,0.0,0.0,11.901364575360276,0.2,8.40239783991096,0.0,0.0,0.0,0.0,0.0,0.0,0.0,0.0,0.0,1.947173512471636,0.4,8.27473818818107
135,actuated,2,2,900.2017266679043,140.65651979186003,820742.8811594184,91193.6534621576,150.0,8.928571428571429,27376.840046195586,1629.5738122735468,16.8,1.5468816744817941,2.438383324731856,10.4,3,2.0937671593851643,0.6190476190476191,2.438383324731856,12.328562493917161,0.6000000000000001,0.06666666666666668,1.8964326038011308,0.0,9,0.0,0.0,0.0,12.328562493917161,0.2,8.111245739261118,0.0,0.0,0.0,9.616887428669543,0.4,8.956647694949059,0.0,0.0,0.0,0.0,0.0,0.0,0.0,0.0,0.0,0.0,0.0,0.0,0.0,0.0,0.0
136,actuated,0,2,423.6863762960256,60.52662518514652,1459364.2816559768,162151.58685066408,33.8,2.5606060606060606,24087.319639654117,1824.7969423980392,13.2,2.8602822481992867,0.34995132619239183,4.0,2,3.7216190449790485,0.30303030303030304,0.34995132619239183,3.1495619357315263,0.4,0.044444444444444446,0.8340027321028844,0.0,9,3.1495619357315263,0.4,7.5060245889259605,0.0,0.0,0.0,0.0,0.0,0.0,0.0,0.0,0.0,0.0,0.0,0.0,0.0,0.0,0.0,0.0,0.0,0.0,0.0,0.0,0.0,0.0,0.0,0.0
137,actuated,0,0,343.2555016765112,47.674375232848774,1413250.0789374046,157027.7865486005,44.6,4.054545454545455,21052.18930903835,1913.835391730759,11.0,3.8141749746012295,1.4034389734491823,4.0,3,4.179335160071456,0.36363636363636365,1.4034389734491823,11.693725314235053,0.6000000000000001,0.06666666666666668,1.8020349430438256,0.0,9,0.0,0.0,0.0,0.0,0.0,0.0,0.0,0.0,0.0,0.0,0.0,0.0,0.0,0.0,0.0,0.937225446807588,0.4,7.666719737835228,11.693725314235053,0.2,8.551594749559202,0.0,0.0,0.0,0.0,0.0,0.0
138,actuated,0,0,471.7939208335821,57.53584400409538,650840.4696909088,72315.60774343432,64.0,5.614035087719298,22930.44898907151,2011.4428937782025,11.4,4.609290948870347,1.3084357548207965,4.4,1,4.580277537152745,0.38596491228070173,1.3084357548207965,11.77592179338717,0.2,0.022222222222222223,0.9435449136007862,0.0,9,0.0,0.0,0.0,0.0,0.0,0.0,0.0,0.0,0.0,0.0,0.0,0.0,0.0,0.0,0.0,0.0,0.0,0.0,0.0,0.0,0.0,11.77592179338717,0.2,8.491904222407076,0.0,0.0,0.0
139,actuated,0,0,252.50465250320593,28.693710511727943,200252.50465250324,22250.278294722582,84.0,7.5,24311.942927509976,2170.709189956248,11.2,6.107301286501536,2.5573646965785377,4.2,2,4.483707144826354,0.375,2.5573646965785377,11.905234771431878,0.4,0.044444444444444446,1.9333019872919397,0.0,9,0.0,0.0,0.0,0.0,0.0,0.0,11.905234771431878,0.2,8.399666358530173,0.0,0.0,0.0,11.111047497774962,0.2,9.000051527097284,0.0,0.0,0.0,0.0,0.0,0.0,0.0,0.0,0.0,0.0,0.0,0.0
140,actuated,0,0,356.96885606911843,40.564642735127094,200356.96885606914,22261.885428452126,105.2,8.62295081967213,24222.17100916083,1985.4238532099039,12.2,6.16849903204187,2.870579607613561,5.2,5,4.938740094165121,0.4262295081967213,2.870579607613561,10.980410169065635,1.0,0.1111111111111111,2.8457703834088854,0.0,9,10.980410169065635,0.2,9.107127917837097,0.0,0.0,0.0,0.0,0.0,0.0,0.0,0.0,0.0,0.0,0.0,0.0,0.0,0.0,0.0,7.188773300899811,0.4,8.117922451626509,0.0,0.0,0.0,7.666032998556602,0.4,8.386883081216366
141,actuated,0,0,483.07473336187843,57.50889682879505,32703.141004110083,3633.682333790009,132.0,11.0,19486.704698186193,1623.8920581821828,12.0,6.287892366772178,10.65538444913121,6.2,6,5.657620126432769,0.5166666666666667,10.65538444913121,84.38804005327938,1.2,0.13333333333333333,1.7113396490969341,0.0,9,0.0,0.0,0.0,0.0,0.0,0.0,0.0,0.0,0.0,11.510419988901504,0.2,8.68778029788846,0.0,0.0,0.0,84.38804005327938,1.0,6.714276543983948,0.0,0.0,0.0,0.0,0.0,0.0,0.0,0.0,0.0
142,actuated,0,0,244.9331757573669,37.11108723596468,1728443.526736956,192049.28074855066,170.0,12.686567164179104,24636.671532661425,1838.5575770642854,13.4,4.475340539919145,12.589133732030355,8.4,8,5.085226552114278,0.6268656716417911,12.589133732030355,100.0,1.6,0.17777777777777778,1.7223857718767617,0.0,9,0.0,0.0,0.0,0.0,0.0,0.0,0.0,0.0,0.0,0.0,0.0,0.0,5.837855388003845,0.2,6.553855426459964,100.0,1.0,0.0,0.0,0.0,0.0,7.464348200269342,0.4,8.947616520430893,0.0,0.0,0.0
143,actuated,2,0,507.7272647688499,65.09323907292948,1200507.727264769,133389.74747386322,25.0,1.9230769230769231,23695.442956939605,1822.7263813030465,13.0,3.5014774990368482,14.363534887319373,3.4,10,4.319579887526493,0.26153846153846155,14.363534887319373,60.0,2.0,0.2222222222222222,0.9661267241773507,0.0,9,0.0,0.0,0.0,9.27181398587436,0.4,8.695140517596156,0.0,0.0,0.0,0.0,0.0,0.0,60.0,0.8,0.0,60.0,0.8,0.0,0.0,0.0,0.0,0.0,0.0,0.0,0.0,0.0,0.0
144,actuated,2,2,403.48720494577367,50.43590061822171,603418.2184660072,67046.46871844523,23.0,1.7424242424242424,26913.052913160413,2038.867644936395,13.2,2.638470962208103,3.8971464736515475,3.4,3,2.3301483099515967,0.25757575757575757,3.8971464736515475,35.074318262863926,0.6,0.06666666666666667,0.26432207289884807,0.0,9,0.0,0.0,0.0,0.0,0.0,0.0,0.0,0.0,0.0,0.0,0.0,0.0,0.0,0.0,0.0,35.074318262863926,0.6,2.378898656089633,0.0,0.0,0.0,0.0,0.0,0.0,0.0,0.0,0.0
145,actuated,2,2,196.43451293476315,27.282571240939326,1767470.0701495293,196385.56334994768,38.2,3.1311475409836067,25253.231014505327,2069.9369684020758,12.2,4.029780437190579,1.905330646773109,3.4,4,3.7591268309872663,0.2786885245901639,1.905330646773109,9.877068399480322,0.8,0.08888888888888889,1.9443755137837597,0.0,9,0.0,0.0,0.0,0.0,0.0,0.0,7.270907421477659,0.4,8.63234736714512,0.0,0.0,0.0,0.0,0.0,0.0,0.0,0.0,0.0,0.0,0.0,0.0,9.877068399480322,0.4,8.867032256908715,0.0,0.0,0.0
146,actuated,2,2,241.27352397553136,31.746516312569916,1200508.2763842999,133389.80848714442,59.2,4.553846153846154,25810.95980778349,1985.458446752576,13.0,3.929431996690768,2.8634785788941977,5.2,7,2.7998584838110903,0.4,2.8634785788941977,11.396179835410294,1.4,0.15555555555555556,4.771648770104978,0.0,9,3.087438516229213,0.4,8.560987213440239,0.0,0.0,0.0,0.0,0.0,0.0,11.396179835410294,0.2,8.774870302527104,5.368114114796754,0.2,8.418680719099939,0.0,0.0,0.0,0.0,0.0,0.0,2.9678554369866106,0.2,8.84760053511709,2.9517193066249092,0.4,8.342700160760433
147,actuated,2,2,972.0793173707054,151.88739333917272,693706.1197125801,77078.45774584223,92.0,5.897435897435898,24413.904472115406,1564.9938764176543,15.6,1.8714504160834584,1.315846308977042,9.0,5,2.3060329537941753,0.5769230769230769,1.315846308977042,9.263485091917119,1.0,0.1111111111111111,1.9136297454022697,0.0,9,0.0,0.0,0.0,0.0,0.0,0.0,9.263485091917119,0.4,8.884693517908456,0.0,0.0,0.0,0.0,0.2,0.0,2.5791316888762594,0.2,8.337974190711973,0.0,0.0,0.0,0.0,0.2,0.0,0.0,0.0,0.0
148,actuated,2,2,479.3202568851302,77.30971885244035,2018018.1300729886,224224.2366747765,142.6,7.9222222222222225,31286.83527951993,1738.1575155288851,18.0,1.31777807767936,1.1608134573222944,11.2,2,1.3493988917484654,0.6222222222222222,1.1608134573222944,10.44732111590065,0.4,0.044444444444444446,0.9529005283386343,0.0,9,0.0,0.0,0.0,10.44732111590065,0.2,8.576104755047709,0.0,0.0,0.0,0.0,0.0,0.0,0.0,0.0,0.0,0.0,0.2,0.0,0.0,0.0,0.0,0.0,0.0,0.0,0.0,0.0,0.0
149,actuated,0,2,514.1965867172249,58.43143030877555,200514.1965867172,22279.355176301913,28.8,1.894736842105263,30585.5537501923,2012.2074835652827,15.2,2.802403331940192,0.0,4.0,1,1.921259396757926,0.2631578947368421,0.0,0.0,0.2,0.022222222222222223,0.0,0.0,9,0.0,0.0,0.0,0.0,0.2,0.0,0.0,0.0,0.0,0.0,0.0,0.0,0.0,0.0,0.0,0.0,0.0,0.0,0.0,0.0,0.0,0.0,0.0,0.0,0.0,0.0,0.0
150,actuated,0,0,270.88455155434264,30.782335403902568,200270.8845515544,22252.320505728265,39.0,3.482142857142857,22792.815425968827,2035.0728058900738,11.2,5.8944194552476485,4.034940305611296,3.6,9,4.474111776888162,0.32142857142857145,4.034940305611296,11.590166543130636,1.8,0.2,4.788142853354526,0.0,9,0.27207259922079174,0.4,8.178619940113276,0.0,0.0,0.0,0.0,0.0,0.0,0.0,0.0,0.0,8.406815681844364,0.4,8.94143922990188,4.540325392090381,0.4,8.660409482754767,11.50508253421549,0.4,8.684813311696052,0.0,0.0,0.0,11.590166543130636,0.2,8.628003715724766
151,actuated,0,0,497.64063565426534,63.800081494136585,663887.674852567,73765.29720584078,59.0,5.267857142857143,20805.03606232571,1857.5925055647956,11.2,5.0761346313983635,1.3867235513501126,5.4,1,5.1159247896348985,0.48214285714285715,1.3867235513501126,12.480511962151013,0.2,0.022222222222222223,0.8902768688341625,0.0,9,0.0,0.0,0.0,0.0,0.0,0.0,0.0,0.0,0.0,12.480511962151013,0.2,8.012491819507462,0.0,0.0,0.0,0.0,0.0,0.0,0.0,0.0,0.0,0.0,0.0,0.0,0.0,0.0,0.0
152,actuated,0,0,528.5487732514136,62.92247300612067,390258.6897024954,43362.0766336106,86.0,6.71875,24507.248092179572,1914.628757201529,12.8,5.244259758570919,1.2985467710612082,6.0,1,4.908527849839649,0.46875,1.2985467710612082,11.686920939550873,0.2,0.022222222222222223,0.9507304078278559,0.0,9,0.0,0.0,0.0,0.0,0.0,0.0,0.0,0.0,0.0,0.0,0.0,0.0,0.0,0.0,0.0,0.0,0.0,0.0,0.0,0.0,0.0,11.686920939550873,0.2,8.556573670450703,0.0,0.0,0.0
153,actuated,0,0,381.55064985546267,46.53056705554423,402009.09438911366,44667.67715434596,116.2,8.069444444444445,26216.069532688045,1820.5603842144474,14.4,4.986027000099768,8.164116018198861,6.6,9,4.8133431719022,0.4583333333333333,8.164116018198861,42.9149309118111,1.8000000000000003,0.20000000000000004,2.63940341592131,0.0,9,10.562113251978644,0.4,8.298435888253152,20.0,0.4,8.266797421313822,0.0,0.4,0.0,0.0,0.0,0.0,42.9149309118111,0.6,7.189397433724817,0.0,0.0,0.0,0.0,0.0,0.0,0.0,0.0,0.0,0.0,0.0,0.0
154,actuated,0,0,463.794675471872,64.4159271488711,799380.3441005896,88820.03823339885,155.0,9.011627906976743,32435.70732523754,1885.7969375138105,17.2,2.3724974900890583,15.13270074906283,9.4,8,1.8853837879917934,0.5465116279069767,15.13270074906283,100.0,1.5999999999999999,0.17777777777777776,2.5316092447295837,0.0,9,11.541560543266769,0.2,8.664339594730022,0.0,0.0,0.0,0.0,0.0,0.0,0.0,0.0,0.0,100.0,1.0,0.0,13.65186076101736,0.2,5.029966224377079,11.00088543728134,0.2,9.090177383459153,0.0,0.0,0.0,0.0,0.0,0.0
155,actuated,2,0,393.9844361455463,54.72006057577032,1275948.6299416923,141772.06999352138,31.2,2.108108108108108,28277.48198867245,1910.6406749103007,14.8,3.0504557054599206,18.27514161973896,4.0,13,2.6550281066732455,0.2702702702702703,18.27514161973896,80.0,2.6,0.2888888888888889,1.83835742542304,0.0,9,0.0,0.0,0.0,0.0,0.0,0.0,0.0,0.0,0.0,20.943849041282192,0.6,7.911301378849066,60.0,0.8,0.0,80.0,1.0,0.0,0.0,0.0,0.0,3.5324255363684642,0.2,8.633915449958293,0.0,0.0,0.0
156,actuated,2,2,282.49018524050825,42.80154321825883,2004464.3178674441,222718.25754082712,32.6,2.810344827586207,22484.337612718806,1938.30496661369,11.6,3.8863906564008466,1.3216464816688738,3.4,3,3.3738775010727218,0.29310344827586204,1.3216464816688738,11.103236118256063,0.6000000000000001,0.06666666666666668,1.9096297420562485,0.0,9,0.0,0.0,0.0,0.0,0.0,0.0,0.7915822167637998,0.2,8.18028441015631,0.0,0.0,0.0,0.0,0.0,0.0,0.0,0.0,0.0,0.0,0.0,0.0,0.0,0.2,0.0,11.103236118256063,0.2,9.006383268349927
157,actuated,2,2,313.2999448402128,62.659988968042555,3083310.9073396036,342590.10081551154,55.2,6.2727272727272725,15318.246494082006,1740.7098288729553,8.8,4.714392519481689,1.9438612971258509,5.4,5,5.3585908933899935,0.6136363636363636,1.9438612971258509,10.991796232331126,1.0,0.1111111111111111,1.9409724270821447,0.0,9,0.0,0.0,0.0,0.0,0.0,0.0,0.0,0.2,0.0,0.0,0.0,0.0,10.991796232331126,0.4,8.788910358026625,0.0,0.0,0.0,6.502955441801532,0.4,8.679841485712677,0.0,0.0,0.0,0.0,0.0,0.0
158,actuated,2,2,301.3623432904558,53.81470415900996,2906303.480166876,322922.60890743067,84.0,9.130434782608695,15919.872891686211,1730.4209664876316,9.2,5.23401984581418,1.1776899686535418,6.4,1,6.181762283054861,0.6956521739130435,1.1776899686535418,10.599209717881877,0.2,0.022222222222222223,0.8906841554368534,0.0,9,0.0,0.0,0.0,0.0,0.0,0.0,0.0,0.0,0.0,0.0,0.0,0.0,0.0,0.0,0.0,10.599209717881877,0.2,8.01615739893168,0.0,0.0,0.0,0.0,0.0,0.0,0.0,0.0,0.0
159,actuated,2,2,610.779001139473,76.34737514243413,1000610.7790011397,111178.97544457107,114.6,8.815384615384616,22908.20313744517,1762.1694721111667,13.0,4.708945999356094,0.0,7.4,1,5.715166669433436,0.5692307692307692,0.0,0.0,0.2,0.022222222222222223,0.0,0.0,9,0.0,0.0,0.0,0.0,0.0,0.0,0.0,0.0,0.0,0.0,0.0,0.0,0.0,0.0,0.0,0.0,0.2,0.0,0.0,0.0,0.0,0.0,0.0,0.0,0.0,0.0,0.0
160,actuated,2,2,547.0236942665254,65.12186836506254,600547.0236942662,66727.44707714069,149.0,8.975903614457831,32564.419372006883,1961.7120103618604,16.6,2.195997831027041,1.2578954461466512,7.4,1,1.493131485396682,0.4457831325301205,1.2578954461466512,11.321059015319861,0.2,0.022222222222222223,0.9814551002759863,0.0,9,0.0,0.0,0.0,11.321059015319861,0.2,8.833095902483876,0.0,0.0,0.0,0.0,0.0,0.0,0.0,0.0,0.0,0.0,0.0,0.0,0.0,0.0,0.0,0.0,0.0,0.0,0.0,0.0,0.0
161,actuated,0,2,220.8069999449941,24.534111104999344,220.8069999449941,24.534111104999344,15.8,1.2153846153846153,27874.276362701832,2144.1751048232177,13.0,4.632713475111631,2.859430024308646,1.2,4,2.385398429195857,0.09230769230769231,2.859430024308646,12.246461573029137,0.8,0.08888888888888889,2.633773746560404,0.0,9,0.0,0.0,0.0,10.990893329199025,0.2,7.226120783794371,0.0,0.0,0.0,0.0,0.0,0.0,0.0,0.0,0.0,0.0,0.0,0.0,12.246461573029137,0.2,8.165623956248222,0.0,0.0,0.0,2.497515316549652,0.4,8.312218979001043
162,actuated,0,0,150.92133302970942,16.769037003301047,150.92133302970942,16.769037003301047,15.0,1.7857142857142858,18436.352172586274,2194.8038300697945,8.4,9.17799370934672,3.5315950936913194,1.2,7,4.501140354240998,0.14285714285714285,3.5315950936913194,11.286890263595524,1.4,0.15555555555555556,3.913677883329102,0.0,9,0.0,0.0,0.0,0.0,0.2,0.0,2.5869952766311144,0.4,8.779066262580454,11.276243079564665,0.2,8.868201873124274,0.0,0.0,0.0,11.286890263595524,0.2,8.85983629366343,0.0,0.0,0.0,6.634227223430571,0.4,8.71599652059376,0.0,0.0,0.0
163,actuated,0,0,416.41976230527143,48.420902593636214,400416.4197623053,44490.71330692281,24.4,2.975609756097561,14058.637294093724,1714.4679626943564,8.2,7.951230341881641,1.9642543448536445,3.6,3,5.979458567819931,0.43902439024390244,1.9642543448536445,11.890625938276571,0.6000000000000001,0.06666666666666668,1.8728600822040964,0.0,9,5.787663165406229,0.4,8.445754544064402,0.0,0.0,0.0,0.0,0.0,0.0,0.0,0.0,0.0,11.890625938276571,0.2,8.409986195772467,0.0,0.0,0.0,0.0,0.0,0.0,0.0,0.0,0.0,0.0,0.0,0.0
164,actuated,0,0,304.2652417451606,36.222052588709595,600304.2652417453,66700.47391574948,43.0,4.134615384615385,20457.646041781052,1967.0813501712548,10.4,5.696928948703248,0.0,4.6,0,5.599609820210782,0.4423076923076923,0.0,0.0,0.0,0.0,0.0,0.0,9,0.0,0.0,0.0,0.0,0.0,0.0,0.0,0.0,0.0,0.0,0.0,0.0,0.0,0.0,0.0,0.0,0.0,0.0,0.0,0.0,0.0,0.0,0.0,0.0,0.0,0.0,0.0
165,actuated,0,0,281.08953743390987,34.279211882184136,258289.16063913814,28698.795626570904,64.2,5.015625,25769.67600315639,2013.255937746593,12.8,4.512804022590023,9.971152904810323,4.8,5,4.136568179433329,0.375,9.971152904810323,89.7403761432929,1.0,0.1111111111111111,0.6131810588833662,0.0,9,0.0,0.0,0.0,0.0,0.0,0.0,0.0,0.0,0.0,0.0,0.0,0.0,0.0,0.0,0.0,89.7403761432929,1.0,5.518629529950296,0.0,0.0,0.0,0.0,0.0,0.0,0.0,0.0,0.0
166,actuated,0,0,408.08218075145874,53.695023783086675,901789.3746112104,100198.81940124561,89.2,6.371428571428571,27114.758088298568,1936.768434878469,14.0,4.91250965676656,15.892648498453228,6.0,10,4.225276299434684,0.42857142857142855,15.892648498453228,100.0,2.0,0.2222222222222222,3.8627667651402127,0.0,9,0.0,0.0,0.0,11.53168660358233,0.2,8.67175838519015,0.0,0.0,0.0,8.351566881237886,0.4,8.812161792069674,11.722584251447188,0.2,8.53054222985471,100.0,1.0,0.0,11.42799874981165,0.2,8.750438479147379,0.0,0.0,0.0,0.0,0.0,0.0
167,actuated,0,0,414.2014917136793,51.77518646420991,403648.7289909992,44849.85877677769,121.0,8.066666666666666,28171.044763329643,1878.0696508886429,15.0,4.4337760254036365,13.720877515684151,7.0,10,4.234645089593029,0.4666666666666667,13.720877515684151,100.0,2.0,0.2222222222222222,2.9153684845712866,0.0,9,10.898605590687112,0.2,9.175485723187403,0.0,0.0,0.0,0.0,0.0,0.0,0.0,0.0,0.0,0.0,0.0,0.0,100.0,1.0,0.0,0.0,0.0,0.0,6.565958180324287,0.4,8.513447256106884,6.0233338701459616,0.4,8.54938338184729
168,actuated,0,0,1052.2190779001141,154.73809969119327,932640.966222308,103626.77402470089,162.2,10.1375,27912.209430805447,1744.5130894253405,16.0,2.390738175807014,11.249980069000129,9.8,7,3.0082861204710203,0.6125,11.249980069000129,100.0,1.4,0.15555555555555556,0.9489462811913756,0.0,9,0.0,0.0,0.0,1.249820621001163,0.4,8.54051653072238,0.0,0.0,0.0,0.0,0.0,0.0,0.0,0.0,0.0,100.0,1.0,0.0,0.0,0.0,0.0,0.0,0.0,0.0,0.0,0.0,0.0
169,actuated,2,0,202.6785934375592,40.53571868751184,2586663.6466516387,287407.0718501821,42.6,2.8783783783783785,26388.111480005708,1782.980505405791,14.8,2.126124405329329,11.005802817680888,5.2,9,2.690994657407916,0.35135135135135137,11.005802817680888,60.0,1.8000000000000003,0.2,2.5458514097741087,0.0,9,0.0,0.0,0.0,0.0,0.0,0.0,10.935690387655086,0.2,9.144370081370122,0.0,0.0,0.0,19.011556508123704,0.4,4.924278319322525,60.0,0.8,0.0,0.0,0.0,0.0,9.104978463349198,0.4,8.844014287274332,0.0,0.0,0.0
170,actuated,2,2,505.40897749381037,81.5175770151307,2206573.7364729606,245174.85960810672,48.2,3.442857142857143,25499.18220845181,1821.3701577465579,14.0,1.9964074885162277,3.164866246049011,6.0,3,2.54503755819524,0.42857142857142855,3.164866246049011,28.4837962144411,0.6,0.06666666666666667,0.19807707231726798,0.0,9,0.0,0.0,0.0,0.0,0.0,0.0,0.0,0.0,0.0,0.0,0.0,0.0,0.0,0.0,0.0,28.4837962144411,0.6,1.7826936508554119,0.0,0.0,0.0,0.0,0.0,0.0,0.0,0.0,0.0
171,actuated,2,2,231.4762717804778,38.57937863007963,2823680.059919429,313742.22887993656,78.0,6.610169491525424,22554.42676128883,1911.3920984143076,11.8,3.604844283645225,2.2700497996336506,6.4,3,4.353278890874553,0.5423728813559322,2.2700497996336506,11.906166738058346,0.6000000000000001,0.06666666666666668,1.8726424025164627,0.0,9,0.0,0.0,0.0,0.0,0.0,0.0,0.0,0.0,0.0,11.906166738058346,0.2,8.399008866585717,0.0,0.0,0.0,0.0,0.0,0.0,0.0,0.0,0.0,8.52428145864451,0.4,8.454772756062448,0.0,0.0,0.0
172,actuated,2,2,439.9139961357617,64.6932347258473,1464322.9470800085,162702.54967555648,111.0,8.283582089552239,25228.82322259343,1882.7480016860768,13.4,3.4882351857844887,2.5151445123335887,7.6,4,4.266527897363962,0.5671641791044776,2.5151445123335887,9.90639020300705,0.8,0.08888888888888889,2.8741877884914477,0.0,9,9.90639020300705,0.4,8.44556245645508,0.0,0.0,0.0,0.0,0.0,0.0,0.0,0.0,0.0,0.0,0.0,0.0,9.870052305655008,0.2,8.7242469182238,0.0,0.0,0.0,0.0,0.0,0.0,2.8598581023402403,0.2,8.697880721744149
173,actuated,2,2,666.0962918647601,87.6442489295737,213038.78769761845,23670.976410846495,148.4,9.160493827160494,27060.478746946523,1670.39992265102,16.2,3.1110688779032607,0.0,8.8,2,4.100320648490767,0.5432098765432098,0.0,0.0,0.4,0.044444444444444446,0.0,0.0,9,0.0,0.0,0.0,0.0,0.0,0.0,0.0,0.0,0.0,0.0,0.0,0.0,0.0,0.0,0.0,0.0,0.2,0.0,0.0,0.0,0.0,0.0,0.0,0.0,0.0,0.2,0.0
174,actuated,2,2,585.2162806980214,75.02772829461813,987787.6979140751,109754.18865711946,197.0,10.591397849462366,35103.718525195225,1887.2966949029692,18.6,2.168420848365268,1.6317514202152477,10.4,3,1.7517623631723775,0.5591397849462365,1.6317514202152477,10.973194800299098,0.6000000000000001,0.06666666666666668,1.9481562602822686,0.0,9,0.0,0.0,0.0,10.973194800299098,0.2,9.113116263758872,0.0,0.0,0.0,3.7125679816381307,0.4,8.420290078781546,0.0,0.0,0.0,0.0,0.0,0.0,0.0,0.0,0.0,0.0,0.0,0.0,0.0,0.0,0.0
175,actuated,0,2,445.9934540426727,49.55482822696363,445.9934540426727,49.55482822696363,17.2,1.178082191780822,28480.572894805926,1950.7241708771182,14.6,3.3722748869584622,3.0205350058738785,2.2,4,2.134663145580389,0.1506849315068493,3.0205350058738785,11.451337612306816,0.8,0.08888888888888889,2.9438364022427215,0.0,9,0.0,0.0,0.0,0.0,0.0,0.0,4.437042040037795,0.4,8.909573319368066,0.0,0.0,0.0,0.0,0.0,0.0,11.451337612306816,0.2,8.732604293539424,11.296435400520295,0.2,8.852350007277,0.0,0.0,0.0,0.0,0.0,0.0
176,actuated,0,0,411.4964451888018,50.18249331570754,408314.9993713893,45368.3332634877,21.2,2.0784313725490198,19472.34175722715,1909.0531134536423,10.2,4.962682894700001,0.6624136095858072,3.0,4,4.37820942106524,0.29411764705882354,0.6624136095858072,5.507085606843702,0.8,0.08888888888888889,1.8396393324662408,0.0,9,0.4546368794285627,0.4,8.510868436377494,0.0,0.0,0.0,0.0,0.0,0.0,0.0,0.0,0.0,0.0,0.0,0.0,0.0,0.0,0.0,0.0,0.0,0.0,5.507085606843702,0.4,8.045885555818673,0.0,0.0,0.0
177,actuated,0,0,355.2481505174724,43.32294518505762,400888.2868156861,44543.14297952068,36.2,4.022222222222222,16238.701897367913,1804.300210818657,9.0,6.871422895473395,2.1778571474088597,3.4,3,5.205260338756786,0.37777777777777777,2.1778571474088597,11.348754248137993,0.6000000000000001,0.06666666666666668,1.9410645668187843,0.0,9,0.0,0.0,0.0,0.0,0.0,0.0,0.0,0.0,0.0,8.251960078541742,0.4,8.658041278272867,11.348754248137993,0.2,8.811539823096192,0.0,0.0,0.0,0.0,0.0,0.0,0.0,0.0,0.0,0.0,0.0,0.0
178,actuated,0,0,308.9182219474554,44.131174563922194,739516.4614667629,82168.49571852922,58.0,5.471698113207547,21078.179841799596,1988.507532245245,10.6,6.076345863284626,1.8629472616097094,5.6,4,5.544448988768496,0.5283018867924528,1.8629472616097094,9.01504033395895,0.8,0.08888888888888889,2.8496580060320795,0.0,9,3.770769734633177,0.2,8.71093726768884,0.0,0.0,0.0,0.0,0.0,0.0,0.0,0.0,0.0,0.0,0.0,0.0,0.0,0.0,0.0,9.01504033395895,0.2,8.175892657693474,0.0,0.0,0.0,3.9807152858952577,0.4,8.760092128906399
179,actuated,0,0,383.32793925559054,46.747309665315925,739411.7556521446,82156.86173912717,83.0,7.410714285714286,21610.437938519986,1929.503387367856,11.2,5.843505737857694,0.0,5.4,2,5.676243989337875,0.48214285714285715,0.0,0.0,0.4,0.044444444444444446,0.0,0.0,9,0.0,0.2,0.0,0.0,0.0,0.0,0.0,0.0,0.0,0.0,0.0,0.0,0.0,0.0,0.0,0.0,0.0,0.0,0.0,0.2,0.0,0.0,0.0,0.0,0.0,0.0,0.0
180,actuated,0,0,389.58949219939717,47.51091368285332,600925.9587395315,66769.55097105906,108.6,8.619047619047619,23753.925990646523,1885.2322214798828,12.6,6.15696337033121,8.960220975805997,6.2,5,5.325217553656454,0.49206349206349204,8.960220975805997,80.64198878225397,1.0,0.1111111111111111,0.8484519268916484,0.0,9,0.0,0.0,0.0,0.0,0.0,0.0,0.0,0.0,0.0,0.0,0.0,0.0,0.0,0.0,0.0,80.64198878225397,1.0,7.636067342024836,0.0,0.0,0.0,0.0,0.0,0.0,0.0,0.0,0.0
181,actuated,0,0,351.9604757994267,43.99505947492834,1000351.9604757996,111150.2178306444,138.0,9.583333333333334,28569.73681735844,1984.0095012054471,14.4,5.173882021684505,15.499362806315023,6.0,10,4.845335210424269,0.4166666666666667,15.499362806315023,100.0,2.0,0.2222222222222222,3.9002509536946284,0.0,9,11.032951948620848,0.2,9.063757411949963,11.486321647707882,0.2,8.706007289980008,0.0,0.0,0.0,0.0,0.0,0.0,5.4941544100029205,0.4,8.62232773071155,100.0,1.0,0.0,11.480837250503555,0.2,8.710166150610135,0.0,0.0,0.0,0.0,0.0,0.0
182,actuated,0,0,341.1430155697884,44.88723889076164,1001582.0196558142,111286.89107286824,172.8,11.220779220779221,24899.011974061235,1616.8189593546258,15.4,4.894324353103951,18.141014722290137,8.6,9,5.113391177993436,0.5584415584415584,18.141014722290137,100.0,1.8,0.2,0.7485974006626579,0.0,9,0.0,0.0,0.0,0.0,0.0,0.0,0.0,0.0,0.0,0.0,0.0,0.0,63.26913250061125,0.8,6.737376605963921,100.0,1.0,0.0,0.0,0.0,0.0,0.0,0.0,0.0,0.0,0.0,0.0
183,actuated,0,0,321.06923785084985,51.785360943685454,2077273.2853236594,230808.14281373995,221.2,13.166666666666666,29159.743454502004,1735.6990151489288,16.8,4.312160603397558,24.39133449933504,10.4,13,5.145336505998813,0.6190476190476191,24.39133449933504,100.0,2.6000000000000005,0.288888888888889,2.7212434638705743,0.0,9,0.0,0.0,0.0,0.0,0.0,0.0,7.316337883453343,0.2,7.91156690698117,0.0,0.0,0.0,100.0,1.0,0.0,100.0,1.0,0.0,0.0,0.0,0.0,11.52746879651204,0.2,8.674931311048772,0.6782038140499935,0.2,7.904692956805228
184,actuated,2,0,869.4225099516477,111.46442435277535,607541.1170272592,67504.56855858436,52.6,3.246913580246914,28529.551453203247,1761.0834230372375,16.2,2.190518420796328,17.77777777777778,6.0,12,2.7126543845876836,0.37037037037037035,17.77777777777778,80.0,2.4000000000000004,0.2666666666666667,0.0,0.0,9,0.0,0.0,0.0,0.0,0.0,0.0,0.0,0.2,0.0,0.0,0.0,0.0,80.0,1.0,0.0,80.0,1.0,0.0,0.0,0.0,0.0,0.0,0.0,0.0,0.0,0.2,0.0
185,actuated,2,2,414.93858564524606,51.86732320565576,733677.1910115366,81519.68789017074,47.0,3.175675675675676,28293.47958569043,1911.7215936277316,14.8,3.369202283258829,6.44053962289844,5.4,7,3.8871752131350576,0.36486486486486486,6.44053962289844,23.857820653765884,1.4,0.15555555555555556,1.3626477300034343,0.0,9,0.0,0.0,0.0,0.0,0.0,0.0,0.0,0.0,0.0,0.0,0.0,0.0,23.857820653765884,0.6,2.0054433762893997,22.49166158127082,0.6,1.649107077500104,0.0,0.0,0.0,11.615374371049256,0.2,8.609279116241405,0.0,0.0,0.0
186,actuated,2,2,304.674691188065,46.16283199819167,1512899.810698617,168099.978966513,75.6,5.478260869565218,25858.823086988887,1873.8277599267308,13.8,2.474571041872546,0.08242396011812364,7.0,2,2.461360741319337,0.5072463768115942,0.08242396011812364,0.7418156410631127,0.4,0.044444444444444446,0.936721630549679,0.0,9,0.0,0.0,0.0,0.0,0.0,0.0,0.0,0.0,0.0,0.0,0.0,0.0,0.0,0.0,0.0,0.0,0.0,0.0,0.7418156410631127,0.4,8.430494674947111,0.0,0.0,0.0,0.0,0.0,0.0
187,actuated,2,2,422.8054696272428,68.19443058503916,2232193.2686379654,248021.47429310728,110.8,7.589041095890411,26093.684865804986,1787.2386894386977,14.6,2.6469058469264115,1.7793964021161122,7.8,4,2.6473510416535704,0.5342465753424658,1.7793964021161122,11.984492692727144,0.8,0.08888888888888889,2.8225389943716133,0.0,9,11.984492692727144,0.2,8.344116231193128,3.0459975518760984,0.4,8.716816616896539,0.0,0.0,0.0,0.9840773744417675,0.2,8.34191810125485,0.0,0.0,0.0,0.0,0.0,0.0,0.0,0.0,0.0,0.0,0.0,0.0,0.0,0.0,0.0
188,actuated,2,2,893.1700065778266,124.05138980247591,1436800.7111906228,159644.52346562475,154.2,9.070588235294117,30728.208080054057,1807.5416517678857,17.0,2.6206509988713362,0.9489618963617532,9.8,3,2.8348596355090168,0.5764705882352941,0.9489618963617532,8.540657067255779,0.6000000000000001,0.06666666666666668,0.9622947520472938,0.0,9,0.0,0.0,0.0,0.0,0.0,0.0,0.0,0.0,0.0,0.0,0.2,0.0,0.0,0.0,0.0,8.540657067255779,0.4,8.660652768425644,0.0,0.0,0.0,0.0,0.0,0.0,0.0,0.0,0.0
189,actuated,2,2,607.3544128482176,82.07492065516455,1027331.5276536193,114147.94751706881,206.6,10.760416666666666,32320.37992433739,1683.3531210592391,19.2,1.9106810042079798,1.6436645081855912,11.8,6,2.217995809921576,0.6145833333333334,1.6436645081855912,8.30630106785975,1.2000000000000002,0.13333333333333336,2.8596084596485727,0.0,9,0.0,0.0,0.0,0.0,0.0,0.0,0.3913701632200173,0.4,8.608132405485957,0.0,0.0,0.0,8.30630106785975,0.4,8.740126781724394,0.0,0.0,0.0,0.0,0.0,0.0,0.0,0.0,0.0,6.095309342590554,0.4,8.388216949626804
190,actuated,0,2,895.9439756524396,101.81181541504995,4585.434245976465,509.492693997385,31.2,1.793103448275862,34422.441111761254,1978.3012133196123,17.4,2.0718448879488163,3.161017069751324,4.6,3,1.3630572776057013,0.26436781609195403,3.161017069751324,28.449153627761916,0.6,0.06666666666666667,0.6529780027964182,0.0,9,0.0,0.0,0.0,0.0,0.0,0.0,0.0,0.0,0.0,0.0,0.0,0.0,0.0,0.0,0.0,0.0,0.0,0.0,0.0,0.0,0.0,28.449153627761916,0.6,5.8768020251677635,0.0,0.0,0.0
191,actuated,0,0,268.26928782234324,29.807698646927026,268.26928782234324,29.807698646927026,35.0,2.8688524590163933,24909.19771454241,2041.7375175854436,12.2,5.056177253312476,5.339657083833724,3.2,8,3.8238866150754025,0.26229508196721313,5.339657083833724,20.0,1.5999999999999999,0.17777777777777778,3.75262348870351,0.0,9,0.0,0.4,0.0,20.0,0.4,8.561374211777002,0.0,0.0,0.0,4.348624765361819,0.2,8.734048676118256,0.0,0.0,0.0,11.132688753596085,0.4,8.526281792111694,12.575600235545608,0.2,7.951906718324636,0.0,0.0,0.0,0.0,0.0,0.0
192,actuated,0,0,244.44821367958008,33.03354238913244,213707.95093975807,23745.327882195343,53.2,5.018867924528302,20515.36307688468,1935.4116110268567,10.6,5.898671087362126,2.5414900459822496,4.8,3,4.864622080749188,0.4528301886792453,2.5414900459822496,11.55943205003041,0.6000000000000001,0.06666666666666668,1.9432853328172075,0.0,9,0.0,0.0,0.0,11.313978363809838,0.2,8.838623937966085,11.55943205003041,0.2,8.650944057388783,0.0,0.2,0.0,0.0,0.0,0.0,0.0,0.0,0.0,0.0,0.0,0.0,0.0,0.0,0.0,0.0,0.0,0.0
193,actuated,0,0,434.3372114814444,62.04817306877777,1110321.6035266982,123369.06705852202,78.8,6.566666666666666,21235.035064843687,1769.5862554036405,12.0,3.9426592532608438,2.0272303172790394,5.8,3,4.4509313762729885,0.48333333333333334,2.0272303172790394,12.340815512352492,0.6000000000000001,0.06666666666666668,1.862700107976642,0.0,9,0.0,0.0,0.0,0.0,0.0,0.0,0.0,0.0,0.0,0.0,0.0,0.0,12.340815512352492,0.2,8.103192199891927,0.0,0.0,0.0,0.0,0.0,0.0,0.0,0.0,0.0,5.904257343158861,0.4,8.661108771897853
194,actuated,0,0,531.2185161130923,73.7803494601517,754210.3295086671,83801.14772318523,114.0,8.142857142857142,25063.262449286976,1790.233032091927,14.0,4.231937410426685,0.5922624603550098,8.2,2,4.816414741504867,0.5857142857142857,0.5922624603550098,5.330362143195089,0.4,0.044444444444444446,0.9348809891897771,0.0,9,0.0,0.0,0.0,0.0,0.0,0.0,0.0,0.0,0.0,0.0,0.0,0.0,0.0,0.0,0.0,0.0,0.0,0.0,5.330362143195089,0.4,8.413928902707994,0.0,0.0,0.0,0.0,0.0,0.0
195,actuated,2,0,396.56108802679273,48.36110829595034,574260.443477558,63806.71594195088,26.2,1.8194444444444444,28548.231639395603,1982.516086069139,14.4,4.6039243072354745,3.9733689181563627,4.2,6,4.646947651298965,0.2916666666666667,3.9733689181563627,20.0,1.2,0.13333333333333333,2.7671324028251707,0.0,9,10.727984315531103,0.4,8.813964356016369,0.0,0.0,0.0,0.0,0.0,0.0,0.0,0.0,0.0,0.0,0.0,0.0,5.032335947876163,0.4,7.698929928737702,0.0,0.0,0.0,0.0,0.2,0.0,20.0,0.2,8.391297340672464
196,actuated,2,2,512.7105326589428,67.46191219196616,1002877.8161053543,111430.86845615048,34.8,2.6769230769230767,24878.284485996566,1913.714191230505,13.0,3.0069758196135896,0.9077372992952506,3.8,3,2.7011928196305743,0.2923076923076923,0.9077372992952506,8.169635693657256,0.6000000000000001,0.06666666666666668,0.9888279848835535,0.0,9,0.0,0.0,0.0,0.0,0.0,0.0,0.0,0.0,0.0,0.0,0.0,0.0,8.169635693657256,0.2,8.899451863951981,0.0,0.0,0.0,0.0,0.0,0.0,0.0,0.2,0.0,0.0,0.2,0.0
197,actuated,2,2,232.5709189929185,35.238018029230076,2098396.028827464,233155.1143141627,58.0,5.0,24234.102540146585,2089.146770702292,11.6,3.9635070764755493,1.3026357961861221,5.4,2,4.156387529513146,0.46551724137931033,1.3026357961861221,11.723722165675099,0.4,0.044444444444444446,0.947746027592022,0.0,9,0.0,0.0,0.0,0.0,0.0,0.0,0.0,0.0,0.0,11.723722165675099,0.2,8.529714248328197,0.0,0.2,0.0,0.0,0.0,0.0,0.0,0.0,0.0,0.0,0.0,0.0,0.0,0.0,0.0
198,actuated,2,2,374.63093610080773,52.032074458445514,1401379.5078856493,155708.8342095166,83.4,6.725806451612903,22393.817022066185,1805.9529856504987,12.4,4.371267904056462,4.603023288771308,5.6,5,4.782305459264996,0.45161290322580644,4.603023288771308,22.924306864697428,1.0,0.1111111111111111,2.9292784208996188,0.0,9,0.0,0.0,0.0,0.0,0.0,0.0,22.924306864697428,0.4,8.731760892315766,0.0,0.0,0.0,0.0,0.0,0.0,7.230033156311038,0.4,8.760889138188213,11.272869577933307,0.2,8.870855757592588,0.0,0.0,0.0,0.0,0.0,0.0
199,actuated,2,2,330.00395394000464,51.56311780312572,1746163.335124924,194018.14834721378,118.2,8.691176470588236,23856.791753589543,1754.175864234525,13.6,3.737552640511786,1.3374857606201356,8.4,1,4.77292440410861,0.6176470588235294,1.3374857606201356,12.03737184558122,0.2,0.022222222222222223,0.9230512485322843,0.0,9,0.0,0.0,0.0,0.0,0.0,0.0,0.0,0.0,0.0,0.0,0.0,0.0,0.0,0.0,0.0,0.0,0.0,0.0,0.0,0.0,0.0,0.0,0.0,0.0,12.03737184558122,0.2,8.307461236790559
200,actuated,2,2,293.5701695209795,45.87033898765304,2600293.5701695206,288921.5077966134,162.0,10.519480519480519,27219.358109867095,1767.490786355006,15.4,3.2575574624177204,1.5075710151409618,9.4,4,4.143475693264134,0.6103896103896104,1.5075710151409618,10.508467358422422,0.8,0.08888888888888889,1.8508087678605483,0.0,9,3.0596717778462335,0.4,8.480300687719136,0.0,0.0,0.0,0.0,0.0,0.0,10.508467358422422,0.4,8.176978223025797,0.0,0.0,0.0,0.0,0.0,0.0,0.0,0.0,0.0,0.0,0.0,0.0,0.0,0.0,0.0
201,actuated,2,2,218.3534998436706,38.991696400655464,2622367.6231596684,291374.18035107426,213.6,13.35,27057.84588069195,1691.115367543247,16.0,3.058071125944957,1.7540286466813388,11.4,2,4.32256007487858,0.7125,1.7540286466813388,11.908043542034648,0.4,0.044444444444444446,1.6882406596969208,0.0,9,0.0,0.0,0.0,0.0,0.0,0.0,3.8782142780974027,0.2,6.796480822416413,0.0,0.0,0.0,0.0,0.0,0.0,0.0,0.0,0.0,0.0,0.0,0.0,11.908043542034648,0.2,8.397685114855875,0.0,0.0,0.0
202,actuated,0,2,742.9213787383623,90.60016813882467,800742.9213787384,88971.4357087487,18.6,1.4090909090909092,25425.628304923877,1926.1839624942331,13.2,2.9397683223037374,10.166310423890334,2.6,6,3.648357678079463,0.19696969696969696,10.166310423890334,80.0,1.2,0.13333333333333333,0.9664530207197198,0.0,9,0.0,0.0,0.0,0.0,0.0,0.0,80.0,1.0,0.0,0.0,0.0,0.0,0.0,0.0,0.0,11.496793815013007,0.2,8.698077186477478,0.0,0.0,0.0,0.0,0.0,0.0,0.0,0.0,0.0
203,actuated,0,0,262.39545905069707,39.756887734954105,1916275.9731871313,212919.55257634792,16.0,1.4035087719298245,21835.889917248885,1915.4289401095514,11.4,3.0970150347583405,1.3364599048398103,3.0,4,3.6417943208171035,0.2631578947368421,1.3364599048398103,7.4515023333333374,0.8,0.08888888888888889,1.8904860672230521,0.0,9,0.0,0.0,0.0,0.0,0.0,0.0,0.0,0.0,0.0,0.0,0.0,0.0,4.576636810224954,0.4,8.35438122069463,0.0,0.0,0.0,7.4515023333333374,0.4,8.659993384312838,0.0,0.0,0.0,0.0,0.0,0.0
204,actuated,0,0,405.8071566042598,45.08968406713998,405.8071566042598,45.08968406713998,29.0,2.6363636363636362,23729.82580391079,2157.256891264617,11.0,4.7410280255291575,0.0,3.0,0,3.801288352716792,0.2727272727272727,0.0,0.0,0.0,0.0,0.0,0.0,9,0.0,0.0,0.0,0.0,0.0,0.0,0.0,0.0,0.0,0.0,0.0,0.0,0.0,0.0,0.0,0.0,0.0,0.0,0.0,0.0,0.0,0.0,0.0,0.0,0.0,0.0,0.0
205,actuated,0,0,221.78009982995536,26.40239283689945,400557.56632638734,44506.39625848748,44.0,3.8596491228070176,24319.448629189275,2133.284967472743,11.4,5.27613841085759,1.6133013691129843,3.4,5,3.6470798007911864,0.2982456140350877,1.6133013691129843,10.935239018667744,1.0,0.1111111111111111,2.855540803178344,0.0,9,3.0162365214891906,0.4,8.238126257807016,10.935239018667744,0.2,9.144747529458495,0.0,0.0,0.0,0.0,0.0,0.0,0.5682367818599232,0.4,8.316993441339582,0.0,0.0,0.0,0.0,0.0,0.0,0.0,0.0,0.0,0.0,0.0,0.0
206,actuated,0,0,276.31149714953006,32.89422585113453,70465.4450870989,7829.493898566544,62.0,5.849056603773585,21958.737365863493,2071.578996779575,10.6,6.816765783370244,5.000561068153628,4.4,7,5.14083876437094,0.41509433962264153,5.000561068153628,12.49765046588891,1.4000000000000001,0.15555555555555556,4.701671516293278,0.0,9,0.0,0.0,0.0,0.0,0.0,0.0,11.518458385562553,0.2,8.681717349028393,12.49765046588891,0.2,8.001503984524133,0.0,0.0,0.0,0.7013659610811374,0.4,8.44882572023198,0.0,0.0,0.0,8.915472549692822,0.4,8.389547695592045,11.37210225115723,0.2,8.793448897262945
207,actuated,0,0,260.31210557566715,33.37334686867528,1156888.3713590899,128543.15237323221,86.0,7.818181818181818,19976.31829864147,1816.0289362401336,11.0,6.427365108626654,0.4463893303075868,6.0,1,5.733123827717841,0.5454545454545454,0.4463893303075868,4.0175039727682815,0.2,0.022222222222222223,0.9878898079610532,0.0,9,0.0,0.0,0.0,0.0,0.0,0.0,0.0,0.0,0.0,0.0,0.0,0.0,0.0,0.0,0.0,0.0,0.0,0.0,4.0175039727682815,0.2,8.89100827164948,0.0,0.0,0.0,0.0,0.0,0.0
208,actuated,0,0,274.1603507289475,36.07373035907204,1400274.1603507292,155586.01781674768,116.0,9.206349206349206,24380.885066947536,1934.9908783291696,12.6,5.045274755652349,1.2336666212690437,6.4,3,5.109961746140775,0.5079365079365079,1.2336666212690437,11.102999591421394,0.6000000000000001,0.06666666666666668,0.9638664027262066,0.0,9,11.102999591421394,0.4,8.67479762453586,0.0,0.0,0.0,0.0,0.0,0.0,0.0,0.0,0.0,0.0,0.0,0.0,0.0,0.0,0.0,0.0,0.2,0.0,0.0,0.0,0.0,0.0,0.0,0.0
209,actuated,0,0,760.2609872777806,97.4693573433052,613296.1799745072,68144.01999716746,147.2,9.316455696202532,26926.773352042255,1704.2261615216617,15.8,4.621116809895919,16.063474808216192,7.8,8,5.237410997795125,0.4936708860759494,16.063474808216192,78.92503396045413,1.6,0.17777777777777778,1.1495372325063289,0.0,9,0.0,0.0,0.0,0.0,0.0,0.0,0.0,0.0,0.0,0.0,0.0,0.0,65.6462393134916,0.8,6.3333629868555645,78.92503396045413,0.8,4.012472105701396,0.0,0.0,0.0,0.0,0.0,0.0,0.0,0.0,0.0
210,actuated,2,0,356.89889876064586,39.65543319562732,356.89889876064586,39.65543319562732,17.4,1.1153846153846154,32224.910535608047,2065.699393308208,15.6,5.41780148287138,17.020703147963005,2.6,12,4.929316740908846,0.16666666666666666,17.020703147963005,80.0,2.4000000000000004,0.26666666666666666,1.9103812967015013,0.0,9,0.0,0.0,0.0,1.3376943958883203,0.4,8.753640168439597,0.0,0.0,0.0,0.0,0.0,0.0,80.0,1.0,0.0,60.0,0.8,0.0,0.0,0.0,0.0,11.848633935778707,0.2,8.439791501873914,0.0,0.0,0.0
211,actuated,2,2,255.57100399271206,33.62776368325159,604961.371389397,67217.93015437743,14.6,1.1774193548387097,26005.246734201228,2097.1973172742923,12.4,4.491552852350833,2.508402229271572,2.6,6,3.076524460240843,0.20967741935483872,2.508402229271572,20.0,1.2000000000000002,0.13333333333333336,1.8599715223535895,0.0,9,0.0,0.0,0.0,0.0,0.0,0.0,2.5756200634441484,0.4,8.465151196345685,0.0,0.0,0.0,0.0,0.0,0.0,0.0,0.0,0.0,0.0,0.0,0.0,0.0,0.4,0.0,20.0,0.4,8.274592504836619
212,actuated,2,2,342.8680579652363,59.11518240779936,2442255.332675787,271361.703630643,35.0,2.9661016949152543,22927.40809487064,1943.0006860059864,11.8,3.666341892428627,4.790105887665151,5.6,8,4.363678575410255,0.4745762711864407,4.790105887665151,11.603616168790722,1.6,0.17777777777777778,4.7929694653589445,0.0,9,11.295773171486871,0.2,8.852868987527387,0.0,0.0,0.0,0.0,0.0,0.0,11.603616168790722,0.2,8.618003090188527,11.226654490719739,0.4,8.573023777641357,0.25195791692112834,0.4,8.552968596387654,8.732951241067894,0.4,8.539860736485572,0.0,0.0,0.0,0.0,0.0,0.0
213,actuated,2,2,193.70012878771644,33.39657392891663,2427255.1059645973,269695.01177384413,63.0,5.833333333333333,19624.484177777027,1817.081868312688,10.8,3.4453892590716415,0.0,6.2,0,4.708850118548653,0.5740740740740741,0.0,0.0,0.0,0.0,0.0,0.0,9,0.0,0.0,0.0,0.0,0.0,0.0,0.0,0.0,0.0,0.0,0.0,0.0,0.0,0.0,0.0,0.0,0.0,0.0,0.0,0.0,0.0,0.0,0.0,0.0,0.0,0.0,0.0
214,actuated,2,2,116.20646162199277,18.742977680966575,2800116.206461622,311124.0229401802,93.0,8.454545454545455,21868.724494966013,1988.0658631787283,11.0,4.2977229148240905,1.224128521747237,6.0,2,4.372732446691732,0.5454545454545454,1.224128521747237,11.017156695725134,0.4,0.044444444444444446,0.9987778157927093,0.0,9,0.0,0.0,0.0,0.0,0.0,0.0,0.0,0.0,0.0,0.0,0.0,0.0,0.0,0.0,0.0,0.0,0.0,0.0,11.017156695725134,0.4,8.989000342134384,0.0,0.0,0.0,0.0,0.0,0.0
215,actuated,2,2,659.2485676752774,103.00758869926209,1990825.987007272,221202.88744525245,124.4,8.520547945205479,24158.572789792495,1654.6967664241436,14.6,3.398728934503535,3.8560971028169257,7.6,8,4.346851921370494,0.5205479452054794,3.8560971028169257,20.0,1.6,0.17777777777777778,2.784967285467105,0.0,9,0.0,0.0,0.0,0.0,0.0,0.0,4.477498928267778,0.4,8.63436105148867,10.227374997084553,0.4,8.499927698355169,0.0,0.0,0.0,0.0,0.0,0.0,0.0,0.0,0.0,0.0,0.4,0.0,20.0,0.4,7.930416819360106
216,actuated,0,2,485.92367428169575,55.2185993501927,799.6846414188799,88.85384904654221,6.6,0.6,21999.44305242288,1999.9493684020802,11.0,5.030167901908649,1.2640140727302827,1.8,1,4.832237139360128,0.16363636363636364,1.2640140727302827,11.376126654572545,0.2,0.022222222222222223,0.9767042376101789,0.0,9,0.0,0.0,0.0,0.0,0.0,0.0,0.0,0.0,0.0,0.0,0.0,0.0,0.0,0.0,0.0,11.376126654572545,0.2,8.79033813849161,0.0,0.0,0.0,0.0,0.0,0.0,0.0,0.0,0.0
217,actuated,0,0,305.9794131019843,38.247426637748035,603176.0458062728,67019.56064514142,11.0,1.0576923076923077,23767.023606192924,2285.2907313647042,10.4,4.830657700330277,2.354306729061035,2.8,3,3.9616639285371567,0.2692307692307692,2.354306729061035,9.248335138795483,0.6000000000000001,0.06666666666666668,2.966134099714045,0.0,9,2.9259917199624397,0.2,8.809637792408468,0.0,0.0,0.0,0.0,0.0,0.0,9.014433702791393,0.2,8.930176085140557,0.0,0.0,0.0,0.0,0.0,0.0,0.0,0.0,0.0,0.0,0.0,0.0,9.248335138795483,0.2,8.955393019877375
218,actuated,0,0,172.92488958359422,21.615611197949278,1000172.9248895838,111130.32498773154,21.2,2.3555555555555556,18619.50558704458,2068.8339541160644,9.0,6.356171540270748,0.7707393396473586,2.4,6,4.984017571307397,0.26666666666666666,0.7707393396473586,5.727429895237037,1.2,0.13333333333333333,1.8908683940043882,0.0,9,0.0,0.2,0.0,5.727429895237037,0.4,8.534196689538659,1.2092241615891908,0.2,8.483618856500835,0.0,0.2,0.0,0.0,0.0,0.0,0.0,0.0,0.0,0.0,0.0,0.0,0.0,0.0,0.0,0.0,0.2,0.0
219,actuated,0,0,239.5406072938891,26.615623032654344,239.5406072938891,26.615623032654344,35.0,4.166666666666667,18796.54055354474,2237.6833992315164,8.4,8.311665049061467,0.26959036058643604,3.0,2,5.067547625379453,0.35714285714285715,0.26959036058643604,2.4263132452779246,0.4,0.044444444444444446,0.9599782289212777,0.0,9,0.0,0.0,0.0,0.0,0.0,0.0,0.0,0.2,0.0,0.0,0.0,0.0,0.0,0.0,0.0,0.0,0.0,0.0,0.0,0.0,0.0,2.4263132452779246,0.2,8.6398040602915,0.0,0.0,0.0
220,actuated,0,0,382.5151008547074,46.64818303106188,800382.5151008547,88931.39056676163,50.6,5.06,18428.742065281862,1842.874206528186,10.0,5.803899343615922,2.2179150188483416,4.4,6,5.5670922469125514,0.44,2.2179150188483416,11.504338071736129,1.2,0.13333333333333336,2.8214428799844504,0.0,9,0.0,0.0,0.0,0.0,0.0,0.0,0.0,0.0,0.0,0.0,0.0,0.0,3.239625666979009,0.4,8.361977296322586,5.217271430919936,0.4,8.338635418191549,11.504338071736129,0.2,8.692373205345914,0.0,0.2,0.0,0.0,0.0,0.0
221,actuated,0,0,313.81445569513045,40.23262252501672,644270.413686016,71585.60152066844,71.2,5.741935483870968,23294.05102348617,1878.552501894046,12.4,3.3900621625133374,0.9401452502243046,5.2,2,3.6050483600865926,0.41935483870967744,0.9401452502243046,8.461307252018742,0.4,0.044444444444444446,0.9422304950964949,0.0,9,0.0,0.0,0.0,0.0,0.0,0.0,0.0,0.0,0.0,8.461307252018742,0.4,8.480074455868454,0.0,0.0,0.0,0.0,0.0,0.0,0.0,0.0,0.0,0.0,0.0,0.0,0.0,0.0,0.0
222,actuated,0,0,549.5822017512468,65.42645258943413,116670.78360354858,12963.420400394287,97.2,6.942857142857143,28441.59615797607,2031.5425827125764,14.0,4.847389283186724,0.106073893811198,5.6,1,3.980513029848799,0.4,0.106073893811198,0.954665044300782,0.2,0.022222222222222223,0.9414895184338091,0.0,9,0.954665044300782,0.2,8.473405665904282,0.0,0.0,0.0,0.0,0.0,0.0,0.0,0.0,0.0,0.0,0.0,0.0,0.0,0.0,0.0,0.0,0.0,0.0,0.0,0.0,0.0,0.0,0.0,0.0
223,actuated,0,0,157.29357854296126,20.696523492494904,1001591.3271750892,111287.92524167657,127.2,10.426229508196721,24543.67353514702,2011.776519274346,12.2,6.888893207495151,9.515391317352421,6.2,11,5.064614942409455,0.5081967213114754,9.515391317352421,63.67813705483513,2.2,0.24444444444444446,4.627330165895598,0.0,9,0.0,0.2,0.0,11.045453143956365,0.2,9.053499091136523,1.3204898585854608,0.4,9.097217198833823,0.0,0.0,0.0,0.0,0.0,0.0,63.67813705483513,0.8,6.764324483751682,3.3909372658990833,0.2,8.459691282548011,6.203504532895749,0.4,8.271239436790346,0.0,0.0,0.0
224,actuated,0,0,86.25850130298797,12.685073721027642,1747802.1998793907,194200.2444310434,161.0,15.48076923076923,18900.90981214364,1817.3951742445809,10.4,8.299189316768105,11.99214922216672,7.4,9,6.059796563660567,0.7115384615384616,11.99214922216672,100.0,1.7999999999999998,0.2,1.6116586174590775,0.0,9,0.0,0.0,0.0,0.0,0.0,0.0,0.0,0.0,0.0,0.0,0.0,0.0,6.6507103180993,0.2,5.997448939720592,100.0,1.0,0.0,0.0,0.2,0.0,1.2786326814011773,0.4,8.507478617411106,0.0,0.0,0.0
225,actuated,0,0,707.4514987625654,88.43143734532067,1000707.4514987627,111189.71683319585,198.0,14.776119402985074,22534.742683925848,1681.6972152183469,13.4,5.944189427899793,22.22222222222222,8.6,10,6.352869428038484,0.6417910447761194,22.22222222222222,100.0,2.0,0.2222222222222222,0.0,0.0,9,0.0,0.0,0.0,0.0,0.0,0.0,0.0,0.0,0.0,0.0,0.0,0.0,100.0,1.0,0.0,100.0,1.0,0.0,0.0,0.0,0.0,0.0,0.0,0.0,0.0,0.0,0.0
226,actuated,0,0,396.04864889814314,45.0055282838799,200396.04864889817,22266.227627655353,238.0,15.866666666666667,28349.70893441525,1889.9805956276832,15.0,4.8571244284231225,22.22222222222222,8.2,10,4.999180495119911,0.5466666666666666,22.22222222222222,100.0,2.0,0.2222222222222222,0.0,0.0,9,0.0,0.0,0.0,0.0,0.0,0.0,0.0,0.0,0.0,0.0,0.0,0.0,100.0,1.0,0.0,100.0,1.0,0.0,0.0,0.0,0.0,0.0,0.0,0.0,0.0,0.0,0.0
227,actuated,0,0,443.72606533412966,50.423416515242,10449.434751200202,1161.0483056889113,278.2,18.30263157894737,28454.613656212983,1872.0140563298016,15.2,6.17478385749266,22.928123856694988,8.4,11,4.741202300582625,0.5526315789473685,22.928123856694988,100.0,2.2,0.24444444444444446,0.8823314201811122,0.0,9,6.353114710254886,0.2,7.94098278163001,0.0,0.0,0.0,0.0,0.0,0.0,0.0,0.0,0.0,100.0,1.0,0.0,100.0,1.0,0.0,0.0,0.0,0.0,0.0,0.0,0.0,0.0,0.0,0.0
228,actuated,2,0,500.9128421689387,58.24567932196962,1045.566603600633,116.174067066737,36.0,2.4324324324324325,24609.43565226561,1662.7997062341626,14.8,5.41020960552501,23.161927534975398,2.4,18,5.160428723439507,0.16216216216216217,23.161927534975398,80.0,3.6000000000000005,0.4000000000000001,3.1019248091425276,0.0,9,0.0,0.2,0.0,9.878935668839404,0.4,8.80581184430048,0.0,0.0,0.0,45.109009026300555,0.8,1.9547904440346597,60.0,0.8,0.0,80.0,1.0,0.0,11.48821045884688,0.2,8.704575909208877,1.9811926607917485,0.2,8.452145084738733,0.0,0.0,0.0
229,actuated,2,2,350.4815092258897,47.36236611160671,377271.73787028185,41919.081985586876,11.6,0.8169014084507042,27014.739292988314,1902.446429083684,14.2,3.954596296510652,7.463862088646035,4.2,7,4.789807492143436,0.29577464788732394,7.463862088646035,38.75031109247175,1.4,0.15555555555555556,0.4417197647714258,0.0,9,0.0,0.0,0.0,0.0,0.0,0.0,0.0,0.0,0.0,0.0,0.0,0.0,28.424447705342573,0.6,1.8350850175967697,38.75031109247175,0.6,2.1403928653460627,0.0,0.0,0.0,0.0,0.2,0.0,0.0,0.0,0.0
230,actuated,2,2,417.4844589716191,48.54470453158362,400417.48445897165,44490.831606552405,31.0,2.3134328358208953,28350.384770424593,2115.700356001835,13.4,3.2910814760086615,0.1525250255958276,4.4,2,2.9914939706522006,0.3283582089552239,0.1525250255958276,1.3727252303624482,0.4,0.044444444444444446,0.9145931695070532,0.0,9,0.0,0.0,0.0,0.0,0.0,0.0,0.0,0.0,0.0,0.0,0.0,0.0,0.0,0.0,0.0,1.3727252303624482,0.4,8.231338525563478,0.0,0.0,0.0,0.0,0.0,0.0,0.0,0.0,0.0
231,actuated,2,2,427.50159431711353,59.375221432932435,1604110.759501116,178234.52883345733,51.2,3.8208955223880596,26066.451801134906,1945.25759709962,13.4,3.208287453731325,2.4888732273353122,4.4,3,2.4279705400299236,0.3283582089552239,2.4888732273353122,11.338646835874897,0.6000000000000001,0.06666666666666668,1.964685705925028,0.0,9,0.0,0.0,0.0,0.0,0.0,0.0,11.338646835874897,0.2,8.819394540414217,0.0,0.0,0.0,0.0,0.0,0.0,0.0,0.0,0.0,0.0,0.0,0.0,0.0,0.0,0.0,11.061212210142912,0.4,8.862776812911033
232,actuated,2,2,658.2236952944484,88.94914801276329,1341966.5027215504,149107.38919128338,80.2,5.141025641025641,27417.364001513877,1757.5233334303769,15.6,3.661089671143109,3.3624047666924324,7.6,8,4.163482456028022,0.48717948717948717,3.3624047666924324,11.339108148222294,1.6,0.17777777777777778,4.778525768945046,0.0,9,0.9029007577828452,0.4,8.192510966211557,0.0,0.0,0.0,5.684596223345579,0.4,8.6819457330741,1.0962264713816694,0.4,8.415501338243484,0.0,0.0,0.0,0.0,0.0,0.0,11.238811299499503,0.2,8.897738144642867,0.0,0.0,0.0,11.339108148222294,0.2,8.819035738333412
233,actuated,2,2,589.8745706113892,98.31242843523154,582990.3527842792,64776.7058649199,126.6,6.806451612903226,30674.596381062147,1649.1718484442015,18.6,1.2736305027537662,0.5966813726010716,11.4,2,1.405111168434315,0.6129032258064516,0.5966813726010716,5.370132353409645,0.4,0.044444444444444446,0.9547910485727091,0.0,9,0.0,0.0,0.0,0.0,0.0,0.0,0.0,0.0,0.0,0.0,0.0,0.0,5.370132353409645,0.4,8.593119437154382,0.0,0.0,0.0,0.0,0.0,0.0,0.0,0.0,0.0,0.0,0.0,0.0
234,actuated,0,2,481.02991330870145,60.12873916358768,1000481.0299133087,111164.55887925652,28.2,1.9315068493150684,29904.057327971816,2048.223104655604,14.6,2.715177106799162,0.7267197596815499,4.0,2,2.22102476836875,0.273972602739726,0.7267197596815499,6.540477837133949,0.4,0.044444444444444446,0.9103656732477248,0.0,9,0.0,0.0,0.0,0.0,0.0,0.0,0.0,0.0,0.0,0.0,0.0,0.0,0.0,0.0,0.0,0.0,0.0,0.0,0.0,0.0,0.0,6.540477837133949,0.4,8.193291059229523,0.0,0.0,0.0
235,actuated,0,0,360.3324922572502,42.89672526872026,400916.77157524927,44546.30795280547,39.6,3.6,21218.51869765805,1928.956245241641,11.0,5.949370339076285,4.1628438676783235,3.8,4,4.710567354965796,0.34545454545454546,4.1628438676783235,11.377864930741453,0.8,0.08888888888888889,3.9105163577426456,0.0,9,11.377864930741453,0.2,8.788995176925814,11.243483281764384,0.2,8.89404088519332,0.0,0.0,0.0,0.0,0.0,0.0,3.9171694317246875,0.2,8.360033064801245,10.92707716487439,0.2,9.15157809276343,0.0,0.0,0.0,0.0,0.0,0.0,0.0,0.0,0.0
236,actuated,0,0,394.79963044652715,45.90693377285199,400394.7996304465,44488.31107004961,60.2,5.788461538461538,18671.606453700053,1795.3467743942358,10.4,7.101204452928537,0.3684180614941902,5.2,3,5.9190930578944165,0.5,0.3684180614941902,3.315762553447712,0.6000000000000001,0.06666666666666668,0.9590430553485122,0.0,9,0.0,0.0,0.0,0.0,0.0,0.0,0.0,0.0,0.0,0.0,0.0,0.0,0.0,0.2,0.0,0.0,0.0,0.0,3.315762553447712,0.4,8.63138749813661,0.0,0.0,0.0,0.0,0.0,0.0
237,actuated,0,0,356.67820806587696,41.474210240218255,400356.6782080658,44484.07535645176,85.0,6.746031746031746,25636.57407044495,2034.6487357495992,12.6,4.450735357677497,1.3671883592082343,5.4,1,4.5113870165911,0.42857142857142855,1.3671883592082343,12.30469523287411,0.2,0.022222222222222223,0.9029976688431799,0.0,9,0.0,0.0,0.0,0.0,0.0,0.0,12.30469523287411,0.2,8.12697901958862,0.0,0.0,0.0,0.0,0.0,0.0,0.0,0.0,0.0,0.0,0.0,0.0,0.0,0.0,0.0,0.0,0.0,0.0
238,actuated,0,0,212.3761416819747,27.227710472048038,22883.641926136523,2542.6268806818357,111.8,8.6,22334.655455992484,1718.0504196917295,13.0,5.115706547917602,5.640088443970955,6.0,6,4.700849952806996,0.46153846153846156,5.640088443970955,41.619625435191665,1.2000000000000002,0.13333333333333336,2.459203745285519,0.0,9,0.0,0.0,0.0,0.0,0.0,0.0,0.0,0.0,0.0,2.534457794326954,0.4,8.47449650214985,6.606712766219971,0.2,5.945980991309447,41.619625435191665,0.6,7.712356214110373,0.0,0.0,0.0,0.0,0.0,0.0,0.0,0.0,0.0
239,actuated,2,0,693.323542509412,86.6654428136765,702061.099545491,78006.78883838789,13.6,1.2142857142857142,22102.757138739547,1973.460458816031,11.2,5.031951369496505,20.150005582028523,2.2,13,5.011720931312994,0.19642857142857142,20.150005582028523,80.0,2.6,0.2888888888888889,1.8995652285197318,0.0,9,0.0,0.0,0.0,0.0,0.0,0.0,0.0,0.0,0.0,0.0,0.0,0.0,80.0,1.0,0.0,80.0,1.0,0.0,11.590795250967858,0.2,8.62753571560586,0.0,0.0,0.0,9.759254987288841,0.4,8.468551341071725
240,actuated,2,2,610.5275546732862,87.21822209618374,1603526.8453456222,178169.6494828469,14.6,1.4038461538461537,16894.554706527728,1624.4764140892044,10.4,3.8210879215488225,2.705132068397486,3.4,2,4.745023383433903,0.3269230769230769,2.705132068397486,12.751088014470042,0.4,0.044444444444444446,1.8296444741359186,0.0,9,11.595100601107333,0.2,8.624332245159648,0.0,0.0,0.0,0.0,0.0,0.0,0.0,0.0,0.0,0.0,0.0,0.0,0.0,0.0,0.0,12.751088014470042,0.2,7.84246802206362,0.0,0.0,0.0,0.0,0.0,0.0
241,actuated,2,2,344.84213678210597,59.45554082450103,2322144.5737397242,258016.06374885826,37.0,3.3636363636363638,20988.304886495353,1908.0277169541228,11.0,2.5096131342136707,0.0,5.6,0,3.2427839802236966,0.509090909090909,0.0,0.0,0.0,0.0,0.0,0.0,9,0.0,0.0,0.0,0.0,0.0,0.0,0.0,0.0,0.0,0.0,0.0,0.0,0.0,0.0,0.0,0.0,0.0,0.0,0.0,0.0,0.0,0.0,0.0,0.0,0.0,0.0,0.0
242,actuated,2,2,442.475711487434,55.30946393592925,1000442.4757114879,111160.27507905422,62.0,4.5588235294117645,27209.034374904422,2000.664292272384,13.6,3.9309068557966373,1.8981872669600206,5.6,2,3.55636002834884,0.4117647058823529,1.8981872669600206,11.47474015219359,0.4,0.044444444444444446,1.9184947371275587,0.0,9,0.0,0.0,0.0,0.0,0.0,0.0,11.47474015219359,0.2,8.71479429369765,0.0,0.0,0.0,0.0,0.0,0.0,5.608945250446595,0.2,8.551658340450377,0.0,0.0,0.0,0.0,0.0,0.0,0.0,0.0,0.0
243,actuated,2,2,452.2085719663707,56.52607149579634,247598.87782425404,27510.986424917115,90.6,5.883116883116883,28461.860289002747,1848.1727460391394,15.4,3.303017686895554,3.2332191476133527,6.6,7,3.2330167698056824,0.42857142857142855,3.2332191476133527,20.0,1.4000000000000001,0.15555555555555556,1.93320148698344,0.0,9,0.0,0.0,0.0,0.0,0.0,0.0,0.0,0.0,0.0,9.098972328520176,0.8,8.938875560415909,20.0,0.4,8.459937822435052,0.0,0.2,0.0,0.0,0.0,0.0,0.0,0.0,0.0,0.0,0.0,0.0
244,actuated,2,2,420.82851097170123,60.11835871024304,1185153.9949682371,131683.77721869302,130.4,7.761904761904762,28742.669911882294,1710.8732090406127,16.8,2.24981513467955,6.267342496686171,9.4,4,2.186607081872226,0.5595238095238095,6.267342496686171,32.21465684538998,0.8,0.08888888888888889,2.376624972979983,0.0,9,0.0,0.0,0.0,12.385626178197526,0.2,8.073875197043364,0.0,0.0,0.0,0.0,0.0,0.0,0.0,0.0,0.0,0.0,0.0,0.0,32.21465684538998,0.4,4.845336314792819,0.0,0.0,0.0,11.805799446588026,0.2,8.470413244983662
245,actuated,0,2,564.4416590334256,70.5552073791782,1000564.4416590336,111173.82685100375,29.4,2.296875,24323.75913102508,1900.2936821113342,12.8,3.8862536062932307,12.497381058314103,4.2,9,4.149252403235979,0.328125,12.497381058314103,80.0,1.7999999999999998,0.19999999999999998,2.8426498824830397,0.0,9,11.683321698369582,0.2,8.55920966500093,0.0,0.0,0.0,0.0,0.0,0.0,0.0,0.0,0.0,0.0,0.0,0.0,9.962991789557236,0.2,8.10291644660756,80.0,1.0,0.0,10.830116036900108,0.4,8.921722830738872,0.0,0.0,0.0
246,actuated,0,0,557.715904066781,66.3947504841406,203039.43586793123,22559.937318659024,39.6,3.6,20619.005591648118,1874.4550537861926,11.0,5.367775818339981,1.413715615516493,3.6,2,5.2173309489246105,0.32727272727272727,1.413715615516493,12.723440539648436,0.4,0.044444444444444446,0.8732788176662571,0.0,9,0.0,0.0,0.0,0.0,0.0,0.0,0.0,0.0,0.0,0.0,0.0,0.0,12.723440539648436,0.2,7.8595093589963145,0.0,0.2,0.0,0.0,0.0,0.0,0.0,0.0,0.0,0.0,0.0,0.0
247,actuated,0,0,413.2834711880755,52.985060408727634,314591.79957596073,34954.64439732897,61.0,5.980392156862745,19742.634514333982,1935.5524033660768,10.2,6.1784570245588295,1.255924870508554,5.0,2,5.383440639168358,0.49019607843137253,1.255924870508554,11.303323834576986,0.4,0.044444444444444446,0.956349955043859,0.0,9,0.0,0.0,0.0,0.0,0.0,0.0,11.303323834576986,0.4,8.60714959539473,0.0,0.0,0.0,0.0,0.0,0.0,0.0,0.0,0.0,0.0,0.0,0.0,0.0,0.0,0.0,0.0,0.0,0.0
248,actuated,0,0,302.3778992986935,40.861878283607226,1732273.3084717405,192474.8120524156,86.0,6.935483870967742,24737.89438180119,1994.9914824033217,12.4,4.682489894864211,3.0344344833560575,5.8,4,4.58924587442824,0.46774193548387094,3.0344344833560575,11.820924361290963,0.8,0.08888888888888889,2.8556672599583397,0.0,9,11.820924361290963,0.2,8.459575321153565,0.0,0.0,0.0,0.0,0.0,0.0,3.9872425944486167,0.4,8.547095901425928,0.0,0.0,0.0,0.0,0.0,0.0,11.501743394464938,0.2,8.694334117045567,0.0,0.0,0.0,0.0,0.0,0.0
249,actuated,0,0,359.4738390105078,43.83827305006193,326946.74866891967,36327.41651876885,113.0,8.968253968253968,24519.87529380587,1946.0218487147517,12.6,6.231385506523605,0.3717740650649325,6.0,2,5.467697725352241,0.47619047619047616,0.3717740650649325,3.3459665855843923,0.4,0.044444444444444446,0.9344591591507196,0.0,9,0.0,0.0,0.0,0.0,0.0,0.0,0.0,0.0,0.0,0.0,0.0,0.0,0.0,0.0,0.0,0.0,0.0,0.0,0.0,0.0,0.0,3.3459665855843923,0.4,8.410132432356477,0.0,0.0,0.0
250,actuated,0,0,308.4314821693292,35.86412583364293,400308.4314821692,44478.71460912991,143.6,10.716417910447761,25993.617156804172,1939.8221758809084,13.4,7.0323283138421715,8.899021534324573,6.8,5,5.30001034394786,0.5074626865671642,8.899021534324573,80.09119380892116,1.0,0.1111111111111111,0.8519132933405553,0.0,9,0.0,0.0,0.0,0.0,0.0,0.0,0.0,0.0,0.0,0.0,0.0,0.0,0.0,0.0,0.0,80.09119380892116,1.0,7.667219640064998,0.0,0.0,0.0,0.0,0.0,0.0,0.0,0.0,0.0
251,actuated,0,0,275.4087422309305,31.296447980787555,200275.4087422309,22252.82319358121,178.2,13.5,24777.417991993483,1877.077120605567,13.2,7.87061126294578,18.605008020246917,7.6,11,5.629731940816472,0.5757575757575758,18.605008020246917,100.0,2.2,0.24444444444444446,3.4742614232936084,0.0,9,8.10269225526099,0.4,8.78568549398333,11.085188339334309,0.2,9.021046547776132,0.0,0.0,0.0,0.0,0.0,0.0,37.0183502727059,0.4,4.5639063863091085,100.0,1.0,0.0,11.238841314921046,0.2,8.897714381573907,0.0,0.0,0.0,0.0,0.0,0.0
252,actuated,0,0,352.5512582583745,44.06890728229681,219625.66054588667,24402.851171765185,218.2,15.585714285714285,24901.209600979688,1778.6578286414065,14.0,6.261145541148323,22.22222222222222,9.0,10,5.904454161444874,0.6428571428571429,22.22222222222222,100.0,2.0,0.2222222222222222,0.0,0.0,9,0.0,0.0,0.0,0.0,0.0,0.0,0.0,0.0,0.0,0.0,0.0,0.0,100.0,1.0,0.0,100.0,1.0,0.0,0.0,0.0,0.0,0.0,0.0,0.0,0.0,0.0,0.0
253,actuated,0,0,590.1960890939183,73.77451113673979,429065.49229270575,47673.943588078415,263.6,15.325581395348838,30426.630353198107,1768.9901368138435,17.2,3.922251042248565,32.71145967659979,10.0,17,4.516319322147566,0.5813953488372093,32.71145967659979,100.0,3.4,0.37777777777777777,1.6597348752809873,0.0,9,0.0,0.0,0.0,0.0,0.0,0.0,0.0,0.0,0.0,86.49168671946427,1.0,6.230667607361059,100.0,1.0,0.0,100.0,1.0,0.0,7.911450369933846,0.4,8.706946270167826,0.0,0.0,0.0,0.0,0.0,0.0
254,actuated,2,0,462.1885824551431,52.52142982444808,200462.18858245513,22273.57650916168,41.8,2.824324324324324,29496.24171880392,1992.9893053245894,14.8,5.298641431059012,22.57860677574475,2.8,15,4.722496686083999,0.1891891891891892,22.57860677574475,80.0,3.0,0.3333333333333333,0.8756594413270553,0.0,9,0.0,0.0,0.0,0.0,0.0,0.0,0.0,0.0,0.0,60.0,0.8,0.0,60.0,0.8,0.0,80.0,1.0,0.0,0.0,0.0,0.0,3.207460981702752,0.4,7.880934971943498,0.0,0.0,0.0
255,actuated,2,2,313.2162260741069,34.80180289712299,313.2162260741069,34.80180289712299,0.6,0.05,23357.064768934553,1946.4220640778794,12.0,5.429288941193071,7.473097490455984,0.4,8,3.9143561504204225,0.03333333333333333,7.473097490455984,36.19060982942756,1.6,0.17777777777777778,1.4363143790644302,0.0,9,4.0726203820031515,0.4,8.72768243374303,0.0,0.0,0.0,0.0,0.0,0.0,0.0,0.0,0.0,26.99464720267315,0.6,2.0112173954925034,36.19060982942756,0.6,2.1879295823443377,0.0,0.0,0.0,0.0,0.0,0.0,0.0,0.0,0.0
256,actuated,2,2,273.51319827912533,39.07331403987505,846023.8223186495,94002.64692429439,8.8,0.8461538461538461,19024.90203828583,1829.3175036813298,10.4,3.804723817570467,4.854851800064858,3.2,6,3.6464323183022525,0.3076923076923077,4.854851800064858,18.290281470517584,1.2,0.13333333333333333,3.213985675959281,0.0,9,0.0,0.0,0.0,2.550277867690056,0.4,7.812695217132567,11.816443649008761,0.2,8.462783132587328,0.0,0.0,0.0,0.0,0.0,0.0,18.290281470517584,0.4,3.5896831637527433,0.0,0.0,0.0,0.0,0.0,0.0,11.03666321336732,0.2,9.060709570160897
257,actuated,2,2,580.9800456390185,90.77813213109664,1203519.3790611858,133724.37545124287,31.0,2.5833333333333335,21849.98280094692,1820.83190007891,12.0,2.420414370033233,1.287096083872004,6.0,1,3.2712919715220274,0.5,1.287096083872004,11.583864754848037,0.2,0.022222222222222223,0.9591886081422809,0.0,9,0.0,0.0,0.0,0.0,0.0,0.0,0.0,0.0,0.0,0.0,0.0,0.0,0.0,0.0,0.0,0.0,0.0,0.0,0.0,0.0,0.0,11.583864754848037,0.2,8.632697473280528,0.0,0.0,0.0
258,actuated,2,2,370.5951152590357,52.942159322719384,2000370.5951152593,222263.39945725104,61.6,4.277777777777778,27248.70007457612,1892.2708385122305,14.4,3.1828096969968835,0.9403561965033683,7.0,2,3.8970126588500342,0.4861111111111111,0.9403561965033683,7.423293078231836,0.4,0.044444444444444446,1.859486233515458,0.0,9,7.423293078231836,0.2,8.581078847218306,0.0,0.0,0.0,0.0,0.0,0.0,1.039912690298479,0.2,8.154297254420817,0.0,0.0,0.0,0.0,0.0,0.0,0.0,0.0,0.0,0.0,0.0,0.0,0.0,0.0,0.0
259,actuated,2,2,254.45144283652206,36.35020611950315,996015.2787271345,110668.36430301494,97.8,6.189873417721519,27958.943360704772,1769.5533772597958,15.8,2.6234558699507873,1.4242189942261676,8.4,4,2.607742963168538,0.5316455696202531,1.4242189942261676,11.656809703481485,0.8,0.08888888888888889,1.8794225012675456,0.0,9,0.0,0.2,0.0,0.0,0.0,0.0,1.1611612445540231,0.2,8.33612596578896,0.0,0.2,0.0,11.656809703481485,0.2,8.578676545618949,0.0,0.0,0.0,0.0,0.0,0.0,0.0,0.0,0.0,0.0,0.0,0.0
260,actuated,0,2,507.83061600251386,60.45602571458498,215323.52865186645,23924.83651687405,26.4,2.0307692307692307,24403.769623603246,1877.2130479694806,13.0,3.312831778961773,2.2809629479560396,4.0,3,3.116303383407831,0.3076923076923077,2.2809629479560396,12.061844461968576,0.6000000000000001,0.06666666666666668,1.8742591776263968,0.0,9,0.0,0.0,0.0,0.0,0.0,0.0,0.0,0.2,0.0,0.0,0.0,0.0,0.0,0.0,0.0,12.061844461968576,0.2,8.29060599440687,0.0,0.0,0.0,8.466822069635782,0.2,8.577726604230701,0.0,0.0,0.0
261,actuated,0,0,434.8408628283596,50.562891026553444,400434.8408628282,44492.7600958698,45.0,4.090909090909091,22931.847170265723,2084.713379115066,11.0,5.578635005982132,1.9831776835962955,4.4,4,5.091358355442324,0.4,1.9831776835962955,11.392429566062674,0.8,0.08888888888888889,1.9322649051640175,0.0,9,0.0,0.0,0.0,0.0,0.0,0.0,0.0,0.0,0.0,0.0,0.0,0.0,0.0,0.0,0.0,0.0,0.0,0.0,11.392429566062674,0.2,8.777758898584167,0.0,0.2,0.0,6.456169586303986,0.4,8.612625247891991
262,actuated,0,0,270.88124329997095,32.24776705952035,400929.67610496684,44547.74178944076,65.2,5.821428571428571,21341.37652265427,1905.48004666556,11.2,5.164584962674697,2.3720542388789707,4.6,3,4.669954933986353,0.4107142857142857,2.3720542388789707,11.574154632112368,0.6000000000000001,0.06666666666666668,1.8805326195846679,0.0,9,0.0,0.0,0.0,0.0,0.0,0.0,0.0,0.0,0.0,11.574154632112368,0.2,8.639939864165203,9.774333517798368,0.4,8.28485371209681,0.0,0.0,0.0,0.0,0.0,0.0,0.0,0.0,0.0,0.0,0.0,0.0
263,actuated,0,0,202.9822518711047,28.191979426542318,926173.1696831218,102908.12996479131,91.0,7.844827586206897,22142.24997220103,1908.8146527759507,11.6,5.065543630256795,4.031057274265145,5.8,4,4.6355561004017325,0.5,4.031057274265145,26.20288100925336,0.8,0.08888888888888889,1.6304219973589094,0.0,9,0.0,0.0,0.0,10.076634459132947,0.4,8.568289943039417,0.0,0.0,0.0,0.0,0.0,0.0,0.0,0.0,0.0,26.20288100925336,0.4,6.105508033190768,0.0,0.0,0.0,0.0,0.0,0.0,0.0,0.0,0.0
264,actuated,0,0,332.1344003956092,50.323393999334726,1506436.8552399795,167381.87280444216,123.0,9.461538461538462,24641.640126615643,1895.510778970434,13.0,4.5141755272957065,13.618950886292017,7.4,7,4.769722737856098,0.5692307692307692,13.618950886292017,100.0,1.4,0.15555555555555556,1.9691841908004792,0.0,9,11.3424710916388,0.2,8.816420971415644,0.0,0.0,0.0,11.228086884989352,0.2,8.906236745788668,0.0,0.0,0.0,0.0,0.0,0.0,100.0,1.0,0.0,0.0,0.0,0.0,0.0,0.0,0.0,0.0,0.0,0.0
265,actuated,0,0,806.0537653941044,95.95878159453623,524110.2537454007,58234.472638377854,158.0,10.972222222222221,26139.102918446217,1815.215480447654,14.4,4.99528306585406,13.536774526942281,7.6,8,4.930732267234125,0.5277777777777778,13.536774526942281,100.0,1.5999999999999999,0.17777777777777778,1.9254514496670159,0.0,9,0.0,0.0,0.0,0.0,0.0,0.0,0.0,0.0,0.0,0.0,0.0,0.0,0.0,0.0,0.0,100.0,1.0,0.0,10.285303136479342,0.4,8.667805559560653,11.545667606001189,0.2,8.661257487442489,0.0,0.0,0.0
266,actuated,0,0,426.89400990748663,56.1702644615114,281021.0560094667,31224.561778829633,197.2,12.64102564102564,28493.302400600358,1826.493743628228,15.6,3.911122641366067,13.223755200622994,9.0,7,4.301629761095659,0.5769230769230769,13.223755200622994,100.0,1.4,0.15555555555555556,1.5724335829976357,0.0,9,0.0,0.0,0.0,0.0,0.0,0.0,0.0,0.0,0.0,0.0,0.0,0.0,7.8317813773901435,0.2,5.758681594990782,100.0,1.0,0.0,0.0,0.0,0.0,0.0,0.0,0.0,11.1820154282168,0.2,8.39322065198794
267,actuated,2,0,625.4763581900845,71.07685888523687,8049.087725218022,894.3430805797802,35.4,2.2987012987012987,28529.1135701893,1852.5398422200844,15.4,3.9305183031490136,14.562534132258204,3.6,10,4.170682714635788,0.23376623376623376,14.562534132258204,60.0,2.0,0.2222222222222222,1.0043663348692837,0.0,9,11.062807190323838,0.2,9.039297013823553,0.0,0.0,0.0,0.0,0.0,0.0,0.0,0.0,0.0,60.0,0.8,0.0,60.0,0.8,0.0,0.0,0.0,0.0,0.0,0.0,0.0,0.0,0.2,0.0
268,actuated,2,2,255.17754625126068,35.44132586823065,598171.7338869171,66463.52598743523,31.0,2.246376811594203,26234.704104357545,1901.0655148085177,13.8,3.956336632600449,6.06582075576019,4.4,5,4.260201158833129,0.3188405797101449,6.06582075576019,28.158445036870035,1.0,0.1111111111111111,1.9379120693180358,0.0,9,0.0,0.0,0.0,11.777616454287454,0.2,8.490682336967815,0.0,0.0,0.0,14.656325310684224,0.2,6.8229926588148,0.0,0.0,0.0,28.158445036870035,0.6,2.127533628079707,0.0,0.0,0.0,0.0,0.0,0.0,0.0,0.0,0.0
269,actuated,2,2,232.29692804848764,29.7816574421138,1200232.2969280484,133359.14410311647,52.2,4.423728813559322,21252.261852342413,1801.0391400290182,11.8,4.8940741945930695,1.7653527603442853,5.0,3,4.725365924054612,0.423728813559322,1.7653527603442853,12.825016889764811,0.6000000000000001,0.06666666666666668,1.7763100100651734,0.0,9,0.0,0.0,0.0,0.0,0.0,0.0,0.0,0.0,0.0,0.0,0.0,0.0,0.0,0.0,0.0,0.0,0.0,0.0,3.063157953333757,0.4,8.189529403951019,12.825016889764811,0.2,7.797260686635543,0.0,0.0,0.0
270,actuated,2,2,414.17794315239706,66.80289405683824,877389.7165389806,97487.74628210896,82.0,6.3076923076923075,24242.324938478392,1864.7942260367993,13.0,2.8581887875892202,1.8175762765627548,6.8,3,3.04586464094462,0.5230769230769231,1.8175762765627548,10.221665027193012,0.6000000000000001,0.06666666666666668,1.8856450856559803,0.0,9,0.0,0.0,0.0,0.0,0.0,0.0,6.13652146187178,0.4,8.281241495441646,0.0,0.0,0.0,10.221665027193012,0.2,8.689564275462176,0.0,0.0,0.0,0.0,0.0,0.0,0.0,0.0,0.0,0.0,0.0,0.0
271,actuated,2,2,522.7791798506474,79.20896664403749,2265480.5163791697,251720.0573754633,120.6,7.444444444444445,27774.8394869889,1714.4962646289446,16.2,2.535875321123048,1.2502399806736422,9.2,5,3.207051763852933,0.5679012345679012,1.2502399806736422,6.721971200690859,1.0,0.1111111111111111,1.918754673945821,0.0,9,0.0,0.0,0.0,0.0,0.0,0.0,0.0,0.0,0.0,0.0,0.0,0.0,0.0,0.2,0.0,6.721971200690859,0.4,8.73061205968261,0.0,0.0,0.0,0.0,0.0,0.0,4.53018862537192,0.4,8.53818000582978
272,actuated,2,2,482.4089476420415,70.94249230030022,1398044.0290880832,155338.22545423146,170.0,9.13978494623656,33449.77579968376,1798.3750429937506,18.6,1.9529103568945037,2.566098118182304,11.2,2,2.3346725791054337,0.6021505376344086,2.566098118182304,12.037525074151745,0.4,0.044444444444444446,1.9279007976344193,0.0,9,12.037525074151745,0.2,8.307355489105534,0.0,0.0,0.0,0.0,0.0,0.0,0.0,0.0,0.0,11.057357989488992,0.2,9.043751689604239,0.0,0.0,0.0,0.0,0.0,0.0,0.0,0.0,0.0,0.0,0.0,0.0
273,actuated,0,2,372.03866983004764,46.504833728755955,1000372.0386698298,111152.4487410922,26.4,1.8591549295774648,29064.107273476064,2046.768117850427,14.2,2.8898453850544925,0.0,3.4,0,2.1271287251569317,0.23943661971830985,0.0,0.0,0.0,0.0,0.0,0.0,9,0.0,0.0,0.0,0.0,0.0,0.0,0.0,0.0,0.0,0.0,0.0,0.0,0.0,0.0,0.0,0.0,0.0,0.0,0.0,0.0,0.0,0.0,0.0,0.0,0.0,0.0,0.0
274,actuated,0,0,350.61942420254616,46.134134763492916,1208581.5400130912,134286.83777923236,34.2,3.2264150943396226,20862.492482675843,1968.1596681769663,10.6,4.8005933718585645,4.451353224800793,3.6,5,4.346614099392695,0.33962264150943394,4.451353224800793,14.597259703364216,1.0,0.1111111111111111,3.6317189355299178,0.0,9,0.0,0.0,0.0,2.6519071619441092,0.4,8.299889559578151,11.315058033192145,0.2,8.837780566980312,0.0,0.0,0.0,0.0,0.0,0.0,11.497954124706666,0.2,8.697199424819516,14.597259703364216,0.2,6.850600868391284,0.0,0.0,0.0,0.0,0.0,0.0
275,actuated,0,0,353.23946773905874,50.46278110557982,2060215.0035718929,228912.77817465476,53.2,5.018867924528302,19082.664106896304,1800.251330839274,10.6,4.721313790682773,1.7643638940762685,5.0,4,5.349740925653572,0.4716981132075472,1.7643638940762685,8.38541937294849,0.8,0.08888888888888889,1.9635286268571184,0.0,9,0.0,0.0,0.0,0.0,0.0,0.0,0.0,0.0,0.0,0.0,0.0,0.0,8.38541937294849,0.4,8.686536077782511,0.0,0.0,0.0,0.0,0.0,0.0,7.493855673737926,0.4,8.985221563931553,0.0,0.0,0.0
276,actuated,0,0,380.2928346122803,45.272956501461934,600380.2928346123,66708.92142606803,77.0,6.111111111111111,25495.49208486052,2023.451752766708,12.6,4.583036727053194,0.7417367358614987,5.4,1,4.400377575454324,0.42857142857142855,0.7417367358614987,6.675630622753488,0.2,0.022222222222222223,0.9213779965726039,0.0,9,0.0,0.0,0.0,0.0,0.0,0.0,0.0,0.0,0.0,0.0,0.0,0.0,0.0,0.0,0.0,0.0,0.0,0.0,0.0,0.0,0.0,0.0,0.0,0.0,6.675630622753488,0.2,8.292401969153435
277,actuated,0,0,201.3170430743225,22.36856034159139,201.3170430743225,22.36856034159139,102.0,8.793103448275861,24022.76523808066,2070.9280377655746,11.6,6.790280026491544,1.3855097050337564,5.0,4,4.731729566731556,0.43103448275862066,1.3855097050337564,10.231299697220493,0.8,0.08888888888888889,1.740426861424738,0.0,9,10.231299697220493,0.4,8.547925746627152,0.0,0.0,0.0,0.0,0.0,0.0,0.0,0.0,0.0,2.2382876480833147,0.2,7.115916006195489,0.0,0.0,0.0,0.0,0.0,0.0,0.0,0.0,0.0,0.0,0.2,0.0
278,actuated,0,0,274.3907712785307,35.17830401006804,801065.1234269278,89007.23593632532,127.4,11.175438596491228,21046.779239904303,1846.2087052547633,11.4,7.079817839560173,16.640454070879464,5.8,12,5.548004831075851,0.5087719298245614,16.640454070879464,66.291108690275,2.6000000000000005,0.28888888888888886,2.567164856925613,0.0,9,0.0,0.0,0.0,11.618225285787958,0.4,8.455962756555529,0.0,0.0,0.0,40.0,0.6,0.05778259036022995,20.0,0.6,0.0,66.291108690275,0.8,6.155302987518334,11.854752661852217,0.2,8.435435377896425,0.0,0.0,0.0,0.0,0.0,0.0
279,actuated,0,0,530.4079985427747,75.77257122039639,810312.8475959722,90034.76084399692,158.0,11.44927536231884,21922.50488354378,1588.5873104017232,13.8,4.022355061191331,20.984665862332196,8.0,10,5.268180035389808,0.5797101449275363,20.984665862332196,100.0,2.0,0.2222222222222222,1.4945249480859588,0.0,9,0.0,0.0,0.0,0.0,0.0,0.0,0.0,0.0,0.0,0.0,0.0,0.0,77.78631307908654,0.8,4.4219332646953475,100.0,1.0,0.0,0.0,0.0,0.0,11.075679681903239,0.2,9.028791268078281,0.0,0.0,0.0
280,actuated,0,0,357.386283790614,47.02451102508079,839584.418779945,93287.15764221612,201.0,12.5625,29902.54613120007,1868.9091332000044,16.0,3.267714495148547,22.22222222222222,9.2,10,3.847230441953973,0.575,22.22222222222222,100.0,2.0,0.2222222222222222,0.0,0.0,9,0.0,0.0,0.0,0.0,0.0,0.0,0.0,0.0,0.0,0.0,0.0,0.0,100.0,1.0,0.0,100.0,1.0,0.0,0.0,0.0,0.0,0.0,0.0,0.0,0.0,0.0,0.0
281,actuated,2,0,490.89386821505224,55.78339411534684,1040.4815507600379,115.60906119555976,31.4,2.1805555555555554,29423.071386049658,2043.2688462534486,14.4,4.828567635520983,14.219083762461903,2.8,10,3.896979524664908,0.19444444444444445,14.219083762461903,60.0,2.0,0.2222222222222222,0.9685343238111171,0.0,9,7.971753862157129,0.4,8.716808914300055,0.0,0.0,0.0,0.0,0.0,0.0,0.0,0.0,0.0,60.0,0.8,0.0,60.0,0.8,0.0,0.0,0.0,0.0,0.0,0.0,0.0,0.0,0.0,0.0
282,actuated,2,2,393.72734194807424,50.47786435231721,426047.69513615046,47338.632792905606,18.4,1.4838709677419355,23261.65877060717,1875.940223436062,12.4,5.246516304300413,9.301494459834126,2.8,10,4.57169210706962,0.22580645161290322,9.301494459834126,21.76110949259055,2.0,0.2222222222222222,4.670583629050455,0.0,9,0.0,0.0,0.0,11.493232418911248,0.2,8.700772450703907,7.449178083734296,0.4,8.960061761643738,0.0,0.0,0.0,19.711126726656403,0.4,2.470041072683026,21.76110949259055,0.6,4.735982998875505,11.617257178450018,0.2,8.607883811464529,11.681546238164628,0.2,8.560510566083392,0.0,0.0,0.0
283,actuated,2,2,435.43443852537973,68.03663101959057,1261904.2343807009,140211.58159785566,38.2,3.293103448275862,20305.111716356485,1750.4406652031453,11.6,3.924160720395399,0.0,5.8,0,4.7747194691872785,0.5,0.0,0.0,0.0,0.0,0.0,0.0,9,0.0,0.0,0.0,0.0,0.0,0.0,0.0,0.0,0.0,0.0,0.0,0.0,0.0,0.0,0.0,0.0,0.0,0.0,0.0,0.0,0.0,0.0,0.0,0.0,0.0,0.0,0.0
284,actuated,2,2,617.0403981358302,73.4571902542655,619143.2393181387,68793.69325757097,67.2,4.666666666666667,26761.60537917065,1858.4448179979618,14.4,3.4868168950000014,0.1151950087362113,6.6,2,3.993565143235533,0.4583333333333333,0.1151950087362113,1.0367550786259017,0.4,0.044444444444444446,0.9191980998031796,0.0,9,0.0,0.0,0.0,0.0,0.0,0.0,0.0,0.0,0.0,1.0367550786259017,0.4,8.272782898228616,0.0,0.0,0.0,0.0,0.0,0.0,0.0,0.0,0.0,0.0,0.0,0.0,0.0,0.0,0.0
285,actuated,2,2,297.0334914314998,38.081216850192284,1000705.1373100864,111189.45970112071,101.2,6.746666666666667,28017.220731815247,1867.8147154543499,15.0,3.0350586930807015,2.057399135415431,7.2,3,2.4583652935245057,0.48,2.057399135415431,11.96756561872462,0.6000000000000001,0.06666666666666668,1.8475684873239804,0.0,9,0.0,0.0,0.0,0.0,0.0,0.0,0.0,0.0,0.0,0.0,0.0,0.0,0.0,0.0,0.0,11.96756561872462,0.2,8.355918253210879,0.0,0.0,0.0,0.0,0.0,0.0,6.549026600014258,0.4,8.272198132704943
286,actuated,2,2,585.7134973200615,81.34909685000854,1012255.2012058689,112472.80013398542,143.2,8.325581395348838,30802.045031212365,1790.8165715821142,17.2,2.36658782658854,4.14792249012559,10.0,5,2.1859754733239587,0.5813953488372093,4.14792249012559,12.908472445683401,1.0,0.1111111111111111,3.632934223284313,0.0,9,6.077938280946,0.4,8.124290492851285,10.713644204161028,0.2,8.368478823173792,12.908472445683401,0.2,7.746850018139834,0.0,0.0,0.0,7.63124748033988,0.2,8.456788675393907,0.0,0.0,0.0,0.0,0.0,0.0,0.0,0.0,0.0,0.0,0.0,0.0
287,actuated,0,2,727.2270703010911,82.63943980694216,1009.5972021756503,112.17746690840559,28.6,2.072463768115942,23033.0727504825,1669.063242788587,13.8,2.124672655791588,8.317259167847624,3.2,8,1.7150726434272947,0.2318840579710145,8.317259167847624,63.4484370026712,1.6,0.17777777777777778,1.7338661130154052,0.0,9,0.0,0.0,0.0,0.0,0.2,0.0,0.0,0.0,0.0,11.406895507957415,0.2,8.766627162512385,0.0,0.2,0.0,0.0,0.0,0.0,63.4484370026712,1.0,6.838167854626262,0.0,0.0,0.0,0.0,0.0,0.0
288,actuated,0,0,340.8452451912412,42.60565564890515,74837.05507955932,8315.228342173257,40.0,3.225806451612903,25380.876821194193,2046.8449049350156,12.4,3.7427146297725242,1.0946346358655825,4.4,1,3.777233474730638,0.3548387096774194,1.0946346358655825,9.851711722790242,0.2,0.022222222222222223,0.9779525231156087,0.0,9,0.0,0.0,0.0,0.0,0.0,0.0,0.0,0.0,0.0,0.0,0.0,0.0,0.0,0.0,0.0,9.851711722790242,0.2,8.801572708040478,0.0,0.0,0.0,0.0,0.0,0.0,0.0,0.0,0.0
289,actuated,0,0,271.4494058369504,35.71702708380926,1058354.5479432961,117594.94977147735,60.6,5.716981132075472,20697.888446791632,1952.6309855463805,10.6,5.50807665377483,2.2192941682295793,4.6,4,4.671983143662695,0.4339622641509434,2.2192941682295793,11.966589651124195,0.8,0.08888888888888889,1.8779118867075928,0.0,9,0.0,0.0,0.0,0.0,0.0,0.0,0.0,0.0,0.0,0.0,0.0,0.0,0.0,0.0,0.0,0.0,0.2,0.0,0.0,0.0,0.0,8.00705786294202,0.4,8.544607237633317,11.966589651124195,0.2,8.35659974273502
290,actuated,0,0,127.78703655261279,18.25529093608754,1858895.9088101448,206543.98986779386,85.6,7.254237288135593,21334.57415207866,1808.0147586507342,11.8,6.5324948065476,1.4571056822392672,5.8,3,5.371220124244426,0.4915254237288136,1.4571056822392672,11.142851981048807,0.6000000000000001,0.06666666666666668,1.9295024379157606,0.0,9,11.142851981048807,0.2,8.974363131635858,0.0,0.0,0.0,0.0,0.0,0.0,0.0,0.0,0.0,1.9710991591045968,0.4,8.391158809605985,0.0,0.0,0.0,0.0,0.0,0.0,0.0,0.0,0.0,0.0,0.0,0.0
291,actuated,0,0,816.2505062233721,110.30412246261784,1201633.8584067116,133514.8731563013,118.4,8.457142857142857,22702.646341266376,1621.617595804741,14.0,4.147915642306638,2.598571951441247,8.0,2,5.1747503702065325,0.5714285714285714,2.598571951441247,11.798385099114057,0.4,0.044444444444444446,1.9005316999948312,0.0,9,0.0,0.0,0.0,11.798385099114057,0.2,8.4757362266052,0.0,0.0,0.0,0.0,0.0,0.0,0.0,0.0,0.0,0.0,0.0,0.0,0.0,0.0,0.0,11.588762463857165,0.2,8.62904907334828,0.0,0.0,0.0
292,actuated,2,0,619.732088794401,77.46651109930012,229274.94530550143,25474.99392283349,30.8,1.9493670886075949,30613.129046740876,1937.5398130848657,15.8,2.3714511980801483,0.6937373537791953,5.4,2,2.8314180925223416,0.34177215189873417,0.6937373537791953,6.243636184012757,0.4,0.044444444444444446,0.8407906798985588,0.0,9,0.0,0.0,0.0,0.0,0.0,0.0,0.0,0.0,0.0,0.0,0.0,0.0,6.243636184012757,0.4,7.5671161190870295,0.0,0.0,0.0,0.0,0.0,0.0,0.0,0.0,0.0,0.0,0.0,0.0
293,actuated,2,2,438.0254304128619,49.775617092370666,1053.711455735392,117.07905063726578,43.2,3.2238805970149254,26552.890838971223,1981.5590178336734,13.4,3.7124207201714885,1.1885659814642067,4.4,3,2.709386871289132,0.3283582089552239,1.1885659814642067,10.331817351820973,0.6000000000000001,0.06666666666666668,1.8877237205911013,0.0,9,0.0,0.0,0.0,0.0,0.0,0.0,0.0,0.0,0.0,0.0,0.0,0.0,0.0,0.0,0.0,10.331817351820973,0.2,8.301015831716358,0.3652764813568865,0.4,8.688497653603552,0.0,0.0,0.0,0.0,0.0,0.0
294,actuated,2,2,308.1358724417857,40.54419374234023,856160.461862731,95128.94020697012,67.0,5.234375,25225.7074521868,1970.758394702094,12.8,4.78182334223533,3.5354762526109575,5.2,4,3.991781739338055,0.40625,3.5354762526109575,12.63655519135682,0.8,0.08888888888888889,2.7730155180318414,0.0,9,12.63655519135682,0.2,7.91354910303389,0.0,0.0,0.0,7.584500435650625,0.2,8.421585785597562,0.0,0.0,0.0,0.0,0.0,0.0,0.0,0.2,0.0,0.0,0.0,0.0,0.0,0.0,0.0,11.598230646491174,0.2,8.622004773655119
295,actuated,2,2,308.82857601660845,61.76571520332169,2527019.3074329565,280779.92304810626,96.8,7.117647058823529,22822.018482305524,1678.0895942871707,13.6,2.054957145245436,3.8757109163008057,7.4,4,2.3629202409095957,0.5441176470588235,3.8757109163008057,11.764450579826189,0.8,0.08888888888888889,2.8672394299472024,0.0,9,0.0,0.0,0.0,0.0,0.0,0.0,11.764450579826189,0.4,8.500184460078493,11.67126775615543,0.2,8.568049511781611,0.0,0.0,0.0,0.0,0.0,0.0,0.0,0.0,0.0,11.44567991072563,0.2,8.736920897664717,0.0,0.0,0.0
296,actuated,2,2,399.0921769912338,86.75916891113779,3378150.1637307256,375350.01819230284,142.0,9.466666666666667,26506.913800740975,1767.127586716065,15.0,2.0536702315848925,1.3383586638979574,10.4,1,2.8619024934919963,0.6933333333333334,1.3383586638979574,12.045227975081616,0.2,0.022222222222222223,0.9224492167435149,0.0,9,0.0,0.0,0.0,0.0,0.0,0.0,0.0,0.0,0.0,0.0,0.0,0.0,0.0,0.0,0.0,12.045227975081616,0.2,8.302042950691634,0.0,0.0,0.0,0.0,0.0,0.0,0.0,0.0,0.0
297,actuated,2,2,747.9918639631287,120.64384902631107,2680763.334042767,297862.59267141856,193.2,11.232558139534884,30317.625897262984,1762.6526684455223,17.2,2.1269500280857225,1.990630105941212,11.0,2,2.943478137212921,0.6395348837209303,1.990630105941212,11.828526861818318,0.4,0.044444444444444446,1.9072460852254411,0.0,9,0.0,0.0,0.0,0.0,0.0,0.0,0.0,0.0,0.0,11.828526861818318,0.2,8.454138133024259,6.08714409165259,0.2,8.711076634004712,0.0,0.0,0.0,0.0,0.0,0.0,0.0,0.0,0.0,0.0,0.0,0.0
298,actuated,2,2,688.3308801412321,101.22512943253413,1243575.1500083858,138175.01666759842,250.2,12.76530612244898,33177.36988870199,1692.7229535052038,19.6,1.327296113759856,2.6428106570665477,12.6,3,1.6233924265050097,0.6428571428571429,2.6428106570665477,23.78529591359893,0.6000000000000001,0.06666666666666668,0.7532356554630674,0.0,9,0.0,0.0,0.0,0.0,0.0,0.0,0.0,0.0,0.0,0.0,0.0,0.0,0.0,0.2,0.0,0.0,0.0,0.0,23.78529591359893,0.4,6.779120899167606,0.0,0.0,0.0,0.0,0.0,0.0
299,actuated,0,2,606.123081147475,75.76538514343437,1000606.1230811477,111178.45812012751,38.2,2.2209302325581395,33853.376712055804,1968.2195762823144,17.2,2.222704990592958,10.155297496144662,4.2,9,1.7667803386542307,0.2441860465116279,10.155297496144662,60.0,1.8,0.2,1.9018724225000578,0.0,9,0.0,0.4,0.0,20.0,0.4,8.343134498740108,0.0,0.0,0.0,0.0,0.0,0.0,0.0,0.0,0.0,0.0,0.0,0.0,60.0,0.8,0.0,0.0,0.0,0.0,11.397677465301967,0.2,8.773717303760414
300,actuated,0,0,197.39743056015126,25.307362892327085,1200197.39743056,133355.26638117334,37.0,3.3636363636363638,21670.907568190923,1970.0825061991748,11.0,5.016697613523341,2.699715842739655,3.2,4,4.1397203795692645,0.2909090909090909,2.699715842739655,11.845840530640999,0.8,0.08888888888888889,2.780318491527888,0.0,9,0.0,0.0,0.0,0.0,0.0,0.0,3.212248135732807,0.4,8.062456844560803,0.0,0.0,0.0,0.0,0.0,0.0,11.845840530640999,0.2,8.441781715812853,0.0,0.0,0.0,0.0,0.0,0.0,9.239353918283086,0.2,8.518627863377334
301,actuated,0,0,301.2766278933503,37.659578486668785,220395.54157340512,24488.393508156125,54.0,5.625,20187.364225938414,2102.850440201918,9.6,7.104235132120831,1.9637524066552539,4.2,5,5.273325488429341,0.4375,1.9637524066552539,11.27111735922881,1.0,0.1111111111111111,2.8371418594071867,0.0,9,0.0,0.0,0.0,0.7248043517120095,0.4,8.289104291331023,0.0,0.0,0.0,0.0,0.0,0.0,11.27111735922881,0.2,8.872234829328596,0.0,0.0,0.0,5.677849948956464,0.2,8.372937614005059,0.0,0.0,0.0,0.0,0.2,0.0
302,actuated,0,0,452.2990366602169,55.15841910490451,239540.668736921,26615.62985965789,75.2,8.173913043478262,16782.534992039775,1824.1885860912798,9.2,7.325647366879096,0.0,4.8,1,5.964175680048904,0.5217391304347826,0.0,0.0,0.2,0.022222222222222223,0.0,0.0,9,0.0,0.0,0.0,0.0,0.0,0.0,0.0,0.0,0.0,0.0,0.0,0.0,0.0,0.0,0.0,0.0,0.0,0.0,0.0,0.2,0.0,0.0,0.0,0.0,0.0,0.0,0.0
303,actuated,0,0,396.27842738035537,48.326637485409194,648627.7190610339,72069.7465623371,100.0,8.771929824561404,22928.161480156534,2011.2422351014502,11.4,6.002767810880841,2.2311634021429603,5.8,2,5.48633056314927,0.5087719298245614,2.2311634021429603,10.984881096569552,0.4,0.044444444444444446,1.987834861305355,0.0,9,10.984881096569552,0.2,9.103421249705544,0.0,0.0,0.0,0.0,0.0,0.0,9.095589522717091,0.2,8.78709250204265,0.0,0.0,0.0,0.0,0.0,0.0,0.0,0.0,0.0,0.0,0.0,0.0,0.0,0.0,0.0
304,actuated,0,0,424.2638116652021,50.50759662680977,204955.7222619467,22772.85802910519,125.8,9.828125,23396.49062709527,1827.8508302418181,12.8,6.268330997891594,5.620933082052741,6.0,4,5.387088242665266,0.46875,5.620933082052741,39.292872058736066,0.8,0.08888888888888889,1.4260280641035896,0.0,9,0.0,0.0,0.0,11.295525679738603,0.2,8.85306295920122,0.0,0.0,0.0,0.0,0.2,0.0,0.0,0.0,0.0,39.292872058736066,0.4,3.981189617731086,0.0,0.0,0.0,0.0,0.0,0.0,0.0,0.0,0.0
305,actuated,0,0,246.0267921212616,32.37194633174495,1005990.3774114989,111776.70860127766,159.6,11.23943661971831,26771.738720541027,1885.333712714157,14.2,4.967359692165883,12.322438450010951,7.6,6,4.854279265677655,0.5352112676056338,12.322438450010951,100.0,1.2,0.13333333333333333,1.0191860297282118,0.0,9,0.0,0.0,0.0,0.0,0.0,0.0,0.0,0.0,0.0,0.0,0.0,0.0,0.0,0.0,0.0,100.0,1.0,0.0,0.0,0.0,0.0,10.901946050098559,0.2,9.172674267553907,0.0,0.0,0.0
306,actuated,0,0,954.8946346258656,113.67793269355542,600954.8946346261,66772.76607051402,200.8,10.91304347826087,30058.264548095998,1633.601334135652,18.4,3.3966500561125863,21.26214426598785,9.8,12,4.174482988932244,0.532608695652174,21.26214426598785,100.0,2.4,0.26666666666666666,1.615131085372018,0.0,9,0.0,0.0,0.0,0.0,0.0,0.0,0.0,0.0,0.0,0.0,0.0,0.0,87.68245283593842,1.0,6.080038972904955,100.0,1.0,0.0,0.0,0.0,0.0,0.0,0.0,0.0,3.6768455579522197,0.4,8.456140795443208
307,actuated,2,0,486.68626370070496,57.938840916750586,62882.400401596315,6986.933377955146,39.4,2.3734939759036147,32946.000568493306,1984.6988294273076,16.6,3.6529700397234732,15.2932103438161,5.0,11,3.434696185157596,0.30120481927710846,15.2932103438161,60.0,2.2,0.24444444444444446,1.9075410334911196,0.0,9,0.0,0.0,0.0,11.392306322345576,0.2,8.777853857726228,0.0,0.0,0.0,0.0,0.0,0.0,60.0,0.8,0.0,60.0,0.8,0.0,6.246586771999318,0.4,8.390015443693846,0.0,0.0,0.0,0.0,0.0,0.0
308,actuated,2,2,255.10234112560343,36.44319158937192,600535.0822317734,66726.12024797482,37.0,2.803030303030303,26929.81124930975,2040.1372158567992,13.2,4.176691864755864,5.1469796737253795,4.8,6,3.7045036190430336,0.36363636363636365,5.1469796737253795,23.072858980845012,1.2,0.13333333333333333,2.9761517355642155,0.0,9,1.7248038059642568,0.2,8.417700824700297,0.0,0.0,0.0,9.875652699752209,0.2,8.090040252823382,0.0,0.0,0.0,0.0,0.0,0.0,23.072858980845012,0.6,1.6935663028680998,0.0,0.0,0.0,0.0,0.0,0.0,11.64950157696694,0.2,8.584058239686161
309,actuated,2,2,599.6595058862359,96.71927514294127,2145113.8513173703,238345.98347970782,64.0,5.079365079365079,21095.03088950409,1674.208800754293,12.6,3.4756852770229805,1.702056593060964,6.6,5,4.324927676671256,0.5238095238095238,1.702056593060964,11.302463953284132,1.0,0.1111111111111111,1.9208589258810136,0.0,9,0.0,0.2,0.0,0.0,0.0,0.0,0.0,0.2,0.0,11.302463953284132,0.2,8.847628305945026,4.016045384264544,0.4,8.440102026984096,0.0,0.0,0.0,0.0,0.0,0.0,0.0,0.0,0.0,0.0,0.0,0.0
310,actuated,2,2,231.86812208059956,46.37362441611991,3876186.271916119,430687.3635462354,102.0,8.5,20982.039937194008,1748.5033280995005,12.0,3.8170543521596927,0.0,8.8,0,5.362110561052456,0.7333333333333333,0.0,0.0,0.0,0.0,0.0,0.0,9,0.0,0.0,0.0,0.0,0.0,0.0,0.0,0.0,0.0,0.0,0.0,0.0,0.0,0.0,0.0,0.0,0.0,0.0,0.0,0.0,0.0,0.0,0.0,0.0,0.0,0.0,0.0
311,actuated,2,2,636.8346542030573,81.64546848757145,1200636.8346542032,133404.0927393559,142.0,8.875,29599.323373495572,1849.9577108434733,16.0,1.9684680974595525,0.8107185469796403,8.2,2,2.1192559160191844,0.5125,0.8107185469796403,7.296466922816762,0.4,0.044444444444444446,0.9244055240725477,0.0,9,0.0,0.0,0.0,0.0,0.0,0.0,0.0,0.0,0.0,0.0,0.0,0.0,0.0,0.0,0.0,7.296466922816762,0.4,8.319649716652929,0.0,0.0,0.0,0.0,0.0,0.0,0.0,0.0,0.0
312,actuated,2,2,626.9952353600859,84.72908585947106,221908.31555384892,24656.479505983214,187.2,10.285714285714286,31908.655237348954,1753.2228152389534,18.2,2.0202079360588017,12.381020398168706,10.6,6,1.7681604970741136,0.5824175824175825,12.381020398168706,99.26487000592715,1.2,0.13333333333333333,1.3736664806201835,0.0,9,0.0,0.0,0.0,0.0,0.0,0.0,0.0,0.0,0.0,0.0,0.0,0.0,0.0,0.0,0.0,0.0,0.0,0.0,99.26487000592715,1.0,4.142230309191682,0.0,0.0,0.0,12.164313577591201,0.2,8.22076801638997
313,actuated,0,2,394.39945873355214,43.822162081505795,394.39945873355214,43.822162081505795,19.2,1.2,34929.610946445886,2183.100684152868,16.0,4.175933405162363,11.199949601884024,2.6,11,2.6995359667124856,0.1625,11.199949601884024,60.0,2.2,0.24444444444444446,4.507706675119715,0.0,9,11.691568061264661,0.4,5.949451946094638,11.411564087266015,0.2,8.763040652033705,5.725975594555166,0.4,8.706812761351467,11.275444150323892,0.2,8.868830235581227,0.6949945235464838,0.2,8.281224481016396,0.0,0.0,0.0,60.0,0.8,0.0,0.0,0.0,0.0,0.0,0.0,0.0
314,actuated,0,0,323.2743619854157,38.485043093501865,81931.2779485601,9103.475327617789,14.8,1.2758620689655173,22686.27409606665,1955.7132841436767,11.6,4.878803222929931,1.2940383952723602,2.0,2,3.9105020388096805,0.1724137931034483,1.2940383952723602,11.646345557451241,0.4,0.044444444444444446,0.9540427129093992,0.0,9,0.0,0.0,0.0,0.0,0.0,0.0,0.0,0.0,0.0,0.0,0.0,0.0,0.0,0.2,0.0,0.0,0.0,0.0,0.0,0.0,0.0,11.646345557451241,0.2,8.586384416184593,0.0,0.0,0.0
315,actuated,0,0,202.02400761579753,26.58210626523652,1290678.4025606476,143408.7113956275,29.0,3.2222222222222223,19118.14397675294,2124.2382196392155,9.0,5.812715624294627,2.616960573018332,3.4,2,4.974401594603121,0.37777777777777777,2.616960573018332,12.036419254905013,0.4,0.044444444444444446,1.88794656180852,0.0,9,0.0,0.0,0.0,0.0,0.0,0.0,0.0,0.0,0.0,0.0,0.0,0.0,0.0,0.0,0.0,12.036419254905013,0.2,8.308118708913248,11.516225902259976,0.2,8.68340034736343,0.0,0.0,0.0,0.0,0.0,0.0
316,actuated,0,0,362.67377310780915,50.3713573760846,1205533.8108465073,133948.20120516748,47.2,4.538461538461538,19657.00707730706,1890.096834356448,10.4,4.91211038463084,2.636366211083643,4.6,5,4.960620108468009,0.4423076923076923,2.636366211083643,11.90493832064476,1.0,0.1111111111111111,2.8275031098704506,0.0,9,0.0,0.0,0.0,0.0,0.0,0.0,4.4234262158715865,0.4,8.581682514306157,0.0,0.0,0.0,11.90493832064476,0.2,8.399875522797677,0.0,0.0,0.0,0.0,0.0,0.0,0.0,0.0,0.0,7.398931363236443,0.4,8.465969951730221
317,actuated,0,0,422.660013346713,54.18718119829654,963216.7450535009,107024.08278372232,71.0,6.339285714285714,22197.70537000195,1981.9379794644597,11.2,5.590989969681028,0.0,5.6,0,5.255105217730056,0.5,0.0,0.0,0.0,0.0,0.0,0.0,9,0.0,0.0,0.0,0.0,0.0,0.0,0.0,0.0,0.0,0.0,0.0,0.0,0.0,0.0,0.0,0.0,0.0,0.0,0.0,0.0,0.0,0.0,0.0,0.0,0.0,0.0,0.0
318,actuated,0,0,256.03018857182974,28.447798730203303,256.03018857182974,28.447798730203303,96.0,8.421052631578947,23088.84980413588,2025.3377021171825,11.4,8.30239431341489,2.7133836465029364,5.2,5,5.449337809358372,0.45614035087719296,2.7133836465029364,10.378036552201593,1.0,0.1111111111111111,2.572994687315145,0.0,9,6.21372088552107,0.4,8.70354312127456,10.378036552201593,0.4,8.66720426240936,0.0,0.0,0.0,0.0,0.0,0.0,0.0,0.0,0.0,7.828695380803765,0.2,5.786204802152383,0.0,0.0,0.0,0.0,0.0,0.0,0.0,0.0,0.0
319,actuated,0,0,357.885068540484,42.60536530243857,600357.8850685403,66706.43167428226,121.6,9.65079365079365,23880.51180249479,1895.2787144837137,12.6,6.032248552736154,13.079091322155769,6.0,7,5.604235142684438,0.47619047619047616,13.079091322155769,100.0,1.4,0.15555555555555556,1.8924041664535411,0.0,9,0.0,0.0,0.0,0.0,0.0,0.0,0.0,0.0,0.0,6.12559823904121,0.2,8.400697605032475,0.0,0.0,0.0,100.0,1.0,0.0,11.586223660360702,0.2,8.630939893049398,0.0,0.0,0.0,0.0,0.0,0.0
320,actuated,0,0,366.77128311559244,44.72820525799908,270056.3408135985,30006.260090399832,152.2,11.35820895522388,23781.16958846062,1774.7141483925834,13.4,5.195891868866211,15.195351067156176,7.0,10,5.063479882508935,0.5223880597014925,15.195351067156176,100.0,2.0,0.2222222222222222,1.3673104043230626,0.0,9,0.0,0.0,0.0,0.0,0.0,0.0,0.0,0.0,0.0,0.0,0.2,0.0,36.659646510133825,0.4,4.469622591331792,100.0,1.0,0.0,0.09851309427176602,0.4,7.83617104757577,0.0,0.0,0.0,0.0,0.0,0.0
321,actuated,0,0,271.30720570694155,35.69831654038705,843330.6676819638,93703.4075202182,190.6,13.422535211267606,26096.71887431693,1837.7971038251362,14.2,5.594088650767342,22.674496391590157,8.6,11,5.077796550933183,0.6056338028169014,22.674496391590157,100.0,2.2,0.24444444444444446,0.9663286327694853,0.0,9,4.070467524311425,0.2,8.696957694925368,0.0,0.0,0.0,0.0,0.0,0.0,0.0,0.0,0.0,100.0,1.0,0.0,100.0,1.0,0.0,0.0,0.0,0.0,0.0,0.0,0.0,0.0,0.0,0.0
322,actuated,2,0,737.6663232133385,83.82571854697028,200737.66632321337,22304.18514702371,24.6,1.5569620253164558,30696.08589420783,1942.79024646885,15.8,4.853578908690337,15.336102194575384,3.6,12,4.619857053327876,0.22784810126582278,15.336102194575384,60.0,2.4000000000000004,0.2666666666666667,1.8858561889062442,0.0,9,0.0,0.2,0.0,6.15600687684946,0.4,8.547334222681819,0.0,0.0,0.0,0.0,0.0,0.0,60.0,0.8,0.0,60.0,0.8,0.0,0.0,0.0,0.0,11.868912874328998,0.2,8.42537147747438,0.0,0.0,0.0
323,actuated,2,2,267.3327889603417,29.703643217815745,267.3327889603417,29.703643217815745,9.6,0.6956521739130435,28169.793057804713,2041.289352014834,13.8,5.192765748228336,3.6101253544807657,2.4,7,4.173356858085027,0.17391304347826086,3.6101253544807657,21.809531082790272,1.4,0.15555555555555556,2.1025410449909097,0.0,9,0.0,0.0,0.0,0.0,0.0,0.0,0.0,0.0,0.0,7.667786345782588,0.4,8.449874757509678,0.0,0.0,0.0,21.809531082790272,0.6,1.7319325386086937,3.01381076175403,0.4,8.741062108799817,0.0,0.0,0.0,0.0,0.0,0.0
324,actuated,2,2,178.23475411945074,21.735945624323264,800178.2347541195,88908.69275045773,24.0,2.4,21984.337845335445,2198.4337845335444,10.0,6.2301209432487,1.3101672778419824,3.2,2,4.493646155590815,0.32,1.3101672778419824,10.911600163713047,0.4,0.044444444444444446,1.9153635071696664,0.0,9,0.0,0.0,0.0,0.0,0.0,0.0,0.0,0.0,0.0,0.0,0.0,0.0,0.0,0.0,0.0,0.8799053368647947,0.2,8.073712883889677,0.0,0.0,0.0,0.0,0.0,0.0,10.911600163713047,0.2,9.16455868063732
325,actuated,2,2,608.2557362094656,80.03364950124548,414554.5173381445,46061.61303757161,41.0,3.8679245283018866,15825.007904627902,1492.9252740215002,10.6,5.1794211579714355,4.022983088698311,4.6,6,4.8535769611481525,0.4339622641509434,4.022983088698311,12.196836909297417,1.2,0.13333333333333336,3.789850260492384,0.0,9,1.4616785611633532,0.4,8.164586002565919,12.196836909297417,0.2,8.198847024327423,11.074814733442508,0.2,9.02949642110319,0.0,0.0,0.0,11.47351759438152,0.2,8.715722896434928,0.0,0.2,0.0,0.0,0.0,0.0,0.0,0.0,0.0,0.0,0.0,0.0
326,actuated,2,2,540.9300163741176,117.59348182046035,2315728.7180922083,257303.19089913426,76.0,5.757575757575758,22135.344453234,1676.9200343359091,13.2,1.4475284368660106,0.0,9.0,0,2.931904532886892,0.6818181818181818,0.0,0.0,0.0,0.0,0.0,0.0,9,0.0,0.0,0.0,0.0,0.0,0.0,0.0,0.0,0.0,0.0,0.0,0.0,0.0,0.0,0.0,0.0,0.0,0.0,0.0,0.0,0.0,0.0,0.0,0.0,0.0,0.0,0.0
327,actuated,2,2,281.9214566967722,52.207677166068926,3401182.732826464,377909.19253627374,121.2,8.08,25949.65577274204,1729.977051516136,15.0,1.7673633145280145,1.3846120218810636,9.6,1,2.0133501340542823,0.64,1.3846120218810636,12.461508196929572,0.2,0.022222222222222223,0.891634538574457,0.0,9,0.0,0.0,0.0,0.0,0.0,0.0,0.0,0.0,0.0,0.0,0.0,0.0,0.0,0.0,0.0,0.0,0.0,0.0,12.461508196929572,0.2,8.024710847170113,0.0,0.0,0.0,0.0,0.0,0.0
328,actuated,0,2,572.930200252771,63.658911139196775,572.930200252771,63.658911139196775,31.8,2.3043478260869565,29068.763659338314,2106.4321492274144,13.8,3.147619594436124,1.673491685942281,3.2,3,2.503312012065285,0.2318840579710145,1.673491685942281,12.462620196433818,0.6000000000000001,0.06666666666666668,1.843225564435124,0.0,9,0.0,0.0,0.0,0.0,0.0,0.0,0.0,0.0,0.0,0.0,0.0,0.0,2.5988049770467114,0.4,8.627747632190584,0.0,0.0,0.0,0.0,0.0,0.0,0.0,0.0,0.0,12.462620196433818,0.2,7.961282447725535
329,actuated,0,0,336.99764066370994,41.09727325167195,406239.1897782339,45137.6877531371,39.6,3.193548387096774,24091.8845661015,1942.893916621089,12.4,3.4275851128375945,2.1653537498579882,3.8,4,2.740410415192246,0.3064516129032258,2.1653537498579882,11.611717380560549,0.8,0.08888888888888889,1.9146427139021256,0.0,9,0.0,0.0,0.0,0.0,0.0,0.0,0.0,0.0,0.0,11.611717380560549,0.2,8.611990519801349,0.0,0.0,0.0,7.876466368161346,0.4,8.619793905317783,0.0,0.0,0.0,0.0,0.0,0.0,0.0,0.2,0.0
330,actuated,0,0,555.1640183614533,69.39550229518166,568684.1084228638,63187.12315809597,61.0,4.6923076923076925,26891.896803312335,2068.6074464086414,13.0,3.9343375601557833,2.4635563563469987,5.0,2,3.2610087875162987,0.38461538461538464,2.4635563563469987,11.181340875646129,0.4,0.044444444444444446,2.0046778453926644,0.0,9,0.0,0.0,0.0,0.0,0.0,0.0,0.0,0.0,0.0,0.0,0.0,0.0,0.0,0.0,0.0,0.0,0.0,0.0,11.181340875646129,0.2,8.943471191170653,10.99066633147686,0.2,9.098629417363323,0.0,0.0,0.0
331,actuated,0,0,464.29090921099,53.98731502453372,400464.290909211,44496.032323245665,86.0,6.515151515151516,26932.859352317842,2040.3681327513516,13.2,5.225016135028305,2.7953489167137175,5.4,4,4.314700777547453,0.4090909090909091,2.7953489167137175,12.169594091055842,0.8,0.08888888888888889,2.7708574716530197,0.0,9,1.1841198185902613,0.4,8.249117771070452,12.169594091055842,0.2,8.21720093963495,0.0,0.0,0.0,0.0,0.0,0.0,11.804426340777354,0.2,8.471398534171778,0.0,0.0,0.0,0.0,0.0,0.0,0.0,0.0,0.0,0.0,0.0,0.0
332,actuated,0,0,355.8791053948936,43.3998909018163,17801.064363128004,1977.896040347556,112.2,9.672413793103448,22681.898306906245,1955.3360609401934,11.6,6.776741861705908,1.9290725003636706,5.8,5,5.34983649425897,0.5,1.9290725003636706,7.330653866533794,1.0,0.1111111111111111,2.549057507081228,0.0,9,0.0,0.0,0.0,4.773649151284189,0.4,8.19527256740257,0.0,0.0,0.0,0.0,0.0,0.0,0.0,0.0,0.0,7.330653866533794,0.2,6.085112063687873,0.0,0.0,0.0,0.0,0.0,0.0,5.257349485455052,0.4,8.66113293264061
333,actuated,0,0,510.27446901680213,67.14137750221082,876563.4529317863,97395.93921464292,144.0,11.428571428571429,23659.691940673067,1877.7533286248465,12.6,6.331710000968014,11.957293803722374,7.4,7,5.77868714439481,0.5873015873015873,11.957293803722374,100.0,1.4,0.15555555555555556,0.9535852516173488,0.0,9,0.0,0.0,0.0,0.0,0.0,0.0,0.0,0.0,0.0,0.0,0.0,0.0,0.0,0.0,0.0,100.0,1.0,0.0,7.615644233501371,0.4,8.582267264556139,0.0,0.0,0.0,0.0,0.0,0.0
334,actuated,0,0,376.68134973491465,47.08516871686433,45393.0248999809,5043.669433331211,180.8,13.907692307692308,21369.763238991563,1643.8279414608896,13.0,6.378514633267557,21.684277354476965,8.0,11,5.736433580168427,0.6153846153846154,21.684277354476965,100.0,2.2,0.24444444444444446,1.79835109441399,0.0,9,0.0,0.0,0.0,0.0,0.0,0.0,10.856142734601235,0.2,9.211374835859061,84.30235345569145,1.0,6.973785013866849,0.0,0.0,0.0,100.0,1.0,0.0,0.0,0.0,0.0,0.0,0.0,0.0,0.0,0.0,0.0
335,actuated,0,0,174.84396743542612,25.712348152268547,1995514.306119673,221723.81179107478,225.0,16.791044776119403,24531.664461607535,1830.7212284781742,13.4,5.946950501595494,23.524450123116164,9.2,11,5.67926633569992,0.6865671641791045,23.524450123116164,100.0,2.2,0.24444444444444446,0.9480428889498315,0.0,9,0.0,0.0,0.0,0.0,0.0,0.0,0.0,0.0,0.0,100.0,1.0,0.0,0.0,0.0,0.0,100.0,1.0,0.0,11.720051108045482,0.2,8.532386000548483,0.0,0.0,0.0,0.0,0.0,0.0
336,actuated,2,0,805.8005821754479,98.26836367993268,601672.8382717117,66852.53758574574,38.6,2.5064935064935066,26689.87464589159,1733.1087432397135,15.4,2.5613124870071307,14.339716318619745,4.4,12,3.5520792791008455,0.2857142857142857,14.339716318619745,60.0,2.4000000000000004,0.2666666666666667,1.8338791051717753,0.0,9,7.368311368136347,0.4,8.273984304443001,0.0,0.0,0.0,0.0,0.0,0.0,60.0,0.8,0.0,1.6891354994413632,0.4,8.230927642102976,60.0,0.8,0.0,0.0,0.0,0.0,0.0,0.0,0.0,0.0,0.0,0.0
337,actuated,2,2,362.7955320637642,40.31061467375158,362.7955320637642,40.31061467375158,26.0,1.7105263157894737,31380.170405078214,2064.484895070935,15.2,2.627132858883073,2.294625159027722,3.6,3,1.307113996552309,0.23684210526315788,2.294625159027722,20.651626431249497,0.6,0.06666666666666667,0.1756056140011789,0.0,9,0.0,0.0,0.0,0.0,0.0,0.0,0.0,0.0,0.0,0.0,0.0,0.0,0.0,0.0,0.0,20.651626431249497,0.6,1.5804505260106103,0.0,0.0,0.0,0.0,0.0,0.0,0.0,0.0,0.0
338,actuated,2,2,191.234926902346,21.248325211371778,191.234926902346,21.248325211371778,41.0,3.306451612903226,28591.430972298112,2305.7605622821056,12.4,4.614930168081455,1.8720631300367232,3.0,3,1.724802922565022,0.24193548387096775,1.8720631300367232,9.239355850331776,0.6000000000000001,0.06666666666666668,1.9131433576241963,0.0,9,0.0,0.0,0.0,7.609212319998733,0.2,8.799648412223906,0.0,0.0,0.0,0.0,0.0,0.0,0.0,0.0,0.0,0.0,0.0,0.0,0.0,0.0,0.0,9.239355850331776,0.4,8.418641806393863,0.0,0.0,0.0
339,actuated,2,2,474.9080788509792,65.95945539596933,194210.66534818153,21578.962816464613,60.0,5.0,19840.778983118682,1653.3982485932236,12.0,4.2272260151614915,4.708195985428777,5.0,8,3.1848502457528722,0.4166666666666667,4.708195985428777,12.190684839615642,1.6,0.17777777777777778,4.734264982822843,0.0,9,12.190684839615642,0.2,8.202984599768628,0.0,0.2,0.0,11.710859270087894,0.2,8.539083059039225,0.0,0.0,0.0,9.495253067275371,0.2,8.705564476922154,0.0,0.0,0.0,3.442533718261984,0.4,8.560048867762085,0.0,0.0,0.0,5.534432973618095,0.4,8.600703841913491
