step,control_mode,phase,prev_phase,TotalTravelTime,AvgTravelTime,TotalTravelTime_Raw,AvgTravelTime_Raw,TotalWaitingTime,AvgWaitingTime,TotalCO2,AvgCO2,VehCount,AvgSpeed,AvgOccupancy,QueueLength,Throughput,SpeedStd,HaltRatio,det_occ_mean,det_occ_max,det_veh_sum,det_veh_mean,det_speed_mean,det_speed_min,n_detectors,d0_occ,d0_veh,d0_speed,d1_occ,d1_veh,d1_speed,d2_occ,d2_veh,d2_speed,d3_occ,d3_veh,d3_speed,d4_occ,d4_veh,d4_speed
0,mixed_20,0,0,405.3581927111044,81.07163854222088,405.3581927111044,81.07163854222088,4.4,0.4074074074074074,22952.35621649451,2125.2181681939364,10.8,3.962749471905156,3.3101111460720176,2.4,4,1.9086087013286241,0.2222222222222222,3.3101111460720176,14.068847656228058,0.8,0.16,2.482318381802577,0.0,5,0.0,0.0,0.0,2.4817080741320297,0.4,8.424475247971714,0.0,0.0,0.0,0.0,0.0,0.0,14.068847656228058,0.4,3.9871166610411697
1,mixed_20,0,0,248.0040171380528,49.60080342761056,248.0040171380528,49.60080342761056,14.0,1.5217391304347827,18989.926226580916,2064.122415932708,9.2,3.975221662830367,3.9417768122918346,2.8,5,2.7164653443290363,0.30434782608695654,3.9417768122918346,10.7691978055405,1.0,0.2,5.455778996590537,0.0,5,10.7691978055405,0.2,9.285742708575038,0.0,0.0,0.0,0.0,0.0,0.0,0.5366077984396611,0.4,9.038936482090502,8.403078457479012,0.4,8.954215792287142
2,mixed_20,0,0,115.81671400775375,30.478082633619408,643190.1269106965,128638.0253821393,17.6,1.9130434782608696,19966.22475499335,2170.2418211949293,9.2,3.790507669569705,0.0,3.0,0,3.7379749092332406,0.32608695652173914,0.0,0.0,0.0,0.0,0.0,0.0,5,0.0,0.0,0.0,0.0,0.0,0.0,0.0,0.0,0.0,0.0,0.0,0.0,0.0,0.0,0.0
3,mixed_20,0,0,187.25254235856954,46.813135589642386,1140629.747694356,228125.94953887118,25.2,2.4705882352941178,20056.3944958344,1966.3131858661177,10.2,2.880271843294196,6.381634371823338,3.2,5,2.541943182897952,0.3137254901960784,6.381634371823338,13.987026375023675,1.0,0.2,5.069479998171158,0.0,5,0.0,0.0,0.0,8.846099188495202,0.4,9.026535360421985,13.987026375023675,0.2,7.149482478889709,0.0,0.0,0.0,9.075046295597815,0.4,9.171382151544094
4,mixed_20,0,0,66.71855131512828,20.849547285977586,1488114.500134732,297622.90002694644,44.0,4.489795918367347,21231.63840618301,2166.493714916634,9.8,3.2875885319329594,2.083140651662461,4.2,1,2.730047533512554,0.42857142857142855,2.083140651662461,10.415703258312305,0.2,0.04,1.9201775918528494,0.0,5,0.0,0.0,0.0,0.0,0.0,0.0,0.0,0.0,0.0,0.0,0.0,0.0,10.415703258312305,0.2,9.600887959264247
5,mixed_20,0,0,159.53772528899054,46.922860379114866,1600159.5377252891,320031.9075450578,64.0,6.808510638297872,19513.284867747523,2075.881368909311,9.4,4.127535962122902,5.3403265497044,4.2,4,3.617837564177331,0.44680851063829785,5.3403265497044,10.875399075785026,0.8,0.16,5.475646974779627,0.0,5,5.265625240739951,0.4,8.714018614124509,10.875399075785026,0.2,9.195064871013171,0.0,0.0,0.0,0.0,0.0,0.0,10.560608431997025,0.2,9.469151388760455
6,mixed_20,0,0,513.4980663881113,128.37451659702782,436826.4658944,87365.29317888,87.0,9.25531914893617,17789.591933815376,1892.5097801931252,9.4,2.5297105334417243,2.1192882517485714,5.4,1,2.9605575163814697,0.574468085106383,2.1192882517485714,10.596441258742857,0.2,0.04,1.8874261189810781,0.0,5,0.0,0.0,0.0,10.596441258742857,0.2,9.43713059490539,0.0,0.0,0.0,0.0,0.0,0.0,0.0,0.0,0.0
7,mixed_20,0,0,291.603740328499,63.392117462717174,400291.6037403284,80058.32074806569,112.0,10.980392156862745,19615.17120378065,1923.056000370652,10.2,2.0785534994751216,0.4703587663084363,5.4,2,1.4026379714590387,0.5294117647058824,0.4703587663084363,2.3517938315421816,0.4,0.08,1.768233602717519,0.0,5,0.0,0.0,0.0,0.0,0.0,0.0,0.0,0.0,0.0,0.0,0.0,0.0,2.3517938315421816,0.4,8.841168013587595
8,mixed_20,0,0,300.57555309323135,62.6199068944232,1358.1442393098473,271.62884786196946,137.2,12.035087719298245,21679.859054463588,1901.7420223213676,11.4,2.6847111489224926,10.882467703926181,5.8,3,1.580770912194921,0.5087719298245614,10.882467703926181,54.41233851963091,0.6,0.12,0.9606641802582127,0.0,5,0.0,0.0,0.0,0.0,0.0,0.0,0.0,0.0,0.0,54.41233851963091,0.6,4.803320901291063,0.0,0.0,0.0
9,mixed_20,0,0,151.76845964222818,37.942114910557045,914671.7099655077,182934.34199310155,166.6,13.222222222222221,24032.4533624502,1907.3375684484288,12.6,2.7741000452826885,37.89612859564886,6.4,12,1.9871176167560862,0.5079365079365079,37.89612859564886,100.0,2.4,0.48,3.3933841579303783,0.0,5,0.0,0.0,0.0,9.03366239063132,0.4,8.802510881237687,80.44698058761298,1.0,8.164409908414203,100.0,1.0,0.0,0.0,0.0,0.0
10,mixed_20,0,0,493.1674083161089,107.21030615567585,200926.96642913658,40185.39328582732,201.2,15.71875,23517.665930371117,1837.3176508102435,12.8,2.904710453228215,44.48991013538251,7.6,13,2.326757762475385,0.59375,44.4899101353825,100.0,2.6,0.52,3.533890227638229,0.0,5,11.219095065151237,0.2,8.913374868408066,0.0,0.0,0.0,100.0,1.0,0.0,100.0,1.0,0.0,11.230455611761272,0.4,8.75607626978308
11,mixed_20,0,0,270.4019858677696,84.500620583678,1415202.7425747826,283040.5485149565,240.4,16.694444444444443,26177.42295997922,1817.8765944430013,14.4,2.1090145785900254,44.293700387609306,8.8,12,2.2826904514939192,0.6111111111111112,44.293700387609306,100.0,2.4000000000000004,0.4800000000000001,3.728941971622421,0.0,5,0.0,0.0,0.0,10.453410172092958,0.2,9.566256212443085,100.0,1.0,0.0,100.0,1.0,0.0,11.01509176595357,0.2,9.07845364566902
12,mixed_20,0,0,439.74009481157935,115.72107758199458,1200439.7400948117,240087.94801896234,280.0,20.0,26127.48851652885,1866.2491797520606,14.0,1.950576131740253,47.3305524514235,8.2,13,2.0699328989311545,0.5857142857142857,47.3305524514235,100.0,2.6,0.52,0.4367811425892829,0.0,5,0.0,0.0,0.0,36.6527622571175,0.6,2.1839057129464146,100.0,1.0,0.0,100.0,1.0,0.0,0.0,0.0,0.0
13,mixed_20,0,0,165.04739210922565,41.261848027306414,1000165.0473921092,200033.00947842182,320.0,22.857142857142858,27299.87666413387,1949.9911902952765,14.0,2.990337699237147,42.20708465160783,8.2,11,2.603539601775528,0.5857142857142857,42.20708465160783,100.0,2.2,0.44000000000000006,1.8123455287888746,0.0,5,0.0,0.0,0.0,0.0,0.0,0.0,100.0,1.0,0.0,100.0,1.0,0.0,11.035423258039145,0.2,9.061727643944373
14,mixed_20,0,0,346.14292227966337,91.09024270517457,817008.5811132158,163401.71622264315,360.6,27.73846153846154,22057.532382783826,1696.7332602141405,13.0,3.024566260919679,55.4666767654968,8.8,17,3.5576263130951977,0.676923076923077,55.4666767654968,100.0,3.4000000000000004,0.68,5.065202353061595,0.0,5,61.13216789987632,0.8,7.666114580842901,5.085563084377895,0.4,8.663574484363199,100.0,1.0,0.0,100.0,1.0,0.0,11.115652843229782,0.2,8.996322700101873
15,mixed_20,0,0,355.1537214943918,118.38457383146392,1213781.8434663638,242756.36869327276,407.0,28.661971830985916,23702.68533032858,1669.2031922766605,14.2,1.3692293664276147,60.0,10.2,15,1.7821157957487035,0.7183098591549296,60.0,100.0,3.0,0.6,0.0,0.0,5,100.0,1.0,0.0,0.0,0.0,0.0,100.0,1.0,0.0,100.0,1.0,0.0,0.0,0.0,0.0
16,mixed_20,0,0,426.2050721567015,112.15922951492145,1046851.3072341355,209370.2614468271,457.2,28.575,28222.086327787954,1763.8803954867471,16.0,2.158570872354039,62.352389297351124,10.4,16,2.276737118054454,0.65,62.352389297351124,100.0,3.2,0.64,1.7003988262079521,0.0,5,100.0,1.0,0.0,0.0,0.0,0.0,100.0,1.0,0.0,100.0,1.0,0.0,11.761946486755619,0.2,8.50199413103976
17,mixed_20,0,0,330.3040576590905,78.64382325216441,800330.304057659,160066.0608115318,511.0,28.707865168539325,32053.674340245296,1800.7682213620953,17.8,2.118684930236478,64.47645729021588,11.6,17,1.8223361413082082,0.651685393258427,64.47645729021588,100.0,3.4000000000000004,0.68,3.574602183529251,0.0,5,100.0,1.0,0.0,11.080857462923177,0.2,9.024572361354027,100.0,1.0,0.0,100.0,1.0,0.0,11.301428988156204,0.2,8.848438556292226
18,mixed_20,3,0,435.2636063670032,87.05272127340064,435.2636063670032,87.05272127340064,463.2,24.125,31682.805156671217,1650.146101909959,19.2,1.6616865919006927,57.136017999618616,10.6,16,1.1483300868120372,0.5520833333333334,57.136017999618616,100.0,3.1999999999999997,0.6399999999999999,1.241904048488819,0.0,5,60.0,0.8,0.0,0.0,0.0,0.0,100.0,1.0,0.0,100.0,1.0,0.0,25.68008999809308,0.4,6.209520242444095
19,mixed_20,3,3,343.06047166828955,68.61209433365791,343.06047166828955,68.61209433365791,503.0,27.944444444444443,32093.201252686245,1782.9556251492359,18.0,1.8880806313908365,64.63560566384649,12.0,18,1.045618700190239,0.6666666666666666,64.63560566384649,100.0,3.6,0.72,0.3554672271599763,0.0,5,23.178028319232453,0.6,1.7773361357998816,0.0,0.0,0.0,100.0,1.0,0.0,100.0,1.0,0.0,100.0,1.0,0.0
20,mixed_20,3,3,353.6374066921724,76.877697106994,200953.8887469795,40190.7777493959,563.4,30.619565217391305,28153.38983022017,1530.0755342510963,18.4,2.9568054186441377,61.912739063450545,12.6,17,4.178546163528436,0.6847826086956522,61.912739063450545,100.0,3.4,0.6799999999999999,1.7951108554378155,0.0,5,0.0,0.0,0.0,9.563695317252723,0.4,8.975554277189078,100.0,1.0,0.0,100.0,1.0,0.0,100.0,1.0,0.0
21,mixed_20,3,3,676.629682426201,199.00873012535325,1567958.388126131,313591.6776252262,633.0,31.65,33398.96233009034,1669.9481165045172,20.0,1.2054492812114121,60.0,15.8,15,2.684470801026301,0.79,60.0,100.0,3.0,0.6,0.0,0.0,5,0.0,0.0,0.0,0.0,0.0,0.0,100.0,1.0,0.0,100.0,1.0,0.0,100.0,1.0,0.0
22,mixed_20,3,3,586.2160904736836,117.24321809473672,586.2160904736836,117.24321809473672,708.2,32.19090909090909,36750.51813922482,1670.4780972374917,22.0,1.6220129013875657,70.206881999124,15.2,18,1.3232585196451754,0.6909090909090909,70.206881999124,100.0,3.6,0.72,0.9194392858327642,0.0,5,0.0,0.0,0.0,51.03440999561997,0.6,4.597196429163821,100.0,1.0,0.0,100.0,1.0,0.0,100.0,1.0,0.0
23,mixed_20,2,3,598.7103847717183,119.74207695434366,598.7103847717183,119.74207695434366,503.2,22.666666666666668,39877.83441327858,1796.298847444981,22.2,1.951510868800749,64.0,12.6,18,1.9355372819465193,0.5675675675675675,64.0,100.0,3.6,0.72,0.0,0.0,5,0.0,0.0,0.0,60.0,0.8,0.0,60.0,0.8,0.0,100.0,1.0,0.0,100.0,1.0,0.0
24,mixed_20,2,2,356.26748484908416,77.44945322806178,15284.295678308441,3056.859135661688,455.8,21.704761904761906,35916.601000525116,1710.314333358339,21.0,2.2485400467911787,53.01328226680744,10.0,18,1.6125584333907976,0.47619047619047616,53.01328226680744,100.0,3.6,0.72,2.5124031275263006,0.0,5,5.7124467961529035,0.4,8.959783411212268,22.36814912880277,0.6,1.5617397637106414,36.98581540908151,0.6,2.0404924627085954,100.0,1.0,0.0,100.0,1.0,0.0
25,mixed_20,2,2,194.02344903343925,48.50586225835981,1408103.2706189372,281620.6541237874,509.0,27.66304347826087,33990.00620943015,1847.2829461646818,18.4,2.8827924296981013,46.00284009969857,11.0,14,2.216154822180967,0.5978260869565217,46.002840099698574,100.0,2.8,0.5599999999999999,0.8038693622158812,0.0,5,0.0,0.0,0.0,0.0,0.0,0.0,30.01420049849287,0.8,4.019346811079406,100.0,1.0,0.0,100.0,1.0,0.0
26,mixed_20,2,2,193.73023080056774,53.8139530001577,816017.4974630629,163203.49949261258,564.2,33.583333333333336,29595.666549648893,1761.6468184314817,16.8,4.133895171247489,42.87824641380257,11.6,13,3.4421110787855316,0.6904761904761905,42.87824641380257,100.0,2.6,0.52,3.4871903241984583,0.0,5,2.8420207810233933,0.4,8.77735169529915,11.549211287989465,0.2,8.658599925693144,0.0,0.0,0.0,100.0,1.0,0.0,100.0,1.0,0.0
27,mixed_20,2,2,568.6651287072716,113.73302574145433,568.6651287072716,113.73302574145433,620.2,36.48235294117647,30348.170895834133,1785.1865232843609,17.0,5.567763192720276,42.48397342496684,11.8,13,5.111156150290382,0.6941176470588235,42.48397342496685,100.0,2.6,0.52,3.5312725742719606,0.0,5,0.0,0.0,0.0,1.233909078445663,0.4,8.7165832310915,11.185958046388578,0.2,8.939779640268302,100.0,1.0,0.0,100.0,1.0,0.0
28,mixed_20,2,2,430.65389501054887,93.62041195881498,400430.6538950106,80086.13077900212,680.0,38.63636363636363,29822.44459403609,1694.457079206596,17.6,2.437086135315702,40.0,12.8,10,3.265461617453699,0.7272727272727273,40.0,100.0,2.0,0.4,0.0,0.0,5,0.0,0.0,0.0,0.0,0.0,0.0,0.0,0.0,0.0,100.0,1.0,0.0,100.0,1.0,0.0
29,mixed_20,2,2,666.0360521326029,133.2072104265206,666.0360521326029,133.2072104265206,745.0,39.21052631578947,32209.88273649559,1695.2569861313468,19.0,3.0786430077792777,40.678253680031844,13.8,11,2.7636171166846997,0.7263157894736842,40.678253680031844,100.0,2.2,0.44000000000000006,1.7879569814167915,0.0,5,0.0,0.0,0.0,0.0,0.0,0.0,3.3912684001592197,0.2,8.939784907083958,100.0,1.0,0.0,100.0,1.0,0.0
30,mixed_20,2,2,402.40620980917305,83.83462704357773,200402.40620980918,40080.48124196184,815.0,41.16161616161616,34278.746711492,1731.2498339137376,19.8,4.440551879546104,40.0,14.6,11,4.422093693158257,0.7373737373737373,40.0,100.0,2.2,0.44000000000000006,0.0,0.0,5,0.0,0.0,0.0,0.0,0.0,0.0,0.0,0.2,0.0,100.0,1.0,0.0,100.0,1.0,0.0
31,mixed_20,2,2,410.23925017779794,102.55981254444949,1133480.4561194456,226696.09122388912,890.0,42.38095238095238,33407.20395888357,1590.8192361373128,21.0,2.476291716656766,40.76877875065338,15.8,14,2.781260859917948,0.7523809523809524,40.76877875065338,100.0,2.8,0.5599999999999999,3.4192325722612447,0.0,5,0.0701423286602676,0.4,8.27586735598743,3.773751424606644,0.4,8.820295505318793,0.0,0.0,0.0,100.0,1.0,0.0,100.0,1.0,0.0
32,mixed_20,2,2,86.58267096266155,39.35575952848252,2364585.1678224783,472917.0335644957,976.2,45.61682242990654,33687.6933132502,1574.1912763201028,21.4,1.5347199482006308,40.0,18.6,10,1.9070144423964677,0.8691588785046729,40.0,100.0,2.0,0.4,0.0,0.0,5,0.0,0.0,0.0,0.0,0.0,0.0,0.0,0.0,0.0,100.0,1.0,0.0,100.0,1.0,0.0
33,mixed_20,2,2,668.1711363047065,222.72371210156882,1945455.1593713746,389091.03187427495,1071.0,45.0,39044.72976544256,1640.534864094225,23.8,1.4530638911340121,42.11957378615102,19.6,11,2.6320851129832987,0.8235294117647058,42.11957378615102,100.0,2.2,0.44000000000000006,1.8871718579156813,0.0,5,0.0,0.0,0.0,0.0,0.0,0.0,10.597868930755112,0.2,9.435859289578406,100.0,1.0,0.0,100.0,1.0,0.0
34,mixed_20,3,2,840.1066770173314,182.63188630811555,201224.29350644472,40244.85870128895,1155.6,45.857142857142854,39821.71038093102,1580.2266024178975,25.2,1.3247503234384481,42.423447702745534,19.4,11,1.1649912506250126,0.7698412698412699,42.423447702745534,100.0,2.2,0.44000000000000006,1.650541084698623,0.0,5,0.0,0.0,0.0,0.0,0.0,0.0,12.11723851372767,0.2,8.252705423493115,100.0,1.0,0.0,100.0,1.0,0.0
35,mixed_20,3,3,376.0282253501224,94.0070563375306,648113.6403312081,129622.72806624163,1256.4,48.323076923076925,43155.47004831755,1659.8257710891364,26.0,2.302794293244402,40.0,21.0,10,2.2005721155154134,0.8076923076923077,40.0,100.0,2.0,0.4,0.0,0.0,5,0.0,0.0,0.0,0.0,0.0,0.0,0.0,0.0,0.0,100.0,1.0,0.0,100.0,1.0,0.0
36,mixed_20,3,3,607.9664801372206,168.8795778158946,3626016.105730041,725203.2211460082,1365.2,52.10687022900763,40596.11445477475,1549.470017357815,26.2,2.810494563160807,51.90318077868051,22.4,16,3.744325379430653,0.8549618320610687,51.90318077868051,100.0,3.2,0.64,4.986189327047006,0.0,5,11.58672637136192,0.2,8.63056542417044,5.745132225622456,0.4,8.8847767425701,42.18404529641816,0.6,7.415604468494493,100.0,1.0,0.0,100.0,1.0,0.0
37,mixed_20,3,3,823.0282120366276,274.3427373455425,676165.8533219323,135233.17066438645,1482.6,53.330935251798564,43478.44819576903,1563.9729566823391,27.8,1.8888935501285047,60.0,25.0,15,4.44286725951296,0.8992805755395683,60.0,100.0,3.0,0.6,0.0,0.0,5,0.0,0.0,0.0,0.0,0.0,0.0,100.0,1.0,0.0,100.0,1.0,0.0,100.0,1.0,0.0
38,mixed_20,3,3,602.2080471282468,167.28001309117965,1658520.3209984205,331704.0641996841,1608.2,53.60666666666667,47736.9272174488,1591.2309072482933,30.0,0.9382951420450675,60.0,26.0,15,0.9487581625467536,0.8666666666666667,60.0,100.0,3.0,0.6,0.0,0.0,5,0.0,0.0,0.0,0.0,0.0,0.0,100.0,1.0,0.0,100.0,1.0,0.0,100.0,1.0,0.0
39,mixed_20,3,3,753.3058438258438,179.35853424424852,91754.40715717504,18350.88143143501,1738.2,54.660377358490564,51125.29332892553,1607.7136266957714,31.8,1.6951434825660063,65.63785448145791,26.4,17,1.7947039497445363,0.8301886792452831,65.63785448145791,100.0,3.4,0.6799999999999999,1.1972570473483006,0.0,5,0.0,0.0,0.0,28.189272407289536,0.4,5.986285236741503,100.0,1.0,0.0,100.0,1.0,0.0,100.0,1.0,0.0
40,mixed_20,3,3,227.61006976501372,75.87002325500457,5041413.1734680515,1008282.6346936102,1878.2,56.915151515151514,52681.225179409594,1596.400763012412,33.0,2.012373599501593,81.07890955317202,29.4,22,3.048670924660945,0.8909090909090909,81.07890955317202,100.0,4.4,0.8800000000000001,1.728356399834156,0.0,5,5.394547765860125,0.4,8.64178199917078,100.0,1.0,0.0,100.0,1.0,0.0,100.0,1.0,0.0,100.0,1.0,0.0
41,mixed_20,3,3,450.25902823496256,132.42912595145958,1201111.7265572485,240222.3453114497,2027.0,61.05421686746988,51838.54789241799,1561.4020449523491,33.2,3.0853599534937017,80.0,30.2,20,4.97873119710023,0.9096385542168675,80.0,100.0,4.0,0.8,0.0,0.0,5,0.0,0.0,0.0,100.0,1.0,0.0,100.0,1.0,0.0,100.0,1.0,0.0,100.0,1.0,0.0
42,mixed_20,3,3,284.41278248260136,129.27853749209152,2480459.822696466,496091.9645392932,2182.0,64.94047619047619,50557.48308524039,1504.6869965845353,33.6,2.4860208233848353,80.0,32.2,20,4.999499268797749,0.9583333333333334,80.0,100.0,4.0,0.8,0.0,0.0,5,0.0,0.0,0.0,100.0,1.0,0.0,100.0,1.0,0.0,100.0,1.0,0.0,100.0,1.0,0.0
43,mixed_20,3,3,591.3413735438046,227.43898982454022,3384266.925340225,676853.385068045,2343.2,65.45251396648045,55690.23784260829,1555.5932358270472,35.8,0.4646407525550409,80.0,32.8,20,0.7173951816184995,0.9162011173184358,80.0,100.0,4.0,0.8,0.0,0.0,5,0.0,0.0,0.0,100.0,1.0,0.0,100.0,1.0,0.0,100.0,1.0,0.0,100.0,1.0,0.0
44,mixed_20,3,3,277.8476139251319,92.6158713083773,2000277.847613925,400055.569522785,2508.0,68.9010989010989,58372.98933987822,1603.6535532933578,36.4,1.304476526654401,80.0,33.2,20,1.8973012945712355,0.9120879120879121,80.0,100.0,4.0,0.8,0.0,0.0,5,0.0,0.0,0.0,100.0,1.0,0.0,100.0,1.0,0.0,100.0,1.0,0.0,100.0,1.0,0.0
45,mixed_20,3,3,247.92549360025532,82.64183120008511,2000247.9254936003,400049.58509872004,2673.6,71.1063829787234,59370.33670516603,1578.9983166267562,37.6,1.4831912271906607,80.3342162624715,33.6,22,2.2060631213586612,0.8936170212765957,80.3342162624715,100.0,4.4,0.8800000000000001,1.7430940294452015,0.0,5,1.6710813123575008,0.4,8.715470147226007,100.0,1.0,0.0,100.0,1.0,0.0,100.0,1.0,0.0,100.0,1.0,0.0
46,mixed_20,3,3,391.19155345541105,162.99648060642127,2063410.7292707085,412682.1458541417,2846.0,75.29100529100529,59435.37537300111,1572.3644278571721,37.8,0.9380432335960528,80.0,35.2,20,1.5376879917660091,0.9312169312169312,80.0,100.0,4.0,0.8,0.0,0.0,5,0.0,0.0,0.0,100.0,1.0,0.0,100.0,1.0,0.0,100.0,1.0,0.0,100.0,1.0,0.0
47,mixed_20,3,3,306.8075796727825,127.83649153032604,2031970.373990022,406394.0747980044,3022.2,79.53157894736842,58866.825467276925,1549.1269859809715,38.0,1.347150553495937,80.0,35.6,20,2.376593828777352,0.9368421052631579,80.0,100.0,4.0,0.8,0.0,0.0,5,0.0,0.0,0.0,100.0,1.0,0.0,100.0,1.0,0.0,100.0,1.0,0.0,100.0,1.0,0.0
48,mixed_20,3,3,400.8989680164859,154.1919107755715,2091208.3055557583,418241.6611111517,3202.0,82.52577319587628,61111.81074615983,1575.0466687154594,38.8,2.1339936816462974,82.17980771341466,36.2,21,3.9742318013546014,0.9329896907216495,82.17980771341468,100.0,4.2,0.8400000000000001,1.8350242433696082,0.0,5,10.899038567073376,0.2,9.17512121684804,100.0,1.0,0.0,100.0,1.0,0.0,100.0,1.0,0.0,100.0,1.0,0.0
49,mixed_20,3,3,163.94439629106677,81.97219814553338,2985076.7718232563,597015.3543646513,3384.0,89.05263157894737,58345.48820703306,1535.4075843956068,38.0,2.90136421403776,80.0,36.8,20,5.499628837067839,0.968421052631579,80.0,100.0,4.0,0.8,0.0,0.0,5,0.0,0.0,0.0,100.0,1.0,0.0,100.0,1.0,0.0,100.0,1.0,0.0,100.0,1.0,0.0
50,mixed_20,3,3,395.1056287366947,179.59346760758848,2202965.5804785383,440593.11609570764,3569.2,91.05102040816327,59835.81934236114,1526.423962815335,39.2,2.887089741609629,80.0,37.6,20,5.5061570102092,0.9591836734693877,80.0,100.0,4.0,0.8,0.0,0.0,5,0.0,0.0,0.0,100.0,1.0,0.0,100.0,1.0,0.0,100.0,1.0,0.0,100.0,1.0,0.0
51,mixed_20,3,3,532.0159066545145,204.62150255942865,2200876.1197673813,440175.2239534763,3758.0,93.01980198019803,62977.992929413056,1558.8612111240855,40.4,1.8470797035188753,80.0,38.2,20,4.453517030400303,0.9455445544554455,80.0,100.0,4.0,0.8,0.0,0.0,5,0.0,0.0,0.0,100.0,1.0,0.0,100.0,1.0,0.0,100.0,1.0,0.0,100.0,1.0,0.0
52,mixed_20,3,3,621.9051044650005,222.10896588035732,2000875.0130231516,400175.0026046303,3948.6,94.01428571428572,64735.75224954875,1541.3274345130653,42.0,0.6762384238474708,80.0,38.8,20,1.056544536712441,0.9238095238095239,80.0,100.0,4.0,0.8,0.0,0.0,5,0.0,0.0,0.0,100.0,1.0,0.0,100.0,1.0,0.0,100.0,1.0,0.0,100.0,1.0,0.0
53,mixed_20,3,3,796.5992552760038,265.5330850920013,2000796.5992552757,400159.31985105516,4145.0,96.3953488372093,67490.78732696724,1569.553193650401,43.0,1.3349546123951532,80.0,39.8,20,2.421649668697503,0.9255813953488372,80.0,100.0,4.0,0.8,0.0,0.0,5,0.0,0.0,0.0,100.0,1.0,0.0,100.0,1.0,0.0,100.0,1.0,0.0,100.0,1.0,0.0
54,mixed_20,3,3,322.08691200949625,146.40314182249827,2407532.954969588,481506.59099391766,4346.2,99.22831050228311,68134.3657152544,1555.5791259190503,43.8,0.9843562821005705,82.09487634413311,40.8,21,1.835947139290463,0.9315068493150684,82.09487634413313,100.0,4.2,0.8400000000000001,1.909420578070075,0.0,5,10.474381720665633,0.2,9.547102890350375,100.0,1.0,0.0,100.0,1.0,0.0,100.0,1.0,0.0,100.0,1.0,0.0
55,mixed_20,3,3,24.572957678027876,24.572957678027876,3712618.0931071984,742523.6186214397,4554.0,104.93087557603687,66569.3603342887,1533.8562289006613,43.4,0.7576068972665827,80.0,42.2,20,1.5517318830636735,0.9723502304147466,80.0,100.0,4.0,0.8,0.0,0.0,5,0.0,0.0,0.0,100.0,1.0,0.0,100.0,1.0,0.0,100.0,1.0,0.0,100.0,1.0,0.0
56,mixed_20,4,3,674.4058908060704,259.3868810792578,2001235.73940858,400247.14788171597,4471.2,102.08219178082192,69556.7035613573,1588.0525927250524,43.8,1.4137588865706767,72.0,39.2,19,2.6071331328385634,0.8949771689497716,72.0,100.0,3.8,0.76,0.0,0.0,5,0.0,0.0,0.0,60.0,0.8,0.0,100.0,1.0,0.0,100.0,1.0,0.0,100.0,1.0,0.0
57,mixed_20,4,4,192.74021008688504,80.30842086953544,2006530.2250531286,401306.04501062573,4422.8,104.31132075471699,68118.74982057746,1606.5742882211664,42.4,2.4910925988504453,66.93283309886647,34.6,20,4.3441909096648335,0.8160377358490566,66.93283309886647,100.0,4.0,0.8,2.038769315016451,0.0,5,4.651124905287816,0.4,8.333064908720552,30.01304058904452,0.6,1.8607816663617023,100.0,1.0,0.0,100.0,1.0,0.0,100.0,1.0,0.0
58,mixed_20,4,4,41.43615718767318,20.71807859383659,4365528.036433678,873105.6072867357,4567.0,111.39024390243902,66631.35119397982,1625.1549071702393,41.0,3.3181823461740625,61.59901333298694,34.2,19,5.392562385802098,0.8341463414634146,61.59901333298694,100.0,3.8,0.76,0.7874171591364952,0.0,5,0.0,0.0,0.0,7.995066664934711,0.8,3.937085795682476,100.0,1.0,0.0,100.0,1.0,0.0,100.0,1.0,0.0
59,mixed_20,4,4,26.390669587674825,13.195334793837413,2800481.041690605,560096.2083381211,4737.0,119.62121212121212,64823.909334571494,1636.9674074386742,39.6,3.710328913933554,62.83011071619194,34.2,19,5.404730986644594,0.8636363636363636,62.83011071619194,100.0,3.8,0.76,1.1398771622741175,0.0,5,0.0,0.0,0.0,14.150553580959695,0.8,5.699385811370588,100.0,1.0,0.0,100.0,1.0,0.0,100.0,1.0,0.0
60,mixed_20,4,4,83.10707389076211,46.17059660597895,3200083.1070738905,640016.621414778,4846.8,126.21875,62795.38340678433,1635.2964428850084,38.4,1.7855789646390068,63.558704275944365,34.0,19,3.283205455043973,0.8854166666666666,63.558704275944365,100.0,3.8,0.76,1.4307770151280654,0.0,5,0.0,0.0,0.0,17.793521379721824,0.8,7.153885075640327,100.0,1.0,0.0,100.0,1.0,0.0,100.0,1.0,0.0
61,mixed_20,4,4,360.4411509472267,128.7289824811524,1801102.9222956274,360220.5844591255,3985.0,110.69444444444444,59584.85649134193,1655.1349025372758,36.0,1.9442053288532546,50.14152555464352,29.6,15,2.518008201869368,0.8222222222222222,50.14152555464352,100.0,3.2,0.64,0.933913674606101,0.0,5,0.0,0.0,0.0,50.70762777321761,0.6,4.669568373030505,60.0,1.0,0.0,40.0,0.6,0.0,100.0,1.0,0.0
62,mixed_20,4,4,289.2116254012091,72.30290635030228,1000289.2116254012,200057.84232508024,2691.2,78.69005847953217,59783.28756499679,1748.0493440057542,34.2,2.3219623870831025,29.737944873469587,19.0,14,2.398402639728601,0.5555555555555556,29.737944873469587,100.0,2.8,0.5599999999999999,2.4022933727146203,0.0,5,0.0,0.0,0.0,0.6816322398674401,0.6,7.006156989626462,18.058960711757663,0.4,2.3478209879249334,29.94913141572283,0.8,2.6574888860217056,100.0,1.0,0.0
63,mixed_20,4,4,141.76358963849384,35.44089740962346,1000141.7635896385,200028.35271792772,2240.0,68.29268292682927,55374.404229669264,1688.2440313923555,32.8,3.576457477764165,46.884858152920515,15.4,16,4.006101591950641,0.4695121951219512,46.884858152920515,100.0,3.2,0.64,4.14786591817959,0.0,5,11.088825610142976,0.2,9.018087533861994,1.0563078076427246,0.4,4.513238788514696,84.16383991584894,1.0,3.2424911943024277,38.115317430967934,0.6,3.965512074218832,100.0,1.0,0.0
64,mixed_20,4,4,168.73861228856697,44.40489797067552,1200168.7386122886,240033.74772245772,2262.8,70.7125,52623.05233066145,1644.4703853331703,32.0,3.4951911810823453,61.99445685366754,20.0,17,4.3312399398265615,0.625,61.99445685366754,100.0,3.4,0.6799999999999999,1.0854087814577604,0.0,5,0.0,0.0,0.0,9.972284268337717,0.4,5.427043907288803,100.0,1.0,0.0,100.0,1.0,0.0,100.0,1.0,0.0
65,mixed_20,4,4,479.3007552023064,119.8251888005766,1000479.3007552022,200095.86015104043,2371.6,70.58333333333333,53075.059483865414,1579.6148655912325,33.6,1.7478167871763488,63.23580663626376,24.4,18,1.9282983820833692,0.7261904761904762,63.23580663626376,100.0,3.6,0.72,1.605341896535797,0.0,5,0.0,0.0,0.0,16.1790331813188,0.6,8.026709482678985,100.0,1.0,0.0,100.0,1.0,0.0,100.0,1.0,0.0
66,mixed_20,4,4,762.49756204971,211.80487834714168,1003359.74991615,200671.94998323,2470.2,74.85454545454546,53927.44833485571,1634.1651010562339,33.0,1.8238217419126292,48.0,25.6,13,2.291989016801251,0.7757575757575758,48.0,100.0,2.6,0.52,0.0,0.0,5,0.0,0.0,0.0,0.0,0.0,0.0,40.0,0.6,0.0,100.0,1.0,0.0,100.0,1.0,0.0
67,mixed_20,4,4,221.51901486198003,73.83967162066001,1308131.9912253586,261626.3982450717,2579.8,79.62345679012346,52365.73886399615,1616.2265081480293,32.4,3.121834498745076,62.911750872599214,26.0,18,3.946711818839363,0.8024691358024691,62.911750872599214,100.0,3.6,0.72,4.114879282309408,0.0,5,8.966538029411595,0.4,9.007237550336868,10.605300724203062,0.2,9.42924699643673,94.98691560938141,1.0,2.1379118647734394,100.0,1.0,0.0,100.0,1.0,0.0
68,mixed_20,4,4,208.1524893230017,104.07624466150085,8576114.286053224,1715222.8572106448,2717.2,84.9125,51047.68289157024,1595.24009036157,32.0,1.8673468306424592,60.01788140617782,28.6,17,3.351274176513746,0.89375,60.01788140617782,100.0,3.4,0.6799999999999999,1.6613349910221988,0.0,5,0.0,0.0,0.0,0.08940703088910595,0.4,8.306674955110994,100.0,1.0,0.0,100.0,1.0,0.0,100.0,1.0,0.0
69,mixed_20,4,4,233.77221699700294,97.4050904154179,5296231.710536668,1059246.3421073337,2862.0,89.4375,51029.947411109504,1594.685856597172,32.0,2.062355238446964,60.0,29.2,15,2.699047774556989,0.9125,60.0,100.0,3.0,0.6,0.0,0.0,5,0.0,0.0,0.0,0.0,0.0,0.0,100.0,1.0,0.0,100.0,1.0,0.0,100.0,1.0,0.0
70,mixed_20,4,4,203.8003798595411,72.7858499498361,2200203.8003798597,440040.76007597195,3007.0,92.80864197530865,52729.85399781216,1627.464629562104,32.4,2.5719213593664265,62.17472723607398,29.2,16,3.199668728198953,0.9012345679012346,62.17472723607398,100.0,3.2,0.64,1.8393111253902248,0.0,5,0.0,0.0,0.0,10.873636180369886,0.2,9.196555626951124,100.0,1.0,0.0,100.0,1.0,0.0,100.0,1.0,0.0
71,mixed_20,1,4,485.6203745337165,173.43584804775588,1002725.3309519554,200545.06619039108,2234.8,73.51315789473684,49386.61355399944,1624.5596563815607,30.4,2.0724453293457974,48.08910600227409,23.2,16,2.9444601035197953,0.7631578947368421,48.08910600227409,100.0,3.2,0.64,1.7247617918625473,0.0,5,0.4455300113704652,0.4,8.623808959312736,0.0,0.0,0.0,100.0,1.0,0.0,60.0,0.8,0.0,80.0,1.0,0.0
72,mixed_20,1,1,774.2472800376015,175.9652909176367,204837.93598120753,40967.587196241504,1190.6,39.95302013422819,53180.73522971066,1784.5884305272034,29.8,1.896228498237408,33.997756701111484,16.2,12,2.6884372229267113,0.5436241610738255,33.997756701111484,100.0,2.4,0.48,2.55922292011691,0.0,5,0.0,0.0,0.0,11.27903799922251,0.2,8.86600435311001,100.0,1.0,0.0,21.33735050025848,0.6,1.7961583693013827,37.37239500607643,0.6,2.133951878173155
73,mixed_20,1,1,312.94949166513913,62.589898333027826,312.94949166513913,62.589898333027826,408.2,15.462121212121213,50775.79463277447,1923.3255542717604,26.4,2.3150967404327654,30.65113583435118,8.2,13,1.6708286388023255,0.3106060606060606,30.65113583435118,100.0,2.6,0.52,3.4984352874538667,0.0,5,0.0,0.0,0.0,10.768611243074702,0.2,9.286248499713466,100.0,1.0,0.0,17.79526789314218,0.8,4.216263259302279,24.691800035539018,0.6,3.9896646782535865
74,mixed_20,1,1,264.6732543552066,52.93465087104132,264.6732543552066,52.93465087104132,205.0,8.401639344262295,50985.95501848059,2089.5883204295324,24.4,2.9559398784489836,25.35340745819053,6.6,11,1.230734768134716,0.27049180327868855,25.35340745819053,100.0,2.2,0.44000000000000006,2.203341228393255,0.0,5,0.0,0.0,0.0,0.0,0.0,0.0,100.0,1.0,0.0,20.662443884426693,0.6,5.884810824338804,6.104593406525964,0.6,5.131895317627469
75,mixed_20,1,1,210.35080470501552,45.72843580543816,23987.258999539103,4797.451799907821,235.6,10.517857142857142,47153.0645637779,2105.047525168656,22.4,3.7207457175516563,29.678422851100777,6.8,18,2.312901748181965,0.30357142857142855,29.678422851100777,100.0,3.6,0.72,5.628800088049057,0.0,5,4.076404208966551,0.4,8.497499379049987,6.586140280435302,0.4,5.997170881654055,100.0,1.0,0.0,16.783203809957286,0.8,7.067489459076221,20.946365956144746,1.0,6.581840720465024
76,mixed_20,1,1,430.73153300002286,97.89353022727792,564611.846667697,112922.36933353939,273.0,11.869565217391305,37511.92699653443,1630.95334767541,23.0,2.338089373120482,32.26195287638461,9.4,13,2.0485948107452336,0.40869565217391307,32.26195287638461,100.0,2.5999999999999996,0.5199999999999999,4.318112487650377,0.0,5,0.0,0.0,0.0,11.640376345497998,0.2,8.590787534002347,100.0,1.0,0.0,40.13735212249685,0.6,6.392545752168555,9.532035913928212,0.8,6.607229152080984
77,mixed_20,1,1,251.48450782744695,62.87112695686174,1013823.2373422332,202764.64746844664,338.2,13.2109375,42608.63879681675,1664.3999530006542,25.6,1.2907769374456175,60.0,16.8,15,0.7840060141545657,0.65625,60.0,100.0,3.0,0.6,0.0,0.0,5,0.0,0.0,0.0,0.0,0.0,0.0,100.0,1.0,0.0,100.0,1.0,0.0,100.0,1.0,0.0
78,mixed_20,3,1,640.3265173645033,128.06530347290067,640.3265173645033,128.06530347290067,381.4,13.429577464788732,49184.24939146005,1731.8397673049315,28.4,1.7238465643848624,60.0,17.8,15,1.1856159344215207,0.6267605633802817,60.0,100.0,3.0,0.6,0.0,0.0,5,0.0,0.0,0.0,0.0,0.0,0.0,100.0,1.0,0.0,100.0,1.0,0.0,100.0,1.0,0.0
79,mixed_20,3,3,398.11426264211275,79.62285252842256,398.11426264211275,79.62285252842256,471.8,16.15753424657534,46865.09446039943,1604.9689883698434,29.2,2.3924937932727586,77.55934001367518,20.2,20,3.025712051495424,0.6917808219178082,77.55934001367518,100.0,4.0,0.8,2.595732213000955,0.0,5,12.076762615511143,0.2,8.280364795078615,75.71993745286477,0.8,4.69829626992616,100.0,1.0,0.0,100.0,1.0,0.0,100.0,1.0,0.0
80,mixed_20,3,3,356.24361148529346,84.81990749649844,2025950.5378325034,405190.10756650066,581.2,19.635135135135137,46368.65815943976,1566.5087216026945,29.6,3.4358868224200863,80.0,23.4,20,5.252924525821069,0.7905405405405406,80.0,100.0,4.0,0.8,0.0,0.0,5,0.0,0.0,0.0,100.0,1.0,0.0,100.0,1.0,0.0,100.0,1.0,0.0,100.0,1.0,0.0
81,mixed_20,3,3,1017.8022105966336,267.8426869991141,406404.79948524514,81280.95989704903,707.0,21.295180722891565,51483.326650566225,1550.702609956814,33.2,0.4856838339046447,80.0,27.4,20,0.5505520966660027,0.8253012048192772,80.0,100.0,4.0,0.8,0.0,0.0,5,0.0,0.0,0.0,100.0,1.0,0.0,100.0,1.0,0.0,100.0,1.0,0.0,100.0,1.0,0.0
82,mixed_20,3,3,1004.7075259026666,228.3426195233333,15180.143715988877,3036.0287431977754,850.2,24.016949152542374,56280.46887410894,1589.8437535059024,35.4,1.1503747304540686,80.0,30.0,20,1.589657783169018,0.847457627118644,80.0,100.0,4.0,0.8,0.0,0.0,5,0.0,0.0,0.0,100.0,1.0,0.0,100.0,1.0,0.0,100.0,1.0,0.0,100.0,1.0,0.0
83,mixed_20,3,3,736.1753338751403,204.49314829865006,639992.1251746267,127998.42503492534,1004.4,27.74585635359116,56787.186533413435,1568.706810315288,36.2,1.695026070432836,80.0,32.0,20,2.6217369243916755,0.8839779005524862,80.0,100.0,4.0,0.8,0.0,0.0,5,0.0,0.0,0.0,100.0,1.0,0.0,100.0,1.0,0.0,100.0,1.0,0.0,100.0,1.0,0.0
84,mixed_20,0,3,367.980984428875,141.5311478572596,1114322.4403331415,222864.48806662828,960.0,27.11864406779661,55913.46399412188,1579.4763840147423,35.4,2.605605056727789,66.38595875468218,28.4,19,4.747689718951943,0.8022598870056498,66.38595875468218,100.0,3.8,0.76,1.6764749148116853,0.0,5,11.929793773410893,0.2,8.382374574058426,60.0,0.8,0.0,100.0,1.0,0.0,100.0,1.0,0.0,60.0,0.8,0.0
85,mixed_20,0,0,842.4249603488668,200.57737151163494,202248.4956468556,40449.69912937112,911.2,26.335260115606935,58859.24607330434,1701.1342795752698,34.6,2.0652625849688713,49.148364129306174,21.6,15,3.6609982769337552,0.6242774566473989,49.148364129306174,100.0,3.0,0.6,0.8395890498396497,0.0,5,0.0,0.0,0.0,19.985671470378747,0.4,2.2569007956121734,100.0,1.0,0.0,100.0,1.0,0.0,25.75614917615212,0.6,1.9410444535860751
86,mixed_20,0,0,426.7271311617621,106.68178279044052,378057.46630485496,75611.493260971,954.2,29.633540372670808,56388.329711675084,1751.1903637166176,32.2,2.2793456475930154,51.25205626835941,19.8,18,2.023572131244166,0.6149068322981367,51.25205626835941,100.0,3.5999999999999996,0.72,1.8596782053804894,0.0,5,0.0,0.0,0.0,32.20713931287719,0.8,4.868431360912929,100.0,1.0,0.0,100.0,1.0,0.0,24.053142028919865,0.8,4.429959665989519
87,mixed_20,0,0,354.1573156629005,104.16391637144132,718191.8488192982,143638.36976385963,1046.2,34.189542483660134,53308.397609978296,1742.1044970581142,30.6,2.495332624586008,43.710306583064266,20.2,15,2.409685678501707,0.6601307189542484,43.710306583064266,100.0,3.0,0.6,1.1410307599449596,0.0,5,0.0,0.0,0.0,0.0,0.2,0.0,100.0,1.0,0.0,100.0,1.0,0.0,18.55153291532133,0.8,5.705153799724798
88,mixed_20,0,0,345.65783120744607,86.41445780186152,1000345.6578312075,200069.1315662415,1146.0,38.45637583892618,53913.25519598541,1809.1696374491748,29.8,3.2885632957025654,45.49019947343004,20.2,16,2.9244723739048455,0.6778523489932886,45.49019947343004,100.0,3.2,0.64,3.105984368003195,0.0,5,5.63567234698894,0.4,8.323115479014815,0.0,0.0,0.0,100.0,1.0,0.0,100.0,1.0,0.0,21.815325020161254,0.8,7.20680636100116
89,mixed_20,0,0,262.23184791490684,100.85840304419493,1266731.0690394584,253346.21380789168,1249.2,43.67832167832168,49416.28744530616,1727.8422183673483,28.6,2.1546296761482115,46.681157801689096,21.8,15,2.607843876526559,0.7622377622377622,46.681157801689096,100.0,3.0,0.6,3.097043238469216,0.0,5,0.0,0.0,0.0,10.778334828812604,0.4,7.2055002582181,100.0,1.0,0.0,100.0,1.0,0.0,22.627454179632878,0.6,8.279715934127982
90,mixed_20,0,0,420.9115471287363,123.79751386139303,2277374.5936733857,455474.91873467714,1070.0,37.94326241134752,49468.51658174374,1754.2027156646714,28.2,1.695521422410645,43.826322799498485,16.6,13,1.9461028714532025,0.5886524822695035,43.826322799498485,100.0,2.6,0.52,3.661773485448245,0.0,5,0.0,0.0,0.0,8.548612797985697,0.4,8.859751990623772,100.0,1.0,0.0,100.0,1.0,0.0,10.583001199506725,0.2,9.44911543661745
91,mixed_20,0,0,517.6720708526232,103.53441417052463,517.6720708526232,103.53441417052463,884.0,30.482758620689655,49837.439518725136,1718.5323971974185,29.0,2.463704257560752,33.19615366234575,11.4,11,1.8663154820781271,0.3931034482758621,33.19615366234575,100.0,2.2,0.44000000000000006,1.1780059868788335,0.0,5,0.0,0.0,0.0,0.0,0.0,0.0,100.0,1.0,0.0,35.48750023763432,0.6,2.245927653426991,30.49326807409443,0.6,3.6441022809671764
92,mixed_20,0,0,283.727053046195,67.55406024909405,32883.13996553574,6576.627993107148,945.6,31.731543624161073,44994.05254102449,1509.8675349337077,29.8,2.9716721415661964,51.08779688169625,14.2,16,2.7545341678546804,0.47651006711409394,51.08779688169625,100.0,3.2,0.64,2.5394616149924696,0.0,5,0.0,0.0,0.0,0.5592880802350919,0.4,8.540486948471516,100.0,1.0,0.0,100.0,1.0,0.0,54.879696328246155,0.8,4.15682112649083
93,mixed_20,0,0,415.3177501766212,115.3660417157281,1066008.8391708878,213201.76783417756,1038.6,32.254658385093165,48584.59520113176,1508.838360283595,32.2,1.0734809581291245,60.64192303277241,22.8,17,1.1532886264580156,0.7080745341614907,60.64192303277241,100.0,3.4,0.6799999999999999,1.6242468285001812,0.0,5,3.209615163862054,0.4,8.121234142500906,0.0,0.0,0.0,100.0,1.0,0.0,100.0,1.0,0.0,100.0,1.0,0.0
94,mixed_20,0,0,1053.549961084388,277.2499897590495,39563.45527998436,7912.691055996872,1167.0,32.597765363128495,56851.344472720266,1588.0263819195604,35.8,0.6039477065349316,60.0,28.2,15,0.6723645491177799,0.7877094972067039,60.0,100.0,3.0,0.6,0.0,0.0,5,0.0,0.0,0.0,0.0,0.0,0.0,100.0,1.0,0.0,100.0,1.0,0.0,100.0,1.0,0.0
95,mixed_20,3,0,721.7024795331339,180.42561988328347,113102.08598251667,22620.417196503335,1275.8,34.48108108108108,58830.38503967499,1590.0104064777024,37.0,1.1856617054338379,60.0,29.4,15,1.2730126478373378,0.7945945945945946,60.0,100.0,3.0,0.6,0.0,0.0,5,0.0,0.0,0.0,0.0,0.0,0.0,100.0,1.0,0.0,100.0,1.0,0.0,100.0,1.0,0.0
96,mixed_20,3,3,767.9062813519323,239.97071292247884,1498897.4965618914,299779.4993123783,1429.8,38.026595744680854,58841.38504341013,1564.9304532821843,37.6,1.8500149643599806,61.66097210076896,32.8,17,2.5036351438339355,0.8723404255319149,61.66097210076896,100.0,3.4,0.6799999999999999,1.6990211899392307,0.0,5,0.0,0.0,0.0,8.304860503844793,0.4,8.495105949696153,100.0,1.0,0.0,100.0,1.0,0.0,100.0,1.0,0.0
97,mixed_20,3,3,787.6949495443907,281.31962483728245,827887.1538905876,165577.43077811753,1597.0,41.15979381443299,60726.09667745816,1565.105584470571,38.8,1.3664569579853962,67.79818313343321,35.0,19,2.448326718963373,0.9020618556701031,67.79818313343321,100.0,3.8,0.76,2.8106877290474195,0.0,5,8.270502427935753,0.4,8.857781226467342,30.72041323923031,0.4,5.1956574187697555,100.0,1.0,0.0,100.0,1.0,0.0,100.0,1.0,0.0
98,mixed_20,3,3,1189.516377383473,330.4212159398536,179080.3798245624,35816.07596491248,1757.6,44.1608040201005,61462.100165855605,1544.2738735139599,39.8,0.7587007370256519,80.0,35.2,20,1.1355169214241396,0.8844221105527639,80.0,100.0,4.0,0.8,0.0,0.0,5,0.0,0.0,0.0,100.0,1.0,0.0,100.0,1.0,0.0,100.0,1.0,0.0,100.0,1.0,0.0
99,mixed_20,3,3,244.99642026477386,111.36200921126084,3734764.4477724684,746952.8895544937,1940.0,47.549019607843135,65342.84281429827,1601.54026505633,40.8,1.5144786497087848,80.0,37.4,20,2.273535053739577,0.9166666666666666,80.0,100.0,4.0,0.8,0.0,0.0,5,0.0,0.0,0.0,100.0,1.0,0.0,100.0,1.0,0.0,100.0,1.0,0.0,100.0,1.0,0.0
100,mixed_20,3,3,338.2978551596922,140.95743964987176,1456663.7933440343,291332.75866880687,2127.0,50.642857142857146,64606.056354291024,1538.2394370069292,42.0,1.8715353488743247,82.22824445924334,38.2,21,2.9948895569156533,0.9095238095238095,82.22824445924334,100.0,4.2,0.8400000000000001,1.7951351717299022,0.0,5,11.14122229621671,0.2,8.975675858649511,100.0,1.0,0.0,100.0,1.0,0.0,100.0,1.0,0.0,100.0,1.0,0.0
101,mixed_20,3,3,547.3737591307693,456.14479927564105,3251529.5946307397,650305.918926148,2318.0,54.1588785046729,65020.96342565956,1519.1813884499898,42.8,0.07613710284876156,80.0,40.8,20,0.16006349799038103,0.9532710280373832,80.0,100.0,4.0,0.8,0.0,0.0,5,0.0,0.0,0.0,100.0,1.0,0.0,100.0,1.0,0.0,100.0,1.0,0.0,100.0,1.0,0.0
102,mixed_20,2,3,432.4996429553439,216.24982147767196,3000432.4996429547,600086.499928591,1875.0,44.856459330143544,66287.3017749757,1585.8206166262128,41.8,0.32316012594659926,64.0,35.0,18,0.5607968004265618,0.8373205741626795,64.0,100.0,3.6,0.72,0.0,0.0,5,0.0,0.0,0.0,60.0,0.8,0.0,60.0,0.8,0.0,100.0,1.0,0.0,100.0,1.0,0.0
103,mixed_20,2,2,262.14888127937115,93.62460045691827,2200262.1488812794,440052.42977625586,1342.8,32.43478260869565,68216.70793305968,1647.7465684313931,41.4,0.9068223783087567,51.28125738150402,28.8,16,1.1228651447428175,0.6956521739130435,51.28125738150402,100.0,3.2,0.64,0.6969098950062775,0.0,5,0.0,0.0,0.0,23.555659479050064,0.6,1.6000699550024924,32.850627428470034,0.6,1.884479520028895,100.0,1.0,0.0,100.0,1.0,0.0
104,mixed_20,2,2,110.80517600137782,36.935058667125936,2000110.805176001,400022.16103520023,1319.2,34.53403141361257,65882.12230736722,1724.662887627414,38.2,1.6429735315498808,47.43128650916424,26.2,18,1.518634137117041,0.6858638743455497,47.43128650916424,100.0,3.6,0.72,1.5960915658922055,0.0,5,0.0,0.0,0.0,15.094186494654878,0.8,3.9178896221266704,22.062246051166312,0.8,4.0625682073343565,100.0,1.0,0.0,100.0,1.0,0.0
105,mixed_20,2,2,62.59496119507416,20.86498706502472,2000062.594961195,400012.518992239,1427.0,41.24277456647399,61491.121423561264,1777.2000411433892,34.6,2.7888442938432143,48.23431539170633,25.2,15,2.4754403957205953,0.7283236994219653,48.23431539170633,100.0,3.0,0.6,2.3333309109112355,0.0,5,0.0,0.0,0.0,15.775719874607148,0.4,5.392932947403708,25.39585708392451,0.6,6.273721607152468,100.0,1.0,0.0,100.0,1.0,0.0
106,mixed_20,2,2,224.19374493733577,86.22836343743683,2001734.4434288957,400346.8886857791,1552.6,49.13291139240506,53645.895174217854,1697.6549105765143,31.6,3.2769920032093993,46.46930987187761,25.4,16,3.9490270112065176,0.8037974683544303,46.46930987187761,100.0,3.2,0.64,4.837203445805772,0.0,5,11.951418430967351,0.2,8.367207673098429,11.580035559343287,0.2,8.63555206610014,8.815095369077426,0.8,7.183257489830297,100.0,1.0,0.0,100.0,1.0,0.0
107,mixed_20,2,2,244.65831110297435,94.0993504242209,2240914.7305845404,448182.9461169081,1682.0,54.967320261437905,50592.792576190215,1653.35923451602,30.6,1.739710948456098,43.107834779294535,26.4,13,2.7386045859350268,0.8627450980392157,43.107834779294535,100.0,2.6,0.52,1.7133575985361198,0.0,5,0.0,0.0,0.0,0.0,0.0,0.0,15.539173896472676,0.6,8.566787992680599,100.0,1.0,0.0,100.0,1.0,0.0
108,mixed_20,2,2,109.15103217722383,36.38367739240794,2000109.1510321773,400021.83020643546,1812.0,62.48275862068966,46859.68405614928,1615.851174349975,29.0,2.5337649645817777,40.62780739748905,26.0,11,2.8514156238504937,0.896551724137931,40.62780739748905,100.0,2.2,0.44000000000000006,1.6762054356373846,0.0,5,0.0,0.0,0.0,0.0,0.0,0.0,3.1390369874452517,0.2,8.381027178186923,100.0,1.0,0.0,100.0,1.0,0.0
109,mixed_20,2,2,84.61554062609689,30.219835937891748,2200084.6155406265,440016.9231081253,1942.0,64.30463576158941,48244.696349511476,1597.5065016394528,30.2,2.383454578215014,40.0,26.4,11,3.2554711370641227,0.8741721854304636,40.0,100.0,2.2,0.44000000000000006,0.0,0.0,5,0.0,0.0,0.0,0.0,0.0,0.0,0.0,0.2,0.0,100.0,1.0,0.0,100.0,1.0,0.0
110,mixed_20,2,2,79.1993463347033,32.999727639459714,2018029.0896274014,403605.8179254803,2073.4,69.11333333333333,46613.375600831256,1553.7791866943753,30.0,1.6713001444446975,60.25094315451315,26.8,19,1.9930714233204643,0.8933333333333333,60.25094315451315,100.0,3.8,0.76,3.3442166722325566,0.0,5,81.25471577256576,1.0,7.926834696876794,0.0,0.4,0.0,20.0,0.4,8.794248664285988,100.0,1.0,0.0,100.0,1.0,0.0
111,mixed_20,4,2,23.874196816917653,19.895164014098047,3459636.104817922,691927.2209635845,2212.0,73.73333333333333,47774.364864951276,1592.478828831709,30.0,1.3537829097933178,60.0,28.0,15,2.5535528653490944,0.9333333333333333,60.0,100.0,3.0,0.6,0.0,0.0,5,100.0,1.0,0.0,0.0,0.0,0.0,0.0,0.0,0.0,100.0,1.0,0.0,100.0,1.0,0.0
112,mixed_20,4,4,390.9597243683935,195.47986218419675,3000390.959724369,600078.1919448738,2352.0,74.90445859872611,50473.65680673741,1607.4412995776245,31.4,1.2608386665107683,64.41085374636077,28.6,17,2.4913023105659975,0.910828025477707,64.41085374636077,100.0,3.4,0.6799999999999999,1.8137080289051979,0.0,5,100.0,1.0,0.0,22.05426873180386,0.4,9.06854014452599,0.0,0.0,0.0,100.0,1.0,0.0,100.0,1.0,0.0
113,mixed_20,4,4,198.8188159309846,66.27293864366153,2000198.818815931,400039.7637631862,2492.0,79.87179487179488,50007.66142172304,1602.8096609526615,31.2,1.2292814998338,60.0,28.0,15,1.501612318843058,0.8974358974358975,60.0,100.0,3.0,0.6,0.0,0.0,5,100.0,1.0,0.0,0.0,0.0,0.0,0.0,0.0,0.0,100.0,1.0,0.0,100.0,1.0,0.0
114,mixed_20,4,4,106.32643887861227,37.97372817093295,2000409.2145975425,400081.8429195085,2623.8,83.56050955414013,50144.30706023531,1596.9524541476212,31.4,2.7593784748886128,60.0,27.8,15,4.370352668290972,0.8853503184713376,60.0,100.0,3.0,0.6,0.0,0.0,5,100.0,1.0,0.0,0.0,0.0,0.0,0.0,0.0,0.0,100.0,1.0,0.0,100.0,1.0,0.0
115,mixed_20,4,4,161.47026379252006,67.27927658021669,2042880.1635142635,408576.0327028527,2750.0,88.14102564102564,49104.644211053805,1573.86680163634,31.2,3.7902482479331483,62.185533108670825,28.0,16,5.380535161645131,0.8974358974358975,62.185533108670825,100.0,3.2,0.64,1.8302170688380373,0.0,5,100.0,1.0,0.0,10.927665543354124,0.2,9.151085344190186,0.0,0.0,0.0,100.0,1.0,0.0,100.0,1.0,0.0
116,mixed_20,4,4,278.31586228336965,99.3985222440606,2200278.3158622836,440055.6631724567,2890.0,90.3125,51855.91126145066,1620.497226920333,32.0,1.627607443553499,62.72803296162783,28.2,16,2.4630596909070643,0.88125,62.72803296162783,100.0,3.2,0.64,1.466257943457244,0.0,5,100.0,1.0,0.0,13.640164808139161,0.2,7.33128971728622,0.0,0.0,0.0,100.0,1.0,0.0,100.0,1.0,0.0
117,mixed_20,2,4,122.07039151790407,43.59656839925146,2200122.070391518,440024.4140783036,3030.0,97.11538461538461,50643.55449445966,1623.1908491813995,31.2,2.4717739217395174,62.19772978989704,28.2,16,3.232173938751529,0.9038461538461539,62.19772978989704,100.0,3.2,0.64,1.8200599629617773,0.0,5,100.0,1.0,0.0,10.988648949485196,0.2,9.100299814808887,0.0,0.0,0.0,100.0,1.0,0.0,100.0,1.0,0.0
118,mixed_20,2,2,161.3619126786851,62.06227410718657,2001869.84698781,400373.969397562,3170.2,102.26451612903226,48030.28845748039,1549.3641437896902,31.0,1.8495929336511951,60.0,28.2,15,2.6861732904205033,0.9096774193548387,60.0,100.0,3.0,0.6,0.0,0.0,5,100.0,1.0,0.0,0.0,0.0,0.0,0.0,0.0,0.0,100.0,1.0,0.0,100.0,1.0,0.0
119,mixed_20,2,2,67.83850637724751,37.68805909847084,2571028.8605779996,514205.77211559995,3314.0,106.90322580645162,48808.723152400155,1574.474940400005,31.0,1.6521523975119714,62.28004818665295,29.2,17,2.7240213552631776,0.9419354838709677,62.28004818665295,100.0,3.4,0.6799999999999999,1.672412900105119,0.0,5,100.0,1.0,0.0,0.0,0.0,0.0,11.40024093326474,0.4,8.362064500525594,100.0,1.0,0.0,100.0,1.0,0.0
120,mixed_20,2,2,56.15568105058569,28.077840525292846,3000056.155681051,600011.2311362101,3459.0,107.4223602484472,51588.74883085678,1602.1350568589062,32.2,1.4677650827672335,60.7766623880525,29.4,16,1.9453891314820775,0.9130434782608695,60.7766623880525,100.0,3.2,0.64,1.783362983427942,0.0,5,100.0,1.0,0.0,3.8833119402625016,0.2,8.91681491713971,0.0,0.0,0.0,100.0,1.0,0.0,100.0,1.0,0.0
121,mixed_20,2,2,446.391770213089,148.79725673769633,2000446.3917702131,400089.2783540426,3604.0,111.92546583850931,52062.43655120346,1616.8458556274365,32.2,2.2881214101904384,60.0,29.0,16,2.7296238274478397,0.9006211180124224,60.0,100.0,3.2,0.64,0.0,0.0,5,100.0,1.0,0.0,0.0,0.2,0.0,0.0,0.0,0.0,100.0,1.0,0.0,100.0,1.0,0.0
122,mixed_20,2,2,152.515661625654,50.838553875218,2000152.5156616257,400030.50313232513,3749.0,113.60606060606061,53745.15482044329,1628.6410551649483,33.0,2.2990157834986844,62.157693826679406,29.4,18,2.7572089909049593,0.8909090909090909,62.157693826679406,100.0,3.6,0.72,3.488915714789182,0.0,5,100.0,1.0,0.0,6.2818568087027415,0.2,8.857633817754687,4.506612324694288,0.4,8.586944756191224,100.0,1.0,0.0,100.0,1.0,0.0
123,mixed_20,2,2,102.78936242962702,42.828901012344595,2028141.3603007856,405628.27206015715,3894.6,120.95031055900621,50378.6902039291,1564.5555963953138,32.2,1.452882870895981,60.0,29.4,16,1.8114160101689938,0.9130434782608695,60.0,100.0,3.2,0.64,0.0,0.0,5,100.0,1.0,0.0,0.0,0.2,0.0,0.0,0.0,0.0,100.0,1.0,0.0,100.0,1.0,0.0
124,mixed_20,2,2,210.60843873387336,95.73110851539697,2856632.4091897802,571326.481837956,4044.0,121.80722891566265,53222.926621893304,1603.1001994546175,33.2,1.9911778008149725,60.0,30.4,15,2.5163692580292265,0.9156626506024096,60.0,100.0,3.0,0.6,0.0,0.0,5,100.0,1.0,0.0,0.0,0.0,0.0,0.0,0.0,0.0,100.0,1.0,0.0,100.0,1.0,0.0
125,mixed_20,2,2,309.64281133306656,103.21427044435552,2000309.642811333,400061.92856226664,4194.0,124.82142857142857,54909.98835513522,1634.225843902834,33.6,2.8532668907591807,62.094054012206016,30.0,19,3.518405293457616,0.8928571428571429,62.094054012206016,100.0,3.8,0.76,3.563123205769807,0.0,5,100.0,1.0,0.0,10.438191443679443,0.4,8.896076591685416,0.032078617350634886,0.4,8.919539437163621,100.0,1.0,0.0,100.0,1.0,0.0
126,mixed_20,2,2,207.05384722529038,73.94780258046086,2200207.053847225,440041.410769445,4344.0,131.63636363636363,52277.47254536293,1584.1658347079674,33.0,1.6919991253902527,60.0,30.2,15,2.539140131280616,0.9151515151515152,60.0,100.0,3.0,0.6,0.0,0.0,5,100.0,1.0,0.0,0.0,0.0,0.0,0.0,0.0,0.0,100.0,1.0,0.0,100.0,1.0,0.0
127,mixed_20,2,2,91.816370099218,45.908185049609,2046746.1634954456,409349.2326990891,4496.0,135.42168674698794,52029.59991242888,1567.1566238683397,33.2,1.753000171427187,62.10032506729203,31.0,17,2.670898512281751,0.9337349397590361,62.10032506729203,100.0,3.4,0.6799999999999999,1.723823908641934,0.0,5,100.0,1.0,0.0,0.0,0.0,0.0,10.501625336460165,0.4,8.61911954320967,100.0,1.0,0.0,100.0,1.0,0.0
128,mixed_20,2,2,49.36354165551778,24.68177082775889,2871822.0987369795,574364.4197473959,4651.0,140.09036144578315,52231.23761114711,1573.2300485285275,33.2,1.9619817368439683,60.0,31.2,15,2.797298428014397,0.9397590361445783,60.0,100.0,3.0,0.6,0.0,0.0,5,100.0,1.0,0.0,0.0,0.0,0.0,0.0,0.0,0.0,100.0,1.0,0.0,100.0,1.0,0.0
129,mixed_20,2,2,399.9820869995057,142.85074535696634,2000669.2581717037,400133.8516343407,4806.0,139.7093023255814,54939.61554834901,1597.081847335727,34.4,1.7077470934051089,61.88887377945866,31.2,17,2.2731481298376095,0.9069767441860465,61.88887377945866,100.0,3.4,0.6799999999999999,1.7176743134669958,0.0,5,100.0,1.0,0.0,9.444368897293316,0.4,8.58837156733498,0.0,0.0,0.0,100.0,1.0,0.0,100.0,1.0,0.0
130,mixed_20,2,2,206.3969056805109,68.79896856017031,2000206.3969056804,400041.27938113606,4961.0,145.05847953216374,54073.02685525858,1581.082656586508,34.2,2.4202459335769344,62.25997619974714,31.2,16,3.0925519393992436,0.9122807017543859,62.25997619974714,100.0,3.2,0.64,1.7699301437101589,0.0,5,100.0,1.0,0.0,0.0,0.0,0.0,11.299880998735716,0.2,8.849650718550794,100.0,1.0,0.0,100.0,1.0,0.0
131,mixed_20,4,2,262.5734854005392,145.8741585558551,2372434.398034883,474486.87960697664,5119.2,143.79775280898878,55382.606271459044,1555.691187400535,35.6,0.9897505378056521,60.0,32.6,15,1.6055324503152775,0.9157303370786517,60.0,100.0,3.0,0.6,0.0,0.0,5,100.0,1.0,0.0,0.0,0.0,0.0,0.0,0.0,0.0,100.0,1.0,0.0,100.0,1.0,0.0
132,mixed_20,4,4,202.49397207584127,92.04271457992785,3750445.897664509,750089.1795329017,5278.0,149.09604519774012,55102.8484754568,1556.577640549627,35.4,1.6392422952288552,62.18364670948358,32.2,16,2.1706118793459446,0.9096045197740112,62.18364670948358,100.0,3.2,0.64,1.8317981487701243,0.0,5,100.0,1.0,0.0,10.918233547417913,0.2,9.158990743850621,0.0,0.0,0.0,100.0,1.0,0.0,100.0,1.0,0.0
133,mixed_20,4,4,356.0627894383973,118.68759647946577,2000356.0627894378,400071.21255788754,5438.0,155.37142857142857,56247.82372232752,1607.0806777807863,35.0,2.7511180609936514,61.313395790797586,32.0,16,3.3381320737624898,0.9142857142857143,61.313395790797586,100.0,3.2,0.64,1.752392779123038,0.0,5,100.0,1.0,0.0,6.5669789539879275,0.2,8.76196389561519,0.0,0.0,0.0,100.0,1.0,0.0,100.0,1.0,0.0
134,mixed_20,4,4,223.05331315285792,92.93888048035747,2035856.1018371272,407171.22036742547,5599.4,152.98907103825135,55562.39322809768,1518.0981756310841,36.6,1.5699379365223896,62.22594501455251,33.2,17,2.4915184344792727,0.907103825136612,62.22594501455251,100.0,3.4,0.6799999999999999,1.796989581435882,0.0,5,100.0,1.0,0.0,0.0,0.2,0.0,11.12972507276254,0.2,8.98494790717941,100.0,1.0,0.0,100.0,1.0,0.0
135,mixed_20,4,4,116.98608357400124,58.49304178700062,3042424.1020699413,608484.8204139883,5770.0,155.94594594594594,57582.14523837964,1556.2741956318823,37.0,0.701222905451648,60.0,34.8,15,0.9212385472769414,0.9405405405405406,60.0,100.0,3.0,0.6,0.0,0.0,5,100.0,1.0,0.0,0.0,0.0,0.0,0.0,0.0,0.0,100.0,1.0,0.0,100.0,1.0,0.0
136,mixed_20,3,4,264.41145863481245,101.69671485954325,2001065.7059883408,400213.14119766816,5445.6,149.6043956043956,58384.752641193496,1603.9767209119093,36.4,1.3149115311248003,52.0,32.0,14,1.552180710616994,0.8791208791208791,52.0,100.0,2.8,0.5599999999999999,0.0,0.0,5,60.0,0.8,0.0,0.0,0.0,0.0,0.0,0.0,0.0,100.0,1.0,0.0,100.0,1.0,0.0
137,mixed_20,3,3,541.4370633212259,142.4834377161121,1000832.2555767794,200166.45111535589,4328.2,118.9065934065934,59832.09749557262,1643.738942186061,36.4,1.2204195971267884,38.24649113572241,24.4,14,1.319612258186518,0.6703296703296703,38.24649113572241,100.0,2.8000000000000003,0.56,3.874629216496853,0.0,5,38.77723591470385,0.6,2.003879585700459,10.92626170153153,0.2,9.152261105551137,1.5289580623766597,0.4,8.217005391232668,40.0,0.6,0.0,100.0,1.0,0.0
138,mixed_20,3,3,312.1539289526205,78.03848223815513,1000312.1539289526,200062.43078579052,3413.2,100.38823529411765,59401.624885079436,1747.1066142670422,34.0,1.1933884395145187,36.72722173572856,19.4,12,0.9228185296450582,0.5705882352941176,36.72722173572856,100.0,2.4,0.48,1.396883629786619,0.0,5,34.929825649210215,0.6,3.8841121630057565,0.0,0.0,0.0,0.0,0.0,0.0,48.7062830294326,0.8,3.1003059859273385,100.0,1.0,0.0
139,mixed_20,3,3,145.25226456758762,36.313066141896904,1000145.2522645677,200029.05045291354,2794.8,90.74025974025975,57364.51661299875,1862.4843056168424,30.8,2.327766941883396,26.533856667987948,16.4,11,1.5879908303840935,0.5324675324675324,26.533856667987948,100.0,2.2,0.44000000000000006,2.0795692968411044,0.0,5,28.458556453351775,0.6,5.870844493035207,0.0,0.0,0.0,0.0,0.0,0.0,4.210726886587963,0.6,4.527001991170314,100.0,1.0,0.0
140,mixed_20,3,3,285.30209091752675,71.32552272938169,1000285.3020909175,200057.0604181835,2836.0,98.47222222222223,48977.13287956033,1700.5948916514003,28.8,2.6135139236163996,50.36630773462457,16.6,19,2.3211439652162835,0.5763888888888888,50.36630773462457,100.0,3.8000000000000003,0.76,5.082075238032805,0.0,5,18.672813252060223,0.8,6.597905086758667,64.77382594903702,0.8,6.46599925161047,43.47007452466869,0.6,6.757922395898528,24.91482494735692,0.6,5.588549455896357,100.0,1.0,0.0
141,mixed_20,3,3,264.74322165570436,66.18580541392609,1000264.7432216557,200052.94864433113,2922.0,111.52671755725191,46376.239596549756,1770.085480784342,26.2,3.545282884389828,66.41858227083094,18.2,20,4.423232283816048,0.6946564885496184,66.41858227083094,100.0,4.0,0.8,1.447429708971764,0.0,5,0.0,0.0,0.0,100.0,1.0,0.0,100.0,1.0,0.0,32.092911354154694,1.0,7.23714854485882,100.0,1.0,0.0
142,mixed_20,3,3,191.3448547326912,50.3539091401819,1200191.3448547327,240038.26897094655,3014.0,110.0,44398.4853651343,1620.382677559646,27.4,2.8952238340854217,71.86085635834252,19.8,19,4.205215268260972,0.7226277372262774,71.86085635834252,100.0,3.8,0.76,0.7351685058050655,0.0,5,0.0,0.0,0.0,100.0,1.0,0.0,100.0,1.0,0.0,59.30428179171258,0.8,3.675842529025328,100.0,1.0,0.0
143,mixed_20,3,3,525.7219375863009,125.17188990150021,30969.139702154724,6193.827940430945,2147.8,73.55479452054794,47122.36607770786,1613.7796601954747,29.2,1.1721653194500896,80.0,19.0,20,0.9081592134033212,0.6506849315068494,80.0,100.0,4.0,0.8,0.0,0.0,5,0.0,0.0,0.0,100.0,1.0,0.0,100.0,1.0,0.0,100.0,1.0,0.0,100.0,1.0,0.0
144,mixed_20,3,3,684.5614993127278,142.616979023485,73971.66174639379,14794.332349278757,1543.0,49.140127388535035,48818.76490940132,1554.7377359681948,31.4,1.6045393958279621,80.0,21.2,20,1.8163134495398463,0.6751592356687898,80.0,100.0,4.0,0.8,0.0,0.0,5,0.0,0.0,0.0,100.0,1.0,0.0,100.0,1.0,0.0,100.0,1.0,0.0,100.0,1.0,0.0
145,mixed_20,3,3,919.8322589480113,199.9635345539155,1497.710152527536,299.54203050550717,1658.8,48.50292397660819,54174.960625957465,1584.0631761975867,34.2,1.910653919679417,81.79708983573119,25.4,22,2.918069383852188,0.7426900584795322,81.79708983573119,100.0,4.4,0.8800000000000001,1.644226702339947,0.0,5,8.985449178655927,0.4,8.221133511699735,100.0,1.0,0.0,100.0,1.0,0.0,100.0,1.0,0.0,100.0,1.0,0.0
146,mixed_20,3,3,588.4661277517374,154.8595073030888,350657.39859532553,70131.4797190651,1799.0,49.97222222222222,56482.01248561889,1568.9447912671915,36.0,1.124081531017656,80.0,30.2,20,2.6476290171529038,0.8388888888888889,80.0,100.0,4.0,0.8,0.0,0.0,5,0.0,0.0,0.0,100.0,1.0,0.0,100.0,1.0,0.0,100.0,1.0,0.0,100.0,1.0,0.0
147,mixed_20,3,3,809.8912166246275,224.96978239572985,6755435.13427228,1351087.026854456,1955.0,52.553763440860216,57333.26873813498,1541.2169015627685,37.2,0.9973721108699253,80.0,32.8,20,1.3828510251071773,0.8817204301075269,80.0,100.0,4.0,0.8,0.0,0.0,5,0.0,0.0,0.0,100.0,1.0,0.0,100.0,1.0,0.0,100.0,1.0,0.0,100.0,1.0,0.0
148,mixed_20,3,3,351.65064954006965,135.2502498231037,4036117.8422939256,807223.5684587851,2127.0,55.973684210526315,59579.53276288523,1567.8824411285589,38.0,1.5364955803041844,80.0,35.0,20,2.604503548372193,0.9210526315789473,80.0,100.0,4.0,0.8,0.0,0.0,5,0.0,0.0,0.0,100.0,1.0,0.0,100.0,1.0,0.0,100.0,1.0,0.0,100.0,1.0,0.0
149,mixed_20,0,3,514.7025242030714,183.82233007252552,5843113.964718046,1168622.7929436092,1289.2,35.224043715846996,59471.52581829192,1624.9050770025115,36.6,2.477356472670809,66.1593921234512,30.2,19,4.456087241154274,0.825136612021858,66.1593921234512,100.0,3.8,0.76,1.852373154722401,0.0,5,10.79696061725599,0.2,9.261865773612005,60.0,0.8,0.0,100.0,1.0,0.0,100.0,1.0,0.0,60.0,0.8,0.0
150,mixed_20,0,0,448.83631105758775,112.20907776439694,1000448.8363110576,200089.7672622115,720.6,21.07017543859649,56532.782328312074,1653.0053312371952,34.2,3.3903342464171327,52.41787677428556,23.0,17,5.290507872256391,0.672514619883041,52.41787677428556,100.0,3.4,0.6799999999999999,0.6245453156507684,0.0,5,0.0,0.0,0.0,40.49003564945906,0.8,1.478691163990853,100.0,1.0,0.0,100.0,1.0,0.0,21.59934822196874,0.6,1.6440354142629892
151,mixed_20,0,0,287.33922263533975,75.61558490403678,1200287.3392226356,240057.46784452713,718.6,22.316770186335404,56953.05896456487,1768.728539272201,32.2,1.4098477040695558,52.60129311136234,19.6,17,1.1832371637500743,0.6086956521739131,52.60129311136234,100.0,3.4000000000000004,0.68,1.5739393383255655,0.0,5,0.0,0.0,0.0,24.534073075767537,0.6,3.950307304665465,100.0,1.0,0.0,100.0,1.0,0.0,38.47239248104415,0.8,3.9193893869623637
152,mixed_20,0,0,143.23715406939192,44.76161064668497,1827688.2539148354,365537.6507829671,779.0,26.140939597315437,53240.2822047684,1786.5866511667248,29.8,2.373102648434672,47.792320353492414,19.0,16,1.9886208774870122,0.6375838926174496,47.792320353492414,100.0,3.2,0.64,2.2651436129787044,0.0,5,0.0,0.0,0.0,17.77629183793806,0.4,5.625470199953658,100.0,1.0,0.0,100.0,1.0,0.0,21.18530992952401,0.8,5.700247864939865
153,mixed_20,0,0,164.79170994270524,45.77547498408479,1400164.7917099423,280032.95834198844,754.6,26.384615384615383,49300.06752976834,1723.778584956935,28.6,2.6036414968478896,35.70467281869196,17.2,12,2.517938560341985,0.6013986013986014,35.70467281869196,100.0,2.4,0.48,1.255047113403889,0.0,5,0.0,0.0,0.0,0.0,0.0,0.0,60.0,0.8,0.0,100.0,1.0,0.0,18.523364093459804,0.6,6.275235567019445
154,mixed_20,0,0,525.2137681100023,114.17690611087008,1548.3594356220406,309.6718871244081,538.6,17.953333333333333,46979.98382331927,1565.9994607773092,30.0,2.173671412386071,56.39146256116737,13.6,16,2.4247176021741197,0.4533333333333333,56.39146256116737,100.0,3.2,0.64,2.1838324134901312,0.0,5,3.14063173907698,0.4,8.530692024156451,0.0,0.0,0.0,78.81668106675988,0.8,2.388470043294205,100.0,1.0,0.0,100.0,1.0,0.0
155,mixed_20,0,0,611.8293858379661,169.9526071772128,151388.63182194027,30277.726364388054,580.6,18.373417721518987,49663.94628099645,1571.6438696517866,31.6,1.416074651412248,60.75844579953173,20.2,17,2.100626661176204,0.6392405063291139,60.75844579953173,100.0,3.4,0.6799999999999999,1.0519947308674453,0.0,5,0.0,0.0,0.0,3.79222899765864,0.4,5.259973654337227,100.0,1.0,0.0,100.0,1.0,0.0,100.0,1.0,0.0
156,mixed_20,4,0,1171.270875204667,254.6241033053624,13057.089725974189,2611.4179451948376,697.6,20.27906976744186,55091.549310125374,1601.498526457133,34.4,1.635435286503682,61.71342707749818,26.4,17,2.4763121740426963,0.7674418604651163,61.71342707749818,100.0,3.4,0.6799999999999999,1.719751143995672,0.0,5,0.0,0.0,0.0,8.567135387490907,0.4,8.59875571997836,100.0,1.0,0.0,100.0,1.0,0.0,100.0,1.0,0.0
157,mixed_20,4,4,281.7562405111187,88.04882515972459,105259.56436386611,21051.912872773224,821.2,23.872093023255815,55759.22259501643,1620.907633576059,34.4,1.2935192083463876,62.16800909653966,28.2,16,1.3022871834995977,0.8197674418604651,62.16800909653966,100.0,3.2,0.64,1.8450107088500498,0.0,5,0.0,0.0,0.0,10.840045482698315,0.2,9.22505354425025,100.0,1.0,0.0,100.0,1.0,0.0,100.0,1.0,0.0
158,mixed_20,4,4,149.51543361525512,53.398369148305406,1587775.965536808,317555.19310736156,963.2,27.363636363636363,55906.72017771481,1588.259095957807,35.2,1.6905420781233824,64.53758455383013,30.0,18,1.9398782072497105,0.8522727272727273,64.53758455383013,100.0,3.6,0.72,2.512332265991778,0.0,5,11.626255487201433,0.2,8.601221615169502,11.061667281949212,0.4,3.9604397147893904,100.0,1.0,0.0,100.0,1.0,0.0,100.0,1.0,0.0
159,mixed_20,4,4,407.626538605684,145.58090664488716,4605367.764982837,921073.5529965675,1117.2,31.559322033898304,56299.82771277882,1590.3906133553337,35.4,1.6149144360986876,61.37475280660692,31.8,17,2.5113360587680176,0.8983050847457628,61.37475280660692,100.0,3.4,0.6799999999999999,1.7632142262533308,0.0,5,0.0,0.0,0.0,6.873764033034604,0.4,8.816071131266654,100.0,1.0,0.0,100.0,1.0,0.0,100.0,1.0,0.0
160,mixed_20,4,4,340.17530367639546,121.49117988442696,5554691.263594037,1110938.2527188074,1264.4,36.12571428571429,56268.533356505,1607.6723816144288,35.0,1.0230586620350577,60.647668889523175,30.8,16,1.2285425511939818,0.88,60.647668889523175,100.0,3.2,0.64,1.4537061677794934,0.0,5,3.238344447615873,0.2,7.268530838897466,0.0,0.0,0.0,100.0,1.0,0.0,100.0,1.0,0.0,100.0,1.0,0.0
161,mixed_20,4,4,69.4236714640636,49.588336760045436,2773631.6206505103,554726.3241301021,1412.0,40.34285714285714,54335.280046814776,1552.4365727661364,35.0,1.0770802199113159,82.16186712297531,31.6,22,2.022581449231438,0.9028571428571428,82.16186712297531,100.0,4.4,0.8800000000000001,0.7090325906872748,0.0,5,100.0,1.0,0.0,10.809335614876545,0.4,3.5451629534363738,100.0,1.0,0.0,100.0,1.0,0.0,100.0,1.0,0.0
162,mixed_20,4,4,14.50471620170218,14.50471620170218,3720920.46727918,744184.093455836,1572.0,45.69767441860465,53903.77486130227,1566.9701994564614,34.4,1.334493327220602,82.98342098326157,32.4,24,2.7391797761742183,0.9418604651162791,82.98342098326157,100.0,4.8,0.96,1.3988926811605265,0.0,5,100.0,1.0,0.0,14.917104916307835,0.8,6.994463405802632,100.0,1.0,0.0,100.0,1.0,0.0,100.0,1.0,0.0
163,mixed_20,4,4,353.7592778033287,176.87963890166435,3000353.759277803,600070.7518555606,1732.0,50.64327485380117,53007.432032226214,1549.9249132229886,34.2,0.6261245661915147,80.0,32.0,20,1.186424903352681,0.935672514619883,80.0,100.0,4.0,0.8,0.0,0.0,5,100.0,1.0,0.0,0.0,0.0,0.0,100.0,1.0,0.0,100.0,1.0,0.0,100.0,1.0,0.0
164,mixed_20,1,4,637.8194898547908,245.3151884056888,1402777.440434986,280555.4880869972,1405.2,42.58181818181818,53207.87479766123,1612.3598423533706,33.0,0.7175844177514189,68.0,26.4,19,1.2911974047754533,0.8,68.0,100.0,3.8,0.76,0.0,0.0,5,100.0,1.0,0.0,0.0,0.0,0.0,100.0,1.0,0.0,60.0,0.8,0.0,80.0,1.0,0.0
165,mixed_20,1,1,595.2102868123661,129.39354061138394,200811.26241846362,40162.252483692726,866.4,26.254545454545454,59050.100582957886,1789.39698736236,33.0,1.3942103160320942,54.92293479213913,17.6,18,1.5165147358577162,0.5333333333333333,54.92293479213913,100.0,3.6,0.72,2.5945917195375228,0.0,5,100.0,1.0,0.0,8.197853667222716,0.4,8.908176284423098,100.0,1.0,0.0,29.555042273620984,0.6,2.0166859655986196,36.861778019851954,0.6,2.048096347665895
166,mixed_20,1,1,293.4057166500019,58.68114333000038,293.4057166500019,58.68114333000038,557.0,19.475524475524477,57379.56994846428,2006.2786695267232,28.6,2.4823345358078313,52.09826114610223,9.6,17,1.625466080171739,0.3356643356643357,52.09826114610223,100.0,3.4,0.6799999999999999,1.6590366698443042,0.0,5,100.0,1.0,0.0,0.0,0.0,0.0,100.0,1.0,0.0,22.29385922691563,0.8,3.957165847101283,38.19744650359553,0.6,4.3380175021202385
167,mixed_20,1,1,200.94589086959041,47.84425973085486,47148.13762232118,9429.627524464235,525.8,19.916666666666668,51352.73431358671,1945.1793300601025,26.4,3.0698843575446024,52.46316221699635,9.2,20,2.369190012458974,0.3484848484848485,52.46316221699635,100.0,4.0,0.8,3.8585399516106107,0.0,5,100.0,1.0,0.0,11.742693200374106,0.6,8.315510963788256,100.0,1.0,0.0,26.064006464921476,0.6,5.629630561685641,24.509111419686178,0.8,5.347558232579158
168,mixed_20,1,1,586.9170790817797,146.72926977044492,109125.05104346231,21825.010208692463,574.4,21.274074074074075,47419.69249316554,1756.2849071542794,27.0,2.308477101619673,52.98100250989819,11.6,19,1.9944318115189332,0.42962962962962964,52.98100250989819,100.0,3.8,0.76,2.458162638832197,0.0,5,100.0,1.0,0.0,0.0,0.2,0.0,100.0,1.0,0.0,31.083570884288747,0.8,5.8278044818431285,33.8214416652022,0.8,6.463008712317857
169,mixed_20,1,1,494.1543764392119,98.83087528784237,494.1543764392119,98.83087528784237,637.2,21.97241379310345,46537.18401800953,1604.7304833796388,29.0,1.6664325573026284,80.0,16.0,20,1.3191654197736309,0.5517241379310345,80.0,100.0,4.0,0.8,0.0,0.0,5,100.0,1.0,0.0,0.0,0.0,0.0,100.0,1.0,0.0,100.0,1.0,0.0,100.0,1.0,0.0
170,mixed_20,1,1,384.71427273348064,76.94285454669613,384.71427273348064,76.94285454669613,731.4,23.746753246753247,51294.88963246728,1665.4184945606262,30.8,2.090702819056857,83.8522074577163,21.0,24,2.154303739303811,0.6818181818181818,83.8522074577163,100.0,4.8,0.96,1.1919448431692334,0.0,5,100.0,1.0,0.0,19.26103728858152,0.8,5.959724215846167,100.0,1.0,0.0,100.0,1.0,0.0,100.0,1.0,0.0
171,mixed_20,2,1,667.1902045762671,166.79755114406677,224012.73060601304,44802.546121202606,499.2,15.898089171974522,49765.59243288471,1584.8914787542901,31.4,0.757008759399976,72.0,22.6,19,0.77840521028934,0.7197452229299363,72.0,100.0,3.8,0.76,0.0,0.0,5,100.0,1.0,0.0,0.0,0.0,0.0,60.0,0.8,0.0,100.0,1.0,0.0,100.0,1.0,0.0
172,mixed_20,2,2,636.2386213745573,159.05965534363932,1569490.0707888596,313898.01415777195,464.4,14.072727272727272,53478.203132137285,1620.5516100647662,33.0,1.2479206206182034,64.41699114908624,23.6,18,1.433973806325885,0.7151515151515152,64.41699114908624,100.0,3.6,0.72,0.3575928244302694,0.0,5,100.0,1.0,0.0,0.0,0.0,0.0,22.084955745431216,0.6,1.7879641221513471,100.0,1.0,0.0,100.0,1.0,0.0
173,mixed_20,2,2,1256.9293709406866,273.2455154218884,1870.1012037175647,374.02024074351294,586.4,16.65909090909091,58579.10961723401,1664.1792504896025,35.2,1.737848799215845,65.3878270498376,26.4,18,1.9342433329178113,0.75,65.3878270498376,100.0,3.6,0.72,0.8257666624392843,0.0,5,100.0,1.0,0.0,0.0,0.0,0.0,26.939135249187984,0.6,4.128833312196422,100.0,1.0,0.0,100.0,1.0,0.0
174,mixed_20,2,2,153.53569854819514,51.178566182731714,686567.6905411433,137313.53810822865,724.0,21.420118343195266,55968.49726894485,1655.8727002646406,33.8,2.2632046964435695,62.181647828489076,28.8,17,2.54596537002669,0.8520710059171598,62.181647828489076,100.0,3.4,0.6799999999999999,1.8334764886275174,0.0,5,100.0,1.0,0.0,10.908239142445382,0.2,9.167382443137587,0.0,0.2,0.0,100.0,1.0,0.0,100.0,1.0,0.0
175,mixed_20,2,2,142.01557549710577,54.621375191194524,5943618.815865074,1188723.7631730149,869.2,26.662576687116566,52013.92787300681,1595.5192599081845,32.6,2.690010480641212,62.2476570544427,29.2,16,3.2191127473235963,0.8957055214723927,62.2476570544427,100.0,3.2,0.64,1.7796309237183838,0.0,5,100.0,1.0,0.0,0.0,0.0,0.0,11.238285272213488,0.2,8.898154618591919,100.0,1.0,0.0,100.0,1.0,0.0
176,mixed_20,2,2,50.03747074798595,27.798594859992193,3603733.997293045,720746.799458609,1018.0,32.0125786163522,50206.07310582017,1578.8073303717035,31.8,2.6792045840241996,62.10376242031498,30.2,16,4.120705646215459,0.949685534591195,62.10376242031498,100.0,3.2,0.64,1.901355381850158,0.0,5,100.0,1.0,0.0,10.518812101574895,0.2,9.50677690925079,0.0,0.0,0.0,100.0,1.0,0.0,100.0,1.0,0.0
177,mixed_20,2,2,353.463014502826,135.9473132703177,2400353.463014503,480070.6926029006,1168.0,36.04938271604938,51146.56815367574,1578.597782520856,32.4,2.665172534793828,62.24713798694711,30.2,16,4.372247482461945,0.9320987654320988,62.24713798694711,100.0,3.2,0.64,1.780042001530255,0.0,5,100.0,1.0,0.0,0.0,0.0,0.0,11.235689934735547,0.2,8.900210007651275,100.0,1.0,0.0,100.0,1.0,0.0
178,mixed_20,2,2,229.04433802572157,81.80154929490057,2200229.0443380256,440045.8088676051,1318.0,40.42944785276074,51575.30412442611,1582.0645436940526,32.6,2.733350014071433,60.0,30.4,15,4.507183962287018,0.9325153374233128,60.0,100.0,3.0,0.6,0.0,0.0,5,100.0,1.0,0.0,0.0,0.0,0.0,0.0,0.0,0.0,100.0,1.0,0.0,100.0,1.0,0.0
179,mixed_20,2,2,187.55148557939035,72.13518676130397,2009774.4804212444,401954.8960842489,1468.2,43.18235294117647,54018.94586427654,1588.7925254198983,34.0,1.618451652253718,61.551625861365665,30.2,17,2.0930171059289533,0.888235294117647,61.551625861365665,100.0,3.4,0.6799999999999999,1.763727625757456,0.0,5,100.0,1.0,0.0,7.758129306828323,0.4,8.81863812878728,0.0,0.0,0.0,100.0,1.0,0.0,100.0,1.0,0.0
180,mixed_20,2,2,33.60356077103396,16.80178038551698,3404720.299917643,680944.0599835286,1622.0,49.15151515151515,52277.22107162267,1584.1582142915959,33.0,2.246690315076469,60.0,31.0,15,2.811166597360476,0.9393939393939394,60.0,100.0,3.0,0.6,0.0,0.0,5,100.0,1.0,0.0,0.0,0.0,0.0,0.0,0.0,0.0,100.0,1.0,0.0,100.0,1.0,0.0
181,mixed_20,2,2,36.90551467549487,18.452757337747435,3000036.905514675,600007.3811029351,1777.0,51.656976744186046,55566.753416812935,1615.3125993259573,34.4,2.2204007468707863,61.916155139791954,31.6,19,2.9389704506011176,0.9186046511627907,61.916155139791954,100.0,3.8,0.76,3.6164751864224676,0.0,5,100.0,1.0,0.0,5.536666028910986,0.4,8.978483332134786,4.044109670048783,0.4,9.103892599977552,100.0,1.0,0.0,100.0,1.0,0.0
182,mixed_20,2,2,417.4657456072955,149.09490914546268,2000652.8240883686,400130.5648176737,1932.0,56.8235294117647,53862.96896788317,1584.2049696436227,34.0,1.484336112034973,60.0,31.0,15,1.9234317012717965,0.9117647058823529,60.0,100.0,3.0,0.6,0.0,0.0,5,100.0,1.0,0.0,0.0,0.0,0.0,0.0,0.0,0.0,100.0,1.0,0.0,100.0,1.0,0.0
183,mixed_20,2,2,201.90772871446862,67.3025762381562,2000201.9077287144,400040.38154574286,2087.0,61.0233918128655,54581.64203232252,1595.9544453895473,34.2,2.5187789372282268,60.28397932156531,31.2,16,2.9832707508997514,0.9122807017543859,60.28397932156531,100.0,3.2,0.64,1.7117348452471197,0.0,5,100.0,1.0,0.0,0.0,0.0,0.0,1.4198966078265585,0.2,8.558674226235599,100.0,1.0,0.0,100.0,1.0,0.0
184,mixed_20,2,2,46.7249023939908,23.3624511969954,2033474.0675266017,406694.81350532034,2243.2,64.45977011494253,55222.287339244154,1586.8473373346021,34.8,2.012032201301103,62.22664812412904,31.8,17,2.8114135705354206,0.9137931034482759,62.22664812412904,100.0,3.4,0.6799999999999999,1.7964221453107272,0.0,5,100.0,1.0,0.0,11.13324062064521,0.2,8.982110726553636,0.0,0.2,0.0,100.0,1.0,0.0,100.0,1.0,0.0
185,mixed_20,2,2,63.432216729933074,31.716108364966537,3323058.730746568,664611.7461493136,2403.0,70.67647058823529,53199.37624328735,1564.687536567275,34.0,1.3663403897175386,60.0,32.0,15,1.8265448084564564,0.9411764705882353,60.0,100.0,3.0,0.6,0.0,0.0,5,100.0,1.0,0.0,0.0,0.0,0.0,0.0,0.0,0.0,100.0,1.0,0.0,100.0,1.0,0.0
186,mixed_20,2,2,332.1869163260087,127.76419858692643,2200603.904767272,440120.78095345444,2563.0,72.40112994350282,56805.59663222374,1604.6778709667724,35.4,2.382850925036396,60.0,32.4,15,3.0629015625211244,0.9152542372881356,60.0,100.0,3.0,0.6,0.0,0.0,5,100.0,1.0,0.0,0.0,0.0,0.0,0.0,0.0,0.0,100.0,1.0,0.0,100.0,1.0,0.0
187,mixed_20,2,2,364.3115166563056,121.43717221876854,2000364.3115166563,400072.86230333126,2723.0,75.22099447513813,58387.590371008366,1612.9168610775791,36.2,1.8626971474961358,64.32356209654245,32.2,17,2.7022041704689768,0.8895027624309392,64.32356209654245,100.0,3.4,0.6799999999999999,3.7011139130403876,0.0,5,100.0,1.0,0.0,10.688191602484949,0.2,9.356119699122022,10.929618880227281,0.2,9.149449866079914,100.0,1.0,0.0,100.0,1.0,0.0
188,mixed_20,2,2,47.83464256585541,23.917321282927706,2665437.153117566,533087.4306235132,2886.0,82.45714285714286,54665.018085742,1561.8576595926286,35.0,1.70907614200241,60.0,33.0,15,2.245174268541416,0.9428571428571428,60.0,100.0,3.0,0.6,0.0,0.0,5,100.0,1.0,0.0,0.0,0.0,0.0,0.0,0.0,0.0,100.0,1.0,0.0,100.0,1.0,0.0
189,mixed_20,2,2,30.20936171597421,15.104680857987105,3000030.209361716,600006.0418723433,3051.0,86.1864406779661,56525.924712477055,1596.7775342507643,35.4,2.533790438994765,61.61038362226191,33.2,17,3.202251861823667,0.9378531073446328,61.61038362226191,100.0,3.4,0.6799999999999999,1.7484142632782458,0.0,5,100.0,1.0,0.0,8.051918111309533,0.4,8.742071316391229,0.0,0.0,0.0,100.0,1.0,0.0,100.0,1.0,0.0
190,mixed_20,2,2,285.8749686582224,119.11457027425932,2400572.0333771845,480114.4066754369,3216.0,88.35164835164835,56600.65852619838,1554.9631463241312,36.4,1.5374753951399773,60.12896396495853,33.4,17,2.412641844838338,0.9175824175824175,60.12896396495853,100.0,3.4,0.6799999999999999,1.7058514036051928,0.0,5,100.0,1.0,0.0,0.0,0.0,0.0,0.6448198247926484,0.4,8.529257018025964,100.0,1.0,0.0,100.0,1.0,0.0
191,mixed_20,2,2,436.75025767221416,155.98223488293362,2001030.0039897538,400206.0007979508,3383.0,91.43243243243244,57936.02274689197,1565.838452618702,37.0,1.4267030716406186,60.0,33.8,15,2.1116445088783484,0.9135135135135135,60.0,100.0,3.0,0.6,0.0,0.0,5,100.0,1.0,0.0,0.0,0.0,0.0,0.0,0.0,0.0,100.0,1.0,0.0,100.0,1.0,0.0
192,mixed_20,2,2,44.75637178351797,22.378185891758985,3139935.9926486867,627987.1985297373,3556.0,95.08021390374331,59318.39433225749,1586.0533243919117,37.4,2.0892115382458085,62.1714995771772,35.4,17,3.01554651712582,0.946524064171123,62.1714995771772,100.0,3.4,0.6799999999999999,1.823930632080883,0.0,5,100.0,1.0,0.0,10.857497885886005,0.4,9.119653160404415,0.0,0.0,0.0,100.0,1.0,0.0,100.0,1.0,0.0
193,mixed_20,1,2,1098.8211566842178,274.70528917105446,3059.8477872716408,611.9695574543282,2990.2,82.14835164835165,58458.02287864733,1605.9896395232781,36.4,1.1197648020692528,46.16180518396504,29.0,15,1.446213916199929,0.7967032967032966,46.16180518396504,100.0,3.0,0.6,1.8463992159068585,0.0,5,100.0,1.0,0.0,0.0,0.0,0.0,10.809025919825217,0.4,9.231996079534293,60.0,0.8,0.0,60.0,0.8,0.0
194,mixed_20,1,1,427.3799368049011,118.71664911247252,1924245.6424183212,384849.12848366424,2094.8,60.895348837209305,57895.32511184203,1683.003636972152,34.4,1.3064238366343963,30.64579909427175,22.4,11,1.7164703239840249,0.6511627906976745,30.64579909427175,100.0,2.2,0.44000000000000006,0.7299522671464761,0.0,5,100.0,1.0,0.0,0.0,0.0,0.0,0.0,0.0,0.0,27.976177240429934,0.6,1.906253368485363,25.252818230928824,0.6,1.7435079672470173
195,mixed_20,1,1,176.5507351082532,44.1376837770633,1000176.5507351082,200035.31014702164,1359.8,42.76100628930818,58997.98651513847,1855.2825948156753,31.8,2.601441673675207,32.8176463266218,15.0,14,2.5426736088388653,0.4716981132075472,32.8176463266218,100.0,2.8,0.5599999999999999,3.258481820793971,0.0,5,100.0,1.0,0.0,5.342553101172598,0.2,8.497235633991659,0.0,0.0,0.0,33.87919197019528,0.6,3.8135428507938403,24.866486561741112,1.0,3.981630619184357
196,mixed_20,1,1,165.56910945459035,41.39227736364759,1000165.5691094548,200033.11382189096,1212.4,37.8875,56958.80360801105,1779.9626127503452,32.0,2.1461112218474985,38.87104752952564,14.8,13,1.3682135123721748,0.4625,38.87104752952564,100.0,2.5999999999999996,0.5199999999999999,2.285417790553422,0.0,5,100.0,1.0,0.0,0.0,0.2,0.0,0.0,0.0,0.0,25.50255014465165,0.6,5.694938869553999,68.85268750297655,0.8,5.732150083213112
197,mixed_20,1,1,316.77622087784147,79.19405521946037,1000316.776220878,200063.3552441756,1297.6,37.50289017341041,53940.614209744905,1558.9772892989856,34.6,1.3360898229199731,64.7167801214091,20.0,20,1.0983039744678544,0.5780346820809249,64.7167801214091,100.0,4.2,0.8400000000000001,2.042495641096605,0.0,5,100.0,1.0,0.0,40.0,0.6,0.0327459985616374,25.18856050519389,0.8,6.6979828529643415,58.395340101851616,0.8,3.481749353957047,100.0,1.0,0.0
198,mixed_20,3,1,653.2918299221299,142.01996302655,1540.6860541787114,308.1372108357423,831.4,22.96685082872928,57317.14272344912,1583.3464840731801,36.2,1.1084652449961216,52.0,22.6,14,0.8140966998299476,0.6243093922651933,52.0,100.0,2.8,0.5599999999999999,0.0,0.0,5,60.0,0.8,0.0,0.0,0.0,0.0,0.0,0.0,0.0,100.0,1.0,0.0,100.0,1.0,0.0
199,mixed_20,3,3,772.8256615592994,154.56513231185988,772.8256615592994,154.56513231185988,439.6,11.691489361702128,61366.72286705916,1632.09369327285,37.6,1.0889133106483748,59.99925988955147,25.2,17,0.7224832178722207,0.6702127659574468,59.99925988955147,100.0,3.4,0.6799999999999999,1.4046714810637866,0.0,5,26.65733873605859,0.6,1.9792917301266715,73.33896071169875,0.8,5.044065675192261,0.0,0.0,0.0,100.0,1.0,0.0,100.0,1.0,0.0
200,mixed_20,3,3,746.2354109482312,186.5588527370578,61940.27784925703,12388.055569851405,346.0,9.057591623036648,63134.88061584344,1652.7455658597758,38.2,0.9751398091932054,82.92177857222396,26.4,23,0.8881775696249303,0.6910994764397905,82.92177857222396,100.0,4.6,0.9199999999999999,1.7922720442770816,0.0,5,40.39314929126704,0.8,4.0464426972146805,100.0,1.0,0.0,74.21574356985275,0.8,4.914917524170729,100.0,1.0,0.0,100.0,1.0,0.0
201,mixed_20,3,3,816.5225510206508,214.8743555317502,1576559.1160415707,315311.82320831413,476.6,12.411458333333334,63404.808178158186,1651.166879639536,38.4,1.198172030358775,84.88000945799467,28.8,23,1.5483512172130276,0.75,84.88000945799467,100.0,4.6,0.9199999999999999,1.1737993971926077,0.0,5,24.400047289973372,0.6,5.868996985963038,100.0,1.0,0.0,100.0,1.0,0.0,100.0,1.0,0.0,100.0,1.0,0.0
202,mixed_20,3,3,455.00038355757835,151.6667945191928,1008525.1085771576,201705.02171543153,624.6,16.700534759358288,61849.99420338797,1653.743160518395,37.4,1.4964059273841768,82.9200753992518,30.6,24,2.2490160449753445,0.8181818181818182,82.9200753992518,100.0,4.8,0.96,1.4035110959647341,0.0,5,14.600376996259001,0.8,7.01755547982367,100.0,1.0,0.0,100.0,1.0,0.0,100.0,1.0,0.0,100.0,1.0,0.0
203,mixed_20,3,3,215.818796503005,71.939598834335,2328438.007936207,465687.6015872414,779.0,20.71808510638298,60806.03263136551,1617.1817189192955,37.6,1.5191692199219373,80.79887843056622,31.4,24,2.0521396150034183,0.8351063829787234,80.79887843056622,100.0,4.8,0.96,1.4981207084974766,0.0,5,3.9943921528310966,0.8,7.490603542487383,100.0,1.0,0.0,100.0,1.0,0.0,100.0,1.0,0.0,100.0,1.0,0.0
204,mixed_20,3,3,191.93989007424528,63.97996335808176,2000191.939890074,400038.3879780148,937.6,25.34054054054054,58183.54582477458,1572.528265534448,37.0,1.1307518719471257,80.0,32.4,20,1.2832387088121229,0.8756756756756757,80.0,100.0,4.0,0.8,0.0,0.0,5,0.0,0.0,0.0,100.0,1.0,0.0,100.0,1.0,0.0,100.0,1.0,0.0,100.0,1.0,0.0
205,mixed_20,4,3,258.82024238548564,92.43580085195916,7918339.116284165,1583667.823256833,1006.6,27.806629834254142,57727.61791375966,1594.6855777281676,36.2,1.2377843840771086,73.93328363941237,30.8,20,1.4754390819793044,0.850828729281768,73.93328363941237,100.0,4.0,0.8,1.7381955117732286,0.0,5,9.66641819706183,0.2,8.690977558866143,60.0,0.8,0.0,100.0,1.0,0.0,100.0,1.0,0.0,100.0,1.0,0.0
206,mixed_20,4,4,413.44036982679927,206.72018491339963,6675575.274452985,1335115.054890597,1125.6,31.266666666666666,55044.81874218845,1529.022742838568,36.0,0.6275138831651934,65.5852395952752,30.8,19,1.0085562794898337,0.8555555555555555,65.5852395952752,100.0,3.8,0.76,0.33642030856733457,0.0,5,0.0,0.2,0.0,27.926197976375988,0.6,1.6821015428366728,100.0,1.0,0.0,100.0,1.0,0.0,100.0,1.0,0.0
207,mixed_20,4,4,311.07518652398414,141.39781205635643,6107031.753906293,1221406.3507812587,1280.0,35.55555555555556,58122.223830736555,1614.5062175204598,36.0,0.7836430241671303,68.96825527786223,31.2,20,1.3056168839935747,0.8666666666666667,68.96825527786223,100.0,4.0,0.8,0.7069553100333852,0.0,5,0.0,0.0,0.0,44.84127638931113,1.0,3.534776550166926,100.0,1.0,0.0,100.0,1.0,0.0,100.0,1.0,0.0
208,mixed_20,4,4,86.12132381586439,43.06066190793219,3000086.1213238155,600017.2242647631,1435.0,41.71511627906977,55378.74098307088,1609.8471216008975,34.4,1.2661651933443714,60.0,31.0,16,1.9485384438598312,0.9011627906976745,60.0,100.0,3.2,0.64,0.0,0.0,5,0.0,0.0,0.0,0.0,0.2,0.0,100.0,1.0,0.0,100.0,1.0,0.0,100.0,1.0,0.0
209,mixed_20,4,4,252.39621779958438,105.16509074982683,2600252.3962177997,520050.47924355994,1544.8,44.64739884393064,56983.81479582412,1646.9310634631247,34.6,1.164643019818763,58.13058740292945,29.8,17,1.4817849393812939,0.861271676300578,58.13058740292945,100.0,3.6,0.72,0.938708262918527,0.0,5,0.0,0.0,0.0,50.65293701464725,0.8,4.693541314592635,40.0,0.8,0.0,100.0,1.0,0.0,100.0,1.0,0.0
210,mixed_20,0,4,555.9282956468068,185.3094318822689,1222668.7665337543,244533.75330675085,1429.8,42.30177514792899,52850.31088432651,1563.6186652167607,33.8,0.9147570414459206,66.57827330172677,25.6,20,1.2467847703037818,0.757396449704142,66.57827330172677,100.0,4.0,0.8,1.7881536451502171,0.0,5,95.1183333470226,1.0,4.436333096779421,21.743577441698108,0.6,2.4338270495382224,76.02945571991313,0.8,2.0706080794334416,100.0,1.0,0.0,40.0,0.6,0.0
211,mixed_20,0,0,237.5359191106777,79.17863970355923,1964540.0287175253,392908.0057435051,1260.2,40.651612903225804,52565.95180968961,1695.675864828697,31.0,1.5575378504629471,68.5040025617136,22.6,20,2.229286753881081,0.7290322580645161,68.5040025617136,100.0,4.0,0.8,1.0119595463055784,0.0,5,100.0,1.0,0.0,9.534146655869336,0.4,3.6790828955359722,100.0,1.0,0.0,100.0,1.0,0.0,32.98586615269869,0.6,1.3807148359919204
212,mixed_20,0,0,418.1285050501647,116.14680695837907,1200777.9100045343,240155.58200090687,1109.0,37.214765100671144,50483.90675504066,1694.0908307060624,29.8,1.6446411865671928,66.6620775988531,19.2,21,2.263776342557257,0.6442953020134228,66.6620775988531,100.0,4.2,0.8400000000000001,2.421357137713921,0.0,5,100.0,1.0,0.0,2.565312762976646,0.4,8.635234379861503,100.0,1.0,0.0,100.0,1.0,0.0,30.745075231288865,0.8,3.471551308708102
213,mixed_20,0,0,499.60117474751723,124.90029368687931,1000499.6011747476,200099.9202349495,1165.0,39.625850340136054,51998.645418613494,1768.6614087963771,29.4,1.614849623153769,62.92248724039837,19.0,19,1.5481672218810338,0.6462585034013606,62.92248724039837,100.0,3.8,0.76,1.048780826270074,0.0,5,100.0,1.0,0.0,0.0,0.0,0.0,100.0,1.0,0.0,100.0,1.0,0.0,14.61243620199184,0.8,5.243904131350369
214,mixed_20,0,0,211.20394157877246,52.800985394693114,1000211.2039415787,200042.24078831574,1261.4,42.328859060402685,48928.689194962826,1641.9023219786184,29.8,2.3223252193620025,70.34757335930954,20.0,19,2.121050736341586,0.6711409395973155,70.34757335930954,100.0,3.8,0.76,0.9799175485740361,0.0,5,100.0,1.0,0.0,0.0,0.0,0.0,100.0,1.0,0.0,100.0,1.0,0.0,51.73786679654768,0.8,4.899587742870181
215,mixed_20,0,0,237.83923330375418,74.32476040742318,2042822.6829057285,408564.5365811457,1370.4,41.78048780487805,51334.1180989607,1565.0645761878263,32.8,1.3537462648502887,82.28742446600336,24.2,21,1.6495209083044235,0.7378048780487805,82.28742446600336,100.0,4.2,0.8400000000000001,1.7486916221495583,0.0,5,100.0,1.0,0.0,11.437122330016791,0.2,8.743458110747792,100.0,1.0,0.0,100.0,1.0,0.0,100.0,1.0,0.0
216,mixed_20,0,0,618.8508104251935,154.71270260629836,1000618.8508104251,200123.770162085,1498.6,44.337278106508876,54361.79530255772,1608.3371391289268,33.8,0.9516855864861509,80.0,27.2,20,1.0667011637962567,0.8047337278106509,80.0,100.0,4.0,0.8,0.0,0.0,5,100.0,1.0,0.0,0.0,0.0,0.0,100.0,1.0,0.0,100.0,1.0,0.0,100.0,1.0,0.0
217,mixed_20,4,0,406.162982329526,101.5407455823815,1000406.1629823297,200081.23259646594,1637.6,47.05747126436781,55671.1364437078,1599.745300106546,34.8,1.5203507166030905,84.2155042076165,28.6,23,1.7778100057741284,0.8218390804597702,84.2155042076165,100.0,4.6,0.9199999999999999,0.6625090217398004,0.0,5,100.0,1.0,0.0,21.077521038082523,0.6,3.312545108699002,100.0,1.0,0.0,100.0,1.0,0.0,100.0,1.0,0.0
218,mixed_20,4,4,969.604128135488,323.2013760451627,1013740.5181256915,202748.1036251383,1787.2,49.92178770949721,54343.69833652023,1517.980400461459,35.8,1.0309494896998173,80.59419327093292,31.8,22,1.820160639446259,0.888268156424581,80.59419327093292,100.0,4.4,0.8800000000000001,1.0127911137817431,0.0,5,100.0,1.0,0.0,2.970966354664597,0.4,5.063955568908716,100.0,1.0,0.0,100.0,1.0,0.0,100.0,1.0,0.0
219,mixed_20,4,4,845.6326856771735,264.2602142741167,1725229.9964592576,345045.99929185153,1950.2,52.70810810810811,57793.71565448518,1561.992314986086,37.0,0.6276916316849275,80.0,33.6,20,0.9667479913922966,0.9081081081081082,80.0,100.0,4.0,0.8,0.0,0.0,5,100.0,1.0,0.0,0.0,0.0,0.0,100.0,1.0,0.0,100.0,1.0,0.0,100.0,1.0,0.0
220,mixed_20,4,4,228.58618390483906,76.19539463494635,2545917.976607302,509183.59532146045,2120.0,57.2972972972973,59133.90496946509,1598.2136478233808,37.0,1.3827288006988285,80.0,34.0,20,1.9592184643188835,0.918918918918919,80.0,100.0,4.0,0.8,0.0,0.0,5,100.0,1.0,0.0,0.0,0.0,0.0,100.0,1.0,0.0,100.0,1.0,0.0,100.0,1.0,0.0
221,mixed_20,4,4,152.29027017054986,84.60570565030548,2045649.0679969161,409129.8135993832,2291.8,60.629629629629626,57726.04390455256,1527.1440186389566,37.8,1.1302448314949691,81.21216976948563,35.2,22,2.049337884591974,0.9312169312169312,81.21216976948563,100.0,4.4,0.8800000000000001,1.7238318019174037,0.0,5,100.0,1.0,0.0,6.060848847428133,0.4,8.619159009587019,100.0,1.0,0.0,100.0,1.0,0.0,100.0,1.0,0.0
222,mixed_20,4,4,418.98720204828106,232.77066780460058,4206192.088377076,841238.4176754153,2471.0,65.02631578947368,59087.02531855206,1554.9217189092649,38.0,0.7673567059533417,80.0,36.2,20,1.505047927548471,0.9526315789473684,80.0,100.0,4.0,0.8,0.0,0.0,5,100.0,1.0,0.0,0.0,0.0,0.0,100.0,1.0,0.0,100.0,1.0,0.0,100.0,1.0,0.0
223,mixed_20,4,4,212.86923146917562,133.04326966823476,3200433.701970911,640086.7403941823,2651.0,67.62755102040816,62010.702577246644,1581.9056779909859,39.2,1.0191671226109777,80.0,36.4,20,1.9629545717511223,0.9285714285714286,80.0,100.0,4.0,0.8,0.0,0.0,5,100.0,1.0,0.0,0.0,0.0,0.0,100.0,1.0,0.0,100.0,1.0,0.0,100.0,1.0,0.0
224,mixed_20,4,4,248.9911599248016,124.4955799624008,3000248.991159925,600049.798231985,2831.0,71.48989898989899,63893.570092332724,1613.4739922306244,39.6,1.2783898363809678,82.22584256845221,36.0,21,2.362918766251417,0.9090909090909091,82.22584256845221,100.0,4.2,0.8400000000000001,1.7970722892506696,0.0,5,100.0,1.0,0.0,11.12921284226104,0.2,8.985361446253348,100.0,1.0,0.0,100.0,1.0,0.0,100.0,1.0,0.0
225,mixed_20,4,4,519.4164648925839,199.7755634202246,2200781.0721528404,440156.2144305681,3011.0,76.03535353535354,62553.06644417611,1579.6228900044473,39.6,1.376501739290737,82.10986434579627,36.4,21,2.451746473332819,0.9191919191919192,82.10986434579627,100.0,4.2,0.8400000000000001,1.8958564838396708,0.0,5,100.0,1.0,0.0,10.54932172898134,0.2,9.479282419198354,100.0,1.0,0.0,100.0,1.0,0.0,100.0,1.0,0.0
226,mixed_20,4,4,160.46553119502198,80.23276559751099,2320376.2291864865,464075.2458372973,3193.0,80.22613065326634,63333.30694354073,1591.2891191844403,39.8,1.068495374696145,80.63060167735694,36.8,22,1.8642635721904717,0.9246231155778895,80.63060167735694,100.0,4.4,0.8800000000000001,1.7599136657267809,0.0,5,100.0,1.0,0.0,3.153008386784677,0.4,8.799568328633905,100.0,1.0,0.0,100.0,1.0,0.0,100.0,1.0,0.0
227,mixed_20,4,4,85.49940652311182,61.071004659365585,3096250.059180889,619250.0118361778,3378.6,86.63076923076923,59786.90263330614,1532.9975034181061,39.0,0.9734523704205926,80.0,37.4,20,1.8492027281162824,0.958974358974359,80.0,100.0,4.0,0.8,0.0,0.0,5,100.0,1.0,0.0,0.0,0.0,0.0,100.0,1.0,0.0,100.0,1.0,0.0,100.0,1.0,0.0
228,mixed_20,4,4,332.1901769443591,207.61886059022444,3157405.4795372384,631481.0959074476,3568.0,89.2,62572.54155473097,1564.3135388682742,40.0,1.5208404143248548,81.20188859475547,38.2,21,3.0052607996906695,0.955,81.20188859475547,100.0,4.2,0.8400000000000001,1.7429428290948272,0.0,5,100.0,1.0,0.0,6.009442973777368,0.2,8.714714145474137,100.0,1.0,0.0,100.0,1.0,0.0,100.0,1.0,0.0
229,mixed_20,4,4,686.5464720258879,245.19516858067425,2200686.5464720256,440137.3092944051,3758.0,91.2135922330097,64723.603143138134,1570.9612413383043,41.2,0.5804461241387763,80.0,38.4,21,1.0381011435618337,0.9320388349514563,80.0,100.0,4.2,0.8400000000000001,0.0,0.0,5,100.0,1.0,0.0,0.0,0.2,0.0,100.0,1.0,0.0,100.0,1.0,0.0,100.0,1.0,0.0
230,mixed_20,4,4,315.4465045742552,131.43604357260634,2558261.406714589,511652.28134291776,3948.6,96.30731707317074,63987.694546477695,1560.6754767433583,41.0,1.069017071184723,80.0,38.4,20,1.8452017103133311,0.9365853658536586,80.0,100.0,4.0,0.8,0.0,0.0,5,100.0,1.0,0.0,0.0,0.0,0.0,100.0,1.0,0.0,100.0,1.0,0.0,100.0,1.0,0.0
231,mixed_20,0,4,504.9968536090011,252.49842680450055,1821697.8943720814,364339.5788744163,3892.4,94.93658536585366,64112.31864437346,1563.7150888871574,41.0,1.4502294877273283,77.08159150484335,37.2,21,2.829778381533747,0.9073170731707317,77.08159150484335,100.0,4.2,0.8400000000000001,1.7984040328487754,0.0,5,100.0,1.0,0.0,5.407957524216727,0.2,8.992020164243877,100.0,1.0,0.0,100.0,1.0,0.0,80.0,1.0,0.0
232,mixed_20,0,0,782.3348103909909,217.3152251086086,1863874.4544810026,372774.89089620055,3728.2,90.49029126213593,67450.15507345014,1637.1396862487895,41.2,0.7797466128230244,63.82037182263048,33.0,18,1.1391980851031658,0.8009708737864077,63.82037182263048,100.0,3.6,0.72,0.5067972750274408,0.0,5,100.0,1.0,0.0,0.0,0.2,0.0,100.0,1.0,0.0,100.0,1.0,0.0,19.101859113152386,0.4,2.5339863751372036
233,mixed_20,0,0,301.7364510949491,94.29264096717158,1006812.0622729711,201362.41245459422,3564.4,90.92857142857143,64997.67362277586,1658.1039189483638,39.2,1.45238668291781,63.09294483720714,28.8,19,1.7728208418223625,0.7346938775510204,63.09294483720714,100.0,3.8,0.76,0.7885637258372418,0.0,5,100.0,1.0,0.0,0.0,0.0,0.0,100.0,1.0,0.0,100.0,1.0,0.0,15.46472418603571,0.8,3.942818629186209
234,mixed_20,0,0,37.468195578507014,18.734097789253507,2887531.0233923467,577506.2046784693,3669.0,95.05181347150258,65339.06776819444,1692.721962906592,38.6,2.2881935512117275,66.25355672155547,30.4,18,3.093632282969363,0.7875647668393783,66.25355672155547,100.0,3.6,0.72,2.9738561410950424,0.0,5,100.0,1.0,0.0,5.529617578699799,0.2,8.978438419289887,100.0,1.0,0.0,100.0,1.0,0.0,25.738166029077547,0.4,5.890842286185325
235,mixed_20,0,0,483.11192279607775,172.53997242717062,2200483.1119227963,440096.62238455925,3819.0,101.03174603174604,63880.51243716148,1689.9606464857534,37.8,2.051200650734518,65.8478626598926,30.4,19,3.475181613580807,0.8042328042328042,65.8478626598926,100.0,3.8000000000000003,0.76,1.3724517248931687,0.0,5,100.0,1.0,0.0,0.0,0.2,0.0,100.0,1.0,0.0,100.0,1.0,0.0,29.239313299462992,0.6,6.862258624465843
236,mixed_20,0,0,339.380030075345,130.5307807982096,2955711.30923296,591142.261846592,3969.6,106.13903743315508,61231.15236552312,1637.1965873134525,37.4,1.7253102974004986,64.9326809208942,30.8,19,2.1956995222185562,0.8235294117647058,64.9326809208942,100.0,3.8,0.76,1.5457019396806266,0.0,5,100.0,1.0,0.0,0.0,0.0,0.0,100.0,1.0,0.0,100.0,1.0,0.0,24.663404604470998,0.8,7.728509698403133
237,mixed_20,0,0,651.422975603896,180.9508265566378,1368317.3480843601,273663.469616872,3355.8,90.20967741935483,61870.92517074457,1663.1969131920584,37.2,1.8079783389201722,61.96796261201234,27.8,17,2.1769009813610425,0.7473118279569892,61.96796261201234,100.0,3.4,0.6799999999999999,1.819431468620896,0.0,5,100.0,1.0,0.0,0.0,0.0,0.0,100.0,1.0,0.0,100.0,1.0,0.0,9.839813060061715,0.4,9.097157343104481
238,mixed_20,0,0,534.3888157597105,140.62863572623962,596135.3446222813,119227.06892445625,2626.2,68.03626943005182,64185.56118316048,1662.8383726207376,38.6,1.8328554958372514,74.10607512581919,24.2,21,1.9233588446914684,0.6269430051813472,74.10607512581919,100.0,4.2,0.8400000000000001,2.3561832156498217,0.0,5,100.0,1.0,0.0,10.930003903881698,0.2,9.149127564765632,100.0,1.0,0.0,100.0,1.0,0.0,59.600371725214245,1.0,2.6317885134834764
239,mixed_20,0,0,183.08093155737558,61.02697718579186,2575133.0796449566,515026.61592899135,2683.8,69.890625,64881.48982438426,1689.6221308433403,38.4,1.9756889629528238,65.67131305261864,27.8,20,2.2154193587535076,0.7239583333333334,65.67131305261864,100.0,4.0,0.8,0.9312947163544549,0.0,5,100.0,1.0,0.0,0.0,0.0,0.0,100.0,1.0,0.0,100.0,1.0,0.0,28.356565263093216,1.0,4.656473581772275
240,mixed_20,0,0,306.29669550054234,102.09889850018078,2000306.2966955006,400061.2593391001,2828.4,73.27461139896373,63845.18954912367,1654.0204546405096,38.6,2.3702119193574136,65.64391566745871,30.6,19,2.8263944480089,0.7927461139896373,65.64391566745871,100.0,3.8000000000000003,0.76,3.295864919272442,0.0,5,100.0,1.0,0.0,11.003135295723041,0.2,9.088318675756932,100.0,1.0,0.0,100.0,1.0,0.0,17.21644304157053,0.6,7.391005920605279
241,mixed_20,0,0,464.9227723260948,145.2883663519046,1009449.9459790469,201889.98919580938,2931.8,74.41116751269035,65369.6441385714,1659.128023821609,39.4,1.510579761737227,60.401385585247226,31.0,19,1.8246988964096136,0.7868020304568528,60.401385585247226,100.0,4.0,0.8,0.8173346850921615,0.0,5,100.0,1.0,0.0,0.0,0.0,0.0,100.0,1.0,0.0,60.0,1.0,0.0,42.00692792623613,1.0,4.086673425460807
242,mixed_20,0,0,743.9475827709293,195.77567967656037,2539197.4822632824,507839.49645265646,2843.2,69.68627450980392,66403.1176454099,1627.5273932698506,40.8,1.7865782350143424,55.15292742462498,27.8,17,2.106649681888684,0.6813725490196079,55.15292742462498,100.0,3.4000000000000004,0.68,0.7851113968528823,0.0,5,100.0,1.0,0.0,0.0,0.0,0.0,100.0,1.0,0.0,55.27128646911024,0.6,2.1566313409246507,20.493350654014648,0.8,1.7689256433397609
243,mixed_20,0,0,223.03732676938506,74.34577558979502,1608090.66467048,321618.132934096,2946.0,69.15492957746478,68428.09167365386,1606.2932317759123,42.6,1.788265122522807,69.22220382801424,29.0,19,2.134321683296357,0.6807511737089202,69.22220382801424,100.0,3.8,0.76,2.534550830266919,0.0,5,100.0,1.0,0.0,8.348776084294514,0.4,8.732193634938447,100.0,1.0,0.0,100.0,1.0,0.0,37.76224305577671,0.4,3.9405605163961486
244,mixed_20,0,0,415.83067368483245,138.6102245616108,3977911.518957754,795582.3037915508,3097.8,71.05045871559633,66413.76717983228,1523.2515408218412,43.6,1.0129090790104056,80.0,33.6,20,1.2561097153729783,0.7706422018348624,80.0,100.0,4.0,0.8,0.0,0.0,5,100.0,1.0,0.0,0.0,0.0,0.0,100.0,1.0,0.0,100.0,1.0,0.0,100.0,1.0,0.0
245,mixed_20,2,0,479.6457572238829,171.30205615138678,1006123.5664884687,201224.71329769373,2602.6,58.3542600896861,70402.40379293461,1578.5292330254397,44.6,1.060727840645717,72.0,36.0,19,1.5973676475438958,0.8071748878923767,72.0,100.0,3.8,0.76,0.0,0.0,5,100.0,1.0,0.0,0.0,0.0,0.0,60.0,0.8,0.0,100.0,1.0,0.0,100.0,1.0,0.0
246,mixed_20,2,2,255.02981455939363,85.00993818646454,1487460.5791453426,297492.1158290685,2210.0,49.55156950672646,73236.77919934309,1642.0802511063473,44.6,1.3926866330617862,68.09092572552618,35.0,19,2.0260519638442163,0.7847533632286996,68.09092572552618,100.0,3.8,0.76,2.12870291770069,0.0,5,100.0,1.0,0.0,11.295288467372302,0.2,8.853248882386769,29.15934016025858,0.6,1.7902657061166813,100.0,1.0,0.0,100.0,1.0,0.0
247,mixed_20,2,2,297.3523972803083,99.11746576010277,2322284.2311971537,464456.8462394307,2154.2,50.097674418604655,70500.21892895605,1639.539975092001,43.0,1.6992451917066895,62.742364779937816,32.2,19,2.2752970058183175,0.7488372093023256,62.742364779937816,100.0,3.8,0.76,0.7426501734626753,0.0,5,100.0,1.0,0.0,0.0,0.0,0.0,13.71182389968908,0.8,3.713250867313376,100.0,1.0,0.0,100.0,1.0,0.0
248,mixed_20,2,2,543.5362750106926,181.17875833689754,2000543.5362750106,400108.7072550021,2296.0,52.903225806451616,73039.47117147327,1682.937123766665,43.4,1.644855926735631,67.37573251914819,33.4,20,2.0126628779407016,0.7695852534562212,67.37573251914819,100.0,4.0,0.8,2.9587756897117865,0.0,5,100.0,1.0,0.0,9.2788255954747,0.4,8.907136121764777,27.599837000266234,0.6,5.886742326794155,100.0,1.0,0.0,100.0,1.0,0.0
249,mixed_20,2,2,210.97520171281082,95.89781896036854,2044821.4055432554,408964.2811086511,2465.2,58.97607655502392,69947.57572302835,1673.3869790198169,41.8,1.867096714950481,62.99557962128165,34.8,19,2.3319582343669456,0.8325358851674641,62.99557962128165,100.0,3.8,0.76,1.4444354569681601,0.0,5,100.0,1.0,0.0,0.0,0.0,0.0,14.977898106408247,0.8,7.2221772848408,100.0,1.0,0.0,100.0,1.0,0.0
250,mixed_20,2,2,30.701089559417447,15.350544779708724,3604096.789262748,720819.3578525495,2640.0,65.02463054187191,67827.74869278588,1670.63420425581,40.6,2.474139024017711,64.676511296856,35.4,18,3.1163103326945296,0.8719211822660099,64.676511296856,100.0,3.6,0.72,1.7021053100368355,0.0,5,100.0,1.0,0.0,0.0,0.0,0.0,23.38255648428003,0.6,8.510526550184178,100.0,1.0,0.0,100.0,1.0,0.0
251,mixed_20,2,2,52.33521000340297,26.167605001701485,4835969.336490473,967193.8672980946,2815.0,71.81122448979592,63776.61441605979,1626.9544493892804,39.2,1.846933434250478,62.245836708785646,35.0,18,2.550429543172958,0.8928571428571429,62.245836708785646,100.0,3.6,0.72,3.5824585980916437,0.0,5,100.0,1.0,0.0,10.782945819373708,0.2,9.27390359509459,0.44623772455452126,0.4,8.63838939536363,100.0,1.0,0.0,100.0,1.0,0.0
252,mixed_20,2,2,58.26791030428164,29.13395515214082,3000058.2679103045,600011.653582061,2990.0,78.6842105263158,59904.76117742207,1576.4410836163704,38.0,2.340845575848074,61.521248803249364,35.0,17,3.2995123705106923,0.9210526315789473,61.521248803249364,100.0,3.4,0.6799999999999999,1.841212908141315,0.0,5,100.0,1.0,0.0,0.0,0.0,0.0,7.606244016246819,0.4,9.206064540706576,100.0,1.0,0.0,100.0,1.0,0.0
253,mixed_20,2,2,207.65590638578698,148.32564741841927,3033824.534974834,606764.9069949668,3167.0,82.47395833333333,59955.14046083928,1561.331782834356,38.4,1.4990613573274394,62.15523423510422,36.0,16,2.9666572968871936,0.9375,62.15523423510422,100.0,3.2,0.64,1.8559467620031467,0.0,5,100.0,1.0,0.0,10.776171175521085,0.2,9.279733810015733,0.0,0.0,0.0,100.0,1.0,0.0,100.0,1.0,0.0
254,mixed_20,2,2,174.90455227380716,109.31534517112947,3000972.452714806,600194.4905429612,3350.2,85.9025641025641,59293.9285713805,1520.3571428559103,39.0,0.5092367521179025,62.25330557543475,37.2,16,1.0295129560697038,0.9538461538461539,62.25330557543475,100.0,3.2,0.64,1.7751697965901685,0.0,5,100.0,1.0,0.0,11.266527877173758,0.2,8.875848982950842,0.0,0.0,0.0,100.0,1.0,0.0,100.0,1.0,0.0
255,mixed_20,3,2,599.2407237589675,249.68363489956982,2008201.5349465744,401640.30698931485,2833.6,72.28571428571429,61676.511121532145,1573.380385753371,39.2,0.6322294876525638,52.0,35.2,14,1.067521998629469,0.8979591836734694,52.0,100.0,2.8,0.5599999999999999,0.0,0.0,5,60.0,0.8,0.0,0.0,0.0,0.0,0.0,0.0,0.0,100.0,1.0,0.0,100.0,1.0,0.0
256,mixed_20,3,3,233.8306339361806,77.94354464539353,2000233.830633936,400046.7661267872,2251.8,57.15228426395939,64393.75885922689,1634.359361909312,39.4,1.0411070979434094,49.82187843450356,31.2,15,1.2234769150655458,0.7918781725888325,49.82187843450356,100.0,3.0,0.6,2.307952754790918,0.0,5,38.531432580207365,0.6,2.211902657873113,0.0,0.0,0.0,10.577959592310435,0.4,9.327861116081477,100.0,1.0,0.0,100.0,1.0,0.0
257,mixed_20,3,3,360.3138476295777,105.97466106752286,1400692.9593234514,280138.5918646903,1562.4,40.6875,65318.99724778632,1701.0155533277687,38.4,1.1190111842929393,40.199399404422365,26.4,13,1.056361428047949,0.6875,40.199399404422365,100.0,2.6,0.52,0.8229021500949877,0.0,5,20.996997022111827,0.6,4.114510750474938,0.0,0.0,0.0,0.0,0.0,0.0,80.0,1.0,0.0,100.0,1.0,0.0
258,mixed_20,3,3,259.1073527841746,64.77683819604366,1000259.1073527843,200051.82147055684,1156.2,31.939226519337016,63784.56474437604,1762.0045509496144,36.2,1.7098578967885059,42.593667241926596,21.6,15,1.30156933369122,0.5966850828729282,42.593667241926596,100.0,3.0,0.6,2.4439570717761603,0.0,5,8.707592201926673,0.6,5.170084136765278,72.1560110966675,0.8,4.899461614284633,0.0,0.0,0.0,32.10473291103881,0.6,2.1502396078308914,100.0,1.0,0.0
259,mixed_20,3,3,216.47579322505862,63.66935094854666,1021977.3238177879,204395.4647635576,991.6,29.511904761904763,58807.844365558296,1750.2334632606635,33.6,1.8457834373419721,61.274611067620754,19.0,19,1.8096498376221493,0.5654761904761905,61.274611067620754,100.0,3.8000000000000003,0.76,3.1311900354749844,0.0,5,41.3885617359756,0.8,6.64414930578475,100.0,1.0,0.0,33.65778425431472,0.4,4.897545831669395,31.32670934781345,0.6,4.114255039920778,100.0,1.0,0.0
260,mixed_20,3,3,515.050994454303,151.48558660420676,2257699.477037089,451539.8954074178,1001.0,30.895061728395063,57825.88222527971,1784.7494513975219,32.4,1.8623180775568107,64.59575304765985,19.4,23,2.117114765469627,0.5987654320987654,64.59575304765985,100.0,4.6,0.9199999999999999,2.626418115686504,0.0,5,15.252902831048232,0.8,7.413900903573133,100.0,1.0,0.0,100.0,1.0,0.0,7.725862407251043,0.8,5.7181896748593894,100.0,1.0,0.0
261,mixed_20,3,3,305.4372044878352,76.3593011219588,1000305.4372044876,200061.08744089754,1096.0,36.05263157894737,55589.90922228757,1828.61543494367,30.4,2.3262031202359457,66.63128784857054,19.2,20,2.1615443533876206,0.631578947368421,66.63128784857054,100.0,4.0,0.8,3.1861215124271336,0.0,5,11.595262926748546,0.4,8.624211510488035,100.0,1.0,0.0,100.0,1.0,0.0,21.561176316104138,0.6,7.306396051647633,100.0,1.0,0.0
262,mixed_20,3,3,179.88040742085704,47.33694932127817,1001664.7204014829,200332.94408029658,1191.2,41.07586206896552,52500.09325422547,1810.348043249154,29.0,2.5902262889148413,63.4218062359505,19.8,22,2.3452687710042417,0.6827586206896552,63.4218062359505,100.0,4.4,0.8800000000000001,3.3405559934930915,0.0,5,4.097773269941172,0.4,8.800506760925055,100.0,1.0,0.0,100.0,1.0,0.0,13.01125790981132,1.0,7.902273206540401,100.0,1.0,0.0
263,mixed_20,3,3,487.65480993686106,128.33021314127924,803892.9733519151,160778.59467038303,1251.2,44.056338028169016,48364.976577518944,1702.9921330112304,28.4,2.2310680385443233,62.72218952866933,20.4,19,2.454084669529683,0.7183098591549296,62.72218952866933,100.0,4.0,0.8,2.7426307314917215,0.0,5,10.730532567777118,0.2,9.319201947188674,100.0,1.0,0.0,100.0,1.0,0.0,42.880415075569545,0.8,4.393951710269936,60.0,1.0,0.0
264,mixed_20,3,3,471.0761945874431,94.21523891748862,471.0761945874431,94.21523891748862,772.4,27.006993006993007,49554.30894269231,1732.6681448493814,28.6,2.3550193154441943,59.17465079025169,15.6,17,2.4030120032476185,0.5454545454545454,59.17465079025169,100.0,3.4000000000000004,0.68,1.4205086014318151,0.0,5,0.0,0.0,0.0,100.0,1.0,0.0,100.0,1.0,0.0,29.739603343900853,0.6,5.105041328766784,66.1336506073576,0.8,1.9975016783922914
265,mixed_20,3,3,517.526338962072,112.50572586132002,1486.191955727309,297.23839114546183,568.2,18.94,48845.59381652722,1628.1864605509072,30.0,3.072005048038518,82.29386775598505,16.4,21,4.074026064483885,0.5466666666666666,82.29386775598505,100.0,4.2,0.8400000000000001,1.74377968806763,0.0,5,11.469338779925238,0.2,8.71889844033815,100.0,1.0,0.0,100.0,1.0,0.0,100.0,1.0,0.0,100.0,1.0,0.0
266,mixed_20,3,3,695.5214386954542,165.60034254653672,243238.04890624466,48647.60978124893,664.2,20.627329192546583,49590.488278853285,1540.0772757407854,32.2,3.1987402132502036,80.0,22.2,20,5.359446371112527,0.6894409937888198,80.0,100.0,4.0,0.8,0.0,0.0,5,0.0,0.0,0.0,100.0,1.0,0.0,100.0,1.0,0.0,100.0,1.0,0.0,100.0,1.0,0.0
267,mixed_20,3,3,464.9631789717781,116.24079474294453,1000464.9631789718,200092.99263579436,786.6,22.734104046242773,54219.115901906196,1567.0264711533582,34.6,3.2299441676306286,80.0,26.4,20,5.344247591262015,0.7630057803468208,80.0,100.0,4.0,0.8,0.0,0.0,5,0.0,0.0,0.0,100.0,1.0,0.0,100.0,1.0,0.0,100.0,1.0,0.0,100.0,1.0,0.0
268,mixed_20,3,3,1053.8180912477749,277.32055032836183,802222.2014552585,160444.4402910517,930.2,24.608465608465607,56889.55189737489,1505.0146004596531,37.8,1.4680326928179328,80.0,31.6,20,3.681327493481557,0.8359788359788359,80.0,100.0,4.0,0.8,0.0,0.0,5,0.0,0.0,0.0,100.0,1.0,0.0,100.0,1.0,0.0,100.0,1.0,0.0,100.0,1.0,0.0
269,mixed_20,3,3,1064.313935892007,295.642759970002,1578491.921651022,315698.3843302044,1099.2,27.48,61956.406662551555,1548.910166563789,40.0,0.7824886695015377,80.0,35.4,20,1.2397875339304685,0.885,80.0,100.0,4.0,0.8,0.0,0.0,5,0.0,0.0,0.0,100.0,1.0,0.0,100.0,1.0,0.0,100.0,1.0,0.0,100.0,1.0,0.0
270,mixed_20,3,3,273.9074047757316,97.82407313418986,3436503.9680343,687300.79360686,1282.0,32.05,62552.86273076433,1563.8215682691082,40.0,1.4581387168346058,80.0,37.0,20,2.365220989503947,0.925,80.0,100.0,4.0,0.8,0.0,0.0,5,0.0,0.0,0.0,100.0,1.0,0.0,100.0,1.0,0.0,100.0,1.0,0.0,100.0,1.0,0.0
271,mixed_20,3,3,193.50546906719836,161.25455755599864,8532325.99080697,1706465.198161394,1471.0,36.592039800995025,62139.40369297001,1545.7563107703982,40.2,1.9781729798346241,80.26668318812062,38.8,22,4.05371954152025,0.9651741293532339,80.26668318812062,100.0,4.4,0.8800000000000001,1.6951077159494166,0.0,5,1.3334159406031176,0.4,8.475538579747083,100.0,1.0,0.0,100.0,1.0,0.0,100.0,1.0,0.0,100.0,1.0,0.0
272,mixed_20,3,3,574.3317361850484,261.0598800841129,2600803.483374287,520160.6966748574,1666.0,40.63414634146341,63254.86582671544,1542.8016055296448,41.0,2.299862972091511,80.0,39.4,20,5.059903612717034,0.9609756097560975,80.0,100.0,4.0,0.8,0.0,0.0,5,0.0,0.0,0.0,100.0,1.0,0.0,100.0,1.0,0.0,100.0,1.0,0.0,100.0,1.0,0.0
273,mixed_20,2,3,351.53037865121024,117.17679288373675,3888113.636019175,777622.727203835,1364.8,33.78217821782178,64752.17152242198,1602.7765228322273,40.4,0.6811774386115063,64.0,33.0,18,0.8436187366199716,0.8168316831683168,64.0,100.0,3.6,0.72,0.0,0.0,5,0.0,0.0,0.0,60.0,0.8,0.0,60.0,0.8,0.0,100.0,1.0,0.0,100.0,1.0,0.0
274,mixed_20,2,2,167.11511148536906,55.70503716178968,3812228.6174630425,762445.7234926085,1168.8,30.123711340206185,64483.840175071964,1661.9546436874218,38.8,1.5052920201976456,53.364064440514994,26.6,17,1.8245374152072342,0.6855670103092784,53.364064440514994,100.0,3.4,0.6799999999999999,0.6386241673470074,0.0,5,0.0,0.0,0.0,23.22849440447044,0.6,1.7298604237689164,43.59182779810453,0.8,1.4632604129661209,100.0,1.0,0.0,100.0,1.0,0.0
275,mixed_20,2,2,73.41690265040755,24.472300883469185,3690957.0065219416,738191.4013043883,1261.0,34.83425414364641,63426.37535654362,1752.1098164791056,36.2,2.779999416006638,56.58250903423232,24.2,18,2.887370702194191,0.6685082872928176,56.58250903423232,100.0,3.6,0.72,3.3630515443337416,0.0,5,11.229183881737299,0.2,8.905366681423398,40.07633688675469,0.8,4.0716258715735965,31.607024402669595,0.6,3.8382651686717137,100.0,1.0,0.0,100.0,1.0,0.0
276,mixed_20,2,2,122.35975756853016,40.78658585617672,2000122.3597575687,400024.4719515137,1381.0,40.857988165680474,59343.75103075246,1755.7322790163448,33.8,2.2406099036554186,48.09588880536194,24.4,18,2.2208531185924123,0.7218934911242604,48.09588880536194,100.0,3.6,0.72,2.2123443472217685,0.0,5,0.0,0.0,0.0,13.638371770130107,0.8,5.686218048939234,26.84107225667958,0.8,5.375503687169609,100.0,1.0,0.0,100.0,1.0,0.0
277,mixed_20,2,2,57.56887858005285,19.18962619335095,2000057.56887858,400011.51377571595,1501.0,50.70945945945946,49929.37759787131,1686.8032972253823,29.6,2.9953364903585067,44.307058396755565,24.0,15,2.5799632365422136,0.8108108108108109,44.307058396755565,100.0,3.0,0.6,2.7890464671455897,0.0,5,0.0,0.0,0.0,6.415462452864631,0.6,7.331401154923605,15.119829530913194,0.4,6.613831180804344,100.0,1.0,0.0,100.0,1.0,0.0
278,mixed_20,2,2,60.59756076416919,20.199186921389728,2000060.597560764,400012.1195121528,1622.2,55.554794520547944,47878.932206538986,1639.6894591280475,29.2,3.107067513657553,41.58046273940545,25.0,12,2.884105961800375,0.8561643835616438,41.58046273940545,100.0,2.4,0.48,1.7750683304481207,0.0,5,0.0,0.0,0.0,0.0,0.0,0.0,7.902313697027239,0.4,8.875341652240603,100.0,1.0,0.0,100.0,1.0,0.0
279,mixed_20,2,2,153.20364767016514,51.06788255672171,2000153.20364767,400030.64072953403,1749.0,58.3,47618.06558848939,1587.2688529496463,30.0,2.220116746690934,41.85461949853379,26.0,14,2.7618752458033162,0.8666666666666667,41.85461949853379,100.0,2.8,0.5599999999999999,3.5900550443492834,0.0,5,4.579260231435001,0.4,8.506130047235638,4.693837261233966,0.4,9.444145174510778,0.0,0.0,0.0,100.0,1.0,0.0,100.0,1.0,0.0
280,mixed_20,1,2,608.9655815704222,144.9918051358148,2068.4437459157202,413.68874918314407,1219.8,42.95070422535211,47663.64119628442,1678.2972252212824,28.4,1.8848706352199105,24.700544665872258,21.0,9,1.9806887838662504,0.7394366197183099,24.700544665872258,60.0,1.8,0.36,1.4269908244740201,0.0,5,0.0,0.0,0.0,0.0,0.0,0.0,3.502723329361288,0.2,7.134954122370101,60.0,0.8,0.0,60.0,0.8,0.0
281,mixed_20,1,1,389.3611227772344,92.70502923267486,956349.6762782506,191269.93525565014,620.6,23.869230769230768,46264.13656483482,1779.3898678782625,26.0,2.0310498400666477,15.307884235707206,12.2,12,2.028013583168127,0.46923076923076923,15.307884235707206,28.168581559248196,2.4000000000000004,0.4800000000000001,1.6295333967705958,0.0,5,0.0,0.0,0.0,22.31283100501969,0.8,4.718701538009564,0.0,0.4,0.0,26.058008614268147,0.6,1.8119954014957689,28.168581559248196,0.6,1.6169700443476465
282,mixed_20,1,1,321.927944069393,67.06832168112355,200321.9279440694,40064.38558881388,167.6,7.54954954954955,44087.48829764822,1985.9228962904604,22.2,2.3071801865570323,9.265247886453835,5.0,9,1.5636851576886543,0.22522522522522523,9.265247886453835,17.98102943294907,1.8,0.36,3.328763583707391,0.0,5,12.07781904204694,0.2,8.279640525484481,0.0,0.0,0.0,0.0,0.0,0.0,17.98102943294907,0.8,4.391354967378553,16.267390957273165,0.8,3.9728224256739186
283,mixed_20,1,1,139.70856064409531,34.92714016102383,228500.69767572716,45700.139535145434,69.0,3.4158415841584158,43250.14453102835,2141.0962639122945,20.2,2.5181940377704013,8.316168417948575,4.4,7,1.6006605019664304,0.21782178217821782,8.316168417948575,23.312817780838486,1.4,0.27999999999999997,2.379241373188531,0.0,5,0.0,0.0,0.0,0.0,0.0,0.0,0.0,0.0,0.0,23.312817780838486,0.6,6.031348190144473,18.268024308904387,0.8,5.8648586757981835
284,mixed_20,1,1,92.30958063859406,23.077395159648514,1077248.97940751,215449.795881502,89.0,5.056818181818182,39355.737899591346,2236.12147156769,17.6,3.760226729473307,10.452802851456909,4.4,7,2.352837293277103,0.25,10.452802851456909,27.498279007995734,1.4,0.27999999999999997,3.903549673928338,0.0,5,0.0,0.0,0.0,0.0,0.0,0.0,11.03388663626447,0.2,5.33094289104832,13.73184861302434,0.8,6.899133822994194,27.498279007995734,0.4,7.287671655599176
285,mixed_20,1,1,419.409319384223,104.85232984605575,1000419.4093193844,200083.8818638769,110.2,6.802469135802469,34675.678028400245,2140.473952370385,16.2,3.4559156719593953,30.635302435704943,5.6,12,3.0668730574828444,0.345679012345679,30.635302435704943,100.0,2.4,0.48,5.134662584357096,0.0,5,0.0,0.0,0.0,11.07883451667476,0.2,9.026220208406393,100.0,1.0,0.0,18.256478313455773,0.8,8.237715688745464,23.841199348394184,0.4,8.40937702463362
286,mixed_20,1,1,372.6562150408712,74.53124300817424,372.6562150408712,74.53124300817424,135.0,8.881578947368421,32414.778480074012,2132.551215794343,15.2,2.8304529670224126,24.333372179561593,5.4,7,2.020057721506503,0.35526315789473684,24.333372179561593,100.0,1.4,0.27999999999999997,3.692684581743208,0.0,5,0.0,0.0,0.0,0.0,0.0,0.0,100.0,1.0,0.0,10.94758176780033,0.2,9.134437369001972,10.719279130007635,0.2,9.328985539714067
287,mixed_20,1,1,366.710063035674,76.39792979909876,200366.71006303572,40073.34201260714,160.0,10.126582278481013,34160.92792560799,2162.0840459245564,15.8,3.585407144761591,22.976966124769206,5.6,9,2.31747739026362,0.35443037974683544,22.976966124769206,100.0,1.7999999999999998,0.36,3.6118631684223717,0.0,5,0.0,0.0,0.0,0.0,0.0,0.0,100.0,1.0,0.0,10.867429582199293,0.4,9.18691634172574,4.017401041646735,0.4,8.872399500386116
288,mixed_20,1,1,186.24377208740447,37.248754417480896,186.24377208740447,37.248754417480896,185.0,11.5625,34665.169307469005,2166.573081716813,16.0,3.779923769256292,30.412804229342328,5.6,13,1.9364047624002065,0.35,30.412804229342328,100.0,2.6,0.52,6.436848274921802,0.0,5,14.262588271462846,0.2,4.8492611106861165,19.71922359056407,0.8,9.190735003491865,100.0,1.0,0.0,11.044959426080823,0.2,9.053903789258541,7.0372498586039,0.4,9.090341471172486
289,mixed_20,1,1,273.05329746086363,65.0126898716342,31067.956265949244,6213.591253189848,211.4,13.727272727272727,29656.63964184965,1925.755820899328,15.4,2.9995623135422034,44.40058223183951,6.4,12,1.9388775429568519,0.4155844155844156,44.40058223183951,100.0,2.4000000000000004,0.4800000000000001,3.6359167614986454,0.0,5,100.0,1.0,0.0,0.0,0.0,0.0,100.0,1.0,0.0,10.967692616186469,0.2,9.117688058873643,11.03521854301107,0.2,9.061895748619584
290,mixed_20,1,1,469.819865338178,111.86187269956618,41709.252643052285,8341.850528610457,246.8,13.56043956043956,34086.54405306119,1872.887035882483,18.2,2.4840008766628747,42.59316069967281,8.6,13,1.9679712739866735,0.4725274725274725,42.59316069967281,100.0,2.6,0.52,3.56103692382613,0.0,5,100.0,1.0,0.0,0.0,0.0,0.0,100.0,1.0,0.0,11.170158599052229,0.2,8.95242436472521,1.7956448993118101,0.4,8.852760254405439
291,mixed_20,4,1,393.96316051593533,82.07565844081986,52231.45915632116,10446.291831264232,186.0,9.6875,38074.343132732916,1983.0387048298396,19.2,2.9214323259179786,43.64476038189969,6.2,14,1.896709062500597,0.3229166666666667,43.64476038189969,100.0,2.8000000000000003,0.56,4.551030255338448,0.0,5,60.0,0.8,0.0,10.824522800226077,0.2,9.238282541001386,100.0,1.0,0.0,10.93780989055631,0.2,9.142598106988482,36.46146921871605,0.6,4.3742706287023685
292,mixed_20,4,4,215.0891483858997,43.01782967717994,215.0891483858997,43.01782967717994,203.6,10.494845360824742,35972.25425182706,1854.2399098879926,19.4,3.7641046714020523,40.62055634749049,7.4,12,2.4397729437202367,0.38144329896907214,40.62055634749049,100.0,2.4,0.48,3.908126910658382,0.0,5,11.426855134418474,0.2,8.751314235077079,0.0,0.0,0.0,100.0,1.0,0.0,9.124873289979405,0.2,5.506928433735246,82.55105331305458,1.0,5.282391884479582
293,mixed_20,4,4,297.7098971311508,64.719542854598,400297.70989713114,80059.54197942623,248.4,11.942307692307692,34983.632564323416,1681.905411746318,20.8,2.3683985417345523,61.86332965374004,11.2,17,2.4785181634440328,0.5384615384615384,61.86332965374004,100.0,3.4,0.6799999999999999,1.7666604874841862,0.0,5,0.0,0.0,0.0,9.316648268700192,0.4,8.833302437420931,100.0,1.0,0.0,100.0,1.0,0.0,100.0,1.0,0.0
294,mixed_20,4,4,466.12443052204117,93.22488610440823,466.12443052204117,93.22488610440823,310.4,13.614035087719298,38623.45926815691,1694.011371410391,22.8,1.7838815514847883,60.0,14.0,15,1.0836619429465777,0.6140350877192983,60.0,100.0,3.0,0.6,0.0,0.0,5,0.0,0.0,0.0,0.0,0.0,0.0,100.0,1.0,0.0,100.0,1.0,0.0,100.0,1.0,0.0
295,mixed_20,4,4,318.83987006676955,69.31301523190643,400318.83987006673,80063.76797401335,387.8,16.024793388429753,40151.49477999259,1659.1526768591978,24.2,2.6149400414984587,60.0,17.0,15,2.346973102347983,0.7024793388429752,60.0,100.0,3.0,0.6,0.0,0.0,5,0.0,0.0,0.0,0.0,0.0,0.0,100.0,1.0,0.0,100.0,1.0,0.0,100.0,1.0,0.0
296,mixed_20,4,4,429.88178547256086,107.47044636814022,1000429.8817854725,200085.9763570945,477.4,18.503875968992247,42325.42146345209,1640.520211761709,25.8,2.7369914047982706,63.876768158335835,19.2,18,3.1538353316555963,0.7441860465116279,63.876768158335835,100.0,3.6,0.72,3.540651546372519,0.0,5,11.16363895052018,0.2,8.957652647422854,8.220201841158996,0.4,8.745605084439742,100.0,1.0,0.0,100.0,1.0,0.0,100.0,1.0,0.0
297,mixed_20,4,4,772.357768160273,203.25204425270346,505708.03538751835,101141.60707750366,580.2,20.8705035971223,44752.32772697513,1609.795961401983,27.8,1.0954842574491814,62.83010383693454,22.0,16,1.6330003634738677,0.7913669064748201,62.83010383693454,100.0,3.2,0.64,1.413375702968074,0.0,5,0.0,0.0,0.0,14.150519184672703,0.2,7.06687851484037,100.0,1.0,0.0,100.0,1.0,0.0,100.0,1.0,0.0
298,mixed_20,4,4,829.937513405244,244.09926864860117,1003622.043214838,200724.4086429676,692.2,24.37323943661972,45203.04898713999,1591.6566544767602,28.4,1.0134479437011092,60.0,23.4,15,1.5620385678767756,0.823943661971831,60.0,100.0,3.0,0.6,0.0,0.0,5,0.0,0.0,0.0,0.0,0.0,0.0,100.0,1.0,0.0,100.0,1.0,0.0,100.0,1.0,0.0
299,mixed_20,4,4,669.351243067633,196.8680126669509,908289.6751151715,181657.93502303428,810.2,26.651315789473685,48914.31287495603,1609.0234498340799,30.4,1.4353315558878939,61.708365782564215,25.0,17,1.9450882661266384,0.8223684210526315,61.708365782564215,100.0,3.4,0.6799999999999999,1.8040124758146707,0.0,5,0.0,0.0,0.0,8.541828912821074,0.4,9.020062379073353,100.0,1.0,0.0,100.0,1.0,0.0,100.0,1.0,0.0
300,mixed_20,4,4,1160.1861534380218,252.21438118217867,14959.432840633002,2991.8865681266007,935.2,29.59493670886076,52553.032207004566,1663.0706394621698,31.6,1.7206697872380914,60.249484688602934,25.4,16,1.8848329234690475,0.8037974683544303,60.249484688602934,100.0,3.2,0.64,1.4902017090693946,0.0,5,0.0,0.0,0.0,1.247423443014668,0.2,7.451008545346974,100.0,1.0,0.0,100.0,1.0,0.0,100.0,1.0,0.0
301,mixed_20,4,4,653.5830621484811,217.86102071616037,431555.2264628566,86311.04529257132,1066.0,32.69938650306749,50214.174206677206,1540.3120922293622,32.6,1.4442615344348915,60.93688113668304,28.0,18,2.165778836342684,0.8588957055214724,60.93688113668304,100.0,3.6,0.72,1.8191311358101667,0.0,5,4.684405683415207,0.4,9.095655679050834,0.0,0.2,0.0,100.0,1.0,0.0,100.0,1.0,0.0,100.0,1.0,0.0
302,mixed_20,4,4,77.02890498370377,64.19075415308647,2882701.634615252,576540.3269230503,1209.6,36.433734939759034,53211.49800221135,1602.7559639220287,33.2,0.9603072931780177,62.14081736858134,29.6,16,1.9153903556808753,0.891566265060241,62.14081736858134,100.0,3.2,0.64,1.868445229707143,0.0,5,0.0,0.0,0.0,10.70408684290669,0.2,9.342226148535715,100.0,1.0,0.0,100.0,1.0,0.0,100.0,1.0,0.0
303,mixed_20,1,4,832.6059896514638,244.8841146033717,802842.5061017425,160568.5012203485,1019.4,31.26993865030675,54586.17906266144,1674.4226706337863,32.6,1.3784318431567961,50.379832669854295,24.4,15,2.2819964803030772,0.7484662576687117,50.379832669854295,100.0,3.0,0.6,1.6069558879194985,0.0,5,0.0,0.0,0.0,11.899163349271475,0.2,8.034779439597493,100.0,1.0,0.0,60.0,0.8,0.0,80.0,1.0,0.0
304,mixed_20,1,1,554.6073444144872,110.92146888289744,554.6073444144872,110.92146888289744,732.6,24.098684210526315,54526.707136744124,1793.6416821297407,30.4,2.433930375568322,35.10076980560552,16.2,13,3.01237816610225,0.5328947368421053,35.10076980560552,100.0,2.6,0.52,2.7067388886455066,0.0,5,0.0,0.0,0.0,10.484588910121602,0.4,9.537808383069946,100.0,1.0,0.0,27.721884600050544,0.6,1.8014306629046917,37.29737551785547,0.6,2.1944553972528973
305,mixed_20,1,1,320.6410349136002,64.12820698272004,320.6410349136002,64.12820698272004,599.4,22.03676470588235,51849.16617500604,1906.2193446693398,27.2,1.9641851014136877,39.09377808476347,9.6,16,1.0096576612712114,0.35294117647058826,39.09377808476347,100.0,3.2,0.64,3.051471626660814,0.0,5,21.206108154428875,0.4,7.45341604095542,0.0,0.0,0.0,100.0,1.0,0.0,33.17510153672629,1.0,3.7321467428678767,41.08768073266219,0.8,4.071795349480775
306,mixed_20,1,1,268.05046158063726,67.01261539515932,106970.69534639672,21394.139069279343,602.6,23.91269841269841,49277.124019200666,1955.4414293333598,25.2,2.455191629859195,46.88026240590261,8.6,18,1.8381654624324852,0.3412698412698413,46.88026240590261,100.0,3.5999999999999996,0.72,2.2127849394592034,0.0,5,100.0,1.0,0.0,0.0,0.0,0.0,100.0,1.0,0.0,12.101413089849302,0.8,5.591859727098307,22.299898939663763,0.8,5.47206497019771
307,mixed_20,1,1,365.07493074676853,86.9226025587544,695465.6674013168,139093.13348026335,647.0,27.887931034482758,48300.44836559305,2081.9158778272867,23.2,3.1100074595509652,47.340917462415746,9.6,18,2.341677548171656,0.41379310344827586,47.340917462415746,100.0,3.6,0.72,2.805766635485682,0.0,5,100.0,1.0,0.0,0.0,0.0,0.0,100.0,1.0,0.0,21.898283223163162,0.6,7.098076349021555,14.806304088915567,1.0,6.930756828406857
308,mixed_20,1,1,446.1889042937145,101.40656915766237,616918.0663203426,123383.61326406852,693.2,34.66,40144.62238830068,2007.2311194150343,20.0,3.7806714383171065,45.3623444273926,10.0,20,2.92876702139905,0.5,45.3623444273926,100.0,4.0,0.8,4.915816617620857,0.0,5,100.0,1.0,0.0,9.211270610730935,0.4,8.77567022787407,100.0,1.0,0.0,10.784805019779924,0.8,8.057699454226125,6.81564650645214,0.8,7.7457134060040875
309,mixed_20,1,1,521.7033486397511,108.68819763328148,200521.7033486398,40104.34066972796,741.6,41.2,35297.82533770232,1960.990296539018,18.0,3.312981341180395,42.39780647583757,10.4,13,2.3126712970803616,0.5777777777777777,42.39780647583757,100.0,2.6,0.52,3.63188249433382,0.0,5,100.0,1.0,0.0,0.0,0.0,0.0,100.0,1.0,0.0,10.323437107417703,0.2,9.686696296928758,1.6655952717701439,0.4,8.472716174740341
310,mixed_20,1,1,356.02325550653995,74.1715115638625,709.2654033459653,141.85308066919305,782.0,44.94252873563219,32840.871174532214,1887.406389340932,17.4,2.870174606201841,44.321590343971366,9.4,12,1.9710107381267419,0.5402298850574713,44.321590343971366,100.0,2.4000000000000004,0.4800000000000001,3.70246298966307,0.0,5,100.0,1.0,0.0,10.741894843254158,0.2,9.30934452991777,100.0,1.0,0.0,0.0,0.0,0.0,10.86605687660267,0.2,9.202970418397582
311,mixed_20,1,1,339.9818919372696,84.9954729843174,79201.9948404471,15840.398968089421,830.6,45.637362637362635,34527.17887462584,1897.097740364057,18.2,3.5525592820982594,46.859506786596285,10.8,15,3.0531031310495624,0.5934065934065934,46.859506786596285,100.0,3.0,0.6,4.775886796080126,0.0,5,100.0,1.0,0.0,13.794302910200713,0.4,5.462359238881618,100.0,1.0,0.0,10.629194051248305,0.2,9.408051026056475,9.874036971532405,0.4,9.009023715462538
312,mixed_20,1,1,186.34798742407085,46.58699685601771,1582129.455991143,316425.8911982286,885.0,53.31325301204819,30638.49993241919,1845.692767013204,16.6,4.477527326649031,41.34292016104337,11.2,12,4.422322348499453,0.6746987951807228,41.34292016104337,100.0,2.4,0.48,1.8670286562433538,0.0,5,100.0,1.0,0.0,0.0,0.0,0.0,100.0,1.0,0.0,0.0,0.0,0.0,6.714600805216833,0.4,9.33514328121677
313,mixed_20,1,1,372.62877816514106,81.00625612285675,200574.8761165337,40114.97522330674,930.0,50.54347826086956,34225.472315955936,1860.0800171715182,18.4,2.4719405017539287,42.02923273955548,10.8,14,1.7885453496582906,0.5869565217391305,42.02923273955548,100.0,2.8,0.5599999999999999,3.57513483254239,0.0,5,100.0,1.0,0.0,9.541637628940407,0.4,8.686133755277842,100.0,1.0,0.0,0.0,0.0,0.0,0.6045260688370035,0.4,9.189540407434107
314,mixed_20,1,1,264.61527801587783,63.00363762282805,75200.26120255535,15040.052240511071,982.0,53.369565217391305,34033.31054035892,1849.6364424108108,18.4,2.873894487099362,44.02353222095553,11.2,12,2.3669548933960476,0.6086956521739131,44.02353222095553,100.0,2.4000000000000004,0.4800000000000001,3.0650494837020084,0.0,5,100.0,1.0,0.0,10.081401672082393,0.2,5.361375851556659,100.0,1.0,0.0,10.03625943269526,0.2,9.963871566953383,0.0,0.0,0.0
315,mixed_20,1,1,353.39339686145945,84.14128496701416,177826.7590462984,35565.35180925968,1037.6,55.784946236559136,34754.091240107766,1868.499529038052,18.6,3.856782202337208,42.07365759745426,11.6,12,3.105289541555616,0.6236559139784946,42.07365759745426,100.0,2.4000000000000004,0.4800000000000001,1.9289587658592395,0.0,5,100.0,1.0,0.0,0.0,0.2,0.0,100.0,1.0,0.0,0.0,0.0,0.0,10.368287987271287,0.2,9.644793829296198
316,mixed_20,1,1,517.8800620687155,117.70001410652623,600517.8800620688,120103.57601241376,1095.6,53.18446601941748,37182.34534513,1804.9682206373786,20.6,2.392459631234905,44.95967998852848,13.0,14,2.2954256533413924,0.6310679611650486,44.95967998852848,100.0,2.8000000000000003,0.56,5.459834116423417,0.0,5,100.0,1.0,0.0,10.650452346262682,0.2,9.38927256315932,100.0,1.0,0.0,3.4286545359418596,0.4,8.580924602877348,10.719293060437849,0.2,9.328973416080418
317,mixed_20,1,1,442.9288367238363,96.28887754866007,17913.508569091595,3582.701713818319,1153.6,54.41509433962264,37113.67257649162,1750.6449328533781,21.2,2.1157101257023605,41.740325526570814,12.6,11,1.480020305593008,0.5943396226415094,41.740325526570814,100.0,2.2,0.44000000000000006,1.7882083054073157,0.0,5,100.0,1.0,0.0,0.0,0.0,0.0,100.0,1.0,0.0,0.0,0.0,0.0,8.70162763285407,0.2,8.941041527036578
318,mixed_20,4,1,366.4804703241368,107.78837362474611,1866042.8529191308,373208.57058382616,1220.4,52.15384615384615,40102.394989939756,1713.7775636726392,23.4,2.2446358517521054,46.93799278930601,14.8,14,1.9036072465894045,0.6324786324786325,46.93799278930601,100.0,2.8,0.5599999999999999,1.934864779060921,0.0,5,100.0,1.0,0.0,14.985994402391043,0.4,5.623576145246626,100.0,1.0,0.0,0.0,0.0,0.0,19.703969544139,0.4,4.050747750057979
319,mixed_20,4,4,277.5988860051195,81.64673117797632,1201344.6316928058,240268.92633856117,1298.4,55.016949152542374,40126.02285141374,1700.255205568379,23.6,1.8430587197302615,60.986167074928744,16.6,20,1.9426742827015315,0.7033898305084746,60.986167074928744,100.0,4.0,0.8,3.3966315144445334,0.0,5,100.0,1.0,0.0,1.9480632454360602,0.6,8.28078256610574,100.0,1.0,0.0,2.9827721292076603,0.4,8.702375006116926,100.0,1.0,0.0
320,mixed_20,4,4,240.51262457917855,109.32392026326296,2438592.68360217,487718.53672043403,1382.2,57.59166666666667,40810.84063460886,1700.4516931087026,24.0,1.4114550718511916,61.189714548413576,17.6,18,1.978640088089178,0.7333333333333333,61.189714548413576,100.0,3.8,0.76,0.41861210416557615,0.0,5,100.0,1.0,0.0,0.0,0.2,0.0,100.0,1.0,0.0,80.0,0.8,0.0,25.94857274206788,0.8,2.0930605208278807
321,mixed_20,4,4,591.5982609561399,164.33285026559443,1400591.598260956,280118.3196521912,1468.2,55.61363636363637,44411.87745616061,1682.2680854606292,26.4,1.4267655864391529,81.85161322737895,18.2,22,1.8717117229463116,0.6893939393939394,81.85161322737895,100.0,4.4,0.8800000000000001,1.951627332642675,0.0,5,100.0,1.0,0.0,9.25806613689474,0.4,9.758136663213374,100.0,1.0,0.0,100.0,1.0,0.0,100.0,1.0,0.0
322,mixed_20,4,4,297.29387545499446,74.32346886374862,1000297.2938754552,200059.45877509104,1561.0,56.97080291970803,46653.531548969215,1702.683633174059,27.4,1.8258472139456772,80.02144819975638,19.4,22,2.083971241240308,0.708029197080292,80.02144819975638,100.0,4.4,0.8800000000000001,1.575306319863368,0.0,5,100.0,1.0,0.0,0.10724099878189008,0.4,7.8765315993168405,100.0,1.0,0.0,100.0,1.0,0.0,100.0,1.0,0.0
323,mixed_20,4,4,449.18401638602853,118.20632010158646,453161.4188317064,90632.28376634128,1663.0,58.97163120567376,46326.35012191793,1642.778373117657,28.2,1.9512490797369357,80.0,21.8,20,2.5659008928804155,0.7730496453900709,80.0,100.0,4.0,0.8,0.0,0.0,5,100.0,1.0,0.0,0.0,0.0,0.0,100.0,1.0,0.0,100.0,1.0,0.0,100.0,1.0,0.0
324,mixed_20,4,4,467.088134992687,166.8171910688168,2105891.040663193,421178.2081326386,1778.0,57.72727272727273,47844.217486618494,1553.3836846304705,30.8,1.344760581962114,82.24416927482434,25.2,21,2.321895186846402,0.8181818181818182,82.24416927482434,100.0,4.2,0.8400000000000001,1.782396740242818,0.0,5,100.0,1.0,0.0,11.22084637412172,0.2,8.91198370121409,100.0,1.0,0.0,100.0,1.0,0.0,100.0,1.0,0.0
325,mixed_20,3,4,758.8312599426824,158.08984582139217,1072.3940529165568,214.47881058331137,1563.2,46.80239520958084,56833.362725286475,1701.5976863858227,33.4,1.1809226104737698,74.30312122905434,22.8,20,1.1883094971971573,0.6826347305389222,74.30312122905434,100.0,4.0,0.8,1.7367735356433651,0.0,5,60.0,0.8,0.0,11.515606145271704,0.2,8.683867678216826,100.0,1.0,0.0,100.0,1.0,0.0,100.0,1.0,0.0
326,mixed_20,3,3,630.6066561521836,126.12133123043672,630.6066561521836,126.12133123043672,1466.0,43.63095238095238,55273.455198600015,1645.0433094821433,33.6,1.1852721518696214,66.34570996722869,22.2,18,0.7364556520244218,0.6607142857142857,66.34570996722869,100.0,3.6,0.72,0.4095006976326273,0.0,5,31.72854983614343,0.6,2.0475034881631364,0.0,0.0,0.0,100.0,1.0,0.0,100.0,1.0,0.0,100.0,1.0,0.0
327,mixed_20,3,3,802.4558889889122,191.06092594974098,13146.589870893455,2629.3179741786907,1576.8,47.493975903614455,54702.59626112032,1647.6685620819374,33.2,1.3362928592551666,69.2054813829318,23.8,21,1.4271210736877198,0.7168674698795181,69.2054813829318,100.0,4.2,0.8400000000000001,2.010114785383336,0.0,5,18.00172748355635,0.8,4.187942012770649,28.025679431102617,0.4,5.862631914146032,100.0,1.0,0.0,100.0,1.0,0.0,100.0,1.0,0.0
328,mixed_20,3,3,1057.5209108659526,229.8958501882506,4393.719296414836,878.7438592829673,1697.6,49.63742690058479,55571.78736950397,1624.9060634357884,34.2,1.3531754086058447,84.78835480546604,26.4,23,1.9535119715622502,0.7719298245614035,84.78835480546604,100.0,4.6,0.9199999999999999,1.1826207859895104,0.0,5,23.94177402733021,0.6,5.913103929947551,100.0,1.0,0.0,100.0,1.0,0.0,100.0,1.0,0.0,100.0,1.0,0.0
329,mixed_20,3,3,879.8315424713695,175.9663084942739,879.8315424713695,175.9663084942739,1829.2,50.81111111111111,56566.62628089343,1571.295174469262,36.0,0.8671722054485902,80.0,27.4,20,0.859005610546942,0.7611111111111111,80.0,100.0,4.0,0.8,0.0,0.0,5,0.0,0.0,0.0,100.0,1.0,0.0,100.0,1.0,0.0,100.0,1.0,0.0,100.0,1.0,0.0
330,mixed_20,3,3,764.068453068706,224.72601560844296,47811.51437311854,9562.302874623707,1970.4,52.96774193548387,56972.873057383964,1531.5288456286012,37.2,0.7494242210301817,80.0,31.2,20,0.8819212621121753,0.8387096774193549,80.0,100.0,4.0,0.8,0.0,0.0,5,0.0,0.0,0.0,100.0,1.0,0.0,100.0,1.0,0.0,100.0,1.0,0.0,100.0,1.0,0.0
331,mixed_20,1,3,689.2522893137967,181.38218139836758,1109158.4050883136,221831.68101766272,1696.4,47.385474860335194,57908.29628042242,1617.5501754307938,35.8,1.1451517761364238,58.28321530684843,24.8,18,1.3317597778002273,0.6927374301675978,58.28321530684843,100.0,3.5999999999999996,0.72,1.7519153747796472,0.0,5,11.416076534242166,0.2,8.759576873898236,60.0,0.8,0.0,100.0,1.0,0.0,60.0,0.8,0.0,60.0,0.8,0.0
332,mixed_20,1,1,610.4891869995811,138.74754249990477,400839.2628228996,80167.85256457992,1456.0,42.8235294117647,59030.81698110261,1736.2004994441943,34.0,1.006621663951478,36.50837413660429,17.8,14,0.7791128192079009,0.5235294117647059,36.50837413660429,100.0,2.8000000000000003,0.56,1.0874393360440902,0.0,5,0.0,0.0,0.0,29.00932349975392,0.6,2.079128782778337,100.0,1.0,0.0,22.37860125426323,0.6,1.4704873558834002,31.153945929004294,0.6,1.887580541558713
333,mixed_20,1,1,398.95430423602414,79.79086084720483,398.95430423602414,79.79086084720483,1386.8,45.02597402597402,58651.27119930631,1904.2620519255295,30.8,1.9558669639798103,33.210228913871106,10.2,16,0.9869809728962271,0.33116883116883117,33.210228913871106,100.0,3.2,0.64,2.367673512208826,0.0,5,0.0,0.0,0.0,19.22683906864222,0.8,4.0205877905851874,100.0,1.0,0.0,28.543199300456763,0.6,3.7626976134490127,18.281106200256545,0.8,4.05508215700993
334,mixed_20,1,1,425.80464317699915,85.16092863539983,425.80464317699915,85.16092863539983,1418.8,52.54814814814815,53033.07978833688,1964.1881403087734,27.0,2.7515723336259397,34.57766077802262,9.4,13,1.4734852703715664,0.34814814814814815,34.57766077802262,100.0,2.6,0.52,3.134729763640859,0.0,5,19.981294139465717,0.2,3.883224453671342,0.0,0.0,0.0,100.0,1.0,0.0,25.420451373938704,0.8,5.649473757541452,27.486558376708672,0.6,6.140950606991501
335,mixed_20,1,1,216.62802136407655,54.157005341019136,84671.42827540784,16934.28565508157,1447.2,59.80165289256198,47474.729565093054,1961.7656845079775,24.2,2.7934587583020187,48.895131652065174,9.4,17,2.3373297691000614,0.3884297520661157,48.895131652065174,100.0,3.4000000000000004,0.68,2.805063037285663,0.0,5,100.0,1.0,0.0,0.0,0.0,0.0,100.0,1.0,0.0,27.71131389414677,0.6,7.219861372992206,16.764344366179103,0.8,6.8054538134361096
336,mixed_20,1,1,113.57877019517116,33.405520645638575,1070301.5739364554,214060.31478729108,1496.6,73.36274509803921,40565.87096348638,1988.5230864454106,20.4,3.6785936178360394,49.334265650883026,10.6,19,3.0993021623902894,0.5196078431372549,49.334265650883026,100.0,3.8000000000000003,0.76,4.389744793128772,0.0,5,100.0,1.0,0.0,6.794291781134234,0.4,5.762460586056114,100.0,1.0,0.0,19.914439790318283,0.8,7.846412542264618,19.962596682962612,0.6,8.33985083732313
337,mixed_20,1,1,342.11558544386486,106.91112045120776,2442840.100222041,488568.02004440816,1552.4,80.85416666666667,31913.686722109665,1662.1711834432117,19.2,2.6056998025948146,44.33014628780438,12.6,15,3.157569324991024,0.65625,44.33014628780438,100.0,3.0,0.6,3.2603089675028407,0.0,5,100.0,1.0,0.0,20.55976012829433,0.6,7.673475595703614,100.0,1.0,0.0,0.0,0.0,0.0,1.090971310727582,0.4,8.62806924181059
338,mixed_20,1,1,487.9846631916171,116.18682456943263,2010400.8258539909,402080.1651707982,1259.4,62.34653465346535,35134.917048312906,1739.3523291244012,20.2,1.3956267550010526,51.008195942015846,13.0,13,1.9928087757244732,0.6435643564356436,51.008195942015846,100.0,2.8000000000000003,0.56,0.946261193709512,0.0,5,100.0,1.0,0.0,0.0,0.0,0.0,100.0,1.0,0.0,20.0,0.2,0.028417694090955927,35.04097971007923,0.6,4.702888274456605
339,mixed_20,4,1,245.3762947989109,49.075258959782175,245.3762947989109,49.075258959782175,166.6,8.009615384615385,38467.84430074098,1849.4155913817779,20.8,2.1986324455839257,30.28810503132354,5.6,13,0.7418980833472346,0.2692307692307692,30.28810503132354,60.0,2.5999999999999996,0.5199999999999999,1.6502266900631457,0.0,5,60.0,0.8,0.0,0.0,0.0,0.0,25.95738078813156,0.6,1.9001649947255932,20.0,0.4,0.0,45.48314436848614,0.8,6.350968455590135
