step,control_mode,phase,prev_phase,TotalTravelTime,AvgTravelTime,TotalTravelTime_Raw,AvgTravelTime_Raw,TotalWaitingTime,AvgWaitingTime,TotalCO2,AvgCO2,VehCount,AvgSpeed,AvgOccupancy,QueueLength,Throughput,SpeedStd,HaltRatio,det_occ_mean,det_occ_max,det_veh_sum,det_veh_mean,det_speed_mean,det_speed_min,n_detectors,d0_occ,d0_veh,d0_speed,d1_occ,d1_veh,d1_speed,d2_occ,d2_veh,d2_speed,d3_occ,d3_veh,d3_speed
0,mixed_20,0,0,206.68539488920388,51.67134872230097,206.68539488920388,51.67134872230097,21.6,1.08,39405.52383805996,1970.2761919029979,20.0,2.4777403094779498,27.195528693436803,3.6,10,1.1201564510226774,0.18,27.1955286934368,60.0,2.0,0.5,1.8029379291162095,0.0,4,60.0,0.8,0.0,39.85164417445816,0.8,3.942317440503392,8.930470599289038,0.4,3.269434275961446,0.0,0.0,0.0
1,mixed_20,0,0,154.63422051494072,38.65855512873518,154.63422051494072,38.65855512873518,17.4,0.8529411764705882,36280.13887393142,1778.4381800946776,20.4,2.6139930143654317,37.290494374397554,4.0,11,0.7617049049045079,0.19607843137254902,37.290494374397554,78.25651783098976,2.2,0.55,3.7728252074597117,0.22053408831594348,4,27.841418672911118,0.6,1.8918779923332432,31.745253791524988,0.6,0.22053408831594348,78.25651783098976,0.8,4.144019940906181,11.318787202164344,0.2,8.83486880828348
2,mixed_20,0,0,275.67502001677246,68.91875500419312,275.67502001677246,68.91875500419312,38.2,1.9292929292929293,34004.90784919255,1717.419588343058,19.8,2.2652440024353853,40.54315135357882,5.4,13,1.4849410206115579,0.2727272727272727,40.54315135357882,100.0,2.6,0.65,1.6517378910343843,0.0,4,14.931581649400698,0.8,3.95441291260535,47.24102376491459,0.8,2.6525386515321876,100.0,1.0,0.0,0.0,0.0,0.0
3,mixed_20,0,0,266.7742685270815,66.69356713177038,266.7742685270815,66.69356713177038,67.0,3.130841121495327,36324.959095262784,1697.4279951057374,21.4,2.1433095255917447,40.56190296083898,7.2,11,1.2925096026317142,0.3364485981308411,40.56190296083898,100.0,2.2,0.55,3.4114603947211704,0.0,4,8.051677418548309,0.4,9.627991385292262,54.195934424807604,0.8,4.0178501935924205,100.0,1.0,0.0,0.0,0.0,0.0
4,mixed_20,0,0,247.77938129025262,61.944845322563154,247.77938129025262,61.944845322563154,117.0,5.043103448275862,37787.47436956503,1628.77044696401,23.2,1.561727414135345,70.47544109979697,12.8,15,0.3480242617238617,0.5517241379310345,70.47544109979697,100.0,3.0,0.75,1.8171907515311805,0.0,4,0.0,0.0,0.0,100.0,1.0,0.0,100.0,1.0,0.0,81.90176439918787,1.0,7.268763006124722
5,mixed_20,0,0,437.803815307139,109.45095382678475,437.803815307139,109.45095382678475,191.0,7.701612903225806,38540.006483652614,1554.0325195021214,24.8,1.4167756578219257,78.71952206131652,16.8,16,0.7724229188941583,0.6774193548387096,78.71952206131652,100.0,3.2,0.8,1.1913017392491914,0.0,4,14.878088245266099,0.2,4.765206956996765,100.0,1.0,0.0,100.0,1.0,0.0,100.0,1.0,0.0
6,mixed_20,5,0,1146.7092893620659,318.5303581561294,1813.2958212792935,453.32395531982337,201.0,7.67175572519084,42639.75003274674,1627.471375295677,26.2,0.8043763210982947,85.0,17.8,19,0.8622534376670977,0.6793893129770993,85.0,100.0,3.8,0.95,0.0,0.0,4,80.0,1.0,0.0,100.0,1.0,0.0,100.0,1.0,0.0,60.0,0.8,0.0
7,mixed_20,5,5,233.61440735371562,77.8714691179052,46609.411422866186,11652.352855716546,275.2,10.75,40691.94801654585,1589.5292193963223,25.6,1.6084619397126656,64.05194535807638,17.6,16,1.4589657274327281,0.6875,64.05194535807638,100.0,3.2,0.8,1.7807429396647678,0.0,4,9.357192003873251,0.4,5.416064146678092,100.0,1.0,0.0,100.0,1.0,0.0,46.85058942843227,0.8,1.7069076119809785
8,mixed_20,5,5,310.49235667910335,110.89012738539407,2150187.9504368897,537546.9876092224,365.2,14.967213114754099,39740.54500286862,1628.7108607733041,24.4,1.9703614790985486,50.0,18.8,10,1.8100800852457795,0.7704918032786885,50.0,100.0,2.0,0.5,0.0,0.0,4,0.0,0.0,0.0,100.0,1.0,0.0,100.0,1.0,0.0,0.0,0.0,0.0
9,mixed_20,5,5,375.4876172276245,125.16253907587485,1000375.4876172275,250093.87190430687,459.0,18.96694214876033,39809.24998019978,1645.0103297603214,24.2,2.243622770039149,55.49702119652608,19.0,12,2.2978926528459485,0.7851239669421488,55.49702119652608,100.0,2.4000000000000004,0.6000000000000001,4.548349452538574,0.0,4,10.8869280406509,0.2,9.185327543877223,100.0,1.0,0.0,100.0,1.0,0.0,11.101156745453409,0.2,9.008070266277072
10,mixed_20,5,5,279.9022797927777,93.30075993092589,6024303.401118244,1506075.850279561,554.2,22.168,40603.17451648956,1624.1269806595824,25.0,1.6510952201110052,50.0,19.8,10,1.5236992076469555,0.792,50.0,100.0,2.0,0.5,0.0,0.0,4,0.0,0.0,0.0,100.0,1.0,0.0,100.0,1.0,0.0,0.0,0.0,0.0
11,mixed_20,5,5,309.19973352152954,103.06657784050985,1000309.1997335216,250077.2999333804,651.0,26.04,43006.22810819667,1720.2491243278669,25.0,2.9971754447314582,54.270677903011666,19.8,12,2.9087142713798952,0.792,54.27067790301166,100.0,2.4000000000000004,0.6000000000000001,4.504740903154097,0.0,4,10.90002873546041,0.2,9.174287740607141,100.0,1.0,0.0,100.0,1.0,0.0,6.182682876586227,0.2,8.844675872009248
12,mixed_20,5,5,570.0320680283827,190.01068934279422,1000570.0320680283,250142.5080170071,751.6,30.064,40100.661163298544,1604.026446531942,25.0,2.8886444956211594,50.0,21.0,11,2.9211526584759206,0.84,50.0,100.0,2.2,0.55,0.0,0.0,4,0.0,0.0,0.0,100.0,1.0,0.0,100.0,1.0,0.0,0.0,0.2,0.0
13,mixed_20,5,5,368.4549208888539,122.8183069629513,1000368.4549208889,250092.11373022222,856.0,33.4375,43069.11843354143,1682.387438810212,25.6,2.2421561984723195,55.422874353764655,21.2,12,2.3584169905272496,0.828125,55.422874353764655,100.0,2.4000000000000004,0.6000000000000001,4.610123625839968,0.0,4,10.86962686559616,0.2,9.199947821255348,100.0,1.0,0.0,100.0,1.0,0.0,10.82187054946246,0.2,9.240546682104524
14,mixed_20,5,5,318.5100109369545,132.71250455706436,1003077.9222886546,250769.48057216365,962.2,37.29457364341085,42211.07271200518,1636.0880896126039,25.8,2.417767538985911,50.0,21.8,10,2.4855547106195957,0.8449612403100775,50.0,100.0,2.0,0.5,0.0,0.0,4,0.0,0.0,0.0,100.0,1.0,0.0,100.0,1.0,0.0,0.0,0.0,0.0
15,mixed_20,5,5,275.8928650461371,106.11264040236043,1065817.196593536,266454.299148384,1072.2,41.238461538461536,43101.79983186895,1657.7615319949598,26.0,3.6746724669424333,55.22439850613623,22.4,12,3.774335255061123,0.8615384615384616,55.224398506136225,100.0,2.4000000000000004,0.6000000000000001,4.785746834031308,0.0,4,10.341253967409898,0.2,9.67000716887396,100.0,1.0,0.0,100.0,1.0,0.0,10.556340057135003,0.2,9.472980167251269
16,mixed_20,5,5,81.65763973824569,45.365355410136495,3718904.4889101544,929726.1222275386,1186.0,45.267175572519086,42136.8292914919,1608.2759271561795,26.2,1.8243683269906945,52.659716356103274,23.4,11,2.5255739586511465,0.8931297709923665,52.659716356103274,100.0,2.2,0.55,2.3498746344353862,0.0,4,10.638865424413098,0.2,9.399498537741545,100.0,1.0,0.0,100.0,1.0,0.0,0.0,0.0,0.0
17,mixed_20,5,5,202.5763007578922,92.08013670813281,1002004.0675282808,250501.0168820702,1301.0,49.656488549618324,41666.85649182297,1590.3380340390447,26.2,2.0423015261354083,50.0,23.2,10,2.1927957489823386,0.8854961832061069,50.0,100.0,2.0,0.5,0.0,0.0,4,0.0,0.0,0.0,100.0,1.0,0.0,100.0,1.0,0.0,0.0,0.0,0.0
18,mixed_20,5,5,42.95195767043505,21.475978835217525,1862439.317142825,465609.8292857063,1419.0,50.67857142857143,46152.035152841054,1648.2869697443234,28.0,2.2401338869625618,52.65232787393359,24.2,11,2.316811542223179,0.8642857142857143,52.65232787393359,100.0,2.2,0.55,2.3564205848844835,0.0,4,10.609311495734346,0.2,9.425682339537934,100.0,1.0,0.0,100.0,1.0,0.0,0.0,0.0,0.0
19,mixed_20,5,5,45.98166682318701,22.990833411593506,2000045.9816668227,500011.4954167057,1539.0,55.35971223021583,45778.38121927995,1646.7043604057537,27.8,2.3514537858831894,52.70454045986099,24.2,11,2.6267201456684717,0.8705035971223022,52.70454045986099,100.0,2.2,0.55,2.3109286375110227,0.0,4,0.0,0.0,0.0,100.0,1.0,0.0,100.0,1.0,0.0,10.818161839443974,0.2,9.243714550044091
20,mixed_20,5,5,36.62947359062378,18.31473679531189,2000036.6294735908,500009.1573683977,1659.0,59.67625899280576,45811.64039469438,1647.9007336221,27.8,2.6231738843310937,51.06087231311477,24.4,11,2.7159674174946775,0.8776978417266187,51.06087231311477,100.0,2.2,0.55,2.2316950419219213,0.0,4,0.0,0.0,0.0,100.0,1.0,0.0,100.0,1.0,0.0,4.243489252459085,0.2,8.926780167687685
21,mixed_20,5,5,38.710171316971255,19.355085658485628,2000038.710171317,500009.67754282925,1779.0,63.535714285714285,45849.11127997529,1637.4682599991174,28.0,2.509327742073995,50.8391382834229,24.0,13,2.599470395854062,0.8571428571428571,50.8391382834229,100.0,2.6,0.65,2.1025229088496418,0.0,4,3.356553133691591,0.4,8.410091635398567,100.0,1.0,0.0,100.0,1.0,0.0,0.0,0.2,0.0
22,mixed_20,5,5,31.747584812477548,15.873792406238774,2000031.7475848128,500007.9368962032,1899.0,71.39097744360902,42689.19524107041,1604.8569639500154,26.6,2.970093544360715,52.68985511355752,24.0,12,3.016549603157973,0.9022556390977443,52.68985511355751,100.0,2.4,0.6,2.310839517577552,0.0,4,10.759420454230053,0.4,9.243358070310208,100.0,1.0,0.0,100.0,1.0,0.0,0.0,0.0,0.0
23,mixed_20,5,5,29.282163025959278,16.267868347755154,2200029.282163026,550007.3205407565,2019.0,75.33582089552239,43401.91031945507,1619.4742656513085,26.8,2.9279974483442492,53.674282092863585,24.4,12,3.5702751644448827,0.9104477611940298,53.67428209286359,100.0,2.4000000000000004,0.6000000000000001,4.332723531010526,0.0,4,3.671172169734973,0.2,8.261385940760373,100.0,1.0,0.0,100.0,1.0,0.0,11.025956201719396,0.2,9.06950818328173
24,mixed_20,5,5,97.49811680783874,48.74905840391937,5930773.224825394,1482693.3062063486,2139.0,81.02272727272727,41922.0445670568,1587.9562336006366,26.4,1.6114045347365238,50.0,24.0,11,2.0508097950247848,0.9090909090909091,50.0,100.0,2.2,0.55,0.0,0.0,4,0.0,0.2,0.0,100.0,1.0,0.0,100.0,1.0,0.0,0.0,0.0,0.0
25,mixed_20,5,5,52.686445768480816,26.343222884240408,3794146.8186211935,948536.7046552984,2259.0,83.05147058823529,43587.920716260545,1602.4970851566377,27.2,1.8417408999125893,50.0,24.4,10,1.9198243964436166,0.8970588235294118,50.0,100.0,2.0,0.5,0.0,0.0,4,0.0,0.0,0.0,100.0,1.0,0.0,100.0,1.0,0.0,0.0,0.0,0.0
26,mixed_20,5,5,40.224877442590014,20.112438721295007,2000040.2248774425,500010.0562193606,2379.0,84.36170212765957,46040.69694912883,1632.6488279832918,28.2,2.49089369403928,50.08178263286666,24.2,13,2.6276850200854667,0.8581560283687943,50.08178263286666,100.0,2.6,0.65,4.259736741008236,0.0,4,0.194656895848766,0.4,8.280032422486691,100.0,1.0,0.0,100.0,1.0,0.0,0.1324736356178846,0.2,8.758914541546256
27,mixed_20,6,5,53.86481471845152,26.93240735922576,2000053.8648147187,500013.4662036797,2501.2,86.24827586206897,45940.12457464862,1584.1422267120213,29.0,1.902407136343962,50.0,25.0,11,2.125289706845055,0.8620689655172413,50.0,100.0,2.2,0.55,0.0,0.0,4,0.0,0.0,0.0,100.0,1.0,0.0,100.0,1.0,0.0,0.0,0.2,0.0
28,mixed_20,6,6,67.16967142799524,33.58483571399762,2000067.1696714282,500016.79241785704,2630.6,87.68666666666667,47169.735267062875,1572.3245089020959,30.0,1.5445838049516343,54.36855820179503,26.8,13,1.6687974534825885,0.8933333333333333,54.368558201795025,100.0,2.6,0.65,4.165342399693709,0.0,4,12.795516926954065,0.2,7.815237209318804,100.0,1.0,0.0,100.0,1.0,0.0,4.6787158802260365,0.4,8.846132389456033
29,mixed_20,6,6,116.9889320852071,58.49446604260355,2000116.988932085,500029.24723302125,2766.2,89.23225806451613,48216.24731082128,1555.3628164781057,31.0,0.8969964247801514,55.03198762003351,27.6,12,0.9930232631311218,0.8903225806451613,55.031987620033505,100.0,2.4,0.6,1.9569971269932105,0.0,4,20.127950480134018,0.4,7.827988507972842,100.0,1.0,0.0,100.0,1.0,0.0,0.0,0.0,0.0
30,mixed_20,6,6,124.90936015523519,62.454680077617596,2000124.9093601555,500031.22734003887,2909.0,92.05696202531645,49993.169678454,1582.0623315966457,31.6,0.7773857535482793,75.0,29.4,15,0.8104298596729015,0.930379746835443,75.0,100.0,3.0,0.75,0.0,0.0,4,100.0,1.0,0.0,100.0,1.0,0.0,100.0,1.0,0.0,0.0,0.0,0.0
31,mixed_20,6,6,151.80675289685934,75.90337644842967,2000151.806752897,500037.9516882243,3054.2,92.55151515151515,51232.18883787918,1552.4905708448237,33.0,0.7546417548490972,88.58155614110956,29.2,18,0.8812393808275882,0.8848484848484849,88.58155614110956,100.0,3.6,0.9,1.1439579189338343,0.0,4,100.0,1.0,0.0,100.0,1.0,0.0,100.0,1.0,0.0,54.326224564438235,0.6,4.575831675735337
32,mixed_20,6,6,177.59670945000863,88.79835472500432,2000177.5967094507,500044.3991773627,3206.0,95.9880239520958,52931.711383380476,1584.7817779455231,33.4,0.5551192832162029,100.0,31.2,20,0.5887335918215139,0.9341317365269461,100.0,100.0,4.0,1.0,0.0,0.0,4,100.0,1.0,0.0,100.0,1.0,0.0,100.0,1.0,0.0,100.0,1.0,0.0
33,mixed_20,6,6,246.98021536737528,123.49010768368764,2000246.9802153674,500061.74505384185,3361.2,97.14450867052022,53408.518109075994,1543.598789279653,34.6,0.6279952295234625,100.0,31.6,20,0.7521590455059507,0.9132947976878613,100.0,100.0,4.0,1.0,0.0,0.0,4,100.0,1.0,0.0,100.0,1.0,0.0,100.0,1.0,0.0,100.0,1.0,0.0
34,mixed_20,6,6,285.642366761973,142.8211833809865,2000285.642366762,500071.4105916905,3522.0,97.83333333333333,56905.697772316074,1580.7138270087798,36.0,0.3824950988296091,100.0,32.8,20,0.4281415522181447,0.9111111111111111,100.0,100.0,4.0,1.0,0.0,0.0,4,100.0,1.0,0.0,100.0,1.0,0.0,100.0,1.0,0.0,100.0,1.0,0.0
35,mixed_20,6,6,187.46310667990707,93.73155333995354,2000187.46310668,500046.86577667,3687.6,101.3076923076923,56934.36143358003,1564.130808614836,36.4,0.5181303104774249,100.0,33.6,20,0.5397942129932767,0.9230769230769231,100.0,100.0,4.0,1.0,0.0,0.0,4,100.0,1.0,0.0,100.0,1.0,0.0,100.0,1.0,0.0,100.0,1.0,0.0
36,mixed_20,6,6,424.48227695751575,212.24113847875788,2000424.4822769575,500106.12056923937,3858.2,101.53157894736842,58148.09673468472,1530.2130719653874,38.0,0.31420442938309023,100.0,35.0,20,0.4068701878417331,0.9210526315789473,100.0,100.0,4.0,1.0,0.0,0.0,4,100.0,1.0,0.0,100.0,1.0,0.0,100.0,1.0,0.0,100.0,1.0,0.0
37,mixed_20,6,6,291.51210121940164,145.75605060970082,2000291.5121012193,500072.8780253048,4037.0,105.68062827225131,59909.75174725017,1568.3181085667584,38.2,0.3513094072993972,100.0,36.2,20,0.3831315860673526,0.9476439790575916,100.0,100.0,4.0,1.0,0.0,0.0,4,100.0,1.0,0.0,100.0,1.0,0.0,100.0,1.0,0.0,100.0,1.0,0.0
38,mixed_20,4,6,1236.2937143041092,386.3417857200341,3614.724492019656,903.681123004914,3140.8,81.79166666666667,59925.927850229535,1560.5710377663943,38.4,0.278396316203506,85.0,31.0,19,0.22778490941979398,0.8072916666666666,85.0,100.0,3.8,0.95,0.0,0.0,4,100.0,1.0,0.0,60.0,0.8,0.0,80.0,1.0,0.0,100.0,1.0,0.0
39,mixed_20,4,4,698.7321425900531,183.87687962896135,1033.5221953536843,258.3805488384211,1873.0,49.81382978723404,60432.34029175785,1607.2430928659003,37.6,0.5457265102413034,77.01086134374833,25.0,18,0.2528173946285149,0.6648936170212766,77.01086134374833,100.0,3.6,0.9,0.8134133366150802,0.0,4,100.0,1.0,0.0,66.31336119154071,0.8,1.657461839304468,41.73008418345262,0.8,1.5961915071558528,100.0,1.0,0.0
40,mixed_20,4,4,925.8942095928489,243.65637094548657,1139.8496056442445,284.96240141106114,744.4,20.11891891891892,58355.71506394258,1577.1814882146643,37.0,0.6928740834926246,79.68757012629027,17.4,17,0.5177296463195481,0.4702702702702703,79.68757012629027,100.0,3.4,0.85,0.8833100174009024,0.0,4,100.0,1.0,0.0,100.0,1.0,0.0,18.750280505161072,0.4,3.5332400696036097,100.0,1.0,0.0
41,mixed_20,4,4,735.9975678102671,204.4437688361853,2083.6737802699463,520.9184450674866,626.2,16.056410256410256,59668.464285733666,1529.9606227111196,39.0,0.7001144753229074,74.49672519627768,19.2,16,0.5166276707092701,0.49230769230769234,74.49672519627768,100.0,3.4,0.85,0.4670123768434605,0.0,4,100.0,1.0,0.0,48.43664266044584,0.8,1.8212161697732987,49.55025812466488,0.6,0.046833337600543264,100.0,1.0,0.0
42,mixed_20,4,4,755.0487490227822,209.7357636174395,15747.501657873334,3936.8754144683335,720.2,18.279187817258883,60954.512321966795,1547.0688406590557,39.4,0.6457555521517858,86.933264967723,22.0,19,0.47774245394549614,0.5583756345177665,86.933264967723,100.0,3.8,0.95,0.702882329035401,0.0,4,100.0,1.0,0.0,100.0,1.0,0.0,47.73305987089202,0.8,2.811529316141604,100.0,1.0,0.0
43,mixed_20,4,4,570.9797998900905,203.92135710360375,199625.84919240107,49906.46229810027,808.0,20.0,61989.443805987496,1534.392173415532,40.4,0.5550608833773479,70.0,23.2,16,0.548879775930043,0.5742574257425742,70.0,100.0,3.2,0.8,0.0,0.0,4,100.0,1.0,0.0,60.0,0.8,0.0,20.0,0.4,0.0,100.0,1.0,0.0
44,mixed_20,4,4,586.0516650390393,183.14114532469978,872789.4446928935,218197.36117322338,902.4,22.11764705882353,65506.459875167115,1605.550487136449,40.8,0.7291668335978979,80.10594245619018,23.0,17,0.5467231633839144,0.5637254901960784,80.10594245619018,100.0,3.6,0.9,0.6676539100700285,0.0,4,100.0,1.0,0.0,22.296168266942686,0.6,2.612452678796524,98.12760155781802,1.0,0.058162961483590125,100.0,1.0,0.0
45,mixed_20,4,4,139.4440262300324,69.7220131150162,1954026.4890922338,488506.62227305846,1005.0,25.0,63500.45828737829,1579.6133902332908,40.2,0.6806817073103695,78.91689972268239,23.8,19,0.6961690168379842,0.5920398009950248,78.91689972268239,100.0,3.8,0.95,1.0110224892023627,0.0,4,100.0,1.0,0.0,94.25571502645312,1.0,1.3719013745211235,21.411883864276433,0.8,2.672188582288327,100.0,1.0,0.0
46,mixed_20,4,4,578.4035352285724,206.57269115306158,1000977.5180372128,250244.3795093032,1115.2,27.067961165048544,66135.6894035931,1605.2351796988617,41.2,0.7795839060068362,81.91218140003912,25.0,18,0.9322664683895142,0.6067961165048543,81.91218140003912,100.0,3.6,0.9,1.1963415957436891,0.0,4,100.0,1.0,0.0,100.0,1.0,0.0,27.648725600156467,0.6,4.785366382974757,100.0,1.0,0.0
47,mixed_20,4,4,340.44661875341137,130.94100721285054,1040461.1750242803,260115.29375607008,1216.4,29.240384615384617,64984.668176790656,1562.1314465574676,41.6,0.8264929848770203,60.577141248886335,25.4,15,0.9393732998925477,0.6105769230769231,60.577141248886335,100.0,3.0,0.75,0.606881031889739,0.0,4,100.0,1.0,0.0,42.30856499554534,0.8,2.427524127558956,0.0,0.2,0.0,100.0,1.0,0.0
48,mixed_20,3,4,428.0847487088539,178.3686452953558,1261035.1125723682,315258.77814309206,1321.0,31.60287081339713,66146.72840179324,1582.4576172677807,41.8,0.6692411766215344,84.84023139783119,23.8,19,0.7051273150521897,0.569377990430622,84.84023139783119,100.0,3.8,0.95,0.08064334771960013,0.0,4,100.0,1.0,0.0,60.0,0.8,0.0,79.36092559132476,1.0,0.32257339087840053,100.0,1.0,0.0
49,mixed_20,3,3,351.32201435429994,135.12385167473073,1627000.6944014616,406750.1736003654,1428.6,35.1871921182266,66908.30981134009,1647.987926387687,40.6,0.9535650548490757,62.24918903811613,22.8,16,0.9192809606031529,0.5615763546798029,62.24918903811613,100.0,3.2,0.8,1.1155530687059405,0.0,4,100.0,1.0,0.0,24.585139277683083,0.6,1.817608777325622,24.41161687478143,0.6,2.64460349749814,100.0,1.0,0.0
50,mixed_20,3,3,69.5675354603795,34.78376773018975,5026855.405884543,1256713.8514711359,1543.0,39.36224489795919,66760.38872771649,1703.0711410131755,39.2,1.3942035117180125,66.3482161853338,23.4,19,1.4484938851541649,0.5969387755102041,66.3482161853338,100.0,3.8,0.95,2.0063996156315413,0.0,4,100.0,1.0,0.0,31.206053108425067,1.0,3.7317328375149605,34.18681163291012,0.8,4.293865625011204,100.0,1.0,0.0
51,mixed_20,3,3,408.24897042132517,170.10373767555217,1002659.2023574898,250664.80058937246,1658.2,42.08629441624365,63726.034630733615,1617.4120464653201,39.4,1.6218001757537028,70.43890381183587,23.6,18,1.6865298905321364,0.5989847715736041,70.43890381183587,100.0,3.6,0.9,2.328449650192778,0.0,4,100.0,1.0,0.0,63.37949803871766,0.8,3.6382294121200083,18.37611720862583,0.8,5.675569188651104,100.0,1.0,0.0
52,mixed_20,3,3,81.8181292931866,40.9090646465933,1755611.8091935092,438902.9522983773,1776.0,45.076142131979694,63116.31327283924,1601.9368850974427,39.4,1.201843887463729,74.65089566393573,24.4,18,1.2718182320316371,0.6192893401015228,74.65089566393573,100.0,3.6,0.9,1.9136447902147622,0.0,4,100.0,1.0,0.0,36.644987890584844,0.6,2.6933917180835314,61.95859476515807,1.0,4.961187442775517,100.0,1.0,0.0
53,mixed_20,3,3,72.76861037876787,36.38430518938394,2711398.5230622133,677849.6307655533,1896.0,49.119170984455955,62012.989602725705,1606.5541347856401,38.6,1.2896840782233987,59.58945690665416,24.4,16,1.3038985831231686,0.6321243523316062,59.58945690665416,100.0,3.2,0.8,1.6015827257547153,0.0,4,100.0,1.0,0.0,7.4105881530135775,0.6,3.710168926882359,30.947239473603076,0.6,2.696161976136502,100.0,1.0,0.0
54,mixed_20,3,3,100.88591127258177,50.44295563629088,2000100.8859112724,500025.2214778181,2019.6,50.743718592964825,61863.61210939719,1554.362113301437,39.8,0.931861288889565,88.50064421661244,26.2,19,0.9426903325229431,0.6582914572864321,88.50064421661244,100.0,3.8,0.95,0.84515374335199,0.0,4,100.0,1.0,0.0,86.96588193395883,1.0,2.814729418821138,67.03669493249095,0.8,0.565885554586822,100.0,1.0,0.0
55,mixed_20,3,3,147.52718105435204,73.76359052717602,2000147.5271810547,500036.8817952637,2148.2,53.17326732673267,64500.86331232874,1596.5560225823947,40.4,0.8661528628014205,79.85500571833256,28.4,18,1.0731195294668667,0.7029702970297029,79.85500571833256,100.0,3.6,0.9,0.788553137562239,0.0,4,100.0,1.0,0.0,100.0,1.0,0.0,19.420022873330254,0.6,3.154212550248956,100.0,1.0,0.0
56,mixed_20,3,3,124.50950211524471,62.25475105762236,2000124.5095021152,500031.1273755288,2263.6,56.02970297029703,64146.203403167776,1587.7773119595984,40.4,0.7987589219685495,64.79812039079746,27.0,15,0.8488950780787944,0.6683168316831684,64.79812039079746,100.0,3.0,0.75,0.6878761032517573,0.0,4,100.0,1.0,0.0,45.15288762477212,0.8,2.4515722860943177,14.039593938417738,0.2,0.29993212691271154,100.0,1.0,0.0
57,mixed_20,3,3,112.33152897363728,56.16576448681864,2000112.331528974,500028.0828822435,2378.2,58.576354679802954,64702.26700551373,1593.65189668753,40.6,0.8537123617242667,77.35438153054389,25.4,18,0.884050726130077,0.625615763546798,77.35438153054389,100.0,3.6,0.9,0.4347721619638468,0.0,4,100.0,1.0,0.0,49.41752612217556,0.8,1.7390886478553873,60.0,0.8,0.0,100.0,1.0,0.0
58,mixed_20,3,3,129.93297006000336,64.96648503000168,2000129.9329700596,500032.4832425149,2512.8,60.99029126213592,65909.27604688646,1599.739709875885,41.2,1.0155935669351286,86.26263587930907,28.8,20,1.288773828669067,0.6990291262135923,86.26263587930907,100.0,4.0,1.0,0.8281073005822597,0.0,4,100.0,1.0,0.0,100.0,1.0,0.0,45.05054351723629,1.0,3.3124292023290387,100.0,1.0,0.0
59,mixed_20,3,3,224.4643732776771,112.23218663883856,2000224.4643732782,500056.11609331955,2636.2,64.29756097560976,65702.51750700307,1602.5004270000748,41.0,1.1675875777133335,79.38013010152162,29.0,19,1.7678208629560497,0.7073170731707317,79.38013010152162,100.0,3.8,0.95,1.3348259550276658,0.0,4,100.0,1.0,0.0,100.0,1.0,0.0,17.52052040608646,0.8,5.339303820110663,100.0,1.0,0.0
60,mixed_20,3,3,149.02358170631985,74.51179085315992,2000149.0235817065,500037.2558954266,2748.2,67.6896551724138,63128.99918540778,1554.9014577686646,40.6,0.8694005002848968,63.029806439212734,28.0,16,1.0943550076553832,0.6896551724137931,63.029806439212734,100.0,3.2,0.8,0.9071843823466166,0.0,4,100.0,1.0,0.0,32.763716577211426,0.8,2.737726398491471,19.355509179639512,0.4,0.8910111308949957,100.0,1.0,0.0
61,mixed_20,3,3,108.50543030098292,54.25271515049146,2000108.505430301,500027.12635757524,2863.8,71.595,64342.13830760284,1608.5534576900711,40.0,1.0450476850486923,75.99283737287635,26.6,17,1.223316877480173,0.665,75.99283737287635,100.0,3.4000000000000004,0.8500000000000001,1.0735862832551382,0.0,4,100.0,1.0,0.0,56.43350419675585,0.6,1.4103796832475033,47.53784529474956,0.8,2.883965449773049,100.0,1.0,0.0
62,mixed_20,3,3,146.13666373471534,73.06833186735767,2000146.1366637344,500036.5341659336,2994.0,74.85,64078.92543859732,1601.9731359649331,40.0,1.2036194991761455,80.71760987967224,28.6,19,1.6407100003165371,0.715,80.71760987967224,100.0,3.8,0.95,0.9940376374386902,0.0,4,100.0,1.0,0.0,100.0,1.0,0.0,22.870439518688954,0.8,3.976150549754761,100.0,1.0,0.0
63,mixed_20,3,3,219.5340157947258,109.7670078973629,2000219.5340157948,500054.8835039487,3113.2,78.61616161616162,62587.5112826343,1580.4927091574318,39.6,1.209994280298153,79.35388184811245,29.0,19,1.8886613246780803,0.7323232323232324,79.35388184811245,100.0,3.8,0.95,1.600752671572095,0.0,4,100.0,1.0,0.0,100.0,1.0,0.0,17.415527392449803,0.8,6.40301068628838,100.0,1.0,0.0
64,mixed_20,3,3,134.56197760751792,67.28098880375896,2000134.5619776074,500033.64049440186,3227.2,81.4949494949495,64548.84509522693,1630.0213407885587,39.6,0.9629620393586803,60.441371953902774,27.8,16,1.189369832782315,0.702020202020202,60.441371953902774,100.0,3.2,0.8,1.4406846582979855,0.0,4,100.0,1.0,0.0,20.793859824440233,0.8,2.224461730703961,20.971627991170863,0.4,3.538276902487981,100.0,1.0,0.0
65,mixed_20,3,3,72.90787021921761,36.45393510960881,4012166.8495698995,1003041.7123924749,3339.4,88.81382978723404,62167.384510204036,1653.3878859096817,37.6,1.4413780603720772,67.53987944560748,24.8,17,1.605087381282395,0.6595744680851063,67.53987944560748,100.0,3.4000000000000004,0.8500000000000001,1.5492951930192365,0.0,4,100.0,1.0,0.0,18.13562819579147,0.6,2.5047359740454302,52.02388958663846,0.8,3.6924447980315156,100.0,1.0,0.0
66,mixed_20,4,3,80.49383732510901,40.246918662554506,2000080.4938373256,500020.1234593314,3457.6,93.95652173913044,57530.528216830964,1563.3295711095373,36.8,1.6694970828465698,76.65870242563926,25.6,18,2.150707663286951,0.6956521739130435,76.65870242563926,100.0,3.6,0.9,2.062026171933218,0.0,4,100.0,1.0,0.0,100.0,1.0,0.0,6.63480970255705,0.6,8.248104687732871,100.0,1.0,0.0
67,mixed_20,4,4,126.43970025320694,63.21985012660347,2000126.4397002533,500031.6099250633,3577.6,97.21739130434783,57522.09375244783,1563.1003737078215,36.8,1.1116123007840566,72.27592228102736,25.2,16,1.431851461543917,0.6847826086956522,72.27592228102736,100.0,3.2,0.8,2.0484889471279972,0.0,4,100.0,1.0,0.0,80.0,1.0,0.0,9.10368912410945,0.2,8.193955788511989,100.0,1.0,0.0
68,mixed_20,4,4,158.8261907203542,79.4130953601771,2000158.8261907205,500039.70654768014,3697.8,98.8716577540107,56938.26452765077,1522.4134900441384,37.4,0.8498513962484082,65.41159403329516,25.2,15,1.1248329511284807,0.6737967914438503,65.41159403329516,100.0,3.0,0.75,0.54553716446798,0.0,4,100.0,1.0,0.0,61.64637613318064,0.8,2.18214865787192,0.0,0.2,0.0,100.0,1.0,0.0
69,mixed_20,4,4,179.44230937819702,89.72115468909851,3953788.598125125,988447.1495312812,3825.6,101.74468085106383,56578.76894025074,1504.754493091775,37.6,1.1290071015179446,77.77086597246836,28.0,16,1.6584596897813455,0.7446808510638298,77.77086597246836,100.0,3.2,0.8,2.2556125276721137,0.0,4,100.0,1.0,0.0,100.0,1.0,0.0,11.083463889873428,0.2,9.022450110688455,100.0,1.0,0.0
70,mixed_20,4,4,404.17140867075307,202.08570433537653,5648844.799968822,1412211.1999922055,3949.4,100.75,57788.855817223455,1474.2055055414148,39.2,0.4203671554652623,75.0,30.0,15,0.6175726661594334,0.7653061224489796,75.0,100.0,3.0,0.75,0.0,0.0,4,100.0,1.0,0.0,100.0,1.0,0.0,0.0,0.0,0.0,100.0,1.0,0.0
71,mixed_20,4,4,609.7074628780064,304.8537314390032,8276623.224538347,2069155.8061345867,4089.2,102.23,62479.65282229782,1561.9913205574455,40.0,0.6215697973566031,75.0,31.6,15,1.0108902198249048,0.79,75.0,100.0,3.0,0.75,0.0,0.0,4,100.0,1.0,0.0,100.0,1.0,0.0,0.0,0.0,0.0,100.0,1.0,0.0
72,mixed_20,5,4,1080.2696311947068,385.81058256953816,3522.446214643917,880.6115536609792,2960.8,77.10416666666667,60593.99302910511,1577.968568466279,38.4,0.7369082925556658,69.97994668164324,28.2,16,1.1024037012875367,0.734375,69.97994668164324,100.0,3.2,0.8,0.9607203025545236,0.0,4,60.0,0.8,0.0,100.0,1.0,0.0,59.919786726572966,0.6,3.8428812102180943,60.0,0.8,0.0
73,mixed_20,5,5,408.79354804116156,136.2645160137205,6888.371400937013,1722.0928502342533,1632.0,44.108108108108105,60115.61047185381,1624.746228969022,37.0,0.6578614503230281,65.06881609711769,25.0,16,0.5271994102236526,0.6756756756756757,65.06881609711769,100.0,3.2,0.8,0.945742043063651,0.0,4,22.59613646209914,0.6,1.6325365840015784,100.0,1.0,0.0,100.0,1.0,0.0,37.67912792637162,0.6,2.1504315882530256
74,mixed_20,5,5,278.48087738620643,92.82695912873548,316665.4075092084,79166.3518773021,452.0,12.768361581920903,59666.57891891763,1685.4965796304414,35.4,0.9434432655129961,79.13417222145569,19.8,18,0.7878023956880021,0.559322033898305,79.13417222145569,100.0,3.6,0.9,1.8881291478824649,0.0,4,83.44740243650904,1.0,3.3169260503070968,100.0,1.0,0.0,100.0,1.0,0.0,33.089286449313704,0.6,4.235590541222763
75,mixed_20,5,5,264.5055467371197,88.16851557903989,5145500.205385456,1286375.051346364,318.6,9.0,58970.672376664625,1665.838202730639,35.4,1.3613788384192826,78.62335770757085,21.8,19,1.3768850032018922,0.615819209039548,78.62335770757085,100.0,3.8,0.95,1.4187353582140139,0.0,4,100.0,1.0,0.0,100.0,1.0,0.0,100.0,1.0,0.0,14.493430830283387,0.8,5.6749414328560555
76,mixed_20,5,5,473.4992253038229,157.83307510127432,1000473.4992253038,250118.37480632594,402.8,11.188888888888888,57011.31426161261,1583.647618378128,36.0,1.2191237100350865,78.93180010832282,23.4,18,1.6303319815466708,0.65,78.93180010832282,100.0,3.6,0.9,1.5152760591101093,0.0,4,100.0,1.0,0.0,100.0,1.0,0.0,100.0,1.0,0.0,15.727200433291273,0.6,6.061104236440437
77,mixed_20,5,5,327.82910848312923,109.27636949437641,1000327.8291084832,250081.9572771208,481.8,13.163934426229508,57279.000747960024,1565.0000204360663,36.6,0.8123761462858848,72.5226073243411,22.8,17,0.6629284625879609,0.6229508196721312,72.5226073243411,100.0,3.4,0.85,0.41302305317751586,0.0,4,48.64444855493275,0.8,1.4936638453651305,100.0,1.0,0.0,100.0,1.0,0.0,41.44598074243163,0.6,0.15842836734493287
78,mixed_20,5,5,558.7116408541634,186.23721361805448,1000558.7116408541,250139.67791021353,560.6,15.151351351351352,58685.16332263292,1586.0854952062953,37.0,0.7537046836238017,86.91801965031345,21.4,19,0.8611388593275169,0.5783783783783784,86.91801965031345,100.0,3.8,0.95,0.7204981050050787,0.0,4,100.0,1.0,0.0,100.0,1.0,0.0,100.0,1.0,0.0,47.672078601253816,0.8,2.881992420020315
79,mixed_20,5,5,591.0049694682605,197.00165648942016,1000591.0049694683,250147.75124236709,669.4,18.190217391304348,59971.656569125946,1629.6645806827703,36.8,1.040474452118037,84.58410857947399,25.0,19,1.3089749698281812,0.6793478260869565,84.58410857947399,100.0,3.8,0.95,1.102589757534697,0.0,4,100.0,1.0,0.0,100.0,1.0,0.0,100.0,1.0,0.0,38.336434317895964,0.8,4.410359030138788
80,mixed_20,5,5,472.743006753402,214.88318488791,1003287.7972196933,250821.94930492333,805.4,20.973958333333332,59448.99213870444,1548.150836945428,38.4,1.0189670620583984,81.61305559928309,29.4,18,1.5036313339032568,0.765625,81.61305559928309,100.0,3.6,0.9,1.0950803336609043,0.0,4,100.0,1.0,0.0,100.0,1.0,0.0,100.0,1.0,0.0,26.452222397132346,0.6,4.380321334643617
81,mixed_20,7,5,585.0631073267568,225.0242720487526,1004412.5426776096,251103.1356694024,933.0,23.560606060606062,62026.015225277435,1566.3135157898341,39.6,0.5703891109246725,100.0,33.0,20,0.6920935076763196,0.8333333333333334,100.0,100.0,4.0,1.0,0.0,0.0,4,100.0,1.0,0.0,100.0,1.0,0.0,100.0,1.0,0.0,100.0,1.0,0.0
82,mixed_20,7,7,530.4998730893401,176.83329102978004,1000530.4998730893,250132.6249682723,1025.2,25.376237623762375,63002.10055743158,1559.4579345898906,40.4,0.5186136279008845,85.95345052394521,31.6,19,0.4146156594513741,0.7821782178217822,85.95345052394521,100.0,3.8,0.95,0.6142350263382824,0.0,4,43.81380209578083,0.8,2.4569401053531297,100.0,1.0,0.0,100.0,1.0,0.0,100.0,1.0,0.0
83,mixed_20,7,7,699.9620424907642,233.32068083025476,1000699.9620424907,250174.99051062268,1114.2,26.783653846153847,63937.6643401824,1536.9630851005384,41.6,0.4511682337544099,100.0,31.2,20,0.3308262192917376,0.75,100.0,100.0,4.0,1.0,0.0,0.0,4,100.0,1.0,0.0,100.0,1.0,0.0,100.0,1.0,0.0,100.0,1.0,0.0
84,mixed_20,7,7,815.905198387996,271.96839946266533,1000815.905198388,250203.976299597,1249.0,28.912037037037038,66531.15230977745,1540.0729701337373,43.2,0.32587415250649154,100.0,34.2,20,0.24150846372759846,0.7916666666666666,100.0,100.0,4.0,1.0,0.0,0.0,4,100.0,1.0,0.0,100.0,1.0,0.0,100.0,1.0,0.0,100.0,1.0,0.0
85,mixed_20,7,7,1021.8754239473279,464.4888290669672,1007952.2166852125,251988.0541713031,1432.8,31.42105263157895,69018.65970635903,1513.567098823663,45.6,0.15227395063800944,100.0,39.6,20,0.15490053214195687,0.868421052631579,100.0,100.0,4.0,1.0,0.0,0.0,4,100.0,1.0,0.0,100.0,1.0,0.0,100.0,1.0,0.0,100.0,1.0,0.0
86,mixed_20,7,7,914.3237193135767,507.95762184087596,1066831.64291481,266707.9107287025,1643.2,35.111111111111114,71167.88049773195,1520.6812072164948,46.8,0.09517301307135959,100.0,44.0,20,0.10715817469653162,0.9401709401709402,100.0,100.0,4.0,1.0,0.0,0.0,4,100.0,1.0,0.0,100.0,1.0,0.0,100.0,1.0,0.0,100.0,1.0,0.0
87,mixed_20,7,7,0.0,0.0,5940325.177232877,1485081.2943082193,1872.0,39.829787234042556,71174.3003527647,1514.34681601627,47.0,0.0010837843882516899,100.0,46.8,20,0.0035372766262432532,0.9957446808510638,100.0,100.0,4.0,1.0,0.0,0.0,4,100.0,1.0,0.0,100.0,1.0,0.0,100.0,1.0,0.0,100.0,1.0,0.0
88,mixed_20,2,7,318.734790469787,318.734790469787,12118430.074244978,3029607.5185612445,2107.0,44.07949790794979,73034.240728349,1527.9129859487239,47.8,0.014952110965736554,100.0,47.2,20,0.03911738101695569,0.9874476987447699,100.0,100.0,4.0,1.0,0.0,0.0,4,100.0,1.0,0.0,100.0,1.0,0.0,100.0,1.0,0.0,100.0,1.0,0.0
89,mixed_20,2,2,0.0,0.0,10291800.856355155,2572950.2140887887,2343.2,48.81666666666667,72737.30206230574,1515.3604596313696,48.0,0.002508987799654959,100.0,47.6,20,0.007395988806024642,0.9916666666666667,100.0,100.0,4.0,1.0,0.0,0.0,4,100.0,1.0,0.0,100.0,1.0,0.0,100.0,1.0,0.0,100.0,1.0,0.0
90,mixed_20,2,2,0.0,0.0,10604262.55867495,2651065.6396687375,2583.0,53.8125,73007.99154451434,1520.9998238440487,48.0,3.4855399323676965e-06,100.0,48.0,20,6.69876131667233e-06,1.0,100.0,100.0,4.0,1.0,0.0,0.0,4,100.0,1.0,0.0,100.0,1.0,0.0,100.0,1.0,0.0,100.0,1.0,0.0
91,mixed_20,2,2,0.0,0.0,4000000.0,1000000.0,2823.0,58.8125,73007.97523208428,1520.999484001756,48.0,0.0,100.0,48.0,20,0.0,1.0,100.0,100.0,4.0,1.0,0.0,0.0,4,100.0,1.0,0.0,100.0,1.0,0.0,100.0,1.0,0.0,100.0,1.0,0.0
92,mixed_20,2,2,0.0,0.0,4000000.0,1000000.0,3063.0,63.8125,73008.0,1521.0,48.0,0.0,100.0,48.0,20,0.0,1.0,100.0,100.0,4.0,1.0,0.0,0.0,4,100.0,1.0,0.0,100.0,1.0,0.0,100.0,1.0,0.0,100.0,1.0,0.0
93,mixed_20,2,2,0.0,0.0,4000000.0,1000000.0,3303.0,68.8125,73008.0,1521.0,48.0,0.0,100.0,48.0,20,0.0,1.0,100.0,100.0,4.0,1.0,0.0,0.0,4,100.0,1.0,0.0,100.0,1.0,0.0,100.0,1.0,0.0,100.0,1.0,0.0
94,mixed_20,2,2,0.0,0.0,4000000.0,1000000.0,3543.0,73.8125,73008.0,1521.0,48.0,0.0,100.0,48.0,20,0.0,1.0,100.0,100.0,4.0,1.0,0.0,0.0,4,100.0,1.0,0.0,100.0,1.0,0.0,100.0,1.0,0.0,100.0,1.0,0.0
95,mixed_20,2,2,0.0,0.0,4000000.0,1000000.0,3783.0,78.8125,73008.0,1521.0,48.0,0.0,100.0,48.0,20,0.0,1.0,100.0,100.0,4.0,1.0,0.0,0.0,4,100.0,1.0,0.0,100.0,1.0,0.0,100.0,1.0,0.0,100.0,1.0,0.0
96,mixed_20,2,2,0.0,0.0,4000000.0,1000000.0,4023.0,83.8125,73008.0,1521.0,48.0,0.0,100.0,48.0,20,0.0,1.0,100.0,100.0,4.0,1.0,0.0,0.0,4,100.0,1.0,0.0,100.0,1.0,0.0,100.0,1.0,0.0,100.0,1.0,0.0
97,mixed_20,2,2,0.0,0.0,4000000.0,1000000.0,4263.0,88.8125,73008.0,1521.0,48.0,0.0,100.0,48.0,20,0.0,1.0,100.0,100.0,4.0,1.0,0.0,0.0,4,100.0,1.0,0.0,100.0,1.0,0.0,100.0,1.0,0.0,100.0,1.0,0.0
98,mixed_20,2,2,0.0,0.0,4000000.0,1000000.0,4503.0,93.8125,73008.0,1521.0,48.0,0.0,100.0,48.0,20,0.0,1.0,100.0,100.0,4.0,1.0,0.0,0.0,4,100.0,1.0,0.0,100.0,1.0,0.0,100.0,1.0,0.0,100.0,1.0,0.0
99,mixed_20,2,2,0.0,0.0,4000000.0,1000000.0,4743.0,98.8125,73008.0,1521.0,48.0,0.0,100.0,48.0,20,0.0,1.0,100.0,100.0,4.0,1.0,0.0,0.0,4,100.0,1.0,0.0,100.0,1.0,0.0,100.0,1.0,0.0,100.0,1.0,0.0
100,mixed_20,2,2,0.0,0.0,4000000.0,1000000.0,4983.0,103.8125,73008.0,1521.0,48.0,0.0,100.0,48.0,20,0.0,1.0,100.0,100.0,4.0,1.0,0.0,0.0,4,100.0,1.0,0.0,100.0,1.0,0.0,100.0,1.0,0.0,100.0,1.0,0.0
101,mixed_20,2,2,0.0,0.0,4000000.0,1000000.0,5223.0,108.8125,73008.0,1521.0,48.0,0.0,100.0,48.0,20,0.0,1.0,100.0,100.0,4.0,1.0,0.0,0.0,4,100.0,1.0,0.0,100.0,1.0,0.0,100.0,1.0,0.0,100.0,1.0,0.0
102,mixed_20,0,2,273.9758747910919,273.9758747910919,3001053.497357779,750263.3743394448,4983.0,105.57203389830508,72648.4237104437,1539.1615192890615,47.2,0.04344793529360078,90.0,45.0,19,0.10156759805590178,0.9533898305084746,90.0,100.0,3.8,0.95,0.0,0.0,4,100.0,1.0,0.0,60.0,0.8,0.0,100.0,1.0,0.0,100.0,1.0,0.0
103,mixed_20,0,0,111.4581403581655,111.4581403581655,3000111.4581403583,750027.8645350896,4478.2,97.35217391304347,72685.79329132,1580.1259411156525,46.0,0.22679326411417905,82.51637456814535,40.4,18,0.41395122879398416,0.8782608695652174,82.51637456814535,100.0,3.6,0.9,0.4942644864807347,0.0,4,100.0,1.0,0.0,30.065498272581408,0.6,1.9770579459229387,100.0,1.0,0.0,100.0,1.0,0.0
104,mixed_20,0,0,41.79918966030661,41.79918966030661,3000041.79918966,750010.449797415,4140.4,93.67420814479638,71681.25637770383,1621.747881848503,44.2,0.5745582206637335,80.03621778885588,37.0,19,1.0163261475903096,0.8371040723981901,80.03621778885588,100.0,3.8,0.95,1.054536734820305,0.0,4,100.0,1.0,0.0,20.144871155423516,0.8,4.21814693928122,100.0,1.0,0.0,100.0,1.0,0.0
105,mixed_20,0,0,26.251503726554205,26.251503726554205,3000026.251503727,750006.5628759317,4166.0,97.33644859813084,69842.78499936454,1631.84077101319,42.8,0.9001904544321025,79.38947916877225,36.2,18,1.5773546339823408,0.8457943925233645,79.38947916877225,100.0,3.6,0.9,1.440067304402001,0.0,4,100.0,1.0,0.0,17.557916675089018,0.6,5.760269217608004,100.0,1.0,0.0,100.0,1.0,0.0
106,mixed_20,0,0,19.300376742685234,19.300376742685234,3000019.300376743,750004.8250941858,4346.0,103.47619047619048,68622.32832583223,1633.864960138863,42.0,1.2067696251111824,79.86697795891416,36.2,19,2.095811156314898,0.861904761904762,79.86697795891416,100.0,3.8,0.95,1.7115435614241203,0.0,4,100.0,1.0,0.0,19.46791183565665,0.8,6.846174245696481,100.0,1.0,0.0,100.0,1.0,0.0
107,mixed_20,0,0,23.45824389825517,23.45824389825517,3000023.4582438986,750005.8645609746,4526.8,108.29665071770334,65370.55747664609,1563.8889348479927,41.8,1.0420117718472084,83.51058174051616,36.8,18,1.8687875662186733,0.8803827751196173,83.51058174051616,100.0,3.6,0.9,1.8687209978278663,0.0,4,100.0,1.0,0.0,34.042326962064635,0.6,7.474883991311465,100.0,1.0,0.0,100.0,1.0,0.0
108,mixed_20,4,0,369.4277125761831,230.89232036011444,2001302.727839475,500325.68195986876,4159.6,99.03809523809524,65384.36409378696,1556.7705736615942,42.0,0.5162339777425056,95.0,36.2,20,0.8373489137679904,0.861904761904762,95.0,100.0,4.0,1.0,0.0,0.0,4,100.0,1.0,0.0,100.0,1.0,0.0,80.0,1.0,0.0,100.0,1.0,0.0
109,mixed_20,4,4,189.23870835273453,94.61935417636727,2000189.2387083527,500047.30967708817,3700.4,88.52631578947368,67442.22618217337,1613.450387133334,41.8,0.5432200129053313,80.30119875408843,33.8,18,0.5839097102052416,0.8086124401913876,80.30119875408843,100.0,3.6,0.9,0.41022040731526965,0.0,4,100.0,1.0,0.0,100.0,1.0,0.0,21.204795016353728,0.6,1.6408816292610786,100.0,1.0,0.0
110,mixed_20,4,4,139.26152943247703,69.63076471623852,2000139.2615294321,500034.81538235804,3326.4,81.13170731707316,67784.619779402,1653.283409253707,41.0,0.8185832545541916,83.1873831229143,30.6,20,0.9730844574082099,0.7463414634146341,83.1873831229143,100.0,4.0,1.0,1.0010625715299706,0.0,4,100.0,1.0,0.0,100.0,1.0,0.0,32.74953249165719,1.0,4.004250286119882,100.0,1.0,0.0
111,mixed_20,4,4,158.8537679873072,79.4268839936536,2000158.8537679878,500039.71344199695,3393.6,83.17647058823529,68390.88783739705,1676.2472509165943,40.8,1.14384998396799,77.48027220699498,31.8,19,1.609845797816555,0.7794117647058824,77.48027220699498,100.0,3.8,0.95,1.4460827485023349,0.0,4,100.0,1.0,0.0,100.0,1.0,0.0,9.92108882797993,0.8,5.7843309940093395,100.0,1.0,0.0
112,mixed_20,4,4,229.8624513677205,114.93122568386025,2000229.8624513678,500057.46561284194,3553.6,87.96039603960396,66422.4357695128,1644.1196972651683,40.4,1.4044624029893857,80.74694537781397,32.8,19,2.173714726665145,0.8118811881188119,80.74694537781397,100.0,3.8,0.95,1.8709721711977594,0.0,4,100.0,1.0,0.0,100.0,1.0,0.0,22.98778151125589,0.8,7.4838886847910375,100.0,1.0,0.0
113,mixed_20,4,4,524.1603963618236,262.0801981809118,2000524.1603963617,500131.04009909043,3721.2,92.56716417910448,63798.677501959224,1587.031778655702,40.2,1.3483740668658297,77.54121260840293,34.6,19,2.233624920938542,0.8606965174129353,77.54121260840293,100.0,3.8,0.95,1.9836054954992073,0.0,4,100.0,1.0,0.0,100.0,1.0,0.0,10.164850433611718,0.8,7.934421981996829,100.0,1.0,0.0
114,mixed_20,4,4,18.633942034580215,18.633942034580215,2667556.7892067856,666889.1973016964,3897.0,98.4090909090909,62302.050371036086,1573.284100278689,39.6,1.2740891350406982,77.77163268990648,36.0,16,2.2306475194716477,0.9090909090909091,77.77163268990648,100.0,3.2,0.8,2.2549885570193937,0.0,4,100.0,1.0,0.0,100.0,1.0,0.0,11.08653075962593,0.2,9.019954228077575,100.0,1.0,0.0
115,mixed_20,4,4,28.913119143123538,28.913119143123538,4530023.427461734,1132505.8568654335,4078.2,100.94554455445545,63033.12038727665,1560.225752160313,40.4,0.8305976779228439,77.52022834568947,36.8,17,1.4695683722038229,0.9108910891089109,77.52022834568947,100.0,3.4,0.85,2.2086024144664407,0.0,4,100.0,1.0,0.0,100.0,1.0,0.0,10.080913382757899,0.4,8.834409657865763,100.0,1.0,0.0
116,mixed_20,4,4,36.01139053488332,36.01139053488332,3000036.0113905347,750009.0028476337,4266.0,103.04347826086956,64703.10996316063,1562.8770522502566,41.4,0.6579404827708012,81.84921689626151,38.2,17,1.1551929662140827,0.9227053140096618,81.84921689626151,100.0,3.4,0.85,1.5182511596083064,0.0,4,100.0,1.0,0.0,100.0,1.0,0.0,27.39686758504604,0.4,6.0730046384332255,100.0,1.0,0.0
117,mixed_20,2,4,46.06769144462353,46.06769144462353,3000046.0676914444,750011.5169228611,4459.2,105.16981132075472,65936.7570217198,1555.1121939084858,42.4,0.5226494358217546,100.0,39.4,20,0.9258471416979897,0.9292452830188679,100.0,100.0,4.0,1.0,0.0,0.0,4,100.0,1.0,0.0,100.0,1.0,0.0,100.0,1.0,0.0,100.0,1.0,0.0
118,mixed_20,2,2,60.35702536510744,60.35702536510744,3000060.3570253653,750015.0892563413,4658.2,107.33179723502305,67649.13016005166,1558.7357179735404,43.4,0.3989551842041805,100.0,40.4,20,0.7072900954259206,0.9308755760368663,100.0,100.0,4.0,1.0,0.0,0.0,4,100.0,1.0,0.0,100.0,1.0,0.0,100.0,1.0,0.0,100.0,1.0,0.0
119,mixed_20,2,2,85.00936378099975,85.00936378099975,3000085.009363781,750021.2523409453,4862.6,109.51801801801801,68391.76640508452,1540.3550992136154,44.4,0.2766423803711293,100.0,41.6,20,0.48386332994821724,0.9369369369369369,100.0,100.0,4.0,1.0,0.0,0.0,4,100.0,1.0,0.0,100.0,1.0,0.0,100.0,1.0,0.0,100.0,1.0,0.0
120,mixed_20,2,2,137.83176073923045,137.83176073923045,3000137.8317607394,750034.4579401849,5074.0,112.2566371681416,68935.67496207704,1525.1255522583417,45.2,0.18371834707647933,100.0,43.0,20,0.33023547554275745,0.9513274336283186,100.0,100.0,4.0,1.0,0.0,0.0,4,100.0,1.0,0.0,100.0,1.0,0.0,100.0,1.0,0.0,100.0,1.0,0.0
121,mixed_20,2,2,213.58426300345428,213.58426300345428,3000213.5842630034,750053.3960657509,5292.0,115.04347826086956,70221.6198920613,1526.5569541752454,46.0,0.11858896192687043,100.0,44.0,20,0.214727666958758,0.9565217391304348,100.0,100.0,4.0,1.0,0.0,0.0,4,100.0,1.0,0.0,100.0,1.0,0.0,100.0,1.0,0.0,100.0,1.0,0.0
122,mixed_20,2,2,325.11635349207586,325.11635349207586,3000325.116353492,750081.279088373,5515.0,117.34042553191489,72008.10410661138,1532.0873214172636,47.0,0.0813677210431516,100.0,45.2,20,0.15260596799952286,0.9617021276595744,100.0,100.0,4.0,1.0,0.0,0.0,4,100.0,1.0,0.0,100.0,1.0,0.0,100.0,1.0,0.0,100.0,1.0,0.0
123,mixed_20,0,2,726.5277504500178,518.9483931785842,2001903.4425140708,500475.8606285177,5508.6,116.70762711864407,72598.44427317244,1538.1026329061958,47.2,0.08237676276112421,90.0,43.6,19,0.11392180181807467,0.923728813559322,90.0,100.0,3.8,0.95,0.0,0.0,4,100.0,1.0,0.0,60.0,0.8,0.0,100.0,1.0,0.0,100.0,1.0,0.0
124,mixed_20,0,0,112.59502692227645,112.59502692227645,3015630.1138008963,753907.5284502241,5409.2,117.59130434782608,72616.9726076986,1578.6298392977956,46.0,0.2253018216837163,81.86850180333295,40.4,18,0.40786807549410775,0.8782608695652174,81.86850180333295,100.0,3.6,0.9,0.448106429766978,0.0,4,100.0,1.0,0.0,27.474007213331788,0.6,1.792425719067912,100.0,1.0,0.0,100.0,1.0,0.0
125,mixed_20,0,0,44.0934224578712,44.0934224578712,3000044.093422458,750011.0233556145,5359.6,121.2579185520362,71611.49508556358,1620.1695720715743,44.2,0.5516847516472377,85.90179734630794,36.6,19,0.9829149071879834,0.8280542986425339,85.90179734630794,100.0,3.8,0.95,1.026278563460985,0.0,4,100.0,1.0,0.0,43.60718938523178,0.8,4.10511425384394,100.0,1.0,0.0,100.0,1.0,0.0
126,mixed_20,0,0,24.472443553367537,24.472443553367537,3000024.4724435536,750006.1181108884,5506.0,128.04651162790697,70926.02823673643,1649.4425171334053,43.0,0.9567811420681883,80.57012891956674,36.2,19,1.6675759804895818,0.8418604651162791,80.57012891956674,100.0,3.8,0.95,1.4520693246881216,0.0,4,100.0,1.0,0.0,22.280515678266966,0.8,5.808277298752486,100.0,1.0,0.0,100.0,1.0,0.0
127,mixed_20,0,0,22.84970541108474,22.84970541108474,3000022.849705411,750005.7124263528,5686.2,132.8551401869159,68211.64774759619,1593.7300875606586,42.8,1.0328869852041953,82.93549623471222,36.4,19,1.8093369896400064,0.8504672897196262,82.93549623471222,100.0,3.8,0.95,1.7780836928539356,0.0,4,100.0,1.0,0.0,31.741984938848873,0.8,7.1123347714157426,100.0,1.0,0.0,100.0,1.0,0.0
128,mixed_20,0,0,57.256481190202884,57.256481190202884,3000057.25648119,750014.3141202976,5873.4,134.0958904109589,66327.69703909503,1514.3309826277405,43.8,0.4403862937837979,100.0,38.8,20,0.8120194732163835,0.8858447488584474,100.0,100.0,4.0,1.0,0.0,0.0,4,100.0,1.0,0.0,100.0,1.0,0.0,100.0,1.0,0.0,100.0,1.0,0.0
129,mixed_20,0,0,98.6756287003042,98.6756287003042,3000098.6756287003,750024.6689071751,6076.2,135.62946428571428,68596.0926208429,1531.1627817152435,44.8,0.24042361198766313,100.0,41.8,20,0.42221939227788535,0.9330357142857143,100.0,100.0,4.0,1.0,0.0,0.0,4,100.0,1.0,0.0,100.0,1.0,0.0,100.0,1.0,0.0,100.0,1.0,0.0
130,mixed_20,7,0,151.65689384246352,151.65689384246352,3000151.656893843,750037.9142234607,6288.2,137.29694323144105,70369.61600462226,1536.4544979175166,45.8,0.16461598958038945,100.0,43.2,20,0.2979943064315467,0.9432314410480349,100.0,100.0,4.0,1.0,0.0,0.0,4,100.0,1.0,0.0,100.0,1.0,0.0,100.0,1.0,0.0,100.0,1.0,0.0
131,mixed_20,7,7,226.30660844346554,226.30660844346554,3000226.306608443,750056.5766521108,6508.2,139.6609442060086,71385.0616494974,1531.8682757402876,46.6,0.11236643326598865,100.0,44.8,20,0.20824645986966983,0.9613733905579399,100.0,100.0,4.0,1.0,0.0,0.0,4,100.0,1.0,0.0,100.0,1.0,0.0,100.0,1.0,0.0,100.0,1.0,0.0
132,mixed_20,7,7,487.71367299066316,487.71367299066316,3000487.7136729904,750121.9284182476,6735.0,141.49159663865547,72393.68385737624,1520.8757112894166,47.6,0.05196360482166964,100.0,46.0,20,0.09517446776973223,0.9663865546218487,100.0,100.0,4.0,1.0,0.0,0.0,4,100.0,1.0,0.0,100.0,1.0,0.0,100.0,1.0,0.0,100.0,1.0,0.0
133,mixed_20,7,7,118.68914861489891,118.68914861489891,3097732.2351646773,774433.0587911693,6969.2,145.19166666666666,72821.33863190605,1517.1112214980428,48.0,0.009649665361091271,100.0,47.6,20,0.0342963819600619,0.9916666666666667,100.0,100.0,4.0,1.0,0.0,0.0,4,100.0,1.0,0.0,100.0,1.0,0.0,100.0,1.0,0.0,100.0,1.0,0.0
134,mixed_20,7,7,0.0,0.0,4409941.273693251,1102485.3184233129,7209.0,150.1875,73007.58094815655,1520.9912697532613,48.0,6.171192106744755e-06,100.0,48.0,20,2.099428283358017e-05,1.0,100.0,100.0,4.0,1.0,0.0,0.0,4,100.0,1.0,0.0,100.0,1.0,0.0,100.0,1.0,0.0,100.0,1.0,0.0
135,mixed_20,7,7,0.0,0.0,4000000.0,1000000.0,7449.0,155.1875,73008.0,1521.0,48.0,0.0,100.0,48.0,20,0.0,1.0,100.0,100.0,4.0,1.0,0.0,0.0,4,100.0,1.0,0.0,100.0,1.0,0.0,100.0,1.0,0.0,100.0,1.0,0.0
136,mixed_20,7,7,0.0,0.0,4000000.0,1000000.0,7689.0,160.1875,73008.0,1521.0,48.0,0.0,100.0,48.0,20,0.0,1.0,100.0,100.0,4.0,1.0,0.0,0.0,4,100.0,1.0,0.0,100.0,1.0,0.0,100.0,1.0,0.0,100.0,1.0,0.0
137,mixed_20,7,7,0.0,0.0,4000000.0,1000000.0,7929.0,165.1875,73008.0,1521.0,48.0,0.0,100.0,48.0,20,0.0,1.0,100.0,100.0,4.0,1.0,0.0,0.0,4,100.0,1.0,0.0,100.0,1.0,0.0,100.0,1.0,0.0,100.0,1.0,0.0
138,mixed_20,7,7,0.0,0.0,4000000.0,1000000.0,8169.0,170.1875,73008.0,1521.0,48.0,0.0,100.0,48.0,20,0.0,1.0,100.0,100.0,4.0,1.0,0.0,0.0,4,100.0,1.0,0.0,100.0,1.0,0.0,100.0,1.0,0.0,100.0,1.0,0.0
139,mixed_20,7,7,0.0,0.0,4000000.0,1000000.0,8409.0,175.1875,73008.0,1521.0,48.0,0.0,100.0,48.0,20,0.0,1.0,100.0,100.0,4.0,1.0,0.0,0.0,4,100.0,1.0,0.0,100.0,1.0,0.0,100.0,1.0,0.0,100.0,1.0,0.0
140,mixed_20,3,7,530.2147102069632,441.84559183913603,1802802.5680851447,450700.6420212862,7916.4,172.09565217391304,71909.85927630131,1563.2578103543765,46.0,0.09394446045289975,80.0,41.4,18,0.14164352479509212,0.9,80.0,100.0,3.6,0.9,0.0,0.0,4,100.0,1.0,0.0,60.0,0.8,0.0,60.0,0.8,0.0,100.0,1.0,0.0
141,mixed_20,3,3,578.8904274399545,192.96347581331815,1000578.89042744,250144.72260686,6260.2,146.95305164319248,70759.25483036952,1661.0153716049183,42.6,0.5400418720819142,47.56824776365079,29.2,14,0.4303100103839929,0.6854460093896714,47.56824776365079,100.0,2.8000000000000003,0.7000000000000001,1.5237470448528871,0.0,4,100.0,1.0,0.0,23.436477824184294,0.6,1.7454953489041647,34.364167189892214,0.6,2.1133708689417063,32.472346040526645,0.6,2.2361219615656776
142,mixed_20,3,3,276.6127110577159,92.20423701923863,1000276.6127110576,250069.1531777644,4354.0,108.30845771144278,67380.65023640406,1676.1355780200015,40.2,1.100609353310098,69.46596249858203,18.4,18,0.885826970911659,0.4577114427860697,69.46596249858203,100.0,3.6,0.9,1.8136020567054172,0.0,4,100.0,1.0,0.0,37.084464891363496,0.8,4.031746264643846,40.779385102964625,0.8,3.222661962177823,100.0,1.0,0.0
143,mixed_20,3,3,508.4970346192623,133.8150091103322,775.9986183638022,193.99965459095054,2359.0,59.2713567839196,62799.76066401944,1577.8834337693327,39.8,1.279955986870013,47.564441966841855,15.2,14,0.8872610755163625,0.38190954773869346,47.564441966841855,100.0,2.8,0.7,0.9207498048712355,0.0,4,41.1106505108819,0.8,1.7278723659925126,0.0,0.2,0.0,49.14711735648552,0.8,1.9551268534924295,100.0,1.0,0.0
144,mixed_20,3,3,613.5569520948326,170.43248669300905,1691.6867471706178,422.92168679265444,1013.2,24.239234449760765,61333.641270068954,1467.3119921069126,41.8,0.839934267246808,94.51370992985517,17.0,20,0.5655135853072953,0.40669856459330145,94.51370992985517,100.0,4.0,1.0,0.07946932078416243,0.0,4,100.0,1.0,0.0,78.05483971942067,1.0,0.3178772831366497,100.0,1.0,0.0,100.0,1.0,0.0
145,mixed_20,3,3,405.90218524638533,135.30072841546178,43598.7161157799,10899.679028944975,210.4,4.938967136150235,64735.0080607872,1519.601128187493,42.6,0.7554214208993961,81.08587362214678,21.6,18,0.7098203916307175,0.5070422535211268,81.08587362214678,100.0,3.6,0.9,0.8616022743678827,0.0,4,100.0,1.0,0.0,24.343494488587112,0.6,3.446409097471531,100.0,1.0,0.0,100.0,1.0,0.0
146,mixed_20,3,3,450.2869835320811,173.1873013584927,1587154.9941333255,396788.7485333314,242.2,5.606481481481482,65936.58226038786,1526.3097745460152,43.2,0.7560233395092817,67.82492383577164,23.8,16,0.8313002354381486,0.5509259259259259,67.82492383577164,100.0,3.2,0.8,0.551098110886648,0.0,4,100.0,1.0,0.0,40.0,0.6,0.0,31.29969534308657,0.6,2.204392443546592,100.0,1.0,0.0
147,mixed_20,4,3,387.0137117011727,148.85142757737412,14109.248965957613,3527.3122414894033,269.2,6.533980582524272,66088.6090227956,1604.092452009602,41.2,1.0182601123545028,55.919509419078395,21.8,17,0.9613723789514059,0.529126213592233,55.919509419078395,100.0,3.4000000000000004,0.8500000000000001,1.624286039978923,0.0,4,100.0,1.0,0.0,29.255744328634137,0.8,2.481413371500826,34.42229334767944,0.8,4.015730788414866,60.0,0.8,0.0
148,mixed_20,4,4,272.59340703738707,90.86446901246235,887921.4498112093,221980.36245280234,273.2,6.762376237623762,65539.47887442439,1622.2643285748609,40.4,1.2656921752853925,70.80291433544744,21.0,16,1.1966462887226021,0.5198019801980198,70.80291433544744,100.0,3.2,0.8,1.854512976980442,0.0,4,100.0,1.0,0.0,100.0,1.0,0.0,27.583097437777724,0.6,5.195049971989853,55.628559904012036,0.6,2.2230019359319146
149,mixed_20,4,4,361.3120075469982,120.4373358489994,5947818.940267188,1486954.735066797,294.8,7.37,64304.130801006904,1607.6032700251726,40.0,1.4149163564106657,76.54316016667565,22.8,20,1.7757463648824385,0.57,76.54316016667565,100.0,4.0,1.0,1.524669637284516,0.0,4,100.0,1.0,0.0,100.0,1.0,0.0,6.172640666702591,1.0,6.098678549138064,100.0,1.0,0.0
150,mixed_20,4,4,704.5680701119652,234.85602337065507,1000704.5680701118,250176.14201752795,399.6,9.891089108910892,63793.32019131171,1579.042578992864,40.4,1.4182214841561482,81.91260093506799,28.8,18,2.123705351030194,0.7128712871287128,81.91260093506799,100.0,3.6,0.9,1.6957405451454286,0.0,4,100.0,1.0,0.0,100.0,1.0,0.0,27.65040374027194,0.6,6.782962180581714,100.0,1.0,0.0
151,mixed_20,4,4,358.0772345399722,255.7694532428373,1014450.2193707252,253612.5548426813,556.0,13.83084577114428,63855.57215688423,1588.4470685792096,40.2,1.3724977181407678,78.9877947386077,33.4,19,2.328752385783217,0.8308457711442786,78.9877947386077,100.0,3.8,0.95,2.0323799511135654,0.0,4,100.0,1.0,0.0,100.0,1.0,0.0,15.951178954430816,0.8,8.129519804454262,100.0,1.0,0.0
152,mixed_20,4,4,24.79201646732571,24.79201646732571,2248629.819528761,562157.4548821902,732.6,18.133663366336634,62912.99618231563,1557.252380750387,40.4,0.9573596759031309,77.8373733920688,36.6,16,1.6807654976782946,0.905940594059406,77.8373733920688,100.0,3.2,0.8,2.202741457106205,0.0,4,100.0,1.0,0.0,100.0,1.0,0.0,11.349493568275193,0.2,8.81096582842482,100.0,1.0,0.0
153,mixed_20,6,4,347.1584447361755,216.97402796010968,3803609.467502783,950902.3668756958,845.0,20.8128078817734,64032.42638277459,1577.15335918164,40.6,0.697182122878943,76.09401916227284,35.0,17,1.1348929266941605,0.8620689655172413,76.09401916227284,100.0,3.4,0.85,1.7096466887212216,0.0,4,100.0,1.0,0.0,100.0,1.0,0.0,24.376076649091374,0.4,6.838586754884886,80.0,1.0,0.0
154,mixed_20,6,6,178.2616751654261,89.13083758271306,8076290.629760097,2019072.6574400242,917.4,22.59605911330049,64883.5904017174,1598.117990190084,40.6,0.7173627404126547,84.63302076467698,31.6,18,0.8831446286143002,0.7783251231527094,84.63302076467698,100.0,3.6,0.9,0.500755434416524,0.0,4,100.0,1.0,0.0,100.0,1.0,0.0,100.0,1.0,0.0,38.53208305870794,0.6,2.003021737666096
155,mixed_20,6,6,139.5135252439502,69.7567626219751,6463299.471207305,1615824.8678018262,996.4,24.067632850241544,65397.93185056748,1579.6601896272339,41.4,0.6858111087572475,92.96864076416455,30.6,19,0.7096753328617972,0.7391304347826086,92.96864076416455,100.0,3.8,0.95,0.8435487197129263,0.0,4,100.0,1.0,0.0,100.0,1.0,0.0,100.0,1.0,0.0,71.87456305665819,0.8,3.3741948788517053
156,mixed_20,6,6,190.849917058858,95.424958529429,2000190.8499170586,500047.71247926465,1145.6,26.51851851851852,65960.7421956161,1526.8690323059284,43.2,0.5268478017028092,100.0,33.8,20,0.5659912753836063,0.7824074074074074,100.0,100.0,4.0,1.0,0.0,0.0,4,100.0,1.0,0.0,100.0,1.0,0.0,100.0,1.0,0.0,100.0,1.0,0.0
157,mixed_20,6,6,543.8110942613358,271.9055471306679,2000543.8110942612,500135.9527735653,1326.6,29.349557522123895,69009.07146124402,1526.7493686115934,45.2,0.2515125690225006,100.0,38.4,20,0.313822595585155,0.8495575221238938,100.0,100.0,4.0,1.0,0.0,0.0,4,100.0,1.0,0.0,100.0,1.0,0.0,100.0,1.0,0.0,100.0,1.0,0.0
158,mixed_20,6,6,321.9717732564133,268.3098110470111,2005974.2223074853,501493.5555768713,1528.8,32.94827586206897,70809.59346035877,1526.0688245766976,46.4,0.14455269967039497,100.0,42.4,20,0.2326860285715455,0.9137931034482759,100.0,100.0,4.0,1.0,0.0,0.0,4,100.0,1.0,0.0,100.0,1.0,0.0,100.0,1.0,0.0,100.0,1.0,0.0
159,mixed_20,6,6,342.0239606175568,342.0239606175568,2137160.553548082,534290.1383870204,1751.2,36.9451476793249,72210.14264486897,1523.4207309044089,47.4,0.0768992643875121,100.0,45.8,20,0.1469557140824203,0.9662447257383966,100.0,100.0,4.0,1.0,0.0,0.0,4,100.0,1.0,0.0,100.0,1.0,0.0,100.0,1.0,0.0,100.0,1.0,0.0
160,mixed_20,6,6,283.9908165838472,283.9908165838472,8695965.092530012,2173991.273132503,1983.2,41.31666666666667,72403.77127348178,1508.4119015308704,48.0,0.015095076852776293,100.0,47.0,20,0.03911862048377605,0.9791666666666666,100.0,100.0,4.0,1.0,0.0,0.0,4,100.0,1.0,0.0,100.0,1.0,0.0,100.0,1.0,0.0,100.0,1.0,0.0
161,mixed_20,6,6,0.0,0.0,7093177.691518173,1773294.4228795432,2222.0,46.291666666666664,73005.76161727194,1520.9533670264987,48.0,1.3588335414536516e-05,100.0,48.0,20,4.387503545833644e-05,1.0,100.0,100.0,4.0,1.0,0.0,0.0,4,100.0,1.0,0.0,100.0,1.0,0.0,100.0,1.0,0.0,100.0,1.0,0.0
162,mixed_20,6,6,0.0,0.0,4000000.0,1000000.0,2462.0,51.291666666666664,73008.0,1521.0,48.0,0.0,100.0,48.0,20,0.0,1.0,100.0,100.0,4.0,1.0,0.0,0.0,4,100.0,1.0,0.0,100.0,1.0,0.0,100.0,1.0,0.0,100.0,1.0,0.0
163,mixed_20,3,6,426.2671552571645,426.2671552571645,2002593.2540120534,500648.31350301334,2331.8,50.25431034482759,71768.2098366729,1546.7286602731228,46.4,0.07512980840726358,80.0,42.2,18,0.11239304219854653,0.9094827586206896,80.0,100.0,3.6,0.9,0.0,0.0,4,100.0,1.0,0.0,60.0,0.8,0.0,60.0,0.8,0.0,100.0,1.0,0.0
164,mixed_20,3,3,403.9215216462279,201.96076082311396,2000403.921521647,500100.9803804117,2053.4,45.63111111111111,70465.11872817072,1565.891527292683,45.0,0.27892127659571175,71.34384860663658,34.8,17,0.3372829737932232,0.7733333333333333,71.34384860663658,100.0,3.4000000000000004,0.8500000000000001,0.8850763877501574,0.0,4,100.0,1.0,0.0,21.204905878239515,0.6,1.7091961740326005,64.17048854830682,0.8,1.8311093769680291,100.0,1.0,0.0
165,mixed_20,3,3,267.07866970857515,133.53933485428757,2000267.0786697087,500066.7696674272,1808.4,41.66820276497696,68999.49525223018,1589.8501210191284,43.4,0.5841685369832532,82.72082704147181,29.8,18,0.8011762230203022,0.6866359447004609,82.72082704147181,100.0,3.6,0.9,1.0844186676960377,0.0,4,100.0,1.0,0.0,30.88330816588723,0.6,4.337674670784151,100.0,1.0,0.0,100.0,1.0,0.0
166,mixed_20,3,3,193.36359413218375,96.68179706609187,2000193.363594132,500048.340898533,1829.6,42.15668202764977,67707.8323222881,1560.0883023568688,43.4,0.6763013025107849,65.45938950207926,28.4,15,0.8501131649224135,0.6543778801843319,65.45938950207926,100.0,3.2,0.8,0.5769942401079539,0.0,4,100.0,1.0,0.0,18.369116745304837,0.4,0.05287095692431544,43.46844126301221,0.8,2.2551060035075,100.0,1.0,0.0
167,mixed_20,3,3,224.53457130337407,112.26728565168703,2000224.5345713035,500056.1336428259,1947.4,44.25909090909091,67745.35388348918,1539.6671337156633,44.0,0.557943207132342,95.0,27.4,20,0.692288861909005,0.6227272727272727,95.0,100.0,4.0,1.0,0.0,0.0,4,100.0,1.0,0.0,80.0,1.0,0.0,100.0,1.0,0.0,100.0,1.0,0.0
168,mixed_20,3,3,226.19970372321922,113.09985186160961,2000226.1997037227,500056.5499259307,2071.2,47.28767123287671,68631.15408939966,1566.9213262420014,43.8,0.5880687966198267,79.62804640017566,28.0,17,0.7407577308713434,0.639269406392694,79.62804640017566,100.0,3.4,0.85,0.7334050007425568,0.0,4,100.0,1.0,0.0,18.51218560070265,0.4,2.933620002970227,100.0,1.0,0.0,100.0,1.0,0.0
169,mixed_20,3,3,184.00855077589543,92.00427538794771,2000184.0085507757,500046.0021376939,2186.8,49.47511312217195,68940.83240877882,1559.7473395651318,44.2,0.5778655601497008,69.17322273937657,28.0,15,0.6325509127590346,0.6334841628959276,69.17322273937657,100.0,3.2,0.8,0.6105357862831859,0.0,4,100.0,1.0,0.0,35.05179393879871,0.4,0.039488063596233275,41.64109701870757,0.8,2.4026550815365106,100.0,1.0,0.0
170,mixed_20,3,3,120.50378136269765,60.251890681348826,2000120.5037813627,500030.12594534067,2301.4,54.278301886792455,70147.71145281573,1654.4271569060313,42.4,0.8206919642974885,63.515327260427625,25.4,16,0.8790134668994287,0.5990566037735849,63.515327260427625,100.0,3.2,0.8,1.000600724176477,0.0,4,100.0,1.0,0.0,40.0,0.6,0.0,14.061309041710501,0.6,4.002402896705908,100.0,1.0,0.0
171,mixed_20,3,3,85.87960554227547,42.939802771137735,2000085.8796055422,500021.46990138554,2420.0,58.737864077669904,67592.57770010589,1640.5965461190751,41.2,1.1124190042485875,61.762394814488175,24.4,17,1.1429765492283237,0.5922330097087378,61.762394814488175,100.0,3.4,0.85,1.5325476980535355,0.0,4,100.0,1.0,0.0,33.65331405279903,0.8,3.616031550396724,13.396265205153668,0.6,2.514159241817418,100.0,1.0,0.0
172,mixed_20,3,3,91.09425940383422,45.54712970191711,2000091.0942594036,500022.7735648509,2542.6,62.014634146341464,65688.9131360036,1602.1686130732585,41.0,1.0343819346942813,80.81507344684894,25.6,18,1.0501154431180657,0.624390243902439,80.81507344684894,100.0,3.6,0.9,1.1130807392966962,0.0,4,100.0,1.0,0.0,63.26029378739577,0.8,4.452322957186785,60.0,0.8,0.0,100.0,1.0,0.0
173,mixed_20,3,3,113.50572799677643,56.752863998388214,2000113.5057279966,500028.37643199915,2661.0,63.96634615384615,65120.594898561736,1565.398915830811,41.6,0.8435094989672084,74.27584063195638,25.4,17,0.8717738092016568,0.6105769230769231,74.27584063195638,100.0,3.4,0.85,0.8456415937909246,0.0,4,100.0,1.0,0.0,80.0,1.0,0.0,17.10336252782554,0.4,3.3825663751636985,100.0,1.0,0.0
174,mixed_20,3,3,161.40296054023116,80.70148027011558,2000161.40296054,500040.350740135,2781.6,64.38888888888889,64615.707335157975,1495.7339660916198,43.2,0.6107400731062805,80.15456362297698,25.4,17,0.6463102452949838,0.5879629629629629,80.15456362297698,100.0,3.4000000000000004,0.8500000000000001,0.2781135559055565,0.0,4,100.0,1.0,0.0,56.20556807211642,0.6,0.9175436581053182,64.4126864197915,0.8,0.1949105655169077,100.0,1.0,0.0
175,mixed_20,3,3,264.7577179132339,132.37885895661694,2000264.7577179135,500066.18942947837,2911.0,64.40265486725664,66812.63373351932,1478.1556135734363,45.2,0.3621128924373221,100.0,29.0,20,0.37395460413240306,0.6415929203539823,100.0,100.0,4.0,1.0,0.0,0.0,4,100.0,1.0,0.0,100.0,1.0,0.0,100.0,1.0,0.0,100.0,1.0,0.0
176,mixed_20,3,3,316.9874109417716,158.4937054708858,2000316.9874109416,500079.2468527354,3052.2,66.9342105263158,69772.93038693428,1530.1081225204885,45.6,0.31994920359085494,85.0,32.8,18,0.34158653464854744,0.7192982456140351,85.0,100.0,3.6,0.9,0.0,0.0,4,100.0,1.0,0.0,40.0,0.6,0.0,100.0,1.0,0.0,100.0,1.0,0.0
177,mixed_20,0,3,417.4661796703498,260.9163622939686,2001349.567673585,500337.3919183962,3207.8,70.65638766519824,71996.50550439586,1585.8261124316268,45.4,0.4473590047082191,79.83043993844944,34.8,19,0.7423130221594886,0.7665198237885462,79.83043993844944,100.0,3.8,0.95,0.7968241864643831,0.0,4,100.0,1.0,0.0,19.321759753797778,0.8,3.1872967458575325,100.0,1.0,0.0,100.0,1.0,0.0
178,mixed_20,0,0,28.57037483543179,28.57037483543179,2066915.6598755538,516728.91496888845,3382.0,77.56880733944953,71357.83542743625,1636.647601546703,43.6,0.8326786119705737,80.93432606757517,36.2,18,1.4619850123949307,0.8302752293577982,80.93432606757517,100.0,3.6,0.9,1.2834890779314616,0.0,4,100.0,1.0,0.0,23.737304270300683,0.6,5.133956311725846,100.0,1.0,0.0,100.0,1.0,0.0
179,mixed_20,0,0,20.18634984295025,20.18634984295025,4827468.0784454895,1206867.0196113724,3562.0,84.00943396226415,69741.38185601917,1644.8439116985653,42.4,1.1569783798906146,79.43404992843682,36.2,19,2.012621040027344,0.8537735849056604,79.43404992843682,100.0,3.8,0.95,1.6389100247095922,0.0,4,100.0,1.0,0.0,17.736199713747283,0.8,6.555640098838369,100.0,1.0,0.0,100.0,1.0,0.0
180,mixed_20,0,0,17.177721624749285,17.177721624749285,9634045.520757804,2408511.380189451,3742.0,91.26829268292683,67004.1773254702,1634.2482274504925,41.0,1.3582866857653437,81.18188412777329,36.2,17,2.3616610425700078,0.8829268292682927,81.18188412777329,100.0,3.4,0.85,2.0257091312376145,0.0,4,100.0,1.0,0.0,24.72753651109315,0.4,8.102836524950458,100.0,1.0,0.0,100.0,1.0,0.0
181,mixed_20,0,0,18.43481294759392,18.43481294759392,3000018.434812947,750004.6087032368,3922.0,98.05,62899.22035929562,1572.4805089823903,40.0,1.2635983371595338,77.64239745571842,36.2,17,2.194237912500531,0.905,77.64239745571842,100.0,3.4,0.85,2.0668856902176693,0.0,4,100.0,1.0,0.0,10.569589822873695,0.4,8.267542760870677,100.0,1.0,0.0,100.0,1.0,0.0
182,mixed_20,0,0,17.605302030821647,17.605302030821647,3000017.6053020307,750004.4013255077,4102.0,103.58585858585859,63855.830211516724,1612.520964937291,39.6,1.3255800960131456,79.84372642143171,36.2,18,2.304957950747616,0.9141414141414141,79.84372642143171,100.0,3.6,0.9,2.2697473112028552,0.0,4,100.0,1.0,0.0,19.374905685726844,0.6,9.078989244811421,100.0,1.0,0.0,100.0,1.0,0.0
183,mixed_20,3,0,318.8532454482096,199.28327840513097,2001300.3525710695,500325.0881427674,4158.0,108.28125,62057.59932192166,1616.0833156750432,38.4,1.1683081872499996,67.79704552641363,33.2,15,1.9559594468311627,0.8645833333333334,67.79704552641363,100.0,3.0,0.75,2.234500633249883,0.0,4,100.0,1.0,0.0,11.188182105654505,0.2,8.938002532999532,60.0,0.8,0.0,100.0,1.0,0.0
184,mixed_20,3,3,141.19722874860344,70.59861437430172,2000141.1972287484,500035.2993071871,4156.2,111.1283422459893,62530.29655836065,1671.9330630577715,37.4,1.4060660296845264,57.41879667174601,29.2,13,1.9916853007377902,0.7807486631016043,57.41879667174601,100.0,2.6,0.65,2.8587987736578344,0.0,4,100.0,1.0,0.0,10.943789624989222,0.2,9.137602551465209,18.731397061994812,0.4,2.297592543166129,100.0,1.0,0.0
185,mixed_20,3,3,72.57455031181253,36.287275155906265,2000072.5745503125,500018.1436375781,4122.2,111.41081081081082,60017.57387739695,1622.0965912809986,37.0,1.4825215645210645,62.4858457979235,25.0,16,1.6748604651606573,0.6756756756756757,62.4858457979235,100.0,3.2,0.8,3.1727508779168123,0.0,4,100.0,1.0,0.0,7.8264487299429675,0.2,8.941170896124095,42.11693446175104,1.0,3.749832615543154,100.0,1.0,0.0
186,mixed_20,3,3,80.26106046714236,40.13053023357118,2000080.261060467,500020.06526511675,4228.4,112.45744680851064,59345.41896611555,1578.3356108009455,37.6,1.4271290256505413,75.0,27.4,16,1.6750482948234995,0.7287234042553191,75.0,100.0,3.2,0.8,0.0,0.0,4,100.0,1.0,0.0,0.0,0.2,0.0,100.0,1.0,0.0,100.0,1.0,0.0
187,mixed_20,3,3,167.78475547789742,83.89237773894871,2000167.7847554777,500041.9461888694,4381.4,110.08542713567839,62260.63642989648,1564.3375987411177,39.8,0.9589029967152284,78.22759809403237,33.4,17,1.2840737826176085,0.8391959798994975,78.22759809403237,100.0,3.4,0.85,2.00810140198854,0.0,4,100.0,1.0,0.0,12.910392376129494,0.4,8.03240560795416,100.0,1.0,0.0,100.0,1.0,0.0
188,mixed_20,3,3,472.18937061516107,236.09468530758053,2000472.189370615,500118.04734265374,4554.6,109.48557692307692,64360.30185072396,1547.122640642403,41.6,0.5833701909245133,100.0,36.4,20,0.8901647405923424,0.875,100.0,100.0,4.0,1.0,0.0,0.0,4,100.0,1.0,0.0,100.0,1.0,0.0,100.0,1.0,0.0,100.0,1.0,0.0
189,mixed_20,5,3,665.9412138516866,277.4755057715361,658661.2126141762,164665.30315354405,3590.6,86.72946859903382,65636.10504489942,1585.4131653357347,41.4,0.5393226482037184,80.0,33.6,18,0.7019383605110829,0.8115942028985508,80.0,100.0,3.5999999999999996,0.8999999999999999,0.0,0.0,4,60.0,0.8,0.0,100.0,1.0,0.0,100.0,1.0,0.0,60.0,0.8,0.0
190,mixed_20,5,5,308.01925454516856,102.67308484838952,7411824.693977306,1852956.1734943264,2017.4,50.435,66255.42303952968,1656.385575988242,40.0,0.7470446044428637,66.38591131068438,26.6,16,0.49942897200438463,0.665,66.38591131068438,100.0,3.2,0.8,1.1138493961948364,0.0,4,36.676847735338924,0.6,2.2769566293193084,100.0,1.0,0.0,100.0,1.0,0.0,28.866797507398587,0.6,2.178440955460037
191,mixed_20,5,5,226.48754484241832,75.4958482808061,1000226.4875448424,250056.6218862106,643.6,16.418367346938776,63071.303996563445,1608.9618366470268,39.2,1.013421768149488,68.4384942235829,20.8,17,0.6691361344279022,0.5306122448979592,68.4384942235829,100.0,3.4,0.85,1.5237448794570976,0.0,4,65.25886709951465,1.0,2.488174519416028,100.0,1.0,0.0,100.0,1.0,0.0,8.495109794816926,0.4,3.606804998412363
192,mixed_20,5,5,276.32640675152925,92.10880225050975,1000276.3264067512,250069.0816016878,436.8,10.601941747572816,61687.160476218516,1497.2611766072455,41.2,0.8709750606120938,88.18925439091686,23.0,18,0.6040356944679417,0.558252427184466,88.18925439091686,100.0,3.8,0.95,0.5174774558390265,0.0,4,68.47554839094755,0.8,1.996475079315558,100.0,1.0,0.0,100.0,1.0,0.0,84.28146917271988,1.0,0.07343474404054809
193,mixed_20,5,5,482.09098212245146,160.69699404081715,1000482.0909821223,250120.5227455306,541.8,12.658878504672897,66055.2630212012,1543.3472668504953,42.8,0.6268073986843459,87.65788938606988,24.4,19,0.541634581434586,0.5700934579439252,87.65788938606988,100.0,3.8,0.95,0.6832259282183144,0.0,4,100.0,1.0,0.0,100.0,1.0,0.0,100.0,1.0,0.0,50.63155754427953,0.8,2.7329037128732576
194,mixed_20,5,5,477.7229365215604,183.7395909698309,1000892.0482969418,250223.01207423545,646.6,14.695454545454545,68948.14118207825,1567.0032086835965,44.0,0.5963504973694101,67.33082966674942,25.4,16,0.5670877042210893,0.5772727272727273,67.33082966674942,100.0,3.1999999999999997,0.7999999999999999,0.6855518425885434,0.0,4,53.43045601357517,0.8,2.36961913689297,100.0,1.0,0.0,100.0,1.0,0.0,15.892862653422526,0.4,0.3725882334612036
195,mixed_20,5,5,114.43318696997252,57.21659348498626,1432718.2513609189,358179.5628402297,759.0,17.98578199052133,69792.80819481214,1653.8580140950744,42.2,0.8362026483694359,73.4242121471425,24.8,18,0.8605463366604565,0.5876777251184834,73.4242121471425,100.0,3.5999999999999996,0.8999999999999999,0.9967185874982161,0.0,4,33.69684858856999,0.8,3.9868743499928643,100.0,1.0,0.0,100.0,1.0,0.0,60.0,0.8,0.0
196,mixed_20,5,5,86.94849683934882,43.47424841967441,2000086.9484968397,500021.73712420993,878.4,21.115384615384617,67004.0968972641,1610.675406184233,41.6,1.1486801892870984,71.91359881798348,24.8,19,1.2267187700319868,0.5961538461538461,71.91359881798348,100.0,3.8,0.95,1.9557899011347113,0.0,4,41.57004692550345,0.8,4.359554964759397,100.0,1.0,0.0,100.0,1.0,0.0,46.08434834643049,1.0,3.463604639779448
197,mixed_20,5,5,105.33203766108531,52.666018830542654,2000105.3320376612,500026.3330094153,1007.0,23.976190476190474,66429.61379422477,1581.6574712910658,42.0,0.9602419760466206,86.30394316217917,27.4,19,1.0381986214883319,0.6523809523809524,86.30394316217917,100.0,3.8,0.95,0.6438640921182787,0.0,4,45.215772648716666,0.8,2.5754563684731147,100.0,1.0,0.0,100.0,1.0,0.0,100.0,1.0,0.0
198,mixed_20,5,5,132.5500701120117,66.27503505600585,2000132.5500701119,500033.13751752797,1126.4,26.81904761904762,66528.40345374428,1584.0096060415306,42.0,0.8520525267934522,73.83497489255092,27.2,17,0.9830493385682011,0.6476190476190476,73.83497489255092,100.0,3.4,0.85,0.9387311253735644,0.0,4,55.33989957020367,0.8,3.7549245014942576,100.0,1.0,0.0,100.0,1.0,0.0,40.0,0.6,0.0
199,mixed_20,5,5,163.04781001777454,81.52390500888727,2000163.0478100176,500040.7619525044,1248.0,28.88888888888889,68051.11527447848,1575.257298020335,43.2,0.6019418818703824,86.78690432958206,28.4,19,0.6342925795603604,0.6574074074074074,86.78690432958206,100.0,3.8,0.95,0.35281682980801016,0.0,4,100.0,1.0,0.0,100.0,1.0,0.0,100.0,1.0,0.0,47.14761731832823,0.8,1.4112673192320406
200,mixed_20,2,5,800.0586525565542,250.01832892392318,202607.36836370948,50651.84209092737,983.0,23.183962264150942,66686.87705852118,1572.8037042104052,42.4,0.5140512017989928,70.17828809913567,26.8,17,0.41748531028447916,0.6320754716981132,70.17828809913567,100.0,3.4,0.85,0.6935574545301028,0.0,4,100.0,1.0,0.0,60.0,0.8,0.0,40.0,0.6,0.0,80.71315239654268,1.0,2.774229818120411
201,mixed_20,2,2,769.7626265754259,192.44065664385647,769.7626265754259,192.44065664385647,568.6,13.223255813953488,67242.6916576164,1563.7835269213115,43.0,0.6089824858291597,76.8713113172771,23.8,17,0.2989778061861138,0.5534883720930233,76.8713113172771,100.0,3.4,0.85,0.9603319236098673,0.0,4,100.0,1.0,0.0,69.22425177845071,0.8,1.9833026909480018,38.26099349065771,0.6,1.8580250034914676,100.0,1.0,0.0
202,mixed_20,2,2,1019.5924822322762,283.22013395341,2752.9527588982896,688.2381897245724,255.4,5.831050228310502,66185.19003033573,1511.0773979528706,43.8,0.5777868973206842,92.9266205692204,22.0,20,0.4377995378130095,0.502283105022831,92.9266205692204,100.0,4.0,1.0,0.8494825403640331,0.0,4,100.0,1.0,0.0,80.0,1.0,0.0,91.70648227688162,1.0,3.3979301614561326,100.0,1.0,0.0
203,mixed_20,2,2,349.3182928592814,158.78104220876426,244587.67570963711,61146.91892740928,309.6,6.759825327510917,68407.5220385748,1493.6140183094933,45.8,0.41846299068109527,91.7445050093852,29.8,19,0.4170392695137013,0.6506550218340611,91.7445050093852,100.0,3.8,0.95,0.6128427171143461,0.0,4,100.0,1.0,0.0,66.97802003754077,0.8,2.4513708684573845,100.0,1.0,0.0,100.0,1.0,0.0
204,mixed_20,2,2,530.4004993998644,294.6669441110358,1791642.4184098784,447910.6046024696,477.6,10.161702127659574,70609.80643839586,1502.336307199912,47.0,0.22515645070257534,100.0,36.2,20,0.30431995686640045,0.7702127659574468,100.0,100.0,4.0,1.0,0.0,0.0,4,100.0,1.0,0.0,100.0,1.0,0.0,100.0,1.0,0.0,100.0,1.0,0.0
205,mixed_20,2,2,441.91439970600896,441.91439970600896,6847340.563544075,1711835.1408860188,677.8,14.120833333333334,71426.10980995695,1488.0439543741034,48.0,0.063057831116887,100.0,42.8,20,0.11196973196747981,0.8916666666666667,100.0,100.0,4.0,1.0,0.0,0.0,4,100.0,1.0,0.0,100.0,1.0,0.0,100.0,1.0,0.0,100.0,1.0,0.0
206,mixed_20,2,2,174.89002859987292,174.89002859987292,5256436.543541256,1314109.135885314,903.4,18.820833333333333,72817.24210018915,1517.025877087274,48.0,0.010372265654625026,100.0,46.6,20,0.025100212585463196,0.9708333333333333,100.0,100.0,4.0,1.0,0.0,0.0,4,100.0,1.0,0.0,100.0,1.0,0.0,100.0,1.0,0.0,100.0,1.0,0.0
207,mixed_20,2,2,0.0,0.0,5235919.419027692,1308979.854756923,1142.0,23.791666666666668,72997.38737544697,1520.778903655145,48.0,0.0003160483667112781,100.0,48.0,20,0.0010212499074794827,1.0,100.0,100.0,4.0,1.0,0.0,0.0,4,100.0,1.0,0.0,100.0,1.0,0.0,100.0,1.0,0.0,100.0,1.0,0.0
208,mixed_20,2,2,0.0,0.0,8074811.058957869,2018702.7647394673,1382.0,28.791666666666668,73007.86793228927,1520.9972485893597,48.0,7.3446121609032565e-06,100.0,48.0,20,1.7597256607481365e-05,1.0,100.0,100.0,4.0,1.0,0.0,0.0,4,100.0,1.0,0.0,100.0,1.0,0.0,100.0,1.0,0.0,100.0,1.0,0.0
209,mixed_20,3,2,430.02191367263674,430.02191367263674,2002958.8913240384,500739.7228310096,1429.8,30.814655172413794,72242.35532592735,1556.947313058779,46.4,0.0786269371433747,85.0,42.2,19,0.12622820181867478,0.9094827586206896,85.0,100.0,3.8,0.95,0.0,0.0,4,100.0,1.0,0.0,80.0,1.0,0.0,60.0,0.8,0.0,100.0,1.0,0.0
210,mixed_20,3,3,234.93049116374831,117.46524558187416,2000234.9304911636,500058.7326227909,1358.0,30.72398190045249,71360.87676655638,1614.4994743564791,44.2,0.4258588012280441,62.14447393824685,33.4,16,0.4556528437255915,0.755656108597285,62.14447393824685,100.0,3.2,0.8,0.9102304718492067,0.0,4,100.0,1.0,0.0,24.784517016946666,0.6,1.9709288479553058,23.793378736040722,0.6,1.6699930394415208,100.0,1.0,0.0
211,mixed_20,3,3,122.75304840870315,61.376524204351576,2000122.7530484088,500030.6882621022,1277.6,30.132075471698112,67465.23656828862,1591.1612398181278,42.4,0.7701499703408655,77.10117412810519,25.6,18,0.7829290686632566,0.6037735849056604,77.10117412810519,100.0,3.6,0.9,1.6642401697326483,0.0,4,100.0,1.0,0.0,85.02707312028178,1.0,3.3807345376452496,23.377623392138958,0.6,3.276226141285344,100.0,1.0,0.0
212,mixed_20,3,3,139.97460763027362,69.98730381513681,2000139.9746076304,500034.9936519076,1368.0,31.376146788990827,64581.3278430982,1481.22311566739,43.6,0.6753914153324405,77.63486518146351,26.0,17,0.6864215458798402,0.5963302752293578,77.63486518146351,100.0,3.4,0.85,0.420116352777197,0.0,4,100.0,1.0,0.0,50.546396692511735,0.8,1.5014568842146836,59.99306403334231,0.6,0.17900852689410435,100.0,1.0,0.0
213,mixed_20,3,3,256.26271474327336,128.13135737163668,2000256.262714743,500064.0656786857,1494.4,32.91629955947136,66594.10993851637,1466.830615385823,45.4,0.3822073340371913,100.0,28.6,20,0.40143482280108195,0.6299559471365639,100.0,100.0,4.0,1.0,0.0,0.0,4,100.0,1.0,0.0,100.0,1.0,0.0,100.0,1.0,0.0,100.0,1.0,0.0
214,mixed_20,3,3,579.3825386281061,289.69126931405305,2000579.3825386283,500144.8456346571,1636.8,34.67796610169491,67795.24469621517,1436.3399300045587,47.2,0.1726495245091221,100.0,33.0,20,0.18506106900060187,0.6991525423728814,100.0,100.0,4.0,1.0,0.0,0.0,4,100.0,1.0,0.0,100.0,1.0,0.0,100.0,1.0,0.0,100.0,1.0,0.0
215,mixed_20,1,3,1208.5783455586914,549.3537934357688,1003042.7666551934,250760.69166379835,1583.6,33.55084745762712,71032.99749953103,1504.9363877019287,47.2,0.11225698359060024,95.0,34.8,20,0.09658275364781352,0.7372881355932204,95.0,100.0,4.0,1.0,0.0,0.0,4,100.0,1.0,0.0,100.0,1.0,0.0,100.0,1.0,0.0,80.0,1.0,0.0
216,mixed_20,1,1,376.1427171760369,268.6733694114549,1020577.3347427339,255144.33368568346,1479.0,32.15217391304348,72007.54595092128,1565.3814337156798,46.0,0.23160759671536102,80.11595397376482,37.6,18,0.3753552548241617,0.8173913043478261,80.11595397376482,100.0,3.6,0.9,0.4570707884615061,0.0,4,100.0,1.0,0.0,100.0,1.0,0.0,100.0,1.0,0.0,20.46381589505927,0.6,1.8282831538460245
217,mixed_20,1,1,46.22368547124336,46.22368547124336,1387501.1199338038,346875.27998345095,1382.4,31.27601809954751,70833.14186208644,1602.55977063544,44.2,0.5260059510322078,80.98238227657134,36.6,18,0.9301361488118118,0.8280542986425339,80.98238227657134,100.0,3.6,0.9,1.0810904249059083,0.0,4,100.0,1.0,0.0,100.0,1.0,0.0,100.0,1.0,0.0,23.929529106285372,0.6,4.324361699623633
218,mixed_20,1,1,27.437666261987356,27.437666261987356,8227393.115715271,2056848.2789288177,1492.0,34.53703703703704,70497.25071981011,1631.880803699308,43.2,0.860514387175298,75.71809670491234,36.2,18,1.5093501450638234,0.8379629629629629,75.71809670491234,100.0,3.6,0.9,1.299283337858097,0.0,4,100.0,1.0,0.0,100.0,1.0,0.0,100.0,1.0,0.0,2.872386819649364,0.6,5.197133351432388
219,mixed_20,1,1,19.896000068837573,19.896000068837573,8080673.219986211,2020168.3049965526,1672.0,39.43396226415094,69863.21842873293,1647.717415772003,42.4,1.1760793564736667,82.2268824847697,36.2,20,2.0489969456859503,0.8537735849056604,82.2268824847697,100.0,4.0,1.0,1.6253927639469505,0.0,4,100.0,1.0,0.0,100.0,1.0,0.0,100.0,1.0,0.0,28.907529939078813,1.0,6.501571055787802
220,mixed_20,1,1,16.59186457383929,16.59186457383929,6448789.899786904,1612197.474946726,1852.0,45.3921568627451,67060.84047324669,1643.64805081487,40.8,1.4040428890766166,77.9649215944903,36.2,19,2.43855047473142,0.8872549019607843,77.9649215944903,100.0,3.8,0.95,2.0719830433611217,0.0,4,100.0,1.0,0.0,100.0,1.0,0.0,100.0,1.0,0.0,11.859686377961225,0.8,8.287932173444487
221,mixed_20,1,1,19.769721955695793,19.769721955695793,5018053.7259438,1254513.43148595,2032.0,51.5736040609137,62395.71928414119,1583.6476975670353,39.4,1.2080520330946105,76.78454602527609,36.2,17,2.1317463223254145,0.9187817258883249,76.78454602527609,100.0,3.4,0.85,2.2759267394908895,0.0,4,100.0,1.0,0.0,100.0,1.0,0.0,100.0,1.0,0.0,7.138184101104343,0.4,9.103706957963558
222,mixed_20,1,1,18.405206540851633,18.405206540851633,3000018.4052065406,750004.6013016351,2212.0,56.42857142857143,62853.12849089602,1603.3961349718372,39.2,1.2849089368995557,77.59141249823756,36.2,16,2.2523050707205963,0.923469387755102,77.59141249823756,100.0,3.2,0.8,2.4118120925366666,0.0,4,100.0,1.0,0.0,100.0,1.0,0.0,100.0,1.0,0.0,10.365649992950239,0.2,9.647248370146666
223,mixed_20,1,1,19.68547938102639,19.68547938102639,3000019.685479381,750004.9213698453,2392.0,60.71065989847716,61835.51452823569,1569.4293027470987,39.4,1.201661247333015,77.72974102621333,36.2,16,2.1077069716879446,0.9187817258883249,77.72974102621333,100.0,3.2,0.8,2.2895944853310617,0.0,4,100.0,1.0,0.0,100.0,1.0,0.0,100.0,1.0,0.0,10.91896410485333,0.2,9.158377941324247
224,mixed_20,1,1,26.503274164723415,26.503274164723415,3000026.503274164,750006.625818541,2574.0,63.71287128712871,63514.395113018356,1572.138492896494,40.4,0.884988077399754,77.90365158102986,37.0,16,1.54414184687387,0.9158415841584159,77.90365158102986,100.0,3.2,0.8,2.1524621069664494,0.0,4,100.0,1.0,0.0,100.0,1.0,0.0,100.0,1.0,0.0,11.61460632411945,0.2,8.609848427865797
225,mixed_20,1,1,36.17736177589956,36.17736177589956,4918494.5608770065,1229623.6402192516,2760.2,66.67149758454106,64599.36723476747,1560.371189245591,41.4,0.6612182212266294,82.11550322462699,37.8,17,1.1670943361802009,0.9130434782608695,82.11550322462699,100.0,3.4,0.85,1.4774978703484676,0.0,4,100.0,1.0,0.0,100.0,1.0,0.0,100.0,1.0,0.0,28.462012898507965,0.4,5.90999148139387
226,mixed_20,4,1,655.15903742841,297.79956246745905,1002426.5655889747,250606.6413972437,2569.2,62.970588235294116,64568.5704235252,1582.563000576598,40.8,0.5634549651782701,80.0,33.2,18,0.8290747896484522,0.8137254901960784,80.0,100.0,3.6,0.9,0.0,0.0,4,100.0,1.0,0.0,60.0,0.8,0.0,60.0,0.8,0.0,100.0,1.0,0.0
227,mixed_20,4,4,440.41443982786734,146.80481327595578,1000440.4144398278,250110.10360995695,2160.4,53.21182266009852,64815.50838898575,1596.4410933247723,40.6,0.7106733757196411,77.06549391360454,25.8,17,0.6535966046636918,0.6354679802955665,77.06549391360454,100.0,3.4,0.85,0.7283932446295918,0.0,4,100.0,1.0,0.0,68.3806230719074,0.8,1.0824220561134772,39.88135258251077,0.6,1.8311509224048896,100.0,1.0,0.0
228,mixed_20,4,4,338.5179817316999,112.83932724389996,1000338.5179817316,250084.6294954329,1820.4,44.4,62148.86654289963,1515.8260132414543,41.0,0.7340042639998726,94.25771820799355,20.6,19,0.5343971312941452,0.5024390243902439,94.25771820799355,100.0,3.8,0.95,0.8695949277240562,0.0,4,100.0,1.0,0.0,100.0,1.0,0.0,77.0308728319742,0.8,3.478379710896225,100.0,1.0,0.0
229,mixed_20,4,4,509.40050900183604,169.80016966727868,1000509.4005090019,250127.35012725048,1852.2,43.27570093457944,64748.547617288794,1512.8165331142243,42.8,0.6193366515313008,75.73760021075259,23.0,17,0.5180593105577312,0.5373831775700935,75.73760021075259,100.0,3.4,0.85,0.2920109401854807,0.0,4,100.0,1.0,0.0,100.0,1.0,0.0,2.9504008430103568,0.4,1.1680437607419227,100.0,1.0,0.0
230,mixed_20,4,4,828.3694422235316,276.1231474078439,1000828.3694422233,250207.09236055583,1979.4,45.39908256880734,67924.41740384292,1557.8994817395164,43.6,0.558309221553569,89.3889627634735,28.0,19,0.6010867914550769,0.6422018348623854,89.3889627634735,100.0,3.8,0.95,0.8192780161208615,0.0,4,100.0,1.0,0.0,100.0,1.0,0.0,57.555851053894,0.8,3.277112064483446,100.0,1.0,0.0
231,mixed_20,4,4,362.24736750461,181.123683752305,1014598.4047303355,253649.60118258387,2131.4,49.33796296296296,69914.14931370402,1618.3830859653708,43.2,0.7943745766282015,78.101426935051,32.8,19,1.2127797261383721,0.7592592592592593,78.101426935051,100.0,3.8,0.95,1.2231843733627845,0.0,4,100.0,1.0,0.0,100.0,1.0,0.0,12.40570774020398,0.8,4.892737493451138,100.0,1.0,0.0
232,mixed_20,4,4,333.4642048684974,238.18871776321245,2258239.0767456703,564559.7691864176,2303.6,53.822429906542055,70605.4230546991,1649.659417165867,42.8,1.1283756251383377,79.46443822308197,35.6,19,1.9352542580156689,0.8317757009345794,79.46443822308197,100.0,3.8,0.95,1.6248510779344807,0.0,4,100.0,1.0,0.0,100.0,1.0,0.0,17.85775289232788,0.8,6.499404311737923,100.0,1.0,0.0
233,mixed_20,4,4,17.059084622308017,17.059084622308017,4950716.929943614,1237679.2324859034,2483.0,60.26699029126213,67317.4735753899,1633.9192615385898,41.2,1.3675603867243782,76.31326257021783,36.0,20,2.3768831537184596,0.8737864077669902,76.31326257021783,100.0,4.0,1.0,1.815834721076885,0.0,4,100.0,1.0,0.0,100.0,1.0,0.0,5.253050280871321,1.0,7.26333888430754,100.0,1.0,0.0
234,mixed_20,4,4,18.646907254877295,18.646907254877295,3000018.646907255,750004.6617268138,2663.0,66.575,63178.548490239795,1579.463712255995,40.0,1.2592313706353322,75.3453793016115,36.2,17,2.1988496682140166,0.905,75.3453793016115,100.0,3.4,0.85,1.8775796367055562,0.0,4,100.0,1.0,0.0,100.0,1.0,0.0,1.3815172064460057,0.4,7.510318546822225,100.0,1.0,0.0
235,mixed_20,4,4,18.199690181147805,18.199690181147805,3000018.199690181,750004.5499225452,2843.0,72.15736040609137,63577.21019153809,1613.6347764349769,39.4,1.2866771430026858,78.2972583646881,36.2,17,2.242211087382249,0.9187817258883249,78.2972583646881,100.0,3.4,0.85,2.343725479711904,0.0,4,100.0,1.0,0.0,100.0,1.0,0.0,13.18903345875242,0.4,9.374901918847616,100.0,1.0,0.0
236,mixed_20,4,4,18.50535188440823,18.50535188440823,3000018.5053518843,750004.6263379711,3023.0,76.7258883248731,62662.88258009136,1590.4284918804915,39.4,1.2607890670985695,75.00652253609246,36.2,17,2.191968757252324,0.9187817258883249,75.00652253609246,100.0,3.4,0.85,2.192921728966758,0.0,4,100.0,1.0,0.0,100.0,1.0,0.0,0.026090144369845802,0.4,8.771686915867033,100.0,1.0,0.0
237,mixed_20,4,4,18.422624899510293,18.422624899510293,6354609.0981014995,1588652.2745253749,3203.0,81.29441624365482,63346.50507187549,1607.7793165450632,39.4,1.268908661228037,75.0,36.2,16,2.2087654291927987,0.9187817258883249,75.0,100.0,3.2,0.8,0.0,0.0,4,100.0,1.0,0.0,100.0,1.0,0.0,0.0,0.2,0.0,100.0,1.0,0.0
238,mixed_20,4,4,18.49715527002432,18.49715527002432,11131083.426166499,2782770.8565416248,3383.0,85.86294416243655,63457.17437663467,1610.5881821480882,39.4,1.2642435895536903,77.70540093454883,36.2,16,2.2013820886424775,0.9187817258883249,77.70540093454883,100.0,3.2,0.8,2.3101936279334807,0.0,4,100.0,1.0,0.0,100.0,1.0,0.0,10.821603738195336,0.2,9.240774511733923,100.0,1.0,0.0
239,mixed_20,4,4,18.850266565116954,18.850266565116954,5023447.932538186,1255861.9831345465,3563.0,90.43147208121827,63212.024231247604,1604.366097239787,39.4,1.2405453677420666,77.63700556976801,36.2,16,2.1597706466480227,0.9187817258883249,77.63700556976801,100.0,3.2,0.8,2.370112551772065,0.0,4,100.0,1.0,0.0,100.0,1.0,0.0,10.548022279072029,0.2,9.48045020708826,100.0,1.0,0.0
240,mixed_20,4,4,20.005798328064824,20.005798328064824,8671752.15897441,2167938.0397436023,3743.0,95.0,62392.14455424626,1583.5569683818849,39.4,1.166855035067527,77.68428314666039,36.2,16,2.0290046536386357,0.9187817258883249,77.68428314666039,100.0,3.2,0.8,2.328368379384954,0.0,4,100.0,1.0,0.0,100.0,1.0,0.0,10.737132586641565,0.2,9.313473517539816,100.0,1.0,0.0
241,mixed_20,4,4,19.177725313433555,19.177725313433555,4844522.527685078,1211130.6319212695,3923.0,99.06565656565657,63589.64235025636,1605.799049248898,39.6,1.2188668829180553,75.59212734004291,36.2,17,2.121464089493724,0.9141414141414141,75.59212734004291,100.0,3.4,0.85,2.0395350107690318,0.0,4,100.0,1.0,0.0,100.0,1.0,0.0,2.368509360171629,0.4,8.158140043076127,100.0,1.0,0.0
242,mixed_20,4,4,19.52045289997709,19.52045289997709,3000019.5204529,750004.880113225,4103.0,104.13705583756345,63373.91864765849,1608.4750925801648,39.4,1.198049975685241,77.63506448848375,36.2,16,2.0858083307787516,0.9187817258883249,77.63506448848375,100.0,3.2,0.8,2.3718584601306407,0.0,4,100.0,1.0,0.0,100.0,1.0,0.0,10.540257953934997,0.2,9.487433840522563,100.0,1.0,0.0
243,mixed_20,4,4,17.834956286597784,17.834956286597784,3000017.8349562865,750004.4587390716,4283.0,108.15656565656566,64157.43059684893,1620.137136284064,39.6,1.3126768113992329,75.45651396852577,36.2,17,2.2867728955803144,0.9141414141414141,75.45651396852577,100.0,3.4,0.85,2.169078080309555,0.0,4,100.0,1.0,0.0,100.0,1.0,0.0,1.8260558741030763,0.4,8.67631232123822,100.0,1.0,0.0
244,mixed_20,4,4,19.110160671288238,19.110160671288238,3000019.1101606716,750004.7775401679,4463.0,113.2741116751269,63011.67449693718,1599.2810786024666,39.4,1.223067599528402,77.60950724323948,36.2,16,2.1286562017865878,0.9187817258883249,77.60950724323948,100.0,3.2,0.8,2.3950881976633895,0.0,4,100.0,1.0,0.0,100.0,1.0,0.0,10.438028972957909,0.2,9.580352790653558,100.0,1.0,0.0
245,mixed_20,4,4,19.51109493839622,19.51109493839622,3000019.5110949385,750004.8777737346,4643.0,117.84263959390863,63113.090686655094,1601.855093569926,39.4,1.1980372137716075,77.75552490550581,36.2,16,2.0854114164828674,0.9187817258883249,77.75552490550581,100.0,3.2,0.8,2.268170390153937,0.0,4,100.0,1.0,0.0,100.0,1.0,0.0,11.022099622023234,0.2,9.072681560615749,100.0,1.0,0.0
246,mixed_20,4,4,19.79432016953927,19.79432016953927,3000019.7943201694,750004.9485800423,4823.0,122.41116751269035,62980.22658602418,1598.4829082747256,39.4,1.1809932354760044,76.52217585910421,36.2,17,2.0557959725307144,0.9187817258883249,76.52217585910421,100.0,3.4,0.85,2.2424714072607457,0.0,4,100.0,1.0,0.0,100.0,1.0,0.0,6.088703436416836,0.4,8.969885629042983,100.0,1.0,0.0
247,mixed_20,4,4,19.615191218013216,19.615191218013216,3000019.615191218,750004.9037978045,5003.0,126.97969543147208,63181.724894267296,1603.597078534703,39.4,1.1907276548549999,77.75292021052678,36.2,16,2.0715591199954613,0.9187817258883249,77.75292021052678,100.0,3.2,0.8,2.2703164356529024,0.0,4,100.0,1.0,0.0,100.0,1.0,0.0,11.011680842107125,0.2,9.08126574261161,100.0,1.0,0.0
248,mixed_20,4,4,18.381804370127462,18.381804370127462,3000018.3818043703,750004.5954510926,5183.0,130.8838383838384,63277.644756485395,1597.9203221334694,39.6,1.2673480057522346,76.24588458703897,36.2,17,2.200948457893661,0.9141414141414141,76.24588458703897,100.0,3.4,0.85,2.2786382274702195,0.0,4,100.0,1.0,0.0,100.0,1.0,0.0,4.983538348155889,0.4,9.114552909880878,100.0,1.0,0.0
249,mixed_20,4,4,17.848925125591965,17.848925125591965,3000017.848925126,750004.4622312814,5363.0,135.42929292929293,63286.398468231026,1598.1413754603793,39.6,1.3081354643974916,76.19989964172532,36.2,17,2.274905205486287,0.9141414141414141,76.19989964172532,100.0,3.4,0.85,2.1029821981210266,0.0,4,100.0,1.0,0.0,100.0,1.0,0.0,4.799598566901295,0.4,8.411928792484106,100.0,1.0,0.0
250,mixed_20,4,4,18.41197134755985,18.41197134755985,3000018.4119713474,750004.6029928369,5543.0,140.68527918781726,63387.86662792422,1608.829102231579,39.4,1.2703754127922005,78.5057911122442,36.2,17,2.212256167643342,0.9187817258883249,78.5057911122442,100.0,3.4,0.85,2.2811644903731176,0.0,4,100.0,1.0,0.0,100.0,1.0,0.0,14.023164448976786,0.4,9.12465796149247,100.0,1.0,0.0
251,mixed_20,4,4,19.30224367168703,19.30224367168703,3000019.3022436714,750004.8255609178,5723.0,145.99489795918367,62932.1144857589,1605.41108382038,39.2,1.22512818438001,76.09052652842479,36.2,17,2.1479218750513516,0.923469387755102,76.09052652842479,100.0,3.4,0.85,2.3663453584071252,0.0,4,100.0,1.0,0.0,100.0,1.0,0.0,4.362106113699156,0.4,9.465381433628501,100.0,1.0,0.0
252,mixed_20,4,4,22.99172687637694,22.99172687637694,3000022.9917268762,750005.7479317191,5903.2,147.58,62833.96530942859,1570.8491327357146,40.0,1.0199296783744818,75.0,36.4,16,1.779783735159288,0.91,75.0,100.0,3.2,0.8,0.0,0.0,4,100.0,1.0,0.0,100.0,1.0,0.0,0.0,0.2,0.0,100.0,1.0,0.0
253,mixed_20,4,4,29.65628671650243,29.65628671650243,3000029.6562867165,750007.4140716791,6087.2,148.46829268292683,64546.89978362202,1574.3146288688297,41.0,0.7888872545953021,77.76411513512244,37.4,17,1.373759675470859,0.9121951219512195,77.76411513512244,100.0,3.4,0.85,2.1483327531954273,0.0,4,100.0,1.0,0.0,100.0,1.0,0.0,11.056460540489752,0.4,8.593331012781709,100.0,1.0,0.0
254,mixed_20,0,4,287.3652108799673,179.60325679997956,2001042.6159487206,500260.65398718015,5890.0,142.96116504854368,65098.6532405498,1580.0643990424708,41.2,0.6150962827765787,87.82419137398051,35.8,19,0.9651981475909591,0.8689320388349514,87.82419137398051,100.0,3.8,0.95,1.2987829036693743,0.0,4,100.0,1.0,0.0,60.0,0.8,0.0,91.29676549592205,1.0,5.195131614677497,100.0,1.0,0.0
255,mixed_20,0,0,200.10591543550703,100.05295771775351,2000200.1059154354,500050.02647885884,5505.8,134.94607843137254,65054.761921150435,1594.4794588517263,40.8,0.5973197038283977,80.30847985086325,32.6,18,0.6901273073455099,0.7990196078431373,80.30847985086325,100.0,3.6,0.9,0.4407705807392664,0.0,4,100.0,1.0,0.0,21.233919403453,0.6,1.7630823229570656,100.0,1.0,0.0,100.0,1.0,0.0
256,mixed_20,0,0,132.9770569082031,66.48852845410156,2000132.977056908,500033.244264227,5235.6,130.23880597014926,65898.02593468377,1639.254376484671,40.2,0.7716544928726894,79.34805043688925,30.6,18,0.8545548607895068,0.7611940298507462,79.34805043688925,100.0,3.6,0.9,0.9646847045236768,0.0,4,100.0,1.0,0.0,17.39220174755701,0.6,3.8587388180947073,100.0,1.0,0.0,100.0,1.0,0.0
257,mixed_20,0,0,136.128532502604,68.064266251302,2000136.1285325028,500034.0321331257,5235.2,130.22885572139305,67213.8838490911,1671.9871604251516,40.2,1.0953592788629067,78.79300114805005,30.6,18,1.4557159484771227,0.7611940298507462,78.79300114805005,100.0,3.6,0.9,1.3731523033419182,0.0,4,100.0,1.0,0.0,15.17200459220021,0.6,5.492609213367673,100.0,1.0,0.0,100.0,1.0,0.0
258,mixed_20,0,0,149.14259428094917,74.57129714047458,1800461.4716827206,450115.36792068015,5207.8,131.510101010101,66943.65271002208,1690.496280556113,39.6,1.4005637900578318,83.19248601205231,31.0,19,2.0286886533871202,0.7828282828282829,83.19248601205231,100.0,3.8,0.95,1.6608162732297185,0.0,4,100.0,1.0,0.0,32.769944048209254,0.8,6.643265092918874,100.0,1.0,0.0,100.0,1.0,0.0
259,mixed_20,0,0,586.7989200824379,195.5996400274793,1000586.7989200825,250146.69973002063,4101.4,106.25388601036269,61669.45179690341,1597.6541916296221,38.6,1.4091450263531062,62.61313509401816,28.4,17,2.0032646698227095,0.7357512953367875,62.61313509401816,100.0,3.4,0.85,2.058037715183631,0.0,4,25.46413893015142,0.6,1.6732902312714706,24.988401445921227,0.8,6.558860629463054,100.0,1.0,0.0,100.0,1.0,0.0
260,mixed_20,0,0,716.4840989865761,238.82803299552538,1000716.4840989865,250179.12102474662,2992.2,77.51813471502591,62039.6692968625,1607.2453185715674,38.6,1.4347175451020444,77.69407329101341,27.6,17,2.0586080417542183,0.7150259067357513,77.69407329101341,100.0,3.4,0.85,2.1848962906568907,0.0,4,100.0,1.0,0.0,10.77629316405364,0.4,8.739585162627563,100.0,1.0,0.0,100.0,1.0,0.0
261,mixed_20,3,0,404.20906727786615,168.4204446991109,1001176.7574599131,250294.1893649783,2140.8,56.33684210526316,59291.5191414759,1560.3031353019974,38.0,1.4046479416111395,72.71512878430144,26.6,16,2.101930831398431,0.7,72.71512878430144,100.0,3.2,0.8,2.3019165927365113,0.0,4,100.0,1.0,0.0,10.860515137205766,0.2,9.207666370946045,80.0,1.0,0.0,100.0,1.0,0.0
262,mixed_20,3,3,351.29082655136267,146.37117772973446,1001760.4821251094,250440.12053127735,2157.0,57.06349206349206,61717.278966125115,1632.7322477810876,37.8,1.4269057561298502,59.80034595952134,26.6,14,2.0143574158866486,0.7037037037037037,59.80034595952134,100.0,2.8,0.7,2.679366859803986,0.0,4,100.0,1.0,0.0,11.125464541660222,0.2,8.988388720807274,28.075919296425127,0.6,1.72907871840867,100.0,1.0,0.0
263,mixed_20,3,3,71.84448347573003,35.922241737865015,1050616.8615469686,262654.21538674214,2218.6,61.62777777777778,61107.73446981421,1697.4370686059503,36.0,1.6559639802023116,54.75597077617181,25.0,14,1.9546825926184122,0.6944444444444444,54.75597077617181,100.0,2.8,0.7,3.3843731646525823,0.0,4,100.0,1.0,0.0,10.284195230924524,0.2,9.723658269273272,8.739687873762705,0.6,3.813834389337056,100.0,1.0,0.0
264,mixed_20,3,3,51.66624144648714,25.83312072324357,4490741.095976191,1122685.2739940477,2328.0,66.13636363636364,59124.66750537344,1679.6780541299274,35.2,1.9010702101987953,51.56839459308003,24.4,15,2.0060184989731256,0.6931818181818182,51.56839459308003,100.0,3.0,0.75,3.464646357506724,0.0,4,100.0,1.0,0.0,4.475202041603552,0.4,8.748982443660497,1.7983763307165646,0.6,5.109602986366398,100.0,1.0,0.0
265,mixed_20,3,3,59.01407229084587,29.507036145422934,7076698.638369379,1769174.6595923447,2448.6,67.26923076923077,58247.240268756825,1600.1989084823304,36.4,1.6349446760293436,63.17180147554154,24.8,16,1.699407643659356,0.6813186813186813,63.17180147554154,100.0,3.2,0.8,2.5508412881096922,0.0,4,100.0,1.0,0.0,6.4199256277424865,0.4,9.303096350748092,46.26728027442368,0.8,0.9002688016906766,100.0,1.0,0.0
266,mixed_20,3,3,72.69203381770754,36.34601690885377,2000072.6920338173,500018.1730084543,2568.0,70.1639344262295,57484.80257579057,1570.6230211964637,36.6,1.315119084423754,63.88897795119533,24.4,15,1.3540376032983716,0.6666666666666666,63.88897795119533,100.0,3.0,0.75,1.9232048423162267,0.0,4,100.0,1.0,0.0,29.584405442401476,0.4,4.93246223823881,25.97150636237984,0.6,2.7603571310260966,100.0,1.0,0.0
267,mixed_20,3,3,83.01321144340713,41.506605721703565,2000083.0132114433,500020.75330286083,2688.6,73.05978260869566,59389.991733759154,1613.8584710260639,36.8,1.4361862698010106,63.563228983597355,25.0,14,1.7315533928625977,0.6793478260869565,63.563228983597355,100.0,2.8,0.7,1.7616371268725066,0.0,4,100.0,1.0,0.0,15.097856770694307,0.4,6.6234566613524235,39.155059163695114,0.4,0.4230918461376026,100.0,1.0,0.0
268,mixed_20,3,3,75.08499825313581,37.542499126567904,2000075.084998253,500018.77124956326,2808.0,78.87640449438203,59352.12972380103,1667.1946551629503,35.6,1.6385200733762773,64.14051445034829,24.4,15,1.991145203321014,0.6853932584269663,64.14051445034829,100.0,3.0,0.75,3.0067277200126377,0.0,4,100.0,1.0,0.0,10.9625537302054,0.2,9.12196213227831,45.599504071187766,0.8,2.9049487477722398,100.0,1.0,0.0
269,mixed_20,3,3,57.162689401297214,28.581344700648607,2000057.1626894013,500014.2906723503,2929.2,82.28089887640449,59821.57771703815,1680.3813965460154,35.6,1.688556868349382,61.159832922866144,25.0,16,1.7573773228306324,0.702247191011236,61.159832922866144,100.0,3.2,0.8,3.459056787938943,0.0,4,100.0,1.0,0.0,4.996341220280556,0.4,9.303235509102313,39.64299047118402,0.8,4.5329916426534576,100.0,1.0,0.0
270,mixed_20,3,3,52.335615402416465,26.167807701208233,2000052.3356154026,500013.08390385064,3048.0,86.10169491525424,59021.93280507228,1667.2862374314204,35.4,1.8131720051986886,58.56807532803032,24.4,15,1.8499504095200454,0.6892655367231638,58.56807532803032,100.0,3.0,0.75,2.518595102038949,0.0,4,100.0,1.0,0.0,14.087371018999875,0.2,4.841480757541575,20.184930293121397,0.8,5.232899650614223,100.0,1.0,0.0
271,mixed_20,3,3,50.81073392788254,25.40536696394127,2000050.8107339279,500012.70268348197,3168.0,90.51428571428572,56071.93652601596,1602.0553293147418,35.0,1.9128786523145933,63.627729232473484,24.4,18,1.995224705524221,0.6971428571428572,63.627729232473484,100.0,3.6,0.9,2.554870679827341,0.0,4,100.0,1.0,0.0,43.45174386678082,0.8,4.190624331164715,11.059173063113121,0.8,6.0288583881446485,100.0,1.0,0.0
272,mixed_20,3,3,68.6226205020542,34.3113102510271,2000068.622620502,500017.1556551255,3291.0,92.96610169491525,54005.287573673646,1525.5730953015154,35.4,1.396116851425679,83.846792715849,26.0,18,1.4390969999502323,0.7344632768361582,83.846792715849,100.0,3.6,0.9,0.615748935556813,0.0,4,100.0,1.0,0.0,100.0,1.0,0.0,35.38717086339602,0.6,2.462995742227252,100.0,1.0,0.0
273,mixed_20,3,3,64.16304727002228,32.08152363501114,2000064.1630472697,500016.0407618174,3408.2,96.82386363636364,57036.15518569711,1620.3453177754861,35.2,1.509660342637422,62.648062953287535,24.6,17,1.5750541805403682,0.6988636363636364,62.648062953287535,100.0,3.4000000000000004,0.8500000000000001,1.1315364495198887,0.0,4,100.0,1.0,0.0,24.32456605652078,0.6,1.613497226236264,26.267685756629362,0.8,2.912648571843291,100.0,1.0,0.0
274,mixed_20,3,3,65.48191069296833,32.740955346484164,2000065.481910693,500016.37047767325,3530.6,98.62011173184358,57757.05568741863,1613.3255778608554,35.8,1.460640500613653,79.49357853912716,25.6,18,1.497182771055744,0.7150837988826816,79.49357853912716,100.0,3.6,0.9,0.41054778943989356,0.0,4,100.0,1.0,0.0,37.974314156508626,0.6,1.6421911577595742,80.0,1.0,0.0,100.0,1.0,0.0
275,mixed_20,3,3,77.59108825588409,38.795544127942044,2000077.5910882559,500019.39777206397,3649.4,102.51123595505618,58686.96431881344,1648.510233674535,35.6,1.3958076499495533,84.05279618893587,25.0,19,1.5830274535522226,0.702247191011236,84.05279618893587,100.0,3.8,0.95,0.8346028121194016,0.0,4,100.0,1.0,0.0,100.0,1.0,0.0,36.21118475574349,0.8,3.3384112484776063,100.0,1.0,0.0
276,mixed_20,3,3,64.26169156384614,32.13084578192307,2000064.2616915635,500016.0654228909,3768.0,107.04545454545455,56351.716962723876,1600.901050077383,35.2,1.528684771803807,66.63124648733515,24.4,17,1.6190520384946387,0.6931818181818182,66.63124648733515,100.0,3.4,0.85,1.746463332641921,0.0,4,100.0,1.0,0.0,50.26549151699328,0.8,2.2553591086689657,16.25949443234731,0.6,4.730494221898718,100.0,1.0,0.0
277,mixed_20,3,3,74.28939900681358,37.14469950340679,2000074.2893990069,500018.5723497517,3889.4,108.64245810055866,56863.973499158456,1588.379148021186,35.8,1.374518060356878,65.09062772105494,25.2,15,1.4999927253587257,0.7039106145251397,65.09062772105494,100.0,3.0,0.75,1.6517502102669999,0.0,4,100.0,1.0,0.0,54.951397210679715,0.8,0.9627228008622544,5.411113673540058,0.2,5.644278040205745,100.0,1.0,0.0
278,mixed_20,3,3,94.97922333128828,47.48961166564414,2000094.979223331,500023.74480583274,4019.4,109.81967213114754,58584.95655920314,1600.6818732022718,36.6,1.3391060905411387,75.27456421943384,28.0,18,1.6733921248655754,0.7650273224043715,75.27456421943384,100.0,3.6,0.9,1.7886633302203976,0.0,4,100.0,1.0,0.0,100.0,1.0,0.0,1.0982568777353663,0.6,7.15465332088159,100.0,1.0,0.0
279,mixed_20,3,3,81.56854948035182,40.78427474017591,2000081.5685494803,500020.3921373701,4131.6,114.13259668508287,58673.7583694913,1620.822054405837,36.2,1.3880417435553407,67.95078147383265,25.6,15,1.6135063814573456,0.7071823204419889,67.95078147383265,100.0,3.0,0.75,2.0612602533062656,0.0,4,100.0,1.0,0.0,60.0,0.8,0.0,11.803125895330595,0.2,8.245041013225062,100.0,1.0,0.0
280,mixed_20,3,3,93.10700184610285,46.55350092305142,2000093.1070018455,500023.2767504614,4251.8,113.68449197860963,59372.033816488096,1587.4875352002166,37.4,1.2627642198096418,73.49714215121821,25.8,17,1.5246276919065844,0.6898395721925134,73.49714215121821,100.0,3.4,0.85,2.112949830175678,0.0,4,100.0,1.0,0.0,85.32225757359356,1.0,2.5050372809430312,8.666311031279292,0.4,5.94676203975968,100.0,1.0,0.0
281,mixed_20,4,3,132.69192648698066,66.34596324349033,2000132.6919264868,500033.1729816217,4390.8,118.03225806451613,56974.35862195752,1531.5687801601484,37.2,1.4375546591062183,75.0,29.8,16,2.05498053990297,0.8010752688172043,75.0,100.0,3.2,0.8,0.0,0.0,4,100.0,1.0,0.0,100.0,1.0,0.0,0.0,0.2,0.0,100.0,1.0,0.0
282,mixed_20,4,4,294.2644463532324,147.1322231766162,2000294.2644463528,500073.5661115882,4547.4,121.58823529411765,59098.0300115791,1580.1612302561257,37.4,1.4867491387706404,80.48470041370251,32.8,17,2.3793518405240226,0.8770053475935828,80.48470041370251,100.0,3.4,0.85,2.280388211391708,0.0,4,100.0,1.0,0.0,100.0,1.0,0.0,21.93880165481005,0.4,9.121552845566832,100.0,1.0,0.0
283,mixed_20,4,4,452.0700037948944,251.15000210827463,2000701.436392914,500175.3590982285,4716.6,125.44148936170212,58856.15860100337,1565.323367047962,37.6,1.1483974444042488,75.0,34.8,15,2.0116546595932476,0.925531914893617,75.0,100.0,3.0,0.75,0.0,0.0,4,100.0,1.0,0.0,100.0,1.0,0.0,0.0,0.0,0.0,100.0,1.0,0.0
284,mixed_20,4,4,248.35827566158522,177.39876832970376,1808067.319097964,452016.829774491,4298.0,115.53763440860214,59037.54114527507,1587.0306759482546,37.2,1.3607936318477403,72.62381827346758,34.0,16,2.3511478243418185,0.9139784946236559,72.62381827346758,100.0,3.2,0.8,2.3820247245020307,0.0,4,100.0,1.0,0.0,100.0,1.0,0.0,10.49527309387031,0.2,9.528098898008123,80.0,1.0,0.0
285,mixed_20,4,4,177.42195487655565,88.71097743827782,3439233.6974768937,859808.4243692234,3022.8,83.04395604395604,57681.24340101653,1584.6495439839705,36.4,1.1784572334568226,59.81798949103563,29.4,12,1.7853174944987171,0.8076923076923077,59.81798949103563,100.0,2.4,0.6,0.5248932371034276,0.0,4,100.0,1.0,0.0,100.0,1.0,0.0,0.0,0.0,0.0,39.27195796414253,0.4,2.0995729484137104
286,mixed_20,4,4,89.81417660656051,44.907088303280254,2000089.8141766065,500022.4535441516,2171.2,60.64804469273743,57905.84859983357,1617.4818044646247,35.8,1.1764085751626727,57.44466944555484,26.6,14,1.3096700152972944,0.7430167597765364,57.44466944555484,100.0,2.8000000000000003,0.7000000000000001,3.0827186494677714,0.0,4,100.0,1.0,0.0,100.0,1.0,0.0,11.559948665321826,0.2,8.650557445811636,18.21872911689752,0.6,3.68031715205945
287,mixed_20,4,4,145.8129968610623,72.90649843053114,2000145.812996861,500036.45324921526,1924.2,51.725806451612904,58520.06881061918,1573.1201293177198,37.2,0.6973091438379326,74.40116219794277,28.2,15,0.7551011685006626,0.7580645161290323,74.40116219794277,100.0,3.0,0.75,0.9600329222759076,0.0,4,100.0,1.0,0.0,100.0,1.0,0.0,0.0,0.0,0.0,97.60464879177107,1.0,3.8401316891036306
288,mixed_20,7,4,349.3913560829867,134.38129080114874,1001029.1539255595,250257.28848138987,1628.6,44.016216216216215,59701.87908377013,1613.5642995613548,37.0,0.9271228729263095,55.0,25.8,13,0.985637780164497,0.6972972972972973,55.0,100.0,2.6,0.65,0.0,0.0,4,60.0,0.8,0.0,100.0,1.0,0.0,0.0,0.0,0.0,60.0,0.8,0.0
289,mixed_20,7,7,356.9022567808862,118.96741892696207,1000356.902256781,250089.22556419525,1150.0,30.585106382978722,57064.048935421044,1517.660875942049,37.6,0.867524714727778,75.94105644124284,21.8,17,0.9079816699610753,0.5797872340425532,75.94105644124284,100.0,3.4000000000000004,0.8500000000000001,2.3674486080537975,0.0,4,76.00736811201386,0.8,1.8375297920837759,100.0,1.0,0.0,66.6734543206303,0.8,5.8601696678406245,61.08340333232718,0.8,1.7720949722907897
290,mixed_20,7,7,513.1777114587528,171.0592371529176,1000513.1777114586,250128.29442786466,696.8,17.95876288659794,57777.83977488376,1489.119581826901,38.8,0.5227667964552123,100.0,21.4,20,0.4811567452123637,0.5515463917525774,100.0,100.0,4.0,1.0,0.0,0.0,4,100.0,1.0,0.0,100.0,1.0,0.0,100.0,1.0,0.0,100.0,1.0,0.0
291,mixed_20,7,7,874.0503436781422,291.35011455938076,1000874.0503436783,250218.51258591958,712.4,17.54679802955665,60212.05132895596,1483.0554514521173,40.6,0.3213693917148258,100.0,28.2,20,0.2789659319562781,0.6945812807881774,100.0,100.0,4.0,1.0,0.0,0.0,4,100.0,1.0,0.0,100.0,1.0,0.0,100.0,1.0,0.0,100.0,1.0,0.0
292,mixed_20,7,7,762.3289957932072,381.1644978966036,1004781.9001844965,251195.47504612413,871.0,20.738095238095237,64452.61667067664,1534.5861112065866,42.0,0.3654996985401807,100.0,34.6,20,0.5483739668540824,0.8238095238095238,100.0,100.0,4.0,1.0,0.0,0.0,4,100.0,1.0,0.0,100.0,1.0,0.0,100.0,1.0,0.0,100.0,1.0,0.0
293,mixed_20,1,7,680.9324085287035,309.51473114941064,1002097.8185567412,250524.4546391853,958.2,23.600985221674875,63431.25784296787,1562.346252289849,40.6,0.2799327553851798,85.0,34.4,19,0.3160080097153713,0.8472906403940886,85.0,100.0,3.8,0.95,0.0,0.0,4,60.0,0.8,0.0,100.0,1.0,0.0,100.0,1.0,0.0,80.0,1.0,0.0
294,mixed_20,1,1,519.207694208424,173.069231402808,1000519.2076942085,250129.80192355212,984.6,24.615,63372.11853951837,1584.3029634879595,40.0,0.5072730299499917,74.93485627050518,26.8,17,0.40204470514861074,0.67,74.93485627050518,100.0,3.4,0.85,1.0076252503712888,0.0,4,63.69780608370547,0.8,1.88837592424206,100.0,1.0,0.0,100.0,1.0,0.0,36.04161899831524,0.6,2.142125077243095
295,mixed_20,1,1,367.61427765678025,122.53809255226008,1000367.6142776568,250091.9035694142,1005.0,25.9020618556701,62867.72492579244,1620.3021888090834,38.8,0.6634775918233768,89.60843777899868,21.0,19,0.49472956022586645,0.5412371134020618,89.60843777899868,100.0,3.8,0.95,1.0195723713257243,0.0,4,80.0,1.0,0.0,100.0,1.0,0.0,100.0,1.0,0.0,78.43375111599471,0.8,4.078289485302897
296,mixed_20,1,1,404.594447181991,155.61324891615038,1009830.2109158321,252457.55272895802,1077.6,27.77319587628866,60327.29931102458,1554.8273018305304,38.8,0.6783743299698459,55.228409828239364,20.6,14,0.5801308579104699,0.5309278350515464,55.228409828239364,100.0,2.8000000000000003,0.7000000000000001,0.5398573829006358,0.0,4,20.913639312957457,0.6,2.159429531602543,100.0,1.0,0.0,100.0,1.0,0.0,0.0,0.2,0.0
297,mixed_20,1,1,495.688593900771,165.229531300257,1000495.6885939005,250123.92214847513,1175.0,29.375,62337.45519713104,1558.436379928276,40.0,0.6437093065576109,79.29180558341045,21.8,18,0.5183801112303807,0.545,79.29180558341045,100.0,3.6,0.9,0.8874366789465344,0.0,4,87.50982550223853,1.0,2.1134553689319566,100.0,1.0,0.0,100.0,1.0,0.0,29.657396831403275,0.6,1.436291346854181
298,mixed_20,1,1,425.5649743477105,141.85499144923685,1000425.5649743477,250106.39124358693,1265.6,32.285714285714285,60071.85779734808,1532.4453519731653,39.2,0.7844289676582286,69.82265591443479,20.0,16,0.5955247243523832,0.5102040816326531,69.82265591443479,100.0,3.1999999999999997,0.7999999999999999,0.877960220433563,0.0,4,60.0,0.8,0.0,100.0,1.0,0.0,100.0,1.0,0.0,19.29062365773916,0.4,3.511840881734252
299,mixed_20,5,1,546.5291305522799,195.18897519724283,1000782.3797186107,250195.59492965267,1367.8,33.199029126213595,64288.58460049906,1560.4025388470645,41.2,0.668674305634785,87.01615086153993,22.6,19,0.6903023566854558,0.5485436893203883,87.01615086153993,100.0,3.8,0.95,0.6643929228730354,0.0,4,82.55657671589688,1.0,2.3218460647935775,100.0,1.0,0.0,100.0,1.0,0.0,65.50802673026283,0.8,0.3357256266985643
300,mixed_20,5,5,485.0910339956881,161.69701133189605,1000485.0910339957,250121.27275849893,1478.6,35.71497584541063,64205.838231357324,1550.8656577622542,41.4,0.7463241693311748,78.48248827397015,25.4,18,0.7848640813803657,0.6135265700483091,78.48248827397015,100.0,3.6,0.9,0.719881630822658,0.0,4,100.0,1.0,0.0,100.0,1.0,0.0,100.0,1.0,0.0,13.929953095880592,0.6,2.879526523290632
301,mixed_20,5,5,639.2226132327665,213.0742044109222,1000639.2226132328,250159.8056533082,1578.0,37.39336492890995,66221.85931303554,1569.238372346814,42.2,0.7273184057412158,76.25419863499133,25.6,17,0.9005457830223086,0.6066350710900474,76.25419863499133,100.0,3.4,0.85,0.9323444702137406,0.0,4,100.0,1.0,0.0,100.0,1.0,0.0,100.0,1.0,0.0,5.016794539965304,0.4,3.7293778808549622
302,mixed_20,5,5,362.585185526063,164.81144796639228,1361905.5823276064,340476.3955819016,1680.8,39.271028037383175,63770.84250957525,1489.9729558311974,42.8,0.5069606472269883,71.9911662292759,25.8,16,0.591860229939001,0.602803738317757,71.9911662292759,100.0,3.1999999999999997,0.7999999999999999,0.5172415534722058,0.0,4,48.192610598803185,0.8,1.8912696013046222,100.0,1.0,0.0,100.0,1.0,0.0,39.772054318300434,0.4,0.17769661258420108
303,mixed_20,5,5,655.6653008624547,252.17896187017487,1737218.13133626,434304.532834065,1792.2,41.10550458715596,67878.23650492918,1556.8402868103024,43.6,0.4432928222183755,85.50682152019021,26.2,19,0.4642465318700737,0.6009174311926605,85.50682152019021,100.0,3.8,0.95,0.6265863338255878,0.0,4,100.0,1.0,0.0,100.0,1.0,0.0,100.0,1.0,0.0,42.02728608076086,0.8,2.5063453353023513
304,mixed_20,5,5,374.1295371464506,155.88730714435442,1021865.1435301213,255466.28588253033,1902.6,44.246511627906976,67003.62546677049,1558.22384806443,43.0,0.6433825857483789,79.20651336646984,26.4,19,0.7845192424451485,0.6139534883720931,79.20651336646984,100.0,3.8,0.95,0.9936087689518548,0.0,4,80.0,1.0,0.0,100.0,1.0,0.0,100.0,1.0,0.0,36.82605346587934,0.8,3.974435075807419
305,mixed_20,5,5,283.60747534420636,128.91248879282105,1553550.7310770927,388387.6827692732,2012.2,47.23474178403756,69351.28585035002,1627.9644565809865,42.6,0.7958828638989416,68.6257500390002,25.8,15,0.8616331316516265,0.6056338028169014,68.6257500390002,100.0,3.0,0.75,0.8890549822552027,0.0,4,36.52537344715711,0.6,2.5117260386264397,100.0,1.0,0.0,100.0,1.0,0.0,37.97762670884367,0.4,1.0444938903943712
306,mixed_20,5,5,119.4899483359219,59.74497416796095,1134726.7415881848,283681.6853970462,2128.6,49.50232558139535,65992.40161946995,1534.707014406278,43.0,0.7953382060549302,76.9876822988681,26.4,18,0.803146380403177,0.6139534883720931,76.9876822988681,100.0,3.6,0.9,1.2337640827488225,0.0,4,81.4071048153528,1.0,3.0855315326910775,100.0,1.0,0.0,100.0,1.0,0.0,26.54362438011958,0.6,1.8495247983042127
307,mixed_20,5,5,190.81483465611535,95.40741732805768,5089730.750271775,1272432.6875679437,2272.6,50.955156950672645,66319.10006487234,1486.9753377774068,44.6,0.5202367339619964,100.0,31.8,20,0.5445100998614323,0.7130044843049327,100.0,100.0,4.0,1.0,0.0,0.0,4,100.0,1.0,0.0,100.0,1.0,0.0,100.0,1.0,0.0,100.0,1.0,0.0
308,mixed_20,5,5,589.5861200083002,294.7930600041501,2000589.5861200087,500147.3965300022,2449.2,52.55793991416309,68693.70350534553,1474.1138091275866,46.6,0.226795716540123,100.0,38.4,20,0.2847360715747236,0.8240343347639485,100.0,100.0,4.0,1.0,0.0,0.0,4,100.0,1.0,0.0,100.0,1.0,0.0,100.0,1.0,0.0,100.0,1.0,0.0
309,mixed_20,3,5,1242.8753891921008,517.8647454967087,23798.641386325136,5949.660346581284,1895.6,40.85344827586207,71149.08859644631,1533.3855300958257,46.4,0.14170065672160603,80.0,38.2,18,0.11362200991349403,0.8232758620689655,80.0,100.0,3.6,0.9,0.0,0.0,4,100.0,1.0,0.0,60.0,0.8,0.0,60.0,0.8,0.0,100.0,1.0,0.0
310,mixed_20,3,3,397.6954688733949,198.84773443669744,786152.8013136041,196538.20032840103,1128.0,25.178571428571427,70498.56785239279,1573.6287467051964,44.8,0.29556399947956796,72.93749800470664,33.8,17,0.3617011512201235,0.7544642857142857,72.93749800470664,100.0,3.4000000000000004,0.8500000000000001,0.9392515242059853,0.0,4,100.0,1.0,0.0,25.01926874815581,0.6,1.7759112545811995,66.73072327067075,0.8,1.9810948422427417,100.0,1.0,0.0
311,mixed_20,3,3,200.31199879753402,100.15599939876701,9824136.1246208,2456034.0311552,507.4,11.855140186915888,68542.33428287225,1601.4564084783237,42.8,0.6478446045893167,83.30904302380759,26.0,19,0.8191322612136062,0.6074766355140186,83.30904302380759,100.0,3.8,0.95,0.9616068643662312,0.0,4,100.0,1.0,0.0,33.23617209523036,0.8,3.846427457464925,100.0,1.0,0.0,100.0,1.0,0.0
312,mixed_20,3,3,110.51383651285349,55.256918256426744,2994910.5861117668,748727.6465279417,528.2,12.576190476190476,68262.2267363382,1625.291112769957,42.0,0.9501872786909686,64.31563302919244,24.6,17,1.0505267907377516,0.5857142857142857,64.31563302919244,100.0,3.4,0.85,0.8690679286592341,0.0,4,100.0,1.0,0.0,44.011946077880566,0.8,0.6854938885327576,13.250586038889196,0.6,2.7907778261041787,100.0,1.0,0.0
313,mixed_20,3,3,72.99984565314739,36.499922826573695,7503273.215730144,1875818.303932536,648.0,16.119402985074625,67539.54428383909,1680.088166264654,40.2,1.2970580041209916,62.22712236342886,24.2,19,1.3222378094371872,0.6019900497512438,62.22712236342886,100.0,3.8,0.95,1.7044012921535572,0.0,4,100.0,1.0,0.0,21.3141175502642,0.8,2.5998433888088575,27.594371903451247,1.0,4.217761779805372,100.0,1.0,0.0
314,mixed_20,3,3,80.44886805102118,40.22443402551059,2000080.4488680507,500020.1122170127,768.2,19.014851485148515,63376.408494825126,1568.7229825451764,40.4,1.2652405632118948,70.82925972475095,24.6,16,1.3713653586267565,0.6089108910891089,70.82925972475095,100.0,3.2,0.8,0.957357245371545,0.0,4,100.0,1.0,0.0,52.59520980569505,0.6,0.5121901680015908,30.72182909330877,0.6,3.317238813484589,100.0,1.0,0.0
315,mixed_20,3,3,133.6310195369909,66.81550976849545,3904505.445421809,976126.3613554522,892.2,21.55072463768116,62479.68612566183,1509.1711624555996,41.4,0.7887817039746168,100.0,26.6,20,0.8799174028274968,0.642512077294686,100.0,100.0,4.0,1.0,0.0,0.0,4,100.0,1.0,0.0,100.0,1.0,0.0,100.0,1.0,0.0,100.0,1.0,0.0
316,mixed_20,3,3,131.94774939918332,65.97387469959166,5632230.508745622,1408057.6271864055,1010.6,24.41062801932367,66483.88156948239,1605.8908591662412,41.4,0.8045119090146642,58.31576349242482,25.8,15,0.8955240360564373,0.6231884057971014,58.31576349242482,100.0,3.0,0.75,0.6832974977247124,0.0,4,100.0,1.0,0.0,20.0,0.4,0.0,13.263053969699286,0.6,2.7331899908988495,100.0,1.0,0.0
317,mixed_20,3,3,111.05917195539078,55.52958597769539,5226583.380918892,1306645.845229723,1128.4,27.388349514563107,64522.60349417967,1566.0826090820308,41.2,0.8809579537777893,76.37831218424708,24.8,19,0.9245557038783848,0.6019417475728155,76.37831218424708,100.0,3.8,0.95,1.5892838506587639,0.0,4,100.0,1.0,0.0,41.257333226603805,0.8,2.591226652824124,64.25591551038451,1.0,3.765908749810932,100.0,1.0,0.0
318,mixed_20,3,3,98.22144155564936,49.11072077782468,2000098.2214415553,500024.5553603888,1248.8,30.310679611650485,62697.354422026096,1521.7804471365557,41.2,0.9600275600731265,72.46734904999812,25.0,18,0.9732865260554432,0.6067961165048543,72.46734904999812,100.0,3.6,0.9,1.3867121618555456,0.0,4,100.0,1.0,0.0,62.608589526976175,1.0,3.4121059320538443,27.260806673016305,0.6,2.134742715368338,100.0,1.0,0.0
319,mixed_20,3,3,114.44664938186477,57.22332469093239,2000114.4466493824,500028.6116623456,1370.2,33.09661835748792,65010.66835640109,1570.3059989468861,41.4,1.0114386620495535,83.29003357415331,26.0,19,1.1849218546258067,0.6280193236714976,83.29003357415331,100.0,3.8,0.95,0.9264477924141725,0.0,4,100.0,1.0,0.0,100.0,1.0,0.0,33.16013429661325,0.8,3.70579116965669,100.0,1.0,0.0
320,mixed_20,3,3,173.81213330889454,86.90606665444727,2000173.812133309,500043.45303332724,1491.6,35.68421052631579,62724.26873690148,1500.5805917919015,41.8,0.6757936968520584,90.0,26.2,19,0.8168492743803597,0.6267942583732058,90.0,100.0,3.8,0.95,0.0,0.0,4,100.0,1.0,0.0,60.0,0.8,0.0,100.0,1.0,0.0,100.0,1.0,0.0
321,mixed_20,3,3,144.3091306412962,72.1545653206481,2000144.3091306414,500036.07728266035,1608.8,39.6256157635468,66550.677710332,1639.1792539490643,40.6,0.6919918269957877,60.39339735623798,25.0,15,0.7355900489804259,0.6157635467980296,60.39339735623798,100.0,3.0,0.75,1.3448618709137459,0.0,4,100.0,1.0,0.0,24.602338169493123,0.6,3.4307083384403816,16.97125125545881,0.4,1.948739145214602,100.0,1.0,0.0
322,mixed_20,3,3,93.50669973660914,46.75334986830457,2000093.5066997365,500023.3766749341,1728.8,44.55670103092783,63178.274576325624,1628.3060457815882,38.8,1.0838669866814907,62.28889102837002,24.6,17,1.1812362005059465,0.634020618556701,62.28889102837002,100.0,3.4000000000000004,0.8500000000000001,1.5499250716672561,0.0,4,100.0,1.0,0.0,1.6264649915365226,0.6,4.572151388725985,47.529099121943545,0.8,1.62754889794304,100.0,1.0,0.0
323,mixed_20,3,3,94.44221947744055,47.22110973872027,2000094.4422194776,500023.6105548694,1849.0,47.90155440414508,62363.486949182305,1615.6343769218213,38.6,1.203451551816298,82.45180812091348,25.2,19,1.403548031620858,0.6528497409326425,82.45180812091348,100.0,3.8,0.95,1.4251077620277122,0.0,4,100.0,1.0,0.0,29.807232483653934,0.8,5.700431048110849,100.0,1.0,0.0,100.0,1.0,0.0
324,mixed_20,3,3,89.86808331234673,44.93404165617336,2000089.8680833124,500022.4670208281,1968.4,51.8,59552.53932328998,1567.1720874549997,38.0,1.0917592990525127,58.25412667483761,24.6,15,1.146298088958715,0.6473684210526316,58.25412667483761,100.0,3.0,0.75,0.7395004238291043,0.0,4,100.0,1.0,0.0,20.0,0.4,0.0,13.01650669935043,0.6,2.958001695316417,100.0,1.0,0.0
325,mixed_20,3,3,91.62428244310921,45.812141221554604,2000091.6242824427,500022.9060706107,2088.0,55.82887700534759,60873.44053148676,1627.6320997723733,37.4,1.2258391444354662,67.85268730668918,24.2,17,1.4139080663179184,0.6470588235294118,67.85268730668918,100.0,3.4000000000000004,0.8500000000000001,1.461821018437103,0.0,4,100.0,1.0,0.0,29.526996466652236,0.6,1.7247068645840251,41.88375276010447,0.8,4.122577209164387,100.0,1.0,0.0
326,mixed_20,3,3,119.75659091898498,59.87829545949249,2000119.7565909189,500029.9391477297,2209.4,58.76063829787234,57165.386320480946,1520.3560191617273,37.6,0.8250839648652188,64.94944682162668,25.4,14,0.8766308977107758,0.675531914893617,64.94944682162668,100.0,3.0,0.75,0.6186618159725675,0.0,4,100.0,1.0,0.0,18.533475490698947,0.2,0.037669691901343186,41.26431179580777,0.8,2.436977571988927,100.0,1.0,0.0
327,mixed_20,3,3,95.7764516170735,47.88822580853675,2000095.776451617,500023.94411290425,2328.0,64.30939226519337,58220.19185309067,1608.292592626814,36.2,1.3177109998562861,77.55107973576287,24.2,19,1.650040495368151,0.6685082872928176,77.55107973576287,100.0,3.8,0.95,0.9478731696481062,0.0,4,100.0,1.0,0.0,80.0,1.0,0.0,30.204318943051476,0.8,3.791492678592425,100.0,1.0,0.0
328,mixed_20,3,3,68.34794211550678,34.17397105775339,2000068.3479421157,500017.08698552893,2448.0,70.34482758620689,57653.94775383159,1656.722636604356,34.8,1.580674727527026,58.21270517507628,24.4,14,1.847654520118744,0.7011494252873564,58.21270517507628,100.0,2.8,0.7,0.8351544861823421,0.0,4,100.0,1.0,0.0,32.85082070030512,0.8,3.3406179447293685,0.0,0.0,0.0,100.0,1.0,0.0
329,mixed_20,3,3,71.98516226067625,35.992581130338124,2000071.9851622607,500017.9962905652,2568.4,74.23121387283237,52532.57653126786,1518.2825587071636,34.6,1.4091630908608077,58.09321494162418,24.6,13,1.524204916662255,0.7109826589595376,58.09321494162418,100.0,2.5999999999999996,0.6499999999999999,2.020551470864891,0.0,4,100.0,1.0,0.0,20.0,0.4,0.0,12.372859766496731,0.2,8.082205883459563,100.0,1.0,0.0
330,mixed_20,3,3,94.54205962168707,47.27102981084354,2000094.5420596213,500023.6355149053,2688.2,75.93785310734464,54904.335705877726,1550.9699351942859,35.4,1.2715508682478949,68.93679806895875,24.6,14,1.5498572116891973,0.6949152542372882,68.93679806895875,100.0,2.8,0.7,0.10365872766531076,0.0,4,100.0,1.0,0.0,75.747192275835,0.8,0.41463491066124303,0.0,0.0,0.0,100.0,1.0,0.0
331,mixed_20,3,3,154.75927687659504,77.37963843829752,2000154.7592768767,500038.6898192192,2817.8,76.98907103825137,55481.21680512452,1515.8802405771726,36.6,1.6962628208099382,75.42491137273828,27.6,17,2.5844521198498347,0.7540983606557377,75.42491137273828,100.0,3.4,0.85,2.2357282706070696,0.0,4,100.0,1.0,0.0,100.0,1.0,0.0,1.6996454909531167,0.4,8.942913082428278,100.0,1.0,0.0
332,mixed_20,3,3,316.9778032197928,158.4889016098964,2000316.9778032196,500079.2444508049,2964.8,78.85106382978724,57432.19029003136,1527.4518694157277,37.6,1.0559327987770302,75.0,31.0,15,1.6887852326530977,0.824468085106383,75.0,100.0,3.0,0.75,0.0,0.0,4,100.0,1.0,0.0,100.0,1.0,0.0,0.0,0.0,0.0,100.0,1.0,0.0
333,mixed_20,4,3,395.24264711042434,219.57924839468018,1003923.0839875226,250980.77099688066,2733.0,74.2663043478261,58481.61975978982,1589.1744499942886,36.8,1.52243814766688,67.42636760192113,30.8,16,2.525707271649171,0.8369565217391305,67.42636760192113,100.0,3.2,0.8,2.2202860840829093,0.0,4,100.0,1.0,0.0,100.0,1.0,0.0,9.705470407684516,0.4,8.881144336331637,60.0,0.8,0.0
334,mixed_20,4,4,187.59505307347473,93.79752653673737,1101517.7747869068,275379.4436967267,2347.2,63.78260869565217,58199.326301401,1581.503432103288,36.8,1.3631935759051501,65.67131354600065,30.4,14,2.1099971863015052,0.8260869565217391,65.67131354600065,100.0,2.8,0.7,0.4138152420886781,0.0,4,100.0,1.0,0.0,100.0,1.0,0.0,0.0,0.0,0.0,62.68525418400259,0.8,1.6552609683547124
335,mixed_20,4,4,189.98869372723485,94.99434686361742,3741855.450208401,935463.8625521002,1963.4,53.93956043956044,56677.746996938215,1557.0809614543466,36.4,1.4194232966316072,77.5362225844924,29.4,16,2.2248821084103305,0.8076923076923077,77.5362225844924,100.0,3.2,0.8,2.464294750080407,0.0,4,100.0,1.0,0.0,100.0,1.0,0.0,10.144890337969628,0.2,9.857179000321628,100.0,1.0,0.0
336,mixed_20,4,4,411.3790388467637,205.68951942338185,5483828.765738014,1370957.1914345035,2040.8,55.15675675675676,55884.73521372455,1510.3982490195824,37.0,1.495330067396583,75.0,32.0,15,2.4951448210969187,0.8648648648648649,75.0,100.0,3.0,0.75,0.0,0.0,4,100.0,1.0,0.0,100.0,1.0,0.0,0.0,0.0,0.0,100.0,1.0,0.0
337,mixed_20,4,4,23.830667001762762,23.830667001762762,3862191.418915987,965547.8547289968,2208.8,58.744680851063826,58501.36823826279,1555.8874531452868,37.6,1.0768344056712262,77.59378688531797,35.0,17,1.9517640127181144,0.9308510638297872,77.59378688531797,100.0,3.4,0.85,2.30129853002727,0.0,4,100.0,1.0,0.0,100.0,1.0,0.0,10.375147541271872,0.4,9.20519412010908,100.0,1.0,0.0
338,mixed_20,4,4,22.836539782179024,22.836539782179024,2388923.8829996483,597230.9707499121,2388.0,64.19354838709677,57580.27529896258,1547.856862875338,37.2,1.0639423566241433,75.0,36.2,15,1.8981357954232558,0.9731182795698925,75.0,100.0,3.0,0.75,0.0,0.0,4,100.0,1.0,0.0,100.0,1.0,0.0,0.0,0.0,0.0,100.0,1.0,0.0
339,mixed_20,4,4,19.169245773012115,19.169245773012115,5789484.956246374,1447371.2390615935,2568.0,67.57894736842105,60032.768556743256,1579.8096988616646,38.0,1.255586010980326,77.55697551536173,36.0,16,2.2253330288787567,0.9473684210526315,77.55697551536173,100.0,3.2,0.8,2.4442940350626823,0.0,4,100.0,1.0,0.0,100.0,1.0,0.0,10.227902061446912,0.2,9.77717614025073,100.0,1.0,0.0
