step,control_mode,phase,prev_phase,TotalTravelTime,AvgTravelTime,TotalTravelTime_Raw,AvgTravelTime_Raw,TotalWaitingTime,AvgWaitingTime,TotalCO2,AvgCO2,VehCount,AvgSpeed,AvgOccupancy,QueueLength,Throughput,SpeedStd,HaltRatio,det_occ_mean,det_occ_max,det_veh_sum,det_veh_mean,det_speed_mean,det_speed_min,n_detectors,d0_occ,d0_veh,d0_speed,d1_occ,d1_veh,d1_speed,d2_occ,d2_veh,d2_speed,d3_occ,d3_veh,d3_speed,d4_occ,d4_veh,d4_speed,d5_occ,d5_veh,d5_speed,d6_occ,d6_veh,d6_speed,d7_occ,d7_veh,d7_speed
0,actuated,0,0,624.0967316955258,78.01209146194073,624.0967316955258,78.01209146194073,87.6,2.4065934065934065,62647.04388523054,1721.0726342096302,36.4,2.1464423998090725,53.90686337797308,16.6,26,2.1581391114737905,0.45604395604395603,53.90686337797309,100.0,5.199999999999999,0.6499999999999999,1.5987059460212945,0.0,8,100.0,1.0,0.0,0.0,0.0,0.0,43.70955694816644,0.8,4.08816434123032,100.0,1.0,0.0,7.545350075618273,0.4,8.701483226940036,100.0,1.0,0.0,0.0,0.0,0.0,80.0,1.0,0.0
1,actuated,0,0,675.5533953314641,96.50762790449487,463423.61978908087,57927.95247363511,157.4,4.056701030927835,65395.279048917975,1685.4453363123191,38.8,1.5185372719590622,51.35684149627973,20.8,24,1.1392075239570043,0.5360824742268041,51.356841496279735,100.0,4.8,0.6,1.8080744742274741,0.0,8,100.0,1.0,0.0,0.0,0.0,0.0,65.32268342231845,1.0,5.100086519042401,100.0,1.0,0.0,0.0,0.0,0.0,100.0,1.0,0.0,5.907727889766647,0.2,7.2194405419096706,39.62432065815278,0.6,2.145068732867721
2,actuated,0,0,780.2565580651194,111.46522258073135,801054.0625501382,100131.75781876728,275.8,7.035714285714286,64290.49509546421,1640.0636503944952,39.2,1.3307401813154682,66.87092972623265,26.6,31,1.3218171804432746,0.6785714285714286,66.87092972623265,100.0,6.2,0.7749999999999999,1.630233803039164,0.0,8,100.0,1.0,0.0,1.8228628583622708,0.4,9.051633987389506,100.0,1.0,0.0,100.0,1.0,0.0,0.0,0.0,0.0,100.0,1.0,0.0,100.0,1.0,0.0,33.14457495149895,0.8,3.990236436923807
3,actuated,0,0,1007.2055230158927,157.37586297123323,455901.58185590943,56987.69773198868,421.6,10.134615384615385,68891.7646083903,1656.052033855536,41.6,1.1881880705628984,62.90315516687099,32.0,28,1.600492331229341,0.7692307692307693,62.90315516687098,100.0,5.6,0.7,0.6853229459630152,0.0,8,100.0,1.0,0.0,0.0,0.0,0.0,100.0,1.0,0.0,100.0,1.0,0.0,0.0,0.0,0.0,100.0,1.0,0.0,100.0,1.0,0.0,3.2252413349678477,0.6,5.482583567704122
4,actuated,0,0,874.2490643628577,124.89272348040824,1000874.2490643632,125109.2811330454,546.6,12.891509433962264,69625.31385620545,1642.10645887277,42.4,1.4022948493369383,58.87553884812316,31.6,25,1.6355171591721067,0.7452830188679245,58.87553884812316,100.0,5.0,0.625,1.1359184817876524,0.0,8,100.0,1.0,0.0,0.0,0.0,0.0,100.0,1.0,0.0,100.0,1.0,0.0,0.0,0.0,0.0,100.0,1.0,0.0,60.0,0.8,0.0,11.004310784985307,0.2,9.08734785430122
5,actuated,0,0,1093.6156218964331,143.89679235479383,10310.003977248336,1288.750497156042,681.8,15.355855855855856,73431.91595883461,1653.8719810548334,44.4,1.6418819413870722,55.046379816151514,32.8,25,1.6472330044766128,0.7387387387387387,55.04637981615151,100.0,5.0,0.625,1.2546331019226566,0.0,8,100.0,1.0,0.0,0.0,0.0,0.0,100.0,1.0,0.0,100.0,1.0,0.0,7.939572461409625,0.4,8.212636986281723,100.0,1.0,0.0,32.43146606780243,0.6,1.8244278290995297,0.0,0.0,0.0
6,actuated,0,0,1083.3364207241516,174.73168076195992,791806.6286752726,98975.82858440907,853.4,18.471861471861473,73537.495476758,1591.7206813151083,46.2,1.559520704421911,52.54978321002128,36.2,23,1.9747934892343493,0.7835497835497836,52.549783210021275,100.0,4.6000000000000005,0.575,1.7157864715078064,0.0,8,100.0,1.0,0.0,0.0,0.0,0.0,100.0,1.0,0.0,100.0,1.0,0.0,0.0,0.0,0.0,100.0,1.0,0.0,18.342773558057957,0.2,5.451738238139571,2.0554921221122413,0.4,8.27455353392288
7,actuated,0,0,1358.4178925230751,205.82089280652656,1002447.7847447908,125305.97309309884,1039.0,22.392241379310345,75076.55427188525,1618.0291868940787,46.4,1.5506999426102648,50.34196106978172,38.6,21,1.8683739553211032,0.8318965517241379,50.34196106978172,100.0,4.2,0.525,0.8869724502441189,0.0,8,100.0,1.0,0.0,2.7356885582537416,0.2,7.095779601952951,100.0,1.0,0.0,100.0,1.0,0.0,0.0,0.0,0.0,100.0,1.0,0.0,0.0,0.0,0.0,0.0,0.0,0.0
8,actuated,0,0,1107.949316129196,221.5898632258392,1210095.9103014104,151261.9887876763,1236.0,24.621513944223107,81384.40319223801,1621.2032508413945,50.2,1.4675141291875338,65.23780925178116,41.4,27,2.289031900292842,0.8247011952191236,65.23780925178116,100.0,5.4,0.675,2.283870331104838,0.0,8,100.0,1.0,0.0,100.0,1.0,0.0,100.0,1.0,0.0,100.0,1.0,0.0,0.0,0.0,0.0,100.0,1.0,0.0,10.719440222268304,0.2,9.32884534327291,11.18303379198096,0.2,8.942117305565793
9,actuated,0,0,910.5684681649191,227.64211704122977,2690893.238878132,336361.6548597665,1453.0,29.06,77435.89983961523,1548.7179967923046,50.0,1.360242392961674,62.5,45.2,25,2.247524892777628,0.904,62.5,100.0,5.0,0.625,0.0,0.0,8,100.0,1.0,0.0,100.0,1.0,0.0,100.0,1.0,0.0,100.0,1.0,0.0,0.0,0.0,0.0,100.0,1.0,0.0,0.0,0.0,0.0,0.0,0.0,0.0
10,actuated,0,0,1084.9819134370011,216.99638268740023,4441020.058263687,555127.5072829609,1685.0,30.86080586080586,88243.828624572,1616.1873374463737,54.6,1.3985015292675027,65.2409031568125,47.8,27,2.0550552909693276,0.8754578754578755,65.2409031568125,100.0,5.4,0.675,2.2807263205293236,0.0,8,100.0,1.0,0.0,100.0,1.0,0.0,100.0,1.0,0.0,100.0,1.0,0.0,0.0,0.0,0.0,100.0,1.0,0.0,11.1186442707276,0.2,8.993902274872944,10.808580983772345,0.2,9.251908289361646
11,actuated,0,0,324.5513662253038,77.27413481554852,2858883.4927465795,357360.43659332243,1924.2,36.03370786516854,84393.61894600661,1580.4048491761537,53.4,1.2643613030700078,62.5,48.8,25,1.571297773793322,0.9138576779026217,62.5,100.0,5.0,0.625,0.0,0.0,8,100.0,1.0,0.0,100.0,1.0,0.0,100.0,1.0,0.0,100.0,1.0,0.0,0.0,0.0,0.0,100.0,1.0,0.0,0.0,0.0,0.0,0.0,0.0,0.0
12,actuated,0,0,136.2282610556079,37.84118362655775,5452196.208006056,681524.526000757,2169.6,39.447272727272725,87431.27373384901,1589.6595224336183,55.0,1.322795805152305,70.31310006534568,49.6,29,1.6885498232459137,0.9018181818181819,70.31310006534568,100.0,5.8,0.725,0.91883468962869,0.0,8,100.0,1.0,0.0,100.0,1.0,0.0,100.0,1.0,0.0,100.0,1.0,0.0,62.504800522765436,0.8,7.35067751702952,100.0,1.0,0.0,0.0,0.0,0.0,0.0,0.0,0.0
13,actuated,0,0,170.662161598785,71.10923399949375,4664054.868033368,583006.858504171,2419.6,44.47794117647059,85809.89946628407,1577.3878578361043,54.4,1.5939518587302142,76.53336750446663,50.4,33,2.6994388136809193,0.9264705882352942,76.53336750446663,100.0,6.6000000000000005,0.825,2.096292722655935,0.0,8,100.0,1.0,0.0,100.0,1.0,0.0,100.0,1.0,0.0,100.0,1.0,0.0,100.0,1.0,0.0,100.0,1.0,0.0,11.576053336670498,0.2,8.638522741012352,0.6908866990625029,0.4,8.131819040235131
14,actuated,0,0,452.6777245838977,141.46178893246804,4747136.7852439815,593392.0981554977,2674.0,47.4113475177305,89820.38639565141,1592.560042476089,56.4,1.281611000261543,75.41417318640433,51.8,33,2.164380911201423,0.9184397163120568,75.41417318640434,100.0,6.6000000000000005,0.825,2.1347854811698195,0.0,8,100.0,1.0,0.0,100.0,1.0,0.0,100.0,1.0,0.0,100.0,1.0,0.0,100.0,1.0,0.0,100.0,1.0,0.0,1.6291537476882922,0.4,8.60960623230785,1.6842317435464338,0.2,8.468677617050707
15,actuated,0,0,297.71364770797373,74.42841192699343,4000297.7136477074,500037.2142059634,2930.4,51.23076923076923,88371.14201271613,1544.950035187345,57.2,0.9773076493754699,75.0,52.0,31,1.4133659916596426,0.9090909090909091,75.0,100.0,6.2,0.775,0.0,0.0,8,100.0,1.0,0.0,100.0,1.0,0.0,100.0,1.0,0.0,100.0,1.0,0.0,100.0,1.0,0.0,100.0,1.0,0.0,0.0,0.0,0.0,0.0,0.2,0.0
16,actuated,0,0,200.1898875459122,50.04747188647805,4000200.1898875474,500025.0237359434,3194.0,54.31972789115646,94436.29664511429,1606.0594667536443,58.8,1.0261738611828881,75.0,53.2,30,1.162942254900623,0.9047619047619048,75.0,100.0,6.0,0.75,0.0,0.0,8,100.0,1.0,0.0,100.0,1.0,0.0,100.0,1.0,0.0,100.0,1.0,0.0,100.0,1.0,0.0,100.0,1.0,0.0,0.0,0.0,0.0,0.0,0.0,0.0
17,actuated,3,0,757.4091885873374,199.31820752298356,2958159.098923839,369769.8873654799,2954.0,50.067796610169495,91729.44531301512,1554.7363612375445,59.0,0.7877310872096416,67.86420017189705,49.8,30,1.3045155239733532,0.8440677966101695,67.86420017189705,100.0,6.0,0.75,2.1822789027513525,0.0,8,100.0,1.0,0.0,100.0,1.0,0.0,60.0,0.8,0.0,60.0,0.8,0.0,100.0,1.0,0.0,100.0,1.0,0.0,11.557575839116225,0.2,8.65233344708441,11.356025536060201,0.2,8.80589777492641
18,actuated,3,3,336.9485016388086,84.23712540970214,4187897.796294812,523487.2245368515,2569.0,44.91258741258741,93793.80595102665,1639.7518522906755,57.2,0.7594135561273088,57.96942702240565,45.2,27,0.9302961869220875,0.7902097902097902,57.96942702240564,100.0,5.4,0.675,1.0970896487086863,0.0,8,100.0,1.0,0.0,100.0,1.0,0.0,25.35188145971233,0.6,1.8875295734646602,29.67617880509465,0.6,1.5180381032001171,100.0,1.0,0.0,100.0,1.0,0.0,8.727355914438135,0.2,5.371149513004713,0.0,0.0,0.0
19,actuated,3,3,494.22864128568636,112.32469120129235,3400701.9340099543,425087.7417512443,2366.4,41.95744680851064,94509.5193592849,1675.7006978596612,56.4,0.7565922471959078,84.1232259838145,37.6,39,0.9346978145961121,0.6666666666666666,84.1232259838145,100.0,7.8,0.975,1.8654550675195174,0.0,8,100.0,1.0,0.0,100.0,1.0,0.0,42.442373214032045,0.8,4.1186906408357995,46.8834494128339,1.0,3.6395414361261373,100.0,1.0,0.0,100.0,1.0,0.0,100.0,1.0,0.0,83.65998524365011,1.0,7.165408463194202
20,actuated,3,3,602.5915237857793,107.60562924746058,2400602.591523786,300075.32394047326,2529.0,45.32258064516129,98425.36794173815,1763.8954828268486,55.8,1.329618924279656,79.98738180492829,38.0,38,1.4671252655030753,0.6810035842293907,79.98738180492829,100.0,7.6,0.95,1.4049138954563076,0.0,8,100.0,1.0,0.0,100.0,1.0,0.0,21.63307533746149,0.8,5.483747565740609,18.26597910196483,0.8,5.755563597909852,100.0,1.0,0.0,100.0,1.0,0.0,100.0,1.0,0.0,100.0,1.0,0.0
21,actuated,3,3,388.8900602400792,64.8150100400132,2000388.89006024,250048.61125753,2714.2,49.71062271062271,96007.89049347737,1758.3862727743108,54.6,1.8720930277418955,79.31951502334093,37.6,38,1.863913114533717,0.6886446886446886,79.31951502334094,100.0,7.6,0.95,1.7792890327447752,0.0,8,100.0,1.0,0.0,100.0,1.0,0.0,19.55142028503076,0.8,7.192546759291045,15.004699901696767,0.8,7.0417655026671575,100.0,1.0,0.0,100.0,1.0,0.0,100.0,1.0,0.0,100.0,1.0,0.0
22,actuated,3,3,446.8411934889581,89.36823869779161,2531110.0611499827,316388.75764374784,2909.0,54.886792452830186,91195.63140566405,1720.672290672907,53.0,1.7140906851302247,79.40547471361917,40.8,38,2.165755911047183,0.769811320754717,79.40547471361917,100.0,7.6,0.95,1.9640753715833077,0.0,8,100.0,1.0,0.0,100.0,1.0,0.0,14.394106110927964,1.0,7.3490884637182585,20.8496915980254,0.6,8.363514508948203,100.0,1.0,0.0,100.0,1.0,0.0,100.0,1.0,0.0,100.0,1.0,0.0
23,actuated,3,3,473.7183712524517,118.42959281311292,4449316.362723176,556164.545340397,3114.2,59.65900383141762,85716.55529615631,1642.079603374642,52.2,1.3899337457355134,76.86057429926407,42.6,33,2.048429926146633,0.8160919540229885,76.86057429926407,100.0,6.6,0.825,2.164124832614058,0.0,8,100.0,1.0,0.0,100.0,1.0,0.0,11.589614212855395,0.2,8.628414903498541,3.2949801812571877,0.4,8.684583757413924,100.0,1.0,0.0,100.0,1.0,0.0,100.0,1.0,0.0,100.0,1.0,0.0
24,actuated,3,3,522.3911088732318,108.83148101525663,3000749.3588660033,375093.6698582504,3328.0,61.858736059479554,90045.43524776542,1673.706974865528,53.8,1.4502198184325734,76.80448528013272,43.8,34,1.9936629456778796,0.8141263940520446,76.80448528013272,100.0,6.8,0.85,2.2168646882986653,0.0,8,100.0,1.0,0.0,100.0,1.0,0.0,3.827964122321532,0.4,8.874628258962185,10.607918118740258,0.4,8.860289247427136,100.0,1.0,0.0,100.0,1.0,0.0,100.0,1.0,0.0,100.0,1.0,0.0
25,actuated,3,3,964.3648946809357,160.72748244682262,2000964.3648946802,250120.54561183503,3546.2,63.551971326164875,93346.89812292,1672.8834789053765,55.8,1.4766321815463441,77.78491756755301,44.8,32,1.977571515883053,0.8028673835125448,77.78491756755301,100.0,6.4,0.8,2.244284460949721,0.0,8,100.0,1.0,0.0,100.0,1.0,0.0,11.19373492068803,0.2,8.933568706829217,11.085605619736043,0.2,9.020706980768551,100.0,1.0,0.0,100.0,1.0,0.0,100.0,1.0,0.0,100.0,1.0,0.0
26,actuated,3,3,430.7297755410606,89.73536990438762,2759723.9111459884,344965.48889324855,3770.8,68.56,90935.36379915985,1653.3702508938154,55.0,1.5350069109537652,76.95147767053719,45.8,33,2.1306460950631045,0.8327272727272728,76.95147767053719,100.0,6.6,0.825,2.207392769772584,0.0,8,100.0,1.0,0.0,100.0,1.0,0.0,4.487434444526457,0.4,8.669882730115205,11.124386919771041,0.2,8.989259428065468,100.0,1.0,0.0,100.0,1.0,0.0,100.0,1.0,0.0,100.0,1.0,0.0
27,actuated,3,3,693.5173241636364,192.64370115656567,3982817.342505832,497852.167813229,4005.8,72.04676258992805,90090.42463667854,1620.3313783575277,55.6,1.5200314854273334,77.77011293572109,48.8,32,2.5222557919629205,0.8776978417266187,77.77011293572109,100.0,6.4,0.8,2.2562610859284318,0.0,8,100.0,1.0,0.0,100.0,1.0,0.0,11.124332336787006,0.2,8.989303535036475,11.036571148981693,0.2,9.06078515239098,100.0,1.0,0.0,100.0,1.0,0.0,100.0,1.0,0.0,100.0,1.0,0.0
28,actuated,3,3,565.6588334097854,141.41470835244635,4441248.574690816,555156.071836352,4250.0,75.35460992907801,91353.70624830044,1619.746564686178,56.4,1.2895463199309716,77.00468099567381,49.4,34,2.064464488905268,0.875886524822695,77.00468099567381,100.0,6.8,0.85,2.2162248543114407,0.0,8,100.0,1.0,0.0,100.0,1.0,0.0,5.291918974151599,0.4,8.808046081569046,10.74552899123887,0.4,8.921752752922478,100.0,1.0,0.0,100.0,1.0,0.0,100.0,1.0,0.0,100.0,1.0,0.0
29,actuated,3,3,482.40574860470605,126.94888121176476,3801464.0492661884,475183.00615827355,4495.6,79.70921985815603,89288.88264347639,1583.1362170829148,56.4,1.3249918261733198,75.65235425829883,50.0,32,2.1069893854541446,0.8865248226950354,75.65235425829883,100.0,6.4,0.8,1.0357377526932394,0.0,8,100.0,1.0,0.0,100.0,1.0,0.0,5.218834066390627,0.4,8.285902021545915,0.0,0.0,0.0,100.0,1.0,0.0,100.0,1.0,0.0,100.0,1.0,0.0,100.0,1.0,0.0
30,actuated,3,3,1168.2578394383825,233.6515678876765,2402453.140724877,300306.6425906096,4748.0,79.93265993265993,95856.93303493786,1613.75308139626,59.4,1.4318961970308277,77.89644940304859,51.6,33,2.2805302472516673,0.8686868686868687,77.8964494030486,100.0,6.6,0.825,2.1480573284206432,0.0,8,100.0,1.0,0.0,100.0,1.0,0.0,11.969768428444922,0.4,8.257343271840364,11.20182679594393,0.2,8.92711535552478,100.0,1.0,0.0,100.0,1.0,0.0,100.0,1.0,0.0,100.0,1.0,0.0
31,actuated,3,3,967.2861298636777,172.72966604708532,2001390.0528878924,250173.75661098654,5005.0,83.41666666666667,96455.5917888951,1607.5931964815848,60.0,1.3111045803991597,76.34668832562483,52.2,31,1.936611381703032,0.87,76.34668832562483,100.0,6.2,0.775,1.1602536164223778,0.0,8,100.0,1.0,0.0,100.0,1.0,0.0,10.773506604998602,0.2,9.282028931379022,0.0,0.0,0.0,100.0,1.0,0.0,100.0,1.0,0.0,100.0,1.0,0.0,100.0,1.0,0.0
32,actuated,3,3,820.190273904294,195.28339854864143,2480772.474701467,310096.5593376834,5270.8,87.55481727574751,94723.8393430894,1573.4857033735782,60.2,1.4343718661080482,76.05491416020953,54.6,31,2.2930645007800834,0.9069767441860465,76.05491416020953,100.0,6.2,0.775,1.0632001976249739,0.0,8,100.0,1.0,0.0,100.0,1.0,0.0,8.439313281676277,0.2,8.505601580999791,0.0,0.0,0.0,100.0,1.0,0.0,100.0,1.0,0.0,100.0,1.0,0.0,100.0,1.0,0.0
33,actuated,3,3,808.447030910214,237.77853850300414,3600303.477068392,450037.934633549,5550.8,87.00313479623824,99396.71611123916,1557.942258796852,63.8,1.1011028656817277,76.36410353405154,57.6,32,1.9500836517533966,0.9028213166144201,76.36410353405154,100.0,6.4,0.8,1.1454409148543172,0.0,8,100.0,1.0,0.0,100.0,1.0,0.0,0.0,0.2,0.0,10.912828272412298,0.2,9.163527318834538,100.0,1.0,0.0,100.0,1.0,0.0,100.0,1.0,0.0,100.0,1.0,0.0
34,actuated,3,3,517.0934872508176,152.08631977965223,5434291.930700215,679286.4913375268,5843.4,89.89846153846153,100768.825187845,1550.2896182745383,65.0,0.7310085894613004,75.79728238940461,60.0,32,1.1959281223772087,0.9230769230769231,75.79728238940461,100.0,6.4,0.8,1.1407677929033524,0.0,8,100.0,1.0,0.0,100.0,1.0,0.0,6.378259115236915,0.4,9.12614234322682,0.0,0.0,0.0,100.0,1.0,0.0,100.0,1.0,0.0,100.0,1.0,0.0,100.0,1.0,0.0
35,actuated,12,3,1075.6930223492286,256.11738627362587,4493824.106220144,561728.013277518,5274.6,80.40548780487805,103465.97373516254,1577.2252093774778,65.6,0.7416354368990556,66.37242540858409,57.4,29,1.161263395989569,0.875,66.37242540858409,100.0,5.8,0.7250000000000001,1.1384953894230245,0.0,8,100.0,1.0,0.0,100.0,1.0,0.0,0.0,0.0,0.0,10.97940326867274,0.2,9.107963115384196,60.0,0.8,0.0,60.0,0.8,0.0,100.0,1.0,0.0,100.0,1.0,0.0
36,actuated,12,12,329.4961335020251,82.37403337550627,3888959.9473950625,486119.9934243828,4542.6,70.10185185185185,103834.05134657277,1602.3773355952587,64.8,0.6407634653425157,68.15416554606514,51.6,31,0.7246382424475599,0.7962962962962963,68.15416554606514,100.0,6.2,0.775,1.3666507216031163,0.0,8,100.0,1.0,0.0,100.0,1.0,0.0,81.60328747835592,1.0,7.141597154209454,0.0,0.0,0.0,34.21475170750455,0.6,2.0359833672642584,29.415285182660682,0.6,1.7556252513512183,100.0,1.0,0.0,100.0,1.0,0.0
37,actuated,12,12,196.05720613131578,49.014301532828945,5635611.439228067,704451.4299035084,4211.4,65.59813084112149,105973.88693132454,1650.6835970611298,64.2,1.054005811076458,72.57811228520836,48.2,34,1.1611423161936534,0.7507788161993769,72.57811228520836,100.0,6.8,0.8500000000000001,1.4797931366141488,0.0,8,100.0,1.0,0.0,100.0,1.0,0.0,100.0,1.0,0.0,18.36023540023575,0.2,4.164658657936137,41.90127151284969,0.8,3.5845918839331734,20.36339136858146,0.8,4.08909455104388,100.0,1.0,0.0,100.0,1.0,0.0
38,actuated,12,12,501.3841361891292,113.9509400429839,3400821.1634593555,425102.64543241943,4426.0,69.59119496855345,103125.84079927157,1621.475484265276,63.6,1.0294699679936468,90.80489643989581,51.2,38,1.2759226332380122,0.8050314465408805,90.8048964398958,100.0,7.6,0.95,0.6933669409007706,0.0,8,100.0,1.0,0.0,100.0,1.0,0.0,100.0,1.0,0.0,100.0,1.0,0.0,100.0,1.0,0.0,26.439171519166393,0.6,5.5469355272061645,100.0,1.0,0.0,100.0,1.0,0.0
39,actuated,12,12,738.2707381196021,167.78880411809138,3002671.598220063,375333.94977750786,4690.2,73.05607476635514,103527.53379453762,1612.5784080146045,64.2,1.0100622841065463,89.53875352611689,54.2,39,1.6472620276002927,0.8442367601246106,89.53875352611689,100.0,7.8,0.975,0.8654513951008507,0.0,8,100.0,1.0,0.0,100.0,1.0,0.0,100.0,1.0,0.0,100.0,1.0,0.0,100.0,1.0,0.0,16.310028208935137,0.8,6.923611160806805,100.0,1.0,0.0,100.0,1.0,0.0
40,actuated,12,12,642.6607414211712,169.1212477424135,3087367.070301418,385920.8837876773,4967.0,76.41538461538461,103574.43279896819,1593.4528122918184,65.0,0.8293264150723614,88.58747646739971,57.2,39,1.6992750342405607,0.88,88.58747646739971,100.0,7.8,0.975,1.012813313019898,0.0,8,100.0,1.0,0.0,100.0,1.0,0.0,100.0,1.0,0.0,100.0,1.0,0.0,100.0,1.0,0.0,8.699811739197685,0.8,8.102506504159184,100.0,1.0,0.0,100.0,1.0,0.0
41,actuated,12,12,328.58246088443303,82.14561522110826,5219175.995042939,652396.9993803673,5252.0,81.5527950310559,103480.02931142901,1606.8327532830592,64.4,0.9225624437026789,88.71216205972758,57.2,37,1.4673124370604858,0.8881987577639752,88.71216205972758,100.0,7.4,0.925,1.1179060993774705,0.0,8,100.0,1.0,0.0,100.0,1.0,0.0,100.0,1.0,0.0,100.0,1.0,0.0,100.0,1.0,0.0,9.6972964778206,0.4,8.943248795019764,100.0,1.0,0.0,100.0,1.0,0.0
42,actuated,12,12,324.1540531424062,101.29814160700194,4163381.618776451,520422.70234705636,5541.2,83.70392749244714,104154.20530740637,1573.326364160217,66.2,0.8433507937798825,87.71387051688038,59.2,37,1.6221934557210806,0.8942598187311178,87.71387051688038,100.0,7.4,0.925,1.0728612662488208,0.0,8,100.0,1.0,0.0,100.0,1.0,0.0,100.0,1.0,0.0,100.0,1.0,0.0,100.0,1.0,0.0,1.7109641350430138,0.4,8.582890129990567,100.0,1.0,0.0,100.0,1.0,0.0
43,actuated,12,12,438.61663842324725,146.2055461410824,5219344.439529588,652418.0549411986,5841.0,87.70270270270271,105817.65607587955,1588.8536948330263,66.6,0.7289000897441235,88.90435588134892,61.2,36,1.5724569242319726,0.918918918918919,88.90435588134892,100.0,7.2,0.9,1.112609717203006,0.0,8,100.0,1.0,0.0,100.0,1.0,0.0,100.0,1.0,0.0,100.0,1.0,0.0,100.0,1.0,0.0,11.234847050791359,0.2,8.900877737624048,100.0,1.0,0.0,100.0,1.0,0.0
44,actuated,12,12,363.1159028579905,121.03863428599682,5000363.115902859,625045.3894878573,6146.2,89.85672514619883,107371.3798017966,1569.7570146461492,68.4,0.7542230282476283,88.06765253000705,61.8,37,1.5471753889098,0.9035087719298246,88.06765253000705,100.0,7.4,0.925,1.0927627888391724,0.0,8,100.0,1.0,0.0,100.0,1.0,0.0,100.0,1.0,0.0,100.0,1.0,0.0,100.0,1.0,0.0,4.541220240056418,0.4,8.74210231071338,100.0,1.0,0.0,100.0,1.0,0.0
45,actuated,12,12,813.3123189261044,239.2095055665013,4002276.8916552486,500284.6114569061,6457.0,93.3092485549133,109383.22625040759,1580.6824602660056,69.2,0.6829075834019319,87.74613483457074,63.4,37,1.5253713977940873,0.9161849710982659,87.74613483457074,100.0,7.4,0.925,1.1346606650622564,0.0,8,100.0,1.0,0.0,100.0,1.0,0.0,100.0,1.0,0.0,100.0,1.0,0.0,100.0,1.0,0.0,1.969078676565914,0.4,9.077285320498051,100.0,1.0,0.0,100.0,1.0,0.0
46,actuated,12,12,510.6004001418434,196.38476928532438,4303180.079120178,537897.5098900222,6778.0,95.73446327683615,111231.54865922628,1571.0670714579983,70.8,0.6971858037468378,87.51462213398966,65.4,37,1.578485160305881,0.923728813559322,87.51462213398966,100.0,7.4,0.925,1.025729028705973,0.0,8,100.0,1.0,0.0,100.0,1.0,0.0,100.0,1.0,0.0,100.0,1.0,0.0,100.0,1.0,0.0,0.11697707191729023,0.4,8.205832229647784,100.0,1.0,0.0,100.0,1.0,0.0
47,actuated,12,12,812.2080103051983,270.7360034350661,6115390.4132065615,764423.8016508202,7106.2,98.69722222222222,113039.61192456234,1569.9946100633658,72.0,0.6514359142556697,88.39458434451487,66.8,37,1.5474479323890604,0.9277777777777778,88.39458434451487,100.0,7.4,0.925,1.143124841696842,0.0,8,100.0,1.0,0.0,100.0,1.0,0.0,100.0,1.0,0.0,100.0,1.0,0.0,100.0,1.0,0.0,7.156674756118946,0.4,9.144998733574736,100.0,1.0,0.0,100.0,1.0,0.0
48,actuated,12,12,650.093396225585,191.20394006634854,4039005.6198013937,504875.7024751742,7441.0,101.37602179836512,116203.2140382008,1583.1500550163596,73.4,0.7423928481745833,88.9462227040967,67.4,36,1.5578069726492474,0.9182561307901907,88.9462227040967,100.0,7.2,0.9,1.0804006848834034,0.0,8,100.0,1.0,0.0,100.0,1.0,0.0,100.0,1.0,0.0,100.0,1.0,0.0,100.0,1.0,0.0,11.569781632773584,0.2,8.643205479067227,100.0,1.0,0.0,100.0,1.0,0.0
49,actuated,12,12,660.6518416597536,254.0968621768283,4053348.5204790933,506668.56505988666,7779.4,104.56182795698925,116247.00235793919,1562.4597091120859,74.4,0.7164816366849867,87.71420162879764,69.0,37,1.676497323554586,0.9274193548387096,87.71420162879764,100.0,7.4,0.925,1.1187678402406167,0.0,8,100.0,1.0,0.0,100.0,1.0,0.0,100.0,1.0,0.0,100.0,1.0,0.0,100.0,1.0,0.0,1.7136130303811115,0.4,8.950142721924934,100.0,1.0,0.0,100.0,1.0,0.0
50,actuated,12,12,179.5533405297355,99.75185584985304,7774300.747582443,971787.5934478054,8128.0,109.24731182795699,115643.61693221249,1554.3496899490926,74.4,0.6539043934958242,88.89533492985962,70.2,36,1.603874785352466,0.9435483870967742,88.89533492985962,100.0,7.2,0.9,1.1198028276674785,0.0,8,100.0,1.0,0.0,100.0,1.0,0.0,100.0,1.0,0.0,100.0,1.0,0.0,100.0,1.0,0.0,11.162679438876921,0.2,8.958422621339828,100.0,1.0,0.0,100.0,1.0,0.0
51,actuated,12,12,174.96579169804534,145.80482641503778,6049558.817059275,756194.8521324093,8483.0,111.61842105263158,117005.89094744991,1539.5511966769725,76.0,0.4228323057173197,88.88330698324737,72.2,36,1.1383548627352253,0.95,88.88330698324737,100.0,7.2,0.9,1.1295395880471681,0.0,8,100.0,1.0,0.0,100.0,1.0,0.0,100.0,1.0,0.0,100.0,1.0,0.0,100.0,1.0,0.0,11.066455865978924,0.2,9.036316704377345,100.0,1.0,0.0,100.0,1.0,0.0
52,actuated,12,12,580.10635221602,241.71098009000835,5400813.64596762,675101.7057459526,8845.0,113.1074168797954,121151.152662266,1549.2474764995652,78.2,0.36435590074502094,90.46817119149011,73.2,37,0.8380593426167552,0.9360613810741688,90.46817119149011,100.0,7.4,0.925,0.8401705990852868,0.0,8,100.0,1.0,0.0,100.0,1.0,0.0,100.0,1.0,0.0,100.0,1.0,0.0,100.0,1.0,0.0,23.745369531920915,0.4,6.721364792682294,100.0,1.0,0.0,100.0,1.0,0.0
53,actuated,0,12,1129.6496977844938,297.27623625907734,3048418.3737316267,381052.29671645333,8152.8,101.40298507462687,125985.71727004992,1566.986533209576,80.4,0.3447324670525446,92.5,70.0,39,0.6137931744985411,0.8706467661691543,92.5,100.0,7.8,0.975,0.0,0.0,8,100.0,1.0,0.0,100.0,1.0,0.0,100.0,1.0,0.0,100.0,1.0,0.0,100.0,1.0,0.0,100.0,1.0,0.0,60.0,0.8,0.0,80.0,1.0,0.0
54,actuated,0,0,453.3635850203353,125.93432917231536,3118586.2228775388,389823.27785969235,7248.0,91.28463476070529,126008.83774980472,1587.0130698967848,79.4,0.4272662292773964,82.68735729590972,64.6,36,0.5624167779305244,0.8136020151133502,82.68735729590972,100.0,7.199999999999999,0.9,0.494060827292534,0.0,8,100.0,1.0,0.0,100.0,1.0,0.0,100.0,1.0,0.0,100.0,1.0,0.0,100.0,1.0,0.0,100.0,1.0,0.0,25.128550992293412,0.6,1.8557179352305517,36.37030737498435,0.6,2.0967686831097203
55,actuated,0,0,174.0212957310967,58.00709857703223,9404286.594129939,1175535.8242662423,6742.8,86.8917525773196,126768.77295085862,1633.6182081296215,77.6,0.6583678057195467,79.81285200507841,59.6,36,0.9325625184925151,0.7680412371134021,79.81285200507841,100.0,7.199999999999999,0.9,1.0066691082408676,0.0,8,100.0,1.0,0.0,100.0,1.0,0.0,100.0,1.0,0.0,100.0,1.0,0.0,100.0,1.0,0.0,100.0,1.0,0.0,25.678012352973383,0.6,4.174054856131458,12.824803687653912,0.6,3.879298009795483
56,actuated,0,0,625.3193410371794,156.32983525929484,7338471.804136323,917308.9755170404,6788.0,88.84816753926701,127764.00441453878,1672.3037227033872,76.4,1.0566996961619426,78.62356084106948,59.4,37,1.5968852001572766,0.7774869109947644,78.62356084106949,100.0,7.3999999999999995,0.925,1.311130149668784,0.0,8,100.0,1.0,0.0,100.0,1.0,0.0,100.0,1.0,0.0,100.0,1.0,0.0,100.0,1.0,0.0,100.0,1.0,0.0,19.506897214429273,0.8,5.2935731279429525,9.481589514126654,0.6,5.19546806940732
57,actuated,0,0,669.8510115326119,145.6197851157852,6276756.290199487,784594.5362749358,5926.6,79.02133333333333,125609.47599771021,1674.7930133028028,75.0,1.3679702631667836,72.0963800810101,57.4,37,2.063350328623627,0.7653333333333333,72.0963800810101,100.0,7.3999999999999995,0.925,1.9237008362267691,0.0,8,30.28404874261355,0.6,1.7555789522173078,100.0,1.0,0.0,100.0,1.0,0.0,100.0,1.0,0.0,100.0,1.0,0.0,100.0,1.0,0.0,13.069682531040598,1.0,6.7803761811337,33.41730937442662,0.8,6.853651556463146
58,actuated,0,0,508.11744748639256,133.715117759577,3426150.4564946354,428268.80706182943,5045.4,69.11506849315069,116725.57394501203,1598.980465000165,73.0,1.420402566869339,77.9336882560257,57.6,38,2.2591891810151514,0.7890410958904109,77.9336882560257,100.0,7.6,0.95,1.9480945119643316,0.0,8,100.0,1.0,0.0,100.0,1.0,0.0,100.0,1.0,0.0,100.0,1.0,0.0,100.0,1.0,0.0,100.0,1.0,0.0,13.652878579677008,0.6,7.518004257777481,9.816627468528623,1.0,8.066751837937172
59,actuated,0,0,234.2026457859,78.0675485953,4457635.353301065,557204.4191626331,4823.0,68.12146892655367,112403.60048429617,1587.621475766895,70.8,1.2314236824970775,77.65484822324865,59.4,33,2.0233981906400507,0.8389830508474576,77.65484822324865,100.0,6.6000000000000005,0.825,2.274753315813709,0.0,8,100.0,1.0,0.0,100.0,1.0,0.0,100.0,1.0,0.0,100.0,1.0,0.0,100.0,1.0,0.0,100.0,1.0,0.0,10.298312611536176,0.4,9.057654039375485,10.940473174453018,0.2,9.140372487134188
60,actuated,0,0,575.8950026051425,205.67678664469378,6195245.922719376,774405.740339922,4779.4,67.69688385269122,112628.96932131413,1595.3111801885855,70.6,1.1970624351641324,77.71350526384126,62.2,33,2.050082113306264,0.8810198300283286,77.71350526384126,100.0,6.6000000000000005,0.825,2.229365837606254,0.0,8,100.0,1.0,0.0,100.0,1.0,0.0,100.0,1.0,0.0,100.0,1.0,0.0,100.0,1.0,0.0,100.0,1.0,0.0,10.552481434407355,0.4,8.870787389390172,11.155560676322693,0.2,8.96413931145986
61,actuated,0,0,247.57075568788537,82.52358522929512,4085216.057685322,510652.00721066527,3980.0,56.373937677053824,113811.59699742973,1612.0622804168518,70.6,1.1809684612300204,67.50517899806937,59.6,31,1.9423514588117041,0.8441926345609065,67.50517899806937,100.0,6.2,0.775,2.3296511374499373,0.0,8,100.0,1.0,0.0,26.6750920250729,0.6,1.7308806078322017,100.0,1.0,0.0,100.0,1.0,0.0,100.0,1.0,0.0,100.0,1.0,0.0,1.513198787949932,0.4,8.46974627673626,11.853141171532116,0.2,8.436582215031038
62,actuated,0,0,423.93609009221757,124.68708532124046,6026764.359514303,753345.5449392878,3706.4,51.76536312849162,115590.55538831481,1614.3932316803746,71.6,1.2490246580338926,77.15849422467188,59.2,32,2.009238489818356,0.8268156424581006,77.15849422467187,100.0,6.4,0.8,2.1938933564678633,0.0,8,100.0,1.0,0.0,100.0,1.0,0.0,100.0,1.0,0.0,100.0,1.0,0.0,100.0,1.0,0.0,100.0,1.0,0.0,11.205184592530486,0.2,8.924440215528554,6.0627692048444715,0.2,8.626706636214353
63,actuated,0,0,525.0517505106558,138.17151329227784,6813311.176431661,851663.8970539576,3853.4,53.66852367688022,114455.73280488796,1594.0909861405007,71.8,1.2713303826308011,77.78847824980801,60.0,33,2.0245824145043745,0.8356545961002786,77.78847824980801,100.0,6.6000000000000005,0.825,2.243192075257017,0.0,8,100.0,1.0,0.0,100.0,1.0,0.0,100.0,1.0,0.0,100.0,1.0,0.0,100.0,1.0,0.0,100.0,1.0,0.0,10.835663379742755,0.2,9.228784292704196,11.472162618721313,0.4,8.71675230935194
64,actuated,0,0,206.45628481826083,93.84376582648218,5741484.3351247795,717685.5418905974,4163.4,57.825,115048.8682812327,1597.9009483504542,72.0,1.2209863520922308,77.35895482459185,64.0,33,2.1094043848452904,0.8888888888888888,77.35895482459185,100.0,6.6000000000000005,0.825,2.179142142995265,0.0,8,100.0,1.0,0.0,100.0,1.0,0.0,100.0,1.0,0.0,100.0,1.0,0.0,100.0,1.0,0.0,100.0,1.0,0.0,7.721179509213698,0.4,8.464896534755825,11.150459087521085,0.2,8.968240609206298
65,actuated,0,0,38.77182231501111,19.385911157505554,5361733.70523585,670216.7131544813,4487.2,63.02247191011236,114452.53915614949,1607.4794825301894,71.2,1.2089713418003674,76.82331613026179,65.4,34,2.14720465874877,0.9185393258426966,76.82331613026179,100.0,6.800000000000001,0.85,2.321955208468717,0.0,8,100.0,1.0,0.0,100.0,1.0,0.0,100.0,1.0,0.0,100.0,1.0,0.0,100.0,1.0,0.0,100.0,1.0,0.0,5.4320196609728555,0.4,9.432614823803307,9.154509381121443,0.4,9.143026843946426
66,actuated,0,0,352.68564302905094,146.95235126210457,6229553.572579124,778694.1965723905,4812.0,66.83333333333333,115626.10530119941,1605.9181291833252,72.0,1.1214035640054039,75.89331573446643,65.6,32,1.9653444869276468,0.9111111111111111,75.89331573446643,100.0,6.4,0.8,1.0786869664443657,0.0,8,100.0,1.0,0.0,100.0,1.0,0.0,100.0,1.0,0.0,100.0,1.0,0.0,100.0,1.0,0.0,100.0,1.0,0.0,7.146525875731413,0.4,8.629495731554925,0.0,0.0,0.0
67,actuated,0,0,197.17988167776656,82.15828403240273,5207213.624413885,650901.7030517356,5137.6,70.76584022038567,116536.69049065323,1605.1885742514219,72.6,1.197030642526575,78.20603571862208,65.8,34,2.0637857557258834,0.90633608815427,78.20603571862208,100.0,6.800000000000001,0.85,2.2362054555751563,0.0,8,100.0,1.0,0.0,100.0,1.0,0.0,100.0,1.0,0.0,100.0,1.0,0.0,100.0,1.0,0.0,100.0,1.0,0.0,6.126812352777051,0.4,8.930862984034059,19.521473396199553,0.4,8.95878066056719
68,actuated,0,0,42.6118245638646,21.3059122819323,6000042.611824563,750005.3264780703,5467.6,74.49046321525886,116326.00772927437,1584.8229935868442,73.4,1.075359744005592,76.42880478588822,66.8,32,1.8898042899459782,0.9100817438692098,76.42880478588822,100.0,6.4,0.8,1.0935713649843846,0.0,8,100.0,1.0,0.0,100.0,1.0,0.0,100.0,1.0,0.0,100.0,1.0,0.0,100.0,1.0,0.0,100.0,1.0,0.0,11.430438287105744,0.2,8.748570919875077,0.0,0.2,0.0
69,actuated,0,0,55.32175906784651,27.660879533923254,6000055.321759068,750006.9152198836,5803.4,76.96816976127322,118269.76787528337,1568.5645606801509,75.4,0.8303787930961362,76.51054998964781,68.2,33,1.4624858693997669,0.9045092838196287,76.51054998964781,100.0,6.6000000000000005,0.825,2.194654117896759,0.0,8,100.0,1.0,0.0,100.0,1.0,0.0,100.0,1.0,0.0,100.0,1.0,0.0,100.0,1.0,0.0,100.0,1.0,0.0,0.7473681284170652,0.4,8.736582012381401,11.337031788765444,0.2,8.82065093079267
70,actuated,0,0,80.83544586110301,40.417722930551506,6000080.835445862,750010.1044307328,6151.2,79.67875647668394,120517.63440344059,1561.1092539305776,77.2,0.5827794565850954,91.19297517759749,71.0,37,1.0431470628173354,0.9196891191709845,91.19297517759748,100.0,7.4,0.925,1.2041050389560448,0.0,8,100.0,1.0,0.0,100.0,1.0,0.0,100.0,1.0,0.0,100.0,1.0,0.0,100.0,1.0,0.0,100.0,1.0,0.0,37.06058800247661,0.4,4.483015528477941,92.4832134183032,1.0,5.149824783170418
71,actuated,3,0,762.0882789752584,200.5495470987522,3003008.268427304,375376.033553413,5246.6,66.58121827411168,125135.1284518305,1588.0092443125698,78.8,0.5228416481782541,85.0,65.2,37,0.7684445792203801,0.8274111675126904,85.0,100.0,7.4,0.925,0.0,0.0,8,60.0,0.8,0.0,100.0,1.0,0.0,60.0,0.8,0.0,60.0,0.8,0.0,100.0,1.0,0.0,100.0,1.0,0.0,100.0,1.0,0.0,100.0,1.0,0.0
72,actuated,3,3,544.6736554915985,108.9347310983197,3000544.6736554913,375068.0842069364,3931.0,49.88578680203046,126642.78463599493,1607.1419370050119,78.8,0.5788873417334026,79.61560104638082,57.0,35,0.5127531958716444,0.7233502538071066,79.61560104638082,100.0,7.0,0.875,0.7417817601798349,0.0,8,69.85149697242832,0.8,2.138055018277512,100.0,1.0,0.0,27.7619361657446,0.6,1.911336049670529,39.311375232873615,0.6,1.8848630134906377,100.0,1.0,0.0,100.0,1.0,0.0,100.0,1.0,0.0,100.0,1.0,0.0
73,actuated,3,3,467.4457359676864,93.48914719353728,3000467.4457359677,375058.43071699596,3207.8,41.87728459530026,125137.59163396654,1633.6500213311558,76.6,0.842882823619018,81.05181901131202,50.6,37,0.9025923869283291,0.660574412532637,81.05181901131203,100.0,7.4,0.925,1.026316930971747,0.0,8,100.0,1.0,0.0,100.0,1.0,0.0,12.505079718494017,0.8,3.9544275754846936,35.909472372002256,0.6,4.256107872289283,100.0,1.0,0.0,100.0,1.0,0.0,100.0,1.0,0.0,100.0,1.0,0.0
74,actuated,3,3,596.6730341398699,129.71152916084128,3001351.037795556,375168.8797244445,3403.6,45.02116402116402,125116.33023506383,1654.97791316222,75.6,1.1285398043851145,79.69519067330836,55.2,37,1.5888108569570467,0.7301587301587301,79.69519067330836,100.0,7.4,0.925,1.4061292464897106,0.0,8,100.0,1.0,0.0,100.0,1.0,0.0,18.38626287463626,0.6,5.5376679065692755,19.175262511830624,0.8,5.711366065348409,100.0,1.0,0.0,100.0,1.0,0.0,100.0,1.0,0.0,100.0,1.0,0.0
75,actuated,3,3,527.5036432824274,131.87591082060686,3009896.4383863434,376237.0547982929,3691.4,49.48257372654155,124897.41568190322,1674.2280922507134,74.6,1.3736410249490385,78.66669154108395,60.0,39,2.1429055452320003,0.8042895442359249,78.66669154108394,100.0,7.8,0.975,1.7697487989503513,0.0,8,100.0,1.0,0.0,100.0,1.0,0.0,11.402193252828283,1.0,7.028982887599527,17.931339075843198,0.8,7.129007504003283,100.0,1.0,0.0,100.0,1.0,0.0,100.0,1.0,0.0,100.0,1.0,0.0
76,actuated,3,3,707.8108157076583,208.17965167872305,4221055.110124073,527631.8887655091,3995.8,54.887362637362635,118394.31502155881,1626.2955360104231,72.8,1.3964747936213855,81.01324555745933,62.4,35,2.3380832792903137,0.8571428571428571,81.01324555745933,100.0,7.0,0.875,2.040266463311861,0.0,8,100.0,1.0,0.0,100.0,1.0,0.0,23.920670012752225,0.6,8.052165625134142,24.1852944469224,0.4,8.269966081360742,100.0,1.0,0.0,100.0,1.0,0.0,100.0,1.0,0.0,100.0,1.0,0.0
77,actuated,3,3,151.6729754219993,58.33575977769203,5071055.084393281,633881.8855491601,4310.0,60.87570621468927,113186.55524003152,1598.6801587575073,70.8,1.2258125385745267,77.6223594033921,63.4,33,2.067141890033391,0.8954802259887006,77.6223594033921,100.0,6.6,0.825,2.2199931536921698,0.0,8,100.0,1.0,0.0,100.0,1.0,0.0,10.852666211931137,0.2,9.214325590338586,10.126209015205632,0.4,8.545619639198774,100.0,1.0,0.0,100.0,1.0,0.0,100.0,1.0,0.0,100.0,1.0,0.0
78,actuated,3,3,379.20381121355865,145.84761969752256,8130167.02187792,1016270.87773474,4628.0,64.45682451253482,116410.4018825092,1621.3147894499891,71.8,1.2389322386300752,77.83732410695436,64.6,32,2.1216943310297904,0.8997214484679665,77.83732410695436,100.0,6.4,0.8,2.2028108370490367,0.0,8,100.0,1.0,0.0,100.0,1.0,0.0,11.306640034810016,0.2,8.84436045475293,11.391952820824827,0.2,8.778126241639365,100.0,1.0,0.0,100.0,1.0,0.0,100.0,1.0,0.0,100.0,1.0,0.0
79,actuated,3,3,202.39268458814124,77.84334022620817,7349937.621226299,918742.2026532873,4948.2,69.10893854748603,114708.28193878254,1602.0709767986389,71.6,1.208529776378473,76.22550998401437,64.6,34,2.0578168725571975,0.9022346368715084,76.22550998401437,100.0,6.8,0.85,2.240996483701747,0.0,8,100.0,1.0,0.0,100.0,1.0,0.0,9.366501564073815,0.4,8.875763878878207,0.4375783080411111,0.4,9.052207990735768,100.0,1.0,0.0,100.0,1.0,0.0,100.0,1.0,0.0,100.0,1.0,0.0
80,actuated,3,3,38.310127289583136,19.155063644791568,5828174.57521709,728521.8219021362,5272.0,73.01939058171745,116025.23502063767,1606.997714967281,72.2,1.1812818728365522,77.83399811185916,65.6,32,2.0540309408192194,0.9085872576177285,77.83399811185916,100.0,6.4,0.8,2.2053678296040644,0.0,8,100.0,1.0,0.0,100.0,1.0,0.0,11.322956515940632,0.2,8.831615652609676,11.349028378932644,0.2,8.81132698422284,100.0,1.0,0.0,100.0,1.0,0.0,100.0,1.0,0.0,100.0,1.0,0.0
81,actuated,3,3,486.34838888195617,173.69585317212722,5004534.341670536,625566.792708817,5597.2,76.88461538461539,116922.33042060921,1606.0759673160605,72.8,1.1959988598939955,76.57115194269991,65.6,34,2.043355007645356,0.9010989010989011,76.57115194269991,100.0,6.8,0.85,2.1729342882870695,0.0,8,100.0,1.0,0.0,100.0,1.0,0.0,2.4074739265836342,0.4,8.501926797535267,10.161741615015671,0.4,8.881547508761289,100.0,1.0,0.0,100.0,1.0,0.0,100.0,1.0,0.0,100.0,1.0,0.0
82,actuated,3,3,38.36721698625543,19.183608493127714,6887525.961189765,860940.7451487206,5926.0,81.4010989010989,117107.69654653566,1608.6222053095557,72.8,1.178088223167916,76.41181552677835,66.4,33,2.0522796962273397,0.9120879120879121,76.41181552677835,100.0,6.6,0.825,2.206337300920942,0.0,8,100.0,1.0,0.0,100.0,1.0,0.0,0.48517430825768315,0.4,8.399448251724243,10.809349905969157,0.2,9.251250155643294,100.0,1.0,0.0,100.0,1.0,0.0,100.0,1.0,0.0,100.0,1.0,0.0
83,actuated,3,3,37.95363212637262,18.97681606318631,6000037.953632126,750004.7442040157,6256.0,85.93406593406593,117273.50719688743,1610.899824133069,72.8,1.1880679938509802,77.47164167488904,66.4,34,2.0667582491971452,0.9120879120879121,77.47164167488904,100.0,6.8,0.85,2.1942788582411596,0.0,8,100.0,1.0,0.0,100.0,1.0,0.0,8.270591631544448,0.4,8.928195872996001,11.502541767567891,0.4,8.626034992933274,100.0,1.0,0.0,100.0,1.0,0.0,100.0,1.0,0.0,100.0,1.0,0.0
84,actuated,3,3,35.48546434711706,17.74273217355853,6000035.4854643475,750004.4356830434,6586.0,90.21917808219177,117743.17981619443,1612.9202714547184,73.0,1.2700336748034284,76.86537145269767,66.4,33,2.2084485958215088,0.9095890410958904,76.86537145269767,100.0,6.6,0.825,2.1888513436227823,0.0,8,100.0,1.0,0.0,100.0,1.0,0.0,3.9198758492489105,0.4,8.42245942776117,11.003095772332472,0.2,9.088351321221088,100.0,1.0,0.0,100.0,1.0,0.0,100.0,1.0,0.0,100.0,1.0,0.0
85,actuated,3,3,39.2758478952898,19.6379239476449,6000039.275847895,750004.9094809869,6916.0,95.52486187845304,116106.79637154196,1603.6850327561044,72.4,1.1701932009926606,77.01590541509773,66.4,34,2.058288639817802,0.9171270718232044,77.01590541509773,100.0,6.8,0.85,2.2272306573006135,0.0,8,100.0,1.0,0.0,100.0,1.0,0.0,9.652948140242188,0.4,9.051369782452877,6.474295180539684,0.4,8.76647547595203,100.0,1.0,0.0,100.0,1.0,0.0,100.0,1.0,0.0,100.0,1.0,0.0
86,actuated,3,3,38.33332309541873,19.166661547709364,6000038.333323096,750004.791665387,7246.0,98.98907103825137,116472.82100523547,1591.158756902124,73.2,1.1919267758427352,77.29103403836632,66.4,34,2.0897244958248207,0.907103825136612,77.29103403836632,100.0,6.8,0.85,2.1674156842986125,0.0,8,100.0,1.0,0.0,100.0,1.0,0.0,8.55652501006034,0.4,8.589648333191873,9.771747296870217,0.4,8.749677141197028,100.0,1.0,0.0,100.0,1.0,0.0,100.0,1.0,0.0,100.0,1.0,0.0
87,actuated,3,3,57.049760532233584,28.524880266116792,6000057.049760532,750007.1312200665,7580.2,101.06933333333333,117003.77205464593,1560.0502940619458,75.0,0.825248203202069,77.79834322074635,68.2,33,1.4703987044864355,0.9093333333333333,77.79834322074635,100.0,6.6,0.825,2.1544149871323564,0.0,8,100.0,1.0,0.0,100.0,1.0,0.0,11.68352657379728,0.2,8.559059575750924,10.703219192173492,0.4,8.676260321307927,100.0,1.0,0.0,100.0,1.0,0.0,100.0,1.0,0.0,100.0,1.0,0.0
88,actuated,3,3,78.96847151078524,39.48423575539262,6000078.968471509,750009.8710589387,7927.4,103.49086161879896,119064.76202031632,1554.3702613618318,76.6,0.5878771944778622,89.27201035713324,70.6,37,1.0430169639086646,0.9216710182767625,89.27201035713324,100.0,7.4,0.925,1.5429075982175464,0.0,8,100.0,1.0,0.0,100.0,1.0,0.0,51.623626005603,0.6,5.143796947011499,62.55245685146292,0.8,7.199463838728873,100.0,1.0,0.0,100.0,1.0,0.0,100.0,1.0,0.0,100.0,1.0,0.0
89,actuated,12,3,569.5830536604449,177.99470426888902,4002478.195441713,500309.77443021414,7472.6,95.07124681933843,123346.78947799378,1569.2975760559004,78.6,0.46316413379600585,95.0,67.8,40,0.724567950434161,0.8625954198473282,95.0,100.0,8.0,1.0,0.0,0.0,8,100.0,1.0,0.0,100.0,1.0,0.0,100.0,1.0,0.0,100.0,1.0,0.0,100.0,1.0,0.0,80.0,1.0,0.0,80.0,1.0,0.0,100.0,1.0,0.0
90,actuated,12,12,436.1463419072996,109.0365854768249,4000436.1463419064,500054.5182927383,6745.6,85.82188295165395,123780.59371868378,1574.8167139781654,78.6,0.5172444658400515,87.92305910194216,64.4,37,0.6187284011414346,0.8193384223918575,87.92305910194216,100.0,7.3999999999999995,0.925,0.5170962878629378,0.0,8,100.0,1.0,0.0,100.0,1.0,0.0,100.0,1.0,0.0,100.0,1.0,0.0,100.0,1.0,0.0,38.92430229181173,0.6,2.1847745376689343,64.46017052372554,0.8,1.9519957652345683,100.0,1.0,0.0
91,actuated,12,12,365.0016758374829,101.3893543993008,4002860.9543614676,500357.61929518345,6188.0,79.33333333333333,122692.5788201656,1572.9817797457129,78.0,0.5366082478640729,92.13744903818963,60.8,38,0.7689756507735159,0.7794871794871795,92.13744903818963,100.0,7.6,0.95,0.5596613369485468,0.0,8,100.0,1.0,0.0,100.0,1.0,0.0,100.0,1.0,0.0,100.0,1.0,0.0,100.0,1.0,0.0,37.099592305517035,0.6,4.4772906955883744,100.0,1.0,0.0,100.0,1.0,0.0
92,actuated,12,12,664.5183845569419,195.4465836932182,4010662.307017824,501332.788377228,6425.8,82.17135549872123,123704.14982494072,1581.8944990401626,78.2,0.623433477381817,89.13579552164322,64.4,39,1.248114957781859,0.8235294117647058,89.13579552164322,100.0,7.8,0.975,0.7279376559914874,0.0,8,100.0,1.0,0.0,100.0,1.0,0.0,100.0,1.0,0.0,100.0,1.0,0.0,100.0,1.0,0.0,13.08636417314574,0.8,5.823501247931899,100.0,1.0,0.0,100.0,1.0,0.0
93,actuated,12,12,421.18374774718757,140.39458258239586,4015728.9829394827,501966.12286743533,6759.8,86.00254452926208,126118.82238826607,1604.565170334174,78.6,0.7702793787673609,89.62040099092206,69.4,39,1.6689763803128177,0.8829516539440203,89.62040099092206,100.0,7.8,0.975,0.8942020845100079,0.0,8,100.0,1.0,0.0,100.0,1.0,0.0,100.0,1.0,0.0,100.0,1.0,0.0,100.0,1.0,0.0,16.963207927376516,0.8,7.1536166760800635,100.0,1.0,0.0,100.0,1.0,0.0
94,actuated,12,12,600.5482398439581,214.48151422998504,6892452.656384009,861556.5820480011,7111.6,91.17435897435898,122551.52427177147,1571.1733880996344,78.0,0.7650939493828575,90.49337715069925,71.6,37,1.751813187314451,0.9179487179487179,90.49337715069925,100.0,7.4,0.925,1.0459600707427041,0.0,8,100.0,1.0,0.0,100.0,1.0,0.0,100.0,1.0,0.0,100.0,1.0,0.0,100.0,1.0,0.0,23.947017205593966,0.4,8.367680565941633,100.0,1.0,0.0,100.0,1.0,0.0
95,actuated,12,12,117.50006868477249,73.4375429279828,12217935.369173462,1527241.9211466827,7475.6,96.58397932816537,120464.70571258322,1556.391546674202,77.4,0.6175136661415125,87.78400282039087,73.8,37,1.523517796931227,0.9534883720930233,87.78400282039087,100.0,7.4,0.925,1.0689573071431369,0.0,8,100.0,1.0,0.0,100.0,1.0,0.0,100.0,1.0,0.0,100.0,1.0,0.0,100.0,1.0,0.0,2.2720225631269386,0.4,8.551658457145095,100.0,1.0,0.0,100.0,1.0,0.0
96,actuated,12,12,395.1682607793915,219.5379226552175,6000789.5134527115,750098.6891815889,7845.0,100.06377551020408,123029.7479472113,1569.2569891225933,78.4,0.6237216356882753,87.8114007980625,74.2,37,1.5883458231821863,0.9464285714285714,87.8114007980625,100.0,7.4,0.925,1.0669497697032058,0.0,8,100.0,1.0,0.0,100.0,1.0,0.0,100.0,1.0,0.0,100.0,1.0,0.0,100.0,1.0,0.0,2.4912063844999466,0.4,8.535598157625646,100.0,1.0,0.0,100.0,1.0,0.0
97,actuated,12,12,394.55577271623804,197.27788635811902,5801065.5837668525,725133.1979708566,8034.6,102.48214285714286,123123.18069668129,1570.4487333760367,78.4,0.6727705984661942,88.85033730266656,73.8,36,1.6598619186965622,0.9413265306122449,88.85033730266656,100.0,7.2,0.9,1.1571182969725229,0.0,8,100.0,1.0,0.0,100.0,1.0,0.0,100.0,1.0,0.0,100.0,1.0,0.0,100.0,1.0,0.0,10.80269842133248,0.2,9.256946375780183,100.0,1.0,0.0,100.0,1.0,0.0
98,actuated,12,12,577.7875527346637,222.22598182102448,5002751.205817697,625343.9007272121,7100.6,89.42821158690177,125115.08457623298,1575.7567326981484,79.4,0.6797212449881351,79.8274759157124,71.2,35,1.6057981364922582,0.8967254408060453,79.8274759157124,100.0,7.0,0.875,1.343489104519417,0.0,8,100.0,1.0,0.0,100.0,1.0,0.0,100.0,1.0,0.0,100.0,1.0,0.0,34.32588850667116,0.6,2.100111533832151,4.293918819028022,0.4,8.647801302323186,100.0,1.0,0.0,100.0,1.0,0.0
99,actuated,12,12,354.340099451352,136.28465363513538,6774438.69785209,846804.8372315113,6457.0,81.52777777777777,122674.13451945619,1548.9158398921236,79.2,0.6462600515371103,88.93080016511817,69.6,36,1.4623859220136108,0.8787878787878788,88.93080016511817,100.0,7.2,0.9,1.0920462815790573,0.0,8,100.0,1.0,0.0,100.0,1.0,0.0,100.0,1.0,0.0,100.0,1.0,0.0,100.0,1.0,0.0,11.44640132094537,0.2,8.736370252632458,100.0,1.0,0.0,100.0,1.0,0.0
100,actuated,12,12,221.2299640979997,110.61498204899985,7661007.742449468,957625.9678061835,6479.4,81.60453400503778,122495.29964139612,1542.7619602190948,79.4,0.6591679329699724,88.94208363262521,70.8,36,1.5845189941064393,0.8916876574307305,88.94208363262521,100.0,7.2,0.9,1.083501653198558,0.0,8,100.0,1.0,0.0,100.0,1.0,0.0,100.0,1.0,0.0,100.0,1.0,0.0,100.0,1.0,0.0,11.536669061001703,0.2,8.668013225588464,100.0,1.0,0.0,100.0,1.0,0.0
101,actuated,12,12,646.6034079339648,323.3017039669824,5203078.432424296,650384.804053037,6842.8,85.1094527363184,125236.71062729585,1557.6705301902468,80.4,0.6496303797446555,88.86754160069472,74.4,36,1.6569076461514831,0.9253731343283582,88.86754160069472,100.0,7.2,0.9,1.1425612202263082,0.0,8,100.0,1.0,0.0,100.0,1.0,0.0,100.0,1.0,0.0,100.0,1.0,0.0,100.0,1.0,0.0,10.940332805557773,0.2,9.140489761810466,100.0,1.0,0.0,100.0,1.0,0.0
102,actuated,12,12,104.00370211963771,86.66975176636475,6702186.017083939,837773.2521354924,7222.0,89.82587064676616,124979.96414522009,1554.4771659853245,80.4,0.6416179746859918,88.69589241505565,77.0,37,1.6882174360847149,0.9577114427860697,88.69589241505565,100.0,7.4,0.925,1.1085618431097828,0.0,8,100.0,1.0,0.0,100.0,1.0,0.0,100.0,1.0,0.0,100.0,1.0,0.0,100.0,1.0,0.0,9.567139320445222,0.4,8.868494744878262,100.0,1.0,0.0,100.0,1.0,0.0
103,actuated,12,12,19.559857026351533,19.559857026351533,7870790.791083658,983848.8488854573,7607.0,94.85037406483791,124969.2513420358,1558.2200915465812,80.2,0.5815160691578558,87.96548006492401,77.2,37,1.5518321960264325,0.9625935162094763,87.96548006492401,100.0,7.4,0.925,1.1044802699121647,0.0,8,100.0,1.0,0.0,100.0,1.0,0.0,100.0,1.0,0.0,100.0,1.0,0.0,100.0,1.0,0.0,3.72384051939207,0.4,8.835842159297318,100.0,1.0,0.0,100.0,1.0,0.0
104,actuated,12,12,24.462391681485155,24.462391681485155,10098076.064091865,1262259.5080114831,7992.6,98.43103448275862,124929.50115096025,1538.540654568476,81.2,0.46092634777418684,89.11838073046994,77.6,36,1.2242038571933436,0.9556650246305419,89.11838073046994,100.0,7.2,0.9,0.9654712087101341,0.0,8,100.0,1.0,0.0,100.0,1.0,0.0,100.0,1.0,0.0,100.0,1.0,0.0,100.0,1.0,0.0,12.947045843759497,0.2,7.723769669681073,100.0,1.0,0.0,100.0,1.0,0.0
105,actuated,12,12,32.38021080337753,32.38021080337753,9625296.609384632,1203162.076173079,8384.0,101.99513381995133,126621.49197747621,1540.4074449814625,82.2,0.34918921277211584,88.3606201929581,79.0,36,0.9288521810378615,0.9610705596107056,88.3606201929581,100.0,7.2,0.9,0.7222223270902447,0.0,8,100.0,1.0,0.0,100.0,1.0,0.0,100.0,1.0,0.0,100.0,1.0,0.0,100.0,1.0,0.0,6.884961543664758,0.2,5.777778616721958,100.0,1.0,0.0,100.0,1.0,0.0
106,actuated,12,12,45.378430912190346,45.378430912190346,7000045.378430912,875005.672303864,8780.2,105.53125,127832.01656444964,1536.4425067842506,83.2,0.2578808504631479,100.0,79.8,40,0.6955802809082771,0.9591346153846154,100.0,100.0,8.0,1.0,0.0,0.0,8,100.0,1.0,0.0,100.0,1.0,0.0,100.0,1.0,0.0,100.0,1.0,0.0,100.0,1.0,0.0,100.0,1.0,0.0,100.0,1.0,0.0,100.0,1.0,0.0
107,actuated,0,12,702.5209661031276,250.9003450368313,4003205.981892182,500400.74773652275,8068.2,96.05,131613.6897087111,1566.829639389418,84.0,0.24535509874102263,90.0,73.0,39,0.45916575282014166,0.8690476190476191,90.0,100.0,7.8,0.975,0.0,0.0,8,100.0,1.0,0.0,100.0,1.0,0.0,60.0,0.8,0.0,100.0,1.0,0.0,100.0,1.0,0.0,100.0,1.0,0.0,80.0,1.0,0.0,80.0,1.0,0.0
108,actuated,0,0,442.21063298245906,110.55265824561477,4000442.2106329827,500055.27632912283,6948.0,84.73170731707317,132559.36962527374,1616.5776783569968,82.0,0.45118804607520485,71.5307837078052,64.0,33,0.4886415868573274,0.7804878048780488,71.5307837078052,100.0,6.6,0.825,0.8164538210550898,0.0,8,100.0,1.0,0.0,100.0,1.0,0.0,30.09680250551355,0.6,2.2643217147640304,100.0,1.0,0.0,100.0,1.0,0.0,100.0,1.0,0.0,19.176987298221775,0.4,2.3266660761465983,22.972479858706265,0.6,1.9406427775300905
109,actuated,0,0,297.7252891482214,74.43132228705535,4000297.7252891483,500037.21566114353,6118.8,76.86934673366834,130174.51972149685,1635.358287958503,79.6,0.727217463179386,80.93053210053455,55.0,36,0.8471981827406978,0.6909547738693468,80.93053210053455,100.0,7.199999999999999,0.9,1.434465036188271,0.0,8,100.0,1.0,0.0,100.0,1.0,0.0,91.11433480396727,1.0,3.674759068024749,100.0,1.0,0.0,100.0,1.0,0.0,100.0,1.0,0.0,21.423421986403355,0.6,3.4894627146012502,34.90650001390577,0.6,4.311498506880168
110,actuated,0,0,354.40355090287034,88.60088772571758,4000354.403550903,500044.30044386286,6288.8,78.4139650872818,127244.56169635088,1586.5905448422802,80.2,0.8673742148958983,86.18319353808232,58.2,39,1.1734234519950255,0.7256857855361596,86.18319353808232,100.0,7.8,0.975,1.2248072337822133,0.0,8,100.0,1.0,0.0,100.0,1.0,0.0,100.0,1.0,0.0,100.0,1.0,0.0,100.0,1.0,0.0,100.0,1.0,0.0,23.856474303918276,0.8,4.594314605553518,65.60907400074029,1.0,5.204143264704189
111,actuated,0,0,824.1896580229816,216.8920152692057,4001178.9313178128,500147.3664147266,6606.4,79.02392344497608,127144.38827792116,1520.8658884918798,83.6,0.5132761021720336,98.94038768522819,68.6,40,0.839506487851093,0.8205741626794258,98.94038768522819,100.0,8.0,1.0,0.5935357632523696,0.0,8,100.0,1.0,0.0,100.0,1.0,0.0,100.0,1.0,0.0,100.0,1.0,0.0,100.0,1.0,0.0,100.0,1.0,0.0,91.5231014818255,1.0,4.7482861060189565,100.0,1.0,0.0
112,actuated,0,0,540.7703295819174,225.32097065913226,4089258.411800838,511157.30147510476,6971.8,81.63700234192038,129704.78645841952,1518.7914105201348,85.4,0.16253458545235772,100.0,77.4,40,0.28829571200207726,0.9063231850117096,100.0,100.0,8.0,1.0,0.0,0.0,8,100.0,1.0,0.0,100.0,1.0,0.0,100.0,1.0,0.0,100.0,1.0,0.0,100.0,1.0,0.0,100.0,1.0,0.0,100.0,1.0,0.0,100.0,1.0,0.0
113,actuated,16,0,998.621154103572,312.06911065736625,5627185.318349665,703398.1647937081,5990.4,68.69724770642202,134699.23107311115,1544.715952673293,87.2,0.1432010056112151,90.0,78.0,38,0.18802156707335815,0.8944954128440367,90.0,100.0,7.6,0.95,0.0,0.0,8,60.0,0.8,0.0,60.0,0.8,0.0,100.0,1.0,0.0,100.0,1.0,0.0,100.0,1.0,0.0,100.0,1.0,0.0,100.0,1.0,0.0,100.0,1.0,0.0
114,actuated,16,16,552.1112912000748,184.0370970666916,6297429.611666108,787178.7014582634,4399.4,51.27505827505828,135622.88011262682,1580.686248398914,85.8,0.2691439628579616,82.61380681579794,73.2,36,0.4196040636444375,0.8531468531468531,82.61380681579794,100.0,7.2,0.9,0.5006285085777208,0.0,8,37.47400090210249,0.6,2.145776133033649,23.436453624281057,0.6,1.8592519355881174,100.0,1.0,0.0,100.0,1.0,0.0,100.0,1.0,0.0,100.0,1.0,0.0,100.0,1.0,0.0,100.0,1.0,0.0
115,actuated,16,16,235.23785588542265,106.92629812973756,5608343.085089201,701042.8856361501,3196.8,38.89051094890511,133218.90693083216,1620.667967528372,82.2,0.5694043598861049,82.13754377882253,67.2,39,1.0075113906195015,0.8175182481751825,82.13754377882253,100.0,7.8,0.975,1.0084093362578188,0.0,8,26.464445294720917,0.8,4.258920598399279,30.635904935859344,1.0,3.808354091663271,100.0,1.0,0.0,100.0,1.0,0.0,100.0,1.0,0.0,100.0,1.0,0.0,100.0,1.0,0.0,100.0,1.0,0.0
116,actuated,16,16,46.30641463309953,23.153207316549764,11029991.265735427,1378748.9082169284,3391.0,42.81565656565657,131006.88749607714,1654.1273673747112,79.2,0.9742712793832629,79.48273921378444,66.4,37,1.6950211813313045,0.8383838383838383,79.48273921378444,100.0,7.4,0.925,1.4976969334901042,0.0,8,14.658035232646398,0.8,6.060394582561288,21.203878477629132,0.6,5.921180885359547,100.0,1.0,0.0,100.0,1.0,0.0,100.0,1.0,0.0,100.0,1.0,0.0,100.0,1.0,0.0,100.0,1.0,0.0
117,actuated,16,16,35.82377094403383,17.911885472016916,10156175.352210945,1269521.919026368,3721.0,48.324675324675326,127365.38515581572,1654.09591111449,77.0,1.2533860191719508,78.311417217582,66.4,38,2.1742280379350016,0.8623376623376623,78.311417217582,100.0,7.6,0.95,1.7458236837954244,0.0,8,11.614022248168112,0.8,7.1051784056647005,14.877315492487924,0.8,6.861411064698695,100.0,1.0,0.0,100.0,1.0,0.0,100.0,1.0,0.0,100.0,1.0,0.0,100.0,1.0,0.0,100.0,1.0,0.0
118,actuated,16,16,33.69469592793157,16.847347963965785,6000033.694695929,750004.2118369911,4051.0,54.3029490616622,121083.21482191724,1623.0993943956735,74.6,1.34501235175497,77.9921246158429,66.4,37,2.3475857558547073,0.8900804289544236,77.9921246158429,100.0,7.4,0.925,2.1066682937605004,0.0,8,3.224023191830838,0.8,8.142871789483545,20.71297373491234,0.6,8.710474560600456,100.0,1.0,0.0,100.0,1.0,0.0,100.0,1.0,0.0,100.0,1.0,0.0,100.0,1.0,0.0,100.0,1.0,0.0
119,actuated,16,16,38.40597758295088,19.20298879147544,6000038.4059775835,750004.8007471979,4381.0,60.17857142857143,116990.67572295017,1607.0147764141507,72.8,1.1830478037739984,76.91626057270298,66.4,33,2.067197144570393,0.9120879120879121,76.91626057270298,100.0,6.6,0.825,2.273156726639649,0.0,8,11.083340220329774,0.2,9.022550784516529,4.246744361294077,0.4,9.162703028600664,100.0,1.0,0.0,100.0,1.0,0.0,100.0,1.0,0.0,100.0,1.0,0.0,100.0,1.0,0.0,100.0,1.0,0.0
120,actuated,16,16,38.57323373990514,19.28661686995257,6000038.57323374,750004.8216542176,4711.0,64.71153846153847,116838.412886799,1604.9232539395466,72.8,1.1809789485157975,75.39032722217968,66.4,34,2.0657255411149795,0.9120879120879121,75.39032722217968,100.0,6.8,0.85,2.1365923110279255,0.0,8,1.1863599211642395,0.4,8.09722207020968,1.936257856273187,0.4,8.995516418013723,100.0,1.0,0.0,100.0,1.0,0.0,100.0,1.0,0.0,100.0,1.0,0.0,100.0,1.0,0.0,100.0,1.0,0.0
121,actuated,16,16,37.68465400116953,18.842327000584763,6000037.684654001,750004.7105817501,5041.0,69.24450549450549,117230.61001088866,1610.3105770726465,72.8,1.198228687549117,76.9046412737444,66.4,33,2.086246953579134,0.9120879120879121,76.9046412737444,100.0,6.6,0.825,2.1993269992043,0.0,8,11.188313238517367,0.2,8.937897774951072,4.048816951437857,0.4,8.656718218683325,100.0,1.0,0.0,100.0,1.0,0.0,100.0,1.0,0.0,100.0,1.0,0.0,100.0,1.0,0.0,100.0,1.0,0.0
122,actuated,16,16,39.59536068967544,19.79768034483772,6000039.59536069,750004.9494200862,5371.0,73.98071625344353,116131.97240028865,1599.6139449075572,72.6,1.148288490299019,75.68198330336998,66.4,34,2.0077742398973477,0.9146005509641874,75.68198330336998,100.0,6.8,0.85,2.137522018922027,0.0,8,4.952136280353443,0.4,8.83593081375584,0.5037301466063582,0.4,8.264245337620377,100.0,1.0,0.0,100.0,1.0,0.0,100.0,1.0,0.0,100.0,1.0,0.0,100.0,1.0,0.0,100.0,1.0,0.0
123,actuated,16,16,39.12816865850213,19.564084329251067,6000039.128168658,750004.8910210823,5701.0,78.31043956043956,116715.06672757278,1603.2289385655602,72.8,1.1549484401378627,75.95869895600231,66.4,34,2.0118446008183897,0.9120879120879121,75.95869895600231,100.0,6.8,0.85,2.1304589476902036,0.0,8,1.3060777424357184,0.4,8.439012619759886,6.363513905582749,0.4,8.604658961761745,100.0,1.0,0.0,100.0,1.0,0.0,100.0,1.0,0.0,100.0,1.0,0.0,100.0,1.0,0.0,100.0,1.0,0.0
124,actuated,16,16,39.25971934569662,19.62985967284831,6000039.259719346,750004.9074649182,6031.0,82.8434065934066,116956.14321581293,1606.5404287886392,72.8,1.1511419315502998,77.42098482002518,66.4,34,2.00515063134504,0.9120879120879121,77.42098482002518,100.0,6.8,0.85,2.1605606379685924,0.0,8,9.383843077607708,0.4,8.586736465897411,9.984035482593754,0.4,8.697748637851328,100.0,1.0,0.0,100.0,1.0,0.0,100.0,1.0,0.0,100.0,1.0,0.0,100.0,1.0,0.0,100.0,1.0,0.0
125,actuated,16,16,38.84549446583606,19.42274723291803,6000038.845494466,750004.8556868082,6361.0,87.61707988980716,116592.61888886048,1605.958937863092,72.6,1.1699349808223236,77.75134200929699,66.4,32,2.044714819193334,0.9146005509641874,77.75134200929699,100.0,6.4,0.8,2.27625168884406,0.0,8,11.501873863255696,0.2,8.694235494919104,10.508862211120231,0.2,9.515778015833375,100.0,1.0,0.0,100.0,1.0,0.0,100.0,1.0,0.0,100.0,1.0,0.0,100.0,1.0,0.0,100.0,1.0,0.0
126,actuated,16,16,36.889628812579296,18.444814406289648,6000036.889628813,750004.6112036016,6691.0,92.4171270718232,116227.08001068662,1605.3464089873844,72.4,1.2323973845739502,76.73391804407856,66.4,34,2.1550274179649334,0.9171270718232044,76.73391804407856,100.0,6.8,0.85,2.1725444102310583,0.0,8,3.005607903805867,0.4,8.361678885016593,10.865736448822645,0.4,9.018676396831872,100.0,1.0,0.0,100.0,1.0,0.0,100.0,1.0,0.0,100.0,1.0,0.0,100.0,1.0,0.0,100.0,1.0,0.0
127,actuated,16,16,37.31463565743,18.657317828715,9465305.776504822,1183163.2220631028,7021.0,96.97513812154696,116317.01728218142,1606.5886364942185,72.4,1.2203050732539258,76.40831271019437,66.4,34,2.1359356718491083,0.9171270718232044,76.40831271019437,100.0,6.8,0.85,2.185850667214794,0.0,8,0.7978626748786155,0.4,8.578864482760702,10.468639006676312,0.4,8.907940854957651,100.0,1.0,0.0,100.0,1.0,0.0,100.0,1.0,0.0,100.0,1.0,0.0,100.0,1.0,0.0,100.0,1.0,0.0
128,actuated,16,16,44.40180310336006,22.20090155168003,12644967.120874465,1580620.890109308,7352.2,100.16621253405995,116108.53277908576,1581.8601196060729,73.4,1.0285226636041032,76.5369989335133,67.0,34,1.8045102268617446,0.9128065395095368,76.5369989335133,100.0,6.8,0.85,2.153197711036394,0.0,8,6.2885857636683795,0.4,8.49568272670731,6.0074057044380424,0.4,8.729898961583842,100.0,1.0,0.0,100.0,1.0,0.0,100.0,1.0,0.0,100.0,1.0,0.0,100.0,1.0,0.0,100.0,1.0,0.0
129,actuated,16,16,58.388770613267425,29.194385306633713,10314629.946409862,1289328.7433012328,7688.8,101.973474801061,117147.20720040309,1553.6764880690066,75.4,0.7928142554674371,79.51502084923249,68.4,33,1.4002164917902489,0.9071618037135278,79.51502084923249,100.0,6.6,0.825,1.9097460935920945,0.0,8,12.770555726508519,0.2,7.830512793771747,23.34961106735136,0.4,7.447455954965009,100.0,1.0,0.0,100.0,1.0,0.0,100.0,1.0,0.0,100.0,1.0,0.0,100.0,1.0,0.0,100.0,1.0,0.0
130,actuated,16,16,80.7956984399993,40.39784921999965,6000080.795698441,750010.0994623051,8036.6,104.10103626943005,120543.4595141549,1561.4437760900896,77.2,0.5847637022931095,87.57234973795079,70.6,36,1.0417063206173658,0.9145077720207254,87.57234973795079,100.0,7.2,0.9,0.9926357941182122,0.0,8,0.5787979036063007,0.2,7.941086352945698,100.0,1.0,0.0,100.0,1.0,0.0,100.0,1.0,0.0,100.0,1.0,0.0,100.0,1.0,0.0,100.0,1.0,0.0,100.0,1.0,0.0
131,actuated,0,16,496.3674902909581,155.1148407159244,4001976.91134874,500247.1139185925,7775.2,98.17171717171718,125133.2666013764,1579.965487391116,79.2,0.5068381834651586,90.0,67.6,38,0.7896190597641082,0.8535353535353535,90.0,100.0,7.6,0.95,0.0,0.0,8,100.0,1.0,0.0,100.0,1.0,0.0,100.0,1.0,0.0,100.0,1.0,0.0,100.0,1.0,0.0,100.0,1.0,0.0,60.0,0.8,0.0,60.0,0.8,0.0
132,actuated,0,0,340.5938984427091,85.14847461067727,4000340.593898443,500042.5742373054,7264.2,91.95189873417722,127723.68258997235,1616.7554758224348,79.0,0.5815457812441125,83.18043424359018,62.8,36,0.6280130415795772,0.7949367088607595,83.18043424359018,100.0,7.199999999999999,0.9,0.45625044187562125,0.0,8,100.0,1.0,0.0,100.0,1.0,0.0,100.0,1.0,0.0,100.0,1.0,0.0,100.0,1.0,0.0,100.0,1.0,0.0,32.29190579244914,0.6,1.6852827270126076,33.15156815627233,0.6,1.9647208079923622
133,actuated,0,0,311.8713539232634,77.96783848081586,4000311.8713539233,500038.9839192404,6862.0,89.81675392670157,126207.7513248317,1651.9339178642892,76.4,0.7980691142281062,80.58661650998175,57.2,38,0.9934520271501527,0.7486910994764397,80.58661650998175,100.0,7.6,0.95,1.0066718469086504,0.0,8,100.0,1.0,0.0,100.0,1.0,0.0,100.0,1.0,0.0,100.0,1.0,0.0,100.0,1.0,0.0,100.0,1.0,0.0,20.06574593848427,0.8,3.7066093496589105,24.627186141369748,0.8,4.346765425610292
134,actuated,0,0,144.17936029904456,48.05978676634819,4781554.574045321,597694.3217556651,7106.6,95.00802139037434,125251.35150806943,1674.4833089314095,74.8,1.1036937901098107,81.20080334764964,59.2,38,1.6760377438009417,0.7914438502673797,81.20080334764964,100.0,7.6,0.95,1.482330038451526,0.0,8,100.0,1.0,0.0,100.0,1.0,0.0,100.0,1.0,0.0,100.0,1.0,0.0,100.0,1.0,0.0,100.0,1.0,0.0,21.662661061345716,0.8,5.51681600514372,27.9437657198514,0.8,6.341824302468488
135,actuated,0,0,579.0563607750138,144.76409019375345,4000579.0563607747,500072.38204509683,7403.2,100.04324324324324,123567.262388979,1669.8278701213378,74.0,1.316695374021869,78.7725714900634,60.6,36,2.061634070116717,0.8189189189189189,78.7725714900634,100.0,7.199999999999999,0.9,1.780092247395556,0.0,8,100.0,1.0,0.0,100.0,1.0,0.0,100.0,1.0,0.0,100.0,1.0,0.0,100.0,1.0,0.0,100.0,1.0,0.0,17.19775507812983,0.6,7.022315634850777,12.98281684237736,0.6,7.218422344313671
136,actuated,0,0,465.74473223625716,136.98374477536976,4004634.0632641846,500579.2579080231,7705.8,106.43370165745857,119026.77888623206,1644.0162829590063,72.4,1.3938091161866897,79.25817304327325,62.0,36,2.2784909277346097,0.856353591160221,79.25817304327325,100.0,7.199999999999999,0.9,2.0705531996044977,0.0,8,100.0,1.0,0.0,100.0,1.0,0.0,100.0,1.0,0.0,100.0,1.0,0.0,100.0,1.0,0.0,100.0,1.0,0.0,14.790491717940313,0.6,7.869609098768805,19.274892628245652,0.6,8.694816498067174
137,actuated,0,0,109.05117222278977,49.56871464672262,6350456.401100514,793807.0501375643,8021.0,113.2909604519774,113836.36608439176,1607.8582780281322,70.8,1.1863418601070503,77.7768374795977,64.2,32,2.0722882554112894,0.9067796610169492,77.7768374795977,100.0,6.4,0.8,2.250770574867738,0.0,8,100.0,1.0,0.0,100.0,1.0,0.0,100.0,1.0,0.0,100.0,1.0,0.0,100.0,1.0,0.0,100.0,1.0,0.0,11.085543194360525,0.2,9.020757778551829,11.129156642421094,0.2,8.985406820390075
138,actuated,0,0,38.016072910865006,19.008036455432503,6000038.016072911,750004.7520091139,8341.0,118.14447592067988,113472.85686285052,1607.2642615134632,70.6,1.192855695555877,77.06988613426034,64.4,33,2.0823248459649673,0.9121813031161473,77.06988613426034,100.0,6.6000000000000005,0.825,2.184267982424524,0.0,8,100.0,1.0,0.0,100.0,1.0,0.0,100.0,1.0,0.0,100.0,1.0,0.0,100.0,1.0,0.0,100.0,1.0,0.0,11.109728375656687,0.2,9.001120155117121,5.449360698426062,0.4,8.473023704279072
139,actuated,0,0,36.7677987207641,18.38389936038205,7535984.880083352,941998.110010419,8661.0,121.6432584269663,114266.40410196056,1604.8652261511315,71.2,1.228810093393438,77.3310762247425,64.6,33,2.1350338287883814,0.9073033707865169,77.3310762247425,100.0,6.6000000000000005,0.825,2.1969152809654613,0.0,8,100.0,1.0,0.0,100.0,1.0,0.0,100.0,1.0,0.0,100.0,1.0,0.0,100.0,1.0,0.0,100.0,1.0,0.0,10.89354944127308,0.2,9.17974444776683,7.755060356666945,0.4,8.395577799956863
140,actuated,0,0,435.5684285583452,145.18947618611506,8592442.771129323,1074055.3463911654,8981.0,125.7843137254902,115440.80946530793,1616.8180597382063,71.4,1.213738981197174,75.64206800606428,64.4,34,2.0537220620622945,0.9019607843137255,75.64206800606428,100.0,6.800000000000001,0.85,2.1795243969512956,0.0,8,100.0,1.0,0.0,100.0,1.0,0.0,100.0,1.0,0.0,100.0,1.0,0.0,100.0,1.0,0.0,100.0,1.0,0.0,3.934857647350327,0.4,8.644801157619804,1.2016864011638972,0.4,8.791394017990562
141,actuated,0,0,97.723347169019,44.419703258644994,5490508.3058232535,686313.5382279067,9301.6,129.54874651810584,114942.24585614863,1600.8669339296466,71.8,1.2404522926810964,75.17628332658802,64.8,34,2.1420928644227475,0.9025069637883009,75.17628332658802,100.0,6.800000000000001,0.85,2.1259821070358162,0.0,8,100.0,1.0,0.0,100.0,1.0,0.0,100.0,1.0,0.0,100.0,1.0,0.0,100.0,1.0,0.0,100.0,1.0,0.0,0.025656042357695696,0.4,8.262721550371499,1.3846105703464673,0.4,8.74513530591503
142,actuated,0,0,40.77554253575538,20.38777126787769,6000040.775542536,750005.096942817,9626.0,134.81792717086836,114341.71818953282,1601.4246245032607,71.4,1.124537431500892,77.15770846238911,65.4,34,1.9763420602663595,0.9159663865546218,77.15770846238911,100.0,6.800000000000001,0.85,2.204709706164431,0.0,8,100.0,1.0,0.0,100.0,1.0,0.0,100.0,1.0,0.0,100.0,1.0,0.0,100.0,1.0,0.0,100.0,1.0,0.0,10.965819329949227,0.4,8.933869790285826,6.29584836916365,0.4,8.703807859029622
143,actuated,0,0,39.69189043269084,19.84594521634542,5800394.492630227,725049.3115787783,9951.0,138.5933147632312,115294.33073938712,1605.7706231112413,71.8,1.1553679637746963,77.74690858491368,65.6,32,2.02742527706394,0.9136490250696379,77.74690858491368,100.0,6.4,0.8,2.2775447956635757,0.0,8,100.0,1.0,0.0,100.0,1.0,0.0,100.0,1.0,0.0,100.0,1.0,0.0,100.0,1.0,0.0,100.0,1.0,0.0,10.641534173059881,0.2,9.397141274343703,11.333734506249584,0.2,8.823217090964903
144,actuated,0,0,442.28993591143774,157.96069139694205,5001180.189530653,625147.5236913316,10276.0,141.54269972451792,115974.18669600211,1597.4405880992028,72.6,1.1658865125250004,76.61609667050271,65.4,33,1.9925550206106992,0.9008264462809917,76.61609667050271,100.0,6.6000000000000005,0.825,2.1689643825986424,0.0,8,100.0,1.0,0.0,100.0,1.0,0.0,100.0,1.0,0.0,100.0,1.0,0.0,100.0,1.0,0.0,100.0,1.0,0.0,11.055442933140966,0.4,8.728870778065177,1.873330430880742,0.2,8.622844282723964
145,actuated,0,0,37.377218102758924,18.688609051379462,7561647.99095083,945205.9988688538,10604.0,145.26027397260273,117441.40788233264,1608.7864093470225,73.0,1.2069292955379793,76.04737580639096,66.4,34,2.099831096725183,0.9095890410958904,76.04737580639096,100.0,6.800000000000001,0.85,2.1349737816418,0.0,8,100.0,1.0,0.0,100.0,1.0,0.0,100.0,1.0,0.0,100.0,1.0,0.0,100.0,1.0,0.0,100.0,1.0,0.0,1.1633112000708934,0.4,8.48479905361316,7.215695251056786,0.4,8.59499119952124
146,actuated,0,0,40.2459950020349,20.12299750101745,6000040.245995002,750005.0307493752,10934.6,148.5679347826087,117650.62828794983,1598.5139713036663,73.6,1.1280119437685951,77.54553285419036,66.8,34,1.9707746415025789,0.907608695652174,77.54553285419036,100.0,6.800000000000001,0.85,2.1791035620979073,0.0,8,100.0,1.0,0.0,100.0,1.0,0.0,100.0,1.0,0.0,100.0,1.0,0.0,100.0,1.0,0.0,100.0,1.0,0.0,9.096758449868503,0.4,8.557748745754362,11.267504383654341,0.4,8.875079751028899
147,actuated,0,0,373.16825355366484,143.52625136679416,5400373.168253554,675046.6460316943,10673.0,141.17724867724868,118231.53870711071,1563.909242157549,75.6,0.8301454026197101,77.154699540624,66.6,33,1.4534465583167258,0.8809523809523809,77.154699540624,100.0,6.6000000000000005,0.825,1.843951426797389,0.0,8,100.0,1.0,0.0,100.0,1.0,0.0,100.0,1.0,0.0,80.0,1.0,0.0,100.0,1.0,0.0,100.0,1.0,0.0,11.768963684346545,0.2,8.496924850996544,25.46863264064541,0.4,6.254686563382569
148,actuated,0,0,262.66996082886783,87.55665360962261,5000262.6699608285,625032.8337451036,9582.2,123.48195876288659,120678.90821186153,1555.1405697404837,77.6,0.5951098007587297,88.67840458757769,65.6,36,0.9336986503759983,0.845360824742268,88.67840458757769,100.0,7.199999999999999,0.9,0.8534314086812628,0.0,8,100.0,1.0,0.0,100.0,1.0,0.0,100.0,1.0,0.0,55.90501025928006,0.6,2.0204276079082115,100.0,1.0,0.0,100.0,1.0,0.0,53.522226441341445,0.6,4.807023661541891,100.0,1.0,0.0
149,actuated,3,0,401.9057812995296,111.6404948054249,4000958.773940906,500119.84674261324,8424.8,106.91370558375634,124947.40278521941,1585.6269388987234,78.8,0.566970849873421,90.0,61.4,38,0.7571846848749205,0.7791878172588832,90.0,100.0,7.6,0.95,0.0,0.0,8,100.0,1.0,0.0,100.0,1.0,0.0,60.0,0.8,0.0,60.0,0.8,0.0,100.0,1.0,0.0,100.0,1.0,0.0,100.0,1.0,0.0,100.0,1.0,0.0
150,actuated,3,3,326.9259144106515,81.73147860266288,4000326.925914412,500040.8657393015,7664.0,97.75510204081633,125722.08336230759,1603.5980020702498,78.4,0.6138305840859198,83.1056787887212,58.8,36,0.6634852635639353,0.75,83.1056787887212,100.0,7.2,0.9,0.5367775757447576,0.0,8,100.0,1.0,0.0,100.0,1.0,0.0,32.608537281585086,0.6,2.048242186806799,32.23689302818457,0.6,2.2459784191512617,100.0,1.0,0.0,100.0,1.0,0.0,100.0,1.0,0.0,100.0,1.0,0.0
151,actuated,3,3,279.51831060312696,69.87957765078174,4000279.5183106037,500034.93978882546,7320.2,94.33247422680412,128134.22988099381,1651.2143025901264,77.6,0.8249211833857286,81.2335118795562,56.8,39,1.012114437140896,0.7319587628865979,81.2335118795562,100.0,7.8,0.975,0.959818998828971,0.0,8,100.0,1.0,0.0,100.0,1.0,0.0,27.55689735931128,1.0,3.732016549311279,22.311197677138352,0.8,3.9465354413204894,100.0,1.0,0.0,100.0,1.0,0.0,100.0,1.0,0.0,100.0,1.0,0.0
152,actuated,3,3,362.9634175715478,90.74085439288694,4000362.963417572,500045.3704271965,7564.4,98.49479166666667,126772.22112212928,1650.6799625277251,76.8,1.1235953034430164,80.36906111931813,59.0,37,1.6162568943294169,0.7682291666666666,80.36906111931813,100.0,7.4,0.925,1.3569569488613973,0.0,8,100.0,1.0,0.0,100.0,1.0,0.0,24.842107295337428,0.6,5.283165221628979,18.110381659207633,0.8,5.572490369262199,100.0,1.0,0.0,100.0,1.0,0.0,100.0,1.0,0.0,100.0,1.0,0.0
153,actuated,3,3,608.4212592331141,152.10531480827854,4000608.421259233,500076.0526574041,7864.8,102.94240837696336,126331.13704791843,1653.5489142397698,76.4,1.3113739531947037,78.83396908359344,62.0,38,2.072847704673481,0.8115183246073299,78.83396908359344,100.0,7.6,0.95,1.6859769863239094,0.0,8,100.0,1.0,0.0,100.0,1.0,0.0,16.49027791090475,0.8,6.593545447199842,14.181474757842807,0.8,6.894270443391433,100.0,1.0,0.0,100.0,1.0,0.0,100.0,1.0,0.0,100.0,1.0,0.0
154,actuated,3,3,514.4853666075358,160.7766770648549,4029913.9577256953,503739.2447157119,8179.8,109.35561497326204,121208.68300221747,1620.4369385323191,74.8,1.3503765619121482,79.87548961245096,64.6,35,2.2616631468953594,0.8636363636363636,79.87548961245096,100.0,7.0,0.875,1.9662073298292504,0.0,8,100.0,1.0,0.0,100.0,1.0,0.0,26.697280228629552,0.4,7.49365950925999,12.30663667097815,0.6,8.235999129374013,100.0,1.0,0.0,100.0,1.0,0.0,100.0,1.0,0.0,100.0,1.0,0.0
155,actuated,3,3,111.08174719269864,50.49170326940847,6293978.350849735,786747.2938562168,8505.2,116.82967032967034,116522.88132056761,1600.589029128676,72.8,1.175391637848715,76.96065769054172,66.0,34,2.0400501900393655,0.9065934065934066,76.96065769054172,100.0,6.8,0.85,2.1859334935434163,0.0,8,100.0,1.0,0.0,100.0,1.0,0.0,5.652687102394793,0.4,8.860177764762193,10.032574421938989,0.4,8.627290183585137,100.0,1.0,0.0,100.0,1.0,0.0,100.0,1.0,0.0,100.0,1.0,0.0
156,actuated,3,3,40.32621373579145,20.163106867895724,8694700.696158316,1086837.5870197895,8835.0,121.69421487603306,116250.96122749339,1601.2529094696058,72.6,1.1325640792510827,76.24248406954877,66.4,34,1.9853408533834815,0.9146005509641874,76.24248406954877,100.0,6.8,0.85,2.201065057271626,0.0,8,100.0,1.0,0.0,100.0,1.0,0.0,3.7533873833649523,0.4,9.227805465180426,6.186485173025176,0.4,8.380714992992582,100.0,1.0,0.0,100.0,1.0,0.0,100.0,1.0,0.0,100.0,1.0,0.0
157,actuated,3,3,38.62602034440777,19.313010172203885,10584761.334375931,1323095.1667969914,9165.0,126.58839779005525,115823.4187894642,1599.7709777550303,72.4,1.1880220194799853,77.72429424484301,66.4,32,2.0877936655730163,0.9171270718232044,77.72429424484301,100.0,6.4,0.8,2.2947172522195047,0.0,8,100.0,1.0,0.0,100.0,1.0,0.0,10.72922459082747,0.2,9.320338031276844,11.065129367916597,0.2,9.037399986479194,100.0,1.0,0.0,100.0,1.0,0.0,100.0,1.0,0.0,100.0,1.0,0.0
158,actuated,3,3,38.34236916395817,19.171184581979084,7589691.119339379,948711.3899174223,9434.8,129.95592286501378,116750.93539097432,1608.1396059362855,72.6,1.1875527831848156,75.74515429549024,66.4,34,2.07761847784339,0.9146005509641874,75.74515429549024,100.0,6.8,0.85,2.0620946131763045,0.0,8,100.0,1.0,0.0,100.0,1.0,0.0,0.9339601982719614,0.4,8.176213237084449,5.027274165649942,0.4,8.320543668325989,100.0,1.0,0.0,100.0,1.0,0.0,100.0,1.0,0.0,100.0,1.0,0.0
159,actuated,3,3,322.8117713428395,115.2899183367284,5000551.832336603,625068.9790420753,8740.6,120.39393939393939,117802.63992769939,1622.6258943209282,72.6,1.2274097840826816,70.23400121160336,63.4,30,2.0689271843240027,0.8732782369146006,70.23400121160336,100.0,6.0,0.75,2.286560591277003,0.0,8,100.0,1.0,0.0,100.0,1.0,0.0,10.768911495958946,0.2,9.285989585625732,11.103098196867904,0.2,9.006495144590291,40.0,0.6,0.0,100.0,1.0,0.0,100.0,1.0,0.0,100.0,1.0,0.0
160,actuated,3,3,206.23269479068253,68.74423159689418,5000206.23269479,625025.7790868487,7858.2,108.2396694214876,116439.32684271049,1603.8474771723209,72.6,1.2585651754275937,75.41823745279146,61.2,33,2.0522026226495313,0.8429752066115702,75.41823745279146,100.0,6.6,0.825,2.4391895821904943,0.0,8,100.0,1.0,0.0,100.0,1.0,0.0,7.167194179755825,0.4,8.872947615198791,11.195316987461865,0.2,8.93230625912553,84.98338845511398,1.0,1.708262783199634,100.0,1.0,0.0,100.0,1.0,0.0,100.0,1.0,0.0
161,actuated,3,3,208.4669722425088,69.48899074750294,5000208.466972242,625026.0583715303,7204.4,99.23415977961433,115921.91684406556,1596.7206176868533,72.6,1.2188378056900235,76.82569503097113,60.6,33,1.9870488885107775,0.8347107438016529,76.82569503097113,100.0,6.6,0.825,2.202899753663236,0.0,8,100.0,1.0,0.0,100.0,1.0,0.0,11.14497835960492,0.2,8.972650890238688,3.4605818881641426,0.4,8.650547139067202,100.0,1.0,0.0,100.0,1.0,0.0,100.0,1.0,0.0,100.0,1.0,0.0
162,actuated,3,3,302.74626262193516,116.44087023920582,5001198.282350329,625149.7852937911,7448.4,102.31318681318682,116205.58597810302,1596.2305766222942,72.8,1.2089469068402425,75.95458578160304,63.8,34,2.0588468108533595,0.8763736263736264,75.95458578160304,100.0,6.8,0.85,2.1732822192832835,0.0,8,100.0,1.0,0.0,100.0,1.0,0.0,0.33665660547512744,0.4,8.45068034892902,7.30002964734922,0.4,8.935577405337247,100.0,1.0,0.0,100.0,1.0,0.0,100.0,1.0,0.0,100.0,1.0,0.0
163,actuated,3,3,36.91968743099419,18.459843715497094,5019565.267756688,627445.658469586,7774.0,106.78571428571429,117219.36512628206,1610.1561143720064,72.8,1.2241534703133279,76.14114803931841,66.4,34,2.1295430166863434,0.9120879120879121,76.14114803931841,100.0,6.8,0.85,2.16428292649407,0.0,8,100.0,1.0,0.0,100.0,1.0,0.0,1.076586910937749,0.4,8.563170066568999,8.052597403609525,0.4,8.751093345383563,100.0,1.0,0.0,100.0,1.0,0.0,100.0,1.0,0.0,100.0,1.0,0.0
164,actuated,3,3,204.48784232272897,92.94901923760406,7003729.408578873,875466.1760723591,7924.8,107.3821138211382,116345.7936524866,1576.5012690038834,73.8,1.0601955587667309,75.8955241440168,66.6,34,1.8790340298210977,0.9024390243902439,75.8955241440168,100.0,6.8,0.85,2.201206197656666,0.0,8,100.0,1.0,0.0,100.0,1.0,0.0,0.8396382313617323,0.4,8.827192596532404,6.324554920772698,0.4,8.782456984720927,100.0,1.0,0.0,100.0,1.0,0.0,100.0,1.0,0.0,100.0,1.0,0.0
165,actuated,3,3,310.12033424531955,103.37344474843985,5684940.263841274,710617.5329801593,6963.6,91.86807387862797,119163.67080672772,1572.0800897985187,75.8,0.8143773453794045,72.10034795706036,64.8,31,1.343267234077496,0.8548812664907651,72.10034795706036,100.0,6.2,0.775,1.9169999964675049,0.0,8,100.0,1.0,0.0,100.0,1.0,0.0,12.661111626673573,0.2,7.898200643719685,32.54790234296024,0.4,5.186537052193971,100.0,1.0,0.0,31.5937696868491,0.6,2.2512622758263823,100.0,1.0,0.0,100.0,1.0,0.0
166,actuated,3,3,256.7205590549974,85.57351968499914,5000256.720559055,625032.0900698819,6110.2,78.53727506426735,120536.01475838739,1549.306102292897,77.8,0.6224914836776797,92.52485709548637,65.4,38,0.9822841575840959,0.8406169665809768,92.52485709548637,100.0,7.6,0.95,0.981078691418242,0.0,8,100.0,1.0,0.0,100.0,1.0,0.0,40.198856763890944,0.6,7.848629531345936,100.0,1.0,0.0,100.0,1.0,0.0,100.0,1.0,0.0,100.0,1.0,0.0,100.0,1.0,0.0
167,actuated,12,3,401.2407082960676,111.45575230446323,4000928.865969462,500116.10824618273,5633.8,71.3139240506329,124885.47726112949,1580.8288260902466,79.0,0.5633018500468308,90.0,62.6,38,0.762864071581009,0.7924050632911392,90.0,100.0,7.6,0.95,0.0,0.0,8,100.0,1.0,0.0,100.0,1.0,0.0,100.0,1.0,0.0,100.0,1.0,0.0,100.0,1.0,0.0,60.0,0.8,0.0,60.0,0.8,0.0,100.0,1.0,0.0
168,actuated,12,12,349.95411639607966,87.48852909901991,4000349.9541163957,500043.74426454946,5510.2,69.39798488664988,125998.2296556822,1586.8794666962494,79.4,0.5615405080199606,83.62751963175555,60.2,36,0.6054145555167235,0.7581863979848866,83.62751963175555,100.0,7.199999999999999,0.9,0.5249144949528286,0.0,8,100.0,1.0,0.0,100.0,1.0,0.0,100.0,1.0,0.0,100.0,1.0,0.0,100.0,1.0,0.0,35.44323890923579,0.6,1.9671047946950173,33.57691814480859,0.6,2.2322111649276115,100.0,1.0,0.0
169,actuated,12,12,343.79771022583685,85.94942755645921,4000343.797710225,500042.9747137781,5589.0,69.8625,128234.76204649261,1602.9345255811577,80.0,0.6509965492869652,89.83245469381103,59.2,39,0.796737188746766,0.74,89.83245469381103,100.0,7.8,0.975,0.969134722652141,0.0,8,100.0,1.0,0.0,100.0,1.0,0.0,100.0,1.0,0.0,100.0,1.0,0.0,100.0,1.0,0.0,25.29247831235807,0.8,3.9630611957525015,93.36715923813017,1.0,3.7900165854646257,100.0,1.0,0.0
170,actuated,12,12,510.9844596489021,127.74611491222552,4000510.9844596484,500063.87305745605,5883.2,72.6320987654321,128888.82573263436,1591.2200707732636,81.0,0.7430239277724193,89.55920620590973,65.6,39,1.2957968486618903,0.8098765432098766,89.55920620590973,100.0,7.8,0.975,0.7343604584960554,0.0,8,100.0,1.0,0.0,100.0,1.0,0.0,100.0,1.0,0.0,100.0,1.0,0.0,100.0,1.0,0.0,16.473649647277853,0.8,5.874883667968443,100.0,1.0,0.0,100.0,1.0,0.0
171,actuated,12,12,764.5982490782374,224.88183796418747,4004187.582057626,500523.44775720325,6225.8,76.29656862745098,128853.86571227014,1579.091491571938,81.6,0.7435190972859099,90.66086527045996,71.6,38,1.6698592824446037,0.8774509803921569,90.66086527045996,100.0,7.6,0.95,0.9260083010932626,0.0,8,100.0,1.0,0.0,100.0,1.0,0.0,100.0,1.0,0.0,100.0,1.0,0.0,100.0,1.0,0.0,25.28692216367972,0.6,7.408066408746101,100.0,1.0,0.0,100.0,1.0,0.0
172,actuated,12,12,361.5322766569444,200.85126480941355,8554119.446510276,1069264.9308137845,6597.4,81.44938271604939,126370.51462099681,1560.129810135763,81.0,0.6787099555635107,90.29594827384273,76.0,38,1.7475886840654957,0.9382716049382716,90.29594827384273,100.0,7.6,0.95,1.0991621189597391,0.0,8,100.0,1.0,0.0,100.0,1.0,0.0,100.0,1.0,0.0,100.0,1.0,0.0,100.0,1.0,0.0,22.367586190741804,0.6,8.793296951677913,100.0,1.0,0.0,100.0,1.0,0.0
173,actuated,12,12,19.894807706278478,19.894807706278478,11446508.43726279,1430813.5546578488,6981.0,86.82835820895522,125138.43958893736,1556.4482535937482,80.4,0.5673054802985102,88.58433862262189,77.2,37,1.5072979550248582,0.9601990049751243,88.58433862262189,100.0,7.4,0.925,1.0526209102361466,0.0,8,100.0,1.0,0.0,100.0,1.0,0.0,100.0,1.0,0.0,100.0,1.0,0.0,100.0,1.0,0.0,8.674708980975083,0.4,8.420967281889173,100.0,1.0,0.0,100.0,1.0,0.0
174,actuated,12,12,19.684128683551346,19.684128683551346,7000019.684128684,875002.4605160855,7366.0,91.61691542288557,125325.81672817635,1558.778815027069,80.4,0.5744435496424558,88.83754837309908,77.2,37,1.5279255478416645,0.9601990049751243,88.83754837309908,100.0,7.4,0.925,1.0986883593490346,0.0,8,100.0,1.0,0.0,100.0,1.0,0.0,100.0,1.0,0.0,100.0,1.0,0.0,100.0,1.0,0.0,10.700386984792658,0.4,8.789506874792277,100.0,1.0,0.0,100.0,1.0,0.0
175,actuated,12,12,19.790142642649524,19.790142642649524,7000019.790142643,875002.4737678304,7751.0,96.40547263681592,125112.44223924552,1556.124903473203,80.4,0.5705302069669899,88.2087040684172,77.2,37,1.5164771619836284,0.9601990049751243,88.2087040684172,100.0,7.4,0.925,1.0337090578279455,0.0,8,100.0,1.0,0.0,100.0,1.0,0.0,100.0,1.0,0.0,100.0,1.0,0.0,100.0,1.0,0.0,5.669632547337642,0.4,8.269672462623564,100.0,1.0,0.0,100.0,1.0,0.0
176,actuated,12,12,18.651179534427907,18.651179534427907,7000018.651179534,875002.3313974418,8136.0,100.94292803970224,125617.63802976476,1558.5314892030367,80.6,0.6038064227998257,88.89696529054248,77.2,36,1.6023789296321787,0.9578163771712159,88.89696529054248,100.0,7.2,0.9,1.1184959358533781,0.0,8,100.0,1.0,0.0,100.0,1.0,0.0,100.0,1.0,0.0,100.0,1.0,0.0,100.0,1.0,0.0,11.175722324339858,0.2,8.947967486827025,100.0,1.0,0.0,100.0,1.0,0.0
177,actuated,12,12,20.42903882237257,20.42903882237257,7000020.429038823,875002.5536298528,8521.0,105.98258706467662,125288.10505733706,1558.3097643947397,80.4,0.5528554141618276,87.51224366698409,77.2,37,1.4695950937452982,0.9601990049751243,87.51224366698409,100.0,7.4,0.925,1.0332157777040263,0.0,8,100.0,1.0,0.0,100.0,1.0,0.0,100.0,1.0,0.0,100.0,1.0,0.0,100.0,1.0,0.0,0.0979493358727268,0.4,8.26572622163221,100.0,1.0,0.0,100.0,1.0,0.0
178,actuated,12,12,18.59496778883067,18.59496778883067,7000018.594967788,875002.3243709735,8906.0,110.49627791563276,126117.69176517233,1564.7356298408479,80.6,0.6059689726423979,88.59178737561678,77.2,37,1.608749393264145,0.9578163771712159,88.59178737561678,100.0,7.4,0.925,1.0815729582682252,0.0,8,100.0,1.0,0.0,100.0,1.0,0.0,100.0,1.0,0.0,100.0,1.0,0.0,100.0,1.0,0.0,8.7342990049342,0.4,8.652583666145802,100.0,1.0,0.0,100.0,1.0,0.0
179,actuated,12,12,19.109235021334165,19.109235021334165,7000019.109235021,875002.3886543777,9291.0,115.55970149253731,125450.56755544226,1560.330442231869,80.4,0.5904757030413827,88.54607684372894,77.2,37,1.568953007979364,0.9601990049751243,88.54607684372894,100.0,7.4,0.925,1.1123197451466695,0.0,8,100.0,1.0,0.0,100.0,1.0,0.0,100.0,1.0,0.0,100.0,1.0,0.0,100.0,1.0,0.0,8.368614749831522,0.4,8.898557961173356,100.0,1.0,0.0,100.0,1.0,0.0
180,actuated,12,12,18.89478868108774,18.89478868108774,7000018.894788681,875002.3618485851,9676.0,120.34825870646766,125665.18717999003,1562.9998405471395,80.4,0.5981439214846692,88.89330769172261,77.2,36,1.5905958799083215,0.9601990049751243,88.89330769172261,100.0,7.2,0.9,1.1214321210472957,0.0,8,100.0,1.0,0.0,100.0,1.0,0.0,100.0,1.0,0.0,100.0,1.0,0.0,100.0,1.0,0.0,11.146461533780894,0.2,8.971456968378366,100.0,1.0,0.0,100.0,1.0,0.0
181,actuated,12,12,18.34069971269323,18.34069971269323,7000018.340699713,875002.2925874641,10061.0,125.136815920398,125613.65974605801,1562.3589520653982,80.4,0.6155443724687212,88.89968094529081,77.2,36,1.6359532433558481,0.9601990049751243,88.89968094529081,100.0,7.2,0.9,1.116325835010464,0.0,8,100.0,1.0,0.0,100.0,1.0,0.0,100.0,1.0,0.0,100.0,1.0,0.0,100.0,1.0,0.0,11.197447562326488,0.2,8.930606680083711,100.0,1.0,0.0,100.0,1.0,0.0
182,actuated,12,12,19.261091463411198,19.261091463411198,7000019.261091463,875002.4076364329,10446.0,129.92537313432837,124915.79960215106,1553.679099529242,80.4,0.5864643398588212,88.22625103101046,77.2,37,1.5596117103988714,0.9601990049751243,88.22625103101046,100.0,7.4,0.925,1.0651239093276672,0.0,8,100.0,1.0,0.0,100.0,1.0,0.0,100.0,1.0,0.0,100.0,1.0,0.0,100.0,1.0,0.0,5.8100082480837045,0.4,8.520991274621338,100.0,1.0,0.0,100.0,1.0,0.0
183,actuated,12,12,25.31093676853485,25.31093676853485,7000025.3109367695,875003.1638670962,10832.2,133.07371007371006,125149.34251219349,1537.4612102235071,81.4,0.4494895131889997,89.12126673802504,77.8,36,1.1990742763086404,0.9557739557739557,89.12126673802504,100.0,7.2,0.9,0.9637525789885572,0.0,8,100.0,1.0,0.0,100.0,1.0,0.0,100.0,1.0,0.0,100.0,1.0,0.0,100.0,1.0,0.0,12.970133904200338,0.2,7.710020631908457,100.0,1.0,0.0,100.0,1.0,0.0
184,actuated,12,12,39.107019261947286,39.107019261947286,7000039.107019262,875004.8883774078,11225.0,136.2257281553398,126319.36059335705,1533.001948948508,82.4,0.29767101123532635,92.60304238872209,79.2,38,0.8035912258589033,0.9611650485436893,92.60304238872209,100.0,7.6,0.95,0.9348906663338897,0.0,8,100.0,1.0,0.0,100.0,1.0,0.0,100.0,1.0,0.0,100.0,1.0,0.0,100.0,1.0,0.0,40.8243391097767,0.6,7.479125330671118,100.0,1.0,0.0,100.0,1.0,0.0
185,actuated,0,12,479.40027051955167,217.90921387252348,5002128.795800686,625266.0994750857,10808.2,129.5947242206235,129864.74303873726,1557.1312114956506,83.4,0.29071650370062885,90.0,74.8,38,0.647164900925098,0.8968824940047961,90.0,100.0,7.6,0.95,0.0,0.0,8,100.0,1.0,0.0,100.0,1.0,0.0,100.0,1.0,0.0,100.0,1.0,0.0,100.0,1.0,0.0,100.0,1.0,0.0,60.0,0.8,0.0,60.0,0.8,0.0
186,actuated,0,0,313.0663998327888,104.35546661092961,5000313.066399833,625039.1332999791,10021.0,121.90997566909975,130845.37230189875,1591.7928503880628,82.2,0.38750793886361234,81.31359155493101,68.2,36,0.56233290941037,0.829683698296837,81.31359155493101,100.0,7.199999999999999,0.9,0.4689399642390458,0.0,8,100.0,1.0,0.0,100.0,1.0,0.0,100.0,1.0,0.0,100.0,1.0,0.0,100.0,1.0,0.0,100.0,1.0,0.0,21.735391213396724,0.6,1.6737524066341614,28.773341226051343,0.6,2.0777673072782052
187,actuated,0,0,169.46079692675443,56.48693230891814,5000169.460796927,625021.1825996159,9516.8,118.66334164588528,131570.6783719145,1640.5321492757416,80.2,0.6842002185183506,84.94915708330552,62.0,38,0.9729475363007962,0.773067331670823,84.94915708330552,100.0,7.6,0.95,0.9919641541238889,0.0,8,100.0,1.0,0.0,100.0,1.0,0.0,100.0,1.0,0.0,100.0,1.0,0.0,100.0,1.0,0.0,100.0,1.0,0.0,43.48129111325761,1.0,3.6686448736278043,36.111965553186565,0.6,4.267068359363307
188,actuated,0,0,403.6972589734356,118.73448793336343,4600403.697258973,575050.4621573716,9408.0,120.30690537084399,130144.41798896078,1664.2508694240507,78.2,1.0461231374937436,76.33295947975171,61.2,38,1.6190256392349132,0.782608695652174,76.33295947975171,100.0,7.6,0.95,1.367450596616322,0.0,8,100.0,1.0,0.0,80.0,1.0,0.0,100.0,1.0,0.0,100.0,1.0,0.0,100.0,1.0,0.0,100.0,1.0,0.0,16.961222286354314,0.8,5.3829461655643325,13.702453551659346,0.8,5.556658607366243
189,actuated,0,0,618.336302732689,147.22292922206879,3800618.3363027335,475077.2920378417,8134.6,105.91927083333333,127776.71309766344,1663.759285125826,76.8,1.3459600343893356,69.9342217613696,59.0,38,2.0771308641056594,0.7682291666666666,69.9342217613696,100.0,7.6,0.95,1.8872976140380318,0.0,8,100.0,1.0,0.0,41.768227155484965,0.6,1.5213854796596609,100.0,1.0,0.0,100.0,1.0,0.0,100.0,1.0,0.0,100.0,1.0,0.0,7.718847612618447,1.0,6.982695617877464,9.986699322853383,1.0,6.59429981476713
190,actuated,0,0,803.5866948463711,167.41389475966065,3001823.273922405,375227.90924030065,6062.0,81.26005361930295,121572.61078404663,1629.6596619845393,74.6,1.4558456907238335,69.83855970635375,54.8,35,2.2359443558617693,0.7345844504021448,69.83855970635375,100.0,6.999999999999999,0.875,2.267816985831243,0.0,8,32.08541974745458,0.6,1.8397192844912744,100.0,1.0,0.0,100.0,1.0,0.0,100.0,1.0,0.0,100.0,1.0,0.0,100.0,1.0,0.0,10.871471000441488,0.8,7.922502958656688,15.751586902933923,0.6,8.380313643501982
191,actuated,0,0,466.3530000094747,116.58825000236868,3799299.5508414535,474912.4438551817,4917.8,67.5521978021978,115343.54024357411,1584.389289060084,72.8,1.2985004048093258,77.3409049995729,56.0,33,2.008756259326125,0.7692307692307693,77.3409049995729,100.0,6.6000000000000005,0.825,2.161292057244451,0.0,8,100.0,1.0,0.0,100.0,1.0,0.0,100.0,1.0,0.0,100.0,1.0,0.0,100.0,1.0,0.0,100.0,1.0,0.0,11.548827555384378,0.2,8.65888762477688,7.178412441198816,0.4,8.631448833178728
192,actuated,0,0,233.9678746356257,77.98929154520856,4006212.5128133344,500776.5641016668,4704.4,64.62087912087912,116290.9146439165,1597.4026736801718,72.8,1.2635474072287747,76.06731615359877,60.6,34,2.0639222190926714,0.8324175824175825,76.06731615359877,100.0,6.800000000000001,0.85,2.136253326916707,0.0,8,100.0,1.0,0.0,100.0,1.0,0.0,100.0,1.0,0.0,100.0,1.0,0.0,100.0,1.0,0.0,100.0,1.0,0.0,7.661780327612178,0.4,8.494213017594914,0.8767489011779617,0.4,8.595813597738744
193,actuated,0,0,160.69951866668754,73.04523575758523,4621585.380895629,577698.1726119536,5018.4,68.74520547945205,116780.27017273681,1599.729728393655,73.0,1.269318748686176,77.68775671573849,64.6,32,2.1911158272404254,0.8849315068493151,77.68775671573849,100.0,6.4,0.8,2.3258454084746294,0.0,8,100.0,1.0,0.0,100.0,1.0,0.0,100.0,1.0,0.0,100.0,1.0,0.0,100.0,1.0,0.0,100.0,1.0,0.0,10.59559552029441,0.2,9.437883864900629,10.90645820561349,0.2,9.168879402896405
194,actuated,0,0,39.58818662414889,19.794093312074445,5762983.892719248,720372.986589906,5345.2,73.62534435261708,116234.82606676144,1601.030662076604,72.6,1.1467506247858028,76.15371575664426,66.6,34,2.002223581331541,0.9173553719008265,76.15371575664426,100.0,6.800000000000001,0.85,2.1129993742315794,0.0,8,100.0,1.0,0.0,100.0,1.0,0.0,100.0,1.0,0.0,100.0,1.0,0.0,100.0,1.0,0.0,100.0,1.0,0.0,5.885562594071416,0.4,8.66573631921783,3.344163459082665,0.4,8.238258674634807
195,actuated,0,0,37.639267489226015,18.819633744613007,6179135.957646329,772391.9947057911,5675.0,78.16804407713498,116896.24920708717,1610.1411736513382,72.6,1.2069435640594683,77.7332371539353,66.4,32,2.109436239691527,0.9146005509641874,77.7332371539353,100.0,6.4,0.8,2.2878533820856015,0.0,8,100.0,1.0,0.0,100.0,1.0,0.0,100.0,1.0,0.0,100.0,1.0,0.0,100.0,1.0,0.0,100.0,1.0,0.0,11.182034945240957,0.2,8.942916069365328,10.683862286241492,0.2,9.359910987319484
196,actuated,0,0,37.69992990675428,18.84996495337714,6000037.699929906,750004.7124912383,6005.0,82.71349862258953,116599.61878875518,1606.0553552170134,72.6,1.2032705107536903,77.22518262140568,66.4,33,2.1010388180919337,0.9146005509641874,77.22518262140568,100.0,6.6000000000000005,0.825,2.2120282257559767,0.0,8,100.0,1.0,0.0,100.0,1.0,0.0,100.0,1.0,0.0,100.0,1.0,0.0,100.0,1.0,0.0,100.0,1.0,0.0,11.299719069597813,0.2,8.849777537306444,6.50174190164762,0.4,8.84644826874137
197,actuated,0,0,38.42008463392943,19.210042316964714,6000038.420084634,750004.8025105792,6335.0,87.25895316804407,116067.42525773922,1598.72486580908,72.6,1.1831647113070523,76.69389268399357,66.4,33,2.0679986062818885,0.9146005509641874,76.69389268399357,100.0,6.6000000000000005,0.825,2.18936098629922,0.0,8,100.0,1.0,0.0,100.0,1.0,0.0,100.0,1.0,0.0,100.0,1.0,0.0,100.0,1.0,0.0,100.0,1.0,0.0,2.1048123503260285,0.4,8.77846253188327,11.446329121622512,0.2,8.73642535851049
198,actuated,0,0,36.114559181988746,18.057279590994373,6000036.114559183,750004.5143198979,6665.0,91.5521978021978,117522.61455750055,1614.3216285370956,72.8,1.2536228279559254,77.71276617292756,66.4,33,2.1863774840950603,0.9120879120879121,77.71276617292756,100.0,6.6000000000000005,0.825,2.2905726230470282,0.0,8,100.0,1.0,0.0,100.0,1.0,0.0,100.0,1.0,0.0,100.0,1.0,0.0,100.0,1.0,0.0,100.0,1.0,0.0,11.390479832502933,0.4,8.626811533793807,10.311649550917537,0.2,9.697769450582419
199,actuated,0,0,38.20747913537198,19.10373956768599,6000038.207479136,750004.775934892,6995.0,96.61602209944752,116056.9037617107,1602.995908310921,72.4,1.1929151168948644,76.02472980917355,66.2,34,2.0898351347069655,0.914364640883978,76.02472980917355,100.0,6.800000000000001,0.85,2.147692960314453,0.0,8,100.0,1.0,0.0,100.0,1.0,0.0,100.0,1.0,0.0,100.0,1.0,0.0,100.0,1.0,0.0,100.0,1.0,0.0,2.0459699567663847,0.4,8.360757118742915,6.151868516622017,0.4,8.820786563772709
200,actuated,0,0,44.28341850680188,22.14170925340094,6000044.283418507,750005.5354273134,7325.6,99.80381471389646,116304.78364001331,1584.533837057402,73.4,1.0353414892175237,77.9426987520992,66.8,32,1.8202330938853228,0.9100817438692098,77.9426987520992,100.0,6.4,0.8,2.1241057777315753,0.0,8,100.0,1.0,0.0,100.0,1.0,0.0,100.0,1.0,0.0,100.0,1.0,0.0,100.0,1.0,0.0,100.0,1.0,0.0,11.655142462236654,0.2,8.579903705510754,11.88644755455698,0.2,8.412942516341847
201,actuated,0,0,56.62795863040547,28.313979315202737,6000056.627958631,750007.0784948289,7662.6,101.62599469496021,118479.72791732466,1571.3491766223428,75.4,0.8233959792904283,76.19644830834545,68.6,33,1.4617207689988159,0.9098143236074271,76.19644830834545,100.0,6.6000000000000005,0.825,2.0968495650420205,0.0,8,100.0,1.0,0.0,100.0,1.0,0.0,100.0,1.0,0.0,100.0,1.0,0.0,100.0,1.0,0.0,100.0,1.0,0.0,9.204324297811581,0.4,9.082452335581184,0.36726216895203834,0.2,7.692344184754979
202,actuated,0,0,76.4680724919593,38.23403624597965,6000076.468072492,750009.5585090615,8010.2,103.49095607235142,120566.21364281778,1557.7030186410566,77.4,0.6038205817713544,91.67074416385219,70.8,37,1.0681033231348105,0.9147286821705426,91.67074416385219,100.0,7.4,0.925,0.6068217768300145,0.0,8,100.0,1.0,0.0,100.0,1.0,0.0,100.0,1.0,0.0,100.0,1.0,0.0,100.0,1.0,0.0,100.0,1.0,0.0,33.36595331081753,0.4,4.854574214640116,100.0,1.0,0.0
203,actuated,3,0,769.0770451700798,202.38869609738944,3003641.6092746495,375455.2011593312,7087.2,89.25944584382871,125201.52415921536,1576.8453924334428,79.4,0.49197543048567616,85.0,65.6,37,0.7245093199393683,0.8261964735516373,85.0,100.0,7.4,0.925,0.0,0.0,8,60.0,0.8,0.0,100.0,1.0,0.0,60.0,0.8,0.0,60.0,0.8,0.0,100.0,1.0,0.0,100.0,1.0,0.0,100.0,1.0,0.0,100.0,1.0,0.0
204,actuated,3,3,539.4187435035223,107.88374870070444,3000539.4187435033,375067.4273429379,5620.0,70.60301507537689,128561.5298687451,1615.0945963410188,79.6,0.6082290714446972,80.08547858845759,58.0,36,0.5603718110675263,0.7286432160804021,80.08547858845759,100.0,7.2,0.9,0.646873385749196,0.0,8,71.24623868262461,0.8,2.125397201161828,100.0,1.0,0.0,24.999751575023765,0.6,1.8135850390419441,44.43783845001235,0.8,1.2360048457897952,100.0,1.0,0.0,100.0,1.0,0.0,100.0,1.0,0.0,100.0,1.0,0.0
205,actuated,3,3,462.4581910769628,92.49163821539256,3000462.458191077,375057.80727388465,4462.8,57.215384615384615,128373.62658378427,1645.8157254331315,78.0,0.847424429881354,81.95005865331382,51.8,38,0.9075002276698518,0.6641025641025641,81.95005865331382,100.0,7.6,0.95,0.97806346696436,0.0,8,100.0,1.0,0.0,100.0,1.0,0.0,25.867472676359284,1.0,3.8736046849819177,29.732996550151256,0.6,3.950903050732962,100.0,1.0,0.0,100.0,1.0,0.0,100.0,1.0,0.0,100.0,1.0,0.0
206,actuated,3,3,703.4299333130523,146.54790277355258,4771465.637516116,596433.2046895145,4635.4,60.0440414507772,126018.01822598325,1632.3577490412338,77.2,1.1324824178230604,80.78572966593299,55.2,37,1.5627790331101827,0.7150259067357513,80.78572966593299,100.0,7.4,0.925,1.3694502257638774,0.0,8,100.0,1.0,0.0,100.0,1.0,0.0,20.387237332111,0.6,5.379845468299622,25.898599995352924,0.8,5.575756337811397,100.0,1.0,0.0,100.0,1.0,0.0,100.0,1.0,0.0,100.0,1.0,0.0
207,actuated,3,3,617.4257992418599,154.35644981046497,3013532.13977597,376691.51747199625,4926.4,64.14583333333333,127995.21581914295,1666.6043726450905,76.8,1.3177027486710056,79.95063790096594,61.4,38,2.0817053948911197,0.7994791666666666,79.95063790096594,100.0,7.6,0.95,1.6808806228215514,0.0,8,100.0,1.0,0.0,100.0,1.0,0.0,11.056674216083593,1.0,6.420154448767928,28.54842899164396,0.6,7.026890533804483,100.0,1.0,0.0,100.0,1.0,0.0,100.0,1.0,0.0,100.0,1.0,0.0
208,actuated,3,3,571.1377342585405,178.48054195579388,3323936.691835791,415492.08647947386,5240.8,69.87733333333334,117960.27491213195,1572.8036654950927,75.0,1.2698545945889714,79.53473058891916,64.4,38,2.1383887996328075,0.8586666666666667,79.53473058891916,100.0,7.6,0.95,1.820456589679444,0.0,8,100.0,1.0,0.0,100.0,1.0,0.0,12.55847278479905,0.8,6.608894112690018,23.71937192655423,0.8,7.954758604745534,100.0,1.0,0.0,100.0,1.0,0.0,100.0,1.0,0.0,100.0,1.0,0.0
209,actuated,3,3,38.868941244532856,19.434470622266428,8858111.889530737,1107263.9861913421,5568.0,76.27397260273973,117256.83249179406,1606.2579793396446,73.0,1.159825007655766,76.85698284991645,66.4,33,2.0162789601168387,0.9095890410958904,76.85698284991645,100.0,6.6,0.825,2.142576958402355,0.0,8,100.0,1.0,0.0,100.0,1.0,0.0,11.60894459010251,0.2,8.61404748931763,3.2469182092290794,0.4,8.526568177901208,100.0,1.0,0.0,100.0,1.0,0.0,100.0,1.0,0.0,100.0,1.0,0.0
210,actuated,3,3,37.86872457301685,18.934362286508424,6000037.868724573,750004.7335905717,5898.0,80.79452054794521,117489.76763125006,1609.4488716609596,73.0,1.1922039672521343,77.32419985669765,66.4,33,2.0754661020717835,0.9095890410958904,77.32419985669765,100.0,6.6,0.825,2.15790970589698,0.0,8,100.0,1.0,0.0,100.0,1.0,0.0,6.896987773116052,0.4,8.71379273124039,11.696611080465118,0.2,8.549484915935452,100.0,1.0,0.0,100.0,1.0,0.0,100.0,1.0,0.0,100.0,1.0,0.0
211,actuated,3,3,36.92213580397642,18.46106790198821,7761264.073846996,970158.0092308745,6228.0,85.31506849315069,117054.57920335326,1603.487386347305,73.0,1.221655423844851,77.5181426195752,66.4,33,2.1253456500275925,0.9095890410958904,77.5181426195752,100.0,6.6,0.825,2.205217339696305,0.0,8,100.0,1.0,0.0,100.0,1.0,0.0,10.779325474545658,0.2,9.27701832885002,9.36581548205595,0.4,8.36472038872042,100.0,1.0,0.0,100.0,1.0,0.0,100.0,1.0,0.0,100.0,1.0,0.0
212,actuated,3,3,37.93373688463673,18.966868442318365,6000037.933736885,750004.7417171106,6558.0,90.08241758241758,117245.19362641075,1610.510901461686,72.8,1.1907644612687782,76.4677405025111,66.4,33,2.0736350362398674,0.9120879120879121,76.4677405025111,100.0,6.6,0.825,2.1421825574632134,0.0,8,100.0,1.0,0.0,100.0,1.0,0.0,11.453983853912177,0.2,8.73058677883891,0.28794016617666784,0.4,8.406873680866799,100.0,1.0,0.0,100.0,1.0,0.0,100.0,1.0,0.0,100.0,1.0,0.0
213,actuated,3,3,38.13100679206291,19.065503396031456,6000038.131006792,750004.766375849,6888.0,94.61538461538461,117090.59135341094,1608.387243865535,72.8,1.1879494207309476,77.73630400830314,66.4,32,2.0721541087711244,0.9120879120879121,77.73630400830314,100.0,6.4,0.8,2.2842056035183633,0.0,8,100.0,1.0,0.0,100.0,1.0,0.0,11.018597785573547,0.2,9.075564962624211,10.871834280851544,0.2,9.198079865522695,100.0,1.0,0.0,100.0,1.0,0.0,100.0,1.0,0.0,100.0,1.0,0.0
214,actuated,3,3,41.4360469961466,20.7180234980733,6000041.436046996,750005.1795058745,7218.0,99.69613259668509,115804.04429993946,1599.5033743085562,72.4,1.1191413615173222,76.19777880792924,66.4,34,1.977790941610133,0.9171270718232044,76.19777880792924,100.0,6.8,0.85,2.1440931077930143,0.0,8,100.0,1.0,0.0,100.0,1.0,0.0,6.23258217763123,0.4,8.352420836314558,3.3496482858026866,0.4,8.800324026029559,100.0,1.0,0.0,100.0,1.0,0.0,100.0,1.0,0.0,100.0,1.0,0.0
215,actuated,3,3,37.32539693161474,18.66269846580737,6000037.325396932,750004.6656746165,7548.2,103.4,117102.69028789536,1604.1464422999366,73.0,1.2097385184645453,77.71957170990845,66.6,32,2.1057540544993847,0.9123287671232877,77.71957170990845,100.0,6.4,0.8,2.3008218561677265,0.0,8,100.0,1.0,0.0,100.0,1.0,0.0,10.507999689989447,0.2,9.51655909309419,11.248573989278157,0.2,8.890015756247623,100.0,1.0,0.0,100.0,1.0,0.0,100.0,1.0,0.0,100.0,1.0,0.0
216,actuated,3,3,38.05715540295691,19.028577701478454,6000038.057155402,750004.7571444253,7878.0,108.51239669421487,116864.5810662277,1609.7049733640179,72.6,1.1929131315860515,76.52755902355068,66.4,33,2.0840372946528722,0.9146005509641874,76.52755902355068,100.0,6.6,0.825,2.1458375149095223,0.0,8,100.0,1.0,0.0,100.0,1.0,0.0,11.358059079025224,0.2,8.804321170037639,0.8624131093802134,0.4,8.36237894923854,100.0,1.0,0.0,100.0,1.0,0.0,100.0,1.0,0.0,100.0,1.0,0.0
217,actuated,3,3,38.356284713267044,19.178142356633522,6000038.356284713,750004.7945355892,8208.0,113.37016574585635,115917.41112470203,1601.069214429586,72.4,1.1902331867308975,77.53683236047436,66.2,33,2.087933161519426,0.914364640883978,77.53683236047436,100.0,6.6,0.825,2.2561461625621497,0.0,8,100.0,1.0,0.0,100.0,1.0,0.0,11.10242259124334,0.2,9.00704320864814,9.19223629255157,0.4,9.04212609184906,100.0,1.0,0.0,100.0,1.0,0.0,100.0,1.0,0.0,100.0,1.0,0.0
218,actuated,3,3,45.97702592273011,22.988512961365053,6000045.977025922,750005.7471282403,8539.2,116.33787465940054,115892.18411439568,1578.9125901143827,73.4,0.9995006135283422,77.46770960885044,67.0,33,1.7599203827085552,0.9128065395095368,77.46770960885044,100.0,6.6,0.825,2.0920699808362317,0.0,8,100.0,1.0,0.0,100.0,1.0,0.0,7.761770306033213,0.4,8.389249334763734,11.979906564770317,0.2,8.34731051192612,100.0,1.0,0.0,100.0,1.0,0.0,100.0,1.0,0.0,100.0,1.0,0.0
219,actuated,3,3,56.885709478506236,28.442854739253118,6000056.885709478,750007.1107136847,8876.6,117.72679045092838,118528.09415799999,1571.990638700265,75.4,0.8241812299306263,75.1965826004016,68.6,32,1.4668579110200202,0.9098143236074271,75.1965826004016,100.0,6.4,0.8,1.0502297448733742,0.0,8,100.0,1.0,0.0,100.0,1.0,0.0,1.5726608032127842,0.4,8.401837958986993,0.0,0.0,0.0,100.0,1.0,0.0,100.0,1.0,0.0,100.0,1.0,0.0,100.0,1.0,0.0
220,actuated,3,3,416.742901474917,160.28573133650653,5400416.742901475,675052.0928626844,8621.6,111.39018087855297,121151.38997619486,1565.2634363849463,77.4,0.6240130304012947,89.3517305766926,69.0,37,1.0790702363441438,0.8914728682170543,89.3517305766926,100.0,7.4,0.925,1.0694469868009198,0.0,8,100.0,1.0,0.0,100.0,1.0,0.0,37.8216167975188,0.4,4.263688871200962,96.99222781602202,1.0,4.291887023206397,80.0,1.0,0.0,100.0,1.0,0.0,100.0,1.0,0.0,100.0,1.0,0.0
221,actuated,12,3,770.1344734562668,183.36535082292068,3002668.562839328,375333.570354916,6763.8,85.18639798488665,124516.29505196905,1568.2153029215247,79.4,0.5399468912152645,89.01144561101887,63.4,38,0.7265500389024748,0.7984886649874056,89.01144561101887,100.0,7.6,0.95,0.26747249633336445,0.0,8,100.0,1.0,0.0,100.0,1.0,0.0,100.0,1.0,0.0,100.0,1.0,0.0,52.09156488815097,0.6,2.1397799706669156,80.0,1.0,0.0,80.0,1.0,0.0,100.0,1.0,0.0
222,actuated,12,12,589.1782741913128,117.83565483826256,3000589.1782741905,375073.6472842738,4811.2,59.69230769230769,127275.39753986616,1579.0992250603742,80.6,0.5756650456780827,87.58916123677807,58.4,37,0.555995150437653,0.7245657568238213,87.58916123677807,100.0,7.3999999999999995,0.925,0.4376374228488833,0.0,8,100.0,1.0,0.0,100.0,1.0,0.0,100.0,1.0,0.0,100.0,1.0,0.0,100.0,1.0,0.0,38.411294508168794,0.6,2.053104751028555,62.30199538605575,0.8,1.4479946317625112,100.0,1.0,0.0
223,actuated,12,12,701.4006127783703,146.12512766216048,3000945.6803587545,375118.2100448443,4091.8,50.51604938271605,126773.90429730197,1565.1099295963206,81.0,0.5985802707375909,90.58944591596628,58.2,38,0.7206233313643218,0.7185185185185186,90.58944591596628,100.0,7.6,0.95,0.48854055887213127,0.0,8,100.0,1.0,0.0,100.0,1.0,0.0,100.0,1.0,0.0,100.0,1.0,0.0,100.0,1.0,0.0,24.71556732773024,0.6,3.90832447097705,100.0,1.0,0.0,100.0,1.0,0.0
224,actuated,12,12,608.8135926394286,160.21410332616543,3008113.5471423883,376014.19339279854,4314.8,52.877450980392155,129020.99833762573,1581.1396855101193,81.6,0.642525645807366,90.06913302949499,65.4,39,1.1866945247564409,0.8014705882352942,90.06913302949499,100.0,7.8,0.975,0.7062566379398347,0.0,8,100.0,1.0,0.0,100.0,1.0,0.0,100.0,1.0,0.0,100.0,1.0,0.0,100.0,1.0,0.0,20.553064235959937,0.8,5.650053103518678,100.0,1.0,0.0,100.0,1.0,0.0
225,actuated,12,12,612.973932053995,204.32464401799834,3356188.7075703465,419523.5884462933,4656.8,56.79024390243902,130121.65655727815,1586.8494702107091,82.0,0.7085336453172617,90.99994304119946,71.6,38,1.5873362107438211,0.8731707317073171,90.99994304119946,100.0,7.6,0.95,0.894582973462037,0.0,8,100.0,1.0,0.0,100.0,1.0,0.0,100.0,1.0,0.0,100.0,1.0,0.0,100.0,1.0,0.0,27.999544329595665,0.6,7.156663787696296,100.0,1.0,0.0,100.0,1.0,0.0
226,actuated,12,12,515.4594168420081,234.29973492818547,7558846.845315436,944855.8556644295,5024.0,61.71990171990172,125967.92194281379,1547.517468584936,81.4,0.6622174046311072,90.56616250570244,75.4,38,1.6568458549731833,0.9262899262899262,90.56616250570244,100.0,7.6,0.95,1.0145021279549231,0.0,8,100.0,1.0,0.0,100.0,1.0,0.0,100.0,1.0,0.0,100.0,1.0,0.0,100.0,1.0,0.0,24.529300045619493,0.6,8.116017023639385,100.0,1.0,0.0,100.0,1.0,0.0
227,actuated,12,12,18.45535080732008,18.45535080732008,10593915.207051631,1324239.4008814539,5406.0,67.23880597014926,125554.4544913373,1561.622568300215,80.4,0.6118622397357891,88.93234264762953,77.2,36,1.6245583165581914,0.9601990049751243,88.93234264762953,100.0,7.2,0.9,1.090870262493322,0.0,8,100.0,1.0,0.0,100.0,1.0,0.0,100.0,1.0,0.0,100.0,1.0,0.0,100.0,1.0,0.0,11.458741181036203,0.2,8.726962099946576,100.0,1.0,0.0,100.0,1.0,0.0
228,actuated,12,12,19.691872157605435,19.691872157605435,8696668.605594099,1087083.5756992623,5791.0,72.2069825436409,124869.63197739406,1556.97795483035,80.2,0.5799696154653113,88.83737551957097,77.2,37,1.5505075401759174,0.9625935162094763,88.83737551957097,100.0,7.4,0.925,1.0992795951431615,0.0,8,100.0,1.0,0.0,100.0,1.0,0.0,100.0,1.0,0.0,100.0,1.0,0.0,100.0,1.0,0.0,10.699004156567753,0.4,8.794236761145292,100.0,1.0,0.0,100.0,1.0,0.0
229,actuated,12,12,18.087122592992756,18.087122592992756,7000018.087122592,875002.260890324,6176.0,76.81592039800995,125942.19891120042,1566.4452600895575,80.4,0.6237012585520723,88.86016638833496,77.2,36,1.6568139052880266,0.9601990049751243,88.86016638833496,100.0,7.2,0.9,1.1487565149383858,0.0,8,100.0,1.0,0.0,100.0,1.0,0.0,100.0,1.0,0.0,100.0,1.0,0.0,100.0,1.0,0.0,10.881331106679681,0.2,9.190052119507087,100.0,1.0,0.0,100.0,1.0,0.0
230,actuated,12,12,19.431662826383548,19.431662826383548,7000019.431662828,875002.4289578535,6561.0,81.80798004987531,125066.87770603641,1559.4373778807533,80.2,0.5870108172598216,88.89933842825201,77.2,36,1.5683942556474892,0.9625935162094763,88.89933842825201,100.0,7.2,0.9,1.116599078860291,0.0,8,100.0,1.0,0.0,100.0,1.0,0.0,100.0,1.0,0.0,100.0,1.0,0.0,100.0,1.0,0.0,11.194707426016066,0.2,8.932792630882329,100.0,1.0,0.0,100.0,1.0,0.0
231,actuated,12,12,18.22260918373604,18.22260918373604,7000018.222609183,875002.2778261479,6946.0,86.39303482587064,125712.16203417226,1563.58410490264,80.4,0.6194582196567596,87.51255109907504,77.2,37,1.646217613323867,0.9601990049751243,87.51255109907504,100.0,7.4,0.925,1.074427784222644,0.0,8,100.0,1.0,0.0,100.0,1.0,0.0,100.0,1.0,0.0,100.0,1.0,0.0,100.0,1.0,0.0,0.10040879260031943,0.4,8.595422273781152,100.0,1.0,0.0,100.0,1.0,0.0
232,actuated,12,12,18.63446600281265,18.63446600281265,7000018.634466003,875002.3293082503,7331.0,91.18159203980099,125399.61896900841,1559.6967533458758,80.4,0.6050580183329294,88.89785432937174,77.2,36,1.6069407087878476,0.9601990049751243,88.89785432937174,100.0,7.2,0.9,1.1177845696570257,0.0,8,100.0,1.0,0.0,100.0,1.0,0.0,100.0,1.0,0.0,100.0,1.0,0.0,100.0,1.0,0.0,11.182834634973915,0.2,8.942276557256205,100.0,1.0,0.0,100.0,1.0,0.0
233,actuated,12,12,18.875021788724315,18.875021788724315,7000018.875021788,875002.3593777235,7716.0,95.97014925373135,125398.49927240952,1559.6828267712626,80.4,0.5984691434595449,88.90436545040586,77.2,36,1.5910387022503287,0.9601990049751243,88.90436545040586,100.0,7.2,0.9,1.112602136109541,0.0,8,100.0,1.0,0.0,100.0,1.0,0.0,100.0,1.0,0.0,100.0,1.0,0.0,100.0,1.0,0.0,11.234923603246898,0.2,8.900817088876328,100.0,1.0,0.0,100.0,1.0,0.0
234,actuated,12,12,20.334317700010757,20.334317700010757,7000020.334317699,875002.5417897124,8101.0,101.00997506234414,125013.3045612765,1558.7693835570635,80.2,0.565228545153475,88.33528099722344,77.2,37,1.515961514610077,0.9625935162094763,88.33528099722344,100.0,7.4,0.925,1.1452402650611477,0.0,8,100.0,1.0,0.0,100.0,1.0,0.0,100.0,1.0,0.0,100.0,1.0,0.0,100.0,1.0,0.0,6.682247977787483,0.4,9.161922120489182,100.0,1.0,0.0,100.0,1.0,0.0
235,actuated,12,12,19.853158631175283,19.853158631175283,7000019.853158632,875002.481644829,8486.0,105.54726368159204,125355.88320073442,1559.1527761285374,80.4,0.5685493004732284,88.34704611125517,77.2,37,1.5108173422715212,0.9601990049751243,88.34704611125517,100.0,7.4,0.925,1.0637549259816297,0.0,8,100.0,1.0,0.0,100.0,1.0,0.0,100.0,1.0,0.0,100.0,1.0,0.0,100.0,1.0,0.0,6.77636889004134,0.4,8.510039407853037,100.0,1.0,0.0,100.0,1.0,0.0
236,actuated,12,12,25.029244448367468,25.029244448367468,7000025.029244448,875003.128655556,8872.2,108.995085995086,125278.77605229271,1539.0513028537189,81.4,0.4570788905812509,88.90979921185135,77.8,36,1.2225892718131333,0.9557739557739557,88.90979921185135,100.0,7.2,0.9,1.108313855522818,0.0,8,100.0,1.0,0.0,100.0,1.0,0.0,100.0,1.0,0.0,100.0,1.0,0.0,100.0,1.0,0.0,11.278393694810802,0.2,8.866510844182544,100.0,1.0,0.0,100.0,1.0,0.0
237,actuated,12,12,34.063025844854444,34.063025844854444,7000034.063025844,875004.2578782305,9265.0,112.71289537712896,126927.61428642334,1544.1315606620844,82.2,0.33592438142865316,90.12148721303618,79.2,37,0.8995362732912103,0.9635036496350365,90.12148721303618,100.0,7.4,0.925,0.983014427677888,0.0,8,100.0,1.0,0.0,100.0,1.0,0.0,100.0,1.0,0.0,100.0,1.0,0.0,100.0,1.0,0.0,20.971897704289404,0.4,7.864115421423104,100.0,1.0,0.0,100.0,1.0,0.0
238,actuated,12,12,49.424710400537876,49.424710400537876,7000049.4247104,875006.1780888,9662.0,116.1298076923077,127427.44876109037,1531.5799129938748,83.2,0.2356037018221651,100.0,80.0,40,0.6355733139428404,0.9615384615384616,100.0,100.0,8.0,1.0,0.0,0.0,8,100.0,1.0,0.0,100.0,1.0,0.0,100.0,1.0,0.0,100.0,1.0,0.0,100.0,1.0,0.0,100.0,1.0,0.0,100.0,1.0,0.0,100.0,1.0,0.0
239,actuated,0,12,463.4405183221896,210.6547810555407,5002034.913256444,625254.3641570555,9240.6,109.7458432304038,131283.439758604,1559.1857453515918,84.2,0.23190914531305942,90.0,76.2,38,0.48697713518420543,0.9049881235154394,90.0,100.0,7.6,0.95,0.0,0.0,8,100.0,1.0,0.0,100.0,1.0,0.0,100.0,1.0,0.0,100.0,1.0,0.0,100.0,1.0,0.0,100.0,1.0,0.0,60.0,0.8,0.0,60.0,0.8,0.0
240,actuated,0,0,328.49065705918935,109.49688568639645,5000328.4906570595,625041.0613321324,8502.0,102.43373493975903,132288.3223925946,1593.8352095493326,83.0,0.34996538042523995,81.39069110158573,69.8,36,0.4871650740938235,0.8409638554216867,81.39069110158573,100.0,7.199999999999999,0.9,0.45325828450678673,0.0,8,100.0,1.0,0.0,100.0,1.0,0.0,100.0,1.0,0.0,100.0,1.0,0.0,100.0,1.0,0.0,100.0,1.0,0.0,25.144712514952516,0.6,1.9373810161822411,25.980816297733327,0.6,1.688685259872053
241,actuated,0,0,202.58794749152437,67.52931583050812,5000202.587947492,625025.3234934364,7984.4,98.81683168316832,131339.73166574026,1625.4917285363892,80.8,0.6423378627041644,80.93615461290312,63.6,37,0.9542396531522044,0.7871287128712872,80.93615461290312,100.0,7.3999999999999995,0.925,1.0063873885273313,0.0,8,100.0,1.0,0.0,100.0,1.0,0.0,100.0,1.0,0.0,100.0,1.0,0.0,100.0,1.0,0.0,100.0,1.0,0.0,22.32380943642056,0.8,4.190665513125031,25.16542746680443,0.6,3.8604335950936193
242,actuated,0,0,250.10787942734842,83.36929314244948,5000250.107879427,625031.2634849284,8209.0,103.9113924050633,131404.71457850255,1663.3508174493995,79.0,1.028627208970788,80.12583896382694,63.4,38,1.669066133575684,0.8025316455696202,80.12583896382694,100.0,7.6,0.95,1.4458084271860512,0.0,8,100.0,1.0,0.0,100.0,1.0,0.0,100.0,1.0,0.0,100.0,1.0,0.0,100.0,1.0,0.0,100.0,1.0,0.0,23.803302325741242,0.8,6.006844812052181,17.20340938487425,0.8,5.559622605436228
243,actuated,0,0,432.4736661949014,144.1578887316338,5000432.473666194,625054.0592082742,8527.6,111.03645833333333,126927.67992635425,1652.7041657077377,76.8,1.3112506988442374,81.43184969021092,64.8,36,2.199778501539807,0.84375,81.43184969021092,100.0,7.199999999999999,0.9,1.8768996400813314,0.0,8,100.0,1.0,0.0,100.0,1.0,0.0,100.0,1.0,0.0,100.0,1.0,0.0,100.0,1.0,0.0,100.0,1.0,0.0,24.434284422077326,0.6,7.588275099346565,27.02051309961007,0.6,7.426922021304087
244,actuated,0,0,34.218698804084404,17.109349402042202,6232750.676172726,779093.8345215907,8854.0,118.36898395721926,117804.64414204405,1574.92839762091,74.8,1.323211413955501,79.45231756251133,66.2,37,2.3055505682870554,0.8850267379679144,79.45231756251133,100.0,7.3999999999999995,0.925,2.0503949115950433,0.0,8,100.0,1.0,0.0,100.0,1.0,0.0,100.0,1.0,0.0,100.0,1.0,0.0,100.0,1.0,0.0,100.0,1.0,0.0,20.17032831490269,0.6,8.67460193120964,15.448212185187913,0.8,7.728557361550706
245,actuated,0,0,36.697966362758336,18.348983181379168,6000036.697966363,750004.5872457954,9184.0,125.8082191780822,116797.88641272178,1599.9710467496134,73.0,1.2293505773342894,77.01913424970712,66.4,34,2.139311848572752,0.9095890410958904,77.01913424970712,100.0,6.800000000000001,0.85,2.226985957805319,0.0,8,100.0,1.0,0.0,100.0,1.0,0.0,100.0,1.0,0.0,100.0,1.0,0.0,100.0,1.0,0.0,100.0,1.0,0.0,5.074951722203878,0.4,8.882316522626358,11.078122275453097,0.4,8.933571139816195
246,actuated,0,0,39.227114913068036,19.613557456534018,6000039.227114914,750004.9033893642,9514.0,131.04683195592287,116319.9083291196,1602.2025940650083,72.6,1.1597690362680126,77.41665810411291,66.4,33,2.027678181174122,0.9146005509641874,77.41665810411291,100.0,6.6000000000000005,0.825,2.167438133866095,0.0,8,100.0,1.0,0.0,100.0,1.0,0.0,100.0,1.0,0.0,100.0,1.0,0.0,100.0,1.0,0.0,100.0,1.0,0.0,11.398969018914613,0.2,8.772723202779773,7.934295813988683,0.4,8.566781868148988
247,actuated,0,0,37.77471030511218,18.88735515255609,6000037.774710304,750004.721838788,9844.0,135.5922865013774,116507.7321954016,1604.789699661179,72.6,1.1987037396871407,77.82598926041601,66.4,32,2.0908385587533447,0.9146005509641874,77.82598926041601,100.0,6.4,0.8,2.2127563004616775,0.0,8,100.0,1.0,0.0,100.0,1.0,0.0,100.0,1.0,0.0,100.0,1.0,0.0,100.0,1.0,0.0,100.0,1.0,0.0,11.047225199731656,0.2,9.052046843620882,11.560688883596413,0.2,8.65000356007254
248,actuated,0,0,38.74984993476196,19.37492496738098,6000038.749849936,750004.843731242,10174.0,140.13774104683196,116518.19574086329,1604.9338256317258,72.6,1.1699834924330934,77.72514645354079,66.4,33,2.042091209002224,0.9146005509641874,77.72514645354079,100.0,6.6000000000000005,0.825,2.2303404824109414,0.0,8,100.0,1.0,0.0,100.0,1.0,0.0,100.0,1.0,0.0,100.0,1.0,0.0,100.0,1.0,0.0,100.0,1.0,0.0,10.781023378140162,0.2,9.275557291041792,11.02014825018614,0.4,8.567166568245739
249,actuated,0,0,204.11716336042676,92.78052880019398,5800204.117163362,725025.5146454202,10323.4,142.19559228650138,117008.99002238209,1611.6940774432796,72.6,1.1881831212148994,75.93200485937984,66.0,34,2.0711441953082588,0.9090909090909091,75.93200485937984,100.0,6.800000000000001,0.85,2.1392276137252337,0.0,8,100.0,1.0,0.0,100.0,1.0,0.0,100.0,1.0,0.0,100.0,1.0,0.0,100.0,1.0,0.0,100.0,1.0,0.0,6.172834414373938,0.4,8.312086787540464,1.2832044606648196,0.4,8.801734122261406
250,actuated,0,0,308.2342591767014,102.74475305890047,5000308.234259177,625038.5292823971,9328.2,127.78356164383561,117439.7779903766,1608.7640820599534,73.0,1.284746359670654,66.87242930982677,62.2,32,2.127678324752609,0.852054794520548,66.87242930982677,100.0,6.4,0.8,2.432065456231983,0.0,8,100.0,1.0,0.0,25.78066005202345,0.6,1.7123322698244627,100.0,1.0,0.0,100.0,1.0,0.0,100.0,1.0,0.0,100.0,1.0,0.0,3.9870902889924764,0.4,8.75196772152558,5.21168413759824,0.4,8.992223658505825
251,actuated,0,0,203.76901354692353,67.92300451564118,5000203.769013547,625025.4711266934,8205.0,113.01652892561984,116261.7536860564,1601.401565923642,72.6,1.221312361566224,77.14487362186617,59.6,34,1.983065082371853,0.8209366391184573,77.14487362186617,100.0,6.800000000000001,0.85,2.161002560867928,0.0,8,100.0,1.0,0.0,100.0,1.0,0.0,100.0,1.0,0.0,100.0,1.0,0.0,100.0,1.0,0.0,100.0,1.0,0.0,11.73340683353672,0.4,8.48544270917773,5.425582141392624,0.4,8.802577777765693
252,actuated,0,0,231.92699081541446,77.30899693847148,5000231.926990816,625028.990873852,8142.4,112.15426997245179,115611.53132287727,1592.4453350258577,72.6,1.2328002840477872,77.21071727755202,61.0,33,2.0219290538372445,0.8402203856749312,77.21071727755202,100.0,6.6000000000000005,0.825,2.2056616749495532,0.0,8,100.0,1.0,0.0,100.0,1.0,0.0,100.0,1.0,0.0,100.0,1.0,0.0,100.0,1.0,0.0,100.0,1.0,0.0,6.748777619454813,0.4,8.50198534093797,10.936960600961356,0.2,9.143308058658457
253,actuated,0,0,302.67025325510417,126.11260552296008,5002207.098618822,625275.8873273528,8454.2,115.81095890410958,115870.46787722106,1587.2666832496036,73.0,1.236887095036299,76.57267744403043,64.2,34,2.1304906833638193,0.8794520547945206,76.57267744403043,100.0,6.800000000000001,0.85,2.251325235862655,0.0,8,100.0,1.0,0.0,100.0,1.0,0.0,100.0,1.0,0.0,100.0,1.0,0.0,100.0,1.0,0.0,100.0,1.0,0.0,7.213823989027333,0.4,9.112351900971662,5.367595563216128,0.4,8.89824998592958
254,actuated,0,0,43.51717740116758,21.75858870058379,5052570.975105449,631571.3718881811,8780.6,119.30163043478261,117131.04086709414,1591.4543596072574,73.6,1.048466165851562,77.55395156863244,66.8,33,1.8365405577908762,0.907608695652174,77.55395156863244,100.0,6.6000000000000005,0.825,2.2491583900010834,0.0,8,100.0,1.0,0.0,100.0,1.0,0.0,100.0,1.0,0.0,100.0,1.0,0.0,100.0,1.0,0.0,100.0,1.0,0.0,9.29092245989068,0.4,9.017162480205299,11.140690089168857,0.2,8.97610463980337
255,actuated,0,0,57.57935729549975,28.789678647749874,7556876.04706399,944609.5058829987,9117.4,120.6005291005291,118221.50483861109,1563.7765190292473,75.6,0.803874383506194,78.70106846901194,68.6,32,1.4205604515288046,0.9074074074074074,78.70106846901194,100.0,6.4,0.8,1.6241606099413501,0.0,8,100.0,1.0,0.0,100.0,1.0,0.0,100.0,1.0,0.0,100.0,1.0,0.0,100.0,1.0,0.0,100.0,1.0,0.0,11.35325244068099,0.2,8.808048664687474,18.255295311414557,0.2,4.185236214843328
256,actuated,0,0,78.68131706078383,39.34065853039191,6000078.68131706,750009.8351646325,9465.2,122.28940568475453,120761.91912970439,1560.231513303674,77.4,0.5893660311584601,90.54004343104054,70.6,37,1.0428147489983595,0.9121447028423773,90.54004343104054,100.0,7.4,0.925,0.8465155368814045,0.0,8,100.0,1.0,0.0,100.0,1.0,0.0,100.0,1.0,0.0,100.0,1.0,0.0,100.0,1.0,0.0,100.0,1.0,0.0,24.320347448324355,0.4,6.772124295051236,100.0,1.0,0.0
257,actuated,3,0,470.9216030099381,147.16300094060566,4001534.896730074,500191.8620912593,8695.6,109.51637279596977,124812.09594141509,1571.940754929661,79.4,0.48573748405819506,90.0,68.0,38,0.7673626703972959,0.8564231738035264,90.0,100.0,7.6,0.95,0.0,0.0,8,100.0,1.0,0.0,100.0,1.0,0.0,60.0,0.8,0.0,60.0,0.8,0.0,100.0,1.0,0.0,100.0,1.0,0.0,100.0,1.0,0.0,100.0,1.0,0.0
258,actuated,3,3,361.7601428204506,90.44003570511265,4000361.7601428204,500045.22001785255,7402.0,93.45959595959596,127694.31681893228,1612.3019800370237,79.2,0.5494138998903632,82.89606469989337,62.8,36,0.5980599674834614,0.7929292929292929,82.89606469989337,100.0,7.2,0.9,0.48451417078970194,0.0,8,100.0,1.0,0.0,100.0,1.0,0.0,34.0250050236682,0.6,2.053148990029015,29.14351257547878,0.6,1.8229643762886003,100.0,1.0,0.0,100.0,1.0,0.0,100.0,1.0,0.0,100.0,1.0,0.0
259,actuated,3,3,285.66909148712205,71.41727287178051,4000285.669091487,500035.70863643585,6630.8,85.66925064599484,127445.66447137331,1646.5848122916448,77.4,0.7974323324207548,80.28615795141434,57.8,38,0.9683089430168075,0.7467700258397932,80.28615795141434,100.0,7.6,0.95,0.9927649355510646,0.0,8,100.0,1.0,0.0,100.0,1.0,0.0,22.952321282250523,0.8,3.9735487670931997,19.336942329064186,0.8,3.9685707173153175,100.0,1.0,0.0,100.0,1.0,0.0,100.0,1.0,0.0,100.0,1.0,0.0
260,actuated,3,3,329.9761186654117,82.49402966635293,4000329.976118665,500041.24701483315,6844.6,89.12239583333333,127778.59190114988,1663.783748712889,76.8,1.1470796100493335,79.04938731834704,59.0,38,1.6396638746517045,0.7682291666666666,79.04938731834704,100.0,7.6,0.95,1.4242194659069476,0.0,8,100.0,1.0,0.0,100.0,1.0,0.0,11.734512694529258,0.8,5.675595852088259,20.660585852247095,0.8,5.718159875167323,100.0,1.0,0.0,100.0,1.0,0.0,100.0,1.0,0.0,100.0,1.0,0.0
261,actuated,3,3,576.2649444491343,144.06623611228358,4000576.26494445,500072.03311805625,7143.0,93.49476439790575,126354.81384066955,1653.8588199040519,76.4,1.3544051060236746,79.03685475237978,61.4,37,2.1361934190476295,0.8036649214659686,79.03685475237978,100.0,7.4,0.925,1.733461113123138,0.0,8,100.0,1.0,0.0,100.0,1.0,0.0,15.625543055562048,0.8,6.722271667459601,16.669294963476204,0.6,7.145417237525503,100.0,1.0,0.0,100.0,1.0,0.0,100.0,1.0,0.0,100.0,1.0,0.0
262,actuated,3,3,505.15788578812123,157.86183930878786,4074597.7761527793,509324.7220190974,7457.4,99.69786096256685,118550.69291136824,1584.9023116493079,74.8,1.3573558641802441,76.22309565584487,65.0,38,2.291748714517356,0.8689839572192514,76.22309565584487,100.0,7.6,0.95,1.9305062633282193,0.0,8,100.0,1.0,0.0,100.0,1.0,0.0,4.586384255981102,0.8,7.434947948974063,5.198380990777878,0.8,8.009102157651691,100.0,1.0,0.0,100.0,1.0,0.0,100.0,1.0,0.0,100.0,1.0,0.0
263,actuated,3,3,35.969228733711624,17.984614366855812,7754120.150185341,969265.0187731676,7786.0,106.36612021857924,117543.453103588,1605.784878464317,73.2,1.2537251532345144,75.75727336323325,66.4,34,2.1806913434663513,0.907103825136612,75.75727336323325,100.0,6.8,0.85,2.1072431409441226,0.0,8,100.0,1.0,0.0,100.0,1.0,0.0,5.290141913424122,0.4,8.208007053006439,0.7680449924419008,0.4,8.649938074546544,100.0,1.0,0.0,100.0,1.0,0.0,100.0,1.0,0.0,100.0,1.0,0.0
264,actuated,3,3,323.2610083803715,124.33115706937365,5400323.261008381,675040.4076260476,7514.2,103.50137741046832,117658.34590494582,1620.638373346361,72.6,1.2478524926669532,75.12598782836164,64.8,33,2.1438928986650043,0.8925619834710744,75.12598782836164,100.0,6.6,0.825,2.259342984028663,0.0,8,80.0,1.0,0.0,100.0,1.0,0.0,10.15115017240987,0.4,8.863886351138353,10.856752454483285,0.2,9.21085752109095,100.0,1.0,0.0,100.0,1.0,0.0,100.0,1.0,0.0,100.0,1.0,0.0
265,actuated,3,3,208.44877691233086,69.48292563744361,5000208.448776913,625026.0560971141,6339.6,87.56353591160222,115868.44677959876,1600.392911320425,72.4,1.2287248531336326,72.14085619821674,61.0,31,2.0192300237355876,0.8425414364640884,72.14085619821674,100.0,6.2,0.775,2.519275665875953,0.0,8,57.560531341077876,0.6,1.9959374956722562,100.0,1.0,0.0,10.915248904948385,0.2,9.161495158820006,8.651069339707647,0.4,8.996772672515363,100.0,1.0,0.0,100.0,1.0,0.0,100.0,1.0,0.0,100.0,1.0,0.0
266,actuated,3,3,202.52955005549097,67.50985001849699,5000202.529550055,625025.3161937569,5517.0,75.57534246575342,115081.76794397179,1576.462574574956,73.0,1.2288509405034915,76.98353415952113,60.4,33,2.007322337127095,0.8273972602739726,76.98353415952113,100.0,6.6,0.825,2.163462741009444,0.0,8,100.0,1.0,0.0,100.0,1.0,0.0,11.564198494415905,0.2,8.647378376312702,4.3040747817531155,0.4,8.66032355176285,100.0,1.0,0.0,100.0,1.0,0.0,100.0,1.0,0.0,100.0,1.0,0.0
267,actuated,3,3,541.5277514144148,180.50925047147157,5000541.527751415,625067.6909689269,5763.6,77.05347593582887,116025.38628803831,1551.1415279149508,74.8,0.8650384224583588,76.86067322545284,64.8,33,1.464502852327885,0.8663101604278075,76.86067322545284,100.0,6.6,0.825,2.170064705014799,0.0,8,100.0,1.0,0.0,100.0,1.0,0.0,3.491583485820229,0.4,8.583816306293011,11.39380231780251,0.2,8.77670133382538,100.0,1.0,0.0,100.0,1.0,0.0,100.0,1.0,0.0,100.0,1.0,0.0
268,actuated,3,3,73.72253697403407,36.861268487017036,5013709.183389498,626713.6479236872,6102.6,79.4609375,119856.32476729108,1560.6292287407693,76.8,0.6382867544206131,85.59164981954666,70.2,35,1.127952212486141,0.9140625,85.59164981954666,100.0,7.0,0.875,1.2823416354876946,0.0,8,100.0,1.0,0.0,100.0,1.0,0.0,45.32005047400162,0.6,6.188753857696438,39.41314808237166,0.4,4.0699792262051195,100.0,1.0,0.0,100.0,1.0,0.0,100.0,1.0,0.0,100.0,1.0,0.0
269,actuated,13,3,469.335519741835,146.66734991932344,3700108.779912154,462513.5974890193,5259.8,66.748730964467,124274.8451499627,1577.0919435274454,78.8,0.5020186206940734,90.0,68.0,38,0.7741062293994042,0.8629441624365483,90.0,100.0,7.6,0.95,0.0,0.0,8,100.0,1.0,0.0,100.0,1.0,0.0,100.0,1.0,0.0,100.0,1.0,0.0,60.0,0.8,0.0,60.0,0.8,0.0,100.0,1.0,0.0,100.0,1.0,0.0
270,actuated,13,13,361.74578301750006,90.43644575437501,5201685.536278402,650210.6920348003,3855.0,49.29667519181586,126368.98579935655,1615.9716854137666,78.2,0.5832349933863359,82.08644684416413,62.0,36,0.6498585101902179,0.7928388746803069,82.08644684416413,100.0,7.199999999999999,0.9,0.487614060609027,0.0,8,100.0,1.0,0.0,100.0,1.0,0.0,100.0,1.0,0.0,100.0,1.0,0.0,33.17161055985707,0.6,2.225674462841859,23.519964193455962,0.6,1.6752380220303567,100.0,1.0,0.0,100.0,1.0,0.0
271,actuated,13,13,265.18413033835657,66.29603258458914,5761609.427741406,720201.1784676757,3001.2,38.97662337662338,127578.18621121885,1656.8595611846604,77.0,0.8174822992400163,83.0207917492379,57.2,38,0.9686714519678428,0.7428571428571429,83.0207917492379,100.0,7.6,0.95,0.974474478754237,0.0,8,100.0,1.0,0.0,100.0,1.0,0.0,100.0,1.0,0.0,100.0,1.0,0.0,21.221369713007334,0.8,3.826234748087047,42.944964280895874,0.8,3.9695610819468485,100.0,1.0,0.0,100.0,1.0,0.0
272,actuated,13,13,313.1123865027614,78.27809662569035,10287160.410555085,1285895.0513193856,3108.8,40.69109947643979,126856.05624100035,1660.4195843062873,76.4,1.1439245070749995,80.72894005011165,58.4,37,1.6149705873226514,0.7643979057591623,80.72894005011165,100.0,7.3999999999999995,0.925,1.4317564444763282,0.0,8,100.0,1.0,0.0,100.0,1.0,0.0,100.0,1.0,0.0,100.0,1.0,0.0,23.721038360204147,0.6,5.833348732150954,22.11048204068902,0.8,5.6207028236596726,100.0,1.0,0.0,100.0,1.0,0.0
273,actuated,13,13,454.86723468620755,113.71680867155189,4000454.867234687,500056.85840433586,3405.4,44.69028871391076,127325.51879983698,1670.9385669269946,76.2,1.3695558412245468,79.2699799720441,61.2,38,2.119792832739888,0.8031496062992126,79.2699799720441,100.0,7.6,0.95,1.704176419602909,0.0,8,100.0,1.0,0.0,100.0,1.0,0.0,100.0,1.0,0.0,100.0,1.0,0.0,17.0450282985621,0.8,6.563143141262408,17.11481147779068,0.8,7.070268215560864,100.0,1.0,0.0,100.0,1.0,0.0
274,actuated,13,13,776.0211570729092,204.21609396655506,10015617.044349093,1251952.1305436366,3716.4,49.68449197860963,120310.37074688659,1608.4274164022272,74.8,1.3947695010971886,80.18237011574058,64.0,35,2.2949453689506987,0.8556149732620321,80.18237011574058,100.0,7.0,0.875,1.9375980385960372,0.0,8,100.0,1.0,0.0,100.0,1.0,0.0,100.0,1.0,0.0,100.0,1.0,0.0,27.709822332185468,0.4,7.218208815122885,13.74913859373919,0.6,8.282575493645412,100.0,1.0,0.0,100.0,1.0,0.0
275,actuated,13,13,37.851358800480355,18.925679400240178,6405083.721828906,800635.4652286132,4041.2,55.66391184573003,116329.92111789121,1602.3405112657192,72.6,1.2042654084144666,75.9719388122437,66.0,34,2.1038738122183718,0.9090909090909091,75.9719388122437,100.0,6.800000000000001,0.85,2.2191509404493037,0.0,8,100.0,1.0,0.0,100.0,1.0,0.0,100.0,1.0,0.0,100.0,1.0,0.0,6.560735452853805,0.4,8.871481882315129,1.2147750450958483,0.4,8.881725641279301,100.0,1.0,0.0,100.0,1.0,0.0
276,actuated,13,13,37.440989212664775,18.720494606332387,11552065.704591263,1444008.213073908,4371.0,60.04120879120879,117012.25752630406,1607.311229756924,72.8,1.207631895192246,76.58972238945125,66.4,33,2.1043357621926377,0.9120879120879121,76.58972238945125,100.0,6.6000000000000005,0.825,2.1856724900428492,0.0,8,100.0,1.0,0.0,100.0,1.0,0.0,100.0,1.0,0.0,100.0,1.0,0.0,11.198020293140871,0.2,8.930149917771898,1.5197588224691572,0.4,8.555230002570898,100.0,1.0,0.0,100.0,1.0,0.0
277,actuated,13,13,37.84544968999201,18.922724844996004,6000037.845449691,750004.7306812113,4701.0,64.75206611570248,117236.16107806556,1614.8231553452556,72.6,1.2000225367936461,77.19211020458886,66.4,34,2.095928866731702,0.9146005509641874,77.19211020458886,100.0,6.800000000000001,0.85,2.2178245710791087,0.0,8,100.0,1.0,0.0,100.0,1.0,0.0,100.0,1.0,0.0,100.0,1.0,0.0,8.71368737603916,0.4,8.666527365148069,8.823194260671698,0.4,9.076069203484803,100.0,1.0,0.0,100.0,1.0,0.0
278,actuated,13,13,37.213267686605356,18.606633843302678,6000037.213267687,750004.6516584608,5031.0,69.29752066115702,116932.35984816961,1610.6385654017852,72.6,1.2220174157914396,76.55597873742522,66.4,33,2.136697417930104,0.9146005509641874,76.55597873742522,100.0,6.6000000000000005,0.825,2.294212746387251,0.0,8,100.0,1.0,0.0,100.0,1.0,0.0,100.0,1.0,0.0,100.0,1.0,0.0,1.993031008332764,0.4,8.788716451823712,10.454798891069004,0.2,9.564985519274297,100.0,1.0,0.0,100.0,1.0,0.0
279,actuated,13,13,37.32214135798518,18.66107067899259,6000037.322141359,750004.6652676698,5361.0,73.84297520661157,116629.48301604867,1606.4667082100368,72.6,1.2155503392860092,76.73013205255131,66.4,34,2.122459720063908,0.9146005509641874,76.73013205255131,100.0,6.800000000000001,0.85,2.244022443937138,0.0,8,100.0,1.0,0.0,100.0,1.0,0.0,100.0,1.0,0.0,100.0,1.0,0.0,9.99380486712198,0.4,9.158887818362565,3.8472515532885154,0.4,8.793291733134538,100.0,1.0,0.0,100.0,1.0,0.0
280,actuated,13,13,36.09432234325916,18.04716117162958,6000036.094322343,750004.5117902929,5691.0,78.17307692307692,117150.94050366576,1609.2162157096946,72.8,1.2503790047553287,76.64549925991082,66.4,33,2.1764631493573536,0.9120879120879121,76.64549925991082,100.0,6.6000000000000005,0.825,2.243111475650408,0.0,8,100.0,1.0,0.0,100.0,1.0,0.0,100.0,1.0,0.0,100.0,1.0,0.0,2.3068085427712504,0.4,8.734401695802807,10.857185536515317,0.2,9.210490109400455,100.0,1.0,0.0,100.0,1.0,0.0
281,actuated,13,13,40.651796052240236,20.325898026120118,6000040.651796051,750005.0814745064,6021.0,83.16298342541437,115787.14328060576,1599.2699348149968,72.4,1.1328899791820826,76.59899688907217,66.4,34,1.9959711701269185,0.9171270718232044,76.59899688907217,100.0,6.800000000000001,0.85,2.249686782131903,0.0,8,100.0,1.0,0.0,100.0,1.0,0.0,100.0,1.0,0.0,100.0,1.0,0.0,7.456473396482579,0.4,9.134726474620402,5.335501716094768,0.4,8.862767782434819,100.0,1.0,0.0,100.0,1.0,0.0
282,actuated,13,13,37.5299576255311,18.76497881276555,6000037.529957626,750004.6912447033,6351.0,87.47933884297521,116623.62928016733,1606.3860782392194,72.6,1.2092642125675648,76.9001009657768,66.4,33,2.112833631866533,0.9146005509641874,76.9001009657768,100.0,6.6000000000000005,0.825,2.2560435630963545,0.0,8,100.0,1.0,0.0,100.0,1.0,0.0,100.0,1.0,0.0,100.0,1.0,0.0,11.130870034635336,0.2,8.984023682680268,4.069937691579071,0.4,9.064324822090567,100.0,1.0,0.0,100.0,1.0,0.0
283,actuated,13,13,37.881348872859185,18.940674436429592,6000037.881348873,750004.7351686091,6681.0,92.02479338842976,116595.1054371221,1605.9931878391474,72.6,1.2004874942411103,76.2497285057475,66.4,34,2.099401109661116,0.9146005509641874,76.2497285057475,100.0,6.800000000000001,0.85,2.2331091310130438,0.0,8,100.0,1.0,0.0,100.0,1.0,0.0,100.0,1.0,0.0,100.0,1.0,0.0,7.932217165098336,0.4,9.041541555430742,2.06561088088165,0.4,8.823331492673606,100.0,1.0,0.0,100.0,1.0,0.0
284,actuated,13,13,39.66411429629305,19.832057148146525,6000039.664114297,750004.9580142872,7011.0,96.04109589041096,115471.83723422306,1581.8059895099047,73.0,1.1485659123774181,77.71614900211546,66.4,33,2.009648065416697,0.9095890410958904,77.71614900211546,100.0,6.6000000000000005,0.825,2.252295251047694,0.0,8,100.0,1.0,0.0,100.0,1.0,0.0,100.0,1.0,0.0,100.0,1.0,0.0,11.245353679105392,0.2,8.892561572857115,10.48383833781827,0.4,9.125800435524434,100.0,1.0,0.0,100.0,1.0,0.0
285,actuated,13,13,54.29702794826435,27.148513974132175,6000054.297027947,750006.7871284934,7345.2,97.936,117912.01860499129,1572.1602480665504,75.0,0.8380368160960892,77.68722675233562,68.2,33,1.465928518094849,0.9093333333333333,77.68722675233562,100.0,6.6000000000000005,0.825,2.1889034757314,0.0,8,100.0,1.0,0.0,100.0,1.0,0.0,100.0,1.0,0.0,100.0,1.0,0.0,10.156065593705534,0.4,8.69424507506192,11.341748424979414,0.2,8.81698273078928,100.0,1.0,0.0,100.0,1.0,0.0
286,actuated,13,13,72.92251029680007,36.461255148400035,6000072.922510298,750009.1153137872,7690.2,100.1328125,119397.15063502593,1554.6503988935667,76.8,0.6308027349036571,83.96392611683211,70.4,35,1.1107324655645574,0.9166666666666666,83.96392611683211,100.0,7.0,0.875,1.6325569552382055,0.0,8,100.0,1.0,0.0,100.0,1.0,0.0,100.0,1.0,0.0,100.0,1.0,0.0,23.58820980388373,0.4,7.032604352926804,48.12319913077317,0.6,6.027851288978841,100.0,1.0,0.0,100.0,1.0,0.0
287,actuated,0,13,772.6299580127463,203.32367316124905,3003176.4708456695,375397.0588557087,6837.0,86.76395939086295,125220.73802035609,1589.0956601568032,78.8,0.5472990210474731,87.5,64.6,38,0.8159020754417929,0.8197969543147208,87.5,100.0,7.6,0.95,0.0,0.0,8,100.0,1.0,0.0,100.0,1.0,0.0,60.0,0.8,0.0,100.0,1.0,0.0,100.0,1.0,0.0,100.0,1.0,0.0,80.0,1.0,0.0,60.0,0.8,0.0
288,actuated,0,0,529.9596987370506,105.99193974741013,3000529.9596987376,375066.2449623422,5448.2,69.31552162849873,126525.22810251098,1609.7357264950506,78.6,0.642732997708051,78.83931318545024,56.2,34,0.6032828276246666,0.7150127226463104,78.83931318545024,100.0,6.799999999999999,0.8500000000000001,0.7433316467276149,0.0,8,100.0,1.0,0.0,100.0,1.0,0.0,58.02657697176073,0.6,1.9692600307442083,100.0,1.0,0.0,100.0,1.0,0.0,100.0,1.0,0.0,38.86934432173348,0.6,1.924522338153078,33.818584190107686,0.6,2.0528708049236326
289,actuated,0,0,442.1640951374843,88.43281902749686,3000442.164095138,375055.2705118923,4548.0,58.75968992248062,128161.51805015549,1655.8335665394766,77.4,0.8907785932301365,81.71676041723003,49.8,37,0.9589017251344422,0.6434108527131783,81.71676041723003,100.0,7.3999999999999995,0.925,1.0478015900962594,0.0,8,100.0,1.0,0.0,100.0,1.0,0.0,100.0,1.0,0.0,100.0,1.0,0.0,100.0,1.0,0.0,100.0,1.0,0.0,25.183956957894225,0.6,4.344378852593163,28.55012637994605,0.8,4.038033868176912
290,actuated,0,0,832.162187230356,166.43243744607122,3000832.162187231,375104.02027340385,4698.2,61.656167979002625,125720.71763898125,1649.878184238599,76.2,1.1946904864161092,79.6947978678702,54.4,37,1.6105473808739748,0.7139107611548556,79.6947978678702,100.0,7.3999999999999995,0.925,1.4539057394851391,0.0,8,100.0,1.0,0.0,100.0,1.0,0.0,100.0,1.0,0.0,100.0,1.0,0.0,100.0,1.0,0.0,100.0,1.0,0.0,15.452312423531112,0.8,5.852864327603262,22.106070519430432,0.6,5.77838158827785
291,actuated,0,0,473.57584918984287,118.39396229746072,3014503.922048247,376812.99025603087,4982.6,65.7335092348285,126254.80103387087,1665.6306204996158,75.8,1.3530404876013293,79.58393730189357,59.8,37,2.0939735073276764,0.7889182058047494,79.58393730189357,100.0,7.3999999999999995,0.925,1.7440255723753477,0.0,8,100.0,1.0,0.0,100.0,1.0,0.0,100.0,1.0,0.0,100.0,1.0,0.0,100.0,1.0,0.0,100.0,1.0,0.0,12.59010280795792,0.8,6.78220451725852,24.081395607190643,0.6,7.170000061744261
292,actuated,0,0,692.1190252947118,192.2552848040866,5302458.903014007,662807.3628767509,5292.0,70.56,121962.88934238814,1626.1718578985085,75.0,1.404538211886948,78.27370377843636,64.2,39,2.332951098378428,0.856,78.27370377843636,100.0,7.8,0.975,1.9163620384696793,0.0,8,100.0,1.0,0.0,100.0,1.0,0.0,100.0,1.0,0.0,100.0,1.0,0.0,100.0,1.0,0.0,100.0,1.0,0.0,13.142962052825169,1.0,7.56730264240473,13.046668174665683,0.8,7.763593665352706
293,actuated,0,0,204.81585009485298,85.33993753952208,6017974.002040505,752246.7502550632,5615.2,77.13186813186813,116442.37878387891,1599.4832250532818,72.8,1.233019081769826,77.01336703808465,65.6,33,2.1258893300539015,0.9010989010989011,77.01336703808465,100.0,6.6000000000000005,0.825,2.1786220323323437,0.0,8,100.0,1.0,0.0,100.0,1.0,0.0,100.0,1.0,0.0,100.0,1.0,0.0,100.0,1.0,0.0,100.0,1.0,0.0,4.668998892793752,0.4,8.686141217779369,11.437937411883468,0.2,8.742835040879381
294,actuated,0,0,37.20039757990031,18.600198789950156,8728622.016344901,1091077.7520431126,5944.0,81.64835164835165,117233.1377602355,1610.345298904334,72.8,1.2139715783456642,75.34990809904457,66.4,34,2.113698342081818,0.9120879120879121,75.34990809904457,100.0,6.800000000000001,0.85,2.1158441344276073,0.0,8,100.0,1.0,0.0,100.0,1.0,0.0,100.0,1.0,0.0,100.0,1.0,0.0,100.0,1.0,0.0,100.0,1.0,0.0,1.8414866556213383,0.4,8.302824044413866,0.9577781367352145,0.4,8.623929031006993
295,actuated,0,0,38.488005853656475,19.244002926828237,15048419.91085836,1881052.488857295,6274.0,86.41873278236915,116588.5447253279,1605.9028199080976,72.6,1.1801808060482994,77.19945558687755,66.4,33,2.062561584542593,0.9146005509641874,77.19945558687755,100.0,6.6000000000000005,0.825,2.1962384364916945,0.0,8,100.0,1.0,0.0,100.0,1.0,0.0,100.0,1.0,0.0,100.0,1.0,0.0,100.0,1.0,0.0,100.0,1.0,0.0,11.469163920564824,0.2,8.719031369034202,6.126480774455558,0.4,8.850876122899356
296,actuated,0,0,36.509060266962464,18.254530133481232,11593229.932016296,1449153.741502037,6604.0,90.71428571428571,117496.99067364009,1613.9696521104408,72.8,1.2378784490007937,77.74553717756703,66.4,32,2.156455866172224,0.9120879120879121,77.74553717756703,100.0,6.4,0.8,2.2764556703855834,0.0,8,100.0,1.0,0.0,100.0,1.0,0.0,100.0,1.0,0.0,100.0,1.0,0.0,100.0,1.0,0.0,100.0,1.0,0.0,11.024665309564625,0.2,9.070570143589157,10.939632110971615,0.2,9.14107521949551
297,actuated,0,0,38.0423656931694,19.0211828465847,6000038.0423656935,750004.7552957117,6934.0,95.50964187327824,117030.11348826883,1611.9850342736754,72.6,1.1980264682563333,77.64934600400522,66.4,32,2.09715254436869,0.9146005509641874,77.64934600400522,100.0,6.4,0.8,2.3595522833870537,0.0,8,100.0,1.0,0.0,100.0,1.0,0.0,100.0,1.0,0.0,100.0,1.0,0.0,100.0,1.0,0.0,100.0,1.0,0.0,10.748457078684623,0.2,9.303660913184556,10.44631095335717,0.2,9.572757353911873
298,actuated,0,0,37.03064241797376,18.51532120898688,6000037.030642418,750004.6288303023,7264.0,99.78021978021978,117356.51025082098,1612.0399759728157,72.8,1.2207055306657757,76.60931948828136,66.4,33,2.1268355985370206,0.9120879120879121,76.60931948828136,100.0,6.6000000000000005,0.825,2.2275454022922068,0.0,8,100.0,1.0,0.0,100.0,1.0,0.0,100.0,1.0,0.0,100.0,1.0,0.0,100.0,1.0,0.0,100.0,1.0,0.0,1.8920589870594995,0.4,8.71496571758762,10.982496919191362,0.2,9.105397500750035
299,actuated,0,0,37.68269600229578,18.84134800114789,6000037.682696003,750004.7103370003,7594.0,104.31318681318682,117169.36193097352,1609.4692572935924,72.8,1.2013463088757512,76.73300404194094,66.4,33,2.0949100312572737,0.9120879120879121,76.73300404194094,100.0,6.6000000000000005,0.825,2.1887899302992118,0.0,8,100.0,1.0,0.0,100.0,1.0,0.0,100.0,1.0,0.0,100.0,1.0,0.0,100.0,1.0,0.0,100.0,1.0,0.0,11.456207524452111,0.2,8.72889215620092,2.407824811075443,0.4,8.781427286192775
300,actuated,0,0,38.084254721967525,19.042127360983763,6000038.084254723,750004.7605318404,7924.0,109.14600550964187,116938.98484725665,1610.7298188327363,72.6,1.193684251140803,76.88467966887401,66.4,33,2.0866494586066824,0.9146005509641874,76.88467966887401,100.0,6.6000000000000005,0.825,2.269146265217124,0.0,8,100.0,1.0,0.0,100.0,1.0,0.0,100.0,1.0,0.0,100.0,1.0,0.0,100.0,1.0,0.0,100.0,1.0,0.0,10.322253543949955,0.2,9.687806986548171,4.755183807042158,0.4,8.465363135188818
301,actuated,0,0,36.97219473305218,18.48609736652609,6000036.972194733,750004.6215243416,8254.0,113.37912087912088,117404.43170463193,1612.698237700988,72.8,1.2238192174156066,77.66208069589482,66.4,32,2.1333925456025877,0.9120879120879121,77.66208069589482,100.0,6.4,0.8,2.3482228761420236,0.0,8,100.0,1.0,0.0,100.0,1.0,0.0,100.0,1.0,0.0,100.0,1.0,0.0,100.0,1.0,0.0,100.0,1.0,0.0,10.793301076237185,0.2,9.265006071234557,10.503344490921336,0.2,9.520776937901632
302,actuated,0,0,41.897711915002695,20.948855957501348,6000041.897711916,750005.2372139895,8584.2,117.27049180327869,115406.23283568483,1576.5878802689185,73.2,1.09280733107624,77.75173426281128,66.6,32,1.9179168846668242,0.9098360655737705,77.75173426281128,100.0,6.4,0.8,2.271420131635616,0.0,8,100.0,1.0,0.0,100.0,1.0,0.0,100.0,1.0,0.0,100.0,1.0,0.0,100.0,1.0,0.0,100.0,1.0,0.0,10.925208639550874,0.2,9.153143276182861,11.088665462939389,0.2,9.018217776902068
303,actuated,0,0,54.22545321365607,27.112726606828033,6000054.225453215,750006.7781816518,8918.2,118.90933333333334,117588.42651411382,1567.8456868548508,75.0,0.8487508330087182,77.29628949104381,68.0,33,1.4942914487280283,0.9066666666666666,77.29628949104381,100.0,6.6000000000000005,0.825,2.136189979862098,0.0,8,100.0,1.0,0.0,100.0,1.0,0.0,100.0,1.0,0.0,100.0,1.0,0.0,100.0,1.0,0.0,100.0,1.0,0.0,11.548585805380753,0.2,8.659068883863485,6.821730122969711,0.4,8.4304509550333
304,actuated,0,0,78.66406406236554,39.33203203118277,6000078.664064062,750009.8330080077,9263.6,120.30649350649351,119844.00778429203,1556.415685510286,77.0,0.5943554134120407,86.8189120898262,70.6,36,1.0572707386178437,0.9168831168831169,86.8189120898262,100.0,7.2,0.9,1.4961694602565097,0.0,8,100.0,1.0,0.0,100.0,1.0,0.0,100.0,1.0,0.0,100.0,1.0,0.0,100.0,1.0,0.0,100.0,1.0,0.0,30.66135164120169,0.4,5.123559471092263,63.8899450774079,0.8,6.845796210959814
305,actuated,3,0,567.9233091429036,177.47603410715735,4002377.939375038,500297.2424218797,8823.4,111.68860759493671,124519.0867639401,1576.1909716954442,79.0,0.5278958151918677,90.0,67.4,38,0.838229852059738,0.8531645569620253,90.0,100.0,7.6,0.95,0.0,0.0,8,100.0,1.0,0.0,100.0,1.0,0.0,60.0,0.8,0.0,60.0,0.8,0.0,100.0,1.0,0.0,100.0,1.0,0.0,100.0,1.0,0.0,100.0,1.0,0.0
306,actuated,3,3,358.2756089852379,89.56890224630948,4000358.2756089857,500044.7844511232,8004.8,101.32658227848101,127051.76045361001,1608.2501323241772,79.0,0.5744108924695437,81.35262351256358,62.8,36,0.6382992626921554,0.7949367088607595,81.35262351256358,100.0,7.2,0.9,0.45258365300451064,0.0,8,100.0,1.0,0.0,100.0,1.0,0.0,23.327077332919544,0.6,1.7045532919033228,27.493910767589114,0.6,1.916115932132762,100.0,1.0,0.0,100.0,1.0,0.0,100.0,1.0,0.0,100.0,1.0,0.0
307,actuated,3,3,284.317129147263,71.07928228681575,4000284.3171291454,500035.5396411432,7498.0,97.12435233160622,126970.1449817636,1644.6909971731036,77.2,0.7762761095760173,81.84132111728388,57.4,40,0.9268147380981672,0.7435233160621761,81.84132111728388,100.0,8.0,1.0,0.9467544884212823,0.0,8,100.0,1.0,0.0,100.0,1.0,0.0,29.53317995422367,1.0,3.7973104905425963,25.197388984047393,1.0,3.776725416827662,100.0,1.0,0.0,100.0,1.0,0.0,100.0,1.0,0.0,100.0,1.0,0.0
308,actuated,3,3,337.1789283121351,84.29473207803377,4000337.178928312,500042.147366039,7693.2,100.69633507853403,127323.6186961852,1666.5395117301728,76.4,1.1057928702119695,76.94344276409367,58.6,36,1.572805101171327,0.7670157068062827,76.94344276409367,100.0,7.2,0.9,1.3902599499981159,0.0,8,100.0,1.0,0.0,100.0,1.0,0.0,4.686406256291775,0.6,5.6295353116012175,10.861135856457622,0.6,5.4925442883837094,100.0,1.0,0.0,100.0,1.0,0.0,100.0,1.0,0.0,100.0,1.0,0.0
309,actuated,3,3,454.88021983241725,113.72005495810431,4000454.880219833,500056.8600274791,7990.2,105.13421052631578,126820.67549612962,1668.6930986332845,76.0,1.3248014240750776,80.61222446388683,61.0,37,2.0374026642184977,0.8026315789473685,80.61222446388683,100.0,7.4,0.925,1.777296945807701,0.0,8,100.0,1.0,0.0,100.0,1.0,0.0,26.36944272958317,0.6,7.164360428368754,18.52835298151149,0.8,7.054015138092854,100.0,1.0,0.0,100.0,1.0,0.0,100.0,1.0,0.0,100.0,1.0,0.0
310,actuated,3,3,746.720102727077,196.50529019133606,4001506.302508522,500188.2878135652,8299.6,110.66133333333333,119698.13968606813,1595.9751958142417,75.0,1.3436271934769755,80.24504580884923,63.8,38,2.206859496974874,0.8506666666666667,80.24504580884923,100.0,7.6,0.95,1.9944506553565544,0.0,8,100.0,1.0,0.0,100.0,1.0,0.0,23.300783092659003,0.8,7.9706705720168145,18.659583378134812,0.8,7.984934670835622,100.0,1.0,0.0,100.0,1.0,0.0,100.0,1.0,0.0,100.0,1.0,0.0
311,actuated,3,3,442.1961557374658,157.92719847766637,5697845.570781875,712230.6963477344,7719.4,105.74520547945205,117441.0347910925,1608.7812985081166,73.0,1.2473240645207322,72.77023979787486,63.8,31,2.1276347703349088,0.873972602739726,72.77023979787486,100.0,6.2,0.775,2.2572793751004374,0.0,8,100.0,1.0,0.0,60.0,0.8,0.0,11.331830423123392,0.2,8.824699652753628,10.830087959875527,0.2,9.233535348049871,100.0,1.0,0.0,100.0,1.0,0.0,100.0,1.0,0.0,100.0,1.0,0.0
312,actuated,3,3,193.65692002921907,64.55230667640636,7814689.268115344,976836.158514418,6776.0,93.07692307692308,117493.69325002811,1613.9243578300566,72.8,1.258451477492644,73.32354047650881,61.2,32,2.0340827600027716,0.8406593406593407,73.32354047650881,100.0,6.4,0.8,2.429229017965006,0.0,8,100.0,1.0,0.0,72.89496371518453,0.8,1.888793127637654,11.287531733387368,0.2,8.859332789666512,2.4058283634985855,0.4,8.685706226415878,100.0,1.0,0.0,100.0,1.0,0.0,100.0,1.0,0.0,100.0,1.0,0.0
313,actuated,3,3,213.72493556648533,71.24164518882844,5000213.724935566,625026.7156169458,6003.4,82.46428571428571,116090.27662660796,1594.6466569589006,72.8,1.2453820239192566,77.65316151552383,60.0,33,2.02746086527681,0.8241758241758241,77.65316151552383,100.0,6.6,0.825,2.264681073685435,0.0,8,100.0,1.0,0.0,100.0,1.0,0.0,10.556034238416032,0.2,9.473254608826025,10.669257885774641,0.4,8.644193980657457,100.0,1.0,0.0,100.0,1.0,0.0,100.0,1.0,0.0,100.0,1.0,0.0
314,actuated,3,3,375.15993258170164,133.9856902077506,5000615.362608541,625076.9203260676,6246.4,85.8021978021978,115660.9931993532,1588.749906584522,72.8,1.2186295631311526,77.70635562752716,63.0,33,2.0583331420293653,0.8653846153846154,77.70635562752716,100.0,6.6,0.825,2.222210890799786,0.0,8,100.0,1.0,0.0,100.0,1.0,0.0,11.334794431386399,0.2,8.822392025310744,10.316050588830876,0.4,8.955295101087543,100.0,1.0,0.0,100.0,1.0,0.0,100.0,1.0,0.0,100.0,1.0,0.0
315,actuated,3,3,38.25304197590005,19.126520987950023,5007308.799743325,625913.5999679157,6569.2,90.23626373626374,116888.78725055532,1605.6152094856502,72.8,1.184150269605762,76.34164467130233,66.0,33,2.058500857358147,0.9065934065934066,76.34164467130233,100.0,6.6,0.825,2.252860687707881,0.0,8,100.0,1.0,0.0,100.0,1.0,0.0,0.024896162281038414,0.4,8.684301201533527,10.708261208137628,0.2,9.338584300129519,100.0,1.0,0.0,100.0,1.0,0.0,100.0,1.0,0.0,100.0,1.0,0.0
316,actuated,3,3,39.08786056895265,19.543930284476325,5366209.3741737055,670776.1717717132,6899.0,95.02754820936639,116159.8517260972,1599.997957659741,72.6,1.1586187784059707,77.7672782553185,66.4,33,2.0205414502055965,0.9146005509641874,77.7672782553185,100.0,6.6,0.825,2.1859156324282516,0.0,8,100.0,1.0,0.0,100.0,1.0,0.0,10.574307682445578,0.4,8.83973720157519,11.563918360102434,0.2,8.647587857850821,100.0,1.0,0.0,100.0,1.0,0.0,100.0,1.0,0.0,100.0,1.0,0.0
317,actuated,3,3,40.156866276631476,20.078433138315738,6000040.156866277,750005.0196082846,7229.0,99.57300275482093,116505.03775108643,1604.7525861031188,72.6,1.1343148264542153,77.89628005705481,66.4,33,1.9846632223914082,0.9146005509641874,77.89628005705481,100.0,6.6,0.825,2.142586895737387,0.0,8,100.0,1.0,0.0,100.0,1.0,0.0,11.850763513307356,0.2,8.369498762115837,11.319476943131122,0.4,8.771196403783259,100.0,1.0,0.0,100.0,1.0,0.0,100.0,1.0,0.0,100.0,1.0,0.0
318,actuated,3,3,37.420507463729024,18.710253731864512,6000037.420507463,750004.6775634328,7559.0,103.83241758241758,117259.28869324499,1610.7045150171016,72.8,1.2091258313474729,76.89390214775585,66.4,35,2.1081938461683833,0.9120879120879121,76.89390214775585,100.0,7.0,0.875,2.1696249747554717,0.0,8,100.0,1.0,0.0,100.0,1.0,0.0,5.462675652993312,0.6,8.916277290525988,9.68854152905351,0.4,8.440722507517783,100.0,1.0,0.0,100.0,1.0,0.0,100.0,1.0,0.0,100.0,1.0,0.0
319,actuated,3,3,36.68353764007875,18.341768820039373,9233703.427867092,1154212.9284833865,7889.0,108.36538461538461,116806.50475027156,1604.484955360873,72.8,1.2307889449147573,77.53026634301932,66.4,33,2.1430349075803186,0.9120879120879121,77.53026634301932,100.0,6.6,0.825,2.2319287210236523,0.0,8,100.0,1.0,0.0,100.0,1.0,0.0,8.901045761053865,0.4,9.037931252922862,11.3410849831007,0.2,8.817498515266356,100.0,1.0,0.0,100.0,1.0,0.0,100.0,1.0,0.0,100.0,1.0,0.0
320,actuated,3,3,42.64758622416404,21.32379311208202,7411811.759039693,926476.4698799616,8220.2,111.99182561307902,115925.9346522917,1579.3724067069713,73.4,1.075201615309066,77.01038707001032,66.8,33,1.891598427955174,0.9100817438692098,77.01038707001032,100.0,6.6,0.825,2.25098365568583,0.0,8,100.0,1.0,0.0,100.0,1.0,0.0,5.3505096980597955,0.4,8.690451060514897,10.7325868620228,0.2,9.31741818497174,100.0,1.0,0.0,100.0,1.0,0.0,100.0,1.0,0.0,100.0,1.0,0.0
321,actuated,3,3,58.36838754548946,29.18419377274473,8715883.837923849,1089485.4797404811,8558.2,113.50397877984085,117657.63369603785,1560.446070239229,75.4,0.7942230811505646,78.23596201177224,68.8,32,1.4071229105358034,0.9124668435013262,78.23596201177224,100.0,6.4,0.8,1.6726443392145465,0.0,8,100.0,1.0,0.0,100.0,1.0,0.0,13.125661638346173,0.2,5.545413449571479,12.762034455831781,0.2,7.835741264144893,100.0,1.0,0.0,100.0,1.0,0.0,100.0,1.0,0.0,100.0,1.0,0.0
322,actuated,3,3,82.62637743479684,41.31318871739842,6000082.6263774345,750010.3282971793,8907.0,115.07751937984496,120298.93628528582,1554.2498228073102,77.4,0.5635492487440176,93.14921700843058,71.0,38,1.0025652998286576,0.917312661498708,93.14921700843058,100.0,7.6,0.95,0.7782161740374892,0.0,8,100.0,1.0,0.0,100.0,1.0,0.0,100.0,1.0,0.0,45.19373606744466,0.6,6.225729392299914,100.0,1.0,0.0,100.0,1.0,0.0,100.0,1.0,0.0,100.0,1.0,0.0
323,actuated,12,3,342.08722197870765,131.5720084533491,7199614.500490944,899951.812561368,8707.2,109.66246851385391,123969.96607736588,1561.334585357253,79.4,0.4377007554119371,97.5,71.2,40,0.7351492934065453,0.8967254408060453,97.5,100.0,8.0,1.0,0.0,0.0,8,100.0,1.0,0.0,100.0,1.0,0.0,100.0,1.0,0.0,100.0,1.0,0.0,100.0,1.0,0.0,80.0,1.0,0.0,100.0,1.0,0.0,100.0,1.0,0.0
324,actuated,12,12,274.3575077843493,91.4525025947831,5000274.357507784,625034.294688473,8353.2,103.8955223880597,126596.64422593036,1574.5851271881884,80.4,0.41520074329005396,92.26999500092063,69.8,38,0.5786809268623664,0.8681592039800995,92.26999500092063,100.0,7.6,0.95,0.25711155947058384,0.0,8,100.0,1.0,0.0,100.0,1.0,0.0,100.0,1.0,0.0,100.0,1.0,0.0,100.0,1.0,0.0,38.159960007365044,0.6,2.0568924757646707,100.0,1.0,0.0,100.0,1.0,0.0
325,actuated,12,12,489.41550522853333,143.94573683192158,4600489.415505228,575061.1769381535,7727.0,95.39506172839506,129264.0192798115,1595.852089874216,81.0,0.5098814547565287,90.93864548575141,67.2,38,0.747189895179388,0.8296296296296296,90.93864548575141,100.0,7.6,0.95,0.5127122262900813,0.0,8,100.0,1.0,0.0,100.0,1.0,0.0,100.0,1.0,0.0,100.0,1.0,0.0,100.0,1.0,0.0,27.509163886011265,0.6,4.10169781032065,100.0,1.0,0.0,100.0,1.0,0.0
326,actuated,12,12,505.70532141225965,126.42633035306491,4000505.7053214125,500063.21316517657,6548.4,81.24565756823822,130619.79806182704,1620.5930280623702,80.6,0.7029692085962604,81.77340341959905,64.4,37,1.2094791229406667,0.7990074441687345,81.77340341959905,100.0,7.3999999999999995,0.925,0.9772468824947897,0.0,8,30.478155646374034,0.6,1.877808826499838,100.0,1.0,0.0,100.0,1.0,0.0,100.0,1.0,0.0,100.0,1.0,0.0,23.709071710418357,0.8,5.94016623345848,100.0,1.0,0.0,100.0,1.0,0.0
327,actuated,12,12,637.4501837174968,159.3625459293742,4000637.450183718,500079.68127296475,5617.8,69.52722772277228,129236.66320146869,1599.4636534835233,80.8,0.8446337150787908,84.61902146560874,64.0,37,1.5581879127790217,0.7920792079207921,84.61902146560874,100.0,7.3999999999999995,0.925,1.3464445305070727,0.0,8,49.381128571321824,0.8,3.5174248154776144,100.0,1.0,0.0,100.0,1.0,0.0,100.0,1.0,0.0,100.0,1.0,0.0,27.57104315354809,0.6,7.254131428578967,100.0,1.0,0.0,100.0,1.0,0.0
328,actuated,12,12,571.6118110184186,178.6286909432558,4108706.185483576,513588.273185447,5699.6,71.06733167082294,125844.40252875639,1569.1322011066882,80.2,0.8274335824391725,89.38043144516314,67.8,39,1.720588357172218,0.8453865336658354,89.38043144516314,100.0,7.8,0.975,1.0300489884183088,0.0,8,100.0,1.0,0.0,100.0,1.0,0.0,100.0,1.0,0.0,100.0,1.0,0.0,100.0,1.0,0.0,15.043451561305119,0.8,8.24039190734647,100.0,1.0,0.0,100.0,1.0,0.0
329,actuated,12,12,296.49218187309776,148.24609093654888,8567256.126483573,1070907.0158104466,6050.6,75.25621890547264,123516.30880271955,1536.2724975462631,80.4,0.6411432412532255,88.1451908958843,72.4,37,1.56101788679262,0.900497512437811,88.1451908958843,100.0,7.4,0.925,1.073075352795422,0.0,8,100.0,1.0,0.0,100.0,1.0,0.0,100.0,1.0,0.0,100.0,1.0,0.0,100.0,1.0,0.0,5.161527167074382,0.4,8.584602822363376,100.0,1.0,0.0,100.0,1.0,0.0
330,actuated,12,12,21.621552210708906,21.621552210708906,6008671.92923913,751083.9911548912,6423.8,80.09725685785536,124321.28527084205,1550.1407141002749,80.2,0.5342357776115708,88.92108937415117,76.2,36,1.4185370825501136,0.9501246882793017,88.92108937415117,100.0,7.2,0.9,1.099508608269836,0.0,8,100.0,1.0,0.0,100.0,1.0,0.0,100.0,1.0,0.0,100.0,1.0,0.0,100.0,1.0,0.0,11.368714993209323,0.2,8.796068866158688,100.0,1.0,0.0,100.0,1.0,0.0
331,actuated,12,12,20.056872676268057,20.056872676268057,6535042.707635268,816880.3384544085,6808.0,84.67661691542288,125044.95329981486,1555.2854888036675,80.4,0.5633287191480162,87.5,77.2,35,1.4973343084018287,0.9601990049751243,87.5,100.0,7.0,0.875,0.0,0.0,8,100.0,1.0,0.0,100.0,1.0,0.0,100.0,1.0,0.0,100.0,1.0,0.0,100.0,1.0,0.0,0.0,0.0,0.0,100.0,1.0,0.0,100.0,1.0,0.0
332,actuated,12,12,17.590900805710532,17.590900805710532,8342773.010213735,1042846.6262767168,7193.0,89.24317617866005,126390.91101102103,1568.1254467868614,80.6,0.6396252244039038,90.34692628215112,77.2,37,1.6967573124773245,0.9578163771712159,90.34692628215112,100.0,7.4,0.925,1.1000027811274893,0.0,8,100.0,1.0,0.0,100.0,1.0,0.0,100.0,1.0,0.0,100.0,1.0,0.0,100.0,1.0,0.0,22.775410257208932,0.4,8.800022249019914,100.0,1.0,0.0,100.0,1.0,0.0
333,actuated,12,12,17.813214993547156,17.813214993547156,7000017.813214993,875002.2266518741,7578.0,94.25373134328358,125605.25357438167,1562.2543976913144,80.4,0.633152883598483,88.0493954586126,77.2,37,1.681845298903465,0.9601990049751243,88.0493954586126,100.0,7.4,0.925,1.0878704918781297,0.0,8,100.0,1.0,0.0,100.0,1.0,0.0,100.0,1.0,0.0,100.0,1.0,0.0,100.0,1.0,0.0,4.39516366890075,0.4,8.702963935025037,100.0,1.0,0.0,100.0,1.0,0.0
334,actuated,12,12,17.93310712162969,17.93310712162969,7000017.933107121,875002.2416383901,7963.0,99.04228855721394,125032.86466370092,1555.135132633096,80.4,0.6287949804944165,88.55422473742976,77.2,37,1.6702760061464719,0.9601990049751243,88.55422473742976,100.0,7.4,0.925,1.0866532427608036,0.0,8,100.0,1.0,0.0,100.0,1.0,0.0,100.0,1.0,0.0,100.0,1.0,0.0,100.0,1.0,0.0,8.433797899438105,0.4,8.693225942086428,100.0,1.0,0.0,100.0,1.0,0.0
335,actuated,12,12,20.38801273372165,20.38801273372165,7000020.388012734,875002.5485015918,8348.0,104.08977556109726,124699.37521943336,1554.8550526113886,80.2,0.5577601245955642,87.52816382700416,77.2,37,1.4884389420884985,0.9625935162094763,87.52816382700416,100.0,7.4,0.925,1.0518274022731928,0.0,8,100.0,1.0,0.0,100.0,1.0,0.0,100.0,1.0,0.0,100.0,1.0,0.0,100.0,1.0,0.0,0.22531061603331182,0.4,8.414619218185543,100.0,1.0,0.0,100.0,1.0,0.0
336,actuated,12,12,19.01145085957906,19.01145085957906,7000019.01145086,875002.3764313575,8733.0,108.61940298507463,125771.26252922269,1564.3191856868493,80.4,0.5944981649195851,87.52385969159945,77.2,37,1.5809444854145807,0.9601990049751243,87.52385969159945,100.0,7.4,0.925,1.0797230846015737,0.0,8,100.0,1.0,0.0,100.0,1.0,0.0,100.0,1.0,0.0,100.0,1.0,0.0,100.0,1.0,0.0,0.19087753279563913,0.4,8.63778467681259,100.0,1.0,0.0,100.0,1.0,0.0
337,actuated,12,12,18.303132716305164,18.303132716305164,7000018.303132716,875002.2878915895,9118.0,113.69077306733168,124959.36772769185,1558.096854459998,80.2,0.620191051146434,88.5951574463013,77.0,36,1.6527757489695234,0.9600997506234414,88.5951574463013,100.0,7.2,0.9,1.1102799430722372,0.0,8,100.0,1.0,0.0,100.0,1.0,0.0,100.0,1.0,0.0,100.0,1.0,0.0,100.0,1.0,0.0,8.761259570410402,0.2,8.882239544577898,100.0,1.0,0.0,100.0,1.0,0.0
338,actuated,12,12,22.56565448447537,22.56565448447537,7000022.565654484,875002.8207068105,9503.6,117.3283950617284,124989.1087097867,1543.0754161702062,81.0,0.5012026721670935,89.03935161085656,77.6,37,1.3336736016467812,0.9580246913580247,89.03935161085656,100.0,7.4,0.925,1.0150377528955603,0.0,8,100.0,1.0,0.0,100.0,1.0,0.0,100.0,1.0,0.0,100.0,1.0,0.0,100.0,1.0,0.0,12.314812886852451,0.4,8.120302023164482,100.0,1.0,0.0,100.0,1.0,0.0
339,actuated,12,12,34.0278191600964,34.0278191600964,7000034.027819159,875004.2534773949,9894.2,120.6609756097561,126473.9056258398,1542.364702754144,82.0,0.3340964562242097,87.5,78.8,35,0.8912744926924865,0.9609756097560975,87.5,100.0,7.0,0.875,0.0,0.0,8,100.0,1.0,0.0,100.0,1.0,0.0,100.0,1.0,0.0,100.0,1.0,0.0,100.0,1.0,0.0,0.0,0.0,0.0,100.0,1.0,0.0,100.0,1.0,0.0
