step,control_mode,phase,prev_phase,TotalTravelTime,AvgTravelTime,TotalTravelTime_Raw,AvgTravelTime_Raw,TotalWaitingTime,AvgWaitingTime,TotalCO2,AvgCO2,VehCount,AvgSpeed,AvgOccupancy,QueueLength,Throughput,SpeedStd,HaltRatio,det_occ_mean,det_occ_max,det_veh_sum,det_veh_mean,det_speed_mean,det_speed_min,n_detectors,d0_occ,d0_veh,d0_speed,d1_occ,d1_veh,d1_speed,d2_occ,d2_veh,d2_speed,d3_occ,d3_veh,d3_speed,d4_occ,d4_veh,d4_speed,d5_occ,d5_veh,d5_speed,d6_occ,d6_veh,d6_speed,d7_occ,d7_veh,d7_speed
0,actuated,0,0,306.7502598158611,38.34378247698264,306.7502598158611,38.34378247698264,32.2,2.596774193548387,24848.08973530474,2003.8782044600598,12.4,4.9435090251532,1.9335624101338666,4.6,3,4.083651907266991,0.3709677419354839,1.9335624101338666,10.692272382303543,0.6000000000000001,0.07500000000000001,2.2134423084789887,0.0,8,0.0,0.0,0.0,4.776226898767391,0.4,8.790580238495023,0.0,0.0,0.0,0.0,0.0,0.0,0.0,0.0,0.0,10.692272382303543,0.2,8.916958229336888,0.0,0.0,0.0,0.0,0.0,0.0
1,actuated,0,0,249.10167636224622,31.93611235413413,200249.10167636228,25031.137709545284,56.0,4.516129032258065,26360.235891927463,2125.8254751554405,12.4,5.920613996722299,1.5455448510107317,5.2,5,4.698089615450513,0.41935483870967744,1.5455448510107317,8.097211926558145,1.0,0.125,3.122080798773095,0.0,8,0.0,0.0,0.0,0.0,0.0,0.0,2.2306524147182927,0.2,8.47264800509438,0.0,0.0,0.0,2.0364944668094154,0.4,7.98064544685185,0.0,0.2,0.0,0.0,0.0,0.0,8.097211926558145,0.2,8.523352938238531
2,actuated,0,0,266.08859719409134,35.95791853974207,400812.2880447815,50101.536005597685,82.4,6.645161290322581,21778.531318459805,1756.3331708435328,12.4,5.041540378758507,2.999389265011523,6.2,4,4.815188050896399,0.5,2.999389265011523,13.013470989411076,0.8,0.1,2.0988062951134627,0.0,8,13.013470989411076,0.2,7.684344943894596,0.0,0.0,0.0,0.0,0.2,0.0,0.0,0.0,0.0,0.0,0.0,0.0,0.0,0.0,0.0,10.981643130681107,0.2,9.106105417013106,0.0,0.2,0.0
3,actuated,0,0,262.20655705241563,45.208027078002694,912815.7581335958,114101.96976669948,119.8,8.557142857142857,23684.123438054085,1691.723102718149,14.0,4.072234978688593,12.708470173697357,8.8,6,4.918327940486043,0.6285714285714286,12.708470173697357,62.17924912764147,1.2000000000000002,0.15000000000000002,1.4575083058452254,0.0,8,0.0,0.0,0.0,62.17924912764147,0.8,7.630099890349494,0.0,0.0,0.0,0.0,0.0,0.0,0.0,0.0,0.0,0.0,0.0,0.0,0.0,0.0,0.0,39.48851226193739,0.4,4.029966556412308
4,actuated,0,0,398.05354135112964,79.61070827022593,2939774.4204141623,367471.8025517703,168.0,10.632911392405063,28921.028369734315,1830.4448335274883,15.8,3.251754205289745,26.389436288324397,10.6,11,4.601953451129493,0.6708860759493671,26.389436288324397,100.0,2.2,0.275,1.1245567811420203,0.0,8,0.0,0.0,0.0,100.0,1.0,0.0,11.115490306595177,0.2,8.996454249136162,0.0,0.0,0.0,0.0,0.0,0.0,0.0,0.0,0.0,0.0,0.0,0.0,100.0,1.0,0.0
5,actuated,0,0,591.8851497215142,92.48205464398659,1600591.885149721,200073.98564371513,218.0,11.473684210526315,34195.00976957641,1799.7373562934956,19.0,2.2730749348097405,25.402740450284327,10.8,14,2.938516907830853,0.5684210526315789,25.402740450284327,100.0,2.8,0.35,2.1733861088054254,0.0,8,0.0,0.0,0.0,100.0,1.0,0.0,0.0,0.0,0.0,0.0,0.0,0.0,2.4443859176517435,0.4,8.757594470493494,0.777537684622871,0.4,8.629494399949909,0.0,0.0,0.0,100.0,1.0,0.0
6,actuated,0,0,663.6959149781771,85.08921986899708,1508.7975161895947,188.59968952369934,271.2,12.79245283018868,37913.568508764445,1788.3758730549266,21.2,3.488669301078229,26.205768975353863,11.6,11,4.2390511540993785,0.5471698113207547,26.205768975353863,100.0,2.2,0.275,0.27217301863330834,0.0,8,9.6461518028309,0.2,2.1773841490664667,100.0,1.0,0.0,0.0,0.0,0.0,0.0,0.0,0.0,0.0,0.0,0.0,0.0,0.0,0.0,0.0,0.0,0.0,100.0,1.0,0.0
7,actuated,6,0,285.9722996138579,36.663115335109985,488.53278856471405,61.06659857058926,46.6,2.4270833333333335,37866.04468936543,1972.1898275711162,19.2,4.274037876535289,24.062857276928185,4.2,16,3.815688483730024,0.21875,24.062857276928185,60.0,3.2,0.4,2.1211752367555166,0.0,8,60.0,0.8,0.0,60.0,0.8,0.0,3.5234585544384345,0.4,8.217829873785378,0.0,0.0,0.0,0.0,0.0,0.0,8.979399660987042,0.4,8.751572020258754,0.0,0.0,0.0,60.0,0.8,0.0
8,actuated,6,6,398.3861279607476,58.58619528834524,564787.3148150172,70598.41435187715,27.2,1.837837837837838,27163.669615348626,1835.3830821181505,14.8,3.706721571794027,9.56796518934297,4.2,8,3.0846868979738833,0.28378378378378377,9.56796518934297,30.1005423946458,1.6,0.2,3.911148659024162,0.0,8,8.761600606279103,0.2,8.644033150561153,14.3726708439209,0.4,3.389829588161805,0.0,0.0,0.0,11.350585538222617,0.2,8.810118179652866,0.0,0.0,0.0,0.0,0.0,0.0,11.958322131675345,0.2,8.362377171218595,30.1005423946458,0.6,2.0828311825988797
9,actuated,6,6,332.81741629458315,53.680228434610186,1215533.749503273,151941.71868790913,51.6,4.448275862068965,21997.785891876927,1896.3608527480108,11.6,4.745604754770531,2.8220870771551176,6.0,3,5.122263705612409,0.5172413793103449,2.8220870771551176,11.415950521232503,0.6000000000000001,0.07500000000000001,2.2149560034053977,0.0,8,0.0,0.2,0.0,0.0,0.0,0.0,0.0,0.0,0.0,0.0,0.0,0.0,11.415950521232503,0.2,8.759673564983503,0.0,0.0,0.0,0.0,0.0,0.0,11.160746096008438,0.2,8.959974462259677
10,actuated,6,6,404.50963424980847,63.20463035153257,1489701.9746046807,186212.74682558508,81.0,5.4,28726.730599915492,1915.1153733276994,15.0,2.2871265647981085,1.6749263696190297,7.0,2,2.4862898440925396,0.4666666666666667,1.6749263696190297,11.295581552673752,0.4,0.05,2.0630637556033324,0.0,8,0.0,0.0,0.0,11.295581552673752,0.2,8.853019168041792,0.0,0.0,0.0,0.0,0.0,0.0,0.0,0.0,0.0,2.1038294042784855,0.2,7.651490876784867,0.0,0.0,0.0,0.0,0.0,0.0
11,actuated,6,6,396.56337263908347,49.57042157988543,396.56337263908347,49.57042157988543,113.0,7.533333333333333,29498.1318121235,1966.5421208082334,15.0,4.039461218743972,12.5,6.8,5,3.6596818979987416,0.4533333333333333,12.5,100.0,1.0,0.125,0.0,0.0,8,0.0,0.0,0.0,0.0,0.0,0.0,0.0,0.0,0.0,0.0,0.0,0.0,0.0,0.0,0.0,100.0,1.0,0.0,0.0,0.0,0.0,0.0,0.0,0.0
12,actuated,6,6,268.50869273931255,36.284958478285475,202542.18839003894,25317.773548754867,148.2,9.148148148148149,30895.562276020628,1907.1334738284338,16.2,3.7596407868108614,14.895947836454582,7.6,10,2.5501056384279748,0.4691358024691358,14.895947836454582,100.0,1.9999999999999998,0.25,3.1870719784682158,0.0,8,0.0,0.0,0.0,0.0,0.0,0.0,5.740995249852858,0.4,8.152107398677618,0.0,0.0,0.0,0.0,0.0,0.0,100.0,1.0,0.0,3.1682376494615028,0.4,8.676851722598077,10.258349792322292,0.2,8.66761670647003
13,actuated,6,6,887.8452099834991,153.0767603419826,1349613.5810056482,168701.69762570603,190.6,10.829545454545455,26222.812828314734,1489.9325470633373,17.6,2.0294805057334697,20.811628463843803,10.0,11,2.492223009376392,0.5681818181818182,20.811628463843803,100.0,2.2,0.275,3.6949518329890845,0.0,8,10.895352566075758,0.2,9.178225247282436,10.841332385765554,0.2,9.223958498984675,0.0,0.0,0.0,11.344437914952437,0.2,8.814892438892533,33.41190484395668,0.4,2.3425384787530295,100.0,1.0,0.0,0.0,0.0,0.0,0.0,0.2,0.0
14,actuated,0,6,909.4630649139506,122.90041417756088,600909.4630649139,75113.68288311423,39.6,2.302325581395349,31732.653943017336,1844.9217408731008,17.2,1.2860874528913255,15.0,6.6,8,1.0191435970268294,0.38372093023255816,15.0,60.0,1.6,0.2,0.0,0.0,8,0.0,0.0,0.0,0.0,0.0,0.0,0.0,0.0,0.0,0.0,0.0,0.0,60.0,0.8,0.0,60.0,0.8,0.0,0.0,0.0,0.0,0.0,0.0,0.0
15,actuated,0,0,474.1378202084817,62.3865552905897,200836.86983211854,25104.608729014817,39.2,2.5128205128205128,30848.498346275992,1977.4678427099996,15.6,3.300816465639236,3.8653890147917735,4.6,6,3.2288577244833796,0.2948717948717949,3.8653890147917735,21.45276666331199,1.2000000000000002,0.15,2.242649032667002,0.0,8,0.0,0.0,0.0,6.630618574040454,0.2,8.525730281416328,0.0,0.0,0.0,0.0,0.0,0.0,0.0,0.0,0.0,21.45276666331199,0.6,1.5130699976548747,0.0,0.0,0.0,2.8397268809817433,0.4,7.902391982264815
16,actuated,0,0,375.5230591262333,49.41092883239912,6922.864573450986,865.3580716813733,63.6,4.47887323943662,28807.17692513526,2028.6744313475533,14.2,3.8766088568667136,2.779695987580837,5.6,3,2.4296762579170914,0.39436619718309857,2.779695987580837,11.503058744079908,0.6000000000000001,0.07500000000000001,2.2511361995712056,0.0,8,11.503058744079908,0.2,8.693339938950183,0.0,0.2,0.0,0.0,0.0,0.0,0.0,0.0,0.0,0.0,0.0,0.0,10.734509156566787,0.2,9.31574965761946,0.0,0.0,0.0,0.0,0.0,0.0
17,actuated,0,0,477.52049894024856,66.32229151947897,220383.26924597216,27547.90865574652,93.8,6.171052631578948,27766.154779567103,1826.7207091820462,15.2,3.8785260326122284,2.866140936556789,7.2,5,3.5134382890682714,0.47368421052631576,2.866140936556789,11.770581616584082,1.0,0.125,4.2233112104952655,0.0,8,0.0,0.0,0.0,0.16032187135124332,0.2,7.868860304151516,0.0,0.0,0.0,10.962112386121703,0.2,9.122329390328309,0.03611161839728538,0.4,8.299543088302014,0.0,0.0,0.0,11.770581616584082,0.2,8.495756901180284,0.0,0.0,0.0
18,actuated,0,0,473.21238630972323,78.86873105162054,1714629.369629496,214328.671203687,136.2,8.204819277108435,29428.97904753972,1772.8300631048023,16.6,2.5363614191917887,12.783029595705813,10.2,7,3.0283757853071216,0.6144578313253012,12.783029595705813,100.0,1.4,0.175,1.064523080806248,0.0,8,0.0,0.0,0.0,100.0,1.0,0.0,0.0,0.0,0.0,2.2642367656465012,0.4,8.516184646449984,0.0,0.0,0.0,0.0,0.0,0.0,0.0,0.0,0.0,0.0,0.0,0.0
19,actuated,5,0,438.5140507780654,68.51782043407272,1035122.0490791403,129390.25613489254,106.4,6.114942528735632,31369.806369430145,1802.862435024721,17.4,2.2109951152125937,20.199721389453913,7.4,10,2.062962896246718,0.42528735632183906,20.199721389453913,81.5977711156313,2.0,0.25,0.9808947711389482,0.0,8,0.0,0.0,0.0,80.0,1.0,0.0,0.0,0.0,0.0,0.0,0.0,0.0,0.0,0.0,0.0,0.0,0.0,0.0,0.0,0.0,0.0,81.5977711156313,1.0,7.8471581691115855
20,actuated,5,5,430.7207916893275,61.53154166990392,1000430.7207916891,125053.84009896114,135.0,8.132530120481928,31092.702393083764,1873.0543610291425,16.6,3.0498022246526215,18.80179608693254,7.2,10,2.6843024671998132,0.43373493975903615,18.80179608693254,100.0,2.0,0.25,2.520539032483276,0.0,8,0.0,0.0,0.0,27.871748241062164,0.6,2.4194792878015923,0.0,0.0,0.0,0.0,0.0,0.0,11.34041115196851,0.2,8.818022438511115,11.202209302429651,0.2,8.926810533553498,0.0,0.0,0.0,100.0,1.0,0.0
21,actuated,5,5,522.3363603649159,81.61505630701811,624470.1504170431,78058.76880213039,173.4,10.573170731707316,28784.75018669981,1755.167694310964,16.4,2.8828715141145596,20.80705849614027,9.2,11,2.8681528471705753,0.5609756097560976,20.80705849614027,100.0,2.2,0.275,1.9505085330433132,0.0,8,3.954695001809796,0.4,8.463295285124332,0.0,0.0,0.0,0.0,0.0,0.0,0.0,0.0,0.0,0.0,0.0,0.0,0.0,0.0,0.0,62.50177296731238,0.8,7.140772979222175,100.0,1.0,0.0
22,actuated,5,5,435.9541617618387,62.27916596597696,837137.6358560375,104642.20448200469,221.0,12.701149425287356,30855.283296560763,1773.2921434805037,17.4,3.632449600812579,27.253253513634377,10.2,13,4.234964300727893,0.5862068965517241,27.253253513634377,100.0,2.6,0.325,2.0794752170939255,0.0,8,0.0,0.0,0.0,0.0,0.0,0.0,0.0,0.0,0.0,12.3905624263665,0.2,8.070658664146269,0.0,0.0,0.0,5.635465682708514,0.4,8.565143072605133,100.0,1.0,0.0,100.0,1.0,0.0
23,actuated,5,5,400.67772471648425,58.92319481124768,493658.19069873355,61707.273837341694,276.0,14.526315789473685,33414.63610469468,1758.665058141825,19.0,3.563416755814494,26.332883843012382,12.2,11,4.205472595787877,0.6421052631578947,26.332883843012382,100.0,2.2,0.275,1.1722701930789963,0.0,8,0.0,0.0,0.0,10.663070744099059,0.2,9.37816154463197,0.0,0.0,0.0,0.0,0.0,0.0,0.0,0.0,0.0,0.0,0.0,0.0,100.0,1.0,0.0,100.0,1.0,0.0
24,actuated,4,5,534.0444705574885,78.53595155257183,804934.0643046149,100616.75803807686,133.0,6.584158415841584,36867.75906317858,1825.1365872860683,20.2,2.1104891247063753,16.470914488253854,8.8,12,1.712827960365015,0.43564356435643564,16.470914488253854,60.0,2.4000000000000004,0.3,3.2380275906412863,0.0,8,0.0,0.0,0.0,0.0,0.0,0.0,3.9395794395426265,0.4,8.8411796906963,0.0,0.0,0.0,2.9945454612209232,0.2,8.425605731923133,4.833191005267281,0.2,8.637435302510857,60.0,0.8,0.0,60.0,0.8,0.0
25,actuated,4,4,329.2589246866324,51.44670698228631,883698.9700852602,110462.37126065753,131.2,6.6938775510204085,35643.7169170345,1818.5569855629847,19.6,2.285013633283264,6.747774730593292,8.0,8,1.856240799478775,0.40816326530612246,6.747774730593292,36.19100030548111,1.6,0.19999999999999998,1.7691312307051652,0.0,8,0.0,0.0,0.0,12.049943122945024,0.2,8.298794357757918,0.0,0.0,0.0,0.0,0.0,0.0,0.0,0.2,0.0,0.0,0.2,0.0,5.741254416320203,0.4,3.553819093463889,36.19100030548111,0.6,2.3004363944195143
26,actuated,4,4,287.8976019959485,46.43509709612072,1315387.9558043806,164423.49447554757,177.0,9.833333333333334,33137.547109176616,1840.9748393987009,18.0,2.5663111154463083,4.322725189704144,10.6,5,2.065259108072029,0.5888888888888889,4.322725189704144,20.404848960816935,1.0,0.125,2.799745522874476,0.0,8,3.134299675039074,0.2,8.474343048594891,0.0,0.0,0.0,0.0,0.0,0.0,0.0,0.0,0.0,0.0,0.0,0.0,0.0,0.0,0.0,20.404848960816935,0.6,4.867826202639325,11.042652881777144,0.2,9.055794931761593
27,actuated,4,4,771.8908347820399,107.20706038639442,314011.91661592305,39251.48957699038,228.4,11.306930693069306,33388.99386308306,1652.9204882714387,20.2,1.6523423539342588,7.669513429834822,11.4,7,1.2880566248153573,0.5643564356435643,7.669513429834822,54.02936303932279,1.4000000000000001,0.17500000000000002,2.4044080711812446,0.0,8,0.0,0.2,0.0,0.89053350831648,0.4,8.790160984080284,0.0,0.0,0.0,54.02936303932279,0.6,4.566844993562369,0.0,0.0,0.0,6.436210891039309,0.2,5.8782585918073025,0.0,0.0,0.0,0.0,0.0,0.0
28,actuated,4,4,399.7512335129433,64.47600540531343,913232.8038497253,114154.10048121566,293.4,13.839622641509434,36441.963091178004,1718.9605231687738,21.2,2.5976960529954702,25.0,14.4,10,3.891026452924026,0.6792452830188679,25.0,100.0,2.0,0.25,0.0,0.0,8,0.0,0.0,0.0,0.0,0.0,0.0,0.0,0.0,0.0,100.0,1.0,0.0,0.0,0.0,0.0,100.0,1.0,0.0,0.0,0.0,0.0,0.0,0.0,0.0
29,actuated,0,4,472.0692094301515,60.52169351668609,1063.0238776290214,132.87798470362767,93.6,4.926315789473684,36733.9201328698,1933.3642175194632,19.0,3.6614248918994208,26.006848666943302,6.8,17,3.4939038454633384,0.35789473684210527,26.0068486669433,60.0,3.4000000000000004,0.425,3.071882126139969,0.0,8,0.0,0.0,0.0,37.22114085859687,0.4,4.460419151674029,15.980043091719836,0.2,6.257805403028961,60.0,0.8,0.0,14.853605385229685,0.4,5.419100550625338,60.0,0.8,0.0,0.0,0.4,0.0,20.0,0.4,8.437731903791427
30,actuated,0,0,558.2683757267301,73.45636522720133,2742.2944105547117,342.78680131933896,100.8,5.8604651162790695,29582.997574042634,1719.9417194210835,17.2,2.451107973594837,17.374467108154974,7.6,8,2.313136390663521,0.4418604651162791,17.374467108154974,100.0,1.5999999999999999,0.19999999999999998,1.8184500016271572,0.0,8,27.734128870588393,0.4,5.667873419133496,100.0,1.0,0.0,0.0,0.0,0.0,0.0,0.0,0.0,0.0,0.0,0.0,0.0,0.0,0.0,11.2616079946514,0.2,8.879726593883762,0.0,0.0,0.0
31,actuated,0,0,343.0243940935318,51.97339304447451,759863.8635570289,94982.98294462862,142.0,9.220779220779221,28261.510749045265,1835.1630356522899,15.4,3.682183050594297,26.37223895070761,9.2,11,4.247897136771357,0.5974025974025974,26.37223895070761,100.0,2.2,0.275,1.1386500865569207,0.0,8,100.0,1.0,0.0,100.0,1.0,0.0,0.0,0.0,0.0,0.0,0.0,0.0,0.0,0.0,0.0,10.977911605660893,0.2,9.109200692455365,0.0,0.0,0.0,0.0,0.0,0.0
32,actuated,0,0,262.4133368263522,38.590196592110615,1200262.413336826,150032.80166710325,187.6,10.307692307692308,32516.485096230626,1786.620060232452,18.2,3.6424966461720283,25.116068370401194,10.0,11,3.7872531287645597,0.5494505494505495,25.116068370401194,100.0,2.2,0.275,1.0915775950998068,0.0,8,100.0,1.0,0.0,100.0,1.0,0.0,0.0,0.0,0.0,0.0,0.0,0.0,0.0,0.0,0.0,0.0,0.0,0.0,0.0,0.0,0.0,0.9285469632095555,0.2,8.732620760798454
33,actuated,0,0,564.3364226622912,80.61948895175588,645655.6494982877,80706.95618728596,240.6,12.03,34770.301620964055,1738.5150810482028,20.0,3.7836857133457036,27.868377057789786,11.6,13,4.431818849149692,0.58,27.868377057789786,100.0,2.6000000000000005,0.325,2.179117355402475,0.0,8,100.0,1.0,0.0,100.0,1.0,0.0,11.579182517193658,0.2,8.636188250035124,0.0,0.0,0.0,0.0,0.0,0.0,11.36783394512463,0.2,8.796750593184678,0.0,0.0,0.0,0.0,0.2,0.0
34,actuated,5,0,452.6907474221888,66.57216873855718,702425.0834690903,87803.13543363629,127.0,5.87962962962963,38058.74655979514,1761.979007397923,21.6,1.746698397853266,25.43204284383947,9.6,15,1.2891636409212335,0.4444444444444444,25.43204284383947,76.96949269848233,3.0,0.375,2.6787134573153937,0.0,8,60.0,0.8,0.0,60.0,0.8,0.0,4.680504729237782,0.2,8.516312570031731,0.0,0.0,0.0,0.0,0.0,0.0,1.8063453229956394,0.4,8.435357264522462,76.96949269848233,0.8,4.478037823968958,0.0,0.0,0.0
35,actuated,5,5,416.56223375980926,63.115489963607466,811920.6100603573,101490.07625754466,138.2,6.7745098039215685,37749.33213388514,1850.4574575433892,20.4,2.2622096778770695,19.058461277664804,9.6,11,1.8785601030987769,0.47058823529411764,19.058461277664804,100.0,2.2,0.275,1.233844772842994,0.0,8,12.049406275812089,0.2,8.299164100785566,40.418283945506346,0.8,1.5715940819583856,0.0,0.2,0.0,0.0,0.0,0.0,0.0,0.0,0.0,0.0,0.0,0.0,100.0,1.0,0.0,0.0,0.0,0.0
36,actuated,5,5,477.6619416603783,68.2374202371969,890435.928009964,111304.4910012455,189.2,10.172043010752688,33593.41965051146,1806.0978306726593,18.6,3.6936361055402207,25.859740047191906,10.8,13,3.7447024581524118,0.5806451612903226,25.859740047191906,100.0,2.6,0.325,1.2552693698418365,0.0,8,0.0,0.0,0.0,22.768901558588368,0.6,3.3987369727533707,0.0,0.0,0.0,0.0,0.0,0.0,0.0,0.0,0.0,0.0,0.0,0.0,100.0,1.0,0.0,84.10901881894688,1.0,6.643417985981321
37,actuated,5,5,401.5571107676168,66.92618512793614,1647635.814090601,205954.47676132512,244.8,13.752808988764045,28379.45363823699,1594.3513279908423,17.8,2.612588257256627,31.7759188045018,12.2,19,3.6079322638015703,0.6853932584269663,31.7759188045018,100.0,3.8000000000000003,0.475,4.113191709578701,0.0,8,0.0,0.0,0.0,7.187540206157337,0.4,8.164411885570734,0.0,0.0,0.0,1.7542275428888843,0.4,8.024322488624602,4.662445513002922,0.4,9.164453362580389,40.60313717396525,0.6,7.552345939853885,100.0,1.0,0.0,100.0,1.0,0.0
38,actuated,5,5,658.7368599560066,117.63158213500118,1284535.1460172203,160566.89325215254,311.6,15.12621359223301,34809.48807656654,1689.7809745906086,20.6,1.1622890762696896,37.5,15.0,15,1.2196645243751525,0.7281553398058253,37.5,100.0,3.0,0.375,0.0,0.0,8,0.0,0.0,0.0,0.0,0.0,0.0,0.0,0.0,0.0,0.0,0.0,0.0,0.0,0.0,0.0,100.0,1.0,0.0,100.0,1.0,0.0,100.0,1.0,0.0
39,actuated,5,5,733.311090410324,111.10774097126122,967910.7578183612,120988.84472729515,387.2,16.689655172413794,40247.42906544212,1734.8029769587122,23.2,1.8613075730597575,37.5,16.0,15,2.02801210302404,0.6896551724137931,37.5,100.0,3.0,0.375,0.0,0.0,8,0.0,0.0,0.0,0.0,0.0,0.0,0.0,0.0,0.0,0.0,0.0,0.0,0.0,0.0,0.0,100.0,1.0,0.0,100.0,1.0,0.0,100.0,1.0,0.0
40,actuated,5,5,409.1540956112067,58.45058508731524,1000409.1540956112,125051.1442619514,467.0,18.983739837398375,45096.23856618561,1833.1804295197403,24.6,2.975844738435536,40.15876997386414,16.2,18,3.137915892102964,0.6585365853658537,40.15876997386414,100.0,3.6,0.45,2.2637134148041067,0.0,8,10.199526484747139,0.4,9.076800416503104,11.070633306165973,0.2,9.032906901929751,0.0,0.0,0.0,0.0,0.0,0.0,0.0,0.0,0.0,100.0,1.0,0.0,100.0,1.0,0.0,100.0,1.0,0.0
41,actuated,5,5,563.5996216486042,82.88229730126533,621280.8345862427,77660.10432328033,548.0,22.644628099173552,39342.420610681074,1625.7198599454991,24.2,3.10849898530101,45.930112063787334,17.2,21,4.262610040438178,0.7107438016528925,45.930112063787334,100.0,4.2,0.525,2.2606108319967158,0.0,8,0.0,0.0,0.0,0.0,0.0,0.0,42.22221824372696,0.6,7.070630151430852,9.84753560037916,0.4,8.857979666534812,15.371142666192554,0.2,2.15627683800806,100.0,1.0,0.0,100.0,1.0,0.0,100.0,1.0,0.0
42,actuated,5,5,784.5658099741163,145.28996481002153,1827659.4309108886,228457.42886386107,639.6,24.045112781954888,43571.751995703584,1638.0357893121648,26.6,2.3540814348297414,62.92057820889156,20.4,27,4.155357675860197,0.7669172932330827,62.920578208891556,100.0,5.4,0.675,1.0746778261614964,0.0,8,0.0,0.0,0.0,3.364625671132444,0.4,8.597422609291971,100.0,1.0,0.0,0.0,0.0,0.0,100.0,1.0,0.0,100.0,1.0,0.0,100.0,1.0,0.0,100.0,1.0,0.0
43,actuated,5,5,816.8373267243501,131.74795592328226,1402271.8458678543,175283.9807334818,745.2,26.055944055944057,47652.51212650824,1666.1717526751133,28.6,2.600121363502328,62.5,22.2,25,4.436414319373195,0.7762237762237763,62.5,100.0,5.0,0.625,0.0,0.0,8,0.0,0.0,0.0,0.0,0.0,0.0,100.0,1.0,0.0,0.0,0.0,0.0,100.0,1.0,0.0,100.0,1.0,0.0,100.0,1.0,0.0,100.0,1.0,0.0
44,actuated,5,5,1041.3318895670063,144.62942910652865,217396.1670812381,27174.52088515476,855.8,26.91194968553459,54110.00613626822,1701.5725200084344,31.8,1.5770562593853612,62.81498359024397,23.0,27,2.158173565588681,0.7232704402515723,62.81498359024397,100.0,5.4,0.675,1.0475991393555883,0.0,8,2.5198687219517524,0.4,8.380793114844707,0.0,0.0,0.0,100.0,1.0,0.0,0.0,0.0,0.0,100.0,1.0,0.0,100.0,1.0,0.0,100.0,1.0,0.0,100.0,1.0,0.0
45,actuated,5,5,613.5884219762931,92.96794272368078,1412209.9239804908,176526.24049756135,974.6,31.438709677419354,52367.16768841003,1689.2634738196784,31.0,2.3377316158456196,62.87193412021054,24.4,27,2.7721050197558306,0.7870967741935484,62.87193412021054,100.0,5.4,0.675,1.1273013345547953,0.0,8,2.975472961684318,0.4,9.018410676438362,0.0,0.0,0.0,100.0,1.0,0.0,0.0,0.0,0.0,100.0,1.0,0.0,100.0,1.0,0.0,100.0,1.0,0.0,100.0,1.0,0.0
46,actuated,5,5,820.551152045533,136.75852534092215,2202274.0192128913,275284.2524016114,1100.8,34.4,51162.80973961614,1598.8378043630044,32.0,3.153538929342319,72.40144539882621,26.4,30,4.7249281485344845,0.825,72.40144539882621,100.0,6.0,0.75,1.7650376783842399,0.0,8,0.0,0.0,0.0,7.54274173006479,0.2,9.00242436286062,100.0,1.0,0.0,71.6688214605449,0.8,5.1178770642133,100.0,1.0,0.0,100.0,1.0,0.0,100.0,1.0,0.0,100.0,1.0,0.0
47,actuated,5,5,342.88069400959034,95.2446372248862,3718294.1446716287,464786.7680839536,1236.8,37.02994011976048,53097.11209241835,1589.7338949825853,33.4,0.9752799340972265,75.0,28.8,31,2.582610971627763,0.8622754491017964,75.0,100.0,6.2,0.775,0.0,0.0,8,0.0,0.0,0.0,0.0,0.2,0.0,100.0,1.0,0.0,100.0,1.0,0.0,100.0,1.0,0.0,100.0,1.0,0.0,100.0,1.0,0.0,100.0,1.0,0.0
48,actuated,5,5,1075.574644466144,192.06690079752573,1650604.0213013482,206325.50266266853,1381.4,38.58659217877095,57279.53654662995,1599.987054375138,35.8,1.143905607093022,75.0,29.6,30,1.5637414389802862,0.8268156424581006,75.0,100.0,6.0,0.75,0.0,0.0,8,0.0,0.0,0.0,0.0,0.0,0.0,100.0,1.0,0.0,100.0,1.0,0.0,100.0,1.0,0.0,100.0,1.0,0.0,100.0,1.0,0.0,100.0,1.0,0.0
49,actuated,5,5,585.5527646395407,104.56299368563226,3594825.03671552,449353.12958944,1534.0,40.15706806282723,63544.83450838462,1663.47734315143,38.2,1.699306897461185,75.0,31.8,30,2.305010404126229,0.8324607329842932,75.0,100.0,6.0,0.75,0.0,0.0,8,0.0,0.0,0.0,0.0,0.0,0.0,100.0,1.0,0.0,100.0,1.0,0.0,100.0,1.0,0.0,100.0,1.0,0.0,100.0,1.0,0.0,100.0,1.0,0.0
50,actuated,5,5,1264.6917245837801,191.61995827026973,1002669.4043872633,125333.67554840792,1691.0,42.06467661691542,62493.368669101175,1554.5614096791337,40.2,1.6708260929426728,77.761997015091,32.0,32,2.40578787374543,0.7960199004975125,77.761997015091,100.0,6.4,0.8,2.263362599304006,0.0,8,10.882611555058475,0.2,9.18897081771864,11.213364565669508,0.2,8.917929976713406,100.0,1.0,0.0,100.0,1.0,0.0,100.0,1.0,0.0,100.0,1.0,0.0,100.0,1.0,0.0,100.0,1.0,0.0
51,actuated,0,5,1292.9850509663452,195.90682590399172,458974.3832840744,57371.7979105093,1123.4,29.563157894736843,64561.70760935347,1698.9923055093018,38.0,0.930612263470685,57.5,24.6,27,0.9206806085228643,0.6473684210526316,57.5,100.0,5.4,0.675,0.0,0.0,8,0.0,0.0,0.0,0.0,0.0,0.0,80.0,1.0,0.0,60.0,0.8,0.0,60.0,0.8,0.0,60.0,0.8,0.0,100.0,1.0,0.0,100.0,1.0,0.0
52,actuated,0,0,404.82372121551754,67.47062020258626,3425640.8051374927,428205.1006421866,952.4,26.752808988764045,62630.36415628813,1759.2798920305654,35.6,1.4075198799464328,39.0499351660516,17.6,24,1.1122762550779641,0.4943820224719101,39.0499351660516,100.0,4.800000000000001,0.6000000000000001,2.0303145739296884,0.0,8,0.0,0.0,0.0,0.8286443941597099,0.4,8.840777213498951,25.90802170140705,0.6,1.8876081934614777,37.995577928069224,0.6,2.0084538135260934,21.079340261500192,0.6,1.675000907801412,26.587897043276598,0.6,1.8306764631495716,100.0,1.0,0.0,100.0,1.0,0.0
53,actuated,0,0,256.08206074201024,45.728939418216115,1495477.3658606736,186934.6707325842,1043.0,33.86363636363637,55728.48902890676,1809.3665269125572,30.8,2.4952358004859807,32.4604825680008,19.4,21,2.6278468910547814,0.6298701298701299,32.4604825680008,100.0,4.2,0.525,1.4600939607610253,0.0,8,0.0,0.0,0.0,0.0,0.0,0.0,23.463101060584677,0.6,3.3494567345385975,0.0,0.0,0.0,14.995499399469736,0.8,4.071788464747425,21.22526008395198,0.8,4.25950648680218,100.0,1.0,0.0,100.0,1.0,0.0
54,actuated,0,0,546.6156917489045,80.3846605513095,2101040.8867509444,262630.11084386805,1138.8,39.541666666666664,48040.482960586276,1668.0723250203566,28.8,4.1054958951774605,26.388900199376764,19.8,13,4.308778246657151,0.6875,26.388900199376764,100.0,2.6,0.325,1.5748994139378216,0.0,8,0.0,0.0,0.0,2.231484190685933,0.2,7.048036436274546,0.0,0.0,0.0,0.0,0.0,0.0,0.0,0.0,0.0,8.879717404328176,0.4,5.551158875228028,100.0,1.0,0.0,100.0,1.0,0.0
55,actuated,0,0,685.4255898072523,100.7978808540077,802723.6556666743,100340.45695833428,1245.2,39.40506329113924,50942.876566681334,1612.1163470468778,31.6,2.1448594440124493,32.45701893758067,23.0,19,2.783977305446279,0.7278481012658228,32.45701893758067,100.0,3.8,0.475,3.100972935700173,0.0,8,20.0,0.4,0.3505025479233107,20.0,0.6,0.0,0.0,0.0,0.0,5.419041361168411,0.4,8.684777673520147,11.9798604456048,0.2,8.347342646774173,2.2572496938721542,0.2,7.425160617383754,100.0,1.0,0.0,100.0,1.0,0.0
56,actuated,4,0,864.570432992629,110.8423632041832,1186.2461334033756,148.28076667542194,639.0,19.363636363636363,55597.79960326756,1684.781806159623,33.0,2.7792235585784213,34.18148575135774,19.2,17,4.259428728179949,0.5818181818181818,34.18148575135774,100.0,3.4000000000000004,0.425,0.6001396167623076,0.0,8,33.45188601086193,0.6,4.801116934098461,0.0,0.0,0.0,0.0,0.0,0.0,0.0,0.0,0.0,0.0,0.0,0.0,100.0,1.0,0.0,80.0,1.0,0.0,60.0,0.8,0.0
57,actuated,4,4,419.62624118192446,52.45328014774056,419.62624118192446,52.45328014774056,182.0,5.7594936708860756,56305.53877045321,1781.8208471662408,31.6,3.2659703258605672,27.466246250789794,12.8,15,4.0713369991608666,0.4050632911392405,27.466246250789794,100.0,3.0,0.375,0.9711955053130719,0.0,8,0.0,0.0,0.0,77.6805035977577,0.8,4.364649452175945,0.0,0.0,0.0,0.0,0.0,0.0,0.0,0.0,0.0,100.0,1.0,0.0,20.004045522609886,0.6,1.7218165219568489,22.04542088595076,0.6,1.6830980683717818
58,actuated,4,4,536.2201205767707,72.46217845632036,224230.86696644765,28028.858370805956,178.8,5.96,55150.28170400604,1838.342723466868,30.0,2.1908886163984453,41.94837515384407,12.2,24,2.1705148702253654,0.4066666666666667,41.94837515384407,100.0,4.8,0.6000000000000001,2.7385047597769323,0.0,8,0.0,0.0,0.0,100.0,1.0,0.0,5.6936013879408165,0.4,8.323744363710283,0.0,0.0,0.0,71.03518236565492,0.8,5.458766667551426,100.0,1.0,0.0,23.821564241525266,1.0,4.0153021921370815,35.03665323563155,0.6,4.110224854816669
59,actuated,4,4,419.07621076345157,72.25451909714683,1611023.3009381916,201377.91261727395,248.4,8.171052631578947,50019.46232148911,1645.3770500489838,30.4,1.6517657937730454,51.75049814061225,16.2,25,1.5062146870414632,0.5328947368421053,51.75049814061225,100.0,5.0,0.625,1.926329151868138,0.0,8,52.64473502445753,0.6,5.1740579617600595,100.0,1.0,0.0,0.0,0.0,0.0,0.0,0.0,0.0,100.0,1.0,0.0,100.0,1.0,0.0,6.107253825024372,0.6,5.6939984044663206,55.251996275416104,0.8,4.542576848718723
60,actuated,4,4,646.1369627900864,134.61186724793467,2778737.73434485,347342.2167931062,349.6,10.9937106918239,50127.82270831329,1576.3466260475877,31.8,1.2388820480922291,75.0,23.6,30,2.11993152925891,0.7421383647798742,75.0,100.0,6.0,0.75,0.0,0.0,8,100.0,1.0,0.0,100.0,1.0,0.0,0.0,0.0,0.0,0.0,0.0,0.0,100.0,1.0,0.0,100.0,1.0,0.0,100.0,1.0,0.0,100.0,1.0,0.0
61,actuated,0,4,753.5771215150687,114.17835174470738,1042774.7120338778,130346.83900423473,284.8,9.070063694267516,52783.06222495092,1680.989242832832,31.4,2.130158061197771,66.41610028325175,19.2,29,3.480838920436985,0.6114649681528662,66.41610028325175,100.0,5.8,0.7250000000000001,1.10338230878118,0.0,8,100.0,1.0,0.0,100.0,1.0,0.0,0.0,0.0,0.0,11.328802266014009,0.2,8.82705847024944,60.0,0.8,0.0,60.0,0.8,0.0,100.0,1.0,0.0,100.0,1.0,0.0
62,actuated,0,0,852.5545066282162,142.09241777136938,688059.4448960793,86007.4306120099,337.8,11.335570469798657,51466.64496702834,1727.0686230546423,29.8,1.7896008278301945,56.218157232219994,19.0,26,1.9549727133699781,0.6375838926174496,56.218157232219994,100.0,5.2,0.65,0.46372347084261295,0.0,8,100.0,1.0,0.0,100.0,1.0,0.0,0.0,0.0,0.0,0.0,0.0,0.0,24.70469554094393,0.6,1.900935947663407,25.040562316816022,0.6,1.8088518190774967,100.0,1.0,0.0,100.0,1.0,0.0
63,actuated,0,0,941.9370832686182,134.56244046694545,640622.0891769923,80077.76114712404,436.0,15.352112676056338,50173.36862945215,1766.6679094877516,28.4,3.3088133252574523,52.34742716886685,20.6,24,3.310319446255708,0.7253521126760564,52.34742716886686,100.0,4.800000000000001,0.6,3.22542515862985,0.0,8,100.0,1.0,0.0,100.0,1.0,0.0,3.025343271857537,0.4,8.263237712066621,0.0,0.0,0.0,11.096531440597346,0.2,9.011825049595572,4.657542638479981,0.2,8.528338507376612,100.0,1.0,0.0,100.0,1.0,0.0
64,actuated,0,0,883.5125738114039,119.39359105559511,34118.83925967778,4264.854907459722,538.0,17.814569536423843,48792.51822598628,1615.6462988737178,30.2,1.9598397464047015,50.0,21.8,21,2.3990175597921763,0.7218543046357616,50.0,100.0,4.2,0.525,0.0,0.0,8,100.0,1.0,0.0,100.0,1.0,0.0,0.0,0.0,0.0,0.0,0.0,0.0,0.0,0.0,0.0,0.0,0.2,0.0,100.0,1.0,0.0,100.0,1.0,0.0
65,actuated,0,0,879.9982006579024,137.49971885279726,1001882.091265735,125235.26140821687,654.2,21.10322580645161,49611.97373147006,1600.38624940226,31.0,1.6271098591199227,51.359591317579294,24.2,21,2.118097236070411,0.7806451612903226,51.35959131757929,100.0,4.2,0.525,1.149242408212775,0.0,8,100.0,1.0,0.0,100.0,1.0,0.0,0.0,0.0,0.0,10.876730540634298,0.2,9.1939392657022,0.0,0.0,0.0,0.0,0.0,0.0,100.0,1.0,0.0,100.0,1.0,0.0
66,actuated,6,0,753.4428065715408,134.54335831634657,1370056.1025246407,171257.0128155801,289.6,10.342857142857143,49015.211635121595,1750.543272682914,28.0,1.615856787280395,30.62606189536865,15.0,17,2.1057105799001,0.5357142857142857,30.62606189536865,60.0,3.4000000000000004,0.42500000000000004,1.1159936305833982,0.0,8,60.0,0.8,0.0,60.0,0.8,0.0,0.0,0.0,0.0,0.0,0.0,0.0,5.0084951629492025,0.2,8.927949044667185,0.0,0.0,0.0,60.0,0.8,0.0,60.0,0.8,0.0
67,actuated,6,6,441.94489882960613,78.91873193385824,2003164.8147333078,250395.60184166348,48.4,1.875968992248062,48360.05697242191,1874.42081288457,25.8,1.4145825767616058,14.101073311653778,5.6,14,1.2637089793098177,0.21705426356589147,14.101073311653778,32.501812740314335,2.8,0.35,2.177885767476907,0.0,8,32.501812740314335,0.6,2.064737198750716,15.430383707035844,0.6,3.04943370871461,0.0,0.0,0.0,0.0,0.0,0.0,0.0,0.2,0.0,11.554339714451771,0.2,8.654756781551388,22.91359123578104,0.6,1.6800445760220803,30.40845909564723,0.6,1.974113874776463
68,actuated,6,6,547.1400098647591,80.46176615658223,1328044.9500347238,166005.61875434048,63.0,2.739130434782609,48247.67983169399,2097.725210073652,23.0,2.345709109744041,13.286308151202917,5.6,15,1.7435700496791988,0.24347826086956523,13.286308151202917,35.544921345614284,3.0,0.375,2.012146159288279,0.0,8,11.743055155275215,0.4,3.6630196390565306,32.884640999023986,0.8,4.761789103926479,0.0,0.0,0.0,0.0,0.0,0.0,0.0,0.0,0.0,0.0,0.0,0.0,26.11784770970985,1.0,3.731970174515647,35.544921345614284,0.8,3.940390356807575
69,actuated,6,6,315.40141185455775,39.42517648181972,315.40141185455775,39.42517648181972,90.8,4.450980392156863,38607.91997565832,1892.545096845996,20.4,3.2560348202660903,13.536116521647017,6.6,10,1.7977286216047197,0.3235294117647059,13.536116521647017,69.57858725535061,2.0,0.25,3.2702103901732587,0.0,8,0.0,0.0,0.0,1.3757684593883823,0.2,8.352059195376931,0.0,0.0,0.0,0.0,0.0,0.0,0.0,0.0,0.0,12.304198766659056,0.2,8.127306937772502,69.57858725535061,0.8,5.269999856901902,25.030377691778085,0.8,4.412317131334736
70,actuated,6,6,641.9221105323975,91.70315864748535,409119.71368430275,51139.964210537844,136.8,6.909090909090909,35084.78588876031,1771.9588832707225,19.8,2.6578565047864253,25.349829672075543,11.6,13,2.1644713678989573,0.5858585858585859,25.349829672075543,100.0,2.6,0.325,1.1055666083004327,0.0,8,2.798637376604347,0.4,8.844532866403462,0.0,0.2,0.0,0.0,0.0,0.0,0.0,0.0,0.0,0.0,0.0,0.0,0.0,0.0,0.0,100.0,1.0,0.0,100.0,1.0,0.0
71,actuated,5,6,793.5861082721938,136.82519108141273,688115.9592758754,86014.49490948442,204.8,9.225225225225225,35605.366094085715,1603.8453195534105,22.2,1.7671475577536717,37.78857455499136,15.8,19,1.9292737467954375,0.7117117117117117,37.78857455499136,100.0,3.8,0.475,2.715674241547653,0.0,8,0.0,0.0,0.0,0.0,0.0,0.0,8.112509931688692,0.4,8.575939986295998,1.562571648150879,0.4,8.245285728480667,92.63351486009128,1.0,4.904168217604556,0.0,0.0,0.0,100.0,1.0,0.0,100.0,1.0,0.0
72,actuated,5,5,961.325793621281,137.33225623161158,980272.6064204427,122534.07580255534,287.0,11.299212598425196,44510.734786079985,1752.3911333102358,25.4,1.77388603528765,38.886984401717086,17.6,16,2.1333547354670537,0.6929133858267716,38.886984401717086,100.0,3.2,0.4,1.1265447528217516,0.0,8,0.0,0.0,0.0,11.09587521373669,0.2,9.012358022574013,0.0,0.0,0.0,0.0,0.0,0.0,100.0,1.0,0.0,0.0,0.0,0.0,100.0,1.0,0.0,100.0,1.0,0.0
73,actuated,5,5,547.0052260406188,68.37565325507735,547.0052260406188,68.37565325507735,372.0,14.198473282442748,48095.965046530895,1835.7238567378206,26.2,2.8747119469308187,41.42260975649492,17.2,18,3.0050359347291042,0.6564885496183206,41.42260975649492,100.0,3.6,0.45,2.126935956196014,0.0,8,10.913794944962092,0.2,9.16271567353947,0.0,0.0,0.0,0.0,0.0,0.0,0.0,0.0,0.0,100.0,1.0,0.0,20.46708310699728,0.4,7.8527719760286425,100.0,1.0,0.0,100.0,1.0,0.0
74,actuated,5,5,537.8997031632691,70.7762767320091,5173.686564360716,646.7108205450895,461.8,17.23134328358209,45174.584202361715,1685.6188135209595,26.8,3.4219607825857947,54.606147925927644,19.2,23,4.23201989878628,0.7164179104477612,54.606147925927644,100.0,4.6,0.575,1.9663835348279906,0.0,8,0.0,0.0,0.0,10.801873578641334,0.2,9.257653246167509,26.047309828779817,0.4,6.4734150324564155,0.0,0.0,0.0,100.0,1.0,0.0,100.0,1.0,0.0,100.0,1.0,0.0,100.0,1.0,0.0
75,actuated,5,5,306.10924634613644,66.54548833611662,1957171.1324622338,244646.39155777922,565.8,21.595419847328245,39553.04639128712,1509.6582592094321,26.2,2.6874967163533716,72.89189624483058,22.4,30,4.50978359749071,0.8549618320610687,72.89189624483058,100.0,6.0,0.75,0.9006776112596552,0.0,8,0.0,0.0,0.0,0.0,0.0,0.0,100.0,1.0,0.0,83.13516995864461,1.0,7.205420890077241,100.0,1.0,0.0,100.0,1.0,0.0,100.0,1.0,0.0,100.0,1.0,0.0
76,actuated,5,5,369.75650580090985,132.05589492889638,5353387.398434893,669173.4248043617,684.2,23.431506849315067,46846.64015839866,1604.3369917259815,29.2,0.8558254879971621,75.12355739225953,25.0,32,1.7328572317109083,0.8561643835616438,75.12355739225953,100.0,6.4,0.8,1.0427101023611614,0.0,8,0.9884591380762231,0.4,8.34168081888929,0.0,0.0,0.0,100.0,1.0,0.0,100.0,1.0,0.0,100.0,1.0,0.0,100.0,1.0,0.0,100.0,1.0,0.0,100.0,1.0,0.0
77,actuated,5,5,1180.5802972507752,218.62598097236577,2601180.5802972508,325147.57253715635,808.0,26.405228758169933,50495.385635248495,1650.1760011519116,30.6,1.3169781702202348,75.0,25.2,30,2.0144287941468995,0.8235294117647058,75.0,100.0,6.0,0.75,0.0,0.0,8,0.0,0.0,0.0,0.0,0.0,0.0,100.0,1.0,0.0,100.0,1.0,0.0,100.0,1.0,0.0,100.0,1.0,0.0,100.0,1.0,0.0,100.0,1.0,0.0
78,actuated,5,5,817.3872328395112,123.84655043022897,1400817.3872328391,175102.1734041049,933.0,28.619631901840492,55801.749798095305,1711.710116505991,32.6,2.3191801897281836,75.72342555851705,25.4,32,3.116868312228614,0.7791411042944786,75.72342555851705,100.0,6.4,0.8,1.0914375425665641,0.0,8,5.787404468136401,0.4,8.731500340532513,0.0,0.0,0.0,100.0,1.0,0.0,100.0,1.0,0.0,100.0,1.0,0.0,100.0,1.0,0.0,100.0,1.0,0.0,100.0,1.0,0.0
79,actuated,5,5,712.9578784113378,111.39966850177153,1252771.3295336273,156596.4161917034,1058.8,31.70059880239521,52822.26870421504,1581.5050510244025,33.4,2.5181739810897956,76.389520169744,26.0,31,4.2035584561090245,0.7784431137724551,76.389520169744,100.0,6.2,0.775,1.1244888948160183,0.0,8,0.0,0.0,0.0,11.116161357952024,0.2,8.995911158528147,100.0,1.0,0.0,100.0,1.0,0.0,100.0,1.0,0.0,100.0,1.0,0.0,100.0,1.0,0.0,100.0,1.0,0.0
80,actuated,5,5,481.0501357216034,92.50964148492373,2364544.649075837,295568.0811344796,1196.2,34.9766081871345,55119.11069341793,1611.6699033163138,34.2,1.93437394146782,75.0,29.0,30,3.5717608219528594,0.847953216374269,75.0,100.0,6.0,0.75,0.0,0.0,8,0.0,0.0,0.0,0.0,0.0,0.0,100.0,1.0,0.0,100.0,1.0,0.0,100.0,1.0,0.0,100.0,1.0,0.0,100.0,1.0,0.0,100.0,1.0,0.0
81,actuated,5,5,1214.1270912065033,195.82695019459732,2116203.5940423436,264525.44925529294,1343.4,35.167539267015705,61996.366549483326,1622.9415327089876,38.2,1.2465665384903066,75.0,31.0,30,1.6835621488434942,0.8115183246073299,75.0,100.0,6.0,0.75,0.0,0.0,8,0.0,0.0,0.0,0.0,0.0,0.0,100.0,1.0,0.0,100.0,1.0,0.0,100.0,1.0,0.0,100.0,1.0,0.0,100.0,1.0,0.0,100.0,1.0,0.0
82,actuated,5,5,991.5007170658679,145.8089289802747,837981.2091905846,104747.65114882308,1500.0,37.12871287128713,66804.21667698905,1653.5697197274517,40.4,1.5312093077465805,76.32183850458773,32.2,32,1.9244497132953733,0.7970297029702971,76.32183850458773,100.0,6.4,0.8,1.1287298636860215,0.0,8,10.57470803670185,0.4,9.029838909488172,0.0,0.0,0.0,100.0,1.0,0.0,100.0,1.0,0.0,100.0,1.0,0.0,100.0,1.0,0.0,100.0,1.0,0.0,100.0,1.0,0.0
83,actuated,5,5,1022.0722090597612,154.85942561511536,1012407.1982849616,126550.8997856202,1663.4,40.17874396135266,67182.15883518133,1622.7574597869886,41.4,1.6149486615409436,75.67826549755011,33.8,32,1.9897370012337887,0.8164251207729468,75.67826549755011,100.0,6.4,0.8,1.0602719448157585,0.0,8,0.0,0.0,0.0,5.4261239804009165,0.4,8.482175558526068,100.0,1.0,0.0,100.0,1.0,0.0,100.0,1.0,0.0,100.0,1.0,0.0,100.0,1.0,0.0,100.0,1.0,0.0
84,actuated,5,5,396.6230727641661,110.17307576782392,3393189.901339625,424148.7376674531,1841.2,44.047846889952154,65080.04710700683,1556.9389260049481,41.8,1.5358159817940071,76.12911650819797,37.6,32,2.602080941034073,0.8995215311004785,76.12911650819797,100.0,6.4,0.8,1.0636935140704733,0.0,8,9.032932065583736,0.4,8.509548112563786,0.0,0.0,0.0,100.0,1.0,0.0,100.0,1.0,0.0,100.0,1.0,0.0,100.0,1.0,0.0,100.0,1.0,0.0,100.0,1.0,0.0
85,actuated,5,5,1113.807643524559,222.76152870491177,2760566.1853325763,345070.77316657203,2030.0,46.559633027522935,69699.37422041962,1598.6095004683398,43.6,1.1588512170448269,75.0,38.4,30,2.0227336962881672,0.8807339449541285,75.0,100.0,6.0,0.75,0.0,0.0,8,0.0,0.0,0.0,0.0,0.0,0.0,100.0,1.0,0.0,100.0,1.0,0.0,100.0,1.0,0.0,100.0,1.0,0.0,100.0,1.0,0.0,100.0,1.0,0.0
86,actuated,5,5,633.5811221002702,137.73502654353703,3287372.495042775,410921.56188034685,2222.8,48.96035242290749,70119.58650306481,1544.4842842084759,45.4,1.14493456228455,76.47054424252701,39.6,31,1.8264255007632706,0.8722466960352423,76.47054424252701,100.0,6.2,0.775,1.0625317857251064,0.0,8,0.0,0.0,0.0,11.764353940216097,0.2,8.500254285800851,100.0,1.0,0.0,100.0,1.0,0.0,100.0,1.0,0.0,100.0,1.0,0.0,100.0,1.0,0.0,100.0,1.0,0.0
87,actuated,5,5,507.98741881042025,126.99685470260506,5274652.012121566,659331.5015151957,2429.0,52.80434782608695,73344.16789491707,1594.4384324981972,46.0,1.2530804669091862,75.5532789441213,42.0,32,1.937859289053489,0.9130434782608695,75.5532789441213,100.0,6.4,0.8,1.1096532160765493,0.0,8,4.426231552970421,0.4,8.877225728612395,0.0,0.0,0.0,100.0,1.0,0.0,100.0,1.0,0.0,100.0,1.0,0.0,100.0,1.0,0.0,100.0,1.0,0.0,100.0,1.0,0.0
88,actuated,0,5,1327.45883884519,237.04622122235537,669411.8706431974,83676.48383039968,1604.4,34.282051282051285,77027.32414159381,1645.8829944785002,46.8,1.0633913281293996,58.88600890629277,32.2,28,1.7212129350377845,0.688034188034188,58.88600890629277,100.0,5.6,0.7,1.127337633189744,0.0,8,0.0,0.0,0.0,11.088071250342182,0.2,9.018701065517952,60.0,0.8,0.0,60.0,0.8,0.0,80.0,1.0,0.0,60.0,0.8,0.0,100.0,1.0,0.0,100.0,1.0,0.0
89,actuated,0,0,648.052475786721,104.52459286882596,2690710.732456281,336338.8415570351,1232.0,28.651162790697676,76770.75630030148,1785.3664255884064,43.0,1.5315469093423195,42.640523218678084,22.0,22,1.345656467850534,0.5116279069767442,42.640523218678084,100.0,4.4,0.55,1.056623089344858,0.0,8,0.0,0.0,0.0,0.0,0.0,0.0,39.26915538513413,0.6,2.091248842755922,32.002701389174035,0.6,1.9750913578373306,38.29235350743602,0.6,2.1648096780390875,31.559975467680488,0.6,2.221834836126524,100.0,1.0,0.0,100.0,1.0,0.0
90,actuated,0,0,237.90785492791474,39.65130915465246,3235292.1031912556,404411.51289890695,1314.0,33.865979381443296,70503.91632579763,1817.1112455102482,38.8,2.5537608846166133,37.67352091878223,22.4,25,2.1104172656558107,0.5773195876288659,37.67352091878223,100.0,5.0,0.625,2.141020915377683,0.0,8,0.0,0.0,0.0,0.0,0.0,0.0,21.344459761344297,0.6,3.1848610721143267,16.16209660883669,0.6,6.084559148285027,40.30813533529681,0.8,4.130397807874642,23.573475644780046,1.0,3.728349294747471,100.0,1.0,0.0,100.0,1.0,0.0
91,actuated,0,0,758.7855475803575,118.56024180943085,1002234.8358572939,125279.35448216174,1427.4,38.78804347826087,58549.65473083304,1591.0232263813327,36.8,2.1338732882181892,36.19765648480751,24.2,21,2.035756025432937,0.657608695652174,36.19765648480751,100.0,4.2,0.525,2.3552506537347613,0.0,8,0.0,0.0,0.0,2.8295363099186943,0.4,8.51353415120393,0.0,0.0,0.0,0.0,0.2,0.0,69.3484293622214,1.0,5.284771756732054,17.40328620631999,0.6,5.043699321942104,100.0,1.0,0.0,100.0,1.0,0.0
92,actuated,0,0,544.8230213149975,100.8931520953699,1018689.8801603476,127336.23502004344,1568.0,41.26315789473684,59390.33453206114,1562.9035403173984,38.0,1.3512434852456043,55.30402483260531,31.0,23,1.6410254450741288,0.8157894736842105,55.30402483260531,100.0,4.6,0.575,0.8870059389040138,0.0,8,42.43219866084246,0.6,7.09604751123211,0.0,0.0,0.0,0.0,0.0,0.0,0.0,0.0,0.0,100.0,1.0,0.0,100.0,1.0,0.0,100.0,1.0,0.0,100.0,1.0,0.0
93,actuated,4,0,728.2340656137392,145.64681312274783,993927.7625133774,124240.97031417217,1073.2,27.65979381443299,62911.91919052026,1621.441216250522,38.8,1.2337575987727858,53.89120845622017,29.6,24,1.72061297325967,0.7628865979381443,53.89120845622017,100.0,4.8,0.6,1.123124283074888,0.0,8,100.0,1.0,0.0,0.0,0.0,0.0,11.129667649761359,0.2,8.984994264599104,0.0,0.0,0.0,100.0,1.0,0.0,100.0,1.0,0.0,60.0,0.8,0.0,60.0,0.8,0.0
94,actuated,4,4,848.4179041506626,136.84159744365525,1132689.1676302725,141586.14595378406,422.6,10.78061224489796,67493.83712796436,1721.7815593868459,39.2,1.5485731022524558,53.36510276997558,22.4,26,2.327240615697278,0.5714285714285714,53.36510276997558,100.0,5.199999999999999,0.65,2.5032381651469575,0.0,8,100.0,1.0,0.0,60.72544629040749,0.8,7.6252516712661995,0.0,0.0,0.0,11.76801081778649,0.2,8.497612854744942,100.0,1.0,0.0,100.0,1.0,0.0,27.724867577680925,0.6,1.9630416041220973,26.702497473929725,0.6,1.9399991910424197
95,actuated,4,4,636.6619893680393,96.46393778303626,1012055.3125160657,126506.91406450821,332.2,9.027173913043478,65705.0562363916,1785.4634846845543,36.8,1.4704470973768515,57.4276612014944,18.0,28,1.5713686336859978,0.4891304347826087,57.4276612014944,100.0,5.6,0.7,1.0026655948348455,0.0,8,100.0,1.0,0.0,100.0,1.0,0.0,0.0,0.0,0.0,0.0,0.0,0.0,100.0,1.0,0.0,100.0,1.0,0.0,30.718030534956142,0.6,4.173752383764212,28.703259076999075,1.0,3.8475723749145523
96,actuated,4,4,473.4500645495967,91.04808933646089,1813397.9391313475,226674.74239141843,422.0,12.196531791907514,62486.47978812858,1805.9676239343519,34.6,1.4523995351112435,55.22724871385833,19.6,27,1.6644515782034535,0.5664739884393064,55.22724871385833,100.0,5.3999999999999995,0.675,1.449563454578887,0.0,8,100.0,1.0,0.0,100.0,1.0,0.0,0.0,0.0,0.0,0.0,0.0,0.0,100.0,1.0,0.0,100.0,1.0,0.0,23.664634211565954,0.8,5.865865983165431,18.153355499300687,0.6,5.730641653465663
97,actuated,4,4,898.4459223770684,160.43677185304796,2113366.541622502,264170.8177028127,525.0,15.261627906976743,61329.00571218325,1782.8199334936992,34.4,1.559160018524518,52.652149176130365,22.4,28,2.159550580112759,0.6511627906976745,52.652149176130365,100.0,5.6,0.7,1.671260167160498,0.0,8,100.0,1.0,0.0,100.0,1.0,0.0,0.0,0.0,0.0,0.0,0.0,0.0,100.0,1.0,0.0,100.0,1.0,0.0,14.020906702012326,0.6,6.516990336331651,7.196286707030595,1.0,6.853091000952334
98,actuated,4,4,638.5285936621274,91.21837052316106,1000638.528593662,125079.81607420775,635.0,20.09493670886076,56662.59994882409,1793.1202515450661,31.6,2.2433452662600617,54.75411904025435,22.4,24,2.4247267047204635,0.7088607594936709,54.75411904025435,100.0,4.800000000000001,0.6,1.9377922281088698,0.0,8,100.0,1.0,0.0,100.0,1.0,0.0,0.0,0.0,0.0,0.0,0.0,0.0,100.0,1.0,0.0,100.0,1.0,0.0,26.03175676946421,0.4,7.689594012205195,12.001195552570607,0.4,7.812743812665763
99,actuated,4,4,949.3925203580551,139.6165471114787,1008593.3709700454,126074.17137125568,747.2,23.94871794871795,51843.288517009394,1661.6438627246603,31.2,2.5012835842425307,50.87902109026459,23.2,24,2.9936761646411947,0.7435897435897436,50.87902109026459,100.0,4.800000000000001,0.6,2.0814833127660677,0.0,8,100.0,1.0,0.0,100.0,1.0,0.0,0.0,0.0,0.0,6.924090736411017,0.4,8.382033178955316,100.0,1.0,0.0,100.0,1.0,0.0,0.0,0.0,0.0,0.10807798570567684,0.4,8.269833323173224
100,actuated,4,4,762.9789777744448,136.24624603115086,2604299.9477063133,325537.49346328917,869.2,26.5,53328.158475930955,1625.8584901198462,32.8,1.1565426128370173,54.56196044143837,26.2,23,1.6112260018655926,0.7987804878048781,54.56196044143837,100.0,4.6000000000000005,0.575,1.9005344812571447,0.0,8,100.0,1.0,0.0,100.0,1.0,0.0,0.0,0.0,0.0,25.061322874812504,0.4,6.45870598372161,100.0,1.0,0.0,100.0,1.0,0.0,11.43436065669448,0.2,8.745569866335549,0.0,0.0,0.0
101,actuated,4,4,736.6999064846902,127.01722525598107,2002942.7919975785,250367.8489996973,1001.8,29.46470588235294,54341.72111748165,1598.2859152200485,34.0,2.0789871150710564,62.5,27.4,25,3.690012184657442,0.8058823529411765,62.5,100.0,5.0,0.625,0.0,0.0,8,100.0,1.0,0.0,100.0,1.0,0.0,0.0,0.0,0.0,100.0,1.0,0.0,100.0,1.0,0.0,100.0,1.0,0.0,0.0,0.0,0.0,0.0,0.0,0.0
102,actuated,4,4,726.9383479550542,139.7958361452027,2837016.1825866355,354627.02282332943,1145.0,32.162921348314605,59265.96540475511,1664.7743091223344,35.6,2.3436139151620927,63.89362166686141,29.6,26,4.065764030204421,0.8314606741573034,63.89362166686141,100.0,5.2,0.65,1.1211794686853043,0.0,8,100.0,1.0,0.0,100.0,1.0,0.0,0.0,0.0,0.0,100.0,1.0,0.0,100.0,1.0,0.0,100.0,1.0,0.0,11.148973334891252,0.2,8.969435749482434,0.0,0.0,0.0
103,actuated,4,4,1230.1079286660238,192.2043638540662,1201984.0590589778,150248.00738237222,1290.2,34.68279569892473,59620.52520655261,1602.7022904987261,37.2,1.9716530394796057,63.84221273897879,29.6,26,3.64211480252105,0.7956989247311828,63.84221273897879,100.0,5.2,0.65,1.1641224633203946,0.0,8,100.0,1.0,0.0,100.0,1.0,0.0,0.0,0.0,0.0,100.0,1.0,0.0,100.0,1.0,0.0,100.0,1.0,0.0,10.7377019118303,0.2,9.312979706563157,0.0,0.0,0.0
104,actuated,4,4,603.2838163211651,116.01611852330097,2503839.236923708,312979.9046154635,1442.4,38.983783783783785,58401.15050283156,1578.4094730495017,37.0,2.691551713077042,69.7006682056994,31.8,28,4.538197427350646,0.8594594594594595,69.7006682056994,100.0,5.6,0.7,0.2735763941719084,0.0,8,100.0,1.0,0.0,100.0,1.0,0.0,57.60534564559521,0.6,2.188611153375267,100.0,1.0,0.0,100.0,1.0,0.0,100.0,1.0,0.0,0.0,0.0,0.0,0.0,0.0,0.0
105,actuated,4,4,930.4308601945738,193.8397625405362,3047692.2551232195,380961.53189040243,1606.4,40.36180904522613,62146.39066151281,1561.4671020480605,39.8,1.646545927880544,76.01903980924789,34.2,32,3.2444981801377515,0.8592964824120602,76.01903980924789,100.0,6.4,0.8,1.0234497369267044,0.0,8,100.0,1.0,0.0,100.0,1.0,0.0,100.0,1.0,0.0,100.0,1.0,0.0,100.0,1.0,0.0,100.0,1.0,0.0,0.0,0.0,0.0,8.152318473983087,0.4,8.187597895413635
106,actuated,4,4,1177.4621398808333,226.43502690016024,1394792.1018025973,174349.01272532466,1781.0,42.00471698113208,67881.3019406825,1600.9741023745873,42.4,0.947658584348931,75.0,36.6,30,1.417554261362242,0.8632075471698113,75.0,100.0,6.0,0.75,0.0,0.0,8,100.0,1.0,0.0,100.0,1.0,0.0,100.0,1.0,0.0,100.0,1.0,0.0,100.0,1.0,0.0,100.0,1.0,0.0,0.0,0.0,0.0,0.0,0.0,0.0
107,actuated,4,4,1191.2233419274949,165.44768637881873,6302.767933967326,787.8459917459157,1961.2,44.57272727272727,70767.68793314483,1608.3565439351098,44.0,1.8295184811111351,75.0,36.2,30,2.482114764468493,0.8227272727272728,75.0,100.0,6.0,0.75,0.0,0.0,8,100.0,1.0,0.0,100.0,1.0,0.0,100.0,1.0,0.0,100.0,1.0,0.0,100.0,1.0,0.0,100.0,1.0,0.0,0.0,0.0,0.0,0.0,0.0,0.0
108,actuated,4,4,720.2594476729795,150.0540515985374,1928426.6197561442,241053.32746951803,2153.0,46.6017316017316,71621.04089591278,1550.2389804310126,46.2,1.9653421477404076,75.46702260413383,40.6,34,3.6044560112513198,0.8787878787878788,75.46702260413383,100.0,6.800000000000001,0.85,2.03372569077625,0.0,8,100.0,1.0,0.0,100.0,1.0,0.0,100.0,1.0,0.0,100.0,1.0,0.0,100.0,1.0,0.0,100.0,1.0,0.0,3.3416570192798645,0.4,8.049559232162315,0.3945238137907836,0.4,8.220246294047685
109,actuated,4,4,927.2316559412595,185.44633118825192,2390556.742449756,298819.5928062195,2358.2,48.9253112033195,74798.07992412985,1551.8273843180466,48.2,0.7006166988134513,75.0,42.2,30,0.9637494292221943,0.8755186721991701,75.0,100.0,6.0,0.75,0.0,0.0,8,100.0,1.0,0.0,100.0,1.0,0.0,100.0,1.0,0.0,100.0,1.0,0.0,100.0,1.0,0.0,100.0,1.0,0.0,0.0,0.0,0.0,0.0,0.0,0.0
110,actuated,0,4,1295.7818739540803,231.38962034894294,1204367.4828832115,150545.93536040143,1680.0,35.59322033898305,76276.74513540366,1616.032735919569,47.2,1.0326434202006953,55.0,34.4,26,1.8849265129265405,0.7288135593220338,55.0,100.0,5.199999999999999,0.65,0.0,0.0,8,100.0,1.0,0.0,100.0,1.0,0.0,60.0,0.8,0.0,60.0,0.8,0.0,60.0,0.8,0.0,60.0,0.8,0.0,0.0,0.0,0.0,0.0,0.0,0.0
111,actuated,0,0,669.7248316137985,95.67497594482836,2177504.7209954145,272188.0901244268,1178.6,26.426008968609864,78840.52437414204,1767.7247617520638,44.6,2.0509258050313783,39.030828085920746,24.0,24,2.4071234410596487,0.5381165919282511,39.030828085920746,100.0,4.800000000000001,0.6000000000000001,1.988604579487322,0.0,8,100.0,1.0,0.0,100.0,1.0,0.0,23.59683443706217,0.6,1.685702774386396,29.308712247252515,0.6,2.085466541688305,29.10721175907156,0.6,1.8947126193510746,22.451444471259947,0.6,1.5322295335447782,0.0,0.0,0.0,7.782421772719772,0.4,8.710725166928022
112,actuated,0,0,501.9139816420346,80.95386800677977,1210327.2656459087,151290.90820573858,1166.8,29.464646464646464,71582.76780377996,1807.6456516106052,39.6,2.323083694903132,35.51002505195157,20.4,20,1.9661323251672385,0.5151515151515151,35.51002505195157,100.0,4.0,0.5,1.4441071243405839,0.0,8,100.0,1.0,0.0,100.0,1.0,0.0,20.788187104196822,0.6,3.082889154079827,0.0,0.0,0.0,27.315798927206743,0.8,4.199177171180799,35.976214384209015,0.6,4.270790669464045,0.0,0.0,0.0,0.0,0.0,0.0
113,actuated,0,0,567.6508461457031,97.87083554236261,2200567.650846145,275070.95635576814,1273.6,34.236559139784944,60022.1337167492,1613.4982181921828,37.2,3.596060600825596,38.93291122460823,22.6,23,4.343582677632524,0.6075268817204301,38.93291122460823,100.0,4.6000000000000005,0.575,3.42931704686311,0.0,8,100.0,1.0,0.0,100.0,1.0,0.0,0.0,0.0,0.0,7.390267282564764,0.4,8.908916197996588,32.11811942406939,0.8,4.8792823204605025,62.068096836069344,1.0,4.831777643973471,0.0,0.0,0.0,9.886806254162366,0.4,8.814560212474316
114,actuated,0,0,801.7685183365578,160.35370366731155,2606081.05818062,325760.1322725775,1407.0,34.48529411764706,61109.88124440444,1497.791206970697,40.8,1.4337230996395736,50.0,31.6,20,3.041583335246162,0.7745098039215687,50.0,100.0,4.0,0.5,0.0,0.0,8,100.0,1.0,0.0,100.0,1.0,0.0,0.0,0.0,0.0,0.0,0.0,0.0,100.0,1.0,0.0,100.0,1.0,0.0,0.0,0.0,0.0,0.0,0.0,0.0
115,actuated,5,0,1221.8166133633263,165.11035315720625,601221.8166133635,75152.72707667043,876.4,20.866666666666667,69897.84416036785,1664.2343847706632,42.0,2.5126042309833063,50.113168308339766,30.0,23,4.373496934791446,0.7142857142857143,50.113168308339766,100.0,4.6,0.575,0.9954202680879684,0.0,8,60.0,0.8,0.0,60.0,0.8,0.0,0.0,0.0,0.0,0.0,0.0,0.0,100.0,1.0,0.0,100.0,1.0,0.0,0.0,0.0,0.0,80.90534646671813,1.0,7.963362144703747
116,actuated,5,5,695.8502025511748,96.64586146544094,601321.6321592911,75165.20401991138,386.6,9.52216748768473,69206.31403452637,1704.5890156287282,40.6,1.966000779715296,44.25465748003262,24.0,23,2.987238134602615,0.5911330049261084,44.25465748003262,100.0,4.6,0.575,1.5343591375436447,0.0,8,25.36563658883324,0.6,1.6997247549441048,27.692036245164218,0.6,1.9427216384241377,0.0,0.0,0.0,0.9795870062635004,0.4,8.632426706980915,100.0,1.0,0.0,100.0,1.0,0.0,0.0,0.0,0.0,100.0,1.0,0.0
117,actuated,5,5,1338.998722276048,202.87859428424971,807405.8129421907,100925.72661777383,359.8,8.77560975609756,72373.83464177264,1765.2154790676257,41.0,1.329763310395571,49.23672838516751,21.6,27,1.27696089367803,0.526829268292683,49.23672838516751,100.0,5.3999999999999995,0.675,1.3122386190259245,0.0,8,18.826403265450153,0.8,3.9976091951299857,26.88904140711429,1.0,3.8660327131261436,0.0,0.0,0.0,0.0,0.0,0.0,100.0,1.0,0.0,100.0,1.0,0.0,48.17838240877563,0.6,2.634267043951268,100.0,1.0,0.0
118,actuated,5,5,715.3066927336089,94.11930167547486,6908.395828585907,863.5494785732384,463.6,12.2,69447.90338625878,1827.5764049015468,38.0,2.046978162505444,55.901252609513676,22.6,27,1.7358860705464048,0.5947368421052631,55.901252609513676,100.0,5.4,0.675,1.431338908363104,0.0,8,21.643525740851146,0.8,5.709059280209783,25.566495135258265,0.6,5.74165198669505,0.0,0.0,0.0,0.0,0.0,0.0,100.0,1.0,0.0,100.0,1.0,0.0,100.0,1.0,0.0,100.0,1.0,0.0
119,actuated,5,5,667.7692335863205,107.70471509456782,178158.14361820644,22269.767952275804,579.8,16.286516853932586,60095.95934621369,1688.08874568016,35.6,2.388567709931383,56.20933422982915,24.8,28,2.2709660346202716,0.6966292134831461,56.20933422982915,100.0,5.6,0.7,2.685579410324532,0.0,8,28.942485130410205,0.6,6.038054367456565,9.04224400256453,0.8,6.892220520980149,0.0,0.0,0.0,11.68994470565849,0.2,8.554360394159541,100.0,1.0,0.0,100.0,1.0,0.0,100.0,1.0,0.0,100.0,1.0,0.0
120,actuated,5,5,547.5164244706446,109.50328489412891,2068881.23245091,258610.15405636374,708.2,20.707602339181285,56529.70688968179,1652.9154061310464,34.2,1.4700935431818307,52.834750284714005,26.8,22,1.9132933840658568,0.783625730994152,52.834750284714005,100.0,4.4,0.55,2.205319969645097,0.0,8,0.0,0.0,0.0,11.516472217899718,0.2,8.683214625792516,11.161530059812321,0.2,8.95934513136826,0.0,0.0,0.0,100.0,1.0,0.0,100.0,1.0,0.0,100.0,1.0,0.0,100.0,1.0,0.0
121,actuated,5,5,782.5929740505758,139.74874536617426,2178331.283225312,272291.410403164,846.0,24.45086705202312,58269.348173892846,1684.0852073379435,34.6,1.837370509566086,50.752011433727375,28.2,22,2.475957408447787,0.815028901734104,50.752011433727375,100.0,4.4,0.55,1.0910047177341766,0.0,8,0.0,0.0,0.0,6.016091469819003,0.4,8.728037741873413,0.0,0.0,0.0,0.0,0.0,0.0,100.0,1.0,0.0,100.0,1.0,0.0,100.0,1.0,0.0,100.0,1.0,0.0
122,actuated,5,5,704.9589255640915,135.56902414694068,1915099.5657006507,239387.44571258134,988.0,28.068181818181817,56755.465541947066,1612.3711801689506,35.2,2.3989598192140846,51.94039693028827,29.2,24,3.435613747353812,0.8295454545454546,51.94039693028827,100.0,4.8,0.6,2.1906669848249294,0.0,8,10.526337460541981,0.4,8.897818447090685,4.996837981764202,0.4,8.62751743150875,0.0,0.0,0.0,0.0,0.0,0.0,100.0,1.0,0.0,100.0,1.0,0.0,100.0,1.0,0.0,100.0,1.0,0.0
123,actuated,5,5,616.4845635590475,128.43428407480158,2728742.6136663095,341092.8267082887,1139.0,32.35795454545455,56384.387807672516,1601.8291990816056,35.2,2.279868351344861,50.0,31.4,20,4.466723604368829,0.8920454545454546,50.0,100.0,4.0,0.5,0.0,0.0,8,0.0,0.0,0.0,0.0,0.0,0.0,0.0,0.0,0.0,0.0,0.0,0.0,100.0,1.0,0.0,100.0,1.0,0.0,100.0,1.0,0.0,100.0,1.0,0.0
124,actuated,5,5,775.0143578225196,176.13962677784536,2767598.1222744347,345949.76528430433,1296.4,34.663101604278076,58773.668280231985,1571.4884566906949,37.4,1.3998941992699838,61.978676102577595,32.6,25,3.09748488646445,0.8716577540106952,61.978676102577595,100.0,5.0,0.625,0.5587108347538025,0.0,8,0.0,0.0,0.0,0.0,0.0,0.0,0.0,0.0,0.0,95.82940882062076,1.0,4.46968667803042,100.0,1.0,0.0,100.0,1.0,0.0,100.0,1.0,0.0,100.0,1.0,0.0
125,actuated,5,5,921.1423172899789,209.35052665681337,4007817.5575751886,500977.1946968986,1463.4,36.222772277227726,63893.754183295314,1581.5285688934482,40.4,1.2785323702534477,62.5,35.0,25,2.7418928751410014,0.8663366336633663,62.5,100.0,5.0,0.625,0.0,0.0,8,0.0,0.0,0.0,0.0,0.0,0.0,0.0,0.0,0.0,100.0,1.0,0.0,100.0,1.0,0.0,100.0,1.0,0.0,100.0,1.0,0.0,100.0,1.0,0.0
126,actuated,5,5,772.4624233791794,128.74373722986323,2000772.4624233793,250096.5578029224,1638.0,39.375,69123.67952527423,1661.626911665246,41.6,1.862122051151141,64.93885002097585,35.2,28,2.6535780739310417,0.8461538461538461,64.93885002097585,100.0,5.6,0.7,1.0727464651747796,0.0,8,19.510800167806792,0.6,8.581971721398236,0.0,0.0,0.0,0.0,0.0,0.0,100.0,1.0,0.0,100.0,1.0,0.0,100.0,1.0,0.0,100.0,1.0,0.0,100.0,1.0,0.0
127,actuated,5,5,1004.4478107909833,156.94497043609113,1071815.1866412093,133976.89833015116,1815.0,43.214285714285715,68768.82659562853,1637.3530141816316,42.0,3.059202746298248,62.5,36.0,25,4.3871549877168645,0.8571428571428571,62.5,100.0,5.0,0.625,0.0,0.0,8,0.0,0.0,0.0,0.0,0.0,0.0,0.0,0.0,0.0,100.0,1.0,0.0,100.0,1.0,0.0,100.0,1.0,0.0,100.0,1.0,0.0,100.0,1.0,0.0
128,actuated,5,5,586.4767439101757,139.63731997861328,1762610.4574486562,220326.30718108203,1997.6,46.02764976958525,65345.122556809954,1505.647985179953,43.4,1.4420864696152738,68.42197826034521,38.4,30,3.107928118859193,0.8847926267281107,68.42197826034521,100.0,6.0,0.75,1.99427128450346,0.0,8,0.0,0.0,0.0,4.411596686350094,0.4,9.02572142602876,42.96422939641161,0.6,6.9284488499989205,100.0,1.0,0.0,100.0,1.0,0.0,100.0,1.0,0.0,100.0,1.0,0.0,100.0,1.0,0.0
129,actuated,5,5,802.178723951303,211.09966419771132,3974212.2801310373,496776.53501637967,2197.0,47.76086956521739,72958.95227445179,1586.0641798793868,46.0,0.9300778205822908,75.0,41.2,30,1.51648297973116,0.8956521739130435,75.0,100.0,6.0,0.75,0.0,0.0,8,0.0,0.0,0.0,0.0,0.0,0.0,100.0,1.0,0.0,100.0,1.0,0.0,100.0,1.0,0.0,100.0,1.0,0.0,100.0,1.0,0.0,100.0,1.0,0.0
130,actuated,5,5,727.5528579765771,145.5105715953154,5573119.018179054,696639.8772723818,2402.6,50.05416666666667,77545.05988554218,1615.5220809487955,48.0,1.5353078565562779,75.0,41.8,30,2.356197884207691,0.8708333333333333,75.0,100.0,6.0,0.75,0.0,0.0,8,0.0,0.0,0.0,0.0,0.0,0.0,100.0,1.0,0.0,100.0,1.0,0.0,100.0,1.0,0.0,100.0,1.0,0.0,100.0,1.0,0.0,100.0,1.0,0.0
131,actuated,5,5,548.4847597088386,130.5916094544854,3556826.7930025654,444603.3491253207,2614.8,52.931174089068826,76304.97183175714,1544.6350573230188,49.4,1.5475888777188667,77.40520433942322,43.6,33,2.657230526177486,0.8825910931174089,77.40520433942322,100.0,6.6,0.825,2.1491154146497458,0.0,8,11.059001021021686,0.2,9.04240806289043,8.182633694364085,0.4,8.150515254307537,100.0,1.0,0.0,100.0,1.0,0.0,100.0,1.0,0.0,100.0,1.0,0.0,100.0,1.0,0.0,100.0,1.0,0.0
132,actuated,0,5,1082.5385378847109,193.31045319369838,2230861.6783500863,278857.7097937608,1968.8,40.84647302904564,80150.38076620796,1662.8709702532772,48.2,1.0620367102002741,55.85197708913171,35.4,27,1.310568236497537,0.7344398340248963,55.85197708913171,100.0,5.4,0.675,1.0559978034463708,0.0,8,0.0,0.0,0.0,6.815816713053664,0.2,8.447982427570967,60.0,0.8,0.0,60.0,0.8,0.0,60.0,0.8,0.0,60.0,0.8,0.0,100.0,1.0,0.0,100.0,1.0,0.0
133,actuated,0,0,696.4377549743222,99.49110785347459,1000696.4377549744,125087.0547193718,1327.0,29.488888888888887,76212.22264544899,1693.604947676644,45.0,1.5790797037837474,37.40515913670549,26.4,22,1.6408175970611567,0.5866666666666667,37.40515913670549,100.0,4.4,0.55,1.632888818142734,0.0,8,0.0,0.0,0.0,0.0,0.2,0.0,7.9122026733034545,0.4,7.383288472335184,28.83045733322433,0.6,1.8373173078061278,28.306883038503656,0.6,1.8008354177794157,34.1917300486125,0.6,2.041669347221144,100.0,1.0,0.0,100.0,1.0,0.0
134,actuated,0,0,719.0967160557232,102.72810229367474,1000719.096716056,125089.887089507,1113.0,27.686567164179106,71959.01661999933,1790.0252890547094,40.2,3.172679709218985,30.94309912303629,20.0,20,3.8767350430170864,0.4975124378109453,30.94309912303629,100.0,4.0,0.5,1.4243717472586779,0.0,8,0.0,0.0,0.0,0.0,0.0,0.0,0.0,0.0,0.0,8.832597672262636,0.4,3.3683217991613974,18.428097659375453,0.8,4.104547560170781,20.284097652652235,0.8,3.9221046187372437,100.0,1.0,0.0,100.0,1.0,0.0
135,actuated,0,0,639.1768934854323,93.9966019831518,602395.7835900121,75299.47294875151,1196.8,30.07035175879397,69367.06624876613,1742.8911117780435,39.8,2.67144550595016,31.9423195182398,20.6,17,3.485806789470298,0.5175879396984925,31.9423195182398,100.0,3.4,0.425,2.4208748461790286,0.0,8,10.637754404597217,0.4,8.690681056305765,0.0,0.0,0.0,0.0,0.0,0.0,0.0,0.0,0.0,25.56253937575775,0.6,4.937424890770471,19.338262365563423,0.4,5.738892822355991,100.0,1.0,0.0,100.0,1.0,0.0
136,actuated,0,0,395.38708531175973,68.1701871227172,1852670.2040679555,231583.77550849444,1312.4,31.70048309178744,63874.56559951477,1542.863903369922,41.4,1.565171319348781,59.264972229129,26.4,24,1.412167002408796,0.6376811594202898,59.264972229129,100.0,4.8,0.6,0.5641285076500495,0.0,8,0.0,0.0,0.0,74.119777833032,0.8,4.513028061200396,0.0,0.0,0.0,0.0,0.0,0.0,100.0,1.0,0.0,100.0,1.0,0.0,100.0,1.0,0.0,100.0,1.0,0.0
137,actuated,4,0,949.0131883424968,143.78987702159043,14486.396241705961,1810.7995302132451,726.0,17.88177339901478,66384.14104077057,1635.077365536221,40.6,2.025944580160791,52.5,27.6,23,2.493880016251634,0.6798029556650246,52.5,100.0,4.6,0.575,0.0,0.0,8,0.0,0.0,0.0,100.0,1.0,0.0,0.0,0.0,0.0,0.0,0.0,0.0,100.0,1.0,0.0,100.0,1.0,0.0,60.0,0.8,0.0,60.0,0.8,0.0
138,actuated,4,4,601.659397626452,91.16051479188667,697045.2741955173,87130.65927443966,253.8,6.313432835820896,67937.87444559597,1689.9968767561186,40.2,2.2748229202094032,46.655950321494686,21.2,25,2.9692978515887836,0.527363184079602,46.655950321494686,100.0,4.999999999999999,0.625,2.686784568411504,0.0,8,0.0,0.0,0.0,100.0,1.0,0.0,6.353416932558957,0.4,8.48043987825513,4.108074337093512,0.4,9.01638910844922,100.0,1.0,0.0,100.0,1.0,0.0,30.501953216542006,0.6,2.293042355202081,32.28415808576301,0.6,1.7044052053855998
139,actuated,4,4,1395.5521861709544,205.22826267219918,2118154.39659787,264769.29957473377,252.2,6.3686868686868685,70795.75226343444,1787.7715218039,39.6,1.4202079073900842,32.94950395109964,18.6,20,1.3026302280731186,0.4696969696969697,32.94950395109964,100.0,4.0,0.5,1.2854838763845524,0.0,8,18.110848191188325,0.4,2.3771105645703967,0.0,0.2,0.0,0.0,0.0,0.0,0.0,0.0,0.0,100.0,1.0,0.0,100.0,1.0,0.0,26.747434671772226,0.6,4.095992613495726,18.737748745836598,0.8,3.8107678330102965
140,actuated,4,4,656.2625670389783,93.75179529128262,1000656.2625670392,125082.0328208799,353.6,9.208333333333334,65019.067243129466,1693.2048761231633,38.4,1.9169429518993943,34.35774349741905,22.6,20,1.4944420147956767,0.5885416666666666,34.35774349741905,100.0,4.0,0.5,2.9564285719194032,0.0,8,1.1770750635923832,0.2,7.694221033763036,8.609375826249561,0.2,5.8755782298656545,0.0,0.0,0.0,0.0,0.0,0.0,100.0,1.0,0.0,100.0,1.0,0.0,25.620888078472035,0.8,4.628922556469719,39.45460901103843,0.8,5.452706755256818
141,actuated,4,4,555.7363498908169,132.31817854543257,1548653.1408633287,193581.6426079161,492.6,12.63076923076923,57575.906024544754,1476.3052826806347,39.0,0.8563015684406794,75.0,31.8,30,1.1074354325439282,0.8153846153846154,75.0,100.0,6.0,0.75,0.0,0.0,8,100.0,1.0,0.0,100.0,1.0,0.0,0.0,0.0,0.0,0.0,0.0,0.0,100.0,1.0,0.0,100.0,1.0,0.0,100.0,1.0,0.0,100.0,1.0,0.0
142,actuated,0,4,954.0938407143103,176.68404457672412,490986.43100706086,61373.30387588261,438.2,11.235897435897435,62402.860487871534,1600.07334584286,39.0,1.5988392091282573,66.46324548406454,29.2,29,3.2629118639485064,0.7487179487179487,66.46324548406454,100.0,5.8,0.7250000000000001,1.067831759616815,0.0,8,100.0,1.0,0.0,100.0,1.0,0.0,0.0,0.0,0.0,11.70596387251635,0.2,8.54265407693452,60.0,0.8,0.0,60.0,0.8,0.0,100.0,1.0,0.0,100.0,1.0,0.0
143,actuated,0,0,1348.4667776623864,182.2252402246468,169484.22607449882,21185.528259312352,326.0,8.44559585492228,66766.06252328047,1729.69073894509,38.6,2.6316150646104504,56.661231285782776,21.8,26,4.3443283471772505,0.5647668393782384,56.661231285782776,100.0,5.2,0.65,0.4230496367145507,0.0,8,100.0,1.0,0.0,100.0,1.0,0.0,0.0,0.0,0.0,0.0,0.0,0.0,27.52285169152401,0.6,1.6945527532713405,25.766998594738197,0.6,1.6898443404450652,100.0,1.0,0.0,100.0,1.0,0.0
144,actuated,0,0,653.7478917709834,83.8138322783312,200653.74789177103,25081.718486471378,349.0,9.381720430107526,68670.1577872977,1845.9719835295084,37.2,2.3414806706564537,57.133462412945164,18.6,27,2.537327584970123,0.5,57.133462412945164,100.0,5.4,0.675,1.0187936382284917,0.0,8,100.0,1.0,0.0,100.0,1.0,0.0,0.0,0.0,0.0,0.0,0.0,0.0,36.762466636507725,0.6,4.049640176191865,20.305232667053588,0.8,4.100708929636069,100.0,1.0,0.0,100.0,1.0,0.0
145,actuated,0,0,434.27068267468695,65.79858828404348,113861.94091213029,14232.742614016286,444.2,12.005405405405405,59043.62156860466,1595.7735559082341,37.0,2.5105060033636972,63.9786967850975,20.6,31,2.538528429174567,0.5567567567567567,63.9786967850975,100.0,6.2,0.7749999999999999,2.366233308188116,0.0,8,100.0,1.0,0.0,100.0,1.0,0.0,8.635099203133905,0.4,8.884595544170587,0.0,0.0,0.0,64.51322059234144,1.0,4.665654841482097,38.681254485304635,0.8,5.379616079852244,100.0,1.0,0.0,100.0,1.0,0.0
146,actuated,0,0,922.7772457692166,200.6037490802645,2040970.5874290832,255121.3234286354,576.8,15.020833333333334,58332.29769784544,1519.0702525480583,38.4,1.183050194492338,75.0,31.4,30,2.119080437359178,0.8177083333333334,75.0,100.0,6.0,0.75,0.0,0.0,8,100.0,1.0,0.0,100.0,1.0,0.0,0.0,0.0,0.0,0.0,0.0,0.0,100.0,1.0,0.0,100.0,1.0,0.0,100.0,1.0,0.0,100.0,1.0,0.0
147,actuated,6,0,1498.6273284885217,227.0647467406851,662832.4335294102,82854.05419117627,307.4,7.762626262626263,65472.23676817268,1653.339312327593,39.6,1.1655683995726147,58.91881815631905,23.2,28,2.0883641057464795,0.5858585858585859,58.91881815631905,100.0,5.6,0.7,1.1012686812901498,0.0,8,60.0,0.8,0.0,80.0,1.0,0.0,0.0,0.0,0.0,11.350545250552386,0.2,8.810149450321198,100.0,1.0,0.0,100.0,1.0,0.0,60.0,0.8,0.0,60.0,0.8,0.0
148,actuated,6,6,555.0542606065567,79.29346580093667,116557.98058072312,14569.74757259039,159.6,4.4581005586592175,66566.52067226295,1859.4000187782947,35.8,1.617160313964451,39.18656365025072,14.4,22,1.2329168053351687,0.4022346368715084,39.18656365025072,100.0,4.4,0.55,0.9256446427759912,0.0,8,26.198807527903227,0.6,1.8140285404360204,36.140527277791534,0.6,1.8329433699970725,0.0,0.0,0.0,0.0,0.0,0.0,100.0,1.0,0.0,100.0,1.0,0.0,26.833324186541176,0.6,1.8562292029840217,24.31985020976981,0.6,1.901956028790815
149,actuated,6,6,436.15125495401173,66.08352347788058,280994.88142781646,35124.36017847706,226.8,7.132075471698113,57491.938162601975,1807.9225837296217,31.8,2.553565442840103,35.66690856658738,15.6,25,1.8717269558072505,0.49056603773584906,35.66690856658738,100.0,5.0,0.625,2.12624969163769,0.0,8,13.860603133664426,0.8,3.7735047858169635,16.06108845764311,0.6,5.082124399139829,0.0,0.0,0.0,0.0,0.0,0.0,100.0,1.0,0.0,100.0,1.0,0.0,43.60112619095162,0.8,4.124747634708618,11.812450750439893,0.8,4.029620713436105
150,actuated,6,6,420.61984532125416,72.52066298642313,2806098.101348819,350762.2626686024,309.6,10.825174825174825,45444.607790410104,1588.9723003639897,28.6,2.2758722569573413,30.366620693750406,18.2,17,2.0794344464061894,0.6363636363636364,30.366620693750406,100.0,3.4,0.425,2.8318249159419695,0.0,8,0.0,0.0,0.0,0.0,0.2,0.0,10.962708364111222,0.2,9.121833462921577,0.0,0.0,0.0,100.0,1.0,0.0,100.0,1.0,0.0,11.290872137321912,0.4,8.856711756521499,20.67938504857011,0.6,4.676054108092682
151,actuated,6,6,846.1200057689824,176.27500120187133,1077453.6166460775,134681.7020807597,418.2,13.94,49556.445434536385,1651.8815144845462,30.0,0.9671566702444625,37.5,24.4,15,1.2688431529654338,0.8133333333333334,37.5,100.0,3.0,0.375,0.0,0.0,8,0.0,0.0,0.0,0.0,0.0,0.0,0.0,0.0,0.0,0.0,0.0,0.0,100.0,1.0,0.0,100.0,1.0,0.0,0.0,0.0,0.0,100.0,1.0,0.0
152,actuated,0,6,892.5892506105272,131.26312508978341,1019685.7668582795,127460.72085728493,276.6,9.158940397350994,49460.360886054055,1637.7602942402004,30.2,0.9928474664859772,37.15182925429815,17.2,19,1.006096782335633,0.5695364238410596,37.15182925429815,100.0,4.0,0.5,1.8911973446018302,0.0,8,40.0,0.4,0.06427878274757222,25.501484059916493,0.8,6.527886876994873,0.0,0.0,0.0,11.713149974468706,0.2,8.537413097072196,60.0,0.8,0.0,60.0,0.8,0.0,0.0,0.0,0.0,100.0,1.0,0.0
153,actuated,0,0,495.2393741362822,61.904921767035276,495.2393741362822,61.904921767035276,132.6,4.804347826086956,50510.69504733318,1830.0976466425068,27.6,2.719779558250638,27.922999210915975,10.0,16,3.755432791330914,0.36231884057971014,27.922999210915975,100.0,3.2,0.4,0.7286413549375037,0.0,8,0.0,0.2,0.0,0.0,0.0,0.0,0.0,0.0,0.0,0.0,0.0,0.0,25.039810346306695,0.6,1.691832656255044,26.41916488999641,0.6,1.8922687143036983,71.9250184510247,0.8,2.2450294689412873,100.0,1.0,0.0
154,actuated,0,0,364.5086375731412,46.73187661194118,200364.50863757316,25045.563579696645,158.0,5.93984962406015,52226.36812568818,1963.3972979582022,26.6,2.7442784331458525,30.570167778334394,10.8,20,2.21241101372251,0.40601503759398494,30.570167778334394,100.0,4.0,0.5,1.9096419173417174,0.0,8,0.0,0.0,0.0,2.32518649811027,0.2,7.4071830518731305,0.0,0.0,0.0,0.0,0.0,0.0,25.93826118961715,1.0,3.7986653459758495,16.29789453894773,0.8,4.07128694088476,100.0,1.0,0.0,100.0,1.0,0.0
155,actuated,0,0,705.687229893749,95.36313917483093,89561.64801917924,11195.206002397405,212.4,8.169230769230769,43048.077087945494,1655.6952726132881,26.0,2.786163314322169,53.540824882912545,12.4,27,2.4960771479205035,0.47692307692307695,53.540824882912545,100.0,5.4,0.675,3.2458960027269725,0.0,8,46.6014327069729,0.6,5.788558651625559,100.0,1.0,0.0,11.106803022523764,0.2,9.003490905277378,0.0,0.0,0.0,33.21003175945634,0.8,5.564246651219388,37.40833157434736,0.8,5.6108718136934534,100.0,1.0,0.0,100.0,1.0,0.0
156,actuated,0,0,411.6513846014559,70.97437665542343,1682121.3883552565,210265.17354440707,295.6,11.282442748091603,43436.6770170286,1657.8884357644504,26.2,3.0201676526246506,75.0,20.2,30,4.294320171293954,0.7709923664122137,75.0,100.0,6.0,0.75,0.0,0.0,8,100.0,1.0,0.0,100.0,1.0,0.0,0.0,0.0,0.0,0.0,0.0,0.0,100.0,1.0,0.0,100.0,1.0,0.0,100.0,1.0,0.0,100.0,1.0,0.0
157,actuated,4,0,899.1741829074581,128.45345470106545,52223.7143310613,6527.964291382663,183.2,6.887218045112782,45009.69402996661,1692.0937605250604,26.6,3.254647586473535,65.75108440508984,13.8,31,4.571682928762797,0.518796992481203,65.75108440508984,100.0,6.2,0.775,1.0692297281464562,0.0,8,60.0,0.8,0.0,100.0,1.0,0.0,0.0,0.0,0.0,6.0086752407187305,0.4,8.55383782517165,100.0,1.0,0.0,100.0,1.0,0.0,80.0,1.0,0.0,80.0,1.0,0.0
158,actuated,4,4,589.7597581043854,86.72937619182137,1001656.353344789,125207.04416809863,197.6,7.7795275590551185,45125.39429780498,1776.5903266852354,25.4,2.9424378229750823,44.167359096859684,14.8,21,4.2575982886578725,0.5826771653543307,44.167359096859684,100.0,4.2,0.525,0.47609948899280713,0.0,8,0.0,0.0,0.0,100.0,1.0,0.0,0.0,0.0,0.0,0.0,0.0,0.0,100.0,1.0,0.0,100.0,1.0,0.0,31.338302847179875,0.6,2.055370451186233,22.000569927697597,0.6,1.7534254607562239
159,actuated,4,4,698.3689030659785,94.37417608999709,600698.368903066,75087.29611288325,264.2,10.568,42852.20412412321,1714.0881649649282,25.0,2.8368101703886053,44.4264817570226,14.6,19,3.311348939124521,0.584,44.4264817570226,100.0,3.8,0.475,0.7180505130767267,0.0,8,38.90904319038327,0.4,2.125431823730469,100.0,1.0,0.0,0.0,0.0,0.0,0.0,0.0,0.0,100.0,1.0,0.0,100.0,1.0,0.0,0.0,0.0,0.0,16.502810865797528,0.4,3.618972280883345
160,actuated,4,4,863.0669217119073,126.92160613410402,16427.234705022915,2053.4043381278643,346.4,13.121212121212121,43231.644187728176,1637.5622798381885,26.4,2.0133257820344452,51.42934161390542,18.8,21,2.449219062841837,0.7121212121212122,51.42934161390542,100.0,4.2,0.525,1.0931606445926854,0.0,8,100.0,1.0,0.0,100.0,1.0,0.0,0.0,0.0,0.0,0.0,0.0,0.0,100.0,1.0,0.0,100.0,1.0,0.0,11.434732911243373,0.2,8.745285156741483,0.0,0.0,0.0
161,actuated,4,4,732.7272187472585,114.48862792925912,1215795.6803413432,151974.4600426679,445.2,15.458333333333334,46630.734876997056,1619.12273878462,28.8,1.7958191347433856,51.930583273036746,20.8,23,2.1973057596527217,0.7222222222222222,51.930583273036746,100.0,4.6000000000000005,0.575,2.2042304943897673,0.0,8,100.0,1.0,0.0,100.0,1.0,0.0,0.0,0.0,0.0,11.34459540038506,0.2,8.814770070742743,100.0,1.0,0.0,100.0,1.0,0.0,0.0,0.0,0.0,4.100070783908905,0.4,8.819073884375394
162,actuated,0,4,1239.9764228974973,167.56438147263475,601239.9764228974,75154.99705286218,346.2,12.364285714285714,49364.02477171698,1763.0008847041777,28.0,2.428715067306457,41.4151998302512,16.6,19,3.454784397772369,0.5928571428571429,41.4151998302512,100.0,3.8,0.47500000000000003,1.104084360809072,0.0,8,100.0,1.0,0.0,100.0,1.0,0.0,11.321598642009576,0.2,8.832674886472576,0.0,0.0,0.0,60.0,0.8,0.0,60.0,0.8,0.0,0.0,0.0,0.0,0.0,0.0,0.0
163,actuated,0,0,472.4692428659823,60.572979854613116,200472.46924286598,25059.058655358247,325.2,12.225563909774436,49263.41319986599,1852.008015032556,26.6,3.018885544395857,38.53250761598218,12.8,20,3.4262057807299864,0.48120300751879697,38.53250761598218,100.0,4.0,0.5,2.4586635368713754,0.0,8,100.0,1.0,0.0,100.0,1.0,0.0,0.0,0.0,0.0,0.0,0.0,0.0,30.55051964185168,0.6,1.8324051480887582,29.394498168182963,0.6,1.834203145990309,5.237681058658836,0.2,8.657415321748703,43.07736205916399,0.6,7.345284679143232
164,actuated,0,0,689.3220598235723,98.47457997479604,26347.306236650293,3293.4132795812866,390.8,15.632,42456.85766041654,1698.2743064166616,25.0,2.743623068274508,42.53856216782111,14.2,23,3.07248211318713,0.568,42.53856216782111,100.0,4.6000000000000005,0.575,0.9153998728747907,0.0,8,100.0,1.0,0.0,100.0,1.0,0.0,0.0,0.0,0.0,0.0,0.0,0.0,23.923892153898123,0.6,3.37665149817724,16.384605188670776,0.8,3.946547484821086,0.0,0.2,0.0,100.0,1.0,0.0
165,actuated,0,0,556.133092560072,92.688848760012,1177432.9807030195,147179.12258787744,465.8,20.07758620689655,39888.83344874196,1719.346269342326,23.2,3.8330305904532347,40.54789635313057,15.8,20,4.465618652984083,0.6810344827586207,40.54789635313057,100.0,4.2,0.5249999999999999,1.771861963184132,0.0,8,100.0,1.0,0.0,100.0,1.0,0.0,10.485309136543037,0.4,8.625357230752705,0.0,0.0,0.0,0.0,0.0,0.0,13.897861688501507,0.4,5.549538474720349,100.0,1.0,0.0,0.0,0.4,0.0
166,actuated,0,0,1240.0110543796256,177.1444363399465,400379.4267927226,50047.428349090325,550.4,20.848484848484848,42322.996614398915,1603.1438111514742,26.4,3.0690850970675347,49.82563377430466,18.8,22,4.414266613564236,0.7121212121212122,49.82563377430466,100.0,4.4,0.55,2.692975315913355,0.0,8,100.0,1.0,0.0,100.0,1.0,0.0,9.865694205950604,0.2,8.655515046045185,0.0,0.0,0.0,11.303667280290028,0.4,8.702962713968008,0.0,0.0,0.0,100.0,1.0,0.0,77.43570870819667,0.8,4.185324767293648
167,actuated,6,0,514.3515599145305,82.95992901847266,327329.09144902567,40916.13643112821,190.4,7.4375,44714.548871856954,1746.6620653069122,25.6,1.7581245215635424,35.0,11.2,19,2.9339163607514203,0.4375,35.0,80.0,3.8,0.475,0.0,0.0,8,80.0,1.0,0.0,60.0,0.8,0.0,0.0,0.2,0.0,0.0,0.0,0.0,0.0,0.0,0.0,0.0,0.0,0.0,60.0,0.8,0.0,80.0,1.0,0.0
168,actuated,6,6,413.3979121535084,59.05684459335834,914943.5584187778,114367.94480234722,45.0,2.027027027027027,44060.03415312563,1984.686223113767,22.2,2.723502034605453,8.362621459034472,5.2,8,1.9790512434024474,0.23423423423423423,8.362621459034472,28.082057989881832,1.5999999999999999,0.2,2.5351450151549173,0.0,8,28.082057989881832,0.6,1.4967664568302375,24.994236107302186,0.6,1.5041481590426193,0.0,0.0,0.0,0.0,0.0,0.0,0.0,0.0,0.0,2.3422784066747226,0.2,8.571264173742383,11.482399168417032,0.2,8.708981331624098,0.0,0.0,0.0
169,actuated,6,6,263.15201931797503,38.69882637029045,1200263.1520193184,150032.8940024148,70.2,3.8152173913043477,34862.29209411924,1894.6897877238719,18.4,3.410345579216343,8.25649820669895,5.6,10,2.8352242869661075,0.30434782608695654,8.25649820669895,29.86022206671123,2.0,0.25,2.088703186206426,0.0,8,25.469167882422425,0.8,3.6769910138649093,29.86022206671123,0.8,3.706534457073233,0.0,0.0,0.0,0.0,0.0,0.0,0.0,0.0,0.0,0.0,0.2,0.0,0.0,0.0,0.0,10.722595704457945,0.2,9.326100018713264
170,actuated,6,6,359.98656469013224,49.99813398474059,800359.9865646902,100044.99832058628,99.0,5.963855421686747,33117.065323247414,1995.0039351353867,16.6,3.0561020813381345,4.654512955565622,6.6,8,2.294878535964532,0.39759036144578314,4.654512955565622,15.583934156986743,1.5999999999999999,0.19999999999999998,3.207784382243555,0.0,8,5.395387813969137,0.6,5.0720715102356975,15.583934156986743,0.6,5.308769441984273,0.0,0.0,0.0,11.285506229160092,0.2,8.860922848247133,4.971275444409002,0.2,6.420511257481338,0.0,0.0,0.0,0.0,0.0,0.0,0.0,0.0,0.0
171,actuated,6,6,271.5775535513736,43.80283121796349,433927.13854947017,54240.89231868377,133.2,8.430379746835444,28812.83968501921,1823.5974484189373,15.8,2.660219658598924,16.509456666584583,8.2,7,2.2099286651294068,0.5189873417721519,16.509456666584583,100.0,1.4,0.175,0.6456123255314336,0.0,8,0.0,0.0,0.0,0.0,0.0,0.0,0.0,0.0,0.0,0.0,0.0,0.0,100.0,1.0,0.0,32.075653332676666,0.4,5.164898604251468,0.0,0.0,0.0,0.0,0.0,0.0
172,actuated,6,6,452.9158212201517,64.70226017430738,952279.674358657,119034.95929483212,175.0,10.057471264367816,33451.6200939557,1922.506901951477,17.4,3.3689856577026043,28.372241052038873,9.0,17,2.9239541794676343,0.5172413793103449,28.372241052038873,100.0,3.4,0.42500000000000004,3.2512739922502076,0.0,8,20.0,0.4,8.488620827905834,0.0,0.4,0.0,0.0,0.0,0.0,0.0,0.0,0.0,100.0,1.0,0.0,100.0,1.0,0.0,3.002890125230806,0.4,8.85286184437573,3.975038291080182,0.2,8.668709265720098
173,actuated,6,6,528.2740898582566,97.8285351589364,1142962.9082252174,142870.36352815217,224.6,11.946808510638299,31461.669080658357,1673.4930362052316,18.8,1.867527415646279,33.10172934735334,11.4,15,2.2564024788482797,0.6063829787234043,33.10172934735334,100.0,3.0,0.375,1.7199152216587872,0.0,8,0.0,0.0,0.0,11.28814303765921,0.2,8.858853016513219,53.52569174116752,0.6,4.9004687567570775,0.0,0.0,0.0,100.0,1.0,0.0,100.0,1.0,0.0,0.0,0.0,0.0,0.0,0.2,0.0
174,actuated,0,6,479.0166816616546,79.83611361027577,2000479.0166816614,250059.87708520767,49.6,2.7555555555555555,30642.100034018356,1702.3388907787976,18.0,1.4505269940724204,28.553470308050635,6.2,16,1.280539189878096,0.34444444444444444,28.553470308050635,80.0,3.2,0.4,1.0989053467521446,0.0,8,0.0,0.0,0.0,8.427762464405077,0.4,8.791242774017157,60.0,0.8,0.0,0.0,0.0,0.0,80.0,1.0,0.0,80.0,1.0,0.0,0.0,0.0,0.0,0.0,0.0,0.0
175,actuated,0,0,376.65576430465455,55.390553574213904,1200376.6557643046,150047.08197053807,44.0,2.588235294117647,33510.35406490954,1971.1972979358552,17.0,2.386117599199754,7.7422364330664095,5.4,8,1.8346186874557329,0.3176470588235294,7.7422364330664095,39.92081020461001,1.6,0.2,1.5283545159751846,0.0,8,0.0,0.0,0.0,0.0,0.0,0.0,0.0,0.0,0.0,0.0,0.0,0.0,21.709944115170856,0.6,1.5858094685303818,39.92081020461001,0.6,2.1758685241996973,0.0,0.0,0.0,0.3071371447504134,0.4,8.465158135071398
176,actuated,0,0,395.1844232385503,53.40330043764193,600395.1844232385,75049.39805290481,71.0,4.733333333333333,30105.210664104437,2007.0140442736292,15.0,3.9087910049300745,1.782351236311115,6.2,3,2.9954434361146394,0.41333333333333333,1.782351236311115,10.944674984309586,0.6000000000000001,0.07500000000000001,2.2605677306534253,0.0,8,0.0,0.0,0.0,0.0,0.0,0.0,0.0,0.0,0.0,10.944674984309586,0.2,9.136863373591375,0.0,0.0,0.0,3.3141349061793335,0.4,8.947678471636028,0.0,0.0,0.0,0.0,0.0,0.0
177,actuated,0,0,304.46152009091264,40.06072632775167,400304.46152009093,50038.05769001137,101.2,7.228571428571429,27917.043064499412,1994.074504607101,14.0,4.949261245455683,9.835238578035614,6.6,9,4.458308336888371,0.4714285714285714,9.835238578035614,40.0,2.0000000000000004,0.25,4.167599379595198,0.0,8,40.0,0.4,0.023176168410543756,23.97916625325479,0.8,6.657300683056023,10.493714783242467,0.2,9.529513815230727,0.0,0.0,0.0,1.4962559168611733,0.4,8.554921749886125,0.0,0.0,0.0,2.712771670926486,0.2,8.575882620178165,0.0,0.0,0.0
178,actuated,0,0,220.069717583709,30.565238553292918,36478.48174675352,4559.81021834419,132.4,10.030303030303031,23284.284223459024,1763.960926019623,13.2,4.984143274606077,4.77738709365866,6.8,4,5.037831447055753,0.5151515151515151,4.77738709365866,38.21909674926928,0.8,0.1,0.5134470846532546,0.0,8,0.0,0.2,0.0,0.0,0.0,0.0,0.0,0.0,0.0,0.0,0.0,0.0,0.0,0.0,0.0,0.0,0.0,0.0,0.0,0.2,0.0,38.21909674926928,0.4,4.107576677226037
179,actuated,0,0,584.9278689961286,88.62543469638312,1059364.4185110978,132420.55231388722,173.0,11.08974358974359,25687.30738949727,1646.6222685575171,15.6,4.726830915791731,26.55777606457093,9.8,12,5.291903060854117,0.6282051282051282,26.55777606457093,100.0,2.4,0.3,1.5146339382345018,0.0,8,50.15381632865001,0.6,5.102653604342338,62.308392187917434,0.8,7.014417901533676,0.0,0.0,0.0,0.0,0.0,0.0,0.0,0.0,0.0,0.0,0.0,0.0,0.0,0.0,0.0,100.0,1.0,0.0
180,actuated,0,0,570.2366720088465,79.19953777900646,800570.2366720091,100071.27958400114,224.0,12.173913043478262,33704.85869787755,1831.785798797693,18.4,3.9393482344993167,40.14842417410762,11.2,18,4.538645964045444,0.6086956521739131,40.14842417410762,100.0,3.6,0.44999999999999996,2.1871988616184854,0.0,8,100.0,1.0,0.0,100.0,1.0,0.0,9.824430807889257,0.4,8.697069087810814,0.0,0.0,0.0,11.362962584971683,0.2,8.800521805137071,0.0,0.0,0.0,0.0,0.0,0.0,100.0,1.0,0.0
181,actuated,0,0,429.07947771219085,59.59437190447095,23195.993339176704,2899.499167397088,282.2,14.252525252525253,34773.11371922114,1756.2178646071284,19.8,3.4689305110133297,37.5,12.8,15,4.245182631601914,0.6464646464646465,37.5,100.0,3.0,0.375,0.0,0.0,8,100.0,1.0,0.0,100.0,1.0,0.0,0.0,0.0,0.0,0.0,0.0,0.0,0.0,0.0,0.0,0.0,0.0,0.0,0.0,0.0,0.0,100.0,1.0,0.0
182,actuated,4,0,487.8208243793418,69.68868919704883,424970.6360382126,53121.32950477657,203.0,9.666666666666666,36391.98705421749,1732.951764486547,21.0,3.318874852261719,37.091623696009606,10.6,19,4.014322328755088,0.5047619047619047,37.091623696009606,100.0,3.8,0.47500000000000003,2.538170581356669,0.0,8,100.0,1.0,0.0,100.0,1.0,0.0,0.0,0.0,0.0,0.0,0.0,0.0,2.0134494814033133,0.4,8.883481400273741,10.682184401728136,0.2,9.36138117816261,24.037355684945396,0.4,2.060502072417003,60.0,0.8,0.0
183,actuated,4,4,306.48188146508534,51.080313577514225,1107795.1278882762,138474.39098603453,241.0,11.699029126213592,35853.56410738712,1740.4642770576272,20.6,2.0291339042261454,26.541014138867638,12.2,13,1.9199730813233506,0.5922330097087378,26.541014138867638,100.0,2.6,0.325,0.9603438084471709,0.0,8,100.0,1.0,0.0,100.0,1.0,0.0,0.0,0.0,0.0,0.0,0.0,0.0,0.0,0.0,0.0,0.0,0.0,0.0,12.328113110941104,0.6,7.6827504675773675,0.0,0.0,0.0
184,actuated,4,4,242.81123759404264,40.46853959900711,2000242.8112375936,250030.3514046992,301.6,14.640776699029127,36959.617726791075,1794.1562003296638,20.6,2.479188046665894,25.114341603586467,13.0,12,1.9197912325301165,0.6310679611650486,25.114341603586467,100.0,2.4,0.3,1.0586373925209047,0.0,8,100.0,1.0,0.0,100.0,1.0,0.0,0.0,0.0,0.0,0.0,0.0,0.0,0.0,0.0,0.0,0.0,0.0,0.0,0.0,0.0,0.0,0.91473282869174,0.4,8.469099140167238
185,actuated,4,4,826.1092787478474,111.63638901997938,9640.708951921182,1205.0886189901478,366.6,17.29245283018868,37105.96691047396,1750.2814580412244,21.2,2.9113509491785594,28.9983884480597,13.6,14,2.671439379650454,0.6415094339622641,28.9983884480597,100.0,2.8000000000000003,0.35,3.325181108198641,0.0,8,100.0,1.0,0.0,100.0,1.0,0.0,11.493254175170478,0.2,8.700755980498162,10.991907448155871,0.2,9.097602074222081,0.0,0.0,0.0,9.50194596115125,0.4,8.803090810868886,0.0,0.0,0.0,0.0,0.0,0.0
186,actuated,4,4,710.152992377716,114.54080522221226,874889.198907325,109361.14986341563,439.2,19.095652173913045,38590.15840084599,1677.8329739498256,23.0,2.322411573083047,25.417202609048672,15.8,12,2.860738279504284,0.6869565217391305,25.417202609048672,100.0,2.4,0.3,1.0495649503311142,0.0,8,100.0,1.0,0.0,100.0,1.0,0.0,0.0,0.0,0.0,0.0,0.0,0.0,0.0,0.0,0.0,0.0,0.0,0.0,3.3376208723893797,0.4,8.396519602648914,0.0,0.0,0.0
187,actuated,4,4,570.156832269311,91.96077939827597,1364947.4482514919,170618.43103143648,519.8,22.405172413793103,38363.208645511666,1653.5865795479167,23.2,2.7344496905063296,26.981826845973274,16.8,13,4.112805812615821,0.7241379310344828,26.981826845973274,100.0,2.6,0.325,1.8823078931593158,0.0,8,100.0,1.0,0.0,100.0,1.0,0.0,0.0,0.0,0.0,0.0,0.0,0.0,5.7171406964653215,0.2,6.528776891570396,0.0,0.0,0.0,0.0,0.0,0.0,10.137474071320867,0.4,8.52968625370413
188,actuated,4,4,582.0691186343195,100.35674459212404,1504857.3040828924,188107.16301036155,610.0,23.828125,42211.28881908246,1648.8784694954086,25.6,2.815845667988916,39.27162590001785,20.0,16,4.363811043374217,0.78125,39.27162590001785,100.0,3.2,0.4,0.5734069084380149,0.0,8,100.0,1.0,0.0,100.0,1.0,0.0,0.0,0.0,0.0,0.0,0.0,0.0,100.0,1.0,0.0,14.17300720014282,0.2,4.587255267504119,0.0,0.0,0.0,0.0,0.0,0.0
189,actuated,4,4,1077.8892487689536,138.19092932935303,201077.88924876897,25134.73615609612,707.4,24.226027397260275,50790.07122301479,1739.3860007881779,29.2,2.8658719213272033,50.527204331208395,20.4,22,4.063666783715312,0.6986301369863014,50.527204331208395,100.0,4.4,0.55,1.1304785513086244,0.0,8,100.0,1.0,0.0,100.0,1.0,0.0,0.0,0.0,0.0,0.0,0.0,0.0,100.0,1.0,0.0,100.0,1.0,0.0,4.217634649667161,0.4,9.043828410468995,0.0,0.0,0.0
190,actuated,4,4,687.9208526231985,85.99010657789981,687.9208526231985,85.99010657789981,812.0,28.0,50228.455370742544,1732.015702439398,29.0,2.085999256953806,50.99340008792865,21.0,22,1.6634050718590598,0.7241379310344828,50.99340008792865,100.0,4.4,0.55,1.1006931900279595,0.0,8,100.0,1.0,0.0,100.0,1.0,0.0,0.0,0.0,0.0,7.947200703429189,0.4,8.805545520223676,100.0,1.0,0.0,100.0,1.0,0.0,0.0,0.0,0.0,0.0,0.0,0.0
191,actuated,4,4,540.3935560835198,122.81671729170904,456346.80053685996,57043.350067107494,924.6,30.82,45491.508762959704,1516.3836254319901,30.0,2.090567979116482,58.086295819418865,24.8,26,2.992918865961635,0.8266666666666667,58.086295819418865,100.0,5.2,0.6499999999999999,1.9586383999701904,0.0,8,100.0,1.0,0.0,100.0,1.0,0.0,62.567797772985614,0.8,6.993835041600721,0.0,0.0,0.0,100.0,1.0,0.0,100.0,1.0,0.0,2.122568782365306,0.4,8.675272158160803,0.0,0.0,0.0
192,actuated,4,4,1034.534546640343,215.52803055007146,3259748.351580185,407468.5439475231,1057.0,33.66242038216561,50583.12312870348,1610.9274881752701,31.4,2.8510100369772933,63.129746477599724,27.6,27,4.91307400498129,0.8789808917197452,63.129746477599724,100.0,5.4,0.675,1.0532833729055708,0.0,8,100.0,1.0,0.0,100.0,1.0,0.0,100.0,1.0,0.0,0.0,0.0,0.0,100.0,1.0,0.0,100.0,1.0,0.0,0.0,0.0,0.0,5.037971820797793,0.4,8.426266983244567
193,actuated,4,4,1118.0770382528215,169.40561185648812,1006204.0728603977,125775.50910754972,1192.2,35.27218934911242,54884.172486458716,1623.792085398187,33.8,1.905697544221831,62.5,27.8,25,4.014701428803924,0.8224852071005917,62.5,100.0,5.0,0.625,0.0,0.0,8,100.0,1.0,0.0,100.0,1.0,0.0,100.0,1.0,0.0,0.0,0.0,0.0,100.0,1.0,0.0,100.0,1.0,0.0,0.0,0.0,0.0,0.0,0.0,0.0
194,actuated,4,4,894.8191207759501,124.28043344110418,20474.81269970833,2559.3515874635414,1331.6,36.582417582417584,61005.12075233217,1675.9648558333015,36.4,1.445709295330247,62.5,28.8,25,1.2301691666762937,0.7912087912087912,62.5,100.0,5.0,0.625,0.0,0.0,8,100.0,1.0,0.0,100.0,1.0,0.0,100.0,1.0,0.0,0.0,0.0,0.0,100.0,1.0,0.0,100.0,1.0,0.0,0.0,0.0,0.0,0.0,0.0,0.0
195,actuated,4,4,929.58398431518,136.70352710517355,12619.622965606468,1577.4528707008085,1477.2,39.49732620320856,58534.78164303377,1565.101113450101,37.4,3.0459402511144904,67.69783086939128,30.2,28,4.494933244755414,0.8074866310160428,67.69783086939128,100.0,5.6,0.7,0.9463985726409688,0.0,8,100.0,1.0,0.0,100.0,1.0,0.0,100.0,1.0,0.0,41.58264695513026,0.6,7.571188581127751,100.0,1.0,0.0,100.0,1.0,0.0,0.0,0.0,0.0,0.0,0.0,0.0
196,actuated,4,4,797.3969629451927,181.2265824875438,3897301.4934828384,487162.6866853548,1641.0,41.86224489795919,63417.367350368484,1617.7899834277673,39.2,1.8956093397791824,75.66221912636479,34.6,34,3.7754523561614244,0.8826530612244898,75.66221912636479,100.0,6.8,0.85,1.0569384892522353,0.0,8,100.0,1.0,0.0,100.0,1.0,0.0,100.0,1.0,0.0,100.0,1.0,0.0,100.0,1.0,0.0,100.0,1.0,0.0,5.2977530109183135,0.8,8.455507914017883,0.0,0.0,0.0
197,actuated,4,4,1327.8515550700342,228.93992328793695,1804009.0232616663,225501.1279077083,1812.2,43.98543689320388,64366.73408014036,1562.2993708771933,41.2,0.8383670576781526,75.0,35.4,30,1.261767548476605,0.8592233009708737,75.0,100.0,6.0,0.75,0.0,0.0,8,100.0,1.0,0.0,100.0,1.0,0.0,100.0,1.0,0.0,100.0,1.0,0.0,100.0,1.0,0.0,100.0,1.0,0.0,0.0,0.0,0.0,0.0,0.0,0.0
198,actuated,4,4,1010.7285759065431,174.26354757009366,1149661.6043292673,143707.7005411584,1992.8,45.085972850678736,70307.98309885841,1590.6783506529055,44.2,0.8305556488573892,75.0,37.4,30,1.055129515469685,0.8461538461538461,75.0,100.0,6.0,0.75,0.0,0.0,8,100.0,1.0,0.0,100.0,1.0,0.0,100.0,1.0,0.0,100.0,1.0,0.0,100.0,1.0,0.0,100.0,1.0,0.0,0.0,0.0,0.0,0.0,0.0,0.0
199,actuated,0,4,1044.2306192674314,153.56332636285757,1848848.295577423,231106.03694717787,1485.4,35.199052132701425,71917.24968289437,1704.2002294524732,42.2,1.6664160496809532,56.4181104959971,27.0,27,1.808104740130106,0.6398104265402843,56.4181104959971,100.0,5.3999999999999995,0.675,1.1018182323665684,0.0,8,100.0,1.0,0.0,100.0,1.0,0.0,60.0,0.8,0.0,60.0,0.8,0.0,60.0,0.8,0.0,60.0,0.8,0.0,0.0,0.0,0.0,11.344883967976784,0.2,8.814545858932547
200,actuated,0,0,840.6008922989565,113.59471517553466,38183.66879472845,4772.9585993410565,1359.8,35.973544973544975,66544.22672763045,1760.429278508742,37.8,2.2596112989494523,40.24359336019529,20.4,23,1.4468126158732113,0.5396825396825397,40.24359336019529,100.0,4.6000000000000005,0.575,2.0441166004775093,0.0,8,100.0,1.0,0.0,100.0,1.0,0.0,24.84206868885849,0.6,1.9388539486219132,29.73178386249856,0.6,1.8054502771347607,33.90044287119508,0.6,2.1552260908013117,28.265409084169733,0.6,1.9662158249681185,5.209042374840465,0.2,8.48718666229397,0.0,0.0,0.0
201,actuated,0,0,826.7940878968432,133.3538851446521,31609.543492761004,3951.1929365951255,1466.6,43.3905325443787,56541.865753054815,1672.8362648832785,33.8,3.2797774531887542,33.45298217275456,22.8,23,3.9560975575504838,0.6745562130177515,33.45298217275456,100.0,4.6000000000000005,0.575,2.603018500062931,0.0,8,100.0,1.0,0.0,100.0,1.0,0.0,9.628469994722764,0.4,3.7170384676781443,0.0,0.0,0.0,23.436048081193803,0.8,4.253191498629225,25.3166945484827,0.8,4.012249673329471,0.0,0.2,0.0,9.242644757637208,0.4,8.841668360866608
202,actuated,0,0,388.2881341346582,80.8933612780538,3056869.117862847,382108.6397328559,1587.0,50.221518987341774,49409.03093589633,1563.5769283511497,31.6,3.396814444762723,27.164237761379013,25.4,12,5.054453929359469,0.8037974683544303,27.164237761379013,100.0,2.4,0.3,0.6733638687782934,0.0,8,100.0,1.0,0.0,100.0,1.0,0.0,0.0,0.0,0.0,0.0,0.0,0.0,0.0,0.0,0.0,17.313902091032105,0.4,5.386910950226347,0.0,0.0,0.0,0.0,0.0,0.0
203,actuated,0,0,502.4777070833079,83.74628451388465,4417877.068962527,552234.6336203159,1723.0,50.976331360946745,55198.13920906554,1633.0810416883296,33.8,3.02482601302785,26.407091928315936,28.6,11,4.3083351091359425,0.8461538461538461,26.407091928315936,100.0,2.2,0.275,1.1104462818360867,0.0,8,100.0,1.0,0.0,100.0,1.0,0.0,0.0,0.0,0.0,0.0,0.0,0.0,11.256735426527484,0.2,8.883570254688694,0.0,0.0,0.0,0.0,0.0,0.0,0.0,0.0,0.0
204,actuated,5,0,903.1052676012636,118.82964047385047,1490.2278544181324,186.27848180226655,1009.2,27.87845303867403,60599.286503406765,1674.0134393206288,36.2,3.1075778112128987,25.45643805504085,22.2,14,4.273215638656436,0.6132596685082873,25.45643805504085,80.0,2.8000000000000003,0.35,1.8125371485858035,0.0,8,80.0,1.0,0.0,60.0,0.8,0.0,0.0,0.0,0.0,0.0,0.0,0.0,0.0,0.0,0.0,62.03597579993584,0.8,7.225294979922665,0.0,0.0,0.0,1.6155286403909486,0.2,7.2750022087637625
205,actuated,5,5,478.0797536736062,59.759969209200776,478.0797536736062,59.759969209200776,293.6,8.843373493975903,59988.09236430251,1806.8702519368226,33.2,3.7903120086698108,35.064151302145774,14.8,18,4.2231509794106055,0.4457831325301205,35.064151302145774,100.0,3.6,0.45,2.6641603680292896,0.0,8,33.601892804895215,0.6,1.8811297233850204,30.840833230768112,0.6,1.8853950303998146,11.157498340958227,0.2,8.962582556065325,0.0,0.0,0.0,0.0,0.0,0.0,100.0,1.0,0.0,4.912986040544638,0.2,8.584175634384158,100.0,1.0,0.0
206,actuated,5,5,319.3511142905767,44.35432142924676,204478.32412488636,25559.790515610795,127.4,4.163398692810458,56529.77047436663,1847.378120077341,30.6,2.1542530772697366,20.372461683797383,9.4,17,1.0584356294642667,0.30718954248366015,20.372461683797383,100.0,3.4,0.425,2.924532674186941,0.0,8,20.663539601896446,0.6,4.182990940765907,21.13157052389397,0.8,4.019979184888346,0.0,0.0,0.0,0.0,0.0,0.0,20.06917810252162,0.4,7.679014406143608,100.0,1.0,0.0,0.0,0.2,0.0,1.1154052420670268,0.4,7.514276861697665
207,actuated,5,5,460.87466701035765,100.19014500225167,693203.8502825715,86650.48128532144,165.0,5.851063829787234,51158.33602930613,1814.1253911101464,28.2,1.855483458580838,42.59746826923276,12.8,25,2.0012574804114847,0.45390070921985815,42.59746826923276,100.0,5.0,0.625,2.457042238037123,0.0,8,18.924722965730325,0.8,5.977413347524437,21.073901425438635,0.8,5.431489196370674,0.7811217626931466,0.4,8.24743536040187,0.0,0.0,0.0,100.0,1.0,0.0,100.0,1.0,0.0,0.0,0.0,0.0,100.0,1.0,0.0
208,actuated,5,5,823.7056650904121,147.09029733757362,2094491.8156049892,261811.47695062365,234.0,8.796992481203008,51136.97900717899,1922.4428198187588,26.6,2.4429422712784556,43.584503595152455,14.8,20,2.9118159280352764,0.556390977443609,43.584503595152455,100.0,4.0,0.5,1.796513756321997,0.0,8,21.133261796449005,0.6,7.0948002934062915,27.542766964770635,0.4,7.277309757169686,0.0,0.0,0.0,0.0,0.0,0.0,100.0,1.0,0.0,100.0,1.0,0.0,0.0,0.0,0.0,100.0,1.0,0.0
209,actuated,5,5,524.6742186467009,77.15797333039718,1000829.8273465628,125103.72841832034,304.2,12.570247933884298,44805.275251858664,1851.457655035482,24.2,2.3982515093089947,40.79002950861479,14.6,23,2.6871473246931554,0.6033057851239669,40.79002950861479,100.0,4.6,0.575,3.1373786037323796,0.0,8,4.985851898359215,0.6,7.971587583838087,10.006158154983495,0.8,8.299933756101,0.0,0.0,0.0,11.328226015575638,0.2,8.827507489919952,100.0,1.0,0.0,100.0,1.0,0.0,0.0,0.0,0.0,100.0,1.0,0.0
210,actuated,5,5,596.0747610873759,99.34579351456266,1428008.738857566,178501.09235719574,378.0,15.365853658536585,44094.444779203775,1792.457104845682,24.6,1.7687580450384004,37.781516029374416,15.6,17,1.8575262248808182,0.6341463414634146,37.781516029374416,100.0,3.4,0.425,1.054342718364205,0.0,8,0.0,0.0,0.0,2.2521282349953253,0.4,8.43474174691364,0.0,0.0,0.0,0.0,0.0,0.0,100.0,1.0,0.0,100.0,1.0,0.0,0.0,0.0,0.0,100.0,1.0,0.0
211,actuated,5,5,876.7639786225731,125.25199694608186,603928.4439261009,75491.0554907626,456.6,17.295454545454547,43584.80908293919,1650.9397379901206,26.4,1.8525204146973304,46.913447924366665,17.4,21,2.055390460486783,0.6590909090909091,46.913447924366665,100.0,4.2,0.525,1.8044689732871408,0.0,8,0.0,0.0,0.0,10.492778502630244,0.4,8.184525038301944,0.0,0.0,0.0,0.0,0.0,0.0,100.0,1.0,0.0,100.0,1.0,0.0,64.81480489230307,0.8,6.251226747995183,100.0,1.0,0.0
212,actuated,5,5,1042.8971925588319,133.7047682767733,201042.89719255883,25130.362149069853,549.0,20.333333333333332,46205.773172086054,1711.3249322994834,27.0,2.37684180643152,50.43733467661639,19.0,22,2.6119161143695613,0.7037037037037037,50.43733467661639,100.0,4.4,0.55,1.0028087373124435,0.0,8,3.4986774129311016,0.4,8.022469898499548,0.0,0.0,0.0,0.0,0.0,0.0,0.0,0.0,0.0,100.0,1.0,0.0,100.0,1.0,0.0,100.0,1.0,0.0,100.0,1.0,0.0
213,actuated,5,5,697.237443140225,108.94335049066015,1439867.3463499479,179983.41829374348,647.0,22.622377622377623,49922.585294660894,1745.5449403727584,28.6,2.3005392014022403,52.92767179295879,20.8,22,3.092978453855778,0.7272727272727273,52.92767179295879,100.0,4.4,0.55,1.7666589526886907,0.0,8,0.0,0.0,0.0,11.138717442900088,0.2,8.977694291342388,12.282656900770235,0.2,5.155577330167137,0.0,0.0,0.0,100.0,1.0,0.0,100.0,1.0,0.0,100.0,1.0,0.0,100.0,1.0,0.0
214,actuated,5,5,678.0030230925155,113.00050384875259,691952.8209857871,86494.10262322339,751.6,25.917241379310344,45263.444552012705,1560.8084328280245,29.0,1.7518655436886128,63.365879810032766,22.4,27,2.519375020333665,0.7724137931034483,63.365879810032766,100.0,5.4,0.675,1.083458790939767,0.0,8,0.0,0.0,0.0,0.0,0.0,0.0,100.0,1.0,0.0,6.9270384802621265,0.4,8.667670327518136,100.0,1.0,0.0,100.0,1.0,0.0,100.0,1.0,0.0,100.0,1.0,0.0
215,actuated,5,5,401.3295672966369,95.55465888015165,3819220.18951929,477402.52368991124,872.0,29.45945945945946,49039.28307831978,1656.7325364297221,29.6,2.788433761592517,62.938043460236486,25.2,26,4.682875776816006,0.8513513513513513,62.938043460236486,100.0,5.2,0.65,1.1071363458177075,0.0,8,3.504347681891886,0.2,8.85709076654166,0.0,0.0,0.0,100.0,1.0,0.0,0.0,0.0,0.0,100.0,1.0,0.0,100.0,1.0,0.0,100.0,1.0,0.0,100.0,1.0,0.0
216,actuated,5,5,751.0099220045038,163.26302652271823,3400751.0099220052,425093.87624025065,999.2,31.225,51320.32087380925,1603.760027306539,32.0,1.6888175653094049,63.06294890675417,26.4,28,3.3597162738149606,0.825,63.06294890675417,100.0,5.6,0.7,1.0387110931188805,0.0,8,4.503591254033381,0.6,8.309688744951044,0.0,0.0,0.0,100.0,1.0,0.0,0.0,0.0,0.0,100.0,1.0,0.0,100.0,1.0,0.0,100.0,1.0,0.0,100.0,1.0,0.0
217,actuated,5,5,1104.3327051786432,178.11817825461986,1601359.3308722635,200169.91635903294,1133.0,33.12865497076023,56692.405084137084,1657.672663278862,34.2,1.4726737268564023,62.5,28.0,25,2.980596109597106,0.8187134502923976,62.5,100.0,5.0,0.625,0.0,0.0,8,0.0,0.0,0.0,0.0,0.0,0.0,100.0,1.0,0.0,0.0,0.0,0.0,100.0,1.0,0.0,100.0,1.0,0.0,100.0,1.0,0.0,100.0,1.0,0.0
218,actuated,5,5,839.5545866858631,123.46390980674458,230342.40438208837,28792.800547761046,1271.2,34.92307692307692,60826.08974908291,1671.046421678102,36.4,1.5164569460650343,62.5,28.6,25,1.5629748392702665,0.7857142857142857,62.5,100.0,5.0,0.625,0.0,0.0,8,0.0,0.0,0.0,0.0,0.0,0.0,100.0,1.0,0.0,0.0,0.0,0.0,100.0,1.0,0.0,100.0,1.0,0.0,100.0,1.0,0.0,100.0,1.0,0.0
219,actuated,5,5,785.393940285459,126.67644198152566,1972768.0791841869,246596.00989802336,1416.8,37.88235294117647,59571.6233634879,1592.8241541039545,37.4,2.0257458245772226,74.29811613008837,29.8,32,2.454551478938514,0.7967914438502673,74.29811613008837,100.0,6.4,0.8,1.9396821169412624,0.0,8,11.829379891346434,0.4,8.441536896582694,0.0,0.0,0.0,100.0,1.0,0.0,82.55554914936056,1.0,7.075920038947405,100.0,1.0,0.0,100.0,1.0,0.0,100.0,1.0,0.0,100.0,1.0,0.0
220,actuated,5,5,824.7885904029401,179.30186747890005,1597306.1197537598,199663.26496921998,1576.2,40.20918367346939,61120.622788804445,1559.199560938889,39.2,1.502693302724048,77.77929207383806,34.2,32,2.6662694735886854,0.8724489795918368,77.77929207383806,100.0,6.4,0.8,2.2490646839498263,0.0,8,11.243536442439108,0.2,8.89399883319154,10.990800148265407,0.2,9.09851863840707,100.0,1.0,0.0,100.0,1.0,0.0,100.0,1.0,0.0,100.0,1.0,0.0,100.0,1.0,0.0,100.0,1.0,0.0
221,actuated,1,5,827.0832497426527,196.92458327206015,1622625.7089211731,202828.21361514664,1267.6,31.376237623762375,64910.01116824808,1606.683444758616,40.4,0.33982285611361984,67.5,31.4,29,0.3816949543383086,0.7772277227722773,67.5,100.0,5.8,0.725,0.0,0.0,8,0.0,0.0,0.0,0.0,0.0,0.0,100.0,1.0,0.0,100.0,1.0,0.0,60.0,0.8,0.0,80.0,1.0,0.0,100.0,1.0,0.0,100.0,1.0,0.0
222,actuated,1,1,1079.7259366734456,168.70717760522587,1601079.725936674,200134.96574208426,1063.4,25.93658536585366,71518.03136009592,1744.3422282950226,41.0,0.9283096307758892,58.74147947317795,25.2,26,0.7984998679842723,0.6146341463414634,58.74147947317795,100.0,5.2,0.65,0.48113884173125665,0.0,8,0.0,0.0,0.0,0.0,0.0,0.0,100.0,1.0,0.0,100.0,1.0,0.0,31.501390074176925,0.6,1.617877904030211,38.43044571124665,0.6,2.2312328298198425,100.0,1.0,0.0,100.0,1.0,0.0
223,actuated,1,1,809.6304144647095,122.67127491889538,73577.83171841937,9197.228964802422,1163.4,29.231155778894472,68570.69620446576,1722.8818141825566,39.8,1.4441914872384687,59.98075026284141,24.2,29,1.3871910923658088,0.6080402010050251,59.98075026284141,100.0,5.8,0.725,0.9360128819923595,0.0,8,0.0,0.0,0.0,0.0,0.0,0.0,100.0,1.0,0.0,100.0,1.0,0.0,46.93968258122368,1.0,3.581414165797363,32.90631952150761,0.8,3.9066888901415133,100.0,1.0,0.0,100.0,1.0,0.0
224,actuated,1,1,201.2955184062061,40.25910368124122,2643056.978618799,330382.12232734985,1290.0,34.67741935483871,64662.58112170962,1738.2414280029466,37.2,2.0147935530782486,55.54877040110341,26.2,28,2.049740307713242,0.7043010752688172,55.54877040110341,100.0,5.6,0.7,2.423248341627245,0.0,8,0.0,0.0,0.0,11.843781206621316,0.2,8.443249521030884,100.0,1.0,0.0,100.0,1.0,0.0,20.604658929069046,0.8,5.486682104674746,11.941723073136927,0.6,5.456055107312327,100.0,1.0,0.0,100.0,1.0,0.0
225,actuated,1,1,992.4532428796698,150.37170346661665,606339.2498167919,75792.40622709898,1423.2,38.885245901639344,60847.49007197407,1662.4997287424608,36.6,1.7010073089914222,57.65533971541515,28.0,27,1.7704987806599903,0.7650273224043715,57.65533971541515,100.0,5.4,0.675,2.3699662589103965,0.0,8,21.242975463892435,0.4,7.349258589160989,13.425301039383157,0.2,4.800342355933182,100.0,1.0,0.0,100.0,1.0,0.0,0.0,0.2,0.0,26.574441220045628,0.6,6.8101291261890005,100.0,1.0,0.0,100.0,1.0,0.0
226,actuated,1,1,1004.3031870266235,167.38386450443724,2003874.602054214,250484.32525677676,1565.2,42.53260869565217,59535.99720975504,1617.8260111346478,36.8,1.7921189158861268,75.0,29.6,30,2.9174935623106943,0.8043478260869565,75.0,100.0,6.0,0.75,0.0,0.0,8,100.0,1.0,0.0,100.0,1.0,0.0,100.0,1.0,0.0,100.0,1.0,0.0,0.0,0.0,0.0,0.0,0.0,0.0,100.0,1.0,0.0,100.0,1.0,0.0
227,actuated,1,1,593.6069809559334,106.00124659927383,1975212.5788149447,246901.5723518681,1719.2,46.215053763440864,59535.15664521168,1600.4074366992388,37.2,3.0273300319348766,75.32782146772149,31.8,32,4.717531532450095,0.8548387096774194,75.32782146772149,100.0,6.4,0.8,1.0782344194129108,0.0,8,100.0,1.0,0.0,100.0,1.0,0.0,100.0,1.0,0.0,100.0,1.0,0.0,2.622571741771935,0.4,8.625875355303286,0.0,0.0,0.0,100.0,1.0,0.0,100.0,1.0,0.0
228,actuated,1,1,800.4301747386147,153.9288797574259,1662386.326143662,207798.29076795775,1881.6,48.246153846153845,62326.59673326912,1598.1178649556184,39.0,1.9702405122167221,76.14587783377544,33.8,32,3.8862716234518246,0.8666666666666667,76.14587783377544,100.0,6.4,0.8,1.0631798111251556,0.0,8,100.0,1.0,0.0,100.0,1.0,0.0,100.0,1.0,0.0,100.0,1.0,0.0,9.16702267020355,0.4,8.505438489001245,0.0,0.0,0.0,100.0,1.0,0.0,100.0,1.0,0.0
229,actuated,1,1,430.090536162087,102.40250861002072,4029028.32693676,503628.540867095,2052.4,52.62564102564102,60833.813653254394,1559.8413757244716,39.0,2.516760525799559,75.0,34.8,30,4.530528633935505,0.8923076923076924,75.0,100.0,6.0,0.75,0.0,0.0,8,100.0,1.0,0.0,100.0,1.0,0.0,100.0,1.0,0.0,100.0,1.0,0.0,0.0,0.0,0.0,0.0,0.0,0.0,100.0,1.0,0.0,100.0,1.0,0.0
230,actuated,1,1,198.7910388433716,52.31343127457148,4200198.791038844,525024.8488798555,2231.0,54.150485436893206,66343.88190370463,1610.2883957209865,41.2,1.6782083627884217,75.3164690521811,36.8,31,3.202921164687799,0.8932038834951457,75.3164690521811,100.0,6.2,0.775,1.0632695260690523,0.0,8,100.0,1.0,0.0,100.0,1.0,0.0,100.0,1.0,0.0,100.0,1.0,0.0,2.5317524174488426,0.2,8.506156208552419,0.0,0.0,0.0,100.0,1.0,0.0,100.0,1.0,0.0
231,actuated,1,1,776.5172138005211,184.88505090488596,2714601.010969159,339325.1263711449,2413.4,56.38785046728972,67284.3176453406,1572.0634963864627,42.8,1.0159083293499738,75.0,37.4,31,1.6170632919216925,0.8738317757009346,75.0,100.0,6.2,0.775,0.0,0.0,8,100.0,1.0,0.0,100.0,1.0,0.0,100.0,1.0,0.0,100.0,1.0,0.0,0.0,0.2,0.0,0.0,0.0,0.0,100.0,1.0,0.0,100.0,1.0,0.0
232,actuated,1,1,1262.5661030727015,203.6396940439841,1571549.8076597417,196443.72595746772,2603.6,56.11206896551724,74717.30494413147,1610.286744485592,46.4,1.7556009849830663,75.0,39.4,30,2.576718370619798,0.8491379310344828,75.0,100.0,6.0,0.75,0.0,0.0,8,100.0,1.0,0.0,100.0,1.0,0.0,100.0,1.0,0.0,100.0,1.0,0.0,0.0,0.0,0.0,0.0,0.0,0.0,100.0,1.0,0.0,100.0,1.0,0.0
233,actuated,1,1,1128.0056957807344,170.9099539061719,669060.309686205,83632.53871077563,2800.0,57.61316872427984,79567.83759294772,1637.1983043816404,48.6,2.0286172690624333,75.51652118467644,40.2,34,3.272335209622399,0.8271604938271605,75.51652118467644,100.0,6.800000000000001,0.85,2.1137830903287975,0.0,8,100.0,1.0,0.0,100.0,1.0,0.0,100.0,1.0,0.0,100.0,1.0,0.0,1.3126171017302113,0.4,8.545432026032357,2.819552375681269,0.4,8.364832696598022,100.0,1.0,0.0,100.0,1.0,0.0
234,actuated,1,1,713.3006694840276,132.0927165711162,1785409.6098169312,223176.2012271164,3005.8,62.103305785123965,75534.92009472448,1560.6388449323242,48.4,1.2723699802666433,75.0,42.6,30,2.303822088628348,0.8801652892561983,75.0,100.0,6.0,0.75,0.0,0.0,8,100.0,1.0,0.0,100.0,1.0,0.0,100.0,1.0,0.0,100.0,1.0,0.0,0.0,0.0,0.0,0.0,0.0,0.0,100.0,1.0,0.0,100.0,1.0,0.0
235,actuated,1,1,530.0246030172393,155.88958912271744,3628200.2168769045,453525.02710961306,3228.2,64.82329317269077,77918.79038562032,1564.6343450927775,49.8,2.5142924268807954,75.0,46.0,30,4.694119704049115,0.9236947791164659,75.0,100.0,6.0,0.75,0.0,0.0,8,100.0,1.0,0.0,100.0,1.0,0.0,100.0,1.0,0.0,100.0,1.0,0.0,0.0,0.0,0.0,0.0,0.0,0.0,100.0,1.0,0.0,100.0,1.0,0.0
236,actuated,1,1,957.7557761266656,191.55115522533313,2215508.5163244987,276938.56454056234,3458.2,66.50384615384615,81533.33165202627,1567.9486856158899,52.0,2.7347811810827665,77.86377685765444,46.4,32,4.7527403572204046,0.8923076923076924,77.86377685765444,100.0,6.4,0.8,1.0932960210271232,0.0,8,100.0,1.0,0.0,100.0,1.0,0.0,100.0,1.0,0.0,100.0,1.0,0.0,22.910214861235545,0.4,8.746368168216986,0.0,0.0,0.0,100.0,1.0,0.0,100.0,1.0,0.0
237,actuated,1,1,562.8574627857834,165.54631258405394,2970477.5926768715,371309.69908460893,3697.6,68.72862453531599,83025.45277605916,1543.22402929478,53.8,0.6461293702534773,75.0,49.8,30,2.167026990634334,0.9256505576208178,75.0,100.0,6.0,0.75,0.0,0.0,8,100.0,1.0,0.0,100.0,1.0,0.0,100.0,1.0,0.0,100.0,1.0,0.0,0.0,0.0,0.0,0.0,0.0,0.0,100.0,1.0,0.0,100.0,1.0,0.0
238,actuated,4,1,1197.2685229609094,230.2439467232518,1889109.5716127928,236138.6964515991,3014.2,54.803636363636365,87019.83499475065,1582.1788180863755,55.0,0.6465896489551011,65.0,45.4,28,1.1196105861030992,0.8254545454545454,65.0,100.0,5.6,0.7,0.0,0.0,8,100.0,1.0,0.0,100.0,1.0,0.0,100.0,1.0,0.0,100.0,1.0,0.0,0.0,0.0,0.0,0.0,0.0,0.0,60.0,0.8,0.0,60.0,0.8,0.0
239,actuated,4,4,678.2836791120665,121.12208555572616,1484885.1203893793,185610.64004867242,2363.0,42.96363636363636,90675.83232847412,1648.6514968813476,55.0,0.9873633868786017,56.2019325994288,40.2,26,1.3028458419348068,0.730909090909091,56.2019325994288,100.0,5.199999999999999,0.65,0.45907799600188015,0.0,8,100.0,1.0,0.0,100.0,1.0,0.0,100.0,1.0,0.0,100.0,1.0,0.0,0.0,0.0,0.0,0.0,0.0,0.0,28.84172214080536,0.6,2.002073724105576,20.77373865462505,0.6,1.670550243909465
240,actuated,4,4,750.8140582086835,134.07393896583633,1820603.281487848,227575.410185981,2154.2,39.89259259259259,94125.36499059187,1743.0623146405903,54.0,1.4834824293337303,60.10117529531328,34.2,31,1.752705935398883,0.6333333333333333,60.10117529531328,100.0,6.2,0.775,2.0494806566932744,0.0,8,100.0,1.0,0.0,100.0,1.0,0.0,100.0,1.0,0.0,100.0,1.0,0.0,0.0,0.0,0.0,11.077407088914697,0.4,8.79909987496212,28.618904539816867,1.0,3.6161294605744927,41.1130907337747,0.8,3.9806159180095824
241,actuated,4,4,822.4543295050032,146.86684455446488,2004263.805030726,250532.97562884074,2290.2,44.73046875,89772.25917873518,1753.3644370846716,51.2,1.5892871951429421,56.52308283845855,33.2,28,1.853659698538608,0.6484375,56.52308283845855,100.0,5.6,0.7,2.4854987056100657,0.0,8,100.0,1.0,0.0,100.0,1.0,0.0,100.0,1.0,0.0,100.0,1.0,0.0,0.0,0.0,0.0,11.591203180041703,0.2,8.627232086845382,17.84964937613495,0.6,5.704191740289368,22.743810151491743,0.8,5.5525658177457755
242,actuated,4,4,258.91835549072505,76.15245749727208,5057691.64319144,632211.45539893,2464.0,51.12033195020747,82572.5523706317,1713.123493166633,48.2,1.6119732807641882,61.9500498341921,36.6,33,2.477112318718484,0.7593360995850622,61.9500498341921,100.0,6.6,0.825,2.41743243946071,0.0,8,100.0,1.0,0.0,100.0,1.0,0.0,100.0,1.0,0.0,100.0,1.0,0.0,0.0,0.0,0.0,69.47084554100456,0.8,5.621949129287877,6.548458673296409,1.0,6.955543827938028,19.58109445923583,0.8,6.761966558459775
243,actuated,4,4,685.0348187975934,163.10352828514127,3488332.0541122817,436041.5067640352,2652.0,57.1551724137931,76420.13493883035,1646.9856667851368,46.4,1.8432670873032406,67.17613612090304,38.4,30,2.9570022339429345,0.8275862068965517,67.17613612090304,100.0,6.0,0.75,1.983391621661316,0.0,8,100.0,1.0,0.0,100.0,1.0,0.0,100.0,1.0,0.0,100.0,1.0,0.0,0.0,0.0,0.0,100.0,1.0,0.0,25.241098627247993,0.4,7.973779609468654,12.167990339976313,0.6,7.893353363821875
244,actuated,4,4,488.1523468701459,101.69840559794706,3000823.6716133794,375102.9589516724,2842.0,64.88584474885845,71105.35719851518,1623.4099817012598,43.8,2.113214734209465,63.54936183509665,38.6,27,3.5962276747758617,0.8812785388127854,63.54936183509665,100.0,5.4,0.675,1.1339268679208272,0.0,8,100.0,1.0,0.0,100.0,1.0,0.0,100.0,1.0,0.0,100.0,1.0,0.0,0.0,0.0,0.0,100.0,1.0,0.0,0.0,0.0,0.0,8.394894680773177,0.4,9.071414943366618
245,actuated,4,4,1161.0826330438617,187.27139242642932,635085.0754074918,79385.63442593647,3033.2,64.8119658119658,76246.39551696648,1629.1964854052667,46.8,1.4260381088208511,65.00446472287706,39.2,27,1.759342442756659,0.8376068376068376,65.00446472287706,100.0,5.4,0.675,1.8340458879069574,0.0,8,100.0,1.0,0.0,100.0,1.0,0.0,100.0,1.0,0.0,100.0,1.0,0.0,9.254906999431114,0.2,5.396626900834348,100.0,1.0,0.0,0.0,0.0,0.0,10.780810783585366,0.2,9.275740202421312
246,actuated,4,4,754.8278570283536,145.1592032746834,2155047.2833693987,269380.91042117483,3231.2,68.16877637130801,74181.698345965,1565.0147330372363,47.4,1.2698178596391148,75.0,41.2,30,1.8571778393829048,0.869198312236287,75.0,100.0,6.0,0.75,0.0,0.0,8,100.0,1.0,0.0,100.0,1.0,0.0,100.0,1.0,0.0,100.0,1.0,0.0,100.0,1.0,0.0,100.0,1.0,0.0,0.0,0.0,0.0,0.0,0.0,0.0
247,actuated,4,4,1028.4810151310433,197.78481060212368,2138762.9750229823,267345.3718778728,3445.2,69.18072289156626,80168.57679694048,1609.8107790550298,49.8,1.8216499462238063,76.41221625227502,44.0,31,2.783096722298116,0.8835341365461847,76.41221625227502,100.0,6.2,0.775,1.1064169510037034,0.0,8,100.0,1.0,0.0,100.0,1.0,0.0,100.0,1.0,0.0,100.0,1.0,0.0,100.0,1.0,0.0,100.0,1.0,0.0,11.297730018200127,0.2,8.851335608029627,0.0,0.0,0.0
248,actuated,4,4,808.7590320754582,161.75180641509164,4199215.948853668,524901.9936067085,3665.4,71.87058823529412,80510.84585940164,1578.6440364588557,51.0,2.0600570967926837,76.21534781739115,45.0,32,3.887408443692498,0.8823529411764706,76.21534781739115,100.0,6.4,0.8,1.0839232028112749,0.0,8,100.0,1.0,0.0,100.0,1.0,0.0,100.0,1.0,0.0,100.0,1.0,0.0,100.0,1.0,0.0,100.0,1.0,0.0,0.0,0.0,0.0,9.722782539129184,0.4,8.671385622490199
249,actuated,4,4,895.904165215047,179.1808330430094,3399240.5043724277,424905.06304655346,3891.2,74.25954198473282,81853.27148948988,1562.085333768891,52.4,1.23427522162157,75.0,46.2,30,1.9746122907733799,0.8816793893129771,75.0,100.0,6.0,0.75,0.0,0.0,8,100.0,1.0,0.0,100.0,1.0,0.0,100.0,1.0,0.0,100.0,1.0,0.0,100.0,1.0,0.0,100.0,1.0,0.0,0.0,0.0,0.0,0.0,0.0,0.0
250,actuated,4,4,505.04996329876786,120.24999126161138,4847661.07598603,605957.6344982537,4127.8,77.88301886792453,82519.91388978511,1556.979507354436,53.0,2.664612801082271,76.39337601653835,48.6,31,4.673585406460507,0.9169811320754717,76.39337601653835,100.0,6.2,0.775,1.121377131122014,0.0,8,100.0,1.0,0.0,100.0,1.0,0.0,100.0,1.0,0.0,100.0,1.0,0.0,100.0,1.0,0.0,100.0,1.0,0.0,11.147008132306837,0.2,8.971017048976112,0.0,0.0,0.0
251,actuated,4,4,534.3222172718934,148.42283813108148,4811955.990703645,601494.4988379556,4376.0,81.33828996282529,85077.17149893721,1581.3600650360077,53.8,1.4773250280688133,75.0,50.2,30,3.0786035254433672,0.9330855018587361,75.0,100.0,6.0,0.75,0.0,0.0,8,100.0,1.0,0.0,100.0,1.0,0.0,100.0,1.0,0.0,100.0,1.0,0.0,100.0,1.0,0.0,100.0,1.0,0.0,0.0,0.0,0.0,0.0,0.0,0.0
252,actuated,4,4,942.2097412337113,235.55243530842782,2647520.286384233,330940.0357980291,4627.2,83.82608695652173,85043.32263475077,1540.639902803456,55.2,2.0367951419928927,76.37833993905247,51.2,31,4.0607932276054655,0.927536231884058,76.37833993905247,100.0,6.2,0.775,1.1336100447572706,0.0,8,100.0,1.0,0.0,100.0,1.0,0.0,100.0,1.0,0.0,100.0,1.0,0.0,100.0,1.0,0.0,100.0,1.0,0.0,11.026719512419731,0.2,9.068880358058165,0.0,0.0,0.0
253,actuated,4,4,264.2918436500846,88.09728121669487,5090397.169992153,636299.6462490191,4888.0,86.97508896797153,87370.38124464315,1554.6331182320846,56.2,1.9771672599046262,75.0,53.4,30,4.189440370233059,0.9501779359430605,75.0,100.0,6.0,0.75,0.0,0.0,8,100.0,1.0,0.0,100.0,1.0,0.0,100.0,1.0,0.0,100.0,1.0,0.0,100.0,1.0,0.0,100.0,1.0,0.0,0.0,0.0,0.0,0.0,0.0,0.0
254,actuated,4,4,660.8733299981376,173.91403421003622,4173527.8776660636,521690.98470825795,5153.2,87.93856655290102,91433.64204114261,1560.3010587225701,58.6,0.9098852513880062,76.4502574803521,53.4,32,1.7094786391049115,0.9112627986348123,76.4502574803521,100.0,6.4,0.8,1.0679673374863339,0.0,8,100.0,1.0,0.0,100.0,1.0,0.0,100.0,1.0,0.0,100.0,1.0,0.0,100.0,1.0,0.0,100.0,1.0,0.0,0.0,0.0,0.0,11.602059842816743,0.4,8.543738699890671
255,actuated,0,4,1002.0833417706363,185.57098921678448,2002013.2766703784,250251.6595837973,3770.0,66.37323943661971,94103.8500867998,1656.7579240633768,56.8,2.0107290013828045,62.5,43.4,29,3.760653526113061,0.7640845070422535,62.5,100.0,5.8,0.725,0.0,0.0,8,100.0,1.0,0.0,100.0,1.0,0.0,80.0,1.0,0.0,80.0,1.0,0.0,80.0,1.0,0.0,60.0,0.8,0.0,0.0,0.0,0.0,0.0,0.0,0.0
256,actuated,0,0,333.00377108987107,57.41444329135708,2000678.5035980262,250084.81294975328,2556.4,48.97318007662835,88199.80095250384,1689.6513592433685,52.2,1.9568549813861247,43.46970183222311,29.2,26,2.224877473014476,0.5593869731800766,43.46970183222311,100.0,5.2,0.65,3.094604130711375,0.0,8,100.0,1.0,0.0,100.0,1.0,0.0,34.05451131647624,0.6,1.8710053899295582,34.89124561499011,0.6,1.9471394642888937,40.517596393460735,0.8,1.6922052178440403,27.140404280166877,0.6,1.9596617571905428,10.76652650145661,0.2,8.700125989411026,0.3873305512342995,0.4,8.586695227026938
257,actuated,0,0,306.418915735029,58.92671456442865,2015296.5038692274,251912.06298365342,2447.4,51.63291139240506,84373.48182388699,1780.0312621073203,47.4,1.7001101880954212,36.944368398376355,25.2,24,1.607979383375577,0.5316455696202531,36.944368398376355,100.0,4.8,0.6,1.9178572443070148,0.0,8,100.0,1.0,0.0,100.0,1.0,0.0,11.011279914005172,0.4,3.5308735592260865,23.99230255428847,0.6,4.052131652742708,38.58569931479451,0.8,3.891858426808308,21.965665403922685,0.8,3.867994315679015,0.0,0.2,0.0,0.0,0.0,0.0
258,actuated,0,0,177.6244869866592,35.52489739733184,2562176.058280655,320272.0072850819,2573.0,57.950450450450454,70612.25939924965,1590.3662026858028,44.4,1.9233329849243703,42.42366710099134,27.0,24,1.8169834656357025,0.6081081081081081,42.42366710099134,100.0,4.8,0.6,2.42507106331537,0.0,8,100.0,1.0,0.0,100.0,1.0,0.0,64.37469238906488,1.0,4.837548750933674,54.59078252547897,0.8,4.358839157106042,3.843520122377413,0.6,4.652941119079101,16.580341771009444,0.4,5.551239479404144,0.0,0.0,0.0,0.0,0.0,0.0
259,actuated,0,0,951.9310720891202,190.38621441782405,2406821.974498759,300852.7468123449,2730.4,59.356521739130436,68860.26573377907,1496.9622985604146,46.0,0.8195531395691507,50.0,35.8,20,0.9804863538821169,0.7782608695652173,50.0,100.0,4.0,0.5,0.0,0.0,8,100.0,1.0,0.0,100.0,1.0,0.0,100.0,1.0,0.0,100.0,1.0,0.0,0.0,0.0,0.0,0.0,0.0,0.0,0.0,0.0,0.0,0.0,0.0,0.0
260,actuated,5,0,721.4591540014612,133.60354703730764,30266.613007122847,3783.326625890356,1837.4,38.43933054393305,77023.39006537557,1611.3679929994887,47.8,0.9161517367029258,42.0558937153271,35.8,21,0.9323784039689772,0.7489539748953975,42.0558937153271,100.0,4.2,0.525,1.8155791845474902,0.0,8,60.0,0.8,0.0,60.0,0.8,0.0,100.0,1.0,0.0,100.0,1.0,0.0,0.0,0.0,0.0,5.748594298543139,0.2,6.1532212547582015,0.0,0.0,0.0,10.698555424073675,0.4,8.371412221621721
261,actuated,5,5,760.189807683038,108.59854395471972,1483575.544303245,185446.9430379056,777.4,16.682403433476395,80486.27586215675,1727.1733017630204,46.6,1.1362867979746833,40.069643188841724,30.0,21,0.8091339942058664,0.6437768240343348,40.069643188841724,100.0,4.4,0.55,0.5178819932953201,0.0,8,25.375568033437048,0.6,1.771130265480527,35.18157747729674,0.6,2.2824769306939108,100.0,1.0,0.0,100.0,1.0,0.0,40.0,0.6,0.08944875018812298,20.0,0.6,0.0,0.0,0.0,0.0,0.0,0.0,0.0
262,actuated,5,5,526.7357815196912,79.80845174540775,836953.6147542092,104619.20184427615,403.8,8.702586206896552,80375.54357598546,1732.2315425858935,46.4,1.3860739514402762,53.530337274901285,24.0,29,0.9895977226109192,0.5172413793103449,53.530337274901285,100.0,5.799999999999999,0.725,3.2002869276991914,0.0,8,28.98822810936508,1.0,3.7780463464502714,32.41723014135914,0.8,4.375627348305673,100.0,1.0,0.0,100.0,1.0,0.0,41.17009635645445,0.6,7.46056302450252,0.0,0.0,0.0,67.41343500493258,0.8,5.844831747062293,58.25370858709903,0.6,4.143226955272776
263,actuated,5,5,746.2997315874343,106.61424736963347,1400230.4123116513,175028.8015389564,502.0,10.818965517241379,80768.25545442433,1740.695160655697,46.4,1.5548825438284695,72.32297683822424,27.4,34,1.2414892510438436,0.5905172413793104,72.32297683822424,100.0,6.8,0.8500000000000001,1.9674025634683803,0.0,8,35.53283968154119,0.8,5.706969509524926,27.764906130246345,0.8,5.449861980739233,100.0,1.0,0.0,100.0,1.0,0.0,100.0,1.0,0.0,15.286068894006348,0.2,4.582389017482882,100.0,1.0,0.0,100.0,1.0,0.0
264,actuated,5,5,608.8739111925595,92.25362290796356,2221866.8390162494,277733.3548770312,654.2,13.405737704918034,75967.8308965358,1556.717846240488,48.8,1.1342650867527333,100.0,33.6,40,0.785474083245439,0.6885245901639344,100.0,100.0,8.0,1.0,0.0,0.0,8,100.0,1.0,0.0,100.0,1.0,0.0,100.0,1.0,0.0,100.0,1.0,0.0,100.0,1.0,0.0,100.0,1.0,0.0,100.0,1.0,0.0,100.0,1.0,0.0
265,actuated,0,5,1666.3377923520252,245.04967534588607,272459.8834852468,34057.48543565585,523.6,10.908333333333333,76598.1802534982,1595.795421947879,48.0,0.6332732380538628,82.5,32.2,37,0.6731510666374163,0.6708333333333333,82.5,100.0,7.3999999999999995,0.925,0.0,0.0,8,100.0,1.0,0.0,100.0,1.0,0.0,80.0,1.0,0.0,60.0,0.8,0.0,60.0,0.8,0.0,60.0,0.8,0.0,100.0,1.0,0.0,100.0,1.0,0.0
266,actuated,0,0,986.8122226001506,145.11944450002215,1374744.266429368,171843.033303671,409.0,8.665254237288135,82500.89277713672,1747.900270702049,47.2,1.3805746602370421,64.84108666392558,27.2,31,1.3259054829379169,0.576271186440678,64.84108666392558,100.0,6.2,0.7749999999999999,1.5622780938461085,0.0,8,100.0,1.0,0.0,100.0,1.0,0.0,41.31389863320692,0.8,1.6911070669608168,31.892108296196966,0.6,1.9056107846503147,30.854006173940434,0.6,2.084260999622017,14.668680208060323,0.2,6.8172458995357195,100.0,1.0,0.0,100.0,1.0,0.0
267,actuated,0,0,659.9514674223947,106.44378506812816,1002726.4117282536,125340.8014660317,509.2,12.066350710900474,71998.66324141009,1706.1294606969216,42.2,2.0175728026523214,57.25026658642889,25.6,27,1.7842306536289347,0.6066350710900474,57.25026658642889,100.0,5.4,0.675,1.025082273712492,0.0,8,100.0,1.0,0.0,100.0,1.0,0.0,30.496880841578786,0.6,4.079526979629364,27.505251849852357,0.8,4.121131210070573,0.0,0.0,0.0,0.0,0.0,0.0,100.0,1.0,0.0,100.0,1.0,0.0
268,actuated,0,0,579.9441763464126,115.98883526928253,3592051.8203668585,449006.4775458573,645.6,16.385786802030456,68601.6110255729,1741.1576402429669,39.4,3.0689964398989145,57.52321747457529,29.2,27,3.1413108818089817,0.7411167512690355,57.52321747457529,100.0,5.4,0.675,2.5928982400708795,0.0,8,100.0,1.0,0.0,100.0,1.0,0.0,30.317451032124154,0.6,5.887088581816961,28.4538097072209,0.6,5.931630025832963,1.4144790572572674,0.2,8.924467312917114,0.0,0.0,0.0,100.0,1.0,0.0,100.0,1.0,0.0
269,actuated,0,0,796.7847046603617,120.72495525156997,2537512.1695553004,317189.02119441255,785.2,21.107526881720432,60577.94408696196,1628.4393571763967,37.2,3.523053751945711,54.0434477728536,28.4,27,4.241948146820806,0.7634408602150538,54.0434477728536,100.0,5.4,0.675,2.840171742640411,0.0,8,100.0,1.0,0.0,100.0,1.0,0.0,6.923562602523816,0.6,6.803665351889575,14.168297290461851,0.4,7.0333387171876,0.0,0.2,0.0,11.255722289843106,0.2,8.884369872046115,100.0,1.0,0.0,100.0,1.0,0.0
270,actuated,0,0,495.1581304698816,79.86421459191638,684965.9544333497,85620.74430416871,931.0,26.151685393258425,58139.37201242552,1633.1284273153235,35.6,4.1790904244044205,50.0,30.4,20,5.17041553708936,0.8539325842696629,50.0,100.0,4.0,0.5,0.0,0.0,8,100.0,1.0,0.0,100.0,1.0,0.0,0.0,0.0,0.0,0.0,0.0,0.0,0.0,0.0,0.0,0.0,0.0,0.0,100.0,1.0,0.0,100.0,1.0,0.0
271,actuated,0,0,317.37021892796196,58.77226276443739,3868036.653767465,483504.58172093314,1083.6,29.286486486486485,59340.349623910675,1603.7932330786668,37.0,5.262952299372556,50.5946578529705,31.4,23,5.712703937657329,0.8486486486486486,50.5946578529705,100.0,4.6,0.575,2.194718722172547,0.0,8,100.0,1.0,0.0,100.0,1.0,0.0,0.0,0.0,0.0,1.1405674029720103,0.4,8.767871305719018,3.6166954207919844,0.2,8.789878471661359,0.0,0.0,0.0,100.0,1.0,0.0,100.0,1.0,0.0
272,actuated,0,0,367.3401326017177,83.48639377311765,3127717.119344213,390964.63991802663,1248.4,32.510416666666664,59743.775401729814,1555.827484420047,38.4,2.8468750733414994,50.0,34.2,21,4.587755851332839,0.890625,50.0,100.0,4.2,0.525,0.0,0.0,8,100.0,1.0,0.0,100.0,1.0,0.0,0.0,0.0,0.0,0.0,0.0,0.0,0.0,0.2,0.0,0.0,0.0,0.0,100.0,1.0,0.0,100.0,1.0,0.0
273,actuated,6,0,1057.7461412413018,170.6042163292422,802660.4283900438,100332.55354875547,729.6,19.612903225806452,60839.42120174522,1635.4683118748717,37.2,2.766943819601605,36.1473606975909,23.8,20,4.459724166807362,0.6397849462365591,36.1473606975909,80.0,4.0,0.5,1.1217613372020425,0.0,8,80.0,1.0,0.0,60.0,0.8,0.0,0.0,0.0,0.0,0.0,0.0,0.0,9.178885580727183,0.4,8.97409069761634,0.0,0.0,0.0,80.0,1.0,0.0,60.0,0.8,0.0
274,actuated,6,6,421.6750620868482,62.011038542183556,411186.4230863602,51398.30288579503,244.2,7.057803468208093,65678.01818281607,1898.2086180004646,34.6,3.289641997373566,16.82894343030398,11.6,13,4.155805790878988,0.3352601156069364,16.82894343030398,41.14052031776737,2.6,0.32499999999999996,0.9193936455847421,0.0,8,41.14052031776737,0.8,1.5258738593779122,34.260012699282925,0.6,1.8222506731551753,0.0,0.0,0.0,0.0,0.0,0.0,0.0,0.0,0.0,0.0,0.0,0.0,25.65335496658463,0.6,2.0571032578818316,33.577659458796916,0.6,1.9499213742630181
275,actuated,6,6,232.1706059245881,35.177364534028506,1015866.4829099212,126983.31036374015,51.4,1.7724137931034483,57857.1047213307,1995.0725765976104,29.0,2.7185786022985443,14.840740217715052,4.8,18,2.016028705622758,0.16551724137931034,14.840740217715052,41.406410229274115,3.5999999999999996,0.45,3.1061964334673253,0.0,8,41.406410229274115,1.0,3.7410589184727208,27.093106880188316,0.8,3.9933683822200328,0.0,0.0,0.0,0.0,0.0,0.0,0.0,0.0,0.0,10.665496435030946,0.2,9.376028636749513,18.231873285985785,0.8,3.8040638259918236,21.32903491124125,0.8,3.9350517043045103
276,actuated,6,6,481.42968979036203,61.72175510132847,86765.66922955206,10845.708653694008,61.4,2.1468531468531467,51338.57261772097,1795.0549866336005,28.6,2.9176365730263187,16.81686686611272,6.6,14,1.7184880724449743,0.23076923076923078,16.81686686611272,61.53924924546118,2.8000000000000003,0.35000000000000003,4.11550661763162,0.0,8,61.53924924546118,1.0,4.978021226229489,43.8317469932781,0.8,5.285525718482231,5.052681178349303,0.4,8.611822529509666,0.0,0.0,0.0,0.0,0.0,0.0,0.0,0.0,0.0,13.374929778947262,0.4,5.16115670918895,10.736327732865902,0.2,8.887526757642627
277,actuated,6,6,655.4496646356745,91.03467564384367,488138.41153809556,61017.301442261945,115.8,3.784313725490196,48010.66780335911,1568.9760720051995,30.6,2.1044411005589057,25.460659287688827,15.6,13,2.3302199495794853,0.5098039215686274,25.460659287688827,100.0,2.6,0.325,1.0574169300380163,0.0,8,100.0,1.0,0.0,100.0,1.0,0.0,0.0,0.0,0.0,3.685274301510617,0.4,8.45933544030413,0.0,0.0,0.0,0.0,0.0,0.0,0.0,0.0,0.0,0.0,0.2,0.0
278,actuated,0,6,386.15145069020343,55.16449295574335,18305.47138567602,2288.1839232095026,115.6,3.8533333333333335,51756.183070885505,1725.2061023628503,30.0,3.572671573046546,25.15387318110129,18.4,12,4.277064554918101,0.6133333333333333,25.15387318110129,100.0,2.4,0.3,1.068033928190077,0.0,8,100.0,1.0,0.0,100.0,1.0,0.0,0.0,0.0,0.0,0.0,0.0,0.0,1.2309854488103156,0.4,8.544271425520616,0.0,0.0,0.0,0.0,0.0,0.0,0.0,0.0,0.0
279,actuated,0,0,523.605573888313,84.45251191746983,1580756.4715182532,197594.55893978165,208.2,6.9865771812080535,48625.5212492857,1631.7289009827416,29.8,2.513171184316387,38.74779577848244,21.4,17,3.1283723561083643,0.7181208053691275,38.74779577848244,100.0,3.4000000000000004,0.425,2.523002293902044,0.0,8,100.0,1.0,0.0,100.0,1.0,0.0,0.0,0.0,0.0,0.0,0.0,0.0,0.0,0.0,0.0,11.122201553462219,0.2,8.99102569930241,94.4688926683466,1.0,4.525663787323687,4.391272006050713,0.2,6.667328864590254
280,actuated,0,0,1026.6711699414902,142.5932180474292,1252050.4870235901,156506.31087794877,318.4,9.888198757763975,54495.55693671694,1692.4086005191596,32.2,2.8588853090816473,51.362394896767114,23.4,21,2.8949932350899203,0.7267080745341615,51.362394896767114,100.0,4.2,0.525,1.1468774609386192,0.0,8,100.0,1.0,0.0,100.0,1.0,0.0,10.899159174136912,0.2,9.175019687508954,0.0,0.0,0.0,0.0,0.0,0.0,0.0,0.0,0.0,100.0,1.0,0.0,100.0,1.0,0.0
281,actuated,0,0,1051.3162413979244,146.0161446386006,15424.470806165094,1928.0588507706368,436.8,13.0,53505.886419205795,1592.4370958096963,33.6,2.981337621847391,51.99091811489836,25.0,23,3.0572487820119205,0.7440476190476191,51.99091811489836,100.0,4.6,0.575,2.1976749657189583,0.0,8,100.0,1.0,0.0,100.0,1.0,0.0,0.0,0.0,0.0,0.0,0.0,0.0,11.212809108942565,0.2,8.918371750415949,4.714535810244342,0.4,8.663027975335716,100.0,1.0,0.0,100.0,1.0,0.0
282,actuated,0,0,224.28912106504436,56.07228026626109,3146428.243754492,393303.5304693115,573.4,16.86470588235294,52327.79116948876,1539.052681455552,34.0,1.6063263406274342,51.36332217457664,29.2,21,2.550203193908981,0.8588235294117647,51.36332217457664,100.0,4.2,0.525,1.1460974002606643,0.0,8,100.0,1.0,0.0,100.0,1.0,0.0,0.0,0.0,0.0,10.906577396613102,0.2,9.168779202085314,0.0,0.0,0.0,0.0,0.0,0.0,100.0,1.0,0.0,100.0,1.0,0.0
283,actuated,6,0,1001.3156444353772,217.6773140076907,2067315.1844025683,258414.39805032103,383.2,11.682926829268293,53607.4009382677,1634.3719798252348,32.8,0.6482949472404971,35.0,21.8,18,0.9820302015796379,0.6646341463414634,35.0,80.0,3.5999999999999996,0.45,0.0,0.0,8,60.0,0.8,0.0,80.0,1.0,0.0,0.0,0.0,0.0,0.0,0.0,0.0,0.0,0.0,0.0,0.0,0.0,0.0,80.0,1.0,0.0,60.0,0.8,0.0
284,actuated,6,6,564.0289626696434,80.57556609566335,1000564.0289626699,125070.50362033374,172.2,5.38125,59415.96068355016,1856.7487713609426,32.0,1.4424314010934898,20.395392420344933,11.8,14,1.033262289074384,0.36875,20.395392420344933,40.79996234818282,2.8,0.35,2.004705061625015,0.0,8,33.90426773956278,0.6,2.065402139578563,39.30279826883179,0.6,2.1251560715512077,0.0,0.0,0.0,0.0,0.0,0.0,0.0,0.0,0.0,11.882844416891203,0.2,8.415493504051286,37.27326658929087,0.6,1.905767074208085,40.79996234818282,0.8,1.5258217036109747
285,actuated,6,6,425.5398939347403,53.192486741842536,425.5398939347403,53.192486741842536,82.6,3.0145985401459856,55586.049830047545,2028.687950001735,27.4,3.2976637119779575,9.819712083909735,6.6,9,3.2223060380445814,0.24087591240875914,9.819712083909735,44.676382788766205,1.8,0.225,0.997084327774985,0.0,8,33.88131388251168,0.8,4.481832604476558,44.676382788766205,1.0,3.494842017723322,0.0,0.0,0.0,0.0,0.0,0.0,0.0,0.0,0.0,0.0,0.0,0.0,0.0,0.0,0.0,0.0,0.0,0.0
286,actuated,6,6,253.58044369293916,32.51031329396656,200253.58044369295,25031.69755546162,99.0,3.6666666666666665,50120.50273689932,1856.3149161814563,27.0,3.592962036358024,14.925357386964038,7.4,14,2.6365636447970533,0.2740740740740741,14.925357386964038,69.22606549853299,2.8000000000000003,0.35000000000000003,4.472061990596025,0.0,8,28.286218696212018,0.8,5.262657661421391,69.22606549853299,1.0,5.375508834230234,6.894532996402631,0.4,8.6115773351863,0.0,0.0,0.0,12.033907699628799,0.2,8.309852667648816,0.0,0.0,0.0,0.0,0.0,0.0,2.9621342049358645,0.4,8.216899426281453
287,actuated,6,6,787.7146630380025,127.05075210290363,310599.3813162796,38824.92266453495,157.8,5.295302013422819,44980.754743057856,1509.4213001026126,29.8,2.1501760471271316,36.316415577463204,16.2,15,3.0524208041646665,0.5436241610738255,36.316415577463204,100.0,3.0,0.375,1.6314899239800476,0.0,8,100.0,1.0,0.0,100.0,1.0,0.0,0.0,0.0,0.0,11.146514780666621,0.2,8.971414111740806,0.0,0.0,0.0,79.38480983903901,0.8,4.080505280099574,0.0,0.0,0.0,0.0,0.0,0.0
288,actuated,0,6,778.6800386517112,108.15000536829322,3629.117138540434,453.63964231755426,99.2,3.492957746478873,49096.46223176211,1728.7486701324685,28.4,2.545607765501358,35.6520532091821,16.0,17,3.2753763724549922,0.5633802816901409,35.6520532091821,100.0,3.4,0.425,1.1083559788763524,0.0,8,100.0,1.0,0.0,100.0,1.0,0.0,0.0,0.0,0.0,0.0,0.0,0.0,0.0,0.0,0.0,80.0,1.0,0.0,0.0,0.0,0.0,5.216425673456797,0.4,8.86684783101082
289,actuated,0,0,800.5965306313946,111.19396258769369,401300.0025464654,50162.50031830817,172.4,6.432835820895522,44888.1210292171,1674.9298891498918,26.8,2.9692255291082055,26.46167429076229,17.6,11,3.3778871802283845,0.6567164179104478,26.46167429076229,100.0,2.2,0.275,1.0689796009103563,0.0,8,100.0,1.0,0.0,100.0,1.0,0.0,0.0,0.0,0.0,0.0,0.0,0.0,0.0,0.0,0.0,0.0,0.0,0.0,11.693394326098314,0.2,8.55183680728285,0.0,0.0,0.0
290,actuated,0,0,432.8065550591394,74.62181983778265,3796971.9789156592,474621.4973644574,267.2,9.751824817518248,45874.770349485945,1674.2616915870783,27.4,3.2464319486708035,26.935611195935394,20.6,13,3.628074537574341,0.7518248175182481,26.935611195935394,100.0,2.6,0.325,2.154731224931421,0.0,8,100.0,1.0,0.0,100.0,1.0,0.0,0.0,0.0,0.0,0.0,0.0,0.0,3.930173557678245,0.4,8.58337487205863,11.554716009804906,0.2,8.654474927392735,0.0,0.0,0.0,0.0,0.0,0.0
291,actuated,0,0,428.27590983346636,64.89028936870703,3295601.3842198183,411950.1730274773,367.2,13.20863309352518,46210.599482760386,1662.2517799554096,27.8,3.887355851682007,25.00046213765586,20.6,12,4.111132883400375,0.7410071942446043,25.00046213765586,100.0,2.4,0.3,1.0265459370100873,0.0,8,100.0,1.0,0.0,100.0,1.0,0.0,0.0,0.0,0.0,0.0,0.0,0.0,0.0,0.0,0.0,0.0,0.0,0.0,0.0,0.0,0.0,0.0036971012468711706,0.4,8.212367496080699
292,actuated,0,0,688.9115340862548,104.38053546761438,996611.269636802,124576.40870460025,473.6,15.682119205298013,49212.57853733978,1629.5555807066153,30.2,4.26770372919672,27.833874079493057,22.6,12,4.617804799153644,0.7483443708609272,27.833874079493057,100.0,2.4000000000000004,0.3,2.205594537605326,0.0,8,100.0,1.0,0.0,100.0,1.0,0.0,11.247438583654912,0.2,8.89091318492041,11.423554052289546,0.2,8.7538431159222,0.0,0.0,0.0,0.0,0.0,0.0,0.0,0.0,0.0,0.0,0.0,0.0
293,actuated,5,0,932.036951956801,141.2177199934547,495671.64080042375,61958.95510005297,387.0,12.814569536423841,50372.547009213384,1667.9651327554102,30.2,1.8781455998277576,25.481127007401483,19.0,13,2.6566384948162662,0.6291390728476821,25.481127007401483,80.0,2.6,0.325,1.692441593031174,0.0,8,80.0,1.0,0.0,80.0,1.0,0.0,0.0,0.0,0.0,0.0,0.0,0.0,11.92267054979311,0.2,8.387382640689946,0.0,0.0,0.0,31.926345509418752,0.4,5.152150103559447,0.0,0.0,0.0
294,actuated,5,5,430.0250388208591,71.67083980347651,1420136.8014799377,177517.10018499222,223.0,7.533783783783784,52223.9738847072,1764.3234420509189,29.6,1.6248133965509273,27.993358688338503,15.0,16,1.4570685260972112,0.5067567567567568,27.993358688338503,100.0,3.2,0.4,2.517232084020181,0.0,8,37.86106051873958,0.6,2.1242490649300763,20.718520221598737,0.6,1.8524556945925743,0.0,0.0,0.0,0.0,0.0,0.0,5.2887105778063415,0.2,8.332456942554563,0.0,0.0,0.0,100.0,1.0,0.0,60.07857818856337,0.8,7.828694970084234
295,actuated,5,5,861.1823593012299,113.3134683291092,16469.62909231721,2058.703636539651,161.6,5.386666666666667,58460.994503122485,1948.6998167707495,30.0,2.362974600314326,33.33221058135564,9.6,20,2.1254483771478783,0.32,33.33221058135564,100.0,4.0,0.5,1.9684435320477203,0.0,8,21.216528404297605,1.0,3.962436354160395,32.37863174949325,0.6,4.129623866769176,0.0,0.0,0.0,13.062524497054255,0.2,7.655488035452191,0.0,0.2,0.0,0.0,0.0,0.0,100.0,1.0,0.0,100.0,1.0,0.0
296,actuated,5,5,611.8662530649495,82.68462879256074,90682.22425356734,11335.278031695918,212.4,7.640287769784172,53235.10212369298,1914.9317310680929,27.8,2.34973388155905,31.794201744938277,11.2,19,1.8732529472249884,0.4028776978417266,31.794201744938277,100.0,3.8,0.475,2.5695093791338923,0.0,8,23.991683053236557,0.6,6.052307802766563,29.07182202363856,0.8,5.814396122506507,0.0,0.0,0.0,0.0,0.0,0.0,0.0,0.0,0.0,1.2901088826311025,0.4,8.68937110779807,100.0,1.0,0.0,100.0,1.0,0.0
297,actuated,5,5,385.3047662010129,60.203869718908265,941824.8972870782,117728.11216088478,271.8,10.959677419354838,47568.545221314154,1918.0865008594417,24.8,2.5926558168394394,28.592084060061893,12.8,20,2.2431995575948585,0.5161290322580645,28.592084060061893,100.0,4.0,0.5,2.8043823366871212,0.0,8,16.412612110775626,0.8,7.128858854072148,4.545266987838659,1.0,6.638540252756807,7.77879338188086,0.2,8.667659586668014,0.0,0.0,0.0,0.0,0.0,0.0,0.0,0.0,0.0,100.0,1.0,0.0,100.0,1.0,0.0
298,actuated,5,5,486.7075232462149,78.50121342680886,869174.6658969177,108646.83323711471,341.2,15.50909090909091,38046.86353830937,1729.4028881049715,22.0,2.794341907400726,28.026588555059107,14.8,16,3.151599084384364,0.6727272727272727,28.026588555059107,100.0,3.2,0.4,2.6172744640660786,0.0,8,5.498866014208943,0.4,7.493755510333636,11.069173591122308,0.4,7.5148664147126425,0.0,0.2,0.0,0.0,0.0,0.0,7.6446688351416014,0.2,5.929573787482351,0.0,0.0,0.0,100.0,1.0,0.0,100.0,1.0,0.0
299,actuated,5,5,657.348181431002,117.38360382696465,1736835.2378548693,217104.40473185867,416.6,17.803418803418804,39830.879874610735,1702.1743536158435,23.4,1.8038099361529227,39.09400768528542,16.4,19,2.7935773886316686,0.7008547008547008,39.09400768528542,100.0,3.8,0.475,2.17846507683862,0.0,8,0.0,0.0,0.0,1.2371061924932292,0.4,8.806340084597467,0.0,0.0,0.0,0.0,0.0,0.0,100.0,1.0,0.0,11.514955289790123,0.4,8.621380530111493,100.0,1.0,0.0,100.0,1.0,0.0
300,actuated,5,5,1078.447029238739,141.9009248998341,401078.44702923874,50134.80587865484,499.2,19.5,43620.375482586634,1703.9209172885403,25.6,1.5024581958675376,37.57262716091077,17.6,16,1.2371597578395777,0.6875,37.57262716091077,100.0,3.2,0.4,0.939111429247475,0.0,8,0.0,0.0,0.0,0.0,0.0,0.0,0.0,0.0,0.0,0.5810172872861585,0.2,7.5128914339798,100.0,1.0,0.0,0.0,0.0,0.0,100.0,1.0,0.0,100.0,1.0,0.0
301,actuated,5,5,493.36308646123354,68.52265089739355,691420.4607495142,86427.55759368927,590.0,22.01492537313433,47393.965889937455,1768.4315630573676,26.8,2.175278511889915,50.0,19.0,20,2.0998662093715823,0.7089552238805971,50.0,100.0,4.0,0.5,0.0,0.0,8,0.0,0.0,0.0,0.0,0.0,0.0,0.0,0.0,0.0,100.0,1.0,0.0,100.0,1.0,0.0,0.0,0.0,0.0,100.0,1.0,0.0,100.0,1.0,0.0
302,actuated,5,5,352.14852731274624,67.72087063706658,1889071.164671064,236133.895583883,688.2,25.67910447761194,43729.992671935805,1631.7161444752167,26.8,2.3594847141558324,64.72451011772364,20.8,28,3.347420907435406,0.7761194029850746,64.72451011772364,100.0,5.6,0.7,2.864249519903793,0.0,8,10.385333964677557,0.2,9.628963338118785,10.023268763529813,0.4,8.758641499374063,0.0,0.0,0.0,100.0,1.0,0.0,100.0,1.0,0.0,97.38747821358174,1.0,4.526391321737496,100.0,1.0,0.0,100.0,1.0,0.0
303,actuated,5,5,1305.5578417327667,225.09617960909773,1473912.482302478,184239.06028780976,798.6,26.62,48299.32287955377,1609.9774293184591,30.0,1.1982514753939986,71.08927803730353,24.0,29,1.871551489522681,0.8,71.08927803730353,100.0,5.8,0.725,0.6732386501295052,0.0,8,0.0,0.0,0.0,0.0,0.0,0.0,68.71422429842823,0.8,5.385909201036042,100.0,1.0,0.0,100.0,1.0,0.0,100.0,1.0,0.0,100.0,1.0,0.0,100.0,1.0,0.0
304,actuated,5,5,534.372599030117,89.06209983835284,2107227.92546372,263403.490682965,918.0,30.0,52574.625100458725,1718.125003282965,30.6,1.4163870553108822,76.46484658420036,24.0,32,1.862384839354891,0.7843137254901961,76.46484658420036,100.0,6.4,0.8,1.0664185045287013,0.0,8,11.71877267360287,0.4,8.53134803622961,0.0,0.0,0.0,100.0,1.0,0.0,100.0,1.0,0.0,100.0,1.0,0.0,100.0,1.0,0.0,100.0,1.0,0.0,100.0,1.0,0.0
305,actuated,5,5,711.0132178406578,118.50220297344298,1800961.7636315536,225120.2204539442,1038.0,32.64150943396226,52196.33396007315,1641.394149687835,31.8,2.133926639942468,76.36812033971978,24.6,31,2.630993908745133,0.7735849056603774,76.36812033971978,100.0,6.2,0.775,1.1420778966856326,0.0,8,10.944962717758244,0.2,9.136623173485061,0.0,0.0,0.0,100.0,1.0,0.0,100.0,1.0,0.0,100.0,1.0,0.0,100.0,1.0,0.0,100.0,1.0,0.0,100.0,1.0,0.0
306,actuated,5,5,566.5406551411659,113.30813102823318,1263942.920607964,157992.8650759955,1164.2,34.8562874251497,54661.60612680897,1636.5750337367954,33.4,2.4621938042214264,76.28481330691216,27.0,31,4.3480948422013554,0.8083832335329342,76.28481330691216,100.0,6.2,0.775,1.2161299946022663,0.0,8,0.0,0.0,0.0,10.278506455297247,0.2,9.72903995681813,100.0,1.0,0.0,100.0,1.0,0.0,100.0,1.0,0.0,100.0,1.0,0.0,100.0,1.0,0.0,100.0,1.0,0.0
307,actuated,5,5,1021.0273333025783,150.15107842684975,2190469.9593123784,273808.7449140473,1303.0,37.22857142857143,57144.922129931045,1632.7120608551727,35.0,2.815913682442177,75.0,28.6,30,4.513053979610784,0.8171428571428572,75.0,100.0,6.0,0.75,0.0,0.0,8,0.0,0.0,0.0,0.0,0.0,0.0,100.0,1.0,0.0,100.0,1.0,0.0,100.0,1.0,0.0,100.0,1.0,0.0,100.0,1.0,0.0,100.0,1.0,0.0
308,actuated,5,5,641.4610894666382,114.54662311904255,1291289.9796205638,161411.24745257047,1450.0,38.56382978723404,61282.41614734482,1629.8514932804471,37.6,1.8129733339230207,76.36490198486001,31.2,31,3.30752702815277,0.8297872340425532,76.36490198486001,100.0,6.2,0.775,1.144770846062074,0.0,8,10.919215878880095,0.2,9.158166768496592,0.0,0.0,0.0,100.0,1.0,0.0,100.0,1.0,0.0,100.0,1.0,0.0,100.0,1.0,0.0,100.0,1.0,0.0,100.0,1.0,0.0
309,actuated,5,5,1055.8527080658846,142.6827983872817,401275.295480955,50159.41193511937,1606.2,40.35678391959799,64145.24896757382,1611.689672552106,39.8,1.2992721658578783,75.0,31.8,30,1.1582993592576885,0.7989949748743719,75.0,100.0,6.0,0.75,0.0,0.0,8,0.0,0.0,0.0,0.0,0.0,0.0,100.0,1.0,0.0,100.0,1.0,0.0,100.0,1.0,0.0,100.0,1.0,0.0,100.0,1.0,0.0,100.0,1.0,0.0
310,actuated,0,5,1606.2282665155967,211.3458245415259,2216.4931402319357,277.06164252899197,1084.8,29.318918918918918,61652.42081713649,1666.2816437063914,37.0,1.4988432863474945,60.0,24.0,28,1.909602036636298,0.6486486486486487,60.0,100.0,5.6,0.7,0.0,0.0,8,0.0,0.0,0.0,0.0,0.0,0.0,80.0,1.0,0.0,60.0,0.8,0.0,60.0,0.8,0.0,80.0,1.0,0.0,100.0,1.0,0.0,100.0,1.0,0.0
311,actuated,0,0,279.69129220481955,45.111498742712826,2399014.443829725,299876.8054787156,963.4,28.502958579881657,58790.27576423349,1739.3572711311683,33.8,2.051638164445758,44.156855098763685,16.8,25,1.498690122347683,0.4970414201183432,44.156855098763685,100.0,5.0,0.625,3.036015957212494,0.0,8,12.763351340208828,0.2,7.834932795821936,11.223037160102649,0.2,8.910244042984651,23.728345668755537,0.6,1.7296421527139292,31.7262334045472,0.6,1.7373326256417008,32.65269472991804,0.6,2.199310527979616,41.16117848657723,0.8,1.8766655125581178,100.0,1.0,0.0,100.0,1.0,0.0
312,actuated,0,0,466.5462076417607,86.3974458595853,1880303.6453841235,235037.95567301544,1053.0,35.57432432432432,52460.45736486385,1772.3127488129678,29.6,2.177619001137392,32.759120271069264,19.8,19,2.590769638398734,0.668918918918919,32.759120271069264,100.0,3.8000000000000003,0.475,1.427417590475051,0.0,8,0.0,0.0,0.0,0.0,0.0,0.0,0.0,0.0,0.0,12.008161608941919,0.4,3.2487709946476193,23.81180284839502,0.8,3.946332466015389,26.252997711217176,0.6,4.2242372631374,100.0,1.0,0.0,100.0,1.0,0.0
313,actuated,0,0,446.09675114426136,74.34945852404356,2000446.0967511442,250055.76209389302,1150.8,39.958333333333336,46284.652453239425,1607.1059879597024,28.8,1.7224666267837143,27.063520872649747,20.8,12,1.4054870740318108,0.7222222222222222,27.063520872649747,100.0,2.4,0.3,0.5771753878638384,0.0,8,0.0,0.0,0.0,0.0,0.0,0.0,0.0,0.0,0.0,0.0,0.0,0.0,0.0,0.0,0.0,16.508166981197974,0.4,4.617403102910707,100.0,1.0,0.0,100.0,1.0,0.0
314,actuated,0,0,793.3319063812303,127.95675909374681,2013298.2533614791,251662.2816701849,1262.8,39.710691823899374,52914.534144865815,1663.9790611593023,31.8,2.1027721864293123,34.042164388978335,24.0,16,2.2950229073469854,0.7547169811320755,34.042164388978335,100.0,3.4,0.42500000000000004,1.0188650801944157,0.0,8,0.0,0.0,0.0,12.337315111826683,0.2,8.105491275337446,0.0,0.0,0.0,0.0,0.0,0.0,40.0,0.6,0.045429366217879324,20.0,0.6,0.0,100.0,1.0,0.0,100.0,1.0,0.0
315,actuated,4,0,592.4753483703064,80.06423626625762,1442.5047945280794,180.31309931600993,698.2,22.378205128205128,53549.96480357228,1716.3450257555216,31.2,2.8880082130083666,24.394180430426786,19.0,16,3.0618488625492892,0.6089743589743589,24.394180430426786,80.0,3.2,0.4,3.073580329282668,0.0,8,0.0,0.0,0.0,0.0,0.0,0.0,4.394873434721376,0.4,8.978330274671317,8.526174569042269,0.4,8.70496905259788,42.232395439650645,0.6,6.905343306992148,0.0,0.0,0.0,80.0,1.0,0.0,60.0,0.8,0.0
316,actuated,4,4,631.3126564567493,105.21877607612488,242924.32990387842,30365.541237984802,236.8,7.7894736842105265,52931.57754792638,1741.1703140765258,30.4,1.1788557129106194,26.30238620062414,15.6,14,0.957742704740073,0.5131578947368421,26.30238620062414,100.0,2.8000000000000003,0.35000000000000003,1.0628153628753125,0.0,8,0.0,0.0,0.0,57.54170983629592,0.6,4.483007036251606,0.0,0.0,0.0,0.0,0.0,0.0,100.0,1.0,0.0,0.0,0.0,0.0,21.36469126313841,0.6,1.806477742114182,31.5126885055588,0.6,2.2130381246367117
317,actuated,4,4,749.2105714622901,117.06415179098282,935126.4052423185,116890.80065528982,210.4,6.8311688311688314,55902.19128992085,1815.0062107117158,30.8,1.2358172395642035,50.722516917231815,13.4,26,1.1155702579268731,0.43506493506493504,50.722516917231815,100.0,5.199999999999999,0.65,2.526572290801049,0.0,8,98.78414505001274,1.0,4.0411806234110585,100.0,1.0,0.0,0.0,0.0,0.0,0.0,0.0,0.0,100.0,1.0,0.0,60.1960259349562,0.8,8.105378275091377,31.653837214939813,0.6,4.161985696998591,15.146127137945768,0.8,3.9040337309073636
318,actuated,4,4,542.0871168002401,73.25501578381622,600542.0871168002,75067.76088960003,279.4,9.130718954248366,55573.3961543701,1816.1240573323562,30.6,1.8965529553298104,53.44173201555975,14.8,27,1.3482809173636279,0.48366013071895425,53.44173201555975,100.0,5.3999999999999995,0.675,1.2347818633952654,0.0,8,100.0,1.0,0.0,100.0,1.0,0.0,0.0,0.0,0.0,0.0,0.0,0.0,100.0,1.0,0.0,100.0,1.0,0.0,2.441138132044216,0.8,5.608158531500294,25.09271799243379,0.6,4.270096375661829
319,actuated,4,4,687.4294634419807,90.45124518973431,2148.4578439582506,268.5572304947813,365.2,11.4125,48945.50728938211,1529.547102793191,32.0,1.5245957368965772,76.2805363599847,20.2,32,0.9227904883378202,0.63125,76.2805363599847,100.0,6.4,0.8,1.127390327129979,0.0,8,100.0,1.0,0.0,100.0,1.0,0.0,0.0,0.0,0.0,10.244290879877553,0.4,9.019122617039832,100.0,1.0,0.0,100.0,1.0,0.0,100.0,1.0,0.0,100.0,1.0,0.0
320,actuated,5,4,950.1884497162604,169.67650887790364,765515.3826717044,95689.42283396305,238.2,7.490566037735849,52754.08857400046,1658.9336029559893,31.8,1.0156168205199396,62.5,20.4,28,1.0846531379514943,0.6415094339622641,62.5,100.0,5.6,0.7,0.0,0.0,8,60.0,0.8,0.0,60.0,0.8,0.0,0.0,0.0,0.0,0.0,0.0,0.0,80.0,1.0,0.0,100.0,1.0,0.0,100.0,1.0,0.0,100.0,1.0,0.0
321,actuated,5,5,463.32193903131366,79.88309293643339,1877970.5747699547,234746.32184624433,283.6,9.390728476821192,50755.28163485211,1680.6384647302023,30.2,1.5166539488304542,53.42340869948657,18.6,27,1.4957326267848345,0.6158940397350994,53.42340869948657,100.0,5.4,0.675,1.8044538106971888,0.0,8,33.65226082308709,0.6,2.124001601434107,27.945660359855538,0.6,1.9286087516800978,2.0169613238658712,0.4,8.716684847883881,0.0,0.0,0.0,63.77238708908408,0.8,1.6663352845794228,100.0,1.0,0.0,100.0,1.0,0.0,100.0,1.0,0.0
322,actuated,5,5,481.4443655806064,100.30090949595967,3653225.522051678,456653.19025645975,385.0,13.461538461538462,46733.25471531452,1634.0298851508574,28.6,1.3976257393016498,51.01585425753683,22.2,22,2.386145674017871,0.7762237762237763,51.01585425753683,100.0,4.4,0.55,0.5724524530803117,0.0,8,0.0,0.0,0.0,8.126834060294641,0.4,4.579619624642493,0.0,0.0,0.0,0.0,0.0,0.0,100.0,1.0,0.0,100.0,1.0,0.0,100.0,1.0,0.0,100.0,1.0,0.0
323,actuated,5,5,714.8813913140418,148.93362319042538,1347222.6792432643,168402.83490540803,499.2,16.42105263157895,47791.14397954974,1572.077104590452,30.4,1.1431638616263926,50.0,24.6,20,1.5762376925006483,0.8092105263157895,50.0,100.0,4.0,0.5,0.0,0.0,8,0.0,0.0,0.0,0.0,0.0,0.0,0.0,0.0,0.0,0.0,0.0,0.0,100.0,1.0,0.0,100.0,1.0,0.0,100.0,1.0,0.0,100.0,1.0,0.0
324,actuated,5,5,1177.527891135645,159.12539069400606,911060.4274519107,113882.55343148884,623.0,18.541666666666668,58028.760022420785,1727.046429238714,33.6,1.8276436037884096,51.39356648265448,25.2,21,2.206023075932623,0.75,51.39356648265448,100.0,4.2,0.525,1.1212238665669798,0.0,8,0.0,0.0,0.0,11.148531861235824,0.2,8.969790932535838,0.0,0.0,0.0,0.0,0.0,0.0,100.0,1.0,0.0,100.0,1.0,0.0,100.0,1.0,0.0,100.0,1.0,0.0
325,actuated,5,5,664.5451508694301,89.8033987661392,1199103.5129459887,149887.93911824859,749.2,22.16568047337278,56823.0290935116,1681.1547069086273,33.8,2.6183245431160826,54.11384911791686,26.0,24,3.1381861907484865,0.7692307692307693,54.11384911791686,100.0,4.8,0.6,1.9929157341101185,0.0,8,11.077108554163715,0.4,8.719214562326671,0.0,0.0,0.0,0.0,0.0,0.0,21.83368438917114,0.4,7.224111310554275,100.0,1.0,0.0,100.0,1.0,0.0,100.0,1.0,0.0,100.0,1.0,0.0
326,actuated,5,5,542.6437310590346,93.55926397569563,1899146.5004097417,237393.3125512177,883.2,25.379310344827587,55277.682834239815,1588.439161903443,34.8,2.658944962221479,66.6511465704923,28.0,28,4.20311941736362,0.8045977011494253,66.6511465704923,100.0,5.6,0.7,2.0900347850641907,0.0,8,0.0,0.0,0.0,10.750507565853695,0.2,9.30188638884596,22.458664998084714,0.4,7.418391891667568,100.0,1.0,0.0,100.0,1.0,0.0,100.0,1.0,0.0,100.0,1.0,0.0,100.0,1.0,0.0
327,actuated,5,5,918.8651218213815,170.16020774470027,676080.8589464795,84510.10736830994,1028.0,27.934782608695652,57906.45956307021,1573.54509682256,36.8,0.75505861315995,75.0,30.6,30,0.9219353533642164,0.8315217391304348,75.0,100.0,6.0,0.75,0.0,0.0,8,0.0,0.0,0.0,0.0,0.0,0.0,100.0,1.0,0.0,100.0,1.0,0.0,100.0,1.0,0.0,100.0,1.0,0.0,100.0,1.0,0.0,100.0,1.0,0.0
328,actuated,5,5,360.0441300468355,85.72479286829416,2445353.305174964,305669.1631468705,1187.2,31.574468085106382,60064.29111170542,1597.454550843229,37.6,1.3592698976512563,75.0,33.2,30,1.987558919284553,0.8829787234042553,75.0,100.0,6.0,0.75,0.0,0.0,8,0.0,0.0,0.0,0.0,0.0,0.0,100.0,1.0,0.0,100.0,1.0,0.0,100.0,1.0,0.0,100.0,1.0,0.0,100.0,1.0,0.0,100.0,1.0,0.0
329,actuated,5,5,933.6060749220906,179.53962979270972,3473901.093701185,434237.63671264815,1353.2,33.166666666666664,67484.89150668502,1654.0414584971818,40.8,1.5919670243724982,75.43492021167651,34.0,33,2.5012372664694715,0.8333333333333334,75.43492021167651,100.0,6.6,0.825,1.0329294401592346,0.0,8,3.479361693412102,0.6,8.263435521273877,0.0,0.0,0.0,100.0,1.0,0.0,100.0,1.0,0.0,100.0,1.0,0.0,100.0,1.0,0.0,100.0,1.0,0.0,100.0,1.0,0.0
330,actuated,5,5,902.6306666012491,145.58559138729825,2189046.174338632,273630.771792329,1523.6,37.71287128712871,65435.94661765757,1619.70164895192,40.4,2.4773835762088208,75.0,34.4,31,3.993641770840432,0.8514851485148515,75.0,100.0,6.2,0.775,0.0,0.0,8,0.0,0.2,0.0,0.0,0.0,0.0,100.0,1.0,0.0,100.0,1.0,0.0,100.0,1.0,0.0,100.0,1.0,0.0,100.0,1.0,0.0,100.0,1.0,0.0
331,actuated,5,5,556.7261169061005,111.34522338122011,1373444.7571424774,171680.59464280968,1698.8,40.44761904761905,65247.80492872497,1553.5191649696421,42.0,2.7473405343272783,75.44532554336399,36.6,32,4.582022749347737,0.8714285714285714,75.44532554336399,100.0,6.4,0.8,1.0492033174261453,0.0,8,0.0,0.0,0.0,3.5626043469119395,0.4,8.393626539409162,100.0,1.0,0.0,100.0,1.0,0.0,100.0,1.0,0.0,100.0,1.0,0.0,100.0,1.0,0.0,100.0,1.0,0.0
332,actuated,5,5,1255.658391012978,224.22471268088893,980657.655949212,122582.2069936515,1887.0,42.5,70909.7603946643,1597.0666755555023,44.4,2.3103994731292135,75.0,39.0,30,4.5160721900305845,0.8783783783783784,75.0,100.0,6.0,0.75,0.0,0.0,8,0.0,0.0,0.0,0.0,0.0,0.0,100.0,1.0,0.0,100.0,1.0,0.0,100.0,1.0,0.0,100.0,1.0,0.0,100.0,1.0,0.0,100.0,1.0,0.0
333,actuated,5,5,822.6083586616147,158.1939151272336,2936250.0551936673,367031.2568992084,2083.4,44.327659574468086,74772.97814552172,1590.9144286281216,47.0,0.9287408487343056,75.0,40.2,30,1.2679425150429073,0.8553191489361702,75.0,100.0,6.0,0.75,0.0,0.0,8,0.0,0.0,0.0,0.0,0.0,0.0,100.0,1.0,0.0,100.0,1.0,0.0,100.0,1.0,0.0,100.0,1.0,0.0,100.0,1.0,0.0,100.0,1.0,0.0
334,actuated,5,5,250.35647515250838,73.63425739779659,3216512.0258948416,402064.0032368552,2290.6,48.529661016949156,75303.10544706865,1595.4047764209458,47.2,1.506765288008137,76.34359685321101,42.6,31,2.3971206342365665,0.902542372881356,76.34359685321101,100.0,6.2,0.775,1.1629232356907064,0.0,8,10.748774825688088,0.2,9.303385885525651,0.0,0.0,0.0,100.0,1.0,0.0,100.0,1.0,0.0,100.0,1.0,0.0,100.0,1.0,0.0,100.0,1.0,0.0,100.0,1.0,0.0
335,actuated,5,5,577.6992091709271,180.53100286591473,3783706.159061648,472963.269882706,2506.2,52.87341772151899,74466.08660589237,1571.014485356379,47.4,1.9018844037915859,76.3337463406657,43.8,31,3.241738988957895,0.9240506329113924,76.3337463406657,100.0,6.2,0.775,1.1715121176790835,0.0,8,0.0,0.0,0.0,10.669970725325584,0.2,9.372096941432668,100.0,1.0,0.0,100.0,1.0,0.0,100.0,1.0,0.0,100.0,1.0,0.0,100.0,1.0,0.0,100.0,1.0,0.0
336,actuated,5,5,746.2405769543365,219.48252263362838,4819136.185750974,602392.0232188718,2727.4,54.76706827309237,75382.53289876324,1513.7054798948443,49.8,0.8310213103119585,76.24037542278757,45.6,32,2.08764187063652,0.9156626506024096,76.24037542278757,100.0,6.4,0.8,1.0907516560982913,0.0,8,9.923003382300521,0.4,8.72601324878633,0.0,0.0,0.0,100.0,1.0,0.0,100.0,1.0,0.0,100.0,1.0,0.0,100.0,1.0,0.0,100.0,1.0,0.0,100.0,1.0,0.0
337,actuated,0,5,1273.3226435488082,219.53838681876005,1753460.4312029455,219182.5539003682,1984.0,38.75,84429.8942497869,1649.0213720661504,51.2,0.5912717712215196,60.0,36.8,28,0.6170823220951536,0.71875,60.0,100.0,5.6,0.7,0.0,0.0,8,0.0,0.0,0.0,0.0,0.0,0.0,60.0,0.8,0.0,80.0,1.0,0.0,80.0,1.0,0.0,60.0,0.8,0.0,100.0,1.0,0.0,100.0,1.0,0.0
338,actuated,0,0,1029.8288511045373,139.1660609600726,4439.7758213152,554.9719776644,1515.2,30.796747967479675,87850.66540337808,1785.582630149961,49.2,1.799764354407762,41.41062635638093,24.6,23,1.316397050529423,0.5,41.41062635638093,100.0,4.6,0.575,0.8969998717775947,0.0,8,0.0,0.0,0.0,0.0,0.0,0.0,22.485057643789332,0.6,1.8870759183138142,41.72546803252317,0.8,1.6061913461510122,39.763372952443206,0.6,1.9337454844478392,27.31111222229174,0.6,1.7489862253080921,100.0,1.0,0.0,100.0,1.0,0.0
339,actuated,0,0,150.07612598022004,25.012687663370006,3557571.3800269007,444696.4225033626,1581.6,37.12676056338028,76879.12907983208,1804.6743915453542,42.6,3.207658202709377,37.56155222947257,24.4,25,2.518150503458333,0.5727699530516432,37.56155222947257,100.0,5.0,0.625,3.853204439928481,0.0,8,0.0,0.0,0.0,3.2771787167121147,0.4,8.226367874350398,11.039943549681084,0.2,9.058017330431799,23.816322175780442,0.8,5.524749930570753,31.747905856741454,0.6,4.11056439101705,30.61106753686545,1.0,3.9059359930578483,100.0,1.0,0.0,100.0,1.0,0.0
