step,control_mode,phase,prev_phase,TotalTravelTime,AvgTravelTime,TotalTravelTime_Raw,AvgTravelTime_Raw,TotalWaitingTime,AvgWaitingTime,TotalCO2,AvgCO2,VehCount,AvgSpeed,AvgOccupancy,QueueLength,Throughput,SpeedStd,HaltRatio,det_occ_mean,det_occ_max,det_veh_sum,det_veh_mean,det_speed_mean,det_speed_min,n_detectors,d0_occ,d0_veh,d0_speed,d1_occ,d1_veh,d1_speed,d2_occ,d2_veh,d2_speed,d3_occ,d3_veh,d3_speed,d4_occ,d4_veh,d4_speed,d5_occ,d5_veh,d5_speed,d6_occ,d6_veh,d6_speed,d7_occ,d7_veh,d7_speed
0,actuated,0,0,292.19349836956565,36.524187296195706,292.19349836956565,36.524187296195706,25.0,1.3888888888888888,36450.7805378993,2025.0433632166278,18.0,3.4007759110626274,6.401097980159278,4.8,8,1.7736345118653112,0.26666666666666666,6.401097980159278,25.732507098256576,1.6,0.2,3.247835182066396,0.0,8,0.0,0.0,0.0,0.0,0.0,0.0,25.732507098256576,0.6,3.360626500010574,11.123148338896272,0.2,8.990260396897916,5.110069637781862,0.4,5.025395480210453,0.0,0.0,0.0,0.0,0.0,0.0,9.243058766339516,0.4,8.606399079412222
1,actuated,0,0,208.28208424726571,26.035260530908214,208.28208424726571,26.035260530908214,48.2,2.835294117647059,36078.997589513616,2122.293975853742,17.0,4.2158336532388505,3.710371588379857,5.8,4,1.925714019115783,0.3411764705882353,3.710371588379857,11.120636720767152,0.8,0.1,3.4067444251501096,0.0,8,0.0,0.0,0.0,10.715034013837226,0.2,9.332681526802583,0.0,0.0,0.0,0.0,0.0,0.0,11.120636720767152,0.2,8.992290865257358,0.0,0.0,0.0,7.8473019724344795,0.4,8.92898300914094,0.0,0.0,0.0
2,actuated,0,0,244.39018057972967,32.15660270785917,3248.247105218921,406.03088815236515,80.0,4.25531914893617,35768.141794577044,1902.560733754098,18.8,4.106601362064295,15.558466976130171,8.2,12,2.640502149287041,0.43617021276595747,15.55846697613017,88.82886296721495,2.4,0.3,3.4503601661285996,0.0,8,0.0,0.4,0.0,20.0,0.4,3.8462697757139965,10.70140095131677,0.2,9.344570907577792,0.0,0.0,0.0,0.0,0.0,0.0,4.9374718905096415,0.4,8.58228608313948,0.0,0.0,0.0,88.82886296721495,1.0,5.829754562597529
3,actuated,0,0,271.2566840222944,38.750954860327774,431037.05891626945,53879.63236453368,126.4,6.652631578947369,34291.111196180675,1804.7953261147723,19.0,4.651784156516326,37.73629691351079,10.6,17,4.89623825363982,0.5578947368421052,37.73629691351079,100.0,3.4,0.42500000000000004,3.6605583442532206,0.0,8,99.95383483176681,1.0,3.7048729464609362,0.0,0.0,0.0,0.0,0.0,0.0,10.622176765347149,0.2,9.414266228955176,7.1962771842444795,0.2,9.15265267584473,0.0,0.0,0.0,84.1180865267279,1.0,7.012674902764922,100.0,1.0,0.0
4,actuated,0,0,274.0008935310664,40.29424904868624,1200274.000893531,150034.25011169136,182.2,9.01980198019802,35612.607819479745,1763.0003871029576,20.2,4.715394001950878,37.5,12.2,16,5.194963135983029,0.6039603960396039,37.5,100.0,3.2,0.4,0.0,0.0,8,100.0,1.0,0.0,0.0,0.0,0.0,0.0,0.0,0.0,0.0,0.0,0.0,0.0,0.2,0.0,0.0,0.0,0.0,100.0,1.0,0.0,100.0,1.0,0.0
5,actuated,0,0,523.2271950935465,72.67044376299256,800523.2271950936,100065.4033993867,245.2,11.045045045045045,39158.52185762476,1763.8973809740883,22.2,3.7226158080230456,39.22878858730563,14.0,17,4.25229185492557,0.6306306306306306,39.22878858730563,100.0,3.4,0.42500000000000004,2.156722614308832,0.0,8,100.0,1.0,0.0,0.0,0.0,0.0,11.204759278457459,0.2,8.924778972473101,0.0,0.0,0.0,2.6255494199875784,0.2,8.329001941997555,0.0,0.0,0.0,100.0,1.0,0.0,100.0,1.0,0.0
6,actuated,0,0,720.8250565492489,94.84540217753275,1019791.9624148902,127473.99530186127,316.4,12.169230769230769,45963.81032822736,1767.8388587779752,26.0,2.5885202397285796,39.0054395836961,15.6,18,2.2833769561360207,0.6,39.0054395836961,100.0,3.5999999999999996,0.45,2.111787876132211,0.0,8,100.0,1.0,0.0,0.8867395967905622,0.2,7.931141036054489,11.156777072778254,0.2,8.9631619730032,0.0,0.0,0.0,0.0,0.2,0.0,0.0,0.0,0.0,100.0,1.0,0.0,100.0,1.0,0.0
7,actuated,0,0,532.9886211113906,66.62357763892382,532.9886211113906,66.62357763892382,398.2,14.120567375886525,49674.625391483714,1761.5115387050962,28.2,2.658341866625008,51.081908847725686,18.0,22,2.521345167675697,0.6382978723404256,51.081908847725686,100.0,4.4,0.55,1.1215998070081699,0.0,8,100.0,1.0,0.0,100.0,1.0,0.0,0.0,0.0,0.0,0.0,0.0,0.0,0.0,0.0,0.0,8.655270781805484,0.4,8.972798456065359,100.0,1.0,0.0,100.0,1.0,0.0
8,actuated,4,0,488.58673954499375,66.0252350736478,4495.4138670476905,561.9267333809613,178.6,6.201388888888889,51330.92195107629,1782.3236788568158,28.8,2.5182343327218826,38.917436281114206,11.8,19,2.2813553252341032,0.4097222222222222,38.917436281114206,100.0,3.8,0.475,1.0813418993493544,0.0,8,60.0,0.8,0.0,100.0,1.0,0.0,0.0,0.0,0.0,11.339490248913648,0.2,8.650735194794835,0.0,0.0,0.0,0.0,0.0,0.0,80.0,1.0,0.0,60.0,0.8,0.0
9,actuated,4,4,238.7155633586129,34.102223336944704,1032665.2539537679,129083.15674422099,109.4,3.9927007299270074,52442.22717559227,1913.949896919426,27.4,3.4199314100433975,25.718347291520796,7.4,17,3.397522885495515,0.27007299270072993,25.7183472915208,100.0,3.4000000000000004,0.425,2.782364685308364,0.0,8,28.924942053764653,0.6,1.9338596897445914,100.0,1.0,0.0,9.736732757573918,0.2,8.455439870338887,0.0,0.2,0.0,12.475787497068609,0.2,8.015526075888728,0.0,0.0,0.0,25.52528689729172,0.6,1.9547225797529442,29.0840291264675,0.6,1.8993692667417597
10,actuated,4,4,233.88484945607766,33.41212135086824,1000233.8848494561,125029.23560618202,149.4,5.928571428571429,47556.91477463362,1887.1791577235563,25.2,4.135743361393133,26.882681690618426,9.6,22,3.9517286351896623,0.38095238095238093,26.882681690618426,100.0,4.4,0.55,2.1988470710316674,0.0,8,20.75511860150243,0.8,3.7977174881029496,100.0,1.0,0.0,0.0,0.2,0.0,0.0,0.0,0.0,46.10567329010223,0.6,5.988763860403855,0.0,0.0,0.0,24.83605757854832,1.0,3.892245390430417,23.364604054794427,0.8,3.9120498293161186
11,actuated,4,4,370.75932225558734,56.17565488721021,1200599.3109366796,150074.91386708495,191.8,8.267241379310345,41044.476352194135,1769.1584634566439,23.2,2.4238816980869986,38.69924423862244,10.6,21,2.037648401152965,0.45689655172413796,38.69924423862244,100.0,4.2,0.525,3.676071616845631,0.0,8,0.0,0.0,0.0,100.0,1.0,0.0,68.01827336913107,0.8,5.613472642613032,0.0,0.0,0.0,100.0,1.0,0.0,5.548196631721112,0.4,8.868470592051745,11.098223672161112,0.2,9.010450947284559,24.92926023596624,0.8,5.916178752815709
12,actuated,4,4,577.8563202632125,84.97887062694302,289414.26892369176,36176.78361546147,240.8,9.868852459016393,43408.44819072939,1779.034761915139,24.4,2.079489179406436,40.97623487517218,13.8,18,1.639908990385865,0.5655737704918032,40.97623487517218,100.0,3.6,0.45,0.24301039936253802,0.0,8,27.809879001377453,0.6,1.9440831949003041,100.0,1.0,0.0,100.0,1.0,0.0,0.0,0.0,0.0,100.0,1.0,0.0,0.0,0.0,0.0,0.0,0.0,0.0,0.0,0.0,0.0
13,actuated,4,4,510.3624119645535,72.90891599493621,974023.2602251752,121752.9075281469,310.6,11.58955223880597,48935.312061760524,1825.9444799164373,26.8,2.576284409053191,40.99473723424054,15.2,22,2.583571225138509,0.5671641791044776,40.994737234240546,100.0,4.4,0.5499999999999999,3.534212247115355,0.0,8,6.655029974188551,0.2,2.056406079108119,100.0,1.0,0.0,100.0,1.0,0.0,4.236397763052651,0.4,9.09816040880978,100.0,1.0,0.0,0.0,0.0,0.0,8.2137050808916,0.4,8.551938111241906,8.852765055791565,0.4,8.567193377763033
14,actuated,5,4,555.8702244212698,84.22276127594996,1006964.897350074,125870.61216875925,237.6,8.93233082706767,43842.20835727714,1648.2033217021478,26.6,1.6646315171819264,46.502153807566344,14.0,21,1.232746829945987,0.5263157894736842,46.502153807566344,100.0,4.2,0.525,1.0401731115213981,0.0,8,80.0,1.0,0.0,80.0,1.0,0.0,100.0,1.0,0.0,12.017230460530754,0.2,8.321384892171185,100.0,1.0,0.0,0.0,0.0,0.0,0.0,0.0,0.0,0.0,0.0,0.0
15,actuated,5,5,749.9496012792949,107.13565732561356,646216.4708968021,80777.05886210027,282.4,9.805555555555555,48470.95429800793,1683.0192464586087,28.8,1.5767871604687425,39.784377272593545,15.8,19,1.328785378082922,0.5486111111111112,39.784377272593545,100.0,3.8000000000000003,0.475,2.287823491186328,0.0,8,33.77819580940695,0.6,2.1019131165817297,16.514920142170126,0.4,3.0610223064280766,100.0,1.0,0.0,0.0,0.0,0.0,100.0,1.0,0.0,0.0,0.0,0.0,11.35188184895469,0.2,8.809112121723523,56.63002038021659,0.6,4.330540384757295
16,actuated,5,5,460.9302037285993,65.84717196122847,1000460.9302037284,125057.61627546605,368.0,13.237410071942445,48490.83379381271,1744.2745968997378,27.8,1.9484302561126312,40.0,18.8,19,1.7864782006269746,0.6762589928057554,40.0,100.0,3.8,0.475,0.7321501130697101,0.0,8,0.0,0.4,0.0,20.0,0.4,5.857200904557681,100.0,1.0,0.0,0.0,0.0,0.0,100.0,1.0,0.0,0.0,0.0,0.0,0.0,0.0,0.0,100.0,1.0,0.0
17,actuated,5,5,625.1964440953495,78.14955551191869,625.1964440953495,78.14955551191869,458.8,15.5,51394.77558117612,1736.3099858505448,29.6,3.2857336629773988,39.52148897097622,19.0,16,4.183216539128358,0.6418918918918919,39.52148897097622,100.0,3.2,0.4,0.5871591795553347,0.0,8,0.0,0.0,0.0,0.0,0.0,0.0,100.0,1.0,0.0,0.0,0.0,0.0,100.0,1.0,0.0,16.171911767809775,0.2,4.697273436442678,0.0,0.0,0.0,100.0,1.0,0.0
18,actuated,5,5,612.7221571576132,76.59026964470165,612.7221571576132,76.59026964470165,558.6,17.67721518987342,53579.90184977476,1695.5665142333785,31.6,3.1378415152489323,62.82045467534509,22.0,26,4.2959172818815885,0.6962025316455697,62.82045467534509,100.0,5.2,0.65,1.7544743476219011,0.0,8,11.581743618426685,0.2,8.634278507158358,0.0,0.0,0.0,100.0,1.0,0.0,0.0,0.0,0.0,100.0,1.0,0.0,100.0,1.0,0.0,90.98189378433403,1.0,5.40151627381685,100.0,1.0,0.0
19,actuated,5,5,1154.8193496983972,148.0537627818458,201154.8193496984,25144.3524187123,674.0,19.257142857142856,58389.485742102595,1668.2710212029315,35.0,1.8439473267760924,64.12421554233823,25.0,28,2.5067090697863965,0.7142857142857143,64.12421554233823,100.0,5.6,0.7,1.7573675435705112,0.0,8,3.251764891884932,0.4,8.79551400206983,0.0,0.0,0.0,100.0,1.0,0.0,9.741959446820943,0.2,5.26342634649426,100.0,1.0,0.0,100.0,1.0,0.0,100.0,1.0,0.0,100.0,1.0,0.0
20,actuated,5,5,761.1475965182286,111.9334700762101,571352.1252222093,71419.01565277616,803.2,22.065934065934066,60248.504081778614,1655.1786835653465,36.4,1.4052993275129397,75.0,27.2,30,1.38042780190207,0.7472527472527473,75.0,100.0,6.0,0.75,0.0,0.0,8,0.0,0.0,0.0,0.0,0.0,0.0,100.0,1.0,0.0,100.0,1.0,0.0,100.0,1.0,0.0,100.0,1.0,0.0,100.0,1.0,0.0,100.0,1.0,0.0
21,actuated,5,5,635.1803852428784,113.42506879337115,1621015.3405055653,202626.91756319566,945.8,24.25128205128205,63030.34515500341,1616.1626962821388,39.0,1.9062790161604528,75.81129265133065,30.6,32,2.5144341179029768,0.7846153846153846,75.81129265133065,100.0,6.4,0.8,1.1096445541363207,0.0,8,6.49034121064517,0.4,8.877156433090565,0.0,0.0,0.0,100.0,1.0,0.0,100.0,1.0,0.0,100.0,1.0,0.0,100.0,1.0,0.0,100.0,1.0,0.0,100.0,1.0,0.0
22,actuated,5,5,1223.7239204722487,179.95940006944835,860504.6677930944,107563.0834741368,1102.0,27.142857142857142,68132.82377362407,1678.1483688084747,40.6,2.3912961558357786,77.05233213146555,32.0,32,3.708099685476827,0.7881773399014779,77.05233213146556,100.0,6.4,0.8,2.2366710275062527,0.0,8,5.514285741438698,0.2,8.722734062932433,10.904371310285796,0.2,9.170634157117588,100.0,1.0,0.0,100.0,1.0,0.0,100.0,1.0,0.0,100.0,1.0,0.0,100.0,1.0,0.0,100.0,1.0,0.0
23,actuated,5,5,690.133291108005,115.0222151846675,1317819.4943582846,164727.43679478558,1265.8,30.282296650717704,67150.57176802686,1606.4730088044703,41.8,2.647786710180296,75.0,34.8,31,4.501234204217768,0.8325358851674641,75.0,100.0,6.2,0.775,0.0,0.0,8,0.0,0.2,0.0,0.0,0.0,0.0,100.0,1.0,0.0,100.0,1.0,0.0,100.0,1.0,0.0,100.0,1.0,0.0,100.0,1.0,0.0,100.0,1.0,0.0
24,actuated,5,5,1514.89046825386,216.4129240362657,801727.5826965519,100215.94783706899,1442.6,31.77533039647577,72761.67267436754,1602.6800148539105,45.4,2.6668299676209246,76.14782558162375,37.0,32,4.609341526418528,0.8149779735682819,76.14782558162375,100.0,6.4,0.8,1.0908155425917359,0.0,8,9.182604652989994,0.4,8.726524340733887,0.0,0.0,0.0,100.0,1.0,0.0,100.0,1.0,0.0,100.0,1.0,0.0,100.0,1.0,0.0,100.0,1.0,0.0,100.0,1.0,0.0
25,actuated,5,5,937.276241224927,126.65895151688203,3686.1469522118955,460.76836902648694,1632.4,34.731914893617024,74344.95884063195,1581.8076349070627,47.0,2.715025504840238,75.0,39.2,30,4.455348406378394,0.8340425531914893,75.0,100.0,6.0,0.75,0.0,0.0,8,0.0,0.0,0.0,0.0,0.0,0.0,100.0,1.0,0.0,100.0,1.0,0.0,100.0,1.0,0.0,100.0,1.0,0.0,100.0,1.0,0.0,100.0,1.0,0.0
26,actuated,5,5,1525.557901723937,238.36842214436516,713020.1645525832,89127.5205690729,1835.2,36.41269841269841,81014.40626247009,1607.4286956839305,50.4,1.6002980736890464,76.45918300747091,42.6,31,3.2137143226926166,0.8452380952380952,76.45918300747091,100.0,6.2,0.775,1.070804684539302,0.0,8,11.673464059767298,0.2,8.566437476314416,0.0,0.0,0.0,100.0,1.0,0.0,100.0,1.0,0.0,100.0,1.0,0.0,100.0,1.0,0.0,100.0,1.0,0.0,100.0,1.0,0.0
27,actuated,5,5,893.7189703912724,171.86903276755237,1025621.4008073425,128202.67510091781,2052.2,39.465384615384615,81378.84065880986,1564.9777049771128,52.0,1.1573566094434287,75.0,45.4,30,1.7197031693901654,0.8730769230769231,75.0,100.0,6.0,0.75,0.0,0.0,8,0.0,0.0,0.0,0.0,0.0,0.0,100.0,1.0,0.0,100.0,1.0,0.0,100.0,1.0,0.0,100.0,1.0,0.0,100.0,1.0,0.0,100.0,1.0,0.0
28,actuated,5,5,1271.2024462806814,235.4078604223484,2172351.9808490253,271543.99760612816,2286.0,41.26353790613718,88771.92501524556,1602.3813179647213,55.4,1.5159915013411527,75.15181797427921,48.0,32,2.370949310364324,0.8664259927797834,75.15181797427921,100.0,6.4,0.8,1.0891243742895313,0.0,8,1.2145437942336912,0.4,8.71299499431625,0.0,0.0,0.0,100.0,1.0,0.0,100.0,1.0,0.0,100.0,1.0,0.0,100.0,1.0,0.0,100.0,1.0,0.0,100.0,1.0,0.0
29,actuated,5,5,688.4014982329585,172.10037455823962,6291229.420152521,786403.6775190651,2531.0,45.0355871886121,87172.81664708343,1551.1177339338687,56.2,1.4561980756954698,76.1507776343312,50.8,32,2.726846770537875,0.9039145907473309,76.1507776343312,100.0,6.4,0.8,1.1504902576678435,0.0,8,0.0,0.0,0.0,9.206221074649648,0.4,9.203922061342748,100.0,1.0,0.0,100.0,1.0,0.0,100.0,1.0,0.0,100.0,1.0,0.0,100.0,1.0,0.0,100.0,1.0,0.0
30,actuated,5,5,1229.7113704654325,307.42784261635813,4539066.475991485,567383.3094989356,2791.6,46.372093023255815,94677.09911087097,1572.7092875559963,60.2,0.7012685353672269,76.20468823503295,54.0,31,1.5288896778367507,0.8970099667774086,76.20468823503295,100.0,6.2,0.775,1.0445020999526606,0.0,8,9.637505880263575,0.2,8.356016799621285,0.0,0.0,0.0,100.0,1.0,0.0,100.0,1.0,0.0,100.0,1.0,0.0,100.0,1.0,0.0,100.0,1.0,0.0,100.0,1.0,0.0
31,actuated,0,5,1051.5702453836511,194.73523062660206,429867.979085093,53733.49738563663,1974.4,33.23905723905724,96722.6105233508,1628.3267764873872,59.4,0.902928124342093,60.0,44.2,29,1.2771499302154097,0.7441077441077442,60.0,100.0,5.8,0.725,0.0,0.0,8,0.0,0.2,0.0,0.0,0.0,0.0,60.0,0.8,0.0,60.0,0.8,0.0,80.0,1.0,0.0,80.0,1.0,0.0,100.0,1.0,0.0,100.0,1.0,0.0
32,actuated,0,0,379.5357582546578,63.25595970910964,2508533.344847562,313566.6681059452,1310.0,23.309608540925268,96476.20657888254,1716.6584800512908,56.2,1.4891028921607514,42.34830556920201,31.8,23,1.2602862722277124,0.5658362989323843,42.34830556920201,100.0,4.6,0.575,2.0134213662150264,0.0,8,12.032122552774354,0.2,8.311085559624898,0.0,0.0,0.0,37.33908055347683,0.6,1.7682917959858393,29.0011667241572,0.6,2.106519118894803,39.96651560984105,0.6,2.1103616017553795,20.44755911336665,0.6,1.8111128534592928,100.0,1.0,0.0,100.0,1.0,0.0
33,actuated,0,0,216.18529582623978,36.03088263770663,2000216.1852958258,250027.02316197823,1257.0,24.080459770114942,94162.49549722423,1803.8792240847552,52.2,2.2013434475364506,45.58187628507298,25.4,30,1.5516209642500363,0.48659003831417624,45.58187628507298,100.0,6.0,0.75,3.742775125576622,0.0,8,30.734270131222274,0.4,5.356188568306641,11.620228892943487,0.2,8.605682462995725,27.151141446961446,0.8,3.733594231154843,29.927691138015007,1.0,3.9842300477658528,22.296462631447866,0.8,4.079413390318759,42.92521603999376,0.8,4.183092304071154,100.0,1.0,0.0,100.0,1.0,0.0
34,actuated,0,0,312.61859595656966,60.11896076087878,2290295.3133356706,286286.9141669588,1388.8,28.11336032388664,83574.38581961686,1691.78918663192,49.4,1.9550010198621042,49.151043282538325,28.8,28,1.8936654459914934,0.582995951417004,49.151043282538325,100.0,5.6,0.7,3.0483577228232166,0.0,8,100.0,1.0,0.0,0.0,0.0,0.0,4.535800270958816,0.6,5.341272747317409,0.6929744065871546,0.4,8.808125586714596,62.29477860755196,0.8,5.437776854723172,25.684792975208666,0.8,4.799686593830558,100.0,1.0,0.0,100.0,1.0,0.0
35,actuated,0,0,377.9152926381863,69.98431345151597,2400647.44991135,300080.93123891874,1554.8,32.12396694214876,77821.47420654679,1607.8816984823716,48.4,1.5482273152243025,67.30084588229062,36.4,31,1.6920576611484106,0.7520661157024794,67.30084588229062,100.0,6.2,0.775,1.7017302160147576,0.0,8,100.0,1.0,0.0,0.0,0.0,0.0,14.363545735679963,0.8,6.55327367837177,24.043221322644968,0.4,7.0605680497462915,100.0,1.0,0.0,100.0,1.0,0.0,100.0,1.0,0.0,100.0,1.0,0.0
36,actuated,4,0,1073.7944849976204,178.9657474996034,113790.1919739136,14223.7739967392,1071.4,21.68825910931174,82192.17136702643,1663.8091369843405,49.4,1.0464725891660374,69.35284205953323,34.0,33,1.3315193725946806,0.6882591093117408,69.35284205953323,100.0,6.6,0.825,1.8316916049597458,0.0,8,60.0,0.8,0.0,81.26747166457676,1.0,7.276325430659502,13.555264811689085,0.2,7.377207409018465,80.0,1.0,0.0,100.0,1.0,0.0,100.0,1.0,0.0,60.0,0.8,0.0,60.0,0.8,0.0
37,actuated,4,4,572.1856083924934,81.74080119892763,2269707.171153824,283713.396394228,522.0,10.92050209205021,79310.33461555533,1659.2120212459274,47.8,1.3466714124903618,54.272776826689004,26.4,27,1.0869569270594166,0.5523012552301255,54.27277682668901,100.0,5.3999999999999995,0.675,1.8727832665674897,0.0,8,65.94630065118508,0.8,4.237805279697857,100.0,1.0,0.0,13.42830824427324,0.4,7.203318988790177,0.0,0.0,0.0,100.0,1.0,0.0,100.0,1.0,0.0,26.66902935706389,0.6,1.7317192743708563,28.138576360989873,0.6,1.8094225896810276
38,actuated,4,4,903.8941725530725,115.88386827603495,200903.89417255303,25112.98677156913,338.2,7.257510729613734,83714.53228944565,1796.4491907606362,46.6,1.64138098047165,55.82259449742751,24.8,29,0.8726307368735419,0.5321888412017167,55.8225944974275,100.0,5.8,0.7250000000000001,1.6626548196194149,0.0,8,100.0,1.0,0.0,100.0,1.0,0.0,11.057098576294493,0.2,5.3488117485348985,0.0,0.0,0.0,100.0,1.0,0.0,100.0,1.0,0.0,17.87408542383787,0.8,3.985905448970308,17.649571979287657,0.8,3.9665213594501125
39,actuated,4,4,786.6691201725738,135.63260692630584,111118.72634578419,13889.840793223024,440.2,9.69603524229075,78668.79903058326,1732.7929301890588,45.4,1.3466285986769724,80.09014649024807,27.0,37,1.5714446940333795,0.5947136563876652,80.09014649024806,100.0,7.3999999999999995,0.925,1.9832239934439306,0.0,8,100.0,1.0,0.0,100.0,1.0,0.0,100.0,1.0,0.0,93.45510251203905,1.0,4.668925748603424,100.0,1.0,0.0,100.0,1.0,0.0,30.734184075207622,0.6,5.811453763716084,16.531885334737808,0.8,5.385412435231936
40,actuated,4,4,400.68160925959444,77.05415562684509,2395542.296374091,299442.78704676137,579.6,12.9375,80404.3896962457,1794.7408414340555,44.8,1.663328497927584,80.94687389724655,29.2,37,2.0161436031106974,0.6517857142857143,80.94687389724655,100.0,7.3999999999999995,0.925,1.7316000673343472,0.0,8,100.0,1.0,0.0,100.0,1.0,0.0,100.0,1.0,0.0,100.0,1.0,0.0,100.0,1.0,0.0,100.0,1.0,0.0,18.633793869645388,0.8,7.069208681863029,28.94119730832699,0.6,6.783591856811748
41,actuated,4,4,303.33244411313996,68.93919184389544,2822557.543517907,352819.6929397384,726.4,16.814814814814813,71716.44988020512,1660.1030064862296,43.2,1.5332703318514143,79.44600192877218,31.2,38,2.0731571167133103,0.7222222222222222,79.44600192877218,100.0,7.6,0.95,1.838335019963587,0.0,8,100.0,1.0,0.0,100.0,1.0,0.0,100.0,1.0,0.0,100.0,1.0,0.0,100.0,1.0,0.0,100.0,1.0,0.0,15.17151351366465,0.8,6.832556876189031,20.39650191651276,0.8,7.8741232835196655
42,actuated,4,4,999.0858104529594,161.14287265370314,1710101.8321279273,213762.72901599092,885.0,20.298165137614678,75222.82715988872,1725.2942009148787,43.6,1.6093465377310978,76.72683474150759,32.8,34,1.951410780094123,0.7522935779816514,76.72683474150759,100.0,6.800000000000001,0.85,2.193306905403733,0.0,8,100.0,1.0,0.0,100.0,1.0,0.0,100.0,1.0,0.0,100.0,1.0,0.0,100.0,1.0,0.0,100.0,1.0,0.0,4.10171348062363,0.4,8.51245949594304,9.712964451437074,0.4,9.033995747286827
43,actuated,4,4,1130.3322141574477,166.22532561138937,50867.890404957034,6358.486300619629,1046.8,22.85589519650655,77494.24583108594,1692.0141011154135,45.8,1.5340358602701092,76.5954976894318,33.8,34,1.9338736225420534,0.7379912663755459,76.5954976894318,100.0,6.800000000000001,0.85,2.1815578770358117,0.0,8,100.0,1.0,0.0,100.0,1.0,0.0,100.0,1.0,0.0,100.0,1.0,0.0,100.0,1.0,0.0,100.0,1.0,0.0,8.436927739678595,0.4,8.603417357522993,4.3270537757757666,0.4,8.8490456587635
44,actuated,4,4,1112.6649694494088,168.5856014317286,471679.00573505677,58959.875716882096,1220.4,25.425,81677.23986396087,1701.6091638325183,48.0,1.5638494374892193,77.59824417960871,36.6,33,1.892940794499803,0.7625,77.59824417960871,100.0,6.6000000000000005,0.825,2.2665391436947893,0.0,8,100.0,1.0,0.0,100.0,1.0,0.0,100.0,1.0,0.0,100.0,1.0,0.0,100.0,1.0,0.0,100.0,1.0,0.0,9.764683449584481,0.4,9.058948635725898,11.021269987285223,0.2,9.073364513832418
45,actuated,4,4,1180.8054368918913,184.500849514358,1348307.9079398862,168538.48849248578,1404.6,28.318548387096776,83700.5674748467,1687.511441025135,49.6,1.6809823853337047,77.2183012479023,38.0,33,2.1144153515586335,0.7661290322580645,77.2183012479023,100.0,6.6000000000000005,0.825,2.237785765943459,0.0,8,100.0,1.0,0.0,100.0,1.0,0.0,100.0,1.0,0.0,100.0,1.0,0.0,100.0,1.0,0.0,100.0,1.0,0.0,10.926646814741616,0.2,9.151938531140736,6.819763168476811,0.4,8.750347596406936
46,actuated,4,4,709.8381003229572,141.96762006459144,2196858.7977559706,274607.3497194963,1600.2,31.75,82317.93170256469,1633.2922956858074,50.4,1.6123567628449496,76.30793169416194,41.0,34,2.4250453326357495,0.8134920634920635,76.30793169416194,100.0,6.800000000000001,0.85,2.2100795171572827,0.0,8,100.0,1.0,0.0,100.0,1.0,0.0,100.0,1.0,0.0,100.0,1.0,0.0,100.0,1.0,0.0,100.0,1.0,0.0,7.731251958762186,0.4,9.179083003196867,2.732201594533308,0.4,8.501553134061394
47,actuated,4,4,911.3628802536444,168.77090375067488,6468304.027546704,808538.003443338,1808.0,34.372623574144484,85796.11100041971,1631.1047718710972,52.6,1.5037251797939803,77.24970290450798,42.8,33,2.119331700688989,0.8136882129277566,77.24970290450798,100.0,6.6000000000000005,0.825,2.146711215388516,0.0,8,100.0,1.0,0.0,100.0,1.0,0.0,100.0,1.0,0.0,100.0,1.0,0.0,100.0,1.0,0.0,100.0,1.0,0.0,6.4718443785568525,0.4,8.497486471571028,11.52577885750702,0.2,8.676203251537101
48,actuated,4,4,820.2323340532303,151.89487667652412,2155432.8157439665,269429.1019679958,2026.2,38.52091254752852,84935.11146160199,1614.7359593460453,52.6,1.5316689139023663,76.03700562524793,46.0,32,2.338871374672401,0.8745247148288974,76.03700562524793,100.0,6.4,0.8,1.1069919809582645,0.0,8,100.0,1.0,0.0,100.0,1.0,0.0,100.0,1.0,0.0,100.0,1.0,0.0,100.0,1.0,0.0,100.0,1.0,0.0,0.0,0.0,0.0,8.29604500198343,0.4,8.855935847666116
49,actuated,4,4,994.6034401430667,171.4833517488046,2398279.906576407,299784.9883220509,2256.4,40.292857142857144,90746.58969389557,1620.4748159624207,56.0,1.4502737952025142,77.05602945510392,46.6,32,1.986278925736471,0.8321428571428572,77.05602945510392,100.0,6.4,0.8,2.2124353689006764,0.0,8,100.0,1.0,0.0,100.0,1.0,0.0,100.0,1.0,0.0,100.0,1.0,0.0,100.0,1.0,0.0,100.0,1.0,0.0,5.904088668260101,0.2,8.215548379719257,10.544146972571298,0.2,9.483934571486154
50,actuated,4,4,393.0358042955924,103.43047481462959,3516758.641710115,439594.8302137644,2498.0,45.09025270758123,86431.7541834182,1560.1399672097148,55.4,1.1292462114421156,75.0,50.2,31,1.7887346931134582,0.9061371841155235,75.0,100.0,6.2,0.775,0.0,0.0,8,100.0,1.0,0.0,100.0,1.0,0.0,100.0,1.0,0.0,100.0,1.0,0.0,100.0,1.0,0.0,100.0,1.0,0.0,0.0,0.2,0.0,0.0,0.0,0.0
51,actuated,4,4,844.1968210886595,211.04920527216487,3883926.6359804026,485490.8294975503,2753.0,47.302405498281786,93422.05466918726,1605.1899427695407,58.2,1.35206494506518,76.67375872593638,52.2,32,2.2431249380002525,0.8969072164948454,76.67375872593638,100.0,6.4,0.8,2.251305380882698,0.0,8,100.0,1.0,0.0,100.0,1.0,0.0,100.0,1.0,0.0,100.0,1.0,0.0,100.0,1.0,0.0,100.0,1.0,0.0,2.0759525306561954,0.2,9.171927628386765,11.31411727683485,0.2,8.838515418674822
52,actuated,4,4,642.527877427238,146.02906305164498,4524416.223374456,565552.027921807,3015.0,49.588815789473685,95040.83727852377,1563.1716657651937,60.8,1.019445383292677,75.0,53.6,31,1.5208125849767413,0.881578947368421,75.0,100.0,6.2,0.775,0.0,0.0,8,100.0,1.0,0.0,100.0,1.0,0.0,100.0,1.0,0.0,100.0,1.0,0.0,100.0,1.0,0.0,100.0,1.0,0.0,0.0,0.2,0.0,0.0,0.0,0.0
53,actuated,0,4,1393.72145007644,217.76897657444374,291113.51925244567,36389.18990655571,2278.4,37.10749185667753,99875.41020179549,1626.6353453061156,61.4,0.9680791234826621,56.55125422718868,45.4,27,1.2171208545141992,0.739413680781759,56.55125422718868,100.0,5.3999999999999995,0.675,1.0072494711790096,0.0,8,100.0,1.0,0.0,100.0,1.0,0.0,60.0,0.8,0.0,60.0,0.8,0.0,60.0,0.8,0.0,60.0,0.8,0.0,0.0,0.0,0.0,12.41003381750943,0.2,8.057995769432077
54,actuated,0,0,734.4405904131146,111.2788773353204,750661.5291584182,93832.69114480227,1441.6,24.187919463087248,103796.90087098983,1741.5587394461381,59.6,1.271435909603969,40.76148714122141,33.4,23,1.0225785352840786,0.5604026845637584,40.76148714122141,100.0,4.6000000000000005,0.575,1.9736413346972679,0.0,8,100.0,1.0,0.0,100.0,1.0,0.0,29.883646615968473,0.6,1.7729827877912974,31.45428712449757,0.6,2.052513976305652,27.095755365538707,0.6,1.9057772377639017,25.36826964370789,0.6,1.921119378298642,12.28993838005863,0.2,8.13673729741865,0.0,0.0,0.0
55,actuated,0,0,423.83767310106305,64.21782925773682,2170407.8575961003,271300.98219951254,1220.8,22.523985239852397,97619.37968379536,1801.0955661216856,54.2,1.8528004344453666,46.92946092389775,25.8,32,1.2435410089310364,0.47601476014760147,46.92946092389775,100.0,6.3999999999999995,0.8,2.951946599582576,0.0,8,100.0,1.0,0.0,100.0,1.0,0.0,11.251530275892492,0.8,4.091104439090037,23.442843012372805,0.8,4.305504026509119,23.67513969422589,1.0,3.7111706148275285,35.54198615664859,0.8,4.031219359810832,0.0,0.0,0.0,81.52418825204222,1.0,7.476574356423093
56,actuated,0,0,743.7817136753122,109.37966377578121,963934.0433688613,120491.75542110766,1327.6,25.43295019157088,90689.25726027573,1737.3420931087303,52.2,2.140985023442848,58.509438244469436,27.0,33,1.6604954763978321,0.5172413793103449,58.509438244469436,100.0,6.6000000000000005,0.825,3.0870120585807572,0.0,8,100.0,1.0,0.0,100.0,1.0,0.0,17.086381333788268,0.6,4.832523495471584,17.514840008201418,0.6,4.765287849076426,12.66117173147677,0.6,5.590431468599096,21.204703927119226,0.8,5.5970992140450715,99.6084089551698,1.0,3.9107544414538795,100.0,1.0,0.0
57,actuated,0,0,657.8479513121821,106.1045082761584,2090544.6969753336,261318.0871219167,1484.6,27.492592592592594,88199.02592537463,1633.315294914345,54.0,1.4692992668178577,91.30864528048932,36.4,38,1.4512572281475293,0.674074074074074,91.30864528048932,100.0,7.6,0.95,0.8200132106620084,0.0,8,100.0,1.0,0.0,100.0,1.0,0.0,100.0,1.0,0.0,100.0,1.0,0.0,30.469162243914525,0.6,6.560105685296067,100.0,1.0,0.0,100.0,1.0,0.0,100.0,1.0,0.0
58,actuated,5,0,1075.044520440875,173.3942774904637,370012.83125528897,46251.60390691112,961.2,17.604395604395606,84766.70480803444,1552.5037510629018,54.6,1.0112135523228092,83.00340645687498,34.8,38,1.0275999310295139,0.6373626373626373,83.00340645687498,100.0,7.6,0.95,0.7708995378956124,0.0,8,60.0,0.8,0.0,80.0,1.0,0.0,100.0,1.0,0.0,100.0,1.0,0.0,64.02725165499987,1.0,6.167196303164899,100.0,1.0,0.0,60.0,0.8,0.0,100.0,1.0,0.0
59,actuated,5,5,606.675085461276,97.85082023568968,1028385.3010094354,128548.16262617943,488.6,8.981617647058824,91444.29450420632,1680.9612960332045,54.4,0.869174985308789,78.52929017027577,34.8,35,0.6786352608614359,0.6397058823529411,78.52929017027577,100.0,7.0,0.875,0.7613426998348697,0.0,8,23.374467351488875,0.6,1.8760858529769469,38.17923070585152,0.6,2.208149133203911,100.0,1.0,0.0,100.0,1.0,0.0,100.0,1.0,0.0,100.0,1.0,0.0,66.68062330486578,0.8,2.0065066124980993,100.0,1.0,0.0
60,actuated,5,5,1156.357001859708,160.60513914718166,1275948.9959458509,159493.62449323136,419.4,7.709558823529412,92832.25445131873,1706.4752656492412,54.4,1.0329647014993744,83.38116845543396,31.0,37,0.8412001771502329,0.5698529411764706,83.38116845543396,100.0,7.4,0.925,1.0457303602546668,0.0,8,36.264727750744896,0.8,4.17101767970826,30.784619892726823,0.6,4.194825202329074,100.0,1.0,0.0,100.0,1.0,0.0,100.0,1.0,0.0,100.0,1.0,0.0,100.0,1.0,0.0,100.0,1.0,0.0
61,actuated,5,5,981.8959719758111,136.37444055219598,497726.47884327825,62215.80985540978,562.2,10.488805970149254,95725.52546269319,1785.9239825129325,53.6,1.4704918838000463,77.31854602985806,33.6,38,1.5252194327959783,0.6268656716417911,77.31854602985806,100.0,7.6,0.95,1.4417522126220967,0.0,8,8.84189925551027,0.8,5.83031482784709,9.70646898335417,0.8,5.703702873129684,100.0,1.0,0.0,100.0,1.0,0.0,100.0,1.0,0.0,100.0,1.0,0.0,100.0,1.0,0.0,100.0,1.0,0.0
62,actuated,5,5,1268.8264015781099,181.26091451115855,835303.8041322154,104412.97551652693,737.0,13.958333333333334,91544.05815285152,1733.7889801676424,52.8,1.760974042476145,80.27374169032186,37.2,37,2.2312169712981573,0.7045454545454546,80.27374169032186,100.0,7.4,0.925,1.7646307172887101,0.0,8,28.13184438312419,0.6,7.11293535986507,14.058089139450658,0.8,7.00411037844461,100.0,1.0,0.0,100.0,1.0,0.0,100.0,1.0,0.0,100.0,1.0,0.0,100.0,1.0,0.0,100.0,1.0,0.0
63,actuated,5,5,1091.0040431205073,160.44177104713341,258741.61900342273,32342.70237542784,927.4,18.32806324110672,83092.88898818436,1642.1519562882283,50.6,1.9980806153879598,81.1436747191331,39.2,35,2.779450349460169,0.7747035573122529,81.14367471913312,100.0,7.0,0.875,1.95051403319086,0.0,8,25.243746769504014,0.6,7.206509137443714,23.905650983560918,0.4,8.397603128083166,100.0,1.0,0.0,100.0,1.0,0.0,100.0,1.0,0.0,100.0,1.0,0.0,100.0,1.0,0.0,100.0,1.0,0.0
64,actuated,5,5,1201.7402331832795,200.29003886387991,1097637.9241333453,137204.74051666816,1128.6,22.392857142857142,80479.5168881376,1596.8158112725714,50.4,2.5491997523903547,76.42709123582918,41.8,31,4.37818621964955,0.8293650793650794,76.42709123582918,100.0,6.2,0.775,1.0948844480094804,0.0,8,11.416729886633448,0.2,8.759075584075843,0.0,0.0,0.0,100.0,1.0,0.0,100.0,1.0,0.0,100.0,1.0,0.0,100.0,1.0,0.0,100.0,1.0,0.0,100.0,1.0,0.0
65,actuated,5,5,1051.5688108319296,181.30496738481546,1147611.1789510003,143451.39736887504,1342.2,26.21484375,83017.32139884144,1621.4320585711218,51.2,2.7165948923382133,76.37504365537595,44.4,31,4.6423012787434645,0.8671875,76.37504365537595,100.0,6.2,0.775,1.136327558685983,0.0,8,11.000349243007577,0.2,9.090620469487863,0.0,0.0,0.0,100.0,1.0,0.0,100.0,1.0,0.0,100.0,1.0,0.0,100.0,1.0,0.0,100.0,1.0,0.0,100.0,1.0,0.0
66,actuated,5,5,1038.5769877893981,199.72634380565347,2682752.046361592,335344.005795199,1567.4,29.352059925093634,84042.79831865613,1573.835174506669,53.4,2.4305330702265104,76.31443375758806,46.6,32,4.565265139954381,0.8726591760299626,76.31443375758806,100.0,6.4,0.8,1.1587105694226918,0.0,8,10.515470060704502,0.4,9.269684555381534,0.0,0.0,0.0,100.0,1.0,0.0,100.0,1.0,0.0,100.0,1.0,0.0,100.0,1.0,0.0,100.0,1.0,0.0,100.0,1.0,0.0
67,actuated,5,5,1285.5061375952578,214.25102293254295,3314210.2167838137,414276.2770979767,1805.6,32.47482014388489,89024.05091280512,1601.1519948346245,55.6,2.415674024358405,75.0,48.8,30,4.514674086672084,0.8776978417266187,75.0,100.0,6.0,0.75,0.0,0.0,8,0.0,0.0,0.0,0.0,0.0,0.0,100.0,1.0,0.0,100.0,1.0,0.0,100.0,1.0,0.0,100.0,1.0,0.0,100.0,1.0,0.0,100.0,1.0,0.0
68,actuated,5,5,1512.0157777533664,280.00292180617896,1382145.7324979969,172768.2165622496,2054.0,35.051194539249146,91243.76270070797,1557.060796940409,58.6,2.73316126480264,76.41427996130915,51.8,32,4.7915485603294785,0.8839590443686007,76.41427996130915,100.0,6.4,0.8,1.0962661430239682,0.0,8,11.314239690473187,0.4,8.770129144191745,0.0,0.0,0.0,100.0,1.0,0.0,100.0,1.0,0.0,100.0,1.0,0.0,100.0,1.0,0.0,100.0,1.0,0.0,100.0,1.0,0.0
69,actuated,5,5,1542.5647106414776,265.9594328692203,1152115.784111927,144014.47301399088,2320.0,37.785016286644954,97969.88333030434,1595.6007057052823,61.4,1.1981014150072498,75.91866441379523,54.6,32,2.5166641935997083,0.8892508143322475,75.91866441379523,100.0,6.4,0.8,1.0999058517627418,0.0,8,7.349315310361817,0.4,8.799246814101934,0.0,0.0,0.0,100.0,1.0,0.0,100.0,1.0,0.0,100.0,1.0,0.0,100.0,1.0,0.0,100.0,1.0,0.0,100.0,1.0,0.0
70,actuated,5,5,648.7972930686764,190.82273325549306,5304030.707115102,663003.8383893877,2595.8,42.13961038961039,93248.99416107518,1513.782372744727,61.6,0.8934705346881888,75.0,57.2,30,1.4812809490845167,0.9285714285714286,75.0,100.0,6.0,0.75,0.0,0.0,8,0.0,0.0,0.0,0.0,0.0,0.0,100.0,1.0,0.0,100.0,1.0,0.0,100.0,1.0,0.0,100.0,1.0,0.0,100.0,1.0,0.0,100.0,1.0,0.0
71,actuated,5,5,605.8976514205391,189.34301606891844,4750961.661499819,593870.2076874773,2889.0,45.0,102162.31629547106,1591.3133379356861,64.2,1.4871110719904055,75.0,59.4,30,2.5650140670286783,0.9252336448598131,75.0,100.0,6.0,0.75,0.0,0.0,8,0.0,0.0,0.0,0.0,0.0,0.0,100.0,1.0,0.0,100.0,1.0,0.0,100.0,1.0,0.0,100.0,1.0,0.0,100.0,1.0,0.0,100.0,1.0,0.0
72,actuated,5,5,808.1691983948293,192.42123771305458,4773911.955255719,596738.9944069649,3185.8,48.71253822629969,103106.21932687642,1576.547696129609,65.4,2.05576870887284,77.72541962703116,60.4,32,3.851805481777997,0.9235474006116208,77.72541962703116,100.0,6.4,0.8,2.293952875363157,0.0,8,11.095890509226365,0.2,9.01234559919718,10.7074665070229,0.2,9.339277403708074,100.0,1.0,0.0,100.0,1.0,0.0,100.0,1.0,0.0,100.0,1.0,0.0,100.0,1.0,0.0,100.0,1.0,0.0
73,actuated,5,5,443.98712721150605,130.58444917985472,5560062.330200589,695007.7912750737,3490.6,53.70153846153846,99991.0933580083,1538.3245132001277,65.0,2.5024901829710715,75.65386839484049,61.4,32,4.679336759001619,0.9446153846153846,75.65386839484049,100.0,6.4,0.8,1.0694616849068554,0.0,8,5.230947158723893,0.4,8.555693479254844,0.0,0.0,0.0,100.0,1.0,0.0,100.0,1.0,0.0,100.0,1.0,0.0,100.0,1.0,0.0,100.0,1.0,0.0,100.0,1.0,0.0
74,actuated,5,5,80.32710575024828,44.626169861249046,8074774.831103775,1009346.8538879718,3804.2,57.46525679758308,101502.62212723799,1533.272237571571,66.2,1.3949661994075142,75.0,64.0,30,3.674220856060959,0.9667673716012085,75.0,100.0,6.0,0.75,0.0,0.0,8,0.0,0.0,0.0,0.0,0.0,0.0,100.0,1.0,0.0,100.0,1.0,0.0,100.0,1.0,0.0,100.0,1.0,0.0,100.0,1.0,0.0,100.0,1.0,0.0
75,actuated,0,5,891.6820807402333,202.655018350053,2003310.9333702333,250413.86667127916,3048.0,45.903614457831324,106134.78765815272,1598.4154767794087,66.4,0.7146242398429308,56.42024214682706,53.0,27,1.117788575197924,0.7981927710843374,56.420242146827064,100.0,5.4,0.675,1.1001645060954932,0.0,8,11.361937174616514,0.2,8.801316048763946,0.0,0.0,0.0,60.0,0.8,0.0,60.0,0.8,0.0,60.0,0.8,0.0,60.0,0.8,0.0,100.0,1.0,0.0,100.0,1.0,0.0
76,actuated,0,0,441.69106313899067,73.61517718983178,2000441.691063139,250055.21138289236,1972.2,31.404458598726116,109309.86335702702,1740.6029196978825,62.8,1.438285094470617,41.29363847502077,37.2,23,1.6514587569175319,0.5923566878980892,41.29363847502077,100.0,4.6,0.575,1.103282283427346,0.0,8,0.0,0.0,0.0,0.0,0.0,0.0,25.114501380207912,0.6,1.830183345323683,38.551898112762046,0.6,2.1719878265013723,27.759693153332137,0.6,2.088715621296182,38.92301515386407,0.8,2.73537147429753,100.0,1.0,0.0,100.0,1.0,0.0
77,actuated,0,0,222.4054503793412,37.067575063223536,2000222.40545038,250027.8006812975,1661.0,29.346289752650176,105018.91879079417,1855.4579291659745,56.6,2.29659725487119,37.68373069534135,25.8,30,2.130668407240688,0.4558303886925795,37.68373069534135,100.0,6.0,0.75,3.1574677872707526,0.0,8,0.0,0.0,0.0,20.02960384288599,0.8,8.658206049649978,23.113230037710082,1.0,3.987346124429316,23.004147253229803,0.6,3.9252974111884122,11.016106375750496,0.8,4.122503529062766,24.306758053154454,0.8,4.5663891838355495,100.0,1.0,0.0,100.0,1.0,0.0
78,actuated,0,0,155.3639408458145,29.877680931887404,2011868.0266496744,251483.5033312093,1762.4,34.421875,94877.374953515,1853.0737295608399,51.2,2.4008709821464493,38.30363986026711,26.0,26,1.988058974245754,0.5078125,38.30363986026711,100.0,5.2,0.6499999999999999,3.856143164075149,0.0,8,23.138784739184075,0.4,7.240573100790596,0.0,0.0,0.0,20.722039688955647,0.6,5.938759994546327,14.594326824882273,0.8,5.556684145454255,31.128102652559164,0.6,6.154146431740061,16.84586497655573,0.8,5.958981640069952,100.0,1.0,0.0,100.0,1.0,0.0
79,actuated,0,0,152.26004329981185,30.45200865996237,2839726.9376887428,354965.86721109285,1895.0,40.84051724137931,87198.4396502072,1879.2767165992932,46.4,2.8364573764258174,46.16842041878158,28.0,30,2.605460152146293,0.603448275862069,46.16842041878158,100.0,6.0,0.75,3.467766809822907,0.0,8,100.0,1.0,0.0,0.0,0.0,0.0,21.694620420179263,0.8,7.306708986608442,13.727939511787781,0.8,6.916126873327356,16.86063980008953,0.8,6.8012638231722065,17.064163618196062,0.6,6.718034795475252,100.0,1.0,0.0,100.0,1.0,0.0
80,actuated,0,0,218.507504216608,36.41791736943467,2000218.5075042166,250027.31343802708,2030.0,49.754901960784316,72152.72278418345,1768.4490878476336,40.8,2.9797800921358797,42.35878701004893,27.4,26,2.4666985518573497,0.6715686274509803,42.35878701004893,100.0,5.2,0.65,3.673230086758924,0.0,8,100.0,1.0,0.0,9.623374468451402,0.2,5.396069800390919,4.072717046628895,0.4,8.55759752225131,0.0,0.2,0.0,6.397362557747783,0.8,7.406931443804526,18.776842007563346,0.6,8.025241927624638,100.0,1.0,0.0,100.0,1.0,0.0
81,actuated,0,0,191.99306731302073,31.998844552170123,2000191.993067313,250023.99913341412,2166.2,57.00526315789474,67277.77813565948,1770.4678456752495,38.0,2.938884896828474,52.81282283169319,28.2,22,2.327954637288159,0.7421052631578947,52.81282283169318,100.0,4.4,0.55,2.2219768556024495,0.0,8,100.0,1.0,0.0,100.0,1.0,0.0,0.0,0.0,0.0,0.0,0.0,0.0,11.274776440690175,0.2,8.86935546137344,11.227806212855285,0.2,8.906459383446157,100.0,1.0,0.0,100.0,1.0,0.0
82,actuated,0,0,350.379472452297,60.41025387108569,2001161.477247995,250145.1846559994,2307.0,59.766839378238345,63812.31451803936,1653.1687698973926,38.6,3.087729356613625,52.99802892499927,29.0,26,3.0092797945279424,0.7512953367875648,52.99802892499926,100.0,5.199999999999999,0.6499999999999999,3.292208408564329,0.0,8,100.0,1.0,0.0,100.0,1.0,0.0,6.4218782068053315,0.4,8.569436934310943,10.709739665996949,0.4,8.887595575768502,6.8526135271918065,0.4,8.880634758435189,0.0,0.0,0.0,100.0,1.0,0.0,100.0,1.0,0.0
83,actuated,0,0,419.5546983633555,91.20754312246859,2856798.8227020437,357099.85283775546,2463.4,59.21634615384615,67014.0070150534,1610.913630169553,41.6,1.5572821020662828,50.2253337778825,33.4,24,1.8885610160959496,0.8028846153846154,50.2253337778825,100.0,4.8,0.6,2.106721536745317,0.0,8,100.0,1.0,0.0,100.0,1.0,0.0,0.0,0.0,0.0,0.0,0.0,0.0,0.5718911710437169,0.4,8.585112560912965,1.2307790520162598,0.4,8.26865973304957,100.0,1.0,0.0,100.0,1.0,0.0
84,actuated,6,0,945.9756470801294,152.5767172709886,973246.8130762713,121655.85163453392,1628.4,40.108374384236456,67936.02366618677,1673.3010755218415,40.6,1.4336285357147793,34.44581365757443,24.2,20,1.4114313589997476,0.5960591133004927,34.44581365757443,80.0,4.0,0.5,2.080999981216143,0.0,8,60.0,0.8,0.0,60.0,0.8,0.0,3.890168417960922,0.4,8.083672947343437,0.0,0.0,0.0,0.0,0.0,0.0,11.676340842634545,0.2,8.564326902385705,80.0,1.0,0.0,60.0,0.8,0.0
85,actuated,6,6,618.8482848536034,81.42740590178992,400618.84828485345,50077.35603560668,706.0,17.828282828282827,72458.78804532706,1829.7673748819966,39.6,1.690478145961393,25.07809705158394,16.8,18,1.1119649428207992,0.42424242424242425,25.07809705158394,50.76032577944261,3.6,0.44999999999999996,2.5320496048666223,0.0,8,41.924979608088506,0.8,1.4951714289275477,42.10519287927582,0.8,1.605027104869213,1.079292563879335,0.2,7.941651709029918,0.0,0.0,0.0,50.76032577944261,0.6,5.375532092643541,0.0,0.0,0.0,35.81809041772658,0.6,1.9222293805722293,28.936895164258658,0.6,1.9167851228905326
86,actuated,6,6,416.30868140998075,56.257929920267664,5271.478673768624,658.934834221078,182.2,5.390532544378698,62335.62018486634,1844.2491178954538,33.8,2.1882156298034032,45.25819952609368,11.6,28,1.5724467848929247,0.3431952662721893,45.25819952609368,100.0,5.6,0.7,2.9581998683385704,0.0,8,20.335715186492962,0.6,2.9083617055689492,10.410473505628488,0.4,5.737428163375757,100.0,1.0,0.0,0.0,0.0,0.0,100.0,1.0,0.0,81.39465886250264,1.0,7.198216645546224,25.62791513728598,0.6,4.041848395142985,24.296833516839342,1.0,3.779744037074646
87,actuated,6,6,256.07723636394684,41.3027800587011,1644660.7195018406,205582.58993773008,154.0,4.610778443113772,60574.67229111221,1813.612942847671,33.4,1.953691307348495,47.68791982704357,13.4,23,1.309960052117919,0.40119760479041916,47.68791982704357,100.0,4.6,0.575,2.374222610201166,0.0,8,11.34859969047966,0.2,8.811659828294939,0.0,0.0,0.0,100.0,1.0,0.0,0.0,0.0,0.0,100.0,1.0,0.0,100.0,1.0,0.0,48.675156155636614,0.8,5.294723504789516,21.479602770232304,0.6,4.8873975485248735
88,actuated,6,6,942.4842888985519,124.0110906445463,400942.4842888986,50117.81053611232,237.2,5.98989898989899,59953.076548323035,1513.966579503107,39.6,1.2552216602608481,62.754281999256136,20.8,27,1.025239812852777,0.5252525252525253,62.754281999256136,100.0,5.4,0.675,1.068230055703316,0.0,8,0.0,0.0,0.0,0.0,0.0,0.0,100.0,1.0,0.0,2.03425599404909,0.4,8.545840445626528,100.0,1.0,0.0,100.0,1.0,0.0,100.0,1.0,0.0,100.0,1.0,0.0
89,actuated,0,6,695.4973386459806,86.93716733074757,695.4973386459806,86.93716733074757,137.8,3.49746192893401,67803.94428929783,1720.912291606544,39.4,1.5669786256353861,60.12047804998787,19.4,29,0.9653852687657516,0.49238578680203043,60.12047804998787,100.0,5.8,0.725,1.3034891838395848,0.0,8,11.802369649465163,0.2,8.472874767528706,0.0,0.0,0.0,80.0,1.0,0.0,49.16145475043777,0.8,1.955038703187972,60.0,0.8,0.0,80.0,1.0,0.0,100.0,1.0,0.0,100.0,1.0,0.0
90,actuated,0,0,827.4752902104207,103.43441127630258,827.4752902104207,103.43441127630258,200.8,5.2020725388601035,67466.4575007448,1747.8356865477926,38.6,2.7140158533597925,30.193505193134058,21.8,15,2.385577966272559,0.5647668393782384,30.193505193134058,100.0,3.0,0.375,0.760645235155651,0.0,8,0.0,0.0,0.0,0.0,0.0,0.0,0.0,0.0,0.0,0.0,0.0,0.0,23.020528191493668,0.6,1.6517057457007431,18.527513353578797,0.4,4.433456135544464,100.0,1.0,0.0,100.0,1.0,0.0
91,actuated,0,0,546.7375336255346,91.12292227092244,671167.428158612,83895.9285198265,319.0,9.437869822485206,52697.03495744518,1559.0838744806267,33.8,3.5389939859319073,47.12565774872701,25.8,22,4.125893890663992,0.7633136094674556,47.12565774872701,100.0,4.4,0.55,2.875183651340165,0.0,8,53.42000942469667,0.6,4.64443219941922,91.34855744162223,1.0,5.568459460628102,11.218546948218773,0.2,8.913810359003536,0.0,0.0,0.0,0.0,0.0,0.0,21.018148175278384,0.6,3.87476719167046,100.0,1.0,0.0,100.0,1.0,0.0
92,actuated,0,0,459.89411644948586,99.97698183684476,5091576.818024451,636447.1022530564,456.8,12.688888888888888,57981.18895598699,1610.5885821107497,36.0,1.4528552516358133,50.3993735773372,29.0,22,1.7768603944996493,0.8055555555555556,50.3993735773372,100.0,4.4,0.55,1.0366316492669285,0.0,8,100.0,1.0,0.0,100.0,1.0,0.0,0.0,0.0,0.0,0.0,0.0,0.0,3.1949886186976073,0.4,8.293053194135428,0.0,0.0,0.0,100.0,1.0,0.0,100.0,1.0,0.0
93,actuated,0,0,271.8690716592449,56.63938992900936,2602379.8020661487,325297.4752582686,605.2,16.53551912568306,60253.64659534376,1646.27449714054,36.6,1.931800041796187,51.366666373769476,30.6,21,2.440706436497789,0.8360655737704918,51.366666373769476,100.0,4.2,0.525,1.143292927951673,0.0,8,100.0,1.0,0.0,100.0,1.0,0.0,10.93333099015581,0.2,9.146343423613384,0.0,0.0,0.0,0.0,0.0,0.0,0.0,0.0,0.0,100.0,1.0,0.0,100.0,1.0,0.0
94,actuated,4,0,623.2394420742677,97.38116282410432,19718.664877295425,2464.833109661928,555.8,14.178571428571429,68346.76446285142,1743.5399097666182,39.2,2.5777274777128243,40.3687093693722,26.4,22,2.718294258108605,0.673469387755102,40.3687093693722,100.0,4.3999999999999995,0.55,2.1410527574247684,0.0,8,100.0,1.0,0.0,100.0,1.0,0.0,0.06810652937247141,0.4,8.453955380246045,2.88156842560511,0.4,8.674466679152102,0.0,0.0,0.0,0.0,0.0,0.0,60.0,0.8,0.0,60.0,0.8,0.0
95,actuated,4,4,587.8151330240253,79.43447743567909,9192.393826307387,1149.0492282884234,393.4,10.462765957446809,65139.92865107205,1732.4449109327672,37.6,1.7966787344792625,33.69883985129661,20.0,19,1.4715541644551509,0.5319148936170213,33.69883985129661,100.0,3.8000000000000003,0.475,2.6188610452887446,0.0,8,100.0,1.0,0.0,100.0,1.0,0.0,0.0,0.0,0.0,0.0,0.0,0.0,6.384843841588008,0.4,8.47687303647399,2.7385782627175104,0.2,8.568925058096646,38.220559762926314,0.6,2.176581357711509,22.24673694314106,0.6,1.728508910027814
96,actuated,4,4,407.3358993863923,56.57443047033227,204044.97072991633,25505.62134123954,299.2,8.174863387978142,67594.86521560031,1846.8542408633964,36.6,2.3127888895562374,32.9679908359671,14.2,18,2.8173910448203037,0.3879781420765027,32.9679908359671,100.0,3.6,0.44999999999999996,1.0559112219912157,0.0,8,100.0,1.0,0.0,100.0,1.0,0.0,0.0,0.0,0.0,0.0,0.0,0.0,0.0,0.0,0.0,0.0,0.2,0.0,38.040353430799314,0.8,4.10840466372999,25.70357325693749,0.6,4.338885112199735
97,actuated,4,4,472.074913447786,69.42278138938029,159182.99015081552,19897.87376885194,352.8,9.966101694915254,65152.06119454893,1840.4537060607042,35.4,2.071488693991699,39.56189947009648,15.4,24,1.585675897541917,0.4350282485875706,39.56189947009648,100.0,4.8,0.6000000000000001,3.2246921658721277,0.0,8,100.0,1.0,0.0,100.0,1.0,0.0,3.3445061856900793,0.4,9.065786367561667,0.0,0.0,0.0,69.52377933201205,0.8,5.436575730029088,0.0,0.0,0.0,22.33467086352448,0.8,5.294253965822068,21.292239379545208,0.8,6.0009212635642
98,actuated,4,4,415.3541685626119,59.336309794658845,657067.3840676637,82133.42300845796,434.2,12.622093023255815,65940.16795798439,1916.8653476158252,34.4,2.420683248060166,43.782803799133205,18.2,23,1.8405796096704565,0.5290697674418605,43.782803799133205,100.0,4.6,0.575,2.902200154038945,0.0,8,100.0,1.0,0.0,100.0,1.0,0.0,11.034845416645567,0.2,8.787346955947578,0.0,0.0,0.0,100.0,1.0,0.0,0.0,0.0,0.0,23.27551301073072,0.8,7.294382957227947,15.952071965689356,0.6,7.135871319136034
99,actuated,4,4,672.306513990334,96.04378771290486,1369532.6262986432,171191.5782873304,524.2,15.694610778443113,60018.58254772345,1796.9635493330372,33.4,2.323724037091258,47.47947695597702,18.8,28,2.0093236808455828,0.562874251497006,47.47947695597702,100.0,5.6,0.7,4.183005601293118,0.0,8,100.0,1.0,0.0,100.0,1.0,0.0,0.0,0.2,0.0,4.334158491801645,0.4,8.805608084611595,100.0,1.0,0.0,40.77033991547978,0.6,7.960037382260372,17.599427028726495,0.6,8.272797499289018,17.13189021180824,0.8,8.425601844183957
100,actuated,4,4,580.5521277575115,107.50965328842804,915400.758161375,114425.09477017187,626.6,18.429411764705883,59398.09109081972,1747.0026791417563,34.0,1.6959493079578245,52.51242742148264,23.2,23,1.9965133284260341,0.6823529411764706,52.51242742148264,100.0,4.6000000000000005,0.575,2.2920130319108347,0.0,8,100.0,1.0,0.0,100.0,1.0,0.0,0.0,0.0,0.0,0.0,0.0,0.0,100.0,1.0,0.0,100.0,1.0,0.0,10.477904040697013,0.2,9.54389347445749,9.621515331164119,0.4,8.792210780829189
101,actuated,4,4,588.0672943068661,98.01121571781101,2443191.7514976645,305398.96893720806,741.0,20.583333333333332,64695.57831173773,1797.0993975482704,36.0,1.8070512716972569,55.638186800383664,23.4,24,1.9332794359793197,0.65,55.638186800383664,100.0,4.800000000000001,0.6,3.15937100500554,0.0,8,100.0,1.0,0.0,100.0,1.0,0.0,23.304462302664888,0.4,6.9267224907481255,0.0,0.0,0.0,100.0,1.0,0.0,100.0,1.0,0.0,10.956867397383121,0.2,9.12669619638579,10.844164703021306,0.2,9.221549352910406
102,actuated,4,4,509.6070947084302,84.93451578473837,1607370.7510908833,200921.3438863604,860.8,23.51912568306011,64055.934846662465,1750.162154280395,36.6,1.714522422434057,63.78039043851771,25.6,29,1.9567289139689568,0.6994535519125683,63.78039043851771,100.0,5.800000000000001,0.725,2.2183203979046087,0.0,8,100.0,1.0,0.0,100.0,1.0,0.0,100.0,1.0,0.0,0.0,0.0,0.0,100.0,1.0,0.0,100.0,1.0,0.0,5.375965478970102,0.4,8.581419236771763,4.8671580291716054,0.4,9.165143946465106
103,actuated,4,4,1066.9690015869533,190.5301788548131,486243.9807102415,60780.497588780185,993.8,24.845,67091.13346143781,1677.2783365359455,40.0,1.548297162920124,72.63386968613503,28.8,31,1.938717409945272,0.72,72.63386968613503,100.0,6.2,0.7749999999999999,3.0540135635648644,0.0,8,100.0,1.0,0.0,100.0,1.0,0.0,100.0,1.0,0.0,65.38138327476418,0.8,6.507714384983954,100.0,1.0,0.0,100.0,1.0,0.0,4.906629738782158,0.2,8.650489372666927,10.782944475533895,0.2,9.273904750868033
104,actuated,4,4,629.4978127232026,104.91630212053377,1187175.9407464976,148396.9925933122,1134.0,27.658536585365855,71095.38844746134,1734.033864572228,41.0,1.5572734168459192,76.08421732955918,29.8,34,1.8755108687442044,0.7268292682926829,76.08421732955918,100.0,6.800000000000001,0.85,2.2356696122908035,0.0,8,100.0,1.0,0.0,100.0,1.0,0.0,100.0,1.0,0.0,100.0,1.0,0.0,100.0,1.0,0.0,100.0,1.0,0.0,6.783556624770881,0.4,8.865930990129709,1.8901820117025636,0.4,9.019425908196718
105,actuated,4,4,660.0264905246169,110.00441508743614,1406544.528843133,175818.06610539163,1282.8,29.557603686635943,72613.7657109143,1673.1282421869653,43.4,1.5808318567109185,75.0,31.6,31,1.7539630560504553,0.728110599078341,75.0,100.0,6.2,0.775,0.0,0.0,8,100.0,1.0,0.0,100.0,1.0,0.0,100.0,1.0,0.0,100.0,1.0,0.0,100.0,1.0,0.0,100.0,1.0,0.0,0.0,0.2,0.0,0.0,0.0,0.0
106,actuated,4,4,975.4655844588945,168.18372145843009,723991.3241616662,90498.91552020828,1445.2,31.28138528138528,77740.08050809252,1682.685725283388,46.2,1.455849396557904,77.94895903024013,34.6,33,1.9250530088563103,0.7489177489177489,77.94895903024013,100.0,6.6000000000000005,0.825,2.1603238580573745,0.0,8,100.0,1.0,0.0,100.0,1.0,0.0,100.0,1.0,0.0,100.0,1.0,0.0,100.0,1.0,0.0,100.0,1.0,0.0,11.827983689101984,0.4,8.78185578030584,11.763688552819076,0.2,8.500735084153158
107,actuated,4,4,968.4524726917547,142.4194812781992,801559.4124678222,100194.92655847777,1618.0,33.02040816326531,85227.26492922485,1739.3319373311194,49.0,1.664231558970481,75.80382516390983,35.8,33,1.7326807944080038,0.7306122448979592,75.80382516390983,100.0,6.6000000000000005,0.825,1.0715685130652974,0.0,8,100.0,1.0,0.0,100.0,1.0,0.0,100.0,1.0,0.0,100.0,1.0,0.0,100.0,1.0,0.0,100.0,1.0,0.0,0.0,0.2,0.0,6.430601311278679,0.4,8.57254810452238
108,actuated,4,4,1127.604008969401,170.84909226809108,517560.09565408214,64695.01195676027,1797.2,35.65873015873016,83001.47028686442,1646.854569183818,50.4,1.4942954359075933,77.92159697712094,38.0,32,1.7804942973497382,0.753968253968254,77.92159697712094,100.0,6.4,0.8,2.140162905570973,0.0,8,100.0,1.0,0.0,100.0,1.0,0.0,100.0,1.0,0.0,100.0,1.0,0.0,100.0,1.0,0.0,100.0,1.0,0.0,11.928939003789765,0.2,8.382975214160329,11.443836813177768,0.2,8.738328030407454
109,actuated,4,4,983.6669946059714,169.59775769068472,2104684.936901725,263085.6171127156,1994.6,37.21268656716418,86480.24800965833,1613.43746286676,53.6,1.344273016962559,76.97494473593594,41.6,33,1.7916496427898572,0.7761194029850746,76.97494473593594,100.0,6.6000000000000005,0.825,2.1805289191542947,0.0,8,100.0,1.0,0.0,100.0,1.0,0.0,100.0,1.0,0.0,100.0,1.0,0.0,100.0,1.0,0.0,100.0,1.0,0.0,4.7615741126014655,0.4,8.384605787601322,11.037983774886015,0.2,9.059625565633036
110,actuated,4,4,609.4836218184132,121.89672436368264,3942623.8397117993,492827.9799639749,2213.0,38.824561403508774,91600.84416426408,1607.032353759019,57.0,0.967699302401255,75.59218545647013,46.4,34,1.2642033960043026,0.8140350877192982,75.59218545647013,100.0,6.800000000000001,0.85,2.1140124146548898,0.0,8,100.0,1.0,0.0,100.0,1.0,0.0,100.0,1.0,0.0,100.0,1.0,0.0,100.0,1.0,0.0,100.0,1.0,0.0,2.300336288251401,0.4,8.466735392518798,2.4371473635096663,0.4,8.445363924720318
111,actuated,0,4,1252.9517475866433,184.25760993921224,1002518.3365363136,125314.7920670392,1685.8,29.679577464788732,92212.78435450298,1623.464513283503,56.8,1.0199839324367475,74.47678000990493,38.0,35,0.8630240361156574,0.6690140845070423,74.47678000990493,100.0,6.999999999999999,0.875,1.4163894615360195,0.0,8,100.0,1.0,0.0,100.0,1.0,0.0,60.0,0.8,0.0,60.0,0.8,0.0,60.0,0.8,0.0,60.0,0.8,0.0,70.45826435199615,0.8,5.178514965789323,85.35597572724328,1.0,6.152600726498833
112,actuated,0,0,798.1285280690956,117.3718423631023,385203.44465179456,48150.43058147432,1474.8,26.335714285714285,98267.85808422265,1754.7831800754045,56.0,1.370113239510711,62.86814952557535,29.0,32,0.8928709644648178,0.5178571428571429,62.86814952557535,100.0,6.4,0.8,0.8970503330649937,0.0,8,100.0,1.0,0.0,100.0,1.0,0.0,20.579580265100503,0.6,1.5291365385902507,21.95068283901719,0.6,1.7675722496013455,28.00310951108031,0.6,1.895841606404388,32.411823589404776,0.6,1.9838522699239654,100.0,1.0,0.0,100.0,1.0,0.0
113,actuated,0,0,257.81123262335706,42.96853877055951,3621364.607063287,452670.57588291087,1619.4,31.26254826254826,91588.87252692833,1768.1249522573037,51.8,2.2166020564465954,61.51455394668858,31.8,35,1.7595667479249248,0.6138996138996139,61.51455394668858,100.0,7.0,0.875,1.9174767611288495,0.0,8,100.0,1.0,0.0,100.0,1.0,0.0,15.860843845466661,0.6,3.687660210242562,23.96139238976275,0.6,3.684391674079575,24.1082535092346,1.0,4.015516759783438,28.185941829044623,0.8,3.952245444925221,100.0,1.0,0.0,100.0,1.0,0.0
114,actuated,0,0,502.890533714552,89.80188102045572,2001854.3183878157,250231.78979847697,1788.6,35.07058823529412,77733.37438838705,1524.1838115370008,51.0,1.69424647122597,61.725131090853154,37.0,31,1.8931005911700445,0.7254901960784313,61.725131090853154,100.0,6.2,0.775,2.1363640470938794,0.0,8,100.0,1.0,0.0,100.0,1.0,0.0,43.13869501931549,0.8,6.23103591360647,0.0,0.2,0.0,25.030968512512572,0.6,5.520967778419631,25.631385194997165,0.6,5.338908684724936,100.0,1.0,0.0,100.0,1.0,0.0
115,actuated,0,0,555.4711032497286,132.2550245832687,4323916.611151124,540489.5763938905,1999.8,37.03333333333333,82659.07236529604,1530.7235623202973,54.0,0.4181315106672444,87.5,46.0,35,0.4578887882838986,0.8518518518518519,87.5,100.0,7.0,0.875,0.0,0.0,8,100.0,1.0,0.0,100.0,1.0,0.0,100.0,1.0,0.0,0.0,0.0,0.0,100.0,1.0,0.0,100.0,1.0,0.0,100.0,1.0,0.0,100.0,1.0,0.0
116,actuated,6,0,1014.8491485587326,187.9350275108764,2681381.745713832,335172.718214229,1303.2,24.04428044280443,88677.07897123974,1636.1084681040543,54.2,0.5724516652950727,72.5,38.6,33,0.6030466545566568,0.7121771217712177,72.5,100.0,6.6,0.825,0.0,0.0,8,80.0,1.0,0.0,60.0,0.8,0.0,100.0,1.0,0.0,0.0,0.0,0.0,100.0,1.0,0.0,100.0,1.0,0.0,80.0,1.0,0.0,60.0,0.8,0.0
117,actuated,6,6,720.5197817466922,109.16966390101398,1400720.519781747,175090.06497271836,559.4,10.84108527131783,88299.27148378555,1711.2261915462313,51.6,0.8968576487745079,55.90056622567914,24.6,27,0.594233926756041,0.47674418604651164,55.90056622567914,100.0,5.3999999999999995,0.675,1.0200523304113087,0.0,8,39.29308059318373,0.6,2.0899077249067854,34.622534316822566,0.6,2.0402130129531764,100.0,1.0,0.0,0.0,0.0,0.0,100.0,1.0,0.0,100.0,1.0,0.0,37.663314091869324,0.6,2.233408067399237,35.62560080355752,0.6,1.7968898380312701
118,actuated,6,6,682.2395754341053,94.75549658807017,1453708.3674555868,181713.54593194835,267.2,5.430894308943089,93609.32551314266,1902.6285673402979,49.2,1.6217672719820182,51.04850004445126,17.0,30,1.045804489506124,0.34552845528455284,51.04850004445126,100.0,5.999999999999999,0.75,1.912438386108525,0.0,8,39.04584164623202,0.8,3.9093168827779134,29.227400048496293,0.8,3.9180759013075037,100.0,1.0,0.0,0.0,0.0,0.0,100.0,1.0,0.0,100.0,1.0,0.0,23.55854063662946,0.6,3.925682093364858,16.556218024252303,0.8,3.546432211417925
119,actuated,6,6,635.0548569888213,83.55984960379227,400635.0548569887,50079.38185712359,312.0,6.527196652719665,84147.57626323614,1760.4095452559861,47.8,2.2562344222170814,55.494696121166385,18.0,29,1.286988356353737,0.37656903765690375,55.494696121166385,100.0,5.8,0.725,2.4241722984818983,0.0,8,11.296131484803027,0.8,5.41591200084296,48.469576917157156,0.6,5.41541388688905,100.0,1.0,0.0,0.0,0.0,0.0,100.0,1.0,0.0,100.0,1.0,0.0,53.4098500434402,0.8,4.48920703358662,30.782010523930694,0.6,4.072845466536554
120,actuated,6,6,764.2255556062594,100.55599415871835,3862.9719545206513,482.8714943150814,431.8,8.466666666666667,75999.96384054619,1490.1953694224744,51.0,1.262892060431425,95.62487572668914,30.8,39,0.8046506439345658,0.6039215686274509,95.62487572668914,100.0,7.8,0.975,0.8092931211558342,0.0,8,100.0,1.0,0.0,100.0,1.0,0.0,100.0,1.0,0.0,64.99900581351312,0.8,6.4743449692466735,100.0,1.0,0.0,100.0,1.0,0.0,100.0,1.0,0.0,100.0,1.0,0.0
121,actuated,0,6,1229.6935496033025,161.8017828425398,7670.869233700789,958.8586542125986,276.2,5.270992366412214,85099.1078219998,1624.028775229004,52.4,0.748897813217454,82.5,33.2,37,0.44223746732163555,0.6335877862595419,82.5,100.0,7.3999999999999995,0.925,0.0,0.0,8,100.0,1.0,0.0,100.0,1.0,0.0,80.0,1.0,0.0,60.0,0.8,0.0,60.0,0.8,0.0,60.0,0.8,0.0,100.0,1.0,0.0,100.0,1.0,0.0
122,actuated,0,0,1150.581642708868,155.48400577146865,18727.384541951073,2340.923067743884,285.8,5.58203125,89441.9075329239,1746.91225650242,51.2,1.4770851810499876,66.08412592028202,29.2,32,1.2237377899618607,0.5703125,66.08412592028202,100.0,6.4,0.8,0.979924521603636,0.0,8,100.0,1.0,0.0,100.0,1.0,0.0,36.6135175668137,0.6,2.1925118490488362,25.61844055921938,0.6,1.938050635343233,35.4875752910084,0.6,1.884587407090431,30.953473945214682,0.6,1.824246281346588,100.0,1.0,0.0,100.0,1.0,0.0
123,actuated,0,0,1281.383069784493,164.2798807416017,1738.4818676332452,217.31023345415565,436.6,9.095833333333333,84107.99811500876,1752.2499607293491,48.0,2.7624383468920755,58.96371882661043,31.8,28,2.662138413506097,0.6625,58.96371882661043,100.0,5.6,0.7,1.4847339295546509,0.0,8,100.0,1.0,0.0,100.0,1.0,0.0,31.884877886539016,0.6,4.212254111323987,0.0,0.0,0.0,24.93975067995052,0.6,4.058531334591016,14.885122046393917,0.4,3.6070859905222044,100.0,1.0,0.0,100.0,1.0,0.0
124,actuated,0,0,1259.5644549044978,209.92740915074964,52464.14645954002,6558.018307442502,607.6,12.658333333333333,71318.36718661302,1485.7993163877713,48.0,1.78793705346631,59.81589567475197,37.8,27,2.5698731882017416,0.7875,59.81589567475197,100.0,5.4,0.675,2.7836993614970744,0.0,8,100.0,1.0,0.0,100.0,1.0,0.0,0.0,0.2,0.0,11.017842941150775,0.2,9.07618673946675,56.68195172945843,0.8,3.957555560257042,10.82737072740656,0.2,9.235852592252803,100.0,1.0,0.0,100.0,1.0,0.0
125,actuated,0,0,690.6242209815682,172.65605524539205,4137452.7139947824,517181.5892493478,818.6,16.504032258064516,77749.42342423473,1567.5286980692485,49.6,0.6246491135544484,75.52221431235239,45.0,31,1.1405769757290807,0.907258064516129,75.52221431235239,100.0,6.2,0.775,1.6910189914378861,0.0,8,100.0,1.0,0.0,100.0,1.0,0.0,92.85212508522591,1.0,4.698589394123982,0.0,0.0,0.0,100.0,1.0,0.0,11.325589413593207,0.2,8.829562537379108,100.0,1.0,0.0,100.0,1.0,0.0
126,actuated,6,0,1702.4712843241093,266.0111381756421,803373.4043727757,100421.67554659696,652.8,12.75,83326.96793699902,1627.4798425195122,51.2,0.5352104038500399,55.0,36.2,26,0.6286697757674924,0.70703125,55.0,100.0,5.2,0.65,0.0,0.0,8,60.0,0.8,0.0,60.0,0.8,0.0,100.0,1.0,0.0,0.0,0.0,0.0,100.0,1.0,0.0,0.0,0.0,0.0,60.0,0.8,0.0,60.0,0.8,0.0
127,actuated,6,6,666.0731280328937,83.25914100411171,666.0731280328937,83.25914100411171,308.6,6.37603305785124,85792.57472292884,1772.573857911753,48.4,1.4415499417148216,40.17797993390673,21.4,24,0.9236247378904353,0.44214876033057854,40.17797993390673,100.0,4.8,0.6,2.0284010963576535,0.0,8,27.931234393383875,0.6,1.801404902777937,27.091016328083697,0.6,1.9237634435253048,100.0,1.0,0.0,1.9632380129132798,0.4,8.741316173784435,100.0,1.0,0.0,0.0,0.0,0.0,25.544219657542726,0.6,1.895927108341953,38.894131079330236,0.6,1.8647971424315974
128,actuated,6,6,337.9839402023374,48.28342002890535,127993.14292158591,15999.142865198239,175.6,4.0091324200913245,85211.55759080674,1945.4693513882817,43.8,1.881290657850586,41.638517078487496,11.0,28,0.9669436111957299,0.2511415525114155,41.638517078487496,100.0,5.6000000000000005,0.7,2.440811017203787,0.0,8,13.975152831224023,0.8,3.9278123147053012,12.74723692095904,0.8,3.9996840690660305,100.0,1.0,0.0,0.0,0.0,0.0,100.0,1.0,0.0,18.07487264555448,0.2,4.247584424967726,50.13131268857251,1.0,3.4527383942959498,38.17956154158992,0.8,3.898668934595289
129,actuated,6,6,483.35807178697394,73.23607148287485,1520045.5616307333,190005.69520384166,226.6,5.294392523364486,73638.04055811271,1720.5149663110446,42.8,1.9504505951429003,52.99070514777867,14.2,30,1.48687603112313,0.3317757009345794,52.99070514777867,100.0,6.0,0.75,2.448891844432543,0.0,8,18.444031008482398,0.6,4.753993944225856,20.002378021333698,0.6,4.978285862484626,100.0,1.0,0.0,0.0,0.0,0.0,100.0,1.0,0.0,100.0,1.0,0.0,24.222075395780394,0.8,4.712211846327401,61.25715675663287,1.0,5.146643102422463
130,actuated,6,6,816.2389944701255,113.36652700973964,1626198.8972320885,203274.86215401106,326.2,7.185022026431718,67435.5471901861,1485.36447555476,45.4,1.173616751910512,87.5,25.2,35,0.8019238552720213,0.5550660792951542,87.5,100.0,7.0,0.875,0.0,0.0,8,100.0,1.0,0.0,100.0,1.0,0.0,100.0,1.0,0.0,0.0,0.0,0.0,100.0,1.0,0.0,100.0,1.0,0.0,100.0,1.0,0.0,100.0,1.0,0.0
131,actuated,0,6,1452.1831555552994,181.52289444441243,1452.1831555552994,181.52289444441243,194.2,4.09704641350211,79033.19713019053,1667.3670280630913,47.4,1.2007581374301868,75.84972138574528,27.6,35,1.3520673587031509,0.5822784810126582,75.84972138574528,100.0,7.0,0.875,0.9056001055665887,0.0,8,100.0,1.0,0.0,100.0,1.0,0.0,80.0,1.0,0.0,6.7977710859622675,0.4,7.244800844532709,60.0,0.8,0.0,60.0,0.8,0.0,100.0,1.0,0.0,100.0,1.0,0.0
132,actuated,0,0,864.901654776897,110.88482753549961,1086.3013458889527,135.7876682361191,263.2,5.927927927927928,76839.67648231407,1730.623344196263,44.4,1.9793383419219075,64.49131485721665,27.4,31,1.5570837468062397,0.6171171171171171,64.49131485721665,100.0,6.2,0.775,1.2125134724797175,0.0,8,100.0,1.0,0.0,100.0,1.0,0.0,38.10692945965002,0.6,2.208198066019346,18.952994030680657,0.4,3.742591776936208,29.652585888127305,0.6,1.935585570631607,29.218009479275224,0.6,1.813732366250579,100.0,1.0,0.0,100.0,1.0,0.0
133,actuated,0,0,865.256921928114,131.09953362547182,5676.237853237673,709.5297316547092,405.2,9.882926829268293,65708.40295827106,1602.643974591977,41.0,3.3377379346171034,52.32097840860746,30.6,21,3.8883187735867377,0.7463414634146341,52.32097840860746,100.0,4.2,0.525,0.6732074689731684,0.0,8,100.0,1.0,0.0,100.0,1.0,0.0,0.0,0.0,0.0,0.0,0.0,0.0,18.567827268859673,0.2,5.385659751785347,0.0,0.0,0.0,100.0,1.0,0.0,100.0,1.0,0.0
134,actuated,0,0,986.5917716775508,164.43196194625847,1503850.6100784456,187981.3262598057,565.6,13.862745098039216,64656.63120971519,1584.7213531792938,40.8,2.885047830753793,52.82153082731554,33.6,22,4.055218838841849,0.8235294117647058,52.82153082731554,100.0,4.4,0.55,2.2153779071755224,0.0,8,100.0,1.0,0.0,100.0,1.0,0.0,11.41032954953971,0.2,8.763988767005767,0.0,0.0,0.0,0.0,0.0,0.0,11.161917068984621,0.2,8.959034490398414,100.0,1.0,0.0,100.0,1.0,0.0
135,actuated,0,0,703.9166342870096,135.36858351673263,6705579.159206965,838197.3949008706,741.8,16.484444444444446,71841.03390010507,1596.4674200023348,45.0,1.280941590289211,51.427688371559555,37.6,21,1.6802281299559547,0.8355555555555556,51.427688371559555,100.0,4.2,0.525,1.0944265087017429,0.0,8,100.0,1.0,0.0,100.0,1.0,0.0,0.0,0.0,0.0,0.0,0.0,0.0,11.421506972476436,0.2,8.755412069613943,0.0,0.0,0.0,100.0,1.0,0.0,100.0,1.0,0.0
136,actuated,6,0,1232.6215184734262,166.5704754693819,2092.054875689803,261.50685946122536,542.8,12.116071428571429,74887.58290563144,1671.5978327149876,44.8,1.488924195091922,33.89418893975176,28.4,18,1.7434213347317207,0.6339285714285714,33.89418893975176,80.0,3.6,0.45,1.1207232789253168,0.0,8,60.0,0.8,0.0,60.0,0.8,0.0,0.0,0.0,0.0,11.153511518014056,0.2,8.965786231402534,0.0,0.0,0.0,0.0,0.0,0.0,60.0,0.8,0.0,80.0,1.0,0.0
137,actuated,6,6,485.6287281152099,60.70359101440124,485.6287281152099,60.70359101440124,156.6,3.527027027027027,82380.69118655763,1855.4209726702168,44.4,2.1062501343240414,17.26184892649968,12.8,14,1.129135392618711,0.2882882882882883,17.26184892649968,37.562462054766,2.8,0.35,3.153698488222404,0.0,8,37.562462054766,0.6,2.102521954475261,25.0385753540354,0.6,1.6997050689516688,0.0,0.0,0.0,11.137189655460134,0.2,8.978925841581036,9.891131496165144,0.2,8.842452333308755,0.0,0.0,0.0,25.119806397581215,0.6,1.772211126428771,29.345626453989553,0.6,1.8337715810337407
138,actuated,6,6,382.55300454583823,53.13236174247753,18528.525267470854,2316.0656584338567,62.4,1.583756345177665,73849.76104832639,1874.3594174702127,39.4,2.3103599082631274,17.67940149408389,6.4,22,1.2260233130570242,0.16243654822335024,17.67940149408389,47.5980191056442,4.4,0.55,4.040148318091498,0.0,8,31.97982958945431,0.6,4.312453508232044,47.5980191056442,1.0,3.6096109237970926,0.9369958590968963,0.4,8.273021175898613,0.0,0.0,0.0,0.0,0.2,0.0,7.2566747322662195,0.4,9.03441160703078,30.58351809681426,1.0,3.5749383820221103,23.08017456939524,0.8,3.5167509477513486
139,actuated,6,6,360.5131787525355,56.33018418008367,1247117.9606988248,155889.7450873531,103.0,2.5121951219512195,70952.54723705762,1730.5499326111615,41.0,1.9025313902784962,29.50060322005811,12.0,19,1.176344295211254,0.2926829268292683,29.50060322005811,71.47240357994633,3.8,0.475,3.263171675522817,0.0,8,21.538481074044284,0.8,5.54954749260696,66.7333671267852,1.0,5.154160694726099,12.534601865497734,0.2,4.877126309383468,0.0,0.0,0.0,0.0,0.0,0.0,0.0,0.0,0.0,71.47240357994633,0.8,5.497403274379235,63.725972114191336,1.0,5.0271356330867745
140,actuated,6,6,836.5630201134385,116.18930834908868,202199.14674104337,25274.89334263042,194.8,4.530232558139535,64348.71270067163,1496.4816907132938,43.0,1.089198619495478,72.45296026083736,24.4,29,0.7036970110763237,0.5674418604651162,72.45296026083736,100.0,5.8,0.725,0.4775545817012472,0.0,8,100.0,1.0,0.0,100.0,1.0,0.0,100.0,1.0,0.0,0.0,0.0,0.0,79.62368208669886,0.8,3.8204366536099776,0.0,0.0,0.0,100.0,1.0,0.0,100.0,1.0,0.0
141,actuated,0,6,1474.9010234268137,210.70014620383054,284582.2025755568,35572.7753219446,179.8,4.105022831050229,71465.69871657791,1631.6369569994956,43.8,1.3498799595597117,70.0,28.8,30,1.3515951097343155,0.6575342465753424,70.0,100.0,6.0,0.75,0.0,0.0,8,100.0,1.0,0.0,100.0,1.0,0.0,80.0,1.0,0.0,0.0,0.0,0.0,80.0,1.0,0.0,0.0,0.0,0.0,100.0,1.0,0.0,100.0,1.0,0.0
142,actuated,0,0,1066.3444665325596,140.3084824384947,677560.2326431463,84695.02908039329,309.0,7.253521126760563,71946.86517768391,1688.893548771923,42.6,2.9297617002838003,55.432746074731085,29.6,26,3.3036538332402876,0.6948356807511737,55.432746074731085,100.0,5.2,0.65,2.1688283098381707,0.0,8,100.0,1.0,0.0,100.0,1.0,0.0,30.712417007125623,0.6,2.0665791688865447,0.0,0.0,0.0,1.705932917093378,0.4,6.229044329791693,11.04361867362968,0.2,9.055002980027128,100.0,1.0,0.0,100.0,1.0,0.0
143,actuated,0,0,937.9088225374702,133.98697464821004,307768.16587485734,38471.02073435717,460.2,11.505,66000.1399493309,1650.0034987332724,40.0,4.243719852800797,51.33430257660734,32.0,21,5.115811238400363,0.8,51.33430257660734,100.0,4.2,0.525,1.1710237448337113,0.0,8,100.0,1.0,0.0,100.0,1.0,0.0,0.0,0.0,0.0,10.67442061285874,0.2,9.36818995866969,0.0,0.0,0.0,0.0,0.0,0.0,100.0,1.0,0.0,100.0,1.0,0.0
144,actuated,0,0,740.1235401019139,119.37476453256676,647733.1234895807,80966.64043619759,622.2,14.95673076923077,65977.5849144909,1585.9996373675697,41.6,3.319845744331194,50.94555039607428,33.6,24,4.494396815022952,0.8076923076923077,50.94555039607428,100.0,4.8,0.6,2.157908990676515,0.0,8,100.0,1.0,0.0,100.0,1.0,0.0,0.03503729043814019,0.4,8.263647477701305,0.0,0.0,0.0,7.5293658781561135,0.4,8.999624447710815,0.0,0.0,0.0,100.0,1.0,0.0,100.0,1.0,0.0
145,actuated,0,0,1107.169337245166,184.5282228741943,1459308.208438106,182413.52605476326,799.2,18.081447963800905,70206.58361776147,1588.3842447457346,44.2,3.103816101202382,50.0,37.8,20,4.443384149405412,0.8552036199095022,50.0,100.0,4.0,0.5,0.0,0.0,8,100.0,1.0,0.0,100.0,1.0,0.0,0.0,0.0,0.0,0.0,0.0,0.0,0.0,0.0,0.0,0.0,0.0,0.0,100.0,1.0,0.0,100.0,1.0,0.0
146,actuated,6,0,1143.7395256443556,168.1969890653464,402820.79362000315,50352.599202500394,589.8,13.343891402714933,74400.22863538796,1683.2630912983702,44.2,2.3339652921078975,36.787402070753785,28.4,21,3.269842761498469,0.6425339366515838,36.787402070753785,80.0,4.2,0.525,2.3481199288041594,0.0,8,60.0,0.8,0.0,80.0,1.0,0.0,0.0,0.0,0.0,10.510760426591332,0.2,9.514059491548155,0.0,0.0,0.0,3.7884561394389493,0.4,9.270899938885123,60.0,0.8,0.0,80.0,1.0,0.0
147,actuated,6,6,673.2193698428727,88.58149603195693,1649.1675414059027,206.14594267573784,202.2,4.791469194312796,75112.64413321075,1779.9204770903023,42.2,1.4896021993558204,18.937607688063736,15.2,13,1.0686959179378932,0.36018957345971564,18.937607688063736,37.843117250645264,2.6,0.32499999999999996,2.038849750958566,0.0,8,34.54546609141062,0.6,2.3124549611207916,34.69931867862897,0.6,2.1569366603973554,0.0,0.0,0.0,0.0,0.0,0.0,12.522830407890524,0.2,7.985415177146446,0.0,0.0,0.0,31.89012907593451,0.6,1.6419682658251809,37.843117250645264,0.6,2.2140229431787537
148,actuated,6,6,398.8918759689363,52.48577315380741,6576.099958412999,822.0124948016248,58.4,1.5287958115183247,77662.55257447464,2033.051114515043,38.2,2.4366617354268407,15.114480494104328,6.4,15,1.0674926345290308,0.16753926701570682,15.114480494104328,35.81909428083463,3.0,0.375,2.9355332446607165,0.0,8,30.163373440561827,0.8,3.6389747030826545,17.984409216844597,0.6,3.951776096632254,0.0,0.0,0.0,0.0,0.0,0.0,0.0,0.0,0.0,12.555277052583733,0.2,7.964778441860121,24.39368996200983,0.8,4.025947079929993,35.81909428083463,0.6,3.902789635780711
149,actuated,6,6,291.5268904453354,40.489845895185475,25300.237295505412,3162.5296619381766,83.8,2.2406417112299466,61523.819672447265,1645.0219163755953,37.4,2.5055784524296323,24.83883153261246,10.0,20,1.3415930460710426,0.26737967914438504,24.83883153261246,61.395868745651114,4.0,0.5,4.466327892268705,0.0,8,30.78231419759277,0.6,4.55764107446845,55.012018493437154,0.8,4.7022019519682,1.0556452057517163,0.4,8.206906026229262,8.728386998559472,0.4,8.768883609585462,0.0,0.0,0.0,0.0,0.0,0.0,41.736418619907454,0.8,5.232904276989526,61.395868745651114,1.0,4.262086198908736
150,actuated,6,6,837.1589386647826,116.27207481455314,106278.06493141274,13284.758116426592,166.8,3.9904306220095696,64958.37026512458,1554.0279967733152,41.8,1.1865302025514062,51.269940939864966,22.4,21,0.7907613823493629,0.5358851674641149,51.269940939864966,100.0,4.2,0.525,0.6440172801415541,0.0,8,100.0,1.0,0.0,100.0,1.0,0.0,10.159527518919731,0.2,5.152138241132433,0.0,0.0,0.0,0.0,0.0,0.0,0.0,0.0,0.0,100.0,1.0,0.0,100.0,1.0,0.0
151,actuated,0,6,722.6211730936316,95.08173330179363,1426.7135051694202,178.33918814617752,161.2,3.9317073170731707,67839.52082915726,1654.622459247738,41.0,1.395337530510386,62.44786733555884,24.4,27,0.9910533994952933,0.5951219512195122,62.44786733555884,100.0,5.4,0.675,0.5010940322230178,0.0,8,100.0,1.0,0.0,100.0,1.0,0.0,60.0,0.8,0.0,0.0,0.0,0.0,39.58293868447072,0.6,4.008752257784143,0.0,0.0,0.0,100.0,1.0,0.0,100.0,1.0,0.0
152,actuated,0,0,1010.3967816459783,153.09042146151188,92030.56201256337,11503.820251570422,284.2,7.25,65022.795029548615,1658.7447711619545,39.2,3.5945641640361194,50.54301403661157,28.6,24,4.355581648585338,0.7295918367346939,50.54301403661157,100.0,4.8,0.6,2.1327065528021194,0.0,8,100.0,1.0,0.0,100.0,1.0,0.0,3.7817519848840675,0.4,8.397640022821722,0.0,0.0,0.0,0.0,0.0,0.0,0.5623603080084649,0.4,8.664012399595231,100.0,1.0,0.0,100.0,1.0,0.0
153,actuated,0,0,669.8509628077717,111.64182713462861,1433725.3394552623,179215.6674319078,428.6,11.459893048128341,60111.90835773126,1607.2702769446862,37.4,4.3081249754972095,50.48412044169055,30.4,22,5.121320717649119,0.8128342245989305,50.48412044169055,100.0,4.4,0.55,1.0455107721034438,0.0,8,100.0,1.0,0.0,100.0,1.0,0.0,0.0,0.0,0.0,0.0,0.0,0.0,3.8729635335243984,0.4,8.36408617682755,0.0,0.0,0.0,100.0,1.0,0.0,100.0,1.0,0.0
154,actuated,0,0,1369.669782558603,207.52572463009136,1348577.0280477654,168572.12850597067,589.2,14.300970873786408,66388.15422524625,1611.3629666321908,41.2,3.205729016769014,51.36844929209303,34.4,21,4.529223527350772,0.8349514563106796,51.36844929209303,100.0,4.2,0.525,1.1418033602181696,0.0,8,100.0,1.0,0.0,100.0,1.0,0.0,10.94759433674426,0.2,9.134426881745357,0.0,0.0,0.0,0.0,0.0,0.0,0.0,0.0,0.0,100.0,1.0,0.0,100.0,1.0,0.0
155,actuated,0,0,602.3375962324624,103.85130969525214,2570254.692362275,321281.8365452844,763.4,16.964444444444446,72099.71938346323,1602.2159862991832,45.0,1.6520520150047424,51.31751171421655,36.2,21,1.86155836935449,0.8044444444444444,51.31751171421655,100.0,4.2,0.525,1.1859477097166686,0.0,8,100.0,1.0,0.0,100.0,1.0,0.0,0.0,0.0,0.0,0.0,0.0,0.0,0.0,0.0,0.0,10.540093713732404,0.2,9.487581677733349,100.0,1.0,0.0,100.0,1.0,0.0
156,actuated,6,0,836.3831373389734,116.16432463041296,2218.270993164607,277.28387414557585,544.4,12.429223744292237,74188.86008629536,1693.8095910113095,43.8,2.070538572992352,33.91688125742206,27.2,18,2.347672560297828,0.6210045662100456,33.91688125742206,80.0,3.5999999999999996,0.45,1.1027741328464482,0.0,8,80.0,1.0,0.0,60.0,0.8,0.0,0.0,0.0,0.0,11.3350500593765,0.2,8.822193062771586,0.0,0.0,0.0,0.0,0.0,0.0,60.0,0.8,0.0,60.0,0.8,0.0
157,actuated,6,6,477.4512148627091,64.52043444090663,3674.464739906374,459.3080924882967,203.0,4.833333333333333,75489.88086992364,1797.3781159505627,42.0,1.9888191592950215,15.563722147481371,15.2,14,1.4930152080168746,0.3619047619047619,15.563722147481371,36.768469742332854,2.8,0.35,3.135480350102598,0.0,8,36.768469742332854,0.6,2.227312997793083,18.732783733337328,0.4,2.3776665464171995,4.442760122942673,0.4,8.64559768103063,0.0,0.0,0.0,11.020978978287985,0.2,8.396298750769345,0.0,0.0,0.0,31.450433639888615,0.6,1.745301215745635,22.094350963061515,0.6,1.691665609064891
158,actuated,6,6,477.9938341835021,62.89392555046081,18604.479916814296,2325.559989601787,70.0,1.8617021276595744,73592.97967627623,1957.2600977733039,37.6,2.1166065643667884,15.204466628003956,7.8,17,1.0887597753930487,0.2074468085106383,15.204466628003956,39.768272169421834,3.3999999999999995,0.42500000000000004,3.0811517642326316,0.0,8,18.68819060449141,0.6,3.8412167766543632,36.47168857996576,0.6,4.403803239403093,0.0,0.0,0.0,0.0,0.0,0.0,0.0,0.2,0.0,2.1807981372853646,0.4,8.32452235650271,24.526783532867285,0.8,4.029144734626379,39.768272169421834,0.8,4.050527006674506
159,actuated,6,6,461.5955562229891,57.69944452787364,461.5955562229891,57.69944452787364,98.4,2.6451612903225805,64972.86285019101,1746.5823346825541,37.2,2.1942178199077715,28.540316404614998,10.6,19,1.0023789399944971,0.2849462365591398,28.540316404614998,69.12379970820666,3.8000000000000007,0.47500000000000003,3.3298003001447816,0.0,8,46.7135103637429,0.8,5.407205462264444,52.34762419592016,0.8,5.075897884333066,69.12379970820666,0.8,5.342288257763369,0.0,0.0,0.0,0.0,0.0,0.0,0.0,0.0,0.0,44.00878522919584,0.6,5.889965161587808,16.128811739854427,0.8,4.923045635209569
160,actuated,6,6,588.9503268578551,79.58788200781825,6695.5421648081565,836.9427706010196,182.4,4.537313432835821,63973.06288858843,1591.3697235967272,40.2,1.7018924898926742,68.32252628006813,22.0,28,1.0711629738106887,0.5472636815920398,68.32252628006813,100.0,5.6,0.7,1.5842558360053243,0.0,8,100.0,1.0,0.0,100.0,1.0,0.0,100.0,1.0,0.0,7.296979002499029,0.2,8.906911741849036,39.28323123804603,0.4,3.7671349461935577,0.0,0.0,0.0,100.0,1.0,0.0,100.0,1.0,0.0
161,actuated,0,6,614.5518626173696,87.7931232310528,750644.5104299813,93830.56380374766,153.2,3.792079207920792,63986.92998790859,1583.8349006908065,40.4,1.479749040495023,70.21895853895757,23.0,33,1.1436392735420888,0.5693069306930693,70.21895853895757,100.0,6.6,0.825,0.9680257331605195,0.0,8,100.0,1.0,0.0,100.0,1.0,0.0,80.0,1.0,0.0,0.0,0.2,0.0,60.0,0.8,0.0,21.751668311660524,0.6,7.744205865284156,100.0,1.0,0.0,100.0,1.0,0.0
162,actuated,0,0,1029.399319628808,131.97427174728307,201029.39931962886,25128.674914953608,263.6,6.793814432989691,66025.87980350043,1701.697933079908,38.8,3.2675581576249835,55.653193177351454,26.6,25,4.277307049805794,0.6855670103092784,55.653193177351454,100.0,5.0,0.625,1.1611549390153821,0.0,8,100.0,1.0,0.0,100.0,1.0,0.0,33.61952609918262,0.6,2.1401921327665114,0.0,0.0,0.0,11.606019319629013,0.4,7.149047379356546,0.0,0.0,0.0,100.0,1.0,0.0,100.0,1.0,0.0
163,actuated,0,0,931.6121550417962,133.0874507202566,5676.040126998575,709.5050158748219,401.2,10.78494623655914,59957.15023642841,1611.751350441624,37.2,4.890306012775809,51.310002309226945,29.4,21,5.5516067473079636,0.7903225806451613,51.310002309226945,100.0,4.2,0.525,1.0456755080493167,0.0,8,100.0,1.0,0.0,100.0,1.0,0.0,10.480018473815562,0.2,8.365404064394534,0.0,0.0,0.0,0.0,0.0,0.0,0.0,0.0,0.0,100.0,1.0,0.0,100.0,1.0,0.0
164,actuated,0,0,734.4521048703236,114.75814138598807,455080.14187024196,56885.017733780245,552.0,14.01015228426396,62562.66536396319,1587.8849077148018,39.4,3.2913936432373925,51.309987000506396,32.0,23,4.560054479693265,0.8121827411167513,51.309987000506396,100.0,4.6,0.575,1.0911360438563862,0.0,8,100.0,1.0,0.0,100.0,1.0,0.0,0.0,0.2,0.0,0.0,0.0,0.0,10.47989600405117,0.4,8.72908835085109,0.0,0.0,0.0,100.0,1.0,0.0,100.0,1.0,0.0
165,actuated,0,0,716.2861398585876,127.90823926046208,6103968.111092404,762996.0138865506,718.8,17.033175355450236,66482.61905376431,1575.4175131223772,42.2,2.2353001297499144,50.0,35.2,20,3.637089750363175,0.8341232227488151,50.0,100.0,4.0,0.5,0.0,0.0,8,100.0,1.0,0.0,100.0,1.0,0.0,0.0,0.0,0.0,0.0,0.0,0.0,0.0,0.0,0.0,0.0,0.0,0.0,100.0,1.0,0.0,100.0,1.0,0.0
166,actuated,6,0,815.50860635023,119.927736227975,202164.69225529325,25270.586531911656,494.2,11.65566037735849,71869.09607347645,1695.0258507895392,42.4,2.0224216807070845,31.675596470454366,26.0,18,2.3456694028841665,0.6132075471698113,31.675596470454366,60.0,3.5999999999999996,0.45,2.153327357780646,0.0,8,60.0,0.8,0.0,60.0,0.8,0.0,11.715494858935926,0.2,8.535704313311664,0.0,0.0,0.0,0.0,0.0,0.0,1.6892769046989997,0.2,8.690914548933506,60.0,0.8,0.0,60.0,0.8,0.0
167,actuated,6,6,617.3108426432867,79.1424157234983,1309.404777410062,163.67559717625775,158.0,3.8916256157635467,76284.30097444812,1878.9236693213825,40.6,2.5226138582017237,16.67594910179048,12.8,15,2.033006598651734,0.31527093596059114,16.67594910179048,33.51392130311069,3.0,0.375,1.99145542391534,0.0,8,26.88321038725917,0.6,1.8347226329607107,31.933675677380506,0.6,1.6064744733426515,0.0,0.0,0.0,0.0,0.0,0.0,9.25428856491635,0.4,8.646771313156934,0.0,0.2,0.0,31.822496881657116,0.6,1.73254408780738,33.51392130311069,0.6,2.1111308840550413
168,actuated,6,6,387.561964192415,48.44524552405188,387.561964192415,48.44524552405188,65.8,1.8277777777777777,71690.45521601361,1991.4015337781557,36.0,3.0511004952065752,18.930916722634095,6.6,22,2.0646420140007957,0.18333333333333332,18.930916722634095,63.01695579475563,4.4,0.55,4.062143063864665,0.0,8,18.07798221604571,0.8,4.320129254536747,26.650714706850067,1.0,3.639177834444104,63.01695579475563,0.8,7.257772656954438,11.144528697109308,0.2,8.973012921213817,0.0,0.0,0.0,0.0,0.0,0.0,13.031316625713316,0.8,4.214672010121175,19.525835740598723,0.8,4.092379833647039
169,actuated,6,6,422.4535321633214,60.3505045947602,585171.3153393248,73146.4144174156,82.2,2.3757225433526012,61426.47788460283,1775.3317307688678,34.6,2.5205224150108316,25.058962587085603,8.8,18,1.6132116179343514,0.2543352601156069,25.058962587085603,100.0,3.6000000000000005,0.45,3.619742577769153,0.0,8,35.221194399791784,0.8,5.805956894625986,7.645201612194796,0.4,5.080656128671377,100.0,1.0,0.0,0.0,0.0,0.0,0.0,0.0,0.0,11.78425681765475,0.2,8.485897884555909,23.77307421971409,0.6,4.5471996156424686,22.0479736473294,0.6,5.038230098657481
170,actuated,6,6,510.35958235381275,72.9085117648304,1000510.359582354,125063.79494779425,153.8,4.112299465240642,58147.24432110674,1554.7391529707684,37.4,1.4647245988215085,55.44805225130773,19.6,23,0.8762268643042039,0.5240641711229946,55.44805225130773,100.0,4.6,0.575,1.2684873955532705,0.0,8,100.0,1.0,0.0,34.71587239276914,0.4,4.457082396526722,100.0,1.0,0.0,0.0,0.0,0.0,0.0,0.0,0.0,8.86854561769269,0.2,5.690816767899441,100.0,1.0,0.0,100.0,1.0,0.0
171,actuated,0,6,908.4990968352273,122.77014822097665,443648.01686658274,55456.00210832284,127.0,3.324607329842932,65144.32890746944,1705.3489242793046,38.2,1.8214835812192658,67.5,21.4,29,2.5458650544901835,0.5602094240837696,67.5,100.0,5.8,0.725,0.0,0.0,8,100.0,1.0,0.0,100.0,1.0,0.0,80.0,1.0,0.0,0.0,0.0,0.0,0.0,0.0,0.0,60.0,0.8,0.0,100.0,1.0,0.0,100.0,1.0,0.0
172,actuated,0,0,812.1088952508345,106.85643358563613,4039.3348382157155,504.91685477696444,218.8,6.010989010989011,61316.878900323856,1684.5296401187873,36.4,2.2214777342724488,55.65099471573603,23.8,26,2.053182103319448,0.6538461538461539,55.65099471573603,100.0,5.2,0.6499999999999999,2.252715207486547,0.0,8,100.0,1.0,0.0,100.0,1.0,0.0,21.620382029980192,0.6,1.6212796193111039,11.200624579646501,0.2,8.928073545266175,12.38695111626157,0.4,7.472368495315098,0.0,0.0,0.0,100.0,1.0,0.0,100.0,1.0,0.0
173,actuated,0,0,943.296970414305,147.39015162723513,775068.7969991557,96883.59962489446,345.6,9.494505494505495,61187.28954953722,1680.9694931191545,36.4,2.4122705228088543,51.171331717014255,27.2,22,2.4483081531075026,0.7472527472527473,51.171331717014255,100.0,4.4,0.55,1.1384226135327482,0.0,8,100.0,1.0,0.0,100.0,1.0,0.0,0.0,0.0,0.0,0.0,0.0,0.0,9.370653736114036,0.4,9.107380908261986,0.0,0.0,0.0,100.0,1.0,0.0,100.0,1.0,0.0
174,actuated,0,0,787.5413628575236,115.814906302577,261787.2315527143,32723.40394408929,483.2,13.05945945945946,60921.22042417432,1646.5194709236303,37.0,3.1726721453931916,53.52530583840519,28.6,24,3.255111019110248,0.772972972972973,53.52530583840519,100.0,4.800000000000001,0.6000000000000001,3.3405462676196036,0.0,8,100.0,1.0,0.0,100.0,1.0,0.0,6.246652348952466,0.4,8.504487634729594,10.879721721071292,0.2,9.191411560309037,0.0,0.0,0.0,11.076072637217749,0.2,9.028470945918198,100.0,1.0,0.0,100.0,1.0,0.0
175,actuated,0,0,556.1820482690753,111.23640965381506,4586636.596367653,573329.5745459567,636.4,16.4020618556701,60809.54159516915,1567.2562266796172,38.8,2.3167821291194897,50.47250771725146,32.8,21,3.3910653377134197,0.845360824742268,50.47250771725146,100.0,4.2,0.525,1.1376457501202824,0.0,8,100.0,1.0,0.0,100.0,1.0,0.0,3.780061738011682,0.2,9.101166000962259,0.0,0.0,0.0,0.0,0.0,0.0,0.0,0.0,0.0,100.0,1.0,0.0,100.0,1.0,0.0
176,actuated,6,0,1008.6943423269328,152.83247611014133,1002069.288706667,125258.66108833338,431.4,11.061538461538461,63945.314353413254,1639.6234449593142,39.0,1.4058564320116393,30.85487208796252,23.2,19,2.228180954588499,0.5948717948717949,30.85487208796252,60.0,3.8,0.475,1.0449960855068638,0.0,8,60.0,0.8,0.0,60.0,0.8,0.0,0.0,0.2,0.0,0.0,0.0,0.0,0.0,0.0,0.0,6.838976703700155,0.4,8.35996868405491,60.0,0.8,0.0,60.0,0.8,0.0
177,actuated,6,6,503.3005160962549,81.17750259617014,1331604.4124148216,166450.5515518527,194.8,5.47191011235955,65314.0789989767,1834.665140420694,35.6,1.2539681962608995,15.158214789665863,14.0,13,1.026638911537691,0.39325842696629215,15.158214789665863,41.89567950372748,2.5999999999999996,0.32499999999999996,0.922749289833973,0.0,8,23.528243423465938,0.6,1.908154096645611,26.369590918050108,0.6,1.6852154470279166,0.0,0.0,0.0,0.0,0.0,0.0,0.0,0.0,0.0,0.0,0.0,0.0,29.472204472083376,0.6,2.110227565085955,41.89567950372748,0.8,1.678397209912301
178,actuated,6,6,458.15919174597786,58.73835791615101,200458.159191746,25057.26989896825,80.6,2.3846153846153846,67878.27294059287,2008.2329272364752,33.8,2.4044681323437165,12.114205505529867,7.2,17,1.3096241173668108,0.21301775147928995,12.114205505529867,31.415567616900262,3.4000000000000004,0.42500000000000004,2.996317240873632,0.0,8,28.216179364922027,1.0,3.5784506464426595,8.810604097106989,0.8,3.776220903516409,0.0,0.0,0.0,0.0,0.0,0.0,2.2863441276513186,0.4,8.489700575917958,0.0,0.0,0.0,26.18494883765834,0.6,4.043167432161284,31.415567616900262,0.6,4.082998368950745
179,actuated,6,6,316.69904148224543,39.58738018528068,316.69904148224543,39.58738018528068,100.0,3.1446540880503147,55375.699432954,1741.374196004843,31.8,2.6692789537284844,20.68217564332656,9.6,15,1.0570754788083399,0.3018867924528302,20.68217564332656,63.4981047948736,3.0,0.375,2.8622333856673654,0.0,8,0.0,0.4,0.0,20.0,0.4,6.6823749926295415,63.4981047948736,0.8,6.584082882966954,0.0,0.0,0.0,0.0,0.0,0.0,0.0,0.0,0.0,22.85492971642725,0.6,5.682147708483882,59.104370635311625,0.8,3.9492615012585435
180,actuated,6,6,633.2898222114335,87.95691975158799,483935.32186360995,60491.91523295124,172.4,4.762430939226519,58145.98060351657,1606.2425581081925,36.2,1.8910746207729126,46.69955442879939,18.8,21,1.3225566084272038,0.5193370165745856,46.69955442879939,100.0,4.2,0.5249999999999999,1.9885063509110341,0.0,8,0.0,0.0,0.0,0.0,0.0,0.0,100.0,1.0,0.0,9.753295176192296,0.4,8.88324260758236,63.84314025420281,0.8,7.0248081997059115,0.0,0.0,0.0,100.0,1.0,0.0,100.0,1.0,0.0
181,actuated,0,6,863.7170474456274,110.73295480072146,200863.7170474457,25107.964630930714,128.2,3.621468926553672,57580.62211131854,1626.5712460824445,35.4,1.3535479704127706,50.44635128497589,19.4,23,1.0141189202636414,0.5480225988700564,50.44635128497589,100.0,4.6000000000000005,0.575,1.6958465806174892,0.0,8,50.60475563329419,0.6,5.854326359138253,0.0,0.0,0.0,80.0,1.0,0.0,0.0,0.0,0.0,60.0,0.8,0.0,12.96605464651293,0.2,7.71244628580166,100.0,1.0,0.0,100.0,1.0,0.0
182,actuated,0,0,858.876676052649,116.0644156827904,2439.3952384444315,304.92440480555393,218.8,6.251428571428572,58146.0727272309,1661.3163636351685,35.0,2.9817981455474785,41.53530800830396,23.0,18,3.856045188163032,0.6571428571428571,41.53530800830396,100.0,3.6,0.45,0.2459017263748938,0.0,8,100.0,1.0,0.0,0.0,0.0,0.0,32.28246406643166,0.6,1.9672138109991504,0.0,0.0,0.0,0.0,0.0,0.0,0.0,0.0,0.0,100.0,1.0,0.0,100.0,1.0,0.0
183,actuated,0,0,858.6775279523569,107.3346909940446,858.6775279523569,107.3346909940446,328.2,9.485549132947977,59865.869331395406,1730.2274373235666,34.6,4.005324444792845,40.995968376391545,23.2,19,4.248218654546073,0.6705202312138728,40.995968376391545,100.0,3.8,0.47500000000000003,2.561478366013172,0.0,8,100.0,1.0,0.0,0.46794210542429937,0.2,7.531269723414803,16.82352549521056,0.4,3.593998298254069,0.0,0.0,0.0,10.6762794104975,0.2,9.366558906436502,0.0,0.0,0.0,100.0,1.0,0.0,100.0,1.0,0.0
184,actuated,0,0,670.723305556223,111.78721759270383,612959.7817836023,76619.97272295029,452.6,12.713483146067416,58881.517829264245,1653.975219923153,35.6,3.3774837495917063,50.42221036908984,27.0,22,3.911949526034548,0.7584269662921348,50.42221036908984,100.0,4.4,0.55,1.0700602290802637,0.0,8,100.0,1.0,0.0,100.0,1.0,0.0,0.0,0.0,0.0,0.0,0.0,0.0,0.0,0.0,0.0,3.3776829527187147,0.4,8.56048183264211,100.0,1.0,0.0,100.0,1.0,0.0
185,actuated,0,0,540.5124198584738,100.09489256638403,1882656.4056185274,235332.05070231593,595.8,15.761904761904763,60062.05896542575,1588.9433588736972,37.8,1.8802686588732105,52.44893620054711,30.4,23,2.3010577100806713,0.8042328042328042,52.44893620054711,100.0,4.6,0.575,2.2597815360988536,0.0,8,100.0,1.0,0.0,100.0,1.0,0.0,8.158846478854684,0.4,9.331368571519853,0.0,0.0,0.0,11.43264312552219,0.2,8.746883717270975,0.0,0.0,0.0,100.0,1.0,0.0,100.0,1.0,0.0
186,actuated,4,0,671.4368138142502,108.29626029262099,794796.4718374249,99349.55897967811,462.2,12.292553191489361,64482.50274009277,1714.9601792577864,37.6,2.030843872802822,36.41792544874477,24.2,18,2.3251688667929984,0.6436170212765957,36.41792544874477,100.0,3.5999999999999996,0.45,1.1019620258478455,0.0,8,60.0,0.8,0.0,100.0,1.0,0.0,11.343403589958143,0.2,8.815696206782764,0.0,0.0,0.0,0.0,0.0,0.0,0.0,0.0,0.0,60.0,0.8,0.0,60.0,0.8,0.0
187,actuated,4,4,545.25616370787,69.90463637280385,200545.2561637078,25068.157020463474,272.8,7.294117647058823,67468.42714118797,1803.9686401387157,37.4,2.2510499889697906,25.28137269696856,16.0,15,2.0674557126966104,0.42780748663101603,25.28137269696856,100.0,3.0,0.375,1.8170960068349977,0.0,8,39.954958081330005,0.6,2.195788953515647,100.0,1.0,0.0,0.0,0.0,0.0,10.999324364911445,0.2,9.091467501313668,0.0,0.0,0.0,0.0,0.0,0.0,20.674187511549462,0.6,1.6117177358856587,30.62251161795757,0.6,1.637793863965009
188,actuated,4,4,413.72963597368164,57.462449440789115,467296.6537792839,58412.08172241049,161.8,4.649425287356322,65840.7480857523,1891.975519705526,34.8,1.996836832724577,22.155890341359736,10.0,18,1.1182172939791637,0.28735632183908044,22.155890341359736,100.0,3.6,0.45,2.5046905279632123,0.0,8,14.743885065281574,0.8,3.5417176634575314,100.0,1.0,0.0,0.0,0.0,0.0,0.0,0.0,0.0,11.350580869880105,0.2,8.81012180313696,0.0,0.0,0.0,21.248385363815032,0.6,3.9547535347331246,29.90427143190118,1.0,3.730931222378082
189,actuated,4,4,215.18474800708782,30.74067828672683,1000215.1847480068,125026.89809350084,193.2,6.0,61313.65925210761,1904.150908450547,32.2,2.7586446308574124,22.408944209930723,10.8,16,1.3065016183558598,0.33540372670807456,22.408944209930723,100.0,3.2,0.4,3.008487168844302,0.0,8,9.884379298541717,0.4,4.819988979635679,100.0,1.0,0.0,12.035966136504612,0.2,8.308431484922837,0.0,0.0,0.0,0.0,0.0,0.0,0.0,0.0,0.0,22.781515778115136,0.8,5.376740674284184,34.56969246628432,0.8,5.562736211911714
190,actuated,4,4,457.1431004662833,60.15040795608991,1541.504867075102,192.68810838438776,168.8,5.023809523809524,54069.163623736276,1609.2012983254845,33.6,2.183441623986214,43.34430635061892,14.6,23,1.2523592343028878,0.43452380952380953,43.34430635061892,100.0,4.6,0.575,5.06960622109505,0.0,8,3.2750897373807675,0.2,8.564337468426674,33.3889552961773,0.6,2.163535329273553,11.05618730297465,0.2,5.273919743387457,11.385925916792985,0.2,8.782772760932076,82.02669414412412,1.0,7.334047699500778,5.621598407501551,0.4,8.438236767239866,100.0,1.0,0.0,100.0,1.0,0.0
191,actuated,5,4,1176.9079352092515,173.0746963543017,107570.83706621309,13446.354633276636,206.2,5.543010752688172,58521.5783211626,1573.1607075581344,37.2,0.9065294078579733,60.0,23.2,26,0.9511280765572032,0.6236559139784946,60.0,100.0,5.2,0.65,0.0,0.0,8,0.0,0.2,0.0,80.0,1.0,0.0,100.0,1.0,0.0,0.0,0.0,0.0,100.0,1.0,0.0,0.0,0.0,0.0,100.0,1.0,0.0,100.0,1.0,0.0
192,actuated,5,5,845.3239551983012,120.76056502832874,1000845.323955198,125105.66549439976,331.6,8.913978494623656,62072.72603390354,1668.6216675780522,37.2,1.979080433804011,57.49830302208295,26.8,24,2.7880860727988117,0.7204301075268817,57.49830302208295,100.0,4.800000000000001,0.6,1.8548456225279084,0.0,8,10.698762017218542,0.2,9.346875819750027,0.0,0.0,0.0,100.0,1.0,0.0,0.0,0.0,0.0,100.0,1.0,0.0,49.28766215944506,0.6,5.491889160473241,100.0,1.0,0.0,100.0,1.0,0.0
193,actuated,5,5,978.2068794035067,139.74383991478666,697206.7422396276,87150.84277995345,474.6,12.045685279187817,66050.21625480682,1676.4014277869749,39.4,2.016314144976314,62.5,31.0,25,3.095392987714663,0.7868020304568528,62.5,100.0,5.0,0.625,0.0,0.0,8,0.0,0.0,0.0,0.0,0.0,0.0,100.0,1.0,0.0,0.0,0.0,0.0,100.0,1.0,0.0,100.0,1.0,0.0,100.0,1.0,0.0,100.0,1.0,0.0
194,actuated,5,5,262.74574486321825,54.73869684650381,1130441.8357986035,141305.22947482544,633.0,15.746268656716419,63470.17496249297,1578.8600736938552,40.2,1.436281032230628,74.42647078436721,33.4,31,1.655953692272032,0.8308457711442786,74.42647078436721,100.0,6.2,0.775,2.0226340339699997,0.0,8,10.63694106130697,0.2,9.40119903115388,0.0,0.0,0.0,100.0,1.0,0.0,84.77482521363072,1.0,6.7798732406061175,100.0,1.0,0.0,100.0,1.0,0.0,100.0,1.0,0.0,100.0,1.0,0.0
195,actuated,5,5,666.6454018238439,133.3290803647688,2823551.650678004,352943.9563347505,806.2,18.92488262910798,68611.44414301349,1610.5972803524294,42.6,1.6393404099543738,75.0,35.8,30,2.2433061477775924,0.8403755868544601,75.0,100.0,6.0,0.75,0.0,0.0,8,0.0,0.0,0.0,0.0,0.0,0.0,100.0,1.0,0.0,100.0,1.0,0.0,100.0,1.0,0.0,100.0,1.0,0.0,100.0,1.0,0.0,100.0,1.0,0.0
196,actuated,5,5,801.38051045589,148.4037982325722,2342493.659132379,292811.7073915474,990.0,22.19730941704036,72755.20980029777,1631.2827309483807,44.6,2.293300676971379,76.2473085971618,38.2,34,3.792586314978776,0.8565022421524664,76.2473085971618,100.0,6.8,0.85,2.135923953598831,0.0,8,3.5142830702943684,0.4,8.240357941202818,6.46418570700007,0.4,8.847033687587828,100.0,1.0,0.0,100.0,1.0,0.0,100.0,1.0,0.0,100.0,1.0,0.0,100.0,1.0,0.0,100.0,1.0,0.0
197,actuated,5,5,456.61169584956707,78.72615445682192,3861130.808874035,482641.35110925435,1180.0,26.22222222222222,73949.63509048586,1643.325224233019,45.0,2.548294638598475,76.35986619917958,38.6,31,4.105813733242259,0.8577777777777778,76.35986619917958,100.0,6.2,0.775,1.149010101834043,0.0,8,10.878929593436624,0.2,9.192080814672345,0.0,0.0,0.0,100.0,1.0,0.0,100.0,1.0,0.0,100.0,1.0,0.0,100.0,1.0,0.0,100.0,1.0,0.0,100.0,1.0,0.0
198,actuated,5,5,454.24388606478107,87.35459347399636,2012697.9985553348,251587.24981941684,1372.0,29.19148936170213,74654.38962503272,1588.3912686177175,47.0,1.1681989329913722,75.0,39.4,30,1.4954313750643842,0.8382978723404255,75.0,100.0,6.0,0.75,0.0,0.0,8,0.0,0.0,0.0,0.0,0.0,0.0,100.0,1.0,0.0,100.0,1.0,0.0,100.0,1.0,0.0,100.0,1.0,0.0,100.0,1.0,0.0,100.0,1.0,0.0
199,actuated,5,5,529.9789875606151,115.21282338274243,2277653.216932698,284706.65211658727,1576.2,33.11344537815126,77392.40364863597,1625.890832954537,47.6,1.5822424145751697,75.30529672726573,41.8,32,2.237317429919613,0.8781512605042017,75.30529672726573,100.0,6.4,0.8,1.0779768492910082,0.0,8,2.442373818125816,0.4,8.623814794328066,0.0,0.0,0.0,100.0,1.0,0.0,100.0,1.0,0.0,100.0,1.0,0.0,100.0,1.0,0.0,100.0,1.0,0.0,100.0,1.0,0.0
200,actuated,5,5,499.0168185512513,113.41291330710256,2918939.4075175854,364867.4259396982,1786.8,36.31707317073171,77368.45253024086,1572.5295229723752,49.2,1.7439207320311358,76.41628397542604,43.4,31,2.7536941607796255,0.8821138211382114,76.41628397542604,100.0,6.2,0.775,1.1032391999845763,0.0,8,0.0,0.0,0.0,11.330271803408323,0.2,8.82591359987661,100.0,1.0,0.0,100.0,1.0,0.0,100.0,1.0,0.0,100.0,1.0,0.0,100.0,1.0,0.0,100.0,1.0,0.0
201,actuated,5,5,605.7911782607705,121.1582356521541,3225235.9441633364,403154.49302041705,2005.0,40.1,79752.11573719892,1595.0423147439785,50.0,2.3178412307769856,75.22827957997322,44.4,32,4.275133006206932,0.888,75.22827957997322,100.0,6.4,0.8,1.078948650613893,0.0,8,1.8262366397857477,0.4,8.631589204911144,0.0,0.0,0.0,100.0,1.0,0.0,100.0,1.0,0.0,100.0,1.0,0.0,100.0,1.0,0.0,100.0,1.0,0.0,100.0,1.0,0.0
202,actuated,5,5,759.9956481661263,131.03373244243556,2001181.9510719224,250147.7438839903,2228.0,42.84615384615385,83340.51957303223,1602.702299481389,52.0,2.492075832367383,75.0,45.2,30,4.446794531108538,0.8692307692307693,75.0,100.0,6.0,0.75,0.0,0.0,8,0.0,0.0,0.0,0.0,0.0,0.0,100.0,1.0,0.0,100.0,1.0,0.0,100.0,1.0,0.0,100.0,1.0,0.0,100.0,1.0,0.0,100.0,1.0,0.0
203,actuated,5,5,374.9017388353245,89.26231877031536,3533700.6030146554,441712.5753768319,2458.2,46.912213740458014,82529.593526688,1574.9922428757252,52.4,2.6825595526550043,75.48071798341596,47.4,32,4.686107575497828,0.9045801526717557,75.48071798341596,100.0,6.4,0.8,1.0400706254877148,0.0,8,3.8457438673276556,0.4,8.320565003901718,0.0,0.0,0.0,100.0,1.0,0.0,100.0,1.0,0.0,100.0,1.0,0.0,100.0,1.0,0.0,100.0,1.0,0.0,100.0,1.0,0.0
204,actuated,5,5,716.157774911237,198.9327152531214,3273953.2234493676,409244.15293117095,2700.4,49.63970588235294,84985.57567584392,1562.234846982425,54.4,1.0482261876655827,75.09688151398393,49.8,31,2.49718838017387,0.9154411764705882,75.09688151398393,100.0,6.2,0.775,1.070469849393703,0.0,8,0.775052111871446,0.2,8.563758795149624,0.0,0.0,0.0,100.0,1.0,0.0,100.0,1.0,0.0,100.0,1.0,0.0,100.0,1.0,0.0,100.0,1.0,0.0,100.0,1.0,0.0
205,actuated,5,5,611.8043969693174,152.95109924232935,3940849.561177502,492606.19514718774,2950.2,52.494661921708186,89104.69117438876,1585.4927255229316,56.2,1.0936638551684956,75.0,50.8,31,1.81623828742051,0.9039145907473309,75.0,100.0,6.2,0.775,0.0,0.0,8,0.0,0.2,0.0,0.0,0.0,0.0,100.0,1.0,0.0,100.0,1.0,0.0,100.0,1.0,0.0,100.0,1.0,0.0,100.0,1.0,0.0,100.0,1.0,0.0
206,actuated,5,5,469.4542040676809,117.36355101692023,4000469.4542040676,500058.68177550845,3204.0,56.01398601398601,91406.13121433464,1598.0092869638922,57.2,1.5958533957218068,75.0,51.2,30,2.588121713271823,0.8951048951048951,75.0,100.0,6.0,0.75,0.0,0.0,8,0.0,0.0,0.0,0.0,0.0,0.0,100.0,1.0,0.0,100.0,1.0,0.0,100.0,1.0,0.0,100.0,1.0,0.0,100.0,1.0,0.0,100.0,1.0,0.0
207,actuated,5,5,732.4260626835769,203.45168407877136,2949090.016390355,368636.25204879435,3464.0,57.733333333333334,92505.64693590865,1541.7607822651441,60.0,1.1573244835889862,77.1466984482521,53.8,34,2.2884045295660527,0.8966666666666666,77.1466984482521,100.0,6.8,0.85,2.197779828531202,0.0,8,11.101780869225877,0.4,8.99507007393986,6.0718067167908885,0.4,8.587168554309756,100.0,1.0,0.0,100.0,1.0,0.0,100.0,1.0,0.0,100.0,1.0,0.0,100.0,1.0,0.0,100.0,1.0,0.0
208,actuated,0,5,765.4383087621511,166.39963233959807,2048832.8350373723,256104.10437967154,2673.8,46.1,94719.49726402506,1633.0947804142252,58.0,0.7195559547730505,58.10892684750968,44.4,29,1.131271041234275,0.7655172413793103,58.10892684750968,100.0,5.8,0.725,1.0967053805245088,0.0,8,4.87141478007743,0.4,8.77364304419607,0.0,0.0,0.0,60.0,0.8,0.0,60.0,0.8,0.0,80.0,1.0,0.0,60.0,0.8,0.0,100.0,1.0,0.0,100.0,1.0,0.0
209,actuated,0,0,343.26856869766027,66.01318628801158,2573598.5631825877,321699.82039782347,2085.2,37.912727272727274,94377.91744274864,1715.9621353227028,55.0,1.0204121334779745,38.907979462817934,30.6,22,0.8994777287965632,0.5563636363636364,38.907979462817934,100.0,4.4,0.55,0.9572890881499343,0.0,8,0.0,0.0,0.0,0.0,0.0,0.0,30.987763449625163,0.6,2.0543698794476906,35.0328570647207,0.6,2.134809616980609,23.30442699426385,0.6,1.9226594690411118,21.93878819393376,0.6,1.5464737397300632,100.0,1.0,0.0,100.0,1.0,0.0
210,actuated,0,0,219.1048790922079,39.1258712664657,2002937.7993851341,250367.22492314177,2125.6,42.68273092369478,90660.04551367444,1820.482841640049,49.8,1.9591370852535648,39.64364091755385,25.8,28,1.53785623867467,0.5180722891566265,39.64364091755385,100.0,5.6000000000000005,0.7,3.048187054690753,0.0,8,0.0,0.0,0.0,0.03484908436348633,0.4,8.274082493782043,24.6611340229083,0.8,3.871400633201768,28.470225012997616,0.6,4.36746553077538,26.76386946263392,1.0,3.9063762724009634,37.2190497575275,0.8,3.9661715073658694,100.0,1.0,0.0,100.0,1.0,0.0
211,actuated,0,0,149.11488125432646,29.822976250865292,2626508.9151281104,328313.6143910138,2256.2,48.41630901287554,76499.39270469337,1641.6178691994285,46.6,2.096329418879344,36.30578447657342,27.2,22,1.8083575002498349,0.5836909871244635,36.30578447657342,100.0,4.4,0.55,2.6489414456957814,0.0,8,0.0,0.0,0.0,0.0,0.0,0.0,47.59408900637027,0.6,5.266996369791338,17.843372414331498,0.4,5.604321743555701,12.147856312285512,0.6,5.5716794910481955,12.860958079600096,0.8,4.748533961171015,100.0,1.0,0.0,100.0,1.0,0.0
212,actuated,0,0,409.41995231532053,81.88399046306411,3000409.419952315,375051.17749403935,2415.6,49.7037037037037,74019.00297512306,1523.0247525745485,48.6,0.9510111438984193,72.23040802714536,37.0,29,0.9106498298219213,0.7613168724279835,72.23040802714536,100.0,5.8,0.725,0.5223938485092342,0.0,8,77.84326421716287,0.8,4.179150788073874,0.0,0.0,0.0,100.0,1.0,0.0,0.0,0.0,0.0,100.0,1.0,0.0,100.0,1.0,0.0,100.0,1.0,0.0,100.0,1.0,0.0
213,actuated,4,0,1215.7597850723882,178.78820368711592,4827.36057150542,603.4200714381775,1914.6,37.249027237354085,81642.02231763,1588.3661929500001,51.4,0.6681863014421602,78.76720149455082,38.6,34,0.48941736698532523,0.7509727626459144,78.76720149455082,100.0,6.8,0.85,0.6515949848087241,0.0,8,100.0,1.0,0.0,0.0,0.0,0.0,100.0,1.0,0.0,90.13761195640654,1.0,5.212759878469793,100.0,1.0,0.0,100.0,1.0,0.0,60.0,0.8,0.0,80.0,1.0,0.0
214,actuated,4,4,780.535784125916,125.89286840740581,1434743.7205816163,179342.96507270203,1135.0,22.43083003952569,86447.06315743654,1708.4399833485484,50.6,0.8511107470235373,70.31965131531479,34.6,31,0.73002421862412,0.6837944664031621,70.31965131531479,100.0,6.199999999999999,0.775,0.5005965556444382,0.0,8,100.0,1.0,0.0,0.0,0.0,0.0,100.0,1.0,0.0,100.0,1.0,0.0,100.0,1.0,0.0,100.0,1.0,0.0,26.35569269163625,0.6,1.8198918589819548,36.20151783088204,0.6,2.1848805861735507
215,actuated,4,4,777.1996369212259,117.75752074564029,1001941.540977025,125242.69262212813,494.0,10.12295081967213,84754.27374180291,1736.7679045451416,48.8,1.1832512302787037,69.20319720193618,27.4,32,0.9495690857350052,0.5614754098360656,69.20319720193618,100.0,6.3999999999999995,0.8,1.054150024867461,0.0,8,100.0,1.0,0.0,0.0,0.0,0.0,100.0,1.0,0.0,100.0,1.0,0.0,100.0,1.0,0.0,100.0,1.0,0.0,15.475237952641692,0.8,4.02143696583439,38.15033966284773,0.6,4.4117632331052965
216,actuated,4,4,1175.855386188488,167.9793408840697,419483.8070957061,52435.475886963264,578.8,11.860655737704919,86249.12403318232,1767.4000826471788,48.8,1.352046111803242,78.75898936307635,29.0,37,1.4654930052840238,0.5942622950819673,78.75898936307635,100.0,7.3999999999999995,0.925,2.0696888316347537,0.0,8,100.0,1.0,0.0,90.20640962116886,1.0,5.1684766959496065,100.0,1.0,0.0,100.0,1.0,0.0,100.0,1.0,0.0,100.0,1.0,0.0,22.889420974838686,0.6,5.5577480998246385,16.976084308603276,0.8,5.831285857303785
217,actuated,4,4,605.7098598219852,100.9516433036642,1393951.1083744993,174243.8885468124,725.6,15.179916317991632,83636.70133994574,1749.7217853545133,47.8,1.5997934339292863,79.83592928092548,31.0,38,1.96098232560492,0.6485355648535565,79.83592928092548,100.0,7.6,0.95,1.760054588194241,0.0,8,100.0,1.0,0.0,100.0,1.0,0.0,100.0,1.0,0.0,100.0,1.0,0.0,100.0,1.0,0.0,100.0,1.0,0.0,11.965465490420684,1.0,6.7212014359778145,26.721968756983188,0.6,7.359235269576114
218,actuated,4,4,1067.7322841032046,166.83316939112572,617145.1054318792,77143.1381789849,884.2,18.34439834024896,80683.41996780346,1673.9298748506942,48.2,1.6351165464853987,80.49414402894968,33.6,38,2.0367124120400706,0.6970954356846473,80.49414402894968,100.0,7.6,0.95,1.7020666010697703,0.0,8,100.0,1.0,0.0,100.0,1.0,0.0,100.0,1.0,0.0,100.0,1.0,0.0,100.0,1.0,0.0,100.0,1.0,0.0,27.641272978198685,0.6,6.0203139282546605,16.31187925339873,1.0,7.596218880303502
219,actuated,4,4,968.9757755910371,146.81451145318744,1892071.1580891893,236508.89476114867,1057.2,22.11715481171548,79510.21934964113,1663.3937102435384,47.8,1.5192794139223305,77.12769034944301,36.2,34,1.893115671504188,0.7573221757322176,77.12769034944301,100.0,6.800000000000001,0.85,2.1594080183310767,0.0,8,100.0,1.0,0.0,100.0,1.0,0.0,100.0,1.0,0.0,100.0,1.0,0.0,100.0,1.0,0.0,100.0,1.0,0.0,9.410403160122769,0.4,8.532352848361377,7.611119635421346,0.4,8.742911298287236
220,actuated,4,4,700.1722211066689,112.93100340430142,2051964.8753553745,256495.60941942182,1238.0,24.95967741935484,83330.78921492069,1680.056234171788,49.6,1.5420361037988004,77.78609513379592,37.8,32,1.8553531556992051,0.7620967741935484,77.78609513379592,100.0,6.4,0.8,2.2433484917046798,0.0,8,100.0,1.0,0.0,100.0,1.0,0.0,100.0,1.0,0.0,100.0,1.0,0.0,100.0,1.0,0.0,100.0,1.0,0.0,11.204570232175683,0.2,8.924929553552557,11.084190838191716,0.2,9.02185838008488
221,actuated,4,4,1170.3474604167354,201.78404489943716,1594973.6352554187,199371.70440692734,1432.6,27.33969465648855,87663.47686820713,1672.9671158054796,52.4,1.3691880406389403,77.24247063538257,41.0,33,1.899262258006944,0.7824427480916031,77.24247063538257,100.0,6.6000000000000005,0.825,2.191481814711565,0.0,8,100.0,1.0,0.0,100.0,1.0,0.0,100.0,1.0,0.0,100.0,1.0,0.0,100.0,1.0,0.0,100.0,1.0,0.0,7.019990939675154,0.4,8.374155952967703,10.919774143385439,0.2,9.157698564724816
222,actuated,4,4,885.8241568841852,164.04151053410837,1862785.41012749,232848.17626593626,1638.2,31.026515151515152,87573.48125266244,1658.5886600883039,52.8,1.4176288662181398,77.65183787711862,42.2,33,2.005680350970919,0.7992424242424242,77.65183787711862,100.0,6.6000000000000005,0.825,2.1987077680203497,0.0,8,100.0,1.0,0.0,100.0,1.0,0.0,100.0,1.0,0.0,100.0,1.0,0.0,100.0,1.0,0.0,100.0,1.0,0.0,9.867342759375788,0.4,8.777039848747417,11.3473602575732,0.2,8.81262229541538
223,actuated,4,4,716.6657637378974,179.16644093447434,5269738.624728358,658717.3280910448,1856.2,33.99633699633699,89465.46801539161,1638.5616852635826,54.6,1.2577197702232845,76.64756024630606,45.6,33,1.9604072630856377,0.8351648351648352,76.64756024630606,100.0,6.6000000000000005,0.825,2.262745332229019,0.0,8,100.0,1.0,0.0,100.0,1.0,0.0,100.0,1.0,0.0,100.0,1.0,0.0,100.0,1.0,0.0,100.0,1.0,0.0,10.770544638799038,0.2,9.2845815465791,2.4099373316494166,0.4,8.817381111253054
224,actuated,4,4,1139.8778170590265,203.5496101891119,2012188.2432380128,251523.5304047516,2084.0,36.43356643356643,95878.24313609744,1676.1930618198853,57.2,1.3209206281224248,76.39133529194851,47.0,33,1.9668776713297678,0.8216783216783217,76.39133529194851,100.0,6.6000000000000005,0.825,2.135624110306868,0.0,8,100.0,1.0,0.0,100.0,1.0,0.0,100.0,1.0,0.0,100.0,1.0,0.0,100.0,1.0,0.0,100.0,1.0,0.0,8.455799379557902,0.4,8.606268695835023,2.67488295603016,0.2,8.478724186619921
225,actuated,4,4,1293.0771090406167,208.56082403880913,1601675.040735762,200209.38009197026,2317.4,38.623333333333335,100010.65374539775,1666.8442290899625,60.0,1.48258028048494,76.90152463674053,48.4,34,2.121619402485025,0.8066666666666666,76.90152463674053,100.0,6.8,0.85,2.214988121989193,0.0,8,100.0,1.0,0.0,100.0,1.0,0.0,100.0,1.0,0.0,100.0,1.0,0.0,100.0,1.0,0.0,100.0,1.0,0.0,11.063822696751231,0.2,9.038467330949175,4.148374397173029,0.6,8.681437644964367
226,actuated,4,4,929.7886432822477,193.70596735046828,1541378.6922210895,192672.3365276362,2564.8,41.908496732026144,100023.10614887218,1634.364479556735,61.2,1.3144193800640065,76.99330822333707,51.4,33,2.0394041330838326,0.8398692810457516,76.99330822333707,100.0,6.6000000000000005,0.825,2.259924763515806,0.0,8,100.0,1.0,0.0,100.0,1.0,0.0,100.0,1.0,0.0,100.0,1.0,0.0,100.0,1.0,0.0,100.0,1.0,0.0,11.052204497018465,0.2,9.047968667877692,4.89426128967807,0.4,9.031429440248758
227,actuated,4,4,829.9333417847549,197.60317661541782,4916326.613383625,614540.8266729531,2826.6,44.443396226415096,103180.8898310875,1622.341035079992,63.6,1.234669452583644,76.44211685185894,54.2,34,1.948613035915178,0.8522012578616353,76.44211685185894,100.0,6.800000000000001,0.85,2.1529156440286896,0.0,8,100.0,1.0,0.0,100.0,1.0,0.0,100.0,1.0,0.0,100.0,1.0,0.0,100.0,1.0,0.0,100.0,1.0,0.0,3.862624738571867,0.4,8.514737797249108,7.674310076299662,0.4,8.70858735498041
228,actuated,4,4,798.4773010275119,181.47211386988906,4223316.332528615,527914.5415660769,3099.6,47.1063829787234,105030.45772039916,1596.2075641398048,65.8,1.1179609311284484,76.67015981178565,56.4,33,1.7030816088413188,0.8571428571428571,76.67015981178565,100.0,6.6000000000000005,0.825,2.16576617574904,0.0,8,100.0,1.0,0.0,100.0,1.0,0.0,100.0,1.0,0.0,100.0,1.0,0.0,100.0,1.0,0.0,100.0,1.0,0.0,1.8454843140943922,0.4,8.642403521761297,11.515794180190824,0.2,8.68372588423102
229,actuated,4,4,723.7165550133693,201.03237639260257,5854511.711414764,731813.9639268455,3388.0,49.10144927536232,108354.5311646297,1570.3555241250683,69.0,0.8326781557246588,78.20274200128154,59.8,32,1.3355867121766163,0.8666666666666667,78.20274200128154,100.0,6.4,0.8,1.6025343151699842,0.0,8,100.0,1.0,0.0,100.0,1.0,0.0,100.0,1.0,0.0,100.0,1.0,0.0,100.0,1.0,0.0,100.0,1.0,0.0,12.620732287396095,0.2,7.923470502568751,13.00120372285619,0.2,4.896804018791122
230,actuated,0,4,1547.297494826837,257.8829158044728,853770.0271556212,106721.25339445265,2596.8,36.57464788732394,115156.54640217786,1621.9231887630685,71.0,0.7821946601166062,70.65331756705064,51.8,33,0.9813928429836553,0.7295774647887324,70.65331756705064,100.0,6.6,0.825,0.8160085886215459,0.0,8,100.0,1.0,0.0,100.0,1.0,0.0,60.0,0.8,0.0,60.0,0.8,0.0,60.0,0.8,0.0,60.0,0.8,0.0,25.226540536405082,0.4,6.528068708972367,100.0,1.0,0.0
231,actuated,0,0,1013.1730381135716,140.71847751577383,90348.94831316215,11293.61853914527,1577.2,22.595988538681947,117807.948077001,1687.7929523925645,69.8,0.9469758478934824,66.6468502684711,39.0,32,0.5988563910258197,0.5587392550143266,66.6468502684711,100.0,6.4,0.8,1.0486402633473435,0.0,8,100.0,1.0,0.0,100.0,1.0,0.0,28.416649755827166,0.6,2.051240155458452,32.92499514868268,0.6,2.1514343602462698,36.38099744164265,0.6,2.0771283246388883,35.45215980161629,0.6,2.1093192664351386,100.0,1.0,0.0,100.0,1.0,0.0
232,actuated,0,0,445.7651523867653,71.89760522367182,1126719.7315091775,140839.96643864718,1403.2,21.26060606060606,118578.51265663371,1796.644131161117,66.0,1.5477744784721277,61.648263291687044,31.6,34,1.0869409236987473,0.47878787878787876,61.648263291687044,100.0,6.799999999999999,0.8500000000000001,2.0370452349538457,0.0,8,100.0,1.0,0.0,100.0,1.0,0.0,19.252830526206708,0.8,4.116398546083495,28.496109368875295,0.8,4.124219329293967,17.669809662138505,0.6,3.706135422505181,27.767356776275847,0.6,4.349608581748122,100.0,1.0,0.0,100.0,1.0,0.0
233,actuated,0,0,331.99566108045684,55.33261018007614,2000331.9956610806,250041.49945763507,1560.4,23.859327217125383,107542.27744558267,1644.3773309722121,65.4,1.7783679961580219,71.6983480572776,36.6,35,1.4380988168286528,0.5596330275229358,71.6983480572776,100.0,7.0,0.875,2.2574891035961557,0.0,8,100.0,1.0,0.0,100.0,1.0,0.0,28.726466780781266,0.6,5.043766839262314,33.74186577000728,0.8,4.974121174266573,51.95139415832273,0.8,4.485607062080955,59.16705774910952,0.8,3.556417753159405,100.0,1.0,0.0,100.0,1.0,0.0
234,actuated,0,0,854.502758143035,142.4171263571725,2000854.502758143,250106.81284476788,1782.6,25.685878962536023,102294.40129953636,1473.9827276590254,69.4,0.7539849203647034,100.0,51.0,40,0.6619508273001017,0.7348703170028819,100.0,100.0,8.0,1.0,0.0,0.0,8,100.0,1.0,0.0,100.0,1.0,0.0,100.0,1.0,0.0,100.0,1.0,0.0,100.0,1.0,0.0,100.0,1.0,0.0,100.0,1.0,0.0,100.0,1.0,0.0
235,actuated,6,0,1407.870794563229,251.40549902914807,27564.196626594505,3445.524578324313,1195.2,17.074285714285715,111950.62719527885,1599.2946742182694,70.0,0.36777059910260745,85.0,51.2,38,0.2947514439431571,0.7314285714285714,85.0,100.0,7.6,0.95,0.0,0.0,8,60.0,0.8,0.0,80.0,1.0,0.0,100.0,1.0,0.0,100.0,1.0,0.0,100.0,1.0,0.0,100.0,1.0,0.0,80.0,1.0,0.0,60.0,0.8,0.0
236,actuated,6,6,804.9375023833954,138.78232799713714,739865.1313700379,92483.14142125474,584.4,8.445086705202312,114759.50354879536,1658.3743287398172,69.2,0.7070449277413249,66.24344636390504,40.8,32,0.5645393701032455,0.5895953757225434,66.24344636390504,100.0,6.3999999999999995,0.8,0.983667591511685,0.0,8,28.797520623743367,0.6,1.7711337893410863,39.061308341542826,0.6,2.1160090306818913,100.0,1.0,0.0,100.0,1.0,0.0,100.0,1.0,0.0,100.0,1.0,0.0,36.62835784228264,0.6,2.3214930149203066,25.46038410367146,0.6,1.6607048971501959
237,actuated,6,6,924.5523154136403,140.08368415358186,1485290.681284605,185661.33516057563,469.2,7.087613293051359,117394.639425389,1773.3329218336708,66.2,1.3099410807335272,63.86899465718045,32.6,36,1.1153983470760744,0.49244712990936557,63.86899465718045,100.0,7.199999999999999,0.8999999999999999,2.0066205970412687,0.0,8,29.2792888415579,1.0,3.6969419318857915,39.5742394170702,0.8,3.9097223066275095,100.0,1.0,0.0,100.0,1.0,0.0,100.0,1.0,0.0,100.0,1.0,0.0,30.428866758975346,0.6,4.307112275456672,11.669562239840161,0.8,4.139188262360177
238,actuated,6,6,907.5681940256816,151.26136567094693,776363.2568793581,97045.40710991976,630.0,9.402985074626866,108368.45741518494,1617.439662913208,67.0,1.4811430002192258,76.81306836387421,37.8,37,1.325676631288942,0.564179104477612,76.81306836387421,100.0,7.3999999999999995,0.925,2.5176448480331617,0.0,8,60.45266649035966,0.8,4.649725332101371,58.58467586727784,0.8,4.321634629822004,100.0,1.0,0.0,100.0,1.0,0.0,100.0,1.0,0.0,100.0,1.0,0.0,63.94255366491052,1.0,5.2575962394233375,31.52465088844565,0.8,5.91220258291858
239,actuated,6,6,1029.100065445091,177.43104576639502,2772451.3461645776,346556.4182705722,852.0,12.102272727272727,105829.7850711057,1503.2639924872967,70.4,0.7338830268853432,100.0,50.4,40,0.7383805293085342,0.7159090909090909,100.0,100.0,8.0,1.0,0.0,0.0,8,100.0,1.0,0.0,100.0,1.0,0.0,100.0,1.0,0.0,100.0,1.0,0.0,100.0,1.0,0.0,100.0,1.0,0.0,100.0,1.0,0.0,100.0,1.0,0.0
240,actuated,0,6,1938.8548075913452,293.7658799380826,5663.894577591016,707.986822198877,732.0,10.338983050847459,111982.85109095808,1581.6786877253967,70.8,0.36050314623374013,80.0,52.4,36,0.2659249087375552,0.7401129943502824,80.0,100.0,7.199999999999999,0.9,0.0,0.0,8,100.0,1.0,0.0,100.0,1.0,0.0,60.0,0.8,0.0,60.0,0.8,0.0,60.0,0.8,0.0,60.0,0.8,0.0,100.0,1.0,0.0,100.0,1.0,0.0
241,actuated,0,0,1396.161332255579,178.99504259686913,1702.2707734522676,212.78384668153345,468.8,6.77456647398844,118136.4789594805,1707.1745514375796,69.2,0.8538767668374001,64.9953557817787,41.0,32,0.6226100344525687,0.5924855491329479,64.9953557817787,100.0,6.4,0.8,0.9710292369817459,0.0,8,100.0,1.0,0.0,100.0,1.0,0.0,33.25307535881166,0.6,1.981891474768488,29.326017019975552,0.6,1.9257938076399788,26.550748859804116,0.6,1.849913568856848,30.833005015638264,0.6,2.0106350445886525,100.0,1.0,0.0,100.0,1.0,0.0
242,actuated,0,0,1133.498735951845,153.1755048583574,3817.029822751044,477.1287278438805,504.8,7.625377643504532,115140.28683157897,1739.2792572746066,66.2,1.635018514906116,61.570823307419005,36.0,36,1.4065130688462202,0.5438066465256798,61.570823307419005,100.0,7.199999999999999,0.9,2.027331712152975,0.0,8,100.0,1.0,0.0,100.0,1.0,0.0,32.83981166301146,0.8,4.308519165858589,18.30257242116204,0.8,3.7257936405141368,15.863305254306397,0.8,3.7966318971273125,25.56089712087214,0.8,4.387708993723763,100.0,1.0,0.0,100.0,1.0,0.0
243,actuated,0,0,488.64849259144887,97.72969851828978,1449584.6827349172,181198.08534186464,692.8,10.962025316455696,97536.54072032278,1543.2996949418161,63.2,1.7481523382722042,67.569441965245,41.6,36,1.7908360965439534,0.6582278481012658,67.569441965245,100.0,7.199999999999999,0.8999999999999999,2.5656545865370264,0.0,8,100.0,1.0,0.0,100.0,1.0,0.0,43.614840305449434,1.0,4.080595681342683,38.003079353029534,0.8,5.5083767643918335,21.648915647219837,0.6,5.231435511986702,37.288700416261236,0.8,5.704828734574992,100.0,1.0,0.0,100.0,1.0,0.0
244,actuated,0,0,553.0370269132338,145.5360597140089,8417728.781144641,1052216.0976430802,937.6,14.38036809815951,98198.13584799538,1506.106378036739,65.2,0.6437872867108836,100.0,54.2,40,0.830936542806871,0.8312883435582822,100.0,100.0,8.0,1.0,0.0,0.0,8,100.0,1.0,0.0,100.0,1.0,0.0,100.0,1.0,0.0,100.0,1.0,0.0,100.0,1.0,0.0,100.0,1.0,0.0,100.0,1.0,0.0,100.0,1.0,0.0
245,actuated,6,0,1479.2602806125674,238.59036784073666,207043.81428811068,25880.476786013834,838.4,12.626506024096386,104737.75535700552,1577.375833689842,66.4,0.4213253153768696,80.0,50.6,36,0.33422137746066544,0.7620481927710844,80.0,100.0,7.2,0.8999999999999999,0.0,0.0,8,40.0,0.6,0.0,60.0,0.8,0.0,100.0,1.0,0.0,100.0,1.0,0.0,100.0,1.0,0.0,100.0,1.0,0.0,60.0,0.8,0.0,80.0,1.0,0.0
246,actuated,6,6,955.5970271597191,144.7874283575332,1333712.887112543,166714.11088906787,540.2,8.362229102167182,109670.90081741693,1697.6919631179092,64.6,0.7057867047714448,64.97816662727757,40.0,32,0.4471903965742939,0.6191950464396285,64.97816662727757,100.0,6.3999999999999995,0.8,0.8844240324745818,0.0,8,31.042449581273104,0.6,1.7341047836893473,28.142042478898475,0.6,1.7194288822999104,100.0,1.0,0.0,100.0,1.0,0.0,100.0,1.0,0.0,100.0,1.0,0.0,25.309762360338937,0.6,1.813107814308299,35.331078597710075,0.6,1.8087507794990976
247,actuated,6,6,773.1279421823756,107.37888085866328,800773.1279421826,100096.64099277282,375.0,6.313131313131313,109118.47514933863,1837.0113661504818,59.4,1.3817137604735217,61.74644140704686,26.8,34,0.9602814508243321,0.4511784511784512,61.74644140704686,100.0,6.8,0.85,1.9627193934756695,0.0,8,15.623033586166457,0.8,3.726916716965235,30.10402473499198,0.6,3.860061122687022,100.0,1.0,0.0,100.0,1.0,0.0,100.0,1.0,0.0,100.0,1.0,0.0,14.159967601949575,0.8,4.168032807781673,34.08450533326686,0.6,3.9467445003714263
248,actuated,6,6,462.6223639749076,79.76247654739787,688343.0676270677,86042.88345338346,462.4,7.8108108108108105,98220.62555663763,1659.132188456717,59.2,1.6323366374500499,72.97576357510991,28.8,36,1.4250493502087338,0.4864864864864865,72.97576357510991,100.0,7.2,0.8999999999999999,2.470033298357304,0.0,8,28.301678413217815,0.6,4.282188769673397,55.71810015400388,0.8,4.3727782094998835,100.0,1.0,0.0,100.0,1.0,0.0,100.0,1.0,0.0,100.0,1.0,0.0,35.63838293363915,0.8,5.9277542789347635,64.14794710001843,1.0,5.177545128750388
249,actuated,6,6,1233.3577951017974,192.71215548465582,2231201.108864538,278900.13860806724,639.2,10.018808777429467,97025.03938697858,1520.7686424291314,63.8,0.8559987025685342,100.0,41.2,40,0.7915860301564439,0.64576802507837,100.0,100.0,8.0,1.0,0.0,0.0,8,100.0,1.0,0.0,100.0,1.0,0.0,100.0,1.0,0.0,100.0,1.0,0.0,100.0,1.0,0.0,100.0,1.0,0.0,100.0,1.0,0.0,100.0,1.0,0.0
250,actuated,0,6,1071.905555906841,162.40993271315776,9364.652585211436,1170.5815731514294,494.8,7.635802469135802,104673.2203324452,1615.3274742661295,64.8,0.5848578834230678,85.0,43.6,38,0.40851961129915443,0.6728395061728395,85.0,100.0,7.6,0.95,0.0,0.0,8,100.0,1.0,0.0,100.0,1.0,0.0,60.0,0.8,0.0,80.0,1.0,0.0,60.0,0.8,0.0,80.0,1.0,0.0,100.0,1.0,0.0,100.0,1.0,0.0
251,actuated,0,0,1256.0710627903675,179.43872325576677,36060.09170286952,4507.51146285869,365.4,5.893548387096774,104956.13519225645,1692.8408901976845,62.0,1.1242702160249478,63.59348128616489,36.8,31,1.0745052520001679,0.5935483870967742,63.59348128616489,100.0,6.2,0.775,0.9706748465419341,0.0,8,100.0,1.0,0.0,100.0,1.0,0.0,27.7134525941392,0.6,1.739197112450281,33.18987065156307,0.6,1.9561422452853725,29.110893337551715,0.6,1.826378745371604,18.73363370606512,0.4,2.2436806692282163,100.0,1.0,0.0,100.0,1.0,0.0
252,actuated,0,0,413.0302369800788,82.60604739601577,1999157.210785936,249894.651348242,505.4,8.804878048780488,98965.45693372801,1724.1368803785367,57.4,1.792034029869828,60.591938253975286,37.4,35,1.80512081771808,0.6515679442508711,60.591938253975286,100.0,7.0,0.875,1.928815977527559,0.0,8,100.0,1.0,0.0,100.0,1.0,0.0,11.999358313541961,0.8,3.7745080571788376,25.186661747284234,0.6,3.772970095655106,32.025830008192315,1.0,3.992688645353619,15.523655962783778,0.6,3.8903610220329115,100.0,1.0,0.0,100.0,1.0,0.0
253,actuated,0,0,1250.414964408313,195.3773381887989,462709.9048692334,57838.73810865417,691.4,12.045296167247386,87673.9054474125,1527.4199555298346,57.4,1.478389422085383,67.09870183423732,39.8,33,1.7308517462182726,0.6933797909407665,67.09870183423732,100.0,6.6000000000000005,0.825,2.551559759559333,0.0,8,100.0,1.0,0.0,100.0,1.0,0.0,12.486607378223198,0.4,5.396215066656382,46.41729596132336,0.8,5.7697659111750115,25.971738452053614,0.6,4.616303252885174,51.91397288229837,0.8,4.630193845758093,100.0,1.0,0.0,100.0,1.0,0.0
254,actuated,0,0,417.5540714013111,139.1846904671037,3350324.709527326,418790.5886909157,923.2,15.700680272108844,89075.50055164746,1514.8894651640724,58.8,0.42035522803965825,87.5,52.0,35,0.6822411407191485,0.8843537414965986,87.5,100.0,7.0,0.875,0.0,0.0,8,100.0,1.0,0.0,100.0,1.0,0.0,0.0,0.0,0.0,100.0,1.0,0.0,100.0,1.0,0.0,100.0,1.0,0.0,100.0,1.0,0.0,100.0,1.0,0.0
255,actuated,6,0,1620.9130608460894,245.59288800698326,4144.887131268724,518.1108914085905,793.2,13.17607973421927,98280.68169474273,1632.5694633678195,60.2,0.5758541909554096,75.0,44.8,34,0.5547233787692116,0.7441860465116279,75.0,100.0,6.8,0.85,0.0,0.0,8,80.0,1.0,0.0,80.0,1.0,0.0,0.0,0.0,0.0,100.0,1.0,0.0,100.0,1.0,0.0,100.0,1.0,0.0,80.0,1.0,0.0,60.0,0.8,0.0
256,actuated,6,6,694.6102634075279,99.23003762964684,404234.4091157954,50529.301139474424,459.6,7.896907216494846,100887.33272381846,1733.45932515152,58.2,0.9641262123637402,56.75514009938354,31.2,30,0.6073280484828295,0.5360824742268041,56.75514009938354,100.0,5.999999999999999,0.75,1.7164307039540767,0.0,8,21.422611810094168,0.6,1.8232488155113171,23.227108355963537,0.6,1.8794654607938348,46.3765223918017,0.6,6.1450002945393605,100.0,1.0,0.0,100.0,1.0,0.0,100.0,1.0,0.0,26.421642894406432,0.6,1.9995163909386227,36.59323534280247,0.6,1.884214669849478
257,actuated,6,6,787.7125448021268,100.98878779514446,1128623.8805251385,141077.9850656423,280.6,5.158088235294118,101831.60100446895,1871.9044302292084,54.4,1.6560696019785996,64.27781799561672,18.8,35,0.888095810088403,0.34558823529411764,64.27781799561672,100.0,6.999999999999999,0.875,1.9827197674097587,0.0,8,25.650641417855695,1.0,3.58564877945274,38.640783394762366,0.6,4.062399408028078,100.0,1.0,0.0,100.0,1.0,0.0,100.0,1.0,0.0,100.0,1.0,0.0,21.14645053939512,0.6,3.9860442375633167,28.78466861292054,0.8,4.227665714233935
258,actuated,6,6,475.7859097364191,67.9694156766313,489073.1917106376,61134.1489638297,367.4,6.7536764705882355,90228.55785313681,1658.6131958297208,54.4,1.7531182505769478,77.95534062108459,23.8,36,1.2010896470613843,0.4375,77.95534062108459,100.0,7.199999999999999,0.9,2.409446612691719,0.0,8,59.29022973373321,0.6,4.002607371791733,63.56652421032777,1.0,5.3232525563849515,100.0,1.0,0.0,100.0,1.0,0.0,100.0,1.0,0.0,100.0,1.0,0.0,55.61029994036289,0.8,4.498291678807843,45.175671084252826,0.8,5.4514212945492275
259,actuated,6,6,918.328716632436,158.33253735042,2031452.4399425585,253931.55499281982,528.6,9.020477815699659,85667.17603243627,1461.8972019187077,58.6,0.7494346255432927,100.0,39.8,40,0.6789391780546232,0.6791808873720137,100.0,100.0,8.0,1.0,0.0,0.0,8,100.0,1.0,0.0,100.0,1.0,0.0,100.0,1.0,0.0,100.0,1.0,0.0,100.0,1.0,0.0,100.0,1.0,0.0,100.0,1.0,0.0,100.0,1.0,0.0
260,actuated,0,6,1632.538210664717,233.21974438067386,40012.10631580708,5001.513289475885,396.2,6.902439024390244,92515.43427899697,1611.767147717717,57.4,0.5669060458532005,80.0,40.2,36,0.4565232599889352,0.7003484320557491,80.0,100.0,7.199999999999999,0.9,0.0,0.0,8,100.0,1.0,0.0,100.0,1.0,0.0,60.0,0.8,0.0,60.0,0.8,0.0,60.0,0.8,0.0,60.0,0.8,0.0,100.0,1.0,0.0,100.0,1.0,0.0
261,actuated,0,0,1367.9894778772605,201.17492321724419,860495.1108971335,107561.88886214168,356.0,6.245614035087719,94657.65168287941,1660.6605558399897,57.0,1.2205881091348372,65.45245802155705,35.6,33,1.2552555501144846,0.624561403508772,65.45245802155705,100.0,6.6,0.825,0.8733297649850791,0.0,8,100.0,1.0,0.0,100.0,1.0,0.0,28.38703263782918,0.6,1.8035006496576833,40.02525890317884,0.8,1.5279186660827058,31.131621325216656,0.6,2.1962086588050203,24.075751306231723,0.6,1.459010145335224,100.0,1.0,0.0,100.0,1.0,0.0
262,actuated,0,0,982.3288114718816,148.83769870786085,16891.169698062928,2111.396212257866,525.4,9.988593155893536,87622.48200939111,1665.8266541709338,52.6,1.986554323186836,60.840049580854156,36.8,31,1.8494170223579636,0.6996197718631179,60.840049580854156,100.0,6.199999999999999,0.7749999999999999,1.9767726112147987,0.0,8,100.0,1.0,0.0,100.0,1.0,0.0,7.636246334077441,0.4,3.21592415845825,16.998790708412344,0.4,4.326948152164495,26.143918547236353,0.8,4.0134891317209735,35.94144105710711,0.6,4.257819447374672,100.0,1.0,0.0,100.0,1.0,0.0
263,actuated,0,0,535.8611980598833,116.49156479562683,3467613.337434693,433451.6671793366,719.2,13.777777777777779,80512.51466968612,1542.3853384997342,52.2,1.3182233381239874,60.70642835623744,41.4,28,1.6922523715748592,0.7931034482758621,60.70642835623744,100.0,5.6,0.7,1.2839427083189485,0.0,8,100.0,1.0,0.0,100.0,1.0,0.0,0.0,0.0,0.0,0.0,0.0,0.0,20.115055865194336,0.6,4.9288547465096695,65.53637098470517,1.0,5.34268692004192,100.0,1.0,0.0,100.0,1.0,0.0
264,actuated,0,0,472.7271910404993,102.76678066097811,6315463.535408178,789432.9419260223,942.0,17.380073800738007,84590.2951829202,1560.7065531904097,54.2,1.032657632594559,76.38096782836897,47.2,31,1.6401599922143277,0.8708487084870848,76.38096782836897,100.0,6.2,0.775,1.1314528607414682,0.0,8,100.0,1.0,0.0,100.0,1.0,0.0,11.047742626951731,0.2,9.051622885931746,0.0,0.0,0.0,100.0,1.0,0.0,100.0,1.0,0.0,100.0,1.0,0.0,100.0,1.0,0.0
265,actuated,6,0,1202.8632408121953,187.9473813769055,403198.7147915034,50399.83934893792,777.0,14.283088235294118,89815.11989419204,1651.0132333491183,54.4,0.9752117267254652,57.5,39.2,27,0.9623776683739932,0.7205882352941176,57.5,100.0,5.3999999999999995,0.675,0.0,0.0,8,60.0,0.8,0.0,80.0,1.0,0.0,0.0,0.0,0.0,0.0,0.0,0.0,100.0,1.0,0.0,100.0,1.0,0.0,60.0,0.8,0.0,60.0,0.8,0.0
266,actuated,6,6,546.3559567119652,78.05085095885217,1000546.3559567118,125068.29449458898,395.2,7.658914728682171,90308.34700067452,1750.1617635789635,51.6,1.5318848098612103,41.01607984590714,23.6,26,1.3122381409076194,0.4573643410852713,41.01607984590714,100.0,5.199999999999999,0.65,3.202106398581096,0.0,8,27.185886890124493,0.6,1.905559961572285,38.05365049981447,0.6,2.3385082570897873,4.418983784235024,0.4,8.709243517369034,5.523412015327267,0.4,8.813325204048306,100.0,1.0,0.0,100.0,1.0,0.0,26.71722181653422,0.6,1.95652076377739,26.229483761221672,0.6,1.8936934847919635
267,actuated,6,6,628.2556231283816,92.3905328129973,802098.4864767946,100262.31080959932,185.6,3.948936170212766,88784.96585992929,1889.0418268070061,47.0,1.6151044697318475,41.309799287679425,14.2,27,1.054899631803074,0.3021276595744681,41.309799287679425,100.0,5.3999999999999995,0.675,1.9851935158015002,0.0,8,40.42084513283953,1.0,3.6590656810719446,38.29234138164793,0.6,4.419494814347363,0.0,0.0,0.0,0.0,0.0,0.0,100.0,1.0,0.0,100.0,1.0,0.0,29.77818689088963,1.0,3.699712697794125,21.98702089605831,0.8,4.10327493319857
268,actuated,6,6,859.2236094796338,110.15687301020945,200859.22360947964,25107.402951184955,241.0,4.979338842975206,83924.51170397503,1733.9775145449387,48.4,1.8282101850492976,56.693710154621044,18.0,29,1.3268077028935354,0.371900826446281,56.693710154621044,100.0,5.8,0.7250000000000001,2.9549271002754316,0.0,8,66.1934997526896,1.0,4.9696307421220585,8.442308151238649,0.6,5.2624417291761105,77.70436019348381,0.8,4.2222529670159465,0.0,0.0,0.0,100.0,1.0,0.0,100.0,1.0,0.0,72.16630224821074,0.8,4.812567341343287,29.043210891345552,0.6,4.372524022546052
269,actuated,6,6,838.7913451092461,104.84891813865576,838.7913451092461,104.84891813865576,360.2,6.98062015503876,77686.38514859814,1505.5500997790339,51.6,1.189471390384899,87.38657981492679,29.0,35,0.6559908378158262,0.562015503875969,87.38657981492679,100.0,7.0,0.875,0.46019185904591947,0.0,8,100.0,1.0,0.0,99.09263851941432,1.0,3.6815348723673558,100.0,1.0,0.0,0.0,0.0,0.0,100.0,1.0,0.0,100.0,1.0,0.0,100.0,1.0,0.0,100.0,1.0,0.0
270,actuated,0,6,1297.2194855600558,185.31706936572226,9241.442525171233,1155.180315646404,252.6,4.952941176470588,82828.31276910842,1624.084564100165,51.0,1.2670376894651594,72.5,32.0,32,1.401592864669162,0.6274509803921569,72.5,100.0,6.3999999999999995,0.8,0.0,0.0,8,100.0,1.0,0.0,100.0,1.0,0.0,60.0,0.8,0.0,0.0,0.0,0.0,60.0,0.8,0.0,60.0,0.8,0.0,100.0,1.0,0.0,100.0,1.0,0.0
271,actuated,0,0,1085.7769936739255,159.67308730498905,1354177.6678392491,169272.20847990614,304.4,6.186991869918699,81115.67297530716,1648.6925401485194,49.2,1.9391207096188883,62.79546817200014,32.2,30,2.540553423257014,0.6544715447154471,62.79546817200014,100.0,6.0,0.75,1.6498979698179308,0.0,8,100.0,1.0,0.0,100.0,1.0,0.0,31.66753692788916,0.6,2.337270548239055,14.018233972037706,0.2,7.133566196674337,26.690971616790193,0.6,1.7524244803324214,29.987002859284075,0.6,1.9759225332976338,100.0,1.0,0.0,100.0,1.0,0.0
272,actuated,0,0,718.6047777228504,123.89737546945696,4071353.593378047,508919.1991722559,472.8,10.233766233766234,76451.15423182826,1654.7868881348109,46.2,3.027742921830165,57.22942266235293,35.8,30,4.167857275066919,0.7748917748917749,57.22942266235293,100.0,6.0,0.75,2.057793404287045,0.0,8,100.0,1.0,0.0,100.0,1.0,0.0,11.58396485873709,0.2,8.632622873037809,0.0,0.0,0.0,12.475849084730726,0.8,4.012255474650399,33.77556735535563,1.0,3.817468886608153,100.0,1.0,0.0,100.0,1.0,0.0
273,actuated,0,0,240.33469068392128,52.24667188780898,9067010.406656584,1133376.300832073,656.4,14.850678733031675,70009.3795639874,1583.9226145698508,44.2,3.0883201807126084,50.0,38.2,20,4.413596234322458,0.8642533936651584,50.0,100.0,4.0,0.5,0.0,0.0,8,100.0,1.0,0.0,100.0,1.0,0.0,0.0,0.0,0.0,0.0,0.0,0.0,0.0,0.0,0.0,0.0,0.0,0.0,100.0,1.0,0.0,100.0,1.0,0.0
274,actuated,0,0,509.1904411456659,115.7251002603786,6482848.617315605,810356.0771644507,854.6,18.10593220338983,75667.62546309325,1603.1276581163822,47.2,1.7352362261153194,51.55274146152749,41.0,21,2.619467854423568,0.8686440677966102,51.55274146152749,100.0,4.2,0.525,1.0062847155912942,0.0,8,100.0,1.0,0.0,100.0,1.0,0.0,0.0,0.0,0.0,0.0,0.0,0.0,12.421931692219914,0.2,8.050277724730353,0.0,0.0,0.0,100.0,1.0,0.0,100.0,1.0,0.0
275,actuated,6,0,961.1409013360302,145.6274092933379,339934.46144672506,42491.80768084063,654.8,13.991452991452991,76758.26668935371,1640.1339036186691,46.8,1.673151245989399,33.212074516375765,30.8,20,1.8311572331572417,0.6581196581196581,33.212074516375765,60.0,4.0,0.5,2.9181718217647465,0.0,8,60.0,0.8,0.0,60.0,0.8,0.0,9.142674142985925,0.4,8.587986634112895,0.0,0.0,0.0,4.550139771708928,0.2,6.42668031819271,12.003782216311265,0.2,8.330707621812367,60.0,0.8,0.0,60.0,0.8,0.0
276,actuated,6,6,733.9179861847082,94.09204951086002,200733.91798618474,25091.739748273092,296.0,6.5198237885462555,81631.54375939796,1798.0516246563425,45.4,2.0430306911769174,25.57283717424923,19.4,19,2.066828664347813,0.42731277533039647,25.57283717424923,100.0,3.8000000000000003,0.47500000000000003,1.9117891355466539,0.0,8,23.376866766425337,0.6,1.760340318770678,28.142231482261195,0.6,1.8430805602972233,0.9633239084132583,0.4,8.405585663672536,0.0,0.0,0.0,100.0,1.0,0.0,0.0,0.0,0.0,28.58796854006414,0.6,1.588181097195254,23.51230669682991,0.6,1.6971254444375397
277,actuated,6,6,545.0136538846741,68.12670673558426,545.0136538846741,68.12670673558426,98.0,2.3902439024390243,81607.82324425459,1990.434713274502,41.0,2.4846481065610155,27.334892805588424,8.2,23,2.0095787947884367,0.2,27.334892805588424,100.0,4.6,0.575,3.1921777449978332,0.0,8,28.3360743565936,1.0,4.080767917882199,36.5774962905698,0.6,4.225022043044956,0.0,0.0,0.0,10.507230678126689,0.2,9.51725559886811,100.0,1.0,0.0,0.0,0.0,0.0,16.08614687521822,0.8,3.949159504142368,27.17219424419909,1.0,3.765216896045034
278,actuated,6,6,283.75538853132724,40.53648407590389,638850.8626870608,79856.3578358826,118.4,3.1157894736842104,69767.55259912941,1835.988226292879,38.0,2.4891297441518008,27.259123014436568,9.8,21,1.4652351106759645,0.2578947368421053,27.259123014436568,100.0,4.2,0.5249999999999999,3.5939070134583755,0.0,8,33.6375425634742,0.8,5.857766534640474,2.2581923512325375,0.6,5.0308669747120005,0.0,0.0,0.0,0.0,0.0,0.0,100.0,1.0,0.0,43.52077707646458,0.6,7.142155193514609,23.706737541169787,0.6,5.004290305556154,14.94973458315144,0.6,5.716177099243769
279,actuated,6,6,483.4277110266391,73.24662288282411,465836.5915439144,58229.5739429893,193.8,4.703883495145631,63498.74833782066,1541.231755772346,41.2,1.5128904814848991,69.05394969308986,20.6,29,0.9605947683699794,0.5,69.05394969308986,100.0,5.8,0.725,1.9676371117665838,0.0,8,100.0,1.0,0.0,42.53167846062752,0.6,7.193544500662713,0.0,0.0,0.0,9.89991908409138,0.2,8.547552393469958,100.0,1.0,0.0,100.0,1.0,0.0,100.0,1.0,0.0,100.0,1.0,0.0
280,actuated,0,6,1048.4691377819431,149.78130539742045,247306.73088970865,30913.34136121358,143.6,3.4028436018957344,68306.12521194926,1618.6285595248637,42.2,1.1368060807848956,65.0,25.0,29,1.1354289733530538,0.5924170616113744,65.0,100.0,5.8,0.7250000000000001,0.0,0.0,8,100.0,1.0,0.0,100.0,1.0,0.0,0.0,0.0,0.0,0.0,0.2,0.0,60.0,0.8,0.0,60.0,0.8,0.0,100.0,1.0,0.0,100.0,1.0,0.0
281,actuated,0,0,840.7100638797156,110.619745247331,22396.15885801594,2799.5198572519926,240.8,5.6,73750.35470830818,1715.1245281001902,43.0,2.189354520195681,58.9854351330257,27.4,27,1.9260175772333847,0.6372093023255814,58.9854351330257,100.0,5.4,0.675,1.562436606595944,0.0,8,100.0,1.0,0.0,100.0,1.0,0.0,11.350933222934145,0.2,8.809848321365653,0.0,0.0,0.0,25.847225369975604,0.6,1.60961732903639,34.685322471295876,0.6,2.0800272023655104,100.0,1.0,0.0,100.0,1.0,0.0
282,actuated,0,0,894.4330128619025,120.86932606241925,10647.456315634601,1330.9320394543251,382.2,9.46039603960396,66609.08082517108,1648.739624385423,40.4,3.1497067641983194,51.363195779505304,30.0,21,3.2293807742933387,0.7425742574257426,51.363195779505304,100.0,4.2,0.525,1.1462036660405612,0.0,8,100.0,1.0,0.0,100.0,1.0,0.0,0.0,0.0,0.0,10.905566236042432,0.2,9.16962932832449,0.0,0.0,0.0,0.0,0.0,0.0,100.0,1.0,0.0,100.0,1.0,0.0
283,actuated,0,0,612.6494337495053,109.40168459812595,4910466.29652275,613808.2870653437,544.2,13.338235294117647,65877.23151762955,1614.6380273928814,40.8,3.9162411182070462,50.872592266092056,34.0,24,4.575099161967017,0.8333333333333334,50.872592266092056,100.0,4.8,0.6,2.1709273333894092,0.0,8,100.0,1.0,0.0,100.0,1.0,0.0,0.2811617529641808,0.4,8.988819100335242,0.0,0.0,0.0,6.699576375772267,0.4,8.378599566780032,0.0,0.0,0.0,100.0,1.0,0.0,100.0,1.0,0.0
284,actuated,0,0,351.3895645056036,73.20615927200075,3443543.225644333,430442.9032055416,721.4,17.258373205741627,65068.526423013085,1556.6633115553368,41.8,3.1508069315193463,50.28434404007385,37.0,22,4.6322131845300305,0.8851674641148325,50.28434404007385,100.0,4.4,0.55,1.0680671511217952,0.0,8,100.0,1.0,0.0,100.0,1.0,0.0,0.0,0.0,0.0,0.0,0.0,0.0,0.0,0.0,0.0,2.2747523205907783,0.4,8.544537208974361,100.0,1.0,0.0,100.0,1.0,0.0
285,actuated,6,0,995.8317099669803,165.9719516611634,342971.5330010254,42871.44162512817,545.6,12.807511737089202,69912.52354189017,1641.139050279112,42.6,2.5459300724526672,35.7509886028663,28.8,20,4.41432202330391,0.676056338028169,35.7509886028663,80.0,4.0,0.5,1.0985008326242678,0.0,8,60.0,0.8,0.0,80.0,1.0,0.0,0.0,0.0,0.0,0.0,0.0,0.0,6.007908822930403,0.4,8.788006660994142,0.0,0.0,0.0,60.0,0.8,0.0,80.0,1.0,0.0
286,actuated,6,6,530.1403210012179,67.96670782066896,200530.14032100124,25066.267540125154,237.4,5.790243902439024,75466.7877650395,1840.6533601229144,41.0,1.629740154185302,15.384336813966684,16.0,14,0.8186126825149922,0.3902439024390244,15.384336813966684,36.34939053216385,2.8000000000000003,0.35,2.0564036156106353,0.0,8,30.0419688427246,0.6,2.1189381013240403,36.34939053216385,0.6,1.974966402641089,0.8941022111594066,0.4,8.36701437756419,0.0,0.0,0.0,0.0,0.0,0.0,0.0,0.0,0.0,30.809610614223857,0.6,1.9699032169364268,24.979622311461753,0.6,2.0204068264193347
287,actuated,6,6,346.88175904791103,43.36021988098888,346.88175904791103,43.36021988098888,77.6,2.143646408839779,73423.05589109751,2028.2612124612572,36.2,2.8119325346934905,18.367606545944568,7.2,19,1.2574648611047008,0.19889502762430938,18.367606545944568,80.18872963801186,3.8,0.47500000000000003,2.959813276060326,0.0,8,16.229944700435226,0.8,3.9890614472032233,15.44343353882141,0.4,3.900421913489223,0.0,0.0,0.0,0.0,0.0,0.0,80.18872963801186,1.0,8.268196159036478,0.0,0.0,0.0,16.45272505521916,0.8,4.058537920304778,18.626019435068883,0.8,3.462288768448909
288,actuated,6,6,406.4808439100857,52.11292870642124,2183.7094660034704,272.9636832504338,96.0,2.608695652173913,65024.790012465746,1766.9779894691778,36.8,2.948393662377902,32.99410029388582,10.0,23,2.1151402160027652,0.2717391304347826,32.99410029388582,100.0,4.6,0.575,5.349848997104518,0.0,8,37.50831608565477,0.8,5.740683223143453,7.537683388054575,0.4,8.501671373471618,0.0,0.0,0.0,16.026602869214912,0.4,9.232677284347252,100.0,1.0,0.0,1.311128602892495,0.4,8.236714837327598,34.82064157258719,0.8,5.838838157210207,66.74842983268263,0.8,5.248207101336009
289,actuated,6,6,532.8637187924822,76.12338839892604,66544.37593197565,8318.046991496956,175.0,4.310344827586207,62770.12325338303,1546.0621490981043,40.6,1.3807093412519664,50.0,21.2,21,0.8191757540854004,0.5221674876847291,50.0,100.0,4.2,0.525,0.0,0.0,8,100.0,1.0,0.0,0.0,0.0,0.0,0.0,0.0,0.0,0.0,0.2,0.0,100.0,1.0,0.0,0.0,0.0,0.0,100.0,1.0,0.0,100.0,1.0,0.0
290,actuated,0,6,744.8945180406207,98.0124365842922,4548.264940698333,568.5331175872916,151.0,3.700980392156863,67002.58017529765,1642.220102335727,40.8,1.5699664529311235,53.4415128389179,23.4,25,1.2845479587593087,0.5735294117647058,53.4415128389179,100.0,5.0,0.625,1.8664885353918796,0.0,8,100.0,1.0,0.0,62.57837450709758,0.8,7.409903974772314,4.953728204245635,0.4,7.522004308362724,0.0,0.0,0.0,60.0,0.8,0.0,0.0,0.0,0.0,100.0,1.0,0.0,100.0,1.0,0.0
291,actuated,0,0,1047.1081168722935,137.777383798986,9944.542149732883,1243.0677687166103,258.4,6.364532019704433,68184.60876274253,1679.423861151294,40.6,3.203290774075009,56.946547944735926,27.6,27,4.038636916799511,0.6798029556650246,56.946547944735926,100.0,5.4,0.675,1.33774533235255,0.0,8,100.0,1.0,0.0,100.0,1.0,0.0,0.0,0.4,0.0,20.0,0.4,8.821023001428694,35.572383557887406,0.6,1.8809396573917063,0.0,0.0,0.0,100.0,1.0,0.0,100.0,1.0,0.0
292,actuated,0,0,846.7167618836338,124.51717086524027,1865093.0977986106,233136.63722482632,401.2,10.34020618556701,63734.19740950072,1642.6339538531113,38.8,3.8175553028296205,52.52991950892692,30.2,24,4.82412083877843,0.7783505154639175,52.52991950892692,100.0,4.8,0.6,1.5219802662219961,0.0,8,100.0,1.0,0.0,100.0,1.0,0.0,0.0,0.0,0.0,0.0,0.0,0.0,15.866132729256606,0.4,3.5064512038246667,4.373223342158781,0.4,8.669390925951303,100.0,1.0,0.0,100.0,1.0,0.0
293,actuated,0,0,261.9005511117832,46.76795555567558,1921692.486341457,240211.56079268214,559.2,13.98,66199.03379441224,1654.9758448603059,40.0,2.852634849014352,52.22643673535799,33.0,22,3.722446589127598,0.825,52.22643673535799,100.0,4.4,0.55,2.270767473219755,0.0,8,100.0,1.0,0.0,100.0,1.0,0.0,7.097904858887887,0.2,8.832199518289416,0.0,0.0,0.0,0.0,0.0,0.0,10.713589023976056,0.2,9.333940267468625,100.0,1.0,0.0,100.0,1.0,0.0
294,actuated,0,0,601.0707895108432,111.30940546497095,3658601.7518640445,457325.21898300556,727.4,17.31904761904762,66122.20153497999,1574.338131785238,42.0,1.8064415336947888,50.0,35.0,21,1.99513332297121,0.8333333333333334,50.0,100.0,4.2,0.525,0.0,0.0,8,100.0,1.0,0.0,100.0,1.0,0.0,0.0,0.2,0.0,0.0,0.0,0.0,0.0,0.0,0.0,0.0,0.0,0.0,100.0,1.0,0.0,100.0,1.0,0.0
295,actuated,6,0,842.3751446065575,123.87869773625846,3160.4857181238353,395.0607147654794,524.0,12.358490566037736,72914.49570118288,1719.6815023863887,42.4,2.2134461117108577,39.25861101059752,26.2,23,2.5301692192260066,0.6179245283018868,39.25861101059752,80.0,4.6,0.575,2.213394249381963,0.0,8,80.0,1.0,0.0,80.0,1.0,0.0,0.0,0.0,0.0,11.24180402480306,0.4,8.859578539151698,2.8270840599770963,0.4,8.847575455904009,0.0,0.0,0.0,60.0,0.8,0.0,80.0,1.0,0.0
296,actuated,6,6,599.8232792099669,81.05719989323877,251037.67128658466,31379.708910823083,258.4,6.65979381443299,69125.68873435908,1781.589915833997,38.8,1.7315077511357402,13.982364479520584,15.6,12,1.2174170338543968,0.4020618556701031,13.982364479520584,31.846452224713175,2.4,0.3,2.011486319503698,0.0,8,27.02026558183661,0.6,1.7819525895170378,31.846452224713175,0.6,1.7384456724588349,12.177923832332453,0.2,8.21158034627376,0.0,0.0,0.0,0.0,0.0,0.0,0.0,0.0,0.0,21.218514896095257,0.6,1.8485768392822726,19.595759301187172,0.4,2.511335108497679
297,actuated,6,6,249.87391085295022,39.04279857077347,1026429.0362413293,128303.62953016616,104.2,3.0115606936416186,68768.78877626834,1987.5372478690274,34.6,2.0705597961296496,17.27142627288515,9.2,16,1.3348875894011967,0.2658959537572254,17.27142627288515,36.91544399810482,3.2,0.4,2.9849581165038153,0.0,8,25.977610560566973,1.0,4.041826022961236,27.22209826454673,0.6,3.2314832430061466,0.0,0.0,0.0,0.0,0.0,0.0,0.0,0.0,0.0,12.058964063980966,0.2,8.292586284313671,35.99729329588172,0.6,4.199850032090598,36.91544399810482,0.8,4.113919349658867
298,actuated,6,6,429.49772539471235,69.2738266765665,1403611.958419117,175451.4948023896,112.8,3.2982456140350878,55618.60638220884,1626.2750404154633,34.2,1.811786860754997,30.397934840491416,11.8,19,1.3999144352391446,0.34502923976608185,30.397934840491416,68.70747850747193,3.8000000000000003,0.4750000000000001,4.329654034273462,0.0,8,64.13524827170022,0.8,5.217976447807631,19.12142737380691,0.4,4.314540553997138,0.0,0.0,0.0,11.2435729984918,0.2,8.893969916272512,68.70747850747193,0.8,5.605377474624745,0.0,0.0,0.0,65.02814527135797,1.0,5.061434225676047,14.947606301102496,0.6,5.5439336558096235
299,actuated,6,6,808.9976781852013,115.57109688360018,617764.2418732434,77220.53023415542,199.2,5.134020618556701,62253.76318912373,1604.4784327093746,38.8,1.1556730354851732,49.40966536467954,22.2,21,0.7962015671353607,0.5721649484536082,49.40966536467954,100.0,4.2,0.525,1.5248348060136934,0.0,8,100.0,1.0,0.0,0.09764718208316481,0.2,7.721890502450741,0.0,0.0,0.0,0.0,0.0,0.0,100.0,1.0,0.0,0.0,0.0,0.0,100.0,1.0,0.0,95.17967573535316,1.0,4.476787945658805
300,actuated,0,6,872.007199287416,109.000899910927,872.007199287416,109.000899910927,151.8,3.7761194029850746,67379.24706083458,1676.100673155089,40.2,1.4681091350476396,57.5,22.2,24,1.1179922058933305,0.5522388059701493,57.5,100.0,4.8,0.6,0.0,0.0,8,100.0,1.0,0.0,100.0,1.0,0.0,0.0,0.0,0.0,0.0,0.0,0.0,60.0,0.8,0.0,0.0,0.0,0.0,100.0,1.0,0.0,100.0,1.0,0.0
301,actuated,0,0,859.0166658419239,107.37708323024049,859.0166658419239,107.37708323024049,250.8,6.56544502617801,65704.56864814201,1720.014886077016,38.2,3.126814875661538,55.74921360602502,25.2,27,2.6735684480546493,0.6596858638743456,55.74921360602502,100.0,5.4,0.675,2.3718531610162037,0.0,8,100.0,1.0,0.0,100.0,1.0,0.0,4.189995013593943,0.4,8.526142799947412,3.307809598568383,0.4,8.362362956348807,38.49590423603786,0.6,2.0863195318334125,0.0,0.0,0.0,100.0,1.0,0.0,100.0,1.0,0.0
302,actuated,0,0,590.1061121791656,95.178405190188,304484.5399698732,38060.56749623415,384.8,10.456521739130435,59481.28653830552,1616.339308106128,36.8,4.216526176496563,51.35139789021082,29.0,21,4.917642312679119,0.7880434782608695,51.35139789021082,100.0,4.2,0.525,1.1562101815596653,0.0,8,100.0,1.0,0.0,100.0,1.0,0.0,0.0,0.0,0.0,0.0,0.0,0.0,0.0,0.0,0.0,10.811183121686554,0.2,9.249681452477322,100.0,1.0,0.0,100.0,1.0,0.0
303,actuated,0,0,507.6978844671315,94.0181267531725,5280830.429081608,660103.803635201,538.0,14.232804232804233,61138.40844295903,1617.4182127766937,37.8,3.2945767191611757,52.519467567974516,31.4,23,4.539453771017884,0.8306878306878307,52.519467567974516,100.0,4.6,0.575,2.1630512297851325,0.0,8,100.0,1.0,0.0,100.0,1.0,0.0,11.593013464112119,0.2,8.625884918495501,0.0,0.0,0.0,8.56272707968401,0.4,8.67852491978556,0.0,0.0,0.0,100.0,1.0,0.0,100.0,1.0,0.0
304,actuated,0,0,306.6809139685409,56.79276184602609,3523965.9157567234,440495.7394695904,700.2,17.681818181818183,63634.503613844536,1606.9319094405187,39.6,3.120382132854403,51.188471724686906,34.2,22,4.3597696480024775,0.8636363636363636,51.188471724686906,100.0,4.4,0.55,1.1396523293806242,0.0,8,100.0,1.0,0.0,100.0,1.0,0.0,0.0,0.0,0.0,0.0,0.0,0.0,9.507773797495247,0.4,9.117218635044994,0.0,0.0,0.0,100.0,1.0,0.0,100.0,1.0,0.0
305,actuated,6,0,1036.3307901965384,143.93483197174143,2890.063325051546,361.25791563144327,477.6,11.94,67082.32733372734,1677.0581833431834,40.0,3.330970766294194,31.315178169145383,24.0,18,4.541274486786248,0.6,31.315178169145383,80.0,3.5999999999999996,0.44999999999999996,1.0917460597818718,0.0,8,40.0,0.6,0.0,60.0,0.8,0.0,10.521425353163067,0.4,8.733968478254974,0.0,0.0,0.0,0.0,0.0,0.0,0.0,0.0,0.0,80.0,1.0,0.0,60.0,0.8,0.0
306,actuated,6,6,737.8439652431679,94.5953801593805,200737.84396524314,25092.230495655393,230.6,6.1005291005291005,69388.16969726232,1835.6658650069394,37.8,1.9793859950085029,15.523731457308827,14.2,13,1.7626098735312756,0.37566137566137564,15.523731457308827,32.20559644277273,2.6,0.32499999999999996,1.9947876837283545,0.0,8,27.347668226461792,0.6,1.627487554028871,29.65086475914177,0.6,1.862836978238433,0.0,0.0,0.0,0.0,0.0,0.0,0.0,0.0,0.0,11.177675476119475,0.2,8.94640394719321,23.80804675397485,0.6,1.5979408900374088,32.20559644277273,0.6,1.9236321003289127
307,actuated,6,6,520.9854979154986,74.42649970221409,343136.5862833084,42892.07328541355,83.0,2.5,66334.30235050172,1998.021155135594,33.2,2.676562185931791,27.490436742492648,7.4,23,2.153549368936786,0.22289156626506024,27.490436742492648,80.87534163502824,4.6,0.575,4.124157971373228,0.0,8,42.381808841564634,0.8,3.9092000049541373,40.945213289342064,0.8,4.445680189365002,0.0,0.0,0.0,11.35652778282747,0.2,8.805508330742857,80.87534163502824,1.0,8.084987592869581,0.0,0.0,0.0,25.05577742556852,1.0,3.7451598208983956,19.308824965610256,0.8,4.002727832155855
308,actuated,6,6,323.0790626104293,48.95137312279232,917442.9459704278,114680.36824630348,100.0,3.0303030303030303,58379.76066583423,1769.083656540431,33.0,2.1100896249532575,26.3790450437358,11.2,16,1.4380794267290702,0.3393939393939394,26.3790450437358,100.0,3.2,0.4,1.7512733888080927,0.0,8,0.0,0.2,0.0,59.79798032797589,0.8,4.58406702270995,0.0,0.0,0.0,0.0,0.0,0.0,100.0,1.0,0.0,0.0,0.0,0.0,25.82265219164583,0.6,4.244294158563239,25.41172783026468,0.6,5.181825929191555
309,actuated,6,6,576.9348471147931,84.84335986982252,1313120.1742900552,164140.0217862569,172.4,4.585106382978723,58991.22704933699,1568.9156130142817,37.6,1.5429999152677698,59.37133251605758,18.0,27,1.0350361989996435,0.4787234042553192,59.37133251605758,100.0,5.4,0.675,2.7981970873568422,0.0,8,26.86808905953967,0.4,6.816783603785102,100.0,1.0,0.0,40.273958974694324,0.6,7.593407681843899,7.828612094226628,0.4,7.975385413225739,100.0,1.0,0.0,0.0,0.0,0.0,100.0,1.0,0.0,100.0,1.0,0.0
310,actuated,0,6,741.0654361413137,92.63317951766422,741.0654361413137,92.63317951766422,133.6,3.4973821989528795,64572.14285554634,1690.3702318205849,38.2,1.662926512806561,67.5,20.0,29,1.2513502123601141,0.5235602094240838,67.5,100.0,5.8,0.725,0.0,0.0,8,100.0,1.0,0.0,100.0,1.0,0.0,60.0,0.8,0.0,0.0,0.0,0.0,80.0,1.0,0.0,0.0,0.0,0.0,100.0,1.0,0.0,100.0,1.0,0.0
311,actuated,0,0,697.8056093063749,87.22570116329686,697.8056093063749,87.22570116329686,223.8,5.709183673469388,66023.10440154144,1684.262867386261,39.2,2.5985183278755057,53.84459808284987,24.2,25,2.4346444835339347,0.6173469387755102,53.84459808284987,100.0,5.0,0.625,2.3380989267221666,0.0,8,100.0,1.0,0.0,100.0,1.0,0.0,0.0,0.0,0.0,9.802047701873562,0.4,7.54678855686355,18.882561567324956,0.4,2.347866948116399,2.072175393600446,0.2,8.810135908797383,100.0,1.0,0.0,100.0,1.0,0.0
312,actuated,0,0,927.7359223200074,136.43175328235404,290781.3460673703,36347.66825842129,352.2,9.46774193548387,60682.36992928437,1631.2465034753864,37.2,2.4848012540268285,53.291978462254974,27.8,24,2.8458441638299163,0.7473118279569892,53.291978462254974,100.0,4.800000000000001,0.6,0.4139778811394364,0.0,8,100.0,1.0,0.0,100.0,1.0,0.0,0.0,0.0,0.0,0.0,0.0,0.0,26.335827698039793,0.6,3.311823049115491,0.0,0.2,0.0,100.0,1.0,0.0,100.0,1.0,0.0
313,actuated,0,0,184.48728286265583,36.89745657253117,3147258.293716593,393407.28671457415,501.0,13.324468085106384,63025.999487463014,1676.2233906240162,37.6,2.451034843365319,51.85519439234895,31.2,22,2.4951390650680514,0.8297872340425532,51.85519439234895,100.0,4.4,0.55,2.208799626387342,0.0,8,100.0,1.0,0.0,100.0,1.0,0.0,10.972073492371237,0.2,9.114047592693296,0.0,0.0,0.0,3.869481646420354,0.2,8.556349418405441,0.0,0.0,0.0,100.0,1.0,0.0,100.0,1.0,0.0
314,actuated,0,0,522.9330642139308,104.58661284278617,3000522.9330642144,375065.3666330268,657.8,16.866666666666667,60834.52600820634,1559.85964123606,39.0,2.4575620704774113,50.328667619994576,32.2,23,2.9110383522793644,0.8256410256410256,50.328667619994576,100.0,4.6,0.575,1.092986328236293,0.0,8,100.0,1.0,0.0,100.0,1.0,0.0,0.0,0.0,0.0,2.6293409599566075,0.4,8.743890625890344,0.0,0.2,0.0,0.0,0.0,0.0,100.0,1.0,0.0,100.0,1.0,0.0
315,actuated,0,0,393.3657978376905,85.5143038777588,5947212.009901648,743401.501237706,828.0,20.097087378640776,66979.05240893862,1625.7051555567627,41.2,1.855315956161164,51.39789492241164,35.6,21,2.6107866154493986,0.8640776699029126,51.39789492241164,100.0,4.2,0.525,1.1177521106553465,0.0,8,100.0,1.0,0.0,100.0,1.0,0.0,0.0,0.0,0.0,0.0,0.0,0.0,0.0,0.0,0.0,11.183159379293102,0.2,8.942016885242772,100.0,1.0,0.0,100.0,1.0,0.0
316,actuated,6,0,854.3294243335583,158.20915265436264,1007509.845206598,125938.73065082476,573.4,14.053921568627452,66475.63091376904,1629.3046792590449,40.8,0.9458460148341361,29.501630198537327,26.0,18,1.1086558278163547,0.6372549019607843,29.501630198537327,80.0,3.5999999999999996,0.45,2.064184415026652,0.0,8,40.0,0.6,0.0,40.0,0.6,0.0,3.517724380094478,0.4,8.510477210301907,0.0,0.0,0.0,12.495317208204142,0.2,8.002998109911308,0.0,0.0,0.0,80.0,1.0,0.0,60.0,0.8,0.0
317,actuated,6,6,432.78773050243115,72.13128841707186,1627971.574776462,203496.44684705776,286.2,7.531578947368421,70580.39593412724,1857.3788403717695,38.0,1.2755415233508198,17.0432665872562,16.2,13,1.1339414924927749,0.4263157894736842,17.0432665872562,40.551848982840966,2.6,0.32499999999999996,0.8893419915538021,0.0,8,31.59360868186468,0.6,1.7304866674639983,40.551848982840966,0.8,1.4160407567008482,0.0,0.0,0.0,0.0,0.0,0.0,0.0,0.0,0.0,0.0,0.0,0.0,39.82864426246124,0.6,2.0919093689664536,24.372030770882702,0.6,1.876299139299117
318,actuated,6,6,485.92321393935583,67.48933526935498,800485.9232139394,100060.74040174243,113.0,3.323529411764706,66150.63166098521,1945.6068135583887,34.0,2.1592344941683623,19.402969463709496,8.4,18,1.4836469664179226,0.24705882352941178,19.402969463709496,58.098044479434066,3.6000000000000005,0.45,2.53911137818403,0.0,8,17.339744009477727,0.8,3.8469647616725604,31.39442462009356,0.8,3.9667420215970415,58.098044479434066,0.6,4.286709747618206,0.0,0.0,0.0,0.0,0.0,0.0,0.0,0.0,0.0,33.49121035117605,0.6,4.269492235368022,14.900332249494568,0.8,3.94298225921641
319,actuated,6,6,533.5574463228879,66.69468079036099,533.5574463228879,66.69468079036099,125.2,3.748502994011976,58550.771788471764,1753.0171194153222,33.4,2.3050725358840336,35.5658262174137,10.2,20,1.3472554833466075,0.30538922155688625,35.5658262174137,100.0,4.0,0.5,2.653771691753909,0.0,8,6.565124159883453,0.4,5.1759717793681785,0.0,0.0,0.0,100.0,1.0,0.0,0.0,0.0,0.0,72.79435332400226,0.8,5.040752717034824,0.0,0.0,0.0,62.836701137639466,1.0,5.034065399509723,42.33043111778443,0.8,5.979383638118547
320,actuated,6,6,549.7904188051746,72.34084457962824,2596.8013580780016,324.6001697597502,198.2,5.2994652406417115,61857.09653054224,1653.9330623139638,37.4,1.9497886763748098,52.232341210363984,19.2,24,1.402546832203058,0.5133689839572193,52.232341210363984,100.0,4.8,0.6,2.0946449460694567,0.0,8,0.0,0.0,0.0,7.922622413716454,0.4,8.533190690539778,100.0,1.0,0.0,9.936107269195418,0.4,8.223968878015876,100.0,1.0,0.0,0.0,0.0,0.0,100.0,1.0,0.0,100.0,1.0,0.0
321,actuated,0,6,557.3076378758713,79.61537683941017,606451.6222179654,75806.45277724568,128.8,3.425531914893617,62975.234944760494,1674.87326980746,37.6,1.9724917112003655,44.47579307628246,19.4,24,1.6564526684761398,0.5159574468085106,44.47579307628246,100.0,4.8,0.6000000000000001,1.6107454963060241,0.0,8,0.0,0.0,0.0,0.0,0.0,0.0,60.0,0.8,0.0,10.354991721815168,0.4,5.574525090327777,60.0,0.8,0.0,25.45135288844449,0.8,7.311438880120416,100.0,1.0,0.0,100.0,1.0,0.0
322,actuated,0,0,919.337769329292,127.68580129573499,601514.7095935147,75189.33869918933,213.6,6.033898305084746,59358.52799140429,1676.7945760283699,35.4,2.4458845212676636,38.11033444541465,22.6,20,2.608478977390297,0.6384180790960452,38.11033444541465,100.0,4.0,0.5,2.357332849421856,0.0,8,68.41809176034985,0.8,5.563635450311693,0.0,0.0,0.0,16.464583802967354,0.4,5.8294273898296955,0.0,0.0,0.0,0.0,0.4,0.0,20.0,0.4,7.465599955233458,100.0,1.0,0.0,100.0,1.0,0.0
323,actuated,0,0,710.8606887666909,107.70616496465014,396698.72892167984,49587.34111520998,334.2,10.066265060240964,52635.695302016495,1585.4125090968826,33.2,3.5081625636137233,43.54325320588089,25.6,18,4.339867456237301,0.7710843373493976,43.54325320588089,100.0,3.6,0.45,0.7289147822032785,0.0,8,100.0,1.0,0.0,48.3460256470471,0.6,5.831318257626228,0.0,0.0,0.0,0.0,0.0,0.0,0.0,0.0,0.0,0.0,0.0,0.0,100.0,1.0,0.0,100.0,1.0,0.0
324,actuated,0,0,411.1125823469482,73.41296113338362,4870485.561458202,608810.6951822753,469.0,13.477011494252874,58656.02611642667,1685.517991851341,34.8,3.3233783809680717,52.76666188796867,28.6,22,4.04894035921073,0.8218390804597702,52.76666188796867,100.0,4.4,0.55,2.216622696130021,0.0,8,100.0,1.0,0.0,100.0,1.0,0.0,11.313389230977009,0.2,8.839084200001853,0.0,0.0,0.0,0.0,0.0,0.0,10.819905872772324,0.2,8.893897369038314,100.0,1.0,0.0,100.0,1.0,0.0
325,actuated,0,0,254.9316039529196,42.488600658819934,3769186.5232256614,471148.3154032077,609.4,16.927777777777777,58133.77136739968,1614.8269824277688,36.0,3.5928043520387476,50.28817929796617,28.4,23,4.407099935431691,0.7888888888888889,50.28817929796617,100.0,4.6,0.575,1.0705935612437314,0.0,8,100.0,1.0,0.0,100.0,1.0,0.0,0.0,0.0,0.0,0.0,0.0,0.0,2.3054343837293345,0.4,8.564748489949851,0.0,0.2,0.0,100.0,1.0,0.0,100.0,1.0,0.0
326,actuated,4,0,683.0125362852842,97.57321946932632,202016.15625280383,25252.01953160048,480.8,12.924731182795698,63924.66416419401,1718.4049506503766,37.2,2.6419992619797714,35.2841253486082,23.4,19,3.222091851377667,0.6290322580645161,35.2841253486082,100.0,3.8,0.47500000000000003,1.1169357191538438,0.0,8,60.0,0.8,0.0,100.0,1.0,0.0,2.273002788865597,0.4,8.93548575323075,0.0,0.0,0.0,0.0,0.0,0.0,0.0,0.0,0.0,60.0,0.8,0.0,60.0,0.8,0.0
327,actuated,4,4,700.2283690553128,97.25394014657121,180317.56478695333,22539.695598369166,294.2,8.264044943820224,64575.19213370886,1813.9098913963162,35.6,2.5456377430396606,24.7386660300657,16.2,17,2.6470543167262313,0.4550561797752809,24.7386660300657,100.0,3.4000000000000004,0.425,2.940014782062579,0.0,8,29.851650121931925,0.6,1.8001296642505562,100.0,1.0,0.0,0.0,0.0,0.0,3.548382029871391,0.4,8.589920159522446,0.0,0.0,0.0,10.996201696452772,0.2,9.0940492690543,26.32432762080043,0.6,2.0193988137403958,27.18876677146909,0.6,2.016620349932932
328,actuated,4,4,425.98808492193194,64.54364923059575,1002425.2879080884,125303.16098851105,172.2,5.314814814814815,62441.51255612033,1927.207177658035,32.4,2.2266448785058257,17.96179859282347,10.2,15,1.4950211498285426,0.3148148148148148,17.96179859282347,100.0,3.0,0.375,1.432787530366922,0.0,8,10.986453652158161,0.4,3.283895947345447,100.0,1.0,0.0,0.0,0.0,0.0,0.0,0.0,0.0,0.0,0.0,0.0,0.0,0.0,0.0,15.997773399849393,0.8,4.186072757524298,16.710161690580208,0.8,3.9923315380656312
329,actuated,4,4,383.41254468325286,56.384197747537186,469608.4050505391,58701.05063131739,136.8,4.590604026845638,56927.54630225468,1910.3203457132445,29.8,2.3477681722497215,13.958174742179494,8.8,15,1.4667276325913812,0.2953020134228188,13.958174742179494,60.0,3.0,0.375,4.633371934102756,0.0,8,11.24189652727182,0.2,8.895296248049346,60.0,0.8,0.0,7.200710698284638,0.4,8.68516350546852,0.0,0.0,0.0,0.0,0.0,0.0,1.4576301972283545,0.4,8.844539836980404,18.45340406291598,0.6,5.85679329057899,13.311756451735164,0.6,4.785182591744791
330,actuated,4,4,592.1839313151852,84.59770447359789,455459.7169203277,56932.46461504096,164.0,4.659090909090909,55602.0270214582,1579.6030403823352,35.2,1.5023495478244038,42.92892437109515,14.8,20,1.1655276049365373,0.42045454545454547,42.92892437109515,100.0,4.0,0.5,2.6256486535855212,0.0,8,0.0,0.0,0.0,71.0669352127843,0.8,1.5900484316166787,0.0,0.0,0.0,11.308650549995036,0.2,8.842788054852742,94.52619616006359,1.0,4.576575982918941,0.0,0.0,0.0,66.52961304591827,1.0,5.9957767592958096,100.0,1.0,0.0
331,actuated,5,4,512.8573237227193,73.26533196038848,1000512.8573237229,125064.10716546536,186.6,5.070652173913044,60571.08393122371,1645.9533676962965,36.8,1.333268610054017,47.860690815860494,20.4,22,0.8363274857342563,0.5543478260869565,47.860690815860494,100.0,4.4,0.55,0.9202692248412101,0.0,8,22.88552652688395,0.6,7.362153798729681,60.0,0.8,0.0,0.0,0.0,0.0,0.0,0.0,0.0,100.0,1.0,0.0,0.0,0.0,0.0,100.0,1.0,0.0,100.0,1.0,0.0
332,actuated,5,5,955.5851108715433,122.51091165019785,200955.58511087153,25119.44813885894,296.6,7.566326530612245,67045.21214310164,1710.3370444668788,39.2,2.0292409877904807,46.501026380547614,24.8,19,1.7764409366137397,0.6326530612244898,46.501026380547614,100.0,3.8,0.475,1.0693356908797143,0.0,8,0.0,0.0,0.0,0.0,0.0,0.0,0.0,0.0,0.0,32.12821260065084,0.4,4.839937845087842,100.0,1.0,0.0,39.879998443730074,0.4,3.714747681949872,100.0,1.0,0.0,100.0,1.0,0.0
333,actuated,5,5,889.7107985996747,130.83982332348157,428800.72103607125,53600.090129508906,433.0,10.771144278606965,67073.04771003083,1668.483773881364,40.2,2.4764630490270987,75.26942418922374,30.2,31,3.6260013533923567,0.7512437810945274,75.26942418922374,100.0,6.2,0.775,2.713518867364482,0.0,8,11.50989326356921,0.2,8.688177875334185,11.058032055357216,0.2,9.043200408480786,79.5874681948635,0.8,3.9767726551008864,100.0,1.0,0.0,100.0,1.0,0.0,100.0,1.0,0.0,100.0,1.0,0.0,100.0,1.0,0.0
334,actuated,5,5,588.7797287719926,105.13923728071298,1874914.7274593327,234364.34093241658,591.4,14.148325358851675,68487.49170055697,1638.4567392477745,41.8,1.7586578583091281,75.17606979127208,33.2,32,2.7261424712687883,0.7942583732057417,75.17606979127208,100.0,6.4,0.8,1.0531793195055799,0.0,8,1.4085583301766746,0.4,8.425434556044639,0.0,0.0,0.0,100.0,1.0,0.0,100.0,1.0,0.0,100.0,1.0,0.0,100.0,1.0,0.0,100.0,1.0,0.0,100.0,1.0,0.0
335,actuated,5,5,532.0232764302739,98.52282896856923,2984335.8407779667,373041.98009724583,765.2,17.878504672897197,69692.772033424,1628.3357951734579,42.8,1.5379776684847146,75.0,36.4,30,1.8969609567214192,0.8504672897196262,75.0,100.0,6.0,0.75,0.0,0.0,8,0.0,0.0,0.0,0.0,0.0,0.0,100.0,1.0,0.0,100.0,1.0,0.0,100.0,1.0,0.0,100.0,1.0,0.0,100.0,1.0,0.0,100.0,1.0,0.0
336,actuated,5,5,969.153459860389,201.90697080424772,4238570.72101971,529821.3401274638,949.2,21.37837837837838,71625.13939196647,1613.1788151343799,44.4,1.7240862349676007,76.34881348366719,38.0,31,2.474225736505465,0.8558558558558559,76.34881348366719,100.0,6.2,0.775,1.158425548765896,0.0,8,10.790507869337489,0.2,9.267404390127169,0.0,0.0,0.0,100.0,1.0,0.0,100.0,1.0,0.0,100.0,1.0,0.0,100.0,1.0,0.0,100.0,1.0,0.0,100.0,1.0,0.0
337,actuated,5,5,734.2936513834621,122.38227523057702,2000734.2936513834,250091.78670642292,1139.2,25.09251101321586,73910.20766446389,1627.9781423890724,45.4,2.3910998023106353,75.64689042618625,38.6,32,3.9425103056929864,0.8502202643171806,75.64689042618625,100.0,6.4,0.8,1.0485890087555165,0.0,8,0.0,0.0,0.0,5.17512340948997,0.4,8.388712070044132,100.0,1.0,0.0,100.0,1.0,0.0,100.0,1.0,0.0,100.0,1.0,0.0,100.0,1.0,0.0,100.0,1.0,0.0
338,actuated,5,5,293.1203960889413,58.62407921778826,2558585.5749462447,319823.1968682806,1336.0,29.427312775330396,73200.29569708728,1612.3413149138166,45.4,2.88773557004182,75.09213894336028,40.4,32,4.601921782957757,0.8898678414096917,75.09213894336028,100.0,6.4,0.8,1.1243752210983076,0.0,8,0.7371115468822609,0.4,8.99500176878646,0.0,0.0,0.0,100.0,1.0,0.0,100.0,1.0,0.0,100.0,1.0,0.0,100.0,1.0,0.0,100.0,1.0,0.0,100.0,1.0,0.0
339,actuated,5,5,574.2604723504126,124.8392331196549,3623486.1031943746,452935.7628992968,1538.4,32.731914893617024,72930.8697440994,1551.7206328531786,47.0,2.5619289846755793,76.41354876952278,41.4,31,4.572519682862695,0.8808510638297873,76.41354876952278,100.0,6.2,0.775,1.1053739592780447,0.0,8,11.308390156182213,0.2,8.842991674224358,0.0,0.0,0.0,100.0,1.0,0.0,100.0,1.0,0.0,100.0,1.0,0.0,100.0,1.0,0.0,100.0,1.0,0.0,100.0,1.0,0.0
