step,control_mode,phase,prev_phase,TotalTravelTime,AvgTravelTime,TotalTravelTime_Raw,AvgTravelTime_Raw,TotalWaitingTime,AvgWaitingTime,TotalCO2,AvgCO2,VehCount,AvgSpeed,AvgOccupancy,QueueLength,Throughput,SpeedStd,HaltRatio,det_occ_mean,det_occ_max,det_veh_sum,det_veh_mean,det_speed_mean,det_speed_min,n_detectors,d0_occ,d0_veh,d0_speed,d1_occ,d1_veh,d1_speed,d2_occ,d2_veh,d2_speed,d3_occ,d3_veh,d3_speed,d4_occ,d4_veh,d4_speed,d5_occ,d5_veh,d5_speed,d6_occ,d6_veh,d6_speed,d7_occ,d7_veh,d7_speed,d8_occ,d8_veh,d8_speed,d9_occ,d9_veh,d9_speed,d10_occ,d10_veh,d10_speed,d11_occ,d11_veh,d11_speed
0,actuated,0,0,699.4834160822445,67.2580207771389,1353460.4171454122,112788.36809545102,50.6,2.0737704918032787,42520.13657648383,1742.6285482165501,24.4,3.398230794860687,14.29532687101414,9.6,11,3.5073399638122464,0.39344262295081966,14.29532687101414,100.0,2.2,0.18333333333333335,0.7218805711716368,0.0,12,0.0,0.2,0.0,11.543922452169681,0.2,8.662566854059643,0.0,0.0,0.0,0.0,0.0,0.0,0.0,0.0,0.0,0.0,0.0,0.0,0.0,0.0,0.0,0.0,0.0,0.0,100.0,1.0,0.0,60.0,0.8,0.0,0.0,0.0,0.0,0.0,0.0,0.0
1,actuated,0,0,695.4795317557762,62.09638676390859,700015.775390194,58334.647949182836,104.2,4.201612903225806,48036.11361432597,1936.9400650937891,24.8,4.6859174820095495,17.225921142568055,12.6,13,4.301452026550887,0.5080645161290323,17.225921142568055,100.0,2.6000000000000005,0.2166666666666667,3.3887534968387407,0.0,12,0.0,0.0,0.0,9.021800959114046,0.2,8.746374694351108,0.0,0.0,0.0,11.219636765007124,0.2,8.912944518122865,0.0,0.0,0.0,0.0,0.0,0.0,11.542999058194994,0.2,8.663259824924324,0.0,0.0,0.0,100.0,1.0,0.0,0.0,0.0,0.0,67.30173591163748,0.8,5.758802261002252,7.624881016863014,0.2,8.583660663664341
2,actuated,0,0,860.7930507668977,81.20689158178281,1201066.7315462441,100088.89429552034,159.0,6.570247933884297,40610.91692353319,1678.137062955917,24.2,3.901944571770451,19.081638823106843,13.4,17,4.442398353396724,0.5537190082644629,19.08163882310684,100.0,3.4000000000000004,0.2833333333333334,1.913202959779899,0.0,12,0.0,0.0,0.0,25.514348932615007,0.6,6.13503982085723,0.0,0.0,0.0,0.0,0.0,0.0,11.445053731235646,0.4,8.50411031777039,0.0,0.0,0.0,0.0,0.0,0.0,0.0,0.0,0.0,100.0,1.0,0.0,12.020263213431406,0.2,8.319285378731166,80.0,1.0,0.0,0.0,0.2,0.0
3,actuated,0,0,794.3757361923211,88.26397068803568,630714.1822963512,52559.515191362596,228.2,7.923611111111111,48927.62878930876,1698.8759996287763,28.8,2.7600071783129647,18.717114917170672,17.8,12,3.9796042861080583,0.6180555555555556,18.717114917170672,100.0,2.4,0.19999999999999998,1.354731870727381,0.0,12,0.0,0.0,0.0,100.0,1.0,0.0,12.26238282534041,0.2,8.155021860298506,0.0,0.0,0.0,0.0,0.0,0.0,12.342996180707644,0.2,8.101760588430064,0.0,0.0,0.0,0.0,0.0,0.0,100.0,1.0,0.0,0.0,0.0,0.0,0.0,0.0,0.0,0.0,0.0,0.0
4,actuated,0,0,976.1090424056908,99.60296351078478,414986.58380206453,34582.21531683871,323.8,9.932515337423313,54185.922181353904,1662.14485218877,32.6,2.4503892181096734,22.744158844682854,21.4,16,3.7304954178432363,0.656441717791411,22.744158844682854,100.0,3.2,0.26666666666666666,1.20012367097287,0.0,12,0.0,0.0,0.0,100.0,1.0,0.0,0.0,0.0,0.0,0.0,0.0,0.0,0.0,0.0,0.0,0.0,0.0,0.0,7.291207419033299,0.4,8.255137252900749,0.0,0.0,0.0,100.0,1.0,0.0,0.0,0.0,0.0,65.63869871716093,0.8,6.146346798773692,0.0,0.0,0.0
5,actuated,20,0,501.297453929956,52.21848478437042,1799332.36119171,149944.3634326425,298.4,9.153374233128835,59349.078369487564,1820.5238763646494,32.6,2.4254136823765067,24.116923401200793,19.8,18,2.5299452367979756,0.6073619631901841,24.11692340120079,100.0,3.6,0.3,1.8618755933174487,0.0,12,17.12795590034318,0.2,5.838408306387358,100.0,1.0,0.0,0.0,0.0,0.0,0.0,0.0,0.0,9.777008506763991,0.4,8.098454898875207,0.0,0.0,0.0,2.498116407302291,0.2,8.405643914546818,0.0,0.0,0.0,60.0,0.8,0.0,0.0,0.0,0.0,100.0,1.0,0.0,0.0,0.0,0.0
6,actuated,20,20,949.6701258457006,98.92397144226048,2001823.9147527595,166818.65956272997,309.6,9.052631578947368,57776.77802178394,1689.379474321168,34.2,2.016635298835529,27.36211616789485,18.0,20,2.131878384827364,0.5263157894736842,27.36211616789485,100.0,4.0,0.3333333333333333,1.397615283608512,0.0,12,0.0,0.0,0.0,100.0,1.0,0.0,0.0,0.0,0.0,0.0,0.0,0.0,0.0,0.0,0.0,0.0,0.0,0.0,0.0,0.2,0.0,11.897535420873169,0.2,8.405102104134851,32.19882393795899,0.6,1.8936992030011333,84.24903465590603,1.0,6.472582096166161,100.0,1.0,0.0,0.0,0.0,0.0
7,actuated,20,20,879.2928429705037,97.6992047745004,1633542.3190353164,136128.52658627636,373.6,11.053254437869823,58374.91791410283,1727.0685773403204,33.8,1.4810386907718005,25.79072529477334,19.6,21,1.7030637287388088,0.5798816568047337,25.790725294773342,100.0,4.2,0.35000000000000003,1.9471307730807415,0.0,12,5.53643357452529,0.2,1.8756690948605677,60.0,0.8,0.0,0.0,0.0,0.0,11.06764485820122,0.2,9.035345936845737,0.0,0.0,0.0,0.0,0.0,0.0,0.0,0.0,0.0,0.0,0.0,0.0,21.116918243826603,0.8,3.956721899205831,100.0,1.0,0.0,100.0,1.0,0.0,11.767706860727003,0.2,8.497832346056763
8,actuated,20,20,1178.386464127941,115.5280847184256,1400671.8615036174,116722.65512530145,453.6,12.326086956521738,63062.83548591393,1713.6640077694003,36.8,1.4768970747910932,20.140793477203356,21.6,18,1.4080817387889695,0.5869565217391305,20.140793477203356,100.0,3.6,0.3,0.7856788145436866,0.0,12,31.32630785853962,0.8,3.499219566710304,0.0,0.0,0.0,0.0,0.0,0.0,0.0,0.0,0.0,0.0,0.0,0.0,0.0,0.0,0.0,0.0,0.0,0.0,0.0,0.0,0.0,10.36321386790064,0.8,5.9289262078139355,100.0,1.0,0.0,100.0,1.0,0.0,0.0,0.0,0.0
9,actuated,20,20,1162.6193131752414,101.98415027852994,401929.01156480936,33494.08429706745,564.2,15.00531914893617,65099.356851856144,1731.3658737195783,37.6,1.7170784973725015,25.794390822470962,24.0,16,1.3464392575955755,0.6382978723404256,25.794390822470962,100.0,3.2,0.26666666666666666,1.0180003923455911,0.0,12,0.0,0.0,0.0,0.0,0.0,0.0,0.0,0.0,0.0,0.0,0.0,0.0,12.59004544171546,0.2,7.942783087077919,0.0,0.0,0.0,96.9426444279361,1.0,4.273221621069175,0.0,0.0,0.0,0.0,0.0,0.0,100.0,1.0,0.0,100.0,1.0,0.0,0.0,0.0,0.0
10,actuated,20,20,538.6792414409222,56.112420983429395,1166234.9581783093,97186.2465148591,679.2,18.456521739130434,66534.61847141212,1808.0059367231554,36.8,1.9660004711167807,33.41748937502151,24.6,22,1.7473110375665661,0.6684782608695652,33.41748937502151,100.0,4.4,0.3666666666666667,2.376070351748409,0.0,12,9.727217725696846,0.2,8.107790206951579,0.0,0.0,0.0,0.0,0.0,0.0,9.665224048297887,0.2,5.532412174426899,0.0,0.0,0.0,70.50071128029231,0.8,5.877182299041458,100.0,1.0,0.0,0.0,0.0,0.0,11.116719445971057,0.2,8.995459540560969,100.0,1.0,0.0,100.0,1.0,0.0,0.0,0.0,0.0
11,actuated,20,20,1233.0056389079045,166.6223836362033,3092952.5744169764,257746.04786808137,807.0,21.015625,58727.816092416135,1529.3702107400034,38.4,1.4899842825466403,55.88552964877687,29.0,38,2.1135243732750317,0.7552083333333334,55.885529648776874,100.0,7.6000000000000005,0.6333333333333333,2.301439955340675,0.0,12,3.850397225777442,0.6,7.910438755877315,0.0,0.0,0.0,65.81446954246985,0.8,6.214934256859142,100.0,1.0,0.0,0.0,0.0,0.0,100.0,1.0,0.0,100.0,1.0,0.0,12.65541185286338,0.2,7.901757853686465,0.0,0.0,0.0,100.0,1.0,0.0,100.0,1.0,0.0,88.30607716421184,1.0,5.590148597665173
12,actuated,20,20,1057.9797611903907,135.63843092184496,4057173.1171744047,338097.7597645337,961.0,23.787128712871286,66488.40475082982,1645.7525928423222,40.4,0.9827946807786103,59.147568299247176,32.2,37,1.6642371249480241,0.7970297029702971,59.147568299247176,100.0,7.4,0.6166666666666667,0.7085383733501657,0.0,12,0.0,0.0,0.0,0.0,0.0,0.0,100.0,1.0,0.0,100.0,1.0,0.0,0.0,0.0,0.0,100.0,1.0,0.0,100.0,1.0,0.0,0.0,0.0,0.0,9.770819590966084,0.4,8.502460480201988,100.0,1.0,0.0,100.0,1.0,0.0,100.0,1.0,0.0
13,actuated,20,20,983.7882758062262,126.12670202643926,4003101.6410532882,333591.80342110735,1095.0,26.196172248803826,70230.74724304731,1680.1614172977827,41.8,1.865173931136654,59.107046890132345,32.8,36,3.1807901088818076,0.784688995215311,59.107046890132345,100.0,7.2,0.6,0.7226705286962289,0.0,12,9.284562681588113,0.2,8.672046344354747,0.0,0.0,0.0,100.0,1.0,0.0,100.0,1.0,0.0,0.0,0.0,0.0,100.0,1.0,0.0,100.0,1.0,0.0,0.0,0.0,0.0,0.0,0.0,0.0,100.0,1.0,0.0,100.0,1.0,0.0,100.0,1.0,0.0
14,actuated,20,20,1243.4383102252805,148.02837026491434,3201780.8378217043,266815.06981847534,1221.4,27.385650224215247,71696.08480383575,1607.5355337182905,44.6,2.360585828684218,65.16395842271625,34.6,42,3.9221861409341146,0.7757847533632287,65.16395842271625,100.0,8.4,0.7000000000000001,1.0371480318974422,0.0,12,2.2343546509927137,0.6,8.434397752489893,0.0,0.0,0.0,100.0,1.0,0.0,100.0,1.0,0.0,79.73314642160233,0.8,4.011378630279414,100.0,1.0,0.0,100.0,1.0,0.0,0.0,0.0,0.0,0.0,0.0,0.0,100.0,1.0,0.0,100.0,1.0,0.0,100.0,1.0,0.0
15,actuated,20,20,907.068462123419,105.47307699109523,2451019.725051564,204251.64375429702,1399.0,29.514767932489452,80022.16211210308,1688.2312681878286,47.4,1.2368077208666421,67.03002560336724,37.0,42,1.480192129419873,0.7805907172995781,67.03002560336724,100.0,8.4,0.7000000000000001,0.6768191601693009,0.0,12,0.0,0.0,0.0,0.0,0.0,0.0,100.0,1.0,0.0,100.0,1.0,0.0,100.0,1.0,0.0,100.0,1.0,0.0,100.0,1.0,0.0,0.0,0.0,0.0,4.360307240406769,0.4,8.12182992203161,100.0,1.0,0.0,100.0,1.0,0.0,100.0,1.0,0.0
16,actuated,20,20,1054.5603797697884,125.54290235354622,2836196.3212111774,236349.69343426477,1583.4,32.44672131147541,78477.47712109477,1608.1450229732534,48.8,2.0105865329362684,67.63007064203724,38.6,41,3.2562138184079186,0.7909836065573771,67.63007064203724,100.0,8.2,0.6833333333333332,0.7208237273230303,0.0,12,11.560847704446928,0.2,8.649884727876364,0.0,0.0,0.0,100.0,1.0,0.0,100.0,1.0,0.0,100.0,1.0,0.0,100.0,1.0,0.0,100.0,1.0,0.0,0.0,0.0,0.0,0.0,0.0,0.0,100.0,1.0,0.0,100.0,1.0,0.0,100.0,1.0,0.0
17,actuated,20,20,973.2612471273129,135.1751732121268,4123673.488389793,343639.45736581605,1785.2,35.84738955823293,81130.07622097005,1629.1179964050211,49.8,2.4623326112429114,68.02590432825663,42.2,43,4.189530797926814,0.8473895582329317,68.02590432825663,100.0,8.600000000000001,0.7166666666666668,1.4582780663932986,0.0,12,7.606029616067076,0.2,8.817017036862671,0.0,0.0,0.0,100.0,1.0,0.0,100.0,1.0,0.0,100.0,1.0,0.0,100.0,1.0,0.0,100.0,1.0,0.0,0.0,0.0,0.0,8.704822323012422,0.4,8.68231975985691,100.0,1.0,0.0,100.0,1.0,0.0,100.0,1.0,0.0
18,actuated,20,20,984.6974963288749,149.19659035285983,4587827.015957629,382318.9179964691,1999.4,39.35826771653543,79234.5121397815,1559.7344909405806,50.8,1.8900916224744961,66.66666666666667,44.4,41,3.892694179183868,0.8740157480314961,66.66666666666667,100.0,8.2,0.6833333333333332,0.0,0.0,12,0.0,0.2,0.0,0.0,0.0,0.0,100.0,1.0,0.0,100.0,1.0,0.0,100.0,1.0,0.0,100.0,1.0,0.0,100.0,1.0,0.0,0.0,0.0,0.0,0.0,0.0,0.0,100.0,1.0,0.0,100.0,1.0,0.0,100.0,1.0,0.0
19,actuated,20,20,1191.3598712630517,175.19998106809584,3982375.5184833445,331864.6265402787,2226.0,39.89247311827957,91187.95927766092,1634.192818596074,55.8,1.0536596825707916,67.650772843262,47.2,41,1.5087633297145888,0.8458781362007168,67.650772843262,100.0,8.2,0.6833333333333332,0.7056600811580876,0.0,12,11.809274119144106,0.2,8.467920973897051,0.0,0.0,0.0,100.0,1.0,0.0,100.0,1.0,0.0,100.0,1.0,0.0,100.0,1.0,0.0,100.0,1.0,0.0,0.0,0.0,0.0,0.0,0.0,0.0,100.0,1.0,0.0,100.0,1.0,0.0,100.0,1.0,0.0
20,actuated,20,20,1542.7798310984404,151.25292461749416,1801542.7798310984,150128.56498592487,2456.8,41.6406779661017,96894.74370969366,1642.283791689723,59.0,1.844956788603241,72.76079688411932,46.8,45,2.793420489896704,0.7932203389830509,72.7607968841193,100.0,9.0,0.75,1.3666266086343137,0.0,12,0.0,0.0,0.0,0.0,0.0,0.0,100.0,1.0,0.0,100.0,1.0,0.0,100.0,1.0,0.0,100.0,1.0,0.0,100.0,1.0,0.0,61.221901486535444,0.8,8.001564493853323,11.90766112289623,0.2,8.397954809758442,100.0,1.0,0.0,100.0,1.0,0.0,100.0,1.0,0.0
21,actuated,20,20,725.2782557173073,88.44856777040333,2345594.338784759,195466.1948987299,2700.8,43.702265372168284,99368.72624839454,1607.9081917215944,61.8,2.261990887371668,75.04622469104773,51.6,47,3.794203256409839,0.8349514563106796,75.04622469104774,100.0,9.4,0.7833333333333333,0.7087402326675751,0.0,12,0.5546962925728849,0.4,8.504882792010902,0.0,0.0,0.0,100.0,1.0,0.0,100.0,1.0,0.0,100.0,1.0,0.0,100.0,1.0,0.0,100.0,1.0,0.0,100.0,1.0,0.0,0.0,0.0,0.0,100.0,1.0,0.0,100.0,1.0,0.0,100.0,1.0,0.0
22,actuated,20,20,1141.1761798483176,158.49669164559967,3754155.8427956267,312846.3202329689,2964.4,45.606153846153845,100936.218799408,1552.864904606277,65.0,1.076504136040552,76.65425240579783,54.6,48,2.0355802317189955,0.84,76.65425240579783,100.0,9.600000000000001,0.8000000000000002,1.3351400170398435,0.0,12,8.295721971953185,0.4,7.367647829051647,0.0,0.0,0.0,100.0,1.0,0.0,100.0,1.0,0.0,100.0,1.0,0.0,100.0,1.0,0.0,100.0,1.0,0.0,100.0,1.0,0.0,11.55530689762088,0.2,8.654032375426478,100.0,1.0,0.0,100.0,1.0,0.0,100.0,1.0,0.0
23,actuated,2,20,1483.294380169034,200.4451865093289,2708783.9085708624,225731.9923809052,2795.6,42.35757575757576,106175.52382283213,1608.720057921699,66.0,0.8711719030010862,68.33333333333333,53.6,43,1.2239715357318477,0.8121212121212121,68.33333333333333,100.0,8.6,0.7166666666666667,0.0,0.0,12,0.0,0.0,0.0,0.0,0.0,0.0,100.0,1.0,0.0,100.0,1.0,0.0,100.0,1.0,0.0,100.0,1.0,0.0,60.0,0.8,0.0,100.0,1.0,0.0,0.0,0.0,0.0,100.0,1.0,0.0,100.0,1.0,0.0,60.0,0.8,0.0
24,actuated,2,2,1732.9425316449185,201.5049455401068,2783845.90833594,231987.159027995,2826.0,40.60344827586207,112759.28424636724,1620.104658712173,69.6,1.1036743030611453,66.84890292158822,52.0,46,1.6941924886020197,0.7471264367816092,66.84890292158822,100.0,9.2,0.7666666666666666,1.6495046130809963,0.0,12,0.0,0.0,0.0,1.1669754226886653,0.4,8.411819232814015,100.0,1.0,0.0,100.0,1.0,0.0,100.0,1.0,0.0,100.0,1.0,0.0,35.78263655542571,0.6,1.9770824541989576,100.0,1.0,0.0,41.92775328739799,0.6,7.621152874973395,100.0,1.0,0.0,100.0,1.0,0.0,23.309469793546214,0.6,1.7840007949855894
25,actuated,2,2,762.9894657241945,100.39335075318348,1420521.9742228496,118376.83118523746,3069.8,45.011730205278596,110444.76347400034,1619.4246843695064,68.2,1.0795590734475846,71.19087232425916,55.0,48,1.423964809384948,0.8064516129032258,71.19087232425916,100.0,9.6,0.7999999999999999,1.3421525737294833,0.0,12,0.0,0.0,0.0,5.945329024691546,0.4,8.501955862529575,100.0,1.0,0.0,100.0,1.0,0.0,100.0,1.0,0.0,100.0,1.0,0.0,24.13871440660671,0.6,4.127497557912681,100.0,1.0,0.0,100.0,1.0,0.0,100.0,1.0,0.0,100.0,1.0,0.0,24.20642445981173,0.6,3.476377464311544
26,actuated,2,2,704.4601599946657,110.0718999991665,6039736.8082099315,503311.40068416094,3351.0,50.31531531531532,107684.49840965976,1616.884360505402,66.6,1.3631847073151078,67.98053193333445,57.2,43,2.0669579477124005,0.8588588588588588,67.98053193333445,100.0,8.6,0.7166666666666667,0.46694838923925386,0.0,12,0.0,0.0,0.0,0.0,0.0,0.0,100.0,1.0,0.0,100.0,1.0,0.0,100.0,1.0,0.0,100.0,1.0,0.0,15.766383200013365,0.6,5.603380670871046,100.0,1.0,0.0,100.0,1.0,0.0,100.0,1.0,0.0,100.0,1.0,0.0,0.0,0.0,0.0
27,actuated,2,2,1392.4458410496836,198.9208344356691,2895705.0837242673,241308.75697702228,3521.8,52.25222551928783,106225.80350410198,1576.0504970935012,67.4,1.5668954496483343,67.79025700229876,56.6,45,3.3633589926941054,0.8397626112759644,67.79025700229876,100.0,9.0,0.75,1.651024647711817,0.0,12,46.39663070166364,0.6,6.183667880392462,0.0,0.0,0.0,100.0,1.0,0.0,100.0,1.0,0.0,100.0,1.0,0.0,100.0,1.0,0.0,15.953977372862482,0.4,5.059460662057347,40.0,0.6,0.0,100.0,1.0,0.0,100.0,1.0,0.0,100.0,1.0,0.0,11.132475953058929,0.4,8.56916723009199
28,actuated,2,2,750.5375391637756,101.42399177888859,4513249.501300779,376104.12510839826,3751.2,55.65578635014837,105807.11579808826,1569.8385133247516,67.4,1.9135620370728859,74.46797845052642,58.0,47,3.821566165550642,0.8605341246290801,74.46797845052643,100.0,9.4,0.7833333333333333,0.8637333480963113,0.0,12,100.0,1.0,0.0,0.0,0.0,0.0,100.0,1.0,0.0,100.0,1.0,0.0,100.0,1.0,0.0,100.0,1.0,0.0,4.152748479622801,0.4,8.403647129423916,89.46299292669437,1.0,1.9611530477318204,100.0,1.0,0.0,100.0,1.0,0.0,100.0,1.0,0.0,0.0,0.0,0.0
29,actuated,2,2,749.0034432685752,104.02825600952433,5667963.629367741,472330.30244731175,3995.6,57.73988439306358,110663.4200373867,1599.182370482467,69.2,1.626331278938359,79.27378241993107,58.8,49,3.3804065847470444,0.8497109826589595,79.27378241993107,100.0,9.8,0.8166666666666668,0.8129556679822652,0.0,12,100.0,1.0,0.0,21.062351722780477,0.4,7.515214610108215,100.0,1.0,0.0,100.0,1.0,0.0,100.0,1.0,0.0,100.0,1.0,0.0,30.223037316392265,0.4,2.2402534056789665,100.0,1.0,0.0,100.0,1.0,0.0,100.0,1.0,0.0,100.0,1.0,0.0,0.0,0.0,0.0
30,actuated,2,2,883.3772857521928,129.90842437532248,4656911.956546753,388075.99637889606,4212.4,58.832402234636874,112789.4565009926,1575.2717388406788,71.6,0.9225512950858545,77.82535260359897,59.8,49,1.4103306908736464,0.835195530726257,77.82535260359897,100.0,9.8,0.8166666666666668,0.1879822393470535,0.0,12,100.0,1.0,0.0,100.0,1.0,0.0,100.0,1.0,0.0,100.0,1.0,0.0,100.0,1.0,0.0,100.0,1.0,0.0,0.0,0.2,0.0,33.90423124318772,0.6,2.255786872164642,100.0,1.0,0.0,100.0,1.0,0.0,100.0,1.0,0.0,0.0,0.0,0.0
31,actuated,2,2,699.8740261698899,99.9820037385557,5196583.9749609,433048.664580075,4517.0,62.21763085399449,114239.76112882378,1573.5504287716774,72.6,1.09277728842473,78.57534484118653,62.4,50,1.6233801285924798,0.859504132231405,78.57534484118655,100.0,10.0,0.8333333333333334,0.6283342410051728,0.0,12,100.0,1.0,0.0,100.0,1.0,0.0,100.0,1.0,0.0,100.0,1.0,0.0,100.0,1.0,0.0,100.0,1.0,0.0,2.904138094238533,0.4,7.540010892062074,40.0,0.6,0.0,100.0,1.0,0.0,100.0,1.0,0.0,100.0,1.0,0.0,0.0,0.0,0.0
32,actuated,2,2,988.8397212441848,183.11846689707124,4146693.2523399866,345557.77102833224,4834.6,65.15633423180593,116599.18554868325,1571.4175949957312,74.2,1.1970248530068348,76.14542729047143,65.6,48,2.474461645504747,0.8840970350404312,76.14542729047145,100.0,9.6,0.7999999999999999,1.4796953812241618,0.0,12,100.0,1.0,0.0,100.0,1.0,0.0,100.0,1.0,0.0,100.0,1.0,0.0,100.0,1.0,0.0,100.0,1.0,0.0,2.6372488747676925,0.4,8.753725487552584,0.0,0.0,0.0,100.0,1.0,0.0,100.0,1.0,0.0,100.0,1.0,0.0,11.107878610889657,0.2,9.002619087137356
33,actuated,2,2,614.4771400515888,105.94433449165324,7870838.92038569,655903.2433654742,5166.6,71.36187845303867,113418.45534910462,1566.5532506782406,72.4,1.7350134989621,75.0,67.2,45,3.851416958398399,0.9281767955801105,75.0,100.0,9.0,0.75,0.0,0.0,12,100.0,1.0,0.0,100.0,1.0,0.0,100.0,1.0,0.0,100.0,1.0,0.0,100.0,1.0,0.0,100.0,1.0,0.0,0.0,0.0,0.0,0.0,0.0,0.0,100.0,1.0,0.0,100.0,1.0,0.0,100.0,1.0,0.0,0.0,0.0,0.0
34,actuated,2,2,472.3655838624295,124.30673259537619,7771641.104660621,647636.7587217184,5499.2,74.51490514905149,113073.46999024488,1532.1608399762179,73.8,1.5585588599751656,75.78831325942967,68.8,47,3.841548022347785,0.9322493224932249,75.78831325942967,100.0,9.4,0.7833333333333333,0.6164839273668373,0.0,12,100.0,1.0,0.0,100.0,1.0,0.0,100.0,1.0,0.0,100.0,1.0,0.0,100.0,1.0,0.0,100.0,1.0,0.0,9.459759113155997,0.4,7.3978071284020475,0.0,0.0,0.0,100.0,1.0,0.0,100.0,1.0,0.0,100.0,1.0,0.0,0.0,0.0,0.0
35,actuated,2,2,1331.7099566816225,256.0980685926197,6953978.372218397,579498.1976848665,5846.0,77.12401055408971,118090.24300571663,1557.9187731624886,75.8,1.654747034969699,75.0,70.6,45,3.927470784179509,0.9313984168865436,75.0,100.0,9.0,0.75,0.0,0.0,12,100.0,1.0,0.0,100.0,1.0,0.0,100.0,1.0,0.0,100.0,1.0,0.0,100.0,1.0,0.0,100.0,1.0,0.0,0.0,0.0,0.0,0.0,0.0,0.0,100.0,1.0,0.0,100.0,1.0,0.0,100.0,1.0,0.0,0.0,0.0,0.0
36,actuated,2,2,1385.0977054888215,182.2496980906344,3204777.5525370957,267064.796044758,6196.0,77.64411027568923,125750.37952889882,1575.8192923420904,79.8,1.3341616505316443,75.48813704136725,70.8,47,3.1263271418845573,0.8872180451127819,75.48813704136724,100.0,9.4,0.7833333333333333,0.7122815291630104,0.0,12,100.0,1.0,0.0,100.0,1.0,0.0,100.0,1.0,0.0,100.0,1.0,0.0,100.0,1.0,0.0,100.0,1.0,0.0,5.85764449640692,0.4,8.547378349956125,0.0,0.0,0.0,100.0,1.0,0.0,100.0,1.0,0.0,100.0,1.0,0.0,0.0,0.0,0.0
37,actuated,2,2,1120.9778843373801,155.69137282463612,3242078.2067570044,270173.18389641703,6538.8,79.74146341463414,128604.143384302,1568.343212003683,82.0,1.086264554505431,75.0,73.0,45,2.12056525034835,0.8902439024390244,75.0,100.0,9.0,0.75,0.0,0.0,12,100.0,1.0,0.0,100.0,1.0,0.0,100.0,1.0,0.0,100.0,1.0,0.0,100.0,1.0,0.0,100.0,1.0,0.0,0.0,0.0,0.0,0.0,0.0,0.0,100.0,1.0,0.0,100.0,1.0,0.0,100.0,1.0,0.0,0.0,0.0,0.0
38,actuated,2,2,576.7604895641018,106.80749806742625,5834210.337392072,486184.1947826727,6888.4,84.83251231527093,125961.938688962,1551.2554025734237,81.2,2.098046528121837,75.59453406834479,75.4,46,4.016963981967454,0.9285714285714286,75.59453406834479,100.0,9.2,0.7666666666666666,0.6850658907089381,0.0,12,100.0,1.0,0.0,100.0,1.0,0.0,100.0,1.0,0.0,100.0,1.0,0.0,100.0,1.0,0.0,100.0,1.0,0.0,7.134408820137423,0.2,8.220790688507257,0.0,0.0,0.0,100.0,1.0,0.0,100.0,1.0,0.0,100.0,1.0,0.0,0.0,0.0,0.0
39,actuated,2,2,622.4327679765531,129.6734933284486,6021100.383868536,501758.365322378,7272.2,86.57380952380953,129803.34748579946,1545.2779462595174,84.0,2.1416086977576225,75.26111723936329,78.4,48,4.200921560106293,0.9333333333333333,75.26111723936329,100.0,9.6,0.7999999999999999,0.6718320858276758,0.0,12,100.0,1.0,0.0,100.0,1.0,0.0,100.0,1.0,0.0,100.0,1.0,0.0,100.0,1.0,0.0,100.0,1.0,0.0,0.0,0.2,0.0,0.0,0.0,0.0,100.0,1.0,0.0,100.0,1.0,0.0,100.0,1.0,0.0,3.133406872359501,0.4,8.06198502993211
40,actuated,2,2,627.5049418605973,142.6147595137721,6195889.696411159,516324.1413675966,7668.6,89.37762237762237,131447.66024787052,1532.024012212943,85.8,1.48399284271649,76.13159213188149,80.8,46,3.8128165017219335,0.9417249417249417,76.1315921318815,100.0,9.2,0.7666666666666666,0.6136879400971009,0.0,12,100.0,1.0,0.0,100.0,1.0,0.0,100.0,1.0,0.0,100.0,1.0,0.0,100.0,1.0,0.0,100.0,1.0,0.0,13.579105582577995,0.2,7.364255281165211,0.0,0.0,0.0,100.0,1.0,0.0,100.0,1.0,0.0,100.0,1.0,0.0,0.0,0.0,0.0
41,actuated,6,2,2975.1391486157568,381.4280959763791,2303982.2192962794,191998.51827468994,6947.0,77.88116591928251,139024.06072409733,1558.5657031849476,89.2,1.2636166547201613,71.66666666666667,78.2,45,3.4441224429159205,0.8766816143497758,71.66666666666667,100.0,9.0,0.75,0.0,0.0,12,100.0,1.0,0.0,100.0,1.0,0.0,100.0,1.0,0.0,100.0,1.0,0.0,100.0,1.0,0.0,100.0,1.0,0.0,0.0,0.0,0.0,0.0,0.0,0.0,100.0,1.0,0.0,80.0,1.0,0.0,80.0,1.0,0.0,0.0,0.0,0.0
42,actuated,6,6,1305.7054146590688,167.398130084496,4588761.984744176,382396.83206201467,6069.0,67.58351893095768,143609.40890861698,1599.2139076683407,89.8,0.7691079666404999,65.81156493492017,72.2,42,1.1530104558374499,0.8040089086859689,65.81156493492017,100.0,8.4,0.7000000000000001,1.1285464500703546,0.0,12,100.0,1.0,0.0,100.0,1.0,0.0,100.0,1.0,0.0,100.0,1.0,0.0,100.0,1.0,0.0,100.0,1.0,0.0,0.0,0.0,0.0,10.920827822845922,0.2,9.156814998108853,100.0,1.0,0.0,39.03942580110879,0.6,2.247306324753798,39.77852559508733,0.6,2.1384360779816056,0.0,0.0,0.0
43,actuated,6,6,413.17333928715215,73.78095344413431,5965117.200229891,497093.1000191576,5673.8,64.475,145203.17381938067,1650.0360661293257,88.0,1.020669415627429,63.95495696052725,70.4,43,1.3000574538280398,0.8,63.95495696052725,100.0,8.6,0.7166666666666667,1.4186898047551904,0.0,12,100.0,1.0,0.0,100.0,1.0,0.0,100.0,1.0,0.0,100.0,1.0,0.0,100.0,1.0,0.0,100.0,1.0,0.0,0.0,0.0,0.0,0.0,0.0,0.0,100.0,1.0,0.0,38.10802227226645,0.8,4.223643076258745,29.236899753251464,0.6,4.1235855372152015,0.11456150080903171,0.2,8.67704904358834
44,actuated,6,6,602.4998764353375,107.5892636491674,8092175.193898213,674347.9328248511,5902.6,68.00230414746544,143895.41500964397,1657.7812789129491,86.8,1.2712942344110743,61.356819660024655,69.4,46,1.707630287165183,0.7995391705069125,61.356819660024655,100.0,9.200000000000001,0.7666666666666667,1.652510285870444,0.0,12,100.0,1.0,0.0,100.0,1.0,0.0,100.0,1.0,0.0,100.0,1.0,0.0,100.0,1.0,0.0,100.0,1.0,0.0,0.0,0.0,0.0,3.6635819297862326,0.4,8.669823547732085,100.0,1.0,0.0,14.224504030554499,0.8,5.4983551785601605,18.39374995995513,0.8,5.661944704153081,0.0,0.2,0.0
45,actuated,6,6,441.55365813050895,110.38841453262724,7961746.0578249665,663478.8381520805,6255.8,73.25292740046838,137344.175326993,1608.245612728255,85.4,0.9689440637007617,68.97762610744697,72.4,48,1.7964008496202375,0.8477751756440282,68.97762610744697,100.0,9.6,0.7999999999999999,1.5113638226967392,0.0,12,100.0,1.0,0.0,100.0,1.0,0.0,100.0,1.0,0.0,100.0,1.0,0.0,100.0,1.0,0.0,100.0,1.0,0.0,94.59107650136275,1.0,4.535473796049638,0.0,0.0,0.0,100.0,1.0,0.0,8.43027179828141,1.0,7.151614080914052,24.710164989719487,0.6,6.4492779953971775,0.0,0.0,0.0
46,actuated,6,6,996.9019037348762,184.6114636546067,5833177.543173914,486098.1285978262,6620.0,76.97674418604652,139976.23380032543,1627.6306255851794,86.0,1.0871245281764315,69.49297040860584,74.2,46,1.8825780135017618,0.8627906976744186,69.49297040860586,100.0,9.2,0.7666666666666666,1.6449872162498427,0.0,12,100.0,1.0,0.0,100.0,1.0,0.0,100.0,1.0,0.0,100.0,1.0,0.0,100.0,1.0,0.0,100.0,1.0,0.0,100.0,1.0,0.0,17.13730411414076,0.2,4.201866154055665,100.0,1.0,0.0,10.515598290014623,0.4,8.090710273513631,6.262742499114893,0.6,7.447270167428815,0.0,0.0,0.0
47,actuated,6,6,1232.6954080310893,198.8218400050144,4493010.883268065,374417.57360567205,6989.4,80.89583333333333,138679.3094695333,1605.0846003418205,86.4,0.9297739846981431,78.49504828794606,75.4,49,1.7031828495000156,0.8726851851851852,78.49504828794608,100.0,9.8,0.8166666666666668,1.4471153647447592,0.0,12,100.0,1.0,0.0,100.0,1.0,0.0,100.0,1.0,0.0,100.0,1.0,0.0,100.0,1.0,0.0,100.0,1.0,0.0,100.0,1.0,0.0,100.0,1.0,0.0,100.0,1.0,0.0,19.283110423585867,0.4,8.528737774204725,22.65746903176705,0.4,8.836646602732387,0.0,0.0,0.0
48,actuated,6,6,193.8690934226492,48.4672733556623,9424706.36170027,785392.1968083559,7372.0,84.73563218390805,139144.56195629493,1599.3627811068382,87.0,0.9159700136655099,75.0,78.4,46,1.6010742199700825,0.9011494252873563,75.0,100.0,9.2,0.7666666666666666,0.0,0.0,12,100.0,1.0,0.0,100.0,1.0,0.0,100.0,1.0,0.0,100.0,1.0,0.0,100.0,1.0,0.0,100.0,1.0,0.0,100.0,1.0,0.0,100.0,1.0,0.0,100.0,1.0,0.0,0.0,0.2,0.0,0.0,0.0,0.0,0.0,0.0,0.0
49,actuated,6,6,833.0240987224755,148.7543033432992,6400833.024098723,533402.7520082269,7762.6,86.63616071428571,143173.21142143104,1597.9153060427573,89.6,1.0432770578837924,77.17176762377676,79.0,50,1.7206880025411038,0.8816964285714286,77.17176762377676,100.0,10.0,0.8333333333333334,1.4083793361438437,0.0,12,100.0,1.0,0.0,100.0,1.0,0.0,100.0,1.0,0.0,100.0,1.0,0.0,100.0,1.0,0.0,100.0,1.0,0.0,100.0,1.0,0.0,100.0,1.0,0.0,100.0,1.0,0.0,15.131189254224182,0.6,8.42098849741742,10.930022231096927,0.4,8.479563536308705,0.0,0.0,0.0
50,actuated,6,6,833.0829194227168,154.2746147079105,5420338.617128977,451694.8847607481,8159.6,89.46929824561404,145793.01787937043,1598.6076521860791,91.2,1.0233095929128013,81.57789713050354,81.0,53,1.6684961060523176,0.8881578947368421,81.57789713050353,100.0,10.600000000000001,0.8833333333333334,2.02379625230949,0.0,12,100.0,1.0,0.0,100.0,1.0,0.0,100.0,1.0,0.0,100.0,1.0,0.0,100.0,1.0,0.0,100.0,1.0,0.0,100.0,1.0,0.0,100.0,1.0,0.0,100.0,1.0,0.0,8.87745372283348,0.4,9.13373294916836,6.376145817788483,0.4,8.140220069255829,63.68116602542045,0.8,7.011602009289698
51,actuated,6,6,989.530358931137,190.29429979444942,4510366.674516367,375863.8895430306,8565.8,91.9077253218884,148528.35306365782,1593.6518569061998,93.2,0.9749129730681658,84.27131384066276,82.8,52,1.715027627739386,0.8884120171673819,84.27131384066276,100.0,10.399999999999999,0.8666666666666666,0.7403612751203462,0.0,12,100.0,1.0,0.0,100.0,1.0,0.0,100.0,1.0,0.0,100.0,1.0,0.0,100.0,1.0,0.0,100.0,1.0,0.0,100.0,1.0,0.0,100.0,1.0,0.0,100.0,1.0,0.0,0.0,0.2,0.0,11.255766087953134,0.2,8.884335301444155,100.0,1.0,0.0
52,actuated,6,6,1078.6767011531572,256.8277859888469,7822567.450272466,651880.6208560389,8986.0,94.58947368421053,149805.4410686263,1576.8993796697505,95.0,0.8481323938646717,85.3084227244501,86.4,52,1.7602920920738232,0.9094736842105263,85.3084227244501,100.0,10.399999999999999,0.8666666666666666,1.4064078819755117,0.0,12,100.0,1.0,0.0,100.0,1.0,0.0,100.0,1.0,0.0,100.0,1.0,0.0,100.0,1.0,0.0,100.0,1.0,0.0,100.0,1.0,0.0,100.0,1.0,0.0,100.0,1.0,0.0,11.83721612971567,0.2,8.447932259086157,11.863856563685431,0.2,8.428962324619983,100.0,1.0,0.0
53,actuated,6,6,311.4099948703874,77.85249871759684,9442259.05718105,786854.9214317541,9420.0,98.53556485355648,152802.575674024,1598.3533020295397,95.6,0.8983902415337063,84.3365537877482,87.4,53,1.7347576245495324,0.9142259414225942,84.3365537877482,100.0,10.6,0.8833333333333333,1.440936914042436,0.0,12,100.0,1.0,0.0,100.0,1.0,0.0,100.0,1.0,0.0,100.0,1.0,0.0,100.0,1.0,0.0,100.0,1.0,0.0,100.0,1.0,0.0,100.0,1.0,0.0,100.0,1.0,0.0,0.7862744582064352,0.4,8.404227063464774,11.252370994772036,0.2,8.887015905044457,100.0,1.0,0.0
54,actuated,6,6,429.8523401316526,93.44616089818535,7400429.852340132,616702.487695011,9855.0,102.65625,154157.51384496415,1605.807435885043,96.0,1.0121857221693749,84.67514759208171,87.6,53,1.7202680286467202,0.9125,84.67514759208171,100.0,10.6,0.8833333333333333,1.4516591481508174,0.0,12,100.0,1.0,0.0,100.0,1.0,0.0,100.0,1.0,0.0,100.0,1.0,0.0,100.0,1.0,0.0,100.0,1.0,0.0,100.0,1.0,0.0,100.0,1.0,0.0,100.0,1.0,0.0,10.867814533147566,0.2,9.201482017842066,5.233956571833005,0.4,8.218427759967744,100.0,1.0,0.0
55,actuated,6,6,264.223761234197,77.71287095123442,7344148.933850487,612012.4111542072,10293.2,107.22083333333333,151447.4040032809,1577.577125034176,96.0,0.9455156863934857,84.52058994190376,88.6,53,1.9395536126774995,0.9229166666666667,84.52058994190376,100.0,10.6,0.8833333333333333,1.4191790338683035,0.0,12,100.0,1.0,0.0,100.0,1.0,0.0,100.0,1.0,0.0,100.0,1.0,0.0,100.0,1.0,0.0,100.0,1.0,0.0,100.0,1.0,0.0,100.0,1.0,0.0,100.0,1.0,0.0,2.553431494546885,0.4,8.478496976569293,11.693647808298238,0.2,8.551651429850347,100.0,1.0,0.0
56,actuated,6,6,386.4612703180986,120.76914697440581,8432748.014909964,702729.001242497,10738.2,110.70309278350516,150566.44798858304,1552.2314225627117,97.0,0.8278450756272375,85.21966071567174,90.0,52,1.749147051557974,0.9278350515463918,85.21966071567174,100.0,10.399999999999999,0.8666666666666666,1.4726395775409111,0.0,12,100.0,1.0,0.0,100.0,1.0,0.0,100.0,1.0,0.0,100.0,1.0,0.0,100.0,1.0,0.0,100.0,1.0,0.0,100.0,1.0,0.0,100.0,1.0,0.0,100.0,1.0,0.0,11.249186792190358,0.2,8.88953146990359,11.386741795870421,0.2,8.782143460587344,100.0,1.0,0.0
57,actuated,6,6,1242.9267721270699,230.17162446797587,6205282.926930085,517106.91057750705,11193.2,110.82376237623762,156735.91865630122,1551.8407787752597,101.0,0.5870557771205883,84.13234958492495,92.6,54,1.0856061846438514,0.9168316831683169,84.13234958492495,100.0,10.8,0.9,1.3887071340577677,0.0,12,100.0,1.0,0.0,100.0,1.0,0.0,100.0,1.0,0.0,100.0,1.0,0.0,100.0,1.0,0.0,100.0,1.0,0.0,100.0,1.0,0.0,100.0,1.0,0.0,100.0,1.0,0.0,4.097235264605388,0.4,8.528160070441663,5.4909597544940425,0.4,8.13632553825155,100.0,1.0,0.0
58,actuated,6,6,703.0793955165606,130.19988805862232,5634918.719148233,469576.55992901936,11661.4,114.55206286836935,159577.27921925293,1567.5567703266497,101.8,0.5634393741707854,90.02204773652797,95.2,55,0.7943149267897675,0.9351669941060904,90.02204773652797,100.0,11.0,0.9166666666666666,0.6912279434480556,0.0,12,100.0,1.0,0.0,100.0,1.0,0.0,100.0,1.0,0.0,100.0,1.0,0.0,100.0,1.0,0.0,100.0,1.0,0.0,100.0,1.0,0.0,100.0,1.0,0.0,100.0,1.0,0.0,0.0,0.0,0.0,80.26457283833565,1.0,8.294735321376667,100.0,1.0,0.0
59,actuated,1,6,1360.272911041196,234.52981224848207,4973889.3006942235,414490.775057852,9860.2,99.19718309859155,152386.57938525506,1533.0641789261072,99.4,0.3275603256631305,87.05128373771639,85.6,57,0.4834762257073602,0.8611670020120724,87.05128373771639,100.0,11.399999999999999,0.9500000000000001,0.558172155336418,0.0,12,100.0,1.0,0.0,100.0,1.0,0.0,100.0,1.0,0.0,80.0,1.0,0.0,60.0,0.8,0.0,100.0,1.0,0.0,60.0,0.8,0.0,60.0,0.8,0.0,100.0,1.0,0.0,84.61540485259661,1.0,6.698065864037016,100.0,1.0,0.0,100.0,1.0,0.0
60,actuated,1,1,1117.5018916080037,147.0397225800005,3976670.548744662,331389.2123953885,6446.8,68.14799154334038,157044.51297889114,1660.0899892060374,94.6,0.6786087976924039,64.9308981985725,65.0,48,0.796423675282342,0.6871035940803383,64.9308981985725,100.0,9.6,0.7999999999999999,0.967872776368565,0.0,12,100.0,1.0,0.0,100.0,1.0,0.0,29.392774577207774,0.6,1.9841654096684875,21.253749386722802,0.6,1.648544351008302,33.38694299753911,0.6,2.1055350222229894,33.88126497570056,0.6,1.9447143421596833,27.91002527476735,0.6,1.8387968354713786,33.346021170932545,0.6,2.09271735589194,100.0,1.0,0.0,100.0,1.0,0.0,100.0,1.0,0.0,100.0,1.0,0.0
61,actuated,1,1,600.1919714500007,75.02399643125008,4000600.19197145,333383.3493309542,4896.2,55.386877828054295,149242.31013189902,1688.261426831437,88.4,1.421731545236288,75.13167233184997,55.2,55,1.6362398126638251,0.6244343891402715,75.13167233184997,100.0,11.0,0.9166666666666666,1.4181431964854803,0.0,12,100.0,1.0,0.0,100.0,1.0,0.0,100.0,1.0,0.0,25.116234375294653,0.6,4.1274200668848255,36.760502204122076,0.8,4.4301768186333605,100.0,1.0,0.0,6.5307829741072965,0.8,4.021316311577312,33.172548428675555,0.8,4.4388051607302685,100.0,1.0,0.0,100.0,1.0,0.0,100.0,1.0,0.0,100.0,1.0,0.0
62,actuated,1,1,1244.0437675386231,148.10044851650275,3210687.1817323854,267557.26514436543,4967.6,54.58901098901099,140586.5687096362,1544.9073484575406,91.0,1.1186960229689857,74.65347487382492,60.8,50,1.4217177354984696,0.6681318681318681,74.65347487382492,100.0,10.0,0.8333333333333334,1.0851956268673295,0.0,12,100.0,1.0,0.0,100.0,1.0,0.0,100.0,1.0,0.0,59.025628295656816,0.8,3.1811013144537745,12.249176612151587,0.6,5.259312679235155,100.0,1.0,0.0,24.566893578090685,0.6,4.5819335287190235,0.0,0.0,0.0,100.0,1.0,0.0,100.0,1.0,0.0,100.0,1.0,0.0,100.0,1.0,0.0
63,actuated,1,1,965.4923064938063,137.92747235625805,3236432.277392693,269702.6897827244,5314.8,56.54042553191489,143825.17737137998,1530.0550784189359,94.0,0.5852167673605417,91.66666666666667,76.2,55,0.639356050905767,0.8106382978723404,91.66666666666667,100.0,11.0,0.9166666666666666,0.0,0.0,12,100.0,1.0,0.0,100.0,1.0,0.0,100.0,1.0,0.0,100.0,1.0,0.0,100.0,1.0,0.0,100.0,1.0,0.0,100.0,1.0,0.0,0.0,0.0,0.0,100.0,1.0,0.0,100.0,1.0,0.0,100.0,1.0,0.0,100.0,1.0,0.0
64,actuated,1,1,870.1657866533633,155.386747616672,4075857.17393028,339654.76449419,5724.8,58.65573770491803,150830.28724064116,1545.3922873016513,97.6,0.5559055202718963,92.62410894326156,86.6,56,1.024331717719973,0.8872950819672131,92.62410894326156,100.0,11.2,0.9333333333333332,0.7253120751197715,0.0,12,100.0,1.0,0.0,100.0,1.0,0.0,100.0,1.0,0.0,100.0,1.0,0.0,100.0,1.0,0.0,100.0,1.0,0.0,100.0,1.0,0.0,11.489307319138788,0.2,8.703744901437258,100.0,1.0,0.0,100.0,1.0,0.0,100.0,1.0,0.0,100.0,1.0,0.0
65,actuated,18,1,1791.1155003952686,263.39933829342186,5045341.300204416,420445.108350368,4791.2,49.39381443298969,152751.83981397687,1574.761235195638,97.0,0.47188153785515924,80.0,81.0,52,0.7426064330764417,0.8350515463917526,80.0,100.0,10.4,0.8666666666666667,0.0,0.0,12,80.0,1.0,0.0,60.0,0.8,0.0,100.0,1.0,0.0,100.0,1.0,0.0,100.0,1.0,0.0,100.0,1.0,0.0,100.0,1.0,0.0,0.0,0.0,0.0,100.0,1.0,0.0,60.0,0.8,0.0,60.0,0.8,0.0,100.0,1.0,0.0
66,actuated,18,18,1426.2776828011843,192.74022740556543,3037340.838893491,253111.73657445758,3845.6,40.310272536687634,154496.3737516408,1619.4588443568216,95.4,0.7646615386006844,74.16411708982537,71.8,52,0.9258725935598485,0.7526205450733753,74.16411708982537,100.0,10.399999999999999,0.8666666666666666,1.2790549232865338,0.0,12,25.33953618898863,0.6,1.7784928616709414,29.316630504090426,0.6,1.912126000397216,100.0,1.0,0.0,100.0,1.0,0.0,100.0,1.0,0.0,100.0,1.0,0.0,100.0,1.0,0.0,81.43457510645135,1.0,7.7273397216539506,100.0,1.0,0.0,27.894897508945178,0.6,1.9473075309396384,25.983765769428828,0.6,1.9833929647766586,100.0,1.0,0.0
67,actuated,18,18,233.97213128504532,46.794426257009064,9489917.651702592,790826.470975216,3473.0,38.41814159292036,150983.41325772664,1670.1705006385691,90.4,1.1545720900096166,75.02986700582407,68.4,58,1.6056685318268697,0.7566371681415929,75.02986700582407,100.0,11.6,0.9666666666666667,1.3036901172275568,0.0,12,15.586952155604195,0.8,4.175692767286402,14.91127845719916,0.8,3.7949592560529704,100.0,1.0,0.0,100.0,1.0,0.0,100.0,1.0,0.0,100.0,1.0,0.0,100.0,1.0,0.0,100.0,1.0,0.0,100.0,1.0,0.0,42.78526527409099,1.0,3.6747649694786375,27.074908182994477,1.0,3.9988644139126714,100.0,1.0,0.0
68,actuated,18,18,235.32169528801114,47.064339057602226,8614133.12653314,717844.427211095,3770.2,42.17225950782998,142514.87034924337,1594.1260665463465,89.4,1.1189202706110277,75.18163495590368,70.8,50,1.5465259278690193,0.7919463087248322,75.18163495590368,100.0,9.999999999999998,0.8333333333333331,1.5844217561974052,0.0,12,24.120319612964067,0.4,5.510310016168067,36.439020003906535,0.8,5.58708005295804,100.0,1.0,0.0,100.0,1.0,0.0,100.0,1.0,0.0,100.0,1.0,0.0,100.0,1.0,0.0,100.0,1.0,0.0,100.0,1.0,0.0,0.0,0.2,0.0,41.62027985397344,0.6,7.915671005242757,100.0,1.0,0.0
69,actuated,18,18,560.3220808962219,96.60725532693482,6200560.322080897,516713.3601734081,4139.0,44.40987124463519,143162.22497936166,1536.0753753150393,93.2,0.7266230583297055,85.67753709298633,77.0,55,0.9030452498420349,0.8261802575107297,85.67753709298633,100.0,11.0,0.9166666666666666,0.14415329187325018,0.0,12,100.0,1.0,0.0,100.0,1.0,0.0,100.0,1.0,0.0,100.0,1.0,0.0,100.0,1.0,0.0,100.0,1.0,0.0,100.0,1.0,0.0,100.0,1.0,0.0,100.0,1.0,0.0,28.130445115835983,0.6,1.7298395024790023,0.0,0.4,0.0,100.0,1.0,0.0
70,actuated,18,18,1122.9820674692699,170.14879810140454,5201419.81802947,433451.6515024558,4543.8,46.4601226993865,152643.29127389053,1560.7698494262836,97.8,0.4884457832325758,92.3969727720683,85.4,56,0.6406790293432162,0.8732106339468303,92.3969727720683,100.0,11.2,0.9333333333333332,0.49728863086426056,0.0,12,100.0,1.0,0.0,100.0,1.0,0.0,100.0,1.0,0.0,100.0,1.0,0.0,100.0,1.0,0.0,100.0,1.0,0.0,100.0,1.0,0.0,100.0,1.0,0.0,100.0,1.0,0.0,100.0,1.0,0.0,8.763673264819545,0.2,5.967463570371127,100.0,1.0,0.0
71,actuated,1,18,1282.0959628934124,156.35316620651372,3002587.230240231,250215.60252001925,4518.8,46.68181818181818,152370.30151108408,1574.0733627178108,96.8,0.6143944625606448,88.33333333333333,78.6,57,0.6052011356021737,0.8119834710743802,88.33333333333333,100.0,11.399999999999999,0.9500000000000001,0.0,0.0,12,100.0,1.0,0.0,100.0,1.0,0.0,100.0,1.0,0.0,60.0,0.8,0.0,60.0,0.8,0.0,100.0,1.0,0.0,80.0,1.0,0.0,60.0,0.8,0.0,100.0,1.0,0.0,100.0,1.0,0.0,100.0,1.0,0.0,100.0,1.0,0.0
72,actuated,1,1,1414.4725240469852,172.4966492740226,3026045.355705765,252170.44630881376,4497.8,47.95095948827292,151795.9698508891,1618.2939216512696,93.8,0.8080881953240412,77.13547669035667,72.4,53,0.8594561361170583,0.7718550106609808,77.13547669035667,100.0,10.6,0.8833333333333333,0.6121562067499516,0.0,12,100.0,1.0,0.0,100.0,1.0,0.0,100.0,1.0,0.0,31.162994346399273,0.6,2.114671589968378,24.815408980072107,0.6,1.8209397786553532,100.0,1.0,0.0,40.433012220834144,0.8,1.5131697471013146,29.214304736974555,0.6,1.8970933652743749,100.0,1.0,0.0,100.0,1.0,0.0,100.0,1.0,0.0,100.0,1.0,0.0
73,actuated,1,1,657.7189072592096,121.79979764059436,5281256.393365318,440104.69944710983,4593.2,51.035555555555554,147886.44979712507,1643.1827755236118,90.0,1.1292891986463895,72.71877559122221,70.2,53,1.62898408288428,0.78,72.71877559122221,100.0,10.6,0.8833333333333333,1.2514222600284375,0.0,12,100.0,1.0,0.0,100.0,1.0,0.0,100.0,1.0,0.0,12.467115028065336,0.8,4.131145128704664,15.7576293467298,0.8,4.001164675479706,100.0,1.0,0.0,19.223104536155233,0.4,3.561644996492366,25.177458183716226,0.6,3.323112319664513,100.0,1.0,0.0,100.0,1.0,0.0,100.0,1.0,0.0,100.0,1.0,0.0
74,actuated,1,1,685.2032165599006,103.81866917574253,7329125.349578437,610760.4457982031,4932.4,55.17225950782998,143618.7648200738,1606.47387941917,89.4,2.0557700956551943,70.04888640154832,71.8,46,3.7944718319466917,0.8031319910514542,70.04888640154832,100.0,9.2,0.7666666666666666,0.7875320546468244,0.0,12,100.0,1.0,0.0,100.0,1.0,0.0,100.0,1.0,0.0,23.94591368734268,0.6,4.649260921959863,16.64072313123711,0.6,4.801123733802029,100.0,1.0,0.0,0.0,0.0,0.0,0.0,0.0,0.0,100.0,1.0,0.0,100.0,1.0,0.0,100.0,1.0,0.0,100.0,1.0,0.0
75,actuated,1,1,525.1793852876207,75.0256264696601,5000525.179385288,416710.43161544064,5306.6,57.93231441048035,141816.16613928028,1548.211420734501,91.6,1.5616795158510597,85.0,78.0,54,2.8951318926700385,0.851528384279476,85.0,100.0,10.8,0.9,0.6844481455550216,0.0,12,100.0,1.0,0.0,100.0,1.0,0.0,100.0,1.0,0.0,100.0,1.0,0.0,100.0,1.0,0.0,100.0,1.0,0.0,0.0,0.4,0.0,20.0,0.4,8.21337774666026,100.0,1.0,0.0,100.0,1.0,0.0,100.0,1.0,0.0,100.0,1.0,0.0
76,actuated,1,1,830.1161633783884,180.46003551704095,5070308.731120716,422525.727593393,5719.2,60.58474576271186,143956.73930253444,1524.9654587132884,94.4,0.3995582545753737,83.33333333333333,86.6,50,0.7700188990711896,0.9173728813559322,83.33333333333333,100.0,10.0,0.8333333333333334,0.0,0.0,12,100.0,1.0,0.0,100.0,1.0,0.0,100.0,1.0,0.0,100.0,1.0,0.0,100.0,1.0,0.0,100.0,1.0,0.0,0.0,0.0,0.0,0.0,0.0,0.0,100.0,1.0,0.0,100.0,1.0,0.0,100.0,1.0,0.0,100.0,1.0,0.0
77,actuated,18,1,1075.6311892579974,173.4889014932254,4738403.055742243,394866.9213118536,5687.8,60.50851063829787,149477.39082922565,1590.1850088215494,94.0,0.5401811099434307,69.20263882433431,78.8,47,0.8120618391367668,0.8382978723404255,69.20263882433431,100.0,9.4,0.7833333333333333,0.738192910832974,0.0,12,60.0,0.8,0.0,60.0,0.8,0.0,100.0,1.0,0.0,100.0,1.0,0.0,100.0,1.0,0.0,100.0,1.0,0.0,10.431665892011779,0.4,8.858314929995688,0.0,0.0,0.0,100.0,1.0,0.0,60.0,0.8,0.0,40.0,0.6,0.0,100.0,1.0,0.0
78,actuated,18,18,970.9315975693662,124.47840994479054,4001817.7446955517,333484.81205796264,5632.6,62.16997792494481,148492.4512507224,1638.989528153669,90.6,0.8996298044687646,59.98683972381182,68.0,42,0.9187425918486343,0.7505518763796909,59.98683972381182,100.0,8.399999999999999,0.6999999999999998,0.6174817445360485,0.0,12,25.088672205357625,0.6,1.8346343424669058,33.0504080163098,0.6,2.182540410846459,100.0,1.0,0.0,100.0,1.0,0.0,100.0,1.0,0.0,100.0,1.0,0.0,0.0,0.0,0.0,0.0,0.0,0.0,100.0,1.0,0.0,28.585128372255895,0.6,1.8946393094980398,33.117868091818536,0.6,1.4979668716211783,100.0,1.0,0.0
79,actuated,18,18,1016.533068456902,127.06663355711275,3014284.1449410566,251190.3454117547,5718.0,64.97727272727273,149877.42719317792,1703.152581740658,88.0,1.4784393843401231,59.465443435130304,62.6,49,1.5067773874793253,0.7113636363636363,59.465443435130304,100.0,9.8,0.8166666666666668,1.7505300737284821,0.0,12,16.934236359204533,0.8,3.9522290015685306,24.112368370966806,0.8,4.1124171407467465,100.0,1.0,0.0,100.0,1.0,0.0,100.0,1.0,0.0,100.0,1.0,0.0,32.129652611363326,0.4,5.117721931910058,0.0,0.0,0.0,100.0,1.0,0.0,10.109766035324128,0.8,4.092540155770939,30.299297844704824,1.0,3.731452654745511,100.0,1.0,0.0
80,actuated,18,18,907.4088807442719,126.0290112144822,3657137.9836310605,304761.4986359217,6023.8,67.98871331828443,141972.32688957633,1602.3964660223062,88.6,1.2529075221943693,64.70578366828704,67.2,43,1.512948948598973,0.7584650112866818,64.70578366828704,100.0,8.600000000000001,0.7166666666666667,1.5576995661945483,0.0,12,42.35791527634433,0.8,5.22408544210016,22.425394076892644,0.6,4.9111306833701,100.0,1.0,0.0,100.0,1.0,0.0,100.0,1.0,0.0,100.0,1.0,0.0,100.0,1.0,0.0,11.68609466620751,0.2,8.557178668864319,100.0,1.0,0.0,0.0,0.0,0.0,0.0,0.0,0.0,100.0,1.0,0.0
81,actuated,18,18,1210.895992769079,183.46908981349682,5046375.631556431,420531.30262970255,6031.8,65.70588235294117,140253.7329568163,1527.8184417953846,91.8,0.7708478538059881,80.04579456535122,75.6,52,0.9368940759158502,0.8235294117647058,80.04579456535122,100.0,10.4,0.8666666666666667,0.694913057020128,0.0,12,100.0,1.0,0.0,100.0,1.0,0.0,100.0,1.0,0.0,100.0,1.0,0.0,100.0,1.0,0.0,100.0,1.0,0.0,100.0,1.0,0.0,0.0,0.0,0.0,100.0,1.0,0.0,40.0,0.6,0.17656561038458943,20.54953478421453,0.8,8.162391073856947,100.0,1.0,0.0
82,actuated,18,18,811.5876211328833,135.2646035221472,7806006.736351614,650500.5613626345,5122.4,53.92,145468.28156846232,1531.2450691417084,95.0,0.5115216063212926,75.72463278059398,79.6,48,0.6779642276117511,0.8378947368421052,75.72463278059398,100.0,9.6,0.7999999999999999,0.7341839288457139,0.0,12,100.0,1.0,0.0,100.0,1.0,0.0,100.0,1.0,0.0,100.0,1.0,0.0,100.0,1.0,0.0,100.0,1.0,0.0,100.0,1.0,0.0,0.0,0.0,0.0,33.83688711259083,0.6,1.9621247759131866,61.74415658787552,0.8,1.8642377452459349,13.114549666661333,0.2,4.983844624989446,100.0,1.0,0.0
83,actuated,13,18,1891.8844297170076,236.48555371462595,2604590.061213132,217049.171767761,3986.6,41.70083682008368,150077.80892780982,1569.8515578222784,95.6,0.3651321308379174,81.66666666666667,75.6,52,0.3613764233117452,0.7907949790794979,81.66666666666667,100.0,10.399999999999999,0.8666666666666667,0.0,0.0,12,100.0,1.0,0.0,100.0,1.0,0.0,100.0,1.0,0.0,60.0,0.8,0.0,60.0,0.8,0.0,60.0,0.8,0.0,100.0,1.0,0.0,0.0,0.0,0.0,100.0,1.0,0.0,100.0,1.0,0.0,100.0,1.0,0.0,100.0,1.0,0.0
84,actuated,13,13,1831.8317698725793,183.18317698725792,2001831.8317698725,166819.31931415605,3304.6,34.63941299790356,154929.85818712157,1624.0027063639577,95.4,0.6921953551523077,73.52252287891513,67.6,49,0.5459516587136236,0.7085953878406709,73.52252287891513,100.0,9.8,0.8166666666666668,0.46375938082036045,0.0,12,100.0,1.0,0.0,100.0,1.0,0.0,100.0,1.0,0.0,22.396574458864507,0.6,1.7799685871618514,29.03545195240895,0.6,1.679232389076687,30.838248135708,0.6,2.105911593605787,100.0,1.0,0.0,0.0,0.0,0.0,100.0,1.0,0.0,100.0,1.0,0.0,100.0,1.0,0.0,100.0,1.0,0.0
85,actuated,13,13,633.3505312658324,90.47864732369034,4578194.095254201,381516.17460451677,3154.6,33.99353448275862,155408.26771082732,1674.6580572287426,92.8,0.99007046099239,72.41844312236329,65.0,53,1.0978782532968094,0.7004310344827587,72.41844312236329,100.0,10.6,0.8833333333333333,1.0099769546932105,0.0,12,100.0,1.0,0.0,100.0,1.0,0.0,100.0,1.0,0.0,28.674172756252574,1.0,3.916278284170068,19.68857166382577,0.8,3.9892835498867276,20.65857304828114,0.8,4.214161622261729,100.0,1.0,0.0,0.0,0.0,0.0,100.0,1.0,0.0,100.0,1.0,0.0,100.0,1.0,0.0,100.0,1.0,0.0
86,actuated,13,13,768.6949107422686,106.7631820475373,5400397.736659998,450033.1447216665,3454.8,38.048458149779734,156122.3319179256,1719.4089418273745,90.8,1.3945460997763275,77.38981283337087,68.0,54,1.71322735752621,0.748898678414097,77.38981283337087,100.0,10.8,0.9,2.0997285876908207,0.0,12,100.0,1.0,0.0,100.0,1.0,0.0,100.0,1.0,0.0,27.454395235265565,0.6,6.0213715795340566,18.98386620137444,0.6,5.764805797699006,20.073664862698024,0.8,5.857725808969661,100.0,1.0,0.0,62.16582770111245,0.8,7.5528398660871225,100.0,1.0,0.0,100.0,1.0,0.0,100.0,1.0,0.0,100.0,1.0,0.0
87,actuated,13,13,1104.6309231163561,167.3683216842964,7395220.657345241,616268.3881121035,3795.8,43.52981651376147,145945.74994788624,1673.6897929803467,87.2,1.5843630230412598,79.43242218074339,70.0,56,2.3102821711554187,0.8027522935779816,79.43242218074336,100.0,11.2,0.9333333333333332,1.824346790660945,0.0,12,100.0,1.0,0.0,100.0,1.0,0.0,100.0,1.0,0.0,25.55454548873513,0.6,7.631320952733331,21.34607366639557,0.8,7.22033193379533,6.288447013789664,0.8,7.040508601402677,100.0,1.0,0.0,100.0,1.0,0.0,100.0,1.0,0.0,100.0,1.0,0.0,100.0,1.0,0.0,100.0,1.0,0.0
88,actuated,13,13,682.6480180308201,113.77466967180335,7051398.183661044,587616.515305087,4151.0,50.01204819277108,135763.53811568924,1635.7052785022802,83.0,1.7641843428238073,77.9929883962448,72.0,53,2.8682907236568926,0.8674698795180723,77.9929883962448,100.0,10.600000000000001,0.8833333333333333,2.0718597203021907,0.0,12,100.0,1.0,0.0,100.0,1.0,0.0,100.0,1.0,0.0,16.625418190153596,0.6,8.53877098792475,7.348680562249683,0.8,7.949572034490667,11.941762002534233,0.2,8.373973621210872,100.0,1.0,0.0,100.0,1.0,0.0,100.0,1.0,0.0,100.0,1.0,0.0,100.0,1.0,0.0,100.0,1.0,0.0
89,actuated,13,13,765.0710872443084,115.9198617036831,5201176.516355636,433431.37636296963,4511.0,55.01219512195122,131156.30866763883,1599.4671788736443,82.0,2.3151489494306694,76.92956380620538,72.8,47,3.9799227913642046,0.8878048780487805,76.9295638062054,100.0,9.4,0.7833333333333333,1.4400365470103715,0.0,12,100.0,1.0,0.0,100.0,1.0,0.0,100.0,1.0,0.0,11.781607150312539,0.2,8.48780635138961,0.0,0.0,0.0,11.373158524152132,0.2,8.792632212734851,100.0,1.0,0.0,100.0,1.0,0.0,100.0,1.0,0.0,100.0,1.0,0.0,100.0,1.0,0.0,100.0,1.0,0.0
90,actuated,13,13,941.6900476157314,151.8854915509244,6528762.684494743,544063.5570412286,4878.8,58.92270531400966,130377.03177997815,1574.6018330915235,82.8,2.006488442707461,75.86496921436246,75.6,47,4.0758589856570175,0.9130434782608695,75.86496921436246,100.0,9.4,0.7833333333333333,0.7340976244508289,0.0,12,100.0,1.0,0.0,100.0,1.0,0.0,100.0,1.0,0.0,0.0,0.0,0.0,0.0,0.0,0.0,10.37963057234947,0.4,8.809171493409947,100.0,1.0,0.0,100.0,1.0,0.0,100.0,1.0,0.0,100.0,1.0,0.0,100.0,1.0,0.0,100.0,1.0,0.0
91,actuated,13,13,814.5472618860739,127.27300966969904,6502456.553944873,541871.379495406,5258.8,63.05515587529976,131077.7565918557,1571.675738511459,83.4,1.825364492770718,75.73304671323454,77.0,47,3.533430835010007,0.9232613908872902,75.73304671323456,100.0,9.4,0.7833333333333333,0.7019962108228355,0.0,12,100.0,1.0,0.0,100.0,1.0,0.0,100.0,1.0,0.0,0.0,0.0,0.0,0.0,0.0,0.0,8.79656055881469,0.4,8.423954529874026,100.0,1.0,0.0,100.0,1.0,0.0,100.0,1.0,0.0,100.0,1.0,0.0,100.0,1.0,0.0,100.0,1.0,0.0
92,actuated,13,13,542.1431947624117,104.25830668507916,6439119.53688401,536593.2947403342,5647.8,65.97897196261682,133919.79802890198,1564.483621832967,85.6,0.9591867664943269,75.9378364592078,79.4,46,1.5416135904229267,0.927570093457944,75.9378364592078,100.0,9.2,0.7666666666666666,0.7404749918029926,0.0,12,100.0,1.0,0.0,100.0,1.0,0.0,100.0,1.0,0.0,0.0,0.0,0.0,0.0,0.0,0.0,11.254037510493617,0.2,8.885699901635912,100.0,1.0,0.0,100.0,1.0,0.0,100.0,1.0,0.0,100.0,1.0,0.0,100.0,1.0,0.0,100.0,1.0,0.0
93,actuated,13,13,905.3953176943685,181.0790635388737,7710210.507882664,642517.5423235553,6048.0,69.51724137931035,136415.30618511053,1567.9920251162132,87.0,1.181322969994848,75.93148891004545,81.0,46,2.016970780244345,0.9310344827586207,75.93148891004546,100.0,9.2,0.7666666666666666,0.7455208934377474,0.0,12,100.0,1.0,0.0,100.0,1.0,0.0,100.0,1.0,0.0,11.177866920545512,0.2,8.94625072125297,0.0,0.0,0.0,0.0,0.0,0.0,100.0,1.0,0.0,100.0,1.0,0.0,100.0,1.0,0.0,100.0,1.0,0.0,100.0,1.0,0.0,100.0,1.0,0.0
94,actuated,13,13,524.2194083465461,90.38265661147346,6000765.778489883,500063.8148741569,6453.0,74.17241379310344,138069.80564998835,1587.0092603446938,87.0,1.8630462562211596,75.38424878838366,81.0,48,2.9941964177560534,0.9310344827586207,75.38424878838366,100.0,9.6,0.7999999999999999,1.375200789282098,0.0,12,100.0,1.0,0.0,100.0,1.0,0.0,100.0,1.0,0.0,0.0,0.0,0.0,1.1782629171125336,0.4,7.825035817269235,3.432722543491309,0.2,8.677373654115945,100.0,1.0,0.0,100.0,1.0,0.0,100.0,1.0,0.0,100.0,1.0,0.0,100.0,1.0,0.0,100.0,1.0,0.0
95,actuated,13,13,952.7451295266022,183.22021721665428,5364259.628889863,447021.63574082195,6862.8,78.70183486238533,133948.18082138436,1536.1029910709215,87.2,3.0783634979765506,76.00844663244952,83.6,47,5.347977452137642,0.9587155963302753,76.00844663244952,100.0,9.4,0.7833333333333333,0.6886278580331417,0.0,12,100.0,1.0,0.0,100.0,1.0,0.0,100.0,1.0,0.0,12.101359589394178,0.2,8.263534296397701,0.0,0.0,0.0,0.0,0.2,0.0,100.0,1.0,0.0,100.0,1.0,0.0,100.0,1.0,0.0,100.0,1.0,0.0,100.0,1.0,0.0,100.0,1.0,0.0
96,actuated,13,13,881.0976450298349,151.91338707410947,6254368.7119381325,521197.392661511,7282.0,82.9384965831435,135638.38868246027,1544.8563631259713,87.8,2.7021153688802118,75.0,84.2,45,5.3101401459696875,0.958997722095672,75.0,100.0,9.0,0.75,0.0,0.0,12,100.0,1.0,0.0,100.0,1.0,0.0,100.0,1.0,0.0,0.0,0.0,0.0,0.0,0.0,0.0,0.0,0.0,0.0,100.0,1.0,0.0,100.0,1.0,0.0,100.0,1.0,0.0,100.0,1.0,0.0,100.0,1.0,0.0,100.0,1.0,0.0
97,actuated,13,13,412.66345019496976,103.16586254874244,6664202.015642663,555350.167970222,7706.6,86.59101123595505,135312.33837791678,1520.3633525608627,89.0,2.6190841054170146,75.0,86.4,45,5.12681092805329,0.9707865168539326,75.0,100.0,9.0,0.75,0.0,0.0,12,100.0,1.0,0.0,100.0,1.0,0.0,100.0,1.0,0.0,0.0,0.0,0.0,0.0,0.0,0.0,0.0,0.0,0.0,100.0,1.0,0.0,100.0,1.0,0.0,100.0,1.0,0.0,100.0,1.0,0.0,100.0,1.0,0.0,100.0,1.0,0.0
98,actuated,13,13,1079.92281982457,224.98392079678544,7619239.032303048,634936.586025254,8141.0,87.72629310344827,144551.2826778991,1557.664684029085,92.8,0.9709605736458173,75.0,87.8,45,2.4432199356074507,0.9461206896551724,75.0,100.0,9.0,0.75,0.0,0.0,12,100.0,1.0,0.0,100.0,1.0,0.0,100.0,1.0,0.0,0.0,0.0,0.0,0.0,0.0,0.0,0.0,0.0,0.0,100.0,1.0,0.0,100.0,1.0,0.0,100.0,1.0,0.0,100.0,1.0,0.0,100.0,1.0,0.0,100.0,1.0,0.0
99,actuated,13,13,692.8715853769503,138.57431707539007,6101664.724765254,508472.06039710453,8579.4,90.69133192389006,145812.43382462705,1541.357651423119,94.6,1.1070645003826327,75.9495975440918,88.8,46,2.0741020385646416,0.9386892177589852,75.94959754409179,100.0,9.2,0.7666666666666666,0.7313039600461693,0.0,12,100.0,1.0,0.0,100.0,1.0,0.0,100.0,1.0,0.0,11.395170529101506,0.2,8.775647520554031,0.0,0.0,0.0,0.0,0.0,0.0,100.0,1.0,0.0,100.0,1.0,0.0,100.0,1.0,0.0,100.0,1.0,0.0,100.0,1.0,0.0,100.0,1.0,0.0
100,actuated,13,13,782.1252920495622,156.42505840991242,7833422.722905753,652785.2269088128,8474.2,88.64225941422595,150059.51565871775,1569.6602056351228,95.6,1.355987508454221,73.48335943129523,89.4,46,2.549007104454424,0.9351464435146444,73.48335943129523,100.0,9.2,0.7666666666666666,0.6901017296438415,0.0,12,100.0,1.0,0.0,100.0,1.0,0.0,100.0,1.0,0.0,0.0,0.0,0.0,1.8003131755426693,0.2,8.281220755726098,0.0,0.0,0.0,100.0,1.0,0.0,100.0,1.0,0.0,100.0,1.0,0.0,100.0,1.0,0.0,100.0,1.0,0.0,80.0,1.0,0.0
101,actuated,17,13,2022.3008246308873,273.28389522039015,2804573.9351731874,233714.49459776562,7048.0,74.5031712473573,146543.78051627096,1549.0885889669235,94.6,1.0721419593136723,63.37980954943608,78.0,44,2.213832660876341,0.8245243128964059,63.37980954943608,100.0,8.799999999999999,0.7333333333333333,0.8729170170111736,0.0,12,80.0,1.0,0.0,60.0,0.8,0.0,100.0,1.0,0.0,0.0,0.0,0.0,0.0,0.2,0.0,8.380991580879709,0.4,8.657525313831865,100.0,1.0,0.0,100.0,1.0,0.0,100.0,1.0,0.0,60.0,0.8,0.0,100.0,1.0,0.0,52.17672301235325,0.6,1.8174788903022194
102,actuated,17,17,849.3505569753295,151.66974231702312,5232287.181182356,436023.9317651963,5890.6,63.06852248394004,146790.1738107577,1571.6292699224593,93.4,0.46576561358580887,60.24452415633372,69.6,42,0.781745536007684,0.7451820128479657,60.24452415633372,100.0,8.399999999999999,0.6999999999999998,1.1430438776735672,0.0,12,25.11889776052385,0.6,2.0103029019554914,21.768086556357957,0.6,1.7687356202832065,100.0,1.0,0.0,1.9039587651468537,0.4,7.775796513725069,0.0,0.0,0.0,0.0,0.0,0.0,100.0,1.0,0.0,100.0,1.0,0.0,100.0,1.0,0.0,74.14334679397598,0.8,2.161691496119038,100.0,1.0,0.0,100.0,1.0,0.0
103,actuated,17,17,971.7012279089271,142.89723939837162,5001185.446721582,416765.45389346516,5487.6,59.00645161290323,150841.90876297024,1621.9560082039811,93.0,0.7071730429077399,62.743313565105915,67.0,43,0.9305903839685359,0.7204301075268817,62.743313565105915,100.0,8.6,0.7166666666666667,0.6989532815442208,0.0,12,12.316092785472392,0.8,4.2592033208593385,40.603669995798555,0.8,4.128236057671311,100.0,1.0,0.0,0.0,0.0,0.0,0.0,0.0,0.0,0.0,0.0,0.0,100.0,1.0,0.0,100.0,1.0,0.0,100.0,1.0,0.0,100.0,1.0,0.0,100.0,1.0,0.0,100.0,1.0,0.0
104,actuated,17,17,461.9922071576358,85.55411243659921,5014435.010897388,417869.58424144896,5767.6,62.82788671023965,151022.64213735834,1645.1268206683915,91.8,1.1199696720640804,62.99521577621306,73.4,41,1.5876871278343696,0.7995642701525054,62.99521577621306,100.0,8.2,0.6833333333333332,1.0342396537099867,0.0,12,29.59431639255172,0.6,6.184089442057411,26.34827292200498,0.6,6.226786402462428,100.0,1.0,0.0,0.0,0.0,0.0,0.0,0.0,0.0,0.0,0.0,0.0,100.0,1.0,0.0,100.0,1.0,0.0,100.0,1.0,0.0,100.0,1.0,0.0,100.0,1.0,0.0,100.0,1.0,0.0
105,actuated,17,17,673.756881222793,120.31372878978448,4233889.414029265,352824.11783577205,6142.6,66.33477321814254,151027.22082900547,1630.9635078726292,92.6,1.2609253087464745,65.8356444566103,77.6,47,1.8960030604813192,0.838012958963283,65.8356444566103,100.0,9.4,0.7833333333333333,2.3699354464766462,0.0,12,23.43744636834117,0.6,7.585062889066721,15.799540326183887,0.8,6.987856049302916,100.0,1.0,0.0,47.196378024534624,0.6,5.928606545977207,3.594368760263933,0.4,7.937699873372912,0.0,0.0,0.0,100.0,1.0,0.0,100.0,1.0,0.0,100.0,1.0,0.0,100.0,1.0,0.0,100.0,1.0,0.0,100.0,1.0,0.0
106,actuated,17,17,777.7288460732195,144.02386038392953,11461836.427049343,955153.0355874453,6534.2,71.96255506607929,147457.3042660121,1623.9791218723801,90.8,1.1815646502135886,68.64415968929052,79.6,45,1.8859960246891054,0.8766519823788547,68.64415968929052,100.0,9.0,0.75,1.360203882128972,0.0,12,11.944175514754534,0.2,8.372281525541121,11.785740756731684,0.8,7.950165060006542,100.0,1.0,0.0,100.0,1.0,0.0,0.0,0.0,0.0,0.0,0.0,0.0,100.0,1.0,0.0,100.0,1.0,0.0,100.0,1.0,0.0,100.0,1.0,0.0,100.0,1.0,0.0,100.0,1.0,0.0
107,actuated,17,17,535.4664226573957,111.55550472029077,16983900.812410317,1415325.0677008599,6932.0,77.36607142857143,143364.82769124437,1600.0538804826379,89.6,1.2691468481758266,69.27392148616887,80.6,48,1.8984767199201478,0.8995535714285714,69.27392148616889,100.0,9.6,0.7999999999999999,2.4530726178289735,0.0,12,3.6141779322815637,0.4,8.196179343387485,0.5437456560525789,0.6,8.361983430478722,100.0,1.0,0.0,100.0,1.0,0.0,15.605720998712513,0.2,4.452889184528629,11.523413246979999,0.4,8.425819455552844,100.0,1.0,0.0,100.0,1.0,0.0,100.0,1.0,0.0,100.0,1.0,0.0,100.0,1.0,0.0,100.0,1.0,0.0
108,actuated,17,17,1026.4717992435171,270.1241576956624,11562740.204399394,963561.6836999495,7338.2,80.63956043956044,143360.10376555036,1575.3857556653886,91.0,0.7864362519093343,75.06129056845414,83.0,47,1.7088917751040107,0.9120879120879121,75.06129056845414,100.0,9.4,0.7833333333333333,0.7189716378226875,0.0,12,0.7354868214497401,0.4,8.62765965387225,0.0,0.0,0.0,100.0,1.0,0.0,100.0,1.0,0.0,100.0,1.0,0.0,0.0,0.0,0.0,100.0,1.0,0.0,100.0,1.0,0.0,100.0,1.0,0.0,100.0,1.0,0.0,100.0,1.0,0.0,100.0,1.0,0.0
109,actuated,17,17,135.55467650622154,45.18489216874051,9023229.579192702,751935.7982660584,7756.0,85.60706401766005,144243.6219410125,1592.0929574063189,90.6,0.9344625374008559,76.89993508551386,84.2,48,1.9280176750901385,0.9293598233995585,76.89993508551386,100.0,9.6,0.7999999999999999,1.4433511009612185,0.0,12,11.506463580521995,0.2,8.690767523853186,11.292757445644384,0.4,8.629445687681436,100.0,1.0,0.0,100.0,1.0,0.0,100.0,1.0,0.0,0.0,0.0,0.0,100.0,1.0,0.0,100.0,1.0,0.0,100.0,1.0,0.0,100.0,1.0,0.0,100.0,1.0,0.0,100.0,1.0,0.0
110,actuated,17,17,291.782091728967,81.05058103582415,9711835.256389959,809319.6046991632,8176.0,89.64912280701755,145186.6007982951,1591.9583420865692,91.2,1.1182691103773696,75.99986290492383,84.8,48,2.22596679360259,0.9298245614035088,75.99986290492382,100.0,9.6,0.7999999999999999,1.3740535516585697,0.0,12,11.90865383338405,0.2,8.397254752645981,0.08970102570174276,0.4,8.091387867256856,100.0,1.0,0.0,100.0,1.0,0.0,100.0,1.0,0.0,0.0,0.0,0.0,100.0,1.0,0.0,100.0,1.0,0.0,100.0,1.0,0.0,100.0,1.0,0.0,100.0,1.0,0.0,100.0,1.0,0.0
111,actuated,17,17,567.5809719987834,128.99567545426893,7201208.804976883,600100.7337480736,8597.2,92.84233261339092,145849.28131151688,1575.046234465625,92.6,0.7965473452568889,76.85692799074825,85.0,48,1.5521467886112765,0.91792656587473,76.85692799074825,100.0,9.6,0.7999999999999999,1.4536503585987681,0.0,12,11.174127337612845,0.2,8.949244713132403,11.10900855136606,0.4,8.494559590052813,100.0,1.0,0.0,100.0,1.0,0.0,100.0,1.0,0.0,0.0,0.0,0.0,100.0,1.0,0.0,100.0,1.0,0.0,100.0,1.0,0.0,100.0,1.0,0.0,100.0,1.0,0.0,100.0,1.0,0.0
112,actuated,17,17,181.9634025896553,45.49085064741382,7144314.840179103,595359.5700149253,9024.0,97.45140388768898,145961.28071815352,1576.2557312975543,92.6,1.020341547831587,75.7783303086279,86.2,47,1.8107837572548955,0.9308855291576674,75.77833030862791,100.0,9.4,0.7833333333333333,0.7355696103613204,0.0,12,9.339963703534977,0.4,8.826835324335844,0.0,0.0,0.0,100.0,1.0,0.0,100.0,1.0,0.0,100.0,1.0,0.0,0.0,0.0,0.0,100.0,1.0,0.0,100.0,1.0,0.0,100.0,1.0,0.0,100.0,1.0,0.0,100.0,1.0,0.0,100.0,1.0,0.0
113,actuated,17,17,393.0892056380384,98.2723014095096,7314625.054272723,609552.0878560602,9455.8,101.02350427350427,146040.88548585985,1560.2658705754257,93.6,1.1915940841223267,76.96361106981044,87.4,47,2.4758688449193027,0.9337606837606838,76.96361106981044,100.0,9.4,0.7833333333333333,1.4159091257412058,0.0,12,12.136159432682234,0.2,8.239839016180328,11.42717340504305,0.2,8.75107049271414,100.0,1.0,0.0,100.0,1.0,0.0,100.0,1.0,0.0,0.0,0.0,0.0,100.0,1.0,0.0,100.0,1.0,0.0,100.0,1.0,0.0,100.0,1.0,0.0,100.0,1.0,0.0,100.0,1.0,0.0
114,actuated,17,17,422.4062496919513,105.60156242298783,8105057.333216025,675421.4444346688,9895.0,105.71581196581197,147108.88599535235,1571.676132428978,93.6,1.7118226463717137,75.95543550255873,88.4,46,3.900964410349639,0.9444444444444444,75.95543550255873,100.0,9.2,0.7666666666666666,0.7268355033748132,0.0,12,11.465226030704798,0.2,8.722026040497758,0.0,0.0,0.0,100.0,1.0,0.0,100.0,1.0,0.0,100.0,1.0,0.0,0.0,0.0,0.0,100.0,1.0,0.0,100.0,1.0,0.0,100.0,1.0,0.0,100.0,1.0,0.0,100.0,1.0,0.0,100.0,1.0,0.0
115,actuated,17,17,520.1840175276735,108.37167031826532,7200520.18401753,600043.3486681274,10335.0,108.78947368421052,149679.7933687205,1575.576772302321,95.0,0.9426132189479538,77.30125327239459,88.4,49,2.1649687388405106,0.9305263157894736,77.30125327239459,100.0,9.8,0.8166666666666668,1.27227303415299,0.0,12,3.0285917825926845,0.4,8.386572688072919,0.0,0.0,0.0,100.0,1.0,0.0,100.0,1.0,0.0,100.0,1.0,0.0,24.586447486142333,0.4,6.88070372176296,100.0,1.0,0.0,100.0,1.0,0.0,100.0,1.0,0.0,100.0,1.0,0.0,100.0,1.0,0.0,100.0,1.0,0.0
116,actuated,17,17,200.9275326269031,59.09633312555973,7749835.912836326,645819.6594030272,10778.6,112.74686192468619,148325.90011950792,1551.5261518776979,95.6,0.7555537554328065,83.8634544384475,89.6,52,1.4987761215076765,0.9372384937238494,83.8634544384475,100.0,10.4,0.8666666666666667,0.7052160956043129,0.0,12,6.361453261370116,0.4,8.462593147251754,0.0,0.0,0.0,100.0,1.0,0.0,100.0,1.0,0.0,100.0,1.0,0.0,100.0,1.0,0.0,100.0,1.0,0.0,100.0,1.0,0.0,100.0,1.0,0.0,100.0,1.0,0.0,100.0,1.0,0.0,100.0,1.0,0.0
117,actuated,17,17,279.27108510477836,93.09036170159278,8084334.424376259,673694.5353646883,11231.2,115.31006160164272,151181.14123727832,1552.1677745100444,97.4,0.7876119467744065,85.0,91.6,54,1.777523301849202,0.9404517453798767,85.0,100.0,10.8,0.9,0.7125450519767281,0.0,12,0.0,0.4,0.0,20.0,0.4,8.550540623720737,100.0,1.0,0.0,100.0,1.0,0.0,100.0,1.0,0.0,100.0,1.0,0.0,100.0,1.0,0.0,100.0,1.0,0.0,100.0,1.0,0.0,100.0,1.0,0.0,100.0,1.0,0.0,100.0,1.0,0.0
118,actuated,17,17,276.76169914743235,92.25389971581079,8817123.172905756,734760.264408813,11692.0,117.86290322580645,153108.17580556008,1543.4291915883073,99.2,0.4972570862722242,84.92561694148587,93.4,54,1.135125671870849,0.9415322580645161,84.92561694148587,100.0,10.8,0.9,1.409203976384985,0.0,12,8.371333038694502,0.4,8.40353978648782,10.736070259135886,0.4,8.506907930132003,100.0,1.0,0.0,100.0,1.0,0.0,100.0,1.0,0.0,100.0,1.0,0.0,100.0,1.0,0.0,100.0,1.0,0.0,100.0,1.0,0.0,100.0,1.0,0.0,100.0,1.0,0.0,100.0,1.0,0.0
119,actuated,0,17,1378.9721268346555,246.24502264904564,5602791.015733151,466899.2513110959,10977.8,109.778,156785.81194568923,1567.8581194568924,100.0,0.43473398938685665,81.61494215056678,89.2,51,0.7679896303657981,0.892,81.61494215056678,100.0,10.2,0.85,0.33057124864098825,0.0,12,59.37930580680131,0.6,3.9668549836918587,0.0,0.0,0.0,100.0,1.0,0.0,100.0,1.0,0.0,100.0,1.0,0.0,100.0,1.0,0.0,60.0,0.8,0.0,60.0,0.8,0.0,100.0,1.0,0.0,100.0,1.0,0.0,100.0,1.0,0.0,100.0,1.0,0.0
120,actuated,0,0,597.611202180272,99.60186703004534,5650467.715264243,470872.30960535357,10230.4,104.17922606924644,156429.6474762592,1592.9699335667945,98.2,0.6080010557914858,85.35522524586781,83.0,55,0.8007301271237229,0.845213849287169,85.35522524586781,100.0,11.0,0.9166666666666666,0.9413227774593608,0.0,12,100.0,1.0,0.0,61.35456893390483,0.8,7.461482919675551,100.0,1.0,0.0,100.0,1.0,0.0,100.0,1.0,0.0,100.0,1.0,0.0,37.44937394995759,0.6,2.058905626438821,25.45876006655135,0.6,1.7754847833979575,100.0,1.0,0.0,100.0,1.0,0.0,100.0,1.0,0.0,100.0,1.0,0.0
121,actuated,0,0,664.057399930985,118.58167855910446,5390940.037651549,449245.0031376291,9150.0,96.3157894736842,152380.04330300674,1604.0004558211238,95.0,0.657268530628454,84.20364303923425,75.2,57,0.9089873811767564,0.791578947368421,84.20364303923425,100.0,11.399999999999999,0.9500000000000001,0.6327434855578278,0.0,12,100.0,1.0,0.0,100.0,1.0,0.0,60.0,0.8,0.0,100.0,1.0,0.0,100.0,1.0,0.0,100.0,1.0,0.0,19.407192585761095,0.6,3.8261324933043497,31.036523885049974,1.0,3.7667893333895837,100.0,1.0,0.0,100.0,1.0,0.0,100.0,1.0,0.0,100.0,1.0,0.0
122,actuated,0,0,1047.6721375929562,194.0133588135104,6575587.087599346,547965.5906332788,8241.4,87.30296610169492,155229.86624565898,1644.3841763311332,94.4,0.7806116874057835,83.46399343003213,74.2,55,1.4189104155897667,0.7860169491525424,83.46399343003213,100.0,11.0,0.9166666666666666,1.0457942986274076,0.0,12,100.0,1.0,0.0,100.0,1.0,0.0,65.41898369311639,0.8,1.6229042096867026,100.0,1.0,0.0,100.0,1.0,0.0,100.0,1.0,0.0,9.80449022006951,0.6,5.247587638512513,26.344447247199696,0.6,5.679039735329676,100.0,1.0,0.0,100.0,1.0,0.0,100.0,1.0,0.0,100.0,1.0,0.0
123,actuated,0,0,604.8024353876528,100.80040589794214,5800806.992397944,483400.5826998287,7545.0,81.83297180043384,149553.89189383984,1622.0595650091088,92.2,1.1452030855564068,87.84542311599505,74.2,56,1.9886402762509923,0.8047722342733189,87.84542311599505,100.0,11.2,0.9333333333333332,1.1558599440798092,0.0,12,100.0,1.0,0.0,100.0,1.0,0.0,100.0,1.0,0.0,100.0,1.0,0.0,100.0,1.0,0.0,100.0,1.0,0.0,29.25585423965913,0.6,6.4508310400656015,24.889223152281374,0.6,7.41948828889211,100.0,1.0,0.0,100.0,1.0,0.0,100.0,1.0,0.0,100.0,1.0,0.0
124,actuated,0,0,780.2049525638452,156.04099051276904,6231994.792580192,519332.8993816827,7812.0,85.65789473684211,143691.27997647668,1575.5622804438233,91.2,1.0916800588213413,86.74877079563184,78.8,59,2.1259676277034893,0.8640350877192983,86.74877079563184,100.0,11.8,0.9833333333333334,1.3374222224218906,0.0,12,100.0,1.0,0.0,100.0,1.0,0.0,100.0,1.0,0.0,100.0,1.0,0.0,100.0,1.0,0.0,100.0,1.0,0.0,23.157699636321922,1.0,7.795857208797891,17.82754991126012,0.8,8.253209460264795,100.0,1.0,0.0,100.0,1.0,0.0,100.0,1.0,0.0,100.0,1.0,0.0
125,actuated,0,0,839.9507806135241,182.59799578554873,5475353.783824935,456279.4819854112,8215.8,90.88274336283186,141634.69709590168,1566.7554988484699,90.4,0.7551024917985397,83.52910838516758,82.6,52,1.4940308423011794,0.9137168141592921,83.52910838516759,100.0,10.4,0.8666666666666667,0.7061537738268574,0.0,12,100.0,1.0,0.0,100.0,1.0,0.0,100.0,1.0,0.0,100.0,1.0,0.0,100.0,1.0,0.0,100.0,1.0,0.0,2.3493006220110146,0.4,8.47384528592229,0.0,0.0,0.0,100.0,1.0,0.0,100.0,1.0,0.0,100.0,1.0,0.0,100.0,1.0,0.0
126,actuated,0,0,839.0953398634441,155.38802590063779,6967012.006758362,580584.3338965302,8633.0,93.63340563991324,147010.64626078197,1594.4755559737741,92.2,1.094931177413388,83.33333333333333,84.4,51,2.1047742616817784,0.9154013015184381,83.33333333333333,100.0,10.2,0.85,0.0,0.0,12,100.0,1.0,0.0,100.0,1.0,0.0,100.0,1.0,0.0,100.0,1.0,0.0,100.0,1.0,0.0,100.0,1.0,0.0,0.0,0.2,0.0,0.0,0.0,0.0,100.0,1.0,0.0,100.0,1.0,0.0,100.0,1.0,0.0,100.0,1.0,0.0
127,actuated,0,0,882.832385284217,147.13873088070284,6000882.832385285,500073.5693654404,9053.6,97.3505376344086,146468.912027516,1574.9345379302797,93.0,1.534535670711785,85.03754377445375,84.8,54,3.21476118595836,0.9118279569892473,85.03754377445375,100.0,10.8,0.9,1.4287645355605019,0.0,12,100.0,1.0,0.0,100.0,1.0,0.0,100.0,1.0,0.0,100.0,1.0,0.0,100.0,1.0,0.0,100.0,1.0,0.0,9.44938665322752,0.6,8.055206263392078,11.001138640217505,0.2,9.089968163333944,100.0,1.0,0.0,100.0,1.0,0.0,100.0,1.0,0.0,100.0,1.0,0.0
128,actuated,0,0,548.7407090447174,130.65254977255177,6206747.244506106,517228.9370421755,9483.0,101.7489270386266,145186.88565560855,1557.7992023133966,93.2,1.658920870565453,84.01889636177582,87.2,52,3.910328121906169,0.9356223175965666,84.01889636177582,100.0,10.4,0.8666666666666667,0.7063700796337797,0.0,12,100.0,1.0,0.0,100.0,1.0,0.0,100.0,1.0,0.0,100.0,1.0,0.0,100.0,1.0,0.0,100.0,1.0,0.0,8.226756341309738,0.4,8.476440955605357,0.0,0.0,0.0,100.0,1.0,0.0,100.0,1.0,0.0,100.0,1.0,0.0,100.0,1.0,0.0
129,actuated,0,0,668.2806287747142,159.114435422551,8703359.436202638,725279.9530168865,9921.2,104.8752642706131,147688.1500833672,1561.1855188516618,94.6,1.5970216440999567,83.62319005096386,89.0,52,3.899641651052153,0.9408033826638478,83.62319005096386,100.0,10.4,0.8666666666666667,0.7108188447076828,0.0,12,100.0,1.0,0.0,100.0,1.0,0.0,100.0,1.0,0.0,100.0,1.0,0.0,100.0,1.0,0.0,100.0,1.0,0.0,3.4782806115663334,0.4,8.529826136492193,0.0,0.0,0.0,100.0,1.0,0.0,100.0,1.0,0.0,100.0,1.0,0.0,100.0,1.0,0.0
130,actuated,0,0,1238.2256837146779,221.1117292347639,6586768.915518496,548897.4096265413,10366.2,107.31055900621118,151016.13337434793,1563.3140100864175,96.6,1.6859812087640214,83.33333333333333,90.0,51,3.9395244123047752,0.9316770186335404,83.33333333333333,100.0,10.2,0.85,0.0,0.0,12,100.0,1.0,0.0,100.0,1.0,0.0,100.0,1.0,0.0,100.0,1.0,0.0,100.0,1.0,0.0,100.0,1.0,0.0,0.0,0.2,0.0,0.0,0.0,0.0,100.0,1.0,0.0,100.0,1.0,0.0,100.0,1.0,0.0,100.0,1.0,0.0
131,actuated,0,0,476.523956581909,99.2758242878977,6622543.628367702,551878.6356973085,10817.4,111.98136645962732,150655.54706076486,1559.5812325130937,96.6,1.745105151029409,84.30988647011115,91.0,51,3.9373656168511104,0.9420289855072463,84.30988647011115,100.0,10.2,0.85,0.7111179292668073,0.0,12,100.0,1.0,0.0,100.0,1.0,0.0,100.0,1.0,0.0,100.0,1.0,0.0,100.0,1.0,0.0,100.0,1.0,0.0,11.718637641333771,0.2,8.533415151201687,0.0,0.0,0.0,100.0,1.0,0.0,100.0,1.0,0.0,100.0,1.0,0.0,100.0,1.0,0.0
132,actuated,0,0,890.7249834705029,222.68124586762573,6294102.165989085,524508.5138324237,11277.4,115.31083844580778,150531.3218677438,1539.1750702223292,97.8,1.2303371239778698,84.30233057425748,93.4,51,3.292343875441857,0.9550102249488752,84.30233057425748,100.0,10.2,0.85,0.7166629739648637,0.0,12,100.0,1.0,0.0,100.0,1.0,0.0,100.0,1.0,0.0,100.0,1.0,0.0,100.0,1.0,0.0,100.0,1.0,0.0,11.627966891089727,0.2,8.599955687578364,0.0,0.0,0.0,100.0,1.0,0.0,100.0,1.0,0.0,100.0,1.0,0.0,100.0,1.0,0.0
133,actuated,0,0,421.2802457451124,131.65007679534762,8030502.7859962685,669208.5654996891,11746.2,118.40927419354838,153007.72200774954,1542.416552497475,99.2,0.6319967538223136,83.40371830754235,94.4,52,1.4957204952451693,0.9516129032258065,83.40371830754236,100.0,10.4,0.8666666666666667,0.7002556755517918,0.0,12,100.0,1.0,0.0,100.0,1.0,0.0,100.0,1.0,0.0,100.0,1.0,0.0,100.0,1.0,0.0,100.0,1.0,0.0,0.8446196905083525,0.4,8.403068106621502,0.0,0.0,0.0,100.0,1.0,0.0,100.0,1.0,0.0,100.0,1.0,0.0,100.0,1.0,0.0
134,actuated,0,0,352.09813838457296,125.7493351373475,8788354.420452071,732362.868371006,12223.0,123.21572580645162,153647.83593113485,1548.869313821924,99.2,0.860078897264359,83.33333333333333,96.2,50,1.9162981814377724,0.969758064516129,83.33333333333333,100.0,10.0,0.8333333333333334,0.0,0.0,12,100.0,1.0,0.0,100.0,1.0,0.0,100.0,1.0,0.0,100.0,1.0,0.0,100.0,1.0,0.0,100.0,1.0,0.0,0.0,0.0,0.0,0.0,0.0,0.0,100.0,1.0,0.0,100.0,1.0,0.0,100.0,1.0,0.0,100.0,1.0,0.0
135,actuated,0,0,668.3762465614699,196.58124898866762,11506217.993507557,958851.499458963,12705.0,125.0492125984252,157167.5634977007,1546.9248375757943,101.6,1.2869462716855697,84.84686069501228,97.6,53,2.8448174878033345,0.9606299212598425,84.84686069501227,100.0,10.600000000000001,0.8833333333333333,1.481418970720183,0.0,12,100.0,1.0,0.0,100.0,1.0,0.0,100.0,1.0,0.0,100.0,1.0,0.0,100.0,1.0,0.0,100.0,1.0,0.0,7.537866821794523,0.4,8.364785924460739,10.624461518352746,0.2,9.412241724181458,100.0,1.0,0.0,100.0,1.0,0.0,100.0,1.0,0.0,100.0,1.0,0.0
136,actuated,0,0,1488.6056220411838,297.72112440823673,10807414.337243373,900617.8614369477,13193.0,126.36973180076629,158670.21070059488,1519.8296044118283,104.4,0.2828333047381157,83.33333333333333,98.8,50,0.611014552194996,0.946360153256705,83.33333333333333,100.0,10.0,0.8333333333333334,0.0,0.0,12,100.0,1.0,0.0,100.0,1.0,0.0,100.0,1.0,0.0,100.0,1.0,0.0,100.0,1.0,0.0,100.0,1.0,0.0,0.0,0.0,0.0,0.0,0.0,0.0,100.0,1.0,0.0,100.0,1.0,0.0,100.0,1.0,0.0,100.0,1.0,0.0
137,actuated,4,0,1672.3856485483443,288.3423531979904,5269070.49136092,439089.20761340996,11524.8,112.32748538011695,160658.85509630077,1565.8757806656995,102.6,0.3961942920674598,73.33333333333333,90.2,48,0.6523009580689039,0.8791423001949318,73.33333333333333,100.0,9.600000000000001,0.8000000000000002,0.0,0.0,12,80.0,1.0,0.0,100.0,1.0,0.0,100.0,1.0,0.0,100.0,1.0,0.0,100.0,1.0,0.0,100.0,1.0,0.0,0.0,0.0,0.0,0.0,0.0,0.0,100.0,1.0,0.0,80.0,1.0,0.0,60.0,0.8,0.0,60.0,0.8,0.0
138,actuated,4,4,657.1834072198358,96.64461870879938,8195672.4674481405,682972.7056206784,9251.2,93.25806451612904,162778.62072620585,1640.9135153851396,99.2,0.8358262069588932,61.71645178722523,74.4,43,1.0852897705719353,0.75,61.71645178722523,100.0,8.600000000000001,0.7166666666666667,1.3240422840141233,0.0,12,19.01108623599839,0.4,2.2584232009155523,100.0,1.0,0.0,100.0,1.0,0.0,100.0,1.0,0.0,100.0,1.0,0.0,100.0,1.0,0.0,11.69469657467971,0.2,8.550884527992874,0.0,0.0,0.0,100.0,1.0,0.0,19.29015134560359,0.4,2.2134304203058157,45.06723467537313,0.8,1.3481276366936008,45.53425261504799,0.8,1.5176416222616373
139,actuated,4,4,639.5645102532271,94.053604449004,5000869.982826019,416739.16523550154,7561.4,78.76458333333333,159072.1984693136,1657.0020673886831,96.0,1.1385948547244689,66.47541414818022,65.0,48,1.2498572081460313,0.6770833333333334,66.47541414818022,100.0,9.600000000000001,0.8000000000000002,1.973409762144148,0.0,12,80.72845601241397,1.0,3.4696774318711974,100.0,1.0,0.0,100.0,1.0,0.0,100.0,1.0,0.0,100.0,1.0,0.0,100.0,1.0,0.0,0.0,0.0,0.0,10.707492402771095,0.4,8.283463340345769,100.0,1.0,0.0,39.94529586610952,0.8,4.150669163131047,26.82326459437263,0.6,3.7038448107970803,39.50046090249543,0.8,4.0732623995846815
140,actuated,4,4,524.1187844511524,97.0590341576208,5375347.129862409,447945.59415520076,7719.8,81.6046511627907,157386.05085966393,1663.700326212092,94.6,1.1292773718500877,66.83091223965523,69.4,47,1.59096480158624,0.733615221987315,66.83091223965523,100.0,9.4,0.7833333333333333,1.780189245973806,0.0,12,100.0,1.0,0.0,100.0,1.0,0.0,100.0,1.0,0.0,100.0,1.0,0.0,100.0,1.0,0.0,100.0,1.0,0.0,35.51552119136204,0.4,4.44429223854027,0.0,0.0,0.0,100.0,1.0,0.0,20.42422207992786,0.6,6.084104618890294,20.17886047217644,0.8,5.135517074629861,25.852343132396527,0.6,5.698357019625249
141,actuated,4,4,838.8700514729939,155.3463058283322,6847952.594633192,570662.7162194327,8074.4,87.19654427645789,157302.04663594492,1698.7262055717592,92.6,1.3553494124483685,71.25587543099641,73.8,51,2.120470944011629,0.796976241900648,71.25587543099641,100.0,10.200000000000001,0.8500000000000001,1.738667123723239,0.0,12,100.0,1.0,0.0,100.0,1.0,0.0,100.0,1.0,0.0,100.0,1.0,0.0,100.0,1.0,0.0,100.0,1.0,0.0,100.0,1.0,0.0,0.0,0.0,0.0,100.0,1.0,0.0,11.451633038134332,0.8,7.265012206100613,27.957983876215167,0.6,6.734700489713887,15.66088825760744,0.8,6.864292788864367
142,actuated,4,4,706.2432559893966,135.81601076719164,7200217.307499446,600018.1089582872,8380.6,93.53348214285714,145594.4025042682,1624.9375279494218,89.6,1.5062676334096616,70.80373071140818,75.0,53,2.244278482505244,0.8370535714285714,70.80373071140816,100.0,10.6,0.8833333333333333,2.5647441100641264,0.0,12,100.0,1.0,0.0,100.0,1.0,0.0,100.0,1.0,0.0,100.0,1.0,0.0,100.0,1.0,0.0,100.0,1.0,0.0,100.0,1.0,0.0,3.939247524269831,0.2,6.821948606647969,100.0,1.0,0.0,14.021148981009901,0.8,7.541522404333895,14.150783427485294,1.0,8.152649156004058,17.533588604133,0.6,8.260809153783594
143,actuated,4,4,1443.7817684403312,206.25453834861875,5141142.910268095,428428.57585567463,7610.6,85.32062780269058,145365.63267243633,1629.6595591080306,89.2,1.2283019308737309,72.12498557386064,73.0,46,1.8887900111379172,0.8183856502242153,72.12498557386066,100.0,9.199999999999998,0.7666666666666665,2.144487182710625,0.0,12,100.0,1.0,0.0,100.0,1.0,0.0,100.0,1.0,0.0,100.0,1.0,0.0,100.0,1.0,0.0,100.0,1.0,0.0,100.0,1.0,0.0,100.0,1.0,0.0,40.0,0.6,0.0,2.9370544400217113,0.2,8.000323925260455,11.474651486864786,0.2,8.714861633442338,11.088120959441312,0.2,9.018660633824707
144,actuated,4,4,756.6414271596152,102.2488415080561,4107375.4423058084,342281.2868588174,6716.6,74.6288888888889,147806.42604204375,1642.2936226893748,90.0,1.4105924333820083,74.09963579230273,71.2,50,1.8750373206962367,0.7911111111111111,74.09963579230275,100.0,10.0,0.8333333333333334,1.5144216644041055,0.0,12,100.0,1.0,0.0,100.0,1.0,0.0,100.0,1.0,0.0,100.0,1.0,0.0,100.0,1.0,0.0,100.0,1.0,0.0,100.0,1.0,0.0,100.0,1.0,0.0,81.93853103856327,1.0,1.658300896911654,0.0,0.2,0.0,4.737187705841279,0.4,8.511371893528848,2.5199107632283813,0.4,8.003387182408764
145,actuated,4,4,800.3435132621953,121.26416867609021,5785378.007622848,482114.8339685707,6245.0,68.32603938730854,149289.98988844498,1633.3696924337526,91.4,1.4406450287597843,77.79541144556846,73.4,50,1.9333324377706371,0.8030634573304157,77.79541144556845,100.0,10.0,0.8333333333333334,2.1983845567812783,0.0,12,100.0,1.0,0.0,100.0,1.0,0.0,100.0,1.0,0.0,100.0,1.0,0.0,100.0,1.0,0.0,100.0,1.0,0.0,100.0,1.0,0.0,100.0,1.0,0.0,100.0,1.0,0.0,15.037738298312888,0.4,8.458382017184459,11.36839929539974,0.2,8.796313130949343,7.138799753108742,0.4,9.125919533241541
146,actuated,4,4,828.0850842205724,159.2471315808793,6032350.48346374,502695.87362197833,6625.0,71.54427645788337,147744.8332228756,1595.516557482458,92.6,1.2129319048080354,76.12829745878834,79.4,49,1.9631223513232419,0.857451403887689,76.12829745878837,100.0,9.799999999999999,0.8166666666666665,1.3963983494353702,0.0,12,100.0,1.0,0.0,100.0,1.0,0.0,100.0,1.0,0.0,100.0,1.0,0.0,100.0,1.0,0.0,100.0,1.0,0.0,100.0,1.0,0.0,100.0,1.0,0.0,100.0,1.0,0.0,0.0,0.2,0.0,2.0447204469132885,0.4,8.057231422234326,11.49484905854706,0.2,8.699548770990118
147,actuated,4,4,139.6446532248821,34.91116330622052,6908516.630002211,575709.7191668509,7028.8,75.57849462365591,150672.7634665679,1620.137241575999,93.0,1.2439997584954539,76.10682649406384,82.2,50,1.9838013810670647,0.8838709677419355,76.10682649406385,100.0,10.0,0.8333333333333334,2.0725178858946216,0.0,12,100.0,1.0,0.0,100.0,1.0,0.0,100.0,1.0,0.0,100.0,1.0,0.0,100.0,1.0,0.0,100.0,1.0,0.0,100.0,1.0,0.0,100.0,1.0,0.0,100.0,1.0,0.0,8.631993586816407,0.4,8.26885131202922,2.938946847962143,0.4,8.284896602667867,1.7109774939876843,0.2,8.316466716038374
148,actuated,4,4,378.4380157883387,99.58895152324703,9462247.060824752,788520.5884020627,7438.6,78.96602972399151,152915.2856092448,1623.3045181448495,94.2,1.251954478251388,76.89986375070096,83.4,50,2.095884664212514,0.8853503184713376,76.89986375070096,100.0,10.0,0.8333333333333334,2.1417779162386936,0.0,12,100.0,1.0,0.0,100.0,1.0,0.0,100.0,1.0,0.0,100.0,1.0,0.0,100.0,1.0,0.0,100.0,1.0,0.0,100.0,1.0,0.0,100.0,1.0,0.0,100.0,1.0,0.0,3.038270524177733,0.4,8.178543414568592,11.448404249974828,0.2,8.73484180122482,8.311690234259004,0.4,8.787949779070914
149,actuated,4,4,632.3571419942452,126.47142839884904,9716346.024436802,809695.5020364001,7853.0,83.72068230277185,152268.3789159864,1623.3302656288529,93.8,1.340936612529189,76.2862324614347,83.4,51,2.2264694417134487,0.8891257995735607,76.28623246143472,100.0,10.200000000000001,0.8500000000000001,2.112486354564316,0.0,12,100.0,1.0,0.0,100.0,1.0,0.0,100.0,1.0,0.0,100.0,1.0,0.0,100.0,1.0,0.0,100.0,1.0,0.0,100.0,1.0,0.0,100.0,1.0,0.0,100.0,1.0,0.0,10.063695611725052,0.4,8.257034307904542,4.5285189041737794,0.4,8.681398637220262,0.8425750213177707,0.4,8.411403309646994
150,actuated,4,4,193.79865703378022,46.14253738899529,7018010.022787916,584834.1685656597,8268.2,88.52462526766595,149952.31351951667,1605.4851554552104,93.4,1.4187344131144812,76.91947281346795,83.8,48,2.383326492664062,0.8972162740899358,76.91947281346795,100.0,9.599999999999998,0.7999999999999998,1.4471566691839766,0.0,12,100.0,1.0,0.0,100.0,1.0,0.0,100.0,1.0,0.0,100.0,1.0,0.0,100.0,1.0,0.0,100.0,1.0,0.0,100.0,1.0,0.0,100.0,1.0,0.0,100.0,1.0,0.0,11.514591898439903,0.2,8.684632584638008,11.519081863175415,0.2,8.681247445569714,0.0,0.2,0.0
151,actuated,4,4,212.67145189448735,55.966171551180885,8447267.843231812,703938.9869359843,8689.0,93.22961373390558,148152.46415699125,1589.6187141308073,93.2,1.5192729086751657,76.66124390348273,85.4,50,3.1171385841217547,0.9163090128755365,76.66124390348273,100.0,10.0,0.8333333333333334,2.0700877344229145,0.0,12,100.0,1.0,0.0,100.0,1.0,0.0,100.0,1.0,0.0,100.0,1.0,0.0,100.0,1.0,0.0,100.0,1.0,0.0,100.0,1.0,0.0,100.0,1.0,0.0,100.0,1.0,0.0,0.4496569828711472,0.4,8.090178334154189,11.338689263916422,0.2,8.819361539277217,8.146580595005162,0.4,7.931512939643566
152,actuated,4,4,436.25020749788945,109.06255187447236,7800950.633891007,650079.2194909173,9115.4,95.75,148907.61993709448,1564.1556716081354,95.2,0.8753290857591893,76.89479730836108,86.2,47,1.5581512886705833,0.9054621848739496,76.89479730836108,100.0,9.399999999999999,0.7833333333333332,1.4660465556249491,0.0,12,100.0,1.0,0.0,100.0,1.0,0.0,100.0,1.0,0.0,100.0,1.0,0.0,100.0,1.0,0.0,100.0,1.0,0.0,100.0,1.0,0.0,100.0,1.0,0.0,100.0,1.0,0.0,11.306531674472353,0.2,8.844445217959976,11.431036025860521,0.2,8.748113449539414,0.0,0.0,0.0
153,actuated,4,4,507.1773916983717,115.2675890223572,7018514.357233177,584876.1964360981,9552.4,96.88032454361054,154779.1997055996,1569.7687596916794,98.6,0.9104650787786915,75.55175536368743,89.4,48,1.561238215400244,0.9066937119675457,75.5517553636874,100.0,9.6,0.7999999999999999,1.2712507144613914,0.0,12,100.0,1.0,0.0,100.0,1.0,0.0,100.0,1.0,0.0,100.0,1.0,0.0,100.0,1.0,0.0,100.0,1.0,0.0,100.0,1.0,0.0,100.0,1.0,0.0,100.0,1.0,0.0,2.507838916114906,0.4,8.24887317372486,4.113225448134017,0.2,7.006135399811837,0.0,0.0,0.0
154,actuated,4,4,391.12197785251385,78.22439557050276,7000391.121977854,583365.9268314878,10003.6,99.2420634920635,158324.29288318212,1570.6775087617273,100.8,1.1156461173769563,91.1311026289718,91.6,56,2.11781325440601,0.9087301587301587,91.1311026289718,100.0,11.2,0.9333333333333332,1.3175441085325914,0.0,12,100.0,1.0,0.0,100.0,1.0,0.0,100.0,1.0,0.0,100.0,1.0,0.0,100.0,1.0,0.0,100.0,1.0,0.0,100.0,1.0,0.0,100.0,1.0,0.0,100.0,1.0,0.0,81.98648035224096,1.0,7.179982368793172,100.0,1.0,0.0,11.586751195420675,0.2,8.630546933597925
155,actuated,1,4,1192.0733187195701,205.52988253785693,5005972.73835527,417164.39486293914,8515.8,84.9880239520958,156899.45338465617,1565.8628082301013,100.2,0.6360319395624917,78.33333333333333,83.4,51,1.1683634558306488,0.8323353293413174,78.33333333333333,100.0,10.2,0.85,0.0,0.0,12,100.0,1.0,0.0,100.0,1.0,0.0,100.0,1.0,0.0,60.0,0.8,0.0,60.0,0.8,0.0,100.0,1.0,0.0,60.0,0.8,0.0,60.0,0.8,0.0,100.0,1.0,0.0,100.0,1.0,0.0,100.0,1.0,0.0,0.0,0.0,0.0
156,actuated,1,1,667.2407851025758,104.25637267227746,5069934.173912133,422494.51449267776,6921.6,70.34146341463415,162505.68632454547,1651.4805520787143,98.4,0.6982276268949117,67.93304158312158,72.2,47,0.8269420159699646,0.733739837398374,67.93304158312158,100.0,9.399999999999999,0.7833333333333333,0.6351879423735353,0.0,12,100.0,1.0,0.0,100.0,1.0,0.0,100.0,1.0,0.0,25.932103405089038,0.6,1.8720368934950093,31.5270081022436,0.6,2.0196477601533007,100.0,1.0,0.0,33.9671692579941,0.6,2.037522770780648,23.770218232132265,0.6,1.693047884053465,100.0,1.0,0.0,100.0,1.0,0.0,100.0,1.0,0.0,0.0,0.0,0.0
157,actuated,1,1,872.0985481720675,109.01231852150843,4000872.0985481716,333406.00821234763,6499.8,68.41894736842106,159696.7409877378,1681.0183261867137,95.0,1.3369834793274982,69.45514258419676,67.6,52,1.5447950076392583,0.7115789473684211,69.45514258419678,100.0,10.399999999999999,0.8666666666666667,1.3418111489818922,0.0,12,100.0,1.0,0.0,100.0,1.0,0.0,100.0,1.0,0.0,40.00683509544615,0.8,3.9458025992616,16.231464640220565,0.8,3.922465592133361,100.0,1.0,0.0,34.929864447317414,0.8,4.420779772161712,42.29354682737721,1.0,3.8126858242260337,100.0,1.0,0.0,100.0,1.0,0.0,100.0,1.0,0.0,0.0,0.0,0.0
158,actuated,1,1,547.328992744088,78.1898561062983,5061205.020917263,421767.08507643855,6828.4,71.2776617954071,153546.50959138287,1602.7819372795705,95.8,1.3876269347586132,64.52909966241141,72.4,48,1.5980905083710624,0.755741127348643,64.52909966241141,100.0,9.6,0.7999999999999999,2.0177414419581745,0.0,12,100.0,1.0,0.0,100.0,1.0,0.0,100.0,1.0,0.0,14.591652433093714,0.8,5.019808372891058,33.50992194225455,0.8,5.831239508464925,100.0,1.0,0.0,16.725999871066506,0.4,5.596880112790351,9.521621702522225,0.6,7.76496930935176,100.0,1.0,0.0,100.0,1.0,0.0,100.0,1.0,0.0,0.0,0.0,0.0
159,actuated,1,1,1043.3747253067827,153.43745960393863,5001533.3035519635,416794.4419626636,7216.8,72.75,152003.80368082252,1532.2964080728075,99.2,0.8541871492193676,75.92876005421128,82.6,46,1.1390664774612693,0.8326612903225806,75.92876005421128,100.0,9.2,0.7666666666666666,0.7477113612882307,0.0,12,100.0,1.0,0.0,100.0,1.0,0.0,100.0,1.0,0.0,100.0,1.0,0.0,100.0,1.0,0.0,100.0,1.0,0.0,0.0,0.0,0.0,0.0,0.0,0.0,100.0,1.0,0.0,100.0,1.0,0.0,100.0,1.0,0.0,11.145120650535318,0.2,8.972536335458768
160,actuated,1,1,1170.150382923222,234.0300765846444,6329555.687207113,527462.9739339261,7660.4,74.37281553398059,158222.3259170232,1536.139086573041,103.0,0.4621585199130507,78.71380925224155,93.4,48,0.7838942748507378,0.9067961165048544,78.71380925224155,100.0,9.6,0.7999999999999999,0.5302460885999014,0.0,12,100.0,1.0,0.0,100.0,1.0,0.0,100.0,1.0,0.0,100.0,1.0,0.0,100.0,1.0,0.0,100.0,1.0,0.0,0.0,0.0,0.0,44.5657110268985,0.6,6.362953063198817,100.0,1.0,0.0,100.0,1.0,0.0,100.0,1.0,0.0,0.0,0.0,0.0
161,actuated,18,1,2115.1827579654887,352.5304596609148,4239292.495396451,353274.37461637094,6947.2,67.71150097465888,159150.49788056925,1551.1744432804019,102.6,0.18740285913407428,79.77112922387902,88.8,52,0.24336445284982164,0.8654970760233918,79.77112922387903,100.0,10.400000000000002,0.8666666666666668,0.34615310417813316,0.0,12,80.0,1.0,0.0,60.0,0.8,0.0,100.0,1.0,0.0,100.0,1.0,0.0,100.0,1.0,0.0,100.0,1.0,0.0,97.25355068654835,1.0,4.153837250137598,100.0,1.0,0.0,100.0,1.0,0.0,60.0,0.8,0.0,60.0,0.8,0.0,0.0,0.0,0.0
162,actuated,18,18,1833.9895351695795,218.33208752018803,4665677.852591832,388806.48771598603,5151.2,52.13765182186235,163049.12899569652,1650.2948278916651,98.8,0.5404690169387559,65.46432492673735,71.6,46,0.50500046299167,0.7246963562753036,65.46432492673735,100.0,9.2,0.7666666666666666,0.6708596588640864,0.0,12,39.13749322674221,0.6,2.092962354053022,29.179045918772317,0.6,1.9162248823902321,100.0,1.0,0.0,100.0,1.0,0.0,100.0,1.0,0.0,60.0,0.8,0.0,100.0,1.0,0.0,100.0,1.0,0.0,100.0,1.0,0.0,22.81012505518902,0.6,1.617200406345109,34.445234920144685,0.6,2.423928263580674,0.0,0.0,0.0
163,actuated,18,18,651.2823978000466,88.01113483784414,4972163.659267204,414346.9716056003,3862.4,41.08936170212766,162034.4588859569,1723.7708392123075,94.0,1.1601408023074353,62.766049246739236,56.6,51,1.1279800934972217,0.6021276595744681,62.766049246739236,100.0,10.2,0.85,1.4402309336861954,0.0,12,21.42514508908789,1.0,3.6362964035585685,15.903131757122537,0.8,3.704515286104682,100.0,1.0,0.0,100.0,1.0,0.0,100.0,1.0,0.0,70.24318498492448,0.8,2.124983521687053,100.0,1.0,0.0,100.0,1.0,0.0,100.0,1.0,0.0,24.08693558733603,1.0,3.725492870411845,21.534193542399862,0.6,4.091483122472194,0.0,0.0,0.0
164,actuated,18,18,380.1282274716866,59.39503554245103,5533621.002667172,461135.08355559764,3937.2,42.06410256410256,151647.82932434574,1620.1691167130955,93.6,1.2442820052705885,77.54566645715083,58.0,54,1.457367575838347,0.6196581196581197,77.54566645715083,100.0,10.8,0.9,2.5076711030836343,0.0,12,27.677412126829495,0.4,5.470556786332224,33.07739909191241,0.8,5.1273554494007385,100.0,1.0,0.0,100.0,1.0,0.0,100.0,1.0,0.0,100.0,1.0,0.0,100.0,1.0,0.0,100.0,1.0,0.0,100.0,1.0,0.0,68.57167609152839,0.8,5.866194538781922,20.871585727909405,0.8,5.494789311300501,80.3499244476302,1.0,8.133157151188227
165,actuated,18,18,503.56450127122196,93.25268542059665,7320300.053029485,610025.0044191238,4266.2,43.71106557377049,146731.09777757144,1503.3923952620023,97.6,0.6621304881573143,100.0,74.4,60,0.8425574502488224,0.7622950819672131,100.0,100.0,12.0,1.0,0.0,0.0,12,100.0,1.0,0.0,100.0,1.0,0.0,100.0,1.0,0.0,100.0,1.0,0.0,100.0,1.0,0.0,100.0,1.0,0.0,100.0,1.0,0.0,100.0,1.0,0.0,100.0,1.0,0.0,100.0,1.0,0.0,100.0,1.0,0.0,100.0,1.0,0.0
166,actuated,18,18,1293.9969316615188,215.6661552769198,5142318.591079462,428526.54925662186,4682.4,45.372093023255815,159095.44340360307,1541.622513600805,103.2,0.279604753427949,100.0,89.8,60,0.32747218331379974,0.8701550387596899,100.0,100.0,12.0,1.0,0.0,0.0,12,100.0,1.0,0.0,100.0,1.0,0.0,100.0,1.0,0.0,100.0,1.0,0.0,100.0,1.0,0.0,100.0,1.0,0.0,100.0,1.0,0.0,100.0,1.0,0.0,100.0,1.0,0.0,100.0,1.0,0.0,100.0,1.0,0.0,100.0,1.0,0.0
167,actuated,1,18,1765.4921828445506,259.63120335949276,5074193.282822792,422849.4402352327,4689.2,45.00191938579655,163549.4551884884,1569.5725066073744,104.2,0.3931016968933155,88.33333333333333,86.4,57,0.5934982615207224,0.8291746641074856,88.33333333333333,100.0,11.399999999999999,0.9500000000000001,0.0,0.0,12,100.0,1.0,0.0,100.0,1.0,0.0,100.0,1.0,0.0,60.0,0.8,0.0,80.0,1.0,0.0,100.0,1.0,0.0,60.0,0.8,0.0,60.0,0.8,0.0,100.0,1.0,0.0,100.0,1.0,0.0,100.0,1.0,0.0,100.0,1.0,0.0
168,actuated,1,1,2486.2736329220847,282.53109465023687,2207183.4194513587,183931.95162094655,4713.2,44.97328244274809,167759.2794342102,1600.7564831508607,104.8,0.7501598372432885,77.67040690932903,80.8,52,1.0865425947183145,0.7709923664122137,77.67040690932902,100.0,10.399999999999999,0.8666666666666667,0.6911068228717977,0.0,12,100.0,1.0,0.0,100.0,1.0,0.0,100.0,1.0,0.0,27.51826680336535,0.6,1.9242082687510405,37.21977041448781,0.6,2.223469874439092,100.0,1.0,0.0,29.687176518639262,0.6,1.7974947171508993,37.61966917545578,0.6,2.348109014120539,100.0,1.0,0.0,100.0,1.0,0.0,100.0,1.0,0.0,100.0,1.0,0.0
169,actuated,1,1,195.18656557934264,39.03731311586853,4112644.114668458,342720.34288903815,4896.2,49.657200811359026,160632.77316175975,1629.1356304438107,98.6,1.2942089893864934,74.06174730616233,79.6,54,1.808928785127325,0.8073022312373225,74.06174730616233,100.0,10.8,0.9,1.4644149157575683,0.0,12,100.0,1.0,0.0,100.0,1.0,0.0,100.0,1.0,0.0,36.228774187331965,1.0,3.685723335151215,20.085625014651214,0.8,4.304849233857173,100.0,1.0,0.0,11.0093105490796,0.4,6.309384009554976,21.417257922885256,0.6,3.273022410527458,100.0,1.0,0.0,100.0,1.0,0.0,100.0,1.0,0.0,100.0,1.0,0.0
170,actuated,1,1,149.4147716778148,35.57494563757495,14232360.921435174,1186030.0767862645,5285.8,55.40670859538784,152536.63321252458,1598.9164906973226,95.4,1.2528523437615895,70.54534520925738,80.8,48,2.0514832699710173,0.8469601677148847,70.54534520925738,100.0,9.6,0.7999999999999999,1.6322819694371393,0.0,12,100.0,1.0,0.0,100.0,1.0,0.0,100.0,1.0,0.0,37.126859493432676,0.8,5.862316244075579,8.43308339415671,0.6,5.324417324336631,100.0,1.0,0.0,0.9841996234990802,0.2,8.400650064833462,0.0,0.0,0.0,100.0,1.0,0.0,100.0,1.0,0.0,100.0,1.0,0.0,100.0,1.0,0.0
171,actuated,1,1,630.1411374053663,165.82661510667535,7070854.184761493,589237.8487301244,5705.4,57.86409736308316,149001.87852062305,1511.1752385458728,98.6,0.5155491594571389,83.33333333333333,87.8,51,1.0416978188886519,0.8904665314401623,83.33333333333333,100.0,10.2,0.85,0.0,0.0,12,100.0,1.0,0.0,100.0,1.0,0.0,100.0,1.0,0.0,100.0,1.0,0.0,100.0,1.0,0.0,100.0,1.0,0.0,0.0,0.2,0.0,0.0,0.0,0.0,100.0,1.0,0.0,100.0,1.0,0.0,100.0,1.0,0.0,100.0,1.0,0.0
172,actuated,1,1,539.6645201115268,149.9068111420908,7243153.8607624415,603596.1550635368,6165.4,61.16468253968254,155028.42522339305,1537.9804089622326,100.8,0.3777249318852963,83.33333333333333,94.6,50,0.7615210709272796,0.9384920634920635,83.33333333333333,100.0,10.0,0.8333333333333334,0.0,0.0,12,100.0,1.0,0.0,100.0,1.0,0.0,100.0,1.0,0.0,100.0,1.0,0.0,100.0,1.0,0.0,100.0,1.0,0.0,0.0,0.0,0.0,0.0,0.0,0.0,100.0,1.0,0.0,100.0,1.0,0.0,100.0,1.0,0.0,100.0,1.0,0.0
173,actuated,18,1,1626.5166884156872,225.9050956132899,3403774.507352122,283647.87561267684,6129.0,61.536144578313255,158362.32331841628,1589.983165847553,99.6,0.7122194028823352,70.72663563667258,85.4,48,1.1893659402580137,0.857429718875502,70.72663563667258,100.0,9.6,0.7999999999999999,0.7134579912216092,0.0,12,60.0,0.8,0.0,60.0,0.8,0.0,100.0,1.0,0.0,100.0,1.0,0.0,100.0,1.0,0.0,100.0,1.0,0.0,8.71962764007094,0.4,8.561495894659311,0.0,0.0,0.0,100.0,1.0,0.0,60.0,0.8,0.0,60.0,0.8,0.0,100.0,1.0,0.0
174,actuated,18,18,1266.6670724288247,140.74078582542495,3001266.667072429,250105.55558936906,5809.6,60.1407867494824,158424.57031105025,1640.0059038411,96.6,0.7775615579030585,61.12256909231121,69.2,43,0.9201152574305292,0.7163561076604554,61.12256909231121,100.0,8.6,0.7166666666666667,1.381709323939085,0.0,12,32.81278153449193,0.6,1.9814967045560443,30.4157911987204,0.6,2.0887355027776526,100.0,1.0,0.0,100.0,1.0,0.0,100.0,1.0,0.0,100.0,1.0,0.0,0.0,0.0,0.0,11.35246013055621,0.2,8.808663395420401,100.0,1.0,0.0,33.206562123041294,0.6,1.7598901171739059,25.68323412092468,0.6,1.9417261673410118,100.0,1.0,0.0
175,actuated,18,18,1093.217684086814,147.73211947119106,4755250.318748264,396270.85989568866,5676.0,61.96506550218341,155861.4880464223,1701.5446293277544,91.6,0.995836032641907,55.892679538666435,60.0,45,1.085598340849465,0.6550218340611353,55.892679538666435,100.0,9.0,0.75,1.3660136983030604,0.0,12,25.545643196180663,0.6,4.235331969294975,16.963355688753836,0.8,4.1435971766734525,100.0,1.0,0.0,100.0,1.0,0.0,100.0,1.0,0.0,100.0,1.0,0.0,0.0,0.0,0.0,0.0,0.0,0.0,100.0,1.0,0.0,13.04380781290547,0.8,3.9687441299072326,15.159347766157225,0.8,4.0444911037610645,100.0,1.0,0.0
176,actuated,18,18,144.1808125763385,28.8361625152677,6948548.0309864,579045.6692488667,5956.4,65.31140350877193,151665.38782408746,1662.9976735097307,91.2,1.3109952814793957,57.24090805165398,62.4,44,1.5962182064121666,0.6842105263157895,57.24090805165398,100.0,8.8,0.7333333333333334,1.723221936186117,0.0,12,15.629454406212062,0.8,4.981394801297707,16.406065856767782,0.6,4.796411666793824,100.0,1.0,0.0,100.0,1.0,0.0,100.0,1.0,0.0,100.0,1.0,0.0,0.0,0.0,0.0,0.0,0.0,0.0,100.0,1.0,0.0,18.99234489821083,0.6,5.091346708810917,35.86303145865713,0.8,5.8095100573309555,100.0,1.0,0.0
177,actuated,18,18,570.7921721885792,101.92717360510343,8282105.450964728,690175.4542470607,6295.2,65.575,144207.94835644288,1502.1661287129466,96.0,0.7259346475148184,91.45367419629356,73.6,56,0.8953561035231488,0.7666666666666667,91.45367419629356,100.0,11.399999999999999,0.9500000000000001,0.3755845379684786,0.0,12,100.0,1.0,0.0,100.0,1.0,0.0,100.0,1.0,0.0,100.0,1.0,0.0,100.0,1.0,0.0,100.0,1.0,0.0,37.4440903555228,0.8,4.486155911967822,60.0,0.6,0.020858543653921608,100.0,1.0,0.0,100.0,1.0,0.0,100.0,1.0,0.0,100.0,1.0,0.0
178,actuated,18,18,1171.710229261322,162.73753184185026,4801171.71022926,400097.642519105,6693.6,66.27326732673268,156949.96668938754,1553.96006623156,101.0,0.5131220892155676,93.16077003287337,86.6,56,0.6438652659624522,0.8574257425742574,93.16077003287337,100.0,11.2,0.9333333333333332,0.33551039764150953,0.0,12,100.0,1.0,0.0,100.0,1.0,0.0,100.0,1.0,0.0,100.0,1.0,0.0,100.0,1.0,0.0,100.0,1.0,0.0,17.92924039448053,0.2,4.026124771698115,100.0,1.0,0.0,100.0,1.0,0.0,100.0,1.0,0.0,100.0,1.0,0.0,100.0,1.0,0.0
179,actuated,13,18,2080.9886320458636,226.19441652672432,2003480.221463884,166956.68512199033,6588.4,64.46575342465754,161107.8981886199,1576.3982210236782,102.2,0.46645088910238247,88.33333333333333,83.2,57,0.5007826480693242,0.8140900195694716,88.33333333333333,100.0,11.399999999999999,0.9500000000000001,0.0,0.0,12,100.0,1.0,0.0,100.0,1.0,0.0,100.0,1.0,0.0,80.0,1.0,0.0,60.0,0.8,0.0,60.0,0.8,0.0,60.0,0.8,0.0,100.0,1.0,0.0,100.0,1.0,0.0,100.0,1.0,0.0,100.0,1.0,0.0,100.0,1.0,0.0
180,actuated,13,13,1891.423168514507,219.93292657145432,2802466.5157422097,233538.87631185082,6317.0,62.918326693227094,159855.6141123948,1592.1873915577173,100.4,0.5988088002620413,73.02127549146235,76.8,49,0.6511540257983389,0.7649402390438247,73.02127549146235,100.0,9.8,0.8166666666666668,0.40954380729040074,0.0,12,100.0,1.0,0.0,100.0,1.0,0.0,100.0,1.0,0.0,24.125771112328493,0.6,1.668930232624904,29.704975490176366,0.6,1.7705860343735897,22.42455929504331,0.6,1.4750094204863151,0.0,0.0,0.0,100.0,1.0,0.0,100.0,1.0,0.0,100.0,1.0,0.0,100.0,1.0,0.0,100.0,1.0,0.0
181,actuated,13,13,1216.5781997017377,196.22229027447383,4897024.674335863,408085.3895279886,6319.4,64.48367346938775,159913.1416675828,1631.7667517100285,98.0,0.814400296763342,77.80951156319874,73.2,54,1.1476642073182717,0.746938775510204,77.80951156319873,100.0,10.799999999999999,0.9,1.1470773848171076,0.0,12,100.0,1.0,0.0,100.0,1.0,0.0,100.0,1.0,0.0,41.14266229531495,0.8,3.654182145433677,16.838053808312452,0.8,4.041902317150711,29.226699091270802,0.6,4.244250301670306,46.5067235634865,0.6,1.8245938535505979,100.0,1.0,0.0,100.0,1.0,0.0,100.0,1.0,0.0,100.0,1.0,0.0,100.0,1.0,0.0
182,actuated,13,13,779.561603805045,149.91569303943174,5702339.519333988,475194.959944499,6306.8,66.66807610993658,157201.13874856726,1661.745652733269,94.6,1.1929520594759095,77.3412210074279,75.2,56,1.936637078009858,0.7949260042283298,77.3412210074279,100.0,11.2,0.9333333333333332,1.416167407221086,0.0,12,100.0,1.0,0.0,100.0,1.0,0.0,100.0,1.0,0.0,0.8926558144094088,0.6,5.404858700164531,16.081656665378432,0.8,6.0831163572818765,11.120339609346956,0.8,5.506033829206624,100.0,1.0,0.0,100.0,1.0,0.0,100.0,1.0,0.0,100.0,1.0,0.0,100.0,1.0,0.0,100.0,1.0,0.0
183,actuated,13,13,970.1106715662393,161.68511192770654,8825808.014439043,735484.0012032535,5240.8,56.84164859002169,154074.6771879311,1671.0919434699688,92.2,1.7276979717200502,72.97283276289932,73.0,53,2.8658249669847966,0.7917570498915402,72.97283276289932,100.0,10.600000000000001,0.8833333333333333,1.8720782610807223,0.0,12,100.0,1.0,0.0,100.0,1.0,0.0,24.63471926029797,0.6,1.7971384416201905,28.91092015961476,0.8,7.0294484931322705,3.8799714302763277,0.4,6.685823440359409,18.24838230460273,0.8,6.952528757856795,100.0,1.0,0.0,100.0,1.0,0.0,100.0,1.0,0.0,100.0,1.0,0.0,100.0,1.0,0.0,100.0,1.0,0.0
184,actuated,13,13,601.5222249291676,100.25370415486127,7079127.562650561,589927.2968875468,4469.2,50.328828828828826,142089.6789674493,1600.1089973811859,88.8,1.4423762088810674,78.8911968599075,72.4,50,2.651214715832599,0.8153153153153153,78.8911968599075,100.0,10.0,0.8333333333333334,1.3858343364309176,0.0,12,100.0,1.0,0.0,100.0,1.0,0.0,100.0,1.0,0.0,22.875396293457015,0.6,8.636453578924415,0.0,0.0,0.0,23.81896602543293,0.4,7.993558458246595,100.0,1.0,0.0,100.0,1.0,0.0,100.0,1.0,0.0,100.0,1.0,0.0,100.0,1.0,0.0,100.0,1.0,0.0
185,actuated,13,13,539.9637067193236,96.4220904855935,6003546.273634603,500295.5228028836,4482.2,51.0501138952164,137060.9781135752,1561.0589762366196,87.8,1.2819677423675153,75.15300875016919,76.0,48,1.996841024787359,0.8656036446469249,75.15300875016919,100.0,9.6,0.7999999999999999,0.6919367117031167,0.0,12,100.0,1.0,0.0,100.0,1.0,0.0,100.0,1.0,0.0,0.0,0.2,0.0,0.0,0.0,0.0,1.8361050020303082,0.4,8.3032405404374,100.0,1.0,0.0,100.0,1.0,0.0,100.0,1.0,0.0,100.0,1.0,0.0,100.0,1.0,0.0,100.0,1.0,0.0
186,actuated,13,13,645.9301037772492,161.4825259443123,8309577.910412094,692464.8258676744,4874.8,55.1447963800905,139228.97435859355,1574.9883977216466,88.4,1.3379232796116907,75.88217003960115,81.0,47,2.3705138251752897,0.916289592760181,75.88217003960115,100.0,9.4,0.7833333333333333,0.7872002145509454,0.0,12,100.0,1.0,0.0,100.0,1.0,0.0,100.0,1.0,0.0,10.58604047521385,0.2,9.446402574611344,0.0,0.0,0.0,0.0,0.2,0.0,100.0,1.0,0.0,100.0,1.0,0.0,100.0,1.0,0.0,100.0,1.0,0.0,100.0,1.0,0.0,100.0,1.0,0.0
187,actuated,13,13,420.9226506943363,84.18453013886726,8594982.64754506,716248.5539620883,5283.0,60.03409090909091,139699.71367137757,1587.4967462656543,88.0,1.9124964911847508,76.27480678199731,82.0,48,3.455616833584046,0.9318181818181818,76.27480678199731,100.0,9.6,0.7999999999999999,1.3990092885475824,0.0,12,100.0,1.0,0.0,100.0,1.0,0.0,100.0,1.0,0.0,11.674306765880829,0.2,8.565819110755138,3.6233746180869275,0.4,8.222292351815849,0.0,0.0,0.0,100.0,1.0,0.0,100.0,1.0,0.0,100.0,1.0,0.0,100.0,1.0,0.0,100.0,1.0,0.0,100.0,1.0,0.0
188,actuated,13,13,214.83631379832067,42.96726275966414,9204773.78064977,767064.4817208141,5693.0,65.4367816091954,136869.37885941763,1573.211251257674,87.0,2.769154817824311,76.33311112357774,82.2,48,4.740727839101753,0.9448275862068966,76.33311112357774,100.0,9.6,0.7999999999999999,1.4359358596307306,0.0,12,100.0,1.0,0.0,100.0,1.0,0.0,100.0,1.0,0.0,11.762390956459967,0.2,8.501672863124778,0.0,0.0,0.0,4.234942526472878,0.4,8.729557452443986,100.0,1.0,0.0,100.0,1.0,0.0,100.0,1.0,0.0,100.0,1.0,0.0,100.0,1.0,0.0,100.0,1.0,0.0
189,actuated,13,13,338.2403419729639,80.53341475546759,12779358.858440366,1064946.5715366972,6106.2,70.34792626728111,133363.0873749351,1536.4410987895747,86.8,2.712308144405356,75.62589331286858,84.0,47,5.1111533880777715,0.967741935483871,75.62589331286858,100.0,9.4,0.7833333333333333,0.7032245027444635,0.0,12,100.0,1.0,0.0,100.0,1.0,0.0,100.0,1.0,0.0,7.5107197544230075,0.4,8.438694032933562,0.0,0.0,0.0,0.0,0.0,0.0,100.0,1.0,0.0,100.0,1.0,0.0,100.0,1.0,0.0,100.0,1.0,0.0,100.0,1.0,0.0,100.0,1.0,0.0
190,actuated,13,13,457.6381343869143,104.00866690611689,6877025.439923629,573085.4533269691,6526.6,74.1659090909091,135510.02497103793,1539.8866473981582,88.0,1.548536092223164,75.0,84.4,45,3.814289618999094,0.9590909090909091,75.0,100.0,9.0,0.75,0.0,0.0,12,100.0,1.0,0.0,100.0,1.0,0.0,100.0,1.0,0.0,0.0,0.0,0.0,0.0,0.0,0.0,0.0,0.0,0.0,100.0,1.0,0.0,100.0,1.0,0.0,100.0,1.0,0.0,100.0,1.0,0.0,100.0,1.0,0.0,100.0,1.0,0.0
191,actuated,13,13,600.4449510116426,130.53151108948754,6884287.56359009,573690.6302991741,6951.6,77.58482142857143,138641.90088395152,1547.3426437941016,89.6,2.030508975089808,75.0,85.8,45,4.0261266762790235,0.9575892857142857,75.0,100.0,9.0,0.75,0.0,0.0,12,100.0,1.0,0.0,100.0,1.0,0.0,100.0,1.0,0.0,0.0,0.0,0.0,0.0,0.0,0.0,0.0,0.0,0.0,100.0,1.0,0.0,100.0,1.0,0.0,100.0,1.0,0.0,100.0,1.0,0.0,100.0,1.0,0.0,100.0,1.0,0.0
192,actuated,13,13,354.95458002280066,70.99091600456013,11958874.591984747,996572.8826653956,7381.0,81.10989010989012,144049.311245806,1582.9594642396262,91.0,2.357389905766371,76.6106097172955,86.2,48,4.310248303161246,0.9472527472527472,76.6106097172955,100.0,9.6,0.7999999999999999,1.4858713554605565,0.0,12,100.0,1.0,0.0,100.0,1.0,0.0,100.0,1.0,0.0,8.307220966021305,0.4,8.756124857440588,11.020095641524676,0.2,9.07433140808609,0.0,0.0,0.0,100.0,1.0,0.0,100.0,1.0,0.0,100.0,1.0,0.0,100.0,1.0,0.0,100.0,1.0,0.0,100.0,1.0,0.0
193,actuated,13,13,975.1018885155281,195.02037770310562,9357460.902131092,779788.4085109243,7811.4,85.27729257641921,140777.99968007128,1536.8777257649704,91.6,1.7187394610662907,75.0,87.0,45,3.89674813077489,0.9497816593886463,75.0,100.0,9.0,0.75,0.0,0.0,12,100.0,1.0,0.0,100.0,1.0,0.0,100.0,1.0,0.0,0.0,0.0,0.0,0.0,0.0,0.0,0.0,0.0,0.0,100.0,1.0,0.0,100.0,1.0,0.0,100.0,1.0,0.0,100.0,1.0,0.0,100.0,1.0,0.0,100.0,1.0,0.0
194,actuated,13,13,718.3367573029267,138.14168409671666,6229925.02414088,519160.4186784067,8245.2,89.04103671706264,143699.32399537318,1551.8285528658012,92.6,1.564972864886666,75.9241389363558,87.4,46,3.2713901121320377,0.9438444924406048,75.9241389363558,100.0,9.2,0.7666666666666666,0.7514502604801799,0.0,12,100.0,1.0,0.0,100.0,1.0,0.0,100.0,1.0,0.0,11.089667236269634,0.2,9.01740312576216,0.0,0.0,0.0,0.0,0.0,0.0,100.0,1.0,0.0,100.0,1.0,0.0,100.0,1.0,0.0,100.0,1.0,0.0,100.0,1.0,0.0,100.0,1.0,0.0
195,actuated,13,13,347.4881545234619,108.59004828858184,9187550.859689914,765629.2383074928,8688.2,93.22103004291846,142550.9726329741,1529.5168737443573,93.2,1.0660184858528774,75.25819969565153,90.0,46,2.27449342563263,0.9656652360515021,75.25819969565153,100.0,9.2,0.7666666666666666,0.6676394837520393,0.0,12,100.0,1.0,0.0,100.0,1.0,0.0,100.0,1.0,0.0,0.0,0.0,0.0,0.0,0.0,0.0,3.0983963478183796,0.2,8.011673805024472,100.0,1.0,0.0,100.0,1.0,0.0,100.0,1.0,0.0,100.0,1.0,0.0,100.0,1.0,0.0,100.0,1.0,0.0
196,actuated,13,13,366.3752312681571,130.84829688148469,10063462.522933805,838621.8769111504,9142.6,97.0552016985138,144555.91141140592,1534.563815407706,94.2,0.9266352503338943,75.0,91.6,46,2.2715517949392185,0.9723991507430998,75.0,100.0,9.2,0.7666666666666666,0.0,0.0,12,100.0,1.0,0.0,100.0,1.0,0.0,100.0,1.0,0.0,0.0,0.0,0.0,0.0,0.0,0.0,0.0,0.2,0.0,100.0,1.0,0.0,100.0,1.0,0.0,100.0,1.0,0.0,100.0,1.0,0.0,100.0,1.0,0.0,100.0,1.0,0.0
197,actuated,17,13,1040.0919229647802,226.10693977495225,5044483.279622884,420373.6066352403,8698.0,93.52688172043011,145910.15700615497,1568.9264194210214,93.0,0.754422935132879,65.86603456690038,83.6,43,1.9499108916985237,0.8989247311827957,65.86603456690038,100.0,8.600000000000001,0.7166666666666668,0.8018668895976399,0.0,12,60.0,0.8,0.0,60.0,0.8,0.0,100.0,1.0,0.0,0.0,0.0,0.0,10.392414802804524,0.2,9.622402675171678,0.0,0.0,0.0,100.0,1.0,0.0,100.0,1.0,0.0,100.0,1.0,0.0,60.0,0.8,0.0,100.0,1.0,0.0,100.0,1.0,0.0
198,actuated,17,17,568.5180372712609,101.52107808415374,5450645.536738707,454220.46139489225,7765.0,84.58605664488017,146570.21378216927,1596.6254224637175,91.8,0.5967926485177866,61.65224178730796,72.4,42,0.892412809023778,0.7886710239651417,61.65224178730796,100.0,8.399999999999999,0.6999999999999998,1.2043683036417958,0.0,12,34.770496464088865,0.6,2.145744758567968,30.785882738709915,0.6,2.0492930432378778,100.0,1.0,0.0,0.9102033892031614,0.4,8.240401162952184,0.0,0.0,0.0,0.0,0.0,0.0,100.0,1.0,0.0,100.0,1.0,0.0,100.0,1.0,0.0,73.36031885569355,0.8,2.01698067894352,100.0,1.0,0.0,100.0,1.0,0.0
199,actuated,17,17,1109.9925915267559,173.4363424260556,5433033.629246231,452752.80243718595,7208.6,79.21538461538462,148114.3247244722,1627.6299420271669,91.0,0.7792998695870692,62.74361114718431,67.6,43,1.043847998143907,0.7428571428571429,62.74361114718431,100.0,8.6,0.7166666666666667,0.6948040783390376,0.0,12,27.672927974476806,0.8,4.130610757956425,25.25040579173492,0.8,4.207038182112026,100.0,1.0,0.0,0.0,0.0,0.0,0.0,0.0,0.0,0.0,0.0,0.0,100.0,1.0,0.0,100.0,1.0,0.0,100.0,1.0,0.0,100.0,1.0,0.0,100.0,1.0,0.0,100.0,1.0,0.0
200,actuated,17,17,585.5075300391018,100.94957414467272,5009437.694473861,417453.14120615507,7486.6,83.0,148477.86617923022,1646.096077375058,90.2,1.1872004712295794,62.394524832555284,70.2,43,1.6378924163515998,0.7782705099778271,62.394524832555284,100.0,8.6,0.7166666666666667,1.6470263063274853,0.0,12,16.147916677846297,0.6,5.4066349169037995,25.694500851618614,0.6,6.033901809254946,100.0,1.0,0.0,0.0,0.0,0.0,0.0,0.0,0.0,6.891880461198525,0.4,8.323778949771075,100.0,1.0,0.0,100.0,1.0,0.0,100.0,1.0,0.0,100.0,1.0,0.0,100.0,1.0,0.0,100.0,1.0,0.0
201,actuated,17,17,936.0848762187961,161.3939441756545,5020218.651295977,418351.5542746647,7848.6,86.43832599118943,147801.20261872577,1627.7665486643807,90.8,1.1547688659787019,61.16135086950825,75.2,46,1.9287537394992973,0.8281938325991189,61.16135086950825,100.0,9.2,0.7666666666666666,1.8379158024588704,0.0,12,14.88704227089329,0.8,6.7548118837340905,15.045937510717522,1.0,6.970461579197847,100.0,1.0,0.0,0.0,0.0,0.0,4.003230652488128,0.4,8.329716166574508,0.0,0.0,0.0,100.0,1.0,0.0,100.0,1.0,0.0,100.0,1.0,0.0,100.0,1.0,0.0,100.0,1.0,0.0,100.0,1.0,0.0
202,actuated,17,17,405.85601863608497,88.22956926871413,8372114.172308738,697676.1810257282,8232.6,92.91873589164786,142974.68097889755,1613.7097175947804,88.6,1.0565420890845656,61.23855954120586,78.6,40,1.857885180514892,0.8871331828442438,61.23855954120586,100.0,8.0,0.6666666666666666,1.3562828019852464,0.0,12,19.77106149933661,0.6,8.159988157261493,15.0916529951337,0.4,8.115405466561464,100.0,1.0,0.0,0.0,0.0,0.0,0.0,0.0,0.0,0.0,0.0,0.0,100.0,1.0,0.0,100.0,1.0,0.0,100.0,1.0,0.0,100.0,1.0,0.0,100.0,1.0,0.0,100.0,1.0,0.0
203,actuated,17,17,119.75310154641355,29.938275386603387,8805936.121924613,733828.0101603844,8627.0,98.25740318906605,140853.73778073653,1604.2566945414183,87.8,1.1528230592116988,59.50097470608057,79.4,41,1.814085785563983,0.9043280182232346,59.50097470608057,100.0,8.2,0.6833333333333332,1.8892253711084972,0.0,12,4.390324573801081,0.6,8.692029645107686,3.3398934017714055,0.4,8.067607555926319,100.0,1.0,0.0,6.281478497394346,0.2,5.91106725226796,0.0,0.0,0.0,0.0,0.0,0.0,100.0,1.0,0.0,100.0,1.0,0.0,100.0,1.0,0.0,100.0,1.0,0.0,100.0,1.0,0.0,100.0,1.0,0.0
204,actuated,17,17,555.8169249826366,146.26761183753595,7028911.947298272,585742.662274856,8420.4,96.34324942791763,138299.85715598045,1582.3782283292958,87.4,0.9147461881119548,69.22075888140701,78.2,45,1.7385009182265885,0.8947368421052632,69.22075888140701,100.0,9.0,0.75,1.1590014059507185,0.0,12,0.0,0.0,0.0,3.0562184935433834,0.4,8.278856717515735,100.0,1.0,0.0,100.0,1.0,0.0,47.59288808334077,0.6,5.629160153892888,0.0,0.0,0.0,100.0,1.0,0.0,100.0,1.0,0.0,80.0,1.0,0.0,100.0,1.0,0.0,100.0,1.0,0.0,100.0,1.0,0.0
205,actuated,17,17,810.2516870134623,168.8024347944713,6312641.180261979,526053.4316884982,7490.2,84.53950338600451,141990.7347699083,1602.6042299086716,88.6,1.039660692295453,73.08561291423871,76.2,46,2.1276967799395003,0.8600451467268623,73.08561291423871,100.0,9.2,0.7666666666666666,1.6281784043467162,0.0,12,11.562788817136607,0.2,8.648432621358198,10.987018805326443,0.4,8.824206857569514,100.0,1.0,0.0,100.0,1.0,0.0,100.0,1.0,0.0,0.0,0.0,0.0,100.0,1.0,0.0,100.0,1.0,0.0,54.47754734840146,0.6,2.065501373232884,100.0,1.0,0.0,100.0,1.0,0.0,100.0,1.0,0.0
206,actuated,17,17,1195.9869810678451,192.9011259786847,5286678.760347604,440556.56336230034,6680.2,74.22444444444444,143475.17437474645,1594.1686041638493,90.0,1.297806590928308,77.50019911385418,76.6,49,2.4369138257246954,0.8511111111111112,77.50019911385418,100.0,9.8,0.8166666666666668,1.4410434741293479,0.0,12,18.684268210731716,0.4,8.457132968585626,11.318121155518384,0.4,8.835388720966549,100.0,1.0,0.0,100.0,1.0,0.0,100.0,1.0,0.0,0.0,0.0,0.0,100.0,1.0,0.0,100.0,1.0,0.0,100.0,1.0,0.0,100.0,1.0,0.0,100.0,1.0,0.0,100.0,1.0,0.0
207,actuated,17,17,879.598395111246,162.88859168726776,6606070.6961925,550505.891349375,6894.2,75.4288840262582,143037.39962442275,1564.960608582306,91.4,0.9517051936736954,75.59999407933599,80.8,47,1.7596345932753268,0.8840262582056893,75.59999407933599,100.0,9.4,0.7833333333333333,0.7123040988032397,0.0,12,7.199928952031769,0.4,8.547649185638877,0.0,0.0,0.0,100.0,1.0,0.0,100.0,1.0,0.0,100.0,1.0,0.0,0.0,0.0,0.0,100.0,1.0,0.0,100.0,1.0,0.0,100.0,1.0,0.0,100.0,1.0,0.0,100.0,1.0,0.0,100.0,1.0,0.0
208,actuated,17,17,691.7212832295794,182.031916639363,6881983.299808728,573498.6083173939,7307.2,79.08225108225108,143215.86213952684,1549.9552179602472,92.4,0.77676119553908,81.02576946624329,85.2,51,1.5310784842592224,0.922077922077922,81.02576946624329,100.0,10.2,0.85,1.1721965326447088,0.0,12,3.001274281937185,0.4,8.777943190466614,0.0,0.0,0.0,100.0,1.0,0.0,100.0,1.0,0.0,100.0,1.0,0.0,69.30795931298235,0.8,5.288415201269892,100.0,1.0,0.0,100.0,1.0,0.0,100.0,1.0,0.0,100.0,1.0,0.0,100.0,1.0,0.0,100.0,1.0,0.0
209,actuated,17,17,330.5676589675012,82.6419147418753,11196187.165444333,933015.597120361,7740.0,82.86937901498929,147565.20814448554,1579.9272820608733,93.4,1.0330848695917572,83.83597972323211,87.2,52,2.070673698499909,0.9336188436830836,83.83597972323211,100.0,10.4,0.8666666666666667,0.732346657748955,0.0,12,6.031756678785314,0.4,8.78815989298746,0.0,0.0,0.0,100.0,1.0,0.0,100.0,1.0,0.0,100.0,1.0,0.0,100.0,1.0,0.0,100.0,1.0,0.0,100.0,1.0,0.0,100.0,1.0,0.0,100.0,1.0,0.0,100.0,1.0,0.0,100.0,1.0,0.0
210,actuated,17,17,183.93707934705603,45.98426983676401,9007945.274628518,750662.1062190431,8175.0,86.41649048625793,150462.44889737715,1590.5121447925703,94.6,0.9198627946719451,85.09693563074318,87.6,53,1.613697328615331,0.9260042283298098,85.09693563074318,100.0,10.6,0.8833333333333333,1.4581146811058678,0.0,12,9.605980156534315,0.4,8.844796849507839,11.557247412383731,0.2,8.652579323762575,100.0,1.0,0.0,100.0,1.0,0.0,100.0,1.0,0.0,100.0,1.0,0.0,100.0,1.0,0.0,100.0,1.0,0.0,100.0,1.0,0.0,100.0,1.0,0.0,100.0,1.0,0.0,100.0,1.0,0.0
211,actuated,17,17,480.1927899813407,114.33161666222396,7232551.3937636195,602712.6161469683,8611.2,90.45378151260505,148770.99122635656,1562.720496075174,95.2,0.8836365914545417,83.33333333333333,88.2,51,1.6876956729419141,0.9264705882352942,83.33333333333333,100.0,10.2,0.85,0.0,0.0,12,0.0,0.2,0.0,0.0,0.0,0.0,100.0,1.0,0.0,100.0,1.0,0.0,100.0,1.0,0.0,100.0,1.0,0.0,100.0,1.0,0.0,100.0,1.0,0.0,100.0,1.0,0.0,100.0,1.0,0.0,100.0,1.0,0.0,100.0,1.0,0.0
212,actuated,17,17,332.38014847469697,83.09503711867424,8000332.380148475,666694.365012373,9055.6,94.32916666666667,150164.76348851007,1564.2162863386466,96.0,1.1349202581922033,85.25938533492611,89.6,52,2.273134608413908,0.9333333333333333,85.25938533492611,100.0,10.4,0.8666666666666667,1.4426488284253551,0.0,12,11.35551540526194,0.2,8.806293367684729,11.757108613851415,0.2,8.50549257341953,100.0,1.0,0.0,100.0,1.0,0.0,100.0,1.0,0.0,100.0,1.0,0.0,100.0,1.0,0.0,100.0,1.0,0.0,100.0,1.0,0.0,100.0,1.0,0.0,100.0,1.0,0.0,100.0,1.0,0.0
213,actuated,17,17,175.00192746774852,67.30843364144174,8099735.286152093,674977.9405126744,9507.8,98.01855670103093,148872.91958833736,1534.772366890076,97.0,0.5917387599191762,85.31667323446034,91.6,52,1.4387211142050575,0.9443298969072165,85.31667323446034,100.0,10.4,0.8666666666666667,0.5609838490972708,0.0,12,23.800078813524124,0.4,6.73180618916725,0.0,0.0,0.0,100.0,1.0,0.0,100.0,1.0,0.0,100.0,1.0,0.0,100.0,1.0,0.0,100.0,1.0,0.0,100.0,1.0,0.0,100.0,1.0,0.0,100.0,1.0,0.0,100.0,1.0,0.0,100.0,1.0,0.0
214,actuated,17,17,528.2745495060565,264.13727475302824,8700549.796151215,725045.8163459346,9975.2,100.15261044176707,152890.6867819943,1535.0470560441195,99.6,0.17797750125588846,91.66666666666667,95.2,55,0.524894868481159,0.9558232931726908,91.66666666666667,100.0,11.0,0.9166666666666666,0.0,0.0,12,100.0,1.0,0.0,0.0,0.0,0.0,100.0,1.0,0.0,100.0,1.0,0.0,100.0,1.0,0.0,100.0,1.0,0.0,100.0,1.0,0.0,100.0,1.0,0.0,100.0,1.0,0.0,100.0,1.0,0.0,100.0,1.0,0.0,100.0,1.0,0.0
215,actuated,0,17,815.7145666618867,156.86818589651668,6001956.30531622,500163.02544301836,8949.6,90.4,157571.25476046847,1591.628835964328,99.0,0.4650207703018771,81.66666666666667,86.8,52,0.7850513483213153,0.8767676767676768,81.66666666666667,100.0,10.399999999999999,0.8666666666666667,0.0,0.0,12,100.0,1.0,0.0,0.0,0.0,0.0,100.0,1.0,0.0,60.0,0.8,0.0,100.0,1.0,0.0,100.0,1.0,0.0,60.0,0.8,0.0,60.0,0.8,0.0,100.0,1.0,0.0,100.0,1.0,0.0,100.0,1.0,0.0,100.0,1.0,0.0
216,actuated,0,0,653.4358451530168,93.3479778790024,5000653.435845153,416721.1196537628,7021.2,73.90736842105264,154607.88611491997,1627.4514327886313,95.0,0.7900111244656267,70.65587830969169,71.0,49,0.8544623840371235,0.7473684210526316,70.65587830969169,100.0,9.799999999999999,0.8166666666666665,1.4181369358252465,0.0,12,100.0,1.0,0.0,12.411705558120047,0.2,8.056910432795235,100.0,1.0,0.0,28.748831809202784,0.6,1.8829067982804906,100.0,1.0,0.0,100.0,1.0,0.0,33.123725997916154,0.6,1.946987907265146,39.813381838980604,0.8,2.8226739458555854,100.0,1.0,0.0,100.0,1.0,0.0,100.0,1.0,0.0,33.77289451208071,0.6,2.3081641457065034
217,actuated,0,0,843.2533765031203,120.46476807187433,4603041.152737044,383586.76272808696,6281.6,66.68365180467092,152220.50728378404,1615.9289520571556,94.2,0.817757497963873,78.76192772085385,67.6,53,0.9770285366887104,0.7176220806794055,78.76192772085385,100.0,10.6,0.8833333333333333,1.012086178940035,0.0,12,100.0,1.0,0.0,0.0,0.0,0.0,100.0,1.0,0.0,89.08451689152116,1.0,3.4483726173711,100.0,1.0,0.0,100.0,1.0,0.0,24.057050686346884,0.8,4.0982134986886525,32.00156507237807,0.8,4.598448031220667,100.0,1.0,0.0,100.0,1.0,0.0,100.0,1.0,0.0,100.0,1.0,0.0
218,actuated,0,0,679.2254652679392,97.03220932399131,5000679.225465267,416723.2687887722,6438.0,68.78205128205128,154305.37012134277,1648.5616465955422,93.6,0.9860897792141053,85.49483557872388,71.0,57,1.3904051601087921,0.7585470085470085,85.49483557872388,100.0,11.399999999999999,0.9500000000000001,1.3546453677193016,0.0,12,100.0,1.0,0.0,94.0586760839733,1.0,4.5768045508144715,100.0,1.0,0.0,100.0,1.0,0.0,100.0,1.0,0.0,100.0,1.0,0.0,15.812939276038378,0.8,5.931255256979855,16.066411584674825,0.6,5.747684604837292,100.0,1.0,0.0,100.0,1.0,0.0,100.0,1.0,0.0,100.0,1.0,0.0
219,actuated,0,0,861.184224294802,159.47856005459295,5011973.527047187,417664.4605872656,6805.2,72.86081370449679,149991.89685722094,1605.9089599274191,93.4,1.0343354435880499,85.87279051950304,76.8,57,1.8584493996923723,0.8222698072805139,85.87279051950304,100.0,11.399999999999999,0.9500000000000001,1.1993591610579248,0.0,12,100.0,1.0,0.0,100.0,1.0,0.0,100.0,1.0,0.0,100.0,1.0,0.0,100.0,1.0,0.0,100.0,1.0,0.0,19.703691342128877,0.6,7.441743300887869,10.769794891907623,0.8,6.950566631807231,100.0,1.0,0.0,100.0,1.0,0.0,100.0,1.0,0.0,100.0,1.0,0.0
220,actuated,0,0,890.6414663673198,159.04311899416427,4899082.8012408065,408256.9001034005,7203.0,78.29347826086956,148769.20781232158,1617.0566066556694,92.0,1.1781194343798618,86.61759407667584,81.2,58,2.2315637494975107,0.8826086956521739,86.61759407667584,100.0,11.6,0.9666666666666667,1.3298125240114067,0.0,12,100.0,1.0,0.0,100.0,1.0,0.0,100.0,1.0,0.0,100.0,1.0,0.0,100.0,1.0,0.0,100.0,1.0,0.0,20.83932665643715,0.8,7.899687573579607,18.571802263672907,0.8,8.058062714557273,100.0,1.0,0.0,100.0,1.0,0.0,100.0,1.0,0.0,100.0,1.0,0.0
221,actuated,0,0,279.41574326341197,63.50357801441181,7790149.90966204,649179.1591385034,7608.6,84.35254988913526,142251.18702138768,1577.064157665052,90.2,1.230235544664347,83.83589617618554,81.8,54,2.394562800911385,0.9068736141906873,83.83589617618554,100.0,10.8,0.9,1.3906162605097563,0.0,12,100.0,1.0,0.0,100.0,1.0,0.0,100.0,1.0,0.0,100.0,1.0,0.0,100.0,1.0,0.0,100.0,1.0,0.0,1.7452206724829011,0.4,8.047597452811894,4.28553344174361,0.4,8.63979767330518,100.0,1.0,0.0,100.0,1.0,0.0,100.0,1.0,0.0,100.0,1.0,0.0
222,actuated,0,0,415.7417342492648,115.48381506924022,8590377.908344124,715864.8256953437,8024.2,89.15777777777778,140079.14428750682,1556.4349365278536,90.0,1.5930589039440632,84.21551731196094,84.8,51,3.9064958256113718,0.9422222222222222,84.21551731196094,100.0,10.2,0.85,0.6953508171485736,0.0,12,100.0,1.0,0.0,100.0,1.0,0.0,100.0,1.0,0.0,100.0,1.0,0.0,100.0,1.0,0.0,100.0,1.0,0.0,10.586207743531304,0.2,8.344209805782883,0.0,0.0,0.0,100.0,1.0,0.0,100.0,1.0,0.0,100.0,1.0,0.0,100.0,1.0,0.0
223,actuated,0,0,830.4838648390223,197.73425353310054,8252640.080948125,687720.0067456771,8449.6,92.64912280701755,142940.51535616588,1567.330212238661,91.2,1.6515305639336268,83.56060211345569,85.6,53,3.9564191886963282,0.9385964912280702,83.56060211345569,100.0,10.6,0.8833333333333333,0.7415069005264092,0.0,12,100.0,1.0,0.0,100.0,1.0,0.0,100.0,1.0,0.0,100.0,1.0,0.0,100.0,1.0,0.0,100.0,1.0,0.0,2.7272253614682995,0.6,8.89808280631691,0.0,0.0,0.0,100.0,1.0,0.0,100.0,1.0,0.0,100.0,1.0,0.0,100.0,1.0,0.0
224,actuated,0,0,757.9375872350209,157.90366400729604,8288913.39069483,690742.7825579025,8879.0,95.47311827956989,145099.35101062566,1560.2080753830717,93.0,1.693469144460329,84.30707722091181,86.8,51,3.92710072725356,0.9333333333333333,84.30707722091181,100.0,10.2,0.85,0.7131695030932684,0.0,12,100.0,1.0,0.0,100.0,1.0,0.0,100.0,1.0,0.0,100.0,1.0,0.0,100.0,1.0,0.0,100.0,1.0,0.0,11.684926650941634,0.2,8.55803403711922,0.0,0.0,0.0,100.0,1.0,0.0,100.0,1.0,0.0,100.0,1.0,0.0,100.0,1.0,0.0
225,actuated,0,0,1034.3039427661215,184.69713263680742,6165938.776838835,513828.2314032363,9312.2,99.06595744680851,146666.86900593733,1560.2858404886952,94.0,1.7985904811149385,84.173334685748,87.6,52,3.996313468196499,0.9319148936170213,84.173334685748,100.0,10.4,0.8666666666666667,0.6953445564230128,0.0,12,100.0,1.0,0.0,100.0,1.0,0.0,100.0,1.0,0.0,100.0,1.0,0.0,100.0,1.0,0.0,100.0,1.0,0.0,10.080016228976092,0.4,8.344134677076154,0.0,0.0,0.0,100.0,1.0,0.0,100.0,1.0,0.0,100.0,1.0,0.0,100.0,1.0,0.0
226,actuated,0,0,853.7994387731527,158.11100718021345,7815944.92548195,651328.7437901625,9755.2,102.90295358649789,147357.58289182297,1554.4048828251366,94.8,1.61754030303996,83.33333333333333,89.8,50,3.8534416739469575,0.9472573839662447,83.33333333333333,100.0,10.0,0.8333333333333334,0.0,0.0,12,100.0,1.0,0.0,100.0,1.0,0.0,100.0,1.0,0.0,100.0,1.0,0.0,100.0,1.0,0.0,100.0,1.0,0.0,0.0,0.0,0.0,0.0,0.0,0.0,100.0,1.0,0.0,100.0,1.0,0.0,100.0,1.0,0.0,100.0,1.0,0.0
227,actuated,0,0,453.54990930823976,119.35523929164205,8290866.340922108,690905.5284101757,10205.2,106.52609603340292,147282.06432507565,1537.391068111437,95.8,0.6805600712038238,84.34119155357507,90.6,51,1.5497215841315426,0.9457202505219207,84.34119155357507,100.0,10.2,0.85,0.6890298957703388,0.0,12,100.0,1.0,0.0,100.0,1.0,0.0,100.0,1.0,0.0,100.0,1.0,0.0,100.0,1.0,0.0,100.0,1.0,0.0,12.094298642900867,0.2,8.268358749244065,0.0,0.0,0.0,100.0,1.0,0.0,100.0,1.0,0.0,100.0,1.0,0.0,100.0,1.0,0.0
228,actuated,0,0,485.9526297256466,173.55451061630237,11425077.861305509,952089.8217754591,10665.0,111.09375,148477.69181639393,1546.642623087437,96.0,0.9740883109797734,83.33333333333333,93.0,50,2.2408554526403273,0.96875,83.33333333333333,100.0,10.0,0.8333333333333334,0.0,0.0,12,100.0,1.0,0.0,100.0,1.0,0.0,100.0,1.0,0.0,100.0,1.0,0.0,100.0,1.0,0.0,100.0,1.0,0.0,0.0,0.0,0.0,0.0,0.0,0.0,100.0,1.0,0.0,100.0,1.0,0.0,100.0,1.0,0.0,100.0,1.0,0.0
229,actuated,0,0,415.01265657830237,148.2188059208223,9613324.772911333,801110.397742611,11131.2,114.51851851851852,149985.4747374451,1543.0604396856493,97.2,0.9243618882700498,85.2294131050083,94.2,52,2.389578763210208,0.9691358024691358,85.2294131050083,100.0,10.4,0.8666666666666667,1.4652375557072095,0.0,12,100.0,1.0,0.0,100.0,1.0,0.0,100.0,1.0,0.0,100.0,1.0,0.0,100.0,1.0,0.0,100.0,1.0,0.0,11.235025248752208,0.2,8.90073656141594,11.517932011347511,0.2,8.682114107070575,100.0,1.0,0.0,100.0,1.0,0.0,100.0,1.0,0.0,100.0,1.0,0.0
230,actuated,0,0,940.8824097224635,235.22060243061588,7784848.405264566,648737.3671053805,11601.2,117.42105263157895,151804.3587623395,1536.4813639912907,98.8,0.5797185262047672,83.33333333333333,94.4,50,1.5627203540520793,0.9554655870445344,83.33333333333333,100.0,10.0,0.8333333333333334,0.0,0.0,12,100.0,1.0,0.0,100.0,1.0,0.0,100.0,1.0,0.0,100.0,1.0,0.0,100.0,1.0,0.0,100.0,1.0,0.0,0.0,0.0,0.0,0.0,0.0,0.0,100.0,1.0,0.0,100.0,1.0,0.0,100.0,1.0,0.0,100.0,1.0,0.0
231,actuated,0,0,451.80029764181984,112.95007441045496,8653661.873423902,721138.4894519919,12077.2,120.53093812375249,155245.2796023063,1549.3540878473684,100.2,1.3420747078891755,83.33333333333333,96.4,50,3.5573355119715395,0.9620758483033932,83.33333333333333,100.0,10.0,0.8333333333333334,0.0,0.0,12,100.0,1.0,0.0,100.0,1.0,0.0,100.0,1.0,0.0,100.0,1.0,0.0,100.0,1.0,0.0,100.0,1.0,0.0,0.0,0.0,0.0,0.0,0.0,0.0,100.0,1.0,0.0,100.0,1.0,0.0,100.0,1.0,0.0,100.0,1.0,0.0
232,actuated,0,0,354.29734585934165,110.71792058104425,7835228.294271571,652935.6911892976,12559.6,122.65234375,156167.47097548837,1525.0729587450035,102.4,0.47143924645302504,83.507332955121,97.8,52,1.3167695389732748,0.955078125,83.507332955121,100.0,10.4,0.8666666666666667,0.7013386706355957,0.0,12,100.0,1.0,0.0,100.0,1.0,0.0,100.0,1.0,0.0,100.0,1.0,0.0,100.0,1.0,0.0,100.0,1.0,0.0,0.0,0.0,0.0,2.08799546145201,0.4,8.416064047627149,100.0,1.0,0.0,100.0,1.0,0.0,100.0,1.0,0.0,100.0,1.0,0.0
233,actuated,4,0,1707.5218464954403,294.4003183612828,5376541.386888897,448045.11557407473,11433.0,112.08823529411765,160049.77485698985,1569.1154397744103,102.0,0.4583984638105438,75.0,90.6,48,0.8523436435539528,0.888235294117647,75.0,100.0,9.600000000000001,0.8000000000000002,0.0,0.0,12,100.0,1.0,0.0,100.0,1.0,0.0,100.0,1.0,0.0,100.0,1.0,0.0,100.0,1.0,0.0,100.0,1.0,0.0,0.0,0.0,0.0,0.0,0.0,0.0,100.0,1.0,0.0,80.0,1.0,0.0,60.0,0.8,0.0,60.0,0.8,0.0
234,actuated,4,4,1003.588758949667,152.05890287116168,5002210.046992817,416850.83724940143,9595.4,95.57171314741036,162174.48362285658,1615.2837014228742,100.4,0.7789825603624787,66.49864158472269,79.2,46,1.108340230226536,0.7888446215139442,66.49864158472269,100.0,9.2,0.7666666666666666,1.1831597173637602,0.0,12,100.0,1.0,0.0,100.0,1.0,0.0,100.0,1.0,0.0,100.0,1.0,0.0,100.0,1.0,0.0,100.0,1.0,0.0,7.015090221552782,0.4,8.486966346949337,0.0,0.0,0.0,100.0,1.0,0.0,38.76879068186099,0.6,1.846534120393081,22.921228250243075,0.6,1.8687762657608677,29.27858986301544,0.6,1.9956398752618374
235,actuated,4,4,894.9009231521941,154.29326261244725,5148477.1186238965,429039.7598853247,8185.8,83.02028397565923,161410.6118268022,1637.024460718075,98.6,0.871055019994926,64.94611855949567,73.0,49,1.1638219210001945,0.7403651115618661,64.94611855949567,100.0,9.8,0.8166666666666668,1.6611868171492945,0.0,12,100.0,1.0,0.0,100.0,1.0,0.0,100.0,1.0,0.0,100.0,1.0,0.0,100.0,1.0,0.0,100.0,1.0,0.0,0.0,0.0,0.0,2.3418303676453434,0.4,8.324998765159398,100.0,1.0,0.0,26.354790774389585,0.6,3.8724570567804504,26.92743254443485,1.0,3.858583379080761,23.729369027478242,0.8,3.878202604770922
236,actuated,4,4,942.7613988414785,157.1268998069131,6308748.145340622,525729.0121117185,8396.0,86.91511387163561,163204.04839308787,1689.4829026199573,96.6,1.188009324435288,63.4239744210826,74.2,44,1.6581496457596665,0.7681159420289855,63.4239744210826,100.0,8.799999999999999,0.7333333333333333,1.3527844239985427,0.0,12,100.0,1.0,0.0,100.0,1.0,0.0,100.0,1.0,0.0,100.0,1.0,0.0,100.0,1.0,0.0,100.0,1.0,0.0,0.0,0.0,0.0,0.0,0.0,0.0,100.0,1.0,0.0,21.165427609475955,0.8,5.280078184892533,9.810457286421297,0.4,5.1317979583555084,30.111808157093947,0.6,5.821536944734472
237,actuated,4,4,376.9231198602352,78.52564997088234,6031639.984291151,502636.66535759595,8768.6,92.88771186440678,155553.60051222483,1647.8135647481445,94.4,1.307251166064354,71.6350841416541,76.2,52,2.0838885805001524,0.8072033898305084,71.6350841416541,100.0,10.4,0.8666666666666667,2.1737672288936842,0.0,12,100.0,1.0,0.0,100.0,1.0,0.0,100.0,1.0,0.0,100.0,1.0,0.0,100.0,1.0,0.0,100.0,1.0,0.0,86.25789962519775,1.0,6.338940411124047,0.0,0.0,0.0,100.0,1.0,0.0,29.607704832924355,0.6,6.221637380137169,32.78673874083779,0.8,6.83010893942533,10.968666500889412,1.0,6.694520016037664
238,actuated,4,4,709.5868361276513,147.83059085992736,6470249.858603138,539187.4882169281,9151.2,99.4695652173913,152101.9156399721,1653.2816917388272,92.0,1.4202871377569373,70.47241119389469,78.0,51,2.269753673671814,0.8478260869565217,70.47241119389469,100.0,10.200000000000001,0.8500000000000001,2.0123355506638094,0.0,12,100.0,1.0,0.0,100.0,1.0,0.0,100.0,1.0,0.0,100.0,1.0,0.0,100.0,1.0,0.0,100.0,1.0,0.0,100.0,1.0,0.0,0.0,0.0,0.0,100.0,1.0,0.0,12.838599426986548,1.0,7.8235124836265015,8.80374278002364,0.8,7.948341303102571,24.026592119726047,0.4,8.37617282123664
239,actuated,4,4,446.9064973247206,97.15358637493927,7065453.107853612,588787.758987801,9538.6,105.74944567627495,146857.1441408305,1628.1279838229545,90.2,1.3845818011444417,68.06985481580757,79.0,45,2.0843545594905715,0.8758314855875832,68.06985481580757,100.0,9.0,0.75,2.209185120357243,0.0,12,100.0,1.0,0.0,100.0,1.0,0.0,100.0,1.0,0.0,100.0,1.0,0.0,100.0,1.0,0.0,100.0,1.0,0.0,100.0,1.0,0.0,0.0,0.0,0.0,100.0,1.0,0.0,2.735385281262097,0.4,8.750923140626401,3.277015545213544,0.4,8.522154275267608,10.825856963215301,0.2,9.237144028392908
240,actuated,4,4,344.1092876320636,78.20665628001446,7034397.943602537,586199.8286335447,9933.6,109.88495575221239,145948.92501242418,1614.4792589869933,90.4,1.2211718527685098,76.77743051779923,80.0,50,1.9965167935133148,0.8849557522123894,76.77743051779923,100.0,10.0,0.8333333333333334,2.534230053958009,0.0,12,100.0,1.0,0.0,100.0,1.0,0.0,100.0,1.0,0.0,100.0,1.0,0.0,100.0,1.0,0.0,100.0,1.0,0.0,100.0,1.0,0.0,93.74298835651643,1.0,4.603670953234733,100.0,1.0,0.0,8.897678283601635,0.2,8.701701882616643,11.434884969426093,0.4,8.745168864170822,7.253614604046561,0.4,8.360218947473912
241,actuated,4,4,339.13187129227913,67.82637425845583,7000339.131871293,583361.5943226077,10333.0,113.79955947136564,147988.75890671855,1629.8321465497638,90.8,1.4106232497235724,75.6898871090478,80.6,50,2.1861811716772865,0.8876651982378855,75.6898871090478,100.0,10.0,0.8333333333333334,1.446845412013742,0.0,12,100.0,1.0,0.0,100.0,1.0,0.0,100.0,1.0,0.0,100.0,1.0,0.0,100.0,1.0,0.0,100.0,1.0,0.0,100.0,1.0,0.0,100.0,1.0,0.0,100.0,1.0,0.0,0.0,0.2,0.0,3.0242974671818956,0.4,9.192151799611748,5.254347841391791,0.4,8.169993144553155
242,actuated,4,4,205.93549656285163,41.187099312570325,7000205.935496563,583350.4946247136,10733.2,118.99334811529934,145038.90048173897,1607.9700718596337,90.2,1.5671952492995176,77.46157555164928,80.6,48,2.422111092610429,0.893569844789357,77.46157555164928,100.0,9.599999999999998,0.7999999999999998,2.1640344549977075,0.0,12,100.0,1.0,0.0,100.0,1.0,0.0,100.0,1.0,0.0,100.0,1.0,0.0,100.0,1.0,0.0,100.0,1.0,0.0,100.0,1.0,0.0,100.0,1.0,0.0,100.0,1.0,0.0,11.598391900574825,0.2,8.621884900702822,6.560751596152841,0.2,8.55899942368269,11.37976312306364,0.2,8.78752913558698
243,actuated,4,4,484.3773374220984,96.87546748441967,6403078.654349469,533589.8878624557,11077.0,121.72527472527473,146047.96188619308,1604.922658090034,91.0,1.3593766926571766,75.94579629620019,81.8,47,2.5710674770211175,0.8989010989010989,75.94579629620019,100.0,9.399999999999999,0.7833333333333332,0.7342431422436612,0.0,12,100.0,1.0,0.0,100.0,1.0,0.0,100.0,1.0,0.0,100.0,1.0,0.0,100.0,1.0,0.0,100.0,1.0,0.0,100.0,1.0,0.0,100.0,1.0,0.0,100.0,1.0,0.0,11.349555554402286,0.2,8.810917706923934,0.0,0.2,0.0,0.0,0.0,0.0
244,actuated,4,4,655.956196363905,126.14542237767402,5777008.617672865,481417.3848060721,10339.8,113.375,146382.87677385524,1605.075403222097,91.2,1.1816286701704672,72.67086861922924,79.0,49,1.90588202173397,0.8662280701754386,72.67086861922924,100.0,9.799999999999999,0.8166666666666665,1.426055638011725,0.0,12,100.0,1.0,0.0,100.0,1.0,0.0,40.0,0.6,0.0,100.0,1.0,0.0,100.0,1.0,0.0,100.0,1.0,0.0,100.0,1.0,0.0,100.0,1.0,0.0,100.0,1.0,0.0,9.573159131305147,0.6,8.558834264669223,22.47726429944578,0.6,8.553833391471478,0.0,0.0,0.0
245,actuated,4,4,473.35251700217714,94.67050340043542,7728232.828369553,644019.4023641294,9419.8,103.06126914660831,146006.94584208896,1597.4501733270129,91.4,1.3498300589215217,74.49078372495478,77.6,46,2.2340175387540486,0.849015317286652,74.49078372495478,100.0,9.2,0.7666666666666666,0.17985242149558586,0.0,12,100.0,1.0,0.0,100.0,1.0,0.0,93.88940469945737,1.0,2.1582290579470302,100.0,1.0,0.0,100.0,1.0,0.0,100.0,1.0,0.0,100.0,1.0,0.0,100.0,1.0,0.0,100.0,1.0,0.0,0.0,0.2,0.0,0.0,0.0,0.0,0.0,0.0,0.0
246,actuated,4,4,591.6495553564004,105.65170631364293,7659273.893950629,638272.8244958858,9036.2,97.7943722943723,148951.12788947928,1612.025193609083,92.4,1.8064942916132734,78.06347382363431,78.4,50,3.2777978157230416,0.8484848484848485,78.06347382363431,100.0,9.999999999999998,0.8333333333333331,2.1560697040899583,0.0,12,100.0,1.0,0.0,100.0,1.0,0.0,100.0,1.0,0.0,100.0,1.0,0.0,100.0,1.0,0.0,100.0,1.0,0.0,100.0,1.0,0.0,100.0,1.0,0.0,100.0,1.0,0.0,11.257005882907833,0.2,8.883356821535983,13.891400962547777,0.6,8.378647176911485,11.613279038156179,0.2,8.610832450632033
247,actuated,4,4,813.7280788225488,145.30858550402658,6001635.405455871,500136.28378798923,9436.2,101.24678111587983,147441.97190440094,1581.995406699581,93.2,2.0285135224645936,76.7896202242135,82.6,49,3.968706234954528,0.8862660944206009,76.7896202242135,100.0,9.8,0.8166666666666668,1.4943129306038223,0.0,12,100.0,1.0,0.0,100.0,1.0,0.0,100.0,1.0,0.0,100.0,1.0,0.0,100.0,1.0,0.0,100.0,1.0,0.0,100.0,1.0,0.0,100.0,1.0,0.0,100.0,1.0,0.0,10.97604394591599,0.4,9.041889412514866,10.499398744645987,0.4,8.889865754731,0.0,0.0,0.0
248,actuated,4,4,441.1435341240867,91.90490294251808,6022608.020392472,501884.00169937266,9857.6,103.11297071129707,150875.4213865176,1578.1947843777994,95.6,1.5582845553872993,76.9798772511452,86.2,48,3.2274971590485806,0.9016736401673641,76.9798772511452,100.0,9.6,0.7999999999999999,1.4039398804765415,0.0,12,100.0,1.0,0.0,100.0,1.0,0.0,100.0,1.0,0.0,100.0,1.0,0.0,100.0,1.0,0.0,100.0,1.0,0.0,100.0,1.0,0.0,100.0,1.0,0.0,100.0,1.0,0.0,11.57272703374474,0.2,8.641005677262715,12.185799979997682,0.4,8.206272888455782,0.0,0.0,0.0
249,actuated,4,4,733.39586994186,159.43388476996958,7689185.21976289,640765.4349802408,10293.2,104.18218623481782,153439.61556232016,1553.0325461773298,98.8,0.7192229314391967,75.88627126979456,89.2,48,1.2038806380961486,0.902834008097166,75.88627126979456,100.0,9.6,0.7999999999999999,1.2137477988840228,0.0,12,100.0,1.0,0.0,100.0,1.0,0.0,100.0,1.0,0.0,100.0,1.0,0.0,100.0,1.0,0.0,100.0,1.0,0.0,100.0,1.0,0.0,100.0,1.0,0.0,100.0,1.0,0.0,5.726530398715113,0.4,8.242783115866597,4.90872483881958,0.2,6.3221904707416785,0.0,0.0,0.0
250,actuated,4,4,401.0833211097075,105.54824239729146,8053923.377530618,671160.2814608848,10747.6,105.78346456692914,158763.18449809114,1562.6297686819994,101.6,0.8103582554666153,88.98534460941505,92.8,54,1.5642789545276694,0.9133858267716536,88.98534460941505,100.0,10.8,0.9,0.4628815337989846,0.0,12,100.0,1.0,0.0,100.0,1.0,0.0,100.0,1.0,0.0,100.0,1.0,0.0,100.0,1.0,0.0,100.0,1.0,0.0,100.0,1.0,0.0,100.0,1.0,0.0,100.0,1.0,0.0,67.82413531298062,0.8,5.554578405587815,100.0,1.0,0.0,0.0,0.0,0.0
251,actuated,1,4,1192.4510365891776,192.33081235309317,5002579.795136855,416881.6495947379,9535.8,94.41386138613862,160961.90928511575,1593.682270149661,101.0,1.0433075319178544,80.95231552567422,84.0,53,2.1529761169325132,0.8316831683168316,80.95231552567422,100.0,10.599999999999998,0.8833333333333333,0.7292167624304909,0.0,12,100.0,1.0,0.0,100.0,1.0,0.0,100.0,1.0,0.0,60.0,0.8,0.0,60.0,0.8,0.0,100.0,1.0,0.0,80.0,1.0,0.0,60.0,0.8,0.0,100.0,1.0,0.0,100.0,1.0,0.0,100.0,1.0,0.0,11.427786308090617,0.2,8.750601149165892
252,actuated,1,1,604.2334421924786,94.41147534257478,5211430.469590143,434285.87246584526,8378.8,84.97768762677485,160665.38247225145,1629.4663536739497,98.6,0.7878521049804476,67.07677873732412,72.8,47,0.9502606407368344,0.7383367139959433,67.07677873732412,100.0,9.399999999999999,0.7833333333333333,0.6475512923464941,0.0,12,100.0,1.0,0.0,100.0,1.0,0.0,100.0,1.0,0.0,29.77065991472955,0.6,2.0890441011225542,22.565519922718522,0.6,1.7343486193880457,100.0,1.0,0.0,26.140270424953087,0.6,1.980593851550386,26.444894585488328,0.6,1.9666289360969433,100.0,1.0,0.0,100.0,1.0,0.0,100.0,1.0,0.0,0.0,0.0,0.0
253,actuated,1,1,351.33427674925025,58.55571279154171,6000351.334276749,500029.27785639575,8038.6,85.33545647558387,158275.6204511939,1680.2082850445213,94.2,1.2390961287747113,67.23378775160995,68.6,48,1.6436227989856376,0.7282377919320594,67.23378775160995,100.0,9.6,0.7999999999999999,1.3430605409327512,0.0,12,100.0,1.0,0.0,100.0,1.0,0.0,100.0,1.0,0.0,24.659663765291953,0.6,3.965762592810073,39.44125505545799,0.6,4.141784153846912,100.0,1.0,0.0,29.348033444307475,0.6,4.181145345355372,13.356500754262015,0.8,3.828034399180659,100.0,1.0,0.0,100.0,1.0,0.0,100.0,1.0,0.0,0.0,0.0,0.0
254,actuated,1,1,649.0607657067309,104.68722027527917,5800649.060765708,483387.4217304757,8311.2,87.85623678646934,148549.47358552297,1570.290418451617,94.6,1.182216437116726,66.3874050780862,72.8,49,1.7663727917715888,0.7695560253699789,66.3874050780862,100.0,9.8,0.8166666666666668,1.887476496977359,0.0,12,100.0,1.0,0.0,100.0,1.0,0.0,100.0,1.0,0.0,11.725808677538225,0.8,4.878447828733929,67.3125419580947,1.0,5.226010431718444,100.0,1.0,0.0,16.219334038569286,0.6,5.205379257775833,1.3911762628322322,0.4,7.3398804455001,100.0,1.0,0.0,100.0,1.0,0.0,100.0,1.0,0.0,0.0,0.0,0.0
255,actuated,1,1,1356.064484098923,205.4643157725641,5004208.809431719,417017.40078597656,8702.6,86.85229540918164,153710.4391282082,1534.0363186447926,100.2,0.49308809230101774,75.0,84.0,45,0.658390976073365,0.8383233532934131,75.0,100.0,9.0,0.75,0.0,0.0,12,100.0,1.0,0.0,100.0,1.0,0.0,100.0,1.0,0.0,100.0,1.0,0.0,100.0,1.0,0.0,100.0,1.0,0.0,0.0,0.0,0.0,0.0,0.0,0.0,100.0,1.0,0.0,100.0,1.0,0.0,100.0,1.0,0.0,0.0,0.0,0.0
256,actuated,1,1,1017.2671190816927,175.39088260029186,4350123.540251428,362510.29502095236,8974.8,87.47368421052632,158894.54320043,1548.6797582887914,102.6,0.6074175402245408,75.0,93.4,45,0.9510790957371466,0.9103313840155945,75.0,100.0,9.0,0.75,0.0,0.0,12,100.0,1.0,0.0,100.0,1.0,0.0,100.0,1.0,0.0,100.0,1.0,0.0,100.0,1.0,0.0,100.0,1.0,0.0,0.0,0.0,0.0,0.0,0.0,0.0,100.0,1.0,0.0,100.0,1.0,0.0,100.0,1.0,0.0,0.0,0.0,0.0
257,actuated,18,1,1860.576526526275,244.8127008587204,2018482.474341023,168206.8728617519,6927.8,68.45652173913044,159188.77196262465,1573.0115806583462,101.2,0.6743511360445987,63.50525157723913,82.6,44,1.061571757757837,0.8162055335968379,63.50525157723913,100.0,8.799999999999999,0.7333333333333333,1.278258886785014,0.0,12,80.0,1.0,0.0,60.0,0.8,0.0,100.0,1.0,0.0,100.0,1.0,0.0,100.0,1.0,0.0,37.96156908644207,0.6,2.391044332170073,51.74127499783481,0.6,4.857561869450148,0.0,0.0,0.0,100.0,1.0,0.0,60.0,0.8,0.0,60.0,0.8,0.0,12.360174842592642,0.2,8.090500439799946
258,actuated,18,18,1302.2113166252025,162.7764145781503,2508975.799570893,209081.31663090774,4944.8,50.56032719836401,159154.92396216167,1627.3509607582992,97.8,0.5438239434941881,66.41048698950726,66.0,46,0.5560255884726569,0.6748466257668712,66.41048698950726,100.0,9.2,0.7666666666666666,0.99826682428529,0.0,12,35.946055242625334,0.6,2.0356044098369654,33.47018182578722,0.6,1.9711466172035692,100.0,1.0,0.0,100.0,1.0,0.0,100.0,1.0,0.0,100.0,1.0,0.0,100.0,1.0,0.0,76.4421169907746,0.8,4.482135318625106,100.0,1.0,0.0,24.908778808930947,0.6,1.6023355999057678,26.158711005969053,0.6,1.8879799458520714,0.0,0.0,0.0
259,actuated,18,18,811.5905026325077,115.94150037607253,4493456.742515497,374454.7285429581,4180.2,44.94838709677419,158750.10784241123,1706.9904069076476,93.0,1.0039450895196782,67.71473247838533,59.2,51,1.1325971324979442,0.6365591397849463,67.71473247838533,100.0,10.200000000000001,0.8500000000000001,1.3270741972136224,0.0,12,30.247985165910904,0.6,4.276325090398808,19.880057480054347,0.8,3.930287719622692,100.0,1.0,0.0,100.0,1.0,0.0,100.0,1.0,0.0,100.0,1.0,0.0,100.0,1.0,0.0,100.0,1.0,0.0,100.0,1.0,0.0,47.12867625163199,1.0,3.7448640929562584,15.32007084302677,0.8,3.9734134635857097,0.0,0.0,0.0
260,actuated,18,18,720.1525968100975,102.8789424014425,5766285.961882685,480523.83015689044,4425.0,45.997920997921,155096.4314380781,1612.2290170278388,96.2,1.1827620454801187,75.19506337566175,64.0,53,1.347317098678464,0.6652806652806653,75.19506337566175,100.0,10.600000000000001,0.8833333333333334,1.7955054928336258,0.0,12,62.84905236180293,1.0,5.4380760844650196,31.90274870117264,0.8,5.759865604267947,100.0,1.0,0.0,100.0,1.0,0.0,100.0,1.0,0.0,100.0,1.0,0.0,100.0,1.0,0.0,100.0,1.0,0.0,100.0,1.0,0.0,64.05971925758422,1.0,4.796358278242292,43.52924018738122,0.8,5.551765947028251,0.0,0.0,0.0
261,actuated,18,18,683.3543281943743,100.49328355799622,4509745.771840153,375812.1476533461,4781.8,47.53280318091451,154007.6428837252,1530.891082343193,100.6,0.799014094751292,91.66666666666667,78.4,55,0.8475579179357372,0.7793240556660039,91.66666666666667,100.0,11.0,0.9166666666666666,0.0,0.0,12,100.0,1.0,0.0,100.0,1.0,0.0,100.0,1.0,0.0,100.0,1.0,0.0,100.0,1.0,0.0,100.0,1.0,0.0,100.0,1.0,0.0,100.0,1.0,0.0,100.0,1.0,0.0,100.0,1.0,0.0,100.0,1.0,0.0,0.0,0.0,0.0
262,actuated,18,18,1038.3167615380867,185.4137074175155,6302389.880273594,525199.1566894661,5210.6,49.624761904761904,159843.85903111726,1522.3224669630215,105.0,0.3801423032305204,99.43919694115,92.2,60,0.6131578351172368,0.878095238095238,99.43919694115,100.0,12.0,1.0,0.40051396082620716,0.0,12,100.0,1.0,0.0,100.0,1.0,0.0,100.0,1.0,0.0,100.0,1.0,0.0,100.0,1.0,0.0,100.0,1.0,0.0,100.0,1.0,0.0,100.0,1.0,0.0,100.0,1.0,0.0,100.0,1.0,0.0,100.0,1.0,0.0,93.27036329380007,1.0,4.806167529914486
263,actuated,1,18,2406.1672853298087,325.1577412607849,5203625.935784109,433635.4946486757,5234.6,48.921495327102804,166919.07066426403,1559.99131461929,107.0,0.26787068878785925,86.66666666666667,89.0,56,0.34962324960397356,0.8317757009345794,86.66666666666667,100.0,11.2,0.9333333333333332,0.0,0.0,12,100.0,1.0,0.0,100.0,1.0,0.0,100.0,1.0,0.0,60.0,0.8,0.0,60.0,0.8,0.0,100.0,1.0,0.0,60.0,0.8,0.0,60.0,0.8,0.0,100.0,1.0,0.0,100.0,1.0,0.0,100.0,1.0,0.0,100.0,1.0,0.0
264,actuated,1,1,1297.5808254764956,209.2872299155638,6857037.61888321,571419.8015736009,5246.6,49.872623574144484,169248.45501115036,1608.8256179767145,105.2,0.6548015067690398,76.97985293017041,83.8,52,1.011650108168002,0.7965779467680608,76.97985293017041,100.0,10.399999999999999,0.8666666666666667,0.6878520121012648,0.0,12,100.0,1.0,0.0,100.0,1.0,0.0,100.0,1.0,0.0,34.99921483684375,0.6,2.069123874413744,31.723164668128447,0.6,2.2535264990442694,100.0,1.0,0.0,31.766928548327087,0.6,2.2405284864613457,25.26892710874563,0.6,1.691045285295818,100.0,1.0,0.0,100.0,1.0,0.0,100.0,1.0,0.0,100.0,1.0,0.0
265,actuated,1,1,519.0421253164379,96.11891209563665,9579397.892052399,798283.1576710333,5091.0,51.73780487804878,162448.7172739438,1650.901598312437,98.4,1.5421980654949365,74.70844131436668,79.0,52,2.5533805373052636,0.8028455284552846,74.70844131436668,100.0,10.399999999999999,0.8666666666666667,1.6562611046687359,0.0,12,100.0,1.0,0.0,100.0,1.0,0.0,100.0,1.0,0.0,30.925688031934442,0.8,4.433764055383871,38.07064661341428,0.6,4.16822273643083,100.0,1.0,0.0,2.708244387108607,0.4,7.747109478432684,24.796716739942894,0.6,3.5260369857774445,100.0,1.0,0.0,100.0,1.0,0.0,100.0,1.0,0.0,100.0,1.0,0.0
266,actuated,1,1,327.506114938455,58.483234810438404,6672528.825792318,556044.0688160266,4097.0,42.58835758835759,151859.17435223956,1578.5776959692262,96.2,1.842883530422818,69.04465853112356,77.0,48,3.315046237777041,0.8004158004158004,69.04465853112356,100.0,9.6,0.7999999999999999,1.7971860595125388,0.0,12,100.0,1.0,0.0,100.0,1.0,0.0,100.0,1.0,0.0,30.362355049478538,0.8,5.464570043815132,65.6465250119345,1.0,5.342977664809232,100.0,1.0,0.0,0.0,0.0,0.0,10.964824348561706,0.2,9.120073137616414,21.56219796350797,0.6,1.6386118679096873,100.0,1.0,0.0,100.0,1.0,0.0,100.0,1.0,0.0
267,actuated,1,1,657.8084989653833,156.6210711822341,11068243.750077771,922353.6458398142,3313.4,33.741344195519346,146884.5557689567,1495.7694070158523,98.2,0.40132915382383527,83.33333333333333,83.2,50,0.7377206868173177,0.8472505091649695,83.33333333333333,100.0,10.0,0.8333333333333334,0.0,0.0,12,100.0,1.0,0.0,100.0,1.0,0.0,100.0,1.0,0.0,100.0,1.0,0.0,100.0,1.0,0.0,100.0,1.0,0.0,0.0,0.0,0.0,0.0,0.0,0.0,100.0,1.0,0.0,100.0,1.0,0.0,100.0,1.0,0.0,100.0,1.0,0.0
268,actuated,1,1,541.6248413401921,135.40621033504803,6809834.757237387,567486.2297697823,3398.2,33.71230158730159,154800.60507021053,1535.7202883949458,100.8,0.37588098233740996,83.33333333333333,91.4,50,0.7357285447049856,0.9067460317460317,83.33333333333333,100.0,10.0,0.8333333333333334,0.0,0.0,12,100.0,1.0,0.0,100.0,1.0,0.0,100.0,1.0,0.0,100.0,1.0,0.0,100.0,1.0,0.0,100.0,1.0,0.0,0.0,0.0,0.0,0.0,0.0,0.0,100.0,1.0,0.0,100.0,1.0,0.0,100.0,1.0,0.0,100.0,1.0,0.0
269,actuated,18,1,1279.4749238018333,228.4776649646131,3925852.0144805163,327154.334540043,3344.6,33.51302605210421,157450.45212541858,1577.659840936058,99.8,0.5652138486844283,70.73703914856954,84.8,48,1.0760398271738656,0.8496993987975952,70.73703914856954,100.0,9.6,0.7999999999999999,0.721480645875757,0.0,12,60.0,0.8,0.0,60.0,0.8,0.0,100.0,1.0,0.0,100.0,1.0,0.0,100.0,1.0,0.0,100.0,1.0,0.0,0.0,0.0,0.0,8.844469782834494,0.4,8.657767750509084,100.0,1.0,0.0,60.0,0.8,0.0,60.0,0.8,0.0,100.0,1.0,0.0
270,actuated,18,18,1450.363231922489,195.99503134087686,2892389.170016962,241032.43083474683,3012.8,30.995884773662553,158576.18340362236,1631.4422160866498,97.2,0.6610162739043336,61.21373407118691,70.8,44,0.976448036054141,0.7283950617283951,61.21373407118691,100.0,8.8,0.7333333333333333,1.2610683178288975,0.0,12,32.66907044589061,0.6,2.046513230293031,40.18797388938765,0.8,1.5353469606913897,100.0,1.0,0.0,100.0,1.0,0.0,100.0,1.0,0.0,100.0,1.0,0.0,12.474657180905524,0.2,8.016252354659184,0.0,0.0,0.0,100.0,1.0,0.0,24.595308575230774,0.6,1.6832978053125793,24.637798762828425,0.6,1.8514094629905877,100.0,1.0,0.0
271,actuated,18,18,592.7680591582842,84.68115130832632,4589420.413267235,382451.70110560296,2850.6,31.052287581699346,156565.97821386068,1705.511745249027,91.8,1.0529394920272037,57.98739985824909,59.6,47,1.1220684684584075,0.6492374727668845,57.98739985824909,100.0,9.4,0.7833333333333333,1.3267137503487778,0.0,12,15.409597055045197,0.8,4.232321933003974,30.48040498793398,0.6,3.931964183892017,100.0,1.0,0.0,100.0,1.0,0.0,100.0,1.0,0.0,100.0,1.0,0.0,0.0,0.0,0.0,0.0,0.0,0.0,100.0,1.0,0.0,25.039656170092712,1.0,3.886257141264063,24.919140085917206,1.0,3.8700217460252806,100.0,1.0,0.0
272,actuated,18,18,949.6645279695401,128.33304432020813,4204294.182960327,350357.84858002723,3122.2,33.86334056399132,154019.96562874457,1670.4985426111125,92.2,1.3205104066267772,63.755348745431775,63.2,47,1.5090683961743792,0.6854663774403471,63.755348745431775,100.0,9.4,0.7833333333333332,2.256666723265584,0.0,12,13.3643323847582,0.6,5.70938697079984,54.01210744576474,0.8,4.6051027306286345,100.0,1.0,0.0,100.0,1.0,0.0,100.0,1.0,0.0,100.0,1.0,0.0,63.801028074776696,0.8,6.594814873154465,0.0,0.0,0.0,100.0,1.0,0.0,22.12975796414412,0.6,4.80264841523374,11.75695907573754,0.6,5.368047689370327,100.0,1.0,0.0
273,actuated,18,18,374.59185665119196,72.03689550984461,7720954.510291832,643412.8758576526,3463.4,36.61099365750528,146725.3948938858,1551.0084026837822,94.6,0.9028446368321511,84.5083772175811,73.4,54,1.456209491602837,0.7758985200845666,84.5083772175811,100.0,10.8,0.9,0.5929785936522508,0.0,12,14.100526610973247,0.8,7.115743123827009,100.0,1.0,0.0,100.0,1.0,0.0,100.0,1.0,0.0,100.0,1.0,0.0,100.0,1.0,0.0,100.0,1.0,0.0,0.0,0.0,0.0,100.0,1.0,0.0,100.0,1.0,0.0,100.0,1.0,0.0,100.0,1.0,0.0
274,actuated,18,18,986.496304879472,154.1400476374175,5401232.955682079,450102.7463068399,3856.0,38.94949494949495,156152.94753299205,1577.3025003332532,99.0,0.72159657463301,83.71482721461462,83.2,52,1.3106568805870875,0.8404040404040404,83.71482721461462,100.0,10.4,0.8666666666666667,0.656570725151762,0.0,12,4.577926575375386,0.4,7.878848701821143,100.0,1.0,0.0,100.0,1.0,0.0,100.0,1.0,0.0,100.0,1.0,0.0,100.0,1.0,0.0,100.0,1.0,0.0,0.0,0.0,0.0,100.0,1.0,0.0,100.0,1.0,0.0,100.0,1.0,0.0,100.0,1.0,0.0
275,actuated,13,18,1511.2368482956747,184.29717662142374,3002834.9782283693,250236.24818569745,3732.4,37.02777777777778,159613.6925443699,1583.469172067162,100.8,0.612383067419674,78.32224519254169,79.0,51,0.7608374918327899,0.7837301587301587,78.32224519254169,100.0,10.2,0.85,0.4422521730409734,0.0,12,39.866942310500235,0.6,5.307026076491681,100.0,1.0,0.0,100.0,1.0,0.0,60.0,0.8,0.0,60.0,0.8,0.0,80.0,1.0,0.0,100.0,1.0,0.0,0.0,0.0,0.0,100.0,1.0,0.0,100.0,1.0,0.0,100.0,1.0,0.0,100.0,1.0,0.0
276,actuated,13,13,1519.6841765497124,165.183062668447,2203343.910163812,183611.992513651,3335.0,33.15109343936382,161847.70648307938,1608.824120110133,100.6,0.7679161134313343,75.76824556223112,69.6,50,0.7259785194953288,0.6918489065606361,75.76824556223112,100.0,10.0,0.8333333333333334,0.907644656645918,0.0,12,100.0,1.0,0.0,100.0,1.0,0.0,100.0,1.0,0.0,32.78300882519943,0.6,2.062928380903385,28.71743290271297,0.6,1.9168388794178104,33.798349407829846,0.6,1.9233836108479445,100.0,1.0,0.0,13.920155611031078,0.2,4.988585008581876,100.0,1.0,0.0,100.0,1.0,0.0,100.0,1.0,0.0,100.0,1.0,0.0
277,actuated,13,13,676.0953680752507,109.04764001213721,3415077.969885481,284589.8308237901,3265.8,33.121703853955374,162152.41461542502,1644.547815572262,98.6,0.8133580765380566,82.25071130432941,69.4,55,1.0891227853308225,0.7038539553752535,82.25071130432941,100.0,11.0,0.9166666666666666,1.0332383336205133,0.0,12,100.0,1.0,0.0,100.0,1.0,0.0,100.0,1.0,0.0,27.99061999760397,0.8,4.111087111615452,34.75486226599514,0.6,4.44964709763025,24.26305338835391,0.6,3.838125794200457,100.0,1.0,0.0,100.0,1.0,0.0,100.0,1.0,0.0,100.0,1.0,0.0,100.0,1.0,0.0,100.0,1.0,0.0
278,actuated,13,13,1002.9565030869983,151.96310652833307,7837469.478002593,653122.456500216,3596.4,37.15289256198347,160823.14706910384,1661.3961474080977,96.8,1.2308583758212153,79.70545261405998,72.2,57,1.848054301881094,0.7458677685950413,79.70545261405998,100.0,11.399999999999999,0.9500000000000001,1.42540516581541,0.0,12,100.0,1.0,0.0,100.0,1.0,0.0,100.0,1.0,0.0,16.418093273305203,0.8,5.61886047005734,18.750502941179548,0.8,5.753761150877017,21.29683515423494,0.8,5.732240368850567,100.0,1.0,0.0,100.0,1.0,0.0,100.0,1.0,0.0,100.0,1.0,0.0,100.0,1.0,0.0,100.0,1.0,0.0
279,actuated,13,13,704.0971735753379,135.4033026106419,6082306.968626727,506858.9140522273,3973.8,42.637339055793994,154022.78942597657,1652.6050367594053,93.2,1.5485110641794049,78.10026568007022,78.2,58,2.518124761617086,0.8390557939914163,78.10026568007022,100.0,11.6,0.9666666666666667,1.777061420133539,0.0,12,100.0,1.0,0.0,100.0,1.0,0.0,100.0,1.0,0.0,11.335715389232064,0.8,7.185479883329128,11.628921218152755,1.0,6.870152542850573,14.23855155345791,0.8,7.2691046154227665,100.0,1.0,0.0,100.0,1.0,0.0,100.0,1.0,0.0,100.0,1.0,0.0,100.0,1.0,0.0,100.0,1.0,0.0
280,actuated,13,13,507.36641685842704,110.29704714313633,8673425.68517894,722785.4737649116,4371.0,49.222972972972975,141558.90307828836,1594.1317914221663,88.8,2.1078609084481026,77.88687236736412,80.6,51,3.86606054498324,0.9076576576576577,77.88687236736412,100.0,10.2,0.85,1.3627121399388302,0.0,12,100.0,1.0,0.0,100.0,1.0,0.0,100.0,1.0,0.0,19.084424296115685,0.6,8.377061492310167,0.0,0.0,0.0,15.55804411225381,0.6,7.975484186955794,100.0,1.0,0.0,100.0,1.0,0.0,100.0,1.0,0.0,100.0,1.0,0.0,100.0,1.0,0.0,100.0,1.0,0.0
281,actuated,13,13,731.0042424759852,158.91396575564897,10959531.300331559,913294.2750276299,4773.0,54.486301369863014,138913.6029009928,1585.771722614073,87.6,1.9288629296798439,76.75343208018982,81.4,49,3.8242107320709637,0.9292237442922374,76.75343208018982,100.0,9.8,0.8166666666666668,1.4671389150199712,0.0,12,100.0,1.0,0.0,100.0,1.0,0.0,100.0,1.0,0.0,10.127693576137062,0.4,8.442696445714683,0.0,0.0,0.0,10.913491386140777,0.4,9.16297053452497,100.0,1.0,0.0,100.0,1.0,0.0,100.0,1.0,0.0,100.0,1.0,0.0,100.0,1.0,0.0,100.0,1.0,0.0
282,actuated,13,13,640.8549428536328,110.49223152648841,8718133.527585153,726511.1272987627,5178.0,58.70748299319728,139344.53688244527,1579.8700326807855,88.2,1.3612425195594675,75.29802328679618,81.2,46,2.3634965546684295,0.9206349206349206,75.29802328679618,100.0,9.2,0.7666666666666666,0.7099058226061361,0.0,12,100.0,1.0,0.0,100.0,1.0,0.0,100.0,1.0,0.0,0.0,0.0,0.0,0.0,0.0,0.0,3.5762794415541066,0.2,8.518869871273633,100.0,1.0,0.0,100.0,1.0,0.0,100.0,1.0,0.0,100.0,1.0,0.0,100.0,1.0,0.0,100.0,1.0,0.0
283,actuated,13,13,373.44728406053304,66.68701501080947,6069052.372665153,505754.36438876274,5585.6,63.32879818594105,138607.43262770845,1571.5128415839959,88.2,2.031429312864883,75.9614296101923,82.4,47,3.746506462684403,0.9342403628117913,75.9614296101923,100.0,9.4,0.7833333333333333,0.7223039909344418,0.0,12,100.0,1.0,0.0,100.0,1.0,0.0,100.0,1.0,0.0,11.537155322307626,0.2,8.667647891213301,0.0,0.0,0.0,0.0,0.2,0.0,100.0,1.0,0.0,100.0,1.0,0.0,100.0,1.0,0.0,100.0,1.0,0.0,100.0,1.0,0.0,100.0,1.0,0.0
284,actuated,13,13,185.68735222525896,48.86509269085762,6995209.040828655,582934.0867357212,6002.2,68.83256880733946,133612.01378286938,1532.2478644824473,87.2,2.1750585769439836,75.2138033345121,84.2,47,4.218384385353678,0.9655963302752294,75.2138033345121,100.0,9.4,0.7833333333333333,0.7009217280584076,0.0,12,100.0,1.0,0.0,100.0,1.0,0.0,100.0,1.0,0.0,0.0,0.0,0.0,2.565640014145174,0.4,8.411060736700891,0.0,0.0,0.0,100.0,1.0,0.0,100.0,1.0,0.0,100.0,1.0,0.0,100.0,1.0,0.0,100.0,1.0,0.0,100.0,1.0,0.0
285,actuated,13,13,432.19257284180367,108.04814321045092,8557992.680185279,713166.0566821066,6426.0,73.69266055045871,134675.3598684546,1544.4422003263144,87.2,2.835149760434371,75.0,85.0,45,5.134774340298279,0.9747706422018348,75.0,100.0,9.0,0.75,0.0,0.0,12,100.0,1.0,0.0,100.0,1.0,0.0,100.0,1.0,0.0,0.0,0.0,0.0,0.0,0.0,0.0,0.0,0.0,0.0,100.0,1.0,0.0,100.0,1.0,0.0,100.0,1.0,0.0,100.0,1.0,0.0,100.0,1.0,0.0,100.0,1.0,0.0
286,actuated,13,13,166.64042089312312,46.28900580364531,8400166.640420893,700013.8867017411,6851.0,78.74712643678161,133777.5705792171,1537.6732250484724,87.0,2.6755573231600476,75.98170576892547,85.4,46,5.25078829140932,0.9816091954022989,75.98170576892547,100.0,9.2,0.7666666666666666,0.7073855185801254,0.0,12,100.0,1.0,0.0,100.0,1.0,0.0,100.0,1.0,0.0,11.780469227105641,0.2,8.488626222961505,0.0,0.0,0.0,0.0,0.0,0.0,100.0,1.0,0.0,100.0,1.0,0.0,100.0,1.0,0.0,100.0,1.0,0.0,100.0,1.0,0.0,100.0,1.0,0.0
287,actuated,13,13,334.5318821029818,104.5412131571818,8257043.742758234,688086.9785631861,7278.0,81.7752808988764,136456.32310721042,1533.2171135641622,89.0,1.072538032831748,75.0,86.2,45,3.068088490861379,0.9685393258426966,75.0,100.0,9.0,0.75,0.0,0.0,12,100.0,1.0,0.0,100.0,1.0,0.0,100.0,1.0,0.0,0.0,0.0,0.0,0.0,0.0,0.0,0.0,0.0,0.0,100.0,1.0,0.0,100.0,1.0,0.0,100.0,1.0,0.0,100.0,1.0,0.0,100.0,1.0,0.0,100.0,1.0,0.0
288,actuated,13,13,556.0131550639751,120.87242501390764,7200763.837614437,600063.6531345363,7708.0,84.14847161572052,143133.7880416311,1562.595939319117,91.6,1.0875427885391817,75.0,86.4,45,1.935973068210734,0.9432314410480349,75.0,100.0,9.0,0.75,0.0,0.0,12,100.0,1.0,0.0,100.0,1.0,0.0,100.0,1.0,0.0,0.0,0.0,0.0,0.0,0.0,0.0,0.0,0.0,0.0,100.0,1.0,0.0,100.0,1.0,0.0,100.0,1.0,0.0,100.0,1.0,0.0,100.0,1.0,0.0,100.0,1.0,0.0
289,actuated,13,13,323.12187607885244,64.62437521577048,7000323.121876079,583360.2601563398,8138.0,87.50537634408602,146716.96882050144,1577.601815274209,93.0,1.5959501733337342,75.70062139698241,86.2,49,2.6288545910068017,0.9268817204301075,75.70062139698241,100.0,9.8,0.8166666666666668,1.400179539884751,0.0,12,100.0,1.0,0.0,100.0,1.0,0.0,100.0,1.0,0.0,2.1882091965790096,0.4,8.458685269393026,0.0,0.0,0.0,6.2192475672100045,0.4,8.343469209223986,100.0,1.0,0.0,100.0,1.0,0.0,100.0,1.0,0.0,100.0,1.0,0.0,100.0,1.0,0.0,100.0,1.0,0.0
290,actuated,13,13,297.61146460462857,93.00358268894642,6542553.645754038,545212.8038128365,8574.0,92.39224137931035,141968.51541115114,1529.83314020637,92.8,1.1008282739345747,75.16988911260607,88.8,47,2.372253121092114,0.9568965517241379,75.16988911260607,100.0,9.4,0.7833333333333333,0.7003668862006939,0.0,12,100.0,1.0,0.0,100.0,1.0,0.0,100.0,1.0,0.0,0.0,0.0,0.0,2.0386693512728016,0.4,8.404402634408326,0.0,0.0,0.0,100.0,1.0,0.0,100.0,1.0,0.0,100.0,1.0,0.0,100.0,1.0,0.0,100.0,1.0,0.0,100.0,1.0,0.0
291,actuated,13,13,415.56672677563813,159.83335645216852,10210264.463663694,850855.3719719745,9025.0,97.04301075268818,142722.99710048278,1534.6558828008901,93.0,0.8007455042915809,75.0,90.8,45,2.3977668495006403,0.9763440860215054,75.0,100.0,9.0,0.75,0.0,0.0,12,100.0,1.0,0.0,100.0,1.0,0.0,100.0,1.0,0.0,0.0,0.0,0.0,0.0,0.0,0.0,0.0,0.0,0.0,100.0,1.0,0.0,100.0,1.0,0.0,100.0,1.0,0.0,100.0,1.0,0.0,100.0,1.0,0.0,100.0,1.0,0.0
292,actuated,13,13,600.0794859394381,230.79980228439925,8833425.830470365,736118.8192058638,9480.8,98.96450939457202,146491.44327799257,1529.1382388099432,95.8,0.4600861981157434,75.5899233691946,92.6,47,1.7062506988619468,0.9665970772442589,75.5899233691946,100.0,9.4,0.7833333333333333,0.70418784187641,0.0,12,100.0,1.0,0.0,100.0,1.0,0.0,100.0,1.0,0.0,0.0,0.0,0.0,7.079080430335125,0.4,8.45025410251692,0.0,0.0,0.0,100.0,1.0,0.0,100.0,1.0,0.0,100.0,1.0,0.0,100.0,1.0,0.0,100.0,1.0,0.0,100.0,1.0,0.0
293,actuated,17,13,1284.4697817843771,207.17254544909306,5002303.152057525,416858.5960047937,9367.4,97.17219917012449,152047.7740806213,1577.259067226362,96.4,0.45555966667123016,68.33333333333333,87.0,43,0.6384200124771774,0.9024896265560166,68.33333333333333,100.0,8.6,0.7166666666666667,0.0,0.0,12,60.0,0.8,0.0,60.0,0.8,0.0,100.0,1.0,0.0,0.0,0.0,0.0,0.0,0.0,0.0,0.0,0.0,0.0,100.0,1.0,0.0,100.0,1.0,0.0,100.0,1.0,0.0,100.0,1.0,0.0,100.0,1.0,0.0,100.0,1.0,0.0
294,actuated,17,17,363.9710754308252,67.40205100570836,6953926.7158256965,579493.8929854747,8969.8,96.03640256959315,149008.73721778233,1595.382625458055,93.4,0.9362578502340717,63.784048250776856,78.6,41,1.2808952644715355,0.841541755888651,63.784048250776856,100.0,8.2,0.6833333333333332,0.3216766373282221,0.0,12,28.676003688296987,0.6,1.7716742056624546,36.73257532102525,0.6,2.0884454422762104,100.0,1.0,0.0,0.0,0.0,0.0,0.0,0.0,0.0,0.0,0.0,0.0,100.0,1.0,0.0,100.0,1.0,0.0,100.0,1.0,0.0,100.0,1.0,0.0,100.0,1.0,0.0,100.0,1.0,0.0
295,actuated,17,17,760.7846295008867,131.16976370704944,5942408.971298135,495200.7476081779,8876.4,94.83333333333333,151296.86323637274,1616.419479021076,93.6,1.0518655827274532,65.02289495594482,74.8,48,1.4240229774550803,0.7991452991452992,65.02289495594482,100.0,9.6,0.7999999999999999,2.812502335110711,0.0,12,30.055963518134376,0.8,3.780583035114863,26.17568863861834,0.8,4.072381725175443,100.0,1.0,0.0,11.216599130116265,0.4,8.64845973001793,1.524971641247248,0.4,8.400233525317162,11.301516543221624,0.2,8.848370005703135,100.0,1.0,0.0,100.0,1.0,0.0,100.0,1.0,0.0,100.0,1.0,0.0,100.0,1.0,0.0,100.0,1.0,0.0
296,actuated,17,17,647.1442361016371,140.68352958731242,5776601.833346527,481383.4861122106,9220.6,100.22391304347826,150432.39394691837,1635.1347168143302,92.0,0.8235360615557711,61.94441074034254,76.8,42,1.4924027769014185,0.8347826086956521,61.94441074034254,100.0,8.4,0.7000000000000001,0.9631713310809519,0.0,12,16.23296346605457,0.8,5.706864818509609,27.099965418055945,0.6,5.851191154461813,100.0,1.0,0.0,0.0,0.0,0.0,0.0,0.0,0.0,0.0,0.0,0.0,100.0,1.0,0.0,100.0,1.0,0.0,100.0,1.0,0.0,100.0,1.0,0.0,100.0,1.0,0.0,100.0,1.0,0.0
297,actuated,17,17,823.6224684919064,179.04836271563184,7205736.900168349,600478.075014029,9608.0,104.20824295010846,151848.53638984897,1646.9472493476026,92.2,1.0401165248625277,59.88742542254082,79.2,43,1.8661363332960794,0.8590021691973969,59.88742542254082,100.0,8.6,0.7166666666666667,1.1139061404359916,0.0,12,3.681103489893758,1.0,6.606782561911215,14.968001580596138,0.6,6.760091123320683,100.0,1.0,0.0,0.0,0.0,0.0,0.0,0.0,0.0,0.0,0.0,0.0,100.0,1.0,0.0,100.0,1.0,0.0,100.0,1.0,0.0,100.0,1.0,0.0,100.0,1.0,0.0,100.0,1.0,0.0
298,actuated,17,17,669.5893369579117,115.44643740653649,5047613.564461317,420634.4637051097,9999.8,109.16812227074236,146881.9906000027,1603.5151812227368,91.6,1.0716977852984317,68.4632262784703,79.4,46,1.8198231270545586,0.8668122270742358,68.4632262784703,100.0,9.2,0.7666666666666666,1.8094133967765573,0.0,12,18.542290829718695,0.6,8.098579239867053,12.790853869810235,0.6,7.996241644144144,100.0,1.0,0.0,90.22557064211469,1.0,5.618139877307488,0.0,0.0,0.0,0.0,0.0,0.0,100.0,1.0,0.0,100.0,1.0,0.0,100.0,1.0,0.0,100.0,1.0,0.0,100.0,1.0,0.0,100.0,1.0,0.0
299,actuated,17,17,215.72348330488632,43.14469666097726,8426280.175854692,702190.0146545577,10402.2,113.80962800875274,148333.16043087325,1622.9010988060531,91.4,1.2212688689577635,68.1058463578961,82.0,44,1.8004174095366754,0.8971553610503282,68.1058463578961,100.0,8.8,0.7333333333333334,1.484192762617022,0.0,12,8.640736429306344,0.4,8.91429330855608,8.629419865446835,0.4,8.896019842848183,100.0,1.0,0.0,100.0,1.0,0.0,0.0,0.0,0.0,0.0,0.0,0.0,100.0,1.0,0.0,100.0,1.0,0.0,100.0,1.0,0.0,100.0,1.0,0.0,100.0,1.0,0.0,100.0,1.0,0.0
300,actuated,17,17,957.0480887486141,170.90144441939538,5015738.082171821,417978.1735143184,10808.0,116.96969696969697,146272.71841249574,1583.0380780573134,92.4,1.1619394695983332,76.30672921606599,82.2,49,1.7733542036071979,0.8896103896103896,76.30672921606599,100.0,9.8,0.8166666666666668,2.386376526603633,0.0,12,11.25740441758353,0.2,8.883042332902669,2.073411728215433,0.4,8.81147233391255,100.0,1.0,0.0,100.0,1.0,0.0,25.05315480497302,0.4,6.693742909343932,77.29677964201983,0.8,4.2482607430844475,100.0,1.0,0.0,100.0,1.0,0.0,100.0,1.0,0.0,100.0,1.0,0.0,100.0,1.0,0.0,100.0,1.0,0.0
301,actuated,17,17,173.3552064448201,78.79782111128186,10423187.200773913,868598.9333978262,11230.0,121.2742980561555,145612.59734537898,1572.490252109924,92.6,0.771426807353162,84.55462385358639,86.2,53,1.7370370944482365,0.9308855291576674,84.55462385358639,100.0,10.6,0.8833333333333333,1.3988389172127096,0.0,12,2.6985772459147483,0.4,8.422701522707937,11.9569089971219,0.2,8.363365483844579,100.0,1.0,0.0,100.0,1.0,0.0,100.0,1.0,0.0,100.0,1.0,0.0,100.0,1.0,0.0,100.0,1.0,0.0,100.0,1.0,0.0,100.0,1.0,0.0,100.0,1.0,0.0,100.0,1.0,0.0
302,actuated,17,17,260.48662098082724,86.82887366027575,8800561.455955518,733380.1213296265,11660.0,125.10729613733906,147767.31345492238,1585.486195868266,93.2,0.8492581963083877,84.3324396769636,86.6,53,1.8123874768975283,0.9291845493562232,84.3324396769636,100.0,10.6,0.8833333333333333,1.4192594900016589,0.0,12,11.17390856959446,0.2,8.949419925639265,0.8153675539688265,0.4,8.08169395438064,100.0,1.0,0.0,100.0,1.0,0.0,100.0,1.0,0.0,100.0,1.0,0.0,100.0,1.0,0.0,100.0,1.0,0.0,100.0,1.0,0.0,100.0,1.0,0.0,100.0,1.0,0.0,100.0,1.0,0.0
303,actuated,17,17,520.067394266362,144.46316507398944,8016459.077305386,668038.2564421155,12090.2,129.72317596566523,147167.21520807905,1579.0473734772431,93.2,0.8905762935361449,84.77167642319348,86.2,52,1.7968942729380202,0.924892703862661,84.77167642319348,100.0,10.4,0.8666666666666667,1.3680866756476462,0.0,12,10.37519059511851,0.2,8.077200058661399,6.884926483203344,0.2,8.339840049110354,100.0,1.0,0.0,100.0,1.0,0.0,100.0,1.0,0.0,100.0,1.0,0.0,100.0,1.0,0.0,100.0,1.0,0.0,100.0,1.0,0.0,100.0,1.0,0.0,100.0,1.0,0.0,100.0,1.0,0.0
304,actuated,17,17,413.55218062202874,129.23505644438399,8866987.494259745,738915.6245216454,12524.2,133.52025586353943,146839.60977853724,1565.4542620313136,93.8,0.9984264269700412,84.30168815670375,87.8,53,2.1215559935713904,0.9360341151385928,84.30168815670375,100.0,10.6,0.8833333333333333,0.7171384162959892,0.0,12,11.620257880445024,0.4,8.60566099555187,0.0,0.2,0.0,100.0,1.0,0.0,100.0,1.0,0.0,100.0,1.0,0.0,100.0,1.0,0.0,100.0,1.0,0.0,100.0,1.0,0.0,100.0,1.0,0.0,100.0,1.0,0.0,100.0,1.0,0.0,100.0,1.0,0.0
305,actuated,17,17,754.434981001202,150.8869962002404,6626273.971110749,552189.4975925625,12359.6,131.48510638297873,149576.82205266837,1591.2427877943446,94.0,1.345328350380842,83.53473052103216,86.4,52,2.9052175572524077,0.9191489361702128,83.53473052103216,100.0,10.4,0.8666666666666667,1.4870764081028793,0.0,12,11.297574806849298,0.2,8.851457211805647,11.119191445536671,0.2,8.993459685428904,80.0,1.0,0.0,100.0,1.0,0.0,100.0,1.0,0.0,100.0,1.0,0.0,100.0,1.0,0.0,100.0,1.0,0.0,100.0,1.0,0.0,100.0,1.0,0.0,100.0,1.0,0.0,100.0,1.0,0.0
306,actuated,17,17,428.33755854347174,71.38959309057863,6000428.337558543,500035.69479654526,11406.0,122.38197424892704,148729.48517097798,1595.8099267272316,93.2,1.901623943898099,80.20280580346139,82.4,49,3.8395336390921964,0.8841201716738197,80.20280580346139,100.0,9.8,0.8166666666666668,0.8754151159509389,0.0,12,10.078817390080985,0.2,8.836350408755242,0.0,0.0,0.0,52.35485225145567,0.6,1.6686309826560253,100.0,1.0,0.0,100.0,1.0,0.0,100.0,1.0,0.0,100.0,1.0,0.0,100.0,1.0,0.0,100.0,1.0,0.0,100.0,1.0,0.0,100.0,1.0,0.0,100.0,1.0,0.0
307,actuated,17,17,618.4571817965641,123.69143635931282,6215886.406653759,517990.5338878133,10685.2,112.23949579831933,147490.1751506034,1549.2665456996156,95.2,0.7274340955659994,83.87439983445422,82.4,52,1.3404279409857933,0.865546218487395,83.87439983445422,100.0,10.4,0.8666666666666667,0.7347745329374447,0.0,12,6.492798013450738,0.4,8.817294395249336,0.0,0.0,0.0,100.0,1.0,0.0,100.0,1.0,0.0,100.0,1.0,0.0,100.0,1.0,0.0,100.0,1.0,0.0,100.0,1.0,0.0,100.0,1.0,0.0,100.0,1.0,0.0,100.0,1.0,0.0,100.0,1.0,0.0
308,actuated,17,17,532.5662926579085,133.14157316447714,7155387.082376428,596282.2568647023,10930.4,112.68453608247422,149939.96087196824,1545.7727924945182,97.0,0.7920612426131455,83.4703806335013,87.4,52,1.7060093451896774,0.9010309278350516,83.4703806335013,100.0,10.4,0.8666666666666667,0.6953509617053593,0.0,12,0.0,0.2,0.0,1.6445676020157407,0.2,8.344211540464311,100.0,1.0,0.0,100.0,1.0,0.0,100.0,1.0,0.0,100.0,1.0,0.0,100.0,1.0,0.0,100.0,1.0,0.0,100.0,1.0,0.0,100.0,1.0,0.0,100.0,1.0,0.0,100.0,1.0,0.0
309,actuated,17,17,104.20562625254226,40.07908702020856,8538138.699135471,711511.5582612893,11379.4,115.87983706720978,151910.09002487914,1546.9459269335962,98.2,0.7823894587239385,84.9479339310733,92.0,53,1.7758931640005569,0.9368635437881874,84.9479339310733,100.0,10.6,0.8833333333333333,1.405682780631772,0.0,12,7.112660586994934,0.2,8.713280413765462,12.262546585884593,0.4,8.154912953815801,100.0,1.0,0.0,100.0,1.0,0.0,100.0,1.0,0.0,100.0,1.0,0.0,100.0,1.0,0.0,100.0,1.0,0.0,100.0,1.0,0.0,100.0,1.0,0.0,100.0,1.0,0.0,100.0,1.0,0.0
310,actuated,17,17,805.4557476003772,251.70492112511786,8020234.949919316,668352.9124932763,11848.2,116.61614173228347,156348.8934762807,1538.8670617744165,101.6,0.3078521846070897,83.33333333333333,95.6,51,0.7701459428964968,0.9409448818897638,83.33333333333333,100.0,10.2,0.85,0.0,0.0,12,0.0,0.2,0.0,0.0,0.0,0.0,100.0,1.0,0.0,100.0,1.0,0.0,100.0,1.0,0.0,100.0,1.0,0.0,100.0,1.0,0.0,100.0,1.0,0.0,100.0,1.0,0.0,100.0,1.0,0.0,100.0,1.0,0.0,100.0,1.0,0.0
311,actuated,0,17,816.1469464886355,156.95133586319915,6002139.704403466,500178.3087002888,11138.2,110.27920792079208,159061.05176495315,1574.8618986629026,101.0,0.44168630772332296,84.38986302770331,90.6,53,0.6770705375139789,0.897029702970297,84.38986302770331,100.0,10.6,0.8833333333333333,0.4079613845195911,0.0,12,92.67835633243976,1.0,4.895536614235093,0.0,0.0,0.0,100.0,1.0,0.0,100.0,1.0,0.0,100.0,1.0,0.0,100.0,1.0,0.0,60.0,0.8,0.0,60.0,0.8,0.0,100.0,1.0,0.0,100.0,1.0,0.0,100.0,1.0,0.0,100.0,1.0,0.0
312,actuated,0,0,702.8452452629183,117.14087421048639,8551058.10039485,712588.1750329043,9967.6,100.88663967611336,157315.60999140414,1592.263259022309,98.8,0.5882699949576596,80.98661835541293,82.0,51,0.7368602061798117,0.8299595141700404,80.98661835541293,100.0,10.2,0.85,0.34234733167433135,0.0,12,100.0,1.0,0.0,0.0,0.0,0.0,100.0,1.0,0.0,100.0,1.0,0.0,100.0,1.0,0.0,100.0,1.0,0.0,39.85715123733826,0.6,1.9801709283376878,31.982269027616894,0.6,2.1279970517542885,100.0,1.0,0.0,100.0,1.0,0.0,100.0,1.0,0.0,100.0,1.0,0.0
313,actuated,0,0,626.6859571800467,104.44765953000778,5756625.245893023,479718.77049108525,8748.4,90.5631469979296,157245.1137973924,1627.7962090827373,96.6,0.6650621815572063,81.53819717339918,74.2,55,0.91322767452506,0.7681159420289855,81.53819717339918,100.0,10.999999999999998,0.9166666666666666,1.4646399404344035,0.0,12,100.0,1.0,0.0,82.418651513226,1.0,7.129854523262272,100.0,1.0,0.0,100.0,1.0,0.0,100.0,1.0,0.0,100.0,1.0,0.0,35.21655388327417,0.6,4.079814602933746,24.96618218122876,0.8,4.1024714805236275,100.0,1.0,0.0,100.0,1.0,0.0,100.0,1.0,0.0,35.85697850306133,0.6,2.2635386784931986
314,actuated,0,0,920.8174851863154,164.43169378327062,5438287.961342899,453190.6634452416,8627.8,89.87291666666667,155889.05378515754,1623.8443102620577,96.0,0.8210799784340935,86.45882715589664,75.2,58,1.4353576649909967,0.7833333333333333,86.45882715589664,100.0,11.6,0.9666666666666667,0.9216877340648321,0.0,12,100.0,1.0,0.0,100.0,1.0,0.0,100.0,1.0,0.0,100.0,1.0,0.0,100.0,1.0,0.0,100.0,1.0,0.0,11.36519982439495,0.8,5.686373552195976,26.14072604636476,0.8,5.3738792565820095,100.0,1.0,0.0,100.0,1.0,0.0,100.0,1.0,0.0,100.0,1.0,0.0
315,actuated,0,0,568.7044718072186,113.74089436144372,7626748.027196837,635562.3355997364,8925.6,93.95368421052632,154653.24204870343,1627.9288636705626,95.0,1.0276717991334623,87.07517272077173,78.2,56,1.8854703592724626,0.8231578947368421,87.07517272077173,100.0,11.2,0.9333333333333332,1.1689022689470965,0.0,12,100.0,1.0,0.0,100.0,1.0,0.0,100.0,1.0,0.0,100.0,1.0,0.0,100.0,1.0,0.0,100.0,1.0,0.0,16.246673137943617,0.8,7.044144811977729,28.655399511317228,0.4,6.982682415387429,100.0,1.0,0.0,100.0,1.0,0.0,100.0,1.0,0.0,100.0,1.0,0.0
316,actuated,0,0,1033.447553685966,215.30157368457628,6404890.8126003165,533740.9010500264,9327.4,99.86509635974303,149661.2694384292,1602.3690518033104,93.4,1.099045975618735,86.17317057423936,83.0,57,2.258590269693679,0.8886509635974305,86.17317057423936,100.0,11.399999999999999,0.9500000000000001,1.3642643296334196,0.0,12,100.0,1.0,0.0,100.0,1.0,0.0,100.0,1.0,0.0,100.0,1.0,0.0,100.0,1.0,0.0,100.0,1.0,0.0,14.47670198042033,0.8,8.152887969987885,19.6013449104521,0.6,8.218283985613148,100.0,1.0,0.0,100.0,1.0,0.0,100.0,1.0,0.0,100.0,1.0,0.0
317,actuated,0,0,711.0350908785608,136.7375174766463,5824405.070971422,485367.0892476185,9744.0,106.14379084967321,145564.05574520183,1585.6650952636367,91.8,1.177953820015289,83.79616223969606,84.2,53,2.360655712675424,0.9172113289760349,83.79616223969606,100.0,10.600000000000001,0.8833333333333333,1.3754059592446968,0.0,12,100.0,1.0,0.0,100.0,1.0,0.0,100.0,1.0,0.0,100.0,1.0,0.0,100.0,1.0,0.0,100.0,1.0,0.0,0.7432771859112108,0.2,7.842536839971733,4.8106696904415,0.4,8.66233467096463,100.0,1.0,0.0,100.0,1.0,0.0,100.0,1.0,0.0,100.0,1.0,0.0
318,actuated,0,0,903.7408823742869,188.27935049464313,6787610.261635616,565634.1884696347,10169.0,109.81641468682506,144454.79088152628,1559.9869425650786,92.6,1.6333680056056832,83.33333333333333,86.4,51,3.8909227141608964,0.9330453563714903,83.33333333333333,100.0,10.2,0.85,0.0,0.0,12,100.0,1.0,0.0,100.0,1.0,0.0,100.0,1.0,0.0,100.0,1.0,0.0,100.0,1.0,0.0,100.0,1.0,0.0,0.0,0.2,0.0,0.0,0.0,0.0,100.0,1.0,0.0,100.0,1.0,0.0,100.0,1.0,0.0,100.0,1.0,0.0
319,actuated,0,0,615.9768919254514,133.9080199837938,6616853.770823036,551404.4809019197,10602.6,112.31567796610169,148000.07170193782,1567.7973697239177,94.4,1.6845161722025872,84.10711810373262,87.8,53,3.925295132073075,0.9300847457627118,84.10711810373262,100.0,10.6,0.8833333333333333,0.686678492068313,0.0,12,100.0,1.0,0.0,100.0,1.0,0.0,100.0,1.0,0.0,100.0,1.0,0.0,100.0,1.0,0.0,100.0,1.0,0.0,9.28541724479146,0.6,8.240141904819756,0.0,0.0,0.0,100.0,1.0,0.0,100.0,1.0,0.0,100.0,1.0,0.0,100.0,1.0,0.0
320,actuated,0,0,726.783247015139,151.4131764614873,7318511.685950538,609875.9738292116,11042.2,115.74633123689728,150023.0013651647,1572.5681484818103,95.4,1.2634935884251015,84.27056151712804,88.8,52,3.189466849803232,0.9308176100628931,84.27056151712804,100.0,10.4,0.8666666666666667,0.74095557138789,0.0,12,100.0,1.0,0.0,100.0,1.0,0.0,100.0,1.0,0.0,100.0,1.0,0.0,100.0,1.0,0.0,100.0,1.0,0.0,11.24673820553653,0.4,8.89146685665468,0.0,0.0,0.0,100.0,1.0,0.0,100.0,1.0,0.0,100.0,1.0,0.0,100.0,1.0,0.0
321,actuated,0,0,838.1495659656973,199.55942046802318,7191472.696735067,599289.391394589,11488.2,117.94866529774127,152372.41853578802,1564.3985475953596,97.4,0.6335891338578847,83.70296894597156,90.6,51,1.3483112057316993,0.9301848049281314,83.70296894597156,100.0,10.2,0.85,0.7240374205013117,0.0,12,100.0,1.0,0.0,100.0,1.0,0.0,100.0,1.0,0.0,100.0,1.0,0.0,100.0,1.0,0.0,100.0,1.0,0.0,4.435627351658695,0.2,8.68844904601574,0.0,0.0,0.0,100.0,1.0,0.0,100.0,1.0,0.0,100.0,1.0,0.0,100.0,1.0,0.0
322,actuated,0,0,577.1166667975001,144.27916669937503,7852064.72373448,654338.7269778734,11944.0,121.62932790224032,153879.27076999508,1566.9986840121699,98.2,0.9646900969916287,83.33333333333333,92.4,51,2.026905975657173,0.9409368635437881,83.33333333333333,100.0,10.2,0.85,0.0,0.0,12,100.0,1.0,0.0,100.0,1.0,0.0,100.0,1.0,0.0,100.0,1.0,0.0,100.0,1.0,0.0,100.0,1.0,0.0,0.0,0.2,0.0,0.0,0.0,0.0,100.0,1.0,0.0,100.0,1.0,0.0,100.0,1.0,0.0,100.0,1.0,0.0
323,actuated,0,0,1043.8025025773863,217.45885470362217,6029773.87233215,502481.15602767916,12405.2,125.0524193548387,155168.42312383148,1564.1978137483013,99.2,1.3330096882287763,84.8709930552305,92.8,54,2.9478408905207987,0.9354838709677419,84.8709930552305,100.0,10.8,0.9,1.443909580446774,0.0,12,100.0,1.0,0.0,100.0,1.0,0.0,100.0,1.0,0.0,100.0,1.0,0.0,100.0,1.0,0.0,100.0,1.0,0.0,14.16721024736944,0.4,8.802324743010036,4.284706415396613,0.4,8.524590222351254,100.0,1.0,0.0,100.0,1.0,0.0,100.0,1.0,0.0,100.0,1.0,0.0
324,actuated,0,0,357.9940034708149,105.29235396200438,7541880.151360196,628490.0126133497,12874.6,131.64212678936605,151081.14347263175,1544.7969680228193,97.8,1.7792755535933624,83.33333333333333,94.6,51,4.08760426775729,0.967280163599182,83.33333333333333,100.0,10.2,0.85,0.0,0.0,12,100.0,1.0,0.0,100.0,1.0,0.0,100.0,1.0,0.0,100.0,1.0,0.0,100.0,1.0,0.0,100.0,1.0,0.0,0.0,0.2,0.0,0.0,0.0,0.0,100.0,1.0,0.0,100.0,1.0,0.0,100.0,1.0,0.0,100.0,1.0,0.0
325,actuated,0,0,917.9808074010696,229.4952018502674,8795092.522357516,732924.3768631263,13351.0,132.45039682539684,155684.38536256913,1544.4879500254874,100.8,1.5580577325489857,84.26320750852294,96.6,51,3.9090200930391887,0.9583333333333334,84.26320750852294,100.0,10.2,0.85,0.7468154971642779,0.0,12,100.0,1.0,0.0,100.0,1.0,0.0,100.0,1.0,0.0,100.0,1.0,0.0,100.0,1.0,0.0,100.0,1.0,0.0,11.15849010227521,0.2,8.961785965971334,0.0,0.0,0.0,100.0,1.0,0.0,100.0,1.0,0.0,100.0,1.0,0.0,100.0,1.0,0.0
326,actuated,0,0,1129.5562819123288,217.22236190621706,6601469.976844387,550122.4980703656,13651.6,135.16435643564355,155783.05863370077,1542.4065211257503,101.0,1.5923943965129106,83.33333333333333,96.2,50,3.886981408199787,0.9524752475247524,83.33333333333333,100.0,10.0,0.8333333333333334,0.0,0.0,12,100.0,1.0,0.0,100.0,1.0,0.0,100.0,1.0,0.0,100.0,1.0,0.0,100.0,1.0,0.0,100.0,1.0,0.0,0.0,0.0,0.0,0.0,0.0,0.0,100.0,1.0,0.0,100.0,1.0,0.0,100.0,1.0,0.0,100.0,1.0,0.0
327,actuated,0,0,872.9054969841302,207.8346421390786,6539378.746705002,544948.2288920835,12817.0,125.65686274509804,156733.9257709437,1536.6071154014087,102.0,1.1841211844926676,77.4924622666246,94.6,49,3.233561865973064,0.9274509803921569,77.4924622666246,100.0,9.8,0.8166666666666668,0.8507442564538285,0.0,12,100.0,1.0,0.0,100.0,1.0,0.0,100.0,1.0,0.0,100.0,1.0,0.0,100.0,1.0,0.0,100.0,1.0,0.0,3.3142792915077735,0.2,8.310091595724225,0.0,0.0,0.0,26.595267907987363,0.6,1.8988394817217162,100.0,1.0,0.0,100.0,1.0,0.0,100.0,1.0,0.0
328,actuated,0,0,604.2528341289525,167.84800948026458,8199191.600299234,683265.9666916028,12103.6,115.93486590038314,159751.87183159252,1530.1903432144877,104.4,0.5357696307772506,83.33333333333333,94.6,51,1.1604501008103811,0.9061302681992337,83.33333333333333,100.0,10.2,0.85,0.0,0.0,12,100.0,1.0,0.0,100.0,1.0,0.0,100.0,1.0,0.0,100.0,1.0,0.0,100.0,1.0,0.0,100.0,1.0,0.0,0.0,0.2,0.0,0.0,0.0,0.0,100.0,1.0,0.0,100.0,1.0,0.0,100.0,1.0,0.0,100.0,1.0,0.0
329,actuated,4,0,1298.9067189104312,209.50108369523085,4031021.572639006,335918.46438658383,10056.4,97.44573643410853,161135.1405205094,1561.3870205475716,103.2,0.8390492456384298,73.33333333333333,88.0,47,1.6280809570289576,0.8527131782945736,73.33333333333333,100.0,9.4,0.7833333333333333,0.0,0.0,12,100.0,1.0,0.0,100.0,1.0,0.0,100.0,1.0,0.0,100.0,1.0,0.0,100.0,1.0,0.0,100.0,1.0,0.0,0.0,0.0,0.0,0.0,0.0,0.0,100.0,1.0,0.0,60.0,0.8,0.0,60.0,0.8,0.0,60.0,0.8,0.0
330,actuated,4,4,1180.3767627697243,184.43386918276943,4957541.816045383,413128.4846704486,7618.2,74.83497053045187,162686.28402987102,1598.097092631346,101.8,1.142964371618178,66.42926472609854,78.8,47,2.221764643169383,0.7740667976424361,66.42926472609854,100.0,9.4,0.7833333333333333,1.9376144271841884,0.0,12,100.0,1.0,0.0,100.0,1.0,0.0,100.0,1.0,0.0,100.0,1.0,0.0,100.0,1.0,0.0,100.0,1.0,0.0,7.721525752126581,0.4,8.638720170315356,4.6373254613399695,0.4,8.598929551802577,100.0,1.0,0.0,32.18263772107093,0.6,2.0261101242036395,32.83805888534516,0.6,1.6963952990798523,19.77162889329975,0.4,2.2912179808088333
331,actuated,4,4,928.1530466236602,178.49097050455003,4891060.229547923,407588.35246232693,5961.2,59.85140562248996,163420.15621927433,1640.764620675445,99.6,0.7239781413606345,64.88734319675739,75.6,46,1.120001955720954,0.7590361445783133,64.88734319675739,100.0,9.2,0.7666666666666666,0.9660365591513559,0.0,12,100.0,1.0,0.0,100.0,1.0,0.0,100.0,1.0,0.0,100.0,1.0,0.0,100.0,1.0,0.0,100.0,1.0,0.0,0.0,0.0,0.0,0.0,0.0,0.0,100.0,1.0,0.0,22.128286463353106,0.8,3.7264219533999277,24.66283471334009,0.8,3.8865118059950774,31.856997184395368,0.6,3.9795049504212647
332,actuated,4,4,262.5275662352699,62.50656338934997,9662166.92851356,805180.57737613,6215.2,64.33954451345755,159678.85230190255,1652.9901894606887,96.6,1.0881029950090955,63.19695441333314,76.2,47,1.6861883948326115,0.7888198757763976,63.19695441333314,100.0,9.4,0.7833333333333333,1.2919359276976512,0.0,12,100.0,1.0,0.0,100.0,1.0,0.0,100.0,1.0,0.0,100.0,1.0,0.0,100.0,1.0,0.0,100.0,1.0,0.0,0.0,0.0,0.0,0.0,0.0,0.0,100.0,1.0,0.0,24.44241139717633,0.8,5.5957823600192125,18.72571913750562,0.8,4.685906227155612,15.19532242531568,0.8,5.221542545196991
333,actuated,4,4,100.23047872156535,25.057619680391337,8000100.2304787235,666675.0192065603,6595.0,70.61027837259101,156636.43758611142,1677.0496529562251,93.4,1.3721642032445542,62.58977730432207,76.8,46,2.0938736221046055,0.8222698072805139,62.58977730432207,100.0,9.200000000000001,0.7666666666666667,1.6447297596970112,0.0,12,100.0,1.0,0.0,100.0,1.0,0.0,100.0,1.0,0.0,100.0,1.0,0.0,100.0,1.0,0.0,100.0,1.0,0.0,0.0,0.0,0.0,0.0,0.0,0.0,100.0,1.0,0.0,16.26170504833226,0.6,6.851800980320542,15.942213676285064,0.8,5.911321795538079,18.87340892724751,0.8,6.973634340505513
334,actuated,4,4,520.9506249206634,113.25013585231812,7200825.846281035,600068.8205234195,6976.2,76.49342105263158,147565.19018196757,1618.0393660303462,91.2,1.3592212350769128,70.75052883120141,77.4,48,2.147706932742114,0.8486842105263158,70.75052883120141,100.0,9.600000000000001,0.8000000000000002,2.5053363702462104,0.0,12,100.0,1.0,0.0,100.0,1.0,0.0,100.0,1.0,0.0,100.0,1.0,0.0,100.0,1.0,0.0,100.0,1.0,0.0,85.3845075877689,1.0,6.6543890535724515,0.0,0.0,0.0,100.0,1.0,0.0,16.186884951061984,0.8,7.305905119203178,23.741831670772626,0.4,7.626005005160593,23.69312176481344,0.4,8.4777372650183
335,actuated,4,4,161.1101367544348,38.35955637010352,7309006.6385392295,609083.8865449358,7363.0,81.99331848552339,147228.99010559527,1639.5210479464952,89.8,1.3217230196433625,68.59380231314351,78.6,45,2.053400438537298,0.8752783964365256,68.59380231314351,100.0,9.0,0.75,2.137441446475814,0.0,12,100.0,1.0,0.0,100.0,1.0,0.0,100.0,1.0,0.0,100.0,1.0,0.0,100.0,1.0,0.0,100.0,1.0,0.0,100.0,1.0,0.0,0.0,0.0,0.0,100.0,1.0,0.0,0.43247485071788105,0.4,8.02283314457163,11.342662354222739,0.4,8.816272306895495,11.350490552781594,0.2,8.810191906242645
336,actuated,4,4,239.08476437074447,47.816952874148896,7705517.574164185,642126.4645136821,7753.2,86.14666666666666,145357.43730267434,1615.0826366963818,90.0,1.3622051383654337,68.03301050029518,78.8,44,2.0252996612517267,0.8755555555555555,68.03301050029518,100.0,8.799999999999999,0.7333333333333333,2.1597751551851356,0.0,12,100.0,1.0,0.0,100.0,1.0,0.0,100.0,1.0,0.0,100.0,1.0,0.0,100.0,1.0,0.0,100.0,1.0,0.0,100.0,1.0,0.0,0.0,0.0,0.0,100.0,1.0,0.0,4.304394007986048,0.4,8.634815473854541,11.371719223088803,0.2,8.793745082710357,0.7200127724672711,0.2,8.488741305656731
337,actuated,4,4,469.87171367567197,83.90566315637,6200734.364744584,516727.86372871534,8147.0,89.13566739606127,149699.0663690427,1637.8453650879947,91.4,1.548383382669276,68.04613621837386,79.8,43,2.1168694651738,0.8730853391684902,68.04613621837386,100.0,8.6,0.7166666666666667,1.4280891119699923,0.0,12,100.0,1.0,0.0,100.0,1.0,0.0,100.0,1.0,0.0,100.0,1.0,0.0,100.0,1.0,0.0,100.0,1.0,0.0,100.0,1.0,0.0,0.0,0.0,0.0,100.0,1.0,0.0,11.840747151868527,0.2,8.445413006240871,0.0,0.0,0.0,4.712887468617737,0.4,8.691656337399035
338,actuated,4,4,426.68377386988124,73.56616790860022,6000735.688823809,500061.30740198406,8542.2,94.07709251101322,146921.88275332912,1618.0824091776335,90.8,1.6195612898531961,70.46619864839272,79.6,45,2.2576881248274026,0.8766519823788547,70.46619864839272,100.0,8.999999999999998,0.7499999999999999,2.1696660796572322,0.0,12,100.0,1.0,0.0,100.0,1.0,0.0,100.0,1.0,0.0,100.0,1.0,0.0,100.0,1.0,0.0,100.0,1.0,0.0,100.0,1.0,0.0,12.31207612815524,0.2,8.122107023958382,100.0,1.0,0.0,11.410512257325536,0.2,8.763848435971848,21.871795395231857,0.4,9.150037495956557,0.0,0.2,0.0
339,actuated,4,4,238.66473610960688,47.73294722192138,8112315.30916852,676026.2757640433,8942.0,98.69757174392936,146201.3505160023,1613.701440573977,90.6,1.6539888833285399,70.29774023619932,81.2,47,2.6782602580447707,0.8962472406181016,70.29774023619932,100.0,9.4,0.7833333333333333,2.428087657359988,0.0,12,100.0,1.0,0.0,100.0,1.0,0.0,100.0,1.0,0.0,100.0,1.0,0.0,100.0,1.0,0.0,100.0,1.0,0.0,100.0,1.0,0.0,31.754669587094213,0.4,3.9442665473066305,100.0,1.0,0.0,5.982239456006937,0.4,8.393147796019912,4.191688058472209,0.2,8.420582270435986,1.644285732818389,0.4,8.379055274557322
