step,control_mode,phase,prev_phase,TotalTravelTime,AvgTravelTime,TotalTravelTime_Raw,AvgTravelTime_Raw,TotalWaitingTime,AvgWaitingTime,TotalCO2,AvgCO2,VehCount,AvgSpeed,AvgOccupancy,QueueLength,Throughput,SpeedStd,HaltRatio,det_occ_mean,det_occ_max,det_veh_sum,det_veh_mean,det_speed_mean,det_speed_min,n_detectors,d0_occ,d0_veh,d0_speed,d1_occ,d1_veh,d1_speed,d2_occ,d2_veh,d2_speed,d3_occ,d3_veh,d3_speed,d4_occ,d4_veh,d4_speed,d5_occ,d5_veh,d5_speed,d6_occ,d6_veh,d6_speed,d7_occ,d7_veh,d7_speed,d8_occ,d8_veh,d8_speed,d9_occ,d9_veh,d9_speed,d10_occ,d10_veh,d10_speed,d11_occ,d11_veh,d11_speed
0,actuated,0,0,1172.6488810912672,108.57860010104325,771660.8756198345,64305.072968319546,237.8,4.0580204778157,95565.21369576205,1630.8056944669293,58.6,2.598685035266447,60.79514064926872,30.4,42,3.9622806069632532,0.5187713310580204,60.79514064926872,100.0,8.4,0.7000000000000001,1.2586076575927396,0.0,12,100.0,1.0,0.0,100.0,1.0,0.0,100.0,1.0,0.0,40.48465670897798,1.0,4.035036549830142,6.814103778335721,0.4,3.4719649127000753,0.0,0.0,0.0,0.0,0.0,0.0,0.0,0.0,0.0,100.0,1.0,0.0,82.24292730391085,1.0,7.596290428582659,100.0,1.0,0.0,100.0,1.0,0.0
1,actuated,0,0,1183.126328369825,118.31263283698249,1039656.8891305651,86638.07409421376,415.4,6.657051282051282,99484.06102428418,1594.2958497481438,62.4,2.282227343771651,59.15463687785165,42.2,38,3.6527215867870018,0.6762820512820513,59.15463687785166,100.0,7.6,0.6333333333333333,0.5493311075292842,0.0,12,100.0,1.0,0.0,100.0,1.0,0.0,100.0,1.0,0.0,86.57993676591474,1.0,4.938459173625038,0.0,0.0,0.0,0.0,0.0,0.0,0.0,0.0,0.0,0.0,0.0,0.0,100.0,1.0,0.0,23.2757057683051,0.6,1.6535141167263723,100.0,1.0,0.0,100.0,1.0,0.0
2,actuated,0,0,1183.1036630986468,118.31036630986469,2442094.4820040986,203507.87350034155,648.8,9.541176470588235,107626.54748599371,1582.7433453822605,68.0,2.054183237798801,72.93144398108481,51.4,44,3.4292899151493565,0.7558823529411764,72.93144398108481,100.0,8.8,0.7333333333333334,0.4001231400546446,0.0,12,100.0,1.0,0.0,100.0,1.0,0.0,100.0,1.0,0.0,100.0,1.0,0.0,75.17732777301774,0.8,4.8014776806557355,0.0,0.0,0.0,0.0,0.0,0.0,0.0,0.0,0.0,100.0,1.0,0.0,100.0,1.0,0.0,100.0,1.0,0.0,100.0,1.0,0.0
3,actuated,0,0,1181.1739430428947,128.38847206987987,8313316.700812372,692776.3917343643,922.4,12.77562326869806,115844.32986868017,1604.4921034443237,72.2,2.1495363023459584,75.98583937226057,58.2,46,3.757271990547445,0.8060941828254847,75.98583937226057,100.0,9.2,0.7666666666666666,0.7044194662788227,0.0,12,100.0,1.0,0.0,100.0,1.0,0.0,100.0,1.0,0.0,100.0,1.0,0.0,100.0,1.0,0.0,0.0,0.0,0.0,11.83007246712691,0.2,8.453033595345872,0.0,0.0,0.0,100.0,1.0,0.0,100.0,1.0,0.0,100.0,1.0,0.0,100.0,1.0,0.0
4,actuated,0,0,834.381772902685,94.8161105571233,7977344.142979436,664778.6785816196,1224.0,16.147757255936675,120693.40276548355,1592.2612502042684,75.8,2.1893950406611395,76.17350205660604,63.2,46,3.8316097578202615,0.8337730870712401,76.17350205660604,100.0,9.2,0.7666666666666666,0.4397211850123231,0.0,12,100.0,1.0,0.0,100.0,1.0,0.0,100.0,1.0,0.0,100.0,1.0,0.0,100.0,1.0,0.0,14.082024679272536,0.2,5.276654220147877,0.0,0.0,0.0,0.0,0.0,0.0,100.0,1.0,0.0,100.0,1.0,0.0,100.0,1.0,0.0,100.0,1.0,0.0
5,actuated,0,0,967.0256798210279,134.30912219736499,3439719.0493908687,286643.25411590573,1552.6,19.359102244389028,126065.40802614953,1571.8878806253058,80.2,1.174605174967092,84.29354945693451,69.8,51,2.6379130933176422,0.8703241895261845,84.29354945693451,100.0,10.2,0.85,0.7232168127317075,0.0,12,100.0,1.0,0.0,100.0,1.0,0.0,100.0,1.0,0.0,100.0,1.0,0.0,100.0,1.0,0.0,100.0,1.0,0.0,11.522593483214223,0.2,8.678601752780489,0.0,0.0,0.0,100.0,1.0,0.0,100.0,1.0,0.0,100.0,1.0,0.0,100.0,1.0,0.0
6,actuated,0,0,2043.6380934911826,212.8789680719982,2006514.4052548795,167209.53377123995,1909.0,22.83492822966507,130573.35050330963,1561.882183053943,83.6,1.8007349534683155,83.33333333333333,73.2,50,3.8223704180687004,0.8755980861244019,83.33333333333333,100.0,10.0,0.8333333333333334,0.0,0.0,12,100.0,1.0,0.0,100.0,1.0,0.0,100.0,1.0,0.0,100.0,1.0,0.0,100.0,1.0,0.0,100.0,1.0,0.0,0.0,0.0,0.0,0.0,0.0,0.0,100.0,1.0,0.0,100.0,1.0,0.0,100.0,1.0,0.0,100.0,1.0,0.0
7,actuated,0,0,1626.8264636576564,203.35330795720705,2908751.9316359726,242395.99430299771,2282.6,25.938636363636363,135864.11851537132,1543.910437674674,88.0,2.0234105737129955,83.67964003048722,77.2,51,4.049859029991553,0.8772727272727273,83.67964003048722,100.0,10.2,0.85,0.6738588950907191,0.0,12,100.0,1.0,0.0,100.0,1.0,0.0,100.0,1.0,0.0,100.0,1.0,0.0,100.0,1.0,0.0,100.0,1.0,0.0,4.155680365846592,0.2,8.08630674108863,0.0,0.0,0.0,100.0,1.0,0.0,100.0,1.0,0.0,100.0,1.0,0.0,100.0,1.0,0.0
8,actuated,0,0,1708.5147646759283,237.29371731610115,3509387.567771175,292448.96398093126,2683.8,29.42763157894737,140648.17948714216,1542.1949505169096,91.2,1.7298427874520814,83.33333333333333,83.6,51,4.010795005404601,0.9166666666666666,83.33333333333333,100.0,10.2,0.85,0.0,0.0,12,100.0,1.0,0.0,100.0,1.0,0.0,100.0,1.0,0.0,100.0,1.0,0.0,100.0,1.0,0.0,100.0,1.0,0.0,0.0,0.2,0.0,0.0,0.0,0.0,100.0,1.0,0.0,100.0,1.0,0.0,100.0,1.0,0.0,100.0,1.0,0.0
9,actuated,0,0,1316.1378148747383,263.22756297494766,3342174.94143995,278514.57845332916,3115.0,32.92811839323467,143932.00046341776,1521.4799203321115,94.6,1.507397443796684,83.33333333333333,89.2,50,3.8339306306712326,0.9429175475687104,83.33333333333333,100.0,10.0,0.8333333333333334,0.0,0.0,12,100.0,1.0,0.0,100.0,1.0,0.0,100.0,1.0,0.0,100.0,1.0,0.0,100.0,1.0,0.0,100.0,1.0,0.0,0.0,0.0,0.0,0.0,0.0,0.0,100.0,1.0,0.0,100.0,1.0,0.0,100.0,1.0,0.0,100.0,1.0,0.0
10,actuated,0,0,1367.5131373015429,262.9832956349121,9679681.353434611,806640.1127862176,3566.8,36.69547325102881,149575.8858736483,1538.8465624860937,97.2,1.7774871847134015,83.33333333333333,92.0,50,4.026032281134742,0.9465020576131687,83.33333333333333,100.0,10.0,0.8333333333333334,0.0,0.0,12,100.0,1.0,0.0,100.0,1.0,0.0,100.0,1.0,0.0,100.0,1.0,0.0,100.0,1.0,0.0,100.0,1.0,0.0,0.0,0.0,0.0,0.0,0.0,0.0,100.0,1.0,0.0,100.0,1.0,0.0,100.0,1.0,0.0,100.0,1.0,0.0
11,actuated,0,0,780.2439798056016,162.550829126167,6811229.325729201,567602.4438107667,4033.2,40.73939393939394,152907.45709826634,1544.519768669357,99.0,1.8326357623050769,83.98856740966764,94.4,52,4.165569396519254,0.9535353535353536,83.98856740966764,100.0,10.4,0.8666666666666667,0.7165978060259173,0.0,12,100.0,1.0,0.0,100.0,1.0,0.0,100.0,1.0,0.0,100.0,1.0,0.0,100.0,1.0,0.0,100.0,1.0,0.0,7.862808916011659,0.4,8.599173672311007,0.0,0.0,0.0,100.0,1.0,0.0,100.0,1.0,0.0,100.0,1.0,0.0,100.0,1.0,0.0
12,actuated,0,0,363.64404644814624,82.6463741927605,7003417.751799214,583618.1459832678,4507.4,45.34607645875251,152534.42608431738,1534.5515702647624,99.4,1.4678004679912924,83.33333333333333,95.6,50,3.7929509037216746,0.9617706237424547,83.33333333333333,100.0,10.0,0.8333333333333334,0.0,0.0,12,100.0,1.0,0.0,100.0,1.0,0.0,100.0,1.0,0.0,100.0,1.0,0.0,100.0,1.0,0.0,100.0,1.0,0.0,0.0,0.0,0.0,0.0,0.0,0.0,100.0,1.0,0.0,100.0,1.0,0.0,100.0,1.0,0.0,100.0,1.0,0.0
13,actuated,0,0,459.77170136286105,135.2269709890768,11748407.73697831,979033.9780815258,4990.6,49.906,152669.3995109989,1526.693995109989,100.0,1.5859891609319867,83.33333333333333,97.4,50,3.9210934593143487,0.974,83.33333333333333,100.0,10.0,0.8333333333333334,0.0,0.0,12,100.0,1.0,0.0,100.0,1.0,0.0,100.0,1.0,0.0,100.0,1.0,0.0,100.0,1.0,0.0,100.0,1.0,0.0,0.0,0.0,0.0,0.0,0.0,0.0,100.0,1.0,0.0,100.0,1.0,0.0,100.0,1.0,0.0,100.0,1.0,0.0
14,actuated,0,0,417.0409608163318,139.01365360544392,8762526.43940508,730210.53661709,5481.2,54.05522682445759,155734.61639438648,1535.8443431399062,101.4,1.6702018108554362,84.29449511545376,99.0,51,4.039830325325518,0.9763313609467456,84.29449511545376,100.0,10.2,0.85,0.7225052611979893,0.0,12,100.0,1.0,0.0,100.0,1.0,0.0,100.0,1.0,0.0,100.0,1.0,0.0,100.0,1.0,0.0,100.0,1.0,0.0,11.533941385445132,0.2,8.670063134375871,0.0,0.0,0.0,100.0,1.0,0.0,100.0,1.0,0.0,100.0,1.0,0.0,100.0,1.0,0.0
15,actuated,0,0,409.35146518987443,146.1969518535266,9000637.482271604,750053.1235226337,5976.8,58.14007782101167,156318.1786035219,1520.6048502288122,102.8,1.3733569710944986,83.33333333333333,99.8,50,3.846119649199399,0.9708171206225681,83.33333333333333,100.0,10.0,0.8333333333333334,0.0,0.0,12,100.0,1.0,0.0,100.0,1.0,0.0,100.0,1.0,0.0,100.0,1.0,0.0,100.0,1.0,0.0,100.0,1.0,0.0,0.0,0.0,0.0,0.0,0.0,0.0,100.0,1.0,0.0,100.0,1.0,0.0,100.0,1.0,0.0,100.0,1.0,0.0
16,actuated,0,0,543.8279976323554,181.27599921078513,8403757.304616477,700313.1087180398,6482.0,62.088122605363985,160080.38173758375,1533.3369898235992,104.4,1.3958242031899224,83.33333333333333,102.2,50,3.8378137627997115,0.9789272030651341,83.33333333333333,100.0,10.0,0.8333333333333334,0.0,0.0,12,100.0,1.0,0.0,100.0,1.0,0.0,100.0,1.0,0.0,100.0,1.0,0.0,100.0,1.0,0.0,100.0,1.0,0.0,0.0,0.0,0.0,0.0,0.0,0.0,100.0,1.0,0.0,100.0,1.0,0.0,100.0,1.0,0.0,100.0,1.0,0.0
17,actuated,4,0,1511.3496578900333,236.1483840453177,4004398.9476862727,333699.91230718937,5903.8,57.99410609037328,160348.4270143609,1575.131896015333,101.8,1.5703479941598169,72.25352643792819,90.0,49,3.8332735656559733,0.8840864440078585,72.25352643792817,100.0,9.800000000000002,0.8166666666666669,0.7364337501426538,0.0,12,80.0,1.0,0.0,100.0,1.0,0.0,100.0,1.0,0.0,100.0,1.0,0.0,100.0,1.0,0.0,100.0,1.0,0.0,7.042317255138073,0.4,8.837205001711846,0.0,0.0,0.0,100.0,1.0,0.0,60.0,0.8,0.0,60.0,0.8,0.0,60.0,0.8,0.0
18,actuated,4,4,608.313143981705,101.38552399695084,4957611.451947862,413134.2876623219,5018.0,51.62551440329218,156858.38467215185,1613.7693896311919,97.2,1.3290634217158217,60.97285810891653,74.8,42,3.3947944075459526,0.7695473251028807,60.97285810891653,100.0,8.399999999999999,0.6999999999999998,0.6668999366112555,0.0,12,33.49844331813074,0.6,1.95216228226023,100.0,1.0,0.0,100.0,1.0,0.0,100.0,1.0,0.0,100.0,1.0,0.0,100.0,1.0,0.0,0.0,0.0,0.0,0.0,0.0,0.0,100.0,1.0,0.0,32.96425482568736,0.6,2.363044474250223,33.274644743740964,0.6,1.8141315898650894,31.936954419439303,0.6,1.873460892959522
19,actuated,4,4,241.99425464649,48.398850929298,9667104.412254434,805592.0343545362,4593.6,49.07692307692308,157358.50859824702,1681.1806474171692,93.6,0.8914710101877417,63.0462191047802,64.4,45,1.1565689828658077,0.688034188034188,63.04621910478019,100.0,9.0,0.75,1.3335205885398,0.0,12,73.53935819765695,0.8,3.6068772013535346,100.0,1.0,0.0,100.0,1.0,0.0,100.0,1.0,0.0,100.0,1.0,0.0,100.0,1.0,0.0,0.0,0.0,0.0,0.0,0.0,0.0,100.0,1.0,0.0,25.495781786337375,0.6,4.291559968482996,32.73272348851435,0.8,4.185934260324011,24.78676578485363,0.8,3.9178756323170587
20,actuated,4,4,184.35898158158165,36.87179631631633,6800394.165693581,566699.5138077984,4880.0,53.391684901531725,154125.91214485606,1686.2791263113354,91.4,1.51141874996588,63.44984381510932,67.0,46,2.0392823770232686,0.7330415754923414,63.44984381510931,100.0,9.2,0.7666666666666666,1.4531095351521621,0.0,12,100.0,1.0,0.0,100.0,1.0,0.0,100.0,1.0,0.0,100.0,1.0,0.0,100.0,1.0,0.0,100.0,1.0,0.0,0.0,0.0,0.0,0.0,0.0,0.0,100.0,1.0,0.0,22.229146622016742,0.8,5.861927302205862,17.870076539237516,0.8,5.774872945357486,21.298902620057447,0.6,5.800514174262597
21,actuated,4,4,748.5231610018207,124.75386016697011,6000748.523161003,500062.3769300836,5219.8,58.38702460850112,151713.87793138222,1697.023243080338,89.4,1.9751630647382987,61.88751943829525,70.2,49,2.810560026385388,0.785234899328859,61.88751943829525,100.0,9.800000000000002,0.8166666666666669,2.47092474390222,0.0,12,100.0,1.0,0.0,100.0,1.0,0.0,100.0,1.0,0.0,100.0,1.0,0.0,100.0,1.0,0.0,100.0,1.0,0.0,0.0,0.0,0.0,10.618074627362262,0.4,8.614572033099831,100.0,1.0,0.0,9.562606676539644,0.8,7.360453275881535,11.698675905850564,0.8,7.030228091882435,10.770876049790559,0.8,6.645843525962839
22,actuated,4,4,348.00538938609196,72.50112278876917,5440391.36718343,453365.9472652858,5577.4,64.55324074074075,141156.974284816,1633.7612764446296,86.4,1.4123150574222942,61.83207188921472,73.6,44,2.1765177114501504,0.8518518518518519,61.83207188921472,100.0,8.799999999999999,0.7333333333333333,2.038300390816134,0.0,12,100.0,1.0,0.0,100.0,1.0,0.0,100.0,1.0,0.0,100.0,1.0,0.0,100.0,1.0,0.0,100.0,1.0,0.0,0.0,0.0,0.0,0.0,0.0,0.0,100.0,1.0,0.0,16.342815385429503,0.6,8.309178559706664,14.170433534345648,0.6,8.239119048889421,11.471613750801453,0.6,7.911307081197524
23,actuated,4,4,690.4633189795207,132.7814074960617,5463802.609565871,455316.88413048926,5943.2,69.10697674418604,140699.90258131374,1636.0453788524853,86.0,1.2578716632568567,60.61956823231801,74.2,39,1.9646680370515415,0.8627906976744186,60.61956823231801,100.0,7.800000000000001,0.65,2.1817058315849125,0.0,12,100.0,1.0,0.0,100.0,1.0,0.0,100.0,1.0,0.0,100.0,1.0,0.0,100.0,1.0,0.0,100.0,1.0,0.0,0.0,0.0,0.0,0.0,0.0,0.0,100.0,1.0,0.0,10.92792255448046,0.2,9.150870122061754,11.210752268356146,0.2,8.920008007157863,5.296143964979478,0.4,8.109591849799338
24,actuated,4,4,97.07659601451687,24.269149003629217,12692567.29707406,1057713.9414228385,6315.2,73.26218097447796,141635.03654466913,1643.0978717479018,86.2,1.3520154723547964,59.68979383412938,75.6,40,2.0284997112183643,0.877030162412993,59.68979383412938,100.0,8.0,0.6666666666666666,2.163189375741576,0.0,12,100.0,1.0,0.0,100.0,1.0,0.0,100.0,1.0,0.0,100.0,1.0,0.0,100.0,1.0,0.0,100.0,1.0,0.0,0.0,0.0,0.0,0.0,0.0,0.0,100.0,1.0,0.0,0.8256198195789466,0.4,8.390829123941142,11.161742321056067,0.2,8.959174752794196,4.2901638689176025,0.4,8.608268632163579
25,actuated,4,4,237.0045457023562,56.429653738656235,9795674.434271159,816306.2028559298,6690.8,77.43981481481481,139704.06025798855,1616.9451418748674,86.4,1.234136515271483,65.84091836435036,76.2,42,1.950037850425098,0.8819444444444444,65.84091836435036,100.0,8.399999999999999,0.6999999999999998,1.9403088892440303,0.0,12,100.0,1.0,0.0,100.0,1.0,0.0,100.0,1.0,0.0,100.0,1.0,0.0,100.0,1.0,0.0,100.0,1.0,0.0,67.24122394795529,0.8,5.7677788187430625,0.0,0.0,0.0,100.0,1.0,0.0,11.147831374735802,0.2,8.970354559419405,11.701965049513205,0.2,8.545573292765896,0.0,0.2,0.0
26,actuated,4,4,283.88849843022535,67.59249962624413,7940516.897418094,661709.7414515078,7070.0,81.07798165137615,143186.47795448938,1642.0467655331352,87.2,1.3518998248916434,69.05872425059205,76.8,44,2.066060747775866,0.8807339449541285,69.05872425059205,100.0,8.799999999999999,0.7333333333333333,2.2090436780829825,0.0,12,100.0,1.0,0.0,100.0,1.0,0.0,100.0,1.0,0.0,100.0,1.0,0.0,100.0,1.0,0.0,100.0,1.0,0.0,100.0,1.0,0.0,0.0,0.0,0.0,100.0,1.0,0.0,6.500549777560423,0.4,8.4938399146311,11.088556629295567,0.2,9.018306290270782,11.115584600248667,0.2,8.996377932093909
27,actuated,4,4,406.8755649924975,81.3751129984995,7000406.875564992,583367.239630416,7450.0,84.85193621867882,144616.8612593413,1647.1168708353225,87.8,1.515127657165683,68.56881461676683,76.6,44,2.1366230040619474,0.8724373576309795,68.56881461676683,100.0,8.799999999999999,0.7333333333333333,2.247333118747971,0.0,12,100.0,1.0,0.0,100.0,1.0,0.0,100.0,1.0,0.0,100.0,1.0,0.0,100.0,1.0,0.0,100.0,1.0,0.0,100.0,1.0,0.0,0.0,0.0,0.0,100.0,1.0,0.0,1.203283862867579,0.4,8.467548549175262,10.724422633174981,0.2,9.324511297294412,10.898068905159448,0.2,9.175937578505971
28,actuated,4,4,305.44811998191176,69.42002726861631,7003910.038864814,583659.1699054012,7830.8,89.39269406392694,141528.34792991233,1615.6204101588164,87.6,1.4438848374458007,69.0098890985189,77.2,46,2.2776096781275412,0.8812785388127854,69.0098890985189,100.0,9.2,0.7666666666666666,2.877109890431227,0.0,12,100.0,1.0,0.0,100.0,1.0,0.0,100.0,1.0,0.0,100.0,1.0,0.0,100.0,1.0,0.0,100.0,1.0,0.0,100.0,1.0,0.0,10.922879021304652,0.2,9.15509544735906,100.0,1.0,0.0,3.0240222971332287,0.4,8.224428528521024,11.52765829979785,0.2,8.674788703769405,2.6441095639910372,0.4,8.471006005525236
29,actuated,4,4,356.0527789903636,84.7744711881818,7331831.052688862,610985.9210574052,8219.0,93.61047835990888,142530.15069750795,1623.3502357347147,87.8,1.3778264902285775,67.84885815311881,78.8,45,2.35049342533557,0.89749430523918,67.84885815311881,100.0,9.0,0.75,2.137470956519246,0.0,12,100.0,1.0,0.0,100.0,1.0,0.0,100.0,1.0,0.0,100.0,1.0,0.0,100.0,1.0,0.0,100.0,1.0,0.0,100.0,1.0,0.0,0.0,0.0,0.0,100.0,1.0,0.0,1.2950575855830948,0.4,8.23207146078348,2.4333917452082687,0.2,8.668570615537464,10.457848506634377,0.4,8.749009401910007
30,actuated,4,4,220.53911970304267,52.50931421501016,8179580.971608532,681631.7476340443,8609.8,97.83863636363637,141981.61381716974,1613.4274297405652,88.0,1.2615088656729132,68.78775972149356,78.8,45,1.9966055192781813,0.8954545454545455,68.78775972149356,100.0,9.0,0.75,2.174580694253852,0.0,12,100.0,1.0,0.0,100.0,1.0,0.0,100.0,1.0,0.0,100.0,1.0,0.0,100.0,1.0,0.0,100.0,1.0,0.0,100.0,1.0,0.0,0.0,0.0,0.0,100.0,1.0,0.0,11.544381320508705,0.2,8.662222532648764,10.988722283561856,0.4,9.10023908326367,2.9200130538521307,0.4,8.332506715133785
31,actuated,4,4,301.62502929532405,68.55114302166456,8056835.161760507,671402.930146709,9004.0,101.3963963963964,141828.16795257758,1597.164053520018,88.8,1.1855955160515137,67.6960181366789,80.0,42,1.8957452632816039,0.9009009009009009,67.6960181366789,100.0,8.399999999999999,0.6999999999999998,1.4434305315914837,0.0,12,100.0,1.0,0.0,100.0,1.0,0.0,100.0,1.0,0.0,100.0,1.0,0.0,100.0,1.0,0.0,100.0,1.0,0.0,100.0,1.0,0.0,0.0,0.0,0.0,100.0,1.0,0.0,11.233154631255502,0.2,8.902218769583808,1.1190630088913167,0.2,8.418947609513998,0.0,0.0,0.0
32,actuated,4,4,483.17332535028584,100.66110944797622,7024011.281141177,585334.2734284314,9403.4,102.88183807439825,146057.9206593287,1598.0078846753686,91.4,1.2776483528871918,68.357701921519,81.2,45,1.9868662689679053,0.888402625820569,68.35770192151898,100.0,9.0,0.75,2.13370266505888,0.0,12,100.0,1.0,0.0,100.0,1.0,0.0,100.0,1.0,0.0,100.0,1.0,0.0,100.0,1.0,0.0,100.0,1.0,0.0,100.0,1.0,0.0,0.0,0.0,0.0,100.0,1.0,0.0,6.912116757461035,0.2,8.254320017665433,4.277416109547403,0.4,8.637495711445808,9.10289019121933,0.4,8.712616251595318
33,actuated,4,4,364.2710724401353,75.88980675836153,6801804.017975095,566817.0014979246,9815.0,105.08565310492506,144965.46451780555,1552.0927678565906,93.4,0.9765840505817799,68.36460118815326,84.0,45,1.3733892152789116,0.8993576017130621,68.36460118815324,100.0,9.0,0.75,1.5604975357734083,0.0,12,100.0,1.0,0.0,100.0,1.0,0.0,100.0,1.0,0.0,100.0,1.0,0.0,100.0,1.0,0.0,100.0,1.0,0.0,100.0,1.0,0.0,4.25659591508861,0.2,6.877965288954777,100.0,1.0,0.0,13.619110230669094,0.4,4.936612972011044,2.49950811208123,0.4,6.91139216831508,0.0,0.0,0.0
34,actuated,9,4,805.6643178967844,149.1970959068119,5114165.519426035,426180.45995216956,9211.6,97.78768577494692,146827.0061131663,1558.6731009890268,94.2,0.6026908137540689,85.68255967528567,82.4,55,0.9942726109098858,0.8747346072186837,85.68255967528567,100.0,11.0,0.9166666666666666,0.699058322585188,0.0,12,100.0,1.0,0.0,100.0,1.0,0.0,60.0,0.8,0.0,60.0,0.8,0.0,100.0,1.0,0.0,100.0,1.0,0.0,100.0,1.0,0.0,100.0,1.0,0.0,100.0,1.0,0.0,100.0,1.0,0.0,100.0,1.0,0.0,8.19071610342803,0.4,8.388699871022256
35,actuated,9,9,765.7676897108142,119.65120151731472,5718846.587721032,476570.5489767527,8184.8,86.33755274261604,152760.802563496,1611.4008709229533,94.8,0.5674739696952454,80.08171085439632,76.4,51,0.6232864620422627,0.8059071729957806,80.08171085439632,100.0,10.2,0.85,0.3510406483251858,0.0,12,100.0,1.0,0.0,100.0,1.0,0.0,27.74065224125934,0.6,1.8980794596983572,33.23987801149656,0.6,2.314408320203872,100.0,1.0,0.0,100.0,1.0,0.0,100.0,1.0,0.0,100.0,1.0,0.0,100.0,1.0,0.0,100.0,1.0,0.0,100.0,1.0,0.0,0.0,0.0,0.0
36,actuated,9,9,610.0783513476609,92.4361138405547,4609310.57000002,384109.2141666683,7603.2,79.8655462184874,157296.19038455325,1652.2709074007696,95.2,0.8453811385107882,78.29328992339735,72.8,53,0.9587901033178172,0.7647058823529411,78.29328992339735,100.0,10.6,0.8833333333333333,0.6792025959646736,0.0,12,100.0,1.0,0.0,100.0,1.0,0.0,15.210507618506881,0.8,3.9331231685071453,24.308971462261297,0.8,4.217307983068938,100.0,1.0,0.0,100.0,1.0,0.0,100.0,1.0,0.0,100.0,1.0,0.0,100.0,1.0,0.0,100.0,1.0,0.0,100.0,1.0,0.0,0.0,0.0,0.0
37,actuated,9,9,632.136293680957,92.96121965896427,4749315.563196881,395776.2969330734,7932.4,83.67510548523207,157423.05069784942,1660.5807035638124,94.8,1.1181872985361765,84.08442166501297,74.4,54,1.4323559951203062,0.7848101265822784,84.08442166501298,100.0,10.799999999999999,0.8999999999999999,1.3865058044395753,0.0,12,100.0,1.0,0.0,100.0,1.0,0.0,24.33131302543302,0.6,5.876551561594326,31.172559870086616,0.6,6.059631297601248,100.0,1.0,0.0,100.0,1.0,0.0,100.0,1.0,0.0,100.0,1.0,0.0,100.0,1.0,0.0,100.0,1.0,0.0,100.0,1.0,0.0,53.509187084636096,0.6,4.701886794079332
38,actuated,9,9,631.2613629409913,112.72524338231987,6380470.916411222,531705.9097009351,8313.0,87.50526315789473,154704.87272198105,1628.4723444419058,95.0,1.0883648346577242,85.73513248085969,79.0,58,1.7907231204157006,0.8315789473684211,85.73513248085969,100.0,11.6,0.9666666666666667,1.1592800818046354,0.0,12,100.0,1.0,0.0,100.0,1.0,0.0,14.535363139750643,0.6,6.662938042663263,14.28622663056558,1.0,7.248422938992362,100.0,1.0,0.0,100.0,1.0,0.0,100.0,1.0,0.0,100.0,1.0,0.0,100.0,1.0,0.0,100.0,1.0,0.0,100.0,1.0,0.0,100.0,1.0,0.0
39,actuated,9,9,589.8076628478736,117.96153256957473,6495609.434803965,541300.7862336637,8711.0,92.67021276595744,151196.82638096155,1608.476876393208,94.0,0.9956522379710138,87.17415966158558,81.6,54,1.8952302715923135,0.8680851063829788,87.17415966158559,100.0,10.8,0.9,1.3567445438189256,0.0,12,100.0,1.0,0.0,100.0,1.0,0.0,21.451531949651326,0.4,8.15160165825373,24.638383989375825,0.4,8.129332867573376,100.0,1.0,0.0,100.0,1.0,0.0,100.0,1.0,0.0,100.0,1.0,0.0,100.0,1.0,0.0,100.0,1.0,0.0,100.0,1.0,0.0,100.0,1.0,0.0
40,actuated,9,9,1529.1036633275828,246.62962311735205,5601959.994066944,466829.9995055787,8635.4,90.51781970649895,152841.26978794005,1602.1097462048224,95.4,0.8259208699664583,79.48699855251316,82.2,53,1.5184107699543734,0.8616352201257862,79.48699855251316,100.0,10.8,0.9,0.8956220824656382,0.0,12,100.0,1.0,0.0,100.0,1.0,0.0,0.8216754356112688,0.6,8.599550175476812,40.0,0.6,0.0,13.022307194546556,0.6,2.1479148141108455,100.0,1.0,0.0,100.0,1.0,0.0,100.0,1.0,0.0,100.0,1.0,0.0,100.0,1.0,0.0,100.0,1.0,0.0,100.0,1.0,0.0
41,actuated,9,9,850.1425185158126,151.81116402068085,6129073.149563337,510756.09579694475,8332.0,85.19427402862986,155537.74921732384,1590.3655339194668,97.8,0.8523989336260092,88.68223455916213,80.2,55,1.486923617066833,0.820040899795501,88.68223455916213,100.0,11.0,0.9166666666666666,1.0116230302489564,0.0,12,100.0,1.0,0.0,100.0,1.0,0.0,10.876823688780632,0.2,9.193860529627717,53.30999102116493,0.8,2.9456158333597604,100.0,1.0,0.0,100.0,1.0,0.0,100.0,1.0,0.0,100.0,1.0,0.0,100.0,1.0,0.0,100.0,1.0,0.0,100.0,1.0,0.0,100.0,1.0,0.0
42,actuated,9,9,1075.6890532817736,168.0764145752771,6687760.115065668,557313.342922139,8659.0,87.2883064516129,158515.23377326186,1597.9358243272366,99.2,0.9204701794533819,83.80868764295315,83.8,52,1.5500178137822227,0.844758064516129,83.80868764295315,100.0,10.4,0.8666666666666667,0.7155063073771696,0.0,12,100.0,1.0,0.0,100.0,1.0,0.0,5.704251715437749,0.2,8.586075688526035,0.0,0.2,0.0,100.0,1.0,0.0,100.0,1.0,0.0,100.0,1.0,0.0,100.0,1.0,0.0,100.0,1.0,0.0,100.0,1.0,0.0,100.0,1.0,0.0,100.0,1.0,0.0
43,actuated,9,9,783.5549470811154,170.33803197415554,6556889.229297039,546407.4357747532,8890.0,87.67258382642999,158305.80525005088,1561.2012352076024,101.4,0.7973639209809079,80.83710506621316,85.4,54,1.532201292359193,0.8422090729783037,80.83710506621316,100.0,10.8,0.9,1.2091062388655451,0.0,12,100.0,1.0,0.0,100.0,1.0,0.0,8.045480489129204,0.6,9.045025518164039,29.91790891896244,0.6,3.4997571556805696,32.08187138646622,0.6,1.9644921925419332,100.0,1.0,0.0,100.0,1.0,0.0,100.0,1.0,0.0,100.0,1.0,0.0,100.0,1.0,0.0,100.0,1.0,0.0,100.0,1.0,0.0
44,actuated,9,9,633.3869094572336,126.67738189144673,6620388.9459432,551699.0788286,9296.8,91.68441814595661,159994.6112064593,1577.8561262964427,101.4,0.717566219524082,87.31091481555457,86.2,56,1.3380979181123396,0.8500986193293886,87.31091481555457,100.0,11.2,0.9333333333333332,0.9996418825583534,0.0,12,100.0,1.0,0.0,100.0,1.0,0.0,7.649332497006753,0.2,8.623977916128933,40.08164528964812,1.0,3.3717246745713076,100.0,1.0,0.0,100.0,1.0,0.0,100.0,1.0,0.0,100.0,1.0,0.0,100.0,1.0,0.0,100.0,1.0,0.0,100.0,1.0,0.0,100.0,1.0,0.0
45,actuated,9,9,429.44359476789396,89.46741557664458,8584056.57928588,715338.0482738233,9731.8,95.97435897435898,160847.18399598062,1586.2641419721956,101.4,0.7976134890049352,85.03025399834105,89.0,55,1.41652380401466,0.8777120315581854,85.03025399834105,100.0,11.0,0.9166666666666666,1.1887847815209136,0.0,12,100.0,1.0,0.0,100.0,1.0,0.0,11.25292705939728,0.4,8.88657675217848,9.110120920695408,0.6,5.378840626072485,100.0,1.0,0.0,100.0,1.0,0.0,100.0,1.0,0.0,100.0,1.0,0.0,100.0,1.0,0.0,100.0,1.0,0.0,100.0,1.0,0.0,100.0,1.0,0.0
46,actuated,9,9,387.55836282332956,113.98775377156753,7186545.749776776,598878.812481398,10128.0,101.28,158823.44982342672,1588.2344982342672,100.0,0.6846762747730237,83.5458044278163,90.6,52,1.4216836281044924,0.906,83.5458044278163,100.0,10.4,0.8666666666666667,0.5862202784589948,0.0,12,100.0,1.0,0.0,100.0,1.0,0.0,0.0,0.0,0.0,2.549653133795573,0.4,7.0346433415079375,100.0,1.0,0.0,100.0,1.0,0.0,100.0,1.0,0.0,100.0,1.0,0.0,100.0,1.0,0.0,100.0,1.0,0.0,100.0,1.0,0.0,100.0,1.0,0.0
47,actuated,9,9,246.94232594905188,77.16947685907871,7596230.365199916,633019.197099993,10325.6,103.0499001996008,156719.1419171135,1564.063292585963,100.2,0.6859621120201608,79.82410117735536,86.6,52,1.4024953360283674,0.8642714570858283,79.82410117735536,100.0,10.4,0.8666666666666667,1.3166360379908617,0.0,12,100.0,1.0,0.0,100.0,1.0,0.0,11.158696745249017,0.2,8.961620006617395,15.899106123054025,0.6,4.953654308245786,30.831411259961214,0.6,1.8843581410271597,100.0,1.0,0.0,100.0,1.0,0.0,100.0,1.0,0.0,100.0,1.0,0.0,100.0,1.0,0.0,100.0,1.0,0.0,100.0,1.0,0.0
48,actuated,9,9,757.5881677215467,172.17912902762424,7001669.030053133,583472.4191710944,10744.8,105.96449704142012,161038.11155240407,1588.147056729823,101.4,0.7250270748057304,85.36930743637451,87.6,54,1.4313440247692257,0.863905325443787,85.36930743637451,100.0,10.8,0.9,1.040893071387708,0.0,12,100.0,1.0,0.0,100.0,1.0,0.0,7.701519315855876,0.4,8.437810904373972,16.730169920638218,0.4,4.052905952278525,100.0,1.0,0.0,100.0,1.0,0.0,100.0,1.0,0.0,100.0,1.0,0.0,100.0,1.0,0.0,100.0,1.0,0.0,100.0,1.0,0.0,100.0,1.0,0.0
49,actuated,9,9,903.2489410997056,180.64978821994112,6025558.79491176,502129.89957598,11188.2,107.78612716763006,163697.69985400612,1577.0491315414847,103.8,0.7497808539850515,89.20924234230635,90.6,57,1.432777035331956,0.8728323699421965,89.20924234230635,100.0,11.4,0.9500000000000001,1.1362309347839177,0.0,12,100.0,1.0,0.0,100.0,1.0,0.0,2.3770123210567817,0.4,8.400189316910566,68.1338957866194,1.0,5.234581900496446,100.0,1.0,0.0,100.0,1.0,0.0,100.0,1.0,0.0,100.0,1.0,0.0,100.0,1.0,0.0,100.0,1.0,0.0,100.0,1.0,0.0,100.0,1.0,0.0
50,actuated,9,9,767.4109349528604,159.87727811517925,6028787.895152672,502398.9912627227,11653.8,108.91401869158878,164510.21786522475,1537.4786716376145,107.0,0.45745928146660547,92.61147684874364,96.2,56,0.8384662052844061,0.8990654205607477,92.61147684874364,100.0,11.2,0.9333333333333332,0.7350094840403281,0.0,12,100.0,1.0,0.0,100.0,1.0,0.0,11.337722184923678,0.2,8.820113808483937,100.0,1.0,0.0,100.0,1.0,0.0,100.0,1.0,0.0,100.0,1.0,0.0,100.0,1.0,0.0,100.0,1.0,0.0,100.0,1.0,0.0,100.0,1.0,0.0,100.0,1.0,0.0
51,actuated,9,9,433.29954848795353,120.3609856910982,7806080.125453351,650506.6771211126,12147.4,111.23992673992674,168447.96331867337,1542.5637666545178,109.2,0.34673395643050886,98.49778043576246,101.4,60,0.6620111189047674,0.9285714285714286,98.49778043576246,100.0,12.0,1.0,0.5839558247862815,0.0,12,100.0,1.0,0.0,100.0,1.0,0.0,81.97336522914952,1.0,7.007469897435378,100.0,1.0,0.0,100.0,1.0,0.0,100.0,1.0,0.0,100.0,1.0,0.0,100.0,1.0,0.0,100.0,1.0,0.0,100.0,1.0,0.0,100.0,1.0,0.0,100.0,1.0,0.0
52,actuated,17,9,1537.3124770656455,295.63701482031644,5339258.657761841,444938.22148015344,11073.0,101.4010989010989,170913.74405929918,1565.1441763672085,109.2,0.2876598273046997,91.66666666666667,96.8,58,0.4803906518323152,0.8864468864468864,91.66666666666667,100.0,11.600000000000001,0.9666666666666668,0.0,0.0,12,80.0,1.0,0.0,60.0,0.8,0.0,100.0,1.0,0.0,100.0,1.0,0.0,100.0,1.0,0.0,100.0,1.0,0.0,100.0,1.0,0.0,100.0,1.0,0.0,100.0,1.0,0.0,60.0,0.8,0.0,100.0,1.0,0.0,100.0,1.0,0.0
53,actuated,17,17,903.796372069748,161.3922092981693,6360067.586181084,530005.632181757,9461.6,87.28413284132841,171889.52727454834,1585.6967460751691,108.4,0.3919256913249944,83.57138307290057,87.0,54,0.4969281853261487,0.8025830258302583,83.57138307290057,100.0,10.799999999999999,0.8999999999999999,0.5162571256081462,0.0,12,34.028770875987675,0.6,1.8495710768685405,34.94307954658666,0.6,2.2095722938573763,100.0,1.0,0.0,100.0,1.0,0.0,100.0,1.0,0.0,100.0,1.0,0.0,100.0,1.0,0.0,100.0,1.0,0.0,100.0,1.0,0.0,33.88474645223255,0.6,2.1359421365718374,100.0,1.0,0.0,100.0,1.0,0.0
54,actuated,17,17,1104.4556563911742,172.57119631112096,5954322.945375045,496193.5787812537,8262.0,76.07734806629834,174952.76075040357,1610.9830640000328,108.6,0.6131501442992915,86.75582941872904,82.0,57,0.8728209350846176,0.7550644567219152,86.75582941872904,100.0,11.4,0.9500000000000001,0.9806292740081837,0.0,12,24.017489794542826,0.6,4.099768371968034,19.815681555079436,0.8,3.9403162518200268,100.0,1.0,0.0,100.0,1.0,0.0,100.0,1.0,0.0,100.0,1.0,0.0,100.0,1.0,0.0,100.0,1.0,0.0,100.0,1.0,0.0,97.23678167512617,1.0,3.7274666643101417,100.0,1.0,0.0,100.0,1.0,0.0
55,actuated,17,17,1222.5932065447194,169.8046120200999,4401730.472340736,366810.8726950613,8593.0,77.55415162454874,180467.40431404728,1628.7671869498852,110.8,0.8843635204288527,85.41326287523664,86.6,57,1.3847957551478354,0.7815884476534296,85.41326287523664,100.0,11.4,0.9500000000000001,0.9190894109445346,0.0,12,10.136776920877537,0.6,5.456487134222839,14.8223775819622,0.8,5.572585797111575,100.0,1.0,0.0,100.0,1.0,0.0,100.0,1.0,0.0,100.0,1.0,0.0,100.0,1.0,0.0,100.0,1.0,0.0,100.0,1.0,0.0,100.0,1.0,0.0,100.0,1.0,0.0,100.0,1.0,0.0
56,actuated,17,17,1270.9671557273637,204.99470253667155,5920800.480388967,493400.04003241396,9036.8,81.5595667870036,177693.84404651556,1603.73505457144,110.8,0.972568478296319,87.56348329228615,92.2,56,1.827212847791305,0.8321299638989169,87.56348329228615,100.0,11.2,0.9333333333333332,1.1701207693178084,0.0,12,27.741627250698002,0.6,6.664044335794552,23.020172256735805,0.6,7.37740489601915,100.0,1.0,0.0,100.0,1.0,0.0,100.0,1.0,0.0,100.0,1.0,0.0,100.0,1.0,0.0,100.0,1.0,0.0,100.0,1.0,0.0,100.0,1.0,0.0,100.0,1.0,0.0,100.0,1.0,0.0
57,actuated,17,17,655.6445510826442,192.83663267136595,6108560.662981168,509046.7219150974,9514.8,87.29174311926606,170254.12817125232,1561.9644786353424,109.0,0.873462072976207,86.8654676323096,98.6,55,1.8769790861999045,0.9045871559633027,86.8654676323096,100.0,11.0,0.9166666666666666,1.2898082352071232,0.0,12,27.641062900138422,0.4,7.236275819433285,14.744548687576753,0.6,8.241423003052194,100.0,1.0,0.0,100.0,1.0,0.0,100.0,1.0,0.0,100.0,1.0,0.0,100.0,1.0,0.0,100.0,1.0,0.0,100.0,1.0,0.0,100.0,1.0,0.0,100.0,1.0,0.0,100.0,1.0,0.0
58,actuated,17,17,39.337459530338954,19.668729765169477,10940656.713409362,911721.3927841135,10017.0,93.09479553903346,169388.19727561693,1574.2397516321275,107.6,0.7440071066776299,85.39475813673192,101.4,53,1.6782532413519509,0.9423791821561338,85.39475813673192,100.0,10.6,0.8833333333333333,1.3881303388945714,0.0,12,23.232765568922105,0.4,8.60905654835507,1.504332071860972,0.2,8.048507518379788,100.0,1.0,0.0,100.0,1.0,0.0,100.0,1.0,0.0,100.0,1.0,0.0,100.0,1.0,0.0,100.0,1.0,0.0,100.0,1.0,0.0,100.0,1.0,0.0,100.0,1.0,0.0,100.0,1.0,0.0
59,actuated,17,17,205.01503948457488,85.42293311857287,14594321.41661783,1216193.451384819,9804.4,92.32015065913372,168424.51733707002,1585.9182423452921,106.2,0.7757449974148918,80.13233081845452,99.2,52,1.7374613896173356,0.9340866290018832,80.13233081845452,100.0,10.4,0.8666666666666667,0.6916254457629596,0.0,12,0.0,0.0,0.0,1.5879698214541804,0.4,8.299505349155515,100.0,1.0,0.0,100.0,1.0,0.0,100.0,1.0,0.0,80.0,1.0,0.0,100.0,1.0,0.0,100.0,1.0,0.0,80.0,1.0,0.0,100.0,1.0,0.0,100.0,1.0,0.0,100.0,1.0,0.0
60,actuated,17,17,385.6235382697081,96.40588456742702,14300580.938470155,1191715.0782058463,7711.0,73.15939278937381,167894.65412884625,1592.9284072945563,105.4,0.8887782730636743,75.7767178589998,90.4,49,1.7926754340196054,0.857685009487666,75.7767178589998,100.0,9.8,0.8166666666666668,1.780256583655735,0.0,12,11.162569277496459,0.2,8.958511030394966,10.399495627501665,0.4,9.076316825114192,100.0,1.0,0.0,100.0,1.0,0.0,100.0,1.0,0.0,41.9835092127164,0.6,1.6929897385351735,100.0,1.0,0.0,100.0,1.0,0.0,45.77504019028311,0.6,1.6352614098244878,100.0,1.0,0.0,100.0,1.0,0.0,100.0,1.0,0.0
61,actuated,17,17,357.4045874396551,89.35114685991377,7800659.6870305035,650054.9739192086,6379.6,60.41287878787879,165313.21406615485,1565.4660422931331,105.6,0.8128993172804374,84.29016914115256,87.6,52,1.6201645085565257,0.8295454545454546,84.29016914115256,100.0,10.4,0.8666666666666667,0.7257717978042487,0.0,12,11.482029693830782,0.2,8.709261573650984,0.0,0.2,0.0,100.0,1.0,0.0,100.0,1.0,0.0,100.0,1.0,0.0,100.0,1.0,0.0,100.0,1.0,0.0,100.0,1.0,0.0,100.0,1.0,0.0,100.0,1.0,0.0,100.0,1.0,0.0,100.0,1.0,0.0
62,actuated,17,17,1437.7489822826542,256.7408896933311,6002078.817149408,500173.2347624507,6342.8,57.766848816029146,170535.1021115414,1553.1430064803408,109.8,0.8495472157437552,85.20920061356738,93.6,52,1.6979319878639976,0.8524590163934426,85.20920061356738,100.0,10.4,0.8666666666666667,1.4809945700438991,0.0,12,11.385353131697684,0.2,8.78321461295675,11.12505423111088,0.2,8.988720227570038,100.0,1.0,0.0,100.0,1.0,0.0,100.0,1.0,0.0,100.0,1.0,0.0,100.0,1.0,0.0,100.0,1.0,0.0,100.0,1.0,0.0,100.0,1.0,0.0,100.0,1.0,0.0,100.0,1.0,0.0
63,actuated,17,17,927.8532682407001,193.30276421681253,6643538.265675357,553628.1888062797,6822.6,61.79891304347826,173719.56710345804,1573.5468034733517,110.4,0.8275134737518637,84.84057684309353,98.8,53,1.6622155400753722,0.894927536231884,84.84057684309353,100.0,10.6,0.8833333333333333,1.4431778514132538,0.0,12,11.479980234096274,0.2,8.710816391738517,6.606941883026138,0.4,8.607317825220527,100.0,1.0,0.0,100.0,1.0,0.0,100.0,1.0,0.0,100.0,1.0,0.0,100.0,1.0,0.0,100.0,1.0,0.0,100.0,1.0,0.0,100.0,1.0,0.0,100.0,1.0,0.0,100.0,1.0,0.0
64,actuated,17,17,90.71243908880462,41.23292685854755,6914562.855101106,576213.5712584255,7333.0,66.42210144927536,172968.02805423804,1566.7393845492577,110.4,0.7901975454326131,85.13427402198971,104.2,53,1.7751567108805384,0.9438405797101449,85.13427402198971,100.0,10.6,0.8833333333333333,1.4864665376812678,0.0,12,10.684781366344396,0.2,9.359105869492694,10.926506897532136,0.4,8.478492582682522,100.0,1.0,0.0,100.0,1.0,0.0,100.0,1.0,0.0,100.0,1.0,0.0,100.0,1.0,0.0,100.0,1.0,0.0,100.0,1.0,0.0,100.0,1.0,0.0,100.0,1.0,0.0,100.0,1.0,0.0
65,actuated,17,17,38.86606435618538,19.43303217809269,13192540.665772256,1099378.3888143545,7853.0,71.00361663652802,174173.8042847679,1574.8083570051344,110.6,0.7544410914917473,84.97965138949108,104.6,53,1.7045222467126546,0.945750452079566,84.97965138949108,100.0,10.6,0.8833333333333333,1.4390834206236975,0.0,12,8.576065907320753,0.4,8.32425781590864,11.17975076657217,0.2,8.94474323157573,100.0,1.0,0.0,100.0,1.0,0.0,100.0,1.0,0.0,100.0,1.0,0.0,100.0,1.0,0.0,100.0,1.0,0.0,100.0,1.0,0.0,100.0,1.0,0.0,100.0,1.0,0.0,100.0,1.0,0.0
66,actuated,17,17,365.24810332705374,130.4457511882335,12295283.148934864,1024606.9290779053,8373.2,74.89445438282648,176629.1638447757,1579.8672973593532,111.8,0.7703471361372934,84.74861421334917,104.6,53,1.6898458618555794,0.9355992844364938,84.74861421334917,100.0,10.6,0.8833333333333333,1.4139863603230876,0.0,12,11.289438363173758,0.2,8.857836571055724,5.693932197016238,0.4,8.109999752821327,100.0,1.0,0.0,100.0,1.0,0.0,100.0,1.0,0.0,100.0,1.0,0.0,100.0,1.0,0.0,100.0,1.0,0.0,100.0,1.0,0.0,100.0,1.0,0.0,100.0,1.0,0.0,100.0,1.0,0.0
67,actuated,17,17,176.622219854386,67.9316230209177,10571217.40532739,880934.7837772826,8893.8,79.40892857142858,173550.2574371241,1549.5558699743221,112.0,0.7609669142460999,85.23097394750286,105.0,52,1.6869312180435174,0.9375,85.23097394750285,100.0,10.4,0.8666666666666667,1.4638810679083818,0.0,12,11.304326982170778,0.2,8.846170157473358,11.467360387863437,0.2,8.720402657427224,100.0,1.0,0.0,100.0,1.0,0.0,100.0,1.0,0.0,100.0,1.0,0.0,100.0,1.0,0.0,100.0,1.0,0.0,100.0,1.0,0.0,100.0,1.0,0.0,100.0,1.0,0.0,100.0,1.0,0.0
68,actuated,17,17,215.25341850882222,97.84246295855554,9629998.419793,802499.8683160833,9424.2,82.23560209424083,177911.5380411644,1552.4567019298813,114.6,0.5304125408012924,85.40834699636349,107.6,52,1.2062706266292929,0.9389179755671903,85.40834699636349,100.0,10.4,0.8666666666666667,1.3400408157931134,0.0,12,12.05322944052341,0.2,8.296531688328793,12.846934515838484,0.2,7.783958101188568,100.0,1.0,0.0,100.0,1.0,0.0,100.0,1.0,0.0,100.0,1.0,0.0,100.0,1.0,0.0,100.0,1.0,0.0,100.0,1.0,0.0,100.0,1.0,0.0,100.0,1.0,0.0,100.0,1.0,0.0
69,actuated,17,17,547.9295116726179,182.6431705575393,9000547.92951167,750045.6607926391,9965.4,85.17435897435898,181472.6833417483,1551.0485755704983,117.0,0.4184727351073967,92.52182294361319,109.6,56,0.9144816178218105,0.9367521367521368,92.52182294361319,100.0,11.2,0.9333333333333332,0.7829708559608966,0.0,12,56.59252591773793,0.6,4.463901437134357,53.66934940562032,0.6,4.9317488343964015,100.0,1.0,0.0,100.0,1.0,0.0,100.0,1.0,0.0,100.0,1.0,0.0,100.0,1.0,0.0,100.0,1.0,0.0,100.0,1.0,0.0,100.0,1.0,0.0,100.0,1.0,0.0,100.0,1.0,0.0
70,actuated,0,17,759.9148525779694,211.08745904943595,7601807.598480207,633483.9665400173,9176.4,77.76610169491525,184101.5066144184,1560.182259444224,118.0,0.3528633700283135,93.33333333333333,107.2,58,0.6893555382178422,0.9084745762711864,93.33333333333333,100.0,11.6,0.9666666666666667,0.0,0.0,12,100.0,1.0,0.0,100.0,1.0,0.0,100.0,1.0,0.0,100.0,1.0,0.0,100.0,1.0,0.0,100.0,1.0,0.0,60.0,0.8,0.0,60.0,0.8,0.0,100.0,1.0,0.0,100.0,1.0,0.0,100.0,1.0,0.0,100.0,1.0,0.0
71,actuated,0,0,556.2624107314905,126.42327516624783,7018310.589072752,584859.2157560627,8568.4,72.86054421768708,185223.2597604764,1575.02771905167,117.6,0.4133788990878272,88.48860233691227,101.4,56,0.608511171637473,0.8622448979591837,88.48860233691227,100.0,11.2,0.9333333333333332,0.3126430866228644,0.0,12,100.0,1.0,0.0,100.0,1.0,0.0,100.0,1.0,0.0,100.0,1.0,0.0,100.0,1.0,0.0,100.0,1.0,0.0,31.598640430011073,0.6,1.9303112817520505,30.26458761293611,0.6,1.8214057577223222,100.0,1.0,0.0,100.0,1.0,0.0,100.0,1.0,0.0,100.0,1.0,0.0
72,actuated,0,0,277.02217333816714,69.25554333454178,8919449.90498676,743287.4920822299,8893.6,75.11486486486487,188922.85746103415,1595.632242069545,118.4,0.588795786897844,86.46508418664457,100.6,58,1.0169915830779213,0.8496621621621622,86.46508418664457,100.0,11.6,0.9666666666666667,0.647534697769509,0.0,12,100.0,1.0,0.0,100.0,1.0,0.0,100.0,1.0,0.0,100.0,1.0,0.0,100.0,1.0,0.0,100.0,1.0,0.0,22.546516643836867,0.8,3.9878481859166426,15.034493595898084,0.8,3.7825681873174655,100.0,1.0,0.0,100.0,1.0,0.0,100.0,1.0,0.0,100.0,1.0,0.0
73,actuated,0,0,382.3329121151578,95.58322802878945,8000382.332912117,666698.5277426764,9400.2,80.75773195876289,185497.86907658112,1593.6243047816247,116.4,0.8657647243851264,85.95313281788977,102.6,55,1.7202136664862098,0.8814432989690721,85.95313281788975,100.0,11.0,0.9166666666666666,0.9112475170845578,0.0,12,100.0,1.0,0.0,100.0,1.0,0.0,100.0,1.0,0.0,100.0,1.0,0.0,100.0,1.0,0.0,100.0,1.0,0.0,17.881992014109755,0.2,5.5922181332535645,13.555601800567274,0.8,5.342752071761129,100.0,1.0,0.0,100.0,1.0,0.0,100.0,1.0,0.0,100.0,1.0,0.0
74,actuated,0,0,541.9006265633628,135.4751566408407,8000541.900626564,666711.8250522137,9917.6,87.1493848857645,180578.51846400913,1586.8059618981472,113.8,1.192398183185277,87.12398753539986,104.6,57,2.521345651946751,0.9191564147627417,87.12398753539986,100.0,11.399999999999999,0.9500000000000001,1.108371481566741,0.0,12,100.0,1.0,0.0,100.0,1.0,0.0,100.0,1.0,0.0,100.0,1.0,0.0,100.0,1.0,0.0,100.0,1.0,0.0,17.427467532808123,0.8,6.3109656928713775,28.06038289199023,0.6,6.989492085929514,100.0,1.0,0.0,100.0,1.0,0.0,100.0,1.0,0.0,100.0,1.0,0.0
75,actuated,0,0,938.8440340945966,260.79000947072126,8009249.465401915,667437.4554501596,10449.8,94.31227436823104,168377.35383820054,1519.6512079259976,110.8,1.9475079020119634,85.19916615555492,108.2,53,4.45393748849455,0.9765342960288809,85.19916615555492,100.0,10.600000000000001,0.8833333333333333,1.4004011950881037,0.0,12,100.0,1.0,0.0,100.0,1.0,0.0,100.0,1.0,0.0,100.0,1.0,0.0,100.0,1.0,0.0,100.0,1.0,0.0,10.852648029538159,0.2,9.214341027906308,11.537345837120938,0.4,7.590473313150936,100.0,1.0,0.0,100.0,1.0,0.0,100.0,1.0,0.0,100.0,1.0,0.0
76,actuated,0,0,12.44060475161987,6.220302375809935,10072772.218898553,839397.6849082127,10996.0,99.96363636363637,167049.8919708277,1518.6353815529792,110.0,2.315228801115839,83.33333333333333,109.8,50,5.176395228089276,0.9981818181818182,83.33333333333333,100.0,10.0,0.8333333333333334,0.0,0.0,12,100.0,1.0,0.0,100.0,1.0,0.0,100.0,1.0,0.0,100.0,1.0,0.0,100.0,1.0,0.0,100.0,1.0,0.0,0.0,0.0,0.0,0.0,0.0,0.0,100.0,1.0,0.0,100.0,1.0,0.0,100.0,1.0,0.0,100.0,1.0,0.0
77,actuated,0,0,12.44060475161987,6.220302375809935,13822267.72863691,1151855.6440530757,11546.0,104.96363636363637,167309.93089349152,1520.9993717590137,110.0,2.3150005916542304,83.33333333333333,110.0,50,5.176497103316841,1.0,83.33333333333333,100.0,10.0,0.8333333333333334,0.0,0.0,12,100.0,1.0,0.0,100.0,1.0,0.0,100.0,1.0,0.0,100.0,1.0,0.0,100.0,1.0,0.0,100.0,1.0,0.0,0.0,0.0,0.0,0.0,0.0,0.0,100.0,1.0,0.0,100.0,1.0,0.0,100.0,1.0,0.0,100.0,1.0,0.0
78,actuated,0,0,12.44060475161987,6.220302375809935,10000012.44060475,833334.3700503958,12096.0,109.96363636363637,167310.0,1521.0,110.0,2.315,83.33333333333333,110.0,50,5.176497367912013,1.0,83.33333333333333,100.0,10.0,0.8333333333333334,0.0,0.0,12,100.0,1.0,0.0,100.0,1.0,0.0,100.0,1.0,0.0,100.0,1.0,0.0,100.0,1.0,0.0,100.0,1.0,0.0,0.0,0.0,0.0,0.0,0.0,0.0,100.0,1.0,0.0,100.0,1.0,0.0,100.0,1.0,0.0,100.0,1.0,0.0
79,actuated,0,0,11.196544276457884,6.220302375809935,10200011.196544275,850000.9330453562,12646.0,114.75499092558984,167614.2,1521.0,110.2,2.0835,83.33333333333333,110.2,50,4.959722043623009,1.0,83.33333333333333,100.0,10.0,0.8333333333333334,0.0,0.0,12,100.0,1.0,0.0,100.0,1.0,0.0,100.0,1.0,0.0,100.0,1.0,0.0,100.0,1.0,0.0,100.0,1.0,0.0,0.0,0.0,0.0,0.0,0.0,0.0,100.0,1.0,0.0,100.0,1.0,0.0,100.0,1.0,0.0,100.0,1.0,0.0
80,actuated,0,0,85.80492258684424,47.66940143713569,10200085.804922584,850007.1504102154,13196.0,118.66906474820144,169681.3336199838,1525.9112735610056,111.2,1.0535102688061695,83.33333333333333,110.2,50,3.464619681723418,0.9910071942446043,83.33333333333333,100.0,10.0,0.8333333333333334,0.0,0.0,12,100.0,1.0,0.0,100.0,1.0,0.0,100.0,1.0,0.0,100.0,1.0,0.0,100.0,1.0,0.0,100.0,1.0,0.0,0.0,0.0,0.0,0.0,0.0,0.0,100.0,1.0,0.0,100.0,1.0,0.0,100.0,1.0,0.0,100.0,1.0,0.0
81,actuated,0,0,56.93215196093663,28.466075980468315,10000056.93215196,833338.07767933,13746.0,122.73214285714286,171804.50078197423,1533.9687569819127,112.0,1.2238773256305915,83.33333333333333,110.0,50,3.5192980551646973,0.9821428571428571,83.33333333333333,100.0,10.0,0.8333333333333334,0.0,0.0,12,100.0,1.0,0.0,100.0,1.0,0.0,100.0,1.0,0.0,100.0,1.0,0.0,100.0,1.0,0.0,100.0,1.0,0.0,0.0,0.0,0.0,0.0,0.0,0.0,100.0,1.0,0.0,100.0,1.0,0.0,100.0,1.0,0.0,100.0,1.0,0.0
82,actuated,0,0,21.315644360259036,10.657822180129518,10000021.31564436,833335.1096370299,14296.0,127.64285714285714,172052.77422087902,1536.1854841149911,112.0,1.640277749275944,83.99423294546334,110.0,51,4.027064072804451,0.9821428571428571,83.99423294546334,100.0,10.2,0.85,0.6490130830168103,0.0,12,100.0,1.0,0.0,100.0,1.0,0.0,100.0,1.0,0.0,100.0,1.0,0.0,100.0,1.0,0.0,100.0,1.0,0.0,7.93079534556,0.2,7.788156996201723,0.0,0.0,0.0,100.0,1.0,0.0,100.0,1.0,0.0,100.0,1.0,0.0,100.0,1.0,0.0
83,actuated,0,0,17.758473092382406,8.879236546191203,10000017.75847309,833334.8132060909,14846.0,133.5071942446043,170676.9229448228,1534.8644149714282,111.2,1.7859957367717292,84.31835321698561,110.0,52,4.2025863375063155,0.9892086330935251,84.31835321698561,100.0,10.4,0.8666666666666667,0.7050055089949692,0.0,12,100.0,1.0,0.0,100.0,1.0,0.0,100.0,1.0,0.0,100.0,1.0,0.0,100.0,1.0,0.0,100.0,1.0,0.0,11.82023860382742,0.4,8.46006610793963,0.0,0.0,0.0,100.0,1.0,0.0,100.0,1.0,0.0,100.0,1.0,0.0,100.0,1.0,0.0
84,actuated,0,0,57.502858479527575,31.94603248862643,10200057.502858479,850004.7919048732,15396.0,138.95306859205778,169094.6203038354,1526.124731984074,110.8,1.5694919507820162,83.33333333333333,110.2,50,4.27543937346223,0.9945848375451264,83.33333333333333,100.0,10.0,0.8333333333333334,0.0,0.0,12,100.0,1.0,0.0,100.0,1.0,0.0,100.0,1.0,0.0,100.0,1.0,0.0,100.0,1.0,0.0,100.0,1.0,0.0,0.0,0.0,0.0,0.0,0.0,0.0,100.0,1.0,0.0,100.0,1.0,0.0,100.0,1.0,0.0,100.0,1.0,0.0
85,actuated,0,0,37.738970353213155,18.869485176606577,10000037.738970352,833336.4782475294,15946.0,143.65765765765767,169646.76597035286,1528.349242976152,111.0,1.4106943866920967,83.33333333333333,110.0,50,3.8639368375051606,0.990990990990991,83.33333333333333,100.0,10.0,0.8333333333333334,0.0,0.0,12,100.0,1.0,0.0,100.0,1.0,0.0,100.0,1.0,0.0,100.0,1.0,0.0,100.0,1.0,0.0,100.0,1.0,0.0,0.0,0.0,0.0,0.0,0.0,0.0,100.0,1.0,0.0,100.0,1.0,0.0,100.0,1.0,0.0,100.0,1.0,0.0
86,actuated,0,0,21.220489744786907,10.610244872393453,10000021.220489744,833335.1017074786,16496.0,148.61261261261262,169725.76160221134,1529.0609153352373,111.0,1.64480154011709,83.33333333333333,110.0,50,4.032871113229905,0.990990990990991,83.33333333333333,100.0,10.0,0.8333333333333334,0.0,0.0,12,100.0,1.0,0.0,100.0,1.0,0.0,100.0,1.0,0.0,100.0,1.0,0.0,100.0,1.0,0.0,100.0,1.0,0.0,0.0,0.0,0.0,0.0,0.0,0.0,100.0,1.0,0.0,100.0,1.0,0.0,100.0,1.0,0.0,100.0,1.0,0.0
87,actuated,0,0,28.212076324503084,14.106038162251542,10000028.212076325,833335.6843396937,17046.0,152.19642857142858,171051.3235496249,1527.2439602645081,112.0,1.497672001775944,84.2978683618846,110.2,51,3.9076008597526593,0.9839285714285714,84.2978683618846,100.0,10.2,0.85,0.7199784599710188,0.0,12,100.0,1.0,0.0,100.0,1.0,0.0,100.0,1.0,0.0,100.0,1.0,0.0,100.0,1.0,0.0,100.0,1.0,0.0,11.574420342615213,0.2,8.639741519652226,0.0,0.0,0.0,100.0,1.0,0.0,100.0,1.0,0.0,100.0,1.0,0.0,100.0,1.0,0.0
88,actuated,4,0,806.9645877714245,183.40104267532374,6003218.731901029,500268.2276584191,15179.6,139.5183823529412,170138.98378435886,1563.7774244885925,108.8,1.4126321863190605,70.0,99.0,46,3.8106247760071965,0.9099264705882353,70.0,100.0,9.200000000000001,0.7666666666666667,0.0,0.0,12,60.0,0.8,0.0,100.0,1.0,0.0,100.0,1.0,0.0,100.0,1.0,0.0,100.0,1.0,0.0,100.0,1.0,0.0,0.0,0.0,0.0,0.0,0.0,0.0,100.0,1.0,0.0,60.0,0.8,0.0,60.0,0.8,0.0,60.0,0.8,0.0
89,actuated,4,4,429.3090731514152,76.66233449132415,6400429.309073152,533369.1090894294,12342.6,118.22413793103448,169100.29603118807,1619.734636314062,104.4,1.4726930718741895,65.09623467002389,82.6,44,3.2784787915733813,0.7911877394636015,65.09623467002389,100.0,8.799999999999999,0.7333333333333333,1.4322081468273138,0.0,12,66.08132328694182,0.8,1.8734176653942247,100.0,1.0,0.0,100.0,1.0,0.0,100.0,1.0,0.0,100.0,1.0,0.0,100.0,1.0,0.0,0.0,0.0,0.0,9.860548192211809,0.2,8.543992036860438,100.0,1.0,0.0,32.80365671047548,0.6,2.0457979835053246,34.745311023878,0.6,2.391572935681846,37.66397682677962,0.6,2.3317171404859316
90,actuated,4,4,344.50828502831575,68.90165700566315,7000344.508285026,583362.0423570855,10401.2,102.98217821782178,165206.68754146673,1635.7097776382843,101.0,0.9235352239093092,65.5860657565222,73.0,48,1.5503317283003892,0.7227722772277227,65.5860657565222,100.0,9.600000000000001,0.8000000000000002,1.0241729957285852,0.0,12,100.0,1.0,0.0,100.0,1.0,0.0,100.0,1.0,0.0,100.0,1.0,0.0,100.0,1.0,0.0,100.0,1.0,0.0,0.0,0.0,0.0,0.0,0.2,0.0,100.0,1.0,0.0,30.658433304902246,0.8,4.130706045663334,26.60450342194281,0.8,4.176010109219776,29.769852351421378,0.8,3.983359793859912
91,actuated,4,4,451.3078123428651,94.02246090476356,7000710.562449505,583392.546870792,10636.0,107.43434343434343,164707.1083264086,1663.7081649132183,99.0,1.1805491919645497,62.40638385989314,75.8,47,1.7507442428374878,0.7656565656565657,62.40638385989314,100.0,9.4,0.7833333333333333,1.4046948943517181,0.0,12,100.0,1.0,0.0,100.0,1.0,0.0,100.0,1.0,0.0,100.0,1.0,0.0,100.0,1.0,0.0,100.0,1.0,0.0,0.0,0.0,0.0,0.0,0.0,0.0,100.0,1.0,0.0,15.288763021819705,0.8,5.8177778407594065,8.91498828063277,0.8,5.448193292589309,24.672855016265203,0.8,5.590367598871902
92,actuated,4,4,80.01523740744136,20.00380935186034,7013607.976517196,584467.331376433,11024.0,115.7983193277311,158429.43935487163,1664.174783139408,95.2,1.523742465087634,65.09797025512701,79.4,43,2.219560047297039,0.8340336134453782,65.09797025512701,100.0,8.6,0.7166666666666667,1.814364500953051,0.0,12,100.0,1.0,0.0,100.0,1.0,0.0,100.0,1.0,0.0,100.0,1.0,0.0,100.0,1.0,0.0,100.0,1.0,0.0,0.0,0.0,0.0,0.0,0.0,0.0,100.0,1.0,0.0,24.483999219296493,0.8,7.635378515717154,28.02746930821968,0.4,7.153920211523021,28.664174534007998,0.4,6.9830752841964365
93,actuated,4,4,213.4769686991295,50.82784969026892,7012503.570367391,584375.2975306159,11419.2,123.85249457700651,149281.317271162,1619.103224199154,92.2,1.4504435637010795,64.16350475853562,80.0,44,2.2115136434723217,0.8676789587852495,64.16350475853562,100.0,8.8,0.7333333333333334,2.754313432517481,0.0,12,100.0,1.0,0.0,100.0,1.0,0.0,100.0,1.0,0.0,100.0,1.0,0.0,100.0,1.0,0.0,100.0,1.0,0.0,0.0,0.0,0.0,11.842104639615627,0.2,8.444444889083991,100.0,1.0,0.0,24.259892107761516,0.4,8.244717461798821,24.79377381546783,0.4,8.084063052158683,9.066286539582507,0.8,8.278535787168277
94,actuated,4,4,118.64914007571636,29.66228501892909,7887140.5236602295,657261.7103050192,11818.0,129.86813186813185,147947.64382517463,1625.798283793128,91.0,1.2772531082271956,60.7842721563973,80.6,39,1.987231273198478,0.8857142857142857,60.7842721563973,100.0,7.800000000000001,0.65,2.147364485424507,0.0,12,100.0,1.0,0.0,100.0,1.0,0.0,100.0,1.0,0.0,100.0,1.0,0.0,100.0,1.0,0.0,100.0,1.0,0.0,0.0,0.0,0.0,0.0,0.0,0.0,100.0,1.0,0.0,12.017342263170576,0.2,8.321307474654272,6.073919201860463,0.4,8.613147531793418,11.32000441173659,0.2,8.833918818646389
95,actuated,4,4,89.64230289829305,22.410575724573263,8000089.642302898,666674.1368585748,12218.0,134.55947136563876,147665.87877906708,1626.2761980073467,90.8,1.3596968968329588,61.23583392533968,80.6,38,1.991039226288925,0.8876651982378855,61.23583392533968,100.0,7.6000000000000005,0.6333333333333334,2.153643961530119,0.0,12,100.0,1.0,0.0,100.0,1.0,0.0,100.0,1.0,0.0,100.0,1.0,0.0,100.0,1.0,0.0,100.0,1.0,0.0,0.0,0.0,0.0,0.0,0.0,0.0,100.0,1.0,0.0,11.418020196128964,0.2,8.758085752370876,11.76096681375384,0.2,8.5027023359215,11.651020094193427,0.2,8.582939450069052
96,actuated,4,4,238.14899782009064,59.53724945502266,8000238.148997823,666686.5124164852,12618.0,138.35526315789474,148347.01505501958,1626.6120071822324,91.2,1.4399184347976932,61.65439011642453,80.6,40,2.162595144525548,0.8837719298245614,61.65439011642453,100.0,8.0,0.6666666666666666,2.8175010443196,0.0,12,100.0,1.0,0.0,100.0,1.0,0.0,100.0,1.0,0.0,100.0,1.0,0.0,100.0,1.0,0.0,100.0,1.0,0.0,12.727454907396805,0.2,7.857030390410818,0.0,0.0,0.0,100.0,1.0,0.0,11.162689498839882,0.2,8.958414547891243,4.261276225745405,0.4,8.448479953288949,11.701260765112238,0.2,8.546087640244192
97,actuated,4,4,221.59595568385367,61.5544321344038,7832556.953368299,652713.0794473583,13020.0,142.13973799126637,148675.7021359028,1623.0971848897686,91.6,1.1867182725875933,59.72340811542987,81.6,41,2.031477274254374,0.8908296943231441,59.72340811542987,100.0,8.200000000000001,0.6833333333333335,2.117030404541925,0.0,12,100.0,1.0,0.0,100.0,1.0,0.0,100.0,1.0,0.0,100.0,1.0,0.0,100.0,1.0,0.0,100.0,1.0,0.0,0.0,0.0,0.0,0.0,0.0,0.0,100.0,1.0,0.0,9.508177581385553,0.4,8.61428163461387,0.7843938850214727,0.4,8.24593155741287,6.388325918751434,0.4,8.54415166247636
98,actuated,4,4,139.83196031769438,34.957990079423595,8000139.831960316,666678.3193300263,13425.0,146.24183006535947,149555.83650189466,1629.1485457722729,91.8,1.2805134573415944,60.22640247901014,81.6,41,2.0547077665127746,0.8888888888888888,60.22640247901014,100.0,8.200000000000001,0.6833333333333335,2.1453650757592793,0.0,12,100.0,1.0,0.0,100.0,1.0,0.0,100.0,1.0,0.0,100.0,1.0,0.0,100.0,1.0,0.0,100.0,1.0,0.0,0.0,0.0,0.0,0.0,0.0,0.0,100.0,1.0,0.0,5.924239788860177,0.4,8.744927366543562,7.233559864077961,0.4,8.388810722809284,9.559030095183516,0.4,8.610642819758505
99,actuated,4,4,100.8338660512828,25.2084665128207,8000100.8338660505,666675.0694888375,13830.0,150.9825327510917,149569.327539386,1632.852920735655,91.6,1.33145485934685,60.60327588055524,81.6,40,2.023506496094807,0.8908296943231441,60.60327588055524,100.0,8.0,0.6666666666666666,2.209005003810436,0.0,12,100.0,1.0,0.0,100.0,1.0,0.0,100.0,1.0,0.0,100.0,1.0,0.0,100.0,1.0,0.0,100.0,1.0,0.0,0.0,0.0,0.0,0.0,0.0,0.0,100.0,1.0,0.0,10.283691639233439,0.4,8.912478417158129,10.916011179626821,0.2,9.160855403541152,6.03960774780262,0.4,8.43472622502595
100,actuated,4,4,250.5195123854832,62.6298780963708,7601784.599986525,633482.0499988771,14235.2,154.39479392624727,149294.54398645248,1619.2466809810464,92.2,1.2620319443177932,65.9980547772589,82.0,43,2.0343611624508826,0.8893709327548807,65.9980547772589,100.0,8.599999999999998,0.7166666666666665,2.781588365975185,0.0,12,100.0,1.0,0.0,100.0,1.0,0.0,100.0,1.0,0.0,100.0,1.0,0.0,100.0,1.0,0.0,100.0,1.0,0.0,0.0,0.0,0.0,65.94371324003305,0.8,6.372486219175564,100.0,1.0,0.0,4.176601820054202,0.4,8.691667699068784,11.225772900995707,0.2,8.90807260060732,10.630569366023792,0.2,9.40683387285055
101,actuated,4,4,156.08936531163744,39.02234132790936,7273888.915886598,606157.4096572165,14644.0,158.4848484848485,150115.07956152744,1624.622073176704,92.4,1.2378691980895478,68.77008448017325,82.4,45,2.0135601833436727,0.8917748917748918,68.77008448017325,100.0,9.0,0.75,2.1451600985523935,0.0,12,100.0,1.0,0.0,100.0,1.0,0.0,100.0,1.0,0.0,100.0,1.0,0.0,100.0,1.0,0.0,100.0,1.0,0.0,0.0,0.0,0.0,100.0,1.0,0.0,100.0,1.0,0.0,5.4437214654990385,0.4,8.685588371846825,10.663412264837007,0.2,8.24657322121784,9.133880031743047,0.4,8.809759589564058
102,actuated,4,4,348.6229738641916,75.7876030139547,7400348.622973864,616695.7185811553,15054.0,161.17773019271948,152629.96595756488,1634.1538111088316,93.4,1.3592886909668151,68.18023812575423,82.8,46,2.0575859819341615,0.8865096359743041,68.18023812575423,100.0,9.2,0.7666666666666666,2.213122315026837,0.0,12,100.0,1.0,0.0,100.0,1.0,0.0,100.0,1.0,0.0,100.0,1.0,0.0,100.0,1.0,0.0,100.0,1.0,0.0,0.0,0.0,0.0,100.0,1.0,0.0,100.0,1.0,0.0,0.5146159025571251,0.4,8.75317204464227,6.387763984239427,0.6,8.923677758839393,11.260477622254257,0.2,8.880617976840382
103,actuated,4,4,226.85503442218777,47.26146550462246,7001603.176052878,583466.9313377398,15464.8,163.82203389830508,152008.57627338963,1610.2603418791275,94.4,1.2303990646226706,72.91393389228973,83.2,47,1.7882332151935325,0.8813559322033898,72.91393389228972,100.0,9.399999999999999,0.7833333333333332,2.622888410142884,0.0,12,100.0,1.0,0.0,100.0,1.0,0.0,100.0,1.0,0.0,100.0,1.0,0.0,100.0,1.0,0.0,100.0,1.0,0.0,49.750822878768304,0.6,5.384029709328052,100.0,1.0,0.0,100.0,1.0,0.0,11.53109777977079,0.2,8.672201199735882,10.003342697057178,0.2,8.91881915954862,3.6819433518803635,0.4,8.499610853102057
104,actuated,4,4,128.95442984409974,32.238607461024934,7299436.429902335,608286.3691585279,15885.2,163.42798353909464,153493.6097199046,1579.1523633735042,97.2,1.012290762973624,76.92944025606663,85.8,49,1.5347586801690276,0.8827160493827161,76.92944025606664,100.0,9.799999999999999,0.8166666666666665,2.0914895091457466,0.0,12,100.0,1.0,0.0,100.0,1.0,0.0,100.0,1.0,0.0,100.0,1.0,0.0,100.0,1.0,0.0,100.0,1.0,0.0,100.0,1.0,0.0,100.0,1.0,0.0,100.0,1.0,0.0,11.826072569861026,0.2,8.455892639696117,0.08826982815435258,0.4,7.744345750312814,11.238940674784317,0.2,8.897635719740025
105,actuated,4,4,297.1736246455252,82.54822906820144,7611339.967833708,634278.330652809,16324.4,161.9484126984127,156297.28009223862,1550.5682548833195,100.8,0.6022914946912867,86.63567560621516,90.6,53,1.031149001580285,0.8988095238095238,86.63567560621516,100.0,10.6,0.8833333333333333,0.9056764016903388,0.0,12,100.0,1.0,0.0,100.0,1.0,0.0,100.0,1.0,0.0,100.0,1.0,0.0,100.0,1.0,0.0,100.0,1.0,0.0,100.0,1.0,0.0,100.0,1.0,0.0,100.0,1.0,0.0,27.263596249847524,0.4,6.021095859083805,100.0,1.0,0.0,12.364511024734384,0.2,4.847020961200261
106,actuated,13,4,950.5830881240529,163.8936358834574,4879897.748199543,406658.14568329527,14375.6,141.21414538310412,161529.30626611298,1586.731888665157,101.8,0.5422459798728714,91.66666666666667,84.8,58,0.7373418843036421,0.8330058939096268,91.66666666666667,100.0,11.6,0.9666666666666667,0.0,0.0,12,100.0,1.0,0.0,100.0,1.0,0.0,100.0,1.0,0.0,80.0,1.0,0.0,60.0,0.8,0.0,60.0,0.8,0.0,100.0,1.0,0.0,100.0,1.0,0.0,100.0,1.0,0.0,100.0,1.0,0.0,100.0,1.0,0.0,100.0,1.0,0.0
107,actuated,13,13,561.1932237799917,80.17046053999881,5000561.193223779,416713.43276864826,11352.6,112.4019801980198,166175.28562083916,1645.299857632071,101.0,0.7068938653195217,81.58218962121055,75.2,54,0.6576437940906188,0.7445544554455445,81.58218962121055,100.0,10.8,0.9,0.45102176826332335,0.0,12,100.0,1.0,0.0,100.0,1.0,0.0,100.0,1.0,0.0,23.62648696063161,0.6,1.7526115200699357,25.40914806415458,0.6,1.8413778349293244,29.95064042974036,0.6,1.8182718641606206,100.0,1.0,0.0,100.0,1.0,0.0,100.0,1.0,0.0,100.0,1.0,0.0,100.0,1.0,0.0,100.0,1.0,0.0
108,actuated,13,13,430.352423350403,67.24256614850046,5014071.02808759,417839.2523406325,9415.8,94.91733870967742,165720.8434466075,1670.573018614995,99.2,0.8999433792696495,81.40620040911945,71.0,58,1.0324254715704602,0.7157258064516129,81.40620040911945,100.0,11.6,0.9666666666666667,0.9715797704865864,0.0,12,100.0,1.0,0.0,100.0,1.0,0.0,100.0,1.0,0.0,12.87030984459534,0.8,4.061646194141292,43.724644668564,1.0,3.6091849750167784,20.279450396274115,0.8,3.988126076680966,100.0,1.0,0.0,100.0,1.0,0.0,100.0,1.0,0.0,100.0,1.0,0.0,100.0,1.0,0.0,100.0,1.0,0.0
109,actuated,13,13,680.9787985263782,109.83529008489971,6106394.715007628,508866.2262506357,9439.0,95.34343434343434,167645.51547813887,1693.389045233726,99.0,1.1638401622404824,79.73771451962173,74.0,57,1.7037111665983937,0.7474747474747475,79.73771451962175,100.0,11.399999999999999,0.9500000000000001,1.4849243674253947,0.0,12,100.0,1.0,0.0,100.0,1.0,0.0,100.0,1.0,0.0,12.430336264264952,0.8,5.751460811532947,22.56161709661683,0.8,5.88571039173952,21.860620874579126,0.8,6.18192120583227,100.0,1.0,0.0,100.0,1.0,0.0,100.0,1.0,0.0,100.0,1.0,0.0,100.0,1.0,0.0,100.0,1.0,0.0
110,actuated,13,13,1282.6646447508997,164.44418522447432,4001679.7242026813,333473.31035022344,8743.6,89.2204081632653,164817.91017565675,1681.8154099556812,98.0,1.435663668420707,73.58963292151277,73.8,55,2.1150545093026913,0.753061224489796,73.58963292151277,100.0,11.0,0.9166666666666666,1.7699303284427768,0.0,12,100.0,1.0,0.0,100.0,1.0,0.0,40.0,0.6,0.0,9.491840499738373,0.8,6.913516429960415,14.052235606361592,0.8,7.177913965218478,19.531518952053375,0.8,7.147733546134431,100.0,1.0,0.0,100.0,1.0,0.0,100.0,1.0,0.0,100.0,1.0,0.0,100.0,1.0,0.0,100.0,1.0,0.0
111,actuated,13,13,1293.8132291179368,184.83046130256238,4230868.008422348,352572.33403519564,7925.2,81.87190082644628,157900.43430598598,1631.2028337395245,96.8,1.4799361857697595,76.581976632642,76.0,55,2.18025024473,0.7851239669421488,76.581976632642,100.0,11.0,0.9166666666666666,2.13033497204118,0.0,12,100.0,1.0,0.0,100.0,1.0,0.0,88.07923471007825,1.0,1.7840553036374918,22.085735918662976,0.6,8.123542785942282,5.545711637385011,0.8,7.697675725366979,3.2730373255776612,0.6,7.958745849547407,100.0,1.0,0.0,100.0,1.0,0.0,100.0,1.0,0.0,100.0,1.0,0.0,100.0,1.0,0.0,100.0,1.0,0.0
112,actuated,13,13,393.947296929225,85.64071672374457,6599341.948237319,549945.1623531099,7491.4,78.52620545073376,152210.013753919,1595.492806644853,95.4,1.2432292379509422,77.56679067336277,80.2,49,2.014097994529794,0.8406708595387841,77.56679067336279,100.0,9.8,0.8166666666666668,2.1283897811895094,0.0,12,100.0,1.0,0.0,100.0,1.0,0.0,100.0,1.0,0.0,11.795273082775566,0.2,8.47797242999217,7.608539089114856,0.2,8.288986442096101,11.397675908463043,0.4,8.77371850218584,100.0,1.0,0.0,100.0,1.0,0.0,100.0,1.0,0.0,100.0,1.0,0.0,100.0,1.0,0.0,100.0,1.0,0.0
113,actuated,13,13,296.12356697280813,82.2565463813356,11977794.190827554,998149.5159022962,7900.4,82.46764091858037,153287.04375774137,1600.0735256549203,95.8,1.1548060116270906,76.30804603579936,84.0,49,1.9930670550334033,0.8768267223382046,76.30804603579936,100.0,9.8,0.8166666666666668,1.4210219997136544,0.0,12,100.0,1.0,0.0,100.0,1.0,0.0,100.0,1.0,0.0,5.928477222230413,0.4,8.405604205746204,9.768075207362017,0.4,8.64665979081765,0.0,0.0,0.0,100.0,1.0,0.0,100.0,1.0,0.0,100.0,1.0,0.0,100.0,1.0,0.0,100.0,1.0,0.0,100.0,1.0,0.0
114,actuated,13,13,262.71324754744774,72.97590209651325,7242300.6636644695,603525.0553053725,8327.0,85.84536082474227,156684.26723225688,1615.3017240438853,97.0,1.1853654571548007,77.53397689111067,86.8,50,2.0339974396981098,0.8948453608247423,77.53397689111068,100.0,10.0,0.8333333333333334,1.4464552056044695,0.0,12,100.0,1.0,0.0,100.0,1.0,0.0,100.0,1.0,0.0,7.5956123361766,0.4,8.570651076361536,0.0,0.2,0.0,22.812110357151596,0.4,8.786811390892098,100.0,1.0,0.0,100.0,1.0,0.0,100.0,1.0,0.0,100.0,1.0,0.0,100.0,1.0,0.0,100.0,1.0,0.0
115,actuated,13,13,390.6146937597396,88.77606676357718,8050966.134901452,670913.844575121,8757.0,90.84024896265561,156544.1628122583,1623.9021038616006,96.4,1.336487168877362,77.01992168595798,86.6,50,2.230270133367997,0.8983402489626556,77.01992168595798,100.0,10.0,0.8333333333333334,2.1624142877757624,0.0,12,100.0,1.0,0.0,100.0,1.0,0.0,100.0,1.0,0.0,0.16635875800602662,0.4,8.460149115975947,18.877518268579934,0.4,8.610984318330974,5.195183204909881,0.2,8.877838019002228,100.0,1.0,0.0,100.0,1.0,0.0,100.0,1.0,0.0,100.0,1.0,0.0,100.0,1.0,0.0,100.0,1.0,0.0
116,actuated,13,13,347.0648799463117,69.41297598926234,7000347.064879945,583362.255406662,9187.0,95.69791666666667,154887.22564829868,1613.4086005031115,96.0,1.394470637845123,75.76689071247738,86.6,50,2.2283943630204157,0.9020833333333333,75.76689071247738,100.0,10.0,0.8333333333333334,1.4088756007219978,0.0,12,100.0,1.0,0.0,100.0,1.0,0.0,100.0,1.0,0.0,8.272926360973543,0.4,8.840181731060149,0.9297621887549212,0.4,8.066325477603824,0.0,0.2,0.0,100.0,1.0,0.0,100.0,1.0,0.0,100.0,1.0,0.0,100.0,1.0,0.0,100.0,1.0,0.0,100.0,1.0,0.0
117,actuated,13,13,165.11361463242915,41.27840365810729,7951868.162594421,662655.6802162017,9620.0,100.41753653444677,152833.90349363297,1595.3434602675675,95.8,1.1745536208725607,76.95264458588233,87.4,48,1.9349138892116533,0.9123173277661796,76.95264458588231,100.0,9.600000000000001,0.7999999999999999,1.4230278895468647,0.0,12,100.0,1.0,0.0,100.0,1.0,0.0,100.0,1.0,0.0,11.506199025311616,0.2,8.690967345516757,0.0,0.2,0.0,11.925536005276172,0.2,8.385367329045618,100.0,1.0,0.0,100.0,1.0,0.0,100.0,1.0,0.0,100.0,1.0,0.0,100.0,1.0,0.0,100.0,1.0,0.0
118,actuated,13,13,363.5848944239981,100.99580400666613,8297656.378583513,691471.3648819594,10057.0,104.97912317327766,152223.55518389554,1588.9723923162373,95.8,1.2602370913279577,76.24696020378697,88.4,48,2.2183412017692414,0.9227557411273486,76.24696020378697,100.0,9.6,0.7999999999999999,1.4817304054301836,0.0,12,100.0,1.0,0.0,100.0,1.0,0.0,100.0,1.0,0.0,10.828955064166621,0.2,9.234501335304584,0.0,0.0,0.0,4.134567381277066,0.4,8.546263529857619,100.0,1.0,0.0,100.0,1.0,0.0,100.0,1.0,0.0,100.0,1.0,0.0,100.0,1.0,0.0,100.0,1.0,0.0
119,actuated,13,13,216.7848698193659,54.196217454841474,8651752.078524088,720979.3398770074,10497.0,109.34375,153908.75575984106,1603.2162058316778,96.0,1.6271492330774215,76.25284182228843,88.2,50,3.032581858969541,0.91875,76.25284182228843,100.0,10.0,0.8333333333333334,2.100912026742815,0.0,12,100.0,1.0,0.0,100.0,1.0,0.0,100.0,1.0,0.0,3.0928916668699458,0.4,8.42947860890999,11.343865037415526,0.2,8.815337600559378,0.5973451631757598,0.4,7.966128111444412,100.0,1.0,0.0,100.0,1.0,0.0,100.0,1.0,0.0,100.0,1.0,0.0,100.0,1.0,0.0,100.0,1.0,0.0
120,actuated,13,13,196.23817854657705,49.05954463664426,7800466.235100378,650038.8529250316,10756.6,113.46624472573839,150132.40578478057,1583.6751665061242,94.8,2.0110502638459957,76.629530641513,87.8,48,3.9853932841005206,0.9261603375527426,76.629530641513,100.0,9.6,0.7999999999999999,1.4304691034835233,0.0,12,100.0,1.0,0.0,100.0,1.0,0.0,100.0,1.0,0.0,11.362082876346449,0.2,8.801203185040984,0.0,0.0,0.0,8.192284821809608,0.4,8.364426056761294,100.0,1.0,0.0,100.0,1.0,0.0,100.0,1.0,0.0,100.0,1.0,0.0,100.0,1.0,0.0,100.0,1.0,0.0
121,actuated,13,13,278.94767244430886,69.73691811107722,7091791.97996712,590982.66499726,9873.2,104.3678646934461,148814.11320428253,1573.0878774237055,94.6,1.9318180820615423,72.0134401736641,84.4,46,3.9649267024366117,0.8921775898520085,72.0134401736641,100.0,9.2,0.7666666666666666,1.6128127364199407,0.0,12,100.0,1.0,0.0,100.0,1.0,0.0,100.0,1.0,0.0,11.76763858117738,0.2,8.497881653159572,0.0,0.0,0.0,11.190332961234617,0.2,8.936284590138515,100.0,1.0,0.0,100.0,1.0,0.0,41.20331054155713,0.8,1.9195865937412016,100.0,1.0,0.0,100.0,1.0,0.0,100.0,1.0,0.0
122,actuated,13,13,334.5413015472683,79.65269084458768,8269355.6509685125,689112.9709140427,9104.0,93.66255144032922,151570.88197627035,1559.3712137476373,97.2,1.7940913899585598,76.43633531761832,84.2,48,3.873514830335612,0.8662551440329218,76.43633531761832,100.0,9.6,0.7999999999999999,1.4259208196308464,0.0,12,100.0,1.0,0.0,100.0,1.0,0.0,100.0,1.0,0.0,7.776104685979135,0.2,8.561914986930788,0.0,0.0,0.0,9.459919125440592,0.4,8.54913484863937,100.0,1.0,0.0,100.0,1.0,0.0,100.0,1.0,0.0,100.0,1.0,0.0,100.0,1.0,0.0,100.0,1.0,0.0
123,actuated,13,13,552.2334614696018,110.44669229392036,7000552.233461469,583379.3527884558,8937.6,89.19760479041916,154678.48058580706,1543.6974110359986,100.2,1.662002924130486,80.37094215114108,87.2,50,3.809937659446213,0.8702594810379242,80.3709421511411,100.0,10.0,0.8333333333333334,0.5538091436759043,0.0,12,100.0,1.0,0.0,100.0,1.0,0.0,100.0,1.0,0.0,0.0,0.2,0.0,0.0,0.0,0.0,64.45130581369312,0.8,6.645709724110851,100.0,1.0,0.0,100.0,1.0,0.0,100.0,1.0,0.0,100.0,1.0,0.0,100.0,1.0,0.0,100.0,1.0,0.0
124,actuated,17,13,1117.1388111369592,192.61013985119988,4404624.985554573,367052.0821295478,8086.0,79.43025540275049,159521.70724331978,1567.0108766534358,101.8,1.05016971996401,86.22070110567525,87.6,55,2.6045083219400404,0.8605108055009824,86.22070110567525,100.0,11.0,0.9166666666666666,1.233340041342106,0.0,12,60.0,0.8,0.0,80.0,1.0,0.0,100.0,1.0,0.0,87.40943709919293,1.0,6.106201077750789,7.238976168910085,0.2,8.693879418354483,100.0,1.0,0.0,100.0,1.0,0.0,100.0,1.0,0.0,100.0,1.0,0.0,100.0,1.0,0.0,100.0,1.0,0.0,100.0,1.0,0.0
125,actuated,17,17,649.1711283487014,108.1951880581169,4863761.451194671,405313.4542662226,6640.8,65.75049504950495,160683.6287420736,1590.9270172482534,101.0,0.6710561577810036,80.20012719601803,83.4,52,0.999671806980942,0.8257425742574257,80.20012719601804,100.0,10.4,0.8666666666666667,0.3287211909995757,0.0,12,25.369627374445827,0.6,1.8352897161595472,37.03189897777065,0.6,2.109364575835361,100.0,1.0,0.0,100.0,1.0,0.0,0.0,0.2,0.0,100.0,1.0,0.0,100.0,1.0,0.0,100.0,1.0,0.0,100.0,1.0,0.0,100.0,1.0,0.0,100.0,1.0,0.0,100.0,1.0,0.0
126,actuated,17,17,328.44676934000506,71.40147159565328,8350445.908669189,695870.4923890991,5590.8,56.358870967741936,161553.88977596723,1628.5674372577341,99.2,0.8154207605798288,80.17788980964686,80.2,51,1.2787603130487835,0.8084677419354839,80.17788980964686,100.0,10.2,0.85,0.6958332132468342,0.0,12,37.92629982603103,0.6,4.287371650029521,24.20837788973131,0.6,4.062626908932488,100.0,1.0,0.0,100.0,1.0,0.0,0.0,0.0,0.0,100.0,1.0,0.0,100.0,1.0,0.0,100.0,1.0,0.0,100.0,1.0,0.0,100.0,1.0,0.0,100.0,1.0,0.0,100.0,1.0,0.0
127,actuated,17,17,998.4304507575937,178.29115192099889,7533086.17251282,627757.181042735,5804.2,58.042,163589.64392205814,1635.8964392205814,100.0,0.9733967044182582,81.58691246513438,81.4,56,1.5253116908823072,0.814,81.58691246513438,100.0,11.2,0.9333333333333332,1.5238803612862502,0.0,12,21.247500909855717,0.8,5.464495675759357,3.6770761700063304,0.6,5.180886864554655,100.0,1.0,0.0,100.0,1.0,0.0,54.1183725017504,0.8,7.641181795120992,100.0,1.0,0.0,100.0,1.0,0.0,100.0,1.0,0.0,100.0,1.0,0.0,100.0,1.0,0.0,100.0,1.0,0.0,100.0,1.0,0.0
128,actuated,17,17,460.89858598367755,92.17971719673551,6436955.442667093,536412.953555591,6215.6,62.53118712273642,163559.29048120268,1645.4656990060632,99.4,1.008987248067904,85.8292198117374,84.2,58,1.8153199148510775,0.8470824949698189,85.8292198117374,100.0,11.6,0.9666666666666667,1.1291117792698606,0.0,12,10.36638867683223,1.0,6.980689389523544,19.584249064016603,0.6,6.568651961714783,100.0,1.0,0.0,100.0,1.0,0.0,100.0,1.0,0.0,100.0,1.0,0.0,100.0,1.0,0.0,100.0,1.0,0.0,100.0,1.0,0.0,100.0,1.0,0.0,100.0,1.0,0.0,100.0,1.0,0.0
129,actuated,17,17,594.5380200738034,141.55667144614367,7242949.149198686,603579.0957665571,6638.4,68.43711340206185,154147.4467943505,1589.148936024232,97.0,1.004645388789418,87.87900944941572,86.0,55,1.9187732920917615,0.8865979381443299,87.87900944941573,100.0,11.0,0.9166666666666666,1.3791671308485995,0.0,12,23.752356500217502,0.4,8.439909763572524,30.79575689277135,0.6,8.11009580661067,100.0,1.0,0.0,100.0,1.0,0.0,100.0,1.0,0.0,100.0,1.0,0.0,100.0,1.0,0.0,100.0,1.0,0.0,100.0,1.0,0.0,100.0,1.0,0.0,100.0,1.0,0.0,100.0,1.0,0.0
130,actuated,17,17,388.29136380715863,97.07284095178966,8822098.1288417,735174.8440701417,7072.2,73.2111801242236,154178.7468566333,1596.0532800893718,96.6,0.9337195305305671,83.41654824654084,88.0,53,1.7184687494564392,0.9109730848861284,83.41654824654086,100.0,10.6,0.8833333333333333,0.6899687402142466,0.0,12,0.9985789584902705,0.4,8.279624882570959,0.0,0.2,0.0,100.0,1.0,0.0,100.0,1.0,0.0,100.0,1.0,0.0,100.0,1.0,0.0,100.0,1.0,0.0,100.0,1.0,0.0,100.0,1.0,0.0,100.0,1.0,0.0,100.0,1.0,0.0,100.0,1.0,0.0
131,actuated,17,17,709.7456114093455,141.9491222818691,6801022.18461033,566751.8487175275,7511.2,76.02429149797571,157661.0685218266,1595.759802852496,98.8,0.9298493117842277,85.01810573323421,89.0,52,1.696052790112622,0.9008097165991903,85.01810573323421,100.0,10.4,0.8666666666666667,1.4171435526357812,0.0,12,8.789853749140093,0.2,8.254837189441398,11.427415049670344,0.2,8.750885442187975,100.0,1.0,0.0,100.0,1.0,0.0,100.0,1.0,0.0,100.0,1.0,0.0,100.0,1.0,0.0,100.0,1.0,0.0,100.0,1.0,0.0,100.0,1.0,0.0,100.0,1.0,0.0,100.0,1.0,0.0
132,actuated,17,17,834.7509689251085,154.58351276390897,6017915.800607226,501492.98338393547,7955.8,79.08349900596421,160113.11343689065,1591.5816445018952,100.6,0.8964090636070602,84.29455943137516,90.4,52,1.663125742470771,0.8986083499005965,84.29455943137516,100.0,10.4,0.8666666666666667,0.7224569181581054,0.0,12,0.0,0.2,0.0,11.53471317650201,0.2,8.669483017897265,100.0,1.0,0.0,100.0,1.0,0.0,100.0,1.0,0.0,100.0,1.0,0.0,100.0,1.0,0.0,100.0,1.0,0.0,100.0,1.0,0.0,100.0,1.0,0.0,100.0,1.0,0.0,100.0,1.0,0.0
133,actuated,17,17,843.5161171375618,175.73252440365872,6707683.631298409,558973.6359415341,8411.2,81.6621359223301,164747.03560627007,1599.4857825851464,103.0,0.9191310819403492,84.83656795399877,92.8,55,1.796768292799284,0.9009708737864077,84.83656795399877,100.0,11.0,0.9166666666666666,1.4180163241147168,0.0,12,14.238778337130498,0.6,8.616569563933211,3.800037110854646,0.4,8.39962632544339,100.0,1.0,0.0,100.0,1.0,0.0,100.0,1.0,0.0,100.0,1.0,0.0,100.0,1.0,0.0,100.0,1.0,0.0,100.0,1.0,0.0,100.0,1.0,0.0,100.0,1.0,0.0,100.0,1.0,0.0
134,actuated,17,17,403.636152735876,100.909038183969,7911762.990402462,659313.5825335385,8875.4,85.34038461538462,164955.75499967596,1586.1130288430381,104.0,0.8511328029240668,84.42089326326027,94.2,52,1.68502194899841,0.9057692307692308,84.42089326326027,100.0,10.4,0.8666666666666667,1.4303543934753826,0.0,12,1.9827189417765112,0.2,8.129196881782264,11.068000217346707,0.2,9.03505583992233,100.0,1.0,0.0,100.0,1.0,0.0,100.0,1.0,0.0,100.0,1.0,0.0,100.0,1.0,0.0,100.0,1.0,0.0,100.0,1.0,0.0,100.0,1.0,0.0,100.0,1.0,0.0,100.0,1.0,0.0
135,actuated,17,17,875.7289945161996,199.02931693549988,7021756.858037089,585146.404836424,9349.6,88.37051039697542,167163.54406755784,1579.9956906196392,105.8,0.8124543808112785,84.571680718052,96.6,54,1.6737248760280514,0.9130434782608695,84.571680718052,100.0,10.8,0.9,1.4242716748373692,0.0,12,8.115386830672833,0.4,8.338659618142993,6.744781785951091,0.4,8.752600479905436,100.0,1.0,0.0,100.0,1.0,0.0,100.0,1.0,0.0,100.0,1.0,0.0,100.0,1.0,0.0,100.0,1.0,0.0,100.0,1.0,0.0,100.0,1.0,0.0,100.0,1.0,0.0,100.0,1.0,0.0
136,actuated,17,17,445.4404251841071,148.4801417280357,9063333.497097662,755277.7914248052,9834.2,92.42669172932331,166415.79715354549,1564.0582439242996,106.4,0.7530601694199581,83.97744461993587,98.2,53,1.6474038141984542,0.9229323308270677,83.97744461993587,100.0,10.6,0.8833333333333333,0.7162413908246283,0.0,12,0.0,0.2,0.0,7.729335439230454,0.4,8.59489668989554,100.0,1.0,0.0,100.0,1.0,0.0,100.0,1.0,0.0,100.0,1.0,0.0,100.0,1.0,0.0,100.0,1.0,0.0,100.0,1.0,0.0,100.0,1.0,0.0,100.0,1.0,0.0,100.0,1.0,0.0
137,actuated,17,17,153.9992730202582,69.9996695546628,10630448.566973839,885870.7139144866,10331.0,96.19180633147114,169452.77452005856,1577.7725746746607,107.4,0.7626357531924889,85.3046549645965,100.8,54,1.7117844545152499,0.9385474860335196,85.30465496459651,100.0,10.8,0.9,1.4071359734594167,0.0,12,12.12193750870938,0.6,8.215554025024176,11.533922066448667,0.2,8.670077656488825,100.0,1.0,0.0,100.0,1.0,0.0,100.0,1.0,0.0,100.0,1.0,0.0,100.0,1.0,0.0,100.0,1.0,0.0,100.0,1.0,0.0,100.0,1.0,0.0,100.0,1.0,0.0,100.0,1.0,0.0
138,actuated,17,17,755.4349458504364,198.79866996064118,9524920.018580416,793743.3348817014,10831.0,99.54963235294117,172908.0510689052,1589.2284105597903,108.8,0.8318687847081255,84.85809782777342,100.4,53,1.767078153566216,0.9227941176470589,84.85809782777342,100.0,10.6,0.8833333333333333,1.4364370001571638,0.0,12,6.542642390606943,0.4,8.729886678716115,11.754531542674158,0.2,8.50735732316985,100.0,1.0,0.0,100.0,1.0,0.0,100.0,1.0,0.0,100.0,1.0,0.0,100.0,1.0,0.0,100.0,1.0,0.0,100.0,1.0,0.0,100.0,1.0,0.0,100.0,1.0,0.0,100.0,1.0,0.0
139,actuated,17,17,126.00027807005577,52.50011586252324,8043887.409160165,670323.9507633471,11333.4,103.21857923497268,171391.9443882092,1560.9466702022696,109.8,0.732470773398798,84.84192061731525,102.0,53,1.6099182181318572,0.9289617486338798,84.84192061731524,100.0,10.6,0.8833333333333333,1.440775823332374,0.0,12,6.556394207584617,0.4,8.628791696391998,11.546653200198307,0.2,8.660518183596487,100.0,1.0,0.0,100.0,1.0,0.0,100.0,1.0,0.0,100.0,1.0,0.0,100.0,1.0,0.0,100.0,1.0,0.0,100.0,1.0,0.0,100.0,1.0,0.0,100.0,1.0,0.0,100.0,1.0,0.0
140,actuated,17,17,363.68359064146074,129.88699665766455,8789367.60871431,732447.3007261925,11851.0,105.06205673758865,174673.5439203437,1548.5243255349621,112.8,0.5067819817174516,84.56128053779632,105.4,54,1.103088761145782,0.9343971631205674,84.56128053779632,100.0,10.8,0.9,1.1658985610844237,0.0,12,8.392638198888562,0.4,5.566737007934222,6.342728254667236,0.4,8.424045725078862,100.0,1.0,0.0,100.0,1.0,0.0,100.0,1.0,0.0,100.0,1.0,0.0,100.0,1.0,0.0,100.0,1.0,0.0,100.0,1.0,0.0,100.0,1.0,0.0,100.0,1.0,0.0,100.0,1.0,0.0
141,actuated,17,17,793.7312611782579,208.87664767848892,7468351.21084623,622362.6009038525,12381.0,106.54905335628227,180664.4822817557,1554.7717924419596,116.2,0.41574661051312206,95.88830375759603,107.8,58,0.8431255182744046,0.927710843373494,95.88830375759603,100.0,11.6,0.9666666666666667,0.45918807750873564,0.0,12,100.0,1.0,0.0,50.65964509115247,0.6,5.510256930104828,100.0,1.0,0.0,100.0,1.0,0.0,100.0,1.0,0.0,100.0,1.0,0.0,100.0,1.0,0.0,100.0,1.0,0.0,100.0,1.0,0.0,100.0,1.0,0.0,100.0,1.0,0.0,100.0,1.0,0.0
142,actuated,0,17,1084.7880562617247,246.54274005948287,8481909.033519255,706825.7527932712,11599.8,99.31335616438356,180899.60528520838,1548.7979904555511,116.8,0.31438298942218174,93.33333333333333,105.4,58,0.5824464242243844,0.9023972602739726,93.33333333333333,100.0,11.6,0.9666666666666667,0.0,0.0,12,100.0,1.0,0.0,100.0,1.0,0.0,100.0,1.0,0.0,100.0,1.0,0.0,100.0,1.0,0.0,100.0,1.0,0.0,60.0,0.8,0.0,60.0,0.8,0.0,100.0,1.0,0.0,100.0,1.0,0.0,100.0,1.0,0.0,100.0,1.0,0.0
143,actuated,0,0,323.31170705617757,80.82792676404439,11344905.339168895,945408.7782640746,11040.6,95.17758620689655,183276.97312242544,1579.9739062278054,116.0,0.39876175165026007,87.42562271793285,101.0,56,0.602828434927985,0.8706896551724138,87.42562271793285,100.0,11.2,0.9333333333333332,0.30929033513753584,0.0,12,100.0,1.0,0.0,100.0,1.0,0.0,100.0,1.0,0.0,100.0,1.0,0.0,100.0,1.0,0.0,100.0,1.0,0.0,25.688797067230098,0.6,1.956971494753633,23.418675547964085,0.6,1.7545125268967972,100.0,1.0,0.0,100.0,1.0,0.0,100.0,1.0,0.0,100.0,1.0,0.0
144,actuated,0,0,274.23096508568085,68.55774127142021,9023353.340232655,751946.1116860546,11295.0,97.87694974003466,184769.2539911083,1601.1200519160163,115.4,0.6405780765363128,88.10181951262034,98.4,59,1.124227475388073,0.8526863084922011,88.10181951262034,100.0,11.8,0.9833333333333334,0.698496495521287,0.0,12,100.0,1.0,0.0,100.0,1.0,0.0,100.0,1.0,0.0,100.0,1.0,0.0,100.0,1.0,0.0,100.0,1.0,0.0,25.09637313124813,0.8,4.3925978031260575,32.12546102019587,1.0,3.989360143129387,100.0,1.0,0.0,100.0,1.0,0.0,100.0,1.0,0.0,100.0,1.0,0.0
145,actuated,0,0,766.2533309364431,166.57681107313982,7201050.092514348,600087.507709529,11790.6,103.06468531468532,182254.63033351788,1593.1348805377438,114.4,0.9211313562410343,85.66356937106093,100.8,58,1.8059573440463532,0.8811188811188811,85.66356937106093,100.0,11.6,0.9666666666666667,0.9431326841045745,0.0,12,100.0,1.0,0.0,100.0,1.0,0.0,100.0,1.0,0.0,100.0,1.0,0.0,100.0,1.0,0.0,100.0,1.0,0.0,13.555730059595135,0.8,5.710212933386085,14.407102393136029,0.8,5.607379275868809,100.0,1.0,0.0,100.0,1.0,0.0,100.0,1.0,0.0,100.0,1.0,0.0
146,actuated,0,0,693.2865909326342,173.32164773315856,7920649.590490008,660054.132540834,12302.8,109.84642857142858,174493.41441779738,1557.9769144446193,112.0,1.1989244438512003,86.17420978676932,104.6,55,2.560430549608563,0.9339285714285714,86.17420978676932,100.0,11.0,0.9166666666666666,1.179353069749638,0.0,12,100.0,1.0,0.0,100.0,1.0,0.0,100.0,1.0,0.0,100.0,1.0,0.0,100.0,1.0,0.0,100.0,1.0,0.0,7.05421999077771,0.4,6.881528298473416,27.036297450454185,0.6,7.270708538522239,100.0,1.0,0.0,100.0,1.0,0.0,100.0,1.0,0.0,100.0,1.0,0.0
147,actuated,0,0,740.8332505153019,246.94441683843397,10614036.49432808,884503.0411940067,12833.8,115.41187050359713,170105.30158146087,1529.7239350850798,111.2,1.530619181425442,83.35842672808458,107.8,52,3.9408406245076173,0.9694244604316546,83.35842672808458,100.0,10.4,0.8666666666666667,0.7034954070967312,0.0,12,100.0,1.0,0.0,100.0,1.0,0.0,100.0,1.0,0.0,100.0,1.0,0.0,100.0,1.0,0.0,100.0,1.0,0.0,0.30112073701502595,0.4,8.441944885160774,0.0,0.0,0.0,100.0,1.0,0.0,100.0,1.0,0.0,100.0,1.0,0.0,100.0,1.0,0.0
148,actuated,0,0,44.18562784328564,22.09281392164282,10720922.233960968,893410.1861634139,13380.0,120.54054054054055,169319.84951141448,1525.4040496523826,111.0,1.3772078096730818,83.33333333333333,110.0,50,3.851314938269882,0.990990990990991,83.33333333333333,100.0,10.0,0.8333333333333334,0.0,0.0,12,100.0,1.0,0.0,100.0,1.0,0.0,100.0,1.0,0.0,100.0,1.0,0.0,100.0,1.0,0.0,100.0,1.0,0.0,0.0,0.0,0.0,0.0,0.0,0.0,100.0,1.0,0.0,100.0,1.0,0.0,100.0,1.0,0.0,100.0,1.0,0.0
149,actuated,0,0,21.00389771717595,10.501948858587975,10000021.003897717,833335.0836581431,13930.0,125.49549549549549,169975.82551708218,1531.3137433971367,111.0,1.654379053064622,83.33333333333333,110.0,50,4.0449013674435825,0.990990990990991,83.33333333333333,100.0,10.0,0.8333333333333334,0.0,0.0,12,100.0,1.0,0.0,100.0,1.0,0.0,100.0,1.0,0.0,100.0,1.0,0.0,100.0,1.0,0.0,100.0,1.0,0.0,0.0,0.0,0.0,0.0,0.0,0.0,100.0,1.0,0.0,100.0,1.0,0.0,100.0,1.0,0.0,100.0,1.0,0.0
150,actuated,0,0,14.179375576534875,7.877430875852708,10200014.179375574,850001.1816146312,14480.0,130.45045045045046,170148.06264627242,1532.8654292456974,111.0,1.7414405294833704,84.25124526870965,110.2,51,4.266514871452825,0.9927927927927928,84.25124526870964,100.0,10.2,0.85,0.7565480060565374,0.0,12,100.0,1.0,0.0,100.0,1.0,0.0,100.0,1.0,0.0,100.0,1.0,0.0,100.0,1.0,0.0,100.0,1.0,0.0,11.014943224515719,0.2,9.078576072678448,0.0,0.0,0.0,100.0,1.0,0.0,100.0,1.0,0.0,100.0,1.0,0.0,100.0,1.0,0.0
151,actuated,0,0,127.66009589241885,70.92227549578826,10200127.660095893,850010.6383413244,15030.0,134.67741935483872,170541.15209985658,1528.1465241922633,111.6,0.636979152793375,83.33333333333333,110.2,50,2.5266925944100502,0.9874551971326165,83.33333333333333,100.0,10.0,0.8333333333333334,0.0,0.0,12,100.0,1.0,0.0,100.0,1.0,0.0,100.0,1.0,0.0,100.0,1.0,0.0,100.0,1.0,0.0,100.0,1.0,0.0,0.0,0.0,0.0,0.0,0.0,0.0,100.0,1.0,0.0,100.0,1.0,0.0,100.0,1.0,0.0,100.0,1.0,0.0
152,actuated,0,0,53.95241011087021,26.976205055435106,10000053.95241011,833337.8293675091,15580.0,139.10714285714286,171991.20299532736,1535.6357410297087,112.0,0.6362067681069796,83.33333333333333,110.0,50,1.5345533531889695,0.9821428571428571,83.33333333333333,100.0,10.0,0.8333333333333334,0.0,0.0,12,100.0,1.0,0.0,100.0,1.0,0.0,100.0,1.0,0.0,100.0,1.0,0.0,100.0,1.0,0.0,100.0,1.0,0.0,0.0,0.0,0.0,0.0,0.0,0.0,100.0,1.0,0.0,100.0,1.0,0.0,100.0,1.0,0.0,100.0,1.0,0.0
153,actuated,0,0,25.73326079141243,12.866630395706215,10000025.733260792,833335.4777717326,16130.0,144.01785714285714,173067.5771204187,1545.2462242894526,112.0,1.1735913888939347,84.05698670256281,110.0,52,2.6937744949792104,0.9821428571428571,84.05698670256281,100.0,10.4,0.8666666666666667,0.7371117643779145,0.0,12,100.0,1.0,0.0,100.0,1.0,0.0,100.0,1.0,0.0,100.0,1.0,0.0,100.0,1.0,0.0,100.0,1.0,0.0,8.683840430753662,0.4,8.845341172534974,0.0,0.0,0.0,100.0,1.0,0.0,100.0,1.0,0.0,100.0,1.0,0.0,100.0,1.0,0.0
154,actuated,0,0,17.034599235972383,8.517299617986192,10000017.034599233,833334.7528832695,16680.0,150.27027027027026,169663.63726550477,1528.5012366261692,111.0,1.8366881033524516,84.27008484736292,110.0,51,4.282214083838818,0.990990990990991,84.27008484736291,100.0,10.2,0.85,0.7413326096022929,0.0,12,100.0,1.0,0.0,100.0,1.0,0.0,100.0,1.0,0.0,100.0,1.0,0.0,100.0,1.0,0.0,100.0,1.0,0.0,0.0,0.0,0.0,11.241018168354913,0.2,8.895991315227514,100.0,1.0,0.0,100.0,1.0,0.0,100.0,1.0,0.0,100.0,1.0,0.0
155,actuated,0,0,12.44060475161987,6.220302375809935,10000012.44060475,833334.3700503958,17230.0,156.63636363636363,167310.0,1521.0,110.0,2.315,83.33333333333333,110.0,50,5.176497367912013,1.0,83.33333333333333,100.0,10.0,0.8333333333333334,0.0,0.0,12,100.0,1.0,0.0,100.0,1.0,0.0,100.0,1.0,0.0,100.0,1.0,0.0,100.0,1.0,0.0,100.0,1.0,0.0,0.0,0.0,0.0,0.0,0.0,0.0,100.0,1.0,0.0,100.0,1.0,0.0,100.0,1.0,0.0,100.0,1.0,0.0
156,actuated,0,0,12.44060475161987,6.220302375809935,10000012.44060475,833334.3700503958,17780.0,161.63636363636363,167310.0,1521.0,110.0,2.315,83.33333333333333,110.0,50,5.176497367912013,1.0,83.33333333333333,100.0,10.0,0.8333333333333334,0.0,0.0,12,100.0,1.0,0.0,100.0,1.0,0.0,100.0,1.0,0.0,100.0,1.0,0.0,100.0,1.0,0.0,100.0,1.0,0.0,0.0,0.0,0.0,0.0,0.0,0.0,100.0,1.0,0.0,100.0,1.0,0.0,100.0,1.0,0.0,100.0,1.0,0.0
157,actuated,0,0,49.21637756950197,30.76023598093873,10400049.21637757,866670.7680314641,18330.0,165.13513513513513,169210.59981423075,1524.419818146223,111.0,1.2274388306556892,83.33333333333333,110.4,50,3.83176359855564,0.9945945945945946,83.33333333333333,100.0,10.0,0.8333333333333334,0.0,0.0,12,100.0,1.0,0.0,100.0,1.0,0.0,100.0,1.0,0.0,100.0,1.0,0.0,100.0,1.0,0.0,100.0,1.0,0.0,0.0,0.0,0.0,0.0,0.0,0.0,100.0,1.0,0.0,100.0,1.0,0.0,100.0,1.0,0.0,100.0,1.0,0.0
158,actuated,0,0,87.91846967639704,43.95923483819852,10000087.918469675,833340.6598724729,18880.0,168.57142857142858,171890.18489154318,1534.7337936744927,112.0,0.4875538207947587,83.33333333333333,110.0,50,1.2420067137697275,0.9821428571428571,83.33333333333333,100.0,10.0,0.8333333333333334,0.0,0.0,12,100.0,1.0,0.0,100.0,1.0,0.0,100.0,1.0,0.0,100.0,1.0,0.0,100.0,1.0,0.0,100.0,1.0,0.0,0.0,0.0,0.0,0.0,0.0,0.0,100.0,1.0,0.0,100.0,1.0,0.0,100.0,1.0,0.0,100.0,1.0,0.0
159,actuated,0,0,20.864250853710672,10.432125426855336,10000020.86425085,833335.0720209042,19430.0,173.48214285714286,172571.8601106696,1540.82017955955,112.0,1.6603236396571932,83.33333333333333,110.0,50,4.052166780270854,0.9821428571428571,83.33333333333333,100.0,10.0,0.8333333333333334,0.0,0.0,12,100.0,1.0,0.0,100.0,1.0,0.0,100.0,1.0,0.0,100.0,1.0,0.0,100.0,1.0,0.0,100.0,1.0,0.0,0.0,0.0,0.0,0.0,0.0,0.0,100.0,1.0,0.0,100.0,1.0,0.0,100.0,1.0,0.0,100.0,1.0,0.0
160,actuated,4,0,703.6799112164829,185.1789240043376,7002666.103654276,583555.5086378563,17489.6,159.57664233576642,169531.54937927707,1546.8207060153018,109.6,1.6729032734562994,74.38668550732775,101.2,50,4.014785648441028,0.9233576642335767,74.38668550732775,100.0,10.000000000000002,0.8333333333333335,0.7263441859394866,0.0,12,100.0,1.0,0.0,100.0,1.0,0.0,100.0,1.0,0.0,100.0,1.0,0.0,100.0,1.0,0.0,100.0,1.0,0.0,12.640226087933115,0.6,8.716130231273839,0.0,0.0,0.0,100.0,1.0,0.0,60.0,0.8,0.0,60.0,0.8,0.0,60.0,0.8,0.0
161,actuated,4,4,300.3137188673677,71.5032663969923,7237894.870865844,603157.905905487,14521.8,136.99811320754716,168076.36097068404,1585.6260468932458,106.0,1.4326058973968614,66.16455848388436,89.8,45,3.785883196321038,0.8471698113207548,66.16455848388436,100.0,9.0,0.75,0.4195573806740774,0.0,12,100.0,1.0,0.0,100.0,1.0,0.0,100.0,1.0,0.0,100.0,1.0,0.0,100.0,1.0,0.0,100.0,1.0,0.0,0.0,0.0,0.0,0.0,0.0,0.0,100.0,1.0,0.0,32.57151437017228,0.6,1.8438788675761706,40.923690155175336,0.8,1.6066887684304876,20.479497281264685,0.6,1.5841209320822702
162,actuated,4,4,119.82718963109235,29.956797407773088,8257630.871179594,688135.9059316328,12335.4,121.17288801571709,166698.77922049974,1637.512566016697,101.8,1.7519036856636558,67.51020421242099,80.4,48,3.8047247989434108,0.7897838899803536,67.51020421242099,100.0,9.6,0.7999999999999999,0.9383923517913951,0.0,12,100.0,1.0,0.0,100.0,1.0,0.0,100.0,1.0,0.0,100.0,1.0,0.0,100.0,1.0,0.0,100.0,1.0,0.0,0.0,0.0,0.0,0.0,0.0,0.0,100.0,1.0,0.0,36.61266453111239,1.0,3.597111178940425,42.12631493042636,1.0,3.6857326488149136,31.383471087513044,0.6,3.977864393741404
163,actuated,4,4,72.70972107106891,19.134137123965505,8200072.709721072,683339.392476756,12529.0,126.55555555555556,164780.9636739905,1664.4541785251565,99.0,1.896641382467572,63.718171488170775,79.8,46,3.6171626437706106,0.806060606060606,63.718171488170775,100.0,9.200000000000001,0.7666666666666667,1.3636581576685736,0.0,12,100.0,1.0,0.0,100.0,1.0,0.0,100.0,1.0,0.0,100.0,1.0,0.0,100.0,1.0,0.0,100.0,1.0,0.0,0.0,0.0,0.0,0.0,0.0,0.0,100.0,1.0,0.0,27.13124167401247,0.6,5.328585244135933,21.82811936428152,0.8,5.51562038791409,15.658696819755278,0.8,5.519692259972862
164,actuated,4,4,106.32001154493517,26.580002886233792,8000106.320011546,666675.5266676288,12924.0,134.625,160220.7065791047,1668.9656935323408,96.0,1.3993405528758558,61.783785237462325,79.4,49,2.131054041726843,0.8270833333333333,61.783785237462325,100.0,9.8,0.8166666666666668,1.6705347729907174,0.0,12,100.0,1.0,0.0,100.0,1.0,0.0,100.0,1.0,0.0,100.0,1.0,0.0,100.0,1.0,0.0,100.0,1.0,0.0,0.0,0.0,0.0,0.0,0.0,0.0,100.0,1.0,0.0,14.416454572401562,0.8,6.385647925516109,16.81181522194038,1.0,7.003550085674821,10.177153055205963,1.0,6.65721926469768
165,actuated,4,4,248.5566916339141,54.034063398676984,7400248.556691634,616687.3797243028,13319.0,143.21505376344086,154495.41797925974,1661.2410535404274,93.0,1.7450200897286088,62.22910637006654,79.8,45,2.4604497124099227,0.8580645161290322,62.22910637006654,100.0,9.0,0.75,1.9825724751241056,0.0,12,100.0,1.0,0.0,100.0,1.0,0.0,100.0,1.0,0.0,100.0,1.0,0.0,100.0,1.0,0.0,100.0,1.0,0.0,0.0,0.0,0.0,0.0,0.0,0.0,100.0,1.0,0.0,20.3004571973338,0.6,7.843634244056627,17.331075791068997,0.6,8.016321725915407,9.117743452395644,0.8,7.930913731517233
166,actuated,4,4,149.44434801635379,29.888869603270756,7000149.44434802,583345.7870290016,13714.0,151.0352422907489,148741.66974719887,1638.1241161585779,90.8,1.9339329292667087,61.61369361935613,79.6,41,2.722646541768259,0.8766519823788547,61.61369361935613,100.0,8.200000000000001,0.6833333333333335,2.970562718264455,0.0,12,100.0,1.0,0.0,100.0,1.0,0.0,100.0,1.0,0.0,100.0,1.0,0.0,100.0,1.0,0.0,100.0,1.0,0.0,0.0,0.0,0.0,11.084677379737968,0.2,9.02146238218833,100.0,1.0,0.0,11.197413211843923,0.4,8.930634076647832,10.772547117076101,0.2,9.2828556620082,6.30968572361553,0.4,8.411800498329102
167,actuated,4,4,307.0771465407988,66.7559014219128,7005683.598637911,583806.9665531592,14109.6,155.3920704845815,147307.3925462409,1622.3281117427414,90.8,1.3847484092846174,60.125771672065675,80.0,38,2.004418173725863,0.8810572687224669,60.125771672065675,100.0,7.6000000000000005,0.6333333333333334,1.4562161479120992,0.0,12,100.0,1.0,0.0,100.0,1.0,0.0,100.0,1.0,0.0,100.0,1.0,0.0,100.0,1.0,0.0,100.0,1.0,0.0,0.0,0.0,0.0,0.0,0.0,0.0,100.0,1.0,0.0,11.218450837848195,0.2,8.913886725128346,0.0,0.0,0.0,10.290809226939928,0.4,8.560707049816846
168,actuated,4,4,99.6725749586676,27.686826377407666,7641551.0206846725,636795.9183903894,14509.6,159.44615384615383,146603.0600183627,1611.0226375644254,91.0,1.2290032316982082,66.16949197434319,81.0,45,1.9909053055204706,0.8901098901098901,66.16949197434319,100.0,9.0,0.75,2.552616275191247,0.0,12,100.0,1.0,0.0,100.0,1.0,0.0,100.0,1.0,0.0,100.0,1.0,0.0,100.0,1.0,0.0,100.0,1.0,0.0,66.66152764840717,0.8,5.898401737680279,0.0,0.0,0.0,100.0,1.0,0.0,3.0716394815453896,0.4,7.951463640388099,17.525735324381913,0.4,8.647722366405315,6.7750012377837265,0.4,8.133807557821271
169,actuated,4,4,55.39628883732003,18.46542961244001,8760754.414968807,730062.8679140672,14914.0,163.8901098901099,147001.38645189736,1615.399851119751,91.0,1.1853525358884138,69.29643545763116,81.6,44,2.071399985651969,0.8967032967032967,69.29643545763118,100.0,8.799999999999999,0.7333333333333333,2.16190775144691,0.0,12,100.0,1.0,0.0,100.0,1.0,0.0,100.0,1.0,0.0,100.0,1.0,0.0,100.0,1.0,0.0,100.0,1.0,0.0,100.0,1.0,0.0,0.0,0.0,0.0,100.0,1.0,0.0,10.972976936786836,0.2,9.113297200575591,8.72934265941467,0.4,8.3942694731988,11.854905895372667,0.2,8.435326343588528
170,actuated,4,4,170.83997334526637,42.70999333631659,8000170.839973344,666680.903331112,15319.0,166.5108695652174,150251.30763814235,1633.1663873711125,92.0,1.2625775749363106,69.07982801136616,81.8,45,2.0407419458990277,0.8891304347826087,69.07982801136616,100.0,9.0,0.75,2.2161879214187743,0.0,12,100.0,1.0,0.0,100.0,1.0,0.0,100.0,1.0,0.0,100.0,1.0,0.0,100.0,1.0,0.0,100.0,1.0,0.0,100.0,1.0,0.0,0.0,0.0,0.0,100.0,1.0,0.0,6.972079678703267,0.4,8.972757648444366,10.434882409551847,0.4,8.964218846336006,11.550974048138869,0.2,8.657278562244915
171,actuated,4,4,537.2568462218793,103.31862427343832,6600852.500616086,550071.0417180072,15120.4,164.71023965141612,151019.55282897796,1645.0931680716553,91.8,1.4060970893920695,67.20724392483135,79.8,44,2.0350171409390785,0.869281045751634,67.20724392483135,100.0,8.799999999999999,0.7333333333333333,2.210739399469119,0.0,12,100.0,1.0,0.0,100.0,1.0,0.0,80.0,1.0,0.0,100.0,1.0,0.0,100.0,1.0,0.0,100.0,1.0,0.0,100.0,1.0,0.0,0.0,0.0,0.0,100.0,1.0,0.0,10.904920984057753,0.2,9.170171901859092,4.377907468187914,0.4,8.433395683206616,11.204098645730483,0.2,8.92530520856372
172,actuated,4,4,312.93235132584795,52.15539188764132,6000312.932351325,500026.0776959437,14128.6,154.24235807860262,149488.66340632873,1631.972307929353,91.6,1.573542266876933,64.46305355341526,75.6,46,1.9989132028706262,0.8253275109170306,64.46305355341526,100.0,9.2,0.7666666666666666,2.967296635941269,0.0,12,100.0,1.0,0.0,100.0,1.0,0.0,52.46125657714856,0.6,2.1413264237304293,100.0,1.0,0.0,100.0,1.0,0.0,100.0,1.0,0.0,100.0,1.0,0.0,5.825308652176773,0.4,8.051367835048586,100.0,1.0,0.0,3.2766527909302567,0.2,8.096172136813403,1.9556025195902293,0.6,8.696657132171094,10.037822101137408,0.4,8.62203610353172
173,actuated,4,4,281.1063632553411,54.05891601064251,6410990.871137129,534249.2392614274,13372.0,145.6644880174292,148083.09878388376,1613.1056512405637,91.8,1.3484088024988532,68.08352659333025,75.6,43,1.9736656078923376,0.8235294117647058,68.08352659333025,100.0,8.6,0.7166666666666667,1.4565670781458364,0.0,12,100.0,1.0,0.0,100.0,1.0,0.0,100.0,1.0,0.0,100.0,1.0,0.0,100.0,1.0,0.0,100.0,1.0,0.0,100.0,1.0,0.0,0.0,0.0,0.0,100.0,1.0,0.0,5.5815204432474275,0.4,8.722849874477834,0.0,0.0,0.0,11.420798676715549,0.2,8.755955063272204
174,actuated,4,4,600.2502453704863,142.916725088211,7408213.3151184525,617351.1095932043,13579.8,146.33405172413794,148742.78134941106,1602.8316955755502,92.8,1.2085509236008813,69.55365441211939,80.0,44,2.0577367126566766,0.8620689655172413,69.55365441211939,100.0,8.799999999999999,0.7333333333333333,2.1650970980461914,0.0,12,100.0,1.0,0.0,100.0,1.0,0.0,100.0,1.0,0.0,100.0,1.0,0.0,100.0,1.0,0.0,100.0,1.0,0.0,100.0,1.0,0.0,0.0,0.0,0.0,100.0,1.0,0.0,11.391883879259694,0.4,8.778179365228794,11.659346772103163,0.2,8.5768098294551,11.59262229406977,0.2,8.626175981870402
175,actuated,4,4,66.0186845508077,22.00622818360257,8370518.5460188165,697543.2121682347,13989.4,147.25684210526316,149471.48736242342,1573.3840774991938,95.0,1.0032737607855895,68.38311314059125,84.4,46,1.7599771388859087,0.888421052631579,68.38311314059126,100.0,9.2,0.7666666666666666,2.139157209324185,0.0,12,100.0,1.0,0.0,100.0,1.0,0.0,100.0,1.0,0.0,100.0,1.0,0.0,100.0,1.0,0.0,100.0,1.0,0.0,100.0,1.0,0.0,0.0,0.0,0.0,100.0,1.0,0.0,7.623149446887965,0.2,8.660846304520964,11.131564776635514,0.6,8.650803407048807,1.842643463571676,0.4,8.358236800320446
176,actuated,4,4,96.57639996187066,32.192133320623554,8600892.1986931,716741.0165577583,14420.0,147.14285714285714,152931.12029831676,1560.52163569711,98.0,0.6857121163657918,68.90595671304102,88.2,45,1.2051738185468683,0.9,68.90595671304102,100.0,9.0,0.75,1.1849312136064518,0.0,12,100.0,1.0,0.0,100.0,1.0,0.0,100.0,1.0,0.0,100.0,1.0,0.0,100.0,1.0,0.0,100.0,1.0,0.0,100.0,1.0,0.0,0.0,0.0,0.0,100.0,1.0,0.0,5.5972113424354575,0.4,6.614659588105096,0.0,0.2,0.0,21.274269214056858,0.4,7.604514975172326
177,actuated,9,4,820.7674957024174,178.42771645704727,6602672.382198823,550222.6985165685,13997.0,140.250501002004,157384.55304347567,1576.999529493744,99.8,0.5451436279587958,84.8086410219069,86.2,53,0.8869461817381789,0.8637274549098196,84.8086410219069,100.0,10.600000000000001,0.8833333333333334,0.3734064267348493,0.0,12,100.0,1.0,0.0,100.0,1.0,0.0,80.0,1.0,0.0,60.0,0.8,0.0,100.0,1.0,0.0,100.0,1.0,0.0,100.0,1.0,0.0,0.0,0.0,0.0,100.0,1.0,0.0,100.0,1.0,0.0,77.70369226288267,0.8,4.4808771208181915,100.0,1.0,0.0
178,actuated,9,9,492.4611355497533,82.07685592495888,6000492.46113555,500041.0384279625,13237.2,131.32142857142858,161811.84448390704,1605.2762349593952,100.8,0.5894167786840165,79.72158414473067,81.4,51,0.6390948324138755,0.8075396825396826,79.72158414473067,100.0,10.2,0.85,0.3176808376081741,0.0,12,100.0,1.0,0.0,100.0,1.0,0.0,34.9219498719026,0.6,2.2472958156716762,21.737059864865387,0.6,1.564874235626413,100.0,1.0,0.0,100.0,1.0,0.0,100.0,1.0,0.0,0.0,0.0,0.0,100.0,1.0,0.0,100.0,1.0,0.0,100.0,1.0,0.0,100.0,1.0,0.0
179,actuated,9,9,365.42740566074457,60.9045676101241,6000365.42740566,500030.452283805,12812.4,127.10714285714286,166074.9193476815,1647.5686443222373,100.8,0.8394921484643052,80.69998394735383,78.4,51,0.9748581567664915,0.7777777777777778,80.69998394735383,100.0,10.2,0.85,0.694711849530968,0.0,12,100.0,1.0,0.0,100.0,1.0,0.0,35.444267825412226,0.6,4.394600005185059,32.955539542833776,0.6,3.9419421891865567,100.0,1.0,0.0,100.0,1.0,0.0,100.0,1.0,0.0,0.0,0.0,0.0,100.0,1.0,0.0,100.0,1.0,0.0,100.0,1.0,0.0,100.0,1.0,0.0
180,actuated,9,9,752.4110038023006,114.00166724277283,5011296.878962905,417608.0732469088,13151.2,128.4296875,167468.1786252225,1635.4314318869385,102.4,0.9723426320869316,83.5040200591999,81.2,57,1.440610154701604,0.79296875,83.50402005919989,100.0,11.399999999999999,0.9500000000000001,1.5205960561703085,0.0,12,100.0,1.0,0.0,100.0,1.0,0.0,20.721106425414746,0.8,6.28290819708388,16.087692074931965,0.8,5.443227563826412,100.0,1.0,0.0,100.0,1.0,0.0,100.0,1.0,0.0,65.23944221005195,0.8,6.521016913133408,100.0,1.0,0.0,100.0,1.0,0.0,100.0,1.0,0.0,100.0,1.0,0.0
181,actuated,9,9,718.2081148384098,119.7013524730683,5878096.659994273,489841.3883328561,13507.0,131.64717348927874,165953.17076906053,1617.4772979440597,102.6,1.02486493661246,87.2534752620328,85.8,57,1.76328124537995,0.8362573099415205,87.2534752620328,100.0,11.4,0.9500000000000001,1.1751958706544878,0.0,12,100.0,1.0,0.0,100.0,1.0,0.0,24.59876183319011,0.6,7.506802625731339,22.442941311203413,0.8,6.595547822122516,100.0,1.0,0.0,100.0,1.0,0.0,100.0,1.0,0.0,100.0,1.0,0.0,100.0,1.0,0.0,100.0,1.0,0.0,100.0,1.0,0.0,100.0,1.0,0.0
182,actuated,9,9,1846.5625921159462,256.4670266827703,4203890.725970866,350324.22716423887,11918.0,117.30314960629921,163769.55587377754,1611.9050774978105,101.6,1.0527506744912805,77.26776015094116,83.4,54,1.8506774217332034,0.8208661417322834,77.26776015094117,100.0,10.8,0.9,1.3220001672982535,0.0,12,100.0,1.0,0.0,100.0,1.0,0.0,11.462280719126738,0.6,8.11834407573462,15.75084109216732,0.8,7.745657931844422,100.0,1.0,0.0,40.0,0.6,0.0,100.0,1.0,0.0,100.0,1.0,0.0,60.0,0.8,0.0,100.0,1.0,0.0,100.0,1.0,0.0,100.0,1.0,0.0
183,actuated,9,9,692.7566023384042,144.3242921538342,5095560.56069911,424630.0467249258,9170.4,91.15705765407554,158735.78669566909,1577.890523813808,100.6,0.8049610410835323,78.3878522339116,79.8,51,1.547114684613049,0.7932405566600398,78.3878522339116,100.0,10.2,0.85,1.6877082278413755,0.0,12,100.0,1.0,0.0,100.0,1.0,0.0,22.890589170233397,0.4,8.745967849250968,7.025462384715411,0.2,7.741342612470125,60.0,0.8,0.0,87.67224989240049,1.0,2.08484730240009,100.0,1.0,0.0,100.0,1.0,0.0,63.06592535958998,0.8,1.6803409699753211,100.0,1.0,0.0,100.0,1.0,0.0,100.0,1.0,0.0
184,actuated,9,9,942.3519008175905,151.9922420673533,13925403.141076665,1160450.2617563887,6528.0,63.75,161864.15871099706,1580.7046749120807,102.4,0.8269549483022673,82.1699344330231,77.6,52,1.4217118251142888,0.7578125,82.1699344330231,100.0,10.4,0.8666666666666667,0.8738859637466864,0.0,12,100.0,1.0,0.0,100.0,1.0,0.0,2.0952120843094235,0.2,8.526366091798991,0.0,0.2,0.0,83.94400111196774,1.0,1.9602654731612452,100.0,1.0,0.0,100.0,1.0,0.0,100.0,1.0,0.0,100.0,1.0,0.0,100.0,1.0,0.0,100.0,1.0,0.0,100.0,1.0,0.0
185,actuated,9,9,862.0947272885081,134.7023011388294,8252294.669612112,687691.222467676,6375.2,60.71619047619048,165219.11664734964,1573.5153966414252,105.0,0.9655963126781797,85.23194162268699,84.4,56,1.5563021875870517,0.8038095238095239,85.23194162268699,100.0,11.2,0.9333333333333332,1.1219573317580702,0.0,12,100.0,1.0,0.0,100.0,1.0,0.0,5.059225206982774,0.4,8.376129151508213,37.72407426526115,0.8,5.087358829588631,80.0,1.0,0.0,100.0,1.0,0.0,100.0,1.0,0.0,100.0,1.0,0.0,100.0,1.0,0.0,100.0,1.0,0.0,100.0,1.0,0.0,100.0,1.0,0.0
186,actuated,9,9,319.65679016833167,63.931358033666335,8275487.264494416,689623.938707868,6665.4,63.48,164009.922856597,1561.9992653009238,105.0,0.8955982682674228,82.89010786366703,87.0,53,1.4431931879404427,0.8285714285714286,82.89010786366703,100.0,10.6,0.8833333333333333,1.0867358305489172,0.0,12,100.0,1.0,0.0,100.0,1.0,0.0,10.749907515551058,0.4,9.30240561189366,32.10114926312144,0.6,1.9130499666556735,51.830237585331815,0.6,1.8253743880376727,100.0,1.0,0.0,100.0,1.0,0.0,100.0,1.0,0.0,100.0,1.0,0.0,100.0,1.0,0.0,100.0,1.0,0.0,100.0,1.0,0.0
187,actuated,9,9,166.49090368456646,55.49696789485549,11138709.71973609,928225.8099780075,7107.4,67.4326375711575,162472.26731007927,1541.482612050088,105.4,0.6590317915831948,84.56095697478759,92.0,54,1.3811789702896908,0.872865275142315,84.56095697478759,100.0,10.8,0.9,0.9681753886785979,0.0,12,100.0,1.0,0.0,100.0,1.0,0.0,3.050433466414688,0.2,8.36818096609786,11.681050231036352,0.6,3.2499236980453143,100.0,1.0,0.0,100.0,1.0,0.0,100.0,1.0,0.0,100.0,1.0,0.0,100.0,1.0,0.0,100.0,1.0,0.0,100.0,1.0,0.0,100.0,1.0,0.0
188,actuated,9,9,251.00867947550546,83.66955982516849,11029687.04924642,919140.5874372016,7574.8,72.4168260038241,165262.91397023477,1579.951376388478,104.6,0.6348109625159655,84.09878554091165,95.4,53,1.3960437788060445,0.9120458891013384,84.09878554091165,100.0,10.6,0.8833333333333333,0.37020784450854305,0.0,12,100.0,1.0,0.0,100.0,1.0,0.0,0.0,0.2,0.0,9.18542649093979,0.4,4.442494134102517,100.0,1.0,0.0,100.0,1.0,0.0,100.0,1.0,0.0,100.0,1.0,0.0,100.0,1.0,0.0,100.0,1.0,0.0,100.0,1.0,0.0,100.0,1.0,0.0
189,actuated,9,9,114.28205196853916,47.617521653557986,13275091.745053027,1106257.6454210856,8038.0,76.55238095238096,166720.75724709735,1587.8167356866413,105.0,0.7417421214555134,87.27449501051221,95.4,54,1.6397495613033721,0.9085714285714286,87.27449501051221,100.0,10.8,0.9,1.219807309733201,0.0,12,100.0,1.0,0.0,100.0,1.0,0.0,18.041938235273847,0.4,8.395904675498807,29.252001890872634,0.4,6.241783041299604,100.0,1.0,0.0,100.0,1.0,0.0,100.0,1.0,0.0,100.0,1.0,0.0,100.0,1.0,0.0,100.0,1.0,0.0,100.0,1.0,0.0,100.0,1.0,0.0
190,actuated,9,9,916.9339131450836,199.33345937936602,10522398.65556494,876866.5546304117,8497.2,80.77186311787072,168005.50152697193,1597.0104707887065,105.2,0.7932830476210498,83.75843087283177,94.0,57,1.6099604301987283,0.8935361216730038,83.75843087283177,100.0,11.4,0.9500000000000001,1.3275958644005794,0.0,12,100.0,1.0,0.0,100.0,1.0,0.0,0.1545454933830115,0.4,8.105579434894024,4.946624980598244,1.0,7.82557093791293,100.0,1.0,0.0,100.0,1.0,0.0,100.0,1.0,0.0,100.0,1.0,0.0,100.0,1.0,0.0,100.0,1.0,0.0,100.0,1.0,0.0,100.0,1.0,0.0
191,actuated,9,9,399.0269289766424,79.80538579532848,8505355.841839697,708779.6534866415,8897.4,85.22413793103448,166225.3522675774,1592.1968608005498,104.4,0.7404082801826839,79.73907656368927,90.6,51,1.2773486257130522,0.867816091954023,79.73907656368927,100.0,10.4,0.8666666666666667,0.17431856269637747,0.0,12,100.0,1.0,0.0,100.0,1.0,0.0,0.0,0.2,0.0,40.0,0.6,0.0,16.868918764271257,0.6,2.0918227523565296,100.0,1.0,0.0,100.0,1.0,0.0,100.0,1.0,0.0,100.0,1.0,0.0,100.0,1.0,0.0,100.0,1.0,0.0,100.0,1.0,0.0
192,actuated,9,9,582.9427617007987,153.4059899212628,7114354.32650437,592862.8605420309,9330.6,87.85875706214689,161690.58420516134,1522.5102090881483,106.2,0.6933304874157344,87.5171217769692,91.8,57,1.3755119441653105,0.864406779661017,87.5171217769692,100.0,11.4,0.9500000000000001,1.057713342128902,0.0,12,100.0,1.0,0.0,100.0,1.0,0.0,2.6691233453584573,0.4,8.285447193755191,47.53633797827206,1.0,4.407112911791635,100.0,1.0,0.0,100.0,1.0,0.0,100.0,1.0,0.0,100.0,1.0,0.0,100.0,1.0,0.0,100.0,1.0,0.0,100.0,1.0,0.0,100.0,1.0,0.0
193,actuated,9,9,500.30934637203393,166.7697821240113,11095247.442411613,924603.953534301,9807.6,90.64325323475046,165964.95575185007,1533.87204946257,108.2,0.4054965414857835,92.68244375371069,99.6,56,0.9493830420864158,0.9205175600739371,92.68244375371069,100.0,11.2,0.9333333333333332,0.6836583078137007,0.0,12,100.0,1.0,0.0,100.0,1.0,0.0,12.189325044528232,0.2,8.20389969376441,100.0,1.0,0.0,100.0,1.0,0.0,100.0,1.0,0.0,100.0,1.0,0.0,100.0,1.0,0.0,100.0,1.0,0.0,100.0,1.0,0.0,100.0,1.0,0.0,100.0,1.0,0.0
194,actuated,9,9,444.01559243897975,148.00519747965993,9000444.015592437,750037.0012993697,10313.0,93.58439201451905,169250.7659628035,1535.8508708058393,110.2,0.2733449749214297,98.6197219867616,103.4,60,0.6358984848483022,0.9382940108892922,98.6197219867616,100.0,12.0,1.0,0.5471366161347413,0.0,12,100.0,1.0,0.0,100.0,1.0,0.0,83.4366638411393,1.0,6.5656393936168955,100.0,1.0,0.0,100.0,1.0,0.0,100.0,1.0,0.0,100.0,1.0,0.0,100.0,1.0,0.0,100.0,1.0,0.0,100.0,1.0,0.0,100.0,1.0,0.0,100.0,1.0,0.0
195,actuated,17,9,1153.652491349596,230.7304982699192,5403552.875908681,450296.0729923901,8909.8,80.55877034358048,174058.19014631677,1573.7630212144375,110.6,0.3029732424028614,90.0,97.8,57,0.4951890254819402,0.8842676311030742,90.0,100.0,11.4,0.9500000000000001,0.0,0.0,12,60.0,0.8,0.0,60.0,0.8,0.0,100.0,1.0,0.0,100.0,1.0,0.0,100.0,1.0,0.0,100.0,1.0,0.0,100.0,1.0,0.0,100.0,1.0,0.0,100.0,1.0,0.0,60.0,0.8,0.0,100.0,1.0,0.0,100.0,1.0,0.0
196,actuated,17,17,1089.5007647169612,160.22070069367075,5001448.24435144,416787.3536959533,6500.6,58.989110707803995,174959.12885079806,1587.6508970126865,110.2,0.44239343922155494,86.44346608106996,87.4,55,0.4725630802396504,0.7931034482758621,86.44346608106996,100.0,11.0,0.9166666666666666,0.5069295288160388,0.0,12,33.45907386044473,0.6,2.320345591283367,32.424373344010746,0.6,1.7832698460524077,100.0,1.0,0.0,100.0,1.0,0.0,100.0,1.0,0.0,100.0,1.0,0.0,100.0,1.0,0.0,100.0,1.0,0.0,100.0,1.0,0.0,71.43814576838395,0.8,1.9795389084566912,100.0,1.0,0.0,100.0,1.0,0.0
197,actuated,17,17,959.7631194601188,154.80050313872883,5205122.897415024,433760.241451252,5171.0,47.353479853479854,175748.84262462176,1609.4216357566097,109.2,0.6248150725016479,87.72114396287255,84.0,58,0.9196799249263778,0.7692307692307693,87.72114396287255,100.0,11.6,0.9666666666666667,0.6577581717108812,0.0,12,32.56583492813206,0.8,3.771242277195147,20.087892626338544,0.8,4.121855783335429,100.0,1.0,0.0,100.0,1.0,0.0,100.0,1.0,0.0,100.0,1.0,0.0,100.0,1.0,0.0,100.0,1.0,0.0,100.0,1.0,0.0,100.0,1.0,0.0,100.0,1.0,0.0,100.0,1.0,0.0
198,actuated,17,17,1036.3720430831877,199.3023159775361,6038381.834936123,503198.4862446769,5490.4,49.82214156079855,176891.2994872252,1605.1842058731868,110.2,0.7593230326118391,87.58377672108661,90.4,57,1.4606687583624431,0.8203266787658802,87.58377672108661,100.0,11.4,0.9500000000000001,0.9472178693541293,0.0,12,27.3825708490358,0.8,5.6188323963392754,23.622749804003433,0.6,5.7477820359102765,100.0,1.0,0.0,100.0,1.0,0.0,100.0,1.0,0.0,100.0,1.0,0.0,100.0,1.0,0.0,100.0,1.0,0.0,100.0,1.0,0.0,100.0,1.0,0.0,100.0,1.0,0.0,100.0,1.0,0.0
199,actuated,17,17,1073.105617065418,243.88764024214046,6051062.29203227,504255.1910026891,5957.0,53.860759493670884,176234.5389184269,1593.4406773817984,110.6,0.8778825958364125,85.30023964224786,96.6,57,1.8346525314323965,0.8734177215189873,85.30023964224786,100.0,11.4,0.9500000000000001,1.1137862410771497,0.0,12,17.403253271263566,0.6,6.40100940529612,6.199622435710808,0.8,6.9644254876296765,100.0,1.0,0.0,100.0,1.0,0.0,100.0,1.0,0.0,100.0,1.0,0.0,100.0,1.0,0.0,100.0,1.0,0.0,100.0,1.0,0.0,100.0,1.0,0.0,100.0,1.0,0.0,100.0,1.0,0.0
200,actuated,17,17,680.569037470648,162.04024701682096,10112172.812602662,842681.0677168885,6446.2,59.13944954128441,173683.58742011862,1593.4274075240241,109.0,0.950586797166638,86.76373463200093,99.0,55,1.9288759652366765,0.908256880733945,86.76373463200093,100.0,11.0,0.9166666666666666,1.4269969447350128,0.0,12,23.618302214122195,0.4,8.468009275169754,17.546513369889,0.6,8.655954061650398,100.0,1.0,0.0,100.0,1.0,0.0,100.0,1.0,0.0,100.0,1.0,0.0,100.0,1.0,0.0,100.0,1.0,0.0,100.0,1.0,0.0,100.0,1.0,0.0,100.0,1.0,0.0,100.0,1.0,0.0
201,actuated,17,17,137.9790345457678,62.717742975349,10846934.99326862,903911.2494390517,6944.2,64.53717472118959,168968.3618156222,1570.3379350894256,107.6,0.7552838992201399,84.13201422554114,100.8,54,1.6927260981037553,0.9368029739776952,84.13201422554114,100.0,10.8,0.9,1.4100192123679272,0.0,12,4.990587926895387,0.4,8.767006986453925,4.593582779598364,0.4,8.153223561961203,100.0,1.0,0.0,100.0,1.0,0.0,100.0,1.0,0.0,100.0,1.0,0.0,100.0,1.0,0.0,100.0,1.0,0.0,100.0,1.0,0.0,100.0,1.0,0.0,100.0,1.0,0.0,100.0,1.0,0.0
202,actuated,17,17,219.3647548438762,99.7112522017619,10865374.688071793,905447.8906726494,7449.0,68.84473197781885,170588.84714716632,1576.6067203989494,108.2,0.7887775706350308,84.6129068184742,101.6,53,1.7686941429548377,0.9390018484288355,84.6129068184742,100.0,10.6,0.8833333333333333,1.4931171863960888,0.0,12,10.956625728681502,0.2,9.126897502597618,4.398256093008968,0.4,8.790508734155447,100.0,1.0,0.0,100.0,1.0,0.0,100.0,1.0,0.0,100.0,1.0,0.0,100.0,1.0,0.0,100.0,1.0,0.0,100.0,1.0,0.0,100.0,1.0,0.0,100.0,1.0,0.0,100.0,1.0,0.0
203,actuated,17,17,374.82520713933843,124.9417357131128,9000374.82520714,750031.2354339283,7954.2,73.37822878228782,171485.2201225947,1581.9669753006892,108.4,0.7867064804877908,84.38102268963576,101.4,53,1.7191599882698707,0.9354243542435424,84.38102268963576,100.0,10.6,0.8833333333333333,1.4191104481304908,0.0,12,1.2670231665151732,0.4,8.18387676915058,11.305249109113902,0.2,8.845448608415312,100.0,1.0,0.0,100.0,1.0,0.0,100.0,1.0,0.0,100.0,1.0,0.0,100.0,1.0,0.0,100.0,1.0,0.0,100.0,1.0,0.0,100.0,1.0,0.0,100.0,1.0,0.0,100.0,1.0,0.0
204,actuated,17,17,296.86712098102623,106.02397177893795,9001305.107472125,750108.7589560105,8459.0,77.89134438305709,171466.45797575827,1578.8808285060613,108.6,0.8155779203776088,84.65957271421264,101.4,53,1.75713209334281,0.9337016574585635,84.65957271421264,100.0,10.6,0.8833333333333333,1.4754386565879194,0.0,12,5.034698874155765,0.4,8.514234140887858,10.880173696396014,0.2,9.191029738167172,100.0,1.0,0.0,100.0,1.0,0.0,100.0,1.0,0.0,100.0,1.0,0.0,100.0,1.0,0.0,100.0,1.0,0.0,100.0,1.0,0.0,100.0,1.0,0.0,100.0,1.0,0.0,100.0,1.0,0.0
205,actuated,17,17,390.73933555353454,150.2843598282825,8620237.269210173,718353.1057675144,8967.0,81.96526508226691,172382.7452756861,1575.7106515144978,109.4,0.737633403856434,83.77488343028934,102.8,52,1.6434011155097286,0.9396709323583181,83.77488343028934,100.0,10.4,0.8666666666666667,0.6980085274515052,0.0,12,5.298601163472085,0.4,8.376102329418062,0.0,0.0,0.0,100.0,1.0,0.0,100.0,1.0,0.0,100.0,1.0,0.0,100.0,1.0,0.0,100.0,1.0,0.0,100.0,1.0,0.0,100.0,1.0,0.0,100.0,1.0,0.0,100.0,1.0,0.0,100.0,1.0,0.0
206,actuated,17,17,613.8685358922348,170.51903774784302,8996315.436823593,749692.9530686327,9477.0,85.6871609403255,174810.56085993157,1580.5656497281334,110.6,0.8414028410982483,85.15626394268868,102.2,52,1.7722132820789644,0.9240506329113924,85.15626394268868,100.0,10.4,0.8666666666666667,1.5238149589568568,0.0,12,10.90095454319453,0.2,9.173508577047507,10.974212769069709,0.2,9.112270930434773,100.0,1.0,0.0,100.0,1.0,0.0,100.0,1.0,0.0,100.0,1.0,0.0,100.0,1.0,0.0,100.0,1.0,0.0,100.0,1.0,0.0,100.0,1.0,0.0,100.0,1.0,0.0,100.0,1.0,0.0
207,actuated,17,17,74.86960403259594,34.03163819663452,10493504.954443712,874458.7462036427,9991.2,90.33634719710669,173972.37315628276,1572.9870990622312,110.6,0.8199761124399239,85.11382344909066,104.0,54,1.8272214658688497,0.9403254972875226,85.11382344909066,100.0,10.8,0.9,1.4410569529550514,0.0,12,2.4531783502652615,0.4,8.869805135046626,18.912703038822656,0.4,8.42287830041399,100.0,1.0,0.0,100.0,1.0,0.0,100.0,1.0,0.0,100.0,1.0,0.0,100.0,1.0,0.0,100.0,1.0,0.0,100.0,1.0,0.0,100.0,1.0,0.0,100.0,1.0,0.0,100.0,1.0,0.0
208,actuated,17,17,237.17163800069366,98.82151583362236,9400451.009097274,783370.9174247729,10511.0,94.69369369369369,174766.63999221608,1574.474234164109,111.0,0.7476566848645703,84.33041307289652,104.6,52,1.6785365872359312,0.9423423423423424,84.33041307289652,100.0,10.4,0.8666666666666667,0.6964783425934212,0.0,12,11.964956874758172,0.2,8.357740111121055,0.0,0.2,0.0,100.0,1.0,0.0,100.0,1.0,0.0,100.0,1.0,0.0,100.0,1.0,0.0,100.0,1.0,0.0,100.0,1.0,0.0,100.0,1.0,0.0,100.0,1.0,0.0,100.0,1.0,0.0,100.0,1.0,0.0
209,actuated,17,17,300.77930233713533,100.25976744571177,9000300.779302334,750025.0649418612,11031.0,98.66726296958855,176623.73921803368,1579.8187765477073,111.8,0.825869732066885,84.31796162274395,104.6,53,1.782606407253644,0.9355992844364938,84.31796162274395,100.0,10.6,0.8833333333333333,1.4787340703651257,0.0,12,0.8522704069673637,0.4,8.623441905528308,10.963269065960048,0.2,9.121366938853201,100.0,1.0,0.0,100.0,1.0,0.0,100.0,1.0,0.0,100.0,1.0,0.0,100.0,1.0,0.0,100.0,1.0,0.0,100.0,1.0,0.0,100.0,1.0,0.0,100.0,1.0,0.0,100.0,1.0,0.0
210,actuated,17,17,395.61889279869047,141.29246171381803,12818731.490451556,1068227.6242042964,11555.4,101.36315789473684,178128.2156658619,1562.52820759528,114.0,0.6990543964125641,85.84289272972872,106.2,53,1.5331413464222494,0.9315789473684211,85.84289272972872,100.0,10.6,0.8833333333333333,1.435721359142074,0.0,12,6.341449001306501,0.2,8.815217109397055,23.773263755438165,0.4,8.413439200307835,100.0,1.0,0.0,100.0,1.0,0.0,100.0,1.0,0.0,100.0,1.0,0.0,100.0,1.0,0.0,100.0,1.0,0.0,100.0,1.0,0.0,100.0,1.0,0.0,100.0,1.0,0.0,100.0,1.0,0.0
211,actuated,17,17,187.87584798979194,72.25994153453536,9004399.46114076,750366.6217617299,12091.6,104.23793103448276,178905.44095387965,1542.2882840851694,116.0,0.4844022256934562,84.37038791456378,108.8,53,1.034415559344307,0.9379310344827586,84.37038791456378,100.0,10.6,0.8833333333333333,1.0485778554388219,0.0,12,8.902217060131079,0.4,5.486016481311948,3.54243791463432,0.2,7.096917783953915,100.0,1.0,0.0,100.0,1.0,0.0,100.0,1.0,0.0,100.0,1.0,0.0,100.0,1.0,0.0,100.0,1.0,0.0,100.0,1.0,0.0,100.0,1.0,0.0,100.0,1.0,0.0,100.0,1.0,0.0
212,actuated,17,17,91.33888670029145,45.66944335014573,10571914.346558962,880992.8622132469,12643.2,107.1457627118644,181463.0815745428,1537.8227252079898,118.0,0.3196286544984117,100.0,111.8,60,0.7202289670907933,0.9474576271186441,100.0,100.0,12.0,1.0,0.0,0.0,12,100.0,1.0,0.0,100.0,1.0,0.0,100.0,1.0,0.0,100.0,1.0,0.0,100.0,1.0,0.0,100.0,1.0,0.0,100.0,1.0,0.0,100.0,1.0,0.0,100.0,1.0,0.0,100.0,1.0,0.0,100.0,1.0,0.0,100.0,1.0,0.0
213,actuated,0,17,663.4823272990045,195.14186097029545,8001346.541811298,666778.8784842748,11911.6,100.43507588532884,184500.2561931065,1555.6514012909486,118.6,0.28133047309231557,93.33333333333333,108.4,58,0.5357489814239675,0.9139966273187183,93.33333333333333,100.0,11.6,0.9666666666666667,0.0,0.0,12,100.0,1.0,0.0,100.0,1.0,0.0,100.0,1.0,0.0,100.0,1.0,0.0,100.0,1.0,0.0,100.0,1.0,0.0,60.0,0.8,0.0,60.0,0.8,0.0,100.0,1.0,0.0,100.0,1.0,0.0,100.0,1.0,0.0,100.0,1.0,0.0
214,actuated,0,0,313.31339121376413,78.32834780344103,8000313.313391214,666692.7761159345,11386.4,96.16891891891892,187472.69617063022,1583.3842581978904,118.4,0.40674340561983036,87.88759069806133,101.8,56,0.6187571498743478,0.8597972972972973,87.88759069806133,100.0,11.2,0.9333333333333332,0.31243070756893193,0.0,12,100.0,1.0,0.0,100.0,1.0,0.0,100.0,1.0,0.0,100.0,1.0,0.0,100.0,1.0,0.0,100.0,1.0,0.0,25.35081666972019,0.6,1.8479270925928026,29.30027170701578,0.6,1.9012413982343808,100.0,1.0,0.0,100.0,1.0,0.0,100.0,1.0,0.0,100.0,1.0,0.0
215,actuated,0,0,297.06502445845047,74.26625611461262,8000297.065024456,666691.4220853713,11777.4,100.31856899488926,187282.6007325973,1595.2521357120722,117.4,0.6351313831384726,86.49856844731289,101.2,59,1.1425779109231315,0.8620102214650767,86.49856844731289,100.0,11.8,0.9833333333333334,0.627140815731214,0.0,12,100.0,1.0,0.0,100.0,1.0,0.0,100.0,1.0,0.0,100.0,1.0,0.0,100.0,1.0,0.0,100.0,1.0,0.0,9.984214861133296,0.8,3.8679600650933414,27.9986065066214,1.0,3.6577297236812276,100.0,1.0,0.0,100.0,1.0,0.0,100.0,1.0,0.0,100.0,1.0,0.0
216,actuated,0,0,428.0411946112863,107.01029865282158,8000428.041194612,666702.3367662177,12288.4,106.30103806228374,182961.94656232692,1582.7158007121707,115.6,0.8672495731127735,86.66926188091377,103.8,57,1.7466560003975764,0.8979238754325259,86.66926188091377,100.0,11.399999999999999,0.9500000000000001,0.9345514563633213,0.0,12,100.0,1.0,0.0,100.0,1.0,0.0,100.0,1.0,0.0,100.0,1.0,0.0,100.0,1.0,0.0,100.0,1.0,0.0,11.692670298621124,0.8,5.547853088427779,28.338472272344006,0.6,5.666764387932076,100.0,1.0,0.0,100.0,1.0,0.0,100.0,1.0,0.0,100.0,1.0,0.0
217,actuated,0,0,798.3665025781742,210.09644804688796,8001013.855863574,666751.1546552979,12813.2,112.19964973730298,177231.99390073042,1551.943904559811,114.2,0.9816000974352556,86.3490976820295,106.6,55,2.1601509075721066,0.9334500875656743,86.3490976820295,100.0,11.0,0.9166666666666666,1.175368122123598,0.0,12,100.0,1.0,0.0,100.0,1.0,0.0,100.0,1.0,0.0,100.0,1.0,0.0,100.0,1.0,0.0,100.0,1.0,0.0,12.573614470984467,0.4,7.047742610781326,23.615557713369526,0.6,7.056674854701851,100.0,1.0,0.0,100.0,1.0,0.0,100.0,1.0,0.0,100.0,1.0,0.0
218,actuated,0,0,122.32000179852999,55.600000817513624,8962191.387224603,746849.282268717,13354.2,120.09172661870504,170222.19899308763,1530.7751708011479,111.2,1.5180227772649044,83.33333333333333,109.4,50,3.7691850687762276,0.9838129496402878,83.33333333333333,100.0,10.0,0.8333333333333334,0.0,0.0,12,100.0,1.0,0.0,100.0,1.0,0.0,100.0,1.0,0.0,100.0,1.0,0.0,100.0,1.0,0.0,100.0,1.0,0.0,0.0,0.0,0.0,0.0,0.0,0.0,100.0,1.0,0.0,100.0,1.0,0.0,100.0,1.0,0.0,100.0,1.0,0.0
219,actuated,0,0,16.60071791198732,8.30035895599366,10702311.023532957,891859.2519610798,13904.0,125.26126126126127,169823.3880629214,1529.9404329992922,111.0,1.856087710294431,83.77614430664077,110.0,52,4.304836103913295,0.990990990990991,83.77614430664077,100.0,10.4,0.8666666666666667,0.7380023790212968,0.0,12,100.0,1.0,0.0,100.0,1.0,0.0,100.0,1.0,0.0,100.0,1.0,0.0,100.0,1.0,0.0,100.0,1.0,0.0,5.313731679689226,0.4,8.856028548255562,0.0,0.0,0.0,100.0,1.0,0.0,100.0,1.0,0.0,100.0,1.0,0.0,100.0,1.0,0.0
220,actuated,0,0,12.44060475161987,6.220302375809935,10000012.44060475,833334.3700503958,14454.0,131.4,167310.0,1521.0,110.0,2.315,83.33333333333333,110.0,50,5.176497367912013,1.0,83.33333333333333,100.0,10.0,0.8333333333333334,0.0,0.0,12,100.0,1.0,0.0,100.0,1.0,0.0,100.0,1.0,0.0,100.0,1.0,0.0,100.0,1.0,0.0,100.0,1.0,0.0,0.0,0.0,0.0,0.0,0.0,0.0,100.0,1.0,0.0,100.0,1.0,0.0,100.0,1.0,0.0,100.0,1.0,0.0
221,actuated,0,0,57.08008217301815,31.71115676278786,10200057.080082174,850004.7566735145,15004.0,135.17117117117118,169298.19320254284,1525.2089477706563,111.0,1.2687533568994456,83.33333333333333,110.2,50,3.831642572598143,0.9927927927927928,83.33333333333333,100.0,10.0,0.8333333333333334,0.0,0.0,12,100.0,1.0,0.0,100.0,1.0,0.0,100.0,1.0,0.0,100.0,1.0,0.0,100.0,1.0,0.0,100.0,1.0,0.0,0.0,0.0,0.0,0.0,0.0,0.0,100.0,1.0,0.0,100.0,1.0,0.0,100.0,1.0,0.0,100.0,1.0,0.0
222,actuated,0,0,26.631109296476552,13.315554648238276,10000026.631109295,833335.5525924413,15554.0,140.12612612612614,169729.30412557902,1529.0928299601715,111.0,1.5246520619466901,83.33333333333333,110.0,50,3.928159173914866,0.990990990990991,83.33333333333333,100.0,10.0,0.8333333333333334,0.0,0.0,12,100.0,1.0,0.0,100.0,1.0,0.0,100.0,1.0,0.0,100.0,1.0,0.0,100.0,1.0,0.0,100.0,1.0,0.0,0.0,0.0,0.0,0.0,0.0,0.0,100.0,1.0,0.0,100.0,1.0,0.0,100.0,1.0,0.0,100.0,1.0,0.0
223,actuated,0,0,18.42824018517146,9.21412009258573,10000018.428240184,833334.8690200154,16104.0,145.0810810810811,170005.27247476525,1531.5790313041916,111.0,1.7543532041646541,83.97863856120466,110.0,51,4.162409773132504,0.990990990990991,83.97863856120466,100.0,10.2,0.85,0.6920750319569682,0.0,12,100.0,1.0,0.0,100.0,1.0,0.0,100.0,1.0,0.0,100.0,1.0,0.0,100.0,1.0,0.0,100.0,1.0,0.0,7.743662734455938,0.2,8.304900383483618,0.0,0.0,0.0,100.0,1.0,0.0,100.0,1.0,0.0,100.0,1.0,0.0,100.0,1.0,0.0
224,actuated,0,0,74.4343973308811,41.35244296160061,10200074.434397329,850006.202866444,16654.0,150.03603603603602,169414.50821770768,1526.2568307901593,111.0,1.3570003931534784,83.33333333333333,110.2,51,3.9534424233745145,0.9927927927927928,83.33333333333333,100.0,10.2,0.85,0.0,0.0,12,100.0,1.0,0.0,100.0,1.0,0.0,100.0,1.0,0.0,100.0,1.0,0.0,100.0,1.0,0.0,100.0,1.0,0.0,0.0,0.2,0.0,0.0,0.0,0.0,100.0,1.0,0.0,100.0,1.0,0.0,100.0,1.0,0.0,100.0,1.0,0.0
225,actuated,0,0,74.21524512948788,41.23069173860438,10200074.21524513,850006.1846037608,17204.0,154.15770609318997,170842.4084122834,1530.8459535150841,111.6,0.7998434896382194,83.33333333333333,110.2,50,2.65397979702074,0.9874551971326165,83.33333333333333,100.0,10.0,0.8333333333333334,0.0,0.0,12,100.0,1.0,0.0,100.0,1.0,0.0,100.0,1.0,0.0,100.0,1.0,0.0,100.0,1.0,0.0,100.0,1.0,0.0,0.0,0.0,0.0,0.0,0.0,0.0,100.0,1.0,0.0,100.0,1.0,0.0,100.0,1.0,0.0,100.0,1.0,0.0
226,actuated,0,0,24.635248047018756,12.317624023509378,10000024.635248046,833335.3862706706,17754.0,158.51785714285714,172292.995884104,1538.3303203937858,112.0,1.5619590700285821,83.33333333333333,110.0,50,3.95786810383127,0.9821428571428571,83.33333333333333,100.0,10.0,0.8333333333333334,0.0,0.0,12,100.0,1.0,0.0,100.0,1.0,0.0,100.0,1.0,0.0,100.0,1.0,0.0,100.0,1.0,0.0,100.0,1.0,0.0,0.0,0.0,0.0,0.0,0.0,0.0,100.0,1.0,0.0,100.0,1.0,0.0,100.0,1.0,0.0,100.0,1.0,0.0
227,actuated,0,0,18.825223763064265,9.412611881532133,10000018.825223763,833334.9021019802,18304.0,164.30879712746858,171233.7307031255,1537.107097873658,111.4,1.7314988452747153,83.85241254579796,110.0,52,4.129392782160827,0.9874326750448833,83.85241254579796,100.0,10.4,0.8666666666666667,0.7120392644777894,0.0,12,100.0,1.0,0.0,100.0,1.0,0.0,100.0,1.0,0.0,100.0,1.0,0.0,100.0,1.0,0.0,100.0,1.0,0.0,6.228950549575529,0.4,8.544471173733474,0.0,0.0,0.0,100.0,1.0,0.0,100.0,1.0,0.0,100.0,1.0,0.0,100.0,1.0,0.0
228,actuated,0,0,26.329482367770076,13.164741183885038,10000026.329482365,833335.5274568638,18854.0,169.85585585585585,169102.54643252105,1523.4463642569465,111.0,1.707577950846963,83.79303456223397,110.0,52,4.176130262064801,0.990990990990991,83.79303456223397,100.0,10.4,0.8666666666666667,0.7192285277725508,0.0,12,100.0,1.0,0.0,100.0,1.0,0.0,100.0,1.0,0.0,100.0,1.0,0.0,100.0,1.0,0.0,100.0,1.0,0.0,5.516414746807641,0.4,8.630742333270609,0.0,0.0,0.0,100.0,1.0,0.0,100.0,1.0,0.0,100.0,1.0,0.0,100.0,1.0,0.0
229,actuated,0,0,120.68246566577572,100.56872138814644,10303977.385941047,858664.782161754,19406.0,174.82882882882882,168607.4357274296,1518.9859074543208,111.0,1.160361438247421,83.33333333333333,110.8,50,3.8381796227213587,0.9981981981981982,83.33333333333333,100.0,10.0,0.8333333333333334,0.0,0.0,12,100.0,1.0,0.0,100.0,1.0,0.0,100.0,1.0,0.0,100.0,1.0,0.0,100.0,1.0,0.0,100.0,1.0,0.0,0.0,0.0,0.0,0.0,0.0,0.0,100.0,1.0,0.0,100.0,1.0,0.0,100.0,1.0,0.0,100.0,1.0,0.0
230,actuated,0,0,134.52961715572405,74.73867619762447,10200134.529617155,850011.2108014296,19961.0,178.22321428571428,170800.6798987208,1525.006070524293,112.0,1.205353190524814,83.33333333333333,111.2,50,3.829768530028942,0.9928571428571429,83.33333333333333,100.0,10.0,0.8333333333333334,0.0,0.0,12,100.0,1.0,0.0,100.0,1.0,0.0,100.0,1.0,0.0,100.0,1.0,0.0,100.0,1.0,0.0,100.0,1.0,0.0,0.0,0.0,0.0,0.0,0.0,0.0,100.0,1.0,0.0,100.0,1.0,0.0,100.0,1.0,0.0,100.0,1.0,0.0
231,actuated,4,0,943.0151372041848,214.32162209186018,6003667.610556174,500305.6342130145,18040.0,165.80882352941177,169794.4772154899,1560.611003818841,108.8,1.3878264906666264,71.66666666666667,99.0,47,3.8090807197868597,0.9099264705882353,71.66666666666667,100.0,9.4,0.7833333333333333,0.0,0.0,12,60.0,0.8,0.0,100.0,1.0,0.0,100.0,1.0,0.0,100.0,1.0,0.0,100.0,1.0,0.0,100.0,1.0,0.0,0.0,0.0,0.0,0.0,0.0,0.0,100.0,1.0,0.0,80.0,1.0,0.0,60.0,0.8,0.0,60.0,0.8,0.0
232,actuated,4,4,435.5511651431565,77.77699377556367,6400435.551165144,533369.629263762,14795.8,142.2673076923077,169565.59480037246,1630.438411542043,104.0,1.3068217739738899,60.47858349165191,80.8,42,3.0512489050451572,0.7769230769230769,60.47858349165191,100.0,8.399999999999999,0.6999999999999998,0.6738492542228061,0.0,12,26.540268051908242,0.6,1.7356055962118337,100.0,1.0,0.0,100.0,1.0,0.0,100.0,1.0,0.0,100.0,1.0,0.0,100.0,1.0,0.0,0.0,0.0,0.0,0.0,0.0,0.0,100.0,1.0,0.0,39.78260720399703,0.6,2.1830519347669313,29.033294201008175,0.6,2.0942884531238524,30.38683244290951,0.6,2.073245066571055
233,actuated,4,4,193.47381101412262,38.69476220282452,7000193.473811014,583349.4561509178,12840.6,130.4939024390244,165509.9825966701,1682.0120182588425,98.4,1.022106993467475,60.58886052086867,69.0,45,1.3239655179396594,0.7012195121951219,60.58886052086867,100.0,9.0,0.75,2.0834947269430466,0.0,12,38.51897936157002,0.8,3.8727641606435714,100.0,1.0,0.0,100.0,1.0,0.0,100.0,1.0,0.0,100.0,1.0,0.0,100.0,1.0,0.0,0.0,0.0,0.0,11.815437579039099,0.2,8.463503728156685,100.0,1.0,0.0,36.883300564027195,0.6,4.588910969364736,20.6447756046191,0.6,3.9958948180039413,19.203833141168616,0.8,4.080863047147627
234,actuated,4,4,125.40063034601044,25.080126069202088,7000125.400630347,583343.7833858622,13032.0,136.60377358490567,166139.5925103748,1741.505162582545,95.4,1.5025358808798943,55.64182651601717,68.8,45,1.8330857171340482,0.7211740041928721,55.64182651601717,100.0,9.0,0.75,1.9142086457644354,0.0,12,12.673930063829175,0.8,5.707000422500519,100.0,1.0,0.0,100.0,1.0,0.0,100.0,1.0,0.0,100.0,1.0,0.0,100.0,1.0,0.0,0.0,0.0,0.0,0.0,0.0,0.0,100.0,1.0,0.0,17.982376283298436,0.8,5.849233699235414,17.915791909304062,0.8,5.550155437469048,19.12981993577432,0.6,5.864114189968245
235,actuated,4,4,109.35246342896525,21.87049268579305,7000109.35246343,583342.4460386191,13374.8,145.06290672451192,155745.7879532951,1689.2167890812918,92.2,1.7877703686542286,60.21617868374354,70.0,49,2.223393927198979,0.7592190889370932,60.21617868374354,100.0,9.799999999999999,0.8166666666666665,2.9537959947775403,0.0,12,65.95273703434032,1.0,6.294644139950749,100.0,1.0,0.0,100.0,1.0,0.0,100.0,1.0,0.0,100.0,1.0,0.0,100.0,1.0,0.0,0.0,0.0,0.0,12.073228874764936,0.2,8.282788393833624,100.0,1.0,0.0,10.127389430122093,1.0,7.320308302309825,26.29697378561559,0.6,6.832215554438077,8.143815080079548,1.0,6.715595546798215
236,actuated,4,4,213.81845422015007,48.595103231852285,7042886.527503096,586907.2106252579,13733.4,153.27455357142858,146477.70769469152,1634.795844806825,89.6,1.4102189166964643,62.93622087529153,74.4,45,2.2260002373438827,0.8303571428571429,62.93622087529153,100.0,9.0,0.75,2.0695337116482464,0.0,12,100.0,1.0,0.0,100.0,1.0,0.0,100.0,1.0,0.0,100.0,1.0,0.0,100.0,1.0,0.0,100.0,1.0,0.0,0.0,0.0,0.0,0.0,0.0,0.0,100.0,1.0,0.0,22.783010099728926,0.6,8.264929303402504,14.606604915866228,0.8,8.05073957573241,17.84503548790326,0.6,8.518735660644047
237,actuated,4,4,255.7048450355177,51.14096900710354,7000255.704845034,583354.6420704195,14109.0,158.52808988764045,145564.76916661728,1635.5592041192954,89.0,1.3009055143619037,59.701386955556096,76.8,41,1.9289237085404525,0.8629213483146068,59.701386955556096,100.0,8.200000000000001,0.6833333333333335,2.134026836838884,0.0,12,100.0,1.0,0.0,100.0,1.0,0.0,100.0,1.0,0.0,100.0,1.0,0.0,100.0,1.0,0.0,100.0,1.0,0.0,0.0,0.0,0.0,0.0,0.0,0.0,100.0,1.0,0.0,5.412431681834278,0.4,8.50626473664567,8.56372280004507,0.4,8.954086313280465,2.440488984793774,0.4,8.147970992140472
238,actuated,4,4,508.98507533272823,84.83084588878803,6000508.985075334,500042.4154229445,14490.2,159.23296703296703,149350.72535220892,1641.216762112186,91.0,1.490231010096051,59.654091856244804,77.4,41,2.008518405217702,0.8505494505494505,59.654091856244804,100.0,8.200000000000001,0.6833333333333335,2.1553600355361895,0.0,12,100.0,1.0,0.0,100.0,1.0,0.0,100.0,1.0,0.0,100.0,1.0,0.0,100.0,1.0,0.0,100.0,1.0,0.0,0.0,0.0,0.0,0.0,0.0,0.0,100.0,1.0,0.0,10.431422430037856,0.4,8.857679103501141,4.254657266378672,0.4,8.31554418541491,1.1630225785211223,0.4,8.691097137518229
239,actuated,4,4,373.54564004949975,69.17511852768513,6001482.64237237,500123.55353103083,14878.4,161.72173913043477,149197.93293734282,1621.7166623624219,92.0,1.5251202842136293,61.776088787135755,79.0,40,2.0070545533348665,0.8586956521739131,61.776088787135755,100.0,8.0,0.6666666666666666,2.8607505528948187,0.0,12,100.0,1.0,0.0,100.0,1.0,0.0,100.0,1.0,0.0,100.0,1.0,0.0,100.0,1.0,0.0,100.0,1.0,0.0,11.550978293707885,0.2,8.657275380256975,0.0,0.0,0.0,100.0,1.0,0.0,11.557726886744604,0.2,8.6522203699664,6.094038784967779,0.4,8.762091776076703,12.110321480208768,0.2,8.257419108437748
240,actuated,4,4,105.34954145705971,26.33738536426493,8267645.647061557,688970.470588463,15279.0,166.07608695652175,149407.42726333713,1623.9937746014907,92.0,1.312942117633285,61.97973239711473,81.6,40,1.9815066315142291,0.8869565217391304,61.97973239711473,100.0,8.0,0.6666666666666666,2.067509308931035,0.0,12,100.0,1.0,0.0,100.0,1.0,0.0,100.0,1.0,0.0,100.0,1.0,0.0,100.0,1.0,0.0,100.0,1.0,0.0,0.0,0.0,0.0,22.81058185581969,0.4,7.348031767458805,100.0,1.0,0.0,11.309929984677183,0.2,8.84178771535112,0.0,0.2,0.0,9.636276924879894,0.2,8.620292224362492
241,actuated,4,4,56.12017615895312,18.706725386317707,8591658.860824812,715971.571735401,15686.0,170.5,149230.4528814764,1622.0701400160478,92.0,1.1702350399139523,69.221615244943,82.4,47,2.0421294746996983,0.8956521739130435,69.221615244943,100.0,9.4,0.7833333333333333,2.1727948225451628,0.0,12,100.0,1.0,0.0,100.0,1.0,0.0,100.0,1.0,0.0,100.0,1.0,0.0,100.0,1.0,0.0,100.0,1.0,0.0,0.0,0.0,0.0,100.0,1.0,0.0,100.0,1.0,0.0,0.9398251573747984,0.4,8.531499747466295,18.477393136986393,0.6,8.646954021556304,11.242164644954755,0.4,8.895084101519352
242,actuated,4,4,143.64671557400249,44.88959861687577,8800143.646715576,733345.3038929646,16096.0,174.5770065075922,149618.22677522636,1622.7573402952967,92.2,1.1985454929978263,68.23483862632581,82.8,44,2.1039073542038804,0.8980477223427332,68.23483862632581,100.0,8.799999999999999,0.7333333333333333,1.4720958973435916,0.0,12,100.0,1.0,0.0,100.0,1.0,0.0,100.0,1.0,0.0,100.0,1.0,0.0,100.0,1.0,0.0,100.0,1.0,0.0,0.0,0.0,0.0,100.0,1.0,0.0,100.0,1.0,0.0,11.320018789842834,0.2,8.833907598256593,0.0,0.2,0.0,7.498044726066837,0.4,8.831243169866504
243,actuated,4,4,734.7550423114826,126.68190384680734,5801313.78973414,483442.81581117836,15059.2,164.04357298474946,150995.1663965416,1644.8275206594947,91.8,1.2593001970529423,64.03161827952697,78.0,44,1.9526782861789964,0.8496732026143791,64.03161827952697,100.0,8.8,0.7333333333333334,2.1444110588981986,0.0,12,100.0,1.0,0.0,100.0,1.0,0.0,100.0,1.0,0.0,100.0,1.0,0.0,100.0,1.0,0.0,60.0,0.8,0.0,0.0,0.0,0.0,100.0,1.0,0.0,80.0,1.0,0.0,11.295787787321387,0.2,8.852857532631939,9.072818822842237,0.4,8.115754477307199,8.01081274415992,0.4,8.764320696839246
244,actuated,4,4,473.2181741457372,67.60259630653388,5000473.2181741465,416706.1015145122,12679.2,138.72210065645515,149481.7808957713,1635.468062316973,91.4,1.4462838096129105,61.43031337725233,69.6,43,1.833196595486574,0.7614879649890591,61.43031337725233,100.0,8.6,0.7166666666666667,2.4239349565757955,0.0,12,100.0,1.0,0.0,100.0,1.0,0.0,100.0,1.0,0.0,100.0,1.0,0.0,100.0,1.0,0.0,69.2188473983515,0.8,2.2276922491887508,0.0,0.0,0.0,100.0,1.0,0.0,55.64625730555235,0.6,2.2426681475610795,0.8656076767965715,0.4,8.025577314663677,7.8381832907780336,0.4,8.3674914661135,3.594864855549531,0.4,8.223790301382541
245,actuated,4,4,470.20891524517583,71.24377503714786,5004870.854223765,417072.5711853138,10885.4,118.06290672451193,148617.40992709404,1611.9024937862694,92.2,1.4778009121435327,68.88484676034788,70.2,46,1.8992482825076056,0.7613882863340564,68.88484676034788,100.0,9.2,0.7666666666666666,2.725261635263829,0.0,12,100.0,1.0,0.0,100.0,1.0,0.0,100.0,1.0,0.0,100.0,1.0,0.0,100.0,1.0,0.0,100.0,1.0,0.0,2.1928249668690114,0.2,7.277589841377807,100.0,1.0,0.0,100.0,1.0,0.0,9.871860600246691,0.4,8.767036217357964,7.716301758027839,0.4,8.554669919703155,6.837173799031007,0.2,8.10384364472702
246,actuated,4,4,654.2972002475759,136.311916718245,5533177.022033562,461098.0851694635,10835.2,113.57651991614256,147961.4167740235,1550.9582471071647,95.4,1.055581172905772,77.0238129782653,77.0,50,1.7308585658297964,0.8071278825995807,77.0238129782653,100.0,10.0,0.8333333333333334,2.137114963147749,0.0,12,100.0,1.0,0.0,100.0,1.0,0.0,100.0,1.0,0.0,100.0,1.0,0.0,100.0,1.0,0.0,100.0,1.0,0.0,100.0,1.0,0.0,100.0,1.0,0.0,100.0,1.0,0.0,1.2873752582572706,0.4,8.252457838691772,11.444550429587252,0.2,8.737783158478031,11.553830051338991,0.4,8.655138560603186
247,actuated,4,4,331.67831024597206,82.91957756149301,6200053.556110891,516671.12967590755,10010.0,102.3517382413088,154002.6443944611,1574.6691655875368,97.8,0.7605748159902957,71.88825310420157,82.6,47,1.2538404581202653,0.8445807770961146,71.88825310420157,100.0,9.399999999999999,0.7833333333333332,1.716484274915482,0.0,12,100.0,1.0,0.0,100.0,1.0,0.0,100.0,1.0,0.0,100.0,1.0,0.0,32.407528801418266,0.6,2.24158849056208,100.0,1.0,0.0,100.0,1.0,0.0,100.0,1.0,0.0,100.0,1.0,0.0,13.60742784750073,0.2,4.892071341430884,5.695292686518769,0.4,8.26495531676337,10.94878791498104,0.2,5.199196150229452
248,actuated,4,4,293.46887668733046,73.36721917183262,9287894.93115491,773991.2442629092,9423.6,93.48809523809524,156485.1595926279,1552.432138815753,100.8,0.5582834995422206,96.55591968751462,85.0,58,0.9089256609270601,0.8432539682539683,96.55591968751462,100.0,11.6,0.9666666666666667,0.35254821755675764,0.0,12,100.0,1.0,0.0,100.0,1.0,0.0,100.0,1.0,0.0,100.0,1.0,0.0,100.0,1.0,0.0,100.0,1.0,0.0,100.0,1.0,0.0,100.0,1.0,0.0,100.0,1.0,0.0,100.0,1.0,0.0,58.67103625017535,0.6,4.230578610681092,100.0,1.0,0.0
249,actuated,13,4,804.2137965666412,154.6564993397387,6814754.36995008,567896.19749584,8457.8,83.08251473477407,160696.28716815123,1578.548989863961,101.8,0.46988920571254283,91.66666666666667,81.4,58,0.6586313340290827,0.7996070726915521,91.66666666666667,100.0,11.6,0.9666666666666667,0.0,0.0,12,100.0,1.0,0.0,100.0,1.0,0.0,100.0,1.0,0.0,60.0,0.8,0.0,80.0,1.0,0.0,60.0,0.8,0.0,100.0,1.0,0.0,100.0,1.0,0.0,100.0,1.0,0.0,100.0,1.0,0.0,100.0,1.0,0.0,100.0,1.0,0.0
250,actuated,13,13,803.0610836475382,121.67592176477852,5400803.061083647,450066.92175697064,7618.2,74.396484375,165229.75576807276,1613.5718336725856,102.4,0.5427286164436518,82.36791241040312,75.6,54,0.5500343650128638,0.73828125,82.36791241040312,100.0,10.8,0.9,0.47050407792915117,0.0,12,100.0,1.0,0.0,100.0,1.0,0.0,100.0,1.0,0.0,27.57879447931373,0.6,1.805852496643356,23.863229302005493,0.6,1.6803791689875303,36.972925143518296,0.6,2.1598172695189284,100.0,1.0,0.0,100.0,1.0,0.0,100.0,1.0,0.0,100.0,1.0,0.0,100.0,1.0,0.0,100.0,1.0,0.0
251,actuated,13,13,840.3930750625155,110.57803619243626,7768896.281318587,647408.0234432156,6893.4,67.58235294117647,169325.1276423604,1660.0502710035332,102.0,0.8562568546749804,84.6903335476937,71.8,59,0.987871810071958,0.703921568627451,84.6903335476937,100.0,11.8,0.9833333333333334,0.9637095943674135,0.0,12,100.0,1.0,0.0,100.0,1.0,0.0,100.0,1.0,0.0,32.952329822292086,1.0,3.7078527746449996,43.368384542282,1.0,3.6848403883856293,39.96328820775034,0.8,4.171821969378334,100.0,1.0,0.0,100.0,1.0,0.0,100.0,1.0,0.0,100.0,1.0,0.0,100.0,1.0,0.0,100.0,1.0,0.0
252,actuated,13,13,889.2341542177385,111.15426927721731,4000889.2341542183,333407.4361795182,7199.4,70.72102161100196,172220.48004510923,1691.753242093411,101.8,1.2494702833396418,80.96071471677305,74.8,56,1.5717731949661125,0.7347740667976425,80.96071471677305,100.0,11.2,0.9333333333333332,1.4390403605905382,0.0,12,100.0,1.0,0.0,100.0,1.0,0.0,100.0,1.0,0.0,17.409864162073063,0.8,5.565614628071504,24.153542920839755,0.8,5.542755399966548,29.965169518363837,0.6,6.160114299048406,100.0,1.0,0.0,100.0,1.0,0.0,100.0,1.0,0.0,100.0,1.0,0.0,100.0,1.0,0.0,100.0,1.0,0.0
253,actuated,13,13,1301.8762366484075,171.2995048221589,3270870.469147206,272572.5390956005,6685.8,66.858,168401.18632863802,1684.0118632863803,100.0,1.4710241410984435,77.47422017536185,76.6,54,2.053261593467197,0.766,77.47422017536185,100.0,10.8,0.9,1.776338905677002,0.0,12,100.0,1.0,0.0,100.0,1.0,0.0,60.0,0.8,0.0,27.39242359445143,0.6,7.038183871279443,15.120256224045079,0.8,6.897470551997553,27.17796228584575,0.6,7.380412444847031,100.0,1.0,0.0,100.0,1.0,0.0,100.0,1.0,0.0,100.0,1.0,0.0,100.0,1.0,0.0,100.0,1.0,0.0
254,actuated,13,13,799.4953664683893,159.89907329367787,5090820.321151113,424235.0267625928,5640.8,58.15257731958763,157419.8266278257,1622.8848105961413,97.0,1.3748142118157851,77.04217838380866,77.8,52,2.235236136823749,0.8020618556701031,77.04217838380866,100.0,10.399999999999999,0.8666666666666667,2.185987029940343,0.0,12,100.0,1.0,0.0,100.0,1.0,0.0,72.53097325813997,0.8,2.0680560160622368,22.52493948855772,0.8,8.231797411089776,24.017587848502444,0.4,8.358318363994606,5.4326400105037465,0.4,7.573672568137496,100.0,1.0,0.0,100.0,1.0,0.0,100.0,1.0,0.0,100.0,1.0,0.0,100.0,1.0,0.0,100.0,1.0,0.0
255,actuated,13,13,229.63295052480703,57.40823763120176,12979720.61552554,1081643.3846271283,5203.6,54.77473684210526,153554.71917469573,1616.3654649967973,95.0,1.2036937862035317,78.1050587773306,79.8,50,2.013554664141914,0.84,78.1050587773306,100.0,10.0,0.8333333333333334,2.166669626017915,0.0,12,100.0,1.0,0.0,100.0,1.0,0.0,100.0,1.0,0.0,11.286380731589816,0.2,8.860236277525777,6.399185199743442,0.4,8.597901303414256,19.57513939663386,0.4,8.541897931274944,100.0,1.0,0.0,100.0,1.0,0.0,100.0,1.0,0.0,100.0,1.0,0.0,100.0,1.0,0.0,100.0,1.0,0.0
256,actuated,13,13,441.816969036916,110.454242259229,8000441.816969037,666703.4847474197,5607.4,58.53235908141962,152986.87983906333,1596.9402905956506,95.8,1.1512899100832297,76.92578765837084,83.2,48,1.9671068929860038,0.8684759916492694,76.92578765837084,100.0,9.600000000000001,0.7999999999999999,1.4427313440710756,0.0,12,100.0,1.0,0.0,100.0,1.0,0.0,100.0,1.0,0.0,11.382615293150593,0.2,8.785327222661586,11.726836607299447,0.2,8.52744890619132,0.0,0.2,0.0,100.0,1.0,0.0,100.0,1.0,0.0,100.0,1.0,0.0,100.0,1.0,0.0,100.0,1.0,0.0,100.0,1.0,0.0
257,actuated,13,13,344.49547136111806,95.69318648919946,7216659.753991944,601388.312832662,6031.0,62.303719008264466,156224.45090178883,1613.888955596992,96.8,1.1405846143521643,78.25491800779749,86.6,49,1.9787800340070318,0.8946280991735537,78.25491800779749,100.0,9.8,0.8166666666666668,2.1194962734435854,0.0,12,100.0,1.0,0.0,100.0,1.0,0.0,100.0,1.0,0.0,10.106659342927742,0.2,8.74377609314397,11.849461713027267,0.2,8.439201916662617,17.10289503761487,0.4,8.250977271516435,100.0,1.0,0.0,100.0,1.0,0.0,100.0,1.0,0.0,100.0,1.0,0.0,100.0,1.0,0.0,100.0,1.0,0.0
258,actuated,13,13,426.1178252846186,85.22356505692372,7465817.207090905,622151.433924242,6461.0,66.6082474226804,157629.34272327553,1625.0447703430468,97.0,1.3445300338718054,76.4303213655027,86.4,52,2.1646618297001785,0.8907216494845361,76.4303213655027,100.0,10.4,0.8666666666666667,2.164388222689744,0.0,12,100.0,1.0,0.0,100.0,1.0,0.0,100.0,1.0,0.0,4.965560560990525,0.6,8.57337498664856,0.9998719614486618,0.4,8.46945559391752,11.198423863593234,0.4,8.92982809171085,100.0,1.0,0.0,100.0,1.0,0.0,100.0,1.0,0.0,100.0,1.0,0.0,100.0,1.0,0.0,100.0,1.0,0.0
259,actuated,13,13,213.7432116475778,44.52983575991204,7000723.121355402,583393.5934462835,6891.0,71.33540372670808,155495.0780757667,1609.6798972646657,96.6,1.3494529859474702,76.9677165557664,86.4,48,2.0581919747838477,0.8944099378881988,76.9677165557664,100.0,9.600000000000001,0.7999999999999999,2.0922865147778866,0.0,12,100.0,1.0,0.0,100.0,1.0,0.0,100.0,1.0,0.0,1.203449810195707,0.2,7.914010436180977,11.129255465948518,0.2,8.985327033417798,11.279893393052589,0.2,8.208100707735866,100.0,1.0,0.0,100.0,1.0,0.0,100.0,1.0,0.0,100.0,1.0,0.0,100.0,1.0,0.0,100.0,1.0,0.0
260,actuated,13,13,90.28792759013922,26.55527282062918,8009433.3210664075,667452.776755534,7324.6,76.4572025052192,152750.0854340787,1594.468532714809,95.8,1.3319626876009534,76.09318810703637,87.8,49,2.277776701720629,0.9164926931106472,76.09318810703637,100.0,9.8,0.8166666666666668,1.418448587808345,0.0,12,100.0,1.0,0.0,100.0,1.0,0.0,100.0,1.0,0.0,2.2680663962546532,0.4,8.35503629081201,0.0,0.0,0.0,10.850190888181714,0.4,8.666346762888132,100.0,1.0,0.0,100.0,1.0,0.0,100.0,1.0,0.0,100.0,1.0,0.0,100.0,1.0,0.0,100.0,1.0,0.0
261,actuated,13,13,133.203411552012,41.62606611000375,8347780.995611347,695648.4163009456,7764.2,80.87708333333333,153011.99590512205,1593.8749573450214,96.0,1.5514320010728548,76.65789085928964,88.8,50,2.9997671419085,0.925,76.65789085928964,100.0,10.0,0.8333333333333334,1.4729420694754076,0.0,12,100.0,1.0,0.0,100.0,1.0,0.0,100.0,1.0,0.0,0.0,0.2,0.0,8.789376465520036,0.4,8.670606597606096,11.105313845955607,0.4,9.004698236098797,100.0,1.0,0.0,100.0,1.0,0.0,100.0,1.0,0.0,100.0,1.0,0.0,100.0,1.0,0.0,100.0,1.0,0.0
262,actuated,13,13,235.00988890372872,58.75247222593218,8000235.009888905,666686.2508240754,8204.0,85.9958071278826,151359.47706592333,1586.5773277350456,95.4,1.9554515289469572,75.97311680023684,88.4,46,3.9714933195366253,0.9266247379454927,75.97311680023684,100.0,9.2,0.7666666666666666,0.7136290774914448,0.0,12,100.0,1.0,0.0,100.0,1.0,0.0,100.0,1.0,0.0,11.67740160284211,0.2,8.563548929897337,0.0,0.0,0.0,0.0,0.0,0.0,100.0,1.0,0.0,100.0,1.0,0.0,100.0,1.0,0.0,100.0,1.0,0.0,100.0,1.0,0.0,100.0,1.0,0.0
263,actuated,13,13,151.61513581013853,37.90378395253463,8000151.615135811,666679.3012613176,8644.0,90.418410041841,151910.40988908696,1589.0210239444243,95.6,2.002431311299607,77.88794822518412,88.4,48,3.974284046318473,0.9246861924686193,77.88794822518412,100.0,9.6,0.7999999999999999,1.4508805652497188,0.0,12,100.0,1.0,0.0,100.0,1.0,0.0,100.0,1.0,0.0,11.335515538330583,0.2,8.821830790302752,0.0,0.0,0.0,23.319863163878836,0.4,8.588735992693872,100.0,1.0,0.0,100.0,1.0,0.0,100.0,1.0,0.0,100.0,1.0,0.0,100.0,1.0,0.0,100.0,1.0,0.0
264,actuated,13,13,52.26756786253359,17.42252262084453,8224092.200854959,685341.0167379132,9086.6,93.67628865979381,151173.84051579138,1558.4932011937258,97.0,1.7198743118673392,76.8995997236296,89.8,47,3.689128244946981,0.9257731958762887,76.8995997236296,100.0,9.4,0.7833333333333333,1.4623383393258844,0.0,12,100.0,1.0,0.0,100.0,1.0,0.0,100.0,1.0,0.0,11.336537564757236,0.2,8.821035473024644,0.0,0.0,0.0,11.458659118798096,0.2,8.727024598885968,100.0,1.0,0.0,100.0,1.0,0.0,100.0,1.0,0.0,100.0,1.0,0.0,100.0,1.0,0.0,100.0,1.0,0.0
265,actuated,13,13,581.1208274077314,145.28020685193286,8000581.1208274085,666715.0934022841,9540.2,95.59318637274549,155756.00432794736,1560.681406091657,99.8,0.9940714588183037,76.4383034485498,92.0,47,2.0473470917151824,0.9218436873747495,76.4383034485498,100.0,9.4,0.7833333333333333,1.2529934538625944,0.0,12,100.0,1.0,0.0,100.0,1.0,0.0,100.0,1.0,0.0,0.0,0.0,0.0,11.58025041401288,0.2,8.635391846016843,5.679390968584812,0.2,6.4005296003342895,100.0,1.0,0.0,100.0,1.0,0.0,100.0,1.0,0.0,100.0,1.0,0.0,100.0,1.0,0.0,100.0,1.0,0.0
266,actuated,13,13,203.58122517472668,67.86040839157556,8100364.361237523,675030.3634364603,10004.4,98.27504911591356,157864.08134475857,1550.7277145850549,101.8,0.4929913460116694,83.68740573834543,94.2,53,1.018421951782754,0.925343811394892,83.68740573834543,100.0,10.6,0.8833333333333333,0.6516828623807548,0.0,12,100.0,1.0,0.0,100.0,1.0,0.0,100.0,1.0,0.0,4.248868860145194,0.6,7.820194348569057,0.0,0.0,0.0,100.0,1.0,0.0,100.0,1.0,0.0,100.0,1.0,0.0,100.0,1.0,0.0,100.0,1.0,0.0,100.0,1.0,0.0,100.0,1.0,0.0
267,actuated,17,13,601.8564329131398,177.01659791562935,7069594.56670622,589132.8805588516,9163.6,89.66340508806262,159237.17524361747,1558.0936912291338,102.2,0.3248214254590204,85.0,92.0,53,0.6484655835892651,0.9001956947162426,85.0,100.0,10.6,0.8833333333333333,0.0,0.0,12,60.0,0.8,0.0,60.0,0.8,0.0,100.0,1.0,0.0,100.0,1.0,0.0,0.0,0.0,0.0,100.0,1.0,0.0,100.0,1.0,0.0,100.0,1.0,0.0,100.0,1.0,0.0,100.0,1.0,0.0,100.0,1.0,0.0,100.0,1.0,0.0
268,actuated,17,17,425.27719157851107,88.59941491218981,8153430.9483632175,679452.5790302681,7614.6,74.07198443579766,164326.4805834621,1598.5066204616935,102.8,0.44666938110341214,79.34163695071486,85.4,51,0.593543545582364,0.830739299610895,79.34163695071486,100.0,10.2,0.85,0.30003844360355253,0.0,12,23.920727049548987,0.6,1.7018723404675304,28.178916359029245,0.6,1.8985889827751001,100.0,1.0,0.0,100.0,1.0,0.0,0.0,0.0,0.0,100.0,1.0,0.0,100.0,1.0,0.0,100.0,1.0,0.0,100.0,1.0,0.0,100.0,1.0,0.0,100.0,1.0,0.0,100.0,1.0,0.0
269,actuated,17,17,546.7754629592089,101.25471536281646,6400760.927200558,533396.7439333798,6768.6,65.97076023391813,167305.8318914905,1630.661129546691,102.6,0.8252087684764994,79.1624612607067,82.0,54,1.2384563245194087,0.7992202729044834,79.1624612607067,100.0,10.8,0.9,0.6415554036473341,0.0,12,33.44866729793466,1.0,3.9747582290496286,16.500867830545758,0.8,3.7239066147183806,100.0,1.0,0.0,100.0,1.0,0.0,0.0,0.0,0.0,100.0,1.0,0.0,100.0,1.0,0.0,100.0,1.0,0.0,100.0,1.0,0.0,100.0,1.0,0.0,100.0,1.0,0.0,100.0,1.0,0.0
270,actuated,17,17,815.17068231925,123.51070944231061,5201094.422707819,433424.53522565163,7095.4,68.62088974854932,168943.5782244486,1633.883735246118,103.4,1.1350850653287312,78.4830473962855,83.0,55,1.6249616150984032,0.8027079303675049,78.4830473962855,100.0,11.0,0.9166666666666666,1.4319238121482007,0.0,12,17.639634996203313,0.6,5.1326835321313276,12.364430676238953,0.8,5.220607628975672,100.0,1.0,0.0,100.0,1.0,0.0,11.792503082983785,0.6,6.829794584671411,100.0,1.0,0.0,100.0,1.0,0.0,100.0,1.0,0.0,100.0,1.0,0.0,100.0,1.0,0.0,100.0,1.0,0.0,100.0,1.0,0.0
271,actuated,17,17,968.263723959127,151.29120686861359,5006822.111197019,417235.1759330849,7516.0,72.82945736434108,167728.61682845347,1625.2772948493553,103.2,1.083600579972991,86.79198918308809,86.8,57,1.7492246760322545,0.8410852713178295,86.79198918308809,100.0,11.4,0.9500000000000001,1.1126010023066941,0.0,12,24.802959813191592,0.8,6.510234897097096,16.70091038386545,0.6,6.8409771305832345,100.0,1.0,0.0,100.0,1.0,0.0,100.0,1.0,0.0,100.0,1.0,0.0,100.0,1.0,0.0,100.0,1.0,0.0,100.0,1.0,0.0,100.0,1.0,0.0,100.0,1.0,0.0,100.0,1.0,0.0
272,actuated,17,17,390.55667732580366,108.48796592383435,6410248.867800362,534187.4056500302,7958.0,78.17288801571709,160800.7386812074,1579.575036161173,101.8,0.9410352358473887,84.920348949726,90.6,57,1.8910316208981064,0.8899803536345776,84.920348949726,100.0,11.4,0.9500000000000001,1.2587987695897322,0.0,12,7.0185680803479045,0.6,7.146620624105167,12.0256193163641,0.8,7.958964610971619,100.0,1.0,0.0,100.0,1.0,0.0,100.0,1.0,0.0,100.0,1.0,0.0,100.0,1.0,0.0,100.0,1.0,0.0,100.0,1.0,0.0,100.0,1.0,0.0,100.0,1.0,0.0,100.0,1.0,0.0
273,actuated,17,17,517.9425974344178,143.87294373178273,8707506.619680312,725625.5516400259,8417.2,82.3600782778865,162544.9600969333,1590.4594921422045,102.2,0.8130183224670947,84.54718204087574,93.4,53,1.6991198276146569,0.913894324853229,84.54718204087574,100.0,10.6,0.8833333333333333,1.4361647408926013,0.0,12,11.259764846749931,0.2,8.881180145504056,3.306419643759,0.4,8.35279674520716,100.0,1.0,0.0,100.0,1.0,0.0,100.0,1.0,0.0,100.0,1.0,0.0,100.0,1.0,0.0,100.0,1.0,0.0,100.0,1.0,0.0,100.0,1.0,0.0,100.0,1.0,0.0,100.0,1.0,0.0
274,actuated,17,17,900.7521551095015,195.8156858933699,7400900.752155108,616741.729346259,8884.0,85.58766859344894,164428.0491442086,1584.0852518709887,103.8,0.8316957814459714,84.4815205590362,94.6,54,1.6834700939849465,0.9113680154142582,84.4815205590362,100.0,10.8,0.9,1.3859894996353734,0.0,12,8.508872064035131,0.4,8.368256152700631,5.2693746443992495,0.4,8.263617842923848,100.0,1.0,0.0,100.0,1.0,0.0,100.0,1.0,0.0,100.0,1.0,0.0,100.0,1.0,0.0,100.0,1.0,0.0,100.0,1.0,0.0,100.0,1.0,0.0,100.0,1.0,0.0,100.0,1.0,0.0
275,actuated,17,17,775.615928308667,184.67045912111118,6646473.039846598,553872.7533205498,9359.4,88.63068181818181,166334.4458726323,1575.1367980362907,105.6,0.8388838464897906,84.239456270919,96.8,54,1.6827549404076803,0.9166666666666666,84.239456270919,100.0,10.8,0.9,1.4054802074717978,0.0,12,7.141633864252981,0.4,8.536060076020657,3.7318413867751588,0.4,8.329702413640916,100.0,1.0,0.0,100.0,1.0,0.0,100.0,1.0,0.0,100.0,1.0,0.0,100.0,1.0,0.0,100.0,1.0,0.0,100.0,1.0,0.0,100.0,1.0,0.0,100.0,1.0,0.0,100.0,1.0,0.0
276,actuated,17,17,548.1513191053787,130.51221883461398,8315883.679500652,692990.3066250543,9838.8,92.64406779661017,167941.181620206,1581.367058570678,106.2,0.8719200630153042,84.8731134886566,96.6,53,1.6622892166640983,0.9096045197740112,84.8731134886566,100.0,10.6,0.8833333333333333,1.4193804777923813,0.0,12,6.898142470890889,0.4,8.396404986735432,11.579219392988307,0.2,8.636160746773147,100.0,1.0,0.0,100.0,1.0,0.0,100.0,1.0,0.0,100.0,1.0,0.0,100.0,1.0,0.0,100.0,1.0,0.0,100.0,1.0,0.0,100.0,1.0,0.0,100.0,1.0,0.0,100.0,1.0,0.0
277,actuated,17,17,154.13103048977052,51.37701016325684,8376046.86910146,698003.905758455,10326.0,96.86679174484053,168860.69399693696,1584.0590431232358,106.6,0.859197572141269,85.25710727936787,99.2,52,1.7744926719207146,0.9305816135084428,85.25710727936787,100.0,10.4,0.8666666666666667,1.4440294435012688,0.0,12,11.442658909613783,0.2,8.739227551035622,11.642628442800742,0.2,8.589125770979605,100.0,1.0,0.0,100.0,1.0,0.0,100.0,1.0,0.0,100.0,1.0,0.0,100.0,1.0,0.0,100.0,1.0,0.0,100.0,1.0,0.0,100.0,1.0,0.0,100.0,1.0,0.0,100.0,1.0,0.0
278,actuated,17,17,109.48673179615855,45.61947158173273,9018634.803780723,751552.9003150603,10821.6,101.51594746716698,167904.19687811754,1575.0862746540106,106.6,0.8112219356339537,84.30030277474732,99.8,53,1.7696021624101195,0.9362101313320825,84.30030277474732,100.0,10.6,0.8833333333333333,1.4051367996167319,0.0,12,0.10120433592874178,0.4,8.167825677152722,11.502428961039186,0.2,8.693815918248063,100.0,1.0,0.0,100.0,1.0,0.0,100.0,1.0,0.0,100.0,1.0,0.0,100.0,1.0,0.0,100.0,1.0,0.0,100.0,1.0,0.0,100.0,1.0,0.0,100.0,1.0,0.0,100.0,1.0,0.0
279,actuated,17,17,38.71103177722008,19.35551588861004,9821703.469723439,818475.28914362,11321.0,106.60075329566855,167428.8757961575,1576.5430865928201,106.2,0.7707091637952559,85.03189800875627,100.4,52,1.7583226194593538,0.9453860640301318,85.03189800875627,100.0,10.4,0.8666666666666667,1.4980653478920043,0.0,12,10.963359370339276,0.2,9.12129180682922,9.419416734735933,0.2,8.855492367874833,100.0,1.0,0.0,100.0,1.0,0.0,100.0,1.0,0.0,100.0,1.0,0.0,100.0,1.0,0.0,100.0,1.0,0.0,100.0,1.0,0.0,100.0,1.0,0.0,100.0,1.0,0.0,100.0,1.0,0.0
280,actuated,17,17,171.73821392773996,78.06282451260907,10969327.407627162,914110.6173022635,11821.0,110.4766355140187,168947.61958555752,1578.949715752874,107.0,0.7784326552209418,84.2792268196365,100.6,52,1.7513149551626668,0.9401869158878504,84.2792268196365,100.0,10.4,0.8666666666666667,0.7341676991122287,0.0,12,11.350721835638069,0.2,8.810012389346744,0.0,0.2,0.0,100.0,1.0,0.0,100.0,1.0,0.0,100.0,1.0,0.0,100.0,1.0,0.0,100.0,1.0,0.0,100.0,1.0,0.0,100.0,1.0,0.0,100.0,1.0,0.0,100.0,1.0,0.0,100.0,1.0,0.0
281,actuated,17,17,314.1380358999104,104.71267863330347,9000314.138035899,750026.1781696583,12321.0,114.50743494423791,170745.92453178813,1586.8580346820459,107.6,0.8232702668732251,85.30983855948118,100.4,54,1.7853693317311619,0.9330855018587361,85.30983855948118,100.0,10.8,0.9,1.4630647137202535,0.0,12,10.86307779426079,0.2,9.205494234132455,12.8549849195133,0.6,8.351282330510585,100.0,1.0,0.0,100.0,1.0,0.0,100.0,1.0,0.0,100.0,1.0,0.0,100.0,1.0,0.0,100.0,1.0,0.0,100.0,1.0,0.0,100.0,1.0,0.0,100.0,1.0,0.0,100.0,1.0,0.0
282,actuated,17,17,438.7072153081055,156.6811483243234,9053973.393713335,754497.7828094446,12823.4,117.21572212065813,169747.06539107556,1551.6185136295755,109.4,0.6811211679857799,84.25622752976854,101.8,53,1.508278441000027,0.9305301645338209,84.25622752976854,100.0,10.6,0.8833333333333333,1.3947344554122534,0.0,12,4.788681833692863,0.4,8.47015483509749,6.286048523529644,0.2,8.266658629849552,100.0,1.0,0.0,100.0,1.0,0.0,100.0,1.0,0.0,100.0,1.0,0.0,100.0,1.0,0.0,100.0,1.0,0.0,100.0,1.0,0.0,100.0,1.0,0.0,100.0,1.0,0.0,100.0,1.0,0.0
283,actuated,17,17,456.0264910371071,134.12543854032563,8400738.235090364,700061.5195908636,13335.2,118.64056939501779,175903.6032782672,1564.9786768529111,112.4,0.5643278114559993,84.29471810297021,103.6,52,1.159903696301166,0.9217081850533808,84.29471810297021,100.0,10.4,0.8666666666666667,0.7223376803719703,0.0,12,11.536617235642552,0.2,8.668052164463644,0.0,0.2,0.0,100.0,1.0,0.0,100.0,1.0,0.0,100.0,1.0,0.0,100.0,1.0,0.0,100.0,1.0,0.0,100.0,1.0,0.0,100.0,1.0,0.0,100.0,1.0,0.0,100.0,1.0,0.0,100.0,1.0,0.0
284,actuated,17,17,379.6731456206108,118.64785800644087,8013277.044493714,667773.0870411429,13858.8,121.14335664335664,176428.7801429688,1542.2096166343429,114.4,0.4010044910118526,97.45054790018344,106.6,59,0.8079547003179005,0.9318181818181818,97.45054790018344,100.0,11.8,0.9833333333333334,0.790612311085288,0.0,12,75.4256873178474,0.8,4.503284856607123,93.98088748435384,1.0,4.984062876416331,100.0,1.0,0.0,100.0,1.0,0.0,100.0,1.0,0.0,100.0,1.0,0.0,100.0,1.0,0.0,100.0,1.0,0.0,100.0,1.0,0.0,100.0,1.0,0.0,100.0,1.0,0.0,100.0,1.0,0.0
285,actuated,0,17,1052.45138043927,250.58366200934998,6656870.610038857,554739.2175032381,12739.8,111.75263157894737,178426.27268295045,1565.1427428328989,114.0,0.31866044996634285,90.0,102.0,57,0.5816978149483337,0.8947368421052632,90.0,100.0,11.399999999999999,0.9500000000000001,0.0,0.0,12,100.0,1.0,0.0,100.0,1.0,0.0,100.0,1.0,0.0,60.0,0.8,0.0,100.0,1.0,0.0,100.0,1.0,0.0,60.0,0.8,0.0,60.0,0.8,0.0,100.0,1.0,0.0,100.0,1.0,0.0,100.0,1.0,0.0,100.0,1.0,0.0
286,actuated,0,0,640.9525856079167,123.26011261690705,6800640.952585608,566720.079382134,11729.2,103.4320987654321,179655.922042322,1584.267390143933,113.4,0.46363554587794215,84.84200707845844,91.2,54,0.6110036394509182,0.8042328042328042,84.84200707845844,100.0,10.799999999999999,0.9,0.5074703507864013,0.0,12,100.0,1.0,0.0,100.0,1.0,0.0,100.0,1.0,0.0,57.497752094864154,0.6,1.9694170910003472,100.0,1.0,0.0,100.0,1.0,0.0,27.577232220564838,0.6,1.7947301843424632,33.02910062607225,0.6,2.325496934094006,100.0,1.0,0.0,100.0,1.0,0.0,100.0,1.0,0.0,100.0,1.0,0.0
287,actuated,0,0,739.1201238808337,123.18668731347229,6000739.120123882,500061.5933436568,11802.8,104.63475177304964,181384.31371230603,1608.016965534628,112.8,0.7382421291696918,86.71891406773095,89.8,58,1.1652074635396943,0.7960992907801419,86.71891406773095,100.0,11.6,0.9666666666666667,0.6773598008806484,0.0,12,100.0,1.0,0.0,100.0,1.0,0.0,100.0,1.0,0.0,100.0,1.0,0.0,100.0,1.0,0.0,100.0,1.0,0.0,14.61321304892408,0.8,3.8595911320386818,26.013755763847257,0.8,4.268726478529098,100.0,1.0,0.0,100.0,1.0,0.0,100.0,1.0,0.0,100.0,1.0,0.0
288,actuated,0,0,1146.4056447344037,191.06760745573396,6001146.405644735,500095.53380372794,12245.6,108.36814159292035,178127.9656466204,1576.353678288676,113.0,0.9330010413308307,86.02127428170168,96.0,58,1.7120127306905621,0.8495575221238938,86.02127428170168,100.0,11.6,0.9666666666666667,0.939089878999393,0.0,12,100.0,1.0,0.0,100.0,1.0,0.0,100.0,1.0,0.0,100.0,1.0,0.0,100.0,1.0,0.0,100.0,1.0,0.0,16.258978024384305,0.8,5.667529973389075,15.996313356035898,0.8,5.60154857460364,100.0,1.0,0.0,100.0,1.0,0.0,100.0,1.0,0.0,100.0,1.0,0.0
289,actuated,0,0,1089.2769729612633,217.85539459225265,6018757.918879856,501563.1599066547,12741.4,113.96601073345259,174095.20395204762,1557.202182039782,111.8,0.904644374096889,86.7725574895697,102.8,54,1.8329828692160366,0.9194991055456172,86.7725574895697,100.0,10.8,0.9,1.1442913410937132,0.0,12,100.0,1.0,0.0,100.0,1.0,0.0,100.0,1.0,0.0,100.0,1.0,0.0,100.0,1.0,0.0,100.0,1.0,0.0,25.998550016906847,0.6,7.183625203369877,15.272139857929687,0.2,6.547870889754682,100.0,1.0,0.0,100.0,1.0,0.0,100.0,1.0,0.0,100.0,1.0,0.0
290,actuated,0,0,497.6336271625614,177.72629541520052,8739078.442669204,728256.5368891003,13266.6,120.38656987295826,168596.33072438918,1529.912257027125,110.2,0.9441141844617065,83.33333333333333,106.2,50,2.1301654073086946,0.9637023593466425,83.33333333333333,100.0,10.0,0.8333333333333334,0.0,0.0,12,100.0,1.0,0.0,100.0,1.0,0.0,100.0,1.0,0.0,100.0,1.0,0.0,100.0,1.0,0.0,100.0,1.0,0.0,0.0,0.0,0.0,0.0,0.0,0.0,100.0,1.0,0.0,100.0,1.0,0.0,100.0,1.0,0.0,100.0,1.0,0.0
291,actuated,0,0,64.8772027830181,36.04289043501006,12979356.244918894,1081613.020409908,13804.0,125.49090909090908,169310.0652119477,1539.1824110177063,110.0,0.9186277573013462,84.12136165094428,108.2,53,2.4722832349189336,0.9836363636363636,84.12136165094428,100.0,10.600000000000001,0.8833333333333333,1.3939294212420161,0.0,12,100.0,1.0,0.0,100.0,1.0,0.0,100.0,1.0,0.0,100.0,1.0,0.0,100.0,1.0,0.0,100.0,1.0,0.0,4.585268074806663,0.2,8.424610216356813,4.871071736524755,0.4,8.302542838547378,100.0,1.0,0.0,100.0,1.0,0.0,100.0,1.0,0.0,100.0,1.0,0.0
292,actuated,0,0,40.401875896012946,20.200937948006473,16415884.298645113,1367990.3582204261,14344.0,131.35531135531136,167098.15174320957,1530.2028547912964,109.2,1.310370913874139,83.33333333333333,108.0,51,3.6371650911073985,0.989010989010989,83.33333333333333,100.0,10.2,0.85,0.0,0.0,12,100.0,1.0,0.0,100.0,1.0,0.0,100.0,1.0,0.0,100.0,1.0,0.0,100.0,1.0,0.0,100.0,1.0,0.0,0.0,0.2,0.0,0.0,0.0,0.0,100.0,1.0,0.0,100.0,1.0,0.0,100.0,1.0,0.0,100.0,1.0,0.0
293,actuated,0,0,342.2815548961245,142.61731454005186,9400703.22909915,783391.9357582625,14884.0,135.55555555555554,168308.7826970984,1532.866873379767,109.8,1.6421714601040558,83.33333333333333,108.2,50,4.026536593302527,0.9854280510018215,83.33333333333333,100.0,10.0,0.8333333333333334,0.0,0.0,12,100.0,1.0,0.0,100.0,1.0,0.0,100.0,1.0,0.0,100.0,1.0,0.0,100.0,1.0,0.0,100.0,1.0,0.0,0.0,0.0,0.0,0.0,0.0,0.0,100.0,1.0,0.0,100.0,1.0,0.0,100.0,1.0,0.0,100.0,1.0,0.0
294,actuated,0,0,329.2938552097006,117.6049482891788,9001823.254075069,750151.9378395891,15424.0,139.96370235934666,168468.3693564406,1528.7510830892977,110.2,1.6558837805275983,84.3212007190012,108.2,51,4.102791306185415,0.9818511796733213,84.3212007190012,100.0,10.2,0.85,0.7029733489733042,0.0,12,100.0,1.0,0.0,100.0,1.0,0.0,100.0,1.0,0.0,100.0,1.0,0.0,100.0,1.0,0.0,100.0,1.0,0.0,11.854408628014426,0.2,8.435680187679651,0.0,0.0,0.0,100.0,1.0,0.0,100.0,1.0,0.0,100.0,1.0,0.0,100.0,1.0,0.0
295,actuated,0,0,54.76892279522807,27.384461397614036,10870954.54847027,905912.8790391892,15967.0,145.15454545454546,167816.21883700727,1525.6019894273388,110.0,1.3293755068692286,83.33333333333333,109.0,50,3.835079351980127,0.990909090909091,83.33333333333333,100.0,10.0,0.8333333333333334,0.0,0.0,12,100.0,1.0,0.0,100.0,1.0,0.0,100.0,1.0,0.0,100.0,1.0,0.0,100.0,1.0,0.0,100.0,1.0,0.0,0.0,0.0,0.0,0.0,0.0,0.0,100.0,1.0,0.0,100.0,1.0,0.0,100.0,1.0,0.0,100.0,1.0,0.0
296,actuated,0,0,23.681549548078536,11.840774774039268,10000023.681549547,833335.3067957956,16512.0,150.1090909090909,168331.87563582225,1530.289778507475,110.0,1.5819077854479353,83.33333333333333,109.0,50,3.97434529518497,0.990909090909091,83.33333333333333,100.0,10.0,0.8333333333333334,0.0,0.0,12,100.0,1.0,0.0,100.0,1.0,0.0,100.0,1.0,0.0,100.0,1.0,0.0,100.0,1.0,0.0,100.0,1.0,0.0,0.0,0.0,0.0,0.0,0.0,0.0,100.0,1.0,0.0,100.0,1.0,0.0,100.0,1.0,0.0,100.0,1.0,0.0
297,actuated,0,0,17.0764952539198,8.5382476269599,10000017.076495253,833334.7563746044,17057.0,155.06363636363636,168622.77581722947,1532.9343256111772,110.0,1.8278590794264649,84.29296930122821,109.0,51,4.264433519448338,0.990909090909091,84.29296930122821,100.0,10.2,0.85,0.7236540393205778,0.0,12,100.0,1.0,0.0,100.0,1.0,0.0,100.0,1.0,0.0,100.0,1.0,0.0,100.0,1.0,0.0,100.0,1.0,0.0,11.515631614738595,0.2,8.683848471846934,0.0,0.0,0.0,100.0,1.0,0.0,100.0,1.0,0.0,100.0,1.0,0.0,100.0,1.0,0.0
298,actuated,0,0,12.44060475161987,6.220302375809935,10000012.44060475,833334.3700503958,17602.0,161.4862385321101,165789.0,1521.0,109.0,2.315,83.33333333333333,109.0,50,5.176497367912013,1.0,83.33333333333333,100.0,10.0,0.8333333333333334,0.0,0.0,12,100.0,1.0,0.0,100.0,1.0,0.0,100.0,1.0,0.0,100.0,1.0,0.0,100.0,1.0,0.0,100.0,1.0,0.0,0.0,0.0,0.0,0.0,0.0,0.0,100.0,1.0,0.0,100.0,1.0,0.0,100.0,1.0,0.0,100.0,1.0,0.0
299,actuated,0,0,12.44060475161987,6.220302375809935,10000012.44060475,833334.3700503958,18147.0,166.4862385321101,165789.0,1521.0,109.0,2.315,83.33333333333333,109.0,50,5.176497367912013,1.0,83.33333333333333,100.0,10.0,0.8333333333333334,0.0,0.0,12,100.0,1.0,0.0,100.0,1.0,0.0,100.0,1.0,0.0,100.0,1.0,0.0,100.0,1.0,0.0,100.0,1.0,0.0,0.0,0.0,0.0,0.0,0.0,0.0,100.0,1.0,0.0,100.0,1.0,0.0,100.0,1.0,0.0,100.0,1.0,0.0
300,actuated,0,0,450.64512998497867,187.7688041604078,9400706.52745154,783392.2106209616,18692.0,169.00542495479203,168444.60190168006,1523.0072504672698,110.6,1.6584111808304498,83.33333333333333,109.4,50,4.448584906591065,0.9891500904159132,83.33333333333333,100.0,10.0,0.8333333333333334,0.0,0.0,12,100.0,1.0,0.0,100.0,1.0,0.0,100.0,1.0,0.0,100.0,1.0,0.0,100.0,1.0,0.0,100.0,1.0,0.0,0.0,0.0,0.0,0.0,0.0,0.0,100.0,1.0,0.0,100.0,1.0,0.0,100.0,1.0,0.0,100.0,1.0,0.0
301,actuated,0,0,41.044211341365695,20.522105670682848,9654931.656566134,804577.6380471778,19239.0,173.32432432432432,169307.4372931352,1525.292227866083,111.0,1.3866366758521418,83.33333333333333,109.8,50,3.8528772794911066,0.9891891891891892,83.33333333333333,100.0,10.0,0.8333333333333334,0.0,0.0,12,100.0,1.0,0.0,100.0,1.0,0.0,100.0,1.0,0.0,100.0,1.0,0.0,100.0,1.0,0.0,100.0,1.0,0.0,0.0,0.0,0.0,0.0,0.0,0.0,100.0,1.0,0.0,100.0,1.0,0.0,100.0,1.0,0.0,100.0,1.0,0.0
302,actuated,0,0,82.28711296205577,45.71506275669765,10200082.287112962,850006.8572594136,19789.0,176.6875,171930.68190911846,1535.0953741885576,112.0,0.7447742564550912,83.33333333333333,110.2,50,2.309326153662503,0.9839285714285714,83.33333333333333,100.0,10.0,0.8333333333333334,0.0,0.0,12,100.0,1.0,0.0,100.0,1.0,0.0,100.0,1.0,0.0,100.0,1.0,0.0,100.0,1.0,0.0,100.0,1.0,0.0,0.0,0.0,0.0,0.0,0.0,0.0,100.0,1.0,0.0,100.0,1.0,0.0,100.0,1.0,0.0,100.0,1.0,0.0
303,actuated,4,0,996.5943772445338,226.49872210103038,6203789.609060084,516982.4674216737,17532.6,161.44198895027625,169363.1157354685,1559.5130362382,108.6,1.658264139883837,73.50010447219574,98.0,50,3.9688179313167002,0.9023941068139963,73.50010447219574,100.0,10.000000000000002,0.8333333333333335,0.6994937451944375,0.0,12,80.0,1.0,0.0,100.0,1.0,0.0,100.0,1.0,0.0,100.0,1.0,0.0,100.0,1.0,0.0,100.0,1.0,0.0,2.00125366634893,0.4,8.39392494233325,0.0,0.0,0.0,100.0,1.0,0.0,60.0,0.8,0.0,60.0,0.8,0.0,80.0,1.0,0.0
304,actuated,4,4,511.5896770422619,88.20511673142447,6000865.047014043,500072.08725117025,13892.8,133.0727969348659,166844.8561153203,1598.1308057023016,104.4,1.5429565875052254,62.42853972281182,81.4,42,3.529851083584807,0.7796934865900383,62.42853972281182,100.0,8.399999999999999,0.6999999999999998,0.664715521015005,0.0,12,57.5838444989904,0.6,2.2760106736454295,100.0,1.0,0.0,100.0,1.0,0.0,100.0,1.0,0.0,100.0,1.0,0.0,100.0,1.0,0.0,0.0,0.0,0.0,0.0,0.0,0.0,100.0,1.0,0.0,30.53177805199539,0.6,1.8062675943204787,25.882138067240703,0.6,1.8212509284703122,35.144716055515346,0.6,2.073057055743839
305,actuated,4,4,594.1442563783805,99.02404272973008,6000594.1442563785,500049.5120213649,10144.0,101.03585657370517,165954.57653233566,1652.9340292065306,100.4,1.0274638969727368,59.430543978761534,68.2,46,1.746898659702584,0.6792828685258964,59.430543978761534,100.0,9.2,0.7666666666666666,1.8372575425783728,0.0,12,100.0,1.0,0.0,100.0,1.0,0.0,100.0,1.0,0.0,100.0,1.0,0.0,100.0,1.0,0.0,100.0,1.0,0.0,0.0,0.0,0.0,9.970781901424743,0.4,8.392578818369657,23.32251486830046,0.6,1.7127444837393697,21.184936870990896,0.8,3.9857417682723684,39.25861207946582,0.8,4.055517210269478,19.42968202495649,0.6,3.9005082302896015
306,actuated,4,4,528.378129225062,91.09967745259691,6000731.766972659,500060.98058105493,9092.6,92.40447154471545,164584.53486383025,1672.607061624291,98.4,1.1884454122973727,63.457675839658044,69.2,46,1.689766533654302,0.7032520325203252,63.457675839658044,100.0,9.200000000000001,0.7666666666666667,1.4405562874862792,0.0,12,100.0,1.0,0.0,100.0,1.0,0.0,100.0,1.0,0.0,100.0,1.0,0.0,100.0,1.0,0.0,100.0,1.0,0.0,0.0,0.0,0.0,0.0,0.0,0.0,100.0,1.0,0.0,28.295411677099764,0.6,6.091220237909448,14.946325253872601,0.8,5.568570575005996,18.250373144924197,0.8,5.626884636919904
307,actuated,4,4,297.35552524647966,59.47110504929593,6010682.265097756,500890.1887581463,8791.2,92.15094339622641,159236.37789846805,1669.1444224158076,95.4,1.5650362973582082,61.653613461213205,73.4,48,2.2129680100213247,0.7693920335429769,61.653613461213205,100.0,9.600000000000001,0.8000000000000002,1.737404633332794,0.0,12,100.0,1.0,0.0,100.0,1.0,0.0,100.0,1.0,0.0,100.0,1.0,0.0,100.0,1.0,0.0,100.0,1.0,0.0,0.0,0.0,0.0,0.0,0.0,0.0,100.0,1.0,0.0,18.14819019481547,0.8,6.859401465603655,7.554126377772263,1.0,6.946517122366428,14.141044961970692,0.8,7.042937012023444
308,actuated,4,4,279.78765383443556,66.61610805581799,7030307.674606832,585858.9728839026,9166.2,99.84967320261438,148356.82694813807,1616.0874395222013,91.8,1.5020410048115624,62.62722500331923,77.6,45,2.255243836475828,0.8453159041394336,62.62722500331923,100.0,9.000000000000002,0.7500000000000001,2.775900370783848,0.0,12,100.0,1.0,0.0,100.0,1.0,0.0,100.0,1.0,0.0,100.0,1.0,0.0,100.0,1.0,0.0,100.0,1.0,0.0,0.0,0.0,0.0,4.4729419726445485,0.4,8.46097030993551,100.0,1.0,0.0,14.382317080971916,0.8,8.046053116235472,16.560993376970146,0.4,8.307538036827502,16.110447609244147,0.4,8.496242986407697
309,actuated,4,4,173.93200709038945,43.48300177259736,8420042.329411644,701670.194117637,9559.0,105.27533039647577,147818.10447706174,1627.9526924786537,90.8,1.2499965151275643,59.55711179261092,80.4,40,2.023574716040606,0.8854625550660793,59.55711179261092,100.0,8.0,0.6666666666666666,1.4104420265029114,0.0,12,100.0,1.0,0.0,100.0,1.0,0.0,100.0,1.0,0.0,100.0,1.0,0.0,100.0,1.0,0.0,100.0,1.0,0.0,0.0,0.0,0.0,0.0,0.0,0.0,100.0,1.0,0.0,3.171378404672396,0.4,8.240197454858572,11.513963106658593,0.4,8.685106863176363,0.0,0.2,0.0
310,actuated,4,4,91.26138333024564,22.81534583256141,8875811.605173716,739650.9670978097,9959.0,109.43956043956044,148889.94834263745,1636.1532784905212,91.0,1.4124167401989771,61.68626899939189,80.6,40,2.1087365279447248,0.8857142857142857,61.68626899939189,100.0,8.0,0.6666666666666666,2.2177248571843116,0.0,12,100.0,1.0,0.0,100.0,1.0,0.0,100.0,1.0,0.0,100.0,1.0,0.0,100.0,1.0,0.0,100.0,1.0,0.0,0.0,0.0,0.0,0.0,0.0,0.0,100.0,1.0,0.0,11.330704185734248,0.2,8.825576800946184,10.732829309677072,0.2,9.317207710536932,18.171694497291355,0.6,8.469913774728624
311,actuated,4,4,86.75886114091395,21.689715285228488,8000086.758861139,666673.8965717616,10359.0,114.33774834437087,146151.32607379308,1613.1492944127272,90.6,1.3611432095664346,59.582421993109925,80.8,39,1.9596201053116171,0.891832229580574,59.582421993109925,100.0,7.800000000000001,0.65,1.3922673150741804,0.0,12,100.0,1.0,0.0,100.0,1.0,0.0,100.0,1.0,0.0,100.0,1.0,0.0,100.0,1.0,0.0,100.0,1.0,0.0,5.323428646506727,0.4,8.344476443715395,0.0,0.0,0.0,100.0,1.0,0.0,9.665635270812345,0.4,8.362731337174772,0.0,0.0,0.0,0.0,0.0,0.0
312,actuated,4,4,291.5075783009009,69.40656626211926,15565852.227685574,1297154.3523071313,10761.0,117.22222222222223,148444.2478007008,1617.0397363910763,91.8,1.2086459909417513,61.87950171866381,81.4,40,1.975436934591851,0.8867102396514162,61.87950171866381,100.0,8.0,0.6666666666666666,2.0827368457412843,0.0,12,100.0,1.0,0.0,100.0,1.0,0.0,100.0,1.0,0.0,100.0,1.0,0.0,100.0,1.0,0.0,100.0,1.0,0.0,0.0,0.0,0.0,0.0,0.0,0.0,100.0,1.0,0.0,11.931590400058667,0.2,8.381112378741086,13.022506619372507,0.4,8.528519224096554,17.599923604534524,0.4,8.08321054605777
313,actuated,4,4,114.16708602884202,28.541771507210505,13407097.964185283,1117258.1636821069,11166.0,121.63398692810458,149606.24425792592,1629.697649868474,91.8,1.2903309829596072,58.57498322056434,81.6,39,2.005530990214215,0.8888888888888888,58.57498322056434,100.0,7.800000000000001,0.65,0.7004171389338268,0.0,12,100.0,1.0,0.0,100.0,1.0,0.0,100.0,1.0,0.0,100.0,1.0,0.0,100.0,1.0,0.0,100.0,1.0,0.0,0.0,0.0,0.0,0.0,0.0,0.0,100.0,1.0,0.0,2.8997986467720693,0.4,8.405005667205922,0.0,0.2,0.0,0.0,0.2,0.0
314,actuated,4,4,418.56675002568136,83.71335000513628,10080943.986770874,840078.6655642395,11209.6,121.31601731601732,150983.06309345952,1634.0158343448,92.4,1.4113759650672277,62.71983471959402,80.6,42,2.0529630989828247,0.8722943722943723,62.71983471959402,100.0,8.4,0.7000000000000001,2.57505376987446,0.0,12,100.0,1.0,0.0,100.0,1.0,0.0,100.0,1.0,0.0,100.0,1.0,0.0,100.0,1.0,0.0,100.0,1.0,0.0,0.0,0.0,0.0,13.702634797546125,0.2,4.95798407191725,100.0,1.0,0.0,10.315076052966106,0.4,8.741442971024663,10.85254389876809,0.4,8.670350057012032,17.767761885847904,0.4,8.530868138539581
315,actuated,4,4,403.3667979956021,77.57053807607733,6846133.91776327,570511.1598136058,10345.2,112.69281045751634,149035.2400716078,1623.4775606928954,91.8,1.2954637004279153,61.981264385399676,77.2,43,1.945372646692532,0.840958605664488,61.981264385399676,100.0,8.6,0.7166666666666667,1.5730398075376961,0.0,12,100.0,1.0,0.0,100.0,1.0,0.0,27.424202882366444,0.6,1.927811536511051,100.0,1.0,0.0,100.0,1.0,0.0,100.0,1.0,0.0,0.0,0.0,0.0,100.0,1.0,0.0,100.0,1.0,0.0,6.052134406750156,0.4,8.21526353890076,10.298835335679541,0.4,8.733402615040543,0.0,0.2,0.0
316,actuated,4,4,569.0401750100343,98.11037500173006,6200569.0401750095,516714.0866812508,9475.4,101.88602150537635,151074.53776536076,1624.4573953264598,93.0,1.4374741694104267,69.43320673512365,76.2,43,2.0058818767514257,0.8193548387096774,69.43320673512365,100.0,8.599999999999998,0.7166666666666665,2.261043234751764,0.0,12,100.0,1.0,0.0,100.0,1.0,0.0,100.0,1.0,0.0,100.0,1.0,0.0,100.0,1.0,0.0,100.0,1.0,0.0,0.0,0.0,0.0,100.0,1.0,0.0,100.0,1.0,0.0,10.61670083926856,0.2,9.419121958313513,11.287767034364151,0.2,8.859148111009281,11.294012947851115,0.2,8.854248747698378
317,actuated,4,4,492.2929152412345,91.16535467430268,6216739.984332884,518061.6653610736,9440.2,100.8568376068376,149825.34659277147,1600.6981473586695,93.6,1.2615088916921808,77.04458743933021,78.6,51,1.9002571634725356,0.8397435897435898,77.04458743933021,100.0,10.2,0.85,2.5034197905392936,0.0,12,100.0,1.0,0.0,100.0,1.0,0.0,100.0,1.0,0.0,100.0,1.0,0.0,100.0,1.0,0.0,100.0,1.0,0.0,91.9779015627364,1.0,5.2795514228736735,100.0,1.0,0.0,100.0,1.0,0.0,11.965302561256976,0.2,8.357498649787157,7.459854221237947,0.4,8.24022349193692,13.131990926731305,0.6,8.163763921873773
318,actuated,4,4,378.7238035535135,86.07359171670761,7003002.108242633,583583.5090202194,9842.2,102.73695198329854,151711.3662051729,1583.6259520372953,95.8,1.164737439032657,76.16693600614212,82.8,51,1.7870168755841922,0.8643006263048016,76.16693600614212,100.0,10.200000000000001,0.8500000000000001,2.0851254227415965,0.0,12,100.0,1.0,0.0,100.0,1.0,0.0,100.0,1.0,0.0,100.0,1.0,0.0,100.0,1.0,0.0,100.0,1.0,0.0,100.0,1.0,0.0,100.0,1.0,0.0,100.0,1.0,0.0,3.8462372550930013,0.4,8.338449462316929,9.793740477816755,0.4,8.69118508575484,0.36325434079572005,0.4,7.991870524827392
319,actuated,4,4,93.15983070040332,31.05327690013444,7272272.98724406,606022.7489370051,10271.4,103.96153846153847,153864.37369124795,1557.3317175227523,98.8,0.7226658748366118,78.35111425762155,88.8,50,1.276027941935045,0.8987854251012146,78.35111425762155,100.0,10.0,0.8333333333333334,1.8643486663174424,0.0,12,100.0,1.0,0.0,100.0,1.0,0.0,100.0,1.0,0.0,100.0,1.0,0.0,100.0,1.0,0.0,100.0,1.0,0.0,100.0,1.0,0.0,100.0,1.0,0.0,100.0,1.0,0.0,25.734199383364285,0.4,6.509174743912731,11.591641127406547,0.2,8.62690613873184,2.8875305806877805,0.4,7.236103113164737
320,actuated,4,4,132.1688065912112,44.05626886373707,11901879.591668703,991823.2993057253,10724.4,105.34774066797642,158381.1158560031,1555.806639057005,101.8,0.5101697841888094,97.26192091708033,92.4,59,0.908236116386782,0.9076620825147348,97.26192091708033,100.0,11.8,0.9833333333333334,0.5039986110931483,0.0,12,100.0,1.0,0.0,100.0,1.0,0.0,100.0,1.0,0.0,100.0,1.0,0.0,100.0,1.0,0.0,100.0,1.0,0.0,100.0,1.0,0.0,100.0,1.0,0.0,100.0,1.0,0.0,100.0,1.0,0.0,67.14305100496404,0.8,6.047983333117779,100.0,1.0,0.0
321,actuated,13,4,830.2689549193963,180.493251069434,7196673.787445566,599722.8156204638,9055.2,88.4296875,160935.54252982565,1571.6361575178285,102.4,0.4235054247942299,93.33333333333333,87.4,59,0.670090551400389,0.853515625,93.33333333333333,100.0,11.8,0.9833333333333334,0.0,0.0,12,100.0,1.0,0.0,100.0,1.0,0.0,100.0,1.0,0.0,80.0,1.0,0.0,60.0,0.8,0.0,80.0,1.0,0.0,100.0,1.0,0.0,100.0,1.0,0.0,100.0,1.0,0.0,100.0,1.0,0.0,100.0,1.0,0.0,100.0,1.0,0.0
322,actuated,13,13,565.8726188333615,94.31210313889358,6000565.872618832,500047.1560515693,6796.8,66.76620825147347,164974.48568640594,1620.5745155835552,101.8,0.49993747553691653,82.9699788655925,78.6,54,0.5356823056425596,0.7721021611001965,82.9699788655925,100.0,10.8,0.9,0.48688540249975915,0.0,12,100.0,1.0,0.0,100.0,1.0,0.0,100.0,1.0,0.0,38.59018928936621,0.6,2.2289034688660556,24.98786141527944,0.6,1.6532290909609761,32.06169568246423,0.6,1.9604922701700778,100.0,1.0,0.0,100.0,1.0,0.0,100.0,1.0,0.0,100.0,1.0,0.0,100.0,1.0,0.0,100.0,1.0,0.0
323,actuated,13,13,733.7636554751814,107.9064199228208,5200733.763655476,433394.480304623,5029.0,49.79207920792079,167759.57215522477,1660.9858629230175,101.0,0.7908964898523572,81.21839245864255,72.0,57,0.989458112262765,0.7128712871287128,81.21839245864255,100.0,11.399999999999999,0.9500000000000001,0.982092637967781,0.0,12,100.0,1.0,0.0,100.0,1.0,0.0,100.0,1.0,0.0,38.18023060134237,0.8,3.8968318303922946,25.63715187789512,1.0,3.7680920015239896,10.80332702447322,0.6,4.120187823697089,100.0,1.0,0.0,100.0,1.0,0.0,100.0,1.0,0.0,100.0,1.0,0.0,100.0,1.0,0.0,100.0,1.0,0.0
324,actuated,13,13,754.2279210334303,107.74684586191862,5000754.227921032,416729.51899341936,5250.0,51.77514792899408,169986.608196125,1676.396530533777,101.4,1.1617622267954901,78.16143946394466,75.0,55,1.5831178946719098,0.7396449704142012,78.16143946394466,100.0,11.0,0.9166666666666666,1.3489079737495835,0.0,12,100.0,1.0,0.0,100.0,1.0,0.0,100.0,1.0,0.0,18.68392261477311,0.8,5.393071401306517,15.056135987597372,0.6,5.504885895190816,4.197214964965497,0.6,5.288938388497667,100.0,1.0,0.0,100.0,1.0,0.0,100.0,1.0,0.0,100.0,1.0,0.0,100.0,1.0,0.0,100.0,1.0,0.0
325,actuated,13,13,1567.440863134024,200.95395681205437,4002760.611590322,333563.3842991935,5630.2,55.30648330058939,169190.40272133765,1661.9882389129434,101.8,1.4504935765519624,80.81295330362234,78.8,58,2.0571612638616896,0.7740667976424361,80.81295330362234,100.0,11.6,0.9666666666666667,1.612412298937895,0.0,12,100.0,1.0,0.0,100.0,1.0,0.0,100.0,1.0,0.0,22.46325875500588,0.8,6.085104975543173,17.368812912850444,0.8,6.479806622852076,29.923367975611654,1.0,6.7840359888594906,100.0,1.0,0.0,100.0,1.0,0.0,100.0,1.0,0.0,100.0,1.0,0.0,100.0,1.0,0.0,100.0,1.0,0.0
326,actuated,13,13,790.8725689755472,158.17451379510945,6473671.219408319,539472.6016173599,6034.4,61.32520325203252,159494.296975257,1620.877001781067,98.4,1.421477329211681,79.73464696246651,83.4,54,2.2822949240989243,0.8475609756097561,79.73464696246651,100.0,10.8,0.9,1.9517408666406304,0.0,12,100.0,1.0,0.0,100.0,1.0,0.0,100.0,1.0,0.0,17.97057674401003,0.8,7.173306950807978,24.640434716434356,0.4,8.132648751447546,14.204752089153772,0.6,8.114934697432039,100.0,1.0,0.0,100.0,1.0,0.0,100.0,1.0,0.0,100.0,1.0,0.0,100.0,1.0,0.0,100.0,1.0,0.0
327,actuated,13,13,192.67827875618065,50.704810198994906,11724820.26282785,977068.3552356543,6457.0,68.11181434599156,152269.163729291,1606.214807271002,94.8,1.4185713189527782,77.07524242683841,85.4,50,2.37133968103457,0.9008438818565401,77.07524242683841,100.0,10.0,0.8333333333333334,2.1721713366607354,0.0,12,100.0,1.0,0.0,100.0,1.0,0.0,100.0,1.0,0.0,8.72648712836508,0.4,8.932275496982038,11.388486269306668,0.2,8.780798223334735,4.787935724389172,0.4,8.352982319612055,100.0,1.0,0.0,100.0,1.0,0.0,100.0,1.0,0.0,100.0,1.0,0.0,100.0,1.0,0.0,100.0,1.0,0.0
328,actuated,13,13,51.33655920888633,17.11218640296211,14773648.175900742,1231137.3479917285,6885.0,73.71520342612419,148916.3431190924,1594.3933952793618,93.4,1.3401585450903268,77.15432071723058,86.4,50,2.4202874160557535,0.9250535331905781,77.15432071723058,100.0,10.0,0.8333333333333334,2.1149277544116285,0.0,12,100.0,1.0,0.0,100.0,1.0,0.0,100.0,1.0,0.0,11.474589492518135,0.2,8.71490871766731,2.452708535174679,0.4,8.278164052590727,11.924550579074094,0.4,8.386060282681505,100.0,1.0,0.0,100.0,1.0,0.0,100.0,1.0,0.0,100.0,1.0,0.0,100.0,1.0,0.0,100.0,1.0,0.0
329,actuated,13,13,79.45401160528114,26.484670535093713,9000079.454011606,750006.6211676338,7315.0,78.31905781584582,148634.21085923846,1591.3727072723602,93.4,0.9795384203980213,75.69564429678167,86.4,48,1.8129761522101668,0.9250535331905781,75.69564429678167,100.0,9.6,0.7999999999999999,1.4082707081222905,0.0,12,100.0,1.0,0.0,100.0,1.0,0.0,100.0,1.0,0.0,5.914039082822455,0.4,8.758456712774931,0.0,0.0,0.0,2.433692478557532,0.2,8.140791784692555,100.0,1.0,0.0,100.0,1.0,0.0,100.0,1.0,0.0,100.0,1.0,0.0,100.0,1.0,0.0,100.0,1.0,0.0
330,actuated,13,13,625.175226154053,142.08527867137568,7600625.175226157,633385.4312688464,7745.2,81.18658280922432,152230.1940175847,1595.7043398069675,95.4,1.215036054407507,76.30469999348861,87.0,48,2.071247622256476,0.9119496855345912,76.30469999348861,100.0,9.6,0.7999999999999999,1.3970349024515596,0.0,12,100.0,1.0,0.0,100.0,1.0,0.0,100.0,1.0,0.0,5.6007091414585375,0.2,8.324566910695284,0.0,0.0,0.0,10.055690780404802,0.4,8.439851918723434,100.0,1.0,0.0,100.0,1.0,0.0,100.0,1.0,0.0,100.0,1.0,0.0,100.0,1.0,0.0,100.0,1.0,0.0
331,actuated,13,13,292.3447929162481,58.468958583249616,7000292.344792917,583357.6953994097,8175.0,85.8718487394958,153363.3402403869,1610.959456306585,95.2,1.537839670294569,76.44916009690405,86.4,50,2.5174378239981974,0.907563025210084,76.44916009690405,100.0,10.0,0.8333333333333334,1.3908046336378685,0.0,12,100.0,1.0,0.0,100.0,1.0,0.0,100.0,1.0,0.0,0.0,0.2,0.0,5.846467809587921,0.4,8.026736723165959,11.543453353260702,0.4,8.662918880488464,100.0,1.0,0.0,100.0,1.0,0.0,100.0,1.0,0.0,100.0,1.0,0.0,100.0,1.0,0.0,100.0,1.0,0.0
332,actuated,13,13,244.4317571960033,53.13733852087029,7001504.98706508,583458.7489220899,8605.0,91.15466101694915,149128.7575213647,1579.7537873025922,94.4,2.065263683943165,76.50168902516725,86.4,48,3.9566927421708167,0.9152542372881356,76.50168902516725,100.0,9.6,0.7999999999999999,1.4590833002932582,0.0,12,100.0,1.0,0.0,100.0,1.0,0.0,100.0,1.0,0.0,11.46768949851321,0.2,8.720152391025676,0.0,0.0,0.0,6.552578803493816,0.4,8.78884721249342,100.0,1.0,0.0,100.0,1.0,0.0,100.0,1.0,0.0,100.0,1.0,0.0,100.0,1.0,0.0,100.0,1.0,0.0
333,actuated,13,13,45.90409771415578,15.301365904718594,9340077.650989408,778339.8042491173,9041.0,95.77330508474576,149632.8193922098,1585.0934257649346,94.4,1.9161041186739325,75.27897023477294,88.4,47,3.9977897509291465,0.9364406779661016,75.27897023477294,100.0,9.4,0.7833333333333333,0.7023540368335749,0.0,12,100.0,1.0,0.0,100.0,1.0,0.0,100.0,1.0,0.0,3.3476428172753003,0.4,8.428248442002898,0.0,0.0,0.0,0.0,0.0,0.0,100.0,1.0,0.0,100.0,1.0,0.0,100.0,1.0,0.0,100.0,1.0,0.0,100.0,1.0,0.0,100.0,1.0,0.0
334,actuated,13,13,232.35409386829465,72.61065433384208,8800232.354093865,733352.6961744888,9481.0,99.8,151057.34707260196,1590.0773376063362,95.0,1.9487818061904465,76.83102961660666,88.6,47,4.010004154621103,0.9326315789473684,76.83102961660666,100.0,9.4,0.7833333333333333,1.518345686257898,0.0,12,100.0,1.0,0.0,100.0,1.0,0.0,100.0,1.0,0.0,10.666215567380277,0.2,9.375396490749994,0.0,0.0,0.0,11.3061398318996,0.2,8.844751744344782,100.0,1.0,0.0,100.0,1.0,0.0,100.0,1.0,0.0,100.0,1.0,0.0,100.0,1.0,0.0,100.0,1.0,0.0
335,actuated,13,13,297.66488202507696,74.41622050626924,8000297.664882025,666691.472073502,9921.0,103.55949895615866,151803.33939897388,1584.586006252337,95.8,1.9767353132034706,76.54443155823931,88.4,48,3.9912024306689218,0.9227557411273486,76.54443155823931,100.0,9.6,0.7999999999999999,1.4661581226081009,0.0,12,100.0,1.0,0.0,100.0,1.0,0.0,100.0,1.0,0.0,7.50827934850804,0.4,8.523519881255925,0.0,0.0,0.0,11.02489935036374,0.2,9.070377590041286,100.0,1.0,0.0,100.0,1.0,0.0,100.0,1.0,0.0,100.0,1.0,0.0,100.0,1.0,0.0,100.0,1.0,0.0
336,actuated,13,13,303.09988788168596,72.16663997182998,7600559.84599792,633379.9871664933,10362.0,105.95092024539878,153609.74322441223,1570.6517712107589,97.8,1.5276000214186338,76.74061305561015,89.6,49,3.22884250917479,0.9161554192229039,76.74061305561015,100.0,9.8,0.8166666666666668,1.3840061049521477,0.0,12,100.0,1.0,0.0,100.0,1.0,0.0,100.0,1.0,0.0,5.699344103131807,0.4,8.383983909431846,0.0,0.0,0.0,15.188012564190103,0.4,8.224089349993926,100.0,1.0,0.0,100.0,1.0,0.0,100.0,1.0,0.0,100.0,1.0,0.0,100.0,1.0,0.0,100.0,1.0,0.0
337,actuated,13,13,361.981862837835,86.18615781853215,7718726.105485255,643227.1754571046,10812.0,107.47514910536779,157329.20927046824,1563.9086408595251,100.6,0.7890198559870251,75.96516010354814,91.6,48,1.3561841589176995,0.9105367793240556,75.96516010354814,100.0,9.6,0.7999999999999999,0.7008935859659685,0.0,12,100.0,1.0,0.0,100.0,1.0,0.0,100.0,1.0,0.0,0.0,0.0,0.0,11.581921242577664,0.4,8.410723031591623,0.0,0.2,0.0,100.0,1.0,0.0,100.0,1.0,0.0,100.0,1.0,0.0,100.0,1.0,0.0,100.0,1.0,0.0,100.0,1.0,0.0
338,actuated,13,13,204.5736181131838,53.835162661364166,8000653.03868548,666721.0865571233,11276.2,109.90448343079922,159581.96240231505,1555.3797505098935,102.6,0.6961256248932541,83.9249087091298,94.0,52,1.1490646047395012,0.9161793372319688,83.9249087091298,100.0,10.4,0.8666666666666667,1.0386307102696035,0.0,12,100.0,1.0,0.0,100.0,1.0,0.0,100.0,1.0,0.0,8.569853422795859,0.4,8.414634331967681,0.0,0.0,0.0,98.52905108676168,1.0,4.048934191267562,100.0,1.0,0.0,100.0,1.0,0.0,100.0,1.0,0.0,100.0,1.0,0.0,100.0,1.0,0.0,100.0,1.0,0.0
339,actuated,17,13,819.337788308388,170.6953725642475,5788407.235808352,482367.269650696,10088.2,98.71037181996086,160838.60076487067,1573.7632168774037,102.2,0.6537245345917083,79.73246912574685,88.4,53,1.151192920547607,0.8649706457925636,79.73246912574685,100.0,10.6,0.8833333333333334,1.1573711698419782,0.0,12,60.0,0.8,0.0,80.0,1.0,0.0,100.0,1.0,0.0,50.367807293250735,0.6,5.321576324304259,6.421822215711472,0.4,8.566877713799478,100.0,1.0,0.0,100.0,1.0,0.0,100.0,1.0,0.0,100.0,1.0,0.0,60.0,0.8,0.0,100.0,1.0,0.0,100.0,1.0,0.0
