step,control_mode,phase,prev_phase,TotalTravelTime,AvgTravelTime,TotalTravelTime_Raw,AvgTravelTime_Raw,TotalWaitingTime,AvgWaitingTime,TotalCO2,AvgCO2,VehCount,AvgSpeed,AvgOccupancy,QueueLength,Throughput,SpeedStd,HaltRatio,det_occ_mean,det_occ_max,det_veh_sum,det_veh_mean,det_speed_mean,det_speed_min,n_detectors,d0_occ,d0_veh,d0_speed,d1_occ,d1_veh,d1_speed,d2_occ,d2_veh,d2_speed,d3_occ,d3_veh,d3_speed,d4_occ,d4_veh,d4_speed,d5_occ,d5_veh,d5_speed,d6_occ,d6_veh,d6_speed,d7_occ,d7_veh,d7_speed,d8_occ,d8_veh,d8_speed,d9_occ,d9_veh,d9_speed,d10_occ,d10_veh,d10_speed
0,random,0,0,368.2767599373405,41.849631811061414,1660576.3718497453,150961.48834997683,28.6,2.1343283582089554,26958.849337181124,2011.854428147845,13.4,5.343700123476987,1.8737781658087598,5.8,2,5.138846676726737,0.43283582089552236,1.8737781658087598,12.191663851465648,0.4,0.03636363636363637,1.825359743636637,0.0,11,0.0,0.0,0.0,0.0,0.0,0.0,0.0,0.0,0.0,0.0,0.0,0.0,0.0,0.0,0.0,12.191663851465648,0.2,8.202325885812401,0.0,0.0,0.0,8.419895972430709,0.2,11.876631294190606,0.0,0.0,0.0,0.0,0.0,0.0,0.0,0.0,0.0
1,random,0,0,255.93416544790762,29.08342789180768,2200255.934165448,200023.26674231346,58.0,4.142857142857143,29291.119552955042,2092.2228252110745,14.0,5.648342939276664,4.654569710917335,6.2,4,4.894538279352328,0.44285714285714284,4.654569710917335,40.0,1.0,0.09090909090909091,2.0953196233731166,0.0,11,0.0,0.0,0.0,0.0,0.0,0.0,0.0,0.0,0.0,8.395937510190663,0.2,11.910522187501263,0.0,0.0,0.0,0.0,0.0,0.0,0.0,0.0,0.0,0.0,0.0,0.0,2.8043293099000266,0.4,11.137993669603024,40.0,0.4,0.0,0.0,0.0,0.0
2,random,0,0,458.63294249355386,54.59915982066117,1943472.0328683283,176679.27571530256,90.2,5.857142857142857,28805.846302025333,1870.5095001315153,15.4,4.536546549400319,3.1674267767227415,7.4,5,4.542352517716459,0.4805194805194805,3.1674267767227415,20.0,1.0,0.09090909090909091,1.9941274293213802,0.0,11,6.218964848032442,0.4,10.338146151907317,0.0,0.0,0.0,0.0,0.0,0.0,0.0,0.0,0.0,8.622729695917712,0.2,11.597255570627864,0.0,0.0,0.0,0.0,0.0,0.0,0.0,0.0,0.0,0.0,0.0,0.0,20.0,0.4,0.0,0.0,0.0,0.0
3,random,0,0,1032.311108720925,122.89417960963392,1393215.16647293,126655.92422481182,133.2,7.48314606741573,32143.118693426142,1805.7931850239404,17.8,3.8148636735275376,10.331641969866972,10.6,6,4.663219748546964,0.5955056179775281,10.331641969866972,64.99043577383333,1.4,0.12727272727272726,1.640329885189435,0.0,11,0.0,0.0,0.0,0.0,0.0,0.0,0.0,0.0,0.0,0.0,0.0,0.0,0.0,0.0,0.0,64.99043577383333,0.8,6.4931180986905375,8.657625894703358,0.2,11.550510638393249,0.0,0.0,0.0,0.0,0.0,0.0,0.0,0.0,0.0,40.0,0.4,0.0
4,random,0,0,654.983020835025,79.87597815061281,1657137.3117646405,150648.84652405823,187.0,9.257425742574258,36537.09601567066,1808.7671294886463,20.2,2.666987975216725,12.836723346054685,11.6,13,3.5406557719361875,0.5742574257425742,12.836723346054685,100.0,2.6,0.23636363636363636,1.6876635363451236,0.0,11,0.0,0.4,0.0,20.0,0.4,7.251455513246854,0.0,0.0,0.0,0.0,0.0,0.0,0.0,0.0,0.0,100.0,1.0,0.0,0.0,0.0,0.0,1.203956806601525,0.4,11.312843386549506,0.0,0.0,0.0,0.0,0.0,0.0,20.0,0.4,0.0
5,random,3,0,615.9985584906823,68.44428427674248,1054256.0558249992,95841.45962045448,235.0,11.407766990291263,39194.971029981156,1902.668496601027,20.6,3.4026682635851357,9.090909090909092,12.0,5,3.7786958068130523,0.5825242718446602,9.090909090909092,100.0,1.0,0.09090909090909091,0.0,0.0,11,0.0,0.0,0.0,0.0,0.0,0.0,0.0,0.0,0.0,0.0,0.0,0.0,0.0,0.0,0.0,100.0,1.0,0.0,0.0,0.0,0.0,0.0,0.0,0.0,0.0,0.0,0.0,0.0,0.0,0.0,0.0,0.0,0.0
6,random,3,3,423.5654418147366,47.062826868304064,1440620.5557178503,130965.50506525912,288.8,13.247706422018348,41559.41152196968,1906.3950239435635,21.8,3.896420787752065,13.8268815995492,12.2,10,4.063328192193355,0.5596330275229358,13.8268815995492,100.0,2.2,0.2,1.337933526040522,0.0,11,0.0,0.4,0.0,20.0,0.4,6.449866330799333,12.095697595041202,0.2,8.26740245564641,0.0,0.0,0.0,0.0,0.0,0.0,100.0,1.0,0.0,0.0,0.0,0.0,0.0,0.0,0.0,0.0,0.0,0.0,20.0,0.2,0.0,0.0,0.0,0.0
7,random,3,3,692.6399713533958,78.70908765379497,1764326.4065343856,160393.30968494414,351.6,13.734375,45647.12921320975,1783.090984891006,25.6,3.7087038783614523,19.610637354293562,14.4,15,4.4928939524562,0.5625,19.610637354293566,100.0,3.0,0.2727272727272727,2.501326915767241,0.0,11,0.0,0.0,0.0,0.0,0.0,0.0,0.0,0.0,0.0,10.722255169823143,0.2,9.326396212005971,1.6042716421662817,0.4,11.128540920093656,100.0,1.0,0.0,0.0,0.0,0.0,0.0,0.0,0.0,83.39048408523979,1.0,7.0596589413400235,20.0,0.4,0.0,0.0,0.0,0.0
8,random,3,3,1074.7094946893844,134.33868683617305,1657657.4202879933,150696.12911709028,431.8,15.532374100719425,45210.59652276444,1626.2804504591527,27.8,1.7862713238216423,19.698242471079656,18.0,13,2.580589565189183,0.6474820143884892,19.698242471079652,100.0,2.6,0.23636363636363636,0.9582041460770832,0.0,11,0.0,0.0,0.0,0.0,0.0,0.0,0.0,0.0,0.0,0.0,0.0,0.0,0.0,0.0,0.0,100.0,1.0,0.0,16.680667181876174,0.6,10.540245606847915,0.0,0.0,0.0,100.0,1.0,0.0,0.0,0.0,0.0,0.0,0.0,0.0
9,random,3,3,700.8515484616037,92.21730900810574,2470463.2378676487,224587.56707887715,530.2,18.53846153846154,49363.449045651374,1725.9947218759223,28.6,1.4391196363724006,26.991419031825785,20.8,14,1.3251306047445925,0.7272727272727273,26.991419031825785,100.0,3.0,0.2727272727272727,0.3864570794979698,0.0,11,36.90560935008364,0.4,4.251027874477668,0.0,0.0,0.0,0.0,0.0,0.0,0.0,0.0,0.0,0.0,0.0,0.0,100.0,1.0,0.0,0.0,0.0,0.0,0.0,0.0,0.0,100.0,1.0,0.0,0.0,0.0,0.0,60.0,0.6,0.0
10,random,2,3,655.8581051057197,81.98226313821496,2493606.057011267,226691.45972829702,458.8,16.744525547445257,48468.23498409931,1768.9136855510699,27.4,2.898012230595238,24.939931111239172,17.0,16,3.637229614577065,0.6204379562043796,24.939931111239172,100.0,3.2,0.29090909090909095,0.5624269801013221,0.0,11,100.0,1.0,0.0,0.0,0.0,0.0,0.0,0.0,0.0,14.33924222363089,0.2,6.186696781114542,0.0,0.0,0.0,60.0,0.8,0.0,0.0,0.0,0.0,0.0,0.0,0.0,100.0,1.0,0.0,0.0,0.0,0.0,0.0,0.2,0.0
11,random,2,2,723.8494554900833,113.10147742032551,4283368.333604123,389397.1212367385,512.6,19.270676691729324,44188.71249533039,1661.2297930575335,26.6,2.066232819684338,29.1327005836348,17.6,19,3.022656673553803,0.6616541353383458,29.1327005836348,100.0,3.8000000000000003,0.34545454545454546,0.6647433657899258,0.0,11,100.0,1.0,0.0,89.58385234446553,1.0,5.477996940027719,0.0,0.0,0.0,0.0,0.2,0.0,0.0,0.0,0.0,30.87585407551728,0.6,1.8341800836614646,0.0,0.0,0.0,0.0,0.0,0.0,100.0,1.0,0.0,0.0,0.0,0.0,0.0,0.0,0.0
12,random,2,2,420.9395632702291,77.95177097596834,4984472.092773555,453133.82661577774,602.8,22.661654135338345,44107.04989165067,1658.1597703628072,26.6,2.16554633343856,37.58896822765306,19.4,23,3.70332679893367,0.7293233082706767,37.588968227653055,100.0,4.6,0.41818181818181815,1.8083785195165072,0.0,11,100.0,1.0,0.0,100.0,1.0,0.0,94.67967974687667,1.0,4.685307721211201,0.0,0.0,0.0,0.0,0.0,0.0,10.23023476172682,0.4,3.536523280269596,0.0,0.0,0.0,8.568735995580141,0.2,11.670332713200782,100.0,1.0,0.0,0.0,0.0,0.0,0.0,0.0,0.0
13,random,2,2,751.6134005277885,107.3733429325412,3913010.6803795956,355728.24367087235,701.0,25.962962962962962,48013.93775959807,1778.2939910962248,27.0,2.741929436444431,36.36363636363637,20.0,20,3.9673162814386633,0.7407407407407407,36.36363636363637,100.0,4.0,0.36363636363636365,0.0,0.0,11,100.0,1.0,0.0,100.0,1.0,0.0,100.0,1.0,0.0,0.0,0.0,0.0,0.0,0.0,0.0,0.0,0.0,0.0,0.0,0.0,0.0,0.0,0.0,0.0,100.0,1.0,0.0,0.0,0.0,0.0,0.0,0.0,0.0
14,random,2,2,622.4183464581763,81.89715084976004,3200863.5587931536,290987.5962539231,801.0,27.620689655172413,50553.24888318669,1743.2154787305753,29.0,3.2786016801865046,39.66320075117246,20.4,24,4.198606410312624,0.7034482758620689,39.66320075117246,100.0,4.8,0.43636363636363634,1.4263501281660753,0.0,11,100.0,1.0,0.0,100.0,1.0,0.0,100.0,1.0,0.0,0.0,0.0,0.0,0.0,0.0,0.0,0.0,0.0,0.0,29.88925090857947,0.4,5.244419587309607,6.405957354317593,0.4,10.445431822517223,100.0,1.0,0.0,0.0,0.0,0.0,0.0,0.0,0.0
15,random,2,2,756.885952358733,102.28188545388284,3552640.5052267537,322967.3186569776,906.2,28.49685534591195,54887.66193890078,1726.0271049968799,31.8,1.8828152234852666,45.75144213385479,22.6,27,2.43196369541995,0.710691823899371,45.75144213385479,100.0,5.4,0.49090909090909096,0.9708822747487887,0.0,11,100.0,1.0,0.0,100.0,1.0,0.0,100.0,1.0,0.0,3.265863472402657,0.4,10.679705022236677,0.0,0.0,0.0,0.0,0.0,0.0,100.0,1.0,0.0,0.0,0.0,0.0,100.0,1.0,0.0,0.0,0.0,0.0,0.0,0.0,0.0
16,random,2,2,411.62753782123116,66.39153835826309,3876647.411249779,352422.4919317981,1021.2,31.714285714285715,53020.754870882,1646.6072941267703,32.2,1.7249002409271605,47.369538766985734,23.8,27,2.0790036295057948,0.7391304347826086,47.369538766985734,100.0,5.4,0.49090909090909096,1.7557944987595513,0.0,11,100.0,1.0,0.0,100.0,1.0,0.0,100.0,1.0,0.0,11.898380009631637,0.2,8.404505480498257,0.0,0.0,0.0,9.166546427211415,0.2,10.909234005856808,100.0,1.0,0.0,0.0,0.0,0.0,100.0,1.0,0.0,0.0,0.0,0.0,0.0,0.0,0.0
17,random,1,2,780.7561228376646,100.09693882534162,2388298.68054903,217118.06186809365,940.2,28.490909090909092,57731.848661640426,1749.4499594436493,33.0,1.5159302017362775,54.54545454545455,23.8,30,1.4462645793482862,0.7212121212121212,54.54545454545455,100.0,6.3999999999999995,0.5818181818181818,0.0,0.0,11,100.0,1.0,0.0,100.0,1.0,0.0,100.0,1.0,0.0,0.0,0.0,0.0,0.0,0.0,0.0,0.0,0.0,0.0,100.0,1.0,0.0,0.0,0.0,0.0,100.0,1.0,0.0,60.0,0.8,0.0,40.0,0.6,0.0
18,random,1,1,901.9599955306463,118.67894678034821,1857720.5552189122,168883.68683808294,1041.8,31.957055214723926,54203.431056788446,1662.6819342573144,32.6,2.1838713469111513,53.67485985620977,24.4,32,2.9112222590774515,0.7484662576687117,53.67485985620977,100.0,6.4,0.5818181818181819,1.596314893593648,0.0,11,100.0,1.0,0.0,100.0,1.0,0.0,100.0,1.0,0.0,3.2657198247090946,0.4,11.522417360823603,0.0,0.0,0.0,0.0,0.0,0.0,100.0,1.0,0.0,87.15773859359842,1.0,6.037046468706525,100.0,1.0,0.0,0.0,0.0,0.0,0.0,0.0,0.0
19,random,1,1,1281.0243322431256,173.11139624907102,1759775.105575957,159979.55505235973,1169.4,32.483333333333334,58183.42340791017,1616.2062057752826,36.0,1.3773399932601882,64.11444836111478,27.8,36,3.0847477651804285,0.7722222222222223,64.11444836111478,100.0,7.6,0.6909090909090909,0.9946187562819238,0.0,11,100.0,1.0,0.0,100.0,1.0,0.0,100.0,1.0,0.0,0.0,0.0,0.0,0.0,0.0,0.0,5.2589319722625305,0.4,10.940806319101162,100.0,1.0,0.0,100.0,1.0,0.0,100.0,1.0,0.0,60.0,0.6,0.0,40.0,0.6,0.0
20,random,1,1,1011.5733961429936,117.62481350499927,2573488.1942075053,233953.4722006823,1308.8,35.372972972972974,61998.97602018712,1675.6480005455978,37.0,1.2212599139845695,54.54545454545455,28.6,31,0.9972869863703265,0.772972972972973,54.54545454545455,100.0,6.2,0.5636363636363636,0.0,0.0,11,100.0,1.0,0.0,100.0,1.0,0.0,100.0,1.0,0.0,0.0,0.0,0.0,0.0,0.0,0.0,0.0,0.0,0.0,100.0,1.0,0.0,100.0,1.0,0.0,100.0,1.0,0.0,0.0,0.2,0.0,0.0,0.0,0.0
21,random,1,1,874.9209369426784,124.98870527752548,2903535.8186297277,263957.8016936116,1458.2,38.17277486910995,64370.534362373255,1685.0925225752162,38.2,1.0775516959232851,54.54545454545455,31.0,30,1.0216267081347945,0.8115183246073299,54.54545454545455,100.0,6.0,0.5454545454545454,0.0,0.0,11,100.0,1.0,0.0,100.0,1.0,0.0,100.0,1.0,0.0,0.0,0.0,0.0,0.0,0.0,0.0,0.0,0.0,0.0,100.0,1.0,0.0,100.0,1.0,0.0,100.0,1.0,0.0,0.0,0.0,0.0,0.0,0.0,0.0
22,random,1,1,855.1884781214334,147.44628933128163,4462446.527064934,405676.9570059031,1617.2,39.63725490196079,66614.24519948977,1632.7020882227885,40.8,0.9802854163451434,55.19178772838106,33.4,31,1.2111534534150759,0.8186274509803921,55.19178772838106,100.0,6.2,0.5636363636363636,0.5578443179324145,0.0,11,100.0,1.0,0.0,100.0,1.0,0.0,100.0,1.0,0.0,7.109665012191613,0.2,6.13628749725656,0.0,0.0,0.0,0.0,0.0,0.0,100.0,1.0,0.0,100.0,1.0,0.0,100.0,1.0,0.0,0.0,0.0,0.0,0.0,0.0,0.0
23,random,4,1,938.7365895367187,151.40912734463205,5743594.691763443,522144.97197849484,1233.6,30.534653465346533,66801.24557203446,1653.4961775256054,40.4,0.7442459867769847,63.4852574769715,27.4,38,0.8692528531021458,0.6782178217821783,63.4852574769715,100.0,7.6,0.6909090909090909,0.38108329492133836,0.0,11,100.0,1.0,0.0,100.0,1.0,0.0,100.0,1.0,0.0,100.0,1.0,0.0,0.0,0.0,0.0,98.3378322466865,1.0,4.191916244134722,80.0,1.0,0.0,80.0,1.0,0.0,40.0,0.6,0.0,0.0,0.0,0.0,0.0,0.0,0.0
24,random,4,4,506.72953628315656,79.17649004424321,4553067.703142372,413915.24574021564,1163.0,31.09625668449198,68365.54256329298,1827.9556835105077,37.4,1.6050100838649213,52.36158303253676,23.2,34,1.7387447278789108,0.6203208556149733,52.36158303253676,100.0,6.8,0.6181818181818182,0.5933735123853698,0.0,11,100.0,1.0,0.0,100.0,1.0,0.0,100.0,1.0,0.0,100.0,1.0,0.0,0.0,0.0,0.0,100.0,1.0,0.0,19.97825024093686,0.4,2.290863143897194,21.009834060244543,0.6,1.7101003652896758,34.98932905672291,0.8,2.5261451270521986,0.0,0.0,0.0,0.0,0.0,0.0
25,random,4,4,668.115901513873,87.90998704129909,2516254.452514231,228750.404774021,1279.2,36.34090909090909,61616.27116410857,1750.4622489803571,35.2,2.591557688959315,51.94538994093286,24.4,33,2.992203991883548,0.6931818181818182,51.94538994093286,100.0,6.8,0.6181818181818182,1.3513807880764572,0.0,11,100.0,1.0,0.0,100.0,1.0,0.0,100.0,1.0,0.0,100.0,1.0,0.0,0.0,0.0,0.0,100.0,1.0,0.0,0.0,0.0,0.0,3.6729924512076195,0.4,10.315095496155095,7.726296899053864,0.6,4.550093172685935,0.0,0.0,0.0,60.0,0.8,0.0
26,random,4,4,1245.6940987912562,155.71176234890703,2310017.3798277257,210001.5799843387,1401.6,41.22352941176471,53576.58226854228,1575.7818314277142,34.0,2.262244017970352,46.94791617601941,25.4,31,3.3663111458669537,0.7470588235294118,46.94791617601941,100.0,6.200000000000001,0.5636363636363636,2.7386625336896375,0.0,11,100.0,1.0,0.0,100.0,1.0,0.0,100.0,1.0,0.0,100.0,1.0,0.0,5.405282788699424,0.4,10.688541289912356,100.0,1.0,0.0,5.188811297372808,0.4,11.547289678454403,0.0,0.0,0.0,5.832983850141318,0.4,7.889456902219253,0.0,0.0,0.0,0.0,0.0,0.0
27,random,4,4,780.5479147450598,125.8948249588806,3178506.687356613,288955.15339605574,1540.0,44.0,58642.68252649179,1675.5052150426227,35.0,2.191699966938321,50.90909090909091,29.4,27,4.021593697291994,0.84,50.90909090909091,100.0,5.6,0.509090909090909,0.0,0.0,11,100.0,1.0,0.0,100.0,1.0,0.0,100.0,1.0,0.0,100.0,1.0,0.0,0.0,0.0,0.0,100.0,1.0,0.0,0.0,0.0,0.0,0.0,0.0,0.0,0.0,0.0,0.0,60.0,0.6,0.0,0.0,0.0,0.0
28,random,4,4,1333.6776184661858,162.64361200807144,2003162.7940357376,182105.70854870343,1685.2,43.6580310880829,63186.28395472535,1636.9503615213823,38.6,2.586114447778823,51.2455142250622,29.8,30,4.286362544396104,0.772020725388601,51.2455142250622,100.0,6.0,0.5454545454545454,0.6027504478988607,0.0,11,100.0,1.0,0.0,100.0,1.0,0.0,100.0,1.0,0.0,100.0,1.0,0.0,63.70065647568424,0.8,6.630254926887467,100.0,1.0,0.0,0.0,0.0,0.0,0.0,0.0,0.0,0.0,0.0,0.0,0.0,0.2,0.0,0.0,0.0,0.0
29,random,1,4,967.5274993605029,100.78411451671906,301525.2774197419,27411.388856340174,1738.8,44.357142857142854,65708.64391811121,1676.2409162783472,39.2,2.6529861840778906,58.83715856439799,29.4,34,4.128100854618686,0.75,58.83715856439799,100.0,7.0,0.6363636363636364,1.0914629625071859,0.0,11,100.0,1.0,0.0,100.0,1.0,0.0,100.0,1.0,0.0,100.0,1.0,0.0,100.0,1.0,0.0,100.0,1.0,0.0,7.20874420837788,0.4,12.006092587579046,0.0,0.0,0.0,0.0,0.0,0.0,0.0,0.0,0.0,40.0,0.6,0.0
30,random,1,1,839.4757751778752,91.24736686716035,2547605.4596813037,231600.49633466397,1882.0,47.766497461928935,67857.14604951312,1722.2625900891655,39.4,3.2711927619089836,54.54545454545455,30.2,30,4.473218010261542,0.766497461928934,54.54545454545455,100.0,6.0,0.5454545454545454,0.0,0.0,11,100.0,1.0,0.0,100.0,1.0,0.0,100.0,1.0,0.0,100.0,1.0,0.0,100.0,1.0,0.0,100.0,1.0,0.0,0.0,0.0,0.0,0.0,0.0,0.0,0.0,0.0,0.0,0.0,0.0,0.0,0.0,0.0,0.0
31,random,1,1,835.6660161061848,88.90064001129625,1018157.1031190138,92559.73664718308,2035.2,52.184615384615384,64275.51253450722,1648.0900649873647,39.0,3.7620933914529537,54.54545454545455,31.4,30,4.884008733868943,0.8051282051282052,54.54545454545455,100.0,6.0,0.5454545454545454,0.0,0.0,11,100.0,1.0,0.0,100.0,1.0,0.0,100.0,1.0,0.0,100.0,1.0,0.0,100.0,1.0,0.0,100.0,1.0,0.0,0.0,0.0,0.0,0.0,0.0,0.0,0.0,0.0,0.0,0.0,0.0,0.0,0.0,0.0,0.0
32,random,1,1,648.0369163711622,95.29954652517091,2481886.2157601686,225626.0196145608,2199.6,54.71641791044776,65156.5975006928,1620.8108831018108,40.2,3.4791907919267664,62.3294801700333,34.6,34,4.9268290482328405,0.8606965174129353,62.3294801700333,100.0,7.0,0.6363636363636364,0.5936027525320098,0.0,11,100.0,1.0,0.0,100.0,1.0,0.0,100.0,1.0,0.0,100.0,1.0,0.0,100.0,1.0,0.0,100.0,1.0,0.0,0.0,0.0,0.0,0.0,0.0,0.0,65.6242818703663,0.8,6.529630277852108,20.0,0.2,0.0,0.0,0.0,0.0
33,random,1,1,1200.861060766903,162.27852172525715,2458468.0100578554,223497.0918234414,2374.4,54.45871559633027,69669.22289229924,1597.9179562453953,43.6,2.709001380531047,67.33744404420908,36.0,40,4.271222737072902,0.8256880733944955,67.33744404420908,100.0,8.0,0.7272727272727273,1.0441691800020638,0.0,11,100.0,1.0,0.0,100.0,1.0,0.0,100.0,1.0,0.0,100.0,1.0,0.0,100.0,1.0,0.0,100.0,1.0,0.0,0.711884486299823,0.4,11.485860980022702,0.0,0.0,0.0,100.0,1.0,0.0,40.0,0.6,0.0,0.0,0.0,0.0
34,random,1,1,1561.698218208654,200.2177202831608,3821102.57286937,347372.96116994275,2560.6,54.0210970464135,77895.66622859429,1643.3684858353224,47.4,1.2425248376465803,69.8946751841997,39.0,39,2.3416995048388123,0.8227848101265823,69.8946751841997,100.0,8.0,0.7272727272727273,1.028217397935106,0.0,11,100.0,1.0,0.0,100.0,1.0,0.0,100.0,1.0,0.0,100.0,1.0,0.0,100.0,1.0,0.0,100.0,1.0,0.0,0.0,0.0,0.0,8.841427026196698,0.2,11.310391377286166,100.0,1.0,0.0,0.0,0.0,0.0,60.0,0.8,0.0
35,random,2,1,1139.2079367529273,132.46603915731714,1802419.0240463037,163856.27491330032,2173.2,46.83620689655172,79180.27199276931,1706.4713791545112,46.4,1.203214192527355,54.54545454545455,31.6,33,1.0410317972567054,0.6810344827586207,54.54545454545455,100.0,6.6,0.6,0.0,0.0,11,100.0,1.0,0.0,100.0,1.0,0.0,100.0,1.0,0.0,60.0,0.8,0.0,60.0,0.8,0.0,80.0,1.0,0.0,0.0,0.0,0.0,0.0,0.0,0.0,100.0,1.0,0.0,0.0,0.0,0.0,0.0,0.0,0.0
36,random,2,2,836.6455921819252,113.06021515971962,2703179.006808511,245743.546073501,2137.4,49.476851851851855,74456.78743944729,1723.5367462835022,43.2,1.5060043375051342,43.820541919025224,28.2,29,1.4494869896984286,0.6527777777777778,43.820541919025224,100.0,5.8,0.5272727272727272,0.5404000902923655,0.0,11,100.0,1.0,0.0,100.0,1.0,0.0,100.0,1.0,0.0,26.921681475573678,0.6,1.8886510313644147,30.255450226784433,0.6,2.088671575587778,24.84882940691932,0.6,1.9670783862638266,0.0,0.0,0.0,0.0,0.0,0.0,100.0,1.0,0.0,0.0,0.0,0.0,0.0,0.0,0.0
37,random,2,2,485.1848820784691,73.51286092098017,3230947.851088343,293722.53191712213,2278.2,58.11734693877551,65959.1514263334,1682.6314139370766,39.2,2.3049873747918013,39.53564103150174,29.4,27,2.855915679533918,0.75,39.53564103150174,100.0,5.4,0.49090909090909096,1.7145464884297688,0.0,11,100.0,1.0,0.0,100.0,1.0,0.0,100.0,1.0,0.0,0.0,0.0,0.0,12.079547317492825,0.4,3.298943029601522,21.122117376014558,0.8,4.131305070534995,0.0,0.0,0.0,1.6903866530117284,0.2,11.429763272590941,100.0,1.0,0.0,0.0,0.0,0.0,0.0,0.0,0.0
38,random,2,2,688.3013833134445,114.71689721890742,6879785.684036513,625435.0621851375,2431.2,64.65957446808511,61497.36827962231,1635.568305309104,37.6,2.865044151078719,37.21507830577004,32.0,23,4.582462672186123,0.851063829787234,37.21507830577004,100.0,4.6,0.41818181818181815,0.48296144098696847,0.0,11,100.0,1.0,0.0,100.0,1.0,0.0,100.0,1.0,0.0,0.0,0.0,0.0,0.0,0.0,0.0,9.365861363470458,0.4,5.312575850856653,0.0,0.0,0.0,0.0,0.2,0.0,100.0,1.0,0.0,0.0,0.0,0.0,0.0,0.0,0.0
39,random,2,2,659.6275192835475,106.39153536831411,4600969.65014776,418269.96819525096,2591.0,66.43589743589743,64541.00563637068,1654.8975804197612,39.0,1.9502602870725827,44.38851769668583,33.2,23,3.6007120664753898,0.8512820512820513,44.38851769668583,100.0,5.000000000000001,0.45454545454545464,1.098772611342042,0.0,11,100.0,1.0,0.0,100.0,1.0,0.0,100.0,1.0,0.0,8.27369466354412,0.2,12.086498724762462,0.0,0.0,0.0,0.0,0.0,0.0,0.0,0.0,0.0,0.0,0.0,0.0,100.0,1.0,0.0,40.0,0.4,0.0,40.0,0.4,0.0
40,random,2,2,1196.6023635124789,127.29812377792328,1004113.5179369008,91283.0470851728,2751.2,65.5047619047619,70086.95216335077,1668.7369562702563,42.0,1.7096794869414453,43.78246068193345,32.2,27,1.6125392195555837,0.7666666666666667,43.78246068193345,100.0,5.4,0.49090909090909096,0.6769317078467358,0.0,11,100.0,1.0,0.0,100.0,1.0,0.0,100.0,1.0,0.0,0.0,0.0,0.0,0.0,0.0,0.0,0.0,0.0,0.0,41.60706750126792,0.6,7.4462487863140945,0.0,0.0,0.0,100.0,1.0,0.0,20.0,0.4,0.0,20.0,0.4,0.0
41,random,2,2,876.4034640088172,128.88286235423783,2123152.229994611,193013.83909041918,2921.2,67.62037037037037,70642.61465613135,1635.2457096326702,43.2,2.6388207007114204,46.42997746183813,35.8,26,4.064940007151405,0.8287037037037037,46.42997746183813,100.0,5.2,0.4727272727272727,0.49457167094734994,0.0,11,100.0,1.0,0.0,100.0,1.0,0.0,100.0,1.0,0.0,0.0,0.0,0.0,0.0,0.0,0.0,0.0,0.0,0.0,100.0,1.0,0.0,10.729752080219441,0.2,5.440288380420849,100.0,1.0,0.0,0.0,0.0,0.0,0.0,0.0,0.0
42,random,7,2,1424.8346241229215,169.62316953844302,1435620.494009724,130510.95400088398,2869.4,64.62612612612612,76420.08341365562,1721.1730498571087,44.4,2.9934527202706156,53.53447814384894,32.2,31,4.427225308568999,0.7252252252252253,53.53447814384894,100.0,6.2,0.5636363636363636,1.0238363916054123,0.0,11,100.0,1.0,0.0,100.0,1.0,0.0,100.0,1.0,0.0,0.0,0.0,0.0,0.0,0.0,0.0,8.879259582338364,0.2,11.262200307659535,100.0,1.0,0.0,100.0,1.0,0.0,80.0,1.0,0.0,0.0,0.0,0.0,0.0,0.0,0.0
43,random,7,7,658.9083682263622,84.47543182389259,4051645.3915609815,368331.3992328165,2971.4,69.75117370892019,70254.41983809318,1649.1647849317646,42.6,3.526910254390468,50.279166857234465,32.2,30,4.748149604670902,0.755868544600939,50.279166857234465,100.0,6.0,0.5454545454545454,1.1232623808063522,0.0,11,100.0,1.0,0.0,100.0,1.0,0.0,100.0,1.0,0.0,19.259811848345407,0.4,10.464175267677497,0.0,0.0,0.0,0.0,0.0,0.0,100.0,1.0,0.0,100.0,1.0,0.0,33.81102358123371,0.6,1.891710921192378,0.0,0.0,0.0,0.0,0.0,0.0
44,random,7,7,717.3514801728288,99.632150024004,2520163.9348574793,229105.81225977084,3120.8,72.57674418604651,72799.87155614031,1693.020268747449,43.0,1.8471037294171269,46.56808392344115,33.2,27,2.4659842598402864,0.772093023255814,46.56808392344115,100.0,5.4,0.49090909090909096,0.32996495139207965,0.0,11,100.0,1.0,0.0,100.0,1.0,0.0,100.0,1.0,0.0,0.0,0.0,0.0,0.0,0.0,0.0,0.0,0.0,0.0,100.0,1.0,0.0,100.0,1.0,0.0,12.248923157852687,0.4,3.6296144653128763,0.0,0.0,0.0,0.0,0.0,0.0
45,random,7,7,1362.0499080947786,170.25623851184733,1243231.889290215,113021.080844565,3284.4,74.3076923076923,71795.84219534777,1624.3403211617142,44.2,2.086710396751172,50.91447169460832,34.6,29,2.9058775509192687,0.7828054298642534,50.91447169460832,100.0,6.0,0.5454545454545454,0.9839747827669437,0.0,11,100.0,1.0,0.0,100.0,1.0,0.0,100.0,1.0,0.0,0.0,0.0,0.0,0.0,0.0,0.0,0.05918864069144547,0.4,10.82372261043638,100.0,1.0,0.0,100.0,1.0,0.0,0.0,0.0,0.0,60.0,0.6,0.0,0.0,0.0,0.0
46,random,7,7,987.8324762990503,126.64518926910901,2736102.30300344,248736.57300031275,3465.4,74.6853448275862,76590.63749390152,1650.6602908168431,46.4,1.7188996402737533,50.90909090909091,38.0,29,2.7833866705374177,0.8189655172413793,50.90909090909091,100.0,6.0,0.5454545454545454,0.0,0.0,11,100.0,1.0,0.0,100.0,1.0,0.0,100.0,1.0,0.0,0.0,0.0,0.0,0.0,0.0,0.0,0.0,0.0,0.0,100.0,1.0,0.0,100.0,1.0,0.0,0.0,0.0,0.0,0.0,0.2,0.0,60.0,0.8,0.0
47,random,7,7,679.2564764126089,99.8906582959719,2890082.0457136696,262734.7314285154,3661.4,77.57203389830508,75691.43624574668,1603.6321238505652,47.2,2.2532580523070775,46.73766715467164,40.6,29,3.6686314036885506,0.8601694915254238,46.73766715467164,100.0,5.800000000000001,0.5272727272727273,1.9318520806641308,0.0,11,100.0,1.0,0.0,100.0,1.0,0.0,100.0,1.0,0.0,0.0,0.0,0.0,8.010845248500118,0.4,9.932029701392619,0.0,0.0,0.0,100.0,1.0,0.0,100.0,1.0,0.0,6.10349345288796,0.4,11.318343185912822,0.0,0.0,0.0,0.0,0.0,0.0
48,random,4,7,1349.7984999074224,204.51492422839735,4107255.7574240686,373386.8870385517,3556.0,75.0210970464135,76887.31100276415,1622.0951688346868,47.4,2.2153695270826304,38.18181818181818,37.0,23,3.9575167584333597,0.7805907172995781,38.18181818181818,100.0,4.6,0.41818181818181815,0.0,0.0,11,100.0,1.0,0.0,100.0,1.0,0.0,100.0,1.0,0.0,0.0,0.0,0.0,0.0,0.0,0.0,0.0,0.0,0.0,60.0,0.8,0.0,60.0,0.8,0.0,0.0,0.0,0.0,0.0,0.0,0.0,0.0,0.0,0.0
49,random,4,4,409.3204659710657,70.57249413294237,5849541.7906550625,531776.5264231875,3667.0,79.71739130434783,78360.71282867505,1703.4937571451098,46.0,2.5188637918247307,33.08960240821937,35.2,23,3.9753745545554446,0.7652173913043478,33.08960240821937,100.0,4.6,0.41818181818181815,1.4319431397948437,0.0,11,100.0,1.0,0.0,100.0,1.0,0.0,100.0,1.0,0.0,1.9021533565808113,0.4,11.676137645263227,0.0,0.0,0.0,0.0,0.0,0.0,30.79264965370612,0.6,2.053215687914257,31.290823480126164,0.6,2.0220212045657964,0.0,0.0,0.0,0.0,0.0,0.0,0.0,0.0,0.0
50,random,4,4,648.6917109131757,135.14410644024494,4666506.452854663,424227.8593504239,3845.4,86.21973094170404,72835.75034710966,1633.0885728051492,44.6,1.7289157171325138,29.669984386276113,37.0,20,2.690569609991246,0.8295964125560538,29.669984386276113,100.0,4.0,0.36363636363636365,1.3507574879176234,0.0,11,100.0,1.0,0.0,100.0,1.0,0.0,100.0,1.0,0.0,0.0,0.0,0.0,0.0,0.0,0.0,1.4117311141660593,0.4,11.304999788291756,24.958097134871196,0.6,3.5533325788021006,0.0,0.0,0.0,0.0,0.0,0.0,0.0,0.0,0.0,0.0,0.0,0.0
51,random,4,4,1226.5956629201228,180.3817151353122,4721974.540621407,429270.4127837643,4033.0,88.83259911894272,75704.91859871196,1667.5092202359463,45.4,2.5622495963976517,28.054715886214787,38.4,16,3.7742359652670117,0.8458149779735683,28.054715886214787,100.0,3.2,0.29090909090909095,1.0568520650268147,0.0,11,100.0,1.0,0.0,100.0,1.0,0.0,100.0,1.0,0.0,0.0,0.0,0.0,0.0,0.0,0.0,0.0,0.0,0.0,8.601874748362661,0.2,11.625372715294962,0.0,0.0,0.0,0.0,0.0,0.0,0.0,0.0,0.0,0.0,0.0,0.0
52,random,4,4,970.403136362577,121.30039204532213,3000970.403136363,272815.4911942148,4223.6,91.02586206896552,75333.50559406205,1623.5669309065097,46.4,2.8391426854846573,28.909352015852452,38.8,17,4.256233289176918,0.8362068965517241,28.909352015852452,100.0,3.4000000000000004,0.3090909090909091,1.5190130907783184,0.0,11,100.0,1.0,0.0,100.0,1.0,0.0,100.0,1.0,0.0,0.0,0.0,0.0,0.0,0.0,0.0,9.07102674097473,0.2,5.513249404815863,0.0,0.0,0.0,8.931845433402259,0.2,11.195894593745637,0.0,0.0,0.0,0.0,0.0,0.0,0.0,0.0,0.0
53,random,4,4,714.5872826716508,99.24823370439594,3223139.2938293237,293012.66307539307,4421.2,94.06808510638298,76993.19889847793,1638.153168052722,47.0,2.9384705385562637,37.14453864040634,40.4,21,4.51175257352787,0.8595744680851064,37.14453864040634,100.0,4.2,0.38181818181818183,1.05832228382038,0.0,11,100.0,1.0,0.0,100.0,1.0,0.0,100.0,1.0,0.0,0.0,0.0,0.0,0.0,0.0,0.0,100.0,1.0,0.0,0.0,0.0,0.0,0.0,0.0,0.0,8.589925044469737,0.2,11.64154512202418,0.0,0.0,0.0,0.0,0.0,0.0
54,random,2,4,473.74031777341804,76.40972867313194,8313520.491027815,755774.5900934377,4417.8,93.99574468085106,77143.33955010181,1641.3476500021661,47.0,2.768131714589726,32.85967439986859,37.2,21,4.038617190695793,0.7914893617021277,32.85967439986859,100.0,4.2,0.38181818181818183,0.7780885957772985,0.0,11,100.0,1.0,0.0,100.0,1.0,0.0,100.0,1.0,0.0,1.4564183985544332,0.4,8.558974553550284,0.0,0.0,0.0,60.0,0.8,0.0,0.0,0.0,0.0,0.0,0.0,0.0,0.0,0.0,0.0,0.0,0.0,0.0,0.0,0.0,0.0
55,random,2,2,481.11133340577607,80.185222234296,4601331.442027686,418302.85836615326,4582.0,99.17748917748918,77790.16072144549,1683.7697125854002,46.2,2.3161126790303954,27.828116937577803,36.4,17,3.0110309832503273,0.7878787878787878,27.828116937577803,100.0,3.4,0.3090909090909091,1.0269647582180124,0.0,11,100.0,1.0,0.0,100.0,1.0,0.0,100.0,1.0,0.0,0.0,0.0,0.0,6.109286313355824,0.4,11.296612340398136,0.0,0.0,0.0,0.0,0.0,0.0,0.0,0.0,0.0,0.0,0.0,0.0,0.0,0.0,0.0,0.0,0.0,0.0
56,random,2,2,697.1094888257583,102.51610129790564,3801328.962097066,345575.36019064236,4762.2,107.25675675675676,74016.83959176844,1667.0459367515416,44.4,2.7183565107329333,28.670439927557254,36.6,18,3.2618164793847404,0.8243243243243243,28.670439927557254,100.0,3.6,0.32727272727272727,2.1457116641758813,0.0,11,100.0,1.0,0.0,100.0,1.0,0.0,100.0,1.0,0.0,0.0,0.0,0.0,0.0,0.0,0.0,8.47569757340807,0.2,11.798438905340754,0.0,0.0,0.0,6.899141629721726,0.4,11.80438940059394,0.0,0.0,0.0,0.0,0.0,0.0,0.0,0.0,0.0
57,random,2,2,976.463419810894,122.05792747636175,3000976.463419811,272816.0421290737,4946.0,109.91111111111111,77398.49687739596,1719.9665972754656,45.0,3.0224725940600132,27.94089197528964,37.0,16,3.1370137701739567,0.8222222222222222,27.94089197528964,100.0,3.2,0.29090909090909095,0.919576501697234,0.0,11,100.0,1.0,0.0,100.0,1.0,0.0,100.0,1.0,0.0,0.0,0.0,0.0,0.0,0.0,0.0,0.0,0.0,0.0,7.349811728186069,0.2,10.115341518669574,0.0,0.0,0.0,0.0,0.0,0.0,0.0,0.0,0.0,0.0,0.0,0.0
58,random,2,2,982.4847650407495,148.8613280364772,4923364.564371336,447578.59676103055,5133.8,113.07929515418502,71427.08876352853,1573.2838934697913,45.4,3.0299661858302205,29.943953808926008,38.6,19,3.9163295955020025,0.8502202643171806,29.943953808926008,100.0,3.8000000000000007,0.34545454545454546,2.801289747541274,0.0,11,100.0,1.0,0.0,100.0,1.0,0.0,100.0,1.0,0.0,9.109831898358607,0.2,10.977150963457165,9.392337453548407,0.2,10.646976910121579,0.0,0.0,0.0,0.0,0.2,0.0,0.0,0.0,0.0,10.88132254627908,0.2,9.190059349375272,0.0,0.0,0.0,0.0,0.0,0.0
59,random,2,2,863.1078680758994,205.5018733514046,4029069.920622664,366279.08369296946,5217.0,109.60084033613445,72504.17358884659,1523.1969241354325,47.6,1.1338103268768085,27.706829396247795,42.4,17,2.578801734453191,0.8907563025210085,27.706829396247795,100.0,3.4,0.3090909090909091,0.9806476396116739,0.0,11,100.0,1.0,0.0,100.0,1.0,0.0,100.0,1.0,0.0,0.0,0.0,0.0,0.0,0.0,0.0,0.0,0.0,0.0,0.0,0.0,0.0,4.77512335872575,0.4,10.787124035728413,0.0,0.0,0.0,0.0,0.0,0.0,0.0,0.0,0.0
60,random,5,2,1039.1537361288804,167.60544131110973,4006011.463730273,364182.8603391157,2629.4,57.66228070175438,76380.74923629747,1675.0164306205586,45.6,1.1666961210953777,17.129655227488765,32.0,13,2.5209333051421585,0.7017543859649122,17.129655227488765,60.0,2.8000000000000003,0.2545454545454546,1.0788850248875546,0.0,11,40.0,0.6,0.0,60.0,0.8,0.0,40.0,0.6,0.0,0.0,0.0,0.0,0.0,0.0,0.0,8.426207502376428,0.2,11.867735273763099,0.0,0.0,0.0,0.0,0.0,0.0,0.0,0.0,0.0,40.0,0.6,0.0,0.0,0.0,0.0
61,random,5,5,957.4987159288205,119.68733949110256,3000957.4987159288,272814.31806508446,828.2,18.908675799086758,80325.75979640966,1833.9214565390337,43.8,1.1640209927670258,13.177447534540905,20.0,13,0.9630199394797049,0.45662100456621,13.177447534540905,40.989966532869175,2.8000000000000003,0.2545454545454546,0.6711512799314329,0.0,11,40.989966532869175,0.8,2.850275448277994,27.55901827606067,0.6,1.8502624651514756,36.40293807102012,0.8,2.6821261658162925,0.0,0.0,0.0,0.0,0.0,0.0,0.0,0.0,0.0,0.0,0.0,0.0,0.0,0.0,0.0,0.0,0.0,0.0,40.0,0.6,0.0,0.0,0.0,0.0
62,random,5,5,857.190065459779,89.29063181872698,1400857.1900654598,127350.65364231453,382.8,9.428571428571429,79917.05991233657,1968.4004904516396,40.6,2.2477369918119403,6.8866766238598265,11.8,13,1.992618503062047,0.29064039408866993,6.8866766238598265,28.191843270955133,2.6,0.23636363636363636,1.8286234747052552,0.0,11,5.844636038500539,0.6,4.470602393148641,28.191843270955133,0.8,3.575880276281841,20.41961474861978,0.8,4.371230169001324,0.0,0.0,0.0,0.0,0.0,0.0,0.0,0.0,0.0,0.0,0.0,0.0,0.0,0.0,0.0,21.297348804382636,0.4,7.697145383326001,0.0,0.0,0.0,0.0,0.0,0.0
63,random,5,5,368.30692826063967,41.85306002961814,461763.0359920766,41978.45781746151,368.4,10.233333333333333,75516.2675717674,2097.674099215761,36.0,2.4436119380433032,30.8070125390015,12.2,24,1.7963455106048147,0.3388888888888889,30.8070125390015,100.0,5.2,0.4727272727272727,1.9597888392709215,0.0,11,25.41220977915259,0.6,5.819419036995225,20.018339803777963,0.8,5.2682322830464,17.203611383400812,0.8,5.975502027975931,0.0,0.0,0.0,0.0,0.0,0.0,0.0,0.0,0.0,0.0,0.0,0.0,96.24297696268513,1.0,4.494523883962578,100.0,1.0,0.0,40.0,0.4,0.0,40.0,0.6,0.0
64,random,5,5,646.3473930344979,73.44856739028386,1732076.4752303443,157461.49774821312,417.0,12.052023121387283,58299.589914432414,1684.9592460818617,34.6,2.732588824754409,30.761708197477137,14.8,29,2.1306032208954875,0.4277456647398844,30.761708197477137,100.0,5.8,0.5272727272727272,3.241076943980252,0.0,11,24.552775171868007,1.0,7.146742455606681,27.93698966175839,1.0,6.670665174188105,47.80417797167843,1.0,6.636840910820272,0.0,0.0,0.0,0.0,0.0,0.0,11.026527604815328,0.2,9.06903819442937,27.05831976212835,0.4,6.128559648738338,100.0,1.0,0.0,100.0,1.0,0.0,0.0,0.2,0.0,0.0,0.0,0.0
65,random,5,5,984.5386894868585,144.78510139512625,2109262.005902891,191751.09144571738,515.8,14.82183908045977,54909.75296145476,1577.8664644096195,34.8,1.5469322050037266,46.33349673699389,23.6,28,1.8855881781461188,0.6781609195402298,46.33349673699389,100.0,5.6000000000000005,0.509090909090909,1.9115475687383956,0.0,11,0.0,0.2,0.0,100.0,1.0,0.0,100.0,1.0,0.0,0.1307744432074287,0.2,11.1736462908797,9.53768966372536,0.2,9.853376965242651,0.0,0.0,0.0,100.0,1.0,0.0,100.0,1.0,0.0,100.0,1.0,0.0,0.0,0.0,0.0,0.0,0.0,0.0
66,random,5,5,686.8711062337887,107.32361034902948,3949965.323338311,359087.7566671192,644.2,18.405714285714286,57915.6017076839,1654.731477362397,35.0,1.1286644483187196,47.462058618751826,26.8,30,1.2841910777835153,0.7657142857142857,47.462058618751826,100.0,6.0,0.5454545454545454,0.17198221968472385,0.0,11,22.082644806270082,0.6,1.8918044165319623,100.0,1.0,0.0,100.0,1.0,0.0,0.0,0.2,0.0,0.0,0.2,0.0,0.0,0.0,0.0,100.0,1.0,0.0,100.0,1.0,0.0,100.0,1.0,0.0,0.0,0.0,0.0,0.0,0.0,0.0
67,random,2,5,1171.0489731920695,162.64569072112076,2934575.8919130983,266779.6265375544,651.4,17.895604395604394,61912.858967454034,1700.9027188860998,36.4,1.4751292397703677,51.137545264978456,25.0,29,1.7829056724730596,0.6868131868131868,51.137545264978456,100.0,5.800000000000001,0.5272727272727273,1.1687579593691115,0.0,11,48.50667444223063,0.6,5.716705215130229,100.0,1.0,0.0,100.0,1.0,0.0,0.0,0.0,0.0,0.0,0.0,0.0,14.006323472532358,0.2,7.1396323379299975,100.0,1.0,0.0,100.0,1.0,0.0,100.0,1.0,0.0,0.0,0.0,0.0,0.0,0.0,0.0
68,random,2,2,1189.1024466232352,138.26772635153898,2006213.5291400128,182383.04810363753,762.6,22.429411764705883,58339.745433519165,1715.87486569174,34.0,2.3803053477143403,55.286515241534225,24.8,31,3.6300844789325883,0.7294117647058823,55.286515241534225,100.0,6.2,0.5636363636363636,1.1152207712050524,0.0,11,100.0,1.0,0.0,100.0,1.0,0.0,100.0,1.0,0.0,8.151667656876498,0.2,12.267428483255577,0.0,0.0,0.0,0.0,0.0,0.0,100.0,1.0,0.0,100.0,1.0,0.0,100.0,1.0,0.0,0.0,0.0,0.0,0.0,0.0,0.0
69,random,2,2,982.4144784567598,122.80180980709497,2221926.957208925,201993.3597462659,883.8,25.99411764705882,56991.53571554392,1676.2216386924683,34.0,2.3297247299036354,54.54545454545455,26.4,30,3.6918743448189133,0.7764705882352941,54.54545454545455,100.0,6.0,0.5454545454545454,0.0,0.0,11,100.0,1.0,0.0,100.0,1.0,0.0,100.0,1.0,0.0,0.0,0.0,0.0,0.0,0.0,0.0,0.0,0.0,0.0,100.0,1.0,0.0,100.0,1.0,0.0,100.0,1.0,0.0,0.0,0.0,0.0,0.0,0.0,0.0
70,random,2,2,668.411866927885,83.55148336598562,3582250.696887836,325659.15426253056,1018.0,29.421965317919074,57624.689917969015,1665.4534658372547,34.6,3.0271972502535025,54.54545454545455,27.4,30,4.066532179866427,0.791907514450867,54.54545454545455,100.0,6.0,0.5454545454545454,0.0,0.0,11,100.0,1.0,0.0,100.0,1.0,0.0,100.0,1.0,0.0,0.0,0.0,0.0,0.0,0.0,0.0,0.0,0.0,0.0,100.0,1.0,0.0,100.0,1.0,0.0,100.0,1.0,0.0,0.0,0.0,0.0,0.0,0.0,0.0
71,random,2,2,1157.6884408099525,175.40733951665948,3780960.6009149565,343723.6909922688,1160.2,30.213541666666668,62673.77096009596,1632.129452085832,38.4,2.5018142062200934,55.33545838127411,30.4,31,4.198130916802396,0.7916666666666666,55.33545838127411,100.0,6.2,0.5636363636363636,1.0461294534530556,0.0,11,100.0,1.0,0.0,100.0,1.0,0.0,100.0,1.0,0.0,8.690042194015177,0.2,11.507423987983612,0.0,0.0,0.0,0.0,0.0,0.0,100.0,1.0,0.0,100.0,1.0,0.0,100.0,1.0,0.0,0.0,0.0,0.0,0.0,0.0,0.0
72,random,2,2,674.9275168447259,96.4182166921037,4406627.6836549975,400602.51669590885,1314.0,34.578947368421055,64436.65943296321,1695.7015640253476,38.0,2.5032563633060065,54.54545454545455,31.0,30,4.036662840342645,0.8157894736842105,54.54545454545455,100.0,6.0,0.5454545454545454,0.0,0.0,11,100.0,1.0,0.0,100.0,1.0,0.0,100.0,1.0,0.0,0.0,0.0,0.0,0.0,0.0,0.0,0.0,0.0,0.0,100.0,1.0,0.0,100.0,1.0,0.0,100.0,1.0,0.0,0.0,0.0,0.0,0.0,0.0,0.0
73,random,0,2,823.9446495992272,117.70637851417531,3242218.0146182803,294747.0922380255,1090.6,29.475675675675674,63065.513458973495,1704.4733367290135,37.0,2.4864748327258686,48.090782402520475,26.6,29,3.773724493882974,0.7189189189189189,48.090782402520475,100.0,5.8,0.5272727272727272,1.0102574397408322,0.0,11,100.0,1.0,0.0,100.0,1.0,0.0,100.0,1.0,0.0,0.0,0.0,0.0,0.0,0.0,0.0,8.998606427725235,0.2,11.112831837149153,60.0,0.8,0.0,60.0,0.8,0.0,100.0,1.0,0.0,0.0,0.0,0.0,0.0,0.0,0.0
74,random,0,0,573.3197785588652,84.31173214100959,4508405.575516945,409855.05231972225,1116.2,31.178770949720672,61520.00112571594,1718.4357856345234,35.8,2.1710732016060064,42.54702610619606,24.4,26,2.7002899159368248,0.6815642458100558,42.54702610619606,100.0,5.2,0.4727272727272727,0.3487559958805218,0.0,11,100.0,1.0,0.0,100.0,1.0,0.0,100.0,1.0,0.0,0.0,0.0,0.0,0.0,0.0,0.0,0.0,0.0,0.0,33.967376048232154,0.6,1.9026497999274903,34.049911119924445,0.6,1.9336661547582499,100.0,1.0,0.0,0.0,0.0,0.0,0.0,0.0,0.0
75,random,0,0,700.2900016530288,109.42031275828573,3617603.6316410652,328873.057421915,1242.2,35.90173410404624,57587.70763930504,1664.3846138527467,34.6,2.90862703492287,42.104699504833015,26.4,28,4.060732936072858,0.7630057803468208,42.10469950483302,100.0,5.6,0.509090909090909,2.502894195402865,0.0,11,100.0,1.0,0.0,100.0,1.0,0.0,100.0,1.0,0.0,7.352873820643708,0.4,11.581536653172225,0.0,0.0,0.0,11.635006009764766,0.2,8.59475275870715,17.51687020512577,0.4,4.193259529569078,26.64694451762898,0.6,3.1622872079830615,100.0,1.0,0.0,0.0,0.0,0.0,0.0,0.0,0.0
76,random,0,0,621.4903887923145,97.10787324879914,4146055.1581370533,376914.10528518667,1376.0,41.44578313253012,56563.78342456619,1703.728416402596,33.2,3.255171861032634,36.36363636363637,27.6,20,4.539735727688903,0.8313253012048193,36.36363636363637,100.0,4.0,0.36363636363636365,0.0,0.0,11,100.0,1.0,0.0,100.0,1.0,0.0,100.0,1.0,0.0,0.0,0.0,0.0,0.0,0.0,0.0,0.0,0.0,0.0,0.0,0.0,0.0,0.0,0.0,0.0,100.0,1.0,0.0,0.0,0.0,0.0,0.0,0.0,0.0
77,random,0,0,1242.5957281086023,144.4878753614654,2201520.9680504138,200138.26982276488,1511.0,41.74033149171271,63410.24578572613,1751.6642482244788,36.2,3.1226709455751998,37.335354187165635,27.4,24,4.078527225066738,0.7569060773480663,37.33535418716563,100.0,4.8,0.43636363636363634,2.09160276697102,0.0,11,100.0,1.0,0.0,100.0,1.0,0.0,100.0,1.0,0.0,6.6679086093051865,0.4,11.858534134924417,0.0,0.0,0.0,0.0,0.0,0.0,4.020987449516724,0.4,11.149096301756805,0.0,0.0,0.0,100.0,1.0,0.0,0.0,0.0,0.0,0.0,0.0,0.0
78,random,0,0,973.3771822741006,128.0759450360659,2267202.077802474,206109.27980022493,1650.0,44.5945945945946,61242.16774482977,1655.1937228332372,37.0,1.6919257753447947,36.36363636363637,29.0,20,2.3118421263168294,0.7837837837837838,36.36363636363637,100.0,4.0,0.36363636363636365,0.0,0.0,11,100.0,1.0,0.0,100.0,1.0,0.0,100.0,1.0,0.0,0.0,0.0,0.0,0.0,0.0,0.0,0.0,0.0,0.0,0.0,0.0,0.0,0.0,0.0,0.0,100.0,1.0,0.0,0.0,0.0,0.0,0.0,0.0,0.0
79,random,2,0,447.8602841942232,63.98004059917474,3740076.296778661,340006.9360707874,1752.6,47.11290322580645,63840.93747462245,1716.1542331887756,37.2,2.1761521382829514,37.15136033840178,28.4,21,2.38217308097408,0.7634408602150538,37.15136033840178,100.0,4.2,0.38181818181818183,1.0491572015919082,0.0,11,100.0,1.0,0.0,100.0,1.0,0.0,100.0,1.0,0.0,0.0,0.0,0.0,0.0,0.0,0.0,0.0,0.0,0.0,0.0,0.0,0.0,8.664963722419543,0.2,11.54072921751099,100.0,1.0,0.0,0.0,0.0,0.0,0.0,0.0,0.0
80,random,2,2,556.115170448727,92.6858617414545,3989659.0348885595,362696.27589895995,1895.6,49.88421052631579,62868.199542870556,1654.4263037597516,38.0,2.7108695853214986,37.17952754581161,30.8,21,3.439800718589697,0.8105263157894737,37.17952754581161,100.0,4.2,0.38181818181818183,1.012936895320216,0.0,11,100.0,1.0,0.0,100.0,1.0,0.0,100.0,1.0,0.0,0.0,0.0,0.0,0.0,0.0,0.0,8.974803003927718,0.2,11.142305848522376,0.0,0.0,0.0,0.0,0.0,0.0,100.0,1.0,0.0,0.0,0.0,0.0,0.0,0.0,0.0
81,random,2,2,849.4270207114317,124.91573833991643,4768306.980021697,433482.4527292451,2050.0,53.94736842105263,65289.67895799254,1718.1494462629614,38.0,2.750072246630106,37.69224805970442,31.2,23,3.770191267664228,0.8210526315789474,37.69224805970442,100.0,4.6,0.41818181818181815,2.0922193046235686,0.0,11,100.0,1.0,0.0,100.0,1.0,0.0,100.0,1.0,0.0,5.797282227239293,0.4,11.673260374553506,8.817446429509346,0.2,11.341151976305751,0.0,0.0,0.0,0.0,0.0,0.0,0.0,0.0,0.0,100.0,1.0,0.0,0.0,0.0,0.0,0.0,0.0,0.0
82,random,2,2,904.6840293442683,122.25459856003626,3201572.492118798,291052.04473807255,2205.0,57.421875,63161.90799817208,1644.8413541190646,38.4,2.939958350486055,38.08364986914367,31.4,23,4.0472433074508025,0.8177083333333334,38.08364986914367,100.0,4.6,0.41818181818181815,1.7292196599043501,0.0,11,100.0,1.0,0.0,100.0,1.0,0.0,100.0,1.0,0.0,0.0,0.0,0.0,0.0,0.0,0.0,0.0,0.0,0.0,7.532892236604312,0.4,10.239669615601636,11.38725632397609,0.2,8.781746643346217,100.0,1.0,0.0,0.0,0.0,0.0,0.0,0.0,0.0
83,random,2,2,1208.241987051001,183.06696773500016,3510432.3077533916,319130.20979576284,2365.2,57.130434782608695,69254.68476662833,1672.8184726238726,41.4,1.5364235604649519,36.36363636363637,33.6,20,2.428748374763859,0.8115942028985508,36.36363636363637,100.0,4.0,0.36363636363636365,0.0,0.0,11,100.0,1.0,0.0,100.0,1.0,0.0,100.0,1.0,0.0,0.0,0.0,0.0,0.0,0.0,0.0,0.0,0.0,0.0,0.0,0.0,0.0,0.0,0.0,0.0,100.0,1.0,0.0,0.0,0.0,0.0,0.0,0.0,0.0
84,random,2,2,858.4526573083152,134.13322770442426,3572124.093989526,324738.5539990478,2534.8,60.352380952380955,68816.45185491235,1638.4869489264843,42.0,1.9811531386570167,37.12643202989077,34.6,21,3.0715951822544985,0.8238095238095238,37.12643202989077,100.0,4.2,0.38181818181818183,1.0834438599394163,0.0,11,100.0,1.0,0.0,100.0,1.0,0.0,100.0,1.0,0.0,0.0,0.0,0.0,0.0,0.0,0.0,8.390752328798499,0.2,11.917882459333578,0.0,0.0,0.0,0.0,0.0,0.0,100.0,1.0,0.0,0.0,0.0,0.0,0.0,0.0,0.0
85,random,3,2,755.872497989928,114.52613605908,4584923.76246392,416811.2511330836,2626.4,65.66,66120.37178293352,1653.0092945733381,40.0,2.6517821001840693,37.15654082469055,32.8,21,3.852571105320512,0.82,37.15654082469055,100.0,4.2,0.38181818181818183,1.0423024734820507,0.0,11,100.0,1.0,0.0,100.0,1.0,0.0,100.0,1.0,0.0,8.7219490715961,0.2,11.465327208302558,0.0,0.0,0.0,0.0,0.0,0.0,0.0,0.0,0.0,0.0,0.0,0.0,100.0,1.0,0.0,0.0,0.0,0.0,0.0,0.0,0.0
86,random,3,3,334.5620314025117,55.760338567085284,4800745.012287718,436431.3647534289,2782.0,70.60913705583756,63841.098061053606,1620.3324380978072,39.4,3.5985691469218146,37.308075371158175,32.8,21,4.8286202795229896,0.8324873096446701,37.308075371158175,100.0,4.2,0.38181818181818183,0.8750658056366344,0.0,11,100.0,1.0,0.0,100.0,1.0,0.0,100.0,1.0,0.0,0.0,0.0,0.0,0.0,0.0,0.0,10.388829082739903,0.2,9.625723862002978,0.0,0.0,0.0,0.0,0.0,0.0,100.0,1.0,0.0,0.0,0.0,0.0,0.0,0.0,0.0
87,random,3,3,1486.4800206274274,218.6000030334452,2655812.53597178,241437.5032701618,2949.4,68.91121495327103,68887.48038890454,1609.5205698342181,42.8,3.290015349182161,37.682275795706865,35.2,24,5.187057807675441,0.822429906542056,37.682275795706865,100.0,4.8,0.43636363636363634,2.045964695394717,0.0,11,100.0,1.0,0.0,100.0,1.0,0.0,100.0,1.0,0.0,0.0,0.0,0.0,8.528498556408977,0.4,11.203130618948492,0.0,0.0,0.0,5.9765351963665125,0.4,11.302481030393396,0.0,0.0,0.0,100.0,1.0,0.0,0.0,0.0,0.0,0.0,0.0,0.0
88,random,3,3,1022.5143580900998,131.09158437052562,3482151.5974618844,316559.2361328986,3128.0,72.4074074074074,72620.20944589414,1681.0233668031053,43.2,3.2988987507202796,36.36363636363637,36.2,20,5.008844194743423,0.8379629629629629,36.36363636363637,100.0,4.0,0.36363636363636365,0.0,0.0,11,100.0,1.0,0.0,100.0,1.0,0.0,100.0,1.0,0.0,0.0,0.0,0.0,0.0,0.0,0.0,0.0,0.0,0.0,0.0,0.0,0.0,0.0,0.0,0.0,100.0,1.0,0.0,0.0,0.0,0.0,0.0,0.0,0.0
89,random,3,3,774.7400465715239,99.32564699634922,3200774.740046571,290979.5218224155,3308.0,73.83928571428571,77410.2678121509,1727.9077636640825,44.8,2.29972807279771,37.14453417247011,36.4,21,3.404638345086527,0.8125,37.14453417247011,100.0,4.2,0.38181818181818183,1.058328339051199,0.0,11,100.0,1.0,0.0,100.0,1.0,0.0,100.0,1.0,0.0,0.0,0.0,0.0,0.0,0.0,0.0,0.0,0.0,0.0,8.589875897171169,0.2,11.64161172956319,0.0,0.0,0.0,100.0,1.0,0.0,0.0,0.0,0.0,0.0,0.0,0.0
90,random,3,3,1047.065331161894,158.64626229725667,3374054.262044846,306732.2056404406,3492.0,74.61538461538461,73218.60492220454,1564.5001051753106,46.8,1.8975150333351238,41.308693524020285,38.2,25,2.605442819657368,0.8162393162393162,41.308693524020285,100.0,5.0,0.45454545454545453,1.5506663602674728,0.0,11,100.0,1.0,0.0,100.0,1.0,0.0,100.0,1.0,0.0,0.0,0.0,0.0,0.0,0.0,0.0,48.65964520203988,0.6,5.7515657138819,0.0,0.0,0.0,5.735983562183264,0.4,11.305764249060303,100.0,1.0,0.0,0.0,0.0,0.0,0.0,0.0,0.0
91,random,6,3,1028.720967605106,183.70017278662607,5310425.702650193,482765.97296819935,3638.4,76.75949367088607,76170.02259498739,1606.9625020039534,47.4,1.5054526268407482,44.28693994489922,39.4,27,2.3940764086668955,0.8312236286919831,44.28693994489922,100.0,5.4,0.49090909090909096,0.9554373607589537,0.0,11,100.0,1.0,0.0,100.0,1.0,0.0,100.0,1.0,0.0,7.156339393891358,0.4,10.509810968348491,0.0,0.0,0.0,80.0,1.0,0.0,0.0,0.0,0.0,0.0,0.0,0.0,100.0,1.0,0.0,0.0,0.0,0.0,0.0,0.0,0.0
92,random,6,6,727.6388511631027,145.52777023262053,5071679.887464312,461061.8079513011,3831.0,81.51063829787235,78410.68296234094,1668.3124034540626,47.0,1.733631411185232,37.18558811530288,40.0,21,3.052337212134014,0.851063829787234,37.18558811530288,100.0,4.2,0.38181818181818183,1.0054681181907699,0.0,11,100.0,1.0,0.0,100.0,1.0,0.0,100.0,1.0,0.0,0.0,0.0,0.0,9.041469268331639,0.2,11.06014930009847,0.0,0.0,0.0,0.0,0.0,0.0,0.0,0.0,0.0,100.0,1.0,0.0,0.0,0.0,0.0,0.0,0.0,0.0
93,random,6,6,838.4107600144664,190.5479000032878,5359834.590236618,487257.69002151076,4033.4,84.73529411764706,74643.91709889997,1568.149518884453,47.6,1.3404869481732897,37.37156117643053,41.8,21,2.4007616084979095,0.8781512605042017,37.37156117643053,100.0,4.2,0.38181818181818183,0.8199483438657111,0.0,11,100.0,1.0,0.0,100.0,1.0,0.0,100.0,1.0,0.0,0.0,0.0,0.0,0.0,0.0,0.0,0.0,0.0,0.0,11.087172940735854,0.2,9.019431782522823,0.0,0.0,0.0,100.0,1.0,0.0,0.0,0.0,0.0,0.0,0.0,0.0
94,random,6,6,891.6352534775355,178.3270506955071,5956055.524342671,541459.593122061,4245.2,85.58870967741936,78089.3107908539,1574.3812659446348,49.6,1.2243764748634507,38.18181818181818,43.2,24,2.5939882693267133,0.8709677419354839,38.18181818181818,100.0,4.8,0.43636363636363634,0.5196143800968959,0.0,11,100.0,1.0,0.0,100.0,1.0,0.0,100.0,1.0,0.0,0.0,0.0,0.0,0.0,0.0,0.0,0.0,0.0,0.0,0.0,0.4,0.0,20.0,0.4,5.715758181065855,100.0,1.0,0.0,0.0,0.0,0.0,0.0,0.0,0.0
95,random,6,6,1013.3691222375337,180.95877182813103,6172615.602553191,561146.872959381,4467.0,87.24609375,82136.46962652294,1604.2279223930261,51.2,1.1275261864204753,36.63668274638997,45.4,22,2.472142121490872,0.88671875,36.63668274638997,100.0,4.4,0.4,1.057378945338794,0.0,11,100.0,1.0,0.0,100.0,1.0,0.0,100.0,1.0,0.0,0.0,0.0,0.0,0.0,0.0,0.0,3.0035102102897326,0.4,11.631168398726734,0.0,0.0,0.0,0.0,0.0,0.0,100.0,1.0,0.0,0.0,0.0,0.0,0.0,0.0,0.0
96,random,6,6,820.5137462139753,141.4678872782716,4407842.978707915,400712.9980643559,4695.6,88.26315789473684,86320.5468752253,1622.5666705869414,53.2,0.8804744031292867,36.36363636363637,47.0,20,1.0620206381278197,0.8834586466165414,36.36363636363637,100.0,4.0,0.36363636363636365,0.0,0.0,11,100.0,1.0,0.0,100.0,1.0,0.0,100.0,1.0,0.0,0.0,0.0,0.0,0.0,0.0,0.0,0.0,0.0,0.0,0.0,0.0,0.0,0.0,0.0,0.0,100.0,1.0,0.0,0.0,0.0,0.0,0.0,0.0,0.0
97,random,4,6,1269.3918051040796,176.3044173755666,3970054.99711947,360914.09064722457,4284.8,79.64312267657992,87794.23438996958,1631.863092750364,53.8,1.1913801204590981,34.55113493651259,41.2,25,1.4525346787673097,0.7657992565055762,34.55113493651259,100.0,5.0,0.45454545454545453,1.3853190943463232,0.0,11,100.0,1.0,0.0,100.0,1.0,0.0,100.0,1.0,0.0,0.0,0.4,0.0,20.0,0.4,5.778452296135575,0.0,0.0,0.0,0.0,0.0,0.0,0.06248430163850571,0.4,9.460057741673978,60.0,0.8,0.0,0.0,0.0,0.0,0.0,0.0,0.0
98,random,4,4,546.1189630616154,78.01699472308792,4291587.157988263,390144.28708984214,4035.8,78.82421875,87813.41844818827,1715.1058290661772,51.2,1.6467484999286441,29.99675581338455,38.0,18,1.6344685368996876,0.7421875,29.99675581338455,100.0,3.6,0.32727272727272727,0.19315639360705242,0.0,11,100.0,1.0,0.0,100.0,1.0,0.0,100.0,1.0,0.0,0.0,0.0,0.0,0.0,0.0,0.0,0.0,0.0,0.0,0.0,0.0,0.0,0.0,0.0,0.0,29.96431394723004,0.6,2.1247203296775767,0.0,0.0,0.0,0.0,0.0,0.0
99,random,4,4,716.5402846851281,115.57101365889163,3597692.0652426733,327062.9150220612,4150.8,82.35714285714286,84578.82749934212,1678.1513392726613,50.4,2.207985752873752,38.13487314768302,37.4,26,2.623920875604837,0.7420634920634921,38.13487314768302,100.0,5.2,0.4727272727272727,1.8805547768263209,0.0,11,100.0,1.0,0.0,100.0,1.0,0.0,100.0,1.0,0.0,0.0,0.0,0.0,86.63163652984167,1.0,6.183540687352022,5.195784865429687,0.4,10.732580282117247,0.0,0.0,0.0,0.0,0.0,0.0,27.656183229241833,0.8,3.7699815756202617,0.0,0.0,0.0,0.0,0.0,0.0
100,random,4,4,874.2212953990822,132.457772030164,4088024.8589658826,371638.623542353,4343.2,86.864,81286.56720734535,1625.7313441469068,50.0,2.730096204986628,43.11757343715478,39.2,25,3.897591675749245,0.784,43.11757343715478,100.0,5.0,0.45454545454545453,1.8312284050420962,0.0,11,100.0,1.0,0.0,100.0,1.0,0.0,100.0,1.0,0.0,17.790879207523176,0.2,4.397153040486764,100.0,1.0,0.0,0.0,0.0,0.0,9.307148029390646,0.2,10.744429946124663,0.0,0.0,0.0,47.19528057178877,0.6,5.00192946885163,0.0,0.0,0.0,0.0,0.0,0.0
101,random,4,4,1840.2704265231691,270.62800390046607,2907224.6637837617,264293.1512530692,4548.2,86.79770992366412,81148.11160494688,1548.628084063872,52.4,1.6229662658437325,55.60381387752386,43.2,31,3.3648971958901166,0.8244274809160306,55.60381387752386,100.0,6.2,0.5636363636363636,0.7808749410050158,0.0,11,100.0,1.0,0.0,100.0,1.0,0.0,100.0,1.0,0.0,100.0,1.0,0.0,100.0,1.0,0.0,0.0,0.0,0.0,11.641952652762484,0.2,8.589624351055173,0.0,0.0,0.0,100.0,1.0,0.0,0.0,0.0,0.0,0.0,0.0,0.0
102,random,4,4,868.7294821256266,180.98530877617222,5429317.564588714,493574.32405351946,4774.4,87.76470588235294,85022.35136242554,1562.9108706328225,54.4,0.5485152481424422,58.81198201267642,47.4,33,0.8227879654358363,0.8713235294117647,58.81198201267642,100.0,6.6,0.6,0.5383670504885484,0.0,11,100.0,1.0,0.0,100.0,1.0,0.0,100.0,1.0,0.0,100.0,1.0,0.0,100.0,1.0,0.0,46.931802139440606,0.6,5.9220375553740325,0.0,0.0,0.0,0.0,0.0,0.0,100.0,1.0,0.0,0.0,0.0,0.0,0.0,0.0,0.0
103,random,1,4,1277.9454574719725,172.69533209080709,5184535.692075129,471321.42655228445,4218.2,75.325,91265.72988630146,1629.7451765410974,56.0,0.9829437616506089,74.54545454545455,47.0,41,1.4183793237115283,0.8392857142857143,74.54545454545455,100.0,8.6,0.7818181818181817,0.0,0.0,11,100.0,1.0,0.0,100.0,1.0,0.0,100.0,1.0,0.0,100.0,1.0,0.0,100.0,1.0,0.0,100.0,1.0,0.0,0.0,0.0,0.0,0.0,0.0,0.0,100.0,1.0,0.0,60.0,0.8,0.0,60.0,0.8,0.0
104,random,1,1,1236.3329785298881,154.54162231623602,5637468.174222755,512497.1067475232,4373.0,76.71929824561404,93666.96969493308,1643.2801700865455,57.0,1.6068000112357463,74.54545454545455,47.4,40,2.20376406693563,0.8315789473684211,74.54545454545455,100.0,8.4,0.7636363636363637,0.0,0.0,11,100.0,1.0,0.0,100.0,1.0,0.0,100.0,1.0,0.0,100.0,1.0,0.0,100.0,1.0,0.0,100.0,1.0,0.0,0.0,0.0,0.0,0.0,0.0,0.0,100.0,1.0,0.0,60.0,0.6,0.0,60.0,0.8,0.0
105,random,1,1,900.2717985533634,112.53397481917042,2702573.6188070388,245688.5108006399,4611.0,80.05208333333333,94229.97737066026,1635.9371071295182,57.6,1.5480891514535966,75.31642944337405,48.6,41,2.1093250774677355,0.84375,75.31642944337405,100.0,8.6,0.7818181818181817,1.071949661684087,0.0,11,100.0,1.0,0.0,100.0,1.0,0.0,100.0,1.0,0.0,100.0,1.0,0.0,100.0,1.0,0.0,100.0,1.0,0.0,0.0,0.0,0.0,8.480723877114542,0.2,11.791446278524955,100.0,1.0,0.0,60.0,0.8,0.0,60.0,0.6,0.0
106,random,1,1,411.2457372396487,70.90443745511185,3937338.123988113,357939.82945346483,4856.8,83.16438356164383,90992.52774719009,1558.0912285477755,58.4,0.9442113528284867,74.54545454545455,51.0,41,0.9823111142325681,0.8732876712328768,74.54545454545455,100.0,8.6,0.7818181818181817,0.0,0.0,11,100.0,1.0,0.0,100.0,1.0,0.0,100.0,1.0,0.0,100.0,1.0,0.0,100.0,1.0,0.0,100.0,1.0,0.0,0.0,0.0,0.0,0.0,0.0,0.0,100.0,1.0,0.0,60.0,0.8,0.0,60.0,0.8,0.0
107,random,1,1,1046.3707381767722,186.85191753156647,9917275.376731101,901570.4887937364,5118.8,83.36807817589576,96045.96528355413,1564.2665355627707,61.4,0.796006230110184,69.0909090909091,54.6,39,1.0306052354551245,0.8892508143322475,69.0909090909091,100.0,8.0,0.7272727272727273,0.0,0.0,11,100.0,1.0,0.0,100.0,1.0,0.0,100.0,1.0,0.0,100.0,1.0,0.0,100.0,1.0,0.0,100.0,1.0,0.0,0.0,0.0,0.0,0.0,0.0,0.0,100.0,1.0,0.0,60.0,0.8,0.0,0.0,0.2,0.0
108,random,1,1,1800.9540804154162,257.27915434505945,9009325.55428508,819029.5958440981,5392.0,84.77987421383648,103229.10705610734,1623.0991675488576,63.6,0.9445339827464235,69.70660010678847,55.2,40,1.528751454220411,0.8679245283018868,69.70660010678847,100.0,8.200000000000001,0.7454545454545456,0.939283767864108,0.0,11,100.0,1.0,0.0,100.0,1.0,0.0,100.0,1.0,0.0,100.0,1.0,0.0,100.0,1.0,0.0,100.0,1.0,0.0,0.0,0.0,0.0,6.772601174673127,0.4,10.33212144650519,100.0,1.0,0.0,60.0,0.8,0.0,0.0,0.0,0.0
109,random,5,1,1700.0221208307926,202.3835858131896,1883786.1446606498,171253.2858782409,3709.0,57.77258566978193,107054.8606174787,1667.5211934186714,64.2,0.8574812214490717,61.118736270038056,47.6,37,0.7878685317928992,0.7414330218068536,61.118736270038056,100.0,7.6000000000000005,0.6909090909090909,0.43542059154895196,0.0,11,60.0,0.8,0.0,60.0,0.8,0.0,60.0,0.8,0.0,100.0,1.0,0.0,100.0,1.0,0.0,100.0,1.0,0.0,0.0,0.0,0.0,32.30609897041859,0.4,4.789626507038472,100.0,1.0,0.0,60.0,0.8,0.0,0.0,0.0,0.0
110,random,5,5,1402.6171433230575,140.26171433230576,1001402.617143323,91036.6015584839,1698.8,27.758169934640524,105338.07196335914,1721.2103261986788,61.2,1.168232718398448,53.55694638059379,35.6,35,0.7054373335768037,0.5816993464052288,53.55694638059379,100.0,7.0,0.6363636363636364,0.5507393173488281,0.0,11,28.583386469795187,0.6,1.9305657151335984,31.582562449088982,0.6,2.258377753220211,28.960461267647588,0.6,1.8691890224832994,100.0,1.0,0.0,100.0,1.0,0.0,100.0,1.0,0.0,0.0,0.0,0.0,100.0,1.0,0.0,100.0,1.0,0.0,0.0,0.2,0.0,0.0,0.0,0.0
111,random,5,5,1002.919582323846,106.69357258764319,467803.6594089192,42527.60540081084,1211.8,20.75,106231.12735063217,1819.0261532642496,58.4,1.4173095516168943,59.18706244937828,28.0,39,0.9757637895225982,0.4794520547945205,59.18706244937828,100.0,8.0,0.7272727272727273,1.0860271826418382,0.0,11,30.066055245658845,0.6,4.189965838645853,19.119789154431146,0.8,3.9592381545811968,41.871842543071125,0.8,3.7970950158331696,100.0,1.0,0.0,100.0,1.0,0.0,100.0,1.0,0.0,0.0,0.0,0.0,100.0,1.0,0.0,100.0,1.0,0.0,0.0,0.0,0.0,60.0,0.8,0.0
112,random,5,5,1078.413745824991,122.5470165710217,528216.8140046541,48019.71036405946,1333.4,23.89605734767025,99320.25818722483,1779.932942423384,55.8,1.851380931609259,51.320681774755855,29.2,37,1.5696131641289952,0.5232974910394266,51.320681774755855,100.0,7.4,0.6727272727272727,1.458023235664296,0.0,11,17.79998823149299,0.8,5.63665454894475,35.80952380362305,0.8,5.603694090336058,10.917987487198388,0.8,4.797906953026448,100.0,1.0,0.0,100.0,1.0,0.0,100.0,1.0,0.0,0.0,0.0,0.0,100.0,1.0,0.0,100.0,1.0,0.0,0.0,0.0,0.0,0.0,0.0,0.0
113,random,5,5,1257.8647164471442,157.23308955589303,1747527.9231351372,158866.174830467,1496.0,26.24561403508772,86520.49088857966,1517.90334892245,57.0,1.1017154310968398,75.5545264586873,36.6,44,1.104785130453818,0.6421052631578947,75.5545264586873,100.0,8.8,0.8,1.0796985142913371,0.0,11,62.938696623029955,1.0,6.315236450758469,100.0,1.0,0.0,100.0,1.0,0.0,100.0,1.0,0.0,100.0,1.0,0.0,100.0,1.0,0.0,68.16109442253037,0.8,5.561447206446239,100.0,1.0,0.0,100.0,1.0,0.0,0.0,0.0,0.0,0.0,0.0,0.0
114,random,5,5,2211.239908148826,283.4922959165162,2414911.4601992485,219537.40547265895,1711.6,28.244224422442244,94472.36826145696,1558.9499713111709,60.6,0.5309675277064592,81.81818181818181,48.2,45,0.5246965371164025,0.7953795379537953,81.81818181818181,100.0,9.0,0.8181818181818182,0.0,0.0,11,100.0,1.0,0.0,100.0,1.0,0.0,100.0,1.0,0.0,100.0,1.0,0.0,100.0,1.0,0.0,100.0,1.0,0.0,100.0,1.0,0.0,100.0,1.0,0.0,100.0,1.0,0.0,0.0,0.0,0.0,0.0,0.0,0.0
115,random,4,5,1596.1423058177193,190.0169411687761,1725779.9690449468,156889.08809499515,1533.2,25.811447811447813,97892.09885753455,1648.0151322817264,59.4,0.6846251277073878,78.18181818181819,46.0,46,0.5750911902439239,0.7744107744107744,78.18181818181819,100.0,9.4,0.8545454545454546,0.0,0.0,11,100.0,1.0,0.0,100.0,1.0,0.0,100.0,1.0,0.0,100.0,1.0,0.0,100.0,1.0,0.0,100.0,1.0,0.0,80.0,1.0,0.0,60.0,0.8,0.0,60.0,0.8,0.0,60.0,0.8,0.0,0.0,0.0,0.0
116,random,4,4,915.6900429384248,114.4612553673031,7891733.331774557,717430.3028885961,1503.2,26.371929824561402,96532.43022543656,1693.5514074637995,57.0,1.2176072063435313,60.15191129980167,41.4,36,1.3111438835036175,0.7263157894736842,60.15191129980167,100.0,7.199999999999999,0.6545454545454544,0.35741306743571327,0.0,11,100.0,1.0,0.0,100.0,1.0,0.0,100.0,1.0,0.0,100.0,1.0,0.0,100.0,1.0,0.0,100.0,1.0,0.0,0.0,0.0,0.0,39.19562522863089,0.6,2.2287633448612008,22.47539906918746,0.6,1.7027803969316457,0.0,0.0,0.0,0.0,0.0,0.0
117,random,4,4,1006.847404178292,186.45322299597998,3794754.7922231727,344977.7083839248,1697.4,30.861818181818183,88229.03294281007,1604.1642353238192,55.0,1.3399510621849873,59.09933373574859,43.2,37,2.1299756079854797,0.7854545454545454,59.09933373574859,100.0,7.4,0.6727272727272727,0.6773490410656445,0.0,11,100.0,1.0,0.0,100.0,1.0,0.0,100.0,1.0,0.0,100.0,1.0,0.0,100.0,1.0,0.0,100.0,1.0,0.0,20.0,0.4,3.5298239022266187,0.0,0.4,0.0,30.092671093234458,0.6,3.92101554949547,0.0,0.0,0.0,0.0,0.0,0.0
118,random,4,4,762.1677361820091,158.78494503791856,10545741.315275617,958703.755934147,1921.2,35.577777777777776,87475.35902842958,1619.9140560820294,54.0,1.4332817542041791,57.73577454974099,45.8,35,2.314003086482267,0.8481481481481481,57.73577454974099,100.0,7.0,0.6363636363636364,1.4595809709317855,0.0,11,100.0,1.0,0.0,100.0,1.0,0.0,100.0,1.0,0.0,100.0,1.0,0.0,100.0,1.0,0.0,100.0,1.0,0.0,7.875237325868056,0.4,10.181799166010409,0.0,0.0,0.0,27.218282721282776,0.6,5.873591514239232,0.0,0.0,0.0,0.0,0.0,0.0
119,random,4,4,1430.8582500127782,246.6996982780652,3607979.9333242225,327998.1757567475,2154.0,39.45054945054945,89962.75113346206,1647.6694346787924,54.6,1.6469813512031155,54.54545454545455,47.6,31,3.0558703218209184,0.8717948717948718,54.54545454545455,100.0,6.2,0.5636363636363636,0.0,0.0,11,100.0,1.0,0.0,100.0,1.0,0.0,100.0,1.0,0.0,100.0,1.0,0.0,100.0,1.0,0.0,100.0,1.0,0.0,0.0,0.0,0.0,0.0,0.0,0.0,0.0,0.2,0.0,0.0,0.0,0.0,0.0,0.0,0.0
120,random,4,4,1616.771097979376,218.48258080802378,3202768.0123580936,291160.72839619033,2389.6,43.13357400722022,88588.13224132547,1599.0637588686907,55.4,1.7070751686314654,55.35056879226059,47.6,31,3.2295560927511904,0.8592057761732852,55.35056879226059,100.0,6.2,0.5636363636363636,1.0264956610447717,0.0,11,100.0,1.0,0.0,100.0,1.0,0.0,100.0,1.0,0.0,100.0,1.0,0.0,100.0,1.0,0.0,100.0,1.0,0.0,0.0,0.0,0.0,8.856256714866504,0.2,11.29145227149249,0.0,0.0,0.0,0.0,0.0,0.0,0.0,0.0,0.0
121,random,7,4,1305.3122214679565,181.29336409277172,3195711.436468023,290519.221497093,2320.0,41.577060931899645,90915.0578852117,1629.3021126382025,55.8,1.5803829727619794,51.7131632700681,47.2,30,3.4057199347815574,0.8458781362007168,51.7131632700681,100.0,6.0,0.5454545454545454,1.0278257543728393,0.0,11,100.0,1.0,0.0,100.0,1.0,0.0,100.0,1.0,0.0,100.0,1.0,0.0,100.0,1.0,0.0,60.0,0.8,0.0,0.0,0.0,0.0,0.0,0.0,0.0,8.844795970749146,0.2,11.306083298101232,0.0,0.0,0.0,0.0,0.0,0.0
122,random,7,7,739.3538526376224,115.5240394746285,3270798.063917414,297345.2785379467,2331.2,42.54014598540146,86519.99658031201,1578.8320543852558,54.8,1.9434498750165357,48.572972304293465,43.6,28,3.8725271989698697,0.7956204379562044,48.572972304293465,100.0,5.6,0.509090909090909,0.18742192434230087,0.0,11,100.0,1.0,0.0,100.0,1.0,0.0,100.0,1.0,0.0,100.0,1.0,0.0,100.0,1.0,0.0,34.30269534722811,0.6,2.0616411677653095,0.0,0.0,0.0,0.0,0.0,0.0,0.0,0.0,0.0,0.0,0.0,0.0,0.0,0.0,0.0
123,random,7,7,222.3717311862809,58.51887662796866,12361237.752036132,1123748.8865487392,2548.0,47.011070110701105,89730.24728855876,1655.5396178700878,54.2,1.047899046177681,48.21342244012881,46.4,29,1.6202461198280607,0.8560885608856088,48.21342244012881,100.0,5.8,0.5272727272727272,0.3936998198695552,0.0,11,100.0,1.0,0.0,100.0,1.0,0.0,100.0,1.0,0.0,100.0,1.0,0.0,100.0,1.0,0.0,30.347646841416918,0.8,4.330698018565108,0.0,0.0,0.0,0.0,0.0,0.0,0.0,0.0,0.0,0.0,0.0,0.0,0.0,0.0,0.0
124,random,7,7,658.615461647333,137.21155450986103,9352908.6312726,850264.4210247818,2778.6,49.97482014388489,89647.89701632083,1612.372248494979,55.6,1.3533241104878142,49.36737374645356,46.8,31,1.847162250735172,0.841726618705036,49.36737374645356,100.0,6.2,0.5636363636363636,1.5470331914167672,0.0,11,100.0,1.0,0.0,100.0,1.0,0.0,100.0,1.0,0.0,100.0,1.0,0.0,100.0,1.0,0.0,39.732427255833045,0.8,5.756550253295807,0.0,0.0,0.0,3.3086839551560843,0.4,11.260814852288632,0.0,0.0,0.0,0.0,0.0,0.0,0.0,0.0,0.0
125,random,7,7,676.460908587483,147.0567192581485,5917751.1409473745,537977.3764497613,3021.2,52.81818181818182,89243.48554648142,1560.2007962671578,57.2,1.0936574052806123,60.793748784269816,50.6,34,2.045330449379253,0.8846153846153846,60.793748784269816,100.0,6.8,0.6181818181818182,0.5225119530418947,0.0,11,100.0,1.0,0.0,100.0,1.0,0.0,100.0,1.0,0.0,100.0,1.0,0.0,100.0,1.0,0.0,100.0,1.0,0.0,68.73123662696798,0.8,5.747631483460841,0.0,0.0,0.0,0.0,0.0,0.0,0.0,0.0,0.0,0.0,0.0,0.0
126,random,7,7,1496.5832426330971,241.38439397308017,4402190.00820048,400199.09165458905,3278.0,54.81605351170568,97504.30850178914,1630.5068311335979,59.8,1.300108410620533,63.63636363636363,52.2,35,2.6959670696176,0.8729096989966555,63.63636363636363,100.0,7.0,0.6363636363636364,0.0,0.0,11,100.0,1.0,0.0,100.0,1.0,0.0,100.0,1.0,0.0,100.0,1.0,0.0,100.0,1.0,0.0,100.0,1.0,0.0,100.0,1.0,0.0,0.0,0.0,0.0,0.0,0.0,0.0,0.0,0.0,0.0,0.0,0.0,0.0
127,random,0,7,1303.46255784511,171.50823129540922,3008001.1181698544,273454.6471063504,2495.2,43.16955017301038,96111.07522321226,1662.8213706438107,57.8,1.2609419364715586,53.5586184884929,43.2,34,2.0058550350855566,0.7474048442906575,53.5586184884929,100.0,6.8,0.6181818181818182,1.9016612077935215,0.0,11,100.0,1.0,0.0,100.0,1.0,0.0,100.0,1.0,0.0,60.0,0.8,0.0,60.0,0.8,0.0,100.0,1.0,0.0,60.0,0.8,0.0,0.21635372274886322,0.2,9.718120525449402,8.928449650672974,0.2,11.200152760279337,0.0,0.0,0.0,0.0,0.0,0.0
128,random,0,0,1153.3500246119997,160.1875034183333,2762603.4612808716,251145.76920735196,2108.4,37.38297872340426,94176.17017034037,1669.7902512471696,56.4,1.2522543314784071,41.9967619908142,37.4,27,1.4097823538155791,0.6631205673758865,41.9967619908142,100.0,5.4,0.49090909090909096,0.347128648160612,0.0,11,100.0,1.0,0.0,100.0,1.0,0.0,100.0,1.0,0.0,28.491591407612304,0.6,1.9770143340265598,33.47279049134386,0.6,1.8414007957401728,100.0,1.0,0.0,0.0,0.0,0.0,0.0,0.2,0.0,0.0,0.0,0.0,0.0,0.0,0.0,0.0,0.0,0.0
129,random,0,0,1107.2001241376054,145.68422686021125,3251051.170039543,295550.1063672312,2268.6,42.80377358490566,89520.78276741637,1689.0713729701204,53.0,1.9329679632369934,42.11278958706089,37.6,29,2.290248449705145,0.7094339622641509,42.11278958706089,100.0,5.8,0.5272727272727272,0.6944513473038018,0.0,11,100.0,1.0,0.0,100.0,1.0,0.0,100.0,1.0,0.0,30.11023718271872,1.0,3.6108539942722295,33.13044827495105,0.8,4.0281108260695895,100.0,1.0,0.0,0.0,0.0,0.0,0.0,0.0,0.0,0.0,0.0,0.0,0.0,0.0,0.0,0.0,0.0,0.0
130,random,0,0,493.25579659578534,70.46511379939791,4000493.2557965955,363681.2050724178,2458.0,49.556451612903224,86877.52498850517,1751.5630038005077,49.6,2.9115462680296575,41.44316080411479,38.2,28,3.3381220893563808,0.7701612903225806,41.44316080411479,100.0,5.6000000000000005,0.509090909090909,2.0187539819495752,0.0,11,100.0,1.0,0.0,100.0,1.0,0.0,100.0,1.0,0.0,25.98127289988497,0.6,5.384851879787721,21.82494105273463,0.8,5.627627522657344,100.0,1.0,0.0,8.068554892643078,0.2,11.193814399000262,0.0,0.0,0.0,0.0,0.0,0.0,0.0,0.0,0.0,0.0,0.0,0.0
131,random,0,0,720.4288617386851,102.91840881981216,3006478.9231411833,273316.26574010757,2648.2,57.56956521739131,77015.7717583632,1674.2559077905044,46.0,3.8541426634084046,36.44416009257529,38.4,23,4.458700592156115,0.8347826086956521,36.44416009257529,100.0,4.6000000000000005,0.41818181818181815,1.0499970450574025,0.0,11,100.0,1.0,0.0,100.0,1.0,0.0,100.0,1.0,0.0,0.0,0.2,0.0,0.0,0.0,0.0,100.0,1.0,0.0,0.0,0.2,0.0,0.8857610183281395,0.2,11.549967495631428,0.0,0.0,0.0,0.0,0.0,0.0,0.0,0.0,0.0
132,random,0,0,798.4380601186197,137.66173450321028,5579215.283102003,507201.3893729094,2844.8,60.78632478632478,74581.29411734286,1593.6173956697191,46.8,3.0323722059640024,37.23211338916496,40.6,23,4.502618779600285,0.8675213675213675,37.23211338916496,100.0,4.6000000000000005,0.4181818181818182,0.885741284475765,0.0,11,100.0,1.0,0.0,100.0,1.0,0.0,100.0,1.0,0.0,0.0,0.0,0.0,0.0,0.0,0.0,100.0,1.0,0.0,0.0,0.0,0.0,0.0,0.2,0.0,9.553247280814503,0.4,9.743154129233414,0.0,0.0,0.0,0.0,0.0,0.0
133,random,2,0,402.039358797368,87.39986060812348,5492806.881390392,499346.08012639923,2926.0,64.73451327433628,71909.02193410604,1590.9075649138506,45.2,2.830163304629919,34.28594258772798,39.2,21,4.771960342778096,0.8672566371681416,34.28594258772798,100.0,4.2,0.38181818181818183,2.121101215782444,0.0,11,100.0,1.0,0.0,100.0,1.0,0.0,100.0,1.0,0.0,8.489483573287089,0.2,11.77927952115472,8.655884891720689,0.2,11.552833852452164,60.0,0.8,0.0,0.0,0.0,0.0,0.0,0.0,0.0,0.0,0.0,0.0,0.0,0.0,0.0,0.0,0.0,0.0
134,random,2,2,610.6795015302203,117.4383656788885,6352250.255943344,577477.2959948494,3037.0,66.02173913043478,75607.06226155585,1643.6317882946926,46.0,3.2050466645211872,29.552697899487157,38.2,18,5.140491376195041,0.8304347826086956,29.552697899487157,100.0,3.6,0.32727272727272727,0.17103513902511203,0.0,11,100.0,1.0,0.0,100.0,1.0,0.0,100.0,1.0,0.0,0.0,0.0,0.0,0.0,0.0,0.0,25.079676894358727,0.6,1.8813865292762322,0.0,0.0,0.0,0.0,0.0,0.0,0.0,0.0,0.0,0.0,0.0,0.0,0.0,0.0,0.0
135,random,2,2,1053.8124607160264,150.54463724514662,3601677.430077386,327425.220916126,3220.0,67.36401673640168,80984.94881175172,1694.245791040831,47.8,1.901182033098007,30.0067010767351,37.4,20,2.748623050621288,0.7824267782426778,30.0067010767351,100.0,4.0,0.36363636363636365,1.4053657443432903,0.0,11,100.0,1.0,0.0,100.0,1.0,0.0,100.0,1.0,0.0,0.0,0.0,0.0,0.0,0.0,0.0,29.17721228230903,0.6,4.127178991680129,0.0,0.0,0.0,0.896499561777091,0.4,11.331844196096064,0.0,0.0,0.0,0.0,0.0,0.0,0.0,0.0,0.0
136,random,2,2,912.2716573504782,114.03395716880978,3000912.2716573505,272810.20651430456,3407.2,71.5798319327731,77958.99470200842,1637.7940063447147,47.6,2.0097372660251165,28.493619192340496,38.2,17,2.0126610954524673,0.8025210084033614,28.493619192340496,100.0,3.4,0.3090909090909091,0.6769201005552996,0.0,11,100.0,1.0,0.0,100.0,1.0,0.0,100.0,1.0,0.0,0.0,0.0,0.0,0.0,0.0,0.0,13.429811115745451,0.4,7.446121106108295,0.0,0.0,0.0,0.0,0.0,0.0,0.0,0.0,0.0,0.0,0.0,0.0,0.0,0.0,0.0
137,random,2,2,660.8756185659055,89.30751602241966,3018016.590177466,274365.14456158783,3604.2,75.0875,80800.33008442605,1683.3402100922094,48.0,2.6351860625355186,27.289213576082354,40.2,16,2.880579651356833,0.8375,27.289213576082354,100.0,3.2,0.29090909090909095,0.6973608152118299,0.0,11,100.0,1.0,0.0,100.0,1.0,0.0,100.0,1.0,0.0,0.0,0.0,0.0,0.0,0.0,0.0,0.0,0.0,0.0,0.0,0.0,0.0,0.0,0.0,0.0,0.18134933690589605,0.2,7.670968967330129,0.0,0.0,0.0,0.0,0.0,0.0
138,random,2,2,455.22011027641656,87.54232889931087,4931402.197876114,448309.2907160104,3811.8,77.16194331983806,78076.67671252319,1580.4995285935868,49.4,2.568019658971274,39.205744019423655,43.0,23,3.9570249345527033,0.8704453441295547,39.205744019423655,100.0,4.6000000000000005,0.41818181818181815,2.670953612590166,0.0,11,100.0,1.0,0.0,100.0,1.0,0.0,100.0,1.0,0.0,8.430498638676909,0.2,11.861694578921622,0.0,0.0,0.0,0.0,0.0,0.0,11.397056872808662,0.2,8.774195050178445,11.435628702174654,0.2,8.744600109391758,100.0,1.0,0.0,0.0,0.0,0.0,0.0,0.0,0.0
139,random,0,2,1006.6796286597197,162.36768204189028,3802969.3051853217,345724.4822895747,3975.6,80.15322580645162,81320.15251491418,1639.5192039297212,49.6,1.9420743839293966,37.15204442642992,42.0,21,3.626517836951353,0.8467741935483871,37.15204442642992,100.0,4.2,0.38181818181818183,1.0482468660497979,0.0,11,100.0,1.0,0.0,100.0,1.0,0.0,100.0,1.0,0.0,0.0,0.0,0.0,8.672488690729097,0.2,11.530715526547777,0.0,0.0,0.0,0.0,0.0,0.0,0.0,0.0,0.0,100.0,1.0,0.0,0.0,0.0,0.0,0.0,0.0,0.0
140,random,0,0,1352.2406727043006,169.03008408803757,2203622.8716385625,200329.35196714205,4180.2,86.01234567901234,79014.61338856046,1625.815090299598,48.6,3.7096345011054406,40.912604941542504,41.6,23,5.01022714101776,0.8559670781893004,40.912604941542504,100.0,4.6,0.41818181818181815,0.5026923437905971,0.0,11,100.0,1.0,0.0,100.0,1.0,0.0,100.0,1.0,0.0,0.0,0.0,0.0,0.0,0.0,0.0,50.03865435696753,0.6,5.5296157816965685,0.0,0.0,0.0,0.0,0.0,0.0,100.0,1.0,0.0,0.0,0.0,0.0,0.0,0.0,0.0
141,random,0,0,1348.3838639376404,160.5218885640048,2201847.3313494823,200167.9392135893,4389.0,87.43027888446215,83117.59983296832,1655.7290803380145,50.2,3.3182150302013165,46.227824402242895,42.4,26,4.654636716310032,0.8446215139442231,46.227824402242895,100.0,5.2,0.4727272727272727,1.0687556973490706,0.0,11,100.0,1.0,0.0,100.0,1.0,0.0,100.0,1.0,0.0,0.0,0.0,0.0,0.0,0.0,0.0,100.0,1.0,0.0,8.506068424671867,0.2,11.756312670839776,0.0,0.0,0.0,100.0,1.0,0.0,0.0,0.0,0.0,0.0,0.0,0.0
142,random,0,0,763.1058286507061,123.08158526624293,3014532.0949433045,274048.37226757314,4603.6,90.26666666666667,80823.08797354734,1584.7664308538695,51.0,2.072910198831751,45.45454545454545,44.2,25,3.3721112908850404,0.8666666666666667,45.45454545454545,100.0,5.0,0.45454545454545453,0.0,0.0,11,100.0,1.0,0.0,100.0,1.0,0.0,100.0,1.0,0.0,0.0,0.0,0.0,0.0,0.0,0.0,100.0,1.0,0.0,0.0,0.0,0.0,0.0,0.0,0.0,100.0,1.0,0.0,0.0,0.0,0.0,0.0,0.0,0.0
143,random,0,0,182.18974311009703,36.437948622019405,11774840.0205435,1070440.001867591,4831.0,93.98832684824903,81641.70764363978,1588.3600708879333,51.4,2.746448624091786,46.251284674889035,46.2,26,4.16028667507467,0.8988326848249028,46.251284674889035,100.0,5.2,0.4727272727272727,1.037285801790128,0.0,11,100.0,1.0,0.0,100.0,1.0,0.0,100.0,1.0,0.0,8.764131423779418,0.2,11.41014381969141,0.0,0.0,0.0,100.0,1.0,0.0,0.0,0.0,0.0,0.0,0.0,0.0,100.0,1.0,0.0,0.0,0.0,0.0,0.0,0.0,0.0
144,random,0,0,258.6518462693204,49.740739667176996,5600517.256132568,509137.93237568805,5064.0,95.9090909090909,85880.23995721087,1626.519696159297,52.8,3.259596107258765,45.45454545454545,47.4,25,4.487055247500883,0.8977272727272727,45.45454545454545,100.0,5.0,0.45454545454545453,0.0,0.0,11,100.0,1.0,0.0,100.0,1.0,0.0,100.0,1.0,0.0,0.0,0.0,0.0,0.0,0.0,0.0,100.0,1.0,0.0,0.0,0.0,0.0,0.0,0.0,0.0,100.0,1.0,0.0,0.0,0.0,0.0,0.0,0.0,0.0
145,random,4,0,419.5047483546121,69.91745805910202,4402277.009113978,400207.00082854345,5131.4,93.29818181818182,90055.35799723497,1637.370145404272,55.0,2.548689933424795,43.57989096881118,45.8,27,3.8012044816985364,0.8327272727272728,43.57989096881118,100.0,5.4,0.49090909090909085,1.8433215295345355,0.0,11,100.0,1.0,0.0,100.0,1.0,0.0,100.0,1.0,0.0,11.311759253703713,0.2,8.840357875125203,0.0,0.0,0.0,100.0,1.0,0.0,8.067041403219264,0.4,11.436178949754687,0.0,0.0,0.0,60.0,0.8,0.0,0.0,0.0,0.0,0.0,0.0,0.0
146,random,4,4,1157.762250077288,180.90035157457623,3377885.2004124024,307080.47276476386,5319.0,98.86617100371747,88697.19288072959,1648.6467078202525,53.8,2.14614253374607,40.32917619738452,45.4,24,3.5365982860417593,0.8438661710037175,40.32917619738452,100.0,4.8,0.43636363636363634,1.2424780561726008,0.0,11,100.0,1.0,0.0,100.0,1.0,0.0,100.0,1.0,0.0,0.0,0.0,0.0,0.0,0.0,0.0,100.0,1.0,0.0,0.0,0.0,0.0,8.524056097535322,0.2,11.731504210643848,35.09688207369436,0.6,1.9357544072547592,0.0,0.0,0.0,0.0,0.0,0.0
147,random,4,4,1486.3354515165865,185.79193143957332,2221982.909981313,201998.44636193756,5544.6,101.92279411764706,89471.86925175138,1644.7034788924886,54.4,2.198234934467306,36.36363636363637,45.4,20,2.9838330229253383,0.8345588235294118,36.36363636363637,100.0,4.0,0.36363636363636365,0.0,0.0,11,100.0,1.0,0.0,100.0,1.0,0.0,100.0,1.0,0.0,0.0,0.0,0.0,0.0,0.0,0.0,100.0,1.0,0.0,0.0,0.0,0.0,0.0,0.0,0.0,0.0,0.0,0.0,0.0,0.0,0.0,0.0,0.0,0.0
148,random,4,4,740.9312545753771,112.26231129929957,3400791.0392962843,309162.82175420766,5775.2,105.00363636363636,88112.72372458944,1602.0495222652626,55.0,2.8599976674142806,37.76514735548662,47.0,25,3.7876291941051567,0.8545454545454545,37.76514735548662,100.0,5.000000000000001,0.45454545454545453,3.0217290718510528,0.0,11,100.0,1.0,0.0,100.0,1.0,0.0,100.0,1.0,0.0,3.4410270754278827,0.4,11.267291825311593,0.0,0.0,0.0,100.0,1.0,0.0,9.140844057783397,0.2,10.939908762019668,0.0,0.0,0.0,2.8347497771414965,0.4,11.031819203030322,0.0,0.0,0.0,0.0,0.0,0.0
149,random,4,4,688.7523251011945,156.53461934118056,5078378.761469177,461670.7964971979,6019.8,108.26978417266187,86242.52741741206,1551.1245938383463,55.6,1.244389133727177,36.36363636363637,50.8,20,2.420724947941506,0.9136690647482014,36.36363636363637,100.0,4.0,0.36363636363636365,0.0,0.0,11,100.0,1.0,0.0,100.0,1.0,0.0,100.0,1.0,0.0,0.0,0.0,0.0,0.0,0.0,0.0,100.0,1.0,0.0,0.0,0.0,0.0,0.0,0.0,0.0,0.0,0.0,0.0,0.0,0.0,0.0,0.0,0.0,0.0
150,random,4,4,277.92164616911816,69.48041154227954,7146984.425214921,649725.8568377201,6279.0,110.15789473684211,90920.85421090889,1595.1027054545418,57.0,1.067273133833648,38.978989693497915,52.2,23,1.7970168367567936,0.9157894736842105,38.978989693497915,100.0,4.6000000000000005,0.41818181818181815,1.4853807110321406,0.0,11,100.0,1.0,0.0,100.0,1.0,0.0,100.0,1.0,0.0,0.0,0.2,0.0,20.0,0.2,4.935231511181971,100.0,1.0,0.0,0.0,0.0,0.0,8.768886628477048,0.2,11.403956310171576,0.0,0.0,0.0,0.0,0.0,0.0,0.0,0.0,0.0
151,random,2,4,724.3314347085787,139.29450667472668,5202100.443168474,472918.2221062249,6281.2,109.42857142857143,91070.2459743195,1586.589651120549,57.4,0.9610828727508647,34.54545454545455,47.4,22,1.2468350969484914,0.8257839721254355,34.54545454545455,100.0,4.4,0.4,0.0,0.0,11,100.0,1.0,0.0,100.0,1.0,0.0,100.0,1.0,0.0,0.0,0.2,0.0,0.0,0.2,0.0,80.0,1.0,0.0,0.0,0.0,0.0,0.0,0.0,0.0,0.0,0.0,0.0,0.0,0.0,0.0,0.0,0.0,0.0
152,random,2,2,650.1399198174679,108.35665330291131,4801524.859191095,436502.25992646324,6434.0,116.13718411552347,92118.6713016593,1662.791900751973,55.4,2.298905557832968,29.532851659382064,45.4,18,3.6266655489900823,0.8194945848375451,29.532851659382064,100.0,3.6,0.32727272727272727,0.14328840555041006,0.0,11,100.0,1.0,0.0,100.0,1.0,0.0,100.0,1.0,0.0,0.0,0.0,0.0,0.0,0.0,0.0,24.861368253202727,0.6,1.5761724610545107,0.0,0.0,0.0,0.0,0.0,0.0,0.0,0.0,0.0,0.0,0.0,0.0,0.0,0.0,0.0
153,random,2,2,1284.56268793612,194.63071029335154,3333097.2812206075,303008.843747328,6659.8,116.43006993006993,94058.0828875973,1644.372078454498,57.2,2.224676459292273,31.644006977625477,46.4,22,3.22211485056082,0.8111888111888111,31.644006977625477,100.0,4.4,0.4,2.1229190661044255,0.0,11,100.0,1.0,0.0,100.0,1.0,0.0,100.0,1.0,0.0,0.0,0.0,0.0,0.0,0.0,0.0,29.245578846205262,1.0,3.9145448165718504,0.0,0.0,0.0,8.136418226154092,0.2,10.09358663944993,10.7020796815209,0.2,9.343978271126902,0.0,0.0,0.0,0.0,0.0,0.0
154,random,2,2,1273.5746989699921,159.19683737124902,3299186.7784408783,299926.0707673526,6896.8,118.9103448275862,93930.58010867736,1619.4927604944373,58.0,1.9644834545662468,28.035538057653287,48.8,17,2.6641237596293394,0.8413793103448276,28.035538057653287,100.0,3.4000000000000004,0.3090909090909091,0.568049901953303,0.0,11,100.0,1.0,0.0,100.0,1.0,0.0,100.0,1.0,0.0,0.0,0.0,0.0,0.0,0.0,0.0,8.390918634186164,0.2,6.248548921486332,0.0,0.0,0.0,0.0,0.2,0.0,0.0,0.0,0.0,0.0,0.0,0.0,0.0,0.0,0.0
155,random,2,2,239.37517069623976,46.0336866723538,4704411.14368779,427673.74033525365,7149.6,123.6955017301038,91494.68535267019,1582.9530337832214,57.8,2.39089761614955,37.16993111767413,52.0,21,3.6270282742554776,0.8996539792387543,37.16993111767413,100.0,4.2,0.38181818181818183,1.0249927546384872,0.0,11,100.0,1.0,0.0,100.0,1.0,0.0,100.0,1.0,0.0,8.869242294415471,0.2,11.274920301023359,0.0,0.0,0.0,100.0,1.0,0.0,0.0,0.0,0.0,0.0,0.0,0.0,0.0,0.0,0.0,0.0,0.0,0.0,0.0,0.0,0.0
156,random,2,2,494.410999395879,95.07903834536134,9238733.363520378,839884.8512291253,7414.6,124.82491582491582,94448.34181787775,1590.0394245433965,59.4,1.7370881431319152,42.503492656414274,53.8,24,2.748093223382793,0.9057239057239057,42.503492656414274,100.0,4.8,0.43636363636363634,0.5578108442522549,0.0,11,100.0,1.0,0.0,100.0,1.0,0.0,100.0,1.0,0.0,0.0,0.0,0.0,0.0,0.0,0.0,100.0,1.0,0.0,0.0,0.0,0.0,0.0,0.0,0.0,67.53841922055699,0.8,6.135919286774804,0.0,0.0,0.0,0.0,0.0,0.0
157,random,1,2,774.2210262274805,110.60300374678293,2490728.8754762085,226429.89777056442,6857.4,111.68403908794788,96799.9516859646,1576.5464443968176,61.4,2.2229869358066945,64.94030251547738,52.0,38,3.675082028510342,0.8469055374592834,64.94030251547738,100.0,8.0,0.7272727272727273,2.164238955532187,0.0,11,100.0,1.0,0.0,100.0,1.0,0.0,100.0,1.0,0.0,0.0,0.0,0.0,5.919678244638362,0.4,11.333897364325823,100.0,1.0,0.0,12.496825219504899,0.2,8.002032375704605,75.926824206108,0.8,4.470698770823624,100.0,1.0,0.0,60.0,0.8,0.0,60.0,0.8,0.0
158,random,1,1,2122.2231347632396,225.768418591834,603817.7281702633,54892.520742751214,7030.2,108.82662538699691,105836.48768912753,1638.3357227419124,64.6,2.2854698336121713,65.45454545454545,53.4,36,3.798197694602316,0.826625386996904,65.45454545454545,100.0,7.6,0.6909090909090909,0.0,0.0,11,100.0,1.0,0.0,100.0,1.0,0.0,100.0,1.0,0.0,0.0,0.0,0.0,0.0,0.0,0.0,100.0,1.0,0.0,0.0,0.0,0.0,100.0,1.0,0.0,100.0,1.0,0.0,60.0,0.8,0.0,60.0,0.8,0.0
159,random,1,1,1149.7657200548833,127.75174667276481,3265908.916633764,296900.81060306943,7297.2,110.89969604863222,106663.87757494727,1621.0315740873446,65.8,1.4618708055399545,65.45454545454545,54.6,36,1.321942533990587,0.8297872340425532,65.45454545454545,100.0,7.6,0.6909090909090909,0.0,0.0,11,100.0,1.0,0.0,100.0,1.0,0.0,100.0,1.0,0.0,0.0,0.0,0.0,0.0,0.0,0.0,100.0,1.0,0.0,0.0,0.0,0.0,100.0,1.0,0.0,100.0,1.0,0.0,60.0,0.8,0.0,60.0,0.8,0.0
160,random,1,1,406.3513119809653,54.9123394568872,8223841.433073008,747621.9484611825,7577.0,113.42814371257485,108033.72304852707,1617.2713031216629,66.8,1.5931443771990357,62.90647745123269,57.6,35,1.4627000902517135,0.8622754491017964,62.90647745123269,100.0,7.3999999999999995,0.6727272727272727,0.7593950172113815,0.0,11,100.0,1.0,0.0,100.0,1.0,0.0,100.0,1.0,0.0,11.971251963559553,0.2,8.353345189325196,0.0,0.0,0.0,100.0,1.0,0.0,0.0,0.0,0.0,100.0,1.0,0.0,100.0,1.0,0.0,40.0,0.6,0.0,40.0,0.6,0.0
161,random,1,1,1216.7946878728824,178.9403952754239,2948765.4497591597,268069.5863417418,7872.4,113.43515850144092,108380.49893484339,1561.6786590035072,69.4,1.0041347432936432,61.145622054619416,61.6,34,1.1944960187104263,0.8876080691642652,61.145622054619416,100.0,6.8,0.6181818181818182,0.4395683506369179,0.0,11,100.0,1.0,0.0,100.0,1.0,0.0,100.0,1.0,0.0,0.0,0.0,0.0,0.0,0.0,0.0,100.0,1.0,0.0,72.6018426008136,0.8,4.835251857006097,100.0,1.0,0.0,100.0,1.0,0.0,0.0,0.0,0.0,0.0,0.0,0.0
162,random,1,1,878.5916329826592,183.039923538054,8824739.999219885,802249.0908381714,8190.8,117.01142857142857,107884.06290182259,1541.2008985974655,70.0,0.8096945018369955,63.98556837396985,65.0,36,1.4816451139735578,0.9285714285714286,63.98556837396985,100.0,7.2,0.6545454545454545,1.0107901417679181,0.0,11,100.0,1.0,0.0,100.0,1.0,0.0,100.0,1.0,0.0,0.0,0.0,0.0,3.841252113668361,0.2,11.1186915594471,100.0,1.0,0.0,100.0,1.0,0.0,100.0,1.0,0.0,100.0,1.0,0.0,0.0,0.0,0.0,0.0,0.0,0.0
163,random,2,1,719.3734025768028,179.8433506442007,9765776.323841518,887797.8476219561,8364.4,123.00588235294117,105912.53007999023,1557.5372070586798,68.0,0.8594797056488117,58.18181818181818,62.4,34,1.639580868754477,0.9176470588235294,58.18181818181818,100.0,6.800000000000001,0.6181818181818182,0.0,0.0,11,100.0,1.0,0.0,100.0,1.0,0.0,100.0,1.0,0.0,0.0,0.0,0.0,0.0,0.2,0.0,40.0,0.6,0.0,100.0,1.0,0.0,100.0,1.0,0.0,100.0,1.0,0.0,0.0,0.0,0.0,0.0,0.0,0.0
164,random,2,2,521.1587322769161,108.57473589102419,5801868.704871409,527442.6095337644,8626.0,127.22713864306785,108043.06534973532,1593.5555361317893,67.8,1.9447120660957784,57.09351391574025,60.4,33,3.7431234314240425,0.8908554572271387,57.09351391574025,100.0,6.6,0.6,0.14705632341530725,0.0,11,100.0,1.0,0.0,100.0,1.0,0.0,100.0,1.0,0.0,0.0,0.0,0.0,0.0,0.0,0.0,28.028653073142777,0.6,1.6176195575683798,100.0,1.0,0.0,100.0,1.0,0.0,100.0,1.0,0.0,0.0,0.0,0.0,0.0,0.0,0.0
165,random,2,2,1414.3985854677649,235.73309757796082,4403725.018396647,400338.6380360588,8926.0,128.98843930635837,111314.05802511708,1608.5846535421542,69.2,1.780924839629667,57.14942212972904,60.6,35,3.3153692173309777,0.8757225433526011,57.14942212972904,100.0,7.0,0.6363636363636364,1.286694291656802,0.0,11,100.0,1.0,0.0,100.0,1.0,0.0,100.0,1.0,0.0,6.997624715706934,0.4,10.996015601791447,0.0,0.0,0.0,21.646018711312536,0.6,3.1576216064333753,100.0,1.0,0.0,100.0,1.0,0.0,100.0,1.0,0.0,0.0,0.0,0.0,0.0,0.0,0.0
166,random,2,2,1173.1951558242984,172.52869938592625,2920671.0988351027,265515.5544395548,9230.4,133.0028818443804,110728.22299818129,1595.5075359968484,69.4,2.4127726082286776,54.54545454545455,62.2,30,3.9975640039130376,0.8962536023054755,54.54545454545455,100.0,6.0,0.5454545454545454,0.0,0.0,11,100.0,1.0,0.0,100.0,1.0,0.0,100.0,1.0,0.0,0.0,0.0,0.0,0.0,0.0,0.0,0.0,0.0,0.0,100.0,1.0,0.0,100.0,1.0,0.0,100.0,1.0,0.0,0.0,0.0,0.0,0.0,0.0,0.0
167,random,2,2,976.7797956003185,162.79663260005307,6290479.650880422,571861.7864436748,9546.8,133.70868347338936,112922.00153150989,1581.540637696217,71.4,1.528044373997427,55.42673371138542,64.4,32,2.4582137244772064,0.9019607843137255,55.42673371138542,100.0,6.4,0.5818181818181819,0.9102388799660189,0.0,11,100.0,1.0,0.0,100.0,1.0,0.0,100.0,1.0,0.0,0.0,0.0,0.0,0.0,0.0,0.0,9.694070825239578,0.4,10.012627679626208,100.0,1.0,0.0,100.0,1.0,0.0,100.0,1.0,0.0,0.0,0.0,0.0,0.0,0.0,0.0
168,random,2,2,671.918670439176,124.42938341466221,4987010.562696735,453364.5966087941,9873.4,134.5149863760218,115580.66006238075,1574.668393220446,73.4,2.0388688751070294,55.312127677149505,66.6,31,3.7971123944344134,0.9073569482288828,55.312127677149505,100.0,6.2,0.5636363636363636,1.077964319898146,0.0,11,100.0,1.0,0.0,100.0,1.0,0.0,100.0,1.0,0.0,8.433404448644524,0.2,11.857607518879604,0.0,0.0,0.0,0.0,0.0,0.0,100.0,1.0,0.0,100.0,1.0,0.0,100.0,1.0,0.0,0.0,0.0,0.0,0.0,0.0,0.0
169,random,5,2,1235.9430605064601,154.49288256330752,923398.9064580541,83945.35513255036,7640.2,106.70670391061452,115500.60342015463,1613.1369192759028,71.6,2.120996182391558,54.54545454545455,57.2,33,3.8916256793294157,0.7988826815642458,54.54545454545455,100.0,6.999999999999999,0.6363636363636362,0.0,0.0,11,60.0,0.8,0.0,60.0,0.8,0.0,80.0,1.0,0.0,0.0,0.0,0.0,0.0,0.0,0.0,0.0,0.0,0.0,100.0,1.0,0.0,100.0,1.0,0.0,100.0,1.0,0.0,60.0,0.8,0.0,40.0,0.6,0.0
170,random,5,5,1403.5946890353562,146.2077801078496,1201750.8569175643,109250.07790159676,4144.4,60.41399416909621,116855.04201231191,1703.4262684010482,68.6,1.8285284460967686,41.75625902443058,45.2,27,2.736015163343253,0.6588921282798834,41.75625902443058,100.0,5.6,0.509090909090909,0.5583316095872534,0.0,11,28.34547687959912,0.6,1.8008788102050621,32.88265497576731,0.6,2.1081822332544555,38.09071741336993,0.6,2.2325866620002692,0.0,0.0,0.0,0.0,0.0,0.0,0.0,0.0,0.0,100.0,1.0,0.0,100.0,1.0,0.0,100.0,1.0,0.0,60.0,0.8,0.0,0.0,0.0,0.0
171,random,5,5,896.9423138080535,101.92526293273335,886313.6564629774,80573.96876936159,1937.6,28.833333333333332,118127.06296800845,1757.8431989286971,67.2,1.4032356410756601,44.39315117072572,34.6,33,1.0047780890514306,0.5148809523809523,44.39315117072572,100.0,6.8,0.618181818181818,2.3193719843351635,0.0,11,41.66729039149459,0.8,3.993126802927292,23.101761184109364,1.0,3.834401234006997,39.26163910044579,0.8,4.017772846331237,12.563676608151582,0.2,7.959453519769672,0.0,0.0,0.0,31.730295593781648,0.4,5.7083374246516,100.0,1.0,0.0,100.0,1.0,0.0,100.0,1.0,0.0,40.0,0.6,0.0,0.0,0.0,0.0
172,random,5,5,1347.8213023450967,160.45491694584484,2029685.695260352,184516.88138730472,1201.0,17.979041916167663,114243.8837294591,1710.2377803811244,66.8,1.5046525641657034,48.53153484999066,29.2,34,1.6325371436815295,0.437125748502994,48.53153484999066,100.0,7.0,0.6363636363636364,1.3660030435718482,0.0,11,13.103799302421066,0.8,5.080421741857663,20.57051172677575,0.6,4.863887286695091,60.17257232070051,1.0,5.081724450737576,0.0,0.0,0.0,0.0,0.0,0.0,100.0,1.0,0.0,100.0,1.0,0.0,100.0,1.0,0.0,100.0,1.0,0.0,40.0,0.6,0.0,0.0,0.0,0.0
173,random,5,5,727.9619769601117,84.64674150698973,2019260.5328225777,183569.13934750707,1257.6,18.49411764705882,115569.31376262642,1699.5487318033297,68.0,2.473283052364153,63.63636363636363,34.8,35,3.7346387222606956,0.5117647058823529,63.63636363636363,100.0,7.0,0.6363636363636364,0.0,0.0,11,100.0,1.0,0.0,100.0,1.0,0.0,100.0,1.0,0.0,0.0,0.0,0.0,0.0,0.0,0.0,100.0,1.0,0.0,100.0,1.0,0.0,100.0,1.0,0.0,100.0,1.0,0.0,0.0,0.0,0.0,0.0,0.0,0.0
174,random,5,5,1010.4742203758708,126.30927754698385,3001010.4742203765,272819.1340200342,1466.6,21.441520467836256,106301.88119085864,1554.121070041793,68.4,1.8642788645149722,65.45454545454545,46.8,39,2.837436676756686,0.6842105263157895,65.45454545454545,100.0,7.8,0.7090909090909091,0.5899954786356746,0.0,11,100.0,1.0,0.0,100.0,1.0,0.0,100.0,1.0,0.0,0.0,0.4,0.0,20.0,0.4,6.48995026499242,100.0,1.0,0.0,100.0,1.0,0.0,100.0,1.0,0.0,100.0,1.0,0.0,0.0,0.0,0.0,0.0,0.0,0.0
175,random,2,5,929.554527573568,211.26239263035635,3339934.643421338,303630.42212921253,1596.6,23.758928571428573,101993.26992422329,1517.7569929199894,67.2,1.9018237586958124,60.0,54.0,34,4.06848436634408,0.8035714285714286,60.0,100.0,6.8,0.6181818181818182,0.0,0.0,11,100.0,1.0,0.0,100.0,1.0,0.0,100.0,1.0,0.0,0.0,0.0,0.0,0.0,0.0,0.0,60.0,0.8,0.0,100.0,1.0,0.0,100.0,1.0,0.0,100.0,1.0,0.0,0.0,0.0,0.0,0.0,0.0,0.0
176,random,2,2,1038.2063207467368,216.2929834889035,4775016.629250458,434092.42084095074,1867.0,28.117469879518072,103951.86559931666,1565.540144568022,66.4,1.7302188515932269,58.179455857358874,59.8,35,3.648677508265057,0.9006024096385542,58.179455857358874,100.0,7.0,0.6363636363636364,1.1193869790904212,0.0,11,100.0,1.0,0.0,100.0,1.0,0.0,100.0,1.0,0.0,5.739710076782103,0.4,10.519811591658488,0.0,0.0,0.0,34.23430435416549,0.6,1.7934451783361438,100.0,1.0,0.0,100.0,1.0,0.0,100.0,1.0,0.0,0.0,0.0,0.0,0.0,0.0,0.0
177,random,2,2,984.547720660776,175.8120929751386,4916764.5328418445,446978.59389471315,2167.0,32.44011976047904,106634.47301620703,1596.3244463504047,66.8,2.339196174070028,54.54545454545455,60.8,30,4.271759031134981,0.9101796407185628,54.54545454545455,100.0,6.0,0.5454545454545454,0.0,0.0,11,100.0,1.0,0.0,100.0,1.0,0.0,100.0,1.0,0.0,0.0,0.0,0.0,0.0,0.0,0.0,0.0,0.0,0.0,100.0,1.0,0.0,100.0,1.0,0.0,100.0,1.0,0.0,0.0,0.0,0.0,0.0,0.0,0.0
178,random,2,2,1983.819093190088,241.92915770610833,2003125.614524295,182102.32859311774,2467.0,35.65028901734104,112480.9127616492,1625.4467162088035,69.2,2.5147016531528457,55.35327343800459,60.4,31,4.158347718095877,0.8728323699421965,55.35327343800459,100.0,6.2,0.5636363636363636,1.0230588670473975,0.0,11,100.0,1.0,0.0,100.0,1.0,0.0,100.0,1.0,0.0,0.0,0.0,0.0,0.0,0.0,0.0,8.88600781805053,0.2,11.253647537521372,100.0,1.0,0.0,100.0,1.0,0.0,100.0,1.0,0.0,0.0,0.0,0.0,0.0,0.0,0.0
179,random,2,2,1060.8639571201998,171.10708985809674,3030192.3556717588,275472.03233379626,2769.4,39.33806818181818,109020.34145730533,1548.58439570036,70.4,2.099529862035939,54.54545454545455,61.8,30,4.031201102287813,0.8778409090909091,54.54545454545455,100.0,6.0,0.5454545454545454,0.0,0.0,11,100.0,1.0,0.0,100.0,1.0,0.0,100.0,1.0,0.0,0.0,0.0,0.0,0.0,0.0,0.0,0.0,0.0,0.0,100.0,1.0,0.0,100.0,1.0,0.0,100.0,1.0,0.0,0.0,0.0,0.0,0.0,0.0,0.0
180,random,2,2,801.9543770219225,160.3908754043845,7336352.31291171,666941.11935561,3089.2,43.3876404494382,113275.44891530361,1590.9473162261743,71.2,2.321638954150704,55.318720174502275,65.6,31,4.213960782985766,0.9213483146067416,55.318720174502275,100.0,6.2,0.5636363636363636,1.0687741054901136,0.0,11,100.0,1.0,0.0,100.0,1.0,0.0,100.0,1.0,0.0,8.505921919525008,0.2,11.75651516039125,0.0,0.0,0.0,0.0,0.0,0.0,100.0,1.0,0.0,100.0,1.0,0.0,100.0,1.0,0.0,0.0,0.0,0.0,0.0,0.0,0.0
181,random,0,2,907.0107039863675,151.16845066439458,20679116.597119328,1879919.6906472116,2677.6,38.47126436781609,111211.41243386234,1597.865121176183,69.6,2.532599206169073,47.27272727272727,60.6,28,4.305463520994399,0.8706896551724138,47.27272727272727,100.0,5.6,0.509090909090909,0.0,0.0,11,100.0,1.0,0.0,100.0,1.0,0.0,100.0,1.0,0.0,0.0,0.0,0.0,0.0,0.0,0.0,0.0,0.0,0.0,60.0,0.8,0.0,60.0,0.8,0.0,100.0,1.0,0.0,0.0,0.0,0.0,0.0,0.0,0.0
182,random,0,0,791.6546212136055,127.68622922800088,16779379.673924197,1525398.152174927,2496.2,35.45738636363637,116314.31638987412,1652.191994174348,70.4,2.116263681271344,42.89080255146535,54.2,29,3.7097009002836963,0.7698863636363636,42.89080255146535,100.0,5.8,0.5272727272727272,2.2284049494473015,0.0,11,100.0,1.0,0.0,100.0,1.0,0.0,100.0,1.0,0.0,3.9496586187397043,0.4,11.117517031729225,0.0,0.0,0.0,10.564986357055659,0.2,9.465227556419567,30.343602782354537,0.6,1.8137678721451198,26.940580307968958,0.6,2.1159419836264046,100.0,1.0,0.0,0.0,0.0,0.0,0.0,0.0,0.0
183,random,0,0,1088.6687334798085,164.9498081030013,5200827.77146379,472802.5246785264,2753.0,39.783236994219656,115943.09165974059,1675.478203175442,69.2,1.401089961889344,40.707761566142466,54.2,27,1.676394368516015,0.7832369942196532,40.707761566142466,100.0,5.4,0.49090909090909096,0.7299182268292008,0.0,11,100.0,1.0,0.0,100.0,1.0,0.0,100.0,1.0,0.0,0.0,0.0,0.0,0.0,0.0,0.0,0.0,0.0,0.0,29.390542393557553,0.6,3.9902429780854707,18.394834834009544,0.8,4.038857517035739,100.0,1.0,0.0,0.0,0.0,0.0,0.0,0.0,0.0
184,random,0,0,1144.042315146522,163.43461644950315,6900103.065932423,627282.0969029475,3025.0,45.42042042042042,108799.32177209735,1633.6234500314918,66.6,2.2982088108942564,40.52038357539645,54.8,28,2.6120004054214903,0.8228228228228228,40.52038357539645,100.0,5.6,0.509090909090909,1.0688532410131641,0.0,11,100.0,1.0,0.0,100.0,1.0,0.0,100.0,1.0,0.0,0.0,0.0,0.0,0.0,0.0,0.0,0.0,0.0,0.0,21.124088800281697,0.8,5.770034681077658,24.60013052907925,0.8,5.987350970067148,100.0,1.0,0.0,0.0,0.0,0.0,0.0,0.0,0.0
185,random,0,0,431.33032521732775,71.88838753622129,14188919.006281694,1289901.7278437903,3303.2,50.81846153846154,103910.27119354761,1598.6195568238093,65.0,2.714869256824549,37.38364121028801,56.8,22,3.41123153472531,0.8738461538461538,37.38364121028801,100.0,4.4,0.4,0.49336678125584094,0.0,11,100.0,1.0,0.0,100.0,1.0,0.0,100.0,1.0,0.0,0.0,0.0,0.0,0.0,0.0,0.0,11.220053313168137,0.2,5.42703459381425,0.0,0.2,0.0,0.0,0.0,0.0,100.0,1.0,0.0,0.0,0.0,0.0,0.0,0.0,0.0
186,random,0,0,501.7332074919958,86.50572542965445,12026134.774251252,1093284.9794773867,3594.2,54.62310030395137,104730.08179580144,1591.6425804833045,65.8,2.4210247713618243,47.47049456235593,59.2,30,3.5325123684547206,0.8996960486322189,47.47049456235593,100.0,6.0,0.5454545454545454,3.0521654543951686,0.0,11,100.0,1.0,0.0,100.0,1.0,0.0,100.0,1.0,0.0,8.55169985138673,0.2,11.693581596386847,5.869242845783447,0.4,11.661581413540992,100.0,1.0,0.0,7.7544974887450735,0.4,10.218656988419013,0.0,0.0,0.0,100.0,1.0,0.0,0.0,0.0,0.0,0.0,0.0,0.0
187,random,0,0,1423.8447349457067,323.60107612402425,3996496.533872416,363317.8667156742,3896.8,57.474926253687315,103498.93038960278,1526.532896601811,67.8,0.5882113526423406,46.418277233991084,62.4,26,1.2653111665356496,0.9203539823008849,46.418277233991084,100.0,5.2,0.4727272727272727,0.8575480217816758,0.0,11,100.0,1.0,0.0,100.0,1.0,0.0,100.0,1.0,0.0,0.0,0.0,0.0,0.0,0.0,0.0,100.0,1.0,0.0,0.0,0.0,0.0,10.601049573901946,0.2,9.433028239598434,100.0,1.0,0.0,0.0,0.0,0.0,0.0,0.0,0.0
188,random,6,0,1243.7292853351041,282.6657466670691,7386778.64438882,671525.3313080745,4137.0,60.30612244897959,107047.71561662992,1560.462326773031,68.6,0.5055491471767871,43.63636363636363,62.4,25,0.971525162367119,0.9096209912536443,43.63636363636363,100.0,5.0,0.45454545454545453,0.0,0.0,11,100.0,1.0,0.0,100.0,1.0,0.0,100.0,1.0,0.0,0.0,0.0,0.0,0.0,0.0,0.0,80.0,1.0,0.0,0.0,0.0,0.0,0.0,0.0,0.0,100.0,1.0,0.0,0.0,0.0,0.0,0.0,0.0,0.0
189,random,6,6,582.8401643020743,132.46367370501687,8835455.852291483,803223.2592992258,4439.0,64.14739884393063,108922.2228170232,1574.0205609396414,69.2,0.771479144496403,38.87452746810554,63.2,23,1.096215146763258,0.9132947976878613,38.87452746810554,100.0,4.6,0.41818181818181815,0.19182048252034248,0.0,11,100.0,1.0,0.0,100.0,1.0,0.0,100.0,1.0,0.0,0.0,0.0,0.0,0.0,0.0,0.0,27.619802149160932,0.6,2.110025307723767,0.0,0.0,0.0,0.0,0.0,0.0,100.0,1.0,0.0,0.0,0.0,0.0,0.0,0.0,0.0
190,random,6,6,795.426940307527,142.04052505491555,5001840.245321785,454712.74957470776,4754.0,68.30459770114942,111908.61514217015,1607.882401467962,69.6,1.124071364506894,36.36363636363637,63.4,20,1.446584349854642,0.9109195402298851,36.36363636363637,100.0,4.0,0.36363636363636365,0.0,0.0,11,100.0,1.0,0.0,100.0,1.0,0.0,100.0,1.0,0.0,0.0,0.0,0.0,0.0,0.0,0.0,0.0,0.0,0.0,0.0,0.0,0.0,0.0,0.0,0.0,100.0,1.0,0.0,0.0,0.0,0.0,0.0,0.0,0.0
191,random,6,6,1035.2530998931627,152.2431029254651,4001272.1489315676,363752.0135392334,5069.0,71.3943661971831,112819.19493283234,1589.0027455328498,71.0,1.5657506984099854,41.425179584586495,63.2,24,1.9244251836916129,0.8901408450704226,41.425179584586495,100.0,4.800000000000001,0.43636363636363645,1.4299361843477032,0.0,11,100.0,1.0,0.0,100.0,1.0,0.0,100.0,1.0,0.0,10.682137664039146,0.2,9.361422137129418,0.0,0.0,0.0,0.0,0.0,0.0,0.0,0.0,0.0,44.994837766412275,0.6,6.367875890695316,100.0,1.0,0.0,0.0,0.0,0.0,0.0,0.0,0.0
192,random,6,6,764.6715084033053,159.3065642506886,3607461.653960617,327951.05945096514,5392.2,74.47790055248619,113008.86871940731,1560.8959767873937,72.4,1.371682604969393,46.59854339612263,66.8,26,2.386877654023655,0.9226519337016574,46.59854339612263,100.0,5.2,0.4727272727272727,0.7224193776540859,0.0,11,100.0,1.0,0.0,100.0,1.0,0.0,100.0,1.0,0.0,0.0,0.0,0.0,12.583977357348886,0.2,7.946613154194945,0.0,0.0,0.0,0.0,0.0,0.0,100.0,1.0,0.0,100.0,1.0,0.0,0.0,0.0,0.0,0.0,0.0,0.0
193,random,6,6,1252.169730711073,231.8832834650135,8426319.345899118,766029.0314453744,5730.0,76.19680851063829,119450.27975803746,1588.4345712504983,75.2,1.2615796702448678,45.553812270355095,68.4,27,2.4373310506648083,0.9095744680851063,45.553812270355095,100.0,5.4,0.49090909090909096,1.0091515459458937,0.0,11,100.0,1.0,0.0,100.0,1.0,0.0,100.0,1.0,0.0,0.0,0.0,0.0,0.0,0.0,0.0,1.0919349739060635,0.4,11.100667005404832,0.0,0.0,0.0,100.0,1.0,0.0,100.0,1.0,0.0,0.0,0.0,0.0,0.0,0.0,0.0
194,random,0,6,743.6176262511968,132.78886183057088,5070697.47729209,460972.4979356445,5829.0,78.77027027027027,116945.95982820595,1580.3508084892694,74.0,1.1265113041582937,44.14461246797063,62.2,27,1.3689397973237285,0.8405405405405405,44.14461246797063,100.0,5.4,0.49090909090909096,0.6016107972969542,0.0,11,100.0,1.0,0.0,100.0,1.0,0.0,100.0,1.0,0.0,0.0,0.0,0.0,0.0,0.0,0.0,0.0,0.0,0.0,25.59073714767692,0.6,6.617718770266497,60.0,0.8,0.0,100.0,1.0,0.0,0.0,0.0,0.0,0.0,0.0,0.0
195,random,0,0,641.9224000024826,114.62900000044333,5557352.813203404,505213.89210940036,6116.0,86.875,112904.0726643798,1603.7510321644857,70.4,1.9491563239314884,39.17401226922059,62.2,23,2.5497019781260883,0.8835227272727273,39.17401226922059,100.0,4.6,0.41818181818181815,0.205523922679003,0.0,11,100.0,1.0,0.0,100.0,1.0,0.0,100.0,1.0,0.0,0.0,0.0,0.0,0.0,0.0,0.0,0.0,0.0,0.0,0.0,0.0,0.0,30.914134961426498,0.6,2.260763149469033,100.0,1.0,0.0,0.0,0.0,0.0,0.0,0.0,0.0
196,random,0,0,451.28954947961284,75.2149249132688,5000451.289549479,454586.4808681345,6426.0,94.22287390029325,111357.33291496562,1632.8054679613729,68.2,3.7327645634068487,37.1561521734297,62.0,21,4.746281485575716,0.9090909090909091,37.1561521734297,100.0,4.2,0.38181818181818183,1.0428136205979823,0.0,11,100.0,1.0,0.0,100.0,1.0,0.0,100.0,1.0,0.0,0.0,0.0,0.0,8.717673907726748,0.2,11.470949826577804,0.0,0.0,0.0,0.0,0.0,0.0,0.0,0.0,0.0,100.0,1.0,0.0,0.0,0.0,0.0,0.0,0.0,0.0
197,random,0,0,390.41632471681004,69.71720084228751,5003205.790712547,454836.89006477693,6736.0,98.7683284457478,108406.56687421925,1589.539103727555,68.2,3.9940533222735857,37.586047452335315,62.6,23,5.434615695225921,0.9178885630498533,37.586047452335315,100.0,4.6,0.41818181818181815,2.0327337496641507,0.0,11,100.0,1.0,0.0,100.0,1.0,0.0,100.0,1.0,0.0,8.934454094091961,0.2,11.192625643029098,0.0,0.0,0.0,4.512067881596522,0.4,11.167445603276558,0.0,0.0,0.0,0.0,0.0,0.0,100.0,1.0,0.0,0.0,0.0,0.0,0.0,0.0,0.0
198,random,0,0,845.8515412866243,162.66375793973543,4628738.419774359,420794.401797669,7052.2,99.88951841359773,110459.4851881701,1564.5819431752138,70.6,2.5145815127576854,37.105838771163604,64.8,22,4.489653954997426,0.9178470254957507,37.105838771163604,100.0,4.4,0.4,1.0064572041261604,0.0,11,100.0,1.0,0.0,100.0,1.0,0.0,100.0,1.0,0.0,0.0,0.0,0.0,0.0,0.0,0.0,0.0,0.0,0.0,8.164226482799677,0.4,11.071029245387765,0.0,0.0,0.0,100.0,1.0,0.0,0.0,0.0,0.0,0.0,0.0,0.0
199,random,0,0,748.2708671677735,133.619797708531,3044918.435689204,276810.76688083675,7377.2,100.2336956521739,115456.62577259079,1568.7041545188968,73.6,1.9832504698412365,36.90306852720286,66.2,22,3.3699368957426263,0.8994565217391305,36.90306852720286,100.0,4.4,0.4,0.9675730721017719,0.0,11,100.0,1.0,0.0,100.0,1.0,0.0,100.0,1.0,0.0,0.0,0.0,0.0,0.0,0.0,0.0,0.0,0.0,0.0,5.933753799231454,0.4,10.643303793119491,0.0,0.0,0.0,100.0,1.0,0.0,0.0,0.0,0.0,0.0,0.0,0.0
200,random,2,0,881.030125011566,169.42887019453192,10839706.974022608,985427.906729328,7671.8,103.95392953929539,117834.70301317304,1596.6761925904207,73.8,2.7124379987121405,36.36363636363637,66.6,20,4.297146628675527,0.9024390243902439,36.36363636363637,100.0,4.0,0.36363636363636365,0.0,0.0,11,100.0,1.0,0.0,100.0,1.0,0.0,100.0,1.0,0.0,0.0,0.0,0.0,0.0,0.0,0.0,0.0,0.0,0.0,0.0,0.0,0.0,0.0,0.0,0.0,100.0,1.0,0.0,0.0,0.0,0.0,0.0,0.0,0.0
201,random,2,2,343.20682055033,68.64136411006601,12298703.831615064,1118063.9846922786,8004.0,109.94505494505495,116824.41049472091,1604.7309133890235,72.8,3.4800796281024,36.9345151544489,67.0,24,4.8538958133095305,0.9203296703296703,36.9345151544489,100.0,4.8,0.43636363636363634,2.085733646924862,0.0,11,100.0,1.0,0.0,100.0,1.0,0.0,100.0,1.0,0.0,3.979895226757435,0.4,11.719511387124664,0.0,0.0,0.0,2.2997714721805096,0.4,11.223558729048818,0.0,0.0,0.0,0.0,0.0,0.0,100.0,1.0,0.0,0.0,0.0,0.0,0.0,0.0,0.0
202,random,2,2,60.89628619429827,15.224071548574567,6559677.975613884,596334.361419444,8340.2,117.46760563380282,110644.10008420274,1558.367606819757,71.0,3.772927652343914,37.47130048555639,68.0,23,5.3893191241129825,0.9577464788732394,37.47130048555639,100.0,4.6,0.41818181818181815,2.121406647258202,0.0,11,100.0,1.0,0.0,100.0,1.0,0.0,100.0,1.0,0.0,8.251686680964667,0.2,12.11873449226861,0.0,0.0,0.0,0.0,0.0,0.0,0.0,0.0,0.0,3.93261866015564,0.4,11.216738627571614,100.0,1.0,0.0,0.0,0.0,0.0,0.0,0.0,0.0
203,random,2,2,437.71006686985874,87.54201337397174,6802407.338239202,618400.6671126548,8680.6,118.58743169398907,113729.15566272452,1553.6769899279304,73.2,3.521094330905401,36.36363636363637,68.8,20,5.483737410745864,0.9398907103825137,36.36363636363637,100.0,4.0,0.36363636363636365,0.0,0.0,11,100.0,1.0,0.0,100.0,1.0,0.0,100.0,1.0,0.0,0.0,0.0,0.0,0.0,0.0,0.0,0.0,0.0,0.0,0.0,0.0,0.0,0.0,0.0,0.0,100.0,1.0,0.0,0.0,0.0,0.0,0.0,0.0,0.0
204,random,2,2,401.9348136773674,80.38696273547347,4501119.069784269,409192.6427076608,9025.8,119.07387862796834,117638.51232359678,1551.959265482807,75.8,2.851816941991055,37.198312256373356,70.2,21,4.80258054035823,0.9261213720316622,37.198312256373356,100.0,4.2,0.38181818181818183,0.9901403505038693,0.0,11,100.0,1.0,0.0,100.0,1.0,0.0,100.0,1.0,0.0,0.0,0.0,0.0,0.0,0.0,0.0,9.181434820106915,0.2,10.891543855542562,0.0,0.0,0.0,0.0,0.0,0.0,100.0,1.0,0.0,0.0,0.0,0.0,0.0,0.0,0.0
205,random,2,2,324.8081832043239,67.66837150090082,7687219.437798093,698838.1307089175,9382.6,119.37150127226464,124218.50080891882,1580.3880510040563,78.6,1.0827977790372854,36.36363636363637,72.8,20,1.3469143510653552,0.926208651399491,36.36363636363637,100.0,4.0,0.36363636363636365,0.0,0.0,11,100.0,1.0,0.0,100.0,1.0,0.0,100.0,1.0,0.0,0.0,0.0,0.0,0.0,0.0,0.0,0.0,0.0,0.0,0.0,0.0,0.0,0.0,0.0,0.0,100.0,1.0,0.0,0.0,0.0,0.0,0.0,0.0,0.0
206,random,1,2,437.16582515299433,60.71747571569365,15610920.88682459,1419174.6260749626,9120.2,114.0025,128570.02487923748,1607.1253109904685,80.0,2.8691155241427344,50.17211144888609,70.0,30,3.9552262462064554,0.875,50.17211144888609,100.0,6.3999999999999995,0.5818181818181818,1.5391415008334597,0.0,11,100.0,1.0,0.0,100.0,1.0,0.0,100.0,1.0,0.0,0.0,0.0,0.0,0.0,0.0,0.0,0.0,0.0,0.0,30.402445086792795,0.4,5.513986639016476,1.490780850954252,0.4,11.416569870151582,100.0,1.0,0.0,60.0,0.8,0.0,60.0,0.8,0.0
207,random,1,1,792.8566957348796,107.14279672092967,3052556.307212267,277505.1188374788,9401.2,118.10552763819095,127543.23874203794,1602.3019942467076,79.6,2.958152085485685,57.29391574802362,71.0,32,4.172427404895197,0.8919597989949749,57.29391574802362,100.0,6.8,0.6181818181818182,0.8883850323481962,0.0,11,100.0,1.0,0.0,100.0,1.0,0.0,100.0,1.0,0.0,0.0,0.0,0.0,0.0,0.0,0.0,10.233073228259855,0.2,9.772235355830158,100.0,1.0,0.0,0.0,0.0,0.0,100.0,1.0,0.0,60.0,0.8,0.0,60.0,0.8,0.0
208,random,1,1,953.1395485551109,140.16758066986924,4114819.9895396256,374074.5445036023,9757.2,121.35820895522389,126876.22523776046,1578.0625029572197,80.4,2.7678700553319615,57.188012162846874,72.4,32,4.366682662955235,0.900497512437811,57.188012162846874,100.0,6.8,0.6181818181818182,1.0025115751617242,0.0,11,100.0,1.0,0.0,100.0,1.0,0.0,100.0,1.0,0.0,9.068133791315631,0.2,11.027627326778966,0.0,0.0,0.0,0.0,0.0,0.0,100.0,1.0,0.0,0.0,0.0,0.0,100.0,1.0,0.0,60.0,0.8,0.0,60.0,0.8,0.0
209,random,1,1,547.0490442356478,94.31880073028411,3273270.403654456,297570.0366958596,9558.8,118.8905472636816,124219.27171750888,1545.0158173819514,80.4,1.2956314611053859,60.550894824570854,72.4,36,2.242147597497599,0.900497512437811,60.550894824570854,100.0,7.6,0.6909090909090909,1.2771683098838127,0.0,11,100.0,1.0,0.0,100.0,1.0,0.0,100.0,1.0,0.0,8.823922324095292,0.4,9.78129528071358,0.0,0.0,0.0,0.0,0.0,0.0,100.0,1.0,0.0,57.23592074618409,0.6,4.26755612800836,80.0,1.0,0.0,60.0,0.8,0.0,60.0,0.8,0.0
210,random,1,1,969.0589930865705,146.8271201646319,3754269.028058484,341297.1843689531,8938.4,105.90521327014218,133286.1914381901,1579.220277703674,84.4,0.8145047783336239,57.43299888315175,71.6,32,0.8751826236408929,0.8483412322274881,57.43299888315175,100.0,6.799999999999999,0.618181818181818,0.1842560736842322,0.0,11,100.0,1.0,0.0,100.0,1.0,0.0,100.0,1.0,0.0,0.0,0.0,0.0,0.0,0.0,0.0,0.0,0.0,0.0,100.0,1.0,0.0,100.0,1.0,0.0,51.76298771466918,0.6,2.026816810526554,40.0,0.6,0.0,40.0,0.6,0.0
211,random,1,1,789.4873363163771,112.78390518805386,3431840.1929124556,311985.4720829505,8797.2,102.29302325581395,135558.27310521755,1576.2589895955527,86.0,1.0299411397422744,54.54545454545455,72.6,30,1.0692758462836864,0.8441860465116279,54.54545454545455,100.0,6.0,0.5454545454545454,0.0,0.0,11,100.0,1.0,0.0,100.0,1.0,0.0,100.0,1.0,0.0,0.0,0.0,0.0,0.0,0.0,0.0,0.0,0.0,0.0,100.0,1.0,0.0,100.0,1.0,0.0,100.0,1.0,0.0,0.0,0.0,0.0,0.0,0.0,0.0
212,random,1,1,606.1251567382194,116.56253014196527,4101970.1041950956,372906.373108645,9086.0,105.4060324825986,132029.91635350412,1531.669563265709,86.2,0.9760512780430532,61.7090151346284,76.4,34,1.3230942427006966,0.8863109048723898,61.7090151346284,100.0,6.8,0.6181818181818182,0.3791731911148732,0.0,11,100.0,1.0,0.0,100.0,1.0,0.0,100.0,1.0,0.0,0.0,0.0,0.0,0.0,0.0,0.0,78.79916648091239,0.8,4.170905102263605,100.0,1.0,0.0,100.0,1.0,0.0,100.0,1.0,0.0,0.0,0.0,0.0,0.0,0.0,0.0
213,random,7,1,797.9505915065445,166.23970656386345,5403127.235172935,491193.3850157214,9368.8,107.93548387096774,139093.88027495393,1602.464058467211,86.8,1.1667207544620761,56.36363636363637,75.2,33,1.8319844741439029,0.8663594470046083,56.36363636363637,100.0,6.6,0.6,0.0,0.0,11,100.0,1.0,0.0,100.0,1.0,0.0,100.0,1.0,0.0,0.0,0.0,0.0,0.0,0.0,0.0,60.0,0.8,0.0,100.0,1.0,0.0,100.0,1.0,0.0,60.0,0.8,0.0,0.0,0.0,0.0,0.0,0.0,0.0
214,random,7,7,716.7370930828782,143.34741861657565,5029037.15416611,457185.1958332827,9684.0,113.92941176470588,133319.8129257665,1568.4683873619588,85.0,0.9477733615014836,50.03965830863515,73.8,31,1.470254872501036,0.8682352941176471,50.03965830863515,100.0,6.199999999999999,0.5636363636363636,1.9687195906637052,0.0,11,100.0,1.0,0.0,100.0,1.0,0.0,100.0,1.0,0.0,12.293827131625221,0.2,8.134163505744707,3.835747477228324,0.4,11.327603442472405,0.0,0.0,0.0,100.0,1.0,0.0,100.0,1.0,0.0,34.306666786133064,0.6,2.194148549083647,0.0,0.0,0.0,0.0,0.0,0.0
215,random,7,7,920.9548332313374,158.78531607436852,5041727.316072551,458338.84691568644,10008.8,118.86935866983373,137325.0241339509,1630.9385289067804,84.2,1.0835471972912132,48.477012629762775,71.6,29,1.780260235642013,0.850356294536817,48.477012629762775,100.0,5.8,0.5272727272727272,0.36883912488394954,0.0,11,100.0,1.0,0.0,100.0,1.0,0.0,100.0,1.0,0.0,0.0,0.0,0.0,0.0,0.0,0.0,0.0,0.0,0.0,100.0,1.0,0.0,100.0,1.0,0.0,33.24713892739055,0.8,4.057230373723445,0.0,0.0,0.0,0.0,0.0,0.0
216,random,7,7,486.89956724557317,83.94820124923676,5001934.624643223,454721.3295130203,10350.8,123.22380952380952,134901.28907541817,1605.9677270883114,84.0,1.3317996630186795,49.66541450763213,70.6,29,1.76283179985994,0.8404761904761905,49.66541450763213,100.0,5.8,0.5272727272727272,0.47075212157931695,0.0,11,100.0,1.0,0.0,100.0,1.0,0.0,100.0,1.0,0.0,0.0,0.0,0.0,0.0,0.0,0.0,0.0,0.0,0.0,100.0,1.0,0.0,100.0,1.0,0.0,46.31955958395338,0.8,5.178273337372486,0.0,0.0,0.0,0.0,0.0,0.0
217,random,7,7,290.3783990041314,63.12573891394161,5330943.223064253,484631.20209675026,10714.4,127.24940617577197,131070.90779293927,1556.6616127427467,84.2,1.1619845482097808,55.33250134437532,74.4,31,1.7008784927321101,0.8836104513064132,55.33250134437532,100.0,6.2,0.5636363636363636,1.0500598974863822,0.0,11,100.0,1.0,0.0,100.0,1.0,0.0,100.0,1.0,0.0,0.0,0.0,0.0,0.0,0.0,0.0,8.657514788128537,0.2,11.550658872350205,100.0,1.0,0.0,100.0,1.0,0.0,100.0,1.0,0.0,0.0,0.0,0.0,0.0,0.0,0.0
218,random,6,7,638.8430266190888,138.87891883023673,6297897.676430151,572536.152402741,11097.8,130.56235294117647,132810.50079188863,1562.4764799045722,85.0,1.295215138252248,55.053543795720955,78.6,31,2.235852194480608,0.9247058823529412,55.053543795720955,100.0,6.2,0.5636363636363636,0.5753965303975018,0.0,11,100.0,1.0,0.0,100.0,1.0,0.0,100.0,1.0,0.0,0.0,0.0,0.0,5.588981752930522,0.2,6.32936183437252,0.0,0.0,0.0,100.0,1.0,0.0,100.0,1.0,0.0,100.0,1.0,0.0,0.0,0.0,0.0,0.0,0.0,0.0
219,random,6,6,782.3888067659074,195.59720169147684,5700152.464136105,518195.6785578277,11498.4,134.01398601398603,133056.5532982145,1550.7756794663696,85.8,1.1101661245090184,72.86421153685338,81.4,41,2.872193514204106,0.9487179487179487,72.86421153685338,100.0,8.2,0.7454545454545454,1.4865774636152587,0.0,11,100.0,1.0,0.0,100.0,1.0,0.0,100.0,1.0,0.0,92.52145904430563,1.0,5.222527872395961,100.0,1.0,0.0,8.984867861081511,0.2,11.129824227371884,100.0,1.0,0.0,100.0,1.0,0.0,100.0,1.0,0.0,0.0,0.0,0.0,0.0,0.0,0.0
220,random,6,6,841.9741578863359,233.88171052398218,7497550.993044031,681595.5448221846,11909.2,136.8873563218391,134923.26147548077,1550.8420859250664,87.0,0.9290013497710994,72.72727272727273,83.4,40,2.9687975490711587,0.9586206896551724,72.72727272727273,100.0,8.0,0.7272727272727273,0.0,0.0,11,100.0,1.0,0.0,100.0,1.0,0.0,100.0,1.0,0.0,100.0,1.0,0.0,100.0,1.0,0.0,0.0,0.0,0.0,100.0,1.0,0.0,100.0,1.0,0.0,100.0,1.0,0.0,0.0,0.0,0.0,0.0,0.0,0.0
221,random,6,6,1445.3053376811124,240.88422294685208,5001445.305337681,454676.8459397892,12324.0,136.93333333333334,140857.25190658306,1565.0805767398117,90.0,0.5584910469046329,72.72727272727273,83.2,40,0.7810497003829479,0.9244444444444444,72.72727272727273,100.0,8.0,0.7272727272727273,0.0,0.0,11,100.0,1.0,0.0,100.0,1.0,0.0,100.0,1.0,0.0,100.0,1.0,0.0,100.0,1.0,0.0,0.0,0.0,0.0,100.0,1.0,0.0,100.0,1.0,0.0,100.0,1.0,0.0,0.0,0.0,0.0,0.0,0.0,0.0
222,random,6,6,801.1583226124893,138.1307452780154,5001012.794527632,454637.52677523927,12742.0,141.57777777777778,141490.0055186053,1572.1111724289478,90.0,0.8988970441322129,72.72727272727273,84.0,40,1.425413387074066,0.9333333333333333,72.72727272727273,100.0,8.0,0.7272727272727273,0.0,0.0,11,100.0,1.0,0.0,100.0,1.0,0.0,100.0,1.0,0.0,100.0,1.0,0.0,100.0,1.0,0.0,0.0,0.0,0.0,100.0,1.0,0.0,100.0,1.0,0.0,100.0,1.0,0.0,0.0,0.0,0.0,0.0,0.0,0.0
223,random,6,6,420.16397801444344,91.3399952205312,5717112.2488837,519737.47717124544,13165.2,146.28,142100.0694433888,1578.889660482098,90.0,1.2015478579043573,72.72727272727273,85.2,40,2.234332156571449,0.9466666666666667,72.72727272727273,100.0,8.0,0.7272727272727273,0.0,0.0,11,100.0,1.0,0.0,100.0,1.0,0.0,100.0,1.0,0.0,100.0,1.0,0.0,100.0,1.0,0.0,0.0,0.0,0.0,100.0,1.0,0.0,100.0,1.0,0.0,100.0,1.0,0.0,0.0,0.0,0.0,0.0,0.0,0.0
224,random,3,6,632.2811600288057,143.7002636429104,6437772.435307613,585252.0395734194,13035.6,145.48660714285714,138656.644673852,1547.5071950206695,89.6,1.0422595215217412,66.25768066057927,80.8,39,2.169067803364524,0.9017857142857143,66.25768066057927,100.0,7.8,0.7090909090909091,1.0290250941345704,0.0,11,100.0,1.0,0.0,100.0,1.0,0.0,100.0,1.0,0.0,100.0,1.0,0.0,100.0,1.0,0.0,8.83448726637198,0.2,11.319276035480275,60.0,0.8,0.0,60.0,0.8,0.0,100.0,1.0,0.0,0.0,0.0,0.0,0.0,0.0,0.0
225,random,3,3,495.11420168650386,123.77855042162597,9422787.525005355,856617.0477277596,13167.6,147.9505617977528,141515.3793093418,1590.0604416779977,89.0,0.5886749355066987,60.273877955181554,77.2,36,0.9193396875367605,0.8674157303370786,60.273877955181554,100.0,7.199999999999999,0.6545454545454545,0.38662304581177315,0.0,11,100.0,1.0,0.0,100.0,1.0,0.0,100.0,1.0,0.0,100.0,1.0,0.0,100.0,1.0,0.0,0.0,0.0,0.0,29.638926951120084,0.6,2.0506795490783944,33.373730555877046,0.6,2.20217395485111,100.0,1.0,0.0,0.0,0.0,0.0,0.0,0.0,0.0
226,random,3,3,668.6328210887749,139.29850439349477,6000891.295184089,545535.5722894627,13552.0,157.21577726218098,139070.3500321183,1613.3451279828107,86.2,1.1783130664098918,58.62253526257601,77.0,38,1.7327196360225932,0.8932714617169374,58.62253526257601,100.0,7.6,0.6909090909090909,0.7468046715148553,0.0,11,100.0,1.0,0.0,100.0,1.0,0.0,100.0,1.0,0.0,100.0,1.0,0.0,100.0,1.0,0.0,0.0,0.0,0.0,24.070581368846433,0.8,4.342215808149906,20.777306519489684,0.8,3.872635578513503,100.0,1.0,0.0,0.0,0.0,0.0,0.0,0.0,0.0
227,random,3,3,527.399615793831,105.4799231587662,5800729.387225714,527339.0352023375,13937.8,161.69141531322506,135935.08770633856,1576.9731752475473,86.2,1.0642238889624662,56.12617663228775,78.2,32,1.5430086125669173,0.9071925754060325,56.12617663228775,100.0,6.4,0.5818181818181819,0.4964755436569982,0.0,11,100.0,1.0,0.0,100.0,1.0,0.0,100.0,1.0,0.0,100.0,1.0,0.0,100.0,1.0,0.0,0.0,0.0,0.0,0.0,0.0,0.0,17.387942955165272,0.4,5.46123098022698,100.0,1.0,0.0,0.0,0.0,0.0,0.0,0.0,0.0
228,random,3,3,631.0681688014627,131.4725351669714,5027214.944896189,457019.540445108,14335.4,163.6461187214612,135137.16335118416,1542.6616820911433,87.6,0.8475464504442319,55.4252058899717,81.2,32,1.2355587067789502,0.9269406392694064,55.4252058899717,100.0,6.4,0.5818181818181819,0.8885286756003334,0.0,11,100.0,1.0,0.0,100.0,1.0,0.0,100.0,1.0,0.0,100.0,1.0,0.0,100.0,1.0,0.0,9.677264789688707,0.4,9.773815431603667,0.0,0.0,0.0,0.0,0.0,0.0,100.0,1.0,0.0,0.0,0.0,0.0,0.0,0.0,0.0
229,random,3,3,343.0070128395685,85.75175320989213,9533212.614568878,866655.6922335344,14748.2,167.59318181818182,137341.628800422,1560.7003272775228,88.0,0.6967450931110487,60.19470647720854,83.2,36,1.039880157413001,0.9454545454545454,60.19470647720854,100.0,7.3999999999999995,0.6727272727272727,0.6884034937326163,0.0,11,100.0,1.0,0.0,100.0,1.0,0.0,100.0,1.0,0.0,100.0,1.0,0.0,100.0,1.0,0.0,0.0,0.0,0.0,40.0,0.6,0.05243346982375266,22.141771249293924,0.8,7.520004961235027,100.0,1.0,0.0,0.0,0.0,0.0,0.0,0.0,0.0
230,random,7,3,440.6418800202597,100.14588182278628,5802698.468643175,527518.042603925,14925.2,171.1605504587156,138846.8693606562,1592.2806119341305,87.2,1.0921818359429907,53.05334746255209,79.0,31,1.6752226671248185,0.9059633027522935,53.05334746255209,100.0,6.2,0.5636363636363636,0.626741969173908,0.0,11,100.0,1.0,0.0,100.0,1.0,0.0,100.0,1.0,0.0,100.0,1.0,0.0,100.0,1.0,0.0,0.0,0.0,0.0,3.5868220880729496,0.2,6.894161660912988,0.0,0.0,0.0,80.0,1.0,0.0,0.0,0.0,0.0,0.0,0.0,0.0
231,random,7,7,1014.2516822304503,181.11637182686616,5005396.068178816,455036.00619807414,15013.2,171.3835616438356,137352.1703970491,1567.9471506512457,87.6,0.9286944099191986,59.32399772046954,75.8,35,1.6520828248226413,0.865296803652968,59.32399772046954,100.0,7.0,0.6363636363636364,0.9411619486466509,0.0,11,100.0,1.0,0.0,100.0,1.0,0.0,100.0,1.0,0.0,100.0,1.0,0.0,100.0,1.0,0.0,11.712331656117385,0.2,8.538009589898328,100.0,1.0,0.0,0.0,0.0,0.0,40.8516432690476,0.8,1.8147718452148318,0.0,0.0,0.0,0.0,0.0,0.0
232,random,7,7,785.7125881283163,151.0985746400608,6231121.363310119,566465.5784827381,14525.0,171.28537735849056,136629.71877229918,1611.199513824283,84.8,0.8394905099676385,61.94833000176418,71.4,38,1.1585339438136304,0.8419811320754716,61.94833000176418,100.0,7.6,0.6909090909090909,0.7422804830775062,0.0,11,100.0,1.0,0.0,100.0,1.0,0.0,80.0,1.0,0.0,100.0,1.0,0.0,100.0,1.0,0.0,0.0,0.0,0.0,100.0,1.0,0.0,56.98658312569478,0.6,4.4741927969108986,44.44504689371115,1.0,3.6908925169416706,0.0,0.0,0.0,0.0,0.0,0.0
233,random,7,7,1497.4939547110298,207.98527148764302,3003749.4664128604,273068.13331026,11200.6,137.5995085995086,136141.37446922736,1672.498457852916,81.4,1.42616452353605,50.049223692952346,60.0,33,2.0183884211756293,0.7371007371007371,50.049223692952346,100.0,6.6,0.6,0.631296446241926,0.0,11,40.0,0.6,0.0,40.0,0.6,0.0,47.16903323436782,0.6,1.7853710186279095,100.0,1.0,0.0,100.0,1.0,0.0,0.0,0.0,0.0,100.0,1.0,0.0,100.0,1.0,0.0,23.372427388108008,0.8,5.158889890033278,0.0,0.0,0.0,0.0,0.0,0.0
234,random,7,7,1847.0079263626671,243.0273587319299,2620609.1617112407,238237.1965192037,7555.6,93.97512437810946,126005.56843561586,1567.2334382539286,80.4,1.571081007735123,61.9826771868731,53.6,40,2.404173152423772,0.6666666666666666,61.9826771868731,100.0,8.0,0.7272727272727273,0.9226393704629583,0.0,11,89.94559448755808,1.0,2.0297845472887692,85.47542060863634,1.0,1.7492223606784996,100.0,1.0,0.0,100.0,1.0,0.0,100.0,1.0,0.0,0.0,0.0,0.0,100.0,1.0,0.0,100.0,1.0,0.0,6.388433959409667,1.0,6.370026167125272,0.0,0.0,0.0,0.0,0.0,0.0
235,random,7,7,1531.0354016056842,218.71934308652632,3760323.7951169186,341847.6177379017,4379.0,55.57106598984772,123662.57821963294,1569.3220586247835,78.8,1.5710020119038448,66.32503231928612,52.4,39,2.5824465577061404,0.6649746192893401,66.32503231928612,100.0,7.800000000000001,0.7090909090909091,1.745613767061009,0.0,11,100.0,1.0,0.0,100.0,1.0,0.0,100.0,1.0,0.0,100.0,1.0,0.0,100.0,1.0,0.0,3.6319258546973288,0.4,11.490579931065446,100.0,1.0,0.0,100.0,1.0,0.0,25.943429657449997,0.4,7.711171506605652,0.0,0.0,0.0,0.0,0.0,0.0
236,random,4,7,1997.5171693474404,249.68964616843004,2802428.9751907066,254766.27047188242,2015.4,26.518421052631577,116861.75022615252,1537.654608238849,76.0,1.886292715199628,58.18181818181818,49.0,34,3.893631866156832,0.6447368421052632,58.18181818181818,100.0,6.8,0.6181818181818182,0.0,0.0,11,100.0,1.0,0.0,100.0,1.0,0.0,100.0,1.0,0.0,100.0,1.0,0.0,100.0,1.0,0.0,0.0,0.0,0.0,60.0,0.8,0.0,80.0,1.0,0.0,0.0,0.0,0.0,0.0,0.0,0.0,0.0,0.0,0.0
237,random,4,4,1958.1079963047207,244.7634995380901,2003621.1164411255,182147.3742219205,1810.6,23.575520833333332,119089.09467139028,1550.6392535337275,76.8,2.3595829282709913,51.69473336199851,54.8,31,3.9257451540937636,0.7135416666666666,51.69473336199851,100.0,6.199999999999999,0.5636363636363636,0.39499640835705724,0.0,11,100.0,1.0,0.0,100.0,1.0,0.0,100.0,1.0,0.0,100.0,1.0,0.0,100.0,1.0,0.0,0.0,0.0,0.0,33.34473521254495,0.6,2.0812576105223393,35.29733176943864,0.6,2.263702881405291,0.0,0.0,0.0,0.0,0.0,0.0,0.0,0.0,0.0
238,random,4,4,908.1799691664719,156.58275330456414,2226021.9941507424,202365.63583188568,2109.4,27.253229974160206,119854.49898529492,1548.5077388281,77.4,2.228179359647325,45.911444476835804,64.4,27,4.040506645480783,0.8320413436692506,45.911444476835804,100.0,5.4,0.49090909090909096,0.9985145980080282,0.0,11,100.0,1.0,0.0,100.0,1.0,0.0,100.0,1.0,0.0,100.0,1.0,0.0,100.0,1.0,0.0,5.025889245193866,0.4,10.98366057808831,0.0,0.0,0.0,0.0,0.0,0.0,0.0,0.0,0.0,0.0,0.0,0.0,0.0,0.0,0.0
239,random,4,4,518.9962611597928,86.49937685996547,2407316.0720800688,218846.91564364263,2455.2,31.476923076923075,124103.38144131098,1591.0689928373201,78.0,2.2570246617477867,45.45454545454545,71.6,25,3.9699682574805704,0.9179487179487179,45.45454545454545,100.0,5.0,0.45454545454545453,0.0,0.0,11,100.0,1.0,0.0,100.0,1.0,0.0,100.0,1.0,0.0,100.0,1.0,0.0,100.0,1.0,0.0,0.0,0.0,0.0,0.0,0.0,0.0,0.0,0.0,0.0,0.0,0.0,0.0,0.0,0.0,0.0,0.0,0.0,0.0
240,random,4,4,501.2900945645518,92.83149899343552,11515232.678292228,1046839.3343902025,2815.6,35.73096446700507,125088.7146046627,1587.4202360997806,78.8,2.590212771840595,46.21669881024321,72.8,26,4.071420392019321,0.9238578680203046,46.21669881024321,100.0,5.2,0.4727272727272727,1.0843569405203466,0.0,11,100.0,1.0,0.0,100.0,1.0,0.0,100.0,1.0,0.0,100.0,1.0,0.0,100.0,1.0,0.0,0.0,0.0,0.0,8.38368691267533,0.2,11.927926345723813,0.0,0.0,0.0,0.0,0.0,0.0,0.0,0.0,0.0,0.0,0.0,0.0
241,random,4,4,602.4248151355104,111.56015095102043,10886467.112000927,989678.8283637207,3182.4,39.68079800498753,125978.27638715328,1570.8014512113875,80.2,1.7384179308893515,45.45454545454545,74.4,25,2.743803965022708,0.9276807980049875,45.45454545454545,100.0,5.0,0.45454545454545453,0.0,0.0,11,100.0,1.0,0.0,100.0,1.0,0.0,100.0,1.0,0.0,100.0,1.0,0.0,100.0,1.0,0.0,0.0,0.0,0.0,0.0,0.0,0.0,0.0,0.0,0.0,0.0,0.0,0.0,0.0,0.0,0.0,0.0,0.0,0.0
242,random,1,4,566.2955502671538,85.80235610108392,5089815.420179473,462710.49274358846,2992.0,36.75675675675676,129299.70810229421,1588.448502485187,81.4,1.7876366524021605,64.12158802044483,72.4,38,2.9465902524345493,0.8894348894348895,64.12158802044483,100.0,8.0,0.7272727272727273,2.577415607910143,0.0,11,100.0,1.0,0.0,100.0,1.0,0.0,100.0,1.0,0.0,100.0,1.0,0.0,100.0,1.0,0.0,89.29456375075915,1.0,5.261663986997923,0.0,0.0,0.0,8.542442015173037,0.2,11.70625446709273,7.50046245896101,0.4,11.383653232920917,60.0,0.8,0.0,40.0,0.6,0.0
243,random,1,1,396.2933095633492,70.76666242202666,5002028.133484466,454729.83031676966,3293.6,40.165853658536584,128173.50006293708,1563.0914641821596,82.0,1.0291943303745597,65.45454545454545,74.4,36,1.490223081950232,0.9073170731707317,65.45454545454545,100.0,7.6,0.6909090909090909,0.0,0.0,11,100.0,1.0,0.0,100.0,1.0,0.0,100.0,1.0,0.0,100.0,1.0,0.0,100.0,1.0,0.0,100.0,1.0,0.0,0.0,0.0,0.0,0.0,0.0,0.0,0.0,0.0,0.0,60.0,0.8,0.0,60.0,0.8,0.0
244,random,1,1,915.1331428584635,134.57840336153876,4169736.2576155486,379066.93251050444,3666.0,43.53919239904988,134523.96777669835,1597.6718263265836,84.2,1.2183917252849517,64.77289544585966,75.4,36,1.2901369249505756,0.8954869358669834,64.77289544585966,100.0,7.6,0.6909090909090909,0.7271651123941753,0.0,11,100.0,1.0,0.0,100.0,1.0,0.0,100.0,1.0,0.0,100.0,1.0,0.0,100.0,1.0,0.0,100.0,1.0,0.0,0.0,0.0,0.0,12.501849904456321,0.2,7.998816236335928,0.0,0.0,0.0,40.0,0.6,0.0,60.0,0.8,0.0
245,random,1,1,464.8754262940298,68.3640332785338,4003601.9522198522,363963.8138381684,4043.2,48.24821002386635,133059.40857848755,1587.8211047552213,83.8,1.2866727385299632,63.63636363636363,76.4,35,1.2639379964477813,0.9116945107398569,63.63636363636363,100.0,7.3999999999999995,0.6727272727272727,0.0,0.0,11,100.0,1.0,0.0,100.0,1.0,0.0,100.0,1.0,0.0,100.0,1.0,0.0,100.0,1.0,0.0,100.0,1.0,0.0,0.0,0.0,0.0,0.0,0.0,0.0,0.0,0.0,0.0,40.0,0.6,0.0,60.0,0.8,0.0
246,random,1,1,610.721493408772,92.53355960738969,4650299.773510291,422754.5248645719,4427.0,52.082352941176474,135674.02392487298,1596.1649873514468,85.0,1.509631794816821,66.23075467243739,77.6,37,1.6733869913203958,0.9129411764705883,66.23075467243739,100.0,7.8,0.7090909090909091,0.8967888775741154,0.0,11,100.0,1.0,0.0,100.0,1.0,0.0,100.0,1.0,0.0,100.0,1.0,0.0,100.0,1.0,0.0,100.0,1.0,0.0,0.0,0.0,0.0,0.0,0.0,0.0,8.538301396811221,0.4,9.864677653315269,60.0,0.6,0.0,60.0,0.8,0.0
247,random,1,1,895.4082437282638,144.4206844723006,8320697.934075368,756427.0849159425,4816.2,55.61431870669746,134154.0632672215,1549.1231324159528,86.6,1.0733214381248597,71.72983922568743,79.6,41,1.5122894537501332,0.9191685912240185,71.72983922568743,100.0,8.6,0.7818181818181817,1.5690403701466031,0.0,11,100.0,1.0,0.0,100.0,1.0,0.0,100.0,1.0,0.0,100.0,1.0,0.0,100.0,1.0,0.0,100.0,1.0,0.0,4.512263845408597,0.4,10.860634390167094,44.51596763715315,0.6,6.398809681445542,0.0,0.0,0.0,60.0,0.8,0.0,80.0,0.8,0.0
248,random,5,1,1694.1831703384184,249.14458387329682,1830602.4698770524,166418.4063524593,4569.4,53.50585480093677,136186.0224727047,1594.6841038958394,85.4,0.7124512928344395,60.0,72.4,38,0.8063320222787892,0.8477751756440282,60.0,100.0,8.0,0.7272727272727273,0.0,0.0,11,60.0,0.8,0.0,60.0,0.8,0.0,60.0,0.8,0.0,100.0,1.0,0.0,100.0,1.0,0.0,100.0,1.0,0.0,0.0,0.0,0.0,100.0,1.0,0.0,0.0,0.0,0.0,40.0,0.8,0.0,40.0,0.8,0.0
249,random,5,5,1530.1312925792954,170.01458806436617,1971083.4225140586,179189.4020467326,3994.8,48.13012048192771,137787.99598847018,1660.096337210484,83.0,0.8978038223071172,49.74455213917777,60.2,32,0.8411028830523043,0.7253012048192771,49.74455213917777,100.0,6.6,0.6,0.4477260754082499,0.0,11,21.782792090534713,0.6,1.511890703697238,40.34379925113171,0.8,1.6060807821542757,25.06348218928906,0.6,1.807015343639235,100.0,1.0,0.0,100.0,1.0,0.0,100.0,1.0,0.0,0.0,0.0,0.0,100.0,1.0,0.0,0.0,0.0,0.0,60.0,0.6,0.0,0.0,0.0,0.0
250,random,5,5,1058.2332794918598,135.67093326818716,2268078.340821123,206188.94007464757,3538.4,44.789873417721516,135398.02783328382,1713.8990864972636,79.0,1.0658750064442468,48.31429883444302,51.4,36,1.0344645861247472,0.6506329113924051,48.31429883444302,100.0,7.2,0.6545454545454545,1.5564394041442187,0.0,11,45.29962425487611,1.0,3.748438553607659,40.654042967676105,0.8,4.185426922161227,34.17712457166999,1.0,3.902590343861457,100.0,1.0,0.0,100.0,1.0,0.0,100.0,1.0,0.0,0.0,0.0,0.0,100.0,1.0,0.0,11.326495384651025,0.2,5.284377625956061,0.0,0.2,0.0,0.0,0.0,0.0
251,random,5,5,990.0566468453274,137.50786761740656,2561476.790704224,232861.5264276567,2934.8,38.82010582010582,132245.90784180816,1749.2844952620128,75.6,2.2150055211921735,49.89880003197041,41.0,36,3.827145895693587,0.5423280423280423,49.89880003197041,100.0,7.2,0.6545454545454545,1.4362564339976236,0.0,11,16.145353403799163,0.8,5.0972178176443315,9.72600319448702,0.8,5.2843382486571695,23.015443753388354,0.6,5.417264707672358,100.0,1.0,0.0,100.0,1.0,0.0,100.0,1.0,0.0,0.0,0.0,0.0,100.0,1.0,0.0,100.0,1.0,0.0,0.0,0.0,0.0,0.0,0.0,0.0
252,random,5,5,1262.4494842428765,140.27216491587515,1493585.6141465495,135780.51037695905,2576.4,32.9462915601023,130464.60976006766,1668.3453933512487,78.2,2.338508309486314,72.72727272727273,40.6,40,3.7495013238511623,0.5191815856777494,72.72727272727273,100.0,8.0,0.7272727272727273,0.0,0.0,11,100.0,1.0,0.0,100.0,1.0,0.0,100.0,1.0,0.0,100.0,1.0,0.0,100.0,1.0,0.0,100.0,1.0,0.0,0.0,0.0,0.0,100.0,1.0,0.0,100.0,1.0,0.0,0.0,0.0,0.0,0.0,0.0,0.0
253,random,5,5,1288.6597814937388,137.09146611635518,1319806.605979328,119982.41872539347,2792.0,34.2997542997543,130110.12217647475,1598.4044493424417,81.4,2.2738291819036793,79.94236895861708,50.8,44,3.7389790220101258,0.6240786240786241,79.94236895861708,100.0,8.8,0.8,0.2104371204964597,0.0,11,100.0,1.0,0.0,100.0,1.0,0.0,100.0,1.0,0.0,100.0,1.0,0.0,100.0,1.0,0.0,100.0,1.0,0.0,79.36605854478785,0.8,2.314808325461057,100.0,1.0,0.0,100.0,1.0,0.0,0.0,0.0,0.0,0.0,0.0,0.0
254,random,3,5,1270.2632724757489,158.7829090594686,2853630.762131835,259420.97837562134,2876.6,34.163895486935864,131230.2487680099,1558.554023373039,84.2,0.9744286770019233,81.81818181818181,60.6,47,1.0737031245725983,0.7197149643705463,81.81818181818181,100.0,9.600000000000001,0.8727272727272729,0.0,0.0,11,100.0,1.0,0.0,100.0,1.0,0.0,100.0,1.0,0.0,100.0,1.0,0.0,100.0,1.0,0.0,100.0,1.0,0.0,60.0,0.8,0.0,80.0,1.0,0.0,100.0,1.0,0.0,60.0,0.8,0.0,0.0,0.0,0.0
255,random,3,3,2134.824404887816,254.14576248664474,1738104.0975705218,158009.463415502,3172.2,36.63048498845266,135999.54327508665,1570.4335251164741,86.6,1.5757005284588121,68.59532234074528,69.8,41,2.7411217531981094,0.8060046189376443,68.59532234074528,100.0,8.2,0.7454545454545454,0.6874629945004387,0.0,11,100.0,1.0,0.0,100.0,1.0,0.0,100.0,1.0,0.0,100.0,1.0,0.0,100.0,1.0,0.0,100.0,1.0,0.0,20.390321634622524,0.6,5.625988931492039,34.15822411357567,0.6,1.9361040080127867,100.0,1.0,0.0,0.0,0.0,0.0,0.0,0.0,0.0
256,random,3,3,2363.8045625894583,303.0518669986485,3011774.0540195736,273797.6412745067,3540.4,40.60091743119266,136798.60707921316,1568.791365587307,87.2,2.531438283419152,63.63636363636363,76.8,35,4.553115712499106,0.8807339449541285,63.63636363636363,100.0,7.0,0.6363636363636364,0.0,0.0,11,100.0,1.0,0.0,100.0,1.0,0.0,100.0,1.0,0.0,100.0,1.0,0.0,100.0,1.0,0.0,100.0,1.0,0.0,0.0,0.0,0.0,0.0,0.0,0.0,100.0,1.0,0.0,0.0,0.0,0.0,0.0,0.0,0.0
257,random,3,3,1307.7337387520186,198.14147556848766,2831762.1880848706,257432.9261895337,3936.0,43.733333333333334,141913.05974155624,1576.8117749061805,90.0,3.2285612572469065,63.63636363636363,81.8,35,5.2507024020128945,0.9088888888888889,63.63636363636363,100.0,7.0,0.6363636363636364,0.0,0.0,11,100.0,1.0,0.0,100.0,1.0,0.0,100.0,1.0,0.0,100.0,1.0,0.0,100.0,1.0,0.0,100.0,1.0,0.0,0.0,0.0,0.0,0.0,0.0,0.0,100.0,1.0,0.0,0.0,0.0,0.0,0.0,0.0,0.0
258,random,3,3,943.5779587553803,162.6858549578242,16552169.643135553,1504742.694830505,4355.8,47.44880174291939,141064.59388987205,1536.6513495628765,91.8,3.377591445604745,64.47012781602346,86.0,36,5.426635861234988,0.9368191721132898,64.47012781602346,100.0,7.2,0.6545454545454545,0.991223059413429,0.0,11,100.0,1.0,0.0,100.0,1.0,0.0,100.0,1.0,0.0,100.0,1.0,0.0,100.0,1.0,0.0,100.0,1.0,0.0,9.17140597625803,0.2,10.90345365354772,0.0,0.0,0.0,100.0,1.0,0.0,0.0,0.0,0.0,0.0,0.0,0.0
259,random,3,3,665.081168726332,138.55857681798582,9408906.791299181,855355.1628453801,4792.4,51.531182795698925,143794.70612292207,1546.179635730345,93.0,1.8856142172330879,63.63636363636363,88.4,35,4.0059158961050265,0.9505376344086022,63.63636363636363,100.0,7.0,0.6363636363636364,0.0,0.0,11,100.0,1.0,0.0,100.0,1.0,0.0,100.0,1.0,0.0,100.0,1.0,0.0,100.0,1.0,0.0,100.0,1.0,0.0,0.0,0.0,0.0,0.0,0.0,0.0,100.0,1.0,0.0,0.0,0.0,0.0,0.0,0.0,0.0
260,random,1,3,368.11683103186596,70.79169827535884,10954998.976022262,995908.9978202056,5136.2,54.873931623931625,147103.23410929157,1571.6157490308929,93.6,1.5067456600103954,74.54545454545455,87.6,43,3.011522740674042,0.9358974358974359,74.54545454545455,100.0,9.0,0.8181818181818182,0.9973265374810348,0.0,11,100.0,1.0,0.0,100.0,1.0,0.0,100.0,1.0,0.0,100.0,1.0,0.0,100.0,1.0,0.0,100.0,1.0,0.0,0.0,0.4,0.0,20.0,0.4,10.970591912291383,100.0,1.0,0.0,60.0,0.6,0.0,40.0,0.6,0.0
261,random,1,1,367.74556218598013,76.61365878874587,12003721.67724585,1091247.425204168,5563.2,58.807610993657505,146153.77648865798,1544.9659248272515,94.6,1.1662374064873358,69.0909090909091,88.4,39,2.1761113025520302,0.9344608879492601,69.0909090909091,100.0,8.0,0.7272727272727273,0.0,0.0,11,100.0,1.0,0.0,100.0,1.0,0.0,100.0,1.0,0.0,100.0,1.0,0.0,100.0,1.0,0.0,100.0,1.0,0.0,0.0,0.0,0.0,0.0,0.0,0.0,100.0,1.0,0.0,0.0,0.2,0.0,60.0,0.8,0.0
262,random,1,1,451.17594495519523,102.5399874898171,10607545.922696646,964322.356608786,6010.0,63.13025210084034,148170.64937069308,1556.4143841459356,95.2,1.9839445515206113,69.76026434047444,90.8,39,4.057828899927631,0.9537815126050421,69.76026434047444,100.0,8.0,0.7272727272727273,0.9579040957505576,0.0,11,100.0,1.0,0.0,100.0,1.0,0.0,100.0,1.0,0.0,100.0,1.0,0.0,100.0,1.0,0.0,100.0,1.0,0.0,7.362907745218763,0.2,10.536945053256133,0.0,0.0,0.0,100.0,1.0,0.0,0.0,0.0,0.0,60.0,0.8,0.0
263,random,1,1,1725.0128781533992,253.6783644343234,3605464.254815378,327769.47771048895,6461.2,65.93061224489796,152693.90722765567,1558.1010941597517,98.0,1.791389903474661,67.27272727272727,91.2,38,3.900673481867391,0.9306122448979591,67.27272727272727,100.0,7.8,0.7090909090909091,0.0,0.0,11,100.0,1.0,0.0,100.0,1.0,0.0,100.0,1.0,0.0,100.0,1.0,0.0,100.0,1.0,0.0,100.0,1.0,0.0,0.0,0.2,0.0,0.0,0.0,0.0,100.0,1.0,0.0,0.0,0.0,0.0,40.0,0.6,0.0
264,random,1,1,1070.3315063559633,184.53991488895917,4627928.446459865,420720.76785998774,6920.2,69.202,156662.1581491641,1566.6215814916413,100.0,0.8128042016017558,67.27272727272727,93.0,37,1.97071616261502,0.93,67.27272727272727,100.0,7.6,0.6909090909090909,0.0,0.0,11,100.0,1.0,0.0,100.0,1.0,0.0,100.0,1.0,0.0,100.0,1.0,0.0,100.0,1.0,0.0,100.0,1.0,0.0,0.0,0.0,0.0,0.0,0.0,0.0,100.0,1.0,0.0,0.0,0.0,0.0,40.0,0.6,0.0
265,random,1,1,696.4985802008838,158.2951318638372,6918921.440778951,628992.858252632,7390.8,72.45882352941176,158342.31689921668,1552.3756558746732,102.0,0.5822471617237539,69.0909090909091,95.6,38,1.1142392453310084,0.9372549019607843,69.0909090909091,100.0,7.8,0.7090909090909091,0.0,0.0,11,100.0,1.0,0.0,100.0,1.0,0.0,100.0,1.0,0.0,100.0,1.0,0.0,100.0,1.0,0.0,100.0,1.0,0.0,0.0,0.0,0.0,0.0,0.0,0.0,100.0,1.0,0.0,60.0,0.8,0.0,0.0,0.0,0.0
266,random,2,1,1029.3359408300087,205.86718816600174,3697694.8193622194,336154.0744874745,5968.0,59.79959919839679,156302.0479415267,1566.1527849852373,99.8,0.6894398731032961,55.6682430828137,89.2,34,1.0911528967216306,0.8937875751503006,55.6682430828137,100.0,6.8,0.6181818181818182,0.7360658338528914,0.0,11,100.0,1.0,0.0,100.0,1.0,0.0,100.0,1.0,0.0,60.0,0.8,0.0,60.0,0.8,0.0,80.0,1.0,0.0,0.0,0.0,0.0,12.350673910950718,0.2,8.096724172381805,100.0,1.0,0.0,0.0,0.0,0.0,0.0,0.0,0.0
267,random,2,2,836.06468163676,167.212936327352,4913299.353955703,446663.57763233664,4594.8,47.07786885245902,156564.7056101418,1604.1465738744039,97.6,0.5924451406466532,47.54286902520396,77.8,32,0.8692313943303155,0.7971311475409836,47.54286902520396,100.0,6.3999999999999995,0.5818181818181819,1.2443381752304925,0.0,11,100.0,1.0,0.0,100.0,1.0,0.0,100.0,1.0,0.0,27.748846735735242,0.6,1.989509354489885,28.520797067412786,0.6,1.782786408486904,25.968297836643615,0.6,1.9529138416393002,40.73361763745197,0.6,7.96251032291933,0.0,0.0,0.0,100.0,1.0,0.0,0.0,0.0,0.0,0.0,0.0,0.0
268,random,2,2,983.170960888315,169.51223463591637,5002126.296787548,454738.75425341347,4467.0,46.92226890756302,160291.5592709736,1683.7348662917395,95.2,0.8972807661125042,53.318481120904835,71.0,36,1.128289106781032,0.7457983193277311,53.318481120904835,100.0,7.199999999999999,0.6545454545454544,1.109451991658298,0.0,11,100.0,1.0,0.0,100.0,1.0,0.0,100.0,1.0,0.0,21.639779305096454,0.8,4.113546750371822,39.52875095873878,0.8,3.9932561885031257,25.334762066117946,0.6,4.09716896936633,100.0,1.0,0.0,0.0,0.0,0.0,100.0,1.0,0.0,0.0,0.0,0.0,0.0,0.0,0.0
269,random,2,2,513.530053031786,85.58834217196433,5000513.530053032,454592.13909573015,4768.8,51.057815845824415,153907.538492626,1647.8323179082013,93.4,1.3379301187117363,55.91157475893314,70.8,36,1.5821278052486012,0.7580299785867237,55.91157475893314,100.0,7.2,0.6545454545454544,1.4246631391075706,0.0,11,100.0,1.0,0.0,100.0,1.0,0.0,100.0,1.0,0.0,32.704500452987304,0.4,5.867136274106503,63.416919153082745,1.0,5.064008109902383,18.905902742194485,0.8,4.740150146174391,100.0,1.0,0.0,0.0,0.0,0.0,100.0,1.0,0.0,0.0,0.0,0.0,0.0,0.0,0.0
270,random,2,2,546.1409698077928,91.02349496796546,5000546.140969807,454595.10372452793,5139.0,55.73752711496746,145337.77855210993,1576.3316545781988,92.2,1.272574030014908,66.70364468902252,76.8,41,1.799082864654825,0.8329718004338394,66.70364468902252,100.0,8.2,0.7454545454545454,0.9706379061453692,0.0,11,100.0,1.0,0.0,100.0,1.0,0.0,100.0,1.0,0.0,14.27611707651522,1.0,6.623154851614783,100.0,1.0,0.0,100.0,1.0,0.0,100.0,1.0,0.0,19.463974502732526,0.2,4.053862115984278,100.0,1.0,0.0,0.0,0.0,0.0,0.0,0.0,0.0
271,random,2,2,502.51294304085206,96.63710443093309,5081737.8690662775,461976.16991511616,5541.2,61.432372505543235,141255.1111440963,1566.0211878502914,90.2,1.1196912924146523,74.26093060712695,82.4,43,1.9110386555236307,0.9135254988913526,74.26093060712695,100.0,8.6,0.7818181818181817,0.6290030944169868,0.0,11,100.0,1.0,0.0,100.0,1.0,0.0,100.0,1.0,0.0,16.870236678396395,0.6,6.9190340385868545,100.0,1.0,0.0,100.0,1.0,0.0,100.0,1.0,0.0,100.0,1.0,0.0,100.0,1.0,0.0,0.0,0.0,0.0,0.0,0.0,0.0
272,random,4,2,1128.805835198401,217.0780452304617,5003195.107628638,454835.9188753307,5384.6,61.049886621315196,136530.01131307695,1547.959311939648,88.2,0.5962566182703377,70.12373047871485,76.4,42,0.9967104097041454,0.8662131519274376,70.12373047871485,100.0,8.4,0.7636363636363637,0.42856355924584766,0.0,11,100.0,1.0,0.0,100.0,1.0,0.0,100.0,1.0,0.0,91.36103526586339,1.0,4.7141991517043245,100.0,1.0,0.0,100.0,1.0,0.0,60.0,0.8,0.0,60.0,0.8,0.0,60.0,0.8,0.0,0.0,0.0,0.0,0.0,0.0,0.0
273,random,4,4,820.2324213715121,157.73700410990617,5535018.456284327,503183.49602584797,5514.6,63.53225806451613,136611.29263108567,1573.8628183304802,86.8,1.032672828022227,60.803528517633985,72.4,38,1.7239727217243463,0.8341013824884793,60.803528517633985,100.0,7.6,0.6909090909090909,0.9694442542190548,0.0,11,100.0,1.0,0.0,100.0,1.0,0.0,100.0,1.0,0.0,100.0,1.0,0.0,100.0,1.0,0.0,100.0,1.0,0.0,24.56120831082444,0.6,1.7246204177020892,12.874992267452399,0.4,6.980908608967774,31.402613115697022,0.6,1.9583577697397394,0.0,0.0,0.0,0.0,0.0,0.0
274,random,4,4,967.009363248377,179.0758080089587,5203853.849113389,473077.6226466717,5879.0,69.49172576832152,135530.33787185937,1602.0134500219785,84.6,0.9552649265791228,56.346689897091395,75.2,34,1.4791429243584038,0.8888888888888888,56.346689897091395,100.0,6.8,0.6181818181818182,0.35995268118497825,0.0,11,100.0,1.0,0.0,100.0,1.0,0.0,100.0,1.0,0.0,100.0,1.0,0.0,100.0,1.0,0.0,100.0,1.0,0.0,0.0,0.0,0.0,0.0,0.0,0.0,19.813588868005354,0.8,3.9594794930347605,0.0,0.0,0.0,0.0,0.0,0.0
275,random,4,4,569.8086645487207,94.96811075812012,5000569.808664548,454597.2553331407,6254.8,75.35903614457831,132162.20204114838,1592.3156872427517,83.0,1.914454959515406,55.53878727232214,75.6,32,3.31983933612023,0.9108433734939759,55.53878727232214,100.0,6.4,0.5818181818181819,0.5002971602029848,0.0,11,100.0,1.0,0.0,100.0,1.0,0.0,100.0,1.0,0.0,100.0,1.0,0.0,100.0,1.0,0.0,100.0,1.0,0.0,0.0,0.0,0.0,0.0,0.0,0.0,10.92665999554356,0.4,5.503268762232832,0.0,0.0,0.0,0.0,0.0,0.0
276,random,4,4,539.8301970316973,103.81349942917255,5450089.482255524,495462.68020504765,6639.2,79.22673031026252,131080.5837947758,1564.2074438517398,83.8,2.3458992550107562,55.97808686821199,77.8,31,4.199375785225044,0.9284009546539379,55.97808686821199,100.0,6.2,0.5636363636363636,0.3931839197914343,0.0,11,100.0,1.0,0.0,100.0,1.0,0.0,100.0,1.0,0.0,100.0,1.0,0.0,100.0,1.0,0.0,100.0,1.0,0.0,0.0,0.0,0.0,0.0,0.0,0.0,15.758955550331848,0.2,4.325023117705777,0.0,0.0,0.0,0.0,0.0,0.0
277,random,6,4,520.4297704283692,144.56382511899145,7074205.64397482,643109.603997711,6918.8,82.36666666666666,132147.4870395893,1573.1843695189202,84.0,1.3531568692403224,60.45487782988816,76.8,36,3.273693656677225,0.9142857142857143,60.45487782988816,100.0,7.2,0.6545454545454545,1.0441477435133,0.0,11,100.0,1.0,0.0,100.0,1.0,0.0,100.0,1.0,0.0,100.0,1.0,0.0,100.0,1.0,0.0,60.0,0.8,0.0,5.003656128769762,0.4,11.4856251786463,0.0,0.0,0.0,100.0,1.0,0.0,0.0,0.0,0.0,0.0,0.0,0.0
278,random,6,6,126.88425095646853,42.29475031882284,9018846.116933852,819895.1015394412,7194.8,86.6843373493976,129004.665305114,1554.2730759652288,83.0,1.4737076342915467,58.1982586609113,74.8,35,3.3685867295282828,0.9012048192771084,58.1982586609113,100.0,7.0,0.6363636363636364,1.1171055141938004,0.0,11,100.0,1.0,0.0,100.0,1.0,0.0,100.0,1.0,0.0,100.0,1.0,0.0,100.0,1.0,0.0,33.51474096756192,0.6,2.17027449521174,6.666104302462372,0.4,10.117886160920065,0.0,0.0,0.0,100.0,1.0,0.0,0.0,0.0,0.0,0.0,0.0,0.0
279,random,6,6,623.7235440488996,155.9308860122249,6800950.274239686,618268.2067490624,7569.0,91.85679611650485,129234.51489998671,1568.3800351940133,82.4,1.9239637384171115,57.27219065889544,76.2,35,4.04004591208856,0.9247572815533981,57.27219065889544,100.0,7.0,0.6363636363636364,0.34218693502082453,0.0,11,100.0,1.0,0.0,100.0,1.0,0.0,100.0,1.0,0.0,100.0,1.0,0.0,100.0,1.0,0.0,29.994097247849822,1.0,3.7640562852290698,0.0,0.0,0.0,0.0,0.0,0.0,100.0,1.0,0.0,0.0,0.0,0.0,0.0,0.0,0.0
280,random,6,6,957.7790914401263,177.3664984148382,5401210.519631365,491019.13814830594,7949.0,95.7710843373494,131837.0229117021,1588.3978664060494,83.0,1.9424608098025247,56.084966198926935,76.4,34,3.850955448497135,0.9204819277108434,56.084966198926935,100.0,6.8,0.6181818181818182,0.500737046966329,0.0,11,100.0,1.0,0.0,100.0,1.0,0.0,100.0,1.0,0.0,100.0,1.0,0.0,100.0,1.0,0.0,16.934628188196257,0.8,5.50810751662962,0.0,0.0,0.0,0.0,0.0,0.0,100.0,1.0,0.0,0.0,0.0,0.0,0.0,0.0,0.0
281,random,6,6,796.5429707538271,137.3349949575564,5200796.542970752,472799.68572461384,8329.0,100.10817307692308,131065.26178636271,1575.3036272399365,83.2,0.9735627402164387,55.01139769629431,76.4,32,1.4828681720921635,0.9182692307692307,55.01139769629431,100.0,6.4,0.5818181818181819,1.0354486620900312,0.0,11,100.0,1.0,0.0,100.0,1.0,0.0,100.0,1.0,0.0,100.0,1.0,0.0,100.0,1.0,0.0,0.0,0.0,0.0,0.0,0.0,0.0,5.125374659237423,0.4,11.389935282990342,100.0,1.0,0.0,0.0,0.0,0.0,0.0,0.0,0.0
282,random,2,6,762.3606306331209,127.06010510552015,5000762.360630633,454614.7600573303,8367.6,102.54411764705883,129921.33590585501,1592.17323414038,81.6,1.2468636354494398,47.27272727272727,71.4,28,1.8806070839292026,0.875,47.27272727272727,100.0,5.6,0.509090909090909,0.0,0.0,11,100.0,1.0,0.0,100.0,1.0,0.0,100.0,1.0,0.0,60.0,0.8,0.0,60.0,0.8,0.0,0.0,0.0,0.0,0.0,0.0,0.0,0.0,0.0,0.0,100.0,1.0,0.0,0.0,0.0,0.0,0.0,0.0,0.0
283,random,2,2,375.6897715177201,62.614961919620015,5000375.689771518,454579.6081610471,8398.8,104.20347394540943,132779.4443338502,1647.3876468219628,80.6,1.895957050296311,41.30463372014715,65.0,26,2.7206946299769577,0.8064516129032258,41.30463372014715,100.0,5.2,0.4727272727272727,0.31932104822956014,0.0,11,100.0,1.0,0.0,100.0,1.0,0.0,100.0,1.0,0.0,29.12996442775693,0.6,2.001826134743745,25.22100649386175,0.6,1.5107053957814165,0.0,0.0,0.0,0.0,0.0,0.0,0.0,0.0,0.0,100.0,1.0,0.0,0.0,0.0,0.0,0.0,0.0,0.0
284,random,2,2,346.92440294237133,57.82073382372855,5000346.924402942,454576.99312754016,8714.2,111.43478260869566,129482.93706622387,1655.7920340949345,78.2,2.588779128996123,45.27227526818106,64.8,30,3.7526752572958255,0.8286445012787724,45.27227526818106,100.0,6.000000000000001,0.5454545454545454,2.197137616416578,0.0,11,100.0,1.0,0.0,100.0,1.0,0.0,100.0,1.0,0.0,35.883661545740324,0.6,4.193178431359664,42.630664770626936,0.8,3.8533442012900334,4.3750712254177415,0.4,11.4094446326606,15.105630408206707,0.2,4.712546515272059,0.0,0.0,0.0,100.0,1.0,0.0,0.0,0.0,0.0,0.0,0.0,0.0
285,random,2,2,523.5668903611039,104.71337807222078,5317112.723563776,483373.8839603433,9041.6,118.96842105263158,122045.35463953852,1605.8599294676121,76.0,1.6968892358348031,49.31964418328293,66.6,32,2.850667187916013,0.8763157894736842,49.31964418328293,100.0,6.4,0.5818181818181819,1.7627085961937545,0.0,11,100.0,1.0,0.0,100.0,1.0,0.0,100.0,1.0,0.0,3.1422989617340136,0.6,5.366302929757851,27.76491703645206,0.6,5.409388804792673,0.0,0.0,0.0,100.0,1.0,0.0,11.608870017926165,0.2,8.614102823580776,100.0,1.0,0.0,0.0,0.0,0.0,0.0,0.0,0.0
286,random,2,2,524.4896992700344,87.41494987833907,5000524.489699269,454593.13542720623,9376.0,127.73841961852861,117938.7809444393,1606.795380714432,73.4,2.375745176275264,46.25412256651089,67.0,27,3.481179079109577,0.9128065395095368,46.25412256651089,100.0,5.4,0.49090909090909096,1.0336042248136097,0.0,11,100.0,1.0,0.0,100.0,1.0,0.0,100.0,1.0,0.0,8.795348231619755,0.2,11.369646472949707,0.0,0.2,0.0,0.0,0.0,0.0,100.0,1.0,0.0,0.0,0.0,0.0,100.0,1.0,0.0,0.0,0.0,0.0,0.0,0.0,0.0
287,random,2,2,296.4122710700985,57.00235982117278,5104772.04394645,464070.1858133136,9713.0,135.27855153203342,113235.56916253392,1577.0970635450408,71.8,3.3061885823542094,46.24820851857418,67.8,26,4.927438245852883,0.9442896935933147,46.24820851857418,100.0,5.2,0.4727272727272727,1.0413062147513847,0.0,11,100.0,1.0,0.0,100.0,1.0,0.0,100.0,1.0,0.0,0.0,0.0,0.0,8.730293704315955,0.2,11.454368362265232,0.0,0.0,0.0,100.0,1.0,0.0,0.0,0.0,0.0,100.0,1.0,0.0,0.0,0.0,0.0,0.0,0.0,0.0
288,random,0,2,211.36605929361568,44.034595686169936,7769905.660817022,706355.0600742748,9909.0,139.17134831460675,112976.75149076106,1586.7521276792284,71.2,2.6846492175762737,42.87229385841411,64.4,26,4.2938551619182395,0.9044943820224719,42.87229385841411,100.0,5.2,0.4727272727272727,0.5586595508617052,0.0,11,100.0,1.0,0.0,100.0,1.0,0.0,100.0,1.0,0.0,0.0,0.0,0.0,0.0,0.0,0.0,0.0,0.0,0.0,60.0,0.8,0.0,11.595232442555243,0.4,6.145255059478757,100.0,1.0,0.0,0.0,0.0,0.0,0.0,0.0,0.0
289,random,0,0,266.6474304823989,55.55154801716643,6000521.120878433,545501.9200798576,10206.2,143.34550561797752,111674.30308525416,1568.4593129951427,71.2,2.014251073996856,37.51901296693756,63.6,24,3.1686715298954526,0.8932584269662921,37.51901296693756,100.0,4.8,0.43636363636363634,1.781693965409729,0.0,11,100.0,1.0,0.0,100.0,1.0,0.0,100.0,1.0,0.0,0.0,0.0,0.0,0.0,0.0,0.0,6.250700928585502,0.4,11.485096284281465,6.458441707727616,0.4,8.113537335225553,0.0,0.0,0.0,100.0,1.0,0.0,0.0,0.0,0.0,0.0,0.0,0.0
290,random,0,0,570.9721819738,95.16203032896668,5000570.972181975,454597.36110745225,10525.0,151.65706051873198,110041.76326067878,1585.6161853123745,69.4,3.02202783948532,36.36363636363637,64.0,20,4.220817044694334,0.9221902017291066,36.36363636363637,100.0,4.0,0.36363636363636365,0.0,0.0,11,100.0,1.0,0.0,100.0,1.0,0.0,100.0,1.0,0.0,0.0,0.0,0.0,0.0,0.0,0.0,0.0,0.0,0.0,0.0,0.0,0.0,0.0,0.0,0.0,100.0,1.0,0.0,0.0,0.0,0.0,0.0,0.0,0.0
291,random,0,0,248.21536730215962,41.36922788369327,5000248.215367301,454568.0195788456,10845.0,157.17391304347825,111961.27396287106,1622.6271588821892,69.0,4.027238037234002,36.962822469954105,64.0,21,4.793039687772047,0.927536231884058,36.962822469954105,100.0,4.2,0.38181818181818183,1.0535425302911217,0.0,11,100.0,1.0,0.0,100.0,1.0,0.0,100.0,1.0,0.0,6.591047169495141,0.2,11.588967833202338,0.0,0.0,0.0,0.0,0.0,0.0,0.0,0.0,0.0,0.0,0.0,0.0,100.0,1.0,0.0,0.0,0.0,0.0,0.0,0.0,0.0
292,random,0,0,241.47806372215254,43.121082807527245,5003002.831845595,454818.4392586904,11165.2,159.95988538681948,109383.90029891185,1567.1045888096253,69.8,3.7443211108746866,38.15922498272068,64.4,23,4.9708500403029605,0.9226361031518625,38.15922498272068,100.0,4.6000000000000005,0.41818181818181815,1.8599325877006727,0.0,11,100.0,1.0,0.0,100.0,1.0,0.0,100.0,1.0,0.0,0.0,0.2,0.0,0.0,0.0,0.0,10.870557904195266,0.2,9.199159866616144,8.880916905732192,0.2,11.260098598091256,0.0,0.0,0.0,100.0,1.0,0.0,0.0,0.0,0.0,0.0,0.0,0.0
293,random,0,0,347.7059269055148,108.65810215797336,6309883.569694073,573625.7790630976,11494.6,161.44101123595505,107272.4013609762,1506.6348505755086,71.2,0.7854555733100622,37.147745277571545,67.6,22,2.0336691794141255,0.949438202247191,37.147745277571545,100.0,4.4,0.4,1.0169878875921396,0.0,11,100.0,1.0,0.0,100.0,1.0,0.0,100.0,1.0,0.0,0.0,0.0,0.0,8.625198053287022,0.4,11.186866763513537,0.0,0.0,0.0,0.0,0.0,0.0,0.0,0.0,0.0,100.0,1.0,0.0,0.0,0.0,0.0,0.0,0.0,0.0
294,random,6,0,627.338425832145,184.51130171533677,7173300.759043112,652118.2508221011,11806.2,163.5207756232687,113242.82883250627,1568.460233137206,72.2,0.7937177904847864,36.36363636363637,67.6,20,1.553795438328702,0.9362880886426593,36.36363636363637,100.0,4.0,0.36363636363636365,0.0,0.0,11,100.0,1.0,0.0,100.0,1.0,0.0,100.0,1.0,0.0,0.0,0.0,0.0,0.0,0.0,0.0,0.0,0.0,0.0,0.0,0.0,0.0,0.0,0.0,0.0,100.0,1.0,0.0,0.0,0.0,0.0,0.0,0.0,0.0
295,random,6,6,668.6183634550064,133.72367269100127,6000668.618363453,545515.3289421321,12140.0,167.67955801104972,115262.7745802085,1592.0272732072997,72.4,2.1112112387973516,36.68187164747244,67.2,21,3.873531800598084,0.9281767955801105,36.68187164747244,100.0,4.2,0.38181818181818183,1.0840755142271523,0.0,11,100.0,1.0,0.0,100.0,1.0,0.0,100.0,1.0,0.0,0.0,0.0,0.0,0.0,0.0,0.0,3.5005881221968593,0.2,11.924830656498676,0.0,0.0,0.0,0.0,0.0,0.0,100.0,1.0,0.0,0.0,0.0,0.0,0.0,0.0,0.0
296,random,6,6,625.3029648752392,111.6612437277213,5400625.302964875,490965.9366331704,12475.0,168.5810810810811,119081.02613025895,1609.2030558143101,74.0,1.4666986213894677,36.36363636363637,67.4,21,2.490100364957301,0.9108108108108108,36.36363636363637,100.0,4.2,0.38181818181818183,0.0,0.0,11,100.0,1.0,0.0,100.0,1.0,0.0,100.0,1.0,0.0,0.0,0.0,0.0,0.0,0.0,0.0,0.0,0.2,0.0,0.0,0.0,0.0,0.0,0.0,0.0,100.0,1.0,0.0,0.0,0.0,0.0,0.0,0.0,0.0
297,random,6,6,350.58429132095586,58.43071522015931,5000350.584291321,454577.3258446656,12810.2,172.64420485175202,117694.97800432879,1586.185687389876,74.2,1.9477483717473738,38.49048781704244,67.4,25,2.2351554143077212,0.9083557951482479,38.49048781704244,100.0,5.0,0.45454545454545453,1.9674894147889774,0.0,11,100.0,1.0,0.0,100.0,1.0,0.0,100.0,1.0,0.0,0.0,0.0,0.0,0.0,0.0,0.0,0.0,0.0,0.0,3.395365987466903,0.6,11.325034068711101,20.0,0.4,10.31734949396765,100.0,1.0,0.0,0.0,0.0,0.0,0.0,0.0,0.0
298,random,6,6,312.1690596298155,67.86283904995989,6631956.919036854,602905.1744578958,13152.2,174.43236074270558,119357.66520562887,1582.992907236457,75.4,1.8038091585418063,36.57532420574791,69.6,23,2.6184956964258683,0.9230769230769231,36.57532420574791,100.0,4.6,0.41818181818181815,1.0710136007501978,0.0,11,100.0,1.0,0.0,100.0,1.0,0.0,100.0,1.0,0.0,2.328566263227003,0.4,11.781149608252177,0.0,0.0,0.0,0.0,0.0,0.0,0.0,0.2,0.0,0.0,0.0,0.0,100.0,1.0,0.0,0.0,0.0,0.0,0.0,0.0,0.0
299,random,6,6,741.5738932375643,132.42390950670793,5201024.48399025,472820.4076354773,13504.0,174.02061855670104,123212.82654632095,1587.7941565247545,77.6,1.753555745271326,36.927767337255816,71.2,22,2.6148305730120582,0.9175257731958762,36.927767337255816,100.0,4.4,0.4,1.0446617121554238,0.0,11,100.0,1.0,0.0,100.0,1.0,0.0,100.0,1.0,0.0,0.0,0.0,0.0,0.0,0.0,0.0,6.205440709813956,0.4,11.49127883370966,0.0,0.0,0.0,0.0,0.0,0.0,100.0,1.0,0.0,0.0,0.0,0.0,0.0,0.0,0.0
300,random,0,6,516.9481785046829,86.15802975078049,5000516.9481785055,454592.4498344096,13722.0,181.5079365079365,118997.77258949637,1574.044610972174,75.6,1.5119376904779036,37.14469003626784,66.2,24,1.8693911305354696,0.8756613756613757,37.14469003626784,100.0,4.8,0.43636363636363634,1.988948020274889,0.0,11,100.0,1.0,0.0,100.0,1.0,0.0,100.0,1.0,0.0,0.0,0.0,0.0,6.437527556918212,0.4,10.701889340805472,0.0,0.0,0.0,0.0,0.0,0.0,2.1540628420279972,0.4,11.176538882218306,100.0,1.0,0.0,0.0,0.0,0.0,0.0,0.0,0.0
301,random,0,0,273.2153848157646,45.5358974692941,5000273.215384815,454570.29230771045,14049.0,196.76470588235293,114711.77938189956,1606.6075543683412,71.4,3.528809927011591,37.130007309735284,66.0,21,4.658093480395434,0.9243697478991597,37.130007309735284,100.0,4.2,0.38181818181818183,1.0783893690106872,0.0,11,100.0,1.0,0.0,100.0,1.0,0.0,100.0,1.0,0.0,8.430080407088099,0.2,11.862283059117559,0.0,0.0,0.0,0.0,0.0,0.0,0.0,0.0,0.0,0.0,0.0,0.0,100.0,1.0,0.0,0.0,0.0,0.0,0.0,0.0,0.0
302,random,0,0,290.13987552522275,55.79612990869668,5218349.371461238,474395.39740556706,14379.6,201.96067415730337,111335.51176082533,1563.7010078767603,71.2,3.4338994000345533,37.166444962679385,66.8,21,4.8913375856219075,0.9382022471910112,37.166444962679385,100.0,4.2,0.38181818181818183,1.0294437328858836,0.0,11,100.0,1.0,0.0,100.0,1.0,0.0,100.0,1.0,0.0,0.0,0.0,0.0,0.0,0.0,0.0,0.0,0.0,0.0,8.830894589473246,0.2,11.32388106174472,0.0,0.0,0.0,100.0,1.0,0.0,0.0,0.0,0.0,0.0,0.0,0.0
303,random,0,0,155.8149888414053,31.16299776828106,6088522.560978572,553502.050998052,14714.0,204.36111111111111,113109.25146462198,1570.9618258975274,72.0,3.6384289637426046,37.527338154419674,67.2,21,5.221355108470713,0.9333333333333333,37.527338154419674,100.0,4.2,0.38181818181818183,0.7101873414111023,0.0,11,100.0,1.0,0.0,100.0,1.0,0.0,100.0,1.0,0.0,0.0,0.0,0.0,0.0,0.0,0.0,12.800719698616376,0.2,7.8120607555221255,0.0,0.0,0.0,0.0,0.0,0.0,100.0,1.0,0.0,0.0,0.0,0.0,0.0,0.0,0.0
304,random,0,0,200.39562384454388,41.749088300946646,7725357.228470611,702305.2025882374,15052.6,205.63661202185793,113797.59970536668,1554.612017832878,73.2,2.8188117354463875,37.14479999636958,68.8,21,4.549898024380024,0.9398907103825137,37.14479999636958,100.0,4.2,0.38181818181818183,1.0579681981610978,0.0,11,100.0,1.0,0.0,100.0,1.0,0.0,100.0,1.0,0.0,0.0,0.0,0.0,0.0,0.0,0.0,0.0,0.0,0.0,0.0,0.0,0.0,8.59279996006535,0.2,11.637650179772075,100.0,1.0,0.0,0.0,0.0,0.0,0.0,0.0,0.0
305,random,0,0,138.67558598074058,27.735117196148117,6000138.6755859805,545467.1523259982,15397.0,207.5067385444744,118341.43084512991,1594.8979898265486,74.2,3.6084382822017758,36.36363636363637,69.2,20,5.193874228983651,0.9326145552560647,36.36363636363637,100.0,4.0,0.36363636363636365,0.0,0.0,11,100.0,1.0,0.0,100.0,1.0,0.0,100.0,1.0,0.0,0.0,0.0,0.0,0.0,0.0,0.0,0.0,0.0,0.0,0.0,0.0,0.0,0.0,0.0,0.0,100.0,1.0,0.0,0.0,0.0,0.0,0.0,0.0,0.0
306,random,5,0,1547.5765978429804,193.44707473037255,1009463.6688237643,91769.42443852403,12916.0,177.90633608815426,118580.82284199199,1633.3446672450689,72.6,3.675459404607214,32.51176260691202,58.6,22,4.8069238696387755,0.8071625344352618,32.51176260691202,100.0,4.6,0.41818181818181815,2.06267347958864,0.0,11,80.0,1.0,0.0,60.0,0.8,0.0,60.0,0.8,0.0,8.805909254178914,0.2,11.356010732513989,0.0,0.0,0.0,0.0,0.0,0.0,0.0,0.0,0.0,8.823479421853335,0.2,11.333397542961054,100.0,1.0,0.0,40.0,0.6,0.0,0.0,0.0,0.0
307,random,5,5,1769.30959257846,176.930959257846,1001769.3095925786,91069.93723568897,9373.6,132.77053824362605,119627.54573004475,1694.441157649359,70.6,2.6145380676274907,30.05854912875913,46.8,22,3.92331553896015,0.6628895184135978,30.05854912875913,100.0,4.6,0.41818181818181815,0.9013038695962133,0.0,11,24.66958057593729,0.6,1.9377858234470913,27.35982053468888,0.6,1.8450630015508602,21.945995499067976,0.6,1.6943222064329537,0.0,0.0,0.0,0.0,0.0,0.0,96.66864380665629,1.0,4.437171534127441,0.0,0.0,0.0,0.0,0.0,0.0,100.0,1.0,0.0,60.0,0.8,0.0,0.0,0.0,0.0
308,random,5,5,764.2967230359418,86.85190034499338,2200764.2967230356,200069.48152027596,6200.8,93.95151515151515,117350.01299811706,1778.0304999714706,66.0,2.1294703059120796,33.54151480818762,35.2,29,3.1172154607301454,0.5333333333333333,33.54151480818762,100.0,5.999999999999999,0.5454545454545454,2.8420283601919554,0.0,11,28.42172640302124,1.0,3.929814207052285,33.80327460507033,1.0,3.7959609966074317,31.25794154077994,0.8,3.826699984804322,3.8400218526157914,0.4,11.11411804342658,0.0,0.0,0.0,100.0,1.0,0.0,11.633698488576556,0.2,8.595718730220893,0.0,0.0,0.0,100.0,1.0,0.0,60.0,0.6,0.0,0.0,0.0,0.0
309,random,5,5,507.0603873084172,70.42505379283573,4876445.734144818,443313.2485586198,3165.6,49.4625,110488.2193906449,1726.3784279788265,64.0,1.2629445675394255,37.53947603799009,27.6,24,0.9968305736465055,0.43125,37.53947603799009,100.0,5.0,0.45454545454545453,1.3659630435732106,0.0,11,24.13105983922378,0.6,5.785273566371998,72.16843614069603,0.8,4.887111708488101,56.63474043797123,0.8,4.353208204445217,0.0,0.0,0.0,0.0,0.0,0.0,100.0,1.0,0.0,0.0,0.0,0.0,0.0,0.0,0.0,100.0,1.0,0.0,60.0,0.8,0.0,0.0,0.0,0.0
310,random,5,5,680.5921168947905,91.97190768848519,3600680.5921168947,327334.59928335407,1632.8,24.814589665653497,109904.03307945495,1670.274058958282,65.8,1.457965766200677,42.435996376415126,31.8,25,1.3947977853196112,0.48328267477203646,42.435996376415126,100.0,5.0,0.45454545454545453,0.48037772170004983,0.0,11,66.79596014056642,0.8,5.284154938700548,100.0,1.0,0.0,100.0,1.0,0.0,0.0,0.0,0.0,0.0,0.0,0.0,100.0,1.0,0.0,0.0,0.0,0.0,0.0,0.0,0.0,100.0,1.0,0.0,0.0,0.2,0.0,0.0,0.0,0.0
311,random,5,5,1286.628335266786,178.69837989816472,2417666.066099218,219787.824190838,1819.0,25.619718309859156,110902.59498591998,1562.00838008338,71.0,1.0952212100282326,46.52673161730118,43.0,26,1.3066457420862676,0.6056338028169014,46.52673161730118,100.0,5.2,0.4727272727272727,0.7708048375364279,0.0,11,100.0,1.0,0.0,100.0,1.0,0.0,100.0,1.0,0.0,0.0,0.0,0.0,0.0,0.0,0.0,100.0,1.0,0.0,0.0,0.0,0.0,11.794047790313016,0.2,8.478853212900708,100.0,1.0,0.0,0.0,0.0,0.0,0.0,0.0,0.0
312,random,4,5,1811.7127133287631,201.3014125920848,2001811.7127133287,181982.88297393898,1456.2,19.947945205479453,115572.83106932661,1583.1894667031042,73.0,1.1660033029972232,44.267132868194494,47.4,27,1.32250660573515,0.6493150684931507,44.267132868194494,100.0,5.4,0.49090909090909096,0.9573231881903745,0.0,11,100.0,1.0,0.0,100.0,1.0,0.0,100.0,1.0,0.0,0.0,0.0,0.0,6.938461550139436,0.4,10.53055507009412,100.0,1.0,0.0,0.0,0.0,0.0,0.0,0.0,0.0,80.0,1.0,0.0,0.0,0.0,0.0,0.0,0.0,0.0
313,random,4,4,1701.399374512245,218.1281249374673,2037194.1446033022,185199.46769120928,1208.6,16.556164383561644,119466.35908378805,1636.525466901206,73.0,1.5828536683303787,37.94270748268363,52.8,22,1.8526147318443544,0.7232876712328767,37.94270748268363,100.0,4.4,0.4,0.22206210410755692,0.0,11,100.0,1.0,0.0,100.0,1.0,0.0,100.0,1.0,0.0,0.0,0.0,0.0,0.0,0.0,0.0,100.0,1.0,0.0,0.0,0.0,0.0,0.0,0.0,0.0,17.369782309519906,0.4,2.442683145183126,0.0,0.0,0.0,0.0,0.0,0.0
314,random,4,4,1278.5387451087136,206.21592663043768,2923550.917018319,265777.3560925745,1437.6,18.91578947368421,121662.04147564694,1600.816335205881,76.0,1.5224660518401958,40.106552350184344,59.4,25,2.4062090366371898,0.781578947368421,40.106552350184344,100.0,5.0,0.45454545454545453,1.3337689896130496,0.0,11,100.0,1.0,0.0,100.0,1.0,0.0,100.0,1.0,0.0,7.3080281726561225,0.4,10.297726271674192,0.0,0.0,0.0,100.0,1.0,0.0,0.0,0.0,0.0,0.0,0.0,0.0,33.86404767937165,0.6,4.373732614069354,0.0,0.0,0.0,0.0,0.0,0.0
315,random,4,4,1280.4887560886248,213.41479268143746,3994936.5879928716,363176.0534538974,1749.4,22.83812010443864,122776.90567148,1602.831666729504,76.6,1.7865977234176995,38.04272199918325,64.8,26,2.8936321742500395,0.8459530026109661,38.04272199918325,100.0,5.2,0.4727272727272727,1.56765859593049,0.0,11,100.0,1.0,0.0,100.0,1.0,0.0,100.0,1.0,0.0,0.0,0.0,0.0,0.0,0.0,0.0,100.0,1.0,0.0,8.366494322044673,0.4,11.647470061294737,0.0,0.0,0.0,10.103447668971057,0.8,5.596774493940655,0.0,0.0,0.0,0.0,0.0,0.0
316,random,4,4,788.1121803065859,135.88141039768723,10406581.154723125,946052.8322475568,2084.2,26.38227848101266,122061.10142589072,1545.077233239123,79.0,1.329224764246805,45.82060409324516,69.4,27,2.1581034478041077,0.8784810126582279,45.82060409324516,100.0,5.4,0.49090909090909096,0.9823700333000585,0.0,11,100.0,1.0,0.0,100.0,1.0,0.0,100.0,1.0,0.0,0.0,0.0,0.0,0.0,0.0,0.0,100.0,1.0,0.0,4.02664502569678,0.4,10.806070366300643,0.0,0.0,0.0,100.0,1.0,0.0,0.0,0.0,0.0,0.0,0.0,0.0
317,random,6,4,389.2390345891952,77.84780691783905,10131301.708130062,921027.4280118238,2257.0,28.861892583120206,125466.71891951274,1604.4337457738202,78.2,1.6033780231651424,42.5846735679947,70.8,26,2.8568782841780824,0.9053708439897699,42.5846735679947,100.0,5.2,0.4727272727272727,1.581132490304057,0.0,11,100.0,1.0,0.0,100.0,1.0,0.0,100.0,1.0,0.0,0.0,0.0,0.0,5.74659667924152,0.2,6.11648921004696,60.0,0.8,0.0,0.0,0.0,0.0,2.684812568700181,0.2,11.275968183297666,100.0,1.0,0.0,0.0,0.0,0.0,0.0,0.0,0.0
318,random,6,6,634.3043757468981,132.14674494727046,14019124.597506339,1274465.8725005763,2539.4,32.14430379746835,123436.06061435626,1562.4817799285602,79.0,0.8825972773225672,48.348892772578026,70.4,29,1.2663883759614771,0.8911392405063291,48.348892772578026,100.0,5.8,0.5272727272727272,0.2072075420892572,0.0,11,100.0,1.0,0.0,100.0,1.0,0.0,100.0,1.0,0.0,0.0,0.0,0.0,100.0,1.0,0.0,31.83782049835827,0.6,2.279282962981829,0.0,0.0,0.0,0.0,0.2,0.0,100.0,1.0,0.0,0.0,0.0,0.0,0.0,0.0,0.0
319,random,6,6,368.2803202581471,83.70007278594252,18052238.769376315,1641112.6153978468,2893.6,37.0974358974359,122100.28535015663,1565.3882737199567,78.0,0.9469705667602714,51.814179297629465,71.4,31,1.4134551987793018,0.9153846153846154,51.814179297629465,100.0,6.2,0.5636363636363636,0.7887915581979719,0.0,11,100.0,1.0,0.0,100.0,1.0,0.0,100.0,1.0,0.0,37.09293404746404,0.4,4.439069684570633,100.0,1.0,0.0,32.86303822646005,0.8,4.237637455607057,0.0,0.0,0.0,0.0,0.0,0.0,100.0,1.0,0.0,0.0,0.0,0.0,0.0,0.0,0.0
320,random,6,6,675.868935223718,160.92117505326618,6211052.137375123,564641.1033977384,3257.2,41.33502538071066,123544.87974330326,1567.8284231383664,78.8,0.9470439731145144,54.54545454545455,74.0,30,1.5576358830108803,0.9390862944162437,54.54545454545455,100.0,6.0,0.5454545454545454,0.0,0.0,11,100.0,1.0,0.0,100.0,1.0,0.0,100.0,1.0,0.0,100.0,1.0,0.0,100.0,1.0,0.0,0.0,0.0,0.0,0.0,0.0,0.0,0.0,0.0,0.0,100.0,1.0,0.0,0.0,0.0,0.0,0.0,0.0,0.0
321,random,6,6,405.60420812300333,81.12084162460067,5800692.4483713405,527335.6771246673,3627.0,45.45112781954887,127724.90847802826,1600.5627628825596,79.8,1.2734318724729987,55.544564086250666,74.4,31,1.7851688568052504,0.9323308270676691,55.544564086250666,100.0,6.2,0.5636363636363636,0.8271828535769956,0.0,11,100.0,1.0,0.0,100.0,1.0,0.0,100.0,1.0,0.0,100.0,1.0,0.0,100.0,1.0,0.0,0.0,0.0,0.0,0.0,0.0,0.0,10.99020494875731,0.2,9.099011389346952,100.0,1.0,0.0,0.0,0.0,0.0,0.0,0.0,0.0
322,random,6,6,1253.0690747466047,223.76233477617942,5002855.586476991,454805.0533160901,3998.0,48.75609756097561,126892.83466009758,1547.473593415824,82.0,0.7744332226997961,61.45702436854415,75.2,36,1.096339252713722,0.9170731707317074,61.45702436854415,100.0,7.2,0.6545454545454545,1.4353653606676764,0.0,11,100.0,1.0,0.0,100.0,1.0,0.0,100.0,1.0,0.0,100.0,1.0,0.0,100.0,1.0,0.0,9.414724435168864,0.4,9.711105014247206,66.61254361881674,0.8,6.0779139530972355,0.0,0.0,0.0,100.0,1.0,0.0,0.0,0.0,0.0,0.0,0.0,0.0
323,random,1,6,859.789308008411,107.47366350105138,3000859.7893080087,272805.43539163715,3737.0,44.48809523809524,134866.1142672749,1605.5489793723202,84.0,0.9450604423695362,74.54545454545455,74.0,41,0.8427157872452979,0.8809523809523809,74.54545454545455,100.0,8.6,0.7818181818181817,0.0,0.0,11,100.0,1.0,0.0,100.0,1.0,0.0,100.0,1.0,0.0,100.0,1.0,0.0,100.0,1.0,0.0,0.0,0.0,0.0,100.0,1.0,0.0,0.0,0.0,0.0,100.0,1.0,0.0,60.0,0.8,0.0,60.0,0.8,0.0
324,random,1,1,565.2994584965655,78.51381368007854,3436121.72697254,312374.70245204907,4034.6,48.03095238095238,133639.70406492785,1590.9488579158078,84.0,1.103794785909004,72.72727272727273,74.8,40,0.967794958888774,0.8904761904761904,72.72727272727273,100.0,8.4,0.7636363636363637,0.0,0.0,11,100.0,1.0,0.0,100.0,1.0,0.0,100.0,1.0,0.0,100.0,1.0,0.0,100.0,1.0,0.0,0.0,0.0,0.0,100.0,1.0,0.0,0.0,0.0,0.0,100.0,1.0,0.0,40.0,0.6,0.0,60.0,0.8,0.0
325,random,1,1,333.56991968521146,55.59498661420191,5199451.799737593,472677.4363397812,4411.2,52.3895486935867,133988.71325568017,1591.314884271736,84.2,1.1151173207782643,78.4971926075092,76.6,44,1.1430203530563339,0.9097387173396675,78.4971926075092,100.0,9.200000000000001,0.8363636363636364,0.6377462492741063,0.0,11,100.0,1.0,0.0,100.0,1.0,0.0,100.0,1.0,0.0,100.0,1.0,0.0,100.0,1.0,0.0,43.46911868260122,0.6,7.015208742015169,100.0,1.0,0.0,0.0,0.0,0.0,100.0,1.0,0.0,60.0,0.8,0.0,60.0,0.8,0.0
326,random,1,1,557.4494757842383,116.13530745504966,6902247.9857167555,627477.0896106141,4795.8,55.25115207373272,134536.88783641974,1549.9641455808726,86.8,0.7686589790012266,91.09218701060358,78.4,50,1.0684149545966244,0.9032258064516129,91.09218701060358,100.0,10.400000000000002,0.9454545454545457,0.6961824934084412,0.0,11,100.0,1.0,0.0,100.0,1.0,0.0,100.0,1.0,0.0,100.0,1.0,0.0,100.0,1.0,0.0,100.0,1.0,0.0,100.0,1.0,0.0,62.01405711663938,0.8,7.658007427492853,100.0,1.0,0.0,80.0,0.8,0.0,60.0,0.8,0.0
327,random,1,1,925.3663833829003,177.95507372748082,5004072.430316819,454915.67548334715,5194.8,59.03181818181818,136954.69361001844,1556.3033364774824,88.0,0.4486014075848147,81.81818181818181,82.0,46,0.5674128710727757,0.9318181818181818,81.81818181818181,100.0,9.2,0.8363636363636363,0.0,0.0,11,100.0,1.0,0.0,100.0,1.0,0.0,100.0,1.0,0.0,100.0,1.0,0.0,100.0,1.0,0.0,100.0,1.0,0.0,100.0,1.0,0.0,100.0,1.0,0.0,100.0,1.0,0.0,0.0,0.2,0.0,0.0,0.0,0.0
328,random,1,1,536.0578258075119,157.6640664139741,6509062.173428356,591732.9248571233,5614.2,63.79772727272727,136513.15878757316,1551.2858953133314,88.0,0.38326103103253384,81.81818181818181,84.6,45,0.6503659701075793,0.9613636363636363,81.81818181818181,100.0,9.0,0.8181818181818182,0.0,0.0,11,100.0,1.0,0.0,100.0,1.0,0.0,100.0,1.0,0.0,100.0,1.0,0.0,100.0,1.0,0.0,100.0,1.0,0.0,100.0,1.0,0.0,100.0,1.0,0.0,100.0,1.0,0.0,0.0,0.0,0.0,0.0,0.0,0.0
329,random,7,1,205.13740012420354,78.89900004777058,11765217.899512516,1069565.263592047,5750.8,66.40646651270208,134385.2993526956,1551.7932950657691,86.6,0.5299501227415164,74.54545454545455,79.8,43,1.102549879843575,0.9214780600461894,74.54545454545455,100.0,8.6,0.7818181818181817,0.0,0.0,11,100.0,1.0,0.0,100.0,1.0,0.0,100.0,1.0,0.0,100.0,1.0,0.0,100.0,1.0,0.0,60.0,0.8,0.0,100.0,1.0,0.0,100.0,1.0,0.0,60.0,0.8,0.0,0.0,0.0,0.0,0.0,0.0,0.0
330,random,7,7,868.0723730150505,255.31540382795603,10026648.462302377,911513.4965729434,5920.0,68.51851851851852,134688.71369816145,1558.8971492842759,86.4,0.4357487453899936,69.98293133103702,75.8,41,0.8824729475982018,0.8773148148148148,69.98293133103702,100.0,8.2,0.7454545454545454,0.4659416331260586,0.0,11,100.0,1.0,0.0,100.0,1.0,0.0,100.0,1.0,0.0,100.0,1.0,0.0,100.0,1.0,0.0,32.45359506480327,0.6,2.967690788584752,100.0,1.0,0.0,100.0,1.0,0.0,37.358649576603966,0.6,2.157667175801892,0.0,0.0,0.0,0.0,0.0,0.0
331,random,7,7,1303.0672748059815,260.6134549611963,5601896.410595772,509263.31005416106,6292.0,72.82407407407408,138243.15074609543,1600.0364669686971,86.4,0.7556377083471025,66.51063707604739,76.2,38,1.328616265041041,0.8819444444444444,66.51063707604739,100.0,7.6,0.6909090909090909,0.3634953918469273,0.0,11,100.0,1.0,0.0,100.0,1.0,0.0,100.0,1.0,0.0,100.0,1.0,0.0,100.0,1.0,0.0,0.0,0.0,0.0,100.0,1.0,0.0,100.0,1.0,0.0,31.617007836521225,0.6,3.9984493103162007,0.0,0.0,0.0,0.0,0.0,0.0
332,random,7,7,634.9093811455365,122.09795791260316,5800634.909381145,527330.4463073768,6672.0,79.0521327014218,136445.41774122173,1616.6518689718214,84.4,1.392786328410139,64.9057726302317,76.0,39,2.290945838712991,0.9004739336492891,64.9057726302317,100.0,7.8,0.7090909090909091,0.4799780217096588,0.0,11,100.0,1.0,0.0,100.0,1.0,0.0,100.0,1.0,0.0,100.0,1.0,0.0,100.0,1.0,0.0,0.0,0.0,0.0,100.0,1.0,0.0,100.0,1.0,0.0,13.963498932548646,0.8,5.279758238806247,0.0,0.0,0.0,0.0,0.0,0.0
333,random,7,7,345.5322006742909,69.10644013485818,6000345.532200674,545485.9574727885,7052.0,84.55635491606715,134681.7923270043,1614.8895962470542,83.4,1.8291356861252088,64.41507109832152,76.2,37,3.050812173050096,0.9136690647482014,64.41507109832152,100.0,7.4,0.6727272727272727,1.0613052030011598,0.0,11,100.0,1.0,0.0,100.0,1.0,0.0,100.0,1.0,0.0,100.0,1.0,0.0,100.0,1.0,0.0,0.0,0.0,0.0,100.0,1.0,0.0,100.0,1.0,0.0,8.565782081536781,0.4,11.674357233012758,0.0,0.0,0.0,0.0,0.0,0.0
334,random,7,7,577.262416711375,120.26300348153646,5801096.123120568,527372.3748291425,7433.8,89.13429256594725,128233.93799519641,1537.5771941870073,83.4,2.1319323064123723,63.98439809983384,77.4,37,4.11138725520079,0.9280575539568345,63.98439809983384,100.0,7.4,0.6727272727272727,1.0293839584443383,0.0,11,100.0,1.0,0.0,100.0,1.0,0.0,100.0,1.0,0.0,100.0,1.0,0.0,100.0,1.0,0.0,3.828379098172263,0.4,11.323223542887721,100.0,1.0,0.0,100.0,1.0,0.0,0.0,0.0,0.0,0.0,0.0,0.0,0.0,0.0,0.0
335,random,7,7,763.6520391776589,173.55728163128612,6005486.158439247,545953.2871308406,7828.2,92.53191489361703,130875.38673936245,1546.9903869901,84.6,1.7302886999822038,63.63636363636363,80.4,35,3.9875504205333177,0.950354609929078,63.63636363636363,100.0,7.0,0.6363636363636364,0.0,0.0,11,100.0,1.0,0.0,100.0,1.0,0.0,100.0,1.0,0.0,100.0,1.0,0.0,100.0,1.0,0.0,0.0,0.0,0.0,100.0,1.0,0.0,100.0,1.0,0.0,0.0,0.0,0.0,0.0,0.0,0.0,0.0,0.0,0.0
336,random,4,7,691.1753121678479,143.99485670163497,6200691.175312168,563699.1977556517,7800.2,92.63895486935867,134665.27621176263,1599.3500737739027,84.2,1.1284328158884753,58.46100333854131,75.4,35,2.3201327094024378,0.8954869358669834,58.46100333854131,100.0,7.0,0.6363636363636364,1.0352450354326501,0.0,11,100.0,1.0,0.0,100.0,1.0,0.0,100.0,1.0,0.0,100.0,1.0,0.0,100.0,1.0,0.0,3.071036723954421,0.2,11.38769538975915,80.0,1.0,0.0,60.0,0.8,0.0,0.0,0.0,0.0,0.0,0.0,0.0,0.0,0.0,0.0
337,random,4,4,723.8591522684142,144.77183045368284,5525838.200129087,502348.92728446244,8015.2,95.64677804295943,134009.12427648337,1599.1542276429998,83.8,1.1225407187742729,51.34589399462708,72.0,32,1.6148603836949513,0.8591885441527446,51.34589399462708,100.0,6.3999999999999995,0.5818181818181819,0.36241564591888814,0.0,11,100.0,1.0,0.0,100.0,1.0,0.0,100.0,1.0,0.0,100.0,1.0,0.0,100.0,1.0,0.0,0.0,0.2,0.0,36.329293297785625,0.6,1.9437398598123385,28.475540643112254,0.6,2.042832245295431,0.0,0.0,0.0,0.0,0.0,0.0,0.0,0.0,0.0
338,random,4,4,717.851364400305,123.76747662074224,5200717.851364399,472792.53194221813,8375.0,102.63480392156863,129361.27735999967,1585.3097715686233,81.6,1.5587312301018206,50.46814980939375,72.2,32,2.2259560423441322,0.8848039215686274,50.46814980939375,100.0,6.3999999999999995,0.5818181818181819,0.8394487959381642,0.0,11,100.0,1.0,0.0,100.0,1.0,0.0,100.0,1.0,0.0,100.0,1.0,0.0,100.0,1.0,0.0,0.0,0.0,0.0,39.749532090286266,0.6,4.239203129648755,15.400115813044977,0.8,4.994733625671053,0.0,0.0,0.0,0.0,0.0,0.0,0.0,0.0,0.0
339,random,4,4,649.5225697764841,135.31720203676753,5034871.224112025,457715.565828366,8737.6,109.22,125204.3216166035,1565.0540202075438,80.0,1.5671798113716058,45.45454545454545,73.4,26,2.8804858536099953,0.9175,45.45454545454545,100.0,5.2,0.4727272727272727,0.0,0.0,11,100.0,1.0,0.0,100.0,1.0,0.0,100.0,1.0,0.0,100.0,1.0,0.0,100.0,1.0,0.0,0.0,0.0,0.0,0.0,0.2,0.0,0.0,0.0,0.0,0.0,0.0,0.0,0.0,0.0,0.0,0.0,0.0,0.0
