step,control_mode,phase,prev_phase,TotalTravelTime,AvgTravelTime,TotalTravelTime_Raw,AvgTravelTime_Raw,TotalWaitingTime,AvgWaitingTime,TotalCO2,AvgCO2,VehCount,AvgSpeed,AvgOccupancy,QueueLength,Throughput,SpeedStd,HaltRatio,det_occ_mean,det_occ_max,det_veh_sum,det_veh_mean,det_speed_mean,det_speed_min,n_detectors,d0_occ,d0_veh,d0_speed,d1_occ,d1_veh,d1_speed,d2_occ,d2_veh,d2_speed,d3_occ,d3_veh,d3_speed,d4_occ,d4_veh,d4_speed,d5_occ,d5_veh,d5_speed
0,random,0,0,260.13540893688315,43.35590148948052,260.13540893688315,43.35590148948052,39.8,2.8028169014084505,25058.631298196553,1764.6923449434194,14.2,4.18458335288838,22.330797428089824,5.2,11,2.9401815724497995,0.36619718309859156,22.330797428089824,100.0,2.2,0.3666666666666667,5.083163628418213,0.0,6,9.7595522916302,0.4,3.3734726210209165,0.0,0.0,0.0,10.608378040479067,0.2,9.426511726714828,10.985564701193482,0.2,9.102854766231172,100.0,1.0,0.0,2.631289535236192,0.4,8.596142656542362
1,random,0,0,558.2565831104372,121.36012676313852,84971.24162632368,14161.87360438728,78.2,4.827160493827161,27598.261484377632,1703.5963879245453,16.2,1.3670766788502215,16.666666666666668,9.8,5,1.0380513633984283,0.6049382716049383,16.666666666666668,100.0,1.0,0.16666666666666666,0.0,0.0,6,0.0,0.0,0.0,0.0,0.0,0.0,0.0,0.0,0.0,0.0,0.0,0.0,100.0,1.0,0.0,0.0,0.0,0.0
2,random,0,0,398.5761444189321,76.64925854210232,738899.9450698431,123149.99084497384,130.2,6.925531914893617,33603.88512035897,1787.4406978914346,18.8,1.7189896757521546,31.021602055967843,11.6,11,1.3012285832141304,0.6170212765957447,31.021602055967843,100.0,2.2,0.3666666666666667,3.7118922369813934,0.0,6,73.76266665166156,0.8,4.754073603420593,10.813062459818923,0.2,9.248073833994539,0.0,0.0,0.0,0.0,0.0,0.0,100.0,1.0,0.0,1.5538832243265688,0.2,8.269205984473228
3,random,0,0,547.369330213571,94.37402245061568,779.8761290049745,129.97935483416242,191.0,9.271844660194175,33794.010805976366,1640.4859614551635,20.6,1.503508267492906,33.333333333333336,13.4,11,0.9345750988153563,0.6504854368932039,33.333333333333336,100.0,2.2,0.3666666666666667,0.0,0.0,6,100.0,1.0,0.0,0.0,0.0,0.0,0.0,0.0,0.0,0.0,0.0,0.0,100.0,1.0,0.0,0.0,0.2,0.0
4,random,0,0,394.1110623968896,72.98353007349807,20529.735668813042,3421.62261146884,265.2,12.054545454545455,36993.95870066097,1681.5435773027714,22.0,1.8047202814925398,35.16951919203559,16.0,11,1.2491164684333218,0.7272727272727273,35.16951919203559,100.0,2.2,0.3666666666666667,1.5127977184951213,0.0,6,100.0,1.0,0.0,0.0,0.0,0.0,11.017115152213535,0.2,9.076786310970729,0.0,0.0,0.0,100.0,1.0,0.0,0.0,0.0,0.0
5,random,7,0,609.9613606056577,105.16575182856167,1634.4244878317354,272.40408130528925,163.0,7.546296296296297,37857.571425239,1752.6653437610648,21.6,1.6940911721993444,31.11682766018191,10.8,14,1.2449788398803212,0.5,31.11682766018191,63.445726038175394,2.8,0.4666666666666666,2.578532264223226,0.0,6,60.0,0.8,0.0,63.445726038175394,0.8,6.566756455394793,0.0,0.0,0.0,3.2552399229160756,0.4,8.904437129944565,60.0,0.8,0.0,0.0,0.0,0.0
6,random,7,7,575.1597512379565,106.511065044066,203852.043087553,33975.340514592164,127.4,5.587719298245614,34991.61700085674,1534.7200438972257,22.8,1.0970834247646668,50.629000794672926,9.4,17,0.7104509330585264,0.41228070175438597,50.629000794672926,100.0,3.4000000000000004,0.5666666666666668,1.821909208414284,0.0,6,71.52005605853333,0.8,1.9011179272326477,100.0,1.0,0.0,0.0,0.0,0.0,0.0,0.0,0.0,69.1242964340546,0.8,1.779045191254215,63.129652275449644,0.8,7.251292131998843
7,random,7,7,535.6322265964509,89.27203776607514,535.6322265964509,89.27203776607514,185.2,7.234375,42043.449143462785,1642.322232166515,25.6,1.2796994305924092,66.66666666666667,14.8,20,0.533671973185353,0.578125,66.66666666666667,100.0,4.0,0.6666666666666666,0.0,0.0,6,100.0,1.0,0.0,100.0,1.0,0.0,0.0,0.0,0.0,0.0,0.0,0.0,100.0,1.0,0.0,100.0,1.0,0.0
8,random,7,7,719.3240671789015,119.88734452981691,719.3240671789015,119.88734452981691,271.6,10.134328358208956,45174.008615096,1685.597336384179,26.8,1.5470514781688607,66.66666666666667,19.4,20,1.0927328421830356,0.7238805970149254,66.66666666666667,100.0,4.0,0.6666666666666666,0.0,0.0,6,100.0,1.0,0.0,100.0,1.0,0.0,0.0,0.0,0.0,0.0,0.0,0.0,100.0,1.0,0.0,100.0,1.0,0.0
9,random,7,7,869.6999072823146,173.93998145646293,254475.64685907098,42412.60780984516,377.0,13.181818181818182,44800.37592000364,1566.4467104896376,28.6,1.26789663190193,68.79634889418081,22.8,21,1.3507301504765572,0.7972027972027972,68.79634889418081,100.0,4.2,0.7000000000000001,1.3043156119211863,0.0,6,100.0,1.0,0.0,100.0,1.0,0.0,12.778093365084828,0.2,7.825893671527117,0.0,0.0,0.0,100.0,1.0,0.0,100.0,1.0,0.0
10,random,7,7,997.247262585015,216.79288317065547,776202.8764012356,129367.14606687259,498.6,15.878980891719745,49586.86322845131,1579.1994658742456,31.4,0.7526796777280306,67.81523657827601,25.8,22,1.035016311240735,0.821656050955414,67.81523657827601,100.0,4.4,0.7333333333333334,1.4286708521501472,0.0,6,100.0,1.0,0.0,100.0,1.0,0.0,0.0,0.0,0.0,6.891419469656057,0.4,8.572025112900883,100.0,1.0,0.0,100.0,1.0,0.0
11,random,1,7,524.2908941796964,137.97128794202536,1024629.4762059381,170771.57936765635,632.8,19.775,49945.9046968253,1560.8095217757907,32.0,0.5618222803079167,66.66666666666667,28.0,20,0.4995586431649082,0.875,66.66666666666667,100.0,4.0,0.6666666666666666,0.0,0.0,6,100.0,1.0,0.0,100.0,1.0,0.0,0.0,0.0,0.0,0.0,0.0,0.0,100.0,1.0,0.0,100.0,1.0,0.0
12,random,1,1,666.149546120579,237.9105521859211,2475144.835363348,412524.1392272247,778.2,23.43975903614458,51350.11624424213,1546.6902483205458,33.2,0.5383025526308417,66.66666666666667,30.2,20,0.791828977563716,0.9096385542168675,66.66666666666667,100.0,4.0,0.6666666666666666,0.0,0.0,6,100.0,1.0,0.0,100.0,1.0,0.0,0.0,0.0,0.0,0.0,0.0,0.0,100.0,1.0,0.0,100.0,1.0,0.0
13,random,1,1,1022.4964779231566,232.38556316435375,1201611.2238697647,200268.53731162744,931.0,25.86111111111111,57107.93561538078,1586.3315448716885,36.0,0.5435461992497913,74.66967045709491,31.2,23,0.7022096192315553,0.8666666666666667,74.66967045709491,100.0,4.6,0.7666666666666666,0.9904248885009181,0.0,6,100.0,1.0,0.0,100.0,1.0,0.0,0.0,0.0,0.0,48.01802274256943,0.6,5.942549331005509,100.0,1.0,0.0,100.0,1.0,0.0
14,random,1,1,442.01589734278696,110.50397433569674,2885144.4041685364,480857.40069475607,1089.0,30.25,57610.13170605725,1600.2814362793679,36.0,0.6524007855033773,83.33333333333333,32.0,25,0.5532416709928901,0.8888888888888888,83.33333333333333,100.0,5.0,0.8333333333333334,0.0,0.0,6,100.0,1.0,0.0,100.0,1.0,0.0,0.0,0.0,0.0,100.0,1.0,0.0,100.0,1.0,0.0,100.0,1.0,0.0
15,random,1,1,910.6499213812828,303.5499737937609,2273083.697238897,378847.2828731495,1252.4,33.308510638297875,57788.12246936236,1536.918150780914,37.6,0.5571557886563053,83.33333333333333,34.0,25,0.920107567543405,0.9042553191489362,83.33333333333333,100.0,5.0,0.8333333333333334,0.0,0.0,6,100.0,1.0,0.0,100.0,1.0,0.0,0.0,0.0,0.0,100.0,1.0,0.0,100.0,1.0,0.0,100.0,1.0,0.0
16,random,1,1,1218.6744861706538,320.7038121501721,1258246.0540427489,209707.67567379147,1427.2,35.50248756218905,62990.33451524348,1566.9237441602854,40.2,0.2878122599110051,99.48598299962214,36.2,30,0.32620182972098183,0.900497512437811,99.48598299962214,100.0,6.0,1.0,0.7344324549660018,0.0,6,100.0,1.0,0.0,100.0,1.0,0.0,96.91589799773283,1.0,4.406594729796011,100.0,1.0,0.0,100.0,1.0,0.0,100.0,1.0,0.0
17,random,8,1,785.8188132875553,170.83017680164247,1001622.6072368457,166937.10120614094,1415.0,34.17874396135266,65996.54826827634,1594.1195233883172,41.4,0.5637141361679376,93.33333333333333,33.8,29,0.41420444708234705,0.8164251207729468,93.33333333333333,100.0,5.8,0.9666666666666667,0.0,0.0,6,100.0,1.0,0.0,100.0,1.0,0.0,100.0,1.0,0.0,100.0,1.0,0.0,100.0,1.0,0.0,60.0,0.8,0.0
18,random,8,8,725.1322188155017,145.02644376310033,1000725.1322188156,166787.52203646928,1487.0,35.57416267942584,69355.37954071155,1659.2196062371186,41.8,1.0079839048357562,87.26302121672849,32.4,28,0.8320175103248187,0.7751196172248804,87.26302121672849,100.0,5.6,0.9333333333333332,0.28638531016274493,0.0,6,100.0,1.0,0.0,100.0,1.0,0.0,100.0,1.0,0.0,100.0,1.0,0.0,100.0,1.0,0.0,23.578127300370966,0.6,1.7183118609764696
19,random,8,8,782.6026505688799,195.65066264221997,1014200.6477393333,169033.4412898889,1648.6,39.82125603864734,66026.83957483956,1594.8511974598928,41.4,0.9580732985438826,86.97545969497808,33.0,30,1.2507220613750376,0.7971014492753623,86.9754596949781,100.0,6.0,1.0,0.6481210323548197,0.0,6,100.0,1.0,0.0,100.0,1.0,0.0,100.0,1.0,0.0,100.0,1.0,0.0,100.0,1.0,0.0,21.852758169868594,1.0,3.888726194128918
20,random,8,8,310.1955857641865,129.2481607350777,2857442.4451801516,476240.4075300253,1824.6,44.286407766990294,64908.517871925505,1575.4494629108133,41.2,0.8994801782857198,84.13842807974788,36.8,27,1.5646090859214465,0.8932038834951457,84.13842807974788,100.0,5.4,0.9,0.8667139569240788,0.0,6,100.0,1.0,0.0,100.0,1.0,0.0,100.0,1.0,0.0,100.0,1.0,0.0,100.0,1.0,0.0,4.830568478487294,0.4,5.200283741544473
21,random,8,8,649.3789680715644,216.4596560238548,2018115.4450563043,336352.5741760507,2012.8,47.69668246445497,63846.102608031346,1512.9408200955295,42.2,0.49716818837251625,86.26823665370542,38.8,26,0.7599606161799141,0.919431279620853,86.26823665370542,100.0,5.2,0.8666666666666667,0.7436730998139849,0.0,6,100.0,1.0,0.0,100.0,1.0,0.0,100.0,1.0,0.0,100.0,1.0,0.0,100.0,1.0,0.0,17.60941992223252,0.2,4.462038598883909
22,random,8,8,514.0221139097076,257.0110569548538,3463558.4175449563,577259.7362574927,2214.0,50.31818181818182,67397.67166201901,1531.7652650458867,44.0,0.1410706546932734,100.0,41.4,30,0.20195707632344936,0.9409090909090909,100.0,100.0,6.0,1.0,0.0,0.0,6,100.0,1.0,0.0,100.0,1.0,0.0,100.0,1.0,0.0,100.0,1.0,0.0,100.0,1.0,0.0,100.0,1.0,0.0
23,random,0,8,972.4403640804951,270.1223233556931,3475440.7592102266,579240.1265350378,2168.6,48.19111111111111,71615.37751370885,1591.4528336379744,45.0,0.34390537089635664,93.33333333333333,39.4,29,0.383699357824174,0.8755555555555555,93.33333333333333,100.0,5.8,0.9666666666666667,0.0,0.0,6,100.0,1.0,0.0,100.0,1.0,0.0,100.0,1.0,0.0,100.0,1.0,0.0,60.0,0.8,0.0,100.0,1.0,0.0
24,random,0,0,740.169260574226,185.0423151435565,654177.3617102825,109029.56028504709,2000.8,43.495652173913044,74709.81889602379,1624.1264977396477,46.0,0.6342894877557712,88.6295361804477,36.8,28,0.6279919353228568,0.8,88.6295361804477,100.0,5.6,0.9333333333333332,0.341502414181922,0.0,6,100.0,1.0,0.0,100.0,1.0,0.0,100.0,1.0,0.0,100.0,1.0,0.0,31.777217082686207,0.6,2.049014485091532,100.0,1.0,0.0
25,random,0,0,625.6326000858588,173.786833357183,1953849.4262118987,325641.57103531645,1917.8,42.42920353982301,73677.23607292758,1630.0273467461855,45.2,0.7003397790606862,88.35031784522899,34.0,29,0.9272218522186783,0.7522123893805309,88.35031784522897,100.0,5.8,0.9666666666666667,0.7443470950226859,0.0,6,100.0,1.0,0.0,100.0,1.0,0.0,100.0,1.0,0.0,100.0,1.0,0.0,30.10190707137383,0.8,4.466082570136115,100.0,1.0,0.0
26,random,0,0,640.1983510300852,213.39945034336174,2813829.0909021916,468971.51515036525,2077.0,44.38034188034188,72517.30933288856,1549.515156685653,46.8,0.5629468380235679,95.67169179029491,37.6,29,0.8551708205082085,0.8034188034188035,95.67169179029491,100.0,5.8,0.9666666666666667,0.781520923494346,0.0,6,100.0,1.0,0.0,100.0,1.0,0.0,100.0,1.0,0.0,100.0,1.0,0.0,74.03015074176949,0.8,4.689125540966076,100.0,1.0,0.0
27,random,0,0,542.7214349785169,226.1339312410487,3400620.2011942966,566770.0335323828,2277.0,46.851851851851855,74289.59207844842,1528.5924295977043,48.6,0.28594630207994337,100.0,42.0,30,0.42140540459151354,0.8641975308641975,100.0,100.0,6.0,1.0,0.0,0.0,6,100.0,1.0,0.0,100.0,1.0,0.0,100.0,1.0,0.0,100.0,1.0,0.0,100.0,1.0,0.0,100.0,1.0,0.0
28,random,0,0,699.7062392525866,233.23541308419553,2881799.4820375806,480299.9136729301,2500.2,47.35227272727273,82701.66144781257,1566.3193456025108,52.8,0.3221309508229793,100.0,47.4,30,0.44639149380895565,0.8977272727272727,100.0,100.0,6.0,1.0,0.0,0.0,6,100.0,1.0,0.0,100.0,1.0,0.0,100.0,1.0,0.0,100.0,1.0,0.0,100.0,1.0,0.0,100.0,1.0,0.0
29,random,4,0,830.4407589210862,197.72399021930622,1009491.9920920763,168248.66534867938,2690.6,50.19776119402985,83771.00296830722,1562.8918464236422,53.6,0.39642315636390585,93.33333333333333,46.0,29,0.30042670618105666,0.8582089552238806,93.33333333333333,100.0,5.8,0.9666666666666667,0.0,0.0,6,100.0,1.0,0.0,100.0,1.0,0.0,100.0,1.0,0.0,100.0,1.0,0.0,60.0,0.8,0.0,100.0,1.0,0.0
30,random,4,4,399.41563759221657,124.81738674756767,1701369.1911001601,283561.5318500267,2866.8,54.09056603773585,82996.09806817395,1565.9641144938482,53.0,0.4714049252795793,88.31464252840078,44.8,28,0.4712296225337501,0.8452830188679246,88.31464252840078,100.0,5.6,0.9333333333333332,0.335224849004856,0.0,6,100.0,1.0,0.0,100.0,1.0,0.0,100.0,1.0,0.0,100.0,1.0,0.0,29.88785517040469,0.6,2.011349094029136,100.0,1.0,0.0
31,random,4,4,334.65334422327686,239.03810301662634,4146457.93233264,691076.32205544,3048.6,58.62692307692308,83373.52388815276,1603.3369978490916,52.0,0.3984725440000438,88.68738524296485,43.8,30,0.8957665247948341,0.8423076923076923,88.68738524296485,100.0,6.0,1.0,0.5816732173919692,0.0,6,100.0,1.0,0.0,100.0,1.0,0.0,100.0,1.0,0.0,100.0,1.0,0.0,32.12431145778908,1.0,3.490039304351815,100.0,1.0,0.0
32,random,4,4,547.4997279110617,228.12488662960902,3752947.8330590324,625491.3055098387,3260.2,61.746212121212125,83489.81727809427,1581.246539357846,52.8,0.6333544012023371,87.62850570361063,43.8,28,1.2126444021093972,0.8295454545454546,87.62850570361063,100.0,5.6,0.9333333333333332,0.7167742180791069,0.0,6,100.0,1.0,0.0,100.0,1.0,0.0,100.0,1.0,0.0,100.0,1.0,0.0,25.77103422166374,0.6,4.300645308474642,100.0,1.0,0.0
33,random,4,4,848.9231523893828,212.2307880973457,2000848.9231523895,333474.82052539825,3483.4,63.798534798534796,84043.71095110569,1539.262105331606,54.6,0.5134579375790539,100.0,46.0,30,0.6576026640806472,0.8424908424908425,100.0,100.0,6.0,1.0,0.0,0.0,6,100.0,1.0,0.0,100.0,1.0,0.0,100.0,1.0,0.0,100.0,1.0,0.0,100.0,1.0,0.0,100.0,1.0,0.0
34,random,4,4,389.7580103204501,139.19928940016078,3019201.3767249356,503200.22945415595,3724.2,66.74193548387096,85515.99133311614,1532.544647546884,55.8,0.3241878899680561,100.0,50.4,30,0.3580196677735767,0.9032258064516129,100.0,100.0,6.0,1.0,0.0,0.0,6,100.0,1.0,0.0,100.0,1.0,0.0,100.0,1.0,0.0,100.0,1.0,0.0,100.0,1.0,0.0,100.0,1.0,0.0
35,random,7,4,690.944283814066,345.472141907033,2336660.413956486,389443.402326081,3985.8,69.19791666666667,88234.90111430138,1531.8559221232879,57.6,0.11553627589256966,100.0,54.0,30,0.17677584941532448,0.9375,100.0,100.0,6.0,1.0,0.0,0.0,6,100.0,1.0,0.0,100.0,1.0,0.0,100.0,1.0,0.0,100.0,1.0,0.0,100.0,1.0,0.0,100.0,1.0,0.0
36,random,7,7,420.7566165736589,262.9728853585368,5059567.2285805475,843261.2047634246,4262.2,73.23367697594502,88452.79127539131,1519.8074102300911,58.2,0.11018499327452808,100.0,56.2,30,0.20024089453035085,0.9656357388316151,100.0,100.0,6.0,1.0,0.0,0.0,6,100.0,1.0,0.0,100.0,1.0,0.0,100.0,1.0,0.0,100.0,1.0,0.0,100.0,1.0,0.0,100.0,1.0,0.0
37,random,7,7,340.1975432145409,340.1975432145409,4422596.912945999,737099.4854909998,4548.0,76.82432432432432,90316.37828141391,1525.6144979968567,59.2,0.03570914576902678,100.0,58.0,30,0.08625179338995971,0.9797297297297297,100.0,100.0,6.0,1.0,0.0,0.0,6,100.0,1.0,0.0,100.0,1.0,0.0,100.0,1.0,0.0,100.0,1.0,0.0,100.0,1.0,0.0,100.0,1.0,0.0
38,random,7,7,376.6378974166775,235.39868588542342,7606997.606077665,1267832.9343462775,4838.0,79.31147540983606,94789.95614948418,1553.933707368593,61.0,0.14832512532696018,100.0,58.2,30,0.2813406652116725,0.9540983606557377,100.0,100.0,6.0,1.0,0.0,0.0,6,100.0,1.0,0.0,100.0,1.0,0.0,100.0,1.0,0.0,100.0,1.0,0.0,100.0,1.0,0.0,100.0,1.0,0.0
39,random,7,7,307.2260238943867,192.01626493399166,4001363.5693922318,666893.9282320386,5129.2,84.08524590163934,92265.94508921844,1512.5564768724334,61.0,0.1304456490901311,100.0,58.6,30,0.21282656679095124,0.9606557377049181,100.0,100.0,6.0,1.0,0.0,0.0,6,100.0,1.0,0.0,100.0,1.0,0.0,100.0,1.0,0.0,100.0,1.0,0.0,100.0,1.0,0.0,100.0,1.0,0.0
40,random,7,7,176.35729373648266,176.35729373648266,4931706.274449124,821951.0457415207,5429.0,88.13311688311688,93778.82692228044,1522.383553933124,61.6,0.006198629944934229,100.0,61.0,30,0.02052243187562693,0.9902597402597403,100.0,100.0,6.0,1.0,0.0,0.0,6,100.0,1.0,0.0,100.0,1.0,0.0,100.0,1.0,0.0,100.0,1.0,0.0,100.0,1.0,0.0,100.0,1.0,0.0
41,random,6,7,391.54988010762054,391.54988010762054,4800818.806856727,800136.4678094545,5734.0,91.89102564102564,95573.46296844514,1531.6260091096976,62.4,0.04490869547251261,100.0,61.2,30,0.10176641843202616,0.9807692307692307,100.0,100.0,6.0,1.0,0.0,0.0,6,100.0,1.0,0.0,100.0,1.0,0.0,100.0,1.0,0.0,100.0,1.0,0.0,100.0,1.0,0.0,100.0,1.0,0.0
42,random,6,6,861.400671092217,430.7003355461085,4000861.400671092,666810.233445182,6039.6,94.66457680250784,97797.94784738819,1532.8831951001282,63.8,0.08922857629128714,100.0,61.6,30,0.14825780280821757,0.9655172413793104,100.0,100.0,6.0,1.0,0.0,0.0,6,100.0,1.0,0.0,100.0,1.0,0.0,100.0,1.0,0.0,100.0,1.0,0.0,100.0,1.0,0.0,100.0,1.0,0.0
43,random,6,6,413.34119781086895,344.4509981757241,4532190.875377469,755365.1458962448,6350.2,99.221875,97506.29024968803,1523.5357851513754,64.0,0.06754695225941197,100.0,62.6,30,0.13987877016798922,0.978125,100.0,100.0,6.0,1.0,0.0,0.0,6,100.0,1.0,0.0,100.0,1.0,0.0,100.0,1.0,0.0,100.0,1.0,0.0,100.0,1.0,0.0,100.0,1.0,0.0
44,random,6,6,0.0,0.0,7494616.035157278,1249102.672526213,6667.0,104.171875,97270.98160695932,1519.8590876087394,64.0,0.0011966813622444207,100.0,63.8,30,0.005253710391788572,0.996875,100.0,100.0,6.0,1.0,0.0,0.0,6,100.0,1.0,0.0,100.0,1.0,0.0,100.0,1.0,0.0,100.0,1.0,0.0,100.0,1.0,0.0,100.0,1.0,0.0
45,random,6,6,155.41292727282064,155.41292727282064,6923032.7562286155,1153838.7927047692,6987.0,107.49230769230769,99177.33374181704,1525.805134489493,65.0,0.00798088729086891,100.0,64.4,30,0.025224324730458644,0.9907692307692307,100.0,100.0,6.0,1.0,0.0,0.0,6,100.0,1.0,0.0,100.0,1.0,0.0,100.0,1.0,0.0,100.0,1.0,0.0,100.0,1.0,0.0,100.0,1.0,0.0
46,random,4,6,888.6245814262084,403.92026428464015,3005008.443526333,500834.7405877222,7104.2,107.63939393939394,101868.2746926366,1543.4587074641906,66.0,0.09870395980532821,93.33333333333333,61.4,29,0.13533759285727362,0.9303030303030303,93.33333333333333,100.0,5.8,0.9666666666666667,0.0,0.0,6,100.0,1.0,0.0,100.0,1.0,0.0,100.0,1.0,0.0,100.0,1.0,0.0,60.0,0.8,0.0,100.0,1.0,0.0
47,random,4,4,141.37661860094934,117.81384883412446,4613213.3280888265,768868.8880148045,7149.2,109.98769230769231,101400.72744331727,1560.0111914356503,65.0,0.1792962949653053,88.02107400463892,59.6,28,0.3792128616685768,0.916923076923077,88.02107400463892,100.0,5.6,0.9333333333333332,0.3284753712413794,0.0,6,100.0,1.0,0.0,100.0,1.0,0.0,100.0,1.0,0.0,100.0,1.0,0.0,28.126444027833486,0.6,1.9708522274482763,100.0,1.0,0.0
48,random,4,4,342.37115700863535,244.55082643473955,6020438.324296454,1003406.3873827424,7201.0,112.515625,101899.55214096965,1592.1805022026508,64.0,0.38319865446499257,86.98435063107524,55.8,29,0.849724875332626,0.871875,86.98435063107524,100.0,5.8,0.9666666666666667,0.6930293308922945,0.0,6,100.0,1.0,0.0,100.0,1.0,0.0,100.0,1.0,0.0,100.0,1.0,0.0,21.906103786451467,0.8,4.1581759853537665,100.0,1.0,0.0
49,random,4,4,628.1879151099054,285.53996141359335,3206261.852507972,534376.9754179954,7462.2,117.70031545741325,101672.67030242582,1603.6698785871579,63.4,0.6841659991126503,85.96408168338769,55.6,28,1.4225957724116307,0.8769716088328076,85.96408168338769,100.0,5.6,0.9333333333333332,0.9635148584912351,0.0,6,100.0,1.0,0.0,100.0,1.0,0.0,100.0,1.0,0.0,100.0,1.0,0.0,15.784490100326138,0.6,5.781089150947411,100.0,1.0,0.0
50,random,4,4,165.73084851970108,118.37917751407221,5277357.602009693,879559.6003349489,7741.2,123.66134185303514,99779.02929191009,1593.9142059410558,62.6,0.854793264990401,84.11520057821008,56.4,30,1.8672605233816324,0.9009584664536742,84.11520057821008,100.0,6.0,1.0,1.0766365549499823,0.0,6,100.0,1.0,0.0,100.0,1.0,0.0,100.0,1.0,0.0,100.0,1.0,0.0,4.691203469260472,1.0,6.459819329699894,100.0,1.0,0.0
51,random,4,4,28.906404063376545,28.906404063376545,6153004.371429309,1025500.7285715515,8025.6,128.6153846153846,94751.16950748091,1518.448229286553,62.4,0.6165438840182049,91.31863544083824,57.6,28,1.4943328524937238,0.9230769230769231,91.31863544083824,100.0,5.6,0.9333333333333332,0.9894337182471326,0.0,6,100.0,1.0,0.0,100.0,1.0,0.0,100.0,1.0,0.0,100.0,1.0,0.0,47.911812645029386,0.6,5.9366023094827955,100.0,1.0,0.0
52,random,0,4,49.91281409552427,49.91281409552427,5000049.912814096,833341.6521356826,8320.0,131.23028391167193,97893.11637640133,1544.0554633501788,63.4,0.31202701121283555,100.0,60.0,30,0.7138094755556721,0.9463722397476341,100.0,100.0,6.0,1.0,0.0,0.0,6,100.0,1.0,0.0,100.0,1.0,0.0,100.0,1.0,0.0,100.0,1.0,0.0,100.0,1.0,0.0,100.0,1.0,0.0
53,random,0,0,64.3454668579312,64.3454668579312,4600745.311641058,766790.8852735097,8623.6,132.67076923076922,100073.4777122574,1539.59196480396,65.0,0.24404395584461103,100.0,62.0,30,0.545027470216012,0.9538461538461539,100.0,100.0,6.0,1.0,0.0,0.0,6,100.0,1.0,0.0,100.0,1.0,0.0,100.0,1.0,0.0,100.0,1.0,0.0,100.0,1.0,0.0,100.0,1.0,0.0
54,random,0,0,549.7581957350441,343.59887233440253,3113221.9062724807,518870.31771208014,8935.6,132.9702380952381,102759.46534566804,1529.1587105010124,67.2,0.19406167036138894,100.0,63.6,30,0.3917762985227097,0.9464285714285714,100.0,100.0,6.0,1.0,0.0,0.0,6,100.0,1.0,0.0,100.0,1.0,0.0,100.0,1.0,0.0,100.0,1.0,0.0,100.0,1.0,0.0,100.0,1.0,0.0
55,random,0,0,122.12635720400048,122.12635720400048,4706151.9725720845,784358.6620953474,9261.0,135.79178885630498,104445.17606261867,1531.4541944665496,68.2,0.12833804935334042,100.0,66.0,30,0.2939234324541387,0.967741935483871,100.0,100.0,6.0,1.0,0.0,0.0,6,100.0,1.0,0.0,100.0,1.0,0.0,100.0,1.0,0.0,100.0,1.0,0.0,100.0,1.0,0.0,100.0,1.0,0.0
56,random,0,0,234.83786680510676,234.83786680510676,5000234.837866805,833372.4729778008,9593.2,138.63005780346822,105386.85071945544,1522.9313687782578,69.2,0.07420552602529198,100.0,67.2,30,0.1781804873023752,0.9710982658959537,100.0,100.0,6.0,1.0,0.0,0.0,6,100.0,1.0,0.0,100.0,1.0,0.0,100.0,1.0,0.0,100.0,1.0,0.0,100.0,1.0,0.0,100.0,1.0,0.0
57,random,0,0,350.40608037824734,350.40608037824734,5000350.406080378,833391.7343467297,9932.6,141.8942857142857,106601.96696373711,1522.8852423391015,70.0,0.04598562994679163,100.0,68.4,30,0.10698759643179358,0.9771428571428571,100.0,100.0,6.0,1.0,0.0,0.0,6,100.0,1.0,0.0,100.0,1.0,0.0,100.0,1.0,0.0,100.0,1.0,0.0,100.0,1.0,0.0,100.0,1.0,0.0
58,random,4,0,224.9680306221318,224.9680306221318,5001044.1150981095,833507.3525163516,10181.4,145.44857142857143,106998.09120928714,1528.5441601326736,70.0,0.02975825258887078,93.33333333333333,67.4,29,0.08548675347482834,0.9628571428571429,93.33333333333333,100.0,5.8,0.9666666666666667,0.0,0.0,6,100.0,1.0,0.0,100.0,1.0,0.0,100.0,1.0,0.0,100.0,1.0,0.0,60.0,0.8,0.0,100.0,1.0,0.0
59,random,4,4,121.8024423895237,121.8024423895237,5000121.802442389,833353.6337403981,10405.6,150.8057971014493,107299.24449235256,1555.0615143819214,69.0,0.13548760771516163,89.74101839039879,63.8,28,0.32005643858085786,0.9246376811594202,89.74101839039879,100.0,5.6,0.9333333333333332,0.3415539463284137,0.0,6,100.0,1.0,0.0,100.0,1.0,0.0,100.0,1.0,0.0,100.0,1.0,0.0,38.446110342392785,0.6,2.049323677970482,100.0,1.0,0.0
60,random,4,4,157.3214937948675,131.10124482905627,4600477.801856355,766746.3003093925,10305.4,154.27245508982037,106447.61621055593,1593.5271887807776,66.8,0.3899910907635114,89.47758643364732,58.6,28,0.8848941698533789,0.8772455089820359,89.47758643364732,100.0,5.6,0.9333333333333332,0.7059638706191783,0.0,6,100.0,1.0,0.0,100.0,1.0,0.0,100.0,1.0,0.0,100.0,1.0,0.0,36.86551860188388,0.6,4.23578322371507,100.0,1.0,0.0
61,random,4,4,500.6366276074383,192.55254907978394,3200897.5510197124,533482.9251699521,8694.8,132.54268292682926,102502.39334364988,1562.5364838971018,65.6,0.5356497519379606,75.13021542739976,52.4,27,0.9449969576391489,0.7987804878048781,75.13021542739978,100.0,5.4,0.9,1.1038920982545066,0.0,6,100.0,1.0,0.0,27.892373069365703,0.6,1.7928313059019092,100.0,1.0,0.0,60.0,0.8,0.0,62.88891949503295,1.0,4.83052128362513,100.0,1.0,0.0
62,random,4,4,439.23977320742716,146.41325773580905,3000439.2397732073,500073.2066288679,7240.4,108.71471471471472,99641.4502904407,1496.1178722288394,66.6,0.3542054156854883,95.1852715014898,50.0,29,0.42215278729187294,0.7507507507507507,95.1852715014898,100.0,5.8,0.9666666666666667,0.3510448911734252,0.0,6,100.0,1.0,0.0,100.0,1.0,0.0,100.0,1.0,0.0,71.11162900893873,0.8,2.106269347040551,100.0,1.0,0.0,100.0,1.0,0.0
63,random,4,4,665.3444657077068,221.78148856923562,3000665.344465708,500110.89074428467,6765.2,99.48823529411764,102102.99087279932,1501.5145716588133,68.0,0.22913875181250629,100.0,53.4,30,0.2452394267885545,0.7852941176470588,100.0,100.0,6.0,1.0,0.0,0.0,6,100.0,1.0,0.0,100.0,1.0,0.0,100.0,1.0,0.0,100.0,1.0,0.0,100.0,1.0,0.0,100.0,1.0,0.0
64,random,9,4,1244.3677975178666,444.41707054209525,2004356.8178922185,334059.46964870306,6384.8,91.21142857142857,105190.0837922792,1502.7154827468457,70.0,0.12042137058187705,93.33333333333333,58.6,29,0.12784940044119666,0.8371428571428572,93.33333333333333,100.0,5.8,0.9666666666666667,0.0,0.0,6,100.0,1.0,0.0,100.0,1.0,0.0,100.0,1.0,0.0,100.0,1.0,0.0,100.0,1.0,0.0,60.0,0.8,0.0
65,random,9,9,114.14382889916715,114.14382889916715,2193773.8078091587,365628.9679681931,5956.0,86.31884057971014,106958.09533863045,1550.1173237482674,69.0,0.1585835277697783,88.70578375212801,62.2,28,0.35691536161374066,0.9014492753623189,88.70578375212801,100.0,5.6,0.9333333333333332,0.3764879141800532,0.0,6,100.0,1.0,0.0,100.0,1.0,0.0,100.0,1.0,0.0,100.0,1.0,0.0,100.0,1.0,0.0,32.23470251276808,0.6,2.258927485080319
66,random,9,9,213.68553651709016,178.07128043090847,6861820.6708505135,1143636.7784750855,5624.8,82.23391812865498,105392.64691110319,1540.828171214959,68.4,0.18762888828481117,98.67857338807141,60.6,30,0.4035922400011396,0.8859649122807017,98.67857338807141,100.0,6.0,1.0,0.6099754017887387,0.0,6,100.0,1.0,0.0,100.0,1.0,0.0,100.0,1.0,0.0,100.0,1.0,0.0,100.0,1.0,0.0,92.07144032842848,1.0,3.659852410732432
67,random,9,9,322.1437854129797,161.07189270648985,5828633.301118188,971438.8835196979,5629.4,82.5425219941349,103830.10898639802,1522.4356156363347,68.2,0.21774443434373483,89.41234586630041,58.4,28,0.3383538544547135,0.8563049853372434,89.41234586630041,100.0,5.6,0.9333333333333332,0.40093909364331815,0.0,6,100.0,1.0,0.0,36.47407519780245,0.6,2.405634561859909,100.0,1.0,0.0,100.0,1.0,0.0,100.0,1.0,0.0,100.0,1.0,0.0
68,random,9,9,699.4479228707129,269.0184318733511,3001399.6033216575,500233.26722027623,5517.8,81.14411764705882,103491.23352267232,1521.9299047451811,68.0,0.18161498381567476,90.0,56.4,28,0.22620236496288562,0.8294117647058824,90.0,100.0,5.6,0.9333333333333332,0.0,0.0,6,100.0,1.0,0.0,100.0,1.0,0.0,100.0,1.0,0.0,40.0,0.6,0.0,100.0,1.0,0.0,100.0,1.0,0.0
69,random,9,9,458.51527643570046,229.25763821785023,3063001.9369092276,510500.3228182046,5658.8,82.73099415204679,102317.50155627637,1495.8699057935144,68.4,0.15306923632599975,99.51961855569095,56.8,30,0.22642346828050544,0.8304093567251462,99.51961855569095,100.0,6.0,1.0,0.37889885173601584,0.0,6,100.0,1.0,0.0,100.0,1.0,0.0,100.0,1.0,0.0,97.11771133414572,1.0,2.273393110416095,100.0,1.0,0.0,100.0,1.0,0.0
70,random,4,9,784.1719670617556,356.44180320988886,6835226.828396125,1139204.471399354,5733.2,82.84971098265896,103656.03003691313,1497.919509203947,69.2,0.1337369407696204,93.33333333333333,58.2,29,0.19707813927333978,0.8410404624277457,93.33333333333333,100.0,5.8,0.9666666666666667,0.0,0.0,6,100.0,1.0,0.0,100.0,1.0,0.0,100.0,1.0,0.0,100.0,1.0,0.0,60.0,0.8,0.0,100.0,1.0,0.0
71,random,4,4,509.27849332012886,282.93249628896046,9285660.544243928,1547610.0907073214,5852.8,84.8231884057971,106756.81386444098,1547.2002009339274,69.0,0.17849706014852015,88.77204956684427,59.2,28,0.34482807480986316,0.8579710144927536,88.77204956684427,100.0,5.6,0.9333333333333332,0.31472128137872285,0.0,6,100.0,1.0,0.0,100.0,1.0,0.0,100.0,1.0,0.0,100.0,1.0,0.0,32.63229740106567,0.6,1.8883276882723372,100.0,1.0,0.0
72,random,4,4,42.143814798459985,42.143814798459985,6042794.173632024,1007132.362272004,5993.6,89.19047619047619,105756.047832466,1573.7507117926489,67.2,0.3699727175323327,85.65124889089702,58.8,29,0.8329140428462187,0.875,85.65124889089702,100.0,5.8,0.9666666666666667,0.6110017471586813,0.0,6,100.0,1.0,0.0,100.0,1.0,0.0,100.0,1.0,0.0,100.0,1.0,0.0,13.907493345382136,0.8,3.6660104829520876,100.0,1.0,0.0
73,random,4,4,27.668477253455173,27.668477253455173,4780198.27979742,796699.71329957,6278.2,94.26726726726727,104449.56358755457,1568.3117655788974,66.6,0.5439664605229267,86.98702756777568,59.4,28,1.2219316389796062,0.8918918918918919,86.98702756777568,100.0,5.6,0.9333333333333332,0.8068831532753213,0.0,6,100.0,1.0,0.0,100.0,1.0,0.0,100.0,1.0,0.0,100.0,1.0,0.0,21.92216540665413,0.6,4.841298919651928,100.0,1.0,0.0
74,random,4,4,52.39197687025752,52.39197687025752,10108601.304144682,1684766.8840241136,6581.0,97.35207100591715,102356.77801870264,1514.1535209867254,67.6,0.31250057320794516,100.0,62.2,30,0.7358758780591649,0.9201183431952663,100.0,100.0,6.0,1.0,0.0,0.0,6,100.0,1.0,0.0,100.0,1.0,0.0,100.0,1.0,0.0,100.0,1.0,0.0,100.0,1.0,0.0,100.0,1.0,0.0
75,random,4,4,138.52311043007165,138.52311043007165,6580838.141338138,1096806.3568896896,6904.2,100.64431486880467,104515.27876781885,1523.5463377233068,68.6,0.11475326718019638,100.0,66.2,30,0.26652427597688655,0.9650145772594753,100.0,100.0,6.0,1.0,0.0,0.0,6,100.0,1.0,0.0,100.0,1.0,0.0,100.0,1.0,0.0,100.0,1.0,0.0,100.0,1.0,0.0,100.0,1.0,0.0
76,random,8,4,242.04593295403146,242.04593295403146,5000242.045932954,833373.674322159,7239.2,104.01149425287356,106158.55460876203,1525.266589206351,69.6,0.06891386844082592,100.0,67.8,30,0.16721138791118298,0.9741379310344828,100.0,100.0,6.0,1.0,0.0,0.0,6,100.0,1.0,0.0,100.0,1.0,0.0,100.0,1.0,0.0,100.0,1.0,0.0,100.0,1.0,0.0,100.0,1.0,0.0
77,random,8,8,266.09742182366807,266.09742182366807,5021365.844895551,836894.3074825918,7581.6,108.30857142857143,106105.58655521428,1515.794093645918,70.0,0.020548622962145616,100.0,69.2,30,0.06137245983768417,0.9885714285714285,100.0,100.0,6.0,1.0,0.0,0.0,6,100.0,1.0,0.0,100.0,1.0,0.0,100.0,1.0,0.0,100.0,1.0,0.0,100.0,1.0,0.0,100.0,1.0,0.0
78,random,8,8,0.0,0.0,6807306.8385683745,1134551.1397613958,7931.0,113.3,106468.36019842843,1520.9765742632633,70.0,1.842015530491094e-05,100.0,70.0,30,8.970619331895673e-05,1.0,100.0,100.0,6.0,1.0,0.0,0.0,6,100.0,1.0,0.0,100.0,1.0,0.0,100.0,1.0,0.0,100.0,1.0,0.0,100.0,1.0,0.0,100.0,1.0,0.0
79,random,8,8,0.0,0.0,6000000.0,1000000.0,8281.0,118.3,106470.0,1521.0,70.0,0.0,100.0,70.0,30,0.0,1.0,100.0,100.0,6.0,1.0,0.0,0.0,6,100.0,1.0,0.0,100.0,1.0,0.0,100.0,1.0,0.0,100.0,1.0,0.0,100.0,1.0,0.0,100.0,1.0,0.0
80,random,8,8,0.0,0.0,9695148.183698023,1615858.0306163372,8631.0,123.3,106470.01714590471,1521.0002449414958,70.0,6.083280138339867e-07,100.0,70.0,30,2.2842300326505905e-06,1.0,100.0,100.0,6.0,1.0,0.0,0.0,6,100.0,1.0,0.0,100.0,1.0,0.0,100.0,1.0,0.0,100.0,1.0,0.0,100.0,1.0,0.0,100.0,1.0,0.0
81,random,8,8,0.0,0.0,8026591.685362132,1337765.2808936888,8981.0,128.3,106469.98384972135,1520.9997692817337,70.0,2.7785366788794366e-07,100.0,70.0,30,1.496287793843393e-06,1.0,100.0,100.0,6.0,1.0,0.0,0.0,6,100.0,1.0,0.0,100.0,1.0,0.0,100.0,1.0,0.0,100.0,1.0,0.0,100.0,1.0,0.0,100.0,1.0,0.0
82,random,1,8,255.4820031770213,255.4820031770213,10018375.45746481,1669729.2429108017,9117.4,130.24857142857144,107200.91771334368,1531.4416816191954,70.0,0.025849851779654664,96.66666666666667,67.6,30,0.07615505043916149,0.9657142857142857,96.66666666666667,100.0,6.0,1.0,0.0,0.0,6,100.0,1.0,0.0,100.0,1.0,0.0,100.0,1.0,0.0,100.0,1.0,0.0,100.0,1.0,0.0,80.0,1.0,0.0
83,random,1,1,137.9311115967111,137.9311115967111,9394290.53042139,1565715.0884035649,9101.2,131.52023121387282,107503.76434965497,1553.5226062088868,69.2,0.12459497290193443,89.29108333182778,64.0,28,0.30310651953824547,0.9248554913294798,89.29108333182778,100.0,5.6,0.9333333333333332,0.2908704214639621,0.0,6,100.0,1.0,0.0,100.0,1.0,0.0,100.0,1.0,0.0,100.0,1.0,0.0,100.0,1.0,0.0,35.74649999096664,0.6,1.7452225287837726
84,random,1,1,73.52526969672695,73.52526969672695,10897923.245984854,1816320.5409974756,9130.8,132.3304347826087,105849.14163230662,1534.0455309029944,69.0,0.2034091711870047,95.76589796897831,61.2,29,0.45524211713335977,0.8869565217391304,95.76589796897831,100.0,5.8,0.9666666666666667,0.5704124896542134,0.0,6,100.0,1.0,0.0,100.0,1.0,0.0,100.0,1.0,0.0,100.0,1.0,0.0,100.0,1.0,0.0,74.59538781386982,0.8,3.4224749379252803
85,random,1,1,106.6979367056532,106.6979367056532,5000106.697936706,833351.1163227843,9407.4,135.55331412103746,105574.41178256103,1521.2451265498707,69.4,0.15247152403575462,100.0,63.6,30,0.35641216977574575,0.9164265129682997,100.0,100.0,6.0,1.0,0.0,0.0,6,100.0,1.0,0.0,100.0,1.0,0.0,100.0,1.0,0.0,100.0,1.0,0.0,100.0,1.0,0.0,100.0,1.0,0.0
86,random,1,1,277.2298730503773,277.2298730503773,5000649.561577445,833441.5935962409,9732.0,139.02857142857144,105307.88188627544,1504.3983126610776,70.0,0.03778140581808135,100.0,67.0,30,0.09487335864372352,0.9571428571428572,100.0,100.0,6.0,1.0,0.0,0.0,6,100.0,1.0,0.0,100.0,1.0,0.0,100.0,1.0,0.0,100.0,1.0,0.0,100.0,1.0,0.0,100.0,1.0,0.0
87,random,1,1,0.0,0.0,5011224.567087998,835204.0945146662,10077.0,143.95714285714286,106404.36874658885,1520.062410665555,70.0,0.001742968561691357,100.0,70.0,30,0.004528933221159833,1.0,100.0,100.0,6.0,1.0,0.0,0.0,6,100.0,1.0,0.0,100.0,1.0,0.0,100.0,1.0,0.0,100.0,1.0,0.0,100.0,1.0,0.0,100.0,1.0,0.0
88,random,9,1,188.92707338000506,188.92707338000506,5000807.886698401,833467.9811164001,10366.4,148.09142857142857,107370.52137325029,1533.8645910464327,70.0,0.034412523420094605,93.33333333333333,67.2,29,0.0944666683988289,0.96,93.33333333333333,100.0,5.8,0.9666666666666667,0.0,0.0,6,100.0,1.0,0.0,100.0,1.0,0.0,100.0,1.0,0.0,100.0,1.0,0.0,100.0,1.0,0.0,60.0,0.8,0.0
89,random,9,9,105.45830849824165,105.45830849824165,5000105.458308498,833350.9097180831,10621.8,153.9391304347826,107772.39973045122,1561.918836673206,69.0,0.15730963191089817,87.72357720415773,63.6,28,0.3722667436891796,0.9217391304347826,87.72357720415773,100.0,5.6,0.9333333333333332,0.2902535552971698,0.0,6,100.0,1.0,0.0,100.0,1.0,0.0,100.0,1.0,0.0,100.0,1.0,0.0,100.0,1.0,0.0,26.341463224946438,0.6,1.7415213317830187
90,random,9,9,42.818480762935124,42.818480762935124,5000042.818480763,833340.4697467937,10870.0,159.85294117647058,106654.0702886851,1568.442210127722,68.0,0.35187764203093613,89.64466110421729,59.8,29,0.7905354229503766,0.8794117647058823,89.64466110421729,100.0,5.8,0.9666666666666667,0.6462996353369358,0.0,6,100.0,1.0,0.0,100.0,1.0,0.0,100.0,1.0,0.0,100.0,1.0,0.0,100.0,1.0,0.0,37.86796662530378,0.8,3.8777978120216146
91,random,9,9,67.13314321466342,67.13314321466342,5000067.1331432145,833344.5221905358,11169.2,162.34302325581396,103358.28681932956,1502.300680513511,68.8,0.23414744184032418,100.0,62.6,30,0.5391322797125074,0.9098837209302325,100.0,100.0,6.0,1.0,0.0,0.0,6,100.0,1.0,0.0,100.0,1.0,0.0,100.0,1.0,0.0,100.0,1.0,0.0,100.0,1.0,0.0,100.0,1.0,0.0
92,random,9,9,248.18578331013268,248.18578331013268,5000248.18578331,833374.6976305516,11489.8,165.08333333333334,105170.46103211454,1511.0698424154389,69.6,0.07393277025284938,100.0,65.6,30,0.17784906284486715,0.9425287356321839,100.0,100.0,6.0,1.0,0.0,0.0,6,100.0,1.0,0.0,100.0,1.0,0.0,100.0,1.0,0.0,100.0,1.0,0.0,100.0,1.0,0.0,100.0,1.0,0.0
93,random,9,9,254.42848514834185,254.42848514834185,5003716.774760466,833952.795793411,11827.4,168.96285714285713,106331.19868258317,1519.0171240369025,70.0,0.022216823494324345,100.0,68.8,30,0.06470453813672071,0.9828571428571429,100.0,100.0,6.0,1.0,0.0,0.0,6,100.0,1.0,0.0,100.0,1.0,0.0,100.0,1.0,0.0,100.0,1.0,0.0,100.0,1.0,0.0,100.0,1.0,0.0
94,random,11,9,793.0377764145928,396.5188882072964,1249467.3908947585,208244.56514912643,9478.0,141.88622754491018,104862.36313726206,1569.7958553482345,66.8,0.10817837287311086,80.0,58.2,28,0.13291445628678786,0.8712574850299402,80.0,100.0,5.6,0.9333333333333332,0.0,0.0,6,60.0,0.8,0.0,80.0,1.0,0.0,80.0,1.0,0.0,60.0,0.8,0.0,100.0,1.0,0.0,100.0,1.0,0.0
95,random,11,11,500.83308033350505,125.20827008337626,5574866.856362002,929144.4760603337,5405.0,87.1774193548387,104395.94396625512,1683.8055478428244,62.0,0.5652558962448152,50.88374994895238,41.2,21,0.4698268465216879,0.6645161290322581,50.88374994895238,100.0,4.2,0.7000000000000001,1.286036092099563,0.0,6,24.867374749940154,0.6,1.4777897758202834,38.48896743710611,0.6,2.1972520023091047,17.706110264075505,0.4,2.3340535527341335,24.240047242592482,0.6,1.7071212217338565,100.0,1.0,0.0,100.0,1.0,0.0
96,random,11,11,175.03584903768788,43.75896225942197,7204434.99260819,1200739.1654346983,2097.6,37.726618705035975,101754.63842003436,1830.1193960437836,55.6,1.496878627934822,56.046121162058476,25.2,27,1.1451419367224855,0.45323741007194246,56.046121162058476,100.0,5.4,0.9,2.5739745832675216,0.0,6,43.65678874061132,1.0,3.662823725052018,40.64259260409244,1.0,3.9180260902605704,33.542809583998405,0.6,3.9597627435125617,18.434536043648677,0.8,3.9032349407799796,100.0,1.0,0.0,100.0,1.0,0.0
97,random,11,11,123.95523967460379,30.988809918650947,2000123.9552396745,333353.99253994576,1521.8,28.39179104477612,94051.14781247763,1754.685593516374,53.6,2.084206668355715,57.08987770384283,24.0,26,1.560597797800163,0.44776119402985076,57.08987770384283,100.0,5.2,0.8666666666666667,3.2332187328936306,0.0,6,27.06387251178967,0.8,4.288496279239648,54.28366612012269,0.8,4.39495627345282,19.003411114481423,0.8,5.338111296031823,42.1883164766632,0.8,5.377748548637493,100.0,1.0,0.0,100.0,1.0,0.0
98,random,11,11,210.2602367702651,52.565059192566274,2000210.2602367706,333368.3767061284,1663.0,29.17543859649123,87743.02529572914,1539.3513209777043,57.0,1.3585257169114875,94.52819795864873,33.6,30,1.1647444107742695,0.5894736842105263,94.52819795864873,100.0,6.0,1.0,0.9143675077481448,0.0,6,100.0,1.0,0.0,100.0,1.0,0.0,67.16918775189242,1.0,5.486205046488869,100.0,1.0,0.0,100.0,1.0,0.0,100.0,1.0,0.0
99,random,11,11,564.493232537004,141.123308134251,2000564.493232537,333427.4155387562,1867.4,30.613114754098362,92930.9212280257,1523.4577250496018,61.0,0.5092863330420228,100.0,46.8,30,0.42862200650236554,0.7672131147540984,100.0,100.0,6.0,1.0,0.0,0.0,6,100.0,1.0,0.0,100.0,1.0,0.0,100.0,1.0,0.0,100.0,1.0,0.0,100.0,1.0,0.0,100.0,1.0,0.0
100,random,8,11,1071.1190270919628,267.7797567729907,2001071.1190270924,333511.85317118204,2126.6,32.716923076923074,100622.85883642251,1548.0439820988079,65.0,0.31983207744584896,100.0,56.6,30,0.29421586128765914,0.8707692307692307,100.0,100.0,6.0,1.0,0.0,0.0,6,100.0,1.0,0.0,100.0,1.0,0.0,100.0,1.0,0.0,100.0,1.0,0.0,100.0,1.0,0.0,100.0,1.0,0.0
101,random,8,8,1213.8682540836585,404.6227513612195,2141583.0379222496,356930.50632037496,2425.0,35.557184750733136,102784.16867424108,1507.0992474228897,68.2,0.1454220235119605,100.0,62.8,30,0.16505217694247382,0.9208211143695014,100.0,100.0,6.0,1.0,0.0,0.0,6,100.0,1.0,0.0,100.0,1.0,0.0,100.0,1.0,0.0,100.0,1.0,0.0,100.0,1.0,0.0,100.0,1.0,0.0
102,random,8,8,634.4844957017762,528.7370797514801,4365590.979120642,727598.496520107,2751.8,39.42406876790831,105223.97849736075,1507.5068552630478,69.8,0.04145121879375889,100.0,67.4,30,0.0772829727614575,0.9656160458452722,100.0,100.0,6.0,1.0,0.0,0.0,6,100.0,1.0,0.0,100.0,1.0,0.0,100.0,1.0,0.0,100.0,1.0,0.0,100.0,1.0,0.0,100.0,1.0,0.0
103,random,8,8,0.0,0.0,13288482.799379367,2214747.1332298946,3097.0,44.24285714285714,106059.74882723903,1515.1392689605575,70.0,0.002089776810335861,100.0,69.8,30,0.010989399764195166,0.9971428571428571,100.0,100.0,6.0,1.0,0.0,0.0,6,100.0,1.0,0.0,100.0,1.0,0.0,100.0,1.0,0.0,100.0,1.0,0.0,100.0,1.0,0.0,100.0,1.0,0.0
104,random,8,8,0.0,0.0,7944696.641949512,1324116.1069915853,3447.0,49.24285714285714,106469.95068132781,1520.9992954475404,70.0,2.8846348456269496e-07,100.0,70.0,30,1.5534234052104116e-06,1.0,100.0,100.0,6.0,1.0,0.0,0.0,6,100.0,1.0,0.0,100.0,1.0,0.0,100.0,1.0,0.0,100.0,1.0,0.0,100.0,1.0,0.0,100.0,1.0,0.0
105,random,8,8,0.0,0.0,6000000.0,1000000.0,3797.0,54.24285714285714,106470.0,1521.0,70.0,0.0,100.0,70.0,30,0.0,1.0,100.0,100.0,6.0,1.0,0.0,0.0,6,100.0,1.0,0.0,100.0,1.0,0.0,100.0,1.0,0.0,100.0,1.0,0.0,100.0,1.0,0.0,100.0,1.0,0.0
106,random,5,8,499.6250049392459,416.35417078270495,4002302.7366852537,667050.4561142089,3898.4,56.994152046783626,105983.39555473051,1549.4648472913816,68.4,0.0649639677093272,90.0,64.0,29,0.13043711109003595,0.935672514619883,90.0,100.0,5.8,0.9666666666666667,0.0,0.0,6,100.0,1.0,0.0,100.0,1.0,0.0,80.0,1.0,0.0,60.0,0.8,0.0,100.0,1.0,0.0,100.0,1.0,0.0
107,random,5,5,234.1600425205839,117.08002126029194,4000234.1600425197,666705.6933404199,3885.2,59.22560975609756,105083.7594643563,1601.8865772005533,65.6,0.30045537740602185,79.57016824042778,55.8,27,0.46262767454078324,0.850609756097561,79.57016824042778,100.0,5.4,0.9,0.8425245854401023,0.0,6,100.0,1.0,0.0,100.0,1.0,0.0,37.9091346061,0.6,2.244028164667826,39.51187483646663,0.8,2.811119347972788,100.0,1.0,0.0,100.0,1.0,0.0
108,random,5,5,86.36985757576673,43.184928787883365,4000086.369857575,666681.0616429291,3856.4,61.80128205128205,103551.85449281498,1659.4848476412658,62.4,0.759703785549921,74.7276887970304,47.2,27,1.1200681420799674,0.7564102564102564,74.7276887970304,100.0,5.4,0.9,1.4454775657608117,0.0,6,100.0,1.0,0.0,100.0,1.0,0.0,26.290777473000162,0.6,3.868651801285541,22.075355309182214,0.8,4.8042135932793295,100.0,1.0,0.0,100.0,1.0,0.0
109,random,5,5,69.46081441442121,34.730407207210604,4000069.460814415,666678.2434690691,4053.6,64.96153846153847,98530.15917703902,1579.008961170497,62.4,0.9134461309457491,82.35798317674532,47.6,28,1.316953322019816,0.7628205128205128,82.35798317674532,100.0,5.6,0.9333333333333332,1.558310131439167,0.0,6,100.0,1.0,0.0,100.0,1.0,0.0,56.72764143296945,0.8,4.0963770312270285,37.42025762750245,0.8,5.253483757407974,100.0,1.0,0.0,100.0,1.0,0.0
110,random,5,5,126.1308080799445,63.06540403997225,4000126.13080808,666687.6884680133,4304.8,66.63777089783282,97787.89044199188,1513.7444340865616,64.6,0.5299300355375979,100.0,52.8,30,0.7880716321757689,0.8173374613003096,100.0,100.0,6.0,1.0,0.0,0.0,6,100.0,1.0,0.0,100.0,1.0,0.0,100.0,1.0,0.0,100.0,1.0,0.0,100.0,1.0,0.0,100.0,1.0,0.0
111,random,5,5,349.5357274704727,174.76786373523635,4000349.53572747,666724.922621245,4586.6,69.07530120481928,101194.41911568053,1524.0123360795262,66.4,0.1963260903512567,100.0,59.6,30,0.29609995398690164,0.8975903614457831,100.0,100.0,6.0,1.0,0.0,0.0,6,100.0,1.0,0.0,100.0,1.0,0.0,100.0,1.0,0.0,100.0,1.0,0.0,100.0,1.0,0.0,100.0,1.0,0.0
112,random,6,5,646.6320093928554,323.3160046964277,4000646.632009393,666774.4386682322,4899.2,71.62573099415205,103888.7597234223,1518.8415164243027,68.4,0.12078071655707696,100.0,64.6,30,0.1979484669726852,0.9444444444444444,100.0,100.0,6.0,1.0,0.0,0.0,6,100.0,1.0,0.0,100.0,1.0,0.0,100.0,1.0,0.0,100.0,1.0,0.0,100.0,1.0,0.0,100.0,1.0,0.0
113,random,6,6,668.3341039896577,556.9450866580481,4184952.372024434,697492.0620040724,5231.4,74.9484240687679,105979.17103513295,1518.326232595028,69.8,0.03936999053746783,100.0,68.0,30,0.0836746781580072,0.9742120343839542,100.0,100.0,6.0,1.0,0.0,0.0,6,100.0,1.0,0.0,100.0,1.0,0.0,100.0,1.0,0.0,100.0,1.0,0.0,100.0,1.0,0.0,100.0,1.0,0.0
114,random,6,6,0.0,0.0,10200637.317705292,1700106.2196175486,5576.2,79.66,106038.062520235,1514.8294645747858,70.0,0.00290896989005746,100.0,69.6,30,0.01342828381677534,0.9942857142857143,100.0,100.0,6.0,1.0,0.0,0.0,6,100.0,1.0,0.0,100.0,1.0,0.0,100.0,1.0,0.0,100.0,1.0,0.0,100.0,1.0,0.0,100.0,1.0,0.0
115,random,6,6,0.0,0.0,8312357.944526839,1385392.9907544733,5926.0,84.65714285714286,106469.94869848093,1520.9992671211562,70.0,1.9871498161999517e-06,100.0,70.0,30,6.0907668994682064e-06,1.0,100.0,100.0,6.0,1.0,0.0,0.0,6,100.0,1.0,0.0,100.0,1.0,0.0,100.0,1.0,0.0,100.0,1.0,0.0,100.0,1.0,0.0,100.0,1.0,0.0
116,random,6,6,0.0,0.0,6000000.0,1000000.0,6276.0,89.65714285714286,106470.0,1521.0,70.0,0.0,100.0,70.0,30,0.0,1.0,100.0,100.0,6.0,1.0,0.0,0.0,6,100.0,1.0,0.0,100.0,1.0,0.0,100.0,1.0,0.0,100.0,1.0,0.0,100.0,1.0,0.0,100.0,1.0,0.0
117,random,6,6,0.0,0.0,6000000.0,1000000.0,6626.0,94.65714285714286,106470.0,1521.0,70.0,0.0,100.0,70.0,30,0.0,1.0,100.0,100.0,6.0,1.0,0.0,0.0,6,100.0,1.0,0.0,100.0,1.0,0.0,100.0,1.0,0.0,100.0,1.0,0.0,100.0,1.0,0.0,100.0,1.0,0.0
118,random,8,6,0.0,0.0,6000000.0,1000000.0,6976.0,99.65714285714286,106470.0,1521.0,70.0,0.0,100.0,70.0,30,0.0,1.0,100.0,100.0,6.0,1.0,0.0,0.0,6,100.0,1.0,0.0,100.0,1.0,0.0,100.0,1.0,0.0,100.0,1.0,0.0,100.0,1.0,0.0,100.0,1.0,0.0
119,random,8,8,0.0,0.0,6000000.0,1000000.0,7326.0,104.65714285714286,106470.0,1521.0,70.0,0.0,100.0,70.0,30,0.0,1.0,100.0,100.0,6.0,1.0,0.0,0.0,6,100.0,1.0,0.0,100.0,1.0,0.0,100.0,1.0,0.0,100.0,1.0,0.0,100.0,1.0,0.0,100.0,1.0,0.0
120,random,8,8,0.0,0.0,6000000.0,1000000.0,7676.0,109.65714285714286,106470.0,1521.0,70.0,0.0,100.0,70.0,30,0.0,1.0,100.0,100.0,6.0,1.0,0.0,0.0,6,100.0,1.0,0.0,100.0,1.0,0.0,100.0,1.0,0.0,100.0,1.0,0.0,100.0,1.0,0.0,100.0,1.0,0.0
121,random,8,8,0.0,0.0,6000000.0,1000000.0,8026.0,114.65714285714286,106470.0,1521.0,70.0,0.0,100.0,70.0,30,0.0,1.0,100.0,100.0,6.0,1.0,0.0,0.0,6,100.0,1.0,0.0,100.0,1.0,0.0,100.0,1.0,0.0,100.0,1.0,0.0,100.0,1.0,0.0,100.0,1.0,0.0
122,random,8,8,0.0,0.0,6000000.0,1000000.0,8376.0,119.65714285714286,106470.0,1521.0,70.0,0.0,100.0,70.0,30,0.0,1.0,100.0,100.0,6.0,1.0,0.0,0.0,6,100.0,1.0,0.0,100.0,1.0,0.0,100.0,1.0,0.0,100.0,1.0,0.0,100.0,1.0,0.0,100.0,1.0,0.0
123,random,2,8,201.92432852813002,201.92432852813002,5001164.835140837,833527.4725234729,8268.4,118.12,107429.97548377638,1534.7139354825197,70.0,0.032669139393202214,93.33333333333333,67.4,29,0.09602347324604295,0.9628571428571429,93.33333333333333,100.0,5.8,0.9666666666666667,0.0,0.0,6,100.0,1.0,0.0,100.0,1.0,0.0,100.0,1.0,0.0,100.0,1.0,0.0,100.0,1.0,0.0,60.0,0.8,0.0
124,random,2,2,116.05822576233227,116.05822576233227,5000116.058225762,833352.6763709603,7955.2,115.2927536231884,107356.59174687942,1555.8926340127452,69.0,0.14111247684223052,87.07876825886956,64.2,28,0.33179269565488256,0.9304347826086956,87.07876825886956,100.0,5.6,0.9333333333333332,0.27583559312134853,0.0,6,100.0,1.0,0.0,100.0,1.0,0.0,100.0,1.0,0.0,100.0,1.0,0.0,100.0,1.0,0.0,22.472609553217353,0.6,1.6550135587280912
125,random,2,2,41.224026769420135,41.224026769420135,5000041.22402677,833340.2040044618,7688.0,114.06528189910979,107086.69015364486,1588.8232960481434,67.4,0.38183744567536954,90.59313273640896,60.2,29,0.8801536885663942,0.8931750741839762,90.59313273640896,100.0,5.8,0.9666666666666667,0.6798206722129679,0.0,6,100.0,1.0,0.0,100.0,1.0,0.0,100.0,1.0,0.0,100.0,1.0,0.0,100.0,1.0,0.0,43.55879641845377,0.8,4.078924033277808
126,random,2,2,24.113139257061317,24.113139257061317,5000024.113139257,833337.3521898761,7884.0,119.8176291793313,104952.86867640137,1595.0283993374069,65.8,0.6232064039784988,87.19656066348193,59.2,29,1.3985718211064133,0.8996960486322189,87.19656066348193,100.0,5.8,0.9666666666666667,0.9516545150053655,0.0,6,100.0,1.0,0.0,100.0,1.0,0.0,100.0,1.0,0.0,100.0,1.0,0.0,100.0,1.0,0.0,23.179363980891594,0.8,5.709927090032193
127,random,2,2,18.006681615316865,18.006681615316865,5000018.0066816155,833336.3344469359,8179.0,126.60990712074303,103051.1069078397,1595.2183731863731,64.6,0.8316943609226829,85.51721688548469,59.2,29,1.8629136199529635,0.9164086687306502,85.51721688548469,100.0,5.8,0.9666666666666667,1.184626136866659,0.0,6,100.0,1.0,0.0,100.0,1.0,0.0,100.0,1.0,0.0,100.0,1.0,0.0,100.0,1.0,0.0,13.103301312908116,0.8,7.1077568211999544
128,random,2,2,18.57173082293309,18.57173082293309,5000018.571730823,833336.4286218039,8474.0,133.23899371069183,98252.86699934852,1544.856399360826,63.6,0.8167192695661122,85.76397248520304,59.2,29,1.841950420922615,0.9308176100628931,85.76397248520304,100.0,5.8,0.9666666666666667,1.2412038678141462,0.0,6,100.0,1.0,0.0,100.0,1.0,0.0,100.0,1.0,0.0,100.0,1.0,0.0,100.0,1.0,0.0,14.583834911218219,0.8,7.4472232068848765
129,random,3,2,233.673235330301,146.04577208143812,4001009.549315249,666834.9248858748,7941.2,123.31055900621118,99978.01749245705,1552.4536877710723,64.4,0.48982726650854697,81.38220159853593,58.4,26,1.0263310074381171,0.906832298136646,81.38220159853593,100.0,5.2,0.8666666666666667,0.9570015125226079,0.0,6,100.0,1.0,0.0,100.0,1.0,0.0,100.0,1.0,0.0,100.0,1.0,0.0,60.0,0.8,0.0,28.2932095912156,0.4,5.742009075135647
130,random,3,3,212.23337760766722,106.11668880383361,4000212.233377608,666702.038896268,7070.6,108.1131498470948,101950.25369574288,1558.8723806688513,65.4,0.44036186642270714,94.7769002740237,56.4,29,0.7860525337132123,0.8623853211009175,94.7769002740237,100.0,5.8,0.9666666666666667,0.2680842640602003,0.0,6,100.0,1.0,0.0,100.0,1.0,0.0,100.0,1.0,0.0,100.0,1.0,0.0,68.66140164414219,0.8,1.6085055843612017,100.0,1.0,0.0
131,random,3,3,250.2835796817903,125.14178984089514,4000250.283579682,666708.3805966136,6372.4,95.96987951807229,101288.26658380512,1525.42570156333,66.4,0.3176458268562162,100.0,57.0,30,0.5368343925027192,0.858433734939759,100.0,100.0,6.0,1.0,0.0,0.0,6,100.0,1.0,0.0,100.0,1.0,0.0,100.0,1.0,0.0,100.0,1.0,0.0,100.0,1.0,0.0,100.0,1.0,0.0
132,random,3,3,356.5853582092339,198.10297678290772,4000559.535949476,666759.922658246,6608.8,98.05341246290801,102250.24146910854,1517.0658971677826,67.4,0.1932625673057989,100.0,61.0,30,0.329465936803333,0.9050445103857567,100.0,100.0,6.0,1.0,0.0,0.0,6,100.0,1.0,0.0,100.0,1.0,0.0,100.0,1.0,0.0,100.0,1.0,0.0,100.0,1.0,0.0,100.0,1.0,0.0
133,random,3,3,143.6766099147305,143.6766099147305,4005523.302673778,667587.2171122964,6922.0,101.49560117302053,104049.12253065639,1525.646957927513,68.2,0.11538483739172106,100.0,64.2,30,0.25166818013719333,0.9413489736070382,100.0,100.0,6.0,1.0,0.0,0.0,6,100.0,1.0,0.0,100.0,1.0,0.0,100.0,1.0,0.0,100.0,1.0,0.0,100.0,1.0,0.0,100.0,1.0,0.0
134,random,3,3,217.07663118047395,217.07663118047395,5035255.825090526,839209.3041817542,7253.0,104.8121387283237,105854.0542204306,1529.6828644570896,69.2,0.07637178903268768,100.0,67.2,30,0.1806188472903143,0.9710982658959537,100.0,100.0,6.0,1.0,0.0,0.0,6,100.0,1.0,0.0,100.0,1.0,0.0,100.0,1.0,0.0,100.0,1.0,0.0,100.0,1.0,0.0,100.0,1.0,0.0
135,random,10,3,940.7981768481995,427.63553493099977,6459088.073377269,1076514.6788962116,6497.4,94.99122807017544,105286.46802300654,1539.2758482895695,68.4,0.09949494682773478,90.0,62.6,29,0.13548186305055693,0.9152046783625731,90.0,100.0,5.8,0.9666666666666667,0.0,0.0,6,60.0,0.8,0.0,80.0,1.0,0.0,100.0,1.0,0.0,100.0,1.0,0.0,100.0,1.0,0.0,100.0,1.0,0.0
136,random,10,10,241.47886894482525,120.73943447241263,3220151.946635275,536691.9911058792,5163.4,78.23333333333333,105138.78454184342,1593.0118869976275,66.0,0.2806277571883164,77.43687520947977,55.4,27,0.4207573074999965,0.8393939393939394,77.43687520947977,100.0,5.4,0.9,0.5507818211041541,0.0,6,40.37211666656958,0.8,1.5453528578128661,24.24913459030904,0.6,1.7593380688120581,100.0,1.0,0.0,100.0,1.0,0.0,100.0,1.0,0.0,100.0,1.0,0.0
137,random,10,10,91.23413959631782,45.61706979815891,5669018.457320182,944836.4095533636,3966.0,63.152866242038215,104614.0634148627,1665.8290352685142,62.8,0.7273366094670908,78.1579279366728,47.4,26,1.082057249842039,0.7547770700636943,78.1579279366728,100.0,5.2,0.8666666666666667,1.4306611189073533,0.0,6,31.87749652470984,0.6,4.126297557374091,37.070071095326966,0.6,4.457669156070029,100.0,1.0,0.0,100.0,1.0,0.0,100.0,1.0,0.0,100.0,1.0,0.0
138,random,10,10,51.14785646460906,25.57392823230453,4000051.147856465,666675.1913094108,3947.0,65.3476821192053,101561.8523552233,1681.48762177522,60.4,1.2277957861334576,72.27631020194963,46.4,27,1.7574993573509448,0.7682119205298014,72.27631020194963,100.0,5.4,0.9,1.8635628404987872,0.0,6,21.145402632375863,0.6,5.438646491569928,12.512458579321901,0.8,5.742730551422795,100.0,1.0,0.0,100.0,1.0,0.0,100.0,1.0,0.0,100.0,1.0,0.0
139,random,10,10,38.247258458219555,19.123629229109778,4000038.2472584583,666673.041209743,4177.0,71.76975945017182,99746.4203937618,1713.8560205113713,58.2,1.6330546503745489,72.1611889814172,46.4,28,2.3261033216290103,0.7972508591065293,72.1611889814172,100.0,5.6,0.9333333333333332,2.3269220320815767,0.0,6,26.80939022123539,0.6,6.941817031039971,6.157743667267823,1.0,7.019715161449489,100.0,1.0,0.0,100.0,1.0,0.0,100.0,1.0,0.0,100.0,1.0,0.0
140,random,10,10,34.44934875807384,17.22467437903692,4000034.449348758,666672.408224793,4407.0,79.26258992805755,92840.34060560238,1669.7902986619133,55.6,1.8052059261280395,72.81343430610718,46.4,28,2.5629624853004724,0.8345323741007195,72.81343430610718,100.0,5.6,0.9333333333333332,2.593272079829925,0.0,6,14.99943154817629,1.0,7.158358967252061,21.88117428846681,0.6,8.401273511727489,100.0,1.0,0.0,100.0,1.0,0.0,100.0,1.0,0.0,100.0,1.0,0.0
141,random,11,10,525.479323676843,164.21228864901343,2001894.0889818328,333649.0148303055,3685.6,71.984375,85755.13469662462,1674.9049745434497,51.2,1.69520894262413,56.909438795440416,40.4,20,2.2927950201819733,0.7890625,56.909438795440416,100.0,4.0,0.6666666666666666,3.107665050185299,0.0,6,10.576452425957541,0.2,9.454966180774598,10.880180346684938,0.2,9.191024120337199,60.0,0.8,0.0,60.0,0.8,0.0,100.0,1.0,0.0,100.0,1.0,0.0
142,random,11,11,265.0273339852459,66.25683349631147,2000265.0273339853,333377.5045556642,2499.8,51.43621399176955,85090.87925855847,1750.841137007376,48.6,1.93528923639929,45.1415768385319,31.6,19,2.1335805420297076,0.6502057613168725,45.1415768385319,100.0,3.8000000000000003,0.6333333333333334,3.7958291650724494,0.0,6,10.26348649866577,0.2,9.74327778508792,0.9763325778317267,0.4,8.881710592750458,23.296127044338846,0.6,1.7640333014298302,36.313514910355025,0.6,2.385953311166488,100.0,1.0,0.0,100.0,1.0,0.0
143,random,11,11,116.64752742131891,29.161881855329728,2000116.6475274214,333352.7745879036,1450.4,31.80701754385965,85150.98958967799,1867.346262931535,45.6,2.4985484713107913,46.46070905650049,23.8,21,2.1018025482701743,0.5219298245614035,46.46070905650049,100.0,4.2,0.7000000000000001,4.358530484707018,0.0,6,10.794937806765574,0.2,9.263601309247601,11.010558329021478,0.2,9.082191566654833,29.365687897118278,1.0,3.768761029849349,27.593070306097616,0.8,4.036629002490324,100.0,1.0,0.0,100.0,1.0,0.0
144,random,11,11,93.95009458900921,23.487523647252303,2000093.9500945888,333348.9916824315,1353.6,30.214285714285715,79941.19314241223,1784.4016326431301,44.8,2.766586100427831,47.612950679578795,23.2,19,2.0967659265020306,0.5178571428571429,47.612950679578795,100.0,3.8000000000000003,0.6333333333333334,4.824642128592166,0.0,6,10.551815975406953,0.2,9.47704169908472,10.69617282136278,0.2,9.349138394648637,33.07674667662468,0.8,5.391149459995855,31.35296860407834,0.6,4.730523217823782,100.0,1.0,0.0,100.0,1.0,0.0
145,random,11,11,167.9984032419528,41.9996008104882,2000167.9984032414,333361.3330672069,1480.8,30.721991701244814,76618.18679914069,1589.588937741508,48.2,1.9289096460219535,69.31422959809386,29.0,23,1.7822780747150577,0.6016597510373444,69.31422959809386,100.0,4.6,0.7666666666666666,3.161788779947083,0.0,6,5.528768180731731,0.4,9.315062946267426,10.356609407831456,0.2,9.655669733415074,100.0,1.0,0.0,100.0,1.0,0.0,100.0,1.0,0.0,100.0,1.0,0.0
146,random,11,11,337.3653506852002,84.34133767130005,2000337.3653506853,333389.5608917809,1644.6,31.50574712643678,83792.22100682967,1605.2149618166602,52.2,1.1838643423406154,77.39339126290854,36.6,24,1.2633483301579191,0.7011494252873564,77.39339126290854,100.0,4.8,0.7999999999999999,2.267132811676572,0.0,6,11.250903531911263,0.2,8.888175044463505,53.10944404553993,0.6,4.714621825595927,100.0,1.0,0.0,100.0,1.0,0.0,100.0,1.0,0.0,100.0,1.0,0.0
147,random,8,11,834.0635481606483,181.31816264361922,1001596.2648527848,166932.71080879748,1579.8,28.210714285714285,89630.01759688319,1600.5360285157712,56.0,0.8691548828977379,89.40745461005501,42.6,28,0.9310437006597256,0.7607142857142857,89.40745461005501,100.0,5.6,0.9333333333333332,0.7666681118154278,0.0,6,76.44472766033005,0.8,4.600008670892567,100.0,1.0,0.0,100.0,1.0,0.0,100.0,1.0,0.0,100.0,1.0,0.0,60.0,0.8,0.0
148,random,8,8,1345.1697328207165,269.0339465641433,1001345.1697328206,166890.86162213676,1446.0,24.591836734693878,94450.4644078583,1606.300415099631,58.8,0.8037185007834999,88.41925285284067,44.4,28,0.7680589410041696,0.7551020408163265,88.41925285284067,100.0,5.6,0.9333333333333332,0.334432999105273,0.0,6,100.0,1.0,0.0,100.0,1.0,0.0,100.0,1.0,0.0,100.0,1.0,0.0,100.0,1.0,0.0,30.515517117044055,0.6,2.006597994631638
149,random,8,8,324.9794688396172,101.55608401238037,1528551.2810382035,254758.54683970058,1429.0,23.737541528239202,95068.48053061691,1579.2106400434704,60.2,0.7405753566515493,90.29502209155415,45.6,29,0.7852510852551036,0.7574750830564784,90.29502209155415,100.0,5.8,0.9666666666666667,0.714191236128181,0.0,6,100.0,1.0,0.0,100.0,1.0,0.0,100.0,1.0,0.0,100.0,1.0,0.0,100.0,1.0,0.0,41.7701325493249,0.8,4.285147416769086
150,random,8,8,296.2798457167243,98.75994857224144,5686542.825052779,947757.1375087965,1654.6,26.34713375796178,96547.06698123211,1537.3736780450974,62.8,0.5361627981067421,100.0,51.2,30,0.6069317859229736,0.8152866242038217,100.0,100.0,6.0,1.0,0.0,0.0,6,100.0,1.0,0.0,100.0,1.0,0.0,100.0,1.0,0.0,100.0,1.0,0.0,100.0,1.0,0.0,100.0,1.0,0.0
151,random,8,8,560.0214573308933,186.67381911029779,3000560.021457331,500093.33690955513,1925.0,29.34451219512195,99872.05193163535,1522.4398160310266,65.6,0.2757915723203006,100.0,57.4,30,0.30455435071076953,0.875,100.0,100.0,6.0,1.0,0.0,0.0,6,100.0,1.0,0.0,100.0,1.0,0.0,100.0,1.0,0.0,100.0,1.0,0.0,100.0,1.0,0.0,100.0,1.0,0.0
152,random,8,8,872.4799901529079,335.56922698188765,3002913.056994179,500485.5094990298,2226.0,32.73529411764706,102653.40616623417,1509.608914209326,68.0,0.15278610923468225,100.0,62.6,30,0.20511618348480753,0.9205882352941176,100.0,100.0,6.0,1.0,0.0,0.0,6,100.0,1.0,0.0,100.0,1.0,0.0,100.0,1.0,0.0,100.0,1.0,0.0,100.0,1.0,0.0,100.0,1.0,0.0
153,random,11,8,1106.5663067294086,368.8554355764695,1675496.8940358483,279249.4823393081,2084.2,31.483383685800604,103821.98603583415,1568.3079461606367,66.2,0.17595477396608103,73.33333333333333,55.0,26,0.1967968831447531,0.8308157099697885,73.33333333333333,100.0,5.2,0.8666666666666667,0.0,0.0,6,60.0,0.8,0.0,60.0,0.8,0.0,60.0,0.8,0.0,60.0,0.8,0.0,100.0,1.0,0.0,100.0,1.0,0.0
154,random,11,11,451.8051096508877,112.95127741272192,3469075.7173398035,578179.2862233006,1794.2,29.032362459546924,104108.42125693634,1684.602285710944,61.8,0.6114208336765369,50.95866662964075,39.6,22,0.4880288874954638,0.6407766990291263,50.95866662964075,100.0,4.4,0.7333333333333334,1.2629827609501973,0.0,6,24.120441601114635,0.6,1.8436298748895696,28.896360762876157,0.6,1.9788700722439065,26.44674538874142,0.6,1.815000608251244,26.288452025112292,0.6,1.940396010316464,100.0,1.0,0.0,100.0,1.0,0.0
155,random,11,11,173.78577635222604,43.44644408805651,2000173.785776352,333362.297629392,1591.4,28.934545454545454,99720.60899605764,1813.1019817465026,55.0,1.4898767012555432,48.18795655027657,25.2,26,1.1213375887869235,0.4581818181818182,48.18795655027657,100.0,5.2,0.8666666666666667,2.6151084203258868,0.0,6,26.855661993120066,0.6,4.177036203325336,22.725166142301987,0.8,3.9165698507963747,14.808311004796906,0.8,3.6603652487181186,24.738600161440445,1.0,3.93667921911549,100.0,1.0,0.0,100.0,1.0,0.0
156,random,11,11,114.12848942664498,28.532122356661244,2000114.1284894266,333352.35474823776,1640.0,31.1787072243346,94400.28517277744,1794.682227619343,52.6,2.1863293617262145,53.28228578671428,23.6,24,1.5661446878533982,0.44866920152091255,53.28228578671428,100.0,4.800000000000001,0.8000000000000002,3.617973864222252,0.0,6,18.66886606403341,0.6,5.693864901256298,44.94542065855967,0.8,5.428843041679439,32.39899032044377,0.8,5.420541479768911,23.680437677248847,0.6,5.164593762628865,100.0,1.0,0.0,100.0,1.0,0.0
157,random,11,11,182.17198299433923,45.54299574858481,2000182.1719829938,333363.695330499,1776.4,32.29818181818182,86714.28600823513,1576.6233819679114,55.0,1.6572473846971214,85.97278620943864,31.8,28,1.4904066575829586,0.5781818181818181,85.97278620943864,100.0,5.6,0.9333333333333332,1.1016875046353294,0.0,6,15.8367172566318,0.6,6.610125027811977,100.0,1.0,0.0,100.0,1.0,0.0,100.0,1.0,0.0,100.0,1.0,0.0,100.0,1.0,0.0
158,random,11,11,494.5295436465714,123.63238591164286,2000494.5295436464,333415.75492394104,1966.2,33.43877551020408,89892.36079402629,1528.7816461569096,58.8,0.7045916052521666,100.0,43.8,30,0.8066648812820161,0.7448979591836735,100.0,100.0,6.0,1.0,0.0,0.0,6,100.0,1.0,0.0,100.0,1.0,0.0,100.0,1.0,0.0,100.0,1.0,0.0,100.0,1.0,0.0,100.0,1.0,0.0
159,random,8,11,735.4299675582255,183.85749188955637,2000735.4299675585,333455.90499459306,2208.0,35.38461538461539,97372.40892854813,1560.4552712908355,62.4,0.3969281914600437,100.0,52.2,30,0.34071074643997773,0.8365384615384616,100.0,100.0,6.0,1.0,0.0,0.0,6,100.0,1.0,0.0,100.0,1.0,0.0,100.0,1.0,0.0,100.0,1.0,0.0,100.0,1.0,0.0,100.0,1.0,0.0
160,random,8,8,1324.1842628367697,331.0460657091924,2001324.1842628368,333554.0307104728,2482.6,37.50151057401813,100506.23883390665,1518.2211304215507,66.2,0.24581817210611984,100.0,58.4,30,0.2436379103350061,0.8821752265861027,100.0,100.0,6.0,1.0,0.0,0.0,6,100.0,1.0,0.0,100.0,1.0,0.0,100.0,1.0,0.0,100.0,1.0,0.0,100.0,1.0,0.0,100.0,1.0,0.0
161,random,8,8,982.8107544238552,409.5044810099397,2089412.9541555222,348235.4923592537,2791.8,40.46086956521739,103952.10259184695,1506.5522114760429,69.0,0.10826039303831421,100.0,64.8,30,0.14750409529727163,0.9391304347826087,100.0,100.0,6.0,1.0,0.0,0.0,6,100.0,1.0,0.0,100.0,1.0,0.0,100.0,1.0,0.0,100.0,1.0,0.0,100.0,1.0,0.0,100.0,1.0,0.0
162,random,8,8,434.70131292138814,434.70131292138814,5209691.043743027,868281.8406238379,3127.4,44.677142857142854,105489.42215007106,1506.991745001015,70.0,0.01628315236077715,100.0,68.6,30,0.03987284550100824,0.98,100.0,100.0,6.0,1.0,0.0,0.0,6,100.0,1.0,0.0,100.0,1.0,0.0,100.0,1.0,0.0,100.0,1.0,0.0,100.0,1.0,0.0,100.0,1.0,0.0
163,random,8,8,0.0,0.0,9911828.745077167,1651971.4575128611,3476.0,49.65714285714286,106468.82481134369,1520.983211590624,70.0,1.8153423967730983e-05,100.0,70.0,30,6.52776041939567e-05,1.0,100.0,100.0,6.0,1.0,0.0,0.0,6,100.0,1.0,0.0,100.0,1.0,0.0,100.0,1.0,0.0,100.0,1.0,0.0,100.0,1.0,0.0,100.0,1.0,0.0
164,random,8,8,0.0,0.0,6000000.0,1000000.0,3826.0,54.65714285714286,106470.0,1521.0,70.0,0.0,100.0,70.0,30,0.0,1.0,100.0,100.0,6.0,1.0,0.0,0.0,6,100.0,1.0,0.0,100.0,1.0,0.0,100.0,1.0,0.0,100.0,1.0,0.0,100.0,1.0,0.0,100.0,1.0,0.0
165,random,11,8,1080.110180452536,490.9591729329709,2004987.6086287736,334164.6014381289,3679.6,55.08383233532934,104805.2208049541,1568.9404312118877,66.8,0.10419145544734451,76.66666666666667,58.0,27,0.12798684101166125,0.8682634730538922,76.66666666666667,100.0,5.4,0.9,0.0,0.0,6,60.0,0.8,0.0,60.0,0.8,0.0,80.0,1.0,0.0,60.0,0.8,0.0,100.0,1.0,0.0,100.0,1.0,0.0
166,random,11,11,492.40598902351,123.1014972558775,2000492.4059890234,333415.40099817055,3314.2,53.11217948717949,104260.57569000765,1670.842559134738,62.4,0.5618305538946697,51.783711294243254,41.8,21,0.4585036569664393,0.6698717948717948,51.783711294243254,100.0,4.199999999999999,0.6999999999999998,1.341163307850156,0.0,6,28.08284158085371,0.6,1.9371012984895224,29.961465332426087,0.6,2.090359452929368,33.10157174696087,0.6,1.8478445339212166,19.55638910521884,0.4,2.1716745617608293,100.0,1.0,0.0,100.0,1.0,0.0
167,random,11,11,181.13891605148652,45.28472901287163,2000181.1389160515,333363.52315267525,2944.0,52.94964028776978,102139.86645213,1837.0479577721221,55.6,1.450656532851301,55.8054072885299,25.4,25,1.1113144402698543,0.4568345323741007,55.8054072885299,100.0,5.0,0.8333333333333334,2.6771223753394326,0.0,6,28.79533279958423,0.6,4.090485797219638,45.11838097135296,1.0,3.8123825550022707,26.840864623743528,0.6,4.133343920154485,34.07786533649869,0.8,4.026521979660203,100.0,1.0,0.0,100.0,1.0,0.0
168,random,11,11,131.5810155012519,32.895253875312974,2000131.5810155012,333355.26350258355,2965.6,53.72463768115942,93723.23932507071,1697.8847703817157,55.2,1.9306371350213323,58.431405831958806,26.2,26,1.4154307980920526,0.4746376811594203,58.431405831958806,100.0,5.2,0.8666666666666667,3.119231225751704,0.0,6,23.676015810001445,0.8,4.570898374999728,15.398504138934186,0.8,4.970905527827334,56.130628126629745,0.8,4.361126686149247,55.383286916187444,0.8,4.812456765533913,100.0,1.0,0.0,100.0,1.0,0.0
169,random,11,11,254.32513815724965,63.58128453931241,2000254.3251381577,333375.72085635964,3125.0,52.78716216216216,88849.09796232631,1500.8293574717281,59.2,1.093288331537808,100.0,37.2,30,0.8932327660993187,0.6283783783783784,100.0,100.0,6.0,1.0,0.0,0.0,6,100.0,1.0,0.0,100.0,1.0,0.0,100.0,1.0,0.0,100.0,1.0,0.0,100.0,1.0,0.0,100.0,1.0,0.0
170,random,3,11,628.1801091465404,165.31055503856328,2001441.798632757,333573.6331054595,3343.2,53.57692307692308,94504.96448718094,1514.502636012515,62.4,0.39142847800225966,100.0,49.4,30,0.33313293593947657,0.7916666666666666,100.0,100.0,6.0,1.0,0.0,0.0,6,100.0,1.0,0.0,100.0,1.0,0.0,100.0,1.0,0.0,100.0,1.0,0.0,100.0,1.0,0.0,100.0,1.0,0.0
171,random,3,3,923.7863202238119,307.9287734079373,2109199.174590566,351533.19576509437,3621.0,55.36697247706422,99406.89346213089,1519.9830804607168,65.4,0.18638411266896518,100.0,59.8,30,0.21835608809258703,0.9143730886850153,100.0,100.0,6.0,1.0,0.0,0.0,6,100.0,1.0,0.0,100.0,1.0,0.0,100.0,1.0,0.0,100.0,1.0,0.0,100.0,1.0,0.0,100.0,1.0,0.0
172,random,3,3,1208.3985205911936,503.499383579664,2249246.445592317,374874.40759871947,3930.8,57.3002915451895,104123.46895474574,1517.8348244132033,68.6,0.08723857963313748,100.0,64.2,30,0.1031680020188422,0.9358600583090378,100.0,100.0,6.0,1.0,0.0,0.0,6,100.0,1.0,0.0,100.0,1.0,0.0,100.0,1.0,0.0,100.0,1.0,0.0,100.0,1.0,0.0,100.0,1.0,0.0
173,random,3,3,132.02077139679665,132.02077139679665,6050024.627079503,1008337.4378465838,4261.8,61.76521739130435,104413.76383912578,1513.2429541902286,69.0,0.02207025889354489,100.0,67.8,30,0.07135169465467493,0.9826086956521739,100.0,100.0,6.0,1.0,0.0,0.0,6,100.0,1.0,0.0,100.0,1.0,0.0,100.0,1.0,0.0,100.0,1.0,0.0,100.0,1.0,0.0,100.0,1.0,0.0
174,random,3,3,0.0,0.0,11586794.45300945,1931132.4088349084,4606.0,66.7536231884058,104947.99313910639,1520.985407813136,69.0,5.0088142595135785e-06,100.0,69.0,30,1.2758478398810584e-05,1.0,100.0,100.0,6.0,1.0,0.0,0.0,6,100.0,1.0,0.0,100.0,1.0,0.0,100.0,1.0,0.0,100.0,1.0,0.0,100.0,1.0,0.0,100.0,1.0,0.0
175,random,3,3,0.0,0.0,6000000.0,1000000.0,4951.0,71.7536231884058,104949.0,1521.0,69.0,0.0,100.0,69.0,30,0.0,1.0,100.0,100.0,6.0,1.0,0.0,0.0,6,100.0,1.0,0.0,100.0,1.0,0.0,100.0,1.0,0.0,100.0,1.0,0.0,100.0,1.0,0.0,100.0,1.0,0.0
176,random,7,3,559.0194676568224,465.8495563806853,4002822.1060114517,667137.0176685753,4495.2,65.91202346041055,105306.05271035743,1544.0770192134519,68.2,0.05407813659216345,90.0,63.6,29,0.11081162373159562,0.9325513196480938,90.0,100.0,5.8,0.9666666666666667,0.0,0.0,6,100.0,1.0,0.0,100.0,1.0,0.0,60.0,0.8,0.0,100.0,1.0,0.0,80.0,1.0,0.0,100.0,1.0,0.0
177,random,7,7,222.21867146886945,111.10933573443472,4000222.2186714695,666703.7031119115,3780.0,56.9277108433735,106502.00506253373,1603.945859375508,66.4,0.30773640530542573,77.71892551508017,56.4,26,0.4699760476221288,0.8493975903614458,77.71892551508017,100.0,5.2,0.8666666666666667,0.7389945725743375,0.0,6,100.0,1.0,0.0,100.0,1.0,0.0,27.924976909012003,0.6,2.068495716277933,100.0,1.0,0.0,38.388576181469034,0.6,2.365471719168092,100.0,1.0,0.0
178,random,7,7,90.5449938932781,45.27249694663905,4000090.5449938932,666681.7574989822,3102.8,47.73538461538462,104207.56275579473,1603.1932731660727,65.0,0.6832091550354622,79.9395116284408,49.0,27,0.9771961434180001,0.7538461538461538,79.9395116284408,100.0,5.3999999999999995,0.8999999999999999,1.344737372945852,0.0,6,100.0,1.0,0.0,100.0,1.0,0.0,45.87370118170611,0.8,3.9409585423018147,100.0,1.0,0.0,33.76336858893865,0.6,4.127465695373297,100.0,1.0,0.0
179,random,7,7,130.8099245257939,65.40496226289694,5569381.4525807565,928230.2420967928,3197.6,48.448484848484846,101286.82585543951,1534.6488765975685,66.0,0.4974666625542195,100.0,53.4,30,0.7212995781284337,0.8090909090909091,100.0,100.0,6.0,1.0,0.0,0.0,6,100.0,1.0,0.0,100.0,1.0,0.0,100.0,1.0,0.0,100.0,1.0,0.0,100.0,1.0,0.0,100.0,1.0,0.0
180,random,7,7,758.2032495375304,315.9180206406377,7385408.7194604855,1230901.4532434142,3457.4,50.99410029498525,101539.06301239398,1497.6262981179054,67.8,0.1706811012290346,100.0,59.8,30,0.26554391823414364,0.8820058997050148,100.0,100.0,6.0,1.0,0.0,0.0,6,100.0,1.0,0.0,100.0,1.0,0.0,100.0,1.0,0.0,100.0,1.0,0.0,100.0,1.0,0.0,100.0,1.0,0.0
181,random,7,7,832.9159995913449,462.73111088408046,9359977.73125045,1559996.2885417417,3777.2,54.74202898550725,104616.90438326592,1516.1870200473322,69.0,0.069880874288283,100.0,66.2,30,0.11776214585382175,0.9594202898550724,100.0,100.0,6.0,1.0,0.0,0.0,6,100.0,1.0,0.0,100.0,1.0,0.0,100.0,1.0,0.0,100.0,1.0,0.0,100.0,1.0,0.0,100.0,1.0,0.0
182,random,9,7,0.0,0.0,8114171.469270399,1352361.9115450664,4116.2,59.655072463768114,104493.69774194664,1514.4014165499511,69.0,0.003207407551759296,100.0,68.6,30,0.012703782527567741,0.9942028985507246,100.0,100.0,6.0,1.0,0.0,0.0,6,100.0,1.0,0.0,100.0,1.0,0.0,100.0,1.0,0.0,100.0,1.0,0.0,100.0,1.0,0.0,100.0,1.0,0.0
183,random,9,9,0.0,0.0,6330256.596047206,1055042.7660078676,4461.0,64.65217391304348,104948.8947775267,1520.9984750366189,69.0,1.1264986381803632e-06,100.0,69.0,30,6.066380821613838e-06,1.0,100.0,100.0,6.0,1.0,0.0,0.0,6,100.0,1.0,0.0,100.0,1.0,0.0,100.0,1.0,0.0,100.0,1.0,0.0,100.0,1.0,0.0,100.0,1.0,0.0
184,random,9,9,0.0,0.0,6000000.0,1000000.0,4806.0,69.65217391304348,104949.0,1521.0,69.0,0.0,100.0,69.0,30,0.0,1.0,100.0,100.0,6.0,1.0,0.0,0.0,6,100.0,1.0,0.0,100.0,1.0,0.0,100.0,1.0,0.0,100.0,1.0,0.0,100.0,1.0,0.0,100.0,1.0,0.0
185,random,9,9,0.0,0.0,6000000.0,1000000.0,5151.0,74.65217391304348,104949.0,1521.0,69.0,0.0,100.0,69.0,30,0.0,1.0,100.0,100.0,6.0,1.0,0.0,0.0,6,100.0,1.0,0.0,100.0,1.0,0.0,100.0,1.0,0.0,100.0,1.0,0.0,100.0,1.0,0.0,100.0,1.0,0.0
186,random,9,9,0.0,0.0,6000000.0,1000000.0,5496.0,79.65217391304348,104949.0,1521.0,69.0,0.0,100.0,69.0,30,0.0,1.0,100.0,100.0,6.0,1.0,0.0,0.0,6,100.0,1.0,0.0,100.0,1.0,0.0,100.0,1.0,0.0,100.0,1.0,0.0,100.0,1.0,0.0,100.0,1.0,0.0
187,random,9,9,0.0,0.0,5600638.311733158,933439.7186221931,5841.0,83.92241379310344,106036.37258645319,1523.5111003800746,69.6,0.004384773468288282,100.0,69.2,30,0.017394579914155942,0.9942528735632183,100.0,100.0,6.0,1.0,0.0,0.0,6,100.0,1.0,0.0,100.0,1.0,0.0,100.0,1.0,0.0,100.0,1.0,0.0,100.0,1.0,0.0,100.0,1.0,0.0
188,random,3,9,359.97159391263875,359.97159391263875,4330075.812368284,721679.3020613807,6043.8,86.34,106974.00984644354,1528.2001406634793,70.0,0.0366407740426139,93.33333333333333,67.0,29,0.0854772764982306,0.9571428571428572,93.33333333333333,100.0,5.8,0.9666666666666667,0.0,0.0,6,100.0,1.0,0.0,100.0,1.0,0.0,100.0,1.0,0.0,100.0,1.0,0.0,60.0,0.8,0.0,100.0,1.0,0.0
189,random,3,3,119.06583390190681,119.06583390190681,5000119.065833902,833353.1776389837,6166.8,89.11560693641619,107640.15263658346,1555.4935352107436,69.2,0.14201671765599394,90.4049438776292,63.4,29,0.3409064819411546,0.9161849710982659,90.4049438776292,100.0,5.8,0.9666666666666667,0.2447096330141485,0.0,6,100.0,1.0,0.0,100.0,1.0,0.0,100.0,1.0,0.0,100.0,1.0,0.0,42.42966326577516,0.8,1.468257798084891,100.0,1.0,0.0
190,random,3,3,44.013531662068516,44.013531662068516,5000044.013531662,833340.6689219436,6333.0,93.68343195266272,107129.30552348541,1584.7530402882458,67.6,0.36157495246703825,88.96847518314037,59.8,28,0.8367303357412578,0.8846153846153846,88.96847518314037,100.0,5.6,0.9333333333333332,0.6565929993364158,0.0,6,100.0,1.0,0.0,100.0,1.0,0.0,100.0,1.0,0.0,100.0,1.0,0.0,33.81085109884225,0.6,3.9395579960184945,100.0,1.0,0.0
191,random,3,3,23.77592108051147,23.77592108051147,5000023.77592108,833337.2959868467,6615.0,100.22727272727273,105258.60859105184,1594.8274028947249,66.0,0.6363317550586876,85.89969083096246,59.2,29,1.433331055703605,0.896969696969697,85.89969083096246,100.0,5.8,0.9666666666666667,0.8711092051347643,0.0,6,100.0,1.0,0.0,100.0,1.0,0.0,100.0,1.0,0.0,100.0,1.0,0.0,15.398144985774707,0.8,5.226655230808586,100.0,1.0,0.0
192,random,3,3,33.59424399814198,33.59424399814198,5000033.594243998,833338.9323739996,6911.0,104.08132530120481,101102.68098989758,1522.6307377996623,66.4,0.48595874313401477,94.17926698260847,60.0,30,1.1373850446114984,0.9036144578313253,94.17926698260847,100.0,6.0,1.0,1.0099455755921483,0.0,6,100.0,1.0,0.0,100.0,1.0,0.0,100.0,1.0,0.0,100.0,1.0,0.0,65.07560189565083,1.0,6.0596734535528896,100.0,1.0,0.0
193,random,3,3,87.28594262342885,87.28594262342885,5000087.285942623,833347.8809904372,7217.8,107.4077380952381,102197.5225189547,1520.7964660558737,67.2,0.17320865942804295,100.0,63.0,30,0.3905344912744783,0.9375,100.0,100.0,6.0,1.0,0.0,0.0,6,100.0,1.0,0.0,100.0,1.0,0.0,100.0,1.0,0.0,100.0,1.0,0.0,100.0,1.0,0.0,100.0,1.0,0.0
194,random,8,3,126.09448762845484,126.09448762845484,5000126.094487629,833354.3490812714,7541.2,110.57478005865103,104109.09405994831,1526.526305864345,68.2,0.12134648020868553,100.0,65.8,30,0.27516158122660594,0.9648093841642229,100.0,100.0,6.0,1.0,0.0,0.0,6,100.0,1.0,0.0,100.0,1.0,0.0,100.0,1.0,0.0,100.0,1.0,0.0,100.0,1.0,0.0,100.0,1.0,0.0
195,random,8,8,199.27812973742297,199.27812973742297,5000199.278129738,833366.5463549563,7873.2,113.77456647398844,105436.7600157415,1523.6526013835478,69.2,0.08112324591341263,100.0,67.2,30,0.18835921980151865,0.9710982658959537,100.0,100.0,6.0,1.0,0.0,0.0,6,100.0,1.0,0.0,100.0,1.0,0.0,100.0,1.0,0.0,100.0,1.0,0.0,100.0,1.0,0.0,100.0,1.0,0.0
196,random,8,8,368.3447152498853,368.3447152498853,5000368.344715251,833394.7241192084,8212.6,117.32285714285715,106443.71598300531,1520.624514042933,70.0,0.04539148295494344,100.0,68.4,30,0.10846561244635224,0.9771428571428571,100.0,100.0,6.0,1.0,0.0,0.0,6,100.0,1.0,0.0,100.0,1.0,0.0,100.0,1.0,0.0,100.0,1.0,0.0,100.0,1.0,0.0,100.0,1.0,0.0
197,random,8,8,0.0,0.0,5783820.7637452055,963970.1272908676,8560.0,122.28571428571429,106162.13178467941,1516.6018826382774,70.0,0.00011880045437360364,100.0,70.0,30,0.0004020325070609913,1.0,100.0,100.0,6.0,1.0,0.0,0.0,6,100.0,1.0,0.0,100.0,1.0,0.0,100.0,1.0,0.0,100.0,1.0,0.0,100.0,1.0,0.0,100.0,1.0,0.0
198,random,8,8,0.0,0.0,6000000.0,1000000.0,8910.0,127.28571428571429,106469.9495982345,1520.9992799747786,70.0,0.0,100.0,70.0,30,0.0,1.0,100.0,100.0,6.0,1.0,0.0,0.0,6,100.0,1.0,0.0,100.0,1.0,0.0,100.0,1.0,0.0,100.0,1.0,0.0,100.0,1.0,0.0,100.0,1.0,0.0
199,random,2,8,209.39750062134144,209.39750062134144,5000988.536125133,833498.0893541888,8516.6,121.66571428571429,107402.5624973685,1534.3223213909787,70.0,0.03322338595951625,93.33333333333333,67.4,29,0.09636995461799397,0.9628571428571429,93.33333333333333,100.0,5.8,0.9666666666666667,0.0,0.0,6,100.0,1.0,0.0,100.0,1.0,0.0,100.0,1.0,0.0,100.0,1.0,0.0,100.0,1.0,0.0,60.0,0.8,0.0
200,random,2,2,105.01292609881018,105.01292609881018,6769282.783184692,1128213.7971974488,7864.8,113.98260869565217,107572.63184149578,1559.0236498767504,69.0,0.15399025905058128,88.34411189065729,64.0,28,0.35953654820883546,0.927536231884058,88.34411189065729,100.0,5.6,0.9333333333333332,0.354897280487406,0.0,6,100.0,1.0,0.0,100.0,1.0,0.0,100.0,1.0,0.0,100.0,1.0,0.0,100.0,1.0,0.0,30.0646713439437,0.6,2.129383682924436
201,random,2,2,41.45930301600795,41.45930301600795,5914012.448061666,985668.741343611,7244.8,107.80952380952381,106477.50053573621,1584.4866151151223,67.2,0.3744865067242763,86.021689326811,59.8,29,0.8554806218736031,0.8898809523809523,86.021689326811,100.0,5.8,0.9666666666666667,0.6619778611567764,0.0,6,100.0,1.0,0.0,100.0,1.0,0.0,100.0,1.0,0.0,100.0,1.0,0.0,100.0,1.0,0.0,16.130135960866028,0.8,3.9718671669406582
202,random,2,2,27.06861705299814,27.06861705299814,5000027.068617052,833337.8447695087,7487.6,112.76506024096386,104269.86074930498,1570.3292281521835,66.4,0.5637045599440224,88.53640293419706,59.6,29,1.2763283144972566,0.8975903614457831,88.53640293419706,100.0,5.8,0.9666666666666667,0.9695843185949915,0.0,6,100.0,1.0,0.0,100.0,1.0,0.0,100.0,1.0,0.0,100.0,1.0,0.0,100.0,1.0,0.0,31.218417605182367,0.8,5.817505911569949
203,random,2,2,55.55415256438714,55.55415256438714,5000055.554152565,833342.5923587609,7791.8,115.6053412462908,101972.28150316696,1512.9418620647916,67.4,0.3059422384758474,100.0,62.2,30,0.7264971590643252,0.9228486646884273,100.0,100.0,6.0,1.0,0.0,0.0,6,100.0,1.0,0.0,100.0,1.0,0.0,100.0,1.0,0.0,100.0,1.0,0.0,100.0,1.0,0.0,100.0,1.0,0.0
204,random,2,2,135.54561455601015,135.54561455601015,5000135.545614556,833355.9242690927,8110.4,118.57309941520468,104301.0124032092,1524.8686023860994,68.4,0.11540374670880495,100.0,65.0,30,0.26382865314898746,0.9502923976608187,100.0,100.0,6.0,1.0,0.0,0.0,6,100.0,1.0,0.0,100.0,1.0,0.0,100.0,1.0,0.0,100.0,1.0,0.0,100.0,1.0,0.0,100.0,1.0,0.0
205,random,11,2,1232.4300517666366,362.4794269901872,1204077.18205882,200679.53034313666,6390.6,96.82727272727273,104531.29398572579,1583.8074846322088,66.0,0.1995258165942218,73.33333333333333,55.4,26,0.1925784349307394,0.8393939393939394,73.33333333333333,100.0,5.2,0.8666666666666667,0.0,0.0,6,60.0,0.8,0.0,60.0,0.8,0.0,60.0,0.8,0.0,60.0,0.8,0.0,100.0,1.0,0.0,100.0,1.0,0.0
206,random,11,11,813.0437770704457,169.38412022300952,1001097.9233541243,166849.65389235405,3712.8,60.077669902912625,104122.90956183957,1684.836724301611,61.8,0.6348426176708037,53.759694774871605,39.4,22,0.4537382409289834,0.6375404530744336,53.759694774871605,100.0,4.4,0.7333333333333334,1.2146256489463212,0.0,6,31.020754303585818,0.6,1.8697919314191003,25.900564218582076,0.6,1.7135931939956512,37.20051782921473,0.6,2.0339610282910816,28.436332297847002,0.6,1.6704077399720936,100.0,1.0,0.0,100.0,1.0,0.0
207,random,11,11,167.97706298304897,41.99426574576224,3311035.5003702603,551839.25006171,1380.8,25.014492753623188,101437.68877039837,1837.639289318811,55.2,1.5618236172230662,54.24234835857609,25.2,27,1.1911341261305763,0.45652173913043476,54.24234835857609,100.0,5.4,0.9,2.613821080309505,0.0,6,22.347514037319343,0.8,4.115272371249398,27.25484162417615,1.0,3.8788465238938556,32.269192913463485,0.8,3.8068967402340714,43.58254157649753,0.8,3.8819108464797063,100.0,1.0,0.0,100.0,1.0,0.0
208,random,11,11,129.64509807171854,32.411274517929634,7479994.699401994,1246665.7832336656,1010.0,18.498168498168496,94357.7280537169,1728.1635174673424,54.6,2.014884431595599,65.73743825641638,25.8,27,1.5408859999755955,0.4725274725274725,65.73743825641638,100.0,5.4,0.9,3.544627968258853,0.0,6,24.315853221705765,0.8,5.9159400742450465,70.56570772544092,0.8,5.216965844199401,34.791795689939136,0.8,4.9668740819873,64.75127290141245,1.0,5.167987809121371,100.0,1.0,0.0,100.0,1.0,0.0
209,random,11,11,266.58459527058767,66.64614881764692,3444676.0015603974,574112.6669267329,1158.8,20.25874125874126,87238.25390985297,1525.1442991233037,57.2,1.2961714374990614,89.94457880020416,34.6,29,1.3624899015050282,0.6048951048951049,89.94457880020416,100.0,5.8,0.9666666666666667,1.103768587060551,0.0,6,39.6674728012249,0.8,6.6226115223633055,100.0,1.0,0.0,100.0,1.0,0.0,100.0,1.0,0.0,100.0,1.0,0.0,100.0,1.0,0.0
210,random,3,11,982.4705556884176,188.9366453246957,2246.1150547025545,374.35250911709244,981.0,16.081967213114755,95702.5481548332,1568.894232046446,61.0,0.6330332540304877,86.66666666666667,41.8,28,0.5345119832164998,0.6852459016393443,86.66666666666667,100.0,5.6,0.9333333333333332,0.0,0.0,6,100.0,1.0,0.0,100.0,1.0,0.0,100.0,1.0,0.0,100.0,1.0,0.0,60.0,0.8,0.0,60.0,0.8,0.0
211,random,3,3,1339.1116769037324,230.8813236040918,1544.336450518417,257.3894084197362,683.6,10.516923076923076,99664.1928331126,1533.2952743555784,65.0,0.4841576514797766,89.70614652299976,44.8,28,0.2455874747975642,0.6892307692307692,89.70614652299976,100.0,5.6,0.9333333333333332,0.6705536398762559,0.0,6,100.0,1.0,0.0,100.0,1.0,0.0,100.0,1.0,0.0,100.0,1.0,0.0,68.16276182370984,0.8,1.8825970624313864,70.07411731428874,0.8,2.140724776826149
212,random,3,3,1316.3231237899802,263.26462475799605,48044.75015715837,8007.458359526395,515.8,7.5852941176470585,101516.56716937905,1492.8906936673388,68.0,0.3674470608998051,100.0,47.4,30,0.20641813829948288,0.6970588235294117,100.0,100.0,6.0,1.0,0.0,0.0,6,100.0,1.0,0.0,100.0,1.0,0.0,100.0,1.0,0.0,100.0,1.0,0.0,100.0,1.0,0.0,100.0,1.0,0.0
213,random,3,3,1392.9197441152523,464.3065813717508,3265014.4478249718,544169.0746374953,757.6,10.853868194842407,103345.78732318107,1480.5986722518776,69.8,0.13853850832531694,100.0,59.0,30,0.1458117941880697,0.8452722063037249,100.0,100.0,6.0,1.0,0.0,0.0,6,100.0,1.0,0.0,100.0,1.0,0.0,100.0,1.0,0.0,100.0,1.0,0.0,100.0,1.0,0.0,100.0,1.0,0.0
214,random,3,3,0.0,0.0,10751870.307226717,1791978.3845377862,1085.4,15.505714285714285,106055.33461701727,1515.0762088145325,70.0,0.005935629902766637,100.0,68.8,30,0.010433716568634595,0.9828571428571429,100.0,100.0,6.0,1.0,0.0,0.0,6,100.0,1.0,0.0,100.0,1.0,0.0,100.0,1.0,0.0,100.0,1.0,0.0,100.0,1.0,0.0,100.0,1.0,0.0
215,random,1,3,0.0,0.0,15160593.556227818,2526765.5927046365,1435.0,20.5,106458.19217523998,1520.8313167891424,70.0,0.00010187850359656853,100.0,70.0,30,0.0002205368040947032,1.0,100.0,100.0,6.0,1.0,0.0,0.0,6,100.0,1.0,0.0,100.0,1.0,0.0,100.0,1.0,0.0,100.0,1.0,0.0,100.0,1.0,0.0,100.0,1.0,0.0
216,random,1,1,0.0,0.0,11074378.294273403,1845729.7157122337,1785.0,25.5,106469.8886077744,1520.9984086824913,70.0,9.886212881310318e-07,100.0,70.0,30,2.9780212818877864e-06,1.0,100.0,100.0,6.0,1.0,0.0,0.0,6,100.0,1.0,0.0,100.0,1.0,0.0,100.0,1.0,0.0,100.0,1.0,0.0,100.0,1.0,0.0,100.0,1.0,0.0
217,random,1,1,0.0,0.0,7558776.561523224,1259796.093587204,2135.0,30.5,106470.00039526816,1521.000005646688,70.0,3.51759672150087e-07,100.0,70.0,30,1.8942838070318199e-06,1.0,100.0,100.0,6.0,1.0,0.0,0.0,6,100.0,1.0,0.0,100.0,1.0,0.0,100.0,1.0,0.0,100.0,1.0,0.0,100.0,1.0,0.0,100.0,1.0,0.0
218,random,1,1,0.0,0.0,6000000.0,1000000.0,2485.0,35.5,106470.0,1521.0,70.0,0.0,100.0,70.0,30,0.0,1.0,100.0,100.0,6.0,1.0,0.0,0.0,6,100.0,1.0,0.0,100.0,1.0,0.0,100.0,1.0,0.0,100.0,1.0,0.0,100.0,1.0,0.0,100.0,1.0,0.0
219,random,1,1,0.0,0.0,6000000.0,1000000.0,2835.0,40.5,106470.0,1521.0,70.0,0.0,100.0,70.0,30,0.0,1.0,100.0,100.0,6.0,1.0,0.0,0.0,6,100.0,1.0,0.0,100.0,1.0,0.0,100.0,1.0,0.0,100.0,1.0,0.0,100.0,1.0,0.0,100.0,1.0,0.0
220,random,1,1,0.0,0.0,7749909.11900357,1291651.5198339282,3185.0,45.5,106470.01436927002,1521.000205275286,70.0,3.0633906345264887e-07,100.0,70.0,30,1.6496863435557482e-06,1.0,100.0,100.0,6.0,1.0,0.0,0.0,6,100.0,1.0,0.0,100.0,1.0,0.0,100.0,1.0,0.0,100.0,1.0,0.0,100.0,1.0,0.0,100.0,1.0,0.0
221,random,10,1,427.69016531994293,427.69016531994293,4202343.090073129,700390.5150121882,3164.4,46.39882697947214,105277.85833045849,1543.6636118835556,68.2,0.0502635586087216,86.66666666666667,64.0,28,0.10638153608813349,0.9384164222873901,86.66666666666667,100.0,5.6,0.9333333333333332,0.0,0.0,6,60.0,0.8,0.0,60.0,0.8,0.0,100.0,1.0,0.0,100.0,1.0,0.0,100.0,1.0,0.0,100.0,1.0,0.0
222,random,10,10,245.1626413103708,122.5813206551854,4000245.1626413106,666707.5271068851,2940.0,44.54545454545455,105338.5146120883,1596.038100183156,66.0,0.27436712696064686,75.3845029522078,54.8,26,0.4107039248056485,0.8303030303030303,75.3845029522078,100.0,5.2,0.8666666666666667,0.5766272991556574,0.0,6,22.960732072510837,0.6,1.8512002653766777,29.346285640735914,0.6,1.6085635295572664,100.0,1.0,0.0,100.0,1.0,0.0,100.0,1.0,0.0,100.0,1.0,0.0
223,random,10,10,93.20345238142662,46.60172619071331,4000093.2034523813,666682.2005753969,2810.0,44.745222929936304,104146.30051930447,1658.380581517587,62.8,0.7020703981763051,75.96230457853305,47.2,28,1.0349799537092927,0.7515923566878981,75.96230457853305,100.0,5.6,0.9333333333333332,1.3877631332425182,0.0,6,29.53341255243231,0.6,4.380675577806712,26.240414918765964,1.0,3.945903221648398,100.0,1.0,0.0,100.0,1.0,0.0,100.0,1.0,0.0,100.0,1.0,0.0
224,random,10,10,51.59329081272968,25.79664540636484,4000051.593290812,666675.2655484687,2984.0,49.56810631229236,102435.38152791353,1701.584410762683,60.2,1.2200143606296132,72.02473713097561,46.4,26,1.7487491240555824,0.770764119601329,72.02473713097561,100.0,5.2,0.8666666666666667,1.9064298859562994,0.0,6,26.30206475372688,0.6,6.03590020544412,5.846358032126773,0.6,5.4026791102936755,100.0,1.0,0.0,100.0,1.0,0.0,100.0,1.0,0.0,100.0,1.0,0.0
225,random,10,10,38.32456378979071,19.162281894895354,4000038.324563789,666673.0540939649,3214.0,55.41379310344828,98414.9971097807,1696.810294996219,58.0,1.622505639032788,75.32869191495062,46.4,26,2.3033172961478674,0.8,75.32869191495062,100.0,5.2,0.8666666666666667,2.3551800480507974,0.0,6,22.955227530796947,0.6,7.226693605112083,29.016923958906773,0.6,6.904386683192699,100.0,1.0,0.0,100.0,1.0,0.0,100.0,1.0,0.0,100.0,1.0,0.0
226,random,10,10,34.45945561546093,17.229727807730466,4000034.4594556154,666672.4099092692,3444.0,62.16606498194946,91928.8622458462,1659.3657445098593,55.4,1.806476135849132,71.52191241178723,46.4,27,2.56653411153265,0.8375451263537906,71.52191241178723,100.0,5.4,0.9,2.6596432122125733,0.0,6,4.317310693377294,1.0,7.893855940534508,24.81416377734604,0.4,8.06400333274093,100.0,1.0,0.0,100.0,1.0,0.0,100.0,1.0,0.0,100.0,1.0,0.0
227,random,11,10,509.9654420634426,159.36420064482581,2001777.5136219165,333629.58560365275,3109.0,60.01930501930502,86948.4234684543,1678.5409935995037,51.8,1.7784303082265018,55.09668946929651,40.4,22,2.388589508340463,0.7799227799227799,55.09668946929651,100.0,4.4,0.7333333333333334,2.8415428434653833,0.0,6,6.81555629592367,0.4,8.638045911397786,3.7645805198553717,0.4,8.411211149394513,60.0,0.8,0.0,60.0,0.8,0.0,100.0,1.0,0.0,100.0,1.0,0.0
228,random,11,11,257.21326234494364,64.30331558623591,2000257.213262345,333376.2022103908,2458.4,50.79338842975206,85058.64197626493,1757.409958187292,48.4,1.907506708723853,46.493228222150265,31.2,20,2.081806332781315,0.6446280991735537,46.493228222150265,100.0,4.0,0.6666666666666666,3.6454396710116383,0.0,6,3.8300349000473943,0.4,8.502672880608587,6.1381066871445,0.4,9.198177433479577,34.59207066050567,0.6,2.0805141458787846,34.399157085204024,0.6,2.091273566102881,100.0,1.0,0.0,100.0,1.0,0.0
229,random,11,11,120.27705589072464,30.06926397268116,2000120.2770558908,333353.3795093151,1936.4,43.03111111111111,83800.83355431097,1862.240745651355,45.0,2.3707080493132366,46.071524440411245,23.6,21,1.954940529519818,0.5244444444444445,46.071524440411245,100.0,4.2,0.7000000000000001,4.288901185956054,0.0,6,11.240488709918282,0.2,8.89641034128373,9.538102742162664,0.4,8.85662016896531,31.639909005957634,0.8,3.9900562913460274,24.01064618442888,0.8,3.9903203141412567,100.0,1.0,0.0,100.0,1.0,0.0
230,random,11,11,97.02450539385806,24.256126348464516,2000097.024505394,333349.5040842323,1950.2,42.95594713656388,80067.39243337921,1763.598952277075,45.4,2.668618613396035,50.07387629881881,24.2,18,2.0160124593413946,0.5330396475770925,50.07387629881881,100.0,3.6,0.6,4.725570492203691,0.0,6,11.413140281974847,0.2,8.761830445379992,10.69188212868994,0.2,9.352890239190549,47.033697446076985,0.6,5.559491047217833,31.304537936171073,0.6,4.679211221433772,100.0,1.0,0.0,100.0,1.0,0.0
231,random,11,11,178.3472728937439,44.58681822343598,2000178.3472728939,333363.0578788156,2085.8,42.56734693877551,77795.31678960973,1587.659526318566,49.0,1.7793378612632003,69.70976166058638,31.4,23,1.581085613617727,0.6408163265306123,69.70976166058638,100.0,4.6,0.7666666666666666,3.1137256010265895,0.0,6,10.721151117827503,0.2,9.327356633721589,7.537418845690809,0.4,9.354996972437949,100.0,1.0,0.0,100.0,1.0,0.0,100.0,1.0,0.0,100.0,1.0,0.0
232,random,11,11,365.05760918968934,91.26440229742234,2000365.0576091893,333394.17626819824,2267.8,42.78867924528302,84265.42306414481,1589.9136427197134,53.0,1.0129994139878509,88.83803105036577,40.8,28,1.029834967483119,0.769811320754717,88.83803105036577,100.0,5.6,0.9333333333333332,2.0564371767699847,0.0,6,62.253229848056435,0.8,7.238879989488519,70.77495645413819,0.8,5.099743071131389,100.0,1.0,0.0,100.0,1.0,0.0,100.0,1.0,0.0,100.0,1.0,0.0
233,random,6,11,550.1013273174743,137.52533182936858,2000550.1013273173,333425.0168878862,2485.4,44.06737588652482,89374.10917709333,1584.6473258349881,56.4,0.7609749735440414,100.0,46.2,30,0.8131073559643308,0.8191489361702128,100.0,100.0,6.0,1.0,0.0,0.0,6,100.0,1.0,0.0,100.0,1.0,0.0,100.0,1.0,0.0,100.0,1.0,0.0,100.0,1.0,0.0,100.0,1.0,0.0
234,random,6,6,1214.2607974997468,303.5651993749367,2001214.2607975,333535.71013291663,2727.6,45.46,93181.07947977046,1553.0179913295076,60.0,0.5517540084615408,100.0,51.2,30,0.6682070144225016,0.8533333333333334,100.0,100.0,6.0,1.0,0.0,0.0,6,100.0,1.0,0.0,100.0,1.0,0.0,100.0,1.0,0.0,100.0,1.0,0.0,100.0,1.0,0.0,100.0,1.0,0.0
235,random,6,6,197.03285430754494,98.51642715377247,4916886.866358494,819481.1443930824,2998.4,48.36129032258064,94829.86720899306,1529.5139872418235,62.0,0.31703897147713006,100.0,56.8,30,0.44920635356031213,0.9161290322580645,100.0,100.0,6.0,1.0,0.0,0.0,6,100.0,1.0,0.0,100.0,1.0,0.0,100.0,1.0,0.0,100.0,1.0,0.0,100.0,1.0,0.0,100.0,1.0,0.0
236,random,6,6,264.9377463658693,132.46887318293466,4000264.937746366,666710.8229577277,3287.2,51.523510971786834,98118.16366399301,1537.9022517867243,63.8,0.2415249822765155,100.0,59.0,30,0.3494161086462765,0.9247648902821317,100.0,100.0,6.0,1.0,0.0,0.0,6,100.0,1.0,0.0,100.0,1.0,0.0,100.0,1.0,0.0,100.0,1.0,0.0,100.0,1.0,0.0,100.0,1.0,0.0
237,random,6,6,423.0188979179792,211.5094489589896,4000423.018897918,666737.1698163197,3586.4,54.504559270516715,100692.35356616553,1530.2789295769837,65.8,0.16326150821457974,100.0,61.4,30,0.2466959014237274,0.9331306990881459,100.0,100.0,6.0,1.0,0.0,0.0,6,100.0,1.0,0.0,100.0,1.0,0.0,100.0,1.0,0.0,100.0,1.0,0.0,100.0,1.0,0.0,100.0,1.0,0.0
238,random,1,6,623.026176596296,311.513088298148,4000623.026176597,666770.5043627662,3900.8,57.53392330383481,103605.49099807872,1528.1045869923114,67.8,0.10975932048118388,100.0,64.4,30,0.165817209817467,0.9498525073746312,100.0,100.0,6.0,1.0,0.0,0.0,6,100.0,1.0,0.0,100.0,1.0,0.0,100.0,1.0,0.0,100.0,1.0,0.0,100.0,1.0,0.0,100.0,1.0,0.0
239,random,1,1,867.0577137699129,867.0577137699129,3809690.5783021552,634948.4297170258,4229.2,60.93948126801153,104557.48932609137,1506.5920652174548,69.4,0.02328101420366888,100.0,67.0,30,0.0417148618017327,0.9654178674351584,100.0,100.0,6.0,1.0,0.0,0.0,6,100.0,1.0,0.0,100.0,1.0,0.0,100.0,1.0,0.0,100.0,1.0,0.0,100.0,1.0,0.0,100.0,1.0,0.0
240,random,1,1,278.62556880299456,278.62556880299456,8814378.794973802,1469063.1324956336,4571.6,65.30857142857143,106408.62180814105,1520.1231686877293,70.0,0.009764877139497783,100.0,69.4,30,0.03467764212507042,0.9914285714285714,100.0,100.0,6.0,1.0,0.0,0.0,6,100.0,1.0,0.0,100.0,1.0,0.0,100.0,1.0,0.0,100.0,1.0,0.0,100.0,1.0,0.0,100.0,1.0,0.0
241,random,1,1,0.0,0.0,6035531.04350373,1005921.8405839549,4921.0,70.3,106468.69067679723,1520.9812953828175,70.0,1.2263454809821348e-05,100.0,70.0,30,4.423674379379124e-05,1.0,100.0,100.0,6.0,1.0,0.0,0.0,6,100.0,1.0,0.0,100.0,1.0,0.0,100.0,1.0,0.0,100.0,1.0,0.0,100.0,1.0,0.0,100.0,1.0,0.0
242,random,1,1,0.0,0.0,6000000.0,1000000.0,5271.0,75.3,106470.0,1521.0,70.0,0.0,100.0,70.0,30,0.0,1.0,100.0,100.0,6.0,1.0,0.0,0.0,6,100.0,1.0,0.0,100.0,1.0,0.0,100.0,1.0,0.0,100.0,1.0,0.0,100.0,1.0,0.0,100.0,1.0,0.0
243,random,1,1,0.0,0.0,6000000.0,1000000.0,5621.0,80.3,106470.0,1521.0,70.0,0.0,100.0,70.0,30,0.0,1.0,100.0,100.0,6.0,1.0,0.0,0.0,6,100.0,1.0,0.0,100.0,1.0,0.0,100.0,1.0,0.0,100.0,1.0,0.0,100.0,1.0,0.0,100.0,1.0,0.0
244,random,9,1,414.0030831736961,345.0025693114134,4001868.7285970426,666978.1214328405,4983.8,71.19714285714285,108414.5280661883,1548.7789723741187,70.0,0.06718617716198039,90.0,64.8,29,0.12837916575930858,0.9257142857142857,90.0,100.0,5.8,0.9666666666666667,0.0,0.0,6,100.0,1.0,0.0,100.0,1.0,0.0,100.0,1.0,0.0,100.0,1.0,0.0,80.0,1.0,0.0,60.0,0.8,0.0
245,random,9,9,300.5827890069731,150.29139450348654,11503809.463381734,1917301.5772302889,3903.0,56.56521739130435,107061.08094737527,1551.6098688025402,69.0,0.22004168523607417,81.78736886252788,58.4,26,0.3396428092854572,0.8463768115942029,81.78736886252788,100.0,5.2,0.8666666666666667,0.7054602291563832,0.0,6,100.0,1.0,0.0,100.0,1.0,0.0,100.0,1.0,0.0,100.0,1.0,0.0,18.17721190302109,0.4,2.274377703085326,72.54700127214619,0.8,1.9583836718529732
246,random,9,9,233.87253623781174,116.93626811890587,7423447.422333859,1237241.2370556432,3115.2,45.811764705882354,106127.33509296719,1560.696104308341,68.0,0.382172311739266,87.23588650124005,54.4,28,0.6639370685359072,0.8,87.23588650124005,100.0,5.6,0.9333333333333332,0.6450761984435379,0.0,6,100.0,1.0,0.0,100.0,1.0,0.0,100.0,1.0,0.0,100.0,1.0,0.0,23.415319007440303,0.6,3.8704571906612277,100.0,1.0,0.0
247,random,9,9,439.12794659844064,219.56397329922032,8082791.956316091,1347131.9927193485,3258.2,47.634502923976605,104509.54242134436,1527.9172868617597,68.4,0.3301007239230775,100.0,58.0,30,0.6251556974892035,0.847953216374269,100.0,100.0,6.0,1.0,0.0,0.0,6,100.0,1.0,0.0,100.0,1.0,0.0,100.0,1.0,0.0,100.0,1.0,0.0,100.0,1.0,0.0,100.0,1.0,0.0
248,random,9,9,181.39736944423296,181.39736944423296,5777830.775879903,962971.7959799838,3565.6,51.377521613832855,105134.92759155031,1514.9125013191685,69.4,0.10002786604038667,100.0,64.4,30,0.2347224585309463,0.9279538904899135,100.0,100.0,6.0,1.0,0.0,0.0,6,100.0,1.0,0.0,100.0,1.0,0.0,100.0,1.0,0.0,100.0,1.0,0.0,100.0,1.0,0.0,100.0,1.0,0.0
249,random,9,9,311.0038969492042,311.0038969492042,6250575.535017317,1041762.5891695529,3899.8,55.71142857142857,105607.65631852485,1508.680804550355,70.0,0.03428333774635751,100.0,68.0,30,0.09104917397206551,0.9714285714285714,100.0,100.0,6.0,1.0,0.0,0.0,6,100.0,1.0,0.0,100.0,1.0,0.0,100.0,1.0,0.0,100.0,1.0,0.0,100.0,1.0,0.0,100.0,1.0,0.0
250,random,8,9,0.0,0.0,5226942.512354895,871157.0853924825,4247.0,60.67142857142857,106445.67666031746,1520.652523718821,70.0,0.0005731095077809704,100.0,70.0,30,0.00203530676897837,1.0,100.0,100.0,6.0,1.0,0.0,0.0,6,100.0,1.0,0.0,100.0,1.0,0.0,100.0,1.0,0.0,100.0,1.0,0.0,100.0,1.0,0.0,100.0,1.0,0.0
251,random,8,8,0.0,0.0,6000000.0,1000000.0,4597.0,65.67142857142858,106469.83819328337,1520.9976884754767,70.0,0.0,100.0,70.0,30,0.0,1.0,100.0,100.0,6.0,1.0,0.0,0.0,6,100.0,1.0,0.0,100.0,1.0,0.0,100.0,1.0,0.0,100.0,1.0,0.0,100.0,1.0,0.0,100.0,1.0,0.0
252,random,8,8,0.0,0.0,6000000.0,1000000.0,4947.0,70.67142857142858,106470.0,1521.0,70.0,0.0,100.0,70.0,30,0.0,1.0,100.0,100.0,6.0,1.0,0.0,0.0,6,100.0,1.0,0.0,100.0,1.0,0.0,100.0,1.0,0.0,100.0,1.0,0.0,100.0,1.0,0.0,100.0,1.0,0.0
253,random,8,8,0.0,0.0,6000000.0,1000000.0,5297.0,75.67142857142858,106470.0,1521.0,70.0,0.0,100.0,70.0,30,0.0,1.0,100.0,100.0,6.0,1.0,0.0,0.0,6,100.0,1.0,0.0,100.0,1.0,0.0,100.0,1.0,0.0,100.0,1.0,0.0,100.0,1.0,0.0,100.0,1.0,0.0
254,random,8,8,0.0,0.0,11993415.864122005,1998902.6440203341,5647.0,80.67142857142858,106470.01855395646,1521.000265056521,70.0,1.4176844640303149e-06,100.0,70.0,30,3.6287818523021304e-06,1.0,100.0,100.0,6.0,1.0,0.0,0.0,6,100.0,1.0,0.0,100.0,1.0,0.0,100.0,1.0,0.0,100.0,1.0,0.0,100.0,1.0,0.0,100.0,1.0,0.0
255,random,8,8,0.0,0.0,7869101.866540335,1311516.9777567226,5997.0,85.67142857142858,106469.9839988985,1520.9997714128358,70.0,1.0603621290714426e-06,100.0,70.0,30,3.982268761726149e-06,1.0,100.0,100.0,6.0,1.0,0.0,0.0,6,100.0,1.0,0.0,100.0,1.0,0.0,100.0,1.0,0.0,100.0,1.0,0.0,100.0,1.0,0.0,100.0,1.0,0.0
256,random,10,8,563.6762588282348,469.73021569019573,4002412.4172782465,667068.7362130411,5637.2,82.41520467836257,105715.55566090536,1545.5490593699615,68.4,0.05584194554538102,90.0,64.2,29,0.10936271306564727,0.9385964912280702,90.0,100.0,5.8,0.9666666666666667,0.0,0.0,6,80.0,1.0,0.0,60.0,0.8,0.0,100.0,1.0,0.0,100.0,1.0,0.0,100.0,1.0,0.0,100.0,1.0,0.0
257,random,10,10,251.15890885728453,125.57945442864226,4000251.1589088575,666708.5264848096,5030.0,76.44376899696049,105021.56496101459,1596.0724158208905,65.8,0.2832894937729911,74.7989022136062,56.0,26,0.43227507251874786,0.851063829787234,74.7989022136062,100.0,5.2,0.8666666666666667,0.6027779740359943,0.0,6,26.52032531491841,0.6,1.8605506791689486,22.273087966718776,0.6,1.7561171650470175,100.0,1.0,0.0,100.0,1.0,0.0,100.0,1.0,0.0,100.0,1.0,0.0
258,random,10,10,90.48369378723831,45.241846893619154,4000090.4836937874,666681.7472822979,4431.2,70.78594249201278,103678.41055046889,1656.2046413812923,62.6,0.726924917827673,77.14859234189362,47.4,30,1.071801758418021,0.7571884984025559,77.14859234189362,100.0,6.0,1.0,1.2749172736473648,0.0,6,32.8961143978313,1.0,3.6370224701988256,29.99543965353041,1.0,4.012481171685364,100.0,1.0,0.0,100.0,1.0,0.0,100.0,1.0,0.0,100.0,1.0,0.0
259,random,10,10,50.46334256558787,25.231671282793936,4000050.463342565,666675.0772237609,4531.2,75.52,101470.82080205381,1691.180346700897,60.0,1.240447835739559,74.89099711113415,46.6,26,1.7691750944839462,0.7766666666666666,74.89099711113415,100.0,5.2,0.8666666666666667,1.998490190207301,0.0,6,24.511843614182,0.6,6.011733530843088,24.83413905262296,0.6,5.979207610400717,100.0,1.0,0.0,100.0,1.0,0.0,100.0,1.0,0.0,100.0,1.0,0.0
260,random,10,10,37.59760761922553,18.798803809612764,4000037.597607619,666672.9329346032,4761.0,82.37024221453287,98618.04549051043,1706.19455865935,57.8,1.6528063278628127,70.34438172464661,46.4,28,2.345220541524285,0.8027681660899654,70.34438172464661,100.0,5.6,0.9333333333333332,2.3281869903989114,0.0,6,15.872136704915647,0.6,7.3037958053524,6.194153642964011,1.0,6.665326137041067,100.0,1.0,0.0,100.0,1.0,0.0,100.0,1.0,0.0,100.0,1.0,0.0
261,random,10,10,34.3818238893325,17.19091194466625,4000034.381823889,666672.3969706482,4991.0,90.74545454545455,92562.47583183306,1682.9541060333283,55.0,1.8103745294140792,73.92661915789934,46.4,25,2.5717250177288102,0.8436363636363636,73.92661915789934,100.0,5.0,0.8333333333333334,2.7857655595090036,0.0,6,19.038224784521844,0.6,8.54207503900212,24.521490162874215,0.4,8.172518318051903,100.0,1.0,0.0,100.0,1.0,0.0,100.0,1.0,0.0,100.0,1.0,0.0
262,random,11,10,505.8041868686366,168.60139562287887,2002928.1300088442,333821.35500147403,4269.0,82.73255813953489,87016.06698894713,1686.3578873826964,51.6,1.739974711085946,58.54875022925247,40.4,22,2.374211877488099,0.7829457364341085,58.54875022925247,100.0,4.4,0.7333333333333334,2.969983287904339,0.0,6,0.7187228808743384,0.4,8.362542544212193,10.573778494640464,0.2,9.457357183213839,60.0,0.8,0.0,80.0,1.0,0.0,100.0,1.0,0.0,100.0,1.0,0.0
263,random,11,11,284.67281884811416,71.16820471202854,2000284.6728188477,333380.77880314126,3171.6,64.7265306122449,86322.92945175376,1761.6924377908933,49.0,1.8760902322279094,47.47705940327933,32.2,19,2.100044861635251,0.6571428571428571,47.47705940327933,100.0,3.8000000000000003,0.6333333333333334,3.740914521334979,0.0,6,10.514028356797098,0.2,9.511102367852384,10.374902868952631,0.4,9.138422632217408,28.66847699178834,0.6,1.8961036165474858,35.30494820213789,0.6,1.8998585113925932,100.0,1.0,0.0,100.0,1.0,0.0
264,random,11,11,129.22499909841764,32.30624977460441,2000129.224999098,333354.870833183,2081.6,45.85022026431718,83613.33037400414,1841.7033122027344,45.4,2.3040818665348386,43.56861812392405,24.0,21,1.9703694154800129,0.5286343612334802,43.56861812392405,100.0,4.2,0.7000000000000001,4.2014398799949,0.0,6,4.346775163967322,0.4,8.623711287602783,4.7281928929351125,0.4,8.42338597457856,20.54648756057759,0.8,4.175326901713397,31.790253126064272,0.6,3.9862151160746597,100.0,1.0,0.0,100.0,1.0,0.0
265,random,11,11,88.49863519029131,22.124658797572827,2000088.49863519,333348.083105865,1974.2,45.91162790697675,82048.33575369672,1908.1008314813191,43.0,2.8800488076248474,41.96780915189644,23.0,20,2.121929148236749,0.5348837209302325,41.96780915189644,100.0,4.0,0.6666666666666666,4.934816858364811,0.0,6,0.2603676384433129,0.4,8.674320823885502,10.583761776770189,0.2,9.448436398057012,29.935866561991133,0.6,6.116605553600028,11.026858934174015,0.8,5.369538374646325,100.0,1.0,0.0,100.0,1.0,0.0
266,random,11,11,93.32204240856373,23.330510602140933,2000093.3220424086,333348.8870070681,2086.8,48.08294930875576,75471.95673784989,1738.985178291472,43.4,2.8120114871566093,49.78197787561991,24.2,22,2.1181629646436058,0.5576036866359447,49.78197787561991,100.0,4.4,0.7333333333333334,4.997077492268693,0.0,6,10.862102309056354,0.2,9.206320945497291,3.5511900514484296,0.4,8.838429999630897,21.85028110399344,0.8,5.330435930324662,62.42829378922124,1.0,6.6072780781593154,100.0,1.0,0.0,100.0,1.0,0.0
267,random,11,11,194.62743622710045,48.65685905677511,2000194.6274362274,333365.7712393712,2222.8,46.89451476793249,75548.82944898425,1593.8571613709757,47.4,1.6981967416964308,69.80667219891909,31.6,23,1.5337359755316224,0.6666666666666666,69.80667219891909,100.0,4.6,0.7666666666666666,3.021898355940594,0.0,6,8.093954367604965,0.4,8.825670196302237,10.746078825909535,0.2,9.305719939341326,100.0,1.0,0.0,100.0,1.0,0.0,100.0,1.0,0.0,100.0,1.0,0.0
268,random,2,11,548.4545545775593,119.22925099512159,1001547.5229696131,166924.5871616022,2057.4,40.02723735408561,84056.41425451155,1635.3387987259055,51.4,1.1895214786862573,81.32790914322261,36.6,26,1.1099094534863265,0.7120622568093385,81.32790914322261,100.0,5.2,0.8666666666666667,1.566640906146306,0.0,6,34.85277945380858,0.4,4.550774339559273,73.11467540552712,0.8,4.849071097318564,100.0,1.0,0.0,100.0,1.0,0.0,100.0,1.0,0.0,80.0,1.0,0.0
269,random,2,2,547.1692370110401,109.43384740220802,1000547.1692370109,166757.8615395018,1752.6,32.216911764705884,89401.31496681813,1643.4065251253332,54.4,1.0002535566950874,87.1840653459905,38.0,28,0.7722620730055404,0.6985294117647058,87.1840653459905,100.0,5.6,0.9333333333333332,0.3091226748188507,0.0,6,100.0,1.0,0.0,100.0,1.0,0.0,100.0,1.0,0.0,100.0,1.0,0.0,100.0,1.0,0.0,23.104392075942997,0.6,1.8547360489131042
270,random,2,2,808.3375270015727,161.66750540031452,1000808.3375270019,166801.38958783363,1570.0,27.836879432624112,91432.03427812298,1621.1353595411877,56.4,0.9241083073413286,85.48230664086987,39.2,29,0.7529371427025674,0.6950354609929078,85.48230664086987,100.0,5.8,0.9666666666666667,0.6602633116009758,0.0,6,100.0,1.0,0.0,100.0,1.0,0.0,100.0,1.0,0.0,100.0,1.0,0.0,100.0,1.0,0.0,12.89383984521919,0.8,3.9615798696058553
271,random,2,2,651.4646346802461,162.86615867006154,1095295.2007766645,182549.2001294441,1753.2,30.4375,93260.28411340798,1619.1021547466662,57.6,0.9698766915924887,86.2888773828854,44.4,28,1.2247329717731288,0.7708333333333334,86.2888773828854,100.0,5.6,0.9333333333333332,0.9853330236014898,0.0,6,100.0,1.0,0.0,100.0,1.0,0.0,100.0,1.0,0.0,100.0,1.0,0.0,100.0,1.0,0.0,17.733264297312417,0.6,5.911998141608938
272,random,2,2,282.0568303829592,94.0189434609864,6174050.228484886,1029008.3714141477,1985.0,33.98972602739726,93788.93100879539,1605.974846041017,58.4,1.0207104250537857,84.61236652789087,48.4,28,1.664368705166069,0.8287671232876712,84.61236652789087,100.0,5.6,0.9333333333333332,1.1003850333892196,0.0,6,100.0,1.0,0.0,100.0,1.0,0.0,100.0,1.0,0.0,100.0,1.0,0.0,100.0,1.0,0.0,7.67419916734525,0.6,6.602310200335317
273,random,2,2,465.24680832112836,155.0822694403761,2800884.620594355,466814.10343239247,2233.2,36.490196078431374,93581.22034781383,1529.1049076440167,61.2,0.701881229200072,92.70503888695202,52.2,30,1.218272327125186,0.8529411764705882,92.70503888695202,100.0,6.0,1.0,1.0518673017833626,0.0,6,100.0,1.0,0.0,100.0,1.0,0.0,100.0,1.0,0.0,100.0,1.0,0.0,100.0,1.0,0.0,56.23023332171215,1.0,6.311203810700176
274,random,9,2,1035.1476345968217,304.45518664612405,2011479.4938247553,335246.5823041259,2506.2,38.675925925925924,99856.91661854963,1541.0017996689758,64.8,0.35790615791884134,100.0,57.4,30,0.5304968853071653,0.8858024691358025,100.0,100.0,6.0,1.0,0.0,0.0,6,100.0,1.0,0.0,100.0,1.0,0.0,100.0,1.0,0.0,100.0,1.0,0.0,100.0,1.0,0.0,100.0,1.0,0.0
275,random,9,9,588.2701732421829,326.8167629123238,2969960.97665471,494993.4961091183,2807.4,41.90149253731343,101641.73439985656,1517.0408119381577,67.0,0.21256058912887318,100.0,62.2,30,0.40498797440889395,0.9283582089552239,100.0,100.0,6.0,1.0,0.0,0.0,6,100.0,1.0,0.0,100.0,1.0,0.0,100.0,1.0,0.0,100.0,1.0,0.0,100.0,1.0,0.0,100.0,1.0,0.0
276,random,9,9,109.20954489109629,109.20954489109629,7569027.628383851,1261504.6047306417,3128.6,46.008823529411764,104452.66766547636,1536.0686421393582,68.0,0.14003819818832441,100.0,65.6,30,0.31698218990669746,0.9647058823529412,100.0,100.0,6.0,1.0,0.0,0.0,6,100.0,1.0,0.0,100.0,1.0,0.0,100.0,1.0,0.0,100.0,1.0,0.0,100.0,1.0,0.0,100.0,1.0,0.0
277,random,9,9,204.49925117536208,204.49925117536208,5000204.499251176,833367.4165418627,3459.2,50.13333333333333,104760.23605753352,1518.2642906888916,69.0,0.07902548330767203,100.0,66.8,30,0.18236101077784217,0.9681159420289855,100.0,100.0,6.0,1.0,0.0,0.0,6,100.0,1.0,0.0,100.0,1.0,0.0,100.0,1.0,0.0,100.0,1.0,0.0,100.0,1.0,0.0,100.0,1.0,0.0
278,random,9,9,309.46597318002324,309.46597318002324,6982960.2568067135,1163826.7094677857,3797.2,54.245714285714286,106685.54071539655,1524.0791530770935,70.0,0.05142121560907776,100.0,68.4,30,0.11923635455131627,0.9771428571428571,100.0,100.0,6.0,1.0,0.0,0.0,6,100.0,1.0,0.0,100.0,1.0,0.0,100.0,1.0,0.0,100.0,1.0,0.0,100.0,1.0,0.0,100.0,1.0,0.0
279,random,9,9,129.60605189794853,129.60605189794853,7066510.197850349,1177751.6996417248,4143.0,59.18571428571428,105950.18162773107,1513.574023253301,70.0,0.00487828111502249,100.0,69.8,30,0.024786806096494356,0.9971428571428571,100.0,100.0,6.0,1.0,0.0,0.0,6,100.0,1.0,0.0,100.0,1.0,0.0,100.0,1.0,0.0,100.0,1.0,0.0,100.0,1.0,0.0,100.0,1.0,0.0
280,random,3,9,211.19602670480495,211.19602670480495,8534578.345742656,1422429.7242904427,3988.8,56.98285714285714,107353.97150615933,1533.6281643737047,70.0,0.03145762755816104,93.33333333333333,67.2,29,0.08867855858814375,0.96,93.33333333333333,100.0,5.8,0.9666666666666667,0.0,0.0,6,100.0,1.0,0.0,100.0,1.0,0.0,100.0,1.0,0.0,100.0,1.0,0.0,60.0,0.8,0.0,100.0,1.0,0.0
281,random,3,3,171.73898717054584,171.73898717054584,5000171.73898717,833361.9564978617,3593.6,51.33714285714286,106606.58816757074,1522.9512595367248,70.0,0.08752848120428662,93.53430181721478,64.6,29,0.19649734187978396,0.9228571428571428,93.53430181721478,100.0,5.8,0.9666666666666667,0.27494541665844313,0.0,6,100.0,1.0,0.0,100.0,1.0,0.0,100.0,1.0,0.0,100.0,1.0,0.0,61.20581090328869,0.8,1.649672499950659,100.0,1.0,0.0
282,random,3,3,165.64808958613816,165.64808958613816,5000165.648089586,833360.9413482643,3355.8,47.94,105874.82399589285,1512.497485655612,70.0,0.09061865374310836,100.0,63.6,30,0.20323517871554717,0.9085714285714286,100.0,100.0,6.0,1.0,0.0,0.0,6,100.0,1.0,0.0,100.0,1.0,0.0,100.0,1.0,0.0,100.0,1.0,0.0,100.0,1.0,0.0,100.0,1.0,0.0
283,random,3,3,300.95998240636175,300.95998240636175,5000759.503798269,833459.9172997115,3647.8,52.11142857142857,105194.19712895961,1502.774244699423,70.0,0.04265852117006685,100.0,66.8,30,0.11519087740711086,0.9542857142857143,100.0,100.0,6.0,1.0,0.0,0.0,6,100.0,1.0,0.0,100.0,1.0,0.0,100.0,1.0,0.0,100.0,1.0,0.0,100.0,1.0,0.0,100.0,1.0,0.0
284,random,3,3,0.0,0.0,5012454.486930159,835409.0811550264,3990.2,57.002857142857145,106418.59075458604,1520.265582208372,70.0,0.0026927181563408554,100.0,69.4,30,0.008205593170664825,0.9914285714285714,100.0,100.0,6.0,1.0,0.0,0.0,6,100.0,1.0,0.0,100.0,1.0,0.0,100.0,1.0,0.0,100.0,1.0,0.0,100.0,1.0,0.0,100.0,1.0,0.0
285,random,3,3,0.0,0.0,7095274.5976012405,1182545.7662668733,4340.0,62.0,106464.98310208661,1520.9283300298086,70.0,0.00011901271263959282,100.0,70.0,30,0.0004192377898174465,1.0,100.0,100.0,6.0,1.0,0.0,0.0,6,100.0,1.0,0.0,100.0,1.0,0.0,100.0,1.0,0.0,100.0,1.0,0.0,100.0,1.0,0.0,100.0,1.0,0.0
286,random,3,3,0.0,0.0,6000000.0,1000000.0,4690.0,67.0,106469.98370660348,1520.9997672371926,70.0,0.0,100.0,70.0,30,0.0,1.0,100.0,100.0,6.0,1.0,0.0,0.0,6,100.0,1.0,0.0,100.0,1.0,0.0,100.0,1.0,0.0,100.0,1.0,0.0,100.0,1.0,0.0,100.0,1.0,0.0
287,random,6,3,0.0,0.0,7764757.528432146,1294126.254738691,5040.0,72.0,106470.01426067404,1521.0002037239149,70.0,3.040239442726545e-07,100.0,70.0,30,1.6372190452233206e-06,1.0,100.0,100.0,6.0,1.0,0.0,0.0,6,100.0,1.0,0.0,100.0,1.0,0.0,100.0,1.0,0.0,100.0,1.0,0.0,100.0,1.0,0.0,100.0,1.0,0.0
288,random,6,6,0.0,0.0,6000000.0,1000000.0,5390.0,77.0,106469.98605241513,1520.9998007487875,70.0,0.0,100.0,70.0,30,0.0,1.0,100.0,100.0,6.0,1.0,0.0,0.0,6,100.0,1.0,0.0,100.0,1.0,0.0,100.0,1.0,0.0,100.0,1.0,0.0,100.0,1.0,0.0,100.0,1.0,0.0
289,random,6,6,0.0,0.0,6000000.0,1000000.0,5740.0,82.0,106470.0,1521.0,70.0,0.0,100.0,70.0,30,0.0,1.0,100.0,100.0,6.0,1.0,0.0,0.0,6,100.0,1.0,0.0,100.0,1.0,0.0,100.0,1.0,0.0,100.0,1.0,0.0,100.0,1.0,0.0,100.0,1.0,0.0
290,random,6,6,0.0,0.0,6000000.0,1000000.0,6090.0,87.0,106470.0,1521.0,70.0,0.0,100.0,70.0,30,0.0,1.0,100.0,100.0,6.0,1.0,0.0,0.0,6,100.0,1.0,0.0,100.0,1.0,0.0,100.0,1.0,0.0,100.0,1.0,0.0,100.0,1.0,0.0,100.0,1.0,0.0
291,random,6,6,0.0,0.0,6000000.0,1000000.0,6440.0,92.0,106470.0,1521.0,70.0,0.0,100.0,70.0,30,0.0,1.0,100.0,100.0,6.0,1.0,0.0,0.0,6,100.0,1.0,0.0,100.0,1.0,0.0,100.0,1.0,0.0,100.0,1.0,0.0,100.0,1.0,0.0,100.0,1.0,0.0
292,random,3,6,0.0,0.0,6000000.0,1000000.0,6790.0,97.0,106470.0,1521.0,70.0,0.0,100.0,70.0,30,0.0,1.0,100.0,100.0,6.0,1.0,0.0,0.0,6,100.0,1.0,0.0,100.0,1.0,0.0,100.0,1.0,0.0,100.0,1.0,0.0,100.0,1.0,0.0,100.0,1.0,0.0
293,random,3,3,0.0,0.0,6000000.0,1000000.0,7140.0,102.0,106470.0,1521.0,70.0,0.0,100.0,70.0,30,0.0,1.0,100.0,100.0,6.0,1.0,0.0,0.0,6,100.0,1.0,0.0,100.0,1.0,0.0,100.0,1.0,0.0,100.0,1.0,0.0,100.0,1.0,0.0,100.0,1.0,0.0
294,random,3,3,0.0,0.0,6000000.0,1000000.0,7490.0,107.0,106470.0,1521.0,70.0,0.0,100.0,70.0,30,0.0,1.0,100.0,100.0,6.0,1.0,0.0,0.0,6,100.0,1.0,0.0,100.0,1.0,0.0,100.0,1.0,0.0,100.0,1.0,0.0,100.0,1.0,0.0,100.0,1.0,0.0
295,random,3,3,0.0,0.0,6000000.0,1000000.0,7840.0,112.0,106470.0,1521.0,70.0,0.0,100.0,70.0,30,0.0,1.0,100.0,100.0,6.0,1.0,0.0,0.0,6,100.0,1.0,0.0,100.0,1.0,0.0,100.0,1.0,0.0,100.0,1.0,0.0,100.0,1.0,0.0,100.0,1.0,0.0
296,random,3,3,0.0,0.0,6000000.0,1000000.0,8190.0,117.0,106470.0,1521.0,70.0,0.0,100.0,70.0,30,0.0,1.0,100.0,100.0,6.0,1.0,0.0,0.0,6,100.0,1.0,0.0,100.0,1.0,0.0,100.0,1.0,0.0,100.0,1.0,0.0,100.0,1.0,0.0,100.0,1.0,0.0
297,random,3,3,0.0,0.0,6000000.0,1000000.0,8540.0,122.0,106470.0,1521.0,70.0,0.0,100.0,70.0,30,0.0,1.0,100.0,100.0,6.0,1.0,0.0,0.0,6,100.0,1.0,0.0,100.0,1.0,0.0,100.0,1.0,0.0,100.0,1.0,0.0,100.0,1.0,0.0,100.0,1.0,0.0
298,random,5,3,572.696639670202,477.24719972516834,4002235.8650590656,667039.3108431776,7937.8,116.04970760233918,105583.3451658391,1543.6161573953084,68.4,0.05313394611678994,90.0,64.0,29,0.10134431579445233,0.935672514619883,90.0,100.0,5.8,0.9666666666666667,0.0,0.0,6,100.0,1.0,0.0,100.0,1.0,0.0,60.0,0.8,0.0,80.0,1.0,0.0,100.0,1.0,0.0,100.0,1.0,0.0
299,random,5,5,239.8294378912414,119.9147189456207,8844414.918386605,1474069.1530644342,6938.6,105.13030303030303,105243.14645048199,1594.5931280376058,66.0,0.2838754565862412,74.27438919173255,55.6,26,0.42807991138412016,0.8424242424242424,74.27438919173255,100.0,5.2,0.8666666666666667,0.5537115591368824,0.0,6,100.0,1.0,0.0,100.0,1.0,0.0,22.487032937242475,0.6,1.7751349909620182,23.15930221315284,0.6,1.5471343638592763,100.0,1.0,0.0,100.0,1.0,0.0
300,random,5,5,88.6137666992759,44.30688334963795,9045075.132856105,1507512.522142684,6023.2,95.91082802547771,104372.63126602047,1661.984574299689,62.8,0.7426899072036068,76.0832896241186,47.6,30,1.0979815853657593,0.7579617834394905,76.0832896241186,100.0,6.0,1.0,1.2512892825776076,0.0,6,100.0,1.0,0.0,100.0,1.0,0.0,31.00543620465487,1.0,3.907057799684193,25.494301540056767,1.0,3.6006778957814523,100.0,1.0,0.0,100.0,1.0,0.0
301,random,5,5,63.61456908336303,31.807284541681515,5251742.306105294,875290.3843508824,6031.4,97.91233766233766,99762.84627120764,1619.526725181942,61.6,1.0353647042180711,80.56071432010488,48.0,27,1.5288964667257159,0.7792207792207793,80.56071432010488,100.0,5.4,0.9,1.8186450279159312,0.0,6,100.0,1.0,0.0,100.0,1.0,0.0,20.48233012977107,0.6,5.780831994326076,62.88195579085823,0.8,5.131038173169512,100.0,1.0,0.0,100.0,1.0,0.0
302,random,5,5,95.54557693673426,47.77278846836713,4000095.5455769366,666682.5909294895,6277.8,101.91233766233766,98484.98073726482,1598.7821548257277,61.6,1.0284493186183428,84.43323768382243,50.8,30,1.7934038347051058,0.8246753246753247,84.43323768382243,100.0,6.0,1.0,1.1087255047324165,0.0,6,100.0,1.0,0.0,100.0,1.0,0.0,6.599426102934558,1.0,6.652353028394499,100.0,1.0,0.0,100.0,1.0,0.0,100.0,1.0,0.0
303,random,1,5,423.9321334306093,163.05082055023436,3001325.8505547587,500220.97509245976,6094.2,97.66346153846153,96955.03814164504,1553.7666368853372,62.4,0.7715113326518213,84.20072564016057,52.4,27,1.488897193430516,0.8397435897435898,84.20072564016057,100.0,5.3999999999999995,0.8999999999999999,1.0507323992593667,0.0,6,100.0,1.0,0.0,100.0,1.0,0.0,45.20435384096345,0.6,6.3043943955562,100.0,1.0,0.0,100.0,1.0,0.0,60.0,0.8,0.0
304,random,1,1,571.6877509926777,190.5625836642259,3000571.687750993,500095.28129183216,5758.4,90.82649842271293,99345.92383820612,1566.9704075426832,63.4,0.49667253765209446,88.28659262868844,52.8,28,0.7089453172088408,0.832807570977918,88.28659262868844,100.0,5.6,0.9333333333333332,0.35151085313298336,0.0,6,100.0,1.0,0.0,100.0,1.0,0.0,100.0,1.0,0.0,100.0,1.0,0.0,100.0,1.0,0.0,29.71955577213066,0.6,2.1090651187979
305,random,1,1,483.00254281003515,161.00084760334505,3000483.0025428105,500080.5004238018,5501.8,85.16718266253869,100119.60876455228,1549.8391449621097,64.6,0.4096365397028188,99.03121156463006,50.4,30,0.4785999257174616,0.7801857585139319,99.03121156463006,100.0,6.0,1.0,0.5904845981816509,0.0,6,100.0,1.0,0.0,100.0,1.0,0.0,100.0,1.0,0.0,100.0,1.0,0.0,100.0,1.0,0.0,94.18726938778036,1.0,3.5429075890899053
306,random,1,1,531.6496930041625,177.21656433472083,3000531.649693004,500088.6082821673,5726.6,85.98498498498499,101622.35802252046,1525.8612315693763,66.6,0.32795304930594915,100.0,55.8,30,0.3769632176123467,0.8378378378378378,100.0,100.0,6.0,1.0,0.0,0.0,6,100.0,1.0,0.0,100.0,1.0,0.0,100.0,1.0,0.0,100.0,1.0,0.0,100.0,1.0,0.0,100.0,1.0,0.0
307,random,1,1,753.8409732674883,342.6549878488583,3006896.5530935647,501149.42551559414,6025.2,88.60588235294118,102384.68916574126,1505.657193613842,68.0,0.13053320539918492,100.0,62.8,30,0.198949953057119,0.9235294117647059,100.0,100.0,6.0,1.0,0.0,0.0,6,100.0,1.0,0.0,100.0,1.0,0.0,100.0,1.0,0.0,100.0,1.0,0.0,100.0,1.0,0.0,100.0,1.0,0.0
308,random,4,1,235.00251048040633,235.00251048040633,2825833.951758125,470972.3252930208,5951.6,87.26686217008798,104480.78006765622,1531.9762473263374,68.2,0.05157238475601817,93.33333333333333,65.0,29,0.1205085357629453,0.9530791788856305,93.33333333333333,100.0,5.8,0.9666666666666667,0.0,0.0,6,100.0,1.0,0.0,100.0,1.0,0.0,100.0,1.0,0.0,100.0,1.0,0.0,60.0,0.8,0.0,100.0,1.0,0.0
309,random,4,4,749.2706070227849,374.63530351139246,5120664.768140308,853444.1280233846,5680.8,83.54117647058824,106035.07733483458,1559.3393725710969,68.0,0.18754098182644446,88.40452348635836,60.8,28,0.34883643457410285,0.8941176470588236,88.40452348635836,100.0,5.6,0.9333333333333332,0.35778832410633415,0.0,6,100.0,1.0,0.0,100.0,1.0,0.0,100.0,1.0,0.0,100.0,1.0,0.0,30.427140918150144,0.6,2.146729944638005,100.0,1.0,0.0
310,random,4,4,332.9458259227211,237.81844708765794,8176819.900346522,1362803.3167244203,5530.8,82.54925373134328,106268.65785563854,1586.0993709796796,67.0,0.38371343826508153,89.78055983532461,58.6,29,0.8639532609872072,0.8746268656716418,89.78055983532461,100.0,5.8,0.9666666666666667,0.7069671153789634,0.0,6,100.0,1.0,0.0,100.0,1.0,0.0,100.0,1.0,0.0,100.0,1.0,0.0,38.68335901194769,0.8,4.24180269227378,100.0,1.0,0.0
311,random,4,4,24.907032544872457,24.907032544872457,4265299.328965012,710883.2214941686,5794.0,87.78787878787878,103955.4503712231,1575.0825813821682,66.0,0.6044511305692447,85.78961789235943,59.0,29,1.3538952999621137,0.8939393939393939,85.78961789235943,100.0,5.8,0.9666666666666667,0.9279032695262638,0.0,6,100.0,1.0,0.0,100.0,1.0,0.0,100.0,1.0,0.0,100.0,1.0,0.0,14.737707354156555,0.8,5.567419617157583,100.0,1.0,0.0
312,random,4,4,31.20547200093596,31.20547200093596,9707467.293536643,1617911.2155894404,6091.8,91.46846846846847,102085.77298443508,1532.8194141807069,66.6,0.4981456596417127,93.17079586013278,60.6,29,1.1404600263074893,0.9099099099099099,93.17079586013278,100.0,5.8,0.9666666666666667,0.55666702870403,0.0,6,100.0,1.0,0.0,100.0,1.0,0.0,100.0,1.0,0.0,100.0,1.0,0.0,59.02477516079671,0.8,3.3400021722241795,100.0,1.0,0.0
313,random,4,4,88.20528445954128,88.20528445954128,5000088.2052844595,833348.0342140766,6402.6,94.71301775147928,102264.58032142706,1512.7896497252523,67.6,0.19297525658636888,100.0,63.6,30,0.4632182507294588,0.9408284023668639,100.0,100.0,6.0,1.0,0.0,0.0,6,100.0,1.0,0.0,100.0,1.0,0.0,100.0,1.0,0.0,100.0,1.0,0.0,100.0,1.0,0.0,100.0,1.0,0.0
314,random,5,4,647.6773437146907,294.39879259758663,3201850.115233689,533641.6858722816,6381.2,95.52694610778443,103904.21983486225,1555.452392737459,66.8,0.17212437796741906,86.66666666666667,60.4,28,0.26306593676021695,0.9041916167664671,86.66666666666667,100.0,5.6,0.9333333333333332,0.0,0.0,6,100.0,1.0,0.0,100.0,1.0,0.0,60.0,0.8,0.0,60.0,0.8,0.0,100.0,1.0,0.0,100.0,1.0,0.0
315,random,5,5,465.0722105518582,155.02407018395272,3000465.072210552,500077.51203509205,6224.6,95.17737003058105,105228.24816361182,1608.9946202387127,65.4,0.38014537895430267,76.95088568948147,53.6,26,0.4622297467572238,0.8195718654434251,76.95088568948147,100.0,5.2,0.8666666666666667,0.6617238655322747,0.0,6,100.0,1.0,0.0,100.0,1.0,0.0,28.896998821001034,0.6,1.849981907254044,32.80831531588774,0.6,2.1203612859396044,100.0,1.0,0.0,100.0,1.0,0.0
316,random,5,5,340.595044755578,130.99809413676076,3190383.1098264735,531730.5183044123,6132.0,98.58520900321544,103634.81444862494,1666.1545731290182,62.2,0.8302263296730236,73.5471142702113,46.8,28,1.1758958387100054,0.752411575562701,73.5471142702113,100.0,5.6,0.9333333333333332,1.3830973372531092,0.0,6,100.0,1.0,0.0,100.0,1.0,0.0,24.766084078678432,0.8,4.219323743809619,16.516601542589342,0.8,4.079260279709036,100.0,1.0,0.0,100.0,1.0,0.0
317,random,5,5,54.88203256998808,27.44101628499404,5623012.8301528795,937168.8050254799,6312.4,102.14239482200647,99320.89010194685,1607.1341440444473,61.8,1.1361559801673535,81.00614224366988,46.8,27,1.6155831904877063,0.7572815533980582,81.00614224366988,100.0,5.4,0.9,1.8217693639569366,0.0,6,100.0,1.0,0.0,100.0,1.0,0.0,45.62737323840338,0.6,5.270892150397655,40.4094802236159,0.8,5.659724033343964,100.0,1.0,0.0,100.0,1.0,0.0
318,random,5,5,127.60655504022436,63.80327752011218,4000127.60655504,666687.93442584,6558.0,104.4267515923567,93918.51011918655,1495.5176770571106,62.8,0.5487264206052028,100.0,51.4,30,0.8397192966452178,0.8184713375796179,100.0,100.0,6.0,1.0,0.0,0.0,6,100.0,1.0,0.0,100.0,1.0,0.0,100.0,1.0,0.0,100.0,1.0,0.0,100.0,1.0,0.0,100.0,1.0,0.0
319,random,4,5,492.9497991000794,246.4748995500397,3002268.095435869,500378.01590597816,6725.0,105.73899371069183,97360.59402160608,1530.826950025253,63.6,0.1837420260810455,93.33333333333333,54.8,29,0.28267304953305966,0.8616352201257862,93.33333333333333,100.0,5.8,0.9666666666666667,0.0,0.0,6,100.0,1.0,0.0,100.0,1.0,0.0,100.0,1.0,0.0,100.0,1.0,0.0,60.0,0.8,0.0,100.0,1.0,0.0
320,random,4,4,338.1473996100175,169.07369980500874,3348671.7210753877,558111.9535125647,6852.8,108.08832807570978,99296.96313092852,1566.198156639251,63.4,0.22972535149406656,88.5535123609634,55.4,28,0.37684335319611956,0.8738170347003155,88.5535123609634,100.0,5.6,0.9333333333333332,0.2949862893683884,0.0,6,100.0,1.0,0.0,100.0,1.0,0.0,100.0,1.0,0.0,100.0,1.0,0.0,31.321074165780374,0.6,1.7699177362103304,100.0,1.0,0.0
321,random,4,4,480.17129241187376,200.07137183828075,5148880.346804392,858146.7244673986,7042.2,110.37931034482759,102247.04429629304,1602.618249158198,63.8,0.46695782628940985,91.01168649323274,53.0,30,0.8723529611779764,0.8307210031347962,91.01168649323274,100.0,6.0,1.0,0.6024844323298011,0.0,6,100.0,1.0,0.0,100.0,1.0,0.0,100.0,1.0,0.0,100.0,1.0,0.0,46.070118959396495,1.0,3.6149065939788065,100.0,1.0,0.0
322,random,4,4,630.0190276778699,225.00679559923927,3000858.09686726,500143.01614454336,7304.0,111.68195718654434,100413.03509978314,1535.367509170996,65.4,0.5192761064371954,94.62550489654632,54.8,30,0.894216988588126,0.8379204892966361,94.62550489654632,100.0,6.0,1.0,0.8112643777095454,0.0,6,100.0,1.0,0.0,100.0,1.0,0.0,100.0,1.0,0.0,100.0,1.0,0.0,67.7530293792779,1.0,4.867586266257272,100.0,1.0,0.0
323,random,4,4,705.2611777543954,391.8117654191085,3071629.194909812,511938.19915163534,7591.8,112.97321428571429,101127.76099024895,1504.8773956882283,67.2,0.1878900111644436,100.0,60.6,30,0.3989050529577997,0.9017857142857143,100.0,100.0,6.0,1.0,0.0,0.0,6,100.0,1.0,0.0,100.0,1.0,0.0,100.0,1.0,0.0,100.0,1.0,0.0,100.0,1.0,0.0,100.0,1.0,0.0
324,random,4,4,512.6157852083621,320.3848657552263,3115967.9711448853,519327.9951908142,7907.2,114.93023255813954,104098.03526098284,1513.0528380956807,68.8,0.10038778569409293,100.0,65.6,30,0.18462630767941426,0.9534883720930233,100.0,100.0,6.0,1.0,0.0,0.0,6,100.0,1.0,0.0,100.0,1.0,0.0,100.0,1.0,0.0,100.0,1.0,0.0,100.0,1.0,0.0,100.0,1.0,0.0
325,random,6,4,544.0815161224525,544.0815161224525,5010457.265202433,835076.2108670721,8243.4,117.76285714285714,106030.65889225581,1514.7236984607973,70.0,0.034578830919562945,100.0,68.2,30,0.07150763509093058,0.9742857142857143,100.0,100.0,6.0,1.0,0.0,0.0,6,100.0,1.0,0.0,100.0,1.0,0.0,100.0,1.0,0.0,100.0,1.0,0.0,100.0,1.0,0.0,100.0,1.0,0.0
326,random,6,6,0.0,0.0,10360850.344818937,1726808.3908031562,8591.0,122.72857142857143,106465.43900643224,1520.934842949032,70.0,5.2806385681770106e-05,100.0,70.0,30,0.000170713525192237,1.0,100.0,100.0,6.0,1.0,0.0,0.0,6,100.0,1.0,0.0,100.0,1.0,0.0,100.0,1.0,0.0,100.0,1.0,0.0,100.0,1.0,0.0,100.0,1.0,0.0
327,random,6,6,448.0361376822135,448.0361376822135,4601277.91564573,766879.6526076216,7450.0,109.23753665689149,105062.66372207072,1540.508265719512,68.2,0.04463469435187514,93.33333333333333,65.0,29,0.10309018787488741,0.9530791788856305,93.33333333333333,100.0,5.8,0.9666666666666667,0.0,0.0,6,100.0,1.0,0.0,60.0,0.8,0.0,100.0,1.0,0.0,100.0,1.0,0.0,100.0,1.0,0.0,100.0,1.0,0.0
328,random,6,6,365.7401688494408,182.8700844247204,4000365.7401688495,666727.623361475,5395.6,80.29166666666667,103426.69837306936,1539.0877734087703,67.2,0.18592099313174035,84.06145337819832,58.0,27,0.28723691978403965,0.8630952380952381,84.06145337819832,100.0,5.4,0.9,0.6390825507951278,0.0,6,38.37736078846319,0.6,1.8970045439015215,65.99135948072671,0.8,1.937490760869245,100.0,1.0,0.0,100.0,1.0,0.0,100.0,1.0,0.0,100.0,1.0,0.0
329,random,6,6,248.72108338725565,124.36054169362782,4000248.7210833877,666708.1201805646,3189.6,48.32727272727273,103157.82379399237,1562.9973302120056,66.0,0.36481181240269994,85.8297235988213,51.8,28,0.6435977729088098,0.7848484848484848,85.8297235988213,100.0,5.6,0.9333333333333332,0.5740710448496075,0.0,6,14.97834159292779,0.6,3.444426269097645,100.0,1.0,0.0,100.0,1.0,0.0,100.0,1.0,0.0,100.0,1.0,0.0,100.0,1.0,0.0
330,random,4,6,753.882628741904,269.24379597925144,3200753.882628741,533458.9804381236,2849.2,42.398809523809526,103206.70549803997,1535.814069911309,67.2,0.38078304416392755,88.60556740773745,53.2,28,0.6345584245617065,0.7916666666666666,88.60556740773745,100.0,5.6,0.9333333333333332,0.7469752191122642,0.0,6,91.63340444642472,1.0,4.481851314673585,100.0,1.0,0.0,100.0,1.0,0.0,100.0,1.0,0.0,40.0,0.6,0.0,100.0,1.0,0.0
331,random,4,4,372.8696514933326,169.48620522424207,3005094.65974327,500849.10995721165,2975.2,44.273809523809526,103559.77576245904,1541.0680917032596,67.2,0.2761796590053301,86.38812435574589,56.6,27,0.4098701124226035,0.8422619047619048,86.38812435574589,100.0,5.4,0.9,0.3984848573949458,0.0,6,100.0,1.0,0.0,100.0,1.0,0.0,100.0,1.0,0.0,100.0,1.0,0.0,18.328746134475296,0.4,2.390909144369675,100.0,1.0,0.0
332,random,4,4,401.61321785099346,200.80660892549673,3339706.0983021697,556617.6830503616,3125.8,47.21752265861027,104524.76686846121,1578.923970822677,66.2,0.4065699184748117,86.92716161990802,56.8,29,0.8125357362546316,0.8580060422960725,86.92716161990802,100.0,5.8,0.9666666666666667,0.6362698119960833,0.0,6,100.0,1.0,0.0,100.0,1.0,0.0,100.0,1.0,0.0,100.0,1.0,0.0,21.56296971944812,0.8,3.8176188719765,100.0,1.0,0.0
333,random,4,4,458.70042199939945,286.68776374962465,8026536.935629576,1337756.1559382628,3392.2,51.5531914893617,104974.12395110405,1595.351427828329,65.8,0.6525586812731735,87.56996335940887,57.8,28,1.4277197282423428,0.878419452887538,87.56996335940887,100.0,5.6,0.9333333333333332,0.9948890505426394,0.0,6,100.0,1.0,0.0,100.0,1.0,0.0,100.0,1.0,0.0,100.0,1.0,0.0,25.41978015645327,0.6,5.969334303255836,100.0,1.0,0.0
334,random,4,4,18.571155581585366,18.571155581585366,4153912.4968471476,692318.7494745246,3685.0,56.69230769230769,102932.82147476365,1583.5818688425177,65.0,0.8073258143402885,85.01372706291856,59.2,30,1.8080597910361667,0.9107692307692308,85.01372706291856,100.0,6.0,1.0,1.1039419204012273,0.0,6,100.0,1.0,0.0,100.0,1.0,0.0,100.0,1.0,0.0,100.0,1.0,0.0,10.082362377511345,1.0,6.623651522407364,100.0,1.0,0.0
335,random,4,4,42.75517592064422,42.75517592064422,6519377.69376129,1086562.948960215,3983.4,60.72256097560975,100007.55534320192,1524.5054168171025,65.6,0.3995674684649949,96.74000903224244,60.8,30,0.9711336633614416,0.926829268292683,96.74000903224244,100.0,6.0,1.0,1.2195645989282144,0.0,6,100.0,1.0,0.0,100.0,1.0,0.0,100.0,1.0,0.0,100.0,1.0,0.0,80.44005419345467,1.0,7.317387593569286,100.0,1.0,0.0
336,random,3,4,65.49214700086654,65.49214700086654,5000065.4921470005,833344.2486911668,4295.6,64.69277108433735,101728.85767374466,1532.0611095443473,66.4,0.23328460896691444,100.0,63.6,30,0.5296916292007591,0.9578313253012049,100.0,100.0,6.0,1.0,0.0,0.0,6,100.0,1.0,0.0,100.0,1.0,0.0,100.0,1.0,0.0,100.0,1.0,0.0,100.0,1.0,0.0,100.0,1.0,0.0
337,random,3,3,93.28244638799605,93.28244638799605,5000093.282446387,833348.8804077312,4616.2,68.48961424332344,103170.15322941344,1530.7144396055405,67.4,0.16176552500276292,100.0,64.8,30,0.36377058674667423,0.9614243323442137,100.0,100.0,6.0,1.0,0.0,0.0,6,100.0,1.0,0.0,100.0,1.0,0.0,100.0,1.0,0.0,100.0,1.0,0.0,100.0,1.0,0.0,100.0,1.0,0.0
338,random,3,3,154.93669088958222,154.93669088958222,5000154.936690889,833359.1561151482,4942.2,72.25438596491227,104431.63813100857,1526.7783352486633,68.4,0.10436489868729251,100.0,65.8,30,0.24385637644964914,0.9619883040935673,100.0,100.0,6.0,1.0,0.0,0.0,6,100.0,1.0,0.0,100.0,1.0,0.0,100.0,1.0,0.0,100.0,1.0,0.0,100.0,1.0,0.0,100.0,1.0,0.0
339,random,3,3,204.2362610754756,204.2362610754756,5000204.236261075,833367.3727101792,5275.6,76.01729106628243,105998.9926285516,1527.363006175095,69.4,0.07949790726219232,100.0,67.6,30,0.1853008038047255,0.9740634005763689,100.0,100.0,6.0,1.0,0.0,0.0,6,100.0,1.0,0.0,100.0,1.0,0.0,100.0,1.0,0.0,100.0,1.0,0.0,100.0,1.0,0.0,100.0,1.0,0.0
