step,control_mode,phase,prev_phase,TotalTravelTime,AvgTravelTime,TotalTravelTime_Raw,AvgTravelTime_Raw,TotalWaitingTime,AvgWaitingTime,TotalCO2,AvgCO2,VehCount,AvgSpeed,AvgOccupancy,QueueLength,Throughput,SpeedStd,HaltRatio,det_occ_mean,det_occ_max,det_veh_sum,det_veh_mean,det_speed_mean,det_speed_min,n_detectors,d0_occ,d0_veh,d0_speed,d1_occ,d1_veh,d1_speed,d2_occ,d2_veh,d2_speed,d3_occ,d3_veh,d3_speed,d4_occ,d4_veh,d4_speed,d5_occ,d5_veh,d5_speed,d6_occ,d6_veh,d6_speed,d7_occ,d7_veh,d7_speed
0,random,0,0,209.51306369949538,26.860649192243,800.9189140361761,100.11486425452202,0.2,0.027777777777777776,17295.686430314625,2402.1786708770314,7.2,7.7109072266270875,4.142112184997693,0.2,8,3.1917465709645985,0.027777777777777776,4.142112184997693,10.637888455990492,1.6,0.2,5.617573773851206,0.0,8,0.0,0.0,0.0,10.33689432059191,0.2,9.674085552059104,10.637888455990492,0.2,9.400361774209731,4.221488774357738,0.4,8.630443714838476,0.0,0.0,0.0,7.087924526928759,0.4,8.796495433244855,0.8527014021126433,0.4,8.439203716457486,0.0,0.0,0.0
1,random,0,0,420.04231184544705,72.421088249215,567001.6791121846,70875.20988902307,7.0,0.875,11515.405671289025,1439.4257089111281,8.0,4.13853236634452,1.8663805101202158,3.2,4,4.284295149622129,0.4,1.8663805101202158,9.218418403022781,0.8,0.1,2.165673748229165,0.0,8,0.0,0.0,0.0,0.0,0.0,0.0,0.0,0.0,0.0,0.0,0.0,0.0,9.218418403022781,0.4,8.888103975821286,0.0,0.0,0.0,0.0,0.0,0.0,5.712625677938945,0.4,8.43728601001203
2,random,0,0,375.17334960582394,72.14872107804307,2158096.7487752927,269762.0935969116,28.0,2.978723404255319,16457.8119930504,1750.8310630904682,9.4,2.416306586371004,0.0,5.6,0,3.151807552045777,0.5957446808510638,0.0,0.0,0.0,0.0,0.0,0.0,8,0.0,0.0,0.0,0.0,0.0,0.0,0.0,0.0,0.0,0.0,0.0,0.0,0.0,0.0,0.0,0.0,0.0,0.0,0.0,0.0,0.0,0.0,0.0,0.0
3,random,0,0,402.47539881889554,57.4964855455565,1000402.475398819,125050.30942485237,53.0,4.416666666666667,24074.355741359137,2006.196311779928,12.0,2.2478115515470476,0.0,5.0,0,1.859763064047569,0.4166666666666667,0.0,0.0,0.0,0.0,0.0,0.0,8,0.0,0.0,0.0,0.0,0.0,0.0,0.0,0.0,0.0,0.0,0.0,0.0,0.0,0.0,0.0,0.0,0.0,0.0,0.0,0.0,0.0,0.0,0.0,0.0
4,random,0,0,361.5482964887002,50.21504117898614,800361.5482964886,100045.19353706107,78.0,5.571428571428571,27707.18844977419,1979.084889269585,14.0,3.231042616917596,1.8686373819195268,5.6,3,1.675522046971256,0.4,1.8686373819195268,11.84917408603809,0.6000000000000001,0.07500000000000001,2.1421007675865793,0.0,8,0.0,0.0,0.0,11.84917408603809,0.2,8.439406769947809,3.099924969318124,0.4,8.697399370744824,0.0,0.0,0.0,0.0,0.0,0.0,0.0,0.0,0.0,0.0,0.0,0.0,0.0,0.0,0.0
5,random,3,0,370.9160197307088,54.54647348981012,249172.81445584525,31146.601806980656,110.4,7.076923076923077,28755.446571104818,1843.2978571221036,15.6,3.0879240425608234,6.882015121362315,8.0,6,2.4638074096482407,0.5128205128205128,6.882015121362315,11.80052240287182,1.2000000000000002,0.15,5.440033919352154,0.0,8,11.381400384958056,0.2,8.786265012885629,0.0,0.0,0.0,0.0,0.0,0.0,0.0,0.0,0.0,11.240557071926958,0.2,8.896356235737443,11.307476887006658,0.2,8.843705894717264,11.80052240287182,0.2,8.474201106186927,9.326164224135027,0.4,8.519743105289965
6,random,3,3,177.08872551453973,34.05552413741149,1698052.2606751882,212256.53258439852,155.8,10.116883116883116,26345.634173561957,1710.7554658157117,15.4,2.3856534708002917,0.0,10.2,0,2.6438229533613007,0.6623376623376623,0.0,0.0,0.0,0.0,0.0,0.0,8,0.0,0.0,0.0,0.0,0.0,0.0,0.0,0.0,0.0,0.0,0.0,0.0,0.0,0.0,0.0,0.0,0.0,0.0,0.0,0.0,0.0,0.0,0.0,0.0
7,random,3,3,249.0859304539962,49.81718609079924,2892968.934787224,361621.116848403,210.6,12.535714285714286,27455.757922917757,1634.2713049355807,16.8,2.234723301568749,9.369530906095989,11.6,5,2.6953102030121174,0.6904761904761905,9.369530906095989,50.93791189886815,1.0,0.125,2.731290649993392,0.0,8,0.0,0.0,0.0,0.0,0.0,0.0,11.415484497146622,0.2,8.760031168628513,12.602850852753136,0.2,7.934712643064776,50.93791189886815,0.6,5.1555813882538475,0.0,0.0,0.0,0.0,0.0,0.0,0.0,0.0,0.0
8,random,3,3,209.74898008765095,52.43724502191274,3348390.6110503552,418548.8263812944,276.0,16.046511627906977,27228.136431707757,1583.0311878899859,17.2,1.7425823905253666,13.09053902805509,14.2,7,2.70290654603094,0.8255813953488372,13.09053902805509,100.0,1.4,0.175,0.8443664436044283,0.0,8,0.0,0.0,0.0,0.0,0.0,0.0,0.0,0.0,0.0,0.0,0.0,0.0,100.0,1.0,0.0,0.0,0.0,0.0,0.0,0.0,0.0,4.724312224440723,0.4,6.754931548835426
9,random,3,3,370.36168430530086,88.18135340602402,3005021.0527315554,375627.6315914444,347.2,18.869565217391305,29721.899041292665,1615.3206000702535,18.4,1.6562744644920238,15.107747685107569,14.8,7,2.6802983018959368,0.8043478260869565,15.107747685107569,100.0,1.4,0.175,1.0173542941959335,0.0,8,0.0,0.0,0.0,0.0,0.0,0.0,20.86198148086055,0.4,8.138834353567468,0.0,0.0,0.0,100.0,1.0,0.0,0.0,0.0,0.0,0.0,0.0,0.0,0.0,0.0,0.0
10,random,3,3,672.1092232964687,152.75209620374287,2920858.149602956,365107.2687003695,425.6,19.703703703703702,34748.490823300635,1608.7264270046592,21.6,0.6533046312941391,32.665422491094276,17.2,14,0.8317168463086638,0.7962962962962963,32.665422491094276,100.0,2.8,0.35,0.980462999072183,0.0,8,0.0,0.0,0.0,0.0,0.0,0.0,100.0,1.0,0.0,0.0,0.0,0.0,100.0,1.0,0.0,61.32337992875421,0.8,7.843703992577464,0.0,0.0,0.0,0.0,0.0,0.0
11,random,4,3,839.2552565790595,107.5968277665461,200839.25525657908,25104.906907072385,283.4,12.539823008849558,42226.96613414354,1868.4498289444043,22.6,1.8687596178939732,28.861574077255558,10.8,14,1.5766931924231256,0.4778761061946903,28.861574077255554,100.0,2.8,0.35,0.9298232433048026,0.0,8,0.0,0.0,0.0,0.0,0.0,0.0,100.0,1.0,0.0,10.892592618044432,0.2,7.438585946438421,60.0,0.8,0.0,60.0,0.8,0.0,0.0,0.0,0.0,0.0,0.0,0.0
12,random,4,4,451.6338661262507,56.45423326578134,451.6338661262507,56.45423326578134,306.0,15.9375,36417.85799106558,1896.7634370346657,19.2,3.476308230947155,18.31895908615479,9.2,9,2.628592554207858,0.4791666666666667,18.31895908615479,100.0,1.7999999999999998,0.225,1.5726635612904034,0.0,8,0.0,0.0,0.0,0.0,0.0,0.0,100.0,1.0,0.0,0.0,0.2,0.0,0.0,0.0,0.0,0.0,0.0,0.0,9.501221178351216,0.2,8.315601573325694,37.050451510887115,0.4,4.265706916997535
13,random,4,4,291.4222810617708,45.53473141590168,648561.1838353501,81070.14797941876,356.0,20.697674418604652,29435.861899602594,1711.3873197443368,17.2,4.579278858154186,31.751822741714903,11.4,15,4.641344614054097,0.6627906976744186,31.751822741714903,100.0,3.0,0.375,2.0866519112821997,0.0,8,43.496228847056955,0.6,7.186023510699988,0.0,0.0,0.0,100.0,1.0,0.0,0.0,0.0,0.0,0.0,0.0,0.0,10.518353086662273,0.2,9.507191779557612,0.0,0.2,0.0,100.0,1.0,0.0
14,random,4,4,459.61385206530576,91.92277041306116,1723924.9374585648,215490.6171823206,419.8,23.584269662921347,27632.731996180053,1552.4006739426995,17.8,4.143512352074764,49.6241632582128,13.8,21,5.767066232222411,0.7752808988764045,49.6241632582128,100.0,4.2,0.525,1.8674845554180877,0.0,8,100.0,1.0,0.0,85.5389736506811,1.0,6.20955534066228,100.0,1.0,0.0,0.0,0.0,0.0,11.454332415021327,0.2,8.730321102682423,0.0,0.0,0.0,0.0,0.0,0.0,100.0,1.0,0.0
15,random,4,4,398.52025804617904,83.02505375962063,3311267.060524687,413908.3825655859,493.0,26.50537634408602,31133.77259027247,1673.8587414124986,18.6,3.3192079468499265,50.0,15.2,20,5.128825593520918,0.8172043010752689,50.0,100.0,4.0,0.5,0.0,0.0,8,100.0,1.0,0.0,100.0,1.0,0.0,100.0,1.0,0.0,0.0,0.0,0.0,0.0,0.0,0.0,0.0,0.0,0.0,0.0,0.0,0.0,100.0,1.0,0.0
16,random,6,4,510.46158523853575,106.34616359136162,3000723.3208106533,375090.41510133166,569.2,27.631067961165048,34489.221400841736,1674.2340485845502,20.6,2.8146403650953418,51.003094824442954,16.0,22,4.644776178268502,0.7766990291262136,51.003094824442954,100.0,4.4,0.55,1.20014831678709,0.0,8,100.0,1.0,0.0,100.0,1.0,0.0,100.0,1.0,0.0,0.0,0.0,0.0,8.02475859554363,0.4,9.60118653429672,0.0,0.0,0.0,0.0,0.0,0.0,100.0,1.0,0.0
17,random,6,6,902.2419828874451,140.97530982616328,1600902.241982888,200112.780247861,650.2,27.319327731092436,38602.519720790944,1621.9546101172666,23.8,2.4171583333598523,50.0,17.4,20,4.395730001306295,0.7310924369747899,50.0,100.0,4.0,0.5,0.0,0.0,8,100.0,1.0,0.0,100.0,1.0,0.0,100.0,1.0,0.0,0.0,0.0,0.0,0.0,0.0,0.0,0.0,0.0,0.0,0.0,0.0,0.0,100.0,1.0,0.0
18,random,6,6,529.6680748101196,71.57676686623238,202130.8113244669,25266.35141555836,739.2,29.568,42660.179281744175,1706.4071712697669,25.0,2.938040582448036,50.0,18.4,20,4.229489267572661,0.736,50.0,100.0,4.0,0.5,0.0,0.0,8,100.0,1.0,0.0,100.0,1.0,0.0,100.0,1.0,0.0,0.0,0.0,0.0,0.0,0.0,0.0,0.0,0.0,0.0,0.0,0.0,0.0,100.0,1.0,0.0
19,random,6,6,718.6595225122652,112.29055039254143,1300844.166964972,162605.5208706215,834.2,30.445255474452555,45721.85461023245,1668.6808251909652,27.4,1.927588828002764,51.397569390370066,20.2,21,2.401649265204857,0.7372262773722628,51.397569390370066,100.0,4.2,0.525,1.118012465618084,0.0,8,100.0,1.0,0.0,100.0,1.0,0.0,100.0,1.0,0.0,0.0,0.0,0.0,0.0,0.0,0.0,11.180555122960527,0.2,8.944099724944673,0.0,0.0,0.0,100.0,1.0,0.0
20,random,6,6,367.50474298066683,79.89233543057975,2659410.647965954,332426.33099574427,941.2,33.614285714285714,43986.561078039944,1570.948609929998,28.0,1.237397685175639,51.76561029964248,22.8,23,1.429888441336083,0.8142857142857143,51.765610299642475,100.0,4.6,0.575,2.0786946518557383,0.0,8,100.0,1.0,0.0,100.0,1.0,0.0,100.0,1.0,0.0,1.4756497179405414,0.4,8.72393933776766,0.0,0.0,0.0,0.0,0.0,0.0,12.649232679199258,0.2,7.905617877078245,100.0,1.0,0.0
21,random,2,6,460.1300242453873,109.55476767747317,2947435.1477592876,368429.39346991095,902.0,32.214285714285715,46407.750663745115,1657.4196665623253,28.0,1.0772038083655917,47.5,22.0,20,1.3879728334951433,0.7857142857142857,47.5,100.0,4.0,0.5,0.0,0.0,8,100.0,1.0,0.0,100.0,1.0,0.0,100.0,1.0,0.0,0.0,0.0,0.0,0.0,0.0,0.0,0.0,0.0,0.0,0.0,0.0,0.0,80.0,1.0,0.0
22,random,2,2,180.44769772275816,60.14923257425272,3904726.102215407,488090.76277692587,956.4,34.402877697841724,43642.862046399816,1569.8871239712164,27.8,0.9213975351115048,44.75073090766777,21.2,21,1.4488498961330443,0.762589928057554,44.75073090766777,100.0,4.2,0.525,2.4093800601801214,0.0,8,100.0,1.0,0.0,100.0,1.0,0.0,100.0,1.0,0.0,0.0,0.0,0.0,7.421263542397583,0.4,8.830541144497692,12.329302969855007,0.2,8.110758592314486,0.0,0.0,0.0,38.25528074908959,0.6,2.3337407446287934
23,random,2,2,255.75927735338254,116.25421697881023,5527427.7672602935,690928.4709075367,1069.0,38.731884057971016,45453.36975672211,1646.8612230696415,27.6,0.7061687598457038,40.40629647103202,23.6,18,1.4067600263470508,0.855072463768116,40.40629647103202,100.0,3.6,0.45,0.40431402612953055,0.0,8,100.0,1.0,0.0,100.0,1.0,0.0,100.0,1.0,0.0,0.0,0.0,0.0,0.0,0.0,0.0,0.0,0.0,0.0,0.0,0.0,0.0,23.250371768256173,0.6,3.2345122090362444
24,random,2,2,722.4941393919642,180.62353484799104,3800956.141790849,475119.51772385614,1186.2,40.3469387755102,47439.514653639024,1613.5889337972458,29.4,0.697885358607305,39.01348977476033,24.2,16,1.0811741663163479,0.8231292517006803,39.01348977476033,100.0,3.2,0.4,1.032382263862622,0.0,8,100.0,1.0,0.0,100.0,1.0,0.0,100.0,1.0,0.0,0.0,0.0,0.0,0.0,0.0,0.0,0.0,0.0,0.0,0.0,0.0,0.0,12.107918198082643,0.2,8.259058110900977
25,random,2,2,984.3447053673557,175.77584024417067,2201210.4587015435,275151.30733769294,1310.6,41.4746835443038,51012.48679066274,1614.3192022361627,31.6,0.6477261761133531,48.051778422684635,25.8,20,0.6800671584411548,0.8164556962025317,48.051778422684635,100.0,4.0,0.5,0.7945280906618052,0.0,8,100.0,1.0,0.0,100.0,1.0,0.0,100.0,1.0,0.0,0.0,0.0,0.0,84.41422738147708,1.0,6.3562247252944415,0.0,0.0,0.0,0.0,0.0,0.0,0.0,0.0,0.0
26,random,2,2,852.8888944159871,152.30158828856915,1225093.5342768035,153136.69178460044,1442.6,42.680473372781066,53107.254569375145,1571.220549389797,33.8,0.6864945938607214,57.848404683639316,27.8,24,0.6820420589513173,0.8224852071005917,57.848404683639316,100.0,4.8,0.6,0.9179806039557312,0.0,8,100.0,1.0,0.0,100.0,1.0,0.0,100.0,1.0,0.0,0.0,0.0,0.0,100.0,1.0,0.0,0.0,0.0,0.0,0.0,0.0,0.0,62.78723746911453,0.8,7.34384483164585
27,random,4,2,1024.4108312765695,150.64865165831904,1001330.733307947,125166.34166349338,1349.8,41.15243902439025,56108.134608992106,1710.6138600302472,32.8,1.4379073214339182,59.246061936271914,21.2,25,1.400329307255001,0.6463414634146342,59.246061936271914,100.0,5.0,0.625,0.7650979754877241,0.0,8,100.0,1.0,0.0,100.0,1.0,0.0,100.0,1.0,0.0,13.968495490175314,0.2,6.1207838039017926,60.0,0.8,0.0,0.0,0.0,0.0,0.0,0.0,0.0,100.0,1.0,0.0
28,random,4,4,603.6302353214123,97.35971537442134,1078984.0314403863,134873.0039300483,1437.2,46.967320261437905,51079.85534864349,1669.2763185831207,30.6,2.297934582753842,51.483999752519914,22.6,22,2.9613939879713396,0.738562091503268,51.48399975251991,100.0,4.4,0.55,1.0528977497110736,0.0,8,100.0,1.0,0.0,100.0,1.0,0.0,100.0,1.0,0.0,0.0,0.2,0.0,0.0,0.0,0.0,11.871998020159253,0.2,8.423181997688589,0.0,0.0,0.0,100.0,1.0,0.0
29,random,4,4,521.1950856790659,100.22982416905113,2339651.9823234845,292456.49779043556,1554.4,54.732394366197184,44857.49474274753,1579.4892515051945,28.4,3.8639812959095003,61.87179094434278,24.6,27,5.240104971294466,0.8661971830985915,61.87179094434278,100.0,5.4,0.675,1.9746720937312503,0.0,8,100.0,1.0,0.0,100.0,1.0,0.0,100.0,1.0,0.0,0.0,0.0,0.0,0.0,0.0,0.0,10.628121803723047,0.4,9.017644010577351,84.34620575101917,1.0,6.77973273927265,100.0,1.0,0.0
30,random,4,4,695.9754801844276,124.28133574721923,2517454.809668361,314681.85120854515,1679.0,57.10884353741496,47460.2540763603,1614.294356338786,29.4,3.920587940033468,62.5,25.2,25,5.457085128316341,0.8571428571428571,62.5,100.0,5.0,0.625,0.0,0.0,8,100.0,1.0,0.0,100.0,1.0,0.0,100.0,1.0,0.0,0.0,0.0,0.0,0.0,0.0,0.0,0.0,0.0,0.0,100.0,1.0,0.0,100.0,1.0,0.0
31,random,4,4,1016.3124853215659,163.92136860025255,1601883.835366272,200235.479420784,1807.0,54.4277108433735,52513.023992006565,1581.7175901206797,33.2,1.574796474824441,63.83349331249135,27.0,26,2.934282674684108,0.8132530120481928,63.833493312491356,100.0,5.2,0.65,1.171734410186724,0.0,8,100.0,1.0,0.0,100.0,1.0,0.0,100.0,1.0,0.0,0.0,0.0,0.0,10.66794649993085,0.2,9.373875281493792,0.0,0.0,0.0,100.0,1.0,0.0,100.0,1.0,0.0
32,random,4,4,914.7657993703697,147.54287086618865,277714.5758041939,34714.32197552424,1942.4,54.87005649717514,58178.87694188811,1643.4711000533366,35.4,1.9142273578477844,62.5,28.4,25,3.108443616137215,0.8022598870056498,62.5,100.0,5.0,0.625,0.0,0.0,8,100.0,1.0,0.0,100.0,1.0,0.0,100.0,1.0,0.0,0.0,0.0,0.0,0.0,0.0,0.0,0.0,0.0,0.0,100.0,1.0,0.0,100.0,1.0,0.0
33,random,6,4,753.5769767517118,107.65385382167311,1219222.308084757,152402.78851059463,1977.0,56.16477272727273,60148.50930290448,1708.7644688325136,35.2,3.5270094410206254,58.91162634676647,26.2,25,4.431030392900183,0.7443181818181818,58.91162634676647,100.0,5.0,0.625,1.1068793123471588,0.0,8,100.0,1.0,0.0,100.0,1.0,0.0,100.0,1.0,0.0,0.0,0.0,0.0,11.293010774131744,0.2,8.85503449877727,0.0,0.0,0.0,100.0,1.0,0.0,60.0,0.8,0.0
34,random,6,6,726.5274444050312,134.54211933426504,1344973.5072403108,168121.68840503885,2077.8,57.71666666666667,52593.769420408935,1460.9380394558038,36.0,2.1338406740787663,62.414176688333214,27.8,27,3.5915451877510516,0.7722222222222223,62.414176688333214,100.0,5.3999999999999995,0.675,2.5192727288472794,0.0,8,100.0,1.0,0.0,100.0,1.0,0.0,100.0,1.0,0.0,9.36125233069447,0.4,8.878319862950594,0.0,0.0,0.0,11.07398976223294,0.2,9.03016908513343,100.0,1.0,0.0,78.8781714137383,0.8,2.245692882694211
35,random,6,6,817.152033675756,314.2892437214446,2989584.8756381283,373698.10945476603,2233.4,60.362162162162164,56674.53408108574,1531.7441643536686,37.0,0.39928393686150787,62.5,33.4,25,0.8623593483777888,0.9027027027027027,62.5,100.0,5.0,0.625,0.0,0.0,8,100.0,1.0,0.0,100.0,1.0,0.0,100.0,1.0,0.0,0.0,0.0,0.0,0.0,0.0,0.0,0.0,0.0,0.0,100.0,1.0,0.0,100.0,1.0,0.0
36,random,6,6,600.4543562665267,200.15145208884223,4764366.098358683,595545.7622948354,2405.0,63.28947368421053,60610.27262830824,1595.0071744291643,38.0,0.5754052204343464,62.5,35.0,25,1.240191969748884,0.9210526315789473,62.5,100.0,5.0,0.625,0.0,0.0,8,100.0,1.0,0.0,100.0,1.0,0.0,100.0,1.0,0.0,0.0,0.0,0.0,0.0,0.0,0.0,0.0,0.0,0.0,100.0,1.0,0.0,100.0,1.0,0.0
37,random,6,6,441.7061436783737,200.7755198538062,4457948.180522283,557243.5225652853,2581.8,65.1969696969697,60071.29897278808,1516.9519942623253,39.6,0.31144812185084053,63.97651076594159,36.8,26,0.7730269624000274,0.9292929292929293,63.97651076594158,100.0,5.2,0.65,1.0582381355029136,0.0,8,100.0,1.0,0.0,100.0,1.0,0.0,100.0,1.0,0.0,0.0,0.0,0.0,11.812086127532666,0.2,8.465905084023309,0.0,0.0,0.0,100.0,1.0,0.0,100.0,1.0,0.0
38,random,6,6,1054.8132295520768,229.3072238156689,5311606.325589472,663950.790698684,2766.2,64.33023255813953,67589.04716824908,1571.8383062383507,43.0,0.3217375766532511,62.5,37.4,25,0.3638220424195276,0.8697674418604651,62.5,100.0,5.0,0.625,0.0,0.0,8,100.0,1.0,0.0,100.0,1.0,0.0,100.0,1.0,0.0,0.0,0.0,0.0,0.0,0.0,0.0,0.0,0.0,0.0,100.0,1.0,0.0,100.0,1.0,0.0
39,random,5,6,783.9102196701887,145.1685591981831,2001711.7152973912,250213.9644121739,1560.2,37.86893203883495,68339.93053929743,1658.7361781382874,41.2,0.6524827530486708,47.5,29.8,22,0.6250151255993691,0.7233009708737864,47.5,100.0,4.4,0.55,0.0,0.0,8,60.0,0.8,0.0,60.0,0.8,0.0,60.0,0.8,0.0,0.0,0.0,0.0,0.0,0.0,0.0,0.0,0.0,0.0,100.0,1.0,0.0,100.0,1.0,0.0
40,random,5,5,833.6972071725926,119.09960102465608,607569.2411390014,75946.15514237518,649.2,16.149253731343283,70874.97887996925,1763.0591761186379,40.2,1.2198051988099101,39.8096259496468,18.2,21,0.8844637965726406,0.4527363184079602,39.8096259496468,100.0,4.199999999999999,0.525,1.6156087892342412,0.0,8,23.181307006690304,0.6,1.5653352840968289,31.765174273252796,0.6,2.1475431623875285,39.92493283937165,0.6,2.131734360660908,23.605593477859657,0.4,7.080257506728665,0.0,0.0,0.0,0.0,0.0,0.0,100.0,1.0,0.0,100.0,1.0,0.0
41,random,5,5,361.02997124513524,60.171661874189205,1015172.6746393483,126896.58432991854,661.6,18.480446927374302,65899.94014763483,1840.7804510512522,35.8,1.7450194360703564,50.263370674716725,16.4,29,1.4614260019811072,0.4581005586592179,50.263370674716725,100.0,5.800000000000001,0.7250000000000001,2.4966822773807573,0.0,8,45.39264406758207,1.0,3.664004550425037,22.748907325020582,0.8,4.105860637168131,21.673609810428616,0.8,4.068090836982731,100.0,1.0,0.0,0.0,0.0,0.0,12.291804194702536,0.2,8.13550219447016,100.0,1.0,0.0,100.0,1.0,0.0
42,random,5,5,584.8657517523487,94.33318576650785,1800584.8657517522,225073.10821896902,751.6,21.352272727272727,55411.07667157993,1574.178314533521,35.2,1.7103295674960393,57.38264749408813,20.4,27,1.4088195269220816,0.5795454545454546,57.38264749408813,100.0,5.4,0.675,1.9307387862509686,0.0,8,66.29095120423358,1.0,4.638959514579821,23.62273322443002,0.6,5.304298954199586,69.14749552404146,0.8,5.502651821228341,100.0,1.0,0.0,0.0,0.0,0.0,0.0,0.0,0.0,100.0,1.0,0.0,100.0,1.0,0.0
43,random,5,5,976.7896028393747,212.3455658346467,1667645.7133919399,208455.71417399248,877.8,23.470588235294116,55451.57003827768,1482.662300488708,37.4,0.5139175668818534,90.72972715049005,29.4,38,0.7501731722417155,0.786096256684492,90.72972715049005,100.0,7.6,0.95,1.7759888201358025,0.0,8,100.0,1.0,0.0,100.0,1.0,0.0,100.0,1.0,0.0,100.0,1.0,0.0,43.36416893593878,0.6,7.078039640761504,82.47364826798162,1.0,7.129870920324916,100.0,1.0,0.0,100.0,1.0,0.0
44,random,5,5,570.4668676874815,142.61671692187036,4659591.430278878,582448.9287848597,1039.6,27.357894736842105,60828.308867652886,1600.7449702013919,38.0,0.386497206839142,100.0,33.4,40,0.43122166194533457,0.8789473684210526,100.0,100.0,8.0,1.0,0.0,0.0,8,100.0,1.0,0.0,100.0,1.0,0.0,100.0,1.0,0.0,100.0,1.0,0.0,100.0,1.0,0.0,100.0,1.0,0.0,100.0,1.0,0.0,100.0,1.0,0.0
45,random,2,5,964.1660289829567,267.8238969397102,3269121.445769251,408640.18072115636,1053.0,27.27979274611399,59918.6366062799,1552.296285136785,38.6,0.31729299451632487,97.5,33.2,40,0.4579668223089976,0.8601036269430051,97.5,100.0,8.0,1.0,0.0,0.0,8,100.0,1.0,0.0,100.0,1.0,0.0,100.0,1.0,0.0,100.0,1.0,0.0,100.0,1.0,0.0,100.0,1.0,0.0,100.0,1.0,0.0,80.0,1.0,0.0
46,random,2,2,642.4940269418775,152.97476831949461,3584639.314798438,448079.91434980475,1090.8,27.685279187817258,64734.00999394963,1642.9951775114118,39.4,0.5633719708046393,92.19411729243532,30.0,38,0.6956579101578871,0.7614213197969543,92.19411729243532,100.0,7.6,0.95,0.2989728883831577,0.0,8,100.0,1.0,0.0,100.0,1.0,0.0,100.0,1.0,0.0,100.0,1.0,0.0,100.0,1.0,0.0,100.0,1.0,0.0,100.0,1.0,0.0,37.55293833948258,0.6,2.3917831070652618
47,random,2,2,1363.3102645685963,219.8887523497736,1402296.785645529,175287.09820569112,1232.0,29.902912621359224,68521.38165594518,1663.14033145498,41.2,0.8732424318842511,91.00783718693663,31.2,40,1.2196079466827807,0.7572815533980582,91.00783718693663,100.0,8.0,1.0,0.5095372459153054,0.0,8,100.0,1.0,0.0,100.0,1.0,0.0,100.0,1.0,0.0,100.0,1.0,0.0,100.0,1.0,0.0,100.0,1.0,0.0,100.0,1.0,0.0,28.062697495493012,1.0,4.076297967322443
48,random,2,2,546.0176815561831,94.14097957865226,1649362.652205214,206170.33152565174,1390.4,34.58706467661692,65028.92311971136,1617.634903475407,40.2,1.11332266202618,88.47655278686062,32.6,37,1.3747399503442566,0.8109452736318408,88.47655278686062,100.0,7.4,0.925,0.7092190679337707,0.0,8,100.0,1.0,0.0,100.0,1.0,0.0,100.0,1.0,0.0,100.0,1.0,0.0,100.0,1.0,0.0,100.0,1.0,0.0,100.0,1.0,0.0,7.812422294884982,0.4,5.673752543470165
49,random,2,2,963.9311367951319,192.78622735902638,1340962.337710367,167620.29221379588,1561.4,37.17619047619048,65243.96419606051,1553.4277189538216,42.0,0.605462628469184,96.35128694156762,35.8,39,0.7135439642639697,0.8523809523809524,96.35128694156762,100.0,7.8,0.975,0.672994651000245,0.0,8,100.0,1.0,0.0,100.0,1.0,0.0,100.0,1.0,0.0,100.0,1.0,0.0,100.0,1.0,0.0,100.0,1.0,0.0,100.0,1.0,0.0,70.81029553254098,0.8,5.38395720800196
50,random,2,2,535.4025633632531,167.31330105101657,5245623.339530017,655702.9174412522,1751.0,40.72093023255814,66475.87605330616,1545.950605890841,43.0,0.24669191688280181,100.0,39.6,40,0.32748738905095154,0.9209302325581395,100.0,100.0,8.0,1.0,0.0,0.0,8,100.0,1.0,0.0,100.0,1.0,0.0,100.0,1.0,0.0,100.0,1.0,0.0,100.0,1.0,0.0,100.0,1.0,0.0,100.0,1.0,0.0,100.0,1.0,0.0
51,random,4,2,1261.2186995478435,252.2437399095687,2237648.8829355063,279706.1103669383,1425.8,34.27403846153846,67818.2347282962,1630.2460271225048,41.6,0.5675553478072768,90.0,32.4,39,0.6785394395921533,0.7788461538461539,90.0,100.0,7.8,0.975,0.0,0.0,8,100.0,1.0,0.0,100.0,1.0,0.0,100.0,1.0,0.0,80.0,1.0,0.0,60.0,0.8,0.0,80.0,1.0,0.0,100.0,1.0,0.0,100.0,1.0,0.0
52,random,4,4,719.1186443931796,138.29204699868836,2302640.331990959,287830.0414988699,1442.2,36.60406091370558,64295.51875098486,1631.865958146824,39.4,1.175743798477121,76.31204337300701,28.6,35,1.2302893770943915,0.7258883248730964,76.31204337300701,100.0,6.999999999999999,0.875,0.6575790746620485,0.0,8,100.0,1.0,0.0,100.0,1.0,0.0,100.0,1.0,0.0,43.439594416120144,0.8,1.445430876893905,29.38703942495522,0.6,1.8362610859193969,37.669713142980754,0.6,1.9789406344830858,100.0,1.0,0.0,100.0,1.0,0.0
53,random,4,4,1013.32972297323,163.44027789890805,1036589.1165935344,129573.6395741918,1586.2,42.18617021276596,62195.77510410033,1654.1429548962853,37.6,1.3614256950143244,67.78900872107627,29.8,30,1.6127217469105493,0.7925531914893617,67.78900872107627,100.0,6.0,0.75,0.8633950823446086,0.0,8,100.0,1.0,0.0,100.0,1.0,0.0,100.0,1.0,0.0,0.0,0.0,0.0,25.307176614738864,0.6,3.338858552032203,17.004893153871308,0.4,3.568302106724666,100.0,1.0,0.0,100.0,1.0,0.0
54,random,4,4,695.5744247775568,115.92907079625947,1512720.8648839977,189090.1081104997,1735.2,47.93370165745856,58067.99835840613,1604.088352442158,36.2,2.6852219038178378,62.5,30.6,25,4.129546645496963,0.8453038674033149,62.5,100.0,5.0,0.625,0.0,0.0,8,100.0,1.0,0.0,100.0,1.0,0.0,100.0,1.0,0.0,0.0,0.0,0.0,0.0,0.0,0.0,0.0,0.0,0.0,100.0,1.0,0.0,100.0,1.0,0.0
55,random,4,4,344.2392230680608,68.84784461361217,3996060.889799583,499507.61122494785,1892.0,50.86021505376344,61023.52048650572,1640.4172173791858,37.2,2.1484007326549768,62.67753416187105,32.2,26,2.846413726075265,0.8655913978494624,62.67753416187105,100.0,5.2,0.65,1.085349292482715,0.0,8,100.0,1.0,0.0,100.0,1.0,0.0,100.0,1.0,0.0,0.0,0.0,0.0,1.4202732949684105,0.2,8.68279433986172,0.0,0.0,0.0,100.0,1.0,0.0,100.0,1.0,0.0
56,random,4,4,651.7734402860226,148.1303273377324,2988813.3851649547,373601.67314561934,2054.4,52.40816326530612,60005.89880695606,1530.7627246672464,39.2,1.7194316636879976,63.80154688008531,33.6,27,2.6453113814619806,0.8571428571428571,63.80154688008531,100.0,5.4,0.675,1.200494599086269,0.0,8,100.0,1.0,0.0,100.0,1.0,0.0,100.0,1.0,0.0,10.412375040682491,0.2,9.603956792690152,0.0,0.2,0.0,0.0,0.0,0.0,100.0,1.0,0.0,100.0,1.0,0.0
57,random,6,4,572.940232513313,136.41434107459833,3829442.42718467,478680.3033980838,2114.2,53.933673469387756,63571.59582814989,1621.7243833711707,39.2,1.3813802694925574,58.695244407905136,32.8,25,2.5147039612399054,0.8367346938775511,58.695244407905136,100.0,5.0,0.625,1.1189747548196465,0.0,8,100.0,1.0,0.0,100.0,1.0,0.0,100.0,1.0,0.0,0.0,0.0,0.0,0.0,0.0,0.0,9.561955263241089,0.2,8.951798038557172,100.0,1.0,0.0,60.0,0.8,0.0
58,random,6,6,691.9868824982382,192.21857847173283,3566623.868566175,445827.9835707719,2227.2,55.68,65153.59341169606,1628.8398352924016,40.0,1.1082318230622807,52.59901461399693,32.2,24,1.9075027688340718,0.805,52.59901461399693,100.0,4.8,0.6,0.22309689069168664,0.0,8,100.0,1.0,0.0,100.0,1.0,0.0,100.0,1.0,0.0,0.0,0.0,0.0,0.0,0.0,0.0,0.0,0.2,0.0,100.0,1.0,0.0,20.792116911975427,0.6,1.7847751255334932
59,random,6,6,1208.3338045624464,208.33341457973214,1185496.7393388716,148187.09241735894,2388.2,57.96601941747573,66479.92011179842,1613.5902939756897,41.2,1.2118259173279415,53.78910463150546,33.0,24,1.8940967662136163,0.8009708737864077,53.78910463150547,100.0,4.8,0.6,1.7557723020657308,0.0,8,100.0,1.0,0.0,100.0,1.0,0.0,100.0,1.0,0.0,0.0,0.0,0.0,11.130403674150102,0.2,8.984400110505051,0.0,0.0,0.0,100.0,1.0,0.0,19.18243337789363,0.6,5.061778306020795
60,random,6,6,614.6035355993939,118.19298761526805,1606086.2054240392,200760.7756780049,2557.6,62.38048780487805,64233.88037287543,1566.6800090945226,41.0,1.0393812150635884,50.0,34.8,20,1.409238768935931,0.848780487804878,50.0,100.0,4.0,0.5,0.0,0.0,8,100.0,1.0,0.0,100.0,1.0,0.0,100.0,1.0,0.0,0.0,0.0,0.0,0.0,0.0,0.0,0.0,0.0,0.0,100.0,1.0,0.0,0.0,0.0,0.0
61,random,6,6,658.64640000587,164.6616000014675,4079580.9175327225,509947.6146915903,2740.2,63.43055555555556,67731.50086479708,1567.8588163147474,43.2,0.9899498565776955,50.95894146480475,38.4,23,1.4360974638388508,0.8888888888888888,50.95894146480475,100.0,4.6,0.575,2.2021090432885106,0.0,8,100.0,1.0,0.0,100.0,1.0,0.0,100.0,1.0,0.0,6.080320965641022,0.2,8.801117337774487,0.0,0.0,0.0,1.5912107527969965,0.4,8.815755008533598,100.0,1.0,0.0,0.0,0.0,0.0
62,random,6,6,696.4445799409151,145.09262082102398,3226576.535948557,403322.0669935696,2935.2,65.51785714285714,70954.90128070337,1583.814760729986,44.8,0.8359359328070834,50.0,39.8,21,1.0191887847791445,0.8883928571428571,50.0,100.0,4.2,0.525,0.0,0.0,8,100.0,1.0,0.0,100.0,1.0,0.0,100.0,1.0,0.0,0.0,0.2,0.0,0.0,0.0,0.0,0.0,0.0,0.0,100.0,1.0,0.0,0.0,0.0,0.0
63,random,5,6,933.8497069514999,172.93513091694442,804674.2806886162,100584.28508607703,2216.2,51.53953488372093,69576.2340261663,1618.0519540968908,43.0,0.9825395314494287,44.087907166316995,31.8,21,1.1319856447548278,0.7395348837209302,44.087907166316995,100.0,4.2,0.525,1.4684395042004388,0.0,8,80.0,1.0,0.0,60.0,0.8,0.0,60.0,0.8,0.0,0.0,0.0,0.0,0.0,0.0,0.0,39.95737687284304,0.4,3.901843831363148,100.0,1.0,0.0,12.74588045769292,0.2,7.845672202240362
64,random,5,5,392.71425783571055,78.54285156714211,2398766.6687185303,299845.8335898163,1356.4,33.082926829268295,71360.57847959572,1740.5019141364808,41.0,0.8881578288781471,42.80389839214777,21.6,23,0.8384910203293039,0.526829268292683,42.80389839214777,100.0,4.6,0.575,1.423482058965511,0.0,8,40.222857849520324,0.8,1.6391283096709848,35.202321178292095,0.8,2.700410382036707,34.9063670024168,0.6,2.220399600681531,0.0,0.0,0.0,32.09964110695296,0.4,4.827918179334865,100.0,1.0,0.0,100.0,1.0,0.0,0.0,0.0,0.0
65,random,5,5,268.0703502830586,53.614070056611716,3000268.070350283,375033.50879378535,1299.2,33.833333333333336,71856.82722547707,1871.2715423301322,38.4,1.4556798939958475,48.0014466029688,18.0,26,1.3771859733099314,0.46875,48.0014466029688,100.0,5.2,0.65,1.6219073536969675,0.0,8,31.144484675418198,0.6,3.8955743368635547,39.107689925465365,0.8,5.021675720775489,13.759398222866821,0.8,4.058008771936695,0.0,0.0,0.0,100.0,1.0,0.0,100.0,1.0,0.0,100.0,1.0,0.0,0.0,0.0,0.0
66,random,5,5,355.118039648272,73.98292492672333,3000937.594127598,375117.1992659498,1393.0,38.69444444444444,57536.20004119222,1598.227778922006,36.0,1.6365093002452826,59.35736598029024,20.2,30,1.6518440307136164,0.5611111111111111,59.35736598029024,100.0,6.0,0.75,2.3433215773848404,0.0,8,62.9685128827623,1.0,4.9572941009321445,44.67528745219511,0.8,4.740449086049675,8.700438567909714,0.6,5.149900862616924,0.0,0.0,0.0,100.0,1.0,0.0,100.0,1.0,0.0,100.0,1.0,0.0,58.5146889394548,0.6,3.8989285694799793
67,random,5,5,1372.3928589466555,298.3462736840556,2890342.9407053245,361292.86758816557,1520.0,40.64171122994652,54018.09845660136,1444.3341833315872,37.4,0.5173481655431181,87.5,29.8,35,0.6930777293468069,0.7967914438502673,87.5,100.0,7.0,0.875,0.0,0.0,8,100.0,1.0,0.0,100.0,1.0,0.0,100.0,1.0,0.0,0.0,0.0,0.0,100.0,1.0,0.0,100.0,1.0,0.0,100.0,1.0,0.0,100.0,1.0,0.0
68,random,3,5,1293.2556162186515,248.70300311897145,761241.4654066027,95155.18317582534,1005.6,24.647058823529413,65227.6207963013,1598.716195987777,40.8,0.33423034310940136,90.72093489494435,32.2,38,0.308717322265797,0.7892156862745098,90.72093489494435,100.0,7.6,0.95,0.25683105405634193,0.0,8,100.0,1.0,0.0,100.0,1.0,0.0,100.0,1.0,0.0,65.7674791595548,0.8,2.0546484324507355,100.0,1.0,0.0,100.0,1.0,0.0,60.0,0.8,0.0,100.0,1.0,0.0
69,random,3,3,566.9976474280201,94.49960790467001,3210159.163525544,401269.895440693,675.0,16.875,67411.59080683753,1685.2897701709383,40.0,0.7927051474816158,92.38688278199533,29.6,38,0.539641537938039,0.74,92.38688278199533,100.0,7.6,0.95,0.26839795462703675,0.0,8,100.0,1.0,0.0,100.0,1.0,0.0,100.0,1.0,0.0,100.0,1.0,0.0,100.0,1.0,0.0,100.0,1.0,0.0,39.0950622559626,0.6,2.147183637016294,100.0,1.0,0.0
70,random,3,3,426.8014551505624,79.0373065093634,2017029.6428606242,252128.70535757803,768.8,19.814432989690722,65092.80208219615,1677.6495382009316,38.8,1.1768130091498694,90.68766057812665,28.8,38,1.015326191599546,0.7422680412371134,90.68766057812667,100.0,7.6,0.95,0.5010250727900438,0.0,8,100.0,1.0,0.0,100.0,1.0,0.0,100.0,1.0,0.0,100.0,1.0,0.0,100.0,1.0,0.0,100.0,1.0,0.0,25.50128462501334,0.6,4.008200582320351,100.0,1.0,0.0
71,random,3,3,864.8729756067817,240.242493224106,2077067.236600794,259633.40457509924,920.0,23.711340206185568,60947.69217226945,1570.8168085636457,38.8,0.7758395547484168,89.76402371258715,32.0,39,1.5922463186351996,0.8247422680412371,89.76402371258715,100.0,7.8,0.975,0.6999831355977215,0.0,8,100.0,1.0,0.0,100.0,1.0,0.0,100.0,1.0,0.0,100.0,1.0,0.0,100.0,1.0,0.0,100.0,1.0,0.0,18.112189700697172,0.8,5.599865084781772,100.0,1.0,0.0
72,random,3,3,1192.1609052228828,220.77053800423752,2371134.9590384066,296391.8698798008,1084.0,27.653061224489797,63581.70399676512,1621.9822448154368,39.2,1.0842767452416655,89.24816836387251,33.4,38,2.025541550398462,0.8520408163265306,89.24816836387251,100.0,7.6,0.95,0.834318387085808,0.0,8,100.0,1.0,0.0,100.0,1.0,0.0,100.0,1.0,0.0,100.0,1.0,0.0,100.0,1.0,0.0,100.0,1.0,0.0,13.98534691098007,0.6,6.674547096686464,100.0,1.0,0.0
73,random,0,3,536.0185853275573,116.5257794190342,2116595.2724819584,264574.4090602448,1251.6,31.766497461928935,62025.567561358424,1574.252983790823,39.4,0.5209369850934711,87.5,34.4,35,0.5012655580897276,0.8730964467005076,87.5,100.0,7.0,0.875,0.0,0.0,8,100.0,1.0,0.0,100.0,1.0,0.0,100.0,1.0,0.0,100.0,1.0,0.0,100.0,1.0,0.0,100.0,1.0,0.0,0.0,0.0,0.0,100.0,1.0,0.0
74,random,0,0,1360.7621465597188,272.15242931194376,1958264.6399101664,244783.0799887708,1426.2,34.44927536231884,63939.88742391892,1544.4417252154328,41.4,0.3849433215706824,87.5,35.6,35,0.443940941355446,0.8599033816425121,87.5,100.0,7.0,0.875,0.0,0.0,8,100.0,1.0,0.0,100.0,1.0,0.0,100.0,1.0,0.0,100.0,1.0,0.0,100.0,1.0,0.0,100.0,1.0,0.0,0.0,0.0,0.0,100.0,1.0,0.0
75,random,0,0,905.4375095155945,251.51041930988734,2124248.6438831394,265531.0804853924,1612.0,36.63636363636363,69908.15905621523,1588.821796732164,44.0,0.290489199551935,87.5,39.2,35,0.43936445650808614,0.8909090909090909,87.5,100.0,7.0,0.875,0.0,0.0,8,100.0,1.0,0.0,100.0,1.0,0.0,100.0,1.0,0.0,100.0,1.0,0.0,100.0,1.0,0.0,100.0,1.0,0.0,0.0,0.0,0.0,100.0,1.0,0.0
76,random,0,0,1169.109962836155,216.50184496965832,2852263.764710844,356532.9705888555,1807.8,39.3,72777.67966717441,1582.1234710255305,46.0,0.5581668940980239,87.5,39.8,35,0.6089117346051637,0.8652173913043478,87.5,100.0,7.0,0.875,0.0,0.0,8,100.0,1.0,0.0,100.0,1.0,0.0,100.0,1.0,0.0,100.0,1.0,0.0,100.0,1.0,0.0,100.0,1.0,0.0,0.0,0.0,0.0,100.0,1.0,0.0
77,random,0,0,491.4003257333419,122.85008143333548,2898785.9312000307,362348.24140000384,2011.6,43.35344827586207,72107.41865198713,1554.0391950859294,46.4,0.6270629889682187,87.5,41.6,35,0.9363357467228991,0.896551724137931,87.5,100.0,7.0,0.875,0.0,0.0,8,100.0,1.0,0.0,100.0,1.0,0.0,100.0,1.0,0.0,100.0,1.0,0.0,100.0,1.0,0.0,100.0,1.0,0.0,0.0,0.0,0.0,100.0,1.0,0.0
78,random,0,0,757.4805965138928,222.78841073938025,4150856.9922183594,518857.1240272949,2224.6,46.73529411764706,72458.6066038146,1522.23963453392,47.6,0.5051721955387697,89.21145445130378,43.6,36,1.007481540833732,0.9159663865546218,89.21145445130378,100.0,7.2,0.9,0.912966160922187,0.0,8,100.0,1.0,0.0,100.0,1.0,0.0,100.0,1.0,0.0,100.0,1.0,0.0,100.0,1.0,0.0,100.0,1.0,0.0,13.69163561043024,0.2,7.303729287377496,100.0,1.0,0.0
79,random,5,0,1300.9900739211569,282.823929113295,1469198.9924123134,183649.87405153917,1875.6,38.752066115702476,78357.23397377823,1618.951115160707,48.4,0.297739577160543,72.5,37.4,32,0.33691333686957325,0.7727272727272727,72.5,100.0,6.4,0.8,0.0,0.0,8,60.0,0.8,0.0,60.0,0.8,0.0,60.0,0.8,0.0,100.0,1.0,0.0,100.0,1.0,0.0,100.0,1.0,0.0,0.0,0.0,0.0,100.0,1.0,0.0
80,random,5,5,620.3384689556749,106.9549084406336,1944516.8377531946,243064.60471914933,1512.2,33.60444444444445,77740.47000716285,1727.5660001591743,45.0,0.8698767876590535,61.351182877322685,26.6,28,0.8101820113902327,0.5911111111111111,61.351182877322685,100.0,5.6,0.7,0.7831841859174105,0.0,8,39.566790410326576,0.6,2.136429453533866,31.586972487389176,0.6,1.824743090594844,19.65570012086573,0.4,2.3043009432105728,100.0,1.0,0.0,100.0,1.0,0.0,100.0,1.0,0.0,0.0,0.0,0.0,100.0,1.0,0.0
81,random,5,5,459.15011768032645,95.65627451673468,2743304.8106245734,342913.1013280717,1608.2,38.65865384615385,71043.06169909344,1707.7659062282075,41.6,1.4127185387659011,59.60638212240298,26.8,31,1.5545749283157044,0.6442307692307693,59.60638212240298,100.0,6.2,0.775,1.5806498216742293,0.0,8,38.90567551511367,0.8,4.127775803750069,16.90952040365005,0.8,4.172052130301015,21.035861060460093,0.6,4.345370639342751,100.0,1.0,0.0,100.0,1.0,0.0,100.0,1.0,0.0,0.0,0.0,0.0,100.0,1.0,0.0
82,random,5,5,552.0973681493798,115.02028503112079,2513124.4413084066,314140.55516355083,1745.0,45.442708333333336,67257.19635259557,1751.489488348843,38.4,1.9728035695228243,55.909313279595814,28.4,29,2.4046252450839285,0.7395833333333334,55.90931327959581,100.0,5.8,0.725,2.10477423260115,0.0,8,1.5000730468784695,0.6,5.336531827872618,27.953684322096706,0.4,5.963959950206162,17.82074886779128,0.8,5.537702082730421,100.0,1.0,0.0,100.0,1.0,0.0,100.0,1.0,0.0,0.0,0.0,0.0,100.0,1.0,0.0
83,random,5,5,622.4291637102093,103.73819395170155,2000622.4291637104,250077.8036454638,1885.0,54.166666666666664,58510.93389803801,1681.3486752309773,34.8,3.289584864028508,50.0,28.2,22,4.149833042836199,0.8103448275862069,50.0,100.0,4.4,0.55,0.0,0.0,8,0.0,0.0,0.0,0.0,0.2,0.0,0.0,0.2,0.0,100.0,1.0,0.0,100.0,1.0,0.0,100.0,1.0,0.0,0.0,0.0,0.0,100.0,1.0,0.0
84,random,5,5,477.62852405541355,85.29080786703814,2201821.5683656204,275227.69604570256,2027.0,57.91428571428571,57160.784571189506,1633.1652734625573,35.0,2.7205355136914218,52.42271055150013,29.2,22,4.060415770274517,0.8342857142857143,52.42271055150013,100.0,4.4,0.55,2.273905747791358,0.0,8,10.507962595152094,0.2,9.516592688114017,0.0,0.0,0.0,8.873721816848956,0.2,8.674653294216844,100.0,1.0,0.0,100.0,1.0,0.0,100.0,1.0,0.0,0.0,0.0,0.0,100.0,1.0,0.0
85,random,1,5,1295.4255784563263,196.2766027964131,34630.90955386729,4328.8636942334115,1189.8,35.83734939759036,54115.96115625514,1629.9988300076852,33.2,2.9033446660523863,48.273743444473496,22.8,24,4.432315357932855,0.6867469879518072,48.273743444473496,100.0,4.8,0.6,0.7990147379460589,0.0,8,0.0,0.0,0.0,0.0,0.0,0.0,0.0,0.2,0.0,60.0,0.8,0.0,60.0,0.8,0.0,80.0,1.0,0.0,86.18994755578797,1.0,6.392117903568471,100.0,1.0,0.0
86,random,1,1,508.7500477793046,72.67857825418638,841145.8246479372,105143.22808099215,684.2,22.959731543624162,55415.771248345416,1859.589639206222,29.8,4.057940882002622,35.085471611940875,12.4,19,4.447697621286736,0.4161073825503356,35.085471611940875,100.0,3.8,0.47500000000000003,0.6193253991503443,0.0,8,0.0,0.0,0.0,0.0,0.0,0.0,0.0,0.0,0.0,29.406297027001074,0.6,1.6243643273599353,30.774801478610243,0.6,1.7401950572108822,20.502674389915683,0.6,1.5900438086319375,100.0,1.0,0.0,100.0,1.0,0.0
87,random,1,1,100.53357330838276,16.755595551397125,1634140.9095170763,204267.61368963454,722.0,29.834710743801654,46743.12782247485,1931.534207540283,24.2,5.915113873248513,38.049361453580275,12.0,26,5.131110111945734,0.49586776859504134,38.049361453580275,100.0,5.2,0.6499999999999999,3.7403077450131534,0.0,8,7.9409458185591575,0.4,9.009626868180932,0.0,0.0,0.0,0.8426471165967087,0.4,9.051934416312724,47.74213756994186,1.0,3.681767225917416,24.66263941267016,0.8,4.197664498207534,23.206521710874313,0.6,3.981468951486617,100.0,1.0,0.0,100.0,1.0,0.0
88,random,1,1,337.670023526947,60.29821848695482,2400337.670023527,300042.2087529409,784.6,36.66355140186916,30483.768204265776,1424.4751497320456,21.4,5.213957029706268,35.92673291581377,14.2,19,5.8982432611149935,0.6635514018691588,35.92673291581377,100.0,3.8,0.47500000000000003,1.2123475874673801,0.0,8,0.0,0.0,0.0,0.0,0.0,0.0,0.0,0.0,0.0,0.0,0.2,0.0,31.008606849325133,0.8,5.3707108148911615,56.40525647718505,0.8,4.32806988484788,100.0,1.0,0.0,100.0,1.0,0.0
89,random,1,1,593.6344608259427,109.93230756035976,1606358.0316316786,200794.75395395982,865.2,35.459016393442624,40090.47410847549,1643.052217560471,24.4,2.8295285039257663,37.5,17.8,16,4.392358600242944,0.7295081967213115,37.5,100.0,3.2,0.4,0.0,0.0,8,0.0,0.0,0.0,0.0,0.0,0.0,0.0,0.0,0.0,0.0,0.0,0.0,0.0,0.2,0.0,100.0,1.0,0.0,100.0,1.0,0.0,100.0,1.0,0.0
90,random,1,1,719.2151742870205,97.19123976851628,201786.0339039932,25223.25423799915,950.2,35.99242424242424,45701.29169730702,1731.1095339889023,26.4,3.776908754946645,40.10044327289705,18.6,17,4.394225534262791,0.7045454545454546,40.10044327289705,100.0,3.4,0.425,0.23675510989280513,0.0,8,0.0,0.0,0.0,0.0,0.0,0.0,0.0,0.0,0.0,0.0,0.0,0.0,20.803546183176422,0.4,1.894040879142441,100.0,1.0,0.0,100.0,1.0,0.0,100.0,1.0,0.0
91,random,5,1,358.1488194384217,52.66894403506202,1468145.9212036002,183518.24015045003,1042.0,36.690140845070424,47842.270466721355,1684.5869882648365,28.4,2.5785413566561126,48.74239129267693,19.4,25,2.740761272870861,0.6830985915492958,48.74239129267693,100.0,5.0,0.625,2.0784850764050122,0.0,8,0.0,0.0,0.0,0.08386920551856747,0.4,8.792638266086579,0.0,0.0,0.0,39.3911063961491,0.6,2.4709102843075135,50.464154739747755,1.0,5.3643320608460066,100.0,1.0,0.0,100.0,1.0,0.0,100.0,1.0,0.0
92,random,5,5,360.1765786836123,62.099410117864196,1999183.3843839057,249897.9230479882,1144.4,40.58156028368794,47001.87306841694,1666.7330875325156,28.2,2.8334216618741768,63.92080324863798,22.0,26,3.5188908117729194,0.7801418439716312,63.92080324863798,100.0,5.2,0.65,1.0997300305287545,0.0,8,11.366425989103845,0.2,8.797840244230036,0.0,0.0,0.0,0.0,0.0,0.0,100.0,1.0,0.0,100.0,1.0,0.0,100.0,1.0,0.0,100.0,1.0,0.0,100.0,1.0,0.0
93,random,5,5,492.4202064745353,111.9136832896671,3179962.452451738,397495.30655646726,1262.2,43.826388888888886,45665.94779855297,1585.6231874497557,28.8,3.520851574386131,62.5,25.0,25,4.814300181787244,0.8680555555555556,62.5,100.0,5.0,0.625,0.0,0.0,8,0.0,0.0,0.0,0.0,0.0,0.0,0.0,0.0,0.0,100.0,1.0,0.0,100.0,1.0,0.0,100.0,1.0,0.0,100.0,1.0,0.0,100.0,1.0,0.0
94,random,5,5,472.6766259870844,124.38858578607484,4238128.602610492,529766.0753263115,1390.2,44.55769230769231,48911.977588331334,1567.6915893695939,31.2,1.6057355218378604,64.87797887401541,26.6,28,3.0445671338632074,0.8525641025641025,64.87797887401541,100.0,5.6,0.7,2.362020150793254,0.0,8,0.0,0.0,0.0,10.057497546581544,0.2,9.942831160221274,8.96633344554175,0.4,8.953330046124758,100.0,1.0,0.0,100.0,1.0,0.0,100.0,1.0,0.0,100.0,1.0,0.0,100.0,1.0,0.0
95,random,5,5,421.49866855114703,87.8122226148223,3034388.2951025674,379298.5368878209,1527.0,47.71875,52398.501663059506,1637.4531769706095,32.0,2.302477453030663,62.5,28.0,25,4.097126841903281,0.875,62.5,100.0,5.0,0.625,0.0,0.0,8,0.0,0.0,0.0,0.0,0.0,0.0,0.0,0.0,0.0,100.0,1.0,0.0,100.0,1.0,0.0,100.0,1.0,0.0,100.0,1.0,0.0,100.0,1.0,0.0
96,random,3,5,478.63058463847466,104.05012709532059,3400478.6305846376,425059.8288230797,1438.6,46.10897435897436,51235.469034552705,1642.1624690561766,31.2,1.7973906859238902,57.526105920547934,25.2,26,2.729536430619323,0.8076923076923077,57.526105920547934,100.0,5.2,0.6499999999999999,1.103500405838713,0.0,8,0.0,0.0,0.0,0.0,0.0,0.0,0.20884736438347318,0.4,8.828003246709704,100.0,1.0,0.0,100.0,1.0,0.0,100.0,1.0,0.0,60.0,0.8,0.0,100.0,1.0,0.0
97,random,3,3,429.9492423191361,134.35913822473003,3421684.6097351685,427710.57621689606,1512.2,48.78064516129032,46714.34542074455,1506.9143684111143,31.0,0.7504933714905722,54.15715209252312,25.4,24,1.2169834876681607,0.8193548387096774,54.15715209252312,100.0,4.800000000000001,0.6,1.3559491746173085,0.0,8,10.985385561846215,0.2,9.10300320703481,0.0,0.0,0.0,0.0,0.0,0.0,100.0,1.0,0.0,100.0,1.0,0.0,100.0,1.0,0.0,22.271831178338743,0.6,1.7445901899036576,100.0,1.0,0.0
98,random,3,3,567.8914721389508,167.02690357027964,3483271.0377264125,435408.87971580157,1645.2,51.4125,50533.535542437705,1579.1729857011783,32.0,0.39824887700634265,50.0,28.0,20,0.6654865782758534,0.875,50.0,100.0,4.0,0.5,0.0,0.0,8,0.0,0.0,0.0,0.0,0.0,0.0,0.0,0.0,0.0,100.0,1.0,0.0,100.0,1.0,0.0,100.0,1.0,0.0,0.0,0.0,0.0,100.0,1.0,0.0
99,random,3,3,369.727659115296,80.37557806854261,3534234.891319929,441779.36141499114,1785.0,54.09090909090909,54302.161295470454,1645.5200392566805,33.0,1.0523550309949115,50.0,28.4,20,1.4407110496268,0.8606060606060606,50.0,100.0,4.0,0.5,0.0,0.0,8,0.0,0.0,0.0,0.0,0.0,0.0,0.0,0.0,0.0,100.0,1.0,0.0,100.0,1.0,0.0,100.0,1.0,0.0,0.0,0.0,0.0,100.0,1.0,0.0
100,random,3,3,327.0412002597146,71.09591309993797,3002616.319191476,375327.0398989345,1925.8,55.98255813953488,54812.80215151494,1593.3954113812483,34.4,1.5952759410722759,50.67173606898251,28.8,21,2.2622301774927767,0.8372093023255814,50.67173606898251,100.0,4.2,0.525,0.9493494959657379,0.0,8,0.0,0.0,0.0,0.0,0.0,0.0,0.0,0.0,0.0,100.0,1.0,0.0,100.0,1.0,0.0,100.0,1.0,0.0,5.373888551860091,0.2,7.594795967725903,100.0,1.0,0.0
101,random,3,3,569.4907881663867,129.4297245832697,3781829.0449902704,472728.6306237838,2074.0,57.611111111111114,57063.70672131683,1585.1029644810228,36.0,1.319190290054076,50.9686243972169,30.4,23,1.8805686559925427,0.8444444444444444,50.9686243972169,100.0,4.6,0.575,1.1375826098839752,0.0,8,0.0,0.0,0.0,0.0,0.0,0.0,7.748995177735196,0.4,9.100660879071802,100.0,1.0,0.0,100.0,1.0,0.0,100.0,1.0,0.0,0.0,0.2,0.0,100.0,1.0,0.0
102,random,5,3,474.04962901620445,103.05426717743576,2407198.853416909,300899.8566771136,2103.8,60.80346820809248,55615.14711520336,1607.374194081022,34.6,1.493051075447382,50.60446752267808,27.6,22,2.1334615299746336,0.7976878612716763,50.60446752267808,100.0,4.4,0.55,1.0877131029963492,0.0,8,0.0,0.0,0.0,4.835740181424626,0.4,8.701704823970793,0.0,0.0,0.0,100.0,1.0,0.0,100.0,1.0,0.0,100.0,1.0,0.0,0.0,0.0,0.0,100.0,1.0,0.0
103,random,5,5,771.8787445371333,154.37574890742667,2805860.9273060793,350732.6159132599,2238.0,68.65030674846626,53914.24751142212,1653.8112733565067,32.6,3.48526922576864,51.34701707018479,28.4,21,4.716072733059686,0.8711656441717791,51.34701707018479,100.0,4.2,0.525,1.1599704521826502,0.0,8,0.0,0.0,0.0,0.0,0.0,0.0,10.776136561478324,0.2,9.279763617461201,100.0,1.0,0.0,100.0,1.0,0.0,100.0,1.0,0.0,0.0,0.0,0.0,100.0,1.0,0.0
104,random,5,5,501.1716094481537,100.23432188963073,2485186.96261614,310648.3703270175,2378.6,71.644578313253,53637.87437251375,1615.5986256781248,33.2,3.6197797279386554,50.08851300270976,28.8,22,5.427716757299353,0.8674698795180723,50.08851300270976,100.0,4.4,0.55,1.1163208781159482,0.0,8,0.7081040216780821,0.4,8.930567024927585,0.0,0.0,0.0,0.0,0.0,0.0,100.0,1.0,0.0,100.0,1.0,0.0,100.0,1.0,0.0,0.0,0.0,0.0,100.0,1.0,0.0
105,random,5,5,267.1808786138083,53.43617572276166,2899570.353896979,362446.29423712235,2523.0,74.64497041420118,53576.092428166594,1585.0914919575916,33.8,3.9297789382253248,50.0,29.4,20,5.490522777575325,0.8698224852071006,50.0,100.0,4.0,0.5,0.0,0.0,8,0.0,0.0,0.0,0.0,0.0,0.0,0.0,0.0,0.0,100.0,1.0,0.0,100.0,1.0,0.0,100.0,1.0,0.0,0.0,0.0,0.0,100.0,1.0,0.0
106,random,5,5,398.6408097038043,76.66169417380851,2055475.0260494635,256934.37825618294,2673.0,76.37142857142857,56403.092866391096,1611.5169390397455,35.0,3.9095866926451945,50.0,30.8,20,5.287792463942017,0.88,50.0,100.0,4.0,0.5,0.0,0.0,8,0.0,0.0,0.0,0.0,0.0,0.0,0.0,0.0,0.0,100.0,1.0,0.0,100.0,1.0,0.0,100.0,1.0,0.0,0.0,0.0,0.0,100.0,1.0,0.0
107,random,3,5,536.3531212870571,107.27062425741141,3810863.1975142695,476357.8996892837,2800.0,78.65168539325843,55126.355512096765,1548.4931323622689,35.6,2.7143247228785943,51.47502248561153,30.4,24,3.7687635165967657,0.8539325842696629,51.47502248561153,100.0,4.8,0.6,2.075017303800717,0.0,8,0.0,0.0,0.0,9.369591446281902,0.4,9.306451395340265,0.0,0.0,0.0,100.0,1.0,0.0,100.0,1.0,0.0,100.0,1.0,0.0,2.430588438610357,0.4,7.293687035065473,100.0,1.0,0.0
108,random,3,3,814.8605541743725,162.9721108348745,2103531.8803293663,262941.4850411708,2955.0,80.73770491803279,58875.496869440525,1608.6201330448232,36.6,2.1201910244774522,50.0,32.2,20,2.8947607688344243,0.8797814207650273,50.0,100.0,4.0,0.5,0.0,0.0,8,0.0,0.0,0.0,0.0,0.0,0.0,0.0,0.0,0.0,100.0,1.0,0.0,100.0,1.0,0.0,100.0,1.0,0.0,0.0,0.0,0.0,100.0,1.0,0.0
109,random,3,3,423.57809885471335,88.24543726139862,3200423.5780988554,400052.94726235693,3115.6,83.75268817204301,59275.08347362354,1593.4162224092352,37.2,2.221114151870942,51.427338476161424,32.6,21,3.0587829790245813,0.8763440860215054,51.427338476161424,100.0,4.2,0.525,1.0946947946096635,0.0,8,11.41870780929139,0.2,8.757558356877308,0.0,0.0,0.0,0.0,0.0,0.0,100.0,1.0,0.0,100.0,1.0,0.0,100.0,1.0,0.0,0.0,0.0,0.0,100.0,1.0,0.0
110,random,3,3,257.2344567997248,75.65719317638965,4341762.79699088,542720.34962386,3284.2,84.2102564102564,60945.68569552138,1562.7098896287534,39.0,1.0600069793531965,50.840074339234036,34.8,22,1.5361754089683446,0.8923076923076924,50.840074339234036,100.0,4.4,0.55,1.1101231706328691,0.0,8,0.0,0.0,0.0,0.0,0.0,0.0,6.720594713872288,0.4,8.880985365062953,100.0,1.0,0.0,100.0,1.0,0.0,100.0,1.0,0.0,0.0,0.0,0.0,100.0,1.0,0.0
111,random,3,3,279.30187601545106,87.28183625482845,6082182.729136957,760272.8411421196,3462.0,87.86802030456853,62963.19986915387,1598.050758100352,39.4,1.3374601546300249,51.40168197616987,36.2,21,1.8959308430911745,0.9187817258883249,51.40168197616987,100.0,4.2,0.525,1.1147321764595781,0.0,8,11.213455809358948,0.2,8.917857411676625,0.0,0.0,0.0,0.0,0.0,0.0,100.0,1.0,0.0,100.0,1.0,0.0,100.0,1.0,0.0,0.0,0.0,0.0,100.0,1.0,0.0
112,random,3,3,557.501532862712,154.86153690630888,3801805.918383138,475225.7397978922,3643.2,89.29411764705883,64591.83704756528,1583.1332609697372,40.8,1.4604969251795918,50.178889207485895,36.8,22,2.5024199219745915,0.9019607843137255,50.178889207485895,100.0,4.4,0.55,0.9521155837831125,0.0,8,0.0,0.0,0.0,0.0,0.0,0.0,0.0,0.0,0.0,100.0,1.0,0.0,100.0,1.0,0.0,100.0,1.0,0.0,1.4311136598871599,0.4,7.6169246702649,100.0,1.0,0.0
113,random,5,3,669.0814007948061,128.66950015284732,2006618.822906116,250827.3528632645,3764.2,94.105,61569.58298487624,1539.2395746219058,40.0,1.1242007066371136,50.71685192672874,34.4,22,1.7511661006272752,0.86,50.71685192672874,100.0,4.4,0.55,1.0898525559459815,0.0,8,0.0,0.0,0.0,0.0,0.0,0.0,5.734815413829892,0.4,8.718820447567852,100.0,1.0,0.0,100.0,1.0,0.0,100.0,1.0,0.0,0.0,0.0,0.0,100.0,1.0,0.0
114,random,5,5,661.1662185667623,165.29155464169057,2799847.6920596873,349980.9615074609,3937.0,101.46907216494846,60626.70285304977,1562.5438879652002,38.8,2.269242673879427,50.0,35.2,20,4.137286752136714,0.9072164948453608,50.0,100.0,4.0,0.5,0.0,0.0,8,0.0,0.0,0.0,0.0,0.0,0.0,0.0,0.0,0.0,100.0,1.0,0.0,100.0,1.0,0.0,100.0,1.0,0.0,0.0,0.0,0.0,100.0,1.0,0.0
115,random,5,5,565.1643512966986,134.56294078492823,3203231.720494052,400403.9650617565,4112.6,102.815,63598.53360598556,1589.9633401496392,40.0,2.6034200610178297,50.0,35.8,20,4.098660079296819,0.895,50.0,100.0,4.0,0.5,0.0,0.0,8,0.0,0.0,0.0,0.0,0.0,0.0,0.0,0.0,0.0,100.0,1.0,0.0,100.0,1.0,0.0,100.0,1.0,0.0,0.0,0.0,0.0,100.0,1.0,0.0
116,random,5,5,447.0227595159281,101.59608170816547,3010002.1334069963,376250.26667587453,4292.6,105.72906403940887,65303.98237365859,1608.4724722576007,40.6,2.7489733409849655,52.75485635069941,36.4,22,4.227552120459407,0.896551724137931,52.75485635069941,100.0,4.4,0.55,2.271344638976875,0.0,8,0.0,0.0,0.0,11.393952402963805,0.2,8.77658572401864,10.644898402631497,0.2,9.39417138779636,100.0,1.0,0.0,100.0,1.0,0.0,100.0,1.0,0.0,0.0,0.0,0.0,100.0,1.0,0.0
117,random,5,5,406.6083092036913,112.94675255658092,3452091.921730172,431511.4902162715,4477.6,109.74509803921569,63396.77514838423,1553.8425281466723,40.8,2.5317569606171504,50.0,37.8,20,4.598388467783261,0.9264705882352942,50.0,100.0,4.0,0.5,0.0,0.0,8,0.0,0.0,0.0,0.0,0.0,0.0,0.0,0.0,0.0,100.0,1.0,0.0,100.0,1.0,0.0,100.0,1.0,0.0,0.0,0.0,0.0,100.0,1.0,0.0
118,random,5,5,284.7585834728762,71.18964586821905,4379843.4851221,547480.4356402626,4667.0,113.82926829268293,65325.86004823142,1593.3136597129617,41.0,3.318097756237403,51.400419523246796,38.0,21,4.842222758190466,0.926829268292683,51.400419523246796,100.0,4.2,0.525,1.1157370873960888,0.0,8,11.203356185974371,0.2,8.92589669916871,0.0,0.0,0.0,0.0,0.0,0.0,100.0,1.0,0.0,100.0,1.0,0.0,100.0,1.0,0.0,0.0,0.0,0.0,100.0,1.0,0.0
119,random,5,5,301.35747571917716,100.45249190639238,4011978.361272135,501497.29515901685,4858.8,115.68571428571428,64043.27599523454,1524.8399046484415,42.0,2.8708455412535177,50.0,39.6,20,4.830246077967262,0.9428571428571428,50.0,100.0,4.0,0.5,0.0,0.0,8,0.0,0.0,0.0,0.0,0.0,0.0,0.0,0.0,0.0,100.0,1.0,0.0,100.0,1.0,0.0,100.0,1.0,0.0,0.0,0.0,0.0,100.0,1.0,0.0
120,random,4,5,848.7046103379995,169.7409220675999,1442000.3901845827,180250.04877307283,3553.4,84.20379146919431,68920.28031606402,1633.1819980109956,42.2,0.774774804471588,36.36269596403196,30.8,18,1.171727037494912,0.7298578199052133,36.36269596403196,100.0,3.6,0.45,1.14662407553983,0.0,8,0.0,0.0,0.0,10.901567712255655,0.2,9.17299260431864,0.0,0.0,0.0,60.0,0.8,0.0,60.0,0.8,0.0,60.0,0.8,0.0,0.0,0.0,0.0,100.0,1.0,0.0
121,random,4,4,561.9643383059802,80.28061975799717,1000561.9643383061,125070.24554228826,1326.2,34.35751295336787,69947.3226085135,1812.106803329365,38.6,1.6786751279561145,15.728911204817848,15.2,12,1.3174326719738838,0.39378238341968913,15.728911204817848,35.999380527071025,2.4,0.3,1.0279098147328327,0.0,8,0.0,0.0,0.0,0.0,0.0,0.0,0.0,0.0,0.0,30.18337419686077,0.6,1.938585573324729,30.33075201080237,0.6,2.0220514993759244,29.31778290380862,0.6,2.102155803710083,0.0,0.0,0.0,35.999380527071025,0.6,2.160485641451924
122,random,4,4,428.25160597574165,54.904052048172005,200428.2516059757,25053.531450746963,395.8,11.373563218390805,68736.59562171003,1975.189529359484,34.8,3.1637411726635745,23.80257144457744,7.8,21,1.944983779399472,0.22413793103448276,23.80257144457744,100.0,4.199999999999999,0.525,3.6486874191209298,0.0,8,0.0,0.0,0.0,10.934647057479197,0.2,9.145242592132952,0.0,0.0,0.0,29.77315094616415,1.0,3.713117091713274,20.609953608811793,0.8,4.090494315938026,24.357812651574022,0.8,4.0123272733427955,4.745007292590344,0.4,8.22831807984039,100.0,1.0,0.0
123,random,4,4,547.6242887331225,82.97337708077615,185373.77087611269,23171.721359514086,119.4,3.7547169811320753,49390.33974041407,1553.1553377488701,31.8,2.541470824155531,26.043723202785998,11.6,18,2.310014489077215,0.36477987421383645,26.043723202785998,100.0,3.6000000000000005,0.45,2.931171647450519,0.0,8,0.0,0.0,0.0,0.0,0.0,0.0,3.77558048088531,0.4,8.514093940053135,31.916363702812305,0.8,5.199560677673561,26.849379842408325,0.6,4.477796033172047,45.80846159618204,0.8,5.25792252870541,0.0,0.0,0.0,100.0,1.0,0.0
124,random,4,4,886.5726808977049,184.70264185368853,1981598.2418547764,247699.78023184705,215.6,6.16,51761.409807857446,1478.8974230816414,35.0,0.8072526070012328,50.0,25.2,20,1.1880291901122277,0.72,50.0,100.0,4.0,0.5,0.0,0.0,8,0.0,0.0,0.0,0.0,0.0,0.0,0.0,0.0,0.0,100.0,1.0,0.0,100.0,1.0,0.0,100.0,1.0,0.0,0.0,0.0,0.0,100.0,1.0,0.0
125,random,2,4,771.9205490525179,175.43648842102678,2559028.7190260557,319878.58987825696,316.8,9.263157894736842,55175.63803691601,1613.3227496174272,34.2,0.752018707223168,48.70195310714308,28.6,22,1.1307597691001028,0.8362573099415205,48.70195310714308,100.0,4.4,0.55,1.162316707300488,0.0,8,9.615624857144667,0.4,9.298533658403905,0.0,0.0,0.0,0.0,0.0,0.0,100.0,1.0,0.0,100.0,1.0,0.0,100.0,1.0,0.0,0.0,0.0,0.0,80.0,1.0,0.0
126,random,2,2,488.3301983593192,122.0825495898298,3926253.115536087,490781.6394420109,388.4,11.49112426035503,54723.603078873304,1619.0415112092694,33.8,0.8432340740610866,42.68358168605431,25.6,20,1.281405468266873,0.757396449704142,42.68358168605431,100.0,4.0,0.5,1.415415724235628,0.0,8,0.0,0.0,0.0,0.0,0.0,0.0,4.032615064995753,0.4,9.05651839459315,100.0,1.0,0.0,100.0,1.0,0.0,100.0,1.0,0.0,0.0,0.0,0.0,37.43603842343873,0.6,2.266807399291874
127,random,2,2,1241.4968794300876,229.90682952409028,1534938.1578093178,191867.26972616473,462.2,12.838888888888889,60398.566570211595,1677.7379602836554,36.0,0.5361906611309488,39.92779161760126,24.2,18,0.7298216596505108,0.6722222222222223,39.92779161760126,100.0,3.6,0.45,0.4966995436077203,0.0,8,0.0,0.0,0.0,0.0,0.0,0.0,0.0,0.0,0.0,100.0,1.0,0.0,100.0,1.0,0.0,100.0,1.0,0.0,0.0,0.0,0.0,19.422332940810065,0.6,3.9735963488617623
128,random,2,2,493.6274944020054,82.27124906700091,2000493.6274944018,250061.70343680022,582.2,15.735135135135135,62574.42462400066,1691.2006655135315,37.0,1.0397471442248134,44.55423802064814,25.2,19,0.8402179496785179,0.6810810810810811,44.55423802064814,100.0,3.8,0.475,0.5078188933868111,0.0,8,0.0,0.0,0.0,0.0,0.0,0.0,0.0,0.0,0.0,100.0,1.0,0.0,100.0,1.0,0.0,100.0,1.0,0.0,0.0,0.0,0.0,56.43390416518514,0.8,4.062551147094489
129,random,2,2,655.3011363423176,121.35206228561437,2055139.4390966129,256892.4298870766,717.2,18.580310880829014,60286.23057179663,1561.8194448651977,38.6,1.0619318963246225,52.58912550102423,29.2,22,1.0220113105526987,0.7564766839378239,52.58912550102423,100.0,4.4,0.55,1.0021793112861963,0.0,8,0.0,0.0,0.0,0.0,0.0,0.0,0.0,0.0,0.0,100.0,1.0,0.0,100.0,1.0,0.0,100.0,1.0,0.0,20.71300400819382,0.4,8.01743449028957,100.0,1.0,0.0
130,random,2,2,873.76505356489,229.93817199076054,3890534.4861677834,486316.8107709729,878.8,21.434146341463414,61783.75762335259,1506.920917642746,41.0,0.3878425985909469,79.87438869920993,35.2,33,0.707439635233823,0.8585365853658536,79.87438869920993,100.0,6.6,0.825,1.379248383561495,0.0,8,0.0,0.0,0.0,87.87084986806576,1.0,6.0745572148950515,51.12425972561368,0.6,4.959429853596909,100.0,1.0,0.0,100.0,1.0,0.0,100.0,1.0,0.0,100.0,1.0,0.0,100.0,1.0,0.0
131,random,1,2,1664.7765038543243,244.82007409622418,1001922.1751653401,125240.27189566751,492.2,12.62051282051282,65939.00059156274,1690.7436049118653,39.0,0.6433260075352842,65.0,23.4,31,0.5619995877634438,0.6,65.0,100.0,6.2,0.775,0.0,0.0,8,0.0,0.0,0.0,60.0,0.8,0.0,60.0,0.8,0.0,80.0,1.0,0.0,60.0,0.8,0.0,60.0,0.8,0.0,100.0,1.0,0.0,100.0,1.0,0.0
132,random,1,1,238.78594685349654,39.79765780891609,1180534.6784571053,147566.83480713816,299.6,9.190184049079754,58872.257778652,1805.8974778727606,32.6,2.246353533522237,34.47157533090859,14.6,18,2.3159640102851644,0.44785276073619634,34.47157533090859,100.0,3.6,0.45,0.7593046304827986,0.0,8,0.0,0.0,0.0,0.0,0.0,0.0,0.0,0.0,0.0,17.586541674411365,0.4,2.367525895845536,30.331842046336988,0.6,1.8927437015478281,27.85421892652039,0.6,1.8141674464690247,100.0,1.0,0.0,100.0,1.0,0.0
133,random,1,1,116.6166684952229,19.43611141587048,2071607.9582652287,258950.99478315358,367.0,13.694029850746269,51041.16058178364,1904.5209172307327,26.8,4.6066343830994745,32.61815667814375,14.2,21,4.151609339961737,0.5298507462686567,32.61815667814375,100.0,4.2,0.525,1.51758843466299,0.0,8,0.0,0.0,0.0,0.0,0.0,0.0,0.0,0.0,0.0,27.749912939766546,0.6,4.208207808989638,18.126941374789567,0.8,3.985194780593657,15.068399110593873,0.8,3.947304887720624,100.0,1.0,0.0,100.0,1.0,0.0
134,random,1,1,314.8148776843773,50.77659317489956,1800314.8148776845,225039.35185971056,438.0,18.403361344537814,38947.69366840109,1636.4577171597093,23.8,4.862522501932499,31.76089091230466,15.4,17,4.913453699756429,0.6470588235294118,31.76089091230466,100.0,3.4,0.425,3.629778854985181,0.0,8,11.272041978868401,0.2,8.871507060341784,0.0,0.0,0.0,11.261684362689266,0.2,8.879666378442186,16.85100595398353,0.6,5.7626213254517555,14.702395002896083,0.4,5.52443607564572,0.0,0.0,0.0,100.0,1.0,0.0,100.0,1.0,0.0
135,random,1,1,490.8815875739043,79.17444960869425,1041673.0829450709,130209.13536813387,524.2,21.66115702479339,40915.65376663195,1690.7294944889234,24.2,4.649430502494087,25.321683862038924,18.8,12,5.565599103867347,0.7768595041322314,25.321683862038924,100.0,2.4,0.3,1.1049158101435752,0.0,8,0.0,0.0,0.0,2.5734708963113917,0.4,8.839326481148602,0.0,0.0,0.0,0.0,0.0,0.0,0.0,0.0,0.0,0.0,0.0,0.0,100.0,1.0,0.0,100.0,1.0,0.0
136,random,1,1,253.10866977448933,42.184778295748224,2173067.6370134824,271633.4546266853,619.2,25.8,40221.43685240048,1675.8932021833534,24.0,4.924481883741455,26.54304064273049,19.2,11,5.490268700238376,0.8,26.54304064273049,100.0,2.2,0.275,1.0126110464822733,0.0,8,0.0,0.0,0.0,0.0,0.0,0.0,0.0,0.0,0.0,0.0,0.0,0.0,0.0,0.0,0.0,12.34432514184391,0.2,8.100888371858186,100.0,1.0,0.0,100.0,1.0,0.0
137,random,5,1,201.14774102713233,41.90577938065257,2210008.6765432768,276251.0845679096,718.8,28.299212598425196,40510.899296678814,1594.9172951448352,25.4,3.154011765169267,36.03614120219618,21.0,17,4.587556331492805,0.8267716535433071,36.03614120219618,100.0,3.4,0.425,2.1321067672627936,0.0,8,7.830448523693576,0.4,9.147617889288814,0.0,0.0,0.0,0.0,0.0,0.0,0.0,0.0,0.0,0.0,0.0,0.0,80.45868109387584,1.0,7.909236248813534,100.0,1.0,0.0,100.0,1.0,0.0
138,random,5,5,326.63309482145735,68.04856142113695,2469844.8895307044,308730.61119133804,827.0,31.325757575757574,42313.06546918408,1602.767631408488,26.4,2.8204344711413896,40.961818154121374,22.4,17,4.417069113163508,0.8484848484848485,40.961818154121374,100.0,3.4,0.425,0.7247055349832592,0.0,8,0.0,0.0,0.0,0.0,0.0,0.0,0.0,0.0,0.0,0.0,0.0,0.0,27.694545232970995,0.4,5.7976442798660734,100.0,1.0,0.0,100.0,1.0,0.0,100.0,1.0,0.0
139,random,5,5,323.57644813340414,64.71528962668083,3000323.576448133,375040.44705601665,939.0,34.77777777777778,44491.9916270708,1647.8515417433628,27.0,3.5123573185471875,50.0,22.8,20,4.660020847920328,0.8444444444444444,50.0,100.0,4.0,0.5,0.0,0.0,8,0.0,0.0,0.0,0.0,0.0,0.0,0.0,0.0,0.0,0.0,0.0,0.0,100.0,1.0,0.0,100.0,1.0,0.0,100.0,1.0,0.0,100.0,1.0,0.0
140,random,5,5,443.5806138840555,88.71612277681109,3000443.580613884,375055.4475767355,1054.0,37.9136690647482,46112.25304867206,1658.7141384414408,27.8,3.346989494790762,52.68441503591191,23.4,22,4.437278240680697,0.841726618705036,52.68441503591191,100.0,4.4,0.55,2.328648659657036,0.0,8,10.597869448424717,0.2,9.435858828669016,10.877450838870573,0.2,9.193330448587272,0.0,0.0,0.0,0.0,0.0,0.0,100.0,1.0,0.0,100.0,1.0,0.0,100.0,1.0,0.0,100.0,1.0,0.0
141,random,5,5,622.1186205994566,135.2431783911862,2519750.4565045233,314968.8070630654,1172.6,41.0,44407.30035855242,1552.702809739595,28.6,2.382166108393197,60.89262314313487,24.8,25,4.464251316041427,0.8671328671328671,60.89262314313487,100.0,5.0,0.625,0.7363885220337029,0.0,8,0.0,0.0,0.0,0.0,0.0,0.0,0.0,0.0,0.0,87.14098514507896,1.0,5.891108176269623,100.0,1.0,0.0,100.0,1.0,0.0,100.0,1.0,0.0,100.0,1.0,0.0
142,random,5,5,767.1609249694264,153.4321849938853,2852744.780494793,356593.0975618491,1299.0,42.450980392156865,49458.0997389802,1616.2777692477189,30.6,2.3360304075409535,62.5,26.2,25,4.241569827796099,0.8562091503267973,62.5,100.0,5.0,0.625,0.0,0.0,8,0.0,0.0,0.0,0.0,0.0,0.0,0.0,0.0,0.0,100.0,1.0,0.0,100.0,1.0,0.0,100.0,1.0,0.0,100.0,1.0,0.0,100.0,1.0,0.0
143,random,4,5,618.8472171162006,91.00694369355891,1200618.847217116,150077.3559021395,1158.0,38.85906040268456,51697.31476878077,1734.809220428885,29.8,2.870154059145329,53.80218731899987,18.6,25,3.990306113208519,0.6241610738255033,53.80218731899987,100.0,5.0,0.625,1.1999041744624421,0.0,8,0.0,0.0,0.0,10.41749855199896,0.2,9.599233395699537,0.0,0.0,0.0,80.0,1.0,0.0,80.0,1.0,0.0,60.0,0.8,0.0,100.0,1.0,0.0,100.0,1.0,0.0
144,random,4,4,296.4530707258342,46.32079230091159,1223436.7333282554,152929.59166603192,1190.4,42.212765957446805,47591.12317005858,1687.6284812077508,28.2,2.0390191461565106,33.03378491538638,17.2,16,1.2780104556049916,0.6099290780141844,33.03378491538638,100.0,3.2,0.4,0.4886248969797977,0.0,8,0.0,0.0,0.0,0.0,0.0,0.0,0.0,0.0,0.0,0.0,0.0,0.0,38.41381647629305,0.6,2.050245807865229,25.856462846797967,0.6,1.858753367973153,100.0,1.0,0.0,100.0,1.0,0.0
145,random,4,4,166.6908295495777,28.73979819820305,2550296.2588348007,318787.0323543501,1279.0,51.99186991869919,42540.32390547742,1729.2814595722527,24.6,3.037545318379582,27.708506207179937,18.0,16,2.6166349019431223,0.7317073170731707,27.708506207179937,100.0,3.2,0.4,2.772640380158155,0.0,8,5.273256293342001,0.4,9.22530320901424,6.561056831098995,0.4,9.506774093955755,0.0,0.0,0.0,0.0,0.0,0.0,0.0,0.0,0.0,9.8337365329985,0.4,3.449045738295245,100.0,1.0,0.0,100.0,1.0,0.0
146,random,4,4,77.78527173564402,18.520302794200955,3323670.1542002154,415458.7692750269,1371.6,58.61538461538461,38187.782133471876,1631.956501430422,23.4,3.799519842268026,26.222198398699277,19.6,11,4.621379864738329,0.8376068376068376,26.222198398699277,100.0,2.2,0.275,1.136160226224456,0.0,8,0.0,0.0,0.0,0.0,0.0,0.0,9.777587189594215,0.2,9.089281809795647,0.0,0.0,0.0,0.0,0.0,0.0,0.0,0.0,0.0,100.0,1.0,0.0,100.0,1.0,0.0
147,random,4,4,351.77836813584224,70.35567362716844,3000351.778368136,375043.972296017,1472.2,57.960629921259844,40392.32725189103,1590.2491044051587,25.4,3.799527425952829,26.13844094357546,21.0,15,5.0082751479972805,0.8267716535433071,26.13844094357546,100.0,3.0,0.375,2.210801400814671,0.0,8,0.0,0.0,0.0,0.0,0.0,0.0,0.0,0.2,0.0,0.5813262289370869,0.4,9.079916876181958,8.526201319666598,0.4,8.606494330335408,0.0,0.0,0.0,100.0,1.0,0.0,100.0,1.0,0.0
148,random,4,4,559.2952744041701,103.5731989637352,2003359.315937233,250419.91449215412,1580.6,58.54074074074074,42766.19571089763,1583.9331744776898,27.0,2.5556881192549286,25.0,22.4,10,4.448937221889037,0.8296296296296296,25.0,100.0,2.0,0.25,0.0,0.0,8,0.0,0.0,0.0,0.0,0.0,0.0,0.0,0.0,0.0,0.0,0.0,0.0,0.0,0.0,0.0,0.0,0.0,0.0,100.0,1.0,0.0,100.0,1.0,0.0
149,random,3,4,253.67872787046159,52.84973497301283,3090058.560828439,386257.32010355487,1319.2,47.45323741007194,47538.56960400545,1710.0204893527143,27.8,1.5808314090280915,20.378649475539135,20.4,10,2.3326201443164645,0.7338129496402878,20.378649475539135,100.0,2.0,0.25,0.8359031491534387,0.0,8,0.0,0.0,0.0,0.0,0.0,0.0,3.0291958043130762,0.2,6.687225193227509,0.0,0.0,0.0,0.0,0.0,0.0,0.0,0.0,0.0,60.0,0.8,0.0,100.0,1.0,0.0
150,random,3,3,206.41833136432737,46.91325712825622,3202075.7662383807,400259.4707797976,1292.8,47.529411764705884,44283.929569019514,1628.085645919835,27.2,1.5401449411505843,31.059459074855624,19.2,17,1.7775233977878746,0.7058823529411765,31.059459074855624,100.0,3.4,0.425,2.3980743407722827,0.0,8,0.0,0.0,0.0,7.5172325715288935,0.4,8.603407766297458,100.0,1.0,0.0,0.0,0.0,0.0,0.0,0.2,0.0,20.0,0.2,8.853447308670729,20.9584400273161,0.6,1.7277396512100716,100.0,1.0,0.0
151,random,3,3,355.4010259256452,74.04188040117609,2874908.2792642456,359363.5349080307,1392.2,50.81021897810219,46920.68641865621,1712.4338108998616,27.4,1.5792910764917485,29.759967216079133,20.4,15,1.9877473828404286,0.7445255474452555,29.759967216079133,100.0,3.0,0.375,0.5657324345892102,0.0,8,0.0,0.0,0.0,0.0,0.0,0.0,100.0,1.0,0.0,0.0,0.0,0.0,0.0,0.2,0.0,0.0,0.2,0.0,38.07973772863306,0.6,4.5258594767136815,100.0,1.0,0.0
152,random,3,3,367.8836604062791,76.64242925130814,2603558.5679903203,325444.82099879003,1496.4,56.68181818181818,41404.826104654465,1568.3646251763055,26.4,1.8326301966343945,26.50406860233062,21.6,12,2.455229368110183,0.8181818181818182,26.50406860233062,100.0,2.4,0.3,1.0388488913197433,0.0,8,0.0,0.0,0.0,0.0,0.0,0.0,100.0,1.0,0.0,0.0,0.0,0.0,0.0,0.0,0.0,12.032548818644955,0.2,8.310791130557947,0.0,0.2,0.0,100.0,1.0,0.0
153,random,3,3,494.35756428107305,88.27813647876305,1577989.619721148,197248.7024651435,1605.0,59.00735294117647,45233.181836192736,1662.9846263306154,27.2,2.1484668759431687,34.272926097810625,22.4,15,2.702905390332912,0.8235294117647058,34.272926097810625,100.0,3.0,0.375,1.33703193912381,0.0,8,0.0,0.0,0.0,67.27345231258369,0.8,1.9202398813222077,100.0,1.0,0.0,6.909956469901317,0.2,8.77601563166827,0.0,0.0,0.0,0.0,0.0,0.0,0.0,0.0,0.0,100.0,1.0,0.0
154,random,3,3,239.29716916267793,56.97551646730427,2755702.4519104916,344462.80648881145,1719.4,60.54225352112676,43923.61843503818,1546.6062829238797,28.4,1.3756223615130858,37.834482842599186,24.0,18,2.184844417895563,0.8450704225352113,37.834482842599186,100.0,3.6,0.45,1.0820788103388623,0.0,8,0.0,0.0,0.0,100.0,1.0,0.0,100.0,1.0,0.0,0.0,0.2,0.0,2.675862740793491,0.4,8.656630482710899,0.0,0.0,0.0,0.0,0.0,0.0,100.0,1.0,0.0
155,random,3,3,384.5184718694843,101.18907154460113,3176917.7714881306,397114.7214360163,1844.2,61.88590604026846,48002.3829449852,1610.8182196303758,29.8,0.8742290723207977,37.5,25.8,15,1.1455067618427381,0.8657718120805369,37.5,100.0,3.0,0.375,0.0,0.0,8,0.0,0.0,0.0,100.0,1.0,0.0,100.0,1.0,0.0,0.0,0.0,0.0,0.0,0.0,0.0,0.0,0.0,0.0,0.0,0.0,0.0,100.0,1.0,0.0
156,random,2,3,940.1069662823586,174.0938826448812,2160108.260394671,270013.5325493339,1555.8,50.18709677419355,50416.471501341955,1626.3377903658695,31.0,1.2938644633241965,44.337258593085096,24.0,20,1.8384065540377392,0.7741935483870968,44.337258593085096,100.0,4.0,0.5,1.5169155378229457,0.0,8,84.55856204635438,1.0,6.819301438189683,100.0,1.0,0.0,100.0,1.0,0.0,0.0,0.0,0.0,10.139506698326386,0.2,5.316022864393883,0.0,0.0,0.0,0.0,0.0,0.0,60.0,0.8,0.0
157,random,2,2,836.8983442429713,130.76536628796427,1444034.211074849,180504.2763843561,1121.0,35.4746835443038,53315.89109702849,1687.2117435768512,31.6,1.5575076002976205,54.989011776506516,21.2,25,2.224712457833976,0.6708860759493671,54.989011776506516,100.0,5.0,0.625,1.209117324436356,0.0,8,100.0,1.0,0.0,100.0,1.0,0.0,100.0,1.0,0.0,0.0,0.0,0.0,100.0,1.0,0.0,0.0,0.0,0.0,8.22746268541323,0.4,7.702478586016029,31.684631526638896,0.6,1.9704600094748193
158,random,2,2,580.2628821860941,93.59078744937001,1011931.6601645034,126491.45752056292,734.6,24.00653594771242,53144.46837359158,1736.747332470313,30.6,1.15493674941338,60.70231668367683,18.4,28,0.9104595287039713,0.6013071895424836,60.70231668367683,100.0,5.6,0.7,1.1299618190346987,0.0,8,100.0,1.0,0.0,100.0,1.0,0.0,100.0,1.0,0.0,0.0,0.0,0.0,100.0,1.0,0.0,52.567002614869125,0.6,5.001518338685608,0.0,0.0,0.0,33.05153085454549,1.0,4.038176213591981
159,random,2,2,363.2189697263089,95.58393940166025,4291282.712488284,536410.3390610355,779.2,25.464052287581698,52549.70906166332,1717.310753649128,30.6,0.9254310397633386,65.68812140979475,21.2,28,1.3154660590591656,0.6928104575163399,65.68812140979475,100.0,5.6,0.7,0.7246239853697927,0.0,8,100.0,1.0,0.0,100.0,1.0,0.0,100.0,1.0,0.0,0.0,0.0,0.0,100.0,1.0,0.0,100.0,1.0,0.0,0.0,0.0,0.0,25.50497127835797,0.6,5.796991882958341
160,random,2,2,554.3424029059256,125.98690975134672,3003917.864729985,375489.73309124814,884.4,27.9873417721519,52957.942794306364,1675.8842656426066,31.6,0.984816696676749,65.74306115538946,21.6,31,1.5836395420879246,0.6835443037974683,65.74306115538946,100.0,6.2,0.775,1.1348183714661133,0.0,8,100.0,1.0,0.0,100.0,1.0,0.0,100.0,1.0,0.0,9.678519188573773,0.2,2.0790658834696543,100.0,1.0,0.0,100.0,1.0,0.0,0.0,0.0,0.0,16.265970054541867,1.0,6.999481088259252
161,random,2,2,458.4797302560819,109.16184053716235,3606589.152619229,450823.64407740365,997.6,30.414634146341463,52704.90607177842,1606.856892432269,32.8,0.7902473466811603,85.14959042140845,24.8,35,0.916829063367799,0.7560975609756098,85.14959042140845,100.0,7.0,0.875,0.8175931060020454,0.0,8,100.0,1.0,0.0,100.0,1.0,0.0,100.0,1.0,0.0,100.0,1.0,0.0,100.0,1.0,0.0,100.0,1.0,0.0,0.0,0.0,0.0,81.19672337126758,1.0,6.540744848016363
162,random,2,2,600.3130499479173,136.4347840790721,2605345.2645576624,325668.1580697078,1129.4,31.724719101123597,55750.94045742615,1566.0376532984874,35.6,0.5747696125573863,87.5,27.8,35,0.6664856800759684,0.7808988764044944,87.5,100.0,7.0,0.875,0.0,0.0,8,100.0,1.0,0.0,100.0,1.0,0.0,100.0,1.0,0.0,100.0,1.0,0.0,100.0,1.0,0.0,100.0,1.0,0.0,0.0,0.0,0.0,100.0,1.0,0.0
163,random,5,2,1089.9111049509795,175.7921137017709,1201151.0290108654,150143.87862635817,665.8,18.291208791208792,61698.44624421947,1695.012259456579,36.4,0.7229241107531926,75.0,22.6,33,0.591695673290642,0.6208791208791209,75.0,100.0,6.6,0.825,0.0,0.0,8,60.0,0.8,0.0,80.0,1.0,0.0,60.0,0.8,0.0,100.0,1.0,0.0,100.0,1.0,0.0,100.0,1.0,0.0,0.0,0.0,0.0,100.0,1.0,0.0
164,random,5,5,485.71248451302944,71.42830654603374,1003518.8705812596,125439.85882265745,593.2,17.14450867052023,58457.06088241907,1689.5104301277188,34.6,1.5545648459224661,63.26564555633183,19.4,30,1.1175145470932288,0.5606936416184971,63.26564555633183,100.0,6.0,0.75,0.6457749236730831,0.0,8,28.588697595064332,0.6,1.8510486274646771,37.441443171567244,0.6,2.026721219373831,40.09502368402309,0.8,1.2884295425461565,100.0,1.0,0.0,100.0,1.0,0.0,100.0,1.0,0.0,0.0,0.0,0.0,100.0,1.0,0.0
165,random,5,5,477.7639151651094,79.62731919418489,2258066.284315235,282258.2855394044,695.2,21.066666666666666,56177.00964322615,1702.3336255523077,33.0,1.8778629838831609,56.663525454552826,21.8,26,1.7382425021156125,0.6606060606060606,56.663525454552826,100.0,5.2,0.65,0.9467040343510117,0.0,8,0.0,0.0,0.0,30.210465893721903,0.6,4.193031896044252,23.0977377427007,0.6,3.380600378763842,100.0,1.0,0.0,100.0,1.0,0.0,100.0,1.0,0.0,0.0,0.0,0.0,100.0,1.0,0.0
166,random,5,5,1073.5403301596,178.92338835993334,1570265.9624602604,196283.24530753255,811.4,24.005917159763314,51470.398205626014,1522.7928463202961,33.8,1.166418618007485,50.1818064682584,25.8,24,1.3709354058179575,0.7633136094674556,50.1818064682584,100.0,4.8,0.6,0.8872989212664961,0.0,8,0.0,0.0,0.0,0.0,0.2,0.0,0.0,0.2,0.0,100.0,1.0,0.0,100.0,1.0,0.0,100.0,1.0,0.0,1.4544517460672068,0.4,7.098391370131969,100.0,1.0,0.0
167,random,5,5,254.78962863078428,70.77489684188453,4825111.158778984,603138.894847373,956.6,27.808139534883722,55249.70479476466,1606.0960696152517,34.4,0.7610320256850392,50.0,30.6,20,1.0364813293008195,0.8895348837209303,50.0,100.0,4.0,0.5,0.0,0.0,8,0.0,0.0,0.0,0.0,0.0,0.0,0.0,0.0,0.0,100.0,1.0,0.0,100.0,1.0,0.0,100.0,1.0,0.0,0.0,0.0,0.0,100.0,1.0,0.0
168,random,5,5,424.01535963484366,124.71039989260107,4004987.746512802,500623.46831410023,1111.4,31.754285714285714,54915.63103888952,1569.0180296825577,35.0,0.7953674520356189,51.393569398889554,31.4,21,1.292227257790636,0.8971428571428571,51.393569398889554,100.0,4.2,0.525,1.121221520252279,0.0,8,11.14855519111643,0.2,8.969772162018232,0.0,0.0,0.0,0.0,0.0,0.0,100.0,1.0,0.0,100.0,1.0,0.0,100.0,1.0,0.0,0.0,0.0,0.0,100.0,1.0,0.0
169,random,4,5,1162.3426112601326,264.1687752863937,2966061.0258112163,370757.62822640204,641.8,18.656976744186046,56667.82033140041,1647.3203584709422,34.4,0.4764940619734427,43.63907003028771,24.4,23,0.700511489622846,0.7093023255813954,43.63907003028771,100.0,4.6,0.575,0.717208141651684,0.0,8,0.0,0.0,0.0,40.0,0.4,0.19941676906895803,29.112560242301697,0.8,5.538248364144514,60.0,0.8,0.0,60.0,0.8,0.0,60.0,0.8,0.0,0.0,0.0,0.0,100.0,1.0,0.0
170,random,4,4,514.5253753916054,91.87953131992954,2400514.5253753928,300064.3156719241,548.0,16.91358024691358,56547.90214287119,1745.3056216935554,32.4,1.2192074751936397,21.602792345861417,18.4,15,1.1494370017863698,0.5679012345679012,21.602792345861417,100.0,3.0,0.375,0.6456456356845369,0.0,8,0.0,0.0,0.0,0.0,0.2,0.0,0.0,0.0,0.0,26.182040077612783,0.6,1.8926307325080691,21.49378379641803,0.6,1.424038477273057,25.146514892860523,0.6,1.848495875695169,0.0,0.0,0.0,100.0,1.0,0.0
171,random,4,4,260.13933368538403,43.35655561423067,2000260.1393336854,250032.51741671067,641.0,22.570422535211268,51524.781828508436,1814.2528812855085,28.4,2.3243964576265173,22.803267153740023,19.2,13,1.9786290543318288,0.676056338028169,22.803267153740023,100.0,2.6,0.325,1.4056337272485695,0.0,8,0.0,0.0,0.0,0.0,0.0,0.0,0.0,0.0,0.0,24.338468978749006,0.6,3.406944347268223,19.720966814363692,0.4,3.811684138265759,38.36670143680749,0.6,4.026441332454575,0.0,0.0,0.0,100.0,1.0,0.0
172,random,4,4,403.25549006109577,87.66423696980344,2423596.476008776,302949.559501097,743.4,25.993006993006993,43769.22305402624,1530.3924144764421,28.6,1.0655782494536572,22.426762902456687,22.6,12,1.1371732544017652,0.7902097902097902,22.426762902456687,100.0,2.4000000000000004,0.30000000000000004,1.783902160932612,0.0,8,0.0,0.0,0.0,0.0,0.0,0.0,72.6036673612839,0.8,5.0916420444274255,0.0,0.0,0.0,6.810435858369601,0.4,9.17957524303347,0.0,0.2,0.0,0.0,0.0,0.0,100.0,1.0,0.0
173,random,4,4,559.397638515685,139.84940962892125,2876192.225752644,359524.0282190805,867.2,28.526315789473685,46855.45626442703,1541.2979034350997,30.4,0.6609436668644194,43.319442436885254,26.2,19,0.8451741306499432,0.8618421052631579,43.319442436885254,100.0,3.8,0.475,1.673864339363996,0.0,8,0.0,0.0,0.0,62.61356753505879,0.8,6.902426583716647,100.0,1.0,0.0,0.0,0.0,0.0,0.0,0.0,0.0,0.0,0.0,0.0,83.94197196002324,1.0,6.4884881311953215,100.0,1.0,0.0
174,random,6,4,780.1008688716358,139.3037265842207,1627374.606159488,203421.825769936,687.6,22.92,50928.29957563244,1697.6099858544146,30.0,1.0012309752104631,41.48762948428697,22.0,19,1.087088721278689,0.7333333333333333,41.48762948428697,100.0,3.8,0.475,0.6761879267350411,0.0,8,0.0,0.0,0.0,100.0,1.0,0.0,100.0,1.0,0.0,0.0,0.0,0.0,11.901035874295758,0.2,5.409503413880329,0.0,0.0,0.0,60.0,0.8,0.0,60.0,0.8,0.0
175,random,6,6,555.8462386433937,89.65261913603123,1204392.4853572326,150549.06066965408,502.6,16.642384105960264,52658.71381562283,1743.6660203848621,30.2,1.4017059776638554,42.65841179226783,16.8,21,1.2431652314506971,0.5562913907284768,42.65841179226783,100.0,4.2,0.525,1.4419101551172528,0.0,8,0.0,0.0,0.0,100.0,1.0,0.0,100.0,1.0,0.0,10.84356253722035,0.2,9.222061444912743,20.0,0.6,0.0,80.0,0.8,0.10666291548265447,0.0,0.0,0.0,30.42373180092227,0.6,2.2065568805426246
176,random,6,6,296.2447788377824,59.24895576755648,2624418.5411149007,328052.3176393626,428.8,14.684931506849315,47965.63454146932,1642.6587171736069,29.2,1.383211575202752,52.525984317306325,17.8,22,1.5993004130004869,0.6095890410958904,52.525984317306325,100.0,4.4,0.55,1.2301863401006927,0.0,8,26.90028066578634,0.4,6.030491499681948,100.0,1.0,0.0,100.0,1.0,0.0,0.0,0.0,0.0,0.0,0.0,0.0,100.0,1.0,0.0,0.0,0.0,0.0,93.30759387266426,1.0,3.8109992211235935
177,random,6,6,544.7751891460491,118.42938894479329,3192201.6333590015,399025.2041698752,521.8,16.30625,49930.55761553537,1560.3299254854803,32.0,1.4263150904429713,65.88672375307226,23.2,28,2.3578392950382416,0.725,65.88672375307226,100.0,5.6000000000000005,0.7,1.4952849802791166,0.0,8,100.0,1.0,0.0,100.0,1.0,0.0,100.0,1.0,0.0,0.0,0.0,0.0,19.80069964087761,0.2,4.077439549382855,100.0,1.0,0.0,7.2930903837004735,0.4,7.884840292850078,100.0,1.0,0.0
178,random,6,6,1026.8863595913137,205.37727191826275,2801381.9391843667,350172.74239804584,644.6,19.18452380952381,52328.17544251967,1557.386173884514,33.6,1.337573313183216,75.0,26.4,30,2.6197950033236257,0.7857142857142857,75.0,100.0,6.0,0.75,0.0,0.0,8,100.0,1.0,0.0,100.0,1.0,0.0,100.0,1.0,0.0,0.0,0.0,0.0,100.0,1.0,0.0,100.0,1.0,0.0,0.0,0.0,0.0,100.0,1.0,0.0
179,random,3,6,442.5256084672451,88.50512169344901,2051827.520176017,256478.44002200212,785.0,22.953216374269005,55268.30804788214,1616.0323990608813,34.2,1.6090485333976257,75.0,29.8,30,2.6111168043099284,0.8713450292397661,75.0,100.0,6.0,0.75,0.0,0.0,8,100.0,1.0,0.0,100.0,1.0,0.0,100.0,1.0,0.0,0.0,0.0,0.0,100.0,1.0,0.0,100.0,1.0,0.0,0.0,0.0,0.0,100.0,1.0,0.0
180,random,3,3,626.1140437670057,115.94704514203808,5413477.58293925,676684.6978674063,935.2,25.41304347826087,58114.54761604946,1579.1996634796049,36.8,1.5820644980043315,75.0,30.6,30,2.617410835391823,0.8315217391304348,75.0,100.0,6.0,0.75,0.0,0.0,8,100.0,1.0,0.0,100.0,1.0,0.0,100.0,1.0,0.0,0.0,0.0,0.0,100.0,1.0,0.0,100.0,1.0,0.0,0.0,0.0,0.0,100.0,1.0,0.0
181,random,3,3,345.9999229460477,75.21737455348864,3196922.025790349,399615.25322379364,1088.0,29.405405405405407,57483.638435661014,1553.6118496124598,37.0,1.5276725602314112,85.76796699217311,31.6,35,2.6253143785410806,0.8540540540540541,85.76796699217311,100.0,7.0,0.875,0.23142014863924085,0.0,8,100.0,1.0,0.0,100.0,1.0,0.0,100.0,1.0,0.0,86.14373593738492,1.0,1.8513611891139268,100.0,1.0,0.0,100.0,1.0,0.0,0.0,0.0,0.0,100.0,1.0,0.0
182,random,3,3,514.13013878917,111.76742147590653,3048887.4602843113,381110.9325355389,1255.0,33.026315789473685,60262.34837021939,1585.8512729005104,38.0,1.620631453429341,87.5,34.4,35,2.63365117080505,0.9052631578947369,87.5,100.0,7.0,0.875,0.0,0.0,8,100.0,1.0,0.0,100.0,1.0,0.0,100.0,1.0,0.0,100.0,1.0,0.0,100.0,1.0,0.0,100.0,1.0,0.0,0.0,0.0,0.0,100.0,1.0,0.0
183,random,3,3,782.335807863686,205.87784417465423,2159075.1504554893,269884.39380693616,1429.2,36.09090909090909,60967.873737190304,1539.5927711411694,39.6,1.2666706291766976,87.5,36.0,35,2.699846283863684,0.9090909090909091,87.5,100.0,7.0,0.875,0.0,0.0,8,100.0,1.0,0.0,100.0,1.0,0.0,100.0,1.0,0.0,100.0,1.0,0.0,100.0,1.0,0.0,100.0,1.0,0.0,0.0,0.0,0.0,100.0,1.0,0.0
184,random,0,3,1255.1803963736395,209.1967327289399,2109365.5153197036,263670.68941496295,1389.8,35.454081632653065,63382.86505238565,1616.9098227649401,39.2,1.4766847486866665,77.5,31.8,33,2.6272501315343795,0.8112244897959183,77.5,100.0,6.6,0.825,0.0,0.0,8,100.0,1.0,0.0,100.0,1.0,0.0,100.0,1.0,0.0,40.0,0.6,0.0,100.0,1.0,0.0,100.0,1.0,0.0,0.0,0.0,0.0,80.0,1.0,0.0
185,random,0,0,968.2889306508408,151.29514541419388,1863146.468535286,232893.30856691074,1357.2,33.42857142857143,64946.452783710265,1599.6663247219278,40.6,0.9822436692749317,73.65999721226729,28.2,31,1.387952525834026,0.6945812807881774,73.65999721226729,100.0,6.199999999999999,0.775,0.4999945642591699,0.0,8,100.0,1.0,0.0,100.0,1.0,0.0,100.0,1.0,0.0,32.481487848140205,0.6,1.7289962940262902,100.0,1.0,0.0,100.0,1.0,0.0,0.0,0.0,0.0,56.79848984999808,0.6,2.2709602200470687
186,random,0,0,992.0644347189516,155.01006792483616,1005943.9259510807,125742.9907438851,1370.4,32.628571428571426,65445.53760451918,1558.227085821885,42.0,0.9217546896258231,75.0,30.2,30,1.0739187240465682,0.719047619047619,75.0,100.0,6.0,0.75,0.0,0.0,8,100.0,1.0,0.0,100.0,1.0,0.0,100.0,1.0,0.0,0.0,0.0,0.0,100.0,1.0,0.0,100.0,1.0,0.0,0.0,0.0,0.0,100.0,1.0,0.0
187,random,0,0,1054.6115119465574,175.76858532442623,1159667.9998212368,144958.4999776546,1496.4,34.00909090909091,68788.42517201377,1563.3732993639492,44.0,1.270972505211232,85.66669350207519,34.2,35,2.103939459728392,0.7772727272727272,85.66669350207519,100.0,7.0,0.875,0.21904561733826994,0.0,8,100.0,1.0,0.0,100.0,1.0,0.0,100.0,1.0,0.0,85.33354801660153,1.0,1.7523649387061595,100.0,1.0,0.0,100.0,1.0,0.0,0.0,0.0,0.0,100.0,1.0,0.0
188,random,0,0,614.0385057044007,161.5890804485265,1913389.7719847374,239173.72149809217,1682.6,37.39111111111111,69215.87419656906,1538.1305377015346,45.0,1.0412141629748553,87.5563247358491,39.8,37,2.106486626109994,0.8844444444444445,87.5563247358491,100.0,7.4,0.925,1.0385324801085516,0.0,8,100.0,1.0,0.0,100.0,1.0,0.0,100.0,1.0,0.0,100.0,1.0,0.0,100.0,1.0,0.0,100.0,1.0,0.0,0.45059788679282065,0.4,8.308259840868413,100.0,1.0,0.0
189,random,0,0,792.024508394184,220.0068078872733,2752454.74433761,344056.84304220125,1890.8,40.229787234042554,72387.02015525455,1540.149365005416,47.0,0.29753777935801906,87.5,43.0,35,0.46376527984829863,0.9148936170212766,87.5,100.0,7.0,0.875,0.0,0.0,8,100.0,1.0,0.0,100.0,1.0,0.0,100.0,1.0,0.0,100.0,1.0,0.0,100.0,1.0,0.0,100.0,1.0,0.0,0.0,0.0,0.0,100.0,1.0,0.0
190,random,4,0,1101.6424934562167,196.7218738314673,4326042.53900555,540755.3173756937,1614.6,34.94805194805195,75341.95903264673,1630.7783340399726,46.2,0.5196636893565774,70.0,35.4,31,0.46591397276132634,0.7662337662337663,70.0,100.0,6.199999999999999,0.7749999999999999,0.0,0.0,8,100.0,1.0,0.0,100.0,1.0,0.0,100.0,1.0,0.0,60.0,0.8,0.0,60.0,0.8,0.0,40.0,0.6,0.0,0.0,0.0,0.0,100.0,1.0,0.0
191,random,4,4,566.4925206780438,118.01927514125913,2716595.4116488723,339574.42645610904,1618.0,36.2780269058296,74099.20473458772,1661.4171465154197,44.6,1.26002780571509,61.93300837431195,32.0,29,1.2990972439860917,0.7174887892376681,61.93300837431195,100.0,5.8,0.7250000000000001,0.6510315570655806,0.0,8,100.0,1.0,0.0,100.0,1.0,0.0,100.0,1.0,0.0,39.55891337299818,0.6,1.898827236592995,26.871603089298333,0.6,1.5586900223676756,29.033550532199115,0.6,1.7507351975639744,0.0,0.0,0.0,100.0,1.0,0.0
192,random,4,4,272.8236575879047,54.56473151758094,3000272.8236575876,375034.10295719845,1778.0,44.22885572139303,66543.41697048277,1655.3088798627555,40.2,2.8469005424093052,57.763056809426416,32.0,28,3.7501216917342326,0.7960199004975125,57.763056809426416,100.0,5.6,0.7,1.1302577033863703,0.0,8,100.0,1.0,0.0,100.0,1.0,0.0,100.0,1.0,0.0,0.0,0.0,0.0,44.106335218589265,1.0,3.644827947968297,17.998119256822065,0.6,5.3972336791226665,0.0,0.0,0.0,100.0,1.0,0.0
193,random,4,4,264.4223392457007,62.957699820404926,2832034.1786257573,354004.27232821967,1938.4,53.54696132596685,54756.75924319036,1512.6176586516674,36.2,4.049445903338799,50.20049979657017,32.6,24,5.382383534368548,0.9005524861878453,50.20049979657017,100.0,4.800000000000001,0.6,0.9150446176854372,0.0,8,100.0,1.0,0.0,100.0,1.0,0.0,100.0,1.0,0.0,0.0,0.0,0.0,0.0,0.2,0.0,0.0,0.2,0.0,1.6039983725613638,0.4,7.320356941483498,100.0,1.0,0.0
194,random,4,4,333.43162152440607,83.35790538110152,4264238.520792143,533029.8150990179,2106.0,58.1767955801105,56582.83466410303,1563.06173105257,36.2,4.545404605288323,51.3858443284613,34.2,21,6.0068357238472805,0.9447513812154696,51.3858443284613,100.0,4.2,0.525,1.1274715117063956,0.0,8,100.0,1.0,0.0,100.0,1.0,0.0,100.0,1.0,0.0,11.086754627690425,0.2,9.019772093651165,0.0,0.0,0.0,0.0,0.0,0.0,0.0,0.0,0.0,100.0,1.0,0.0
195,random,4,4,898.1995921760051,179.63991843520103,2731771.84051847,341471.48006480874,2277.2,57.505050505050505,62062.76547306155,1567.241552350039,39.6,2.4310683027175037,50.0,35.2,20,4.837897963997297,0.8888888888888888,50.0,100.0,4.0,0.5,0.0,0.0,8,100.0,1.0,0.0,100.0,1.0,0.0,100.0,1.0,0.0,0.0,0.0,0.0,0.0,0.0,0.0,0.0,0.0,0.0,0.0,0.0,0.0,100.0,1.0,0.0
196,random,4,4,581.5696857127909,111.84032417553672,1868719.8986329578,233589.98732911973,2452.6,60.70792079207921,63957.65098494642,1583.1101728947133,40.4,2.598630184078845,50.0,35.6,20,4.451781949346491,0.8811881188118812,50.0,100.0,4.0,0.5,0.0,0.0,8,100.0,1.0,0.0,100.0,1.0,0.0,100.0,1.0,0.0,0.0,0.0,0.0,0.0,0.0,0.0,0.0,0.0,0.0,0.0,0.0,0.0,100.0,1.0,0.0
197,random,0,4,521.0802137025169,108.55837785469102,2058897.4450366714,257362.18062958392,2635.2,63.34615384615385,66162.17924570691,1590.4370010987238,41.6,3.1873139119655494,50.04949882073106,37.4,21,4.639959517486542,0.8990384615384616,50.04949882073106,100.0,4.2,0.525,1.0940251376945525,0.0,8,100.0,1.0,0.0,100.0,1.0,0.0,100.0,1.0,0.0,0.3959905658484786,0.2,8.75220110155642,0.0,0.0,0.0,0.0,0.0,0.0,0.0,0.0,0.0,100.0,1.0,0.0
198,random,0,0,431.5314922194563,98.07533914078552,3515135.804012482,439391.97550156026,2825.2,65.70232558139534,66670.22906657154,1550.4704434086407,43.0,2.6189104529277865,51.237351659683554,38.8,23,4.494036779695481,0.9023255813953488,51.237351659683554,100.0,4.6,0.575,1.1619049028027801,0.0,8,100.0,1.0,0.0,100.0,1.0,0.0,100.0,1.0,0.0,0.0,0.2,0.0,9.898813277468435,0.4,9.295239222422241,0.0,0.0,0.0,0.0,0.0,0.0,100.0,1.0,0.0
199,random,0,0,400.6591020902536,117.84091237948635,3516929.5654331357,439616.19567914197,3015.2,68.52727272727273,67544.62366370346,1535.1050832659876,44.0,1.2431837642120105,55.415826344010384,40.2,23,3.0292314114311885,0.9136363636363637,55.415826344010384,100.0,4.6,0.575,0.8703794335285219,0.0,8,100.0,1.0,0.0,100.0,1.0,0.0,100.0,1.0,0.0,0.0,0.0,0.0,0.0,0.0,0.0,0.0,0.0,0.0,43.32661075208307,0.6,6.963035468228175,100.0,1.0,0.0
200,random,0,0,529.1657652211783,165.3643016316182,5085501.295298632,635687.661912329,3213.6,70.47368421052632,71727.08192479012,1572.962322912064,45.6,0.7792949756170853,62.5,41.6,25,1.4335313158796095,0.9122807017543859,62.5,100.0,5.0,0.625,0.0,0.0,8,100.0,1.0,0.0,100.0,1.0,0.0,100.0,1.0,0.0,0.0,0.0,0.0,0.0,0.0,0.0,0.0,0.0,0.0,100.0,1.0,0.0,100.0,1.0,0.0
201,random,0,0,533.8488365200956,157.01436368238106,4006171.90526983,500771.48815872875,3423.2,71.91596638655462,74216.03621473652,1559.1604246793388,47.6,0.8493934243960375,63.38262322889079,42.8,27,1.7497830583760148,0.8991596638655462,63.38262322889079,100.0,5.4,0.675,1.1322708932915702,0.0,8,100.0,1.0,0.0,100.0,1.0,0.0,100.0,1.0,0.0,0.0,0.0,0.0,0.0,0.0,0.0,7.060985831126345,0.4,9.058167146332561,100.0,1.0,0.0,100.0,1.0,0.0
202,random,0,0,917.1883277901588,191.08090162294977,2853117.5254165772,356639.69067707215,3640.0,74.28571428571429,78084.13709504162,1593.5538182661555,49.0,0.9633456069190434,63.963605376202395,44.0,26,1.2847470733177186,0.8979591836734694,63.963605376202395,100.0,5.2,0.65,1.0675691859333054,0.0,8,100.0,1.0,0.0,100.0,1.0,0.0,100.0,1.0,0.0,0.0,0.0,0.0,0.0,0.0,0.0,11.708843009619159,0.2,8.540553487466443,100.0,1.0,0.0,100.0,1.0,0.0
203,random,1,0,744.2000341530745,137.81482113945825,2001619.0234608122,250202.37793260152,2318.4,52.452488687782804,71977.04935205341,1628.4400305894437,44.2,1.5070771161712937,52.27385347086283,31.8,25,2.2081241014865007,0.7194570135746606,52.27385347086283,100.0,5.0,0.625,0.6147892668879303,0.0,8,60.0,0.8,0.0,80.0,1.0,0.0,60.0,0.8,0.0,18.190827766902657,0.4,4.918314135103443,0.0,0.0,0.0,0.0,0.0,0.0,100.0,1.0,0.0,100.0,1.0,0.0
204,random,1,1,367.5688557814651,63.373940651976746,2200367.568855782,275045.94610697275,1311.4,32.460396039603964,71194.64551114992,1762.2437007710375,40.4,2.018847522451642,38.84898961436079,21.2,21,3.0460909845939894,0.5247524752475248,38.84898961436079,100.0,4.199999999999999,0.5249999999999999,1.9174277065922938,0.0,8,29.989328874726198,0.6,1.9177251848275993,35.71322094374409,0.6,2.14192712201757,34.90431699030523,0.6,2.1070280568288915,0.0,0.0,0.0,10.185050106110793,0.4,9.17274128906429,0.0,0.0,0.0,100.0,1.0,0.0,100.0,1.0,0.0
205,random,1,1,158.4678023367381,26.411300389456347,2000158.467802337,250019.8084752921,1194.0,35.535714285714285,64530.53500845621,1920.5516371564347,33.6,3.783762554472369,34.77255564713346,14.0,21,4.116866505715836,0.4166666666666667,34.77255564713346,100.0,4.2,0.525,1.5493531067491773,0.0,8,14.066835262897257,0.8,4.0154919764521715,31.222738917044808,0.6,4.065296928584424,32.8908709971256,0.8,4.314035948956823,0.0,0.0,0.0,0.0,0.0,0.0,0.0,0.0,0.0,100.0,1.0,0.0,100.0,1.0,0.0
206,random,1,1,346.4110840553926,55.87275549280526,1800346.4110840554,225043.30138550693,1266.8,40.34394904458599,53881.925574470195,1715.984890906694,31.4,4.06265685088652,40.510283246837275,16.2,22,3.735521416071001,0.5159235668789809,40.510283246837275,100.0,4.4,0.55,2.0420807347389127,0.0,8,27.706101226062856,0.6,5.695832853906271,63.35175629663809,1.0,4.979206200595799,33.02440845199726,0.8,5.661606823409231,0.0,0.0,0.0,0.0,0.0,0.0,0.0,0.0,0.0,100.0,1.0,0.0,100.0,1.0,0.0
207,random,1,1,653.1540401229361,105.34742582628,1006528.7117489034,125816.08896861292,1364.6,43.45859872611465,48281.837965524996,1537.638151768312,31.4,2.6819702964211327,53.01568748818568,22.4,25,3.3544261626982683,0.7133757961783439,53.01568748818568,100.0,5.0,0.625,2.998702168897051,0.0,8,12.076425008508522,0.4,6.435141069084049,100.0,1.0,0.0,100.0,1.0,0.0,0.0,0.0,0.0,11.314129138672797,0.2,8.838506152293263,0.734945758304093,0.4,8.715970129799096,100.0,1.0,0.0,100.0,1.0,0.0
208,random,1,1,720.4911352128863,116.20824761498166,1186068.5283381434,148258.56604226792,1479.6,47.12101910828026,52424.47698102107,1669.5693306057665,31.4,3.3635472915184677,53.53599116843611,24.8,22,4.494245632079444,0.7898089171974523,53.53599116843611,100.0,4.4,0.55,0.2501147189039268,0.0,8,28.287929347488898,0.4,2.0009177512314142,100.0,1.0,0.0,100.0,1.0,0.0,0.0,0.0,0.0,0.0,0.0,0.0,0.0,0.0,0.0,100.0,1.0,0.0,100.0,1.0,0.0
209,random,4,1,442.66587849841017,76.32170318938107,1218920.9714698917,152365.12143373647,1602.0,49.44444444444444,51675.6486041438,1594.927426053821,32.4,3.858471126743647,64.47953347879036,26.2,27,4.891016739415862,0.808641975308642,64.47953347879036,100.0,5.4,0.675,2.2457487322854526,0.0,8,100.0,1.0,0.0,100.0,1.0,0.0,100.0,1.0,0.0,10.57373104898943,0.2,9.457399619555991,5.262536781333438,0.2,8.50859023872763,0.0,0.0,0.0,100.0,1.0,0.0,100.0,1.0,0.0
210,random,4,4,378.54474175876646,70.10087810347527,2638254.7434253437,329781.84292816796,1740.0,54.375,51643.974119918916,1613.8741912474661,32.0,4.195646715466796,62.5,28.2,26,5.7085092079024315,0.88125,62.5,100.0,5.2,0.65,0.0,0.0,8,100.0,1.0,0.0,100.0,1.0,0.0,100.0,1.0,0.0,0.0,0.0,0.0,0.0,0.2,0.0,0.0,0.0,0.0,100.0,1.0,0.0,100.0,1.0,0.0
211,random,4,4,487.4370625765197,101.54938803677494,2492840.2282065405,311605.02852581756,1881.4,57.71165644171779,50626.70135938544,1552.9662993676516,32.6,4.312454892308201,62.5,29.0,25,5.82981064024396,0.8895705521472392,62.5,100.0,5.0,0.625,0.0,0.0,8,100.0,1.0,0.0,100.0,1.0,0.0,100.0,1.0,0.0,0.0,0.0,0.0,0.0,0.0,0.0,0.0,0.0,0.0,100.0,1.0,0.0,100.0,1.0,0.0
212,random,4,4,470.5978398411586,90.49958458483819,2600675.302880591,325084.41286007385,2026.6,59.25730994152047,54849.180479278206,1603.7772069964387,34.2,4.1141770019608,63.83378326536331,29.8,26,5.629763082777844,0.8713450292397661,63.83378326536331,100.0,5.2,0.65,1.1714796853253302,0.0,8,100.0,1.0,0.0,100.0,1.0,0.0,100.0,1.0,0.0,10.670266122906469,0.2,9.371837482602642,0.0,0.0,0.0,0.0,0.0,0.0,100.0,1.0,0.0,100.0,1.0,0.0
213,random,4,4,377.194303127667,78.58214648493063,2680936.9071654086,335117.1133956761,2178.0,62.947976878612714,54071.14507861946,1562.7498577635683,34.6,2.9538826494352217,62.5,31.2,25,5.099116380486995,0.9017341040462428,62.5,100.0,5.0,0.625,0.0,0.0,8,100.0,1.0,0.0,100.0,1.0,0.0,100.0,1.0,0.0,0.0,0.0,0.0,0.0,0.0,0.0,0.0,0.0,0.0,100.0,1.0,0.0,100.0,1.0,0.0
214,random,4,4,480.422613849144,100.088044551905,3705848.071289418,463231.0089111772,2335.0,62.76881720430107,59454.10209433832,1598.2285509230733,37.2,2.681479361828649,62.5,32.2,25,4.441957479789445,0.8655913978494624,62.5,100.0,5.0,0.625,0.0,0.0,8,100.0,1.0,0.0,100.0,1.0,0.0,100.0,1.0,0.0,0.0,0.0,0.0,0.0,0.0,0.0,0.0,0.0,0.0,100.0,1.0,0.0,100.0,1.0,0.0
215,random,4,4,739.3150663264989,147.8630132652998,2226715.902941784,278339.487867723,2495.6,64.98958333333333,62867.119683278106,1637.1645750853675,38.4,2.7247886747586283,63.20246021495336,32.6,27,4.122293972177191,0.8489583333333334,63.20246021495336,100.0,5.4,0.675,1.127694521145895,0.0,8,100.0,1.0,0.0,100.0,1.0,0.0,100.0,1.0,0.0,5.619681719626897,0.4,9.02155616916716,0.0,0.0,0.0,0.0,0.0,0.0,100.0,1.0,0.0,100.0,1.0,0.0
216,random,1,4,531.0583001803409,91.56177589316222,1854169.717789162,231771.21472364524,2259.6,62.07692307692308,62591.00598969361,1719.5331315849892,36.4,3.7769888068725437,50.19990997560626,24.8,24,4.741928835071632,0.6813186813186813,50.19990997560626,100.0,4.800000000000001,0.6000000000000001,2.3153725669836946,0.0,8,60.0,0.8,0.0,60.0,0.8,0.0,60.0,0.8,0.0,10.955227989898049,0.2,9.128061971162191,10.644051814952036,0.2,9.394918564707364,0.0,0.0,0.0,100.0,1.0,0.0,100.0,1.0,0.0
217,random,1,1,172.78164986217092,28.796941643695153,2613122.7279329947,326640.34099162434,2091.4,64.54938271604938,58259.80998260671,1798.1422834137873,32.4,4.903973257561614,34.78601971769422,17.0,19,5.2678901197214785,0.5246913580246914,34.78601971769422,100.0,3.8,0.475,0.6928709995618865,0.0,8,27.836127889527233,0.6,1.9985694865581016,22.454701226438374,0.6,1.6260419212392692,27.997328625588125,0.6,1.9183565886977205,0.0,0.0,0.0,0.0,0.0,0.0,0.0,0.0,0.0,100.0,1.0,0.0,100.0,1.0,0.0
218,random,1,1,89.14336959740514,14.85722826623419,2000089.1433695972,250011.14292119964,2163.0,80.7089552238806,50747.30167291691,1893.5560325715267,26.8,6.238459716319038,33.126360092508094,16.0,24,5.184816225630725,0.5970149253731343,33.126360092508094,100.0,4.800000000000001,0.6000000000000001,2.703853355533579,0.0,8,15.64250474862547,0.8,4.11844803736325,24.730787110142955,1.0,3.715207160647889,14.179803984607133,0.8,4.234917212083885,0.0,0.0,0.0,10.45778489668919,0.2,9.562254434173608,0.0,0.0,0.0,100.0,1.0,0.0,100.0,1.0,0.0
219,random,1,1,227.02147003739537,40.53954822096346,2201343.971240598,275167.9964050747,2246.2,96.81896551724138,35105.00206488928,1513.1466407279863,23.2,5.360216508598309,31.14399449162704,17.8,15,5.853450304288216,0.7672413793103449,31.14399449162704,100.0,3.0,0.375,1.3650530447499152,0.0,8,0.0,0.0,0.0,31.79788387323697,0.6,5.273065954951015,17.354072059779355,0.4,5.647358403048306,0.0,0.0,0.0,0.0,0.0,0.0,0.0,0.0,0.0,100.0,1.0,0.0,100.0,1.0,0.0
220,random,1,1,269.18133252793825,53.83626650558765,2279567.5345722334,284945.9418215292,2339.8,100.85344827586206,35349.21729608862,1523.6731593141644,23.2,4.321138656822216,34.76755692182394,20.2,14,5.676051027386327,0.8706896551724138,34.76755692182394,100.0,2.8,0.35,0.5491949066485743,0.0,8,0.0,0.0,0.0,0.0,0.0,0.0,78.14045537459151,0.8,4.393559253188594,0.0,0.0,0.0,0.0,0.0,0.0,0.0,0.0,0.0,100.0,1.0,0.0,100.0,1.0,0.0
221,random,1,1,775.9060716136589,184.73954086039498,2442029.654653671,305253.7068317089,2447.0,91.99248120300751,43215.93175910348,1624.6590886881008,26.6,1.5091047641620432,37.5,22.6,15,2.99843145680308,0.849624060150376,37.5,100.0,3.0,0.375,0.0,0.0,8,0.0,0.0,0.0,0.0,0.0,0.0,100.0,1.0,0.0,0.0,0.0,0.0,0.0,0.0,0.0,0.0,0.0,0.0,100.0,1.0,0.0,100.0,1.0,0.0
222,random,4,1,431.4630622448656,82.9736658163203,2552362.7550933203,319045.34438666503,2557.0,92.64492753623189,46327.473928695435,1678.531664083168,27.6,1.886477228350751,38.83493744489897,22.4,16,2.6270919561152453,0.8115942028985508,38.83493744489897,100.0,3.2,0.4,1.1704668304650434,0.0,8,0.0,0.0,0.0,0.0,0.0,0.0,100.0,1.0,0.0,10.679499559191754,0.2,9.363734643720347,0.0,0.0,0.0,0.0,0.0,0.0,100.0,1.0,0.0,100.0,1.0,0.0
223,random,4,4,434.6380299166246,72.43967165277077,2000434.6380299167,250054.32975373958,2667.0,93.25174825174825,48245.08460611146,1686.8910701437571,28.6,2.630876134250196,37.5,22.2,15,3.1118519355138132,0.7762237762237763,37.5,100.0,3.0,0.375,0.0,0.0,8,0.0,0.0,0.0,0.0,0.0,0.0,100.0,1.0,0.0,0.0,0.0,0.0,0.0,0.0,0.0,0.0,0.0,0.0,100.0,1.0,0.0,100.0,1.0,0.0
224,random,4,4,359.7409992090961,64.23946414448146,1837657.5173924274,229707.18967405343,2780.2,96.53472222222223,48623.00992073211,1688.298955580976,28.8,4.443969338617388,42.142018511487436,23.4,22,5.18505802923003,0.8125,42.142018511487436,100.0,4.4,0.5499999999999999,2.4833650405173007,0.0,8,0.0,0.0,0.0,8.092703374777557,0.2,2.1900845976574743,100.0,1.0,0.0,9.043444717121929,0.4,9.075219118501993,20.0,0.4,8.60161660797894,0.0,0.4,0.0,100.0,1.0,0.0,100.0,1.0,0.0
225,random,4,4,282.53903890172126,50.453399803878796,2203369.087177929,275421.1358972411,2896.4,101.27272727272727,46506.316086899635,1626.0949680734138,28.6,4.1259315326120385,52.81981352422463,24.0,22,5.149008841591143,0.8391608391608392,52.81981352422463,100.0,4.4,0.55,2.216535891620401,0.0,8,11.345849705435285,0.2,8.813795581312391,100.0,1.0,0.0,100.0,1.0,0.0,11.21265848836174,0.2,8.918491551650817,0.0,0.0,0.0,0.0,0.0,0.0,100.0,1.0,0.0,100.0,1.0,0.0
226,random,4,4,153.19032766873514,33.302245145377206,2492279.3904736596,311534.92380920745,3020.6,107.11347517730496,44606.36470390507,1581.7859824079812,28.2,4.052696628441065,50.0,25.4,20,5.569049677838464,0.900709219858156,50.0,100.0,4.0,0.5,0.0,0.0,8,0.0,0.0,0.0,100.0,1.0,0.0,100.0,1.0,0.0,0.0,0.0,0.0,0.0,0.0,0.0,0.0,0.0,0.0,100.0,1.0,0.0,100.0,1.0,0.0
227,random,4,4,513.9116598876169,116.79810451991293,3232787.700771453,404098.4625964316,3150.2,104.3112582781457,47748.1057701602,1581.0631049721921,30.2,3.26025515770968,50.0,27.0,20,5.158045600585321,0.8940397350993378,50.0,100.0,4.0,0.5,0.0,0.0,8,0.0,0.0,0.0,100.0,1.0,0.0,100.0,1.0,0.0,0.0,0.0,0.0,0.0,0.0,0.0,0.0,0.0,0.0,100.0,1.0,0.0,100.0,1.0,0.0
228,random,1,4,595.0330956440139,99.17218260733564,1800808.3515592709,225101.04394490886,3031.2,98.41558441558442,53940.50628681116,1751.3151391821807,30.8,2.0576280728846283,43.891229083524195,19.4,22,2.6150109158869124,0.6298701298701299,43.891229083524195,100.0,4.4,0.55,1.4484337115244934,0.0,8,20.850641276883835,0.6,1.8590780130077942,60.0,0.8,0.0,60.0,0.8,0.0,0.0,0.0,0.0,10.279191391309723,0.2,9.728391679188153,0.0,0.0,0.0,100.0,1.0,0.0,100.0,1.0,0.0
229,random,1,1,356.4653066389059,50.92361523412941,1000356.465306639,125044.55816332987,3071.0,115.45112781954887,47324.65350881156,1779.1223123613368,26.6,3.596416291481277,28.853097519947823,17.0,13,2.6474680624294518,0.6390977443609023,28.853097519947823,100.0,2.6,0.325,0.20650822795865434,0.0,8,0.0,0.0,0.0,0.0,0.0,0.0,30.824780159582588,0.6,1.6520658236692347,0.0,0.0,0.0,0.0,0.0,0.0,0.0,0.0,0.0,100.0,1.0,0.0,100.0,1.0,0.0
230,random,1,1,217.76928076152345,32.024894229635805,1003321.8943162576,125415.2367895322,3156.2,131.50833333333333,41918.554098437,1746.6064207682082,24.0,5.8780008269126,28.173669215233872,17.4,15,4.391766033777542,0.725,28.173669215233872,100.0,3.0,0.375,2.7056142994294614,0.0,8,0.0,0.0,0.0,0.0,0.0,0.0,7.858483703971615,0.4,4.246840933969359,11.595278444005999,0.2,8.624199969229153,5.935591573893362,0.4,8.77387349223718,0.0,0.0,0.0,100.0,1.0,0.0,100.0,1.0,0.0
231,random,1,1,175.2035165555993,31.286342242071303,1931530.7334491634,241441.34168114542,3246.2,142.37719298245614,36121.381080227664,1584.2711000099853,22.8,5.582525231946768,27.168170292843,19.0,13,5.837303865200096,0.8333333333333334,27.168170292843,100.0,2.6,0.325,2.2633200066397476,0.0,8,10.757980906787452,0.2,9.295424565859543,0.0,0.0,0.0,0.0,0.0,0.0,0.0,0.0,0.0,0.0,0.0,0.0,6.587381435956559,0.4,8.811135487258436,100.0,1.0,0.0,100.0,1.0,0.0
232,random,1,1,220.58103338515429,40.84833951576931,2023350.3086502575,252918.7885812822,3344.0,140.50420168067228,39144.8469540863,1644.7414686590882,23.8,4.690377977306556,25.0,20.2,10,5.5282969314531,0.8487394957983193,25.0,100.0,2.0,0.25,0.0,0.0,8,0.0,0.0,0.0,0.0,0.0,0.0,0.0,0.0,0.0,0.0,0.0,0.0,0.0,0.0,0.0,0.0,0.0,0.0,100.0,1.0,0.0,100.0,1.0,0.0
233,random,3,1,370.3459305532794,66.13320188451418,1720239.0312703096,215029.8789087887,2911.0,119.30327868852459,40892.52961923974,1675.923345050809,24.4,3.316667899809803,20.82350677664465,17.8,11,3.9225388190601485,0.7295081967213115,20.82350677664465,100.0,2.2,0.275,1.1221012630616314,0.0,8,0.0,0.0,0.0,0.0,0.0,0.0,0.0,0.0,0.0,6.588054213157193,0.4,8.976810104493051,0.0,0.0,0.0,0.0,0.0,0.0,60.0,0.8,0.0,100.0,1.0,0.0
234,random,3,3,284.5967701235636,47.432795020593936,1763413.4660453412,220426.68325566765,2668.2,107.58870967741936,43668.873161089316,1760.8416597213434,24.8,3.3390992376254593,17.733011158267118,14.8,9,3.2383698706261947,0.5967741935483871,17.733011158267118,100.0,1.8,0.22499999999999998,2.5469552176364227,0.0,8,10.586803599640007,0.2,9.445721653266563,11.596093224416109,0.2,8.623594004008643,0.0,0.0,0.0,0.0,0.0,0.0,0.0,0.0,0.0,0.0,0.0,0.0,19.681192442080828,0.4,2.306326083816178,100.0,1.0,0.0
235,random,3,3,252.3483894244792,54.8583455270607,2354107.9473112253,294263.49341390317,2725.2,114.50420168067227,41421.58357528403,1740.4026712304212,23.8,2.516965121626016,16.923442239015003,15.8,12,2.8387970336159842,0.6638655462184874,16.923442239015003,100.0,2.4,0.3,1.5869955859605913,0.0,8,0.0,0.0,0.0,0.0,0.0,0.0,0.0,0.0,0.0,0.0,0.0,0.0,0.0,0.0,0.0,10.069910558149786,0.4,8.913466569315643,25.317627353970238,1.0,3.7824981183690873,100.0,1.0,0.0
236,random,3,3,339.53757631364476,77.1676309803738,2663210.401913097,332901.30023913714,2812.0,110.70866141732283,40281.793252687174,1585.8973721530383,25.4,1.6254218077541587,23.794445203610053,19.4,12,2.1961349700629578,0.7637795275590551,23.794445203610053,100.0,2.4000000000000004,0.3,2.8784081456992157,0.0,8,0.0,0.0,0.0,0.0,0.0,0.0,8.39922871143699,0.4,9.295362574048342,0.0,0.0,0.0,11.966478425351852,0.2,8.3566774154828,0.0,0.0,0.0,69.98985449209158,0.8,5.375225176062581,100.0,1.0,0.0
237,random,3,3,434.2481779616513,108.56204449041283,3184744.708047116,398093.0885058895,2918.2,108.08148148148148,42763.49134254351,1583.8330126867966,27.0,0.735222906290131,25.0,22.6,10,0.9730444068159539,0.837037037037037,25.0,100.0,2.0,0.25,0.0,0.0,8,0.0,0.0,0.0,0.0,0.0,0.0,0.0,0.0,0.0,0.0,0.0,0.0,0.0,0.0,0.0,0.0,0.0,0.0,100.0,1.0,0.0,100.0,1.0,0.0
238,random,3,3,254.22879438482727,60.530665329720776,4201355.66283877,525169.4578548463,3033.0,110.69343065693431,45184.42675310598,1649.066669821386,27.4,1.2248010027401093,26.613159396055153,23.2,11,1.4027475145299948,0.8467153284671532,26.613159396055153,100.0,2.2,0.275,0.9685961621777512,0.0,8,12.905275168441221,0.2,7.74876929742201,0.0,0.0,0.0,0.0,0.0,0.0,0.0,0.0,0.0,0.0,0.0,0.0,0.0,0.0,0.0,100.0,1.0,0.0,100.0,1.0,0.0
239,random,5,3,273.6636692417933,59.4921020090855,3002158.241134882,375269.78014186025,3092.2,120.7890625,41906.68066244548,1636.9797133767765,25.6,1.819479733259611,33.99723470337506,20.2,16,2.47825191029016,0.7890625,33.99723470337506,100.0,3.2,0.4,1.8263409195516003,0.0,8,0.0,0.0,0.0,0.0,0.0,0.0,5.998764804335224,0.4,8.494775336422027,65.97911282266523,0.8,6.115952019990776,0.0,0.0,0.0,0.0,0.0,0.0,100.0,1.0,0.0,100.0,1.0,0.0
240,random,5,5,486.14768172212615,101.28076702544296,2552679.396472062,319084.92455900775,3196.2,128.8790322580645,38474.77434999104,1551.402191531897,24.8,4.277957231811609,39.10325539681196,21.6,16,5.564050538363623,0.8709677419354839,39.10325539681196,100.0,3.2,0.4,0.9745795979274411,0.0,8,0.0,0.0,0.0,0.0,0.0,0.0,0.0,0.0,0.0,100.0,1.0,0.0,0.0,0.0,0.0,12.82604317449568,0.2,7.796636783419529,100.0,1.0,0.0,100.0,1.0,0.0
241,random,5,5,314.131290215842,65.44401879496709,2913188.3931070315,364148.54913837893,3305.0,128.10077519379846,42472.6051405681,1646.225005448376,25.8,3.4889995171183656,38.858081334564645,22.2,16,5.1632460173780155,0.8604651162790697,38.858081334564645,100.0,3.2,0.4,1.1505201936236646,0.0,8,0.0,0.0,0.0,10.864650676517158,0.2,9.204161548989317,0.0,0.0,0.0,100.0,1.0,0.0,0.0,0.0,0.0,0.0,0.0,0.0,100.0,1.0,0.0,100.0,1.0,0.0
242,random,5,5,538.2103536167158,89.70172560278597,2000538.2103536162,250067.27629420202,3415.0,127.42537313432835,44565.415305332564,1662.8886307959913,26.8,4.376831709891752,37.5,22.6,15,5.619815161121546,0.8432835820895522,37.5,100.0,3.0,0.375,0.0,0.0,8,0.0,0.0,0.0,0.0,0.0,0.0,0.0,0.0,0.0,100.0,1.0,0.0,0.0,0.0,0.0,0.0,0.0,0.0,100.0,1.0,0.0,100.0,1.0,0.0
243,random,5,5,445.78459970403253,76.85941374207458,1683102.456029961,210387.8070037451,3527.6,120.8082191780822,46348.687754256694,1587.2838272005715,29.2,2.7315037601067518,47.630395944016186,23.6,20,4.263157447608813,0.8082191780821918,47.630395944016186,100.0,4.0,0.5,0.94478134619975,0.0,8,0.0,0.0,0.0,0.0,0.0,0.0,0.0,0.0,0.0,100.0,1.0,0.0,81.04316755212949,1.0,7.558250769598,0.0,0.0,0.0,100.0,1.0,0.0,100.0,1.0,0.0
244,random,5,5,256.8436083363563,42.80726805605938,2261995.7267783554,282749.4658472944,3647.0,123.20945945945945,50865.26813275648,1718.4212207012324,29.6,2.751925380341446,51.26393082306208,24.0,22,3.4334224729257508,0.8108108108108109,51.26393082306208,100.0,4.4,0.55,1.1168343067402022,0.0,8,0.0,0.0,0.0,10.111446584496662,0.4,8.934674453921618,0.0,0.0,0.0,100.0,1.0,0.0,100.0,1.0,0.0,0.0,0.0,0.0,100.0,1.0,0.0,100.0,1.0,0.0
245,random,1,5,323.9473687800655,52.24957560968799,1600616.663342773,200077.08291784662,3091.6,116.22556390977444,43791.22483541338,1646.2866479478712,26.6,3.969758175780503,47.62375663314856,16.4,23,4.392951351320629,0.6165413533834586,47.62375663314856,100.0,4.6,0.575,0.9788098821442272,0.0,8,0.0,0.0,0.0,0.0,0.0,0.0,0.0,0.0,0.0,80.0,1.0,0.0,60.0,0.8,0.0,40.99005306518848,0.8,7.830479057153817,100.0,1.0,0.0,100.0,1.0,0.0
246,random,1,1,396.67339189495976,58.334322337494086,1200396.673391895,150049.58417398686,1744.8,71.50819672131148,45271.05612449961,1855.3711526434267,24.4,3.18758140106702,26.671967663091323,10.8,17,3.2563958622503884,0.4426229508196721,26.671967663091323,100.0,3.4000000000000004,0.42500000000000004,3.0064055051876886,0.0,8,10.732960421664757,0.2,9.31709389313944,0.0,0.0,0.0,4.858222413704425,0.4,8.846708105690777,35.04302465104956,0.6,2.09739808100927,34.00341321648739,0.6,2.0993250625538415,0.0,0.0,0.0,100.0,1.0,0.0,28.73812060182445,0.6,1.6907188991081816
247,random,1,1,245.14493455445364,35.02070493635052,1000245.1449345544,125030.6431168193,603.4,32.09574468085106,31596.751782065287,1680.6782862800685,18.8,6.531412694346069,25.0,9.0,10,5.450644691883605,0.4787234042553192,25.0,100.0,2.0,0.25,0.0,0.0,8,0.0,0.0,0.0,0.0,0.0,0.0,0.0,0.0,0.0,0.0,0.0,0.0,0.0,0.0,0.0,0.0,0.0,0.0,100.0,1.0,0.0,100.0,1.0,0.0
248,random,1,1,684.5509305719654,87.76293981691865,200684.55093057203,25085.568866321504,297.4,14.722772277227723,33839.93600991725,1675.2443569265965,20.2,7.665309150223973,26.405308986981026,11.4,11,5.4813151806690374,0.5643564356435643,26.405308986981026,100.0,2.2,0.275,1.1118551254387559,0.0,8,0.0,0.0,0.0,0.0,0.0,0.0,0.0,0.0,0.0,0.0,0.0,0.0,11.242471895848212,0.2,8.894841003510047,0.0,0.0,0.0,100.0,1.0,0.0,100.0,1.0,0.0
249,random,1,1,448.96422578067165,64.13774654009595,4083.30059883388,510.412574854235,361.0,18.05,31105.57956551946,1555.278978275973,20.0,7.043759957968005,25.15754045205199,14.4,14,5.888051252119075,0.72,25.15754045205199,100.0,2.8,0.35,2.160065860114991,0.0,8,0.38833661124499486,0.4,8.594129688199608,0.0,0.0,0.0,0.8719870051709222,0.4,8.686397192720321,0.0,0.0,0.0,0.0,0.0,0.0,0.0,0.0,0.0,100.0,1.0,0.0,100.0,1.0,0.0
250,random,1,1,313.1952405024179,78.29881012560448,1620510.5822575067,202563.82278218833,446.0,20.272727272727273,34884.75944148939,1585.670883704063,22.0,2.963508998049888,25.0,18.8,10,4.89294590352667,0.8545454545454545,25.0,100.0,2.0,0.25,0.0,0.0,8,0.0,0.0,0.0,0.0,0.0,0.0,0.0,0.0,0.0,0.0,0.0,0.0,0.0,0.0,0.0,0.0,0.0,0.0,100.0,1.0,0.0,100.0,1.0,0.0
251,random,1,1,271.2339189017633,56.50706643786735,3422127.9514688863,427765.9939336108,539.0,21.56,42037.81631108488,1681.5126524433952,25.0,1.7853166760507306,26.017441647844066,19.2,12,1.932238830581871,0.768,26.017441647844066,100.0,2.4,0.3,1.136256689345464,0.0,8,0.0,0.0,0.0,0.0,0.0,0.0,0.0,0.0,0.0,8.13953318275253,0.4,9.090053514763712,0.0,0.0,0.0,0.0,0.0,0.0,100.0,1.0,0.0,100.0,1.0,0.0
252,random,0,1,389.195504992628,69.49919732011215,2001332.3646459333,250166.54558074166,557.0,23.016528925619834,42418.56054825488,1752.8330805064,24.2,2.815589346598808,20.0,16.8,9,2.659602898634096,0.6942148760330579,20.0,100.0,1.8,0.225,0.0,0.0,8,0.0,0.0,0.0,0.0,0.0,0.0,0.0,0.0,0.0,0.0,0.0,0.0,0.0,0.0,0.0,0.0,0.0,0.0,100.0,1.0,0.0,60.0,0.8,0.0
253,random,0,0,411.872282026181,62.40489121608803,1400411.8722820259,175051.48403525323,529.6,21.528455284552845,45431.540555273554,1846.8105916777868,24.6,3.4394755496694485,19.255795062359766,13.4,14,2.980921005776361,0.5447154471544715,19.255795062359766,100.0,2.8000000000000003,0.35000000000000003,3.5920788034473814,0.0,8,0.0,0.0,0.0,0.0,0.0,0.0,4.475671473351213,0.4,9.071870741061867,11.475361838183744,0.2,8.714322163441901,0.0,0.0,0.0,11.716526326363237,0.6,8.940239411964074,100.0,1.0,0.0,26.378800860979936,0.6,2.0101981111112095
254,random,0,0,536.3188686590661,107.26377373181322,1275297.1491397435,159412.14364246794,504.2,20.168,40032.74642879153,1601.3098571516612,25.0,1.3318973123968025,17.280750881815834,13.4,10,1.6663242234211935,0.536,17.280750881815834,100.0,2.0,0.25,1.6380659747029147,0.0,8,10.973818304364613,0.2,9.112598479986408,0.0,0.0,0.0,0.0,0.0,0.0,0.0,0.0,0.0,0.0,0.0,0.0,0.0,0.0,0.0,100.0,1.0,0.0,27.27218875016206,0.8,3.9919293176369095
255,random,0,0,334.27229873339536,66.85445974667907,3040371.7766473433,380046.4720809179,578.6,21.272058823529413,45584.31216771837,1675.8938296955284,27.2,1.3327881675126583,25.0,17.4,10,1.3961465010290373,0.6397058823529411,25.0,100.0,2.0,0.25,0.0,0.0,8,0.0,0.0,0.0,0.0,0.0,0.0,0.0,0.0,0.0,0.0,0.0,0.0,0.0,0.0,0.0,0.0,0.0,0.0,100.0,1.0,0.0,100.0,1.0,0.0
256,random,0,0,927.9986571863963,171.85160318266597,2401856.812807042,300232.10160088027,673.8,22.763513513513512,46656.82046004836,1576.2439344610932,29.6,1.3245307878117933,27.799070579392833,21.2,12,1.5389169001727145,0.7162162162162162,27.799070579392833,100.0,2.4,0.3,2.2360780065109704,0.0,8,0.0,0.0,0.0,11.619434044027912,0.2,8.606271150650182,10.77313059111475,0.2,9.282352901437584,0.0,0.0,0.0,0.0,0.0,0.0,0.0,0.0,0.0,100.0,1.0,0.0,100.0,1.0,0.0
257,random,0,0,910.7054603036861,157.01818281098036,1731628.9637644805,216453.62047056007,790.6,24.25153374233129,52346.45496980239,1605.7194776013002,32.6,1.1505183989599246,26.602075487527372,25.4,13,1.4622596109599149,0.7791411042944786,26.602075487527372,100.0,2.6,0.325,2.138945552678504,0.0,8,0.0,0.0,0.0,0.0,0.0,0.0,0.0,0.0,0.0,0.0,0.0,0.0,0.8242164483408487,0.4,8.772941240575166,11.99238745187813,0.2,8.338623180852865,100.0,1.0,0.0,100.0,1.0,0.0
258,random,4,0,541.0162332261174,100.18819133816987,1300211.681085372,162526.4601356715,833.4,26.20754716981132,51782.84507441373,1628.3913545413122,31.8,1.1630419085265369,25.0,24.0,10,1.1565012024141135,0.7547169811320755,25.0,100.0,2.0,0.25,0.0,0.0,8,0.0,0.0,0.0,0.0,0.0,0.0,0.0,0.0,0.0,0.0,0.0,0.0,0.0,0.0,0.0,0.0,0.0,0.0,100.0,1.0,0.0,100.0,1.0,0.0
259,random,4,4,375.50346659749727,62.58391109958288,4376395.796668104,547049.474583513,949.0,31.845637583892618,49893.24439526444,1674.2699461498132,29.8,3.878835686647251,30.556645804533673,24.2,13,4.628964805234548,0.8120805369127517,30.556645804533673,100.0,2.6,0.325,1.6303344054264017,0.0,8,0.0,0.0,0.0,0.0,0.0,0.0,37.32075021954188,0.4,4.336664811801166,7.132416216727506,0.2,8.706010431610048,0.0,0.0,0.0,0.0,0.0,0.0,100.0,1.0,0.0,100.0,1.0,0.0
260,random,4,4,285.4837251936282,47.58062086560469,2000285.4837251934,250035.68546564918,1072.0,36.21621621621622,49270.765860913816,1664.552900706548,29.6,4.5659376213091605,38.58401715917523,25.2,18,5.3347082701527695,0.8513513513513513,38.58401715917523,100.0,3.6,0.44999999999999996,1.1326711572008208,0.0,8,0.0,0.0,0.0,0.0,0.0,0.0,100.0,1.0,0.0,0.0,0.2,0.0,8.672137273401859,0.4,9.061369257606566,0.0,0.0,0.0,100.0,1.0,0.0,100.0,1.0,0.0
261,random,4,4,193.44443470470932,35.823043463835056,2261699.5482329326,282712.4435291166,1198.2,41.317241379310346,45446.154270661056,1567.1087679538296,29.0,4.318466550044671,49.697889534593855,25.6,20,5.610385230734581,0.8827586206896552,49.697889534593855,100.0,4.0,0.5,1.0108695219725974,0.0,8,78.88121514091836,0.8,4.221576084725972,18.701901135832486,0.2,3.8653800910548073,100.0,1.0,0.0,0.0,0.0,0.0,0.0,0.0,0.0,0.0,0.0,0.0,100.0,1.0,0.0,100.0,1.0,0.0
262,random,4,4,533.3750903097455,126.99406912136797,2738413.683733892,342301.7104667365,1330.2,44.939189189189186,45228.87839437382,1528.002648458575,29.6,4.227862233061451,62.5,27.2,25,5.823415269642541,0.918918918918919,62.5,100.0,5.0,0.625,0.0,0.0,8,100.0,1.0,0.0,100.0,1.0,0.0,100.0,1.0,0.0,0.0,0.0,0.0,0.0,0.0,0.0,0.0,0.0,0.0,100.0,1.0,0.0,100.0,1.0,0.0
263,random,2,4,803.7396462592426,174.7260100563571,3360210.3696281193,420026.2962035149,1337.0,42.31012658227848,51766.75755810323,1638.1885303197223,31.6,2.772923734274328,61.38380977303257,25.8,26,4.906749581896994,0.8164556962025317,61.38380977303257,100.0,5.2,0.65,1.1291291841188835,0.0,8,100.0,1.0,0.0,100.0,1.0,0.0,100.0,1.0,0.0,11.070478184260537,0.2,9.033033472951068,0.0,0.0,0.0,0.0,0.0,0.0,100.0,1.0,0.0,80.0,1.0,0.0
264,random,2,2,574.9766206722522,102.67439654861647,2030343.3190128915,253792.91487661144,1269.6,39.675,52880.05882418144,1652.50183825567,32.0,1.2580001830583611,52.55340617252443,21.2,23,1.344800320076791,0.6625,52.55340617252443,100.0,4.6,0.575,0.21243401581877908,0.0,8,100.0,1.0,0.0,100.0,1.0,0.0,100.0,1.0,0.0,0.0,0.0,0.0,0.0,0.0,0.0,0.0,0.0,0.0,100.0,1.0,0.0,20.427249380195462,0.6,1.6994721265502326
265,random,2,2,180.46080059277028,36.092160118554055,2863110.085682919,357888.76071036485,1252.0,40.64935064935065,55065.235848368866,1787.8323327392488,30.8,2.2262697595061285,54.603253160734084,19.6,24,2.213869223083489,0.6363636363636364,54.603253160734084,100.0,4.8,0.6,0.5078034915947238,0.0,8,100.0,1.0,0.0,100.0,1.0,0.0,100.0,1.0,0.0,0.0,0.0,0.0,0.0,0.0,0.0,0.0,0.0,0.0,100.0,1.0,0.0,36.826025285872674,0.8,4.062427932757791
266,random,2,2,806.3148985333495,149.3175738024721,2401376.9445859897,300172.1180732487,1340.2,41.62111801242236,56205.20221941571,1745.5031745160159,32.2,2.298435383160318,55.20472951839395,20.0,31,3.071462121704669,0.6211180124223602,55.20472951839395,100.0,6.2,0.7749999999999999,2.8570813061225757,0.0,8,100.0,1.0,0.0,100.0,1.0,0.0,100.0,1.0,0.0,0.0,0.4,0.0,31.60680026164755,0.6,8.640841124777541,3.515971266028828,0.4,8.523658366501332,100.0,1.0,0.0,6.515064619475197,0.8,5.69215095770173
267,random,2,2,643.7232631075881,114.95058269778359,2019339.4685075898,252417.43356344872,1441.8,44.22699386503067,56283.651166379335,1726.4923670668509,32.6,1.2447008480988129,51.86136833750027,21.6,24,1.7096823862321182,0.6625766871165644,51.86136833750027,100.0,4.8,0.6,0.85039893618325,0.0,8,100.0,1.0,0.0,100.0,1.0,0.0,100.0,1.0,0.0,0.0,0.0,0.0,0.0,0.0,0.0,0.0,0.0,0.0,100.0,1.0,0.0,14.890946700002132,0.8,6.803191489466
268,random,2,2,358.8395554923959,71.76791109847917,2861561.887565541,357695.23594569264,1555.2,48.298136645962735,52549.66236101207,1631.9770919568966,32.2,1.207102344713706,52.51992051458558,23.4,24,1.4081433713212645,0.7267080745341615,52.51992051458558,100.0,4.8,0.6,0.7354825964184808,0.0,8,100.0,1.0,0.0,100.0,1.0,0.0,100.0,1.0,0.0,0.0,0.0,0.0,0.0,0.0,0.0,0.0,0.0,0.0,100.0,1.0,0.0,20.15936411668463,0.8,5.883860771347846
269,random,3,2,681.467770748481,170.36694268712026,2961333.754440777,370166.7193050971,1192.6,35.706586826347305,52821.560141115486,1581.483836560344,33.4,0.7931200644570223,58.5489652203529,25.8,26,1.1440512396418745,0.7724550898203593,58.5489652203529,100.0,5.2,0.65,1.1120945758069867,0.0,8,100.0,1.0,0.0,100.0,1.0,0.0,100.0,1.0,0.0,0.0,0.0,0.0,0.0,0.0,0.0,8.391721762823181,0.4,8.896756606455893,60.0,0.8,0.0,100.0,1.0,0.0
270,random,3,3,695.4776574908644,139.09553149817287,2111036.964681426,263879.62058517826,870.4,24.312849162011172,59782.61380289763,1669.9054134887606,35.8,0.5879945620604081,54.54359778206481,24.4,23,0.6105282981833767,0.6815642458100558,54.54359778206481,100.0,4.6,0.575,0.2537253783723823,0.0,8,100.0,1.0,0.0,100.0,1.0,0.0,100.0,1.0,0.0,0.0,0.0,0.0,0.0,0.0,0.0,0.0,0.0,0.0,36.34878225651846,0.6,2.0298030269790583,100.0,1.0,0.0
271,random,3,3,606.9254665093654,101.15424441822756,1920382.098901653,240047.76236270662,949.6,25.94535519125683,63175.09095262806,1726.0953812193459,36.6,1.1903087671046617,53.94495999138485,25.0,24,1.0800732415296368,0.6830601092896175,53.94495999138485,100.0,4.8,0.6,0.4770605732715001,0.0,8,100.0,1.0,0.0,100.0,1.0,0.0,100.0,1.0,0.0,0.0,0.0,0.0,0.0,0.0,0.0,0.0,0.0,0.0,31.55967993107879,0.8,3.8164845861720007,100.0,1.0,0.0
272,random,3,3,852.530852191536,129.17134124114182,1519061.9486442038,189882.74358052548,1077.2,28.802139037433154,61033.12990508651,1631.90186911996,37.4,1.57444561649169,55.72135787022262,27.0,27,1.6056255935938442,0.7219251336898396,55.72135787022262,100.0,5.4,0.675,2.4061706640736413,0.0,8,100.0,1.0,0.0,100.0,1.0,0.0,100.0,1.0,0.0,0.0,0.0,0.0,6.1445181222097744,0.2,6.112839221436218,20.53557748095045,0.4,7.697162726595653,19.090767358620724,0.8,5.439363364557258,100.0,1.0,0.0
273,random,3,3,885.8450526384917,142.8782342965309,1243120.507509825,155390.06343872813,1216.2,32.00526315789474,61306.825064826626,1613.3375017059639,38.0,1.3923441215090668,70.56702269180448,29.2,34,1.903604075823522,0.7684210526315789,70.56702269180448,100.0,6.8,0.8500000000000001,0.7777531518512002,0.0,8,100.0,1.0,0.0,100.0,1.0,0.0,100.0,1.0,0.0,40.0,0.6,0.12301470863663186,20.0,0.6,0.0,100.0,1.0,0.0,4.536181534435855,0.6,6.09901050617297,100.0,1.0,0.0
274,random,0,3,786.7327024603871,151.29475047315137,1694616.3453643024,211827.0431705378,1286.6,33.68062827225131,59362.81941607855,1554.0005082743075,38.2,0.6839474840996533,64.94364959067241,29.6,27,0.8221771616487467,0.774869109947644,64.94364959067241,100.0,5.3999999999999995,0.675,0.503225603276355,0.0,8,100.0,1.0,0.0,100.0,1.0,0.0,100.0,1.0,0.0,59.54919672537926,0.6,4.02580482621084,0.0,0.0,0.0,100.0,1.0,0.0,0.0,0.0,0.0,60.0,0.8,0.0
275,random,0,0,448.1437527471924,117.93256651241906,3659155.92741926,457394.4909274075,1345.6,35.041666666666664,58668.236159246866,1527.8186499803871,38.4,0.4969676038688708,75.1560688639438,29.0,31,0.7364067908070889,0.7552083333333334,75.1560688639438,100.0,6.2,0.775,1.135276705737584,0.0,8,100.0,1.0,0.0,100.0,1.0,0.0,100.0,1.0,0.0,100.0,1.0,0.0,23.283079817924772,0.4,6.838498147245171,100.0,1.0,0.0,0.0,0.0,0.0,77.96547109362564,0.8,2.243715498655501
276,random,0,0,1134.9819667979225,270.23380161855295,4450173.435772555,556271.6794715694,1473.8,35.59903381642512,63740.58487402064,1539.6276539618514,41.4,0.25089109714402313,87.5,32.6,35,0.29324329477304023,0.7874396135265701,87.5,100.0,7.0,0.875,0.0,0.0,8,100.0,1.0,0.0,100.0,1.0,0.0,100.0,1.0,0.0,100.0,1.0,0.0,100.0,1.0,0.0,100.0,1.0,0.0,0.0,0.0,0.0,100.0,1.0,0.0
277,random,0,0,1162.8109796918857,223.6174960945934,2086142.2541747596,260767.78177184495,1641.6,37.47945205479452,69363.47025715119,1583.6408734509403,43.8,0.5681771898095923,87.5,35.8,35,0.6488449497726027,0.817351598173516,87.5,100.0,7.0,0.875,0.0,0.0,8,100.0,1.0,0.0,100.0,1.0,0.0,100.0,1.0,0.0,100.0,1.0,0.0,100.0,1.0,0.0,100.0,1.0,0.0,0.0,0.0,0.0,100.0,1.0,0.0
278,random,0,0,516.2999816982101,122.9285670710024,2846572.2982346886,355821.5372793361,1831.8,41.44343891402715,69156.55854901671,1564.6280214709664,44.2,0.7635203303072392,87.5,39.6,35,1.034552664097376,0.8959276018099548,87.5,100.0,7.0,0.875,0.0,0.0,8,100.0,1.0,0.0,100.0,1.0,0.0,100.0,1.0,0.0,100.0,1.0,0.0,100.0,1.0,0.0,100.0,1.0,0.0,0.0,0.0,0.0,100.0,1.0,0.0
279,random,0,0,765.760270018284,191.440067504571,2424515.3593999683,303064.41992499604,2035.4,44.056277056277054,70915.66215980044,1534.971042419923,46.2,0.5968076265989364,89.0229188748151,41.8,36,1.0154950497691722,0.9047619047619048,89.0229188748151,100.0,7.2,0.9,1.025990304434109,0.0,8,100.0,1.0,0.0,100.0,1.0,0.0,100.0,1.0,0.0,100.0,1.0,0.0,100.0,1.0,0.0,100.0,1.0,0.0,12.183350998520837,0.2,8.207922435472872,100.0,1.0,0.0
280,random,0,0,992.4143738917528,261.16167733993495,6623695.415273441,827961.9269091801,2250.0,46.875,75448.3080209477,1571.8397504364104,48.0,0.2572261021868877,87.5,44.0,35,0.3236390813050376,0.9166666666666666,87.5,100.0,7.0,0.875,0.0,0.0,8,100.0,1.0,0.0,100.0,1.0,0.0,100.0,1.0,0.0,100.0,1.0,0.0,100.0,1.0,0.0,100.0,1.0,0.0,0.0,0.0,0.0,100.0,1.0,0.0
281,random,0,0,508.81410875414775,141.3372524317077,4060186.3334078463,507523.2916759808,2470.2,51.24896265560166,75256.01795282264,1561.3281732950757,48.2,0.42181778702269745,87.5,44.4,35,0.5478073685089223,0.921161825726141,87.5,100.0,7.0,0.875,0.0,0.0,8,100.0,1.0,0.0,100.0,1.0,0.0,100.0,1.0,0.0,100.0,1.0,0.0,100.0,1.0,0.0,100.0,1.0,0.0,0.0,0.0,0.0,100.0,1.0,0.0
282,random,0,0,604.3111178727492,251.7962991136455,5262325.861124474,657790.7326405592,2697.2,54.59919028340081,75210.08615998854,1522.471379756853,49.4,0.2413873444261212,87.5,46.6,35,0.5268947628568833,0.9433198380566802,87.5,100.0,7.0,0.875,0.0,0.0,8,100.0,1.0,0.0,100.0,1.0,0.0,100.0,1.0,0.0,100.0,1.0,0.0,100.0,1.0,0.0,100.0,1.0,0.0,0.0,0.0,0.0,100.0,1.0,0.0
283,random,1,0,1462.638846584166,270.85904566373443,2002288.2414042554,250286.03017553192,1254.6,27.756637168141594,75247.17096962854,1664.7604196820473,45.2,0.45489091562939643,62.5,30.2,31,0.5593546367145644,0.668141592920354,62.5,100.0,6.2,0.775,0.0,0.0,8,60.0,0.8,0.0,80.0,1.0,0.0,60.0,0.8,0.0,80.0,1.0,0.0,60.0,0.8,0.0,60.0,0.8,0.0,0.0,0.0,0.0,100.0,1.0,0.0
284,random,1,1,299.3057833429638,49.8842972238273,2000299.305783343,250037.41322291788,524.4,13.242424242424242,72783.62973849468,1837.9704479417849,39.6,1.6752006565624413,36.36039437709485,15.0,23,1.2501578426535855,0.3787878787878788,36.36039437709485,100.0,4.6,0.575,1.494946911079416,0.0,8,24.570423086224764,0.6,1.7806958670415998,36.815838822158184,0.6,2.006788305804502,31.540488505029316,0.6,2.056299376387138,39.93767556512012,0.6,2.1425378930115153,28.495979343206272,0.6,1.8871010542556312,29.52274969502014,0.6,2.0861527921349405,0.0,0.0,0.0,100.0,1.0,0.0
285,random,1,1,315.1676077103423,46.3481776044621,1200315.1676077105,150039.3959509638,571.0,17.408536585365855,64038.99502364711,1952.4083848672901,32.8,2.711602251183623,24.048110392785702,13.6,21,1.6691558276531557,0.4146341463414634,24.048110392785702,100.0,4.2,0.525,2.482169134630477,0.0,8,29.2425728473836,1.0,4.046747781280427,28.93223211943223,0.6,4.027163617169361,8.975230337669018,0.8,3.881692605174215,17.276180425865277,0.4,3.6493703904739663,7.958667411935494,0.4,4.252378682945845,0.0,0.0,0.0,0.0,0.0,0.0,100.0,1.0,0.0
286,random,1,1,287.74286491493115,41.10612355927588,1000287.7428649149,125035.96785811437,641.2,21.373333333333335,51236.54935066625,1707.8849783555418,30.0,2.8393041352529877,21.721708905203627,15.6,14,2.0597884299900255,0.52,21.721708905203627,100.0,2.8000000000000003,0.35000000000000003,1.8789279573069613,0.0,8,3.59780250330914,0.4,5.523836106057833,58.60566492646285,0.8,3.9029120204562093,11.570203811857027,0.6,5.604675531941648,0.0,0.0,0.0,0.0,0.0,0.0,0.0,0.0,0.0,0.0,0.0,0.0,100.0,1.0,0.0
287,random,1,1,279.844927989813,48.249125515485005,1121616.424286291,140202.05303578638,741.8,24.241830065359476,47672.54417867459,1557.9262803488427,30.6,2.2956257891042897,50.04389077230144,23.0,23,2.177647360832408,0.7516339869281046,50.04389077230144,100.0,4.6,0.575,2.6327338940005056,0.0,8,63.82278652633431,0.8,6.781630389272641,100.0,1.0,0.0,100.0,1.0,0.0,0.0,0.0,0.0,4.216187458287095,0.4,9.184755558520557,0.0,0.0,0.0,32.3121521937901,0.4,5.09548520421085,100.0,1.0,0.0
288,random,2,1,661.9461237226582,150.44230084605866,2246752.345762659,280844.04322033236,674.6,21.761290322580646,49564.28856367811,1598.8480181831646,31.0,1.6215966574668852,58.95255915009102,24.6,25,2.516168008908944,0.7935483870967742,58.95255915009102,100.0,5.0,0.625,1.0756876922375873,0.0,8,100.0,1.0,0.0,100.0,1.0,0.0,100.0,1.0,0.0,11.620473200728156,0.2,8.605501537900698,0.0,0.0,0.0,0.0,0.0,0.0,100.0,1.0,0.0,60.0,0.8,0.0
289,random,2,2,348.1952168408631,91.63032022127977,3285646.393810952,410705.799226369,543.6,18.12,48984.93267217368,1632.831089072456,30.0,1.0482645604077958,53.848296435120346,22.2,23,1.9211758553367355,0.74,53.848296435120346,100.0,4.6000000000000005,0.575,1.4268733393789528,0.0,8,100.0,1.0,0.0,100.0,1.0,0.0,100.0,1.0,0.0,0.0,0.0,0.0,0.0,0.0,0.0,10.972746457750873,0.2,9.113488622473593,100.0,1.0,0.0,19.8136250232119,0.4,2.3014980925580297
290,random,2,2,431.4793157627235,119.85536548964541,4033094.211076143,504136.7763845179,414.0,13.89261744966443,50327.33598912113,1688.8367781584273,29.8,0.8138890306172197,52.83362846742193,19.6,26,1.1992405760269442,0.6577181208053692,52.83362846742193,100.0,5.2,0.65,1.5605219950262477,0.0,8,100.0,1.0,0.0,100.0,1.0,0.0,100.0,1.0,0.0,0.0,0.0,0.0,1.3330502639610131,0.4,8.49029020955786,0.0,0.0,0.0,100.0,1.0,0.0,21.33597747541444,0.8,3.993885750652121
291,random,2,2,592.0692188915515,148.01730472288787,3801415.8185060197,475176.97731325246,502.4,16.0,51209.23001689727,1630.8671979903588,31.4,0.6504507025549815,58.51242790087895,21.8,24,0.8750098932245381,0.6942675159235668,58.51242790087895,100.0,4.8,0.6,0.6685742774996868,0.0,8,100.0,1.0,0.0,100.0,1.0,0.0,100.0,1.0,0.0,0.0,0.0,0.0,0.0,0.0,0.0,0.0,0.0,0.0,100.0,1.0,0.0,68.09942320703158,0.8,5.348594219997494
292,random,2,2,1033.7768282010343,172.2961380335057,1601512.3356876788,200189.04196095985,621.2,17.548022598870055,57128.79376072456,1613.8077333538013,35.4,0.9083707231461086,62.5,26.0,25,1.0047826410184642,0.7344632768361582,62.5,100.0,5.0,0.625,0.0,0.0,8,100.0,1.0,0.0,100.0,1.0,0.0,100.0,1.0,0.0,0.0,0.0,0.0,0.0,0.0,0.0,0.0,0.0,0.0,100.0,1.0,0.0,100.0,1.0,0.0
293,random,2,2,991.9221943979352,137.76697144415766,96229.07006642742,12028.633758303427,755.6,19.88421052631579,61360.82993316873,1614.7586824518087,38.0,1.1355225685732133,69.17357465225223,28.8,29,1.1125324709309887,0.7578947368421053,69.17357465225223,100.0,5.800000000000001,0.725,2.0639979121784324,0.0,8,100.0,1.0,0.0,100.0,1.0,0.0,100.0,1.0,0.0,0.0,0.0,0.0,42.12264016435256,0.6,7.6356845929631065,11.265957053665261,0.2,8.876298704464354,100.0,1.0,0.0,100.0,1.0,0.0
294,random,6,2,1229.4859461385795,170.7619369636916,184515.92958771632,23064.49119846454,726.6,18.535714285714285,64610.582716401805,1648.2291509286174,39.2,1.0179631010277548,70.0,29.6,29,0.7860794969761503,0.7551020408163265,70.0,100.0,5.8,0.725,0.0,0.0,8,100.0,1.0,0.0,100.0,1.0,0.0,100.0,1.0,0.0,0.0,0.0,0.0,100.0,1.0,0.0,0.0,0.0,0.0,60.0,0.8,0.0,100.0,1.0,0.0
295,random,6,6,792.2570172539006,146.71426245442603,1838618.6452603475,229827.33065754344,852.4,21.969072164948454,60603.297108267376,1561.940647120293,38.8,0.9833468286520892,79.36322818557187,32.0,34,1.1244966067689952,0.8247422680412371,79.36322818557187,100.0,6.8,0.85,1.6499435225691492,0.0,8,100.0,1.0,0.0,100.0,1.0,0.0,100.0,1.0,0.0,71.72968887101433,0.8,5.007106844905955,100.0,1.0,0.0,25.685140763425807,0.4,6.454200088422245,37.49099585013482,0.6,1.738241247224993,100.0,1.0,0.0
296,random,6,6,480.37825027279996,150.11820321025,4813649.946091896,601706.243261487,1022.0,27.180851063829788,58259.1724814501,1549.446076634311,37.6,1.175411874753471,87.5,35.0,35,2.5138682079352694,0.9308510638297872,87.5,100.0,7.0,0.875,0.0,0.0,8,100.0,1.0,0.0,100.0,1.0,0.0,100.0,1.0,0.0,100.0,1.0,0.0,100.0,1.0,0.0,100.0,1.0,0.0,0.0,0.0,0.0,100.0,1.0,0.0
297,random,6,6,554.389496440932,197.9962487289043,4943926.816078419,617990.8520098024,1200.0,31.57894736842105,57517.08214900621,1513.6074249738474,38.0,1.1387552220917354,87.5,36.0,35,2.725889602642854,0.9473684210526315,87.5,100.0,7.0,0.875,0.0,0.0,8,100.0,1.0,0.0,100.0,1.0,0.0,100.0,1.0,0.0,100.0,1.0,0.0,100.0,1.0,0.0,100.0,1.0,0.0,0.0,0.0,0.0,100.0,1.0,0.0
298,random,6,6,190.05172985150003,86.38714993250001,5208277.377655386,651034.6722069232,1380.2,35.942708333333336,59242.92147269059,1542.7844133513174,38.4,0.9964870016168769,87.5,36.6,35,2.4735383761879963,0.953125,87.5,100.0,7.0,0.875,0.0,0.0,8,100.0,1.0,0.0,100.0,1.0,0.0,100.0,1.0,0.0,100.0,1.0,0.0,100.0,1.0,0.0,100.0,1.0,0.0,0.0,0.0,0.0,100.0,1.0,0.0
299,random,6,6,1102.4016344181775,250.54582600413124,4730399.914819293,591299.9893524116,1564.0,36.54205607476636,67601.45207039101,1579.4731792147431,42.8,0.5314212907470064,87.5,37.8,35,0.8012775966881495,0.883177570093458,87.5,100.0,7.0,0.875,0.0,0.0,8,100.0,1.0,0.0,100.0,1.0,0.0,100.0,1.0,0.0,100.0,1.0,0.0,100.0,1.0,0.0,100.0,1.0,0.0,0.0,0.0,0.0,100.0,1.0,0.0
300,random,6,6,920.9224759433894,153.48707932389823,2000920.9224759433,250115.11530949292,1752.0,39.81818181818182,71545.13672904955,1626.0258347511262,44.0,1.0489552500163177,87.5,38.0,35,1.5490026128326766,0.8636363636363636,87.5,100.0,7.0,0.875,0.0,0.0,8,100.0,1.0,0.0,100.0,1.0,0.0,100.0,1.0,0.0,100.0,1.0,0.0,100.0,1.0,0.0,100.0,1.0,0.0,0.0,0.0,0.0,100.0,1.0,0.0
301,random,3,6,815.4844171491162,135.9140695248527,2000815.484417149,250101.93555214364,1744.6,39.11659192825112,72513.47291572465,1625.8626214288035,44.6,1.711450097061909,86.17996011383525,35.4,37,2.4698833096128974,0.7937219730941704,86.17996011383525,100.0,7.4,0.925,1.0952034466550689,0.0,8,80.0,1.0,0.0,100.0,1.0,0.0,100.0,1.0,0.0,100.0,1.0,0.0,100.0,1.0,0.0,100.0,1.0,0.0,9.439680910682,0.4,8.76162757324055,100.0,1.0,0.0
302,random,3,3,669.8519521666076,133.9703904333215,2080515.3099850104,260064.4137481263,1831.2,42.0,68718.31144089995,1576.1080605711,43.6,1.558468834965265,77.82767662998481,35.4,33,2.5816820391294106,0.8119266055045872,77.82767662998481,100.0,6.6,0.825,0.21461430167619708,0.0,8,22.621413039878462,0.6,1.7169144134095766,100.0,1.0,0.0,100.0,1.0,0.0,100.0,1.0,0.0,100.0,1.0,0.0,100.0,1.0,0.0,0.0,0.0,0.0,100.0,1.0,0.0
303,random,3,3,839.4670115422165,199.87309798624202,2985997.3597932886,373249.6699741611,2017.8,45.85909090909091,65567.84659769767,1490.1783317658562,44.0,1.3194504861029643,85.80947998392162,38.8,35,2.6863236037372524,0.8818181818181818,85.80947998392162,100.0,7.0,0.875,0.4258621945743275,0.0,8,86.47583987137295,1.0,3.40689755659462,100.0,1.0,0.0,100.0,1.0,0.0,100.0,1.0,0.0,100.0,1.0,0.0,100.0,1.0,0.0,0.0,0.0,0.0,100.0,1.0,0.0
304,random,3,3,543.8287327037405,169.94647896991887,5120202.548539208,640025.318567401,2220.6,50.013513513513516,69342.81419669747,1561.7750945202133,44.4,1.2184419409370597,87.5,41.6,35,2.7082703776496553,0.9369369369369369,87.5,100.0,7.0,0.875,0.0,0.0,8,100.0,1.0,0.0,100.0,1.0,0.0,100.0,1.0,0.0,100.0,1.0,0.0,100.0,1.0,0.0,100.0,1.0,0.0,0.0,0.0,0.0,100.0,1.0,0.0
305,random,3,3,860.2136873872162,226.37202299663585,3485614.106787552,435701.763348444,2426.6,52.75217391304348,69970.2589896293,1521.0925867310718,46.0,1.0374597832977872,87.5,42.6,35,2.4569714602983197,0.9260869565217391,87.5,100.0,7.0,0.875,0.0,0.0,8,100.0,1.0,0.0,100.0,1.0,0.0,100.0,1.0,0.0,100.0,1.0,0.0,100.0,1.0,0.0,100.0,1.0,0.0,0.0,0.0,0.0,100.0,1.0,0.0
306,random,3,3,1165.0968152936236,233.01936305872474,2936031.6994808814,367003.9624351102,2640.2,53.01606425702811,78352.16689616993,1573.336684662047,49.8,0.4193312471054488,87.5,43.8,35,0.571664863762488,0.8795180722891566,87.5,100.0,7.0,0.875,0.0,0.0,8,100.0,1.0,0.0,100.0,1.0,0.0,100.0,1.0,0.0,100.0,1.0,0.0,100.0,1.0,0.0,100.0,1.0,0.0,0.0,0.0,0.0,100.0,1.0,0.0
307,random,2,3,1544.5376057590258,220.64822939414654,9604.3215932739,1200.5401991592375,2616.4,51.503937007874015,82597.62706373245,1625.9375406246543,50.8,0.9515822300373873,82.5,41.4,34,1.332957720674381,0.8149606299212598,82.5,100.0,6.8,0.85,0.0,0.0,8,100.0,1.0,0.0,100.0,1.0,0.0,100.0,1.0,0.0,100.0,1.0,0.0,100.0,1.0,0.0,100.0,1.0,0.0,0.0,0.0,0.0,60.0,0.8,0.0
308,random,2,2,1389.7836619917778,193.02550860996914,34663.15351024377,4332.894188780471,2504.8,49.11372549019608,81448.92406275136,1597.037726720615,51.0,1.4061214665117685,81.13856752885965,39.2,34,2.187247931115145,0.7686274509803922,81.13856752885965,100.0,6.8,0.85,1.1793135276854234,0.0,8,100.0,1.0,0.0,100.0,1.0,0.0,100.0,1.0,0.0,100.0,1.0,0.0,100.0,1.0,0.0,100.0,1.0,0.0,9.971489827958067,0.2,7.354146962875455,39.13705040291916,0.6,2.0803612586079314
309,random,2,2,512.5150701294604,106.77397294363757,2572706.711112311,321588.3388890389,2420.0,49.38775510204081,80282.77715260324,1638.4240235225152,49.0,1.5351443337318313,78.81777858888881,38.2,34,2.568534787613426,0.7795918367346939,78.81777858888881,100.0,6.8,0.85,0.5355196906801569,0.0,8,100.0,1.0,0.0,100.0,1.0,0.0,100.0,1.0,0.0,100.0,1.0,0.0,100.0,1.0,0.0,100.0,1.0,0.0,0.0,0.2,0.0,30.54222871111051,0.6,4.284157525441255
310,random,2,2,228.26168733764266,81.52203119201523,4530100.944476439,566262.6180595548,2600.2,54.62605042016807,75735.25574425492,1591.0768013498932,47.6,1.5729436427333365,78.63928257478335,40.0,33,2.839834759031769,0.8403361344537815,78.63928257478335,100.0,6.6,0.825,0.7474022583043245,0.0,8,100.0,1.0,0.0,100.0,1.0,0.0,100.0,1.0,0.0,100.0,1.0,0.0,100.0,1.0,0.0,100.0,1.0,0.0,0.0,0.0,0.0,29.11426059826681,0.6,5.979218066434596
311,random,2,2,319.5600406201539,133.15001692506414,5683495.536963432,710436.942120429,2806.6,56.3574297188755,76984.05726702893,1545.8646037556011,49.8,0.8546473918744979,82.83084463962439,42.8,35,1.9787344247541707,0.8594377510040161,82.83084463962439,100.0,7.0,0.875,0.7832950770044943,0.0,8,100.0,1.0,0.0,100.0,1.0,0.0,100.0,1.0,0.0,100.0,1.0,0.0,100.0,1.0,0.0,100.0,1.0,0.0,0.0,0.0,0.0,62.646757116995104,1.0,6.266360616035954
312,random,2,2,497.0652829111961,146.19567144446944,4400784.42929624,550098.05366203,3026.6,57.980842911877396,81446.85246205259,1560.284529924379,52.2,0.6113096452914362,87.5,45.8,35,1.0610452418828697,0.8773946360153256,87.5,100.0,7.0,0.875,0.0,0.0,8,100.0,1.0,0.0,100.0,1.0,0.0,100.0,1.0,0.0,100.0,1.0,0.0,100.0,1.0,0.0,100.0,1.0,0.0,0.0,0.0,0.0,100.0,1.0,0.0
313,random,2,2,1140.6217127705993,219.3503293789614,1807153.1787333644,225894.14734167056,3260.0,58.422939068100355,87865.30219333708,1574.6469927121339,55.8,1.0281769239659688,87.5,48.4,35,2.021122740088227,0.8673835125448028,87.5,100.0,7.0,0.875,0.0,0.0,8,100.0,1.0,0.0,100.0,1.0,0.0,100.0,1.0,0.0,100.0,1.0,0.0,100.0,1.0,0.0,100.0,1.0,0.0,0.0,0.0,0.0,100.0,1.0,0.0
314,random,4,2,1512.4444487975238,210.06172899965608,3266.2355081327496,408.2794385165937,2556.8,44.6993006993007,92637.23734680472,1619.5321214476348,57.2,1.2187136164415848,78.77213453289926,42.0,36,2.1922475073586303,0.7342657342657343,78.77213453289926,100.0,7.2,0.8999999999999999,1.035736631632909,0.0,8,100.0,1.0,0.0,100.0,1.0,0.0,100.0,1.0,0.0,60.0,0.8,0.0,80.0,1.0,0.0,80.0,1.0,0.0,10.177076263194067,0.4,8.285893053063273,100.0,1.0,0.0
315,random,4,4,1229.942769307569,212.05909815647743,147578.67023995274,18447.333779994093,2240.8,40.74181818181818,91722.52344435778,1667.6822444428688,55.0,0.9430672487801921,60.57561578805746,36.2,29,1.0706974954472301,0.6581818181818182,60.57561578805746,100.0,5.8,0.7250000000000001,0.6845199848855164,0.0,8,100.0,1.0,0.0,100.0,1.0,0.0,100.0,1.0,0.0,26.700000193932283,0.6,1.872783295183643,21.931209216609204,0.6,1.5074832167221721,35.97371689391821,0.6,2.095893367178316,0.0,0.0,0.0,100.0,1.0,0.0
316,random,4,4,170.5226672671969,53.28833352099903,4170595.338176099,521324.4172720124,2422.2,48.444,81042.833622902,1620.85667245804,50.0,1.5278039182722531,58.86461498768199,38.6,32,1.9837871093814898,0.772,58.86461498768199,100.0,6.3999999999999995,0.8,1.4900963624013246,0.0,8,100.0,1.0,0.0,100.0,1.0,0.0,100.0,1.0,0.0,15.958731815799183,0.8,3.9370818920167,24.0250653665953,1.0,3.650460524552182,30.93312271906143,0.6,4.333228482641715,0.0,0.0,0.0,100.0,1.0,0.0
317,random,4,4,291.5862191802627,112.14854583856257,6317752.751907311,789719.0939884139,2623.2,54.19834710743802,71611.46561191669,1479.5757357834027,48.4,0.8154025779535227,67.20229069384402,42.2,31,1.5245347594426828,0.871900826446281,67.20229069384402,100.0,6.2,0.7749999999999999,1.9867065618861806,0.0,8,100.0,1.0,0.0,100.0,1.0,0.0,100.0,1.0,0.0,7.205023996607451,0.4,5.223727694820162,69.59814116996768,0.8,5.440346371509472,60.815160384177034,1.0,5.229578428759811,0.0,0.0,0.0,100.0,1.0,0.0
318,random,4,4,471.03762018064407,235.51881009032203,7162246.18351953,895280.7729399413,2850.0,57.926829268292686,75846.91695314982,1541.6040031128014,49.2,0.1286620281387672,78.14907252130013,47.0,32,0.25344948363573516,0.9552845528455285,78.14907252130013,100.0,6.4,0.8,0.256443690757885,0.0,8,100.0,1.0,0.0,100.0,1.0,0.0,100.0,1.0,0.0,25.192580170401015,0.4,2.05154952606308,100.0,1.0,0.0,100.0,1.0,0.0,0.0,0.0,0.0,100.0,1.0,0.0
319,random,6,4,1005.202830801546,264.527060737249,3319652.701392877,414956.5876741096,2942.6,60.299180327868854,76686.31116572053,1571.4408025762402,48.8,1.059986760429307,82.5,43.8,34,2.457472703273758,0.8975409836065574,82.5,100.0,6.8,0.85,0.0,0.0,8,100.0,1.0,0.0,100.0,1.0,0.0,100.0,1.0,0.0,100.0,1.0,0.0,100.0,1.0,0.0,100.0,1.0,0.0,0.0,0.0,0.0,60.0,0.8,0.0
320,random,6,6,518.0718864629205,143.90885735081125,4202702.3328351565,525337.7916043946,2983.2,61.131147540983605,76709.69229506282,1571.919924079156,48.8,0.9830254264134,78.4118559229671,40.0,33,2.1695509627291454,0.819672131147541,78.4118559229671,100.0,6.6,0.825,0.25048185186960487,0.0,8,100.0,1.0,0.0,100.0,1.0,0.0,100.0,1.0,0.0,100.0,1.0,0.0,100.0,1.0,0.0,100.0,1.0,0.0,0.0,0.0,0.0,27.29484738373685,0.6,2.003854814956839
321,random,6,6,1779.1298843331945,277.98904442706163,1002688.0103547213,125336.00129434017,3088.2,60.79133858267716,85050.51034738343,1674.2226446335321,50.8,0.8659714709998196,77.89652128874593,37.8,34,1.0411599133075542,0.7440944881889764,77.89652128874593,100.0,6.8,0.85,0.5282279474102528,0.0,8,100.0,1.0,0.0,100.0,1.0,0.0,100.0,1.0,0.0,100.0,1.0,0.0,100.0,1.0,0.0,100.0,1.0,0.0,0.0,0.0,0.0,23.17217030996744,0.8,4.2258235792820225
322,random,6,6,1182.2740638748874,190.68936514111087,1014912.1186565751,126864.01483207189,3272.4,61.97727272727273,86154.57651204208,1631.7154642432213,52.8,1.5170990378932263,78.78335198925527,39.6,33,1.889873840228476,0.75,78.78335198925527,100.0,6.6,0.825,0.6292323727224172,0.0,8,100.0,1.0,0.0,100.0,1.0,0.0,100.0,1.0,0.0,100.0,1.0,0.0,100.0,1.0,0.0,100.0,1.0,0.0,0.0,0.0,0.0,30.266815914042127,0.6,5.033858981779337
323,random,6,6,579.0484014829761,99.8359312901683,1964562.947570301,245570.3684462876,3481.2,64.22878228782288,84947.77765415127,1567.3021707407984,54.2,1.654851363318971,88.54204437946748,44.0,37,2.413363462123983,0.8118081180811808,88.54204437946748,100.0,7.4,0.925,1.053567371406067,0.0,8,100.0,1.0,0.0,100.0,1.0,0.0,100.0,1.0,0.0,100.0,1.0,0.0,100.0,1.0,0.0,100.0,1.0,0.0,8.33635503573987,0.4,8.428538971248535,100.0,1.0,0.0
324,random,6,6,471.1838936286352,168.27996201022685,3306242.8656963557,413280.35821204446,3720.0,66.90647482014388,83907.45034058069,1509.126804686703,55.6,0.31095828687945165,87.5,50.8,35,0.4796239529816102,0.9136690647482014,87.5,100.0,7.0,0.875,0.0,0.0,8,100.0,1.0,0.0,100.0,1.0,0.0,100.0,1.0,0.0,100.0,1.0,0.0,100.0,1.0,0.0,100.0,1.0,0.0,0.0,0.0,0.0,100.0,1.0,0.0
325,random,1,6,1730.1147958906167,288.35246598176946,1003479.199903594,125434.89998794925,2189.4,41.782442748091604,85258.88862754361,1627.0780272431984,52.4,0.41967633044319647,65.0,36.2,32,0.4258391061842749,0.6908396946564885,65.0,100.0,6.3999999999999995,0.8,0.0,0.0,8,60.0,0.8,0.0,80.0,1.0,0.0,80.0,1.0,0.0,60.0,0.8,0.0,60.0,0.8,0.0,80.0,1.0,0.0,0.0,0.0,0.0,100.0,1.0,0.0
326,random,1,1,973.6185111438006,131.57006907348656,401952.09112030803,50244.011390038504,559.8,11.91063829787234,82698.22775879044,1759.5367608253284,47.0,1.312242106280646,37.11232588875134,20.4,23,0.9841477924442075,0.4340425531914894,37.11232588875134,100.0,4.6,0.575,1.506057119030415,0.0,8,28.043889080754525,0.6,1.9485683509807155,39.431789195259626,0.6,2.0114699866165884,26.747255067798505,0.6,2.0056233197797657,29.531324225731623,0.6,2.0289812925541177,33.575832550613995,0.6,2.1015039198540157,39.56851698985247,0.6,1.9523100824581168,0.0,0.0,0.0,100.0,1.0,0.0
327,random,1,1,240.55820141138602,34.365457344483715,406015.3335480548,50751.91669350685,199.0,5.102564102564102,75063.14384231486,1924.6959959567912,39.0,3.3259585859517173,28.675509665790173,13.0,19,3.2800813121121513,0.3333333333333333,28.675509665790173,100.0,3.8,0.475,2.4266940070810596,0.0,8,30.68796436158209,0.6,4.320775112370379,37.13005777777198,0.6,4.067441079439099,31.204185268334186,0.8,3.9982038421343677,0.0,0.0,0.0,15.624666469311705,0.4,3.650842114490476,14.757203449321423,0.4,3.3762899082141566,0.0,0.0,0.0,100.0,1.0,0.0
328,random,1,1,359.5114845690215,56.173669463909604,1201682.1698103414,150210.27122629268,252.6,6.864130434782608,61931.286288510404,1682.9153882747391,36.8,3.6509246944182445,30.205088370461226,15.6,18,3.824964900242452,0.42391304347826086,30.205088370461226,100.0,3.6,0.45,1.8981072947474347,0.0,8,23.881454540319282,0.8,5.447560672343034,63.98805736772829,1.0,4.692174120216974,53.77119505564224,0.8,5.04512356541947,0.0,0.0,0.0,0.0,0.0,0.0,0.0,0.0,0.0,0.0,0.0,0.0,100.0,1.0,0.0
329,random,1,1,651.1363996173762,93.01948565962518,2629971.632874445,328746.45410930563,352.4,8.81,60669.38848287843,1516.7347120719608,40.0,1.7440429900702756,52.544422142374856,24.0,23,1.5438022636454487,0.6,52.544422142374856,100.0,4.6,0.575,2.066327177448926,0.0,8,100.0,1.0,0.0,100.0,1.0,0.0,100.0,1.0,0.0,0.0,0.0,0.0,10.95734684040508,0.2,9.126296854202995,0.0,0.0,0.0,9.398030298593767,0.4,7.404320565388412,100.0,1.0,0.0
330,random,1,1,640.82315262098,139.30938100456086,1444129.9402772724,180516.24253465905,502.8,12.38423645320197,63341.43527357928,1560.1338737334797,40.6,1.4337352066566953,50.0,34.0,20,1.9304485284622153,0.8374384236453202,50.0,100.0,4.0,0.5,0.0,0.0,8,100.0,1.0,0.0,100.0,1.0,0.0,100.0,1.0,0.0,0.0,0.0,0.0,0.0,0.0,0.0,0.0,0.0,0.0,0.0,0.0,0.0,100.0,1.0,0.0
331,random,0,1,979.8659724932243,168.9424090505559,2742271.9629439777,342783.9953679972,638.4,15.880597014925373,65800.37756614672,1636.8253125907145,40.2,2.2116608304666565,52.74243107217899,34.4,22,2.8060928109798327,0.8557213930348259,52.74243107217899,100.0,4.4,0.55,2.27967514208704,0.0,8,100.0,1.0,0.0,100.0,1.0,0.0,100.0,1.0,0.0,11.158525732330418,0.2,8.961757350279942,0.0,0.0,0.0,10.780922845101486,0.2,9.27564378641638,0.0,0.0,0.0,100.0,1.0,0.0
332,random,0,0,943.6953655739426,248.34088567735333,2081139.6736583859,260142.45920729823,811.4,20.386934673366834,58630.64339641606,1473.1317436285442,39.8,1.2845438900061998,51.425748850145965,36.6,21,2.5559559981147264,0.9195979899497487,51.425748850145965,100.0,4.2,0.525,1.0959153148466751,0.0,8,100.0,1.0,0.0,100.0,1.0,0.0,100.0,1.0,0.0,0.0,0.0,0.0,11.405990801167718,0.2,8.767322518773401,0.0,0.0,0.0,0.0,0.0,0.0,100.0,1.0,0.0
333,random,0,0,353.58559570380106,135.99445988607732,5245537.435135888,655692.179391986,1000.2,24.757425742574256,61959.117719680034,1533.6415277148524,40.4,1.182053600987964,50.0,38.4,20,2.7212419558472907,0.9504950495049505,50.0,100.0,4.0,0.5,0.0,0.0,8,100.0,1.0,0.0,100.0,1.0,0.0,100.0,1.0,0.0,0.0,0.0,0.0,0.0,0.0,0.0,0.0,0.0,0.0,0.0,0.0,0.0,100.0,1.0,0.0
334,random,0,0,819.2808707168984,186.20019789020418,3101032.344862519,387629.04310781485,1194.0,27.767441860465116,68063.98134583668,1582.883287112481,43.0,1.3985313706895393,50.0,39.4,20,2.6947870900078854,0.9162790697674419,50.0,100.0,4.0,0.5,0.0,0.0,8,100.0,1.0,0.0,100.0,1.0,0.0,100.0,1.0,0.0,0.0,0.0,0.0,0.0,0.0,0.0,0.0,0.0,0.0,0.0,0.0,0.0,100.0,1.0,0.0
335,random,0,0,687.2944356444236,137.45888712888473,4069837.1722572767,508729.6465321596,1389.0,31.283783783783782,69498.58827945901,1565.2835198076352,44.4,1.3485966815862287,50.830836265408834,39.6,22,2.290639839732309,0.8918918918918919,50.830836265408834,100.0,4.4,0.55,1.0913369804504327,0.0,8,100.0,1.0,0.0,100.0,1.0,0.0,100.0,1.0,0.0,0.0,0.0,0.0,0.0,0.0,0.0,6.646690123270673,0.4,8.730695843603462,0.0,0.0,0.0,100.0,1.0,0.0
336,random,0,0,855.4428538001317,178.21726120836078,2069401.5057697003,258675.18822121253,1590.2,34.1244635193133,73364.10766279751,1574.3370743089595,46.6,0.8146774202732706,50.0,41.6,20,1.0413298463354685,0.8927038626609443,50.0,100.0,4.0,0.5,0.0,0.0,8,100.0,1.0,0.0,100.0,1.0,0.0,100.0,1.0,0.0,0.0,0.0,0.0,0.0,0.0,0.0,0.0,0.0,0.0,0.0,0.0,0.0,100.0,1.0,0.0
337,random,1,0,710.9343364667484,114.66682846237877,1201609.984743808,150201.248092976,1249.8,29.757142857142856,69937.0359169697,1665.167521832612,42.0,1.7182336651971983,40.376728451884105,27.8,21,1.8764266317121967,0.6619047619047619,40.376728451884105,100.0,4.2,0.525,0.8934168612093135,0.0,8,60.0,0.8,0.0,60.0,0.8,0.0,60.0,0.8,0.0,43.01382761507284,0.8,7.147334889674508,0.0,0.0,0.0,0.0,0.0,0.0,0.0,0.0,0.0,100.0,1.0,0.0
338,random,1,1,344.70000676988013,49.242858109982876,1000344.70000677,125043.08750084625,864.0,23.60655737704918,65624.91073262304,1793.0303478858757,36.6,3.3496395978022506,30.59342134751546,15.4,19,3.1133789401101497,0.4207650273224044,30.59342134751546,100.0,3.8000000000000003,0.47500000000000003,2.6850938214073916,0.0,8,34.61959124844725,0.6,1.8360925255815537,45.39337746474757,0.8,1.7285766394831503,44.1357615529887,0.8,1.3628745854692248,0.0,0.0,0.0,7.108282346407577,0.4,9.140505189076068,0.0,0.0,0.0,13.490358167532577,0.2,7.412701631649138,100.0,1.0,0.0
339,random,1,1,202.98884039533323,31.717006311770817,1218014.5757258218,152251.82196572772,832.2,27.74,57147.59270081065,1904.9197566936882,30.0,4.699946651597516,23.70695341309556,11.6,18,4.5541062622144635,0.38666666666666666,23.70695341309556,100.0,3.6,0.44999999999999996,2.5682710987925614,0.0,8,22.848127164024845,0.8,3.865700231248539,33.186401419429785,0.6,3.662188836026404,22.760833191136953,1.0,3.810401727617691,0.0,0.0,0.0,0.0,0.0,0.0,10.86026553017291,0.2,9.207877995447857,0.0,0.0,0.0,100.0,1.0,0.0
