step,control_mode,phase,prev_phase,TotalTravelTime,AvgTravelTime,TotalTravelTime_Raw,AvgTravelTime_Raw,TotalWaitingTime,AvgWaitingTime,TotalCO2,AvgCO2,VehCount,AvgSpeed,AvgOccupancy,QueueLength,Throughput,SpeedStd,HaltRatio,det_occ_mean,det_occ_max,det_veh_sum,det_veh_mean,det_speed_mean,det_speed_min,n_detectors,d0_occ,d0_veh,d0_speed,d1_occ,d1_veh,d1_speed,d2_occ,d2_veh,d2_speed,d3_occ,d3_veh,d3_speed,d4_occ,d4_veh,d4_speed,d5_occ,d5_veh,d5_speed,d6_occ,d6_veh,d6_speed,d7_occ,d7_veh,d7_speed
0,actuated,0,0,316.8001780171243,40.615407438092866,200316.8001780171,25039.600022252136,32.4,1.528301886792453,38869.47224690815,1833.4656720239695,21.2,3.950359860574266,30.108009818480316,8.0,14,3.246907215282872,0.37735849056603776,30.10800981848032,100.0,2.8,0.35,0.6161671718508197,0.0,8,0.0,0.0,0.0,0.0,0.0,0.0,100.0,1.0,0.0,40.86407854784255,0.8,4.929337374806558,0.0,0.0,0.0,100.0,1.0,0.0,0.0,0.0,0.0,0.0,0.0,0.0
1,actuated,0,0,458.14489485721714,57.26811185715214,458.14489485721714,57.26811185715214,52.8,2.490566037735849,37208.05200027939,1755.096792466009,21.2,3.9486121254819166,26.360921658302413,9.4,11,2.6195631163754354,0.44339622641509435,26.360921658302416,100.0,2.2,0.275,1.1481189901474769,0.0,8,0.0,0.0,0.0,0.0,0.0,0.0,100.0,1.0,0.0,0.0,0.0,0.0,10.887373266419331,0.2,9.184951921179815,100.0,1.0,0.0,0.0,0.0,0.0,0.0,0.0,0.0
2,actuated,0,0,338.08188611329354,42.26023576416169,338.08188611329354,42.26023576416169,46.0,1.9658119658119657,41833.21505694678,1787.7442332028538,23.4,4.337135899836715,28.80602426051194,8.2,14,2.8413676337950426,0.3504273504273504,28.80602426051194,100.0,2.8,0.35,3.1848903318489317,0.0,8,10.932405886593983,0.2,9.147117390018094,0.0,0.0,0.0,100.0,1.0,0.0,0.0,0.0,0.0,11.380919170877632,0.2,8.786636518418272,100.0,1.0,0.0,0.0,0.0,0.0,8.134869026623903,0.4,7.545368746355087
3,actuated,0,0,756.0547635751384,96.93009789424852,200756.05476357508,25094.506845446886,70.4,2.588235294117647,44038.219338358744,1619.0521815573065,27.2,2.1683212646547876,35.818334302116774,13.8,17,2.4617523421051013,0.5073529411764706,35.818334302116774,100.0,3.5999999999999996,0.44999999999999996,1.6517814846395518,0.0,8,0.0,0.0,0.0,8.573162229909315,0.4,8.963833191245795,100.0,1.0,0.0,40.0,0.4,0.0237738047972481,37.97351218702488,0.8,4.226644881073371,100.0,1.0,0.0,0.0,0.0,0.0,0.0,0.0,0.0
4,actuated,0,0,951.4262062411372,139.9156185648731,173220.74127904707,21652.592659880884,157.6,5.324324324324325,48202.531243014724,1628.4638933450922,29.6,1.4850616451764185,26.50196891135074,20.6,12,1.357724128832054,0.6959459459459459,26.501968911350744,100.0,2.4000000000000004,0.3,1.0403011594925886,0.0,8,0.0,0.0,0.0,0.0,0.0,0.0,100.0,1.0,0.0,0.0,0.2,0.0,0.0,0.0,0.0,100.0,1.0,0.0,0.0,0.0,0.0,12.015751290805952,0.2,8.322409275940709
5,actuated,0,0,802.8611614702061,118.0678178632656,135296.76210623368,16912.09526327921,269.6,8.425,54622.73017586469,1706.9603179957717,32.0,2.145676715935047,26.51140598964801,23.8,13,2.0337141704436568,0.74375,26.51140598964801,100.0,2.5999999999999996,0.325,2.031898009784929,0.0,8,9.092016334750497,0.4,9.295184950996191,0.0,0.0,0.0,100.0,1.0,0.0,2.9992315824335947,0.2,6.959999127283241,0.0,0.0,0.0,100.0,1.0,0.0,0.0,0.0,0.0,0.0,0.0,0.0
6,actuated,11,0,582.6725437436793,85.68713878583519,103584.71269323655,12948.089086654569,271.4,8.376543209876543,54177.15098984599,1672.1342898100613,32.4,1.788924351923931,36.492506270645464,19.8,19,1.8423155272187786,0.6111111111111112,36.492506270645464,100.0,3.8000000000000003,0.475,1.763845864016674,0.0,8,0.0,0.0,0.0,0.0,0.0,0.0,60.0,0.8,0.0,100.0,1.0,0.0,66.59044742037224,0.8,6.289778097905871,60.0,0.8,0.0,5.3496027447914685,0.4,7.820988814227522,0.0,0.0,0.0
7,actuated,11,11,725.5766954119578,117.02849925999318,1635159.6196410516,204394.95245513145,236.4,7.163636363636364,55992.55511044344,1696.744094255862,33.0,1.3327556185074232,38.57552566010014,17.0,21,1.2644794909582842,0.5151515151515151,38.57552566010014,100.0,4.2,0.525,2.294612225318338,0.0,8,0.0,0.0,0.0,10.092883817598022,0.4,8.769505576975646,26.177484219554685,0.6,1.7446637197816894,100.0,1.0,0.0,100.0,1.0,0.0,25.966925090425548,0.6,1.8484513895087609,0.0,0.0,0.0,46.36691215322287,0.6,5.994277116280608
8,actuated,11,11,836.8891181679579,116.2345997455497,601789.134143728,75223.641767966,262.4,7.903614457831325,59754.1579668585,1799.8240351463403,33.2,1.2788359084499084,45.16264304314418,15.8,22,1.0919397134287383,0.4759036144578313,45.162643043144186,100.0,4.4,0.55,1.0054131130056059,0.0,8,0.0,0.0,0.0,0.0,0.0,0.0,22.398306859831223,0.6,4.069531518303787,100.0,1.0,0.0,100.0,1.0,0.0,38.902837485322266,0.8,3.9737733857410604,0.0,0.0,0.0,100.0,1.0,0.0
9,actuated,11,11,584.1161112407252,78.93460962712503,41776.48133408664,5222.06016676083,337.0,10.53125,61182.013394978516,1911.9379185930786,32.0,2.184343663541439,40.58837706054142,16.6,22,1.665365240654212,0.51875,40.58837706054142,100.0,4.4,0.55,1.3540025441018595,0.0,8,0.0,0.0,0.0,0.0,0.0,0.0,3.649192769714773,0.6,5.107381291374603,100.0,1.0,0.0,100.0,1.0,0.0,21.057823714616575,0.8,5.724639061440273,0.0,0.0,0.0,100.0,1.0,0.0
10,actuated,11,11,682.2842720188953,89.7742463182757,201735.3868378036,25216.92335472545,420.2,13.382165605095542,58531.98342311363,1864.0759051947014,31.4,2.497649825358469,40.34660886208577,18.0,23,1.9158506040883052,0.5732484076433121,40.34660886208577,100.0,4.6,0.575,3.092757533757474,0.0,8,0.0,0.0,0.0,0.0,0.0,0.0,5.93932708423381,0.4,8.92522533275187,100.0,1.0,0.0,100.0,1.0,0.0,15.169994942124845,0.8,7.163631413683234,1.6635488703275314,0.4,8.653203523624688,100.0,1.0,0.0
11,actuated,11,11,391.4099292320875,75.2711402369399,1124251.8463484736,140531.4807935592,514.4,17.261744966442954,51272.169270055674,1720.5425929548885,29.8,1.7571002614927642,58.08919891919203,20.2,26,2.096390467413583,0.6778523489932886,58.08919891919203,100.0,5.2,0.65,2.3777139770986357,0.0,8,48.797334733245066,0.6,5.597632025245848,93.01368990341302,1.0,5.0173937048645705,0.0,0.0,0.0,100.0,1.0,0.0,100.0,1.0,0.0,22.90256671687814,0.6,8.40668608667867,0.0,0.0,0.0,100.0,1.0,0.0
12,actuated,11,11,663.1738885544961,132.63477771089921,2703772.432990353,337971.55412379414,622.2,20.333333333333332,51737.57494137349,1690.7704229207022,30.6,1.5025835216047574,63.89803804586834,23.4,26,2.154413006052973,0.7647058823529411,63.89803804586833,100.0,5.2,0.65,1.117637681333285,0.0,8,100.0,1.0,0.0,100.0,1.0,0.0,0.0,0.0,0.0,100.0,1.0,0.0,100.0,1.0,0.0,11.184304366946662,0.2,8.94110145066628,0.0,0.0,0.0,100.0,1.0,0.0
13,actuated,11,11,1256.64614052968,174.53418618467776,604086.1335422434,75510.76669278042,738.4,22.107784431137723,56634.571590025604,1695.6458559887906,33.4,1.6796408912438114,63.72019149620669,24.4,29,2.1574146442443913,0.7305389221556886,63.720191496206695,100.0,5.800000000000001,0.725,2.221226075012237,0.0,8,100.0,1.0,0.0,100.0,1.0,0.0,5.616024062772453,0.4,8.877558697480708,100.0,1.0,0.0,100.0,1.0,0.0,4.145507906881107,0.4,8.892249902617188,0.0,0.0,0.0,100.0,1.0,0.0
14,actuated,11,11,900.6552730408839,121.71017203255188,347789.8056421302,43473.725705266275,862.6,24.645714285714284,59272.60355273188,1693.5029586494825,35.0,1.6937140208239014,62.5,26.0,25,1.7008421012659651,0.7428571428571429,62.5,100.0,5.0,0.625,0.0,0.0,8,100.0,1.0,0.0,100.0,1.0,0.0,0.0,0.0,0.0,100.0,1.0,0.0,100.0,1.0,0.0,0.0,0.0,0.0,0.0,0.0,0.0,100.0,1.0,0.0
15,actuated,11,11,661.1131524611123,91.8212711751545,48621.90871127728,6077.73858890966,992.6,27.726256983240223,62597.258486069775,1748.5267733539042,35.8,2.150817549932229,63.86502070046383,26.6,29,2.0447668709144873,0.7430167597765364,63.86502070046383,100.0,5.800000000000001,0.725,2.2336263295728713,0.0,8,100.0,1.0,0.0,100.0,1.0,0.0,9.089826941461183,0.4,9.021073907613754,100.0,1.0,0.0,100.0,1.0,0.0,1.83033866224946,0.4,8.847936728969216,0.0,0.0,0.0,100.0,1.0,0.0
16,actuated,11,11,926.174297797946,201.3422386517274,1864780.1420104136,233097.5177513017,1131.0,31.416666666666668,56347.261483853006,1565.2017078848057,36.0,1.4063634301518664,74.20321513473858,29.6,30,2.0101689881892275,0.8222222222222222,74.20321513473858,100.0,6.0,0.75,0.5978582182026481,0.0,8,100.0,1.0,0.0,100.0,1.0,0.0,0.0,0.0,0.0,100.0,1.0,0.0,100.0,1.0,0.0,0.0,0.0,0.0,93.62572107790868,1.0,4.7828657456211845,100.0,1.0,0.0
17,actuated,11,11,1550.7675184287878,287.17917007940514,1500805.5369568365,187600.69211960456,1286.0,31.831683168316832,67353.10404154618,1667.156040632331,40.4,1.2977054188755528,76.9439157001402,32.6,33,2.0815014857599707,0.806930693069307,76.9439157001402,100.0,6.6000000000000005,0.825,2.291324421751763,0.0,8,100.0,1.0,0.0,100.0,1.0,0.0,10.570209294762662,0.2,9.46055061081412,100.0,1.0,0.0,100.0,1.0,0.0,4.981116306358899,0.4,8.870044763199985,100.0,1.0,0.0,100.0,1.0,0.0
18,actuated,11,11,794.1468545866494,124.08544602916396,1003394.3920852051,125424.29901065063,1446.0,35.97014925373134,67419.12542716571,1677.0926723175548,40.2,1.578177795247902,76.37062780726573,32.2,31,2.0272263566226574,0.8009950248756219,76.37062780726573,100.0,6.2,0.775,1.1399885451886693,0.0,8,100.0,1.0,0.0,100.0,1.0,0.0,0.0,0.0,0.0,100.0,1.0,0.0,100.0,1.0,0.0,10.965022458125873,0.2,9.119908361509355,100.0,1.0,0.0,100.0,1.0,0.0
19,actuated,11,11,472.5615220872866,98.45031710151805,1169482.332615585,146185.29157694813,1610.8,39.09708737864078,66803.84440703601,1621.4525341513597,41.2,1.8420115255289236,75.93198034382745,34.6,31,2.619119145897173,0.8398058252427184,75.93198034382745,100.0,6.2,0.775,1.0841964849969372,0.0,8,100.0,1.0,0.0,100.0,1.0,0.0,7.455842750619581,0.2,8.673571879975498,100.0,1.0,0.0,100.0,1.0,0.0,0.0,0.0,0.0,100.0,1.0,0.0,100.0,1.0,0.0
20,actuated,11,11,1081.5293764954565,193.1302458027601,1141337.2090774127,142667.1511346766,1786.4,40.78538812785388,70069.23336369873,1599.7541863858157,43.8,1.1644791477675596,75.18626592236139,36.4,33,1.8630919830496033,0.8310502283105022,75.18626592236139,100.0,6.6000000000000005,0.825,1.0379734270973129,0.0,8,100.0,1.0,0.0,100.0,1.0,0.0,0.0,0.2,0.0,100.0,1.0,0.0,100.0,1.0,0.0,1.4901273788910885,0.4,8.303787416778503,100.0,1.0,0.0,100.0,1.0,0.0
21,actuated,11,11,435.155172003391,90.65732750070646,3471771.0417302274,433971.3802162784,1970.0,44.57013574660633,71271.21529813565,1612.4709343469603,44.2,1.36185300855806,75.4960129776125,37.2,31,1.7840985602211543,0.8416289592760181,75.4960129776125,100.0,6.2,0.775,1.086044137517456,0.0,8,100.0,1.0,0.0,100.0,1.0,0.0,0.0,0.0,0.0,100.0,1.0,0.0,100.0,1.0,0.0,3.9681038208999553,0.2,8.688353100139649,100.0,1.0,0.0,100.0,1.0,0.0
22,actuated,11,11,1356.5709113147548,260.8790214066836,1405704.092174638,175713.01152182976,2160.6,43.91463414634146,77972.58758580503,1584.8086907683949,49.2,1.1209367302424635,75.0,40.6,31,1.7373066241701642,0.8252032520325203,75.0,100.0,6.2,0.775,0.0,0.0,8,100.0,1.0,0.0,100.0,1.0,0.0,0.0,0.0,0.0,100.0,1.0,0.0,100.0,1.0,0.0,0.0,0.2,0.0,100.0,1.0,0.0,100.0,1.0,0.0
23,actuated,11,11,1282.6805078270543,206.88395287533132,872179.6164320575,109022.45205400718,2367.8,46.24609375,81919.12606600315,1599.9829309766242,51.2,1.3461900994788258,77.79457745483604,42.8,32,1.9776771089860745,0.8359375,77.79457745483604,100.0,6.4,0.8,2.2409440578368125,0.0,8,100.0,1.0,0.0,100.0,1.0,0.0,10.679064438953105,0.2,9.364116170629947,100.0,1.0,0.0,100.0,1.0,0.0,11.677555199735252,0.2,8.563436292064553,100.0,1.0,0.0,100.0,1.0,0.0
24,actuated,0,11,857.2687553019581,153.0837063039211,2782925.9158685477,347865.73948356847,2421.0,45.167910447761194,86448.32620113611,1612.841906737614,53.6,1.036996800692587,70.17338730861304,44.6,30,1.1453271807303678,0.832089552238806,70.17338730861304,100.0,6.0,0.75,1.1143093281891197,0.0,8,100.0,1.0,0.0,100.0,1.0,0.0,1.3870984689043553,0.2,8.914474625512957,100.0,1.0,0.0,100.0,1.0,0.0,0.0,0.0,0.0,60.0,0.8,0.0,100.0,1.0,0.0
25,actuated,0,0,1340.269962937467,231.0810280926667,816946.3160665112,102118.2895083139,2607.0,46.387900355871885,87709.91102074728,1560.6745733229054,56.2,0.9603326976594382,73.71862041423604,45.8,32,1.2319629454443983,0.8149466192170819,73.71862041423604,100.0,6.3999999999999995,0.8,0.7284799199823344,0.0,8,100.0,1.0,0.0,100.0,1.0,0.0,0.0,0.2,0.0,100.0,1.0,0.0,100.0,1.0,0.0,58.298493618722205,0.6,4.054335021199485,31.450469695166134,0.6,1.77350433865919,100.0,1.0,0.0
26,actuated,0,0,983.7493313496328,175.6695234552916,548574.232398886,68571.77904986075,2844.8,49.73426573426573,92746.6979359102,1621.445768110318,57.2,1.4495023012462027,76.49056271854136,49.2,31,2.2364166152216276,0.8601398601398601,76.49056271854136,100.0,6.2,0.775,1.0482618279417601,0.0,8,100.0,1.0,0.0,100.0,1.0,0.0,0.0,0.0,0.0,100.0,1.0,0.0,100.0,1.0,0.0,100.0,1.0,0.0,11.92450174833084,0.2,8.386094623534081,100.0,1.0,0.0
27,actuated,0,0,455.31555398248645,113.82888849562161,6115289.393591052,764411.1741988815,3096.6,53.023972602739725,90227.07854541468,1544.9842216680595,58.4,0.8850978327321284,79.5898069405257,52.0,32,1.5498921125185152,0.8904109589041096,79.5898069405257,100.0,6.4,0.8,0.5517792614265014,0.0,8,100.0,1.0,0.0,100.0,1.0,0.0,36.71845552420564,0.4,4.414234091412011,100.0,1.0,0.0,100.0,1.0,0.0,100.0,1.0,0.0,0.0,0.0,0.0,100.0,1.0,0.0
28,actuated,0,0,549.9190848496171,196.39967316057755,5902518.5685908515,737814.8210738564,3368.4,56.14,92047.8443563826,1534.1307392730434,60.0,0.2686800619163265,87.5,56.2,35,0.4290489891367751,0.9366666666666666,87.5,100.0,7.0,0.875,0.0,0.0,8,100.0,1.0,0.0,100.0,1.0,0.0,100.0,1.0,0.0,100.0,1.0,0.0,100.0,1.0,0.0,100.0,1.0,0.0,0.0,0.0,0.0,100.0,1.0,0.0
29,actuated,0,0,388.91584081549155,162.0482670064548,5994123.536003319,749265.4420004148,3654.0,58.55769230769231,97878.79492086501,1568.5704314241189,62.4,0.3442982267675519,87.5,58.2,35,0.6220864177233654,0.9326923076923077,87.5,100.0,7.0,0.875,0.0,0.0,8,100.0,1.0,0.0,100.0,1.0,0.0,100.0,1.0,0.0,100.0,1.0,0.0,100.0,1.0,0.0,100.0,1.0,0.0,0.0,0.0,0.0,100.0,1.0,0.0
30,actuated,0,0,292.43987886854586,97.47995962284863,5493550.835664881,686693.8544581102,3946.4,62.44303797468354,97007.50125788378,1534.9288173715788,63.2,0.39656986740358696,87.5,59.4,35,0.5604799227971129,0.939873417721519,87.5,100.0,7.0,0.875,0.0,0.0,8,100.0,1.0,0.0,100.0,1.0,0.0,100.0,1.0,0.0,100.0,1.0,0.0,100.0,1.0,0.0,100.0,1.0,0.0,0.0,0.0,0.0,100.0,1.0,0.0
31,actuated,0,0,874.1641525586796,230.0431980417578,3602230.4345318093,450278.80431647616,4246.2,64.53191489361703,101887.02503484269,1548.4350309246609,65.8,0.5360402216555742,87.5,60.8,35,0.8896917421240965,0.9240121580547113,87.5,100.0,7.0,0.875,0.0,0.0,8,100.0,1.0,0.0,100.0,1.0,0.0,100.0,1.0,0.0,100.0,1.0,0.0,100.0,1.0,0.0,100.0,1.0,0.0,0.0,0.0,0.0,100.0,1.0,0.0
32,actuated,0,0,993.4881599636055,206.97669999241782,3001221.4112759894,375152.6764094987,4553.0,67.55192878338279,105416.47549682905,1564.0426631577009,67.4,0.6451664907034912,88.99243536606008,62.2,36,1.1445497685234673,0.9228486646884273,88.99243536606008,100.0,7.2,0.9,1.046946511408991,0.0,8,100.0,1.0,0.0,100.0,1.0,0.0,100.0,1.0,0.0,100.0,1.0,0.0,100.0,1.0,0.0,100.0,1.0,0.0,11.93948292848063,0.2,8.375572091271929,100.0,1.0,0.0
33,actuated,0,0,689.1112472479949,229.70374908266498,3158118.721152044,394764.8401440055,4866.8,70.94460641399417,104799.38726587422,1527.6878610185747,68.6,0.21754937489498002,87.5,64.0,35,0.30575131925946086,0.9329446064139941,87.5,100.0,7.0,0.875,0.0,0.0,8,100.0,1.0,0.0,100.0,1.0,0.0,100.0,1.0,0.0,100.0,1.0,0.0,100.0,1.0,0.0,100.0,1.0,0.0,0.0,0.0,0.0,100.0,1.0,0.0
34,actuated,0,0,333.53557730624743,166.76778865312372,6320117.122982378,790014.6403727973,5194.0,73.7784090909091,108244.1633103661,1537.5591379313366,70.4,0.18356726844932825,87.5,66.4,35,0.3618849578876492,0.9431818181818182,87.5,100.0,7.0,0.875,0.0,0.0,8,100.0,1.0,0.0,100.0,1.0,0.0,100.0,1.0,0.0,100.0,1.0,0.0,100.0,1.0,0.0,100.0,1.0,0.0,0.0,0.0,0.0,100.0,1.0,0.0
35,actuated,0,0,1175.8503954774767,367.4532485867114,5860786.712497099,732598.3390621374,5530.0,76.38121546961327,110913.32050929924,1531.9519407361774,72.4,0.15373601563958672,87.5,68.8,35,0.2449481983357846,0.9502762430939227,87.5,100.0,7.0,0.875,0.0,0.0,8,100.0,1.0,0.0,100.0,1.0,0.0,100.0,1.0,0.0,100.0,1.0,0.0,100.0,1.0,0.0,100.0,1.0,0.0,0.0,0.0,0.0,100.0,1.0,0.0
36,actuated,0,0,1376.9215181620282,312.9367086731882,3006028.335558056,375753.541944757,5876.2,78.34933333333333,116390.9076780803,1551.8787690410707,75.0,0.22000351475966146,87.5,70.2,35,0.2524267608670808,0.936,87.5,100.0,7.0,0.875,0.0,0.0,8,100.0,1.0,0.0,100.0,1.0,0.0,100.0,1.0,0.0,100.0,1.0,0.0,100.0,1.0,0.0,100.0,1.0,0.0,0.0,0.0,0.0,100.0,1.0,0.0
37,actuated,0,0,430.06320857171613,165.40892637373696,5337537.827780677,667192.2284725846,6232.4,82.657824933687,115663.41006547648,1533.9974809744892,75.4,0.3033583036921513,87.5,72.4,35,0.5458451769631565,0.9602122015915119,87.5,100.0,7.0,0.875,0.0,0.0,8,100.0,1.0,0.0,100.0,1.0,0.0,100.0,1.0,0.0,100.0,1.0,0.0,100.0,1.0,0.0,100.0,1.0,0.0,0.0,0.0,0.0,100.0,1.0,0.0
38,actuated,0,0,399.3036858022188,249.56480362638675,6567015.569069551,820876.9461336939,6599.6,86.60892388451444,115488.49811471355,1515.5970881196006,76.2,0.26847312260122475,90.71070424973755,74.4,37,0.7065302838203928,0.9763779527559056,90.71070424973755,100.0,7.4,0.925,0.7951536404767464,0.0,8,100.0,1.0,0.0,100.0,1.0,0.0,100.0,1.0,0.0,100.0,1.0,0.0,100.0,1.0,0.0,100.0,1.0,0.0,25.685633997900368,0.4,6.361229123813971,100.0,1.0,0.0
39,actuated,0,0,567.9288901660996,473.2740751384163,5768171.649703677,721021.4562129596,6976.0,89.66580976863753,119013.79658797682,1529.740316040833,77.8,0.03867096052004175,100.0,76.0,40,0.08278756780698472,0.9768637532133676,100.0,100.0,8.0,1.0,0.0,0.0,8,100.0,1.0,0.0,100.0,1.0,0.0,100.0,1.0,0.0,100.0,1.0,0.0,100.0,1.0,0.0,100.0,1.0,0.0,100.0,1.0,0.0,100.0,1.0,0.0
40,actuated,0,0,704.4297538455493,270.93452070982664,5200943.452874751,650117.9316093439,7356.0,92.41206030150754,121837.38111762397,1530.6203657992962,79.6,0.1264324529841818,100.0,76.6,40,0.19328104180304795,0.9623115577889447,100.0,100.0,8.0,1.0,0.0,0.0,8,100.0,1.0,0.0,100.0,1.0,0.0,100.0,1.0,0.0,100.0,1.0,0.0,100.0,1.0,0.0,100.0,1.0,0.0,100.0,1.0,0.0,100.0,1.0,0.0
41,actuated,0,0,993.6062080714922,354.85936002553296,4276811.649437832,534601.456179729,7741.0,95.5679012345679,124801.13097167524,1540.7547033540154,81.0,0.17717054236151059,100.0,77.8,40,0.34104402360069747,0.9604938271604938,100.0,100.0,8.0,1.0,0.0,0.0,8,100.0,1.0,0.0,100.0,1.0,0.0,100.0,1.0,0.0,100.0,1.0,0.0,100.0,1.0,0.0,100.0,1.0,0.0,100.0,1.0,0.0,100.0,1.0,0.0
42,actuated,1,0,1153.5837786889156,274.66280444974177,2026975.7377105474,253371.96721381843,5988.2,76.38010204081633,122830.05457633924,1566.7098798002455,78.4,0.3369811075587449,82.5,67.0,37,0.5020047231010146,0.8545918367346939,82.5,100.0,7.3999999999999995,0.925,0.0,0.0,8,60.0,0.8,0.0,80.0,1.0,0.0,100.0,1.0,0.0,60.0,0.8,0.0,60.0,0.8,0.0,100.0,1.0,0.0,100.0,1.0,0.0,100.0,1.0,0.0
43,actuated,1,1,424.5545442632348,106.1386360658087,4343070.318205379,542883.7897756724,4170.6,56.35945945945946,122064.32606620959,1649.517919813643,74.0,0.4823538073743262,64.81953299969518,52.4,31,0.5231906965029538,0.7081081081081081,64.81953299969518,100.0,6.2,0.775,1.0848621135127405,0.0,8,33.53297091607374,0.6,2.2648567910828774,19.76348438501418,0.4,2.481359291606531,100.0,1.0,0.0,26.487755503611652,0.6,1.8902038921185145,38.772053192861904,0.6,2.042476933294002,100.0,1.0,0.0,100.0,1.0,0.0,100.0,1.0,0.0
44,actuated,1,1,827.3106865568413,159.09820895323872,2601188.2345616445,325148.52932020556,3313.0,47.46418338108882,123816.94237759252,1773.8816959540477,69.8,1.1337880316453701,64.49000143325634,39.8,32,1.1411525320767022,0.5702005730659025,64.49000143325634,100.0,6.4,0.8,2.1161322347387075,0.0,8,30.298126777877314,0.6,4.221749174138676,23.249379212747954,0.6,4.132688431516504,100.0,1.0,0.0,28.724700717059477,0.6,4.185005822758541,33.647804758365965,0.6,4.38961444949594,100.0,1.0,0.0,100.0,1.0,0.0,100.0,1.0,0.0
45,actuated,1,1,487.1031611954183,90.20428911026264,2037320.3692438484,254665.04615548105,3321.2,48.55555555555556,115001.99145381906,1681.3156645295185,68.4,1.671277741215923,67.27757204427192,40.6,37,1.5665725874121441,0.5935672514619883,67.27757204427192,100.0,7.4,0.925,2.5721846062735665,0.0,8,3.778179455875943,0.8,5.327154808876363,12.946853087887575,0.8,5.659200108855258,100.0,1.0,0.0,58.899730466663414,0.8,4.119021557966024,62.59581334374843,1.0,5.472100374490888,100.0,1.0,0.0,100.0,1.0,0.0,100.0,1.0,0.0
46,actuated,1,1,709.785924143742,131.44183780439667,4729009.338107332,591126.1672634165,3555.4,50.07605633802817,105106.91457897332,1480.3790785770889,71.0,0.9304020099536443,100.0,53.0,40,0.9247590153789988,0.7464788732394366,100.0,100.0,8.0,1.0,0.0,0.0,8,100.0,1.0,0.0,100.0,1.0,0.0,100.0,1.0,0.0,100.0,1.0,0.0,100.0,1.0,0.0,100.0,1.0,0.0,100.0,1.0,0.0,100.0,1.0,0.0
47,actuated,1,1,838.0954136766304,322.3443898756271,3001616.5506943157,375202.06883678946,3857.4,52.41032608695652,111131.55447861234,1509.9395988941892,73.6,0.14225533952809066,100.0,66.2,40,0.22077797860093085,0.8994565217391305,100.0,100.0,8.0,1.0,0.0,0.0,8,100.0,1.0,0.0,100.0,1.0,0.0,100.0,1.0,0.0,100.0,1.0,0.0,100.0,1.0,0.0,100.0,1.0,0.0,100.0,1.0,0.0,100.0,1.0,0.0
48,actuated,8,1,1382.5659080360483,329.18235905620196,3826740.957663577,478342.61970794713,3355.6,45.10215053763441,114571.47426264563,1539.9391701968498,74.4,0.19567737559763018,95.0,65.4,40,0.21591975174834835,0.8790322580645161,95.0,100.0,8.0,1.0,0.0,0.0,8,100.0,1.0,0.0,100.0,1.0,0.0,100.0,1.0,0.0,100.0,1.0,0.0,100.0,1.0,0.0,100.0,1.0,0.0,80.0,1.0,0.0,80.0,1.0,0.0
49,actuated,8,8,862.2994271558504,226.92090188311852,3854318.384391241,481789.7980489051,2896.2,39.35054347826087,115331.96488838419,1567.0103925052201,73.6,0.47429152226374705,81.54639103329188,62.6,35,0.7426514608690422,0.8505434782608695,81.54639103329188,100.0,7.0,0.875,0.5859210298769726,0.0,8,100.0,1.0,0.0,100.0,1.0,0.0,100.0,1.0,0.0,100.0,1.0,0.0,100.0,1.0,0.0,100.0,1.0,0.0,33.26902489645818,0.6,2.271328667361972,19.102103369876886,0.4,2.416039571653809
50,actuated,8,8,566.5118941625011,188.83729805416704,4956238.270918084,619529.7838647605,2759.2,37.48913043478261,114103.69618623564,1550.3219590521146,73.6,0.4094504283356996,88.56205073127256,62.8,37,0.7497974062317777,0.8532608695652174,88.56205073127256,100.0,7.3999999999999995,0.925,0.9287574875733594,0.0,8,100.0,1.0,0.0,100.0,1.0,0.0,100.0,1.0,0.0,100.0,1.0,0.0,100.0,1.0,0.0,100.0,1.0,0.0,74.84516633745784,0.8,3.5517363531484483,33.65123951272267,0.6,3.878323547438427
51,actuated,8,8,326.6404190670995,108.88013968903317,5000326.640419067,625040.8300523834,3064.4,40.858666666666664,115903.77463829455,1545.3836618439273,75.0,0.3707348322275422,100.0,67.0,40,0.5492535871244919,0.8933333333333333,100.0,100.0,8.0,1.0,0.0,0.0,8,100.0,1.0,0.0,100.0,1.0,0.0,100.0,1.0,0.0,100.0,1.0,0.0,100.0,1.0,0.0,100.0,1.0,0.0,100.0,1.0,0.0,100.0,1.0,0.0
52,actuated,8,8,621.4465546886051,221.94519810307327,4632063.892401106,579007.9865501382,3407.8,44.372395833333336,116956.8347931985,1522.8754530364388,76.8,0.27589393017746955,100.0,70.8,40,0.48669545694871635,0.921875,100.0,100.0,8.0,1.0,0.0,0.0,8,100.0,1.0,0.0,100.0,1.0,0.0,100.0,1.0,0.0,100.0,1.0,0.0,100.0,1.0,0.0,100.0,1.0,0.0,100.0,1.0,0.0,100.0,1.0,0.0
53,actuated,1,8,1342.6380721339026,305.14501639406876,2404561.0869520404,300570.13586900505,3305.8,44.43279569892473,116960.8465313734,1572.0543888625457,74.4,0.3007473869367638,77.5,62.4,35,0.42246138626926405,0.8387096774193549,77.5,100.0,7.0,0.875,0.0,0.0,8,60.0,0.8,0.0,60.0,0.8,0.0,100.0,1.0,0.0,60.0,0.8,0.0,40.0,0.6,0.0,100.0,1.0,0.0,100.0,1.0,0.0,100.0,1.0,0.0
54,actuated,1,1,579.6193386701788,126.00420405873453,2256750.145641367,282093.76820517087,3062.2,43.25141242937853,117081.28455766368,1653.6904598540066,70.8,0.6532180155087002,64.22113862797374,50.0,31,0.7095094120771347,0.7062146892655368,64.22113862797374,100.0,6.2,0.775,0.9657539749782897,0.0,8,19.991431065568577,0.4,2.152886825216051,29.80598575614067,0.6,2.016976789862597,100.0,1.0,0.0,27.42894166361225,0.6,1.8193727104716564,36.542750538468454,0.6,1.7367954742760126,100.0,1.0,0.0,100.0,1.0,0.0,100.0,1.0,0.0
55,actuated,1,1,257.3582012343237,51.47164024686474,4965946.9699373115,620743.3712421639,2982.8,45.88923076923077,115104.27158837634,1770.8349475134823,65.0,1.5309011683103653,59.805681065881366,40.4,36,1.4729467277288215,0.6215384615384615,59.80568106588137,100.0,7.2,0.9,2.0216476828591574,0.0,8,19.36700794061494,0.8,4.07769098989674,14.743603862083319,0.8,3.988967863764333,100.0,1.0,0.0,23.53220022798496,0.8,4.281028756332985,20.802636496367768,0.8,3.8254938528792035,100.0,1.0,0.0,100.0,1.0,0.0,100.0,1.0,0.0
56,actuated,1,1,308.64395641000766,64.30082425208494,3000582.2263066634,375072.7782883329,3141.8,50.02866242038217,102340.29612097944,1629.6225496971251,62.8,1.680780859084812,67.23670191053202,42.0,32,1.6825468397336358,0.6687898089171974,67.23670191053202,100.0,6.4,0.7999999999999999,2.658185307981243,0.0,8,54.78394937570897,0.6,4.847693371711827,14.182094015295661,0.6,5.643479116690222,100.0,1.0,0.0,33.44539526887388,0.4,5.060161228731733,35.482176624377644,0.8,5.7141487467161625,100.0,1.0,0.0,100.0,1.0,0.0,100.0,1.0,0.0
57,actuated,1,1,444.3275198249682,130.6845646544024,3786943.629230247,473367.95365378086,3378.0,51.809815950920246,97871.99235883084,1501.1041772826818,65.2,0.6596734860658043,100.0,52.0,40,0.9154005280250939,0.7975460122699386,100.0,100.0,8.0,1.0,0.0,0.0,8,100.0,1.0,0.0,100.0,1.0,0.0,100.0,1.0,0.0,100.0,1.0,0.0,100.0,1.0,0.0,100.0,1.0,0.0,100.0,1.0,0.0,100.0,1.0,0.0
58,actuated,1,1,729.5430402157265,202.65084450436845,4013692.9084928976,501711.6135616122,3656.2,53.6099706744868,105329.02015086547,1544.4137852033061,68.2,0.2888573734031688,100.0,59.4,40,0.3635583232515348,0.8709677419354839,100.0,100.0,8.0,1.0,0.0,0.0,8,100.0,1.0,0.0,100.0,1.0,0.0,100.0,1.0,0.0,100.0,1.0,0.0,100.0,1.0,0.0,100.0,1.0,0.0,100.0,1.0,0.0,100.0,1.0,0.0
59,actuated,8,1,636.7184529057694,159.17961322644234,4000636.7184529053,500079.58980661316,3965.8,56.33238636363637,109636.47922113333,1557.3363525729167,70.4,0.39756740232118953,100.0,64.2,40,0.5153848723295813,0.9119318181818182,100.0,100.0,8.0,1.0,0.0,0.0,8,100.0,1.0,0.0,100.0,1.0,0.0,100.0,1.0,0.0,100.0,1.0,0.0,100.0,1.0,0.0,100.0,1.0,0.0,100.0,1.0,0.0,100.0,1.0,0.0
60,actuated,8,8,1269.738618305301,334.1417416592898,4004608.781749184,500576.097718648,4295.6,59.005494505494504,110369.78070122663,1516.0684162256405,72.8,0.3343454929887516,100.0,68.2,40,0.5556203962680427,0.9368131868131868,100.0,100.0,8.0,1.0,0.0,0.0,8,100.0,1.0,0.0,100.0,1.0,0.0,100.0,1.0,0.0,100.0,1.0,0.0,100.0,1.0,0.0,100.0,1.0,0.0,100.0,1.0,0.0,100.0,1.0,0.0
61,actuated,8,8,675.6633301815139,375.3685167675077,4840978.004775345,605122.2505969182,4648.2,62.14171122994652,113412.30344434544,1516.2072652987358,74.8,0.07706546706374547,100.0,72.4,40,0.15156391668628785,0.9679144385026738,100.0,100.0,8.0,1.0,0.0,0.0,8,100.0,1.0,0.0,100.0,1.0,0.0,100.0,1.0,0.0,100.0,1.0,0.0,100.0,1.0,0.0,100.0,1.0,0.0,100.0,1.0,0.0,100.0,1.0,0.0
62,actuated,8,8,258.37061295080673,129.18530647540337,10885877.961002082,1360734.7451252602,5013.0,66.84,115871.82090985488,1544.9576121313985,75.0,0.19521374918727696,100.0,73.0,40,0.36328433171892655,0.9733333333333334,100.0,100.0,8.0,1.0,0.0,0.0,8,100.0,1.0,0.0,100.0,1.0,0.0,100.0,1.0,0.0,100.0,1.0,0.0,100.0,1.0,0.0,100.0,1.0,0.0,100.0,1.0,0.0,100.0,1.0,0.0
63,actuated,8,8,485.820728991055,220.82760408684317,5401236.653711202,675154.5817139002,5378.0,70.94986807387863,115423.11554619242,1522.7323950685015,75.8,0.21561304495340838,100.0,73.2,40,0.41878298903643846,0.9656992084432717,100.0,100.0,8.0,1.0,0.0,0.0,8,100.0,1.0,0.0,100.0,1.0,0.0,100.0,1.0,0.0,100.0,1.0,0.0,100.0,1.0,0.0,100.0,1.0,0.0,100.0,1.0,0.0,100.0,1.0,0.0
64,actuated,8,8,322.01423523599584,268.34519602999654,5401668.1029431615,675208.5128678952,5749.0,75.24869109947645,117030.16599803828,1531.8084554717052,76.4,0.08311986812141177,100.0,75.2,40,0.21665064188855288,0.9842931937172775,100.0,100.0,8.0,1.0,0.0,0.0,8,100.0,1.0,0.0,100.0,1.0,0.0,100.0,1.0,0.0,100.0,1.0,0.0,100.0,1.0,0.0,100.0,1.0,0.0,100.0,1.0,0.0,100.0,1.0,0.0
65,actuated,8,8,427.6530316379209,213.82651581896044,6000427.653031638,750053.4566289547,6124.0,79.53246753246754,117812.27596823973,1530.0295580290874,77.0,0.15472175252147555,100.0,75.0,40,0.3151756037441424,0.974025974025974,100.0,100.0,8.0,1.0,0.0,0.0,8,100.0,1.0,0.0,100.0,1.0,0.0,100.0,1.0,0.0,100.0,1.0,0.0,100.0,1.0,0.0,100.0,1.0,0.0,100.0,1.0,0.0,100.0,1.0,0.0
66,actuated,8,8,336.0226108670557,210.0141317919098,6301575.679779111,787696.9599723889,6501.0,83.34615384615384,119759.94893937933,1535.3839607612733,78.0,0.13246375206884603,100.0,76.0,40,0.2964616732249963,0.9743589743589743,100.0,100.0,8.0,1.0,0.0,0.0,8,100.0,1.0,0.0,100.0,1.0,0.0,100.0,1.0,0.0,100.0,1.0,0.0,100.0,1.0,0.0,100.0,1.0,0.0,100.0,1.0,0.0,100.0,1.0,0.0
67,actuated,8,8,197.18898966940537,140.84927833528957,6009589.907825558,751198.7384781948,6881.6,88.22564102564102,119153.73090939732,1527.611934735863,78.0,0.12002360018017763,100.0,76.4,40,0.2737583804887822,0.9794871794871794,100.0,100.0,8.0,1.0,0.0,0.0,8,100.0,1.0,0.0,100.0,1.0,0.0,100.0,1.0,0.0,100.0,1.0,0.0,100.0,1.0,0.0,100.0,1.0,0.0,100.0,1.0,0.0,100.0,1.0,0.0
68,actuated,8,8,320.52406585144024,320.52406585144024,6295611.459600682,786951.4324500853,7266.6,91.98227848101266,120317.30349902615,1523.0038417598248,79.0,0.050677374515376496,100.0,77.6,40,0.15787188949829967,0.9822784810126582,100.0,100.0,8.0,1.0,0.0,0.0,8,100.0,1.0,0.0,100.0,1.0,0.0,100.0,1.0,0.0,100.0,1.0,0.0,100.0,1.0,0.0,100.0,1.0,0.0,100.0,1.0,0.0,100.0,1.0,0.0
69,actuated,8,8,153.75718617812214,153.75718617812214,7074665.618027237,884333.2022534047,7656.0,96.9113924050633,121119.47402620064,1533.1578990658309,79.0,0.07894367532921734,100.0,78.0,40,0.2138731322339845,0.9873417721518988,100.0,100.0,8.0,1.0,0.0,0.0,8,100.0,1.0,0.0,100.0,1.0,0.0,100.0,1.0,0.0,100.0,1.0,0.0,100.0,1.0,0.0,100.0,1.0,0.0,100.0,1.0,0.0,100.0,1.0,0.0
70,actuated,8,8,296.0100822353658,296.0100822353658,6406100.850188686,800762.6062735857,8046.6,100.83458646616542,121191.3509252022,1518.6886080852407,79.8,0.06307905605230678,100.0,78.6,40,0.19522364497645212,0.9849624060150376,100.0,100.0,8.0,1.0,0.0,0.0,8,100.0,1.0,0.0,100.0,1.0,0.0,100.0,1.0,0.0,100.0,1.0,0.0,100.0,1.0,0.0,100.0,1.0,0.0,100.0,1.0,0.0,100.0,1.0,0.0
71,actuated,8,8,481.4612386257515,300.9132741410947,6029619.612255207,753702.4515319009,8441.0,104.20987654320987,124367.09427976182,1535.396225676072,81.0,0.08266856233765253,100.0,79.2,40,0.183211111339141,0.9777777777777777,100.0,100.0,8.0,1.0,0.0,0.0,8,100.0,1.0,0.0,100.0,1.0,0.0,100.0,1.0,0.0,100.0,1.0,0.0,100.0,1.0,0.0,100.0,1.0,0.0,100.0,1.0,0.0,100.0,1.0,0.0
72,actuated,8,8,323.9056718933615,179.94759549631195,6001511.864874232,750188.983109279,8836.0,109.08641975308642,123836.43668533451,1528.844897349809,81.0,0.13350216430659204,100.0,79.0,40,0.2670540295403694,0.9753086419753086,100.0,100.0,8.0,1.0,0.0,0.0,8,100.0,1.0,0.0,100.0,1.0,0.0,100.0,1.0,0.0,100.0,1.0,0.0,100.0,1.0,0.0,100.0,1.0,0.0,100.0,1.0,0.0,100.0,1.0,0.0
73,actuated,8,8,233.817260490029,233.817260490029,7658333.7093168795,957291.7136646099,9234.6,113.16911764705883,123712.41106619693,1516.0834689484918,81.6,0.010746802130870396,100.0,80.6,40,0.038562244217810564,0.9877450980392157,100.0,100.0,8.0,1.0,0.0,0.0,8,100.0,1.0,0.0,100.0,1.0,0.0,100.0,1.0,0.0,100.0,1.0,0.0,100.0,1.0,0.0,100.0,1.0,0.0,100.0,1.0,0.0,100.0,1.0,0.0
74,actuated,8,8,298.5037206970071,298.5037206970071,7000298.503720696,875037.312965087,9639.0,117.54878048780488,125415.76122194978,1529.4605027067046,82.0,0.04300861943745986,100.0,81.0,40,0.11960396321077595,0.9878048780487805,100.0,100.0,8.0,1.0,0.0,0.0,8,100.0,1.0,0.0,100.0,1.0,0.0,100.0,1.0,0.0,100.0,1.0,0.0,100.0,1.0,0.0,100.0,1.0,0.0,100.0,1.0,0.0,100.0,1.0,0.0
75,actuated,8,8,400.91443354522346,286.3674525323025,6206918.718611371,775864.8398264213,10044.2,121.0144578313253,126752.6595431603,1527.140476423618,83.0,0.07804481953363787,100.0,81.4,40,0.1881142945762732,0.980722891566265,100.0,100.0,8.0,1.0,0.0,0.0,8,100.0,1.0,0.0,100.0,1.0,0.0,100.0,1.0,0.0,100.0,1.0,0.0,100.0,1.0,0.0,100.0,1.0,0.0,100.0,1.0,0.0,100.0,1.0,0.0
76,actuated,0,8,455.3759665407415,206.98907570033703,6076747.491275514,759593.4364094392,9400.8,116.63523573200993,126278.0616444137,1566.7253305758522,80.6,0.17409752049468252,85.0,73.0,37,0.3271484096996528,0.9057071960297767,85.0,100.0,7.3999999999999995,0.925,0.0,0.0,8,60.0,0.8,0.0,100.0,1.0,0.0,100.0,1.0,0.0,100.0,1.0,0.0,100.0,1.0,0.0,100.0,1.0,0.0,60.0,0.8,0.0,60.0,0.8,0.0
77,actuated,0,0,301.89764418177367,100.63254806059122,4800522.069144065,600065.2586430081,8638.0,107.975,123626.3077387078,1545.3288467338475,80.0,0.3607126384817207,83.45656316659927,64.2,36,0.49416627128721885,0.8025,83.45656316659927,100.0,7.199999999999999,0.8999999999999999,0.7198340041419927,0.0,8,69.35381334436329,0.8,1.7930529002991327,100.0,1.0,0.0,100.0,1.0,0.0,100.0,1.0,0.0,100.0,1.0,0.0,100.0,1.0,0.0,69.17319511420715,0.8,2.107886178556074,29.1254968742237,0.6,1.8577329542807353
78,actuated,0,0,667.1687912834258,185.32466424539604,4001685.479294207,500210.68491177587,8519.6,104.66339066339066,123605.17393361652,1518.491080265559,81.4,0.32521997524774143,99.09338350460914,66.6,40,0.43956129794948023,0.8181818181818182,99.09338350460914,100.0,8.0,1.0,0.47052558093963953,0.0,8,100.0,1.0,0.0,100.0,1.0,0.0,100.0,1.0,0.0,100.0,1.0,0.0,100.0,1.0,0.0,100.0,1.0,0.0,100.0,1.0,0.0,92.74706803687309,1.0,3.7642046475171163
79,actuated,0,0,770.8669389578906,256.9556463192969,4402465.657532057,550308.2071915071,8850.6,106.37740384615384,126037.98205064687,1514.8795919548902,83.2,0.18787795203061122,100.0,74.2,40,0.28076578059713286,0.8918269230769231,100.0,100.0,8.0,1.0,0.0,0.0,8,100.0,1.0,0.0,100.0,1.0,0.0,100.0,1.0,0.0,100.0,1.0,0.0,100.0,1.0,0.0,100.0,1.0,0.0,100.0,1.0,0.0,100.0,1.0,0.0
80,actuated,0,0,497.6997429089579,311.0623393180987,5354592.112790423,669324.0140988029,9238.0,109.97619047619048,127503.21311199435,1517.895394190409,84.0,0.08927952286218062,100.0,79.8,40,0.20471055303860605,0.95,100.0,100.0,8.0,1.0,0.0,0.0,8,100.0,1.0,0.0,100.0,1.0,0.0,100.0,1.0,0.0,100.0,1.0,0.0,100.0,1.0,0.0,100.0,1.0,0.0,100.0,1.0,0.0,100.0,1.0,0.0
81,actuated,0,0,255.85558285079128,255.85558285079128,5667288.000487993,708411.0000609991,9648.2,113.50823529411765,129636.57749224515,1525.1362057911194,85.0,0.01983554221846807,100.0,83.6,40,0.059544509347067294,0.9835294117647059,100.0,100.0,8.0,1.0,0.0,0.0,8,100.0,1.0,0.0,100.0,1.0,0.0,100.0,1.0,0.0,100.0,1.0,0.0,100.0,1.0,0.0,100.0,1.0,0.0,100.0,1.0,0.0,100.0,1.0,0.0
82,actuated,0,0,509.25041545693466,363.75029675495335,5901803.836137718,737725.4795172147,10008.0,116.64335664335664,130837.61676445499,1524.913948303671,85.8,0.05442556465833004,100.0,84.2,40,0.12408362445362063,0.9813519813519813,100.0,100.0,8.0,1.0,0.0,0.0,8,100.0,1.0,0.0,100.0,1.0,0.0,100.0,1.0,0.0,100.0,1.0,0.0,100.0,1.0,0.0,100.0,1.0,0.0,100.0,1.0,0.0,100.0,1.0,0.0
83,actuated,0,0,455.4896819446617,253.04982330258983,6525404.014305953,815675.5017882441,9270.2,109.31839622641509,130392.41726013708,1537.6464299544468,84.8,0.09486156683538863,92.5,80.8,38,0.18059114242331487,0.9528301886792453,92.5,100.0,7.6,0.95,0.0,0.0,8,100.0,1.0,0.0,100.0,1.0,0.0,100.0,1.0,0.0,100.0,1.0,0.0,100.0,1.0,0.0,40.0,0.6,0.0,100.0,1.0,0.0,100.0,1.0,0.0
84,actuated,0,0,857.01102649941,357.08792770808753,6247581.806775225,780947.7258469032,7424.6,87.34823529411764,130383.07742380942,1533.9185579271698,85.0,0.1147546244694474,91.26629195531223,75.2,38,0.19304902636165813,0.8847058823529412,91.26629195531223,100.0,7.6,0.95,0.20890181462468352,0.0,8,100.0,1.0,0.0,100.0,1.0,0.0,40.0,0.6,0.0,100.0,1.0,0.0,100.0,1.0,0.0,90.13033564249781,1.0,1.6712145169974681,100.0,1.0,0.0,100.0,1.0,0.0
85,actuated,0,0,587.071058014158,209.66823500505643,5001746.998120035,625218.3747650044,5838.4,68.68705882352941,129177.51578052186,1519.7354797708454,85.0,0.16398444362132775,98.61611575071919,72.0,40,0.2299924841938436,0.8470588235294118,98.61611575071919,100.0,8.0,1.0,0.25508901979412774,0.0,8,100.0,1.0,0.0,100.0,1.0,0.0,88.92892600575351,1.0,2.040712158353022,100.0,1.0,0.0,100.0,1.0,0.0,100.0,1.0,0.0,100.0,1.0,0.0,100.0,1.0,0.0
86,actuated,0,0,521.4210992677338,289.6783884820743,6681960.94301735,835245.1178771687,5494.6,63.594907407407405,130677.79255568227,1512.4744508759522,86.4,0.08939123952758984,100.0,76.2,40,0.17088878820122344,0.8819444444444444,100.0,100.0,8.0,1.0,0.0,0.0,8,100.0,1.0,0.0,100.0,1.0,0.0,100.0,1.0,0.0,100.0,1.0,0.0,100.0,1.0,0.0,100.0,1.0,0.0,100.0,1.0,0.0,100.0,1.0,0.0
87,actuated,0,0,1344.4648618912722,517.1018699581816,4207586.6245625885,525948.3280703236,5850.2,65.73258426966292,135774.02862070533,1525.5508833787117,89.0,0.07379797067979113,100.0,81.8,40,0.11122824604334008,0.9191011235955057,100.0,100.0,8.0,1.0,0.0,0.0,8,100.0,1.0,0.0,100.0,1.0,0.0,100.0,1.0,0.0,100.0,1.0,0.0,100.0,1.0,0.0,100.0,1.0,0.0,100.0,1.0,0.0,100.0,1.0,0.0
88,actuated,0,0,508.11701454437514,423.430845453646,3801064.9832684323,475133.12290855404,6275.0,69.87750556792874,136191.80410952689,1516.612517923462,89.8,0.04656075831723785,100.0,87.2,40,0.10055138392174366,0.9710467706013363,100.0,100.0,8.0,1.0,0.0,0.0,8,100.0,1.0,0.0,100.0,1.0,0.0,100.0,1.0,0.0,100.0,1.0,0.0,100.0,1.0,0.0,100.0,1.0,0.0,100.0,1.0,0.0,100.0,1.0,0.0
89,actuated,0,0,252.5027339448471,252.5027339448471,8530607.326766722,1066325.9158458402,6718.2,74.48115299334812,136913.3997608536,1517.886915308798,90.2,0.017896435114753317,100.0,89.4,40,0.061755288956475723,0.991130820399113,100.0,100.0,8.0,1.0,0.0,0.0,8,100.0,1.0,0.0,100.0,1.0,0.0,100.0,1.0,0.0,100.0,1.0,0.0,100.0,1.0,0.0,100.0,1.0,0.0,100.0,1.0,0.0,100.0,1.0,0.0
90,actuated,0,0,349.16280831512347,349.16280831512347,7800347.7235240135,975043.4654405017,7167.0,78.75824175824175,138848.1333399751,1525.8036630766494,91.0,0.015783809135355775,100.0,90.0,40,0.04721369110349262,0.989010989010989,100.0,100.0,8.0,1.0,0.0,0.0,8,100.0,1.0,0.0,100.0,1.0,0.0,100.0,1.0,0.0,100.0,1.0,0.0,100.0,1.0,0.0,100.0,1.0,0.0,100.0,1.0,0.0,100.0,1.0,0.0
91,actuated,0,0,181.66738916645872,181.66738916645872,7051510.4810864525,881438.8101358066,7618.2,83.53289473684211,138254.18317440496,1515.9449909474226,91.2,0.010873169963371666,100.0,90.8,40,0.0473732683026849,0.9956140350877193,100.0,100.0,8.0,1.0,0.0,0.0,8,100.0,1.0,0.0,100.0,1.0,0.0,100.0,1.0,0.0,100.0,1.0,0.0,100.0,1.0,0.0,100.0,1.0,0.0,100.0,1.0,0.0,100.0,1.0,0.0
92,actuated,0,0,319.5264264176543,319.5264264176543,6995027.236929548,874378.4046161935,8073.0,87.75,140019.14030092506,1521.947177183968,92.0,0.00837607434428662,100.0,91.0,40,0.028477605182963474,0.9891304347826086,100.0,100.0,8.0,1.0,0.0,0.0,8,100.0,1.0,0.0,100.0,1.0,0.0,100.0,1.0,0.0,100.0,1.0,0.0,100.0,1.0,0.0,100.0,1.0,0.0,100.0,1.0,0.0,100.0,1.0,0.0
93,actuated,0,0,427.1973349886901,427.1973349886901,6513468.107227289,814183.5134034111,8531.0,91.73118279569893,141467.24037149848,1521.1531222741773,93.0,0.011792347582974748,100.0,92.2,40,0.03674402234131041,0.9913978494623656,100.0,100.0,8.0,1.0,0.0,0.0,8,100.0,1.0,0.0,100.0,1.0,0.0,100.0,1.0,0.0,100.0,1.0,0.0,100.0,1.0,0.0,100.0,1.0,0.0,100.0,1.0,0.0,100.0,1.0,0.0
94,actuated,0,0,172.80545479336794,172.80545479336794,7084675.673455435,885584.4591819294,8993.0,96.07905982905983,142448.4818998454,1521.8854903829638,93.6,0.004623017745446274,100.0,93.0,40,0.018640169118146442,0.9935897435897436,100.0,100.0,8.0,1.0,0.0,0.0,8,100.0,1.0,0.0,100.0,1.0,0.0,100.0,1.0,0.0,100.0,1.0,0.0,100.0,1.0,0.0,100.0,1.0,0.0,100.0,1.0,0.0,100.0,1.0,0.0
95,actuated,0,0,130.1155880815634,130.1155880815634,7067108.631947378,883388.5789934222,9458.6,100.62340425531914,142809.15510318638,1519.2463308849615,94.0,0.004680023994275334,100.0,93.4,40,0.022595697802525492,0.9936170212765958,100.0,100.0,8.0,1.0,0.0,0.0,8,100.0,1.0,0.0,100.0,1.0,0.0,100.0,1.0,0.0,100.0,1.0,0.0,100.0,1.0,0.0,100.0,1.0,0.0,100.0,1.0,0.0,100.0,1.0,0.0
96,actuated,0,0,0.0,0.0,8630685.716327388,1078835.7145409235,9928.0,105.61702127659575,142973.48895713122,1520.9945633737366,94.0,2.0031402552423196e-06,100.0,94.0,40,9.184086890183319e-06,1.0,100.0,100.0,8.0,1.0,0.0,0.0,8,100.0,1.0,0.0,100.0,1.0,0.0,100.0,1.0,0.0,100.0,1.0,0.0,100.0,1.0,0.0,100.0,1.0,0.0,100.0,1.0,0.0,100.0,1.0,0.0
97,actuated,0,0,0.0,0.0,11919343.525291832,1489917.940661479,10398.0,110.61702127659575,142974.01530569542,1521.000162826547,94.0,4.299062042783563e-07,100.0,94.0,40,1.8744023407177588e-06,1.0,100.0,100.0,8.0,1.0,0.0,0.0,8,100.0,1.0,0.0,100.0,1.0,0.0,100.0,1.0,0.0,100.0,1.0,0.0,100.0,1.0,0.0,100.0,1.0,0.0,100.0,1.0,0.0,100.0,1.0,0.0
98,actuated,0,0,0.0,0.0,9719608.025495907,1214951.0031869884,10868.0,115.61702127659575,142973.98570040247,1520.999847876622,94.0,2.417160138097105e-07,100.0,94.0,40,1.5095160224224818e-06,1.0,100.0,100.0,8.0,1.0,0.0,0.0,8,100.0,1.0,0.0,100.0,1.0,0.0,100.0,1.0,0.0,100.0,1.0,0.0,100.0,1.0,0.0,100.0,1.0,0.0,100.0,1.0,0.0,100.0,1.0,0.0
99,actuated,0,0,0.0,0.0,8000000.0,1000000.0,11338.0,120.61702127659575,142974.0,1521.0,94.0,0.0,100.0,94.0,40,0.0,1.0,100.0,100.0,8.0,1.0,0.0,0.0,8,100.0,1.0,0.0,100.0,1.0,0.0,100.0,1.0,0.0,100.0,1.0,0.0,100.0,1.0,0.0,100.0,1.0,0.0,100.0,1.0,0.0,100.0,1.0,0.0
100,actuated,0,0,0.0,0.0,8000000.0,1000000.0,11808.0,125.61702127659575,142974.0,1521.0,94.0,0.0,100.0,94.0,40,0.0,1.0,100.0,100.0,8.0,1.0,0.0,0.0,8,100.0,1.0,0.0,100.0,1.0,0.0,100.0,1.0,0.0,100.0,1.0,0.0,100.0,1.0,0.0,100.0,1.0,0.0,100.0,1.0,0.0,100.0,1.0,0.0
101,actuated,0,0,0.0,0.0,8000000.0,1000000.0,12278.0,130.61702127659575,142974.0,1521.0,94.0,0.0,100.0,94.0,40,0.0,1.0,100.0,100.0,8.0,1.0,0.0,0.0,8,100.0,1.0,0.0,100.0,1.0,0.0,100.0,1.0,0.0,100.0,1.0,0.0,100.0,1.0,0.0,100.0,1.0,0.0,100.0,1.0,0.0,100.0,1.0,0.0
102,actuated,0,0,0.0,0.0,8000000.0,1000000.0,12748.0,135.61702127659575,142974.0,1521.0,94.0,0.0,100.0,94.0,40,0.0,1.0,100.0,100.0,8.0,1.0,0.0,0.0,8,100.0,1.0,0.0,100.0,1.0,0.0,100.0,1.0,0.0,100.0,1.0,0.0,100.0,1.0,0.0,100.0,1.0,0.0,100.0,1.0,0.0,100.0,1.0,0.0
103,actuated,0,0,0.0,0.0,8000000.0,1000000.0,13218.0,140.61702127659575,142974.0,1521.0,94.0,0.0,100.0,94.0,40,0.0,1.0,100.0,100.0,8.0,1.0,0.0,0.0,8,100.0,1.0,0.0,100.0,1.0,0.0,100.0,1.0,0.0,100.0,1.0,0.0,100.0,1.0,0.0,100.0,1.0,0.0,100.0,1.0,0.0,100.0,1.0,0.0
104,actuated,0,0,0.0,0.0,8000000.0,1000000.0,13688.0,145.61702127659575,142974.0,1521.0,94.0,0.0,100.0,94.0,40,0.0,1.0,100.0,100.0,8.0,1.0,0.0,0.0,8,100.0,1.0,0.0,100.0,1.0,0.0,100.0,1.0,0.0,100.0,1.0,0.0,100.0,1.0,0.0,100.0,1.0,0.0,100.0,1.0,0.0,100.0,1.0,0.0
105,actuated,0,0,0.0,0.0,8000000.0,1000000.0,14158.0,150.61702127659575,142974.0,1521.0,94.0,0.0,100.0,94.0,40,0.0,1.0,100.0,100.0,8.0,1.0,0.0,0.0,8,100.0,1.0,0.0,100.0,1.0,0.0,100.0,1.0,0.0,100.0,1.0,0.0,100.0,1.0,0.0,100.0,1.0,0.0,100.0,1.0,0.0,100.0,1.0,0.0
106,actuated,0,0,0.0,0.0,8000000.0,1000000.0,14628.0,155.61702127659575,142974.0,1521.0,94.0,0.0,100.0,94.0,40,0.0,1.0,100.0,100.0,8.0,1.0,0.0,0.0,8,100.0,1.0,0.0,100.0,1.0,0.0,100.0,1.0,0.0,100.0,1.0,0.0,100.0,1.0,0.0,100.0,1.0,0.0,100.0,1.0,0.0,100.0,1.0,0.0
107,actuated,0,0,0.0,0.0,8000000.0,1000000.0,15098.0,160.61702127659575,142974.0,1521.0,94.0,0.0,100.0,94.0,40,0.0,1.0,100.0,100.0,8.0,1.0,0.0,0.0,8,100.0,1.0,0.0,100.0,1.0,0.0,100.0,1.0,0.0,100.0,1.0,0.0,100.0,1.0,0.0,100.0,1.0,0.0,100.0,1.0,0.0,100.0,1.0,0.0
108,actuated,0,0,0.0,0.0,8000000.0,1000000.0,15568.0,165.61702127659575,142974.0,1521.0,94.0,0.0,100.0,94.0,40,0.0,1.0,100.0,100.0,8.0,1.0,0.0,0.0,8,100.0,1.0,0.0,100.0,1.0,0.0,100.0,1.0,0.0,100.0,1.0,0.0,100.0,1.0,0.0,100.0,1.0,0.0,100.0,1.0,0.0,100.0,1.0,0.0
109,actuated,0,0,0.0,0.0,8000000.0,1000000.0,16038.0,170.61702127659575,142974.0,1521.0,94.0,0.0,100.0,94.0,40,0.0,1.0,100.0,100.0,8.0,1.0,0.0,0.0,8,100.0,1.0,0.0,100.0,1.0,0.0,100.0,1.0,0.0,100.0,1.0,0.0,100.0,1.0,0.0,100.0,1.0,0.0,100.0,1.0,0.0,100.0,1.0,0.0
110,actuated,0,0,0.0,0.0,8000000.0,1000000.0,16508.0,175.61702127659575,142974.0,1521.0,94.0,0.0,100.0,94.0,40,0.0,1.0,100.0,100.0,8.0,1.0,0.0,0.0,8,100.0,1.0,0.0,100.0,1.0,0.0,100.0,1.0,0.0,100.0,1.0,0.0,100.0,1.0,0.0,100.0,1.0,0.0,100.0,1.0,0.0,100.0,1.0,0.0
111,actuated,0,0,0.0,0.0,8000000.0,1000000.0,16978.0,180.61702127659575,142974.0,1521.0,94.0,0.0,100.0,94.0,40,0.0,1.0,100.0,100.0,8.0,1.0,0.0,0.0,8,100.0,1.0,0.0,100.0,1.0,0.0,100.0,1.0,0.0,100.0,1.0,0.0,100.0,1.0,0.0,100.0,1.0,0.0,100.0,1.0,0.0,100.0,1.0,0.0
112,actuated,0,0,0.0,0.0,8000000.0,1000000.0,17448.0,185.61702127659575,142974.0,1521.0,94.0,0.0,100.0,94.0,40,0.0,1.0,100.0,100.0,8.0,1.0,0.0,0.0,8,100.0,1.0,0.0,100.0,1.0,0.0,100.0,1.0,0.0,100.0,1.0,0.0,100.0,1.0,0.0,100.0,1.0,0.0,100.0,1.0,0.0,100.0,1.0,0.0
113,actuated,0,0,0.0,0.0,8000000.0,1000000.0,17918.0,190.61702127659575,142974.0,1521.0,94.0,0.0,100.0,94.0,40,0.0,1.0,100.0,100.0,8.0,1.0,0.0,0.0,8,100.0,1.0,0.0,100.0,1.0,0.0,100.0,1.0,0.0,100.0,1.0,0.0,100.0,1.0,0.0,100.0,1.0,0.0,100.0,1.0,0.0,100.0,1.0,0.0
114,actuated,0,0,0.0,0.0,8000000.0,1000000.0,18388.0,195.61702127659575,142974.0,1521.0,94.0,0.0,100.0,94.0,40,0.0,1.0,100.0,100.0,8.0,1.0,0.0,0.0,8,100.0,1.0,0.0,100.0,1.0,0.0,100.0,1.0,0.0,100.0,1.0,0.0,100.0,1.0,0.0,100.0,1.0,0.0,100.0,1.0,0.0,100.0,1.0,0.0
115,actuated,0,0,0.0,0.0,8000000.0,1000000.0,18858.0,200.61702127659575,142974.0,1521.0,94.0,0.0,100.0,94.0,40,0.0,1.0,100.0,100.0,8.0,1.0,0.0,0.0,8,100.0,1.0,0.0,100.0,1.0,0.0,100.0,1.0,0.0,100.0,1.0,0.0,100.0,1.0,0.0,100.0,1.0,0.0,100.0,1.0,0.0,100.0,1.0,0.0
116,actuated,0,0,0.0,0.0,7600739.752645123,950092.4690806404,18906.6,203.29677419354837,141636.56926538772,1522.9738630686852,93.0,0.0026325533674521886,100.0,92.6,40,0.011755187254410052,0.9956989247311828,100.0,100.0,8.0,1.0,0.0,0.0,8,100.0,1.0,0.0,100.0,1.0,0.0,100.0,1.0,0.0,100.0,1.0,0.0,100.0,1.0,0.0,100.0,1.0,0.0,100.0,1.0,0.0,100.0,1.0,0.0
117,actuated,0,0,961.6105640514619,343.43234430409353,5001424.668881174,625178.0836101468,15784.2,173.45274725274726,141262.5233497555,1552.3354214258848,91.0,0.1295991148953616,74.8164904566957,80.8,34,0.20146652247133084,0.8879120879120879,74.8164904566957,100.0,6.800000000000001,0.8500000000000001,0.4857853225753748,0.0,8,100.0,1.0,0.0,32.1068001151707,0.6,2.2085227388666047,100.0,1.0,0.0,40.0,0.6,0.0,26.425123538394928,0.6,1.677759841736394,100.0,1.0,0.0,100.0,1.0,0.0,100.0,1.0,0.0
118,actuated,0,0,534.445869246878,178.1486230822927,5000534.4458692465,625066.8057336558,12635.2,138.84835164835164,137873.24542262164,1515.0906090397982,91.0,0.19686225140707833,98.24219888290088,74.0,40,0.25561201952299195,0.8131868131868132,98.24219888290088,100.0,8.0,1.0,0.21857709048648594,0.0,8,100.0,1.0,0.0,100.0,1.0,0.0,100.0,1.0,0.0,85.93759106320704,1.0,1.7486167238918875,100.0,1.0,0.0,100.0,1.0,0.0,100.0,1.0,0.0,100.0,1.0,0.0
119,actuated,0,0,577.991192319819,192.663730773273,5000577.99119232,625072.24889904,10705.8,117.13129102844638,137418.0007290883,1503.4792202307253,91.4,0.18823192711116118,100.0,74.2,40,0.2491428453569068,0.811816192560175,100.0,100.0,8.0,1.0,0.0,0.0,8,100.0,1.0,0.0,100.0,1.0,0.0,100.0,1.0,0.0,100.0,1.0,0.0,100.0,1.0,0.0,100.0,1.0,0.0,100.0,1.0,0.0,100.0,1.0,0.0
120,actuated,0,0,1116.9747125943638,507.7157784519835,5002419.934193593,625302.4917741992,11047.2,117.52340425531915,139653.72932613574,1485.6779715546354,94.0,0.061681160853472916,100.0,84.6,40,0.09466425926454455,0.9,100.0,100.0,8.0,1.0,0.0,0.0,8,100.0,1.0,0.0,100.0,1.0,0.0,100.0,1.0,0.0,100.0,1.0,0.0,100.0,1.0,0.0,100.0,1.0,0.0,100.0,1.0,0.0,100.0,1.0,0.0
121,actuated,0,0,0.0,0.0,5116801.491668079,639600.1864585099,11496.8,122.3063829787234,142713.60977121702,1518.2298911831597,94.0,0.004535092852465116,100.0,92.6,40,0.010972912128046637,0.9851063829787234,100.0,100.0,8.0,1.0,0.0,0.0,8,100.0,1.0,0.0,100.0,1.0,0.0,100.0,1.0,0.0,100.0,1.0,0.0,100.0,1.0,0.0,100.0,1.0,0.0,100.0,1.0,0.0,100.0,1.0,0.0
122,actuated,4,0,316.68584916255037,316.68584916255037,9263160.109697536,1157895.013712192,11291.0,121.1480686695279,142449.297074149,1528.4259342719852,93.2,0.018262102384535406,97.5,91.0,40,0.06537824122957563,0.9763948497854077,97.5,100.0,8.0,1.0,0.0,0.0,8,100.0,1.0,0.0,100.0,1.0,0.0,100.0,1.0,0.0,100.0,1.0,0.0,100.0,1.0,0.0,100.0,1.0,0.0,80.0,1.0,0.0,100.0,1.0,0.0
123,actuated,4,4,107.13165331235436,107.13165331235436,11874527.113606844,1484315.8892008555,10811.8,117.2646420824295,142726.5214364656,1548.0099938879134,92.2,0.11406066190645921,92.68947952428334,86.8,39,0.32451030567591077,0.9414316702819957,92.68947952428334,100.0,7.8,0.975,0.22754760895037432,0.0,8,100.0,1.0,0.0,100.0,1.0,0.0,100.0,1.0,0.0,100.0,1.0,0.0,100.0,1.0,0.0,100.0,1.0,0.0,41.51583619426674,0.8,1.8203808716029946,100.0,1.0,0.0
124,actuated,4,4,41.639536612101445,41.639536612101445,10010765.614130205,1251345.7017662756,10651.0,117.820796460177,141408.64577452323,1564.2549311341065,90.4,0.27598071319763917,91.00358298646427,83.8,39,0.7563309595343071,0.9269911504424779,91.00358298646427,100.0,7.8,0.975,0.4755030064142832,0.0,8,100.0,1.0,0.0,100.0,1.0,0.0,100.0,1.0,0.0,100.0,1.0,0.0,100.0,1.0,0.0,100.0,1.0,0.0,28.02866389171413,0.8,3.804024051314266,100.0,1.0,0.0
125,actuated,4,4,22.688702575034597,22.688702575034597,13255287.602420587,1656910.9503025734,10940.0,122.09821428571429,141733.66405971578,1581.8489292378995,89.6,0.49181620892293776,90.16586343219814,83.2,39,1.3234737186054093,0.9285714285714286,90.16586343219814,100.0,7.8,0.975,0.7448529138109178,0.0,8,100.0,1.0,0.0,100.0,1.0,0.0,100.0,1.0,0.0,100.0,1.0,0.0,100.0,1.0,0.0,100.0,1.0,0.0,21.326907457585094,0.8,5.958823310487342,100.0,1.0,0.0
126,actuated,4,4,17.598805562852352,17.598805562852352,12043224.875189105,1505403.1093986381,11355.0,128.74149659863946,138597.78436364463,1571.4034508349732,88.2,0.618884829723312,89.23844015227189,83.2,39,1.6449403099821718,0.9433106575963719,89.23844015227189,100.0,7.8,0.975,0.8941017041517585,0.0,8,100.0,1.0,0.0,100.0,1.0,0.0,100.0,1.0,0.0,100.0,1.0,0.0,100.0,1.0,0.0,100.0,1.0,0.0,13.907521218175134,0.8,7.152813633214068,100.0,1.0,0.0
127,actuated,4,4,17.14224440097366,17.14224440097366,7000017.1422444,875002.14278055,11770.0,135.28735632183907,134788.31513231524,1549.290978532359,87.0,0.633203116077277,87.533592092378,83.2,37,1.6801551549461975,0.9563218390804598,87.533592092378,100.0,7.4,0.925,0.9621815445825227,0.0,8,100.0,1.0,0.0,100.0,1.0,0.0,100.0,1.0,0.0,100.0,1.0,0.0,100.0,1.0,0.0,100.0,1.0,0.0,0.26873673902400697,0.4,7.697452356660182,100.0,1.0,0.0
128,actuated,4,4,18.568382202040045,18.568382202040045,7000018.568382202,875002.3210477752,12185.0,141.03009259259258,134096.96628161226,1552.0482208519938,86.4,0.5867789561888911,90.60687556724673,83.2,37,1.5607432368788923,0.9629629629629629,90.60687556724673,100.0,7.4,0.925,1.0141002323990032,0.0,8,100.0,1.0,0.0,100.0,1.0,0.0,100.0,1.0,0.0,100.0,1.0,0.0,100.0,1.0,0.0,100.0,1.0,0.0,24.855004537973855,0.4,8.112801859192025,100.0,1.0,0.0
129,actuated,4,4,20.384565303912794,20.384565303912794,7000020.384565303,875002.5480706629,12600.0,146.17169373549885,133611.24587017938,1550.014453250341,86.2,0.5401250013233982,87.92195164775137,83.2,36,1.444097798188929,0.9651972157772621,87.92195164775137,100.0,7.2,0.9,1.0313827083562501,0.0,8,100.0,1.0,0.0,100.0,1.0,0.0,100.0,1.0,0.0,100.0,1.0,0.0,100.0,1.0,0.0,100.0,1.0,0.0,3.375613182010966,0.2,8.251061666850001,100.0,1.0,0.0
130,actuated,4,4,19.397868704193307,19.397868704193307,7000019.397868703,875002.4247335879,13015.0,150.63657407407408,133645.82421409996,1546.8266691446756,86.4,0.5594107003041191,87.5,83.2,36,1.484017411306227,0.9629629629629629,87.5,100.0,7.2,0.9,0.0,0.0,8,100.0,1.0,0.0,100.0,1.0,0.0,100.0,1.0,0.0,100.0,1.0,0.0,100.0,1.0,0.0,100.0,1.0,0.0,0.0,0.2,0.0,100.0,1.0,0.0
131,actuated,4,4,18.88702137573039,18.88702137573039,7000018.887021376,875002.360877672,13430.0,155.080831408776,133742.19596725778,1544.367158975263,86.6,0.5771297976109185,89.25074318279059,83.2,36,1.5347005186494957,0.9607390300230947,89.25074318279059,100.0,7.2,0.9,0.8924781289220632,0.0,8,100.0,1.0,0.0,100.0,1.0,0.0,100.0,1.0,0.0,100.0,1.0,0.0,100.0,1.0,0.0,100.0,1.0,0.0,14.00594546232469,0.2,7.139825031376506,100.0,1.0,0.0
132,actuated,4,4,13.558290754173726,13.558290754173726,7000013.558290754,875001.6947863443,13845.0,162.11943793911007,132752.46145887568,1554.4784714154061,85.4,0.8007702210631831,89.60411146649363,83.0,38,2.125108737896476,0.9718969555035128,89.60411146649363,100.0,7.6,0.95,1.0704687630988403,0.0,8,100.0,1.0,0.0,100.0,1.0,0.0,100.0,1.0,0.0,100.0,1.0,0.0,100.0,1.0,0.0,100.0,1.0,0.0,16.832891731949076,0.6,8.563750104790723,100.0,1.0,0.0
133,actuated,4,4,10.998207098533182,10.998207098533182,7000010.9982071,875001.3747758875,14260.0,168.95734597156397,129517.91707886402,1534.5724772377253,84.4,0.9854353829523067,88.8780926346135,83.0,37,2.612715421667591,0.9834123222748815,88.8780926346135,100.0,7.4,0.925,1.0936194301000794,0.0,8,100.0,1.0,0.0,100.0,1.0,0.0,100.0,1.0,0.0,100.0,1.0,0.0,100.0,1.0,0.0,100.0,1.0,0.0,11.024741076907958,0.4,8.748955440800636,100.0,1.0,0.0
134,actuated,4,4,10.139819926774454,10.139819926774454,7000010.139819926,875001.2674774907,14675.0,176.38221153846155,126879.24299620678,1524.9909013967163,83.2,1.0675148489275015,87.5,83.0,36,2.828284041962343,0.9975961538461539,87.5,100.0,7.2,0.9,0.0,0.0,8,100.0,1.0,0.0,100.0,1.0,0.0,100.0,1.0,0.0,100.0,1.0,0.0,100.0,1.0,0.0,100.0,1.0,0.0,0.0,0.2,0.0,100.0,1.0,0.0
135,actuated,4,4,32.44317200662512,32.44317200662512,7200032.443172008,900004.055396501,15090.0,180.93525179856115,126956.78825647116,1522.2636481591267,83.4,0.6412260462543927,87.5,83.2,35,2.1917698468616713,0.9976019184652278,87.5,100.0,7.0,0.875,0.0,0.0,8,100.0,1.0,0.0,100.0,1.0,0.0,100.0,1.0,0.0,100.0,1.0,0.0,100.0,1.0,0.0,100.0,1.0,0.0,0.0,0.0,0.0,100.0,1.0,0.0
136,actuated,4,4,46.37911647370906,46.37911647370906,7000046.379116474,875005.7973895592,15505.0,184.58333333333334,128320.76204493409,1527.6281195825486,84.0,0.2697060198686086,87.5,83.0,35,0.7639028839205829,0.9880952380952381,87.5,100.0,7.0,0.875,0.0,0.0,8,100.0,1.0,0.0,100.0,1.0,0.0,100.0,1.0,0.0,100.0,1.0,0.0,100.0,1.0,0.0,100.0,1.0,0.0,0.0,0.0,0.0,100.0,1.0,0.0
137,actuated,4,4,238.00657254379274,170.00469467413768,6400678.982926547,800084.8728658183,15561.0,187.03125,127962.33914160093,1538.0088839134728,83.2,0.6438667954948817,85.0,81.0,35,1.6967249122288446,0.9735576923076923,85.0,100.0,7.0,0.875,0.0,0.0,8,100.0,1.0,0.0,80.0,1.0,0.0,100.0,1.0,0.0,100.0,1.0,0.0,100.0,1.0,0.0,100.0,1.0,0.0,0.0,0.0,0.0,100.0,1.0,0.0
138,actuated,4,4,419.1184948896991,161.1994211114227,5200723.770660165,650090.4713325206,14555.2,177.50243902439024,126902.04643301215,1547.5859321099042,82.0,1.0460502578720194,77.02289279460757,73.6,33,2.5234993471060903,0.8975609756097561,77.02289279460757,100.0,6.6,0.825,1.2325765002340707,0.0,8,100.0,1.0,0.0,43.85436712025012,0.6,1.749506228523018,100.0,1.0,0.0,100.0,1.0,0.0,100.0,1.0,0.0,100.0,1.0,0.0,12.328775236610454,0.2,8.111105773349548,60.0,0.8,0.0
139,actuated,4,4,426.04513022224637,142.01504340741545,5000426.045130222,625053.2556412778,13170.2,158.67710843373493,126201.51047969754,1520.5001262614162,83.0,0.27372258281954187,83.3633445002738,68.8,34,0.4410605020341855,0.8289156626506025,83.3633445002738,100.0,6.8,0.85,0.24192590769524433,0.0,8,100.0,1.0,0.0,100.0,1.0,0.0,100.0,1.0,0.0,100.0,1.0,0.0,100.0,1.0,0.0,100.0,1.0,0.0,0.0,0.0,0.0,66.90675600219038,0.8,1.9354072615619546
140,actuated,1,4,1175.2390407362377,244.84146682004953,2003395.1868964345,250424.39836205431,11024.6,136.78163771712158,126091.9779828819,1564.4166002838945,80.6,0.47062249332557204,67.5,59.0,31,0.6649309820315136,0.7320099255583127,67.5,100.0,6.2,0.775,0.0,0.0,8,60.0,0.8,0.0,60.0,0.8,0.0,100.0,1.0,0.0,60.0,0.8,0.0,60.0,0.8,0.0,100.0,1.0,0.0,0.0,0.0,0.0,100.0,1.0,0.0
141,actuated,1,1,738.83544142885,127.38542093600863,2001086.4137207835,250135.80171509794,8896.8,115.84375,125304.24334158977,1631.5656685102833,76.8,0.9217645717409517,52.75585068786398,47.8,27,1.0486047784387578,0.6223958333333334,52.75585068786398,100.0,5.4,0.675,0.9089847172185981,0.0,8,29.25112722413587,0.6,1.5556950044720301,29.157374491112478,0.6,1.9471326268101743,100.0,1.0,0.0,35.330807108941826,0.6,1.9470802222042343,28.30749667872169,0.6,1.8219698842623464,100.0,1.0,0.0,0.0,0.0,0.0,100.0,1.0,0.0
142,actuated,1,1,259.52598794229743,56.41869303093423,2016291.2961475116,252036.41201843895,7124.4,102.06876790830945,121306.68918864398,1737.9181832183951,69.8,1.2836948275808029,53.143529707793675,37.8,32,1.2112858195941492,0.5415472779369628,53.143529707793675,100.0,6.4,0.8,2.8897823994030962,0.0,8,43.531550387506286,1.0,3.6040977066721362,22.428895211623967,0.8,4.1123221670566785,100.0,1.0,0.0,31.097470930360487,0.6,4.202006408465213,14.264544875975389,0.8,3.9669659736273077,100.0,1.0,0.0,13.825776256883273,0.2,7.232866939403435,100.0,1.0,0.0
143,actuated,1,1,128.07463058099668,32.01865764524917,3762078.00599333,470259.75074916624,7034.4,101.36023054755043,116710.87562675137,1681.7129052846017,69.4,1.4893698358875507,54.37970700139914,40.0,32,1.5240807146719242,0.5763688760806917,54.37970700139914,100.0,6.3999999999999995,0.8,2.664427296359931,0.0,8,67.51226139733944,1.0,4.752640671053933,25.953329194569505,0.8,5.426753349252591,100.0,1.0,0.0,9.511467867198462,0.8,5.376130568634698,32.06059755208571,0.8,5.759893781938226,100.0,1.0,0.0,0.0,0.0,0.0,100.0,1.0,0.0
144,actuated,1,1,456.2859810308563,99.19260457192529,3200742.044682864,400092.755585358,6358.4,88.31111111111112,110235.39688534665,1531.0471789631479,72.0,0.8753727239387802,82.5,48.6,34,0.9493250091372216,0.675,82.5,100.0,6.8,0.85,0.0,0.0,8,100.0,1.0,0.0,100.0,1.0,0.0,100.0,1.0,0.0,100.0,1.0,0.0,100.0,1.0,0.0,60.0,0.8,0.0,0.0,0.0,0.0,100.0,1.0,0.0
145,actuated,11,1,1056.4427946042726,160.06709009155648,1001727.5498024706,125215.94372530883,4370.4,59.704918032786885,116214.50389493722,1587.62983463029,73.2,0.621843918652973,73.76400604819992,52.8,32,0.42374603656959325,0.7213114754098361,73.76400604819992,100.0,6.3999999999999995,0.8,0.23892299304261336,0.0,8,100.0,1.0,0.0,100.0,1.0,0.0,60.0,0.8,0.0,100.0,1.0,0.0,100.0,1.0,0.0,30.112048385599337,0.6,1.9113839443409069,0.0,0.0,0.0,100.0,1.0,0.0
146,actuated,11,11,1432.3891694455156,204.62702420650223,5106569.328710553,638321.1660888192,2026.2,27.233870967741936,120619.44851406151,1621.2291466943752,74.4,0.7223809057981015,68.49857537970507,52.8,32,0.7378688729305227,0.7096774193548387,68.49857537970507,100.0,6.3999999999999995,0.8,0.7372345107350009,0.0,8,100.0,1.0,0.0,100.0,1.0,0.0,25.633077399734248,0.6,1.6784418514234807,100.0,1.0,0.0,100.0,1.0,0.0,22.35552563790634,0.8,4.219434234456527,0.0,0.0,0.0,100.0,1.0,0.0
147,actuated,11,11,1525.15066514087,254.19177752347832,4084366.8600417217,510545.8575052152,1054.2,13.981432360742705,123470.8751583121,1637.5447633728395,75.4,1.1305776865543322,69.83978516665701,54.8,33,1.4122571977384513,0.726790450928382,69.83978516665701,100.0,6.6,0.825,1.2227643098996333,0.0,8,100.0,1.0,0.0,100.0,1.0,0.0,36.6500342143172,0.8,4.069842594474217,100.0,1.0,0.0,100.0,1.0,0.0,22.06824711893887,0.8,5.712271884722849,0.0,0.0,0.0,100.0,1.0,0.0
148,actuated,11,11,308.56953080188066,90.75574435349431,3807916.874762294,475989.60934528674,1161.8,15.742547425474255,121777.9962817623,1650.1083507013861,73.8,1.5275933134455864,69.82150300528787,59.2,33,2.0048391790291094,0.8021680216802168,69.82150300528787,100.0,6.6,0.825,2.5565134013640876,0.0,8,100.0,1.0,0.0,100.0,1.0,0.0,20.138438798362586,0.8,5.819990795642553,100.0,1.0,0.0,100.0,1.0,0.0,24.879656460439037,0.6,7.254181825431791,13.553928783501306,0.2,7.377934589838357,100.0,1.0,0.0
149,actuated,11,11,254.42440438392387,97.85554014766302,13798382.292237815,1724797.7865297268,1461.6,20.470588235294116,117443.18855902048,1644.8625848602308,71.4,1.3278182053054741,65.51469503707295,60.8,32,2.1761680800104704,0.8515406162464986,65.51469503707295,100.0,6.3999999999999995,0.8,1.837798668421365,0.0,8,100.0,1.0,0.0,100.0,1.0,0.0,16.125977315177806,0.6,7.1159050612837085,100.0,1.0,0.0,100.0,1.0,0.0,7.991582981405827,0.8,7.586484286087211,0.0,0.0,0.0,100.0,1.0,0.0
150,actuated,11,11,218.27454120292964,77.95519328676059,5034592.256539456,629324.032067432,1766.0,25.085227272727273,115092.26679675025,1634.8333351811116,70.4,1.3141452062199608,67.01303227498755,61.6,29,2.190573496818596,0.875,67.01303227498755,100.0,5.8,0.7250000000000001,2.157829172104109,0.0,8,100.0,1.0,0.0,100.0,1.0,0.0,25.46700701927648,0.6,7.861708429027473,100.0,1.0,0.0,100.0,1.0,0.0,10.637251180623934,0.2,9.4009249478054,0.0,0.0,0.0,100.0,1.0,0.0
151,actuated,11,11,113.9274019121491,37.97580063738303,6877449.224249499,859681.1530311874,2071.2,29.930635838150287,112333.25292157009,1623.3129034908973,69.2,1.3720914732377123,65.37857495465346,61.6,27,2.0882514280988524,0.8901734104046243,65.37857495465346,100.0,5.4,0.675,2.172354811407044,0.0,8,100.0,1.0,0.0,100.0,1.0,0.0,11.778253215272798,0.2,8.490223310051658,100.0,1.0,0.0,100.0,1.0,0.0,11.250346421954873,0.2,8.888615181204694,0.0,0.0,0.0,100.0,1.0,0.0
152,actuated,11,11,79.49216691392601,26.49738897130867,12072890.077470588,1509111.2596838234,2376.0,34.53488372093023,111927.58817963873,1626.854479355214,68.8,1.5095788391761054,64.3521696639695,61.4,28,2.139867468066121,0.8924418604651163,64.3521696639695,100.0,5.6000000000000005,0.7,2.297942238848564,0.0,8,100.0,1.0,0.0,100.0,1.0,0.0,4.489042743009577,0.4,8.7014160762541,100.0,1.0,0.0,100.0,1.0,0.0,10.328314568746464,0.2,9.682121834534412,0.0,0.0,0.0,100.0,1.0,0.0
153,actuated,11,11,65.39403491092756,27.24751454621982,5017163.965880295,627145.4957350369,2682.2,38.98546511627907,110035.66385146433,1599.3555792364002,68.8,1.2871201120058955,75.59670445837781,62.0,32,2.085604225003519,0.9011627906976745,75.59670445837781,100.0,6.4,0.8,3.2149527834494505,0.0,8,100.0,1.0,0.0,100.0,1.0,0.0,10.83558008902628,0.2,9.22885523233545,100.0,1.0,0.0,100.0,1.0,0.0,10.748010644708756,0.2,9.304047354031043,83.19004493328748,1.0,7.186719681229112,100.0,1.0,0.0
154,actuated,11,11,39.54796866448978,19.77398433224489,6240436.494677448,780054.561834681,2992.0,43.61516034985423,110519.57168876838,1611.0724735972067,68.6,1.1943318059265526,76.40947328753384,62.4,33,2.091120529845996,0.9096209912536443,76.40947328753384,100.0,6.6000000000000005,0.825,2.259876804971593,0.0,8,100.0,1.0,0.0,100.0,1.0,0.0,10.834445194748241,0.2,9.229821943118306,100.0,1.0,0.0,100.0,1.0,0.0,0.44134110552249695,0.4,8.849192496654439,100.0,1.0,0.0,100.0,1.0,0.0
155,actuated,11,11,38.283759188201344,19.141879594100672,6000038.283759188,750004.7854698985,3302.0,47.99418604651163,111124.26467823808,1615.178265672065,68.8,1.2201976583736864,77.3626177922722,62.4,33,2.122968710262803,0.9069767441860465,77.3626177922722,100.0,6.6000000000000005,0.825,2.1960585171704836,0.0,8,100.0,1.0,0.0,100.0,1.0,0.0,11.375180103607363,0.2,8.791069599705715,100.0,1.0,0.0,100.0,1.0,0.0,7.525762234570266,0.4,8.777398537658154,100.0,1.0,0.0,100.0,1.0,0.0
156,actuated,11,11,37.59398558857983,18.796992794289913,6000037.593985589,750004.6992481987,3612.0,52.34782608695652,111733.23712308603,1619.3222771461742,69.0,1.244138053834568,77.65355584871855,62.6,32,2.16620633511261,0.9072463768115943,77.65355584871855,100.0,6.4,0.8,2.355949644618325,0.0,8,100.0,1.0,0.0,100.0,1.0,0.0,10.786345466904095,0.2,9.27098063999818,100.0,1.0,0.0,100.0,1.0,0.0,10.442101322844337,0.2,9.576616516948418,100.0,1.0,0.0,100.0,1.0,0.0
157,actuated,11,11,304.91574041415424,101.63858013805141,5000304.915740415,625038.1144675519,3922.0,56.189111747851,113632.09178133325,1627.9669309646597,69.8,1.2955778578250978,77.6147375915167,62.4,32,2.134303919663181,0.8939828080229226,77.6147375915167,100.0,6.4,0.8,2.390750723681495,0.0,8,100.0,1.0,0.0,100.0,1.0,0.0,10.314901237318281,0.2,9.694712309819312,100.0,1.0,0.0,100.0,1.0,0.0,10.602999494815322,0.2,9.431293479632648,100.0,1.0,0.0,100.0,1.0,0.0
158,actuated,11,11,112.11617439367005,37.37205813122335,5000112.116174394,625014.0145217993,4232.0,60.804597701149426,112843.97417535653,1621.3214680367319,69.6,1.3622038559510048,77.75839132889843,62.4,32,2.068491730119146,0.896551724137931,77.75839132889843,100.0,6.4,0.8,2.265859351621657,0.0,8,100.0,1.0,0.0,100.0,1.0,0.0,11.083260071363839,0.2,9.022616031394326,100.0,1.0,0.0,100.0,1.0,0.0,10.983870559823572,0.2,9.104258781578928,100.0,1.0,0.0,100.0,1.0,0.0
159,actuated,11,11,85.73249792054499,30.618749257337498,5000297.174806507,625037.1468508134,4542.0,65.07163323782235,112388.95048397893,1610.1568837246266,69.8,1.36809291783387,77.68993838346262,62.4,32,2.0779521838753903,0.8939828080229226,77.68993838346262,100.0,6.4,0.8,2.3234883415627503,0.0,8,100.0,1.0,0.0,100.0,1.0,0.0,10.732372724808101,0.2,9.317604090365585,100.0,1.0,0.0,100.0,1.0,0.0,10.787134342892841,0.2,9.270302642136418,100.0,1.0,0.0,100.0,1.0,0.0
160,actuated,11,11,40.754920272253116,20.377460136126558,6091711.645343577,761463.9556679471,4855.0,69.55587392550143,110806.10354148089,1587.4799934309583,69.8,1.1574613092974826,77.70709411794996,63.4,33,2.024637966194539,0.9083094555873925,77.70709411794996,100.0,6.6000000000000005,0.825,2.2560367698158896,0.0,8,100.0,1.0,0.0,100.0,1.0,0.0,10.7537827387182,0.4,8.876481512902561,100.0,1.0,0.0,100.0,1.0,0.0,10.902970204881512,0.2,9.171812645624556,100.0,1.0,0.0,100.0,1.0,0.0
161,actuated,11,11,53.51176018454013,26.755880092270065,6000053.511760185,750006.6889700231,5174.2,72.06406685236769,112781.00934920395,1570.766146924846,71.8,0.8800454703673006,77.94195300250948,65.0,32,1.5392921122303473,0.9052924791086351,77.94195300250948,100.0,6.4,0.8,2.1352727380742453,0.0,8,100.0,1.0,0.0,100.0,1.0,0.0,10.92959565574347,0.2,9.149469307901642,100.0,1.0,0.0,100.0,1.0,0.0,12.60602836433236,0.2,7.93271259669232,100.0,1.0,0.0,100.0,1.0,0.0
162,actuated,11,11,281.986769134293,117.49448713928876,5600281.986769134,700035.2483461418,5503.0,73.96505376344086,117429.77579582429,1578.3572015567781,74.4,0.7062992888594828,78.44835635095535,67.2,32,1.209309875272494,0.9032258064516129,78.44835635095535,100.0,6.4,0.8,1.1964302292687528,0.0,8,100.0,1.0,0.0,100.0,1.0,0.0,19.54899654171186,0.2,3.9853587564726967,100.0,1.0,0.0,100.0,1.0,0.0,8.037854265930946,0.2,5.586083077677326,100.0,1.0,0.0,100.0,1.0,0.0
163,actuated,0,11,748.6266562986409,178.24444197586686,3002468.2243842827,375308.52804803534,5005.2,67.2741935483871,118709.98922311529,1595.5643712784313,74.4,0.7140641401059441,87.5,60.4,38,0.9216718641247987,0.8118279569892473,87.5,100.0,7.6,0.95,0.0,0.0,8,60.0,0.8,0.0,100.0,1.0,0.0,100.0,1.0,0.0,100.0,1.0,0.0,100.0,1.0,0.0,100.0,1.0,0.0,60.0,0.8,0.0,80.0,1.0,0.0
164,actuated,0,0,488.7020465195339,97.74040930390677,3000488.70204652,375061.087755815,4340.0,57.407407407407405,117802.66684389926,1558.2363339140115,75.6,0.8127500264859571,86.40881402125302,55.8,35,0.8327256513095104,0.7380952380952381,86.40881402125302,100.0,6.999999999999999,0.875,0.8200100447359311,0.0,8,58.511969576991305,0.6,2.2416891568844926,100.0,1.0,0.0,100.0,1.0,0.0,100.0,1.0,0.0,100.0,1.0,0.0,100.0,1.0,0.0,73.74466953911679,0.8,2.2162846556897318,59.013873053916086,0.6,2.1021065453132244
165,actuated,0,0,567.4239979657175,128.95999953766307,3003505.3859180817,375438.1732397602,3888.0,49.97429305912596,118351.5194831694,1521.2277568530772,77.8,0.44740270678621324,100.0,59.6,40,0.46188937285721776,0.7660668380462725,100.0,100.0,8.0,1.0,0.0,0.0,8,100.0,1.0,0.0,100.0,1.0,0.0,100.0,1.0,0.0,100.0,1.0,0.0,100.0,1.0,0.0,100.0,1.0,0.0,100.0,1.0,0.0,100.0,1.0,0.0
166,actuated,0,0,897.1641560430586,236.095830537647,3476892.47907943,434611.55988492875,4069.8,49.997542997543,122415.04106800281,1503.870283390698,81.4,0.2746082970729127,100.0,67.2,40,0.35636739398106454,0.8255528255528255,100.0,100.0,8.0,1.0,0.0,0.0,8,100.0,1.0,0.0,100.0,1.0,0.0,100.0,1.0,0.0,100.0,1.0,0.0,100.0,1.0,0.0,100.0,1.0,0.0,100.0,1.0,0.0,100.0,1.0,0.0
167,actuated,0,0,755.7511387094434,269.91112096765835,3413978.7862387276,426747.34827984095,4427.8,52.58669833729216,128464.4008348396,1525.7054730978575,84.2,0.16087730452602067,100.0,76.4,40,0.23418786177806528,0.9073634204275535,100.0,100.0,8.0,1.0,0.0,0.0,8,100.0,1.0,0.0,100.0,1.0,0.0,100.0,1.0,0.0,100.0,1.0,0.0,100.0,1.0,0.0,100.0,1.0,0.0,100.0,1.0,0.0,100.0,1.0,0.0
168,actuated,0,0,787.024977072658,262.3416590242193,5451523.835371639,681440.4794214548,4823.8,55.83101851851852,132274.85917899088,1530.9590182753575,86.4,0.16983163470041654,100.0,81.6,40,0.25249991018485485,0.9444444444444444,100.0,100.0,8.0,1.0,0.0,0.0,8,100.0,1.0,0.0,100.0,1.0,0.0,100.0,1.0,0.0,100.0,1.0,0.0,100.0,1.0,0.0,100.0,1.0,0.0,100.0,1.0,0.0,100.0,1.0,0.0
169,actuated,0,0,833.5805635051229,378.9002561386922,8901270.356425324,1112658.7945531656,5242.4,59.57272727272727,133700.81768831314,1519.3274737308313,88.0,0.1684066598875103,100.0,85.4,40,0.37112035804060955,0.9704545454545455,100.0,100.0,8.0,1.0,0.0,0.0,8,100.0,1.0,0.0,100.0,1.0,0.0,100.0,1.0,0.0,100.0,1.0,0.0,100.0,1.0,0.0,100.0,1.0,0.0,100.0,1.0,0.0,100.0,1.0,0.0
170,actuated,0,0,90.59065226926666,90.59065226926666,14587867.735687215,1823483.4669609019,5676.2,64.50227272727273,133242.19792808546,1514.1158855464257,88.0,0.006532036655426013,100.0,87.6,40,0.03074558032978575,0.9954545454545455,100.0,100.0,8.0,1.0,0.0,0.0,8,100.0,1.0,0.0,100.0,1.0,0.0,100.0,1.0,0.0,100.0,1.0,0.0,100.0,1.0,0.0,100.0,1.0,0.0,100.0,1.0,0.0,100.0,1.0,0.0
171,actuated,0,0,0.0,0.0,16135762.294260234,2016970.2867825292,6116.0,69.5,133847.5566285734,1520.9949616883341,88.0,6.268718169513884e-06,100.0,88.0,40,1.678480783956816e-05,1.0,100.0,100.0,8.0,1.0,0.0,0.0,8,100.0,1.0,0.0,100.0,1.0,0.0,100.0,1.0,0.0,100.0,1.0,0.0,100.0,1.0,0.0,100.0,1.0,0.0,100.0,1.0,0.0,100.0,1.0,0.0
172,actuated,0,0,215.78431200379956,215.78431200379956,13775223.291576525,1721902.9114470656,6556.0,73.99548532731377,135005.01828663266,1523.7586714066892,88.6,0.008929077226125268,100.0,88.2,40,0.04096324418360199,0.9954853273137697,100.0,100.0,8.0,1.0,0.0,0.0,8,100.0,1.0,0.0,100.0,1.0,0.0,100.0,1.0,0.0,100.0,1.0,0.0,100.0,1.0,0.0,100.0,1.0,0.0,100.0,1.0,0.0,100.0,1.0,0.0
173,actuated,0,0,184.31625285875333,184.31625285875333,7000184.316252859,875023.0395316074,6996.0,78.6067415730337,136001.56218631766,1528.107440295704,89.0,0.062362094727189586,100.0,88.0,40,0.17050841149297932,0.9887640449438202,100.0,100.0,8.0,1.0,0.0,0.0,8,100.0,1.0,0.0,100.0,1.0,0.0,100.0,1.0,0.0,100.0,1.0,0.0,100.0,1.0,0.0,100.0,1.0,0.0,100.0,1.0,0.0,100.0,1.0,0.0
174,actuated,0,0,109.10469293511383,109.10469293511383,7000109.104692934,875013.6380866168,7436.0,83.5505617977528,135932.67139102236,1527.3333864159817,89.0,0.10538469452607302,100.0,88.0,40,0.2869126959678415,0.9887640449438202,100.0,100.0,8.0,1.0,0.0,0.0,8,100.0,1.0,0.0,100.0,1.0,0.0,100.0,1.0,0.0,100.0,1.0,0.0,100.0,1.0,0.0,100.0,1.0,0.0,100.0,1.0,0.0,100.0,1.0,0.0
175,actuated,0,0,0.0,0.0,7559505.914124596,944938.2392655745,7878.0,88.51685393258427,135014.79846898583,1517.0202075166947,89.0,0.0016340108211460376,100.0,88.8,40,0.009348708057825244,0.9977528089887641,100.0,100.0,8.0,1.0,0.0,0.0,8,100.0,1.0,0.0,100.0,1.0,0.0,100.0,1.0,0.0,100.0,1.0,0.0,100.0,1.0,0.0,100.0,1.0,0.0,100.0,1.0,0.0,100.0,1.0,0.0
176,actuated,0,0,0.0,0.0,8000000.0,1000000.0,8323.0,93.51685393258427,135368.96532735607,1520.9996104197312,89.0,0.0,100.0,89.0,40,0.0,1.0,100.0,100.0,8.0,1.0,0.0,0.0,8,100.0,1.0,0.0,100.0,1.0,0.0,100.0,1.0,0.0,100.0,1.0,0.0,100.0,1.0,0.0,100.0,1.0,0.0,100.0,1.0,0.0,100.0,1.0,0.0
177,actuated,0,0,334.32494919381867,334.32494919381867,7400334.324949195,925041.7906186493,8768.0,97.6391982182628,136936.43898721653,1524.9046657819213,89.8,0.013623472534319652,100.0,89.2,40,0.05170230329984497,0.9933184855233853,100.0,100.0,8.0,1.0,0.0,0.0,8,100.0,1.0,0.0,100.0,1.0,0.0,100.0,1.0,0.0,100.0,1.0,0.0,100.0,1.0,0.0,100.0,1.0,0.0,100.0,1.0,0.0,100.0,1.0,0.0
178,actuated,0,0,175.44942520308172,175.44942520308172,7000175.449425204,875021.9311781505,9213.0,102.36666666666666,137600.98655700995,1528.899850633444,90.0,0.06453877951850051,100.0,89.0,40,0.1749089191106015,0.9888888888888889,100.0,100.0,8.0,1.0,0.0,0.0,8,100.0,1.0,0.0,100.0,1.0,0.0,100.0,1.0,0.0,100.0,1.0,0.0,100.0,1.0,0.0,100.0,1.0,0.0,100.0,1.0,0.0,100.0,1.0,0.0
179,actuated,0,0,99.46509832712725,99.46509832712725,7005112.027991505,875639.0034989382,9658.2,107.31333333333333,136703.33943908048,1518.9259937675608,90.0,0.047843868047512575,100.0,89.2,40,0.17587092817715227,0.9911111111111112,100.0,100.0,8.0,1.0,0.0,0.0,8,100.0,1.0,0.0,100.0,1.0,0.0,100.0,1.0,0.0,100.0,1.0,0.0,100.0,1.0,0.0,100.0,1.0,0.0,100.0,1.0,0.0,100.0,1.0,0.0
180,actuated,0,0,0.0,0.0,8385746.180128199,1048218.2725160249,10107.0,112.3,136886.27199801413,1520.9585777557127,90.0,3.946044185614886e-05,100.0,90.0,40,0.00024288334107105982,1.0,100.0,100.0,8.0,1.0,0.0,0.0,8,100.0,1.0,0.0,100.0,1.0,0.0,100.0,1.0,0.0,100.0,1.0,0.0,100.0,1.0,0.0,100.0,1.0,0.0,100.0,1.0,0.0,100.0,1.0,0.0
181,actuated,0,0,0.0,0.0,8000000.0,1000000.0,10557.0,117.3,136890.0,1521.0,90.0,0.0,100.0,90.0,40,0.0,1.0,100.0,100.0,8.0,1.0,0.0,0.0,8,100.0,1.0,0.0,100.0,1.0,0.0,100.0,1.0,0.0,100.0,1.0,0.0,100.0,1.0,0.0,100.0,1.0,0.0,100.0,1.0,0.0,100.0,1.0,0.0
182,actuated,0,0,255.53375084514346,255.53375084514346,9226747.286653046,1153343.4108316307,11007.0,120.95604395604396,138900.84700842504,1526.382934158517,91.0,0.018530636608505215,100.0,90.2,40,0.06408352244107328,0.9912087912087912,100.0,100.0,8.0,1.0,0.0,0.0,8,100.0,1.0,0.0,100.0,1.0,0.0,100.0,1.0,0.0,100.0,1.0,0.0,100.0,1.0,0.0,100.0,1.0,0.0,100.0,1.0,0.0,100.0,1.0,0.0
183,actuated,0,0,164.699730932542,164.699730932542,7000164.699730931,875020.5874663664,11457.0,125.9010989010989,138810.3387348519,1525.3883377456252,91.0,0.06676231088881972,100.0,90.0,40,0.17830698452172963,0.989010989010989,100.0,100.0,8.0,1.0,0.0,0.0,8,100.0,1.0,0.0,100.0,1.0,0.0,100.0,1.0,0.0,100.0,1.0,0.0,100.0,1.0,0.0,100.0,1.0,0.0,100.0,1.0,0.0,100.0,1.0,0.0
184,actuated,0,0,0.0,0.0,10604560.87398976,1325570.10924872,11909.0,130.86813186813185,138053.85304879263,1517.0753082284903,91.0,0.0015518340411561982,100.0,90.8,40,0.007567471878378133,0.9978021978021978,100.0,100.0,8.0,1.0,0.0,0.0,8,100.0,1.0,0.0,100.0,1.0,0.0,100.0,1.0,0.0,100.0,1.0,0.0,100.0,1.0,0.0,100.0,1.0,0.0,100.0,1.0,0.0,100.0,1.0,0.0
185,actuated,0,0,0.0,0.0,7967758.048187477,995969.7560234346,12364.0,135.86813186813185,138410.7393806104,1520.9971360506638,91.0,5.069200548394235e-06,100.0,91.0,40,2.2930279432300018e-05,1.0,100.0,100.0,8.0,1.0,0.0,0.0,8,100.0,1.0,0.0,100.0,1.0,0.0,100.0,1.0,0.0,100.0,1.0,0.0,100.0,1.0,0.0,100.0,1.0,0.0,100.0,1.0,0.0,100.0,1.0,0.0
186,actuated,0,0,0.0,0.0,7800225.363903837,975028.1704879797,12819.0,140.2516411378556,139130.3404452621,1522.2137904295632,91.4,0.0019168997015286651,100.0,91.2,40,0.011971034799176999,0.9978118161925602,100.0,100.0,8.0,1.0,0.0,0.0,8,100.0,1.0,0.0,100.0,1.0,0.0,100.0,1.0,0.0,100.0,1.0,0.0,100.0,1.0,0.0,100.0,1.0,0.0,100.0,1.0,0.0,100.0,1.0,0.0
187,actuated,0,0,362.83627594283894,362.83627594283894,7000362.8362759445,875045.3545344931,13274.0,144.2826086956522,140601.09018239885,1528.2727193739004,92.0,0.03374200792051852,100.0,91.0,40,0.09502204545999299,0.9891304347826086,100.0,100.0,8.0,1.0,0.0,0.0,8,100.0,1.0,0.0,100.0,1.0,0.0,100.0,1.0,0.0,100.0,1.0,0.0,100.0,1.0,0.0,100.0,1.0,0.0,100.0,1.0,0.0,100.0,1.0,0.0
188,actuated,0,0,86.63470474055563,86.63470474055563,7026785.461252871,878348.1826566089,13730.2,149.2413043478261,139480.99733321136,1516.0977971001234,92.0,0.020694022331073026,100.0,91.6,40,0.09017090195457148,0.9956521739130435,100.0,100.0,8.0,1.0,0.0,0.0,8,100.0,1.0,0.0,100.0,1.0,0.0,100.0,1.0,0.0,100.0,1.0,0.0,100.0,1.0,0.0,100.0,1.0,0.0,100.0,1.0,0.0,100.0,1.0,0.0
189,actuated,0,0,0.0,0.0,8050201.087756482,1006275.1359695602,14190.0,154.2391304347826,139930.76717152545,1520.9865996904941,92.0,1.020138706048151e-05,100.0,92.0,40,5.723239501278717e-05,1.0,100.0,100.0,8.0,1.0,0.0,0.0,8,100.0,1.0,0.0,100.0,1.0,0.0,100.0,1.0,0.0,100.0,1.0,0.0,100.0,1.0,0.0,100.0,1.0,0.0,100.0,1.0,0.0,100.0,1.0,0.0
190,actuated,0,0,0.0,0.0,8000000.0,1000000.0,14650.0,159.2391304347826,139932.0,1521.0,92.0,0.0,100.0,92.0,40,0.0,1.0,100.0,100.0,8.0,1.0,0.0,0.0,8,100.0,1.0,0.0,100.0,1.0,0.0,100.0,1.0,0.0,100.0,1.0,0.0,100.0,1.0,0.0,100.0,1.0,0.0,100.0,1.0,0.0,100.0,1.0,0.0
191,actuated,0,0,0.0,0.0,8000000.0,1000000.0,15110.0,164.2391304347826,139932.0,1521.0,92.0,0.0,100.0,92.0,40,0.0,1.0,100.0,100.0,8.0,1.0,0.0,0.0,8,100.0,1.0,0.0,100.0,1.0,0.0,100.0,1.0,0.0,100.0,1.0,0.0,100.0,1.0,0.0,100.0,1.0,0.0,100.0,1.0,0.0,100.0,1.0,0.0
192,actuated,0,0,0.0,0.0,8000000.0,1000000.0,15570.0,169.2391304347826,139932.0,1521.0,92.0,0.0,100.0,92.0,40,0.0,1.0,100.0,100.0,8.0,1.0,0.0,0.0,8,100.0,1.0,0.0,100.0,1.0,0.0,100.0,1.0,0.0,100.0,1.0,0.0,100.0,1.0,0.0,100.0,1.0,0.0,100.0,1.0,0.0,100.0,1.0,0.0
193,actuated,0,0,0.0,0.0,8000000.0,1000000.0,16030.0,174.2391304347826,139932.0,1521.0,92.0,0.0,100.0,92.0,40,0.0,1.0,100.0,100.0,8.0,1.0,0.0,0.0,8,100.0,1.0,0.0,100.0,1.0,0.0,100.0,1.0,0.0,100.0,1.0,0.0,100.0,1.0,0.0,100.0,1.0,0.0,100.0,1.0,0.0,100.0,1.0,0.0
194,actuated,0,0,0.0,0.0,7800363.180606936,975045.397575867,16490.0,178.46320346320346,140614.10442509843,1521.7976669382947,92.4,0.0011894908256363124,100.0,92.2,40,0.007428367825212031,0.9978354978354979,100.0,100.0,8.0,1.0,0.0,0.0,8,100.0,1.0,0.0,100.0,1.0,0.0,100.0,1.0,0.0,100.0,1.0,0.0,100.0,1.0,0.0,100.0,1.0,0.0,100.0,1.0,0.0,100.0,1.0,0.0
195,actuated,0,0,409.6477389808604,409.6477389808604,7000409.64773898,875051.2059673725,16950.0,182.25806451612902,142078.24243783773,1527.7230369659972,93.0,0.030090653863122197,100.0,92.0,40,0.08411709495585072,0.989247311827957,100.0,100.0,8.0,1.0,0.0,0.0,8,100.0,1.0,0.0,100.0,1.0,0.0,100.0,1.0,0.0,100.0,1.0,0.0,100.0,1.0,0.0,100.0,1.0,0.0,100.0,1.0,0.0,100.0,1.0,0.0
196,actuated,0,0,0.0,0.0,7347653.355956027,918456.6694945034,17412.0,187.2258064516129,141126.25718290338,1517.4866363753051,93.0,0.0006925905988756563,100.0,92.8,40,0.0028717415241047302,0.9978494623655914,100.0,100.0,8.0,1.0,0.0,0.0,8,100.0,1.0,0.0,100.0,1.0,0.0,100.0,1.0,0.0,100.0,1.0,0.0,100.0,1.0,0.0,100.0,1.0,0.0,100.0,1.0,0.0,100.0,1.0,0.0
197,actuated,0,0,0.0,0.0,8082243.661403568,1010280.457675446,17877.0,192.2258064516129,141452.90466109375,1520.9989748504704,93.0,1.5305923890432457e-06,100.0,93.0,40,9.55854640593889e-06,1.0,100.0,100.0,8.0,1.0,0.0,0.0,8,100.0,1.0,0.0,100.0,1.0,0.0,100.0,1.0,0.0,100.0,1.0,0.0,100.0,1.0,0.0,100.0,1.0,0.0,100.0,1.0,0.0,100.0,1.0,0.0
198,actuated,0,0,156.57341113973166,156.57341113973166,7600450.0572677795,950056.2571584724,18342.0,195.96153846153845,142570.31958675355,1523.1871750721534,93.6,0.004231061084746299,100.0,93.2,40,0.01932017325921846,0.9957264957264957,100.0,100.0,8.0,1.0,0.0,0.0,8,100.0,1.0,0.0,100.0,1.0,0.0,100.0,1.0,0.0,100.0,1.0,0.0,100.0,1.0,0.0,100.0,1.0,0.0,100.0,1.0,0.0,100.0,1.0,0.0
199,actuated,0,0,247.3925691496949,247.3925691496949,7222630.673766022,902828.8342207527,18807.6,200.08085106382978,142552.8661843334,1516.5198530248233,94.0,0.007788387017679699,100.0,93.4,40,0.0309164830740557,0.9936170212765958,100.0,100.0,8.0,1.0,0.0,0.0,8,100.0,1.0,0.0,100.0,1.0,0.0,100.0,1.0,0.0,100.0,1.0,0.0,100.0,1.0,0.0,100.0,1.0,0.0,100.0,1.0,0.0,100.0,1.0,0.0
200,actuated,0,0,0.0,0.0,9549588.56442392,1193698.57055299,19277.0,205.0744680851064,142973.85840120242,1520.9984936298129,94.0,2.4691519411150413e-07,100.0,94.0,40,1.541984893000495e-06,1.0,100.0,100.0,8.0,1.0,0.0,0.0,8,100.0,1.0,0.0,100.0,1.0,0.0,100.0,1.0,0.0,100.0,1.0,0.0,100.0,1.0,0.0,100.0,1.0,0.0,100.0,1.0,0.0,100.0,1.0,0.0
201,actuated,0,0,0.0,0.0,8000000.0,1000000.0,19747.0,210.0744680851064,142974.0,1521.0,94.0,0.0,100.0,94.0,40,0.0,1.0,100.0,100.0,8.0,1.0,0.0,0.0,8,100.0,1.0,0.0,100.0,1.0,0.0,100.0,1.0,0.0,100.0,1.0,0.0,100.0,1.0,0.0,100.0,1.0,0.0,100.0,1.0,0.0,100.0,1.0,0.0
202,actuated,0,0,0.0,0.0,8000000.0,1000000.0,20217.0,215.0744680851064,142974.0,1521.0,94.0,0.0,100.0,94.0,40,0.0,1.0,100.0,100.0,8.0,1.0,0.0,0.0,8,100.0,1.0,0.0,100.0,1.0,0.0,100.0,1.0,0.0,100.0,1.0,0.0,100.0,1.0,0.0,100.0,1.0,0.0,100.0,1.0,0.0,100.0,1.0,0.0
203,actuated,0,0,0.0,0.0,7600827.220653987,950103.4025817483,20265.6,217.90967741935484,141613.5081992732,1522.7258946158408,93.0,0.0023316412459296935,100.0,92.6,40,0.0103632710964872,0.9956989247311828,100.0,100.0,8.0,1.0,0.0,0.0,8,100.0,1.0,0.0,100.0,1.0,0.0,100.0,1.0,0.0,100.0,1.0,0.0,100.0,1.0,0.0,100.0,1.0,0.0,100.0,1.0,0.0,100.0,1.0,0.0
204,actuated,0,0,838.9854366818793,299.63765595781405,5001095.409796679,625136.9262245849,17111.0,188.03296703296704,140993.53820370501,1549.379540700055,91.0,0.14109961136273766,74.96826456382166,80.8,34,0.21086921997750643,0.8879120879120879,74.96826456382166,100.0,6.800000000000001,0.8500000000000001,0.4731885494885243,0.0,8,100.0,1.0,0.0,32.6800235617975,0.6,1.9314972551529217,100.0,1.0,0.0,40.0,0.6,0.0,27.066092948775804,0.6,1.8540111407552728,100.0,1.0,0.0,100.0,1.0,0.0,100.0,1.0,0.0
205,actuated,0,0,510.6815882271752,170.22719607572506,5000510.681588227,625063.8351985284,13402.2,147.27692307692308,137935.35507353567,1515.7731326762162,91.0,0.20482267879801222,99.69500331017457,72.6,40,0.2648293975884615,0.7978021978021979,99.69500331017457,100.0,8.0,1.0,0.2483016731598361,0.0,8,100.0,1.0,0.0,100.0,1.0,0.0,100.0,1.0,0.0,97.56002648139656,1.0,1.9864133852786887,100.0,1.0,0.0,100.0,1.0,0.0,100.0,1.0,0.0,100.0,1.0,0.0
206,actuated,0,0,641.1835736622104,213.72785788740347,5000641.183573662,625080.1479467078,11263.0,122.9585152838428,136199.10085884662,1486.8897473673212,91.6,0.17008306673742402,100.0,73.8,40,0.2254622788410497,0.8056768558951966,100.0,100.0,8.0,1.0,0.0,0.0,8,100.0,1.0,0.0,100.0,1.0,0.0,100.0,1.0,0.0,100.0,1.0,0.0,100.0,1.0,0.0,100.0,1.0,0.0,100.0,1.0,0.0,100.0,1.0,0.0
207,actuated,0,0,1021.583007438443,510.7915037192215,5002611.577227504,625326.447153438,11595.6,123.35744680851064,139422.78424651036,1483.2211090054293,94.0,0.058035092575183765,100.0,82.2,40,0.08978252385458285,0.874468085106383,100.0,100.0,8.0,1.0,0.0,0.0,8,100.0,1.0,0.0,100.0,1.0,0.0,100.0,1.0,0.0,100.0,1.0,0.0,100.0,1.0,0.0,100.0,1.0,0.0,100.0,1.0,0.0,100.0,1.0,0.0
208,actuated,0,0,0.0,0.0,5086136.205752605,635767.0257190756,12030.2,127.98085106382979,142721.09554162287,1518.309527038541,94.0,0.006575146063997471,100.0,91.2,40,0.012227626989670178,0.9702127659574468,100.0,100.0,8.0,1.0,0.0,0.0,8,100.0,1.0,0.0,100.0,1.0,0.0,100.0,1.0,0.0,100.0,1.0,0.0,100.0,1.0,0.0,100.0,1.0,0.0,100.0,1.0,0.0,100.0,1.0,0.0
209,actuated,4,0,322.6457702949862,322.6457702949862,10324634.970222209,1290579.371277776,11868.4,127.34334763948497,142457.76904563216,1528.5168352535638,93.2,0.018727546182474318,97.5,91.2,40,0.06659060507084139,0.9785407725321889,97.5,100.0,8.0,1.0,0.0,0.0,8,100.0,1.0,0.0,100.0,1.0,0.0,100.0,1.0,0.0,100.0,1.0,0.0,100.0,1.0,0.0,100.0,1.0,0.0,80.0,1.0,0.0,100.0,1.0,0.0
210,actuated,4,4,106.47069375012651,106.47069375012651,11721870.557511,1465233.819688875,11542.0,125.45652173913044,142438.25304939607,1548.2418809716964,92.0,0.11232833906381456,89.94738341701918,87.0,37,0.3131104248223803,0.9456521739130435,89.94738341701918,100.0,7.4,0.925,0.3087327312812873,0.0,8,100.0,1.0,0.0,100.0,1.0,0.0,100.0,1.0,0.0,100.0,1.0,0.0,100.0,1.0,0.0,100.0,1.0,0.0,19.579067336153457,0.4,2.4698618502502985,100.0,1.0,0.0
211,actuated,4,4,39.91667725994176,39.91667725994176,10574603.110507984,1321825.388813498,11605.4,128.3783185840708,141396.57434972766,1564.1213976739787,90.4,0.2849753257445403,90.76670754299982,83.6,38,0.7760442241455864,0.9247787610619469,90.76670754299982,100.0,7.6,0.95,0.5214254501919608,0.0,8,100.0,1.0,0.0,100.0,1.0,0.0,100.0,1.0,0.0,100.0,1.0,0.0,100.0,1.0,0.0,100.0,1.0,0.0,26.1336603439986,0.6,4.171403601535687,100.0,1.0,0.0
212,actuated,4,4,23.018791701789212,23.018791701789212,7000023.018791703,875002.8773489628,11982.0,133.72767857142858,141534.1008164031,1579.6216608973562,89.6,0.4854399449670111,91.10396904940217,83.2,39,1.307454896734711,0.9285714285714286,91.10396904940217,100.0,7.8,0.975,0.7367984528010423,0.0,8,100.0,1.0,0.0,100.0,1.0,0.0,100.0,1.0,0.0,100.0,1.0,0.0,100.0,1.0,0.0,100.0,1.0,0.0,28.831752395217336,0.8,5.894387622408338,100.0,1.0,0.0
213,actuated,4,4,17.902395516676062,17.902395516676062,7000017.902395517,875002.2377994396,12397.0,140.23755656108597,138500.03968017045,1566.7425303186703,88.4,0.6102840654117093,89.1501863329205,83.2,39,1.62524946441253,0.9411764705882353,89.1501863329205,100.0,7.8,0.975,0.8486550767823655,0.0,8,100.0,1.0,0.0,100.0,1.0,0.0,100.0,1.0,0.0,100.0,1.0,0.0,100.0,1.0,0.0,100.0,1.0,0.0,13.201490663363984,0.8,6.789240614258924,100.0,1.0,0.0
214,actuated,4,4,17.09763478466178,17.09763478466178,11000390.523919221,1375048.8154899026,12812.0,147.26436781609195,134484.42480932752,1545.7979863141095,87.0,0.6362047546419491,89.38725440806991,83.2,39,1.6906737781748664,0.9563218390804598,89.38725440806991,100.0,7.8,0.975,0.9386696443774043,0.0,8,100.0,1.0,0.0,100.0,1.0,0.0,100.0,1.0,0.0,100.0,1.0,0.0,100.0,1.0,0.0,100.0,1.0,0.0,15.098035264559257,0.8,7.509357155019234,100.0,1.0,0.0
215,actuated,4,4,17.50311396959598,17.50311396959598,11676837.52859854,1459604.6910748174,13227.0,155.24647887323943,131067.61372933033,1538.3522738184313,85.2,0.6251662378705418,87.5,83.0,35,1.6665175000834007,0.9741784037558685,87.5,100.0,7.0,0.875,0.0,0.0,8,100.0,1.0,0.0,100.0,1.0,0.0,100.0,1.0,0.0,100.0,1.0,0.0,100.0,1.0,0.0,100.0,1.0,0.0,0.0,0.0,0.0,100.0,1.0,0.0
216,actuated,4,4,12.352974405594015,12.352974405594015,10781051.116570245,1347631.3895712807,13642.0,161.25295508274232,130306.44484014134,1540.265305439023,84.6,0.8770694978492266,89.08196706177307,83.0,36,2.324627518325367,0.9810874704491725,89.08196706177307,100.0,7.2,0.9,0.9876943950076609,0.0,8,100.0,1.0,0.0,100.0,1.0,0.0,100.0,1.0,0.0,100.0,1.0,0.0,100.0,1.0,0.0,100.0,1.0,0.0,12.655736494184566,0.2,7.901555160061287,100.0,1.0,0.0
217,actuated,4,4,10.372320141423405,10.372320141423405,7000010.372320141,875001.2965400176,14057.0,168.14593301435406,127731.54797972017,1527.889329900959,83.6,1.0420943793488897,88.96178402301473,83.0,36,2.7583925316449434,0.992822966507177,88.96178402301473,100.0,7.2,0.9,1.0688993554448336,0.0,8,100.0,1.0,0.0,100.0,1.0,0.0,100.0,1.0,0.0,100.0,1.0,0.0,100.0,1.0,0.0,100.0,1.0,0.0,11.694272184117835,0.2,8.551194843558669,100.0,1.0,0.0
218,actuated,4,4,36.01261336771165,36.01261336771165,7200036.012613369,900004.5015766711,14472.0,173.5251798561151,126942.90609588331,1522.0971953942844,83.4,0.6392518396270461,87.5,83.2,35,2.191788475112546,0.9976019184652278,87.5,100.0,7.0,0.875,0.0,0.0,8,100.0,1.0,0.0,100.0,1.0,0.0,100.0,1.0,0.0,100.0,1.0,0.0,100.0,1.0,0.0,100.0,1.0,0.0,0.0,0.0,0.0,100.0,1.0,0.0
219,actuated,4,4,47.057920391461465,47.057920391461465,7000047.057920392,875005.882240049,14887.0,177.22619047619048,128374.80606504166,1528.2715007743054,84.0,0.26978129584807903,87.5,83.0,35,0.7721974049561352,0.9880952380952381,87.5,100.0,7.0,0.875,0.0,0.0,8,100.0,1.0,0.0,100.0,1.0,0.0,100.0,1.0,0.0,100.0,1.0,0.0,100.0,1.0,0.0,100.0,1.0,0.0,0.0,0.0,0.0,100.0,1.0,0.0
220,actuated,4,4,17.96165832858529,17.96165832858529,7000017.961658329,875002.2452072911,15302.0,182.16666666666666,128613.84575115179,1531.1172113232356,84.0,0.6161714972066693,87.5,83.0,35,1.6523194884997972,0.9880952380952381,87.5,100.0,7.0,0.875,0.0,0.0,8,100.0,1.0,0.0,100.0,1.0,0.0,100.0,1.0,0.0,100.0,1.0,0.0,100.0,1.0,0.0,100.0,1.0,0.0,0.0,0.0,0.0,100.0,1.0,0.0
221,actuated,4,4,387.99277536875326,215.5515418715296,5801091.609803599,725136.4512254499,14524.8,176.27184466019418,126957.64549588675,1540.748124950082,82.4,0.8836689739582606,83.25098781876079,79.0,36,2.2573895686954986,0.9587378640776699,83.25098781876079,100.0,7.2,0.9,0.8577299898418375,0.0,8,100.0,1.0,0.0,100.0,1.0,0.0,100.0,1.0,0.0,100.0,1.0,0.0,100.0,1.0,0.0,60.0,0.8,0.0,6.007902550086328,0.4,6.8618399187347,100.0,1.0,0.0
222,actuated,4,4,392.33116470090584,130.77705490030195,5000392.331164701,625049.0413955876,12366.6,152.29802955665025,124214.26693564223,1529.7323514241652,81.2,1.1251825805058964,75.00760995433382,71.0,32,2.6175176099602293,0.874384236453202,75.00760995433382,100.0,6.3999999999999995,0.8,0.4754053441636591,0.0,8,100.0,1.0,0.0,100.0,1.0,0.0,32.84632620792763,0.6,2.1201149989897337,100.0,1.0,0.0,100.0,1.0,0.0,67.2145534267429,0.8,1.683127754319539,0.0,0.0,0.0,100.0,1.0,0.0
223,actuated,4,4,348.7684438521518,124.56015851862564,5200348.768443853,650043.5960554816,10449.8,128.692118226601,122668.54046013046,1510.6963110853505,81.2,0.969587296443188,87.5,68.8,35,2.464461954608858,0.8472906403940886,87.5,100.0,7.0,0.875,0.0,0.0,8,100.0,1.0,0.0,100.0,1.0,0.0,100.0,1.0,0.0,100.0,1.0,0.0,100.0,1.0,0.0,100.0,1.0,0.0,0.0,0.0,0.0,100.0,1.0,0.0
224,actuated,4,4,1030.497281788683,286.24924494130084,4001861.0265827016,500232.6283228377,9025.4,110.33496332518338,124167.64747518666,1517.9419006746537,81.8,0.36372331857096635,85.0,70.0,35,0.7674618025999503,0.8557457212713936,85.0,100.0,7.0,0.875,0.0,0.0,8,80.0,1.0,0.0,100.0,1.0,0.0,100.0,1.0,0.0,100.0,1.0,0.0,100.0,1.0,0.0,100.0,1.0,0.0,0.0,0.0,0.0,100.0,1.0,0.0
225,actuated,4,4,565.3780060336132,166.28764883341566,3007342.0155804036,375917.75194755045,6751.0,82.93611793611794,127045.25777935944,1560.7525525719834,81.4,0.8438600829293528,68.67492783336559,67.6,31,1.7772141148192346,0.8304668304668305,68.67492783336559,100.0,6.199999999999999,0.775,0.4177547910701731,0.0,8,21.826173934891813,0.6,1.6944968458147787,100.0,1.0,0.0,100.0,1.0,0.0,100.0,1.0,0.0,100.0,1.0,0.0,100.0,1.0,0.0,0.0,0.0,0.0,27.57324873203288,0.6,1.647541482746606
226,actuated,4,4,232.8536891403306,77.6178963801102,3293457.6736799907,411682.20920999884,4667.0,57.617283950617285,124676.03435576832,1539.210300688498,81.0,1.1985457732234213,83.94540300054587,67.2,34,2.531456670518851,0.8296296296296296,83.94540300054587,100.0,6.8,0.8500000000000001,1.4895017547657994,0.0,8,59.4282440943789,0.6,3.6753741077963715,100.0,1.0,0.0,100.0,1.0,0.0,100.0,1.0,0.0,100.0,1.0,0.0,100.0,1.0,0.0,12.134979909988033,0.2,8.240639930330023,100.0,1.0,0.0
227,actuated,1,4,1160.2109842117593,290.0527460529398,7116135.156246061,889516.8945307577,3188.8,40.26262626262626,122244.29724269066,1543.4886015491247,79.2,0.35706297939306436,70.0,59.2,32,0.6505678195654694,0.7474747474747475,70.0,100.0,6.3999999999999995,0.8,0.0,0.0,8,80.0,1.0,0.0,60.0,0.8,0.0,100.0,1.0,0.0,60.0,0.8,0.0,60.0,0.8,0.0,100.0,1.0,0.0,0.0,0.0,0.0,100.0,1.0,0.0
228,actuated,1,1,548.9743163024058,130.70817054819184,7806270.986684227,975783.8733355284,2096.0,27.724867724867725,124028.78310457994,1640.5923691082003,75.6,0.502282362028603,52.912860406759705,48.8,27,0.5256349097538606,0.6455026455026455,52.912860406759705,100.0,5.4,0.675,0.934405063498777,0.0,8,37.67899954259974,0.6,2.22677490091037,22.86094493791552,0.6,1.6340829134577168,100.0,1.0,0.0,30.929074024761576,0.6,1.6767686496495648,31.833864748800806,0.6,1.9376140439725638,100.0,1.0,0.0,0.0,0.0,0.0,100.0,1.0,0.0
229,actuated,1,1,171.74610027204352,42.93652506801088,3311275.4682198283,413909.43352747854,982.8,14.243478260869566,121922.94158436733,1766.999153396628,69.0,1.1314200914384789,49.78767454382648,38.0,31,1.1802783115033306,0.5507246376811594,49.78767454382648,100.0,6.2,0.775,1.9865598862371097,0.0,8,27.551145384727533,0.6,4.330214803542,28.022206423152056,1.0,3.75656861016022,100.0,1.0,0.0,14.227403439504087,0.8,3.87116376408056,28.50064110322819,0.8,3.9345319121140974,100.0,1.0,0.0,0.0,0.0,0.0,100.0,1.0,0.0
230,actuated,1,1,123.90905684637866,30.977264211594665,4615237.73523227,576904.7169040338,958.0,14.04692082111437,114120.01107619781,1673.313945398795,68.2,1.5326529528714583,55.535707560118794,38.4,28,1.5614797057280279,0.5630498533724341,55.535707560118794,100.0,5.6,0.7,2.4998876201359232,0.0,8,54.1434254335536,0.8,4.730225613563248,19.189724161483355,0.6,5.102352684323372,100.0,1.0,0.0,26.879386500081637,0.6,4.732726860892194,44.07312438583176,0.6,5.433795802308573,100.0,1.0,0.0,0.0,0.0,0.0,100.0,1.0,0.0
231,actuated,1,1,328.71300891219926,74.70750202549982,3600328.7130089113,450041.0891261139,1175.8,16.195592286501377,110080.08442530343,1516.2546064091382,72.6,0.881038168678657,87.5,49.6,35,0.9323504569862042,0.6831955922865014,87.5,100.0,7.0,0.875,0.0,0.0,8,100.0,1.0,0.0,100.0,1.0,0.0,100.0,1.0,0.0,100.0,1.0,0.0,100.0,1.0,0.0,100.0,1.0,0.0,0.0,0.0,0.0,100.0,1.0,0.0
232,actuated,11,1,1232.3392369152698,198.76439305084997,1003241.6462441344,125405.2057805168,1142.2,15.393530997304582,116432.60040737767,1569.1725122288096,74.2,0.7059264422638446,77.5,56.4,33,0.9173509826769227,0.7601078167115903,77.5,100.0,6.6,0.825,0.0,0.0,8,100.0,1.0,0.0,100.0,1.0,0.0,60.0,0.8,0.0,100.0,1.0,0.0,100.0,1.0,0.0,60.0,0.8,0.0,0.0,0.0,0.0,100.0,1.0,0.0
233,actuated,11,11,1355.1648046088683,193.5949720869812,1001355.1648046089,125169.39560057611,1024.4,13.586206896551724,121824.57438624308,1615.710535626566,75.4,1.182664894930793,70.18310808221486,55.8,31,1.817971672201153,0.7400530503978779,70.18310808221486,100.0,6.199999999999999,0.775,0.5305411243742043,0.0,8,100.0,1.0,0.0,100.0,1.0,0.0,32.56384166524185,0.6,2.348902989285933,100.0,1.0,0.0,100.0,1.0,0.0,28.90102299247701,0.6,1.8954260057077015,0.0,0.0,0.0,100.0,1.0,0.0
234,actuated,11,11,1861.7397381724338,300.2806029310377,2737010.0812292355,342126.26015365444,969.0,12.851458885941645,122961.25199237773,1630.7858354426755,75.4,1.5368143023683443,67.33880399754298,54.0,35,2.3690590661179876,0.7161803713527851,67.33880399754298,100.0,7.0,0.875,2.078826438697897,0.0,8,100.0,1.0,0.0,100.0,1.0,0.0,16.89050777117245,0.8,4.13888596156991,100.0,1.0,0.0,100.0,1.0,0.0,20.61877695612111,0.8,4.142744897800653,1.2011472530502942,0.4,8.348980650212615,100.0,1.0,0.0
235,actuated,11,11,797.6775388047715,265.89251293492384,4821603.575907009,602700.4469883761,1172.8,15.848648648648648,122525.59314923245,1655.7512587734113,74.0,1.0098003711178505,68.10874475542903,59.0,32,1.7167600228888058,0.7972972972972973,68.10874475542903,100.0,6.3999999999999995,0.8,1.4624433393776468,0.0,8,100.0,1.0,0.0,100.0,1.0,0.0,18.798630982460054,0.6,5.708571103747804,100.0,1.0,0.0,100.0,1.0,0.0,26.07132706097218,0.8,5.99097561127337,0.0,0.0,0.0,100.0,1.0,0.0
236,actuated,11,11,37.23560138631916,18.61780069315958,8146649.609654424,1018331.201206803,1472.0,20.558659217877096,119131.66849474047,1663.8501186416268,71.6,1.2549774383715355,66.64896917981821,60.6,32,2.183255729262276,0.8463687150837989,66.64896917981821,100.0,6.3999999999999995,0.8,1.8042438781651269,0.0,8,100.0,1.0,0.0,100.0,1.0,0.0,20.847492590946786,0.6,7.015045902657379,100.0,1.0,0.0,100.0,1.0,0.0,12.344260847598889,0.8,7.418905122663636,0.0,0.0,0.0,100.0,1.0,0.0
237,actuated,11,11,191.0427643724367,63.680921457478895,5000191.042764371,625023.8803455464,1772.0,25.314285714285713,114168.42765740756,1630.9775379629652,70.0,1.4378356456328845,67.88891109143037,60.4,30,2.275422469367758,0.8628571428571429,67.88891109143037,100.0,6.0,0.75,2.0126661748709704,0.0,8,100.0,1.0,0.0,100.0,1.0,0.0,25.843954894608032,0.4,7.741656700197344,100.0,1.0,0.0,100.0,1.0,0.0,17.26733383683495,0.6,8.35967269877042,0.0,0.0,0.0,100.0,1.0,0.0
238,actuated,11,11,75.73416975639564,25.24472325213188,6991626.877065212,873953.3596331514,2072.0,30.470588235294116,110791.8301636742,1629.2916200540324,68.0,1.499287167272018,65.05819170723385,60.4,28,2.065288666023069,0.888235294117647,65.05819170723385,100.0,5.6000000000000005,0.7,2.2085330221830928,0.0,8,100.0,1.0,0.0,100.0,1.0,0.0,9.366934266026874,0.4,8.6581182599999,100.0,1.0,0.0,100.0,1.0,0.0,11.09859939184389,0.2,9.010145917464842,0.0,0.0,0.0,100.0,1.0,0.0
239,actuated,11,11,62.56027754807526,20.85342584935842,5000062.560277549,625007.8200346936,2372.0,34.88235294117647,110655.59996396766,1627.2882347642303,68.0,1.6620989673395568,63.994158967261114,60.4,30,2.1846262602067195,0.888235294117647,63.994158967261114,100.0,6.000000000000001,0.75,3.1388047438124467,0.0,8,100.0,1.0,0.0,100.0,1.0,0.0,11.19673209161192,0.2,8.931177345478813,100.0,1.0,0.0,100.0,1.0,0.0,0.13040958425335702,0.4,8.579813068453223,0.6261300622236377,0.4,7.5994475365675385,100.0,1.0,0.0
240,actuated,11,11,151.19666504065066,62.99861043360444,7010488.739065324,876311.0923831655,2673.2,39.19648093841642,109768.52004052585,1609.5090915033115,68.2,1.2316363706638065,64.38505705261775,61.2,29,2.049617423036207,0.8973607038123167,64.38505705261775,100.0,5.800000000000001,0.725,2.2485670964582827,0.0,8,100.0,1.0,0.0,100.0,1.0,0.0,6.602941850701427,0.4,8.92616596762091,100.0,1.0,0.0,100.0,1.0,0.0,8.4775145702406,0.4,9.06237080404535,0.0,0.0,0.0,100.0,1.0,0.0
241,actuated,11,11,164.67030922954396,54.890103076514656,10981012.315226376,1372626.539403297,2978.0,43.03468208092485,112830.39680224538,1630.4970636162627,69.2,1.3766536271050513,63.89144541613234,61.4,28,2.178697271721981,0.8872832369942196,63.89144541613234,100.0,5.6000000000000005,0.7,2.225248284453235,0.0,8,100.0,1.0,0.0,100.0,1.0,0.0,0.43624085722512973,0.4,8.45210456206816,100.0,1.0,0.0,100.0,1.0,0.0,10.695322471833606,0.2,9.349881713557721,0.0,0.0,0.0,100.0,1.0,0.0
242,actuated,11,11,87.49147358590076,29.163824528633587,5000087.491473586,625010.9364341983,3283.0,47.718023255813954,112360.98037738811,1633.15378455506,68.8,1.4384070890235443,63.41186312180298,61.4,29,2.075210746679961,0.8924418604651163,63.41186312180298,100.0,5.800000000000001,0.725,2.149977951396607,0.0,8,100.0,1.0,0.0,100.0,1.0,0.0,5.655581354508286,0.4,8.784491957072172,100.0,1.0,0.0,100.0,1.0,0.0,1.639323619915558,0.4,8.415331654100685,0.0,0.0,0.0,100.0,1.0,0.0
243,actuated,11,11,202.96811871401852,67.6560395713395,5000202.968118714,625025.3710148393,3588.0,52.151162790697676,110211.21011001777,1601.9071236921188,68.8,1.4002454905098498,69.63491927897394,61.4,29,2.05220053567909,0.8924418604651163,69.63491927897394,100.0,5.800000000000001,0.725,2.8834171895547387,0.0,8,100.0,1.0,0.0,100.0,1.0,0.0,10.628012952511199,0.2,9.409096549545687,100.0,1.0,0.0,100.0,1.0,0.0,10.914654765697378,0.2,9.161993864824787,35.536686513582936,0.4,4.496247102067436,100.0,1.0,0.0
244,actuated,11,11,40.25971222520208,20.12985611260104,5530032.989185525,691254.1236481906,3896.0,56.79300291545189,110442.91229710805,1609.9549897537615,68.6,1.171477558707348,77.07140002608924,62.4,33,2.046910786945425,0.9096209912536443,77.07140002608924,100.0,6.6000000000000005,0.825,2.288564755301694,0.0,8,100.0,1.0,0.0,100.0,1.0,0.0,5.993770918908012,0.4,8.854425061959772,100.0,1.0,0.0,100.0,1.0,0.0,10.577429289805877,0.2,9.454092980453783,100.0,1.0,0.0,100.0,1.0,0.0
245,actuated,11,11,226.0118270064389,86.92762577170727,5400226.011827007,675028.2514783759,4206.0,60.43103448275862,112613.43318710968,1618.0090975159435,69.6,1.2057888459222539,76.73482557393356,62.6,34,2.04957071089968,0.8994252873563219,76.73482557393356,100.0,6.800000000000001,0.85,2.238738904370903,0.0,8,100.0,1.0,0.0,100.0,1.0,0.0,4.121126861941775,0.4,9.072293922036701,100.0,1.0,0.0,100.0,1.0,0.0,9.757477729526727,0.4,8.837617312930524,100.0,1.0,0.0,100.0,1.0,0.0
246,actuated,11,11,146.70966344365934,48.90322114788645,5000146.709663445,625018.3387079306,4516.0,64.88505747126437,113217.76058056804,1626.6919623644833,69.6,1.3114909197424816,77.26900319437334,62.4,34,2.064983295059563,0.896551724137931,77.26900319437334,100.0,6.800000000000001,0.85,2.2799525613928995,0.0,8,100.0,1.0,0.0,100.0,1.0,0.0,9.823502467547769,0.4,9.159994607139378,100.0,1.0,0.0,100.0,1.0,0.0,8.328523087438953,0.4,9.079625884003818,100.0,1.0,0.0,100.0,1.0,0.0
247,actuated,11,11,93.89429422433396,31.298098074777986,5000093.894294225,625011.7367867781,4826.0,68.74643874643874,112162.97227210761,1597.7631377793107,70.2,1.3863627592477248,77.79533277963537,62.4,32,2.0227958233727983,0.8888888888888888,77.79533277963537,100.0,6.4,0.8,2.238173964340283,0.0,8,100.0,1.0,0.0,100.0,1.0,0.0,11.540094520341881,0.2,8.66544028939526,100.0,1.0,0.0,100.0,1.0,0.0,10.822567716741105,0.2,9.239951425327005,100.0,1.0,0.0,100.0,1.0,0.0
248,actuated,11,11,74.23885179123614,33.74493263238006,5006764.926008279,625845.6157510349,5142.6,71.22714681440443,112527.73066709455,1558.555826414052,72.2,0.8549212253028751,76.46756018970962,64.8,33,1.4473222475487009,0.8975069252077562,76.46756018970962,100.0,6.6000000000000005,0.825,2.254649645143763,0.0,8,100.0,1.0,0.0,100.0,1.0,0.0,11.077843650818977,0.2,9.027027565297608,100.0,1.0,0.0,100.0,1.0,0.0,0.6626378668579491,0.4,9.010169595852496,100.0,1.0,0.0,100.0,1.0,0.0
249,actuated,11,11,70.9181016089432,35.4590508044716,5626544.89746593,703318.1121832413,5471.4,73.93783783783783,116007.66989580677,1567.6712148081997,74.0,0.6745013391632038,85.69338068012541,67.2,36,1.189431105670855,0.9081081081081082,85.69338068012541,100.0,7.199999999999999,0.9,1.7806937420003195,0.0,8,100.0,1.0,0.0,100.0,1.0,0.0,44.72661416773008,0.6,6.261297328333788,100.0,1.0,0.0,100.0,1.0,0.0,40.82043127327324,0.6,7.984252607668768,100.0,1.0,0.0,100.0,1.0,0.0
250,actuated,0,11,842.863748422835,247.90110247730442,4262768.4669544855,532846.0583693107,5143.8,68.76737967914438,117775.76181882588,1574.5422703051588,74.8,0.5031640217060661,90.0,64.0,38,0.7971726092179361,0.8556149732620321,90.0,100.0,7.6,0.95,0.0,0.0,8,60.0,0.8,0.0,100.0,1.0,0.0,100.0,1.0,0.0,100.0,1.0,0.0,100.0,1.0,0.0,100.0,1.0,0.0,100.0,1.0,0.0,60.0,0.8,0.0
251,actuated,0,0,561.6541495028587,112.33082990057173,3000561.654149502,375070.20676868776,4439.0,59.02925531914894,121518.3580097383,1615.9356118316261,75.2,0.6628227645996934,83.40715877791581,56.6,37,0.640815498292236,0.7526595744680851,83.40715877791581,100.0,7.3999999999999995,0.925,0.4203417885375117,0.0,8,45.68100026282991,0.8,1.6863135350020393,100.0,1.0,0.0,100.0,1.0,0.0,100.0,1.0,0.0,100.0,1.0,0.0,100.0,1.0,0.0,100.0,1.0,0.0,21.576269960496575,0.6,1.6764207732980545
252,actuated,0,0,372.08056491152774,74.41611298230555,3000372.0805649115,375046.51007061393,4044.8,53.644562334217504,121399.04349801972,1610.0668898941606,75.4,0.8544753116714061,87.75449678835798,54.6,39,0.7999634697495551,0.7241379310344828,87.75449678835798,100.0,7.8,0.975,0.9204692216213375,0.0,8,79.00751761396805,0.8,3.4197978131556503,100.0,1.0,0.0,100.0,1.0,0.0,100.0,1.0,0.0,100.0,1.0,0.0,100.0,1.0,0.0,100.0,1.0,0.0,23.028456692895816,1.0,3.943955959815049
253,actuated,0,0,625.2614133356108,135.92639420339364,3002284.0588733535,375285.5073591692,4206.2,53.243037974683546,121823.7800373071,1542.0731650292037,79.0,0.6371694596682922,95.28521930592547,61.2,39,0.7440091198020247,0.7746835443037975,95.28521930592547,100.0,7.8,0.975,0.6790348345684177,0.0,8,100.0,1.0,0.0,100.0,1.0,0.0,100.0,1.0,0.0,100.0,1.0,0.0,100.0,1.0,0.0,100.0,1.0,0.0,100.0,1.0,0.0,62.28175444740373,0.8,5.432278676547342
254,actuated,0,0,1050.0676149397268,262.5169037349317,3442844.4479852654,430355.5559981582,4535.4,54.77536231884058,126932.61025054453,1533.002539257784,82.8,0.32010419507705906,100.0,70.6,40,0.46553201376710107,0.8526570048309179,100.0,100.0,8.0,1.0,0.0,0.0,8,100.0,1.0,0.0,100.0,1.0,0.0,100.0,1.0,0.0,100.0,1.0,0.0,100.0,1.0,0.0,100.0,1.0,0.0,100.0,1.0,0.0,100.0,1.0,0.0
255,actuated,0,0,1074.828200865862,358.2760669552874,4826444.60638937,603305.5757986712,4914.0,57.00696055684455,129905.79032616499,1507.027730001914,86.2,0.12273385664022277,100.0,80.2,40,0.1725323542757249,0.9303944315545244,100.0,100.0,8.0,1.0,0.0,0.0,8,100.0,1.0,0.0,100.0,1.0,0.0,100.0,1.0,0.0,100.0,1.0,0.0,100.0,1.0,0.0,100.0,1.0,0.0,100.0,1.0,0.0,100.0,1.0,0.0
256,actuated,0,0,1063.573707994686,443.1557116644525,6513290.490208307,814161.3112760384,5329.4,59.880898876404494,135294.8346891582,1520.1666819006539,89.0,0.0840448744861456,100.0,85.2,40,0.13992923709371272,0.9573033707865168,100.0,100.0,8.0,1.0,0.0,0.0,8,100.0,1.0,0.0,100.0,1.0,0.0,100.0,1.0,0.0,100.0,1.0,0.0,100.0,1.0,0.0,100.0,1.0,0.0,100.0,1.0,0.0,100.0,1.0,0.0
257,actuated,0,0,243.89591436351193,203.2465953029266,14316580.435277557,1789572.5544096946,5763.2,64.75505617977528,135961.418949083,1527.6563926863257,89.0,0.11869174834696275,100.0,87.6,40,0.30802502550892363,0.9842696629213483,100.0,100.0,8.0,1.0,0.0,0.0,8,100.0,1.0,0.0,100.0,1.0,0.0,100.0,1.0,0.0,100.0,1.0,0.0,100.0,1.0,0.0,100.0,1.0,0.0,100.0,1.0,0.0,100.0,1.0,0.0
258,actuated,0,0,24.330883477536112,24.330883477536112,10906075.371586712,1363259.421448339,6204.2,69.71011235955056,134723.27901615523,1513.7447080466877,89.0,0.01921422131172059,100.0,88.6,40,0.11088180103393164,0.9955056179775281,100.0,100.0,8.0,1.0,0.0,0.0,8,100.0,1.0,0.0,100.0,1.0,0.0,100.0,1.0,0.0,100.0,1.0,0.0,100.0,1.0,0.0,100.0,1.0,0.0,100.0,1.0,0.0,100.0,1.0,0.0
259,actuated,0,0,0.0,0.0,7926707.325518614,990838.4156898267,6649.0,74.70786516853933,135368.65906557767,1520.9961692761535,89.0,8.775370581985229e-06,100.0,89.0,40,4.555211493439576e-05,1.0,100.0,100.0,8.0,1.0,0.0,0.0,8,100.0,1.0,0.0,100.0,1.0,0.0,100.0,1.0,0.0,100.0,1.0,0.0,100.0,1.0,0.0,100.0,1.0,0.0,100.0,1.0,0.0,100.0,1.0,0.0
260,actuated,0,0,0.0,0.0,8000000.0,1000000.0,7094.0,79.70786516853933,135369.0,1521.0,89.0,0.0,100.0,89.0,40,0.0,1.0,100.0,100.0,8.0,1.0,0.0,0.0,8,100.0,1.0,0.0,100.0,1.0,0.0,100.0,1.0,0.0,100.0,1.0,0.0,100.0,1.0,0.0,100.0,1.0,0.0,100.0,1.0,0.0,100.0,1.0,0.0
261,actuated,0,0,179.7628097197908,179.7628097197908,7400478.788953851,925059.8486192314,7539.0,83.9532293986637,136881.9719187553,1524.2981282712171,89.8,0.011455544758188939,100.0,89.2,40,0.045125647723670156,0.9933184855233853,100.0,100.0,8.0,1.0,0.0,0.0,8,100.0,1.0,0.0,100.0,1.0,0.0,100.0,1.0,0.0,100.0,1.0,0.0,100.0,1.0,0.0,100.0,1.0,0.0,100.0,1.0,0.0,100.0,1.0,0.0
262,actuated,0,0,175.76704485917654,175.76704485917654,7000175.76704486,875021.9708806075,7984.0,88.71111111111111,137784.99976657217,1530.944441850802,90.0,0.06578705805087728,100.0,89.0,40,0.18045500637159914,0.9888888888888889,100.0,100.0,8.0,1.0,0.0,0.0,8,100.0,1.0,0.0,100.0,1.0,0.0,100.0,1.0,0.0,100.0,1.0,0.0,100.0,1.0,0.0,100.0,1.0,0.0,100.0,1.0,0.0,100.0,1.0,0.0
263,actuated,0,0,105.21288668534434,105.21288668534434,7003250.780754569,875406.3475943211,8429.2,93.65777777777778,136664.2118138558,1518.4912423761755,90.0,0.04869386378620777,100.0,89.2,40,0.18310818062788178,0.9911111111111112,100.0,100.0,8.0,1.0,0.0,0.0,8,100.0,1.0,0.0,100.0,1.0,0.0,100.0,1.0,0.0,100.0,1.0,0.0,100.0,1.0,0.0,100.0,1.0,0.0,100.0,1.0,0.0,100.0,1.0,0.0
264,actuated,0,0,0.0,0.0,7583820.338477457,947977.5423096821,8878.0,98.64444444444445,136882.35578365682,1520.9150642628535,90.0,0.00010897779620513229,100.0,90.0,40,0.00048129460514396755,1.0,100.0,100.0,8.0,1.0,0.0,0.0,8,100.0,1.0,0.0,100.0,1.0,0.0,100.0,1.0,0.0,100.0,1.0,0.0,100.0,1.0,0.0,100.0,1.0,0.0,100.0,1.0,0.0,100.0,1.0,0.0
265,actuated,0,0,0.0,0.0,8966981.685750047,1120872.7107187558,9328.0,103.64444444444445,136890.00032347167,1521.0000035941298,90.0,3.701857580758375e-07,100.0,90.0,40,2.3118093182191983e-06,1.0,100.0,100.0,8.0,1.0,0.0,0.0,8,100.0,1.0,0.0,100.0,1.0,0.0,100.0,1.0,0.0,100.0,1.0,0.0,100.0,1.0,0.0,100.0,1.0,0.0,100.0,1.0,0.0,100.0,1.0,0.0
266,actuated,0,0,0.0,0.0,8000000.0,1000000.0,9778.0,108.64444444444445,136890.0,1521.0,90.0,0.0,100.0,90.0,40,0.0,1.0,100.0,100.0,8.0,1.0,0.0,0.0,8,100.0,1.0,0.0,100.0,1.0,0.0,100.0,1.0,0.0,100.0,1.0,0.0,100.0,1.0,0.0,100.0,1.0,0.0,100.0,1.0,0.0,100.0,1.0,0.0
267,actuated,0,0,0.0,0.0,7800204.753759471,975025.5942199338,10228.0,113.14159292035399,137606.66308021027,1522.197600444804,90.4,0.002109851370332763,100.0,90.2,40,0.01317601758464622,0.9977876106194691,100.0,100.0,8.0,1.0,0.0,0.0,8,100.0,1.0,0.0,100.0,1.0,0.0,100.0,1.0,0.0,100.0,1.0,0.0,100.0,1.0,0.0,100.0,1.0,0.0,100.0,1.0,0.0,100.0,1.0,0.0
268,actuated,0,0,284.3961923805249,284.3961923805249,7000284.396192379,875035.5495240474,10678.0,117.34065934065934,139149.27626441332,1529.112925982564,91.0,0.04293794363620691,100.0,90.0,40,0.11991497974297159,0.989010989010989,100.0,100.0,8.0,1.0,0.0,0.0,8,100.0,1.0,0.0,100.0,1.0,0.0,100.0,1.0,0.0,100.0,1.0,0.0,100.0,1.0,0.0,100.0,1.0,0.0,100.0,1.0,0.0,100.0,1.0,0.0
269,actuated,0,0,96.7878739216201,96.7878739216201,7023832.716961597,877979.0896201996,11128.2,122.28791208791209,138136.2779148468,1517.9810759873276,91.0,0.04179743290069723,100.0,90.2,40,0.145826368954484,0.9912087912087912,100.0,100.0,8.0,1.0,0.0,0.0,8,100.0,1.0,0.0,100.0,1.0,0.0,100.0,1.0,0.0,100.0,1.0,0.0,100.0,1.0,0.0,100.0,1.0,0.0,100.0,1.0,0.0,100.0,1.0,0.0
270,actuated,0,0,0.0,0.0,11211760.825447608,1401470.103180951,11582.0,127.27472527472527,138410.17259004392,1520.9909075829,91.0,4.407221018335588e-06,100.0,91.0,40,1.8322579268034532e-05,1.0,100.0,100.0,8.0,1.0,0.0,0.0,8,100.0,1.0,0.0,100.0,1.0,0.0,100.0,1.0,0.0,100.0,1.0,0.0,100.0,1.0,0.0,100.0,1.0,0.0,100.0,1.0,0.0,100.0,1.0,0.0
271,actuated,0,0,0.0,0.0,8000000.0,1000000.0,12037.0,132.27472527472528,138411.0,1521.0,91.0,0.0,100.0,91.0,40,0.0,1.0,100.0,100.0,8.0,1.0,0.0,0.0,8,100.0,1.0,0.0,100.0,1.0,0.0,100.0,1.0,0.0,100.0,1.0,0.0,100.0,1.0,0.0,100.0,1.0,0.0,100.0,1.0,0.0,100.0,1.0,0.0
272,actuated,0,0,319.71866427563543,319.71866427563543,7600319.718664276,950039.9648330346,12492.0,136.3755458515284,139540.7200013267,1523.3703056913394,91.6,0.005722678258963343,100.0,91.2,40,0.02566358721500746,0.9956331877729258,100.0,100.0,8.0,1.0,0.0,0.0,8,100.0,1.0,0.0,100.0,1.0,0.0,100.0,1.0,0.0,100.0,1.0,0.0,100.0,1.0,0.0,100.0,1.0,0.0,100.0,1.0,0.0,100.0,1.0,0.0
273,actuated,0,0,250.2223355848529,250.2223355848529,7000250.222335586,875031.2777919483,12947.0,140.72826086956522,140781.37343438773,1530.232319938997,92.0,0.04696798181083675,100.0,91.0,40,0.12940008226051242,0.9891304347826086,100.0,100.0,8.0,1.0,0.0,0.0,8,100.0,1.0,0.0,100.0,1.0,0.0,100.0,1.0,0.0,100.0,1.0,0.0,100.0,1.0,0.0,100.0,1.0,0.0,100.0,1.0,0.0,100.0,1.0,0.0
274,actuated,0,0,137.4642976109609,137.4642976109609,8507490.56941494,1063436.3211768675,13403.2,145.68695652173912,139466.3448932777,1515.9385314486708,92.0,0.0036725410128768004,100.0,91.6,40,0.019817491645272994,0.9956521739130435,100.0,100.0,8.0,1.0,0.0,0.0,8,100.0,1.0,0.0,100.0,1.0,0.0,100.0,1.0,0.0,100.0,1.0,0.0,100.0,1.0,0.0,100.0,1.0,0.0,100.0,1.0,0.0,100.0,1.0,0.0
275,actuated,0,0,0.0,0.0,8000000.0,1000000.0,13863.0,150.68478260869566,139932.0,1521.0,92.0,0.0,100.0,92.0,40,0.0,1.0,100.0,100.0,8.0,1.0,0.0,0.0,8,100.0,1.0,0.0,100.0,1.0,0.0,100.0,1.0,0.0,100.0,1.0,0.0,100.0,1.0,0.0,100.0,1.0,0.0,100.0,1.0,0.0,100.0,1.0,0.0
276,actuated,0,0,0.0,0.0,8000000.0,1000000.0,14323.0,155.68478260869566,139932.0,1521.0,92.0,0.0,100.0,92.0,40,0.0,1.0,100.0,100.0,8.0,1.0,0.0,0.0,8,100.0,1.0,0.0,100.0,1.0,0.0,100.0,1.0,0.0,100.0,1.0,0.0,100.0,1.0,0.0,100.0,1.0,0.0,100.0,1.0,0.0,100.0,1.0,0.0
277,actuated,0,0,328.0965265378362,328.0965265378362,7200653.563496834,900081.6954371042,14783.0,158.95698924731184,141902.01873487857,1525.8281584395547,93.0,0.014319152130279695,100.0,92.2,40,0.04810294723518609,0.9913978494623656,100.0,100.0,8.0,1.0,0.0,0.0,8,100.0,1.0,0.0,100.0,1.0,0.0,100.0,1.0,0.0,100.0,1.0,0.0,100.0,1.0,0.0,100.0,1.0,0.0,100.0,1.0,0.0,100.0,1.0,0.0
278,actuated,0,0,103.08502475005625,103.08502475005625,7014031.221833879,876753.9027292349,15243.6,163.90967741935484,141462.47691866095,1521.1019023511928,93.0,0.017653072872548504,100.0,92.4,40,0.07409000359292217,0.9935483870967742,100.0,100.0,8.0,1.0,0.0,0.0,8,100.0,1.0,0.0,100.0,1.0,0.0,100.0,1.0,0.0,100.0,1.0,0.0,100.0,1.0,0.0,100.0,1.0,0.0,100.0,1.0,0.0,100.0,1.0,0.0
279,actuated,0,0,0.0,0.0,8861195.629660066,1107649.4537075083,15708.0,168.90322580645162,141450.7393023662,1520.9756914232923,93.0,1.9456317121089817e-06,100.0,93.0,40,9.71177227777787e-06,1.0,100.0,100.0,8.0,1.0,0.0,0.0,8,100.0,1.0,0.0,100.0,1.0,0.0,100.0,1.0,0.0,100.0,1.0,0.0,100.0,1.0,0.0,100.0,1.0,0.0,100.0,1.0,0.0,100.0,1.0,0.0
280,actuated,0,0,0.0,0.0,8000000.0,1000000.0,16173.0,173.90322580645162,141453.0,1521.0,93.0,0.0,100.0,93.0,40,0.0,1.0,100.0,100.0,8.0,1.0,0.0,0.0,8,100.0,1.0,0.0,100.0,1.0,0.0,100.0,1.0,0.0,100.0,1.0,0.0,100.0,1.0,0.0,100.0,1.0,0.0,100.0,1.0,0.0,100.0,1.0,0.0
281,actuated,0,0,0.0,0.0,8000000.0,1000000.0,16638.0,178.90322580645162,141453.0,1521.0,93.0,0.0,100.0,93.0,40,0.0,1.0,100.0,100.0,8.0,1.0,0.0,0.0,8,100.0,1.0,0.0,100.0,1.0,0.0,100.0,1.0,0.0,100.0,1.0,0.0,100.0,1.0,0.0,100.0,1.0,0.0,100.0,1.0,0.0,100.0,1.0,0.0
282,actuated,0,0,0.0,0.0,8000000.0,1000000.0,17103.0,183.90322580645162,141453.0,1521.0,93.0,0.0,100.0,93.0,40,0.0,1.0,100.0,100.0,8.0,1.0,0.0,0.0,8,100.0,1.0,0.0,100.0,1.0,0.0,100.0,1.0,0.0,100.0,1.0,0.0,100.0,1.0,0.0,100.0,1.0,0.0,100.0,1.0,0.0,100.0,1.0,0.0
283,actuated,0,0,0.0,0.0,8000000.0,1000000.0,17568.0,188.90322580645162,141453.0,1521.0,93.0,0.0,100.0,93.0,40,0.0,1.0,100.0,100.0,8.0,1.0,0.0,0.0,8,100.0,1.0,0.0,100.0,1.0,0.0,100.0,1.0,0.0,100.0,1.0,0.0,100.0,1.0,0.0,100.0,1.0,0.0,100.0,1.0,0.0,100.0,1.0,0.0
284,actuated,0,0,285.8908316665403,285.8908316665403,7400608.540683851,925076.0675854813,18033.0,192.2494669509595,142997.06495742378,1524.488965430957,93.8,0.007869202252900737,100.0,93.2,40,0.030432784310639574,0.9936034115138592,100.0,100.0,8.0,1.0,0.0,0.0,8,100.0,1.0,0.0,100.0,1.0,0.0,100.0,1.0,0.0,100.0,1.0,0.0,100.0,1.0,0.0,100.0,1.0,0.0,100.0,1.0,0.0,100.0,1.0,0.0
285,actuated,0,0,124.52517969752259,124.52517969752259,7156875.654449466,894609.4568061832,18499.2,196.8,142450.64428426608,1515.4323860028305,94.0,0.00414954808911956,100.0,93.6,40,0.021803458709939535,0.9957446808510638,100.0,100.0,8.0,1.0,0.0,0.0,8,100.0,1.0,0.0,100.0,1.0,0.0,100.0,1.0,0.0,100.0,1.0,0.0,100.0,1.0,0.0,100.0,1.0,0.0,100.0,1.0,0.0,100.0,1.0,0.0
286,actuated,0,0,0.0,0.0,8289977.560311223,1036247.1950389029,18969.0,201.79787234042553,142973.8191168756,1520.9980757114422,94.0,8.816730295273165e-07,100.0,94.0,40,5.506046304639943e-06,1.0,100.0,100.0,8.0,1.0,0.0,0.0,8,100.0,1.0,0.0,100.0,1.0,0.0,100.0,1.0,0.0,100.0,1.0,0.0,100.0,1.0,0.0,100.0,1.0,0.0,100.0,1.0,0.0,100.0,1.0,0.0
287,actuated,0,0,0.0,0.0,8000000.0,1000000.0,19439.0,206.79787234042553,142974.0,1521.0,94.0,0.0,100.0,94.0,40,0.0,1.0,100.0,100.0,8.0,1.0,0.0,0.0,8,100.0,1.0,0.0,100.0,1.0,0.0,100.0,1.0,0.0,100.0,1.0,0.0,100.0,1.0,0.0,100.0,1.0,0.0,100.0,1.0,0.0,100.0,1.0,0.0
288,actuated,0,0,0.0,0.0,8000000.0,1000000.0,19909.0,211.79787234042553,142974.0,1521.0,94.0,0.0,100.0,94.0,40,0.0,1.0,100.0,100.0,8.0,1.0,0.0,0.0,8,100.0,1.0,0.0,100.0,1.0,0.0,100.0,1.0,0.0,100.0,1.0,0.0,100.0,1.0,0.0,100.0,1.0,0.0,100.0,1.0,0.0,100.0,1.0,0.0
289,actuated,0,0,0.0,0.0,8000000.0,1000000.0,20379.0,216.79787234042553,142974.0,1521.0,94.0,0.0,100.0,94.0,40,0.0,1.0,100.0,100.0,8.0,1.0,0.0,0.0,8,100.0,1.0,0.0,100.0,1.0,0.0,100.0,1.0,0.0,100.0,1.0,0.0,100.0,1.0,0.0,100.0,1.0,0.0,100.0,1.0,0.0,100.0,1.0,0.0
290,actuated,0,0,0.0,0.0,8000000.0,1000000.0,20728.6,221.4594017094017,142365.6,1521.0,93.6,0.0,100.0,93.6,40,0.0,1.0,100.0,100.0,8.0,1.0,0.0,0.0,8,100.0,1.0,0.0,100.0,1.0,0.0,100.0,1.0,0.0,100.0,1.0,0.0,100.0,1.0,0.0,100.0,1.0,0.0,100.0,1.0,0.0,100.0,1.0,0.0
291,actuated,0,0,797.147001611501,362.33954618704587,6800723.307162361,850090.4133952952,17998.0,197.78021978021977,141186.11611878348,1551.4957815250932,91.0,0.09327135921678745,82.5,83.0,36,0.16111166307908334,0.9120879120879121,82.5,100.0,7.2,0.9,0.0,0.0,8,100.0,1.0,0.0,40.0,0.6,0.0,100.0,1.0,0.0,80.0,1.0,0.0,40.0,0.6,0.0,100.0,1.0,0.0,100.0,1.0,0.0,100.0,1.0,0.0
292,actuated,0,0,531.5895889393917,177.1965296464639,5000531.589588939,625066.4486986174,14574.4,160.15824175824176,139159.49201532122,1529.225186981552,91.0,0.19722865003833873,93.31854572540635,74.6,39,0.2554607020325651,0.8197802197802198,93.31854572540635,100.0,7.8,0.975,0.73110090783049,0.0,8,100.0,1.0,0.0,90.93989726871314,1.0,1.815525650743444,100.0,1.0,0.0,65.29526510573305,0.8,1.975982114490403,90.31320342880463,1.0,2.057299497410073,100.0,1.0,0.0,100.0,1.0,0.0,100.0,1.0,0.0
293,actuated,0,0,552.4169358429176,184.13897861430587,5000552.416935843,625069.0521169804,11894.4,130.7076923076923,137236.83971615895,1508.0971397380104,91.0,0.19073697479698393,100.0,73.8,40,0.24792995668154172,0.810989010989011,100.0,100.0,8.0,1.0,0.0,0.0,8,100.0,1.0,0.0,100.0,1.0,0.0,100.0,1.0,0.0,100.0,1.0,0.0,100.0,1.0,0.0,100.0,1.0,0.0,100.0,1.0,0.0,100.0,1.0,0.0
294,actuated,0,0,1165.9895561846984,416.42484149453514,5001374.326287771,625171.7907859713,11760.6,125.37953091684435,139413.87004454882,1486.2885932254671,93.8,0.09309705233691115,100.0,83.0,40,0.13853705818815518,0.8848614072494669,100.0,100.0,8.0,1.0,0.0,0.0,8,100.0,1.0,0.0,100.0,1.0,0.0,100.0,1.0,0.0,100.0,1.0,0.0,100.0,1.0,0.0,100.0,1.0,0.0,100.0,1.0,0.0,100.0,1.0,0.0
295,actuated,0,0,160.22954422329457,160.22954422329457,8043628.225980453,1005453.5282475566,11638.8,124.87982832618026,141655.84041640052,1519.912450819748,93.2,0.021949088238588377,97.5,88.8,40,0.05618404170318884,0.9527896995708155,97.5,100.0,8.0,1.0,0.0,0.0,8,100.0,1.0,0.0,100.0,1.0,0.0,100.0,1.0,0.0,100.0,1.0,0.0,100.0,1.0,0.0,100.0,1.0,0.0,80.0,1.0,0.0,100.0,1.0,0.0
296,actuated,4,0,126.23941948582998,126.23941948582998,6484274.081732723,810534.2602165904,11051.6,119.86550976138828,142312.50340243694,1543.5195596793594,92.2,0.09944507334527633,91.22509827687509,87.2,38,0.2840031251507201,0.9457700650759219,91.22509827687509,100.0,7.6,0.95,0.25589834716849497,0.0,8,100.0,1.0,0.0,100.0,1.0,0.0,100.0,1.0,0.0,100.0,1.0,0.0,100.0,1.0,0.0,100.0,1.0,0.0,29.8007862150007,0.6,2.0471867773479597,100.0,1.0,0.0
297,actuated,4,4,45.61746822858858,45.61746822858858,13653581.424006859,1706697.6780008574,11069.4,122.17880794701986,141381.77461032916,1560.5052385246045,90.6,0.25155236253482377,90.49315081126167,83.6,38,0.686547277736483,0.9227373068432672,90.49315081126167,100.0,7.6,0.95,0.3987583128762862,0.0,8,100.0,1.0,0.0,100.0,1.0,0.0,100.0,1.0,0.0,100.0,1.0,0.0,100.0,1.0,0.0,100.0,1.0,0.0,23.94520649009337,0.6,3.1900665030102897,100.0,1.0,0.0
298,actuated,4,4,25.320917832727428,25.320917832727428,13314502.697768044,1664312.8372210055,11442.2,127.41870824053453,141684.6127181033,1577.7796516492574,89.8,0.4360580478968818,91.76802005211925,83.4,38,1.1685320020343375,0.9287305122494433,91.76802005211925,100.0,7.6,0.95,0.6347099797971331,0.0,8,100.0,1.0,0.0,100.0,1.0,0.0,100.0,1.0,0.0,100.0,1.0,0.0,100.0,1.0,0.0,100.0,1.0,0.0,34.14416041695404,0.6,5.0776798383770645,100.0,1.0,0.0
299,actuated,4,4,17.85186804165063,17.85186804165063,12970095.031540658,1621261.8789425823,11857.0,133.82618510158014,139990.54712957976,1580.0287486408552,88.6,0.6089997851250601,88.97450021449458,83.2,39,1.6172390258603528,0.9390519187358917,88.97450021449458,100.0,7.8,0.975,0.8186022661001977,0.0,8,100.0,1.0,0.0,100.0,1.0,0.0,100.0,1.0,0.0,100.0,1.0,0.0,100.0,1.0,0.0,100.0,1.0,0.0,11.796001715956663,0.8,6.548818128801582,100.0,1.0,0.0
300,actuated,4,4,17.213424326304782,17.213424326304782,19455837.60805618,2431979.7010070225,12272.0,140.73394495412845,136033.4561152742,1560.0166985696583,87.2,0.6300774624457961,90.31092323173596,83.2,39,1.6710144330703696,0.9541284403669725,90.31092323173596,100.0,7.8,0.975,0.954735517308599,0.0,8,100.0,1.0,0.0,100.0,1.0,0.0,100.0,1.0,0.0,100.0,1.0,0.0,100.0,1.0,0.0,100.0,1.0,0.0,22.487385853887645,0.8,7.637884138468792,100.0,1.0,0.0
301,actuated,4,4,14.172904596187502,14.172904596187502,14342991.446328644,1792873.9307910805,12687.0,148.2126168224299,133204.12162677033,1556.122916200588,85.6,0.7662707270959548,88.96386356180813,83.0,36,2.03352034888608,0.969626168224299,88.96386356180813,100.0,7.2,0.9,1.067380895846633,0.0,8,100.0,1.0,0.0,100.0,1.0,0.0,100.0,1.0,0.0,100.0,1.0,0.0,100.0,1.0,0.0,100.0,1.0,0.0,11.710908494465002,0.2,8.539047166773065,100.0,1.0,0.0
302,actuated,4,4,12.437296770359366,12.437296770359366,7000012.4372967705,875001.5546620963,13102.0,154.86997635933807,129573.00207711449,1531.595769233032,84.6,0.8689812194773662,88.62794351926198,83.0,37,2.3000354828719423,0.9810874704491725,88.62794351926198,100.0,7.4,0.925,0.968214526276417,0.0,8,100.0,1.0,0.0,100.0,1.0,0.0,100.0,1.0,0.0,100.0,1.0,0.0,100.0,1.0,0.0,100.0,1.0,0.0,9.023548154095806,0.4,7.745716210211336,100.0,1.0,0.0
303,actuated,4,4,35.416741279184535,35.416741279184535,7000035.416741279,875004.4270926599,13517.0,160.15402843601896,128879.03531344331,1527.0027880739729,84.4,0.4418799245067328,89.25461074617601,83.2,36,1.385916475755028,0.985781990521327,89.25461074617601,100.0,7.2,0.9,0.8905109030052974,0.0,8,100.0,1.0,0.0,100.0,1.0,0.0,100.0,1.0,0.0,100.0,1.0,0.0,100.0,1.0,0.0,100.0,1.0,0.0,14.036885969408104,0.2,7.12408722404238,100.0,1.0,0.0
304,actuated,4,4,26.24817504974224,26.24817504974224,7000026.24817505,875003.2810218813,13932.0,165.85714285714286,128454.16359327613,1529.216233253287,84.0,0.4320971649093554,87.5,83.0,35,1.17257994709965,0.9880952380952381,87.5,100.0,7.0,0.875,0.0,0.0,8,100.0,1.0,0.0,100.0,1.0,0.0,100.0,1.0,0.0,100.0,1.0,0.0,100.0,1.0,0.0,100.0,1.0,0.0,0.0,0.0,0.0,100.0,1.0,0.0
305,actuated,4,4,14.773755247654332,14.773755247654332,7000014.773755248,875001.846719406,14347.0,170.79761904761904,128720.70295601091,1532.3893209048917,84.0,0.7426881551765836,87.5,83.0,35,1.9826722240813266,0.9880952380952381,87.5,100.0,7.0,0.875,0.0,0.0,8,100.0,1.0,0.0,100.0,1.0,0.0,100.0,1.0,0.0,100.0,1.0,0.0,100.0,1.0,0.0,100.0,1.0,0.0,0.0,0.0,0.0,100.0,1.0,0.0
306,actuated,4,4,10.800494911395464,10.800494911395464,7000010.800494911,875001.3500618639,14762.0,176.57894736842104,127616.33400116,1526.5111722626793,83.6,1.0012115574493183,88.97248895792075,83.0,37,2.6508538311510934,0.992822966507177,88.97248895792075,100.0,7.4,0.925,0.9768117936316691,0.0,8,100.0,1.0,0.0,100.0,1.0,0.0,100.0,1.0,0.0,100.0,1.0,0.0,100.0,1.0,0.0,100.0,1.0,0.0,11.779911663365965,0.4,7.814494349053353,100.0,1.0,0.0
307,actuated,4,4,10.372148859543818,10.372148859543818,7000010.372148859,875001.2965186074,15177.0,182.85542168674698,126243.0,1521.0,83.0,1.04125,87.5,83.0,35,2.754888552646005,1.0,87.5,100.0,7.0,0.875,0.0,0.0,8,100.0,1.0,0.0,100.0,1.0,0.0,100.0,1.0,0.0,100.0,1.0,0.0,100.0,1.0,0.0,100.0,1.0,0.0,0.0,0.0,0.0,100.0,1.0,0.0
308,actuated,4,4,479.8903641123576,218.13198368743525,5401232.667777622,675154.0834722028,13809.6,170.48888888888888,125031.14738581717,1543.5944121705822,81.0,1.0879160653429003,77.5,77.0,33,2.7396879360334294,0.9506172839506173,77.5,100.0,6.6,0.825,0.0,0.0,8,100.0,1.0,0.0,100.0,1.0,0.0,60.0,0.8,0.0,100.0,1.0,0.0,100.0,1.0,0.0,60.0,0.8,0.0,0.0,0.0,0.0,100.0,1.0,0.0
309,actuated,4,4,419.63141496155095,149.8683624862682,5200419.631414962,650052.4539268703,11503.4,140.28536585365853,124600.53966011715,1519.5187763428921,82.0,0.2774713281273257,80.22622043991362,69.4,33,0.509165834569291,0.8463414634146341,80.22622043991362,100.0,6.6,0.825,0.45468971794394636,0.0,8,100.0,1.0,0.0,100.0,1.0,0.0,77.99713620732291,0.8,2.0265355545554677,100.0,1.0,0.0,100.0,1.0,0.0,63.812627311986034,0.8,1.6109821889961031,0.0,0.0,0.0,100.0,1.0,0.0
310,actuated,4,4,391.3351885600956,130.44506285336522,5000391.33518856,625048.91689857,9820.6,119.76341463414634,124449.54210196817,1517.677342706929,82.0,0.6321668759910297,87.5,67.8,35,1.3367768231226969,0.8268292682926829,87.5,100.0,7.0,0.875,0.0,0.0,8,100.0,1.0,0.0,100.0,1.0,0.0,100.0,1.0,0.0,100.0,1.0,0.0,100.0,1.0,0.0,100.0,1.0,0.0,0.0,0.0,0.0,100.0,1.0,0.0
311,actuated,4,4,793.4168685637231,264.47228952124107,5000793.416868564,625099.1771085705,9851.4,117.83971291866028,126739.81737925357,1516.0265236752819,83.6,0.9426372061565955,87.5,74.0,35,2.3002467399907855,0.8851674641148325,87.5,100.0,7.0,0.875,0.0,0.0,8,100.0,1.0,0.0,100.0,1.0,0.0,100.0,1.0,0.0,100.0,1.0,0.0,100.0,1.0,0.0,100.0,1.0,0.0,0.0,0.0,0.0,100.0,1.0,0.0
312,actuated,4,4,673.1642027385229,373.9801126325127,4210925.339761117,526365.6674701396,9735.2,117.29156626506024,125581.08017827784,1513.0250623888896,83.0,0.5249793061016719,84.00553486018111,76.6,35,1.7946660993774532,0.9228915662650602,84.00553486018111,100.0,7.0,0.875,1.0378371443435275,0.0,8,100.0,1.0,0.0,60.0,0.8,0.0,100.0,1.0,0.0,100.0,1.0,0.0,100.0,1.0,0.0,100.0,1.0,0.0,12.044278881448918,0.2,8.30269715474822,100.0,1.0,0.0
313,actuated,4,4,416.2300230690868,297.307159335062,8684886.354271643,1085610.7942839554,9075.2,110.40389294403893,125467.0074961846,1526.3626216080852,82.2,0.07123859766013593,82.2062278997754,75.6,34,0.16306067716487205,0.9197080291970803,82.2062278997754,100.0,6.8,0.85,0.27696497437360446,0.0,8,100.0,1.0,0.0,77.6498231982032,0.8,2.2157197949888356,100.0,1.0,0.0,100.0,1.0,0.0,100.0,1.0,0.0,100.0,1.0,0.0,0.0,0.0,0.0,80.0,1.0,0.0
314,actuated,1,4,1028.6641757194366,270.70109887353595,8766447.111418646,1095805.8889273307,6435.2,81.66497461928934,124522.82475512862,1580.2388928315813,78.8,0.2388842885377743,63.50168749969043,59.0,30,0.28859350024569114,0.748730964467005,63.50168749969043,100.0,5.999999999999999,0.75,0.24659799577653016,0.0,8,60.0,0.8,0.0,80.0,1.0,0.0,100.0,1.0,0.0,60.0,0.8,0.0,60.0,0.8,0.0,100.0,1.0,0.0,0.0,0.0,0.0,48.01349999752347,0.6,1.9727839662122413
315,actuated,1,1,617.1991260340859,123.43982520681718,13692199.899965305,1711524.987495663,3132.4,41.98927613941019,121081.69142313213,1623.0789735004307,74.6,0.5361471319133166,56.76861444775341,43.2,28,0.4834271287037914,0.579088471849866,56.76861444775341,100.0,5.6,0.7,1.013764213050338,0.0,8,40.090123546006,0.8,1.600016527660472,39.44322205373737,0.6,2.057551917376548,100.0,1.0,0.0,35.41315483472772,0.6,2.285213425741457,39.20241514755617,0.6,2.1673318336242255,100.0,1.0,0.0,0.0,0.0,0.0,100.0,1.0,0.0
316,actuated,1,1,594.9745343417701,99.16242239029502,2000594.9745343416,250074.3718167927,1059.2,15.08831908831909,122678.6763352331,1747.5594919548876,70.2,1.2697435633850596,53.08613044683227,34.4,30,1.0805122304142425,0.49002849002849,53.08613044683227,100.0,6.0,0.75,2.0080439873643905,0.0,8,40.901292326848306,0.8,3.704232728084492,20.158260625794355,0.8,4.119556126127572,100.0,1.0,0.0,32.363168460929046,0.8,3.981257366595443,31.266322161086464,0.6,4.259305678107618,100.0,1.0,0.0,0.0,0.0,0.0,100.0,1.0,0.0
317,actuated,1,1,294.8286005386791,56.69780779589983,2008674.528344463,251084.3160430579,884.0,12.556818181818182,116402.87901793062,1653.4499860501508,70.4,1.6780027116975904,59.05026441135931,39.0,30,1.3556534857884557,0.5539772727272727,59.05026441135931,100.0,6.0,0.75,2.2179854534234407,0.0,8,58.27243332465514,0.8,3.611033651937938,27.598006951971,0.6,4.725101969356196,100.0,1.0,0.0,33.595844041765304,0.8,4.789050537629647,52.93583097248302,0.8,4.618697468463745,100.0,1.0,0.0,0.0,0.0,0.0,100.0,1.0,0.0
318,actuated,1,1,285.55897049251206,57.111794098502415,2604395.2380719264,325549.4047589908,1111.0,15.013513513513514,112561.87227944765,1521.106382154698,74.0,1.2537973112686749,89.18541787248046,51.6,36,1.2280054342509512,0.6972972972972973,89.18541787248046,100.0,7.2,0.9,0.9270697940923359,0.0,8,100.0,1.0,0.0,100.0,1.0,0.0,100.0,1.0,0.0,100.0,1.0,0.0,100.0,1.0,0.0,100.0,1.0,0.0,13.483342979843655,0.2,7.416558352738687,100.0,1.0,0.0
319,actuated,11,1,1374.3280172218651,245.41571736104737,1006838.3286308382,125854.79107885477,1111.8,14.552356020942408,118388.54002876223,1549.588220271757,76.4,0.41540945741059687,77.5,60.0,33,0.40201631711692715,0.7853403141361257,77.5,100.0,6.6,0.825,0.0,0.0,8,100.0,1.0,0.0,100.0,1.0,0.0,60.0,0.8,0.0,100.0,1.0,0.0,100.0,1.0,0.0,60.0,0.8,0.0,0.0,0.0,0.0,100.0,1.0,0.0
320,actuated,11,11,1523.8940261488267,262.7403493360046,1564546.7114866762,195568.33893583453,1028.2,13.182051282051281,123888.1463658467,1588.3095687929062,78.0,0.3814547337084415,68.11697495687042,60.6,31,0.3590944215982202,0.7769230769230769,68.11697495687042,100.0,6.199999999999999,0.775,0.4255770535140419,0.0,8,100.0,1.0,0.0,100.0,1.0,0.0,22.393198944414507,0.6,1.7304678398365432,100.0,1.0,0.0,100.0,1.0,0.0,22.542600710548868,0.6,1.674148588275792,0.0,0.0,0.0,100.0,1.0,0.0
321,actuated,11,11,1452.2441500430907,302.5508645923106,1542392.396940337,192799.04961754213,969.6,12.430769230769231,126514.86959203906,1621.9855075902442,78.0,0.6469238153725623,70.69105694084158,58.8,33,0.9549885933055229,0.7538461538461538,70.69105694084158,100.0,6.6,0.825,1.036739155720761,0.0,8,100.0,1.0,0.0,100.0,1.0,0.0,29.311183762984,1.0,4.093896707784729,100.0,1.0,0.0,100.0,1.0,0.0,36.21727176374861,0.6,4.2000165379813605,0.0,0.0,0.0,100.0,1.0,0.0
322,actuated,11,11,120.81828586484752,40.272761954949175,4064492.3076255107,508061.53845318884,1195.4,15.68766404199475,126589.14743594867,1661.2749007342345,76.2,1.0957228794352454,67.63224708893802,60.6,33,1.5914826923188767,0.7952755905511811,67.63224708893802,100.0,6.6,0.825,1.4333471052176976,0.0,8,100.0,1.0,0.0,100.0,1.0,0.0,20.883023850351492,0.8,5.9766491199660035,100.0,1.0,0.0,100.0,1.0,0.0,20.174952861152633,0.8,5.490127721775576,0.0,0.0,0.0,100.0,1.0,0.0
323,actuated,11,11,76.8751812343675,25.625060411455834,11177120.136047766,1397140.0170059707,1500.0,20.32520325203252,124215.68096450965,1683.1393084621905,73.8,1.5052826214594381,67.92092632919832,61.4,31,2.0975322525719506,0.8319783197831978,67.92092632919832,100.0,6.199999999999999,0.775,1.7767103345832318,0.0,8,100.0,1.0,0.0,100.0,1.0,0.0,15.058691292824733,0.6,7.145037337855625,100.0,1.0,0.0,100.0,1.0,0.0,28.308719340761854,0.6,7.06864533881023,0.0,0.0,0.0,100.0,1.0,0.0
324,actuated,11,11,217.89295558751482,77.81891270982672,5000521.488471284,625065.1860589104,1805.6,25.147632311977716,116627.98326897663,1624.3451708771117,71.8,1.4110692341948115,79.11926414395793,62.0,35,2.3015161020664525,0.8635097493036211,79.11926414395793,100.0,7.0,0.875,2.764050109612015,0.0,8,100.0,1.0,0.0,100.0,1.0,0.0,19.98397665808625,0.6,8.35821367550907,100.0,1.0,0.0,100.0,1.0,0.0,25.53629373136573,0.4,7.844463132645973,87.4338427622115,1.0,5.909724068741078,100.0,1.0,0.0
325,actuated,11,11,153.96893827377565,51.322979424591885,5000153.968938274,625019.2461172843,2115.0,30.214285714285715,112254.9747455075,1603.6424963643926,70.0,1.3060178482844707,77.16106101568585,62.4,33,2.065476235381655,0.8914285714285715,77.16106101568585,100.0,6.6000000000000005,0.825,2.2624199497512043,0.0,8,100.0,1.0,0.0,100.0,1.0,0.0,10.655319414991027,0.2,9.384983791223513,100.0,1.0,0.0,100.0,1.0,0.0,6.633168710495738,0.4,8.714375806786123,100.0,1.0,0.0,100.0,1.0,0.0
326,actuated,11,11,98.92168326073049,32.9738944202435,5000098.921683261,625012.3652104076,2425.2,34.74498567335244,113431.48907742175,1625.0929667252399,69.8,1.3733463359350027,76.55289763114354,62.6,34,2.0219404003897403,0.8968481375358166,76.55289763114354,100.0,6.800000000000001,0.85,2.1589031323674135,0.0,8,100.0,1.0,0.0,100.0,1.0,0.0,7.276608246288561,0.4,8.697496756725014,100.0,1.0,0.0,100.0,1.0,0.0,5.146572802859737,0.4,8.573728302214294,100.0,1.0,0.0,100.0,1.0,0.0
327,actuated,11,11,76.10836452745936,31.711818553108067,5002904.26998716,625363.033748395,2735.6,39.4178674351585,111191.27547060927,1602.179761824341,69.4,1.2436514263087854,76.3253819584287,62.8,34,2.0675234110273526,0.9048991354466859,76.3253819584287,100.0,6.800000000000001,0.85,2.2424776069278867,0.0,8,100.0,1.0,0.0,100.0,1.0,0.0,8.50013227839554,0.4,8.783637541066858,100.0,1.0,0.0,100.0,1.0,0.0,2.1029233890340038,0.4,9.156183314356234,100.0,1.0,0.0,100.0,1.0,0.0
328,actuated,11,11,38.109358042624514,19.054679021312257,5440188.612408646,680023.5765510808,3050.0,43.69627507163324,112138.94499186012,1606.5751431498584,69.8,1.2260035747075155,76.67239527427114,63.4,33,2.133047769126682,0.9083094555873925,76.67239527427114,100.0,6.6000000000000005,0.825,2.202146463747899,0.0,8,100.0,1.0,0.0,100.0,1.0,0.0,11.378236310074499,0.2,8.788708308989696,100.0,1.0,0.0,100.0,1.0,0.0,2.000925884094613,0.4,8.828463400993497,100.0,1.0,0.0,100.0,1.0,0.0
329,actuated,11,11,37.92592315058461,18.962961575292304,6000037.925923151,750004.7407403939,3365.0,48.34770114942529,112254.51636492104,1612.8522466224288,69.6,1.2371681450962122,77.73112805789424,63.4,32,2.158564592677524,0.9109195402298851,77.73112805789424,100.0,6.4,0.8,2.288940806877154,0.0,8,100.0,1.0,0.0,100.0,1.0,0.0,10.761585226741772,0.2,9.29231129922264,100.0,1.0,0.0,100.0,1.0,0.0,11.087439236412138,0.2,9.019215155794594,100.0,1.0,0.0,100.0,1.0,0.0
330,actuated,11,11,148.2120208165141,67.36910037114276,5800148.212020816,725018.526502602,3680.0,52.421652421652425,113386.00049623646,1615.1851922540807,70.2,1.2640175964926212,76.72949965073087,63.6,33,2.1981858350448356,0.905982905982906,76.72949965073087,100.0,6.6000000000000005,0.825,2.238343993807311,0.0,8,100.0,1.0,0.0,100.0,1.0,0.0,3.1601620638321037,0.4,8.539803260285407,100.0,1.0,0.0,100.0,1.0,0.0,10.675835142014876,0.2,9.366948690173082,100.0,1.0,0.0,100.0,1.0,0.0
331,actuated,11,11,212.41489828913913,70.80496609637972,5000212.414898289,625026.5518622862,3995.0,56.74715909090909,113491.49244688192,1612.0950631659364,70.4,1.204814384816952,76.59397692929872,63.4,33,1.958786763195063,0.9005681818181818,76.59397692929872,100.0,6.6000000000000005,0.825,2.187096069892868,0.0,8,100.0,1.0,0.0,100.0,1.0,0.0,5.868198582575133,0.4,8.76860359739512,100.0,1.0,0.0,100.0,1.0,0.0,6.883616851814622,0.2,8.728164961747824,100.0,1.0,0.0,100.0,1.0,0.0
332,actuated,11,11,112.96080382961875,37.65360127653958,5000112.96080383,625014.1201004788,4310.0,60.87570621468927,115190.48672004617,1626.9842757068668,70.8,1.3491069955475008,77.72589378365296,63.4,33,2.040130863496435,0.8954802259887006,77.72589378365296,100.0,6.6000000000000005,0.825,2.2932818389728222,0.0,8,100.0,1.0,0.0,100.0,1.0,0.0,11.057309325119604,0.2,9.043791492096865,100.0,1.0,0.0,100.0,1.0,0.0,10.749840944104108,0.4,9.302463219685713,100.0,1.0,0.0,100.0,1.0,0.0
333,actuated,11,11,57.833460859222384,26.28793675419199,5015967.388398141,626995.9235497676,4625.6,65.33333333333333,113717.98382317489,1606.1862121917356,70.8,1.2130403100632625,76.33207030622088,63.8,31,2.0578677333224005,0.9011299435028248,76.33207030622088,100.0,6.2,0.775,1.172986134968243,0.0,8,100.0,1.0,0.0,100.0,1.0,0.0,10.65656244976708,0.2,9.383889079745945,100.0,1.0,0.0,100.0,1.0,0.0,0.0,0.0,0.0,100.0,1.0,0.0,100.0,1.0,0.0
334,actuated,11,11,41.05286091824159,20.526430459120796,6098795.872546123,762349.4840682654,4945.6,68.68888888888888,114373.25941259088,1588.51749184154,72.0,1.1489877322033828,78.87918126209229,64.8,34,2.0106845071512165,0.9,78.87918126209229,100.0,6.800000000000001,0.85,2.2219018584756682,0.0,8,100.0,1.0,0.0,100.0,1.0,0.0,8.775393607716069,0.4,8.789688062760979,100.0,1.0,0.0,100.0,1.0,0.0,22.258056489022238,0.4,8.985526805044366,100.0,1.0,0.0,100.0,1.0,0.0
335,actuated,11,11,246.98541172500472,94.99438912500182,5200459.556140351,650057.4445175439,5273.4,70.312,117740.6395252725,1569.8751936703002,75.0,0.7804214816667036,78.09347909719975,67.2,32,1.323021356991068,0.896,78.09347909719975,100.0,6.4,0.8,1.7351962567701125,0.0,8,100.0,1.0,0.0,100.0,1.0,0.0,11.190884648053725,0.2,8.935844050308535,100.0,1.0,0.0,100.0,1.0,0.0,13.556948129544253,0.2,4.945726003852364,100.0,1.0,0.0,100.0,1.0,0.0
336,actuated,11,11,210.56126126143286,70.18708708714429,5000210.561261263,625026.3201576578,5614.2,72.91168831168831,121918.60915444924,1583.3585604473926,77.0,0.6671488597965083,95.715070891236,69.4,39,0.9999695463974873,0.9012987012987013,95.715070891236,100.0,7.8,0.975,0.7950631948800735,0.0,8,100.0,1.0,0.0,100.0,1.0,0.0,65.72056712988797,0.8,6.360505559040588,100.0,1.0,0.0,100.0,1.0,0.0,100.0,1.0,0.0,100.0,1.0,0.0,100.0,1.0,0.0
337,actuated,0,11,465.7631372308243,129.37864923078453,4001446.572485684,500180.8215607105,5365.0,69.31524547803618,120804.08477161327,1560.776289038931,77.4,0.5771495383744962,92.5,65.8,39,0.7646471717046189,0.8501291989664083,92.5,100.0,7.8,0.975,0.0,0.0,8,100.0,1.0,0.0,100.0,1.0,0.0,100.0,1.0,0.0,100.0,1.0,0.0,100.0,1.0,0.0,100.0,1.0,0.0,60.0,0.8,0.0,80.0,1.0,0.0
338,actuated,0,0,310.92629020649235,77.73157255162309,4000310.926290205,500038.86578627565,5126.6,66.57922077922078,123522.2284250228,1604.1847847405559,77.0,0.6541023159040412,85.05625091602667,62.2,37,0.7371404839204938,0.8077922077922078,85.05625091602667,100.0,7.3999999999999995,0.925,0.45830418010399115,0.0,8,100.0,1.0,0.0,100.0,1.0,0.0,100.0,1.0,0.0,100.0,1.0,0.0,100.0,1.0,0.0,100.0,1.0,0.0,42.34245469486723,0.8,1.5266541568756713,38.10755263334613,0.6,2.139779283956258
339,actuated,0,0,266.2730951560086,66.56827378900215,4000266.273095157,500033.2841368946,5038.8,65.78067885117494,122154.44915042177,1594.705602485924,76.6,1.0019365554715438,84.12810753943859,61.4,37,1.3667926823170387,0.8015665796344648,84.12810753943859,100.0,7.3999999999999995,0.925,0.9987746768781922,0.0,8,100.0,1.0,0.0,100.0,1.0,0.0,100.0,1.0,0.0,100.0,1.0,0.0,100.0,1.0,0.0,100.0,1.0,0.0,38.766160360869435,0.8,4.057494467330031,34.25869995463927,0.6,3.932702947695507
