step,control_mode,phase,prev_phase,TotalTravelTime,AvgTravelTime,TotalTravelTime_Raw,AvgTravelTime_Raw,TotalWaitingTime,AvgWaitingTime,TotalCO2,AvgCO2,VehCount,AvgSpeed,AvgOccupancy,QueueLength,Throughput,SpeedStd,HaltRatio,det_occ_mean,det_occ_max,det_veh_sum,det_veh_mean,det_speed_mean,det_speed_min,n_detectors,d0_occ,d0_veh,d0_speed,d1_occ,d1_veh,d1_speed,d2_occ,d2_veh,d2_speed,d3_occ,d3_veh,d3_speed,d4_occ,d4_veh,d4_speed,d5_occ,d5_veh,d5_speed,d6_occ,d6_veh,d6_speed,d7_occ,d7_veh,d7_speed
0,actuated,0,0,253.04699198243833,42.17449866373972,477758.7293159418,59719.841164492726,19.8,1.8333333333333333,19398.35270885887,1796.1437693387843,10.8,3.99991594084035,2.132663247941764,4.8,3,4.403516353257695,0.4444444444444444,2.132663247941764,10.9311441854166,0.6000000000000001,0.07500000000000001,2.2350649319006988,0.0,8,10.9311441854166,0.2,9.148173174168855,0.0,0.0,0.0,0.0,0.0,0.0,6.130161798117513,0.4,8.732346281036735,0.0,0.0,0.0,0.0,0.0,0.0,0.0,0.0,0.0,0.0,0.0,0.0
1,actuated,0,0,412.3773197937295,64.43395621777023,968127.6848626673,121015.96060783342,30.4,2.6666666666666665,21214.526374797584,1860.9233662103145,11.4,3.9654736264133574,0.4652780329453776,4.8,2,4.34335477043266,0.42105263157894735,0.4652780329453776,3.722224263563021,0.4,0.05,1.0605884138960393,0.0,8,0.0,0.0,0.0,0.0,0.0,0.0,3.722224263563021,0.4,8.484707311168314,0.0,0.0,0.0,0.0,0.0,0.0,0.0,0.0,0.0,0.0,0.0,0.0,0.0,0.0,0.0
2,actuated,0,0,572.8546152559591,77.41278584539987,4057.5784788856945,507.1973098607118,41.8,3.028985507246377,24169.50455301812,1751.4133734071102,13.8,4.015652689114431,1.3968328533574947,6.4,3,4.26469536033438,0.463768115942029,1.3968328533574947,9.019060600253397,0.6000000000000001,0.07500000000000001,1.8520707245701704,0.0,8,9.019060600253397,0.2,8.733052870724352,0.0,0.0,0.0,0.0,0.0,0.0,0.0,0.0,0.0,0.0,0.0,0.0,0.0,0.0,0.0,2.155602226606561,0.4,6.08351292583701,0.0,0.0,0.0
3,actuated,0,0,551.1656039610564,76.55077832792449,204214.26445509336,25526.78305688667,77.8,4.8625,27924.14207163907,1745.258879477442,16.0,2.230921261906989,2.953922822268744,8.4,4,2.3455673684342777,0.525,2.953922822268744,12.765824213704207,0.8,0.1,2.089771741686981,0.0,8,0.0,0.2,0.0,0.0,0.0,0.0,0.0,0.0,0.0,0.0,0.0,0.0,10.865558364445747,0.4,8.884758845996112,0.0,0.0,0.0,0.0,0.0,0.0,12.765824213704207,0.2,7.833415087499737
4,actuated,0,0,478.38251140959767,74.74726740774963,464892.2427873809,58111.53034842261,125.2,7.113636363636363,31904.14687255837,1812.7356177589982,17.6,1.9075946929187417,0.0,10.8,0,1.463432490707432,0.6136363636363636,0.0,0.0,0.0,0.0,0.0,0.0,8,0.0,0.0,0.0,0.0,0.0,0.0,0.0,0.0,0.0,0.0,0.0,0.0,0.0,0.0,0.0,0.0,0.0,0.0,0.0,0.0,0.0,0.0,0.0,0.0
5,actuated,0,0,721.296509359565,100.18007074438403,388061.6590006665,48507.707375083315,180.8,8.60952380952381,34960.016892712825,1664.7627091768013,21.0,2.1335625828008014,13.975256591377843,12.4,8,2.1267583212215686,0.5904761904761905,13.975256591377843,66.33973219961348,1.6,0.2,3.877274877558046,0.0,8,10.52814617048682,0.2,9.498348368331593,0.0,0.0,0.0,22.37238940669613,0.4,7.35857348867927,12.561784954226312,0.2,7.9606521178629,0.0,0.0,0.0,66.33973219961348,0.8,6.200625045590606,0.0,0.0,0.0,0.0,0.0,0.0
6,actuated,0,0,767.9434649916091,98.45429038353963,1027.3812891905561,128.42266114881951,248.2,10.791304347826086,39595.36042189718,1721.5374096477035,23.0,1.9100713430071525,26.370915163910592,14.8,12,2.0710817593135205,0.6434782608695652,26.370915163910595,100.0,2.4,0.3,2.143771333913116,0.0,8,0.0,0.0,0.0,10.35648312196372,0.2,9.655787473637936,100.0,1.0,0.0,0.0,0.0,0.0,0.6108381893210435,0.2,7.4943831976669895,100.0,1.0,0.0,0.0,0.0,0.0,0.0,0.0,0.0
7,actuated,0,0,304.038223065458,49.03842307507387,687615.4274515676,85951.92843144595,328.2,14.14655172413793,40955.53230201961,1765.3246681905005,23.2,1.691477076368289,38.36653489189651,16.8,17,1.2112655097194605,0.7241379310344828,38.36653489189651,100.0,3.4,0.425,1.0054475988494231,0.0,8,0.0,0.0,0.0,0.0,0.0,0.0,100.0,1.0,0.0,0.0,0.0,0.0,100.0,1.0,0.0,100.0,1.0,0.0,6.9322791351720525,0.4,8.043580790795385,0.0,0.0,0.0
8,actuated,0,0,852.1189069145566,170.42378138291133,1221537.9420435145,152692.2427554393,417.0,16.951219512195124,36959.263672208785,1502.4090923662109,24.6,0.9094999192368496,50.96294199153043,19.2,22,1.0948771016392091,0.7804878048780488,50.96294199153043,100.0,4.4,0.55,2.6582067691198414,0.0,8,0.0,0.0,0.0,11.521722141182522,0.2,8.679258080922319,100.0,1.0,0.0,16.180816853064925,0.2,4.273495970300721,100.0,1.0,0.0,100.0,1.0,0.0,0.0,0.0,0.0,80.00099693799598,1.0,8.312900101735693
9,actuated,0,0,299.91641548904573,136.32564340411167,4350594.5152213555,543824.3144026694,524.0,20.62992125984252,39961.582819056304,1573.290662167571,25.4,0.3110911274620406,62.5,23.0,25,0.5931264197661932,0.905511811023622,62.5,100.0,5.0,0.625,0.0,0.0,8,0.0,0.0,0.0,0.0,0.0,0.0,100.0,1.0,0.0,100.0,1.0,0.0,100.0,1.0,0.0,100.0,1.0,0.0,0.0,0.0,0.0,100.0,1.0,0.0
10,actuated,11,0,758.9487071290545,151.7897414258109,2800967.335893825,350120.91698672815,450.8,16.333333333333332,47121.283021943746,1707.2928631139036,27.6,0.7220985362708527,59.35488317956426,18.2,26,0.7905071724565306,0.6594202898550725,59.35488317956427,100.0,5.2,0.65,0.5764577473225357,0.0,8,14.839065436514147,0.2,4.611661978580286,0.0,0.0,0.0,80.0,1.0,0.0,100.0,1.0,0.0,100.0,1.0,0.0,80.0,1.0,0.0,0.0,0.0,0.0,100.0,1.0,0.0
11,actuated,11,11,1212.7354299511612,159.57045130936334,401212.7354299511,50151.59192874389,486.2,17.119718309859156,50056.06510393126,1762.5375036595515,28.4,1.3633311539320416,57.36846125633008,16.4,26,1.2547202704902232,0.5774647887323944,57.36846125633008,100.0,5.2,0.65,0.48342127823202524,0.0,8,100.0,1.0,0.0,0.0,0.0,0.0,37.444137244177114,0.6,2.0642126184036944,100.0,1.0,0.0,100.0,1.0,0.0,21.503552806463517,0.6,1.8031576074525075,0.0,0.0,0.0,100.0,1.0,0.0
12,actuated,11,11,526.608905341695,65.82611316771188,526.608905341695,65.82611316771188,570.0,22.093023255813954,47773.42898224197,1851.6832938853477,25.8,2.781113794711275,50.271177255903865,17.0,22,2.621363450945088,0.6589147286821705,50.271177255903865,100.0,4.4,0.55,2.068981298801182,0.0,8,100.0,1.0,0.0,1.767900722951481,0.2,7.691825383969919,0.0,0.0,0.0,100.0,1.0,0.0,100.0,1.0,0.0,0.401517324279439,0.2,8.860025006439537,0.0,0.0,0.0,100.0,1.0,0.0
13,actuated,11,11,653.8173661134942,96.14961266374915,229902.26912626135,28737.78364078267,657.4,26.296,40782.67853326252,1631.3071413305008,25.0,3.2834958087171224,63.81851553615902,18.6,27,4.428904280285537,0.744,63.818515536159026,100.0,5.4,0.675,1.1850448152865352,0.0,8,100.0,1.0,0.0,100.0,1.0,0.0,10.54812428927221,0.2,9.480358522292281,100.0,1.0,0.0,100.0,1.0,0.0,0.0,0.2,0.0,0.0,0.0,0.0,100.0,1.0,0.0
14,actuated,11,11,322.79693140330704,89.6658142786964,1880636.854139439,235079.60676742988,759.4,29.434108527131784,39498.17409609569,1530.9369804688251,25.8,0.9283794107115128,73.08124660995105,22.0,30,2.252388802350934,0.8527131782945736,73.08124660995105,100.0,6.0,0.75,0.8485363939156138,0.0,8,100.0,1.0,0.0,100.0,1.0,0.0,0.0,0.0,0.0,100.0,1.0,0.0,100.0,1.0,0.0,0.0,0.0,0.0,84.64997287960841,1.0,6.78829115132491,100.0,1.0,0.0
15,actuated,11,11,122.30534133030065,40.76844711010022,4214813.35515293,526851.6693941163,873.0,32.57462686567164,43642.167422906015,1628.4390829442543,26.8,1.2129552991839285,75.0,23.4,30,1.8875767624195494,0.8731343283582089,75.0,100.0,6.0,0.75,0.0,0.0,8,100.0,1.0,0.0,100.0,1.0,0.0,0.0,0.0,0.0,100.0,1.0,0.0,100.0,1.0,0.0,0.0,0.0,0.0,100.0,1.0,0.0,100.0,1.0,0.0
16,actuated,11,11,865.3197716935629,173.06395433871256,2801078.6408691644,350134.83010864555,988.6,33.398648648648646,48848.49945364589,1650.2871437042531,29.6,1.9746262715646854,75.26237610755857,23.8,32,3.005516075123829,0.8040540540540541,75.26237610755857,100.0,6.4,0.8,1.0806839447817764,0.0,8,100.0,1.0,0.0,100.0,1.0,0.0,0.0,0.0,0.0,100.0,1.0,0.0,100.0,1.0,0.0,2.0990088604685297,0.4,8.645471558254211,100.0,1.0,0.0,100.0,1.0,0.0
17,actuated,11,11,970.2291205161424,138.60416007373462,1000970.229120516,125121.2786400645,1108.0,36.44736842105263,52040.11261866919,1711.8458098246444,30.4,3.307207229873857,76.41022346164107,24.4,31,4.813684561061964,0.8026315789473685,76.41022346164107,100.0,6.2,0.775,1.1079804318258397,0.0,8,100.0,1.0,0.0,100.0,1.0,0.0,11.281787693128535,0.2,8.863843454606718,100.0,1.0,0.0,100.0,1.0,0.0,0.0,0.0,0.0,100.0,1.0,0.0,100.0,1.0,0.0
18,actuated,11,11,696.7664910176219,99.53807014537456,210485.40209958315,26310.675262447894,1228.6,40.682119205298015,46996.130531594135,1556.1632626355674,30.2,3.708382900685143,75.0,24.6,30,5.500740175254414,0.8145695364238411,75.0,100.0,6.0,0.75,0.0,0.0,8,100.0,1.0,0.0,100.0,1.0,0.0,0.0,0.0,0.0,100.0,1.0,0.0,100.0,1.0,0.0,0.0,0.0,0.0,100.0,1.0,0.0,100.0,1.0,0.0
19,actuated,11,11,511.0613824349342,121.68128153212719,3434657.6370354234,429332.2046294279,1360.0,41.46341463414634,51670.63010176977,1575.3240884685906,32.8,1.2856769438790026,75.0,28.2,30,2.9894999102122317,0.8597560975609756,75.0,100.0,6.0,0.75,0.0,0.0,8,100.0,1.0,0.0,100.0,1.0,0.0,0.0,0.0,0.0,100.0,1.0,0.0,100.0,1.0,0.0,0.0,0.0,0.0,100.0,1.0,0.0,100.0,1.0,0.0
20,actuated,11,11,502.84707783060423,109.31458213708788,3044186.9031255236,380523.36289069045,1502.6,44.194117647058825,54261.79591528451,1595.935173978956,34.0,1.238990043926997,75.0,29.2,30,1.7604229467511838,0.8588235294117647,75.0,100.0,6.0,0.75,0.0,0.0,8,100.0,1.0,0.0,100.0,1.0,0.0,0.0,0.0,0.0,100.0,1.0,0.0,100.0,1.0,0.0,0.0,0.0,0.0,100.0,1.0,0.0,100.0,1.0,0.0
21,actuated,11,11,707.0604465880946,141.41208931761892,2800981.3597873645,350122.66997342056,1652.0,46.14525139664804,58615.12006828148,1637.2938566559073,35.8,1.9949513808414363,76.36449572513179,30.4,31,2.967638297602808,0.8491620111731844,76.36449572513179,100.0,6.2,0.775,1.1451116857468255,0.0,8,100.0,1.0,0.0,100.0,1.0,0.0,0.0,0.0,0.0,100.0,1.0,0.0,100.0,1.0,0.0,10.915965801054313,0.2,9.160893485974604,100.0,1.0,0.0,100.0,1.0,0.0
22,actuated,11,11,1077.2917669252386,224.43578477609137,2804995.196065407,350624.39950817585,1803.8,49.016304347826086,59274.274511569995,1610.713981292663,36.8,2.336495475472523,76.40188952223113,31.8,32,4.332555695945503,0.8641304347826086,76.40188952223113,100.0,6.4,0.8,1.09080423344858,0.0,8,100.0,1.0,0.0,100.0,1.0,0.0,11.21511617784904,0.4,8.72643386758864,100.0,1.0,0.0,100.0,1.0,0.0,0.0,0.0,0.0,100.0,1.0,0.0,100.0,1.0,0.0
23,actuated,11,11,910.5643996916795,156.9938620158068,1406387.9440046402,175798.49300058003,1963.4,50.603092783505154,61776.73457097724,1592.1838806952899,38.8,0.7004417907500746,75.0,32.6,30,0.7633421735605104,0.8402061855670103,75.0,100.0,6.0,0.75,0.0,0.0,8,100.0,1.0,0.0,100.0,1.0,0.0,0.0,0.0,0.0,100.0,1.0,0.0,100.0,1.0,0.0,0.0,0.0,0.0,100.0,1.0,0.0,100.0,1.0,0.0
24,actuated,11,11,441.7421672753727,88.34843345507454,3752711.4523230037,469088.93154037546,2131.0,53.00995024875622,64928.227148342834,1615.1300285657421,40.2,1.3982105240494747,75.0,34.4,30,1.8453036173210424,0.8557213930348259,75.0,100.0,6.0,0.75,0.0,0.0,8,100.0,1.0,0.0,100.0,1.0,0.0,0.0,0.0,0.0,100.0,1.0,0.0,100.0,1.0,0.0,0.0,0.0,0.0,100.0,1.0,0.0,100.0,1.0,0.0
25,actuated,11,11,837.8488990529304,167.56977981058608,2337282.090108287,292160.2612635359,2306.0,55.16746411483253,66678.8100320125,1595.1868428711125,41.8,1.888218483050985,75.0,36.2,30,2.926780589046175,0.8660287081339713,75.0,100.0,6.0,0.75,0.0,0.0,8,100.0,1.0,0.0,100.0,1.0,0.0,0.0,0.0,0.0,100.0,1.0,0.0,100.0,1.0,0.0,0.0,0.0,0.0,100.0,1.0,0.0,100.0,1.0,0.0
26,actuated,11,11,694.8406910306059,165.43825976919186,3672040.515041169,459005.0643801461,2491.4,57.40552995391705,66823.3159077832,1539.7077398106726,43.4,1.0459311219728211,77.72983204198248,38.6,32,2.0112643234706695,0.8894009216589862,77.72983204198248,100.0,6.4,0.8,2.290208447317135,0.0,8,100.0,1.0,0.0,100.0,1.0,0.0,10.729754827747229,0.2,9.319877444114494,100.0,1.0,0.0,100.0,1.0,0.0,11.10890150811258,0.2,9.001790134422585,100.0,1.0,0.0,100.0,1.0,0.0
27,actuated,11,11,953.102610735979,226.92919303237596,2510334.2366014724,313791.77957518405,2690.2,58.99561403508772,71404.54424025676,1565.8891280758062,45.6,0.5106730495742928,75.0,40.6,30,0.8130225790897563,0.8903508771929824,75.0,100.0,6.0,0.75,0.0,0.0,8,100.0,1.0,0.0,100.0,1.0,0.0,0.0,0.0,0.0,100.0,1.0,0.0,100.0,1.0,0.0,0.0,0.0,0.0,100.0,1.0,0.0,100.0,1.0,0.0
28,actuated,0,11,806.7310459174714,168.06896789947322,3028571.4023225484,378571.42529031856,2897.0,61.638297872340424,75145.57064424512,1598.84192860096,47.0,0.7587021819260736,76.36144661136179,42.2,31,1.2536401465132367,0.8978723404255319,76.36144661136179,100.0,6.2,0.775,1.1389912283280863,0.0,8,100.0,1.0,0.0,100.0,1.0,0.0,0.0,0.0,0.0,100.0,1.0,0.0,100.0,1.0,0.0,10.891572890894281,0.2,9.11192982662469,100.0,1.0,0.0,100.0,1.0,0.0
29,actuated,0,0,371.1843884325607,132.56585301162883,4507524.932818318,563440.6166022897,3110.8,65.90677966101696,71475.66909785326,1514.3150232596029,47.2,0.4345627170589806,75.0,43.8,31,0.7605617288034425,0.9279661016949152,75.0,100.0,6.2,0.775,0.0,0.0,8,100.0,1.0,0.0,100.0,1.0,0.0,0.0,0.0,0.0,100.0,1.0,0.0,100.0,1.0,0.0,0.0,0.2,0.0,100.0,1.0,0.0,100.0,1.0,0.0
30,actuated,0,0,546.875142089142,227.8646425371425,4515920.944140641,564490.1180175801,3337.0,68.10204081632654,76628.46664774108,1563.846258117165,49.0,0.5153186522847337,75.0,46.4,30,1.1579542686874262,0.9469387755102041,75.0,100.0,6.0,0.75,0.0,0.0,8,100.0,1.0,0.0,100.0,1.0,0.0,0.0,0.0,0.0,100.0,1.0,0.0,100.0,1.0,0.0,0.0,0.0,0.0,100.0,1.0,0.0,100.0,1.0,0.0
31,actuated,0,0,1217.5602900836773,253.65839376743278,2602131.3124583447,325266.4140572931,3567.6,67.06015037593986,83665.18039734077,1572.6537668673075,53.2,0.5594046384769605,75.3510217756682,47.4,32,0.9449639781548806,0.8909774436090225,75.3510217756682,100.0,6.4,0.8,1.0951643117819911,0.0,8,100.0,1.0,0.0,100.0,1.0,0.0,2.8081742053456082,0.4,8.76131449425593,100.0,1.0,0.0,100.0,1.0,0.0,0.0,0.0,0.0,100.0,1.0,0.0,100.0,1.0,0.0
32,actuated,0,0,1339.709823479967,191.3871176399953,1001339.7098234796,125167.46372793496,3802.2,69.13090909090909,88808.57978079461,1614.701450559902,55.0,0.758195199596687,75.6297583850261,47.2,31,0.738114371146296,0.8581818181818182,75.6297583850261,100.0,6.2,0.775,0.827677860064109,0.0,8,100.0,1.0,0.0,100.0,1.0,0.0,0.0,0.0,0.0,100.0,1.0,0.0,100.0,1.0,0.0,5.038067080208748,0.2,6.621422880512872,100.0,1.0,0.0,100.0,1.0,0.0
33,actuated,0,0,777.445293253436,215.95702590373222,777649.4731577544,97206.1841447193,4046.0,72.76978417266187,83327.97143136984,1498.7045221469396,55.6,0.40776991462606416,87.5,50.8,35,0.6451415569125095,0.9136690647482014,87.5,100.0,7.0,0.875,0.0,0.0,8,100.0,1.0,0.0,100.0,1.0,0.0,0.0,0.0,0.0,100.0,1.0,0.0,100.0,1.0,0.0,100.0,1.0,0.0,100.0,1.0,0.0,100.0,1.0,0.0
34,actuated,0,0,372.6694681862276,207.03859343679312,6246151.0155965015,780768.8769495627,4312.2,76.45744680851064,86168.90456295539,1527.8174567899891,56.4,0.2476038473318643,93.1283465476777,54.4,38,0.6634183108068685,0.9645390070921985,93.1283465476777,100.0,7.6,0.95,0.8103838740611135,0.0,8,100.0,1.0,0.0,100.0,1.0,0.0,45.02677238142155,0.6,6.483070992488908,100.0,1.0,0.0,100.0,1.0,0.0,100.0,1.0,0.0,100.0,1.0,0.0,100.0,1.0,0.0
35,actuated,0,0,1149.859113225425,442.2535050867019,4920103.460368818,615012.9325461022,4586.6,78.00340136054422,90581.90901658351,1540.5086567446176,58.8,0.091827789056331,100.0,56.0,40,0.1525112746676221,0.9523809523809523,100.0,100.0,8.0,1.0,0.0,0.0,8,100.0,1.0,0.0,100.0,1.0,0.0,100.0,1.0,0.0,100.0,1.0,0.0,100.0,1.0,0.0,100.0,1.0,0.0,100.0,1.0,0.0,100.0,1.0,0.0
36,actuated,0,0,891.2200105675518,234.5315817283031,3024632.2678103624,378079.0334762953,4867.2,79.01298701298701,96028.31657982037,1558.901243178902,61.6,0.258018919079932,100.0,57.2,40,0.3326198334885485,0.9285714285714286,100.0,100.0,8.0,1.0,0.0,0.0,8,100.0,1.0,0.0,100.0,1.0,0.0,100.0,1.0,0.0,100.0,1.0,0.0,100.0,1.0,0.0,100.0,1.0,0.0,100.0,1.0,0.0,100.0,1.0,0.0
37,actuated,0,0,1355.9385664252097,251.09973452318698,3449758.08694484,431219.760868105,5153.2,80.77115987460814,101434.48763822482,1589.882251382834,63.8,0.5207387126546309,100.0,57.8,40,0.6150818449022214,0.9059561128526645,100.0,100.0,8.0,1.0,0.0,0.0,8,100.0,1.0,0.0,100.0,1.0,0.0,100.0,1.0,0.0,100.0,1.0,0.0,100.0,1.0,0.0,100.0,1.0,0.0,100.0,1.0,0.0,100.0,1.0,0.0
38,actuated,0,0,770.9390254466863,214.1497292907462,3736208.6767817847,467026.0845977231,5446.0,84.82866043613707,95628.87089474234,1489.5462756190395,64.2,0.33331801100202074,100.0,60.0,40,0.5418050217971978,0.9345794392523364,100.0,100.0,8.0,1.0,0.0,0.0,8,100.0,1.0,0.0,100.0,1.0,0.0,100.0,1.0,0.0,100.0,1.0,0.0,100.0,1.0,0.0,100.0,1.0,0.0,100.0,1.0,0.0,100.0,1.0,0.0
39,actuated,0,0,919.1340157427816,510.63000874598976,6601651.103121197,825206.3878901496,5759.0,86.47147147147147,102238.4502513565,1535.1118656359836,66.6,0.05892159182518305,100.0,64.2,40,0.11883369480864582,0.963963963963964,100.0,100.0,8.0,1.0,0.0,0.0,8,100.0,1.0,0.0,100.0,1.0,0.0,100.0,1.0,0.0,100.0,1.0,0.0,100.0,1.0,0.0,100.0,1.0,0.0,100.0,1.0,0.0,100.0,1.0,0.0
40,actuated,0,0,680.6111235393532,309.3686925178878,5750415.079397169,718801.8849246461,6079.8,90.20474777448071,102988.44419739212,1528.0184599019601,67.4,0.14236137635377505,100.0,65.0,40,0.29267440986422016,0.9643916913946587,100.0,100.0,8.0,1.0,0.0,0.0,8,100.0,1.0,0.0,100.0,1.0,0.0,100.0,1.0,0.0,100.0,1.0,0.0,100.0,1.0,0.0,100.0,1.0,0.0,100.0,1.0,0.0,100.0,1.0,0.0
41,actuated,0,0,934.7385817050515,333.83520775180415,8000220.037223093,1000027.5046528867,6408.0,92.60115606936417,106584.07962620302,1540.232364540506,69.2,0.20504693358524978,100.0,66.2,40,0.3995191421806225,0.9566473988439307,100.0,100.0,8.0,1.0,0.0,0.0,8,100.0,1.0,0.0,100.0,1.0,0.0,100.0,1.0,0.0,100.0,1.0,0.0,100.0,1.0,0.0,100.0,1.0,0.0,100.0,1.0,0.0,100.0,1.0,0.0
42,actuated,0,0,1162.9512803957439,363.4222751236699,3901236.9465115876,487654.61831394845,6742.2,93.38227146814404,111793.73198820293,1548.3896397258022,72.2,0.19138912558114365,100.0,68.2,40,0.3356422345688362,0.9445983379501385,100.0,100.0,8.0,1.0,0.0,0.0,8,100.0,1.0,0.0,100.0,1.0,0.0,100.0,1.0,0.0,100.0,1.0,0.0,100.0,1.0,0.0,100.0,1.0,0.0,100.0,1.0,0.0,100.0,1.0,0.0
43,actuated,0,0,1007.7478170032662,314.92119281352063,7067661.354596054,883457.6693245068,7084.6,96.25815217391305,112321.40977744937,1526.106111106649,73.6,0.20892020525339378,100.0,69.4,40,0.358995771396686,0.9429347826086957,100.0,100.0,8.0,1.0,0.0,0.0,8,100.0,1.0,0.0,100.0,1.0,0.0,100.0,1.0,0.0,100.0,1.0,0.0,100.0,1.0,0.0,100.0,1.0,0.0,100.0,1.0,0.0,100.0,1.0,0.0
44,actuated,0,0,1067.7122672073267,410.65856431051026,4701076.362510484,587634.5453138105,7441.2,96.890625,117973.82900021024,1536.1175651069043,76.8,0.1179845719665558,100.0,73.2,40,0.19818787821153416,0.953125,100.0,100.0,8.0,1.0,0.0,0.0,8,100.0,1.0,0.0,100.0,1.0,0.0,100.0,1.0,0.0,100.0,1.0,0.0,100.0,1.0,0.0,100.0,1.0,0.0,100.0,1.0,0.0,100.0,1.0,0.0
45,actuated,0,0,441.3751667475708,183.9063194781545,7833497.0348544195,979187.1293568024,7811.0,100.39845758354755,119582.49616302228,1537.0500792162247,77.8,0.22509103212186074,100.0,75.0,40,0.3763554789407107,0.9640102827763496,100.0,100.0,8.0,1.0,0.0,0.0,8,100.0,1.0,0.0,100.0,1.0,0.0,100.0,1.0,0.0,100.0,1.0,0.0,100.0,1.0,0.0,100.0,1.0,0.0,100.0,1.0,0.0,100.0,1.0,0.0
46,actuated,0,0,583.1839635910121,416.5599739935801,5673067.503247747,709133.4379059684,8188.6,104.18066157760815,118595.65765530334,1508.8506063015693,78.6,0.09870993986649075,100.0,76.4,40,0.2709090148785627,0.9720101781170484,100.0,100.0,8.0,1.0,0.0,0.0,8,100.0,1.0,0.0,100.0,1.0,0.0,100.0,1.0,0.0,100.0,1.0,0.0,100.0,1.0,0.0,100.0,1.0,0.0,100.0,1.0,0.0,100.0,1.0,0.0
47,actuated,0,0,363.17955738539644,302.64963115449706,5969302.496810582,746162.8121013227,8576.0,107.468671679198,122409.73513621232,1533.9565806542896,79.8,0.06527285389072916,100.0,78.2,40,0.16105361136486776,0.9799498746867168,100.0,100.0,8.0,1.0,0.0,0.0,8,100.0,1.0,0.0,100.0,1.0,0.0,100.0,1.0,0.0,100.0,1.0,0.0,100.0,1.0,0.0,100.0,1.0,0.0,100.0,1.0,0.0,100.0,1.0,0.0
48,actuated,0,0,284.3851554968792,284.3851554968792,6954988.980968187,869373.6226210233,8967.2,111.25558312655087,122353.14937831464,1518.0291486143255,80.6,0.08739998506244989,100.0,79.0,40,0.2424052081428051,0.9801488833746899,100.0,100.0,8.0,1.0,0.0,0.0,8,100.0,1.0,0.0,100.0,1.0,0.0,100.0,1.0,0.0,100.0,1.0,0.0,100.0,1.0,0.0,100.0,1.0,0.0,100.0,1.0,0.0,100.0,1.0,0.0
49,actuated,0,0,622.374346443089,345.7635258017161,6033868.000600815,754233.5000751019,9365.0,114.20731707317073,126098.99420885537,1537.7926123031143,82.0,0.07547466706460947,100.0,80.0,40,0.15525568491612352,0.975609756097561,100.0,100.0,8.0,1.0,0.0,0.0,8,100.0,1.0,0.0,100.0,1.0,0.0,100.0,1.0,0.0,100.0,1.0,0.0,100.0,1.0,0.0,100.0,1.0,0.0,100.0,1.0,0.0,100.0,1.0,0.0
50,actuated,0,0,263.3076622059947,164.56728887874667,6030820.525008211,753852.5656260264,9765.6,119.09268292682927,125445.21795590222,1529.8197311695392,82.0,0.1262717861039369,100.0,80.4,40,0.27283149828592224,0.9804878048780488,100.0,100.0,8.0,1.0,0.0,0.0,8,100.0,1.0,0.0,100.0,1.0,0.0,100.0,1.0,0.0,100.0,1.0,0.0,100.0,1.0,0.0,100.0,1.0,0.0,100.0,1.0,0.0,100.0,1.0,0.0
51,actuated,0,0,0.0,0.0,7815222.236286623,976902.7795358279,10171.2,123.4368932038835,125101.96674985276,1518.2277518186015,82.4,0.0034332450040505343,100.0,81.8,40,0.013849021028463958,0.9927184466019418,100.0,100.0,8.0,1.0,0.0,0.0,8,100.0,1.0,0.0,100.0,1.0,0.0,100.0,1.0,0.0,100.0,1.0,0.0,100.0,1.0,0.0,100.0,1.0,0.0,100.0,1.0,0.0,100.0,1.0,0.0
52,actuated,0,0,315.9638795865279,315.9638795865279,7202827.684545025,900353.4605681282,10581.0,127.17548076923077,127313.26496339028,1530.2075115792102,83.2,0.041928708380717813,100.0,82.2,40,0.1180470907609738,0.9879807692307693,100.0,100.0,8.0,1.0,0.0,0.0,8,100.0,1.0,0.0,100.0,1.0,0.0,100.0,1.0,0.0,100.0,1.0,0.0,100.0,1.0,0.0,100.0,1.0,0.0,100.0,1.0,0.0,100.0,1.0,0.0
53,actuated,0,0,427.83152699450466,267.3947043715654,6001519.980850324,750189.9976062905,10991.0,130.8452380952381,128414.19740206169,1528.740445262639,84.0,0.09205217413069944,100.0,82.0,40,0.19775500196488993,0.9761904761904762,100.0,100.0,8.0,1.0,0.0,0.0,8,100.0,1.0,0.0,100.0,1.0,0.0,100.0,1.0,0.0,100.0,1.0,0.0,100.0,1.0,0.0,100.0,1.0,0.0,100.0,1.0,0.0,100.0,1.0,0.0
54,actuated,0,0,520.8661552190919,325.5413470119324,6003473.712055284,750434.2140069104,11404.0,134.16470588235293,130506.8284975091,1535.3744529118717,85.0,0.08614827550354105,100.0,83.2,40,0.19286327898013522,0.9788235294117648,100.0,100.0,8.0,1.0,0.0,0.0,8,100.0,1.0,0.0,100.0,1.0,0.0,100.0,1.0,0.0,100.0,1.0,0.0,100.0,1.0,0.0,100.0,1.0,0.0,100.0,1.0,0.0,100.0,1.0,0.0
55,actuated,0,0,297.5533313673079,247.96110947275662,6209933.652996728,776241.706624591,11820.2,139.06117647058824,129566.06387692624,1524.306633846191,85.0,0.06300928583082324,100.0,83.6,40,0.15656532442431412,0.9835294117647059,100.0,100.0,8.0,1.0,0.0,0.0,8,100.0,1.0,0.0,100.0,1.0,0.0,100.0,1.0,0.0,100.0,1.0,0.0,100.0,1.0,0.0,100.0,1.0,0.0,100.0,1.0,0.0,100.0,1.0,0.0
56,actuated,0,0,498.03342209869544,498.03342209869544,6982343.137023439,872792.8921279298,12242.0,142.34883720930233,130844.93452714065,1521.452727059775,86.0,0.017564156491855023,100.0,85.0,40,0.051451073759179476,0.9883720930232558,100.0,100.0,8.0,1.0,0.0,0.0,8,100.0,1.0,0.0,100.0,1.0,0.0,100.0,1.0,0.0,100.0,1.0,0.0,100.0,1.0,0.0,100.0,1.0,0.0,100.0,1.0,0.0,100.0,1.0,0.0
57,actuated,0,0,106.24370749751147,106.24370749751147,8447401.231954442,1055925.1539943053,12667.6,147.29767441860466,130678.26422969019,1519.5147003452348,86.0,0.01700729286738646,100.0,85.4,40,0.07082214737728058,0.9930232558139535,100.0,100.0,8.0,1.0,0.0,0.0,8,100.0,1.0,0.0,100.0,1.0,0.0,100.0,1.0,0.0,100.0,1.0,0.0,100.0,1.0,0.0,100.0,1.0,0.0,100.0,1.0,0.0,100.0,1.0,0.0
58,actuated,0,0,306.0002342025506,306.0002342025506,7200538.175736427,900067.2719670534,13097.0,150.54022988505747,132766.57891642972,1526.0526312233299,87.0,0.016807636106128083,100.0,86.2,40,0.05489835854266421,0.9908045977011494,100.0,100.0,8.0,1.0,0.0,0.0,8,100.0,1.0,0.0,100.0,1.0,0.0,100.0,1.0,0.0,100.0,1.0,0.0,100.0,1.0,0.0,100.0,1.0,0.0,100.0,1.0,0.0,100.0,1.0,0.0
59,actuated,0,0,506.30337939274085,316.43961212046304,6000985.761490979,750123.2201863724,13350.8,152.40639269406392,134644.616692417,1537.0390033380936,87.6,0.07440999322995992,100.0,85.6,40,0.1533785350882043,0.9771689497716894,100.0,100.0,8.0,1.0,0.0,0.0,8,100.0,1.0,0.0,100.0,1.0,0.0,100.0,1.0,0.0,100.0,1.0,0.0,100.0,1.0,0.0,100.0,1.0,0.0,100.0,1.0,0.0,100.0,1.0,0.0
60,actuated,0,0,386.5039997505223,241.56499984407645,4996534.49935776,624566.81241972,12455.4,144.49419953596288,132421.5065227247,1536.212372653419,86.2,0.08808715085099102,91.13781540037877,81.4,38,0.17732119853640638,0.9443155452436195,91.13781540037877,100.0,7.6,0.95,0.24994567365877715,0.0,8,100.0,1.0,0.0,100.0,1.0,0.0,100.0,1.0,0.0,100.0,1.0,0.0,100.0,1.0,0.0,100.0,1.0,0.0,100.0,1.0,0.0,29.10252320303016,0.6,1.9995653892702172
61,actuated,0,0,1135.0661409189638,315.2961502552677,3588170.2603882737,448521.2825485342,10235.2,120.69811320754717,133817.85190359404,1578.040706410307,84.8,0.256931592969297,79.94720093575054,71.0,36,0.4110482172423038,0.8372641509433962,79.94720093575054,100.0,7.2,0.9,0.6958053736996449,0.0,8,100.0,1.0,0.0,100.0,1.0,0.0,100.0,1.0,0.0,40.0,0.6,0.0,45.75854320215285,0.8,1.7300135026113586,100.0,1.0,0.0,100.0,1.0,0.0,53.8190642838515,0.8,3.8364294869858004
62,actuated,0,0,517.6217351487875,143.78381531910762,3603864.1281347387,450483.01601684233,8780.4,103.54245283018868,132540.46674948785,1562.9772022345264,84.8,0.38151732087333523,92.85642186368378,65.4,39,0.5000953161350856,0.7712264150943396,92.85642186368378,100.0,7.8,0.975,0.3513237918278226,0.0,8,100.0,1.0,0.0,100.0,1.0,0.0,100.0,1.0,0.0,42.85137490947022,0.8,2.8105903346225807,100.0,1.0,0.0,100.0,1.0,0.0,100.0,1.0,0.0,100.0,1.0,0.0
63,actuated,0,0,817.1959528264724,226.99887578513122,3257563.7739342414,407195.4717417802,7791.8,92.10165484633569,129672.76614470422,1532.7750135307826,84.6,0.37993473752997553,93.9259962877388,66.4,39,0.6382861376145761,0.7848699763593381,93.9259962877388,100.0,7.8,0.975,0.5749202675732531,0.0,8,100.0,1.0,0.0,100.0,1.0,0.0,100.0,1.0,0.0,51.40797030191038,0.8,4.599362140586025,100.0,1.0,0.0,100.0,1.0,0.0,100.0,1.0,0.0,100.0,1.0,0.0
64,actuated,0,0,1686.3923206588672,337.27846413177343,2204400.5036326917,275550.06295408646,6004.6,69.0183908045977,133307.59173825005,1532.271169405173,87.0,0.31445175750201104,80.85183089428313,67.6,36,0.41266781201095293,0.7770114942528735,80.85183089428313,100.0,7.199999999999999,0.9,0.41080092649569,0.0,8,100.0,1.0,0.0,20.10212526652367,0.6,1.548886036657199,100.0,1.0,0.0,100.0,1.0,0.0,100.0,1.0,0.0,100.0,1.0,0.0,26.71252188774133,0.6,1.7375213753083207,100.0,1.0,0.0
65,actuated,1,0,1142.0163958646185,248.26443388361275,1316576.0267231292,164572.00334039115,4410.8,52.014150943396224,131040.4863907235,1545.2887546075883,84.8,0.30967507925546595,82.5,60.8,37,0.31133474479114764,0.7169811320754716,82.5,100.0,7.3999999999999995,0.925,0.0,0.0,8,80.0,1.0,0.0,60.0,0.8,0.0,100.0,1.0,0.0,60.0,0.8,0.0,60.0,0.8,0.0,100.0,1.0,0.0,100.0,1.0,0.0,100.0,1.0,0.0
66,actuated,1,1,893.8723377853232,165.53191440468947,6368562.077378614,796070.2596723267,3285.8,39.779661016949156,134527.94819268925,1628.6676536645186,82.6,0.6080206802236052,64.99630983665752,51.2,33,0.5875251915940514,0.6198547215496368,64.99630983665753,100.0,6.6000000000000005,0.825,1.1025001512470916,0.0,8,34.79476181349128,0.6,2.163336054691011,26.988999663304867,0.6,1.976847830809489,100.0,1.0,0.0,20.37012282610931,0.6,1.8215404719241683,37.816594390354794,0.8,2.858276852552064,100.0,1.0,0.0,100.0,1.0,0.0,100.0,1.0,0.0
67,actuated,1,1,890.858055116779,171.31885675322673,1421033.2856159867,177629.16070199833,2802.6,36.023136246786635,134543.3153509855,1729.3485263622815,77.8,1.20072126111384,63.10070245980512,43.4,36,1.2083945170468802,0.5578406169665809,63.10070245980512,100.0,7.2,0.8999999999999999,2.074226010649359,0.0,8,23.21753367101337,0.6,3.9140872360189087,23.828612013699058,0.8,4.080574819669138,100.0,1.0,0.0,21.3664590536348,1.0,3.7721494117922516,36.393014940093735,0.8,4.826996617714574,100.0,1.0,0.0,100.0,1.0,0.0,100.0,1.0,0.0
68,actuated,1,1,99.54078312569105,24.885195781422762,7624082.429742443,953010.3037178054,2841.2,38.60326086956522,132148.430236139,1795.494976034497,73.6,1.9004298568663984,58.73407100622658,46.0,34,1.9340080068467749,0.625,58.73407100622657,100.0,6.800000000000001,0.8500000000000001,2.8823281666611003,0.0,8,18.33244960818547,0.8,5.7040015534382125,14.235968448004996,0.8,5.4706430504497465,100.0,1.0,0.0,15.793998398784197,0.6,6.059867207561422,21.510151594837907,0.6,5.824113521839422,100.0,1.0,0.0,100.0,1.0,0.0,100.0,1.0,0.0
69,actuated,1,1,72.55867047854345,18.139667619635862,7396577.578354207,924572.1972942759,3066.0,45.489614243323444,122508.98518686886,1817.6407297755025,67.4,2.5859064206521714,58.844460480228236,45.6,33,2.614578531123798,0.6765578635014837,58.844460480228236,100.0,6.6,0.825,3.54639095220379,0.0,8,13.6687345496523,0.4,7.315966202777986,19.833363432917395,0.8,7.151684427454558,100.0,1.0,0.0,9.16403344048831,1.0,6.768003923307208,28.08955241876788,0.4,7.135473064090569,100.0,1.0,0.0,100.0,1.0,0.0,100.0,1.0,0.0
70,actuated,1,1,362.6942611787252,82.43051390425572,4043406.8930136235,505425.86162670294,3291.0,53.59934853420195,105198.7222527628,1713.3342386443453,61.4,2.9412734954140682,60.631579286209956,45.6,34,2.973445915707195,0.742671009771987,60.631579286209956,100.0,6.800000000000001,0.8500000000000001,3.887536492301712,0.0,8,39.97682275065131,0.6,7.172753404494903,14.078893486445168,0.8,8.094831986061639,100.0,1.0,0.0,10.27559442583538,0.8,7.543255579092085,20.72132362674779,0.6,8.289450968765074,100.0,1.0,0.0,100.0,1.0,0.0,100.0,1.0,0.0
71,actuated,1,1,151.2632940648206,37.81582351620515,3917415.540887409,489676.9426109261,3522.8,59.30639730639731,94211.33212577648,1586.0493623868092,59.4,2.217010236152339,56.52804526696868,48.2,29,2.599485103053702,0.8114478114478114,56.52804526696869,100.0,5.800000000000001,0.725,3.141632539971448,0.0,8,0.0,0.6,0.0,29.926518767487096,0.8,7.192075170519934,100.0,1.0,0.0,11.267530185759824,0.2,8.87505942752054,11.030313182502596,0.2,9.065925721731109,100.0,1.0,0.0,100.0,1.0,0.0,100.0,1.0,0.0
72,actuated,1,1,339.7743111610174,99.93362092971101,4857313.577816406,607164.1972270508,3778.4,60.1656050955414,98825.63095783404,1573.656543914555,62.8,0.9161575910431845,65.80582780078927,54.0,29,1.359656857977142,0.8598726114649682,65.80582780078927,100.0,5.8,0.725,2.4383946893629282,0.0,8,51.425578397471554,0.6,5.232783341348434,69.91566980994094,0.8,5.265376404739387,100.0,1.0,0.0,0.0,0.0,0.0,5.1053741989017,0.4,9.008997768815606,100.0,1.0,0.0,100.0,1.0,0.0,100.0,1.0,0.0
73,actuated,1,1,319.8674767602196,79.9668691900549,4000319.867476759,500039.9834345949,4055.4,62.00917431192661,104083.89051056643,1591.4967967976518,65.4,0.791213935524924,84.81044114849851,57.2,34,0.9771489708324089,0.8746177370030581,84.81044114849851,100.0,6.8,0.85,0.5360801867394474,0.0,8,100.0,1.0,0.0,100.0,1.0,0.0,100.0,1.0,0.0,0.0,0.0,0.0,78.4835291879881,0.8,4.288641493915579,100.0,1.0,0.0,100.0,1.0,0.0,100.0,1.0,0.0
74,actuated,8,1,700.270114430265,134.6673296981279,2002224.415770504,250278.051971313,4013.2,61.176829268292686,105727.75302568439,1611.7035522207987,65.6,0.9179926138739015,77.5,52.6,33,0.9014207484127649,0.801829268292683,77.5,100.0,6.6,0.825,0.0,0.0,8,100.0,1.0,0.0,100.0,1.0,0.0,100.0,1.0,0.0,0.0,0.0,0.0,100.0,1.0,0.0,100.0,1.0,0.0,60.0,0.8,0.0,60.0,0.8,0.0
75,actuated,8,8,527.9587084728928,105.59174169457856,2151848.3439594535,268981.0429949317,3782.0,57.82874617737003,103057.7186985154,1575.8060963075748,65.4,0.7983073500768251,83.27652029154237,46.2,36,0.8092047544435378,0.7064220183486238,83.27652029154237,100.0,7.199999999999999,0.9,0.7218635152414016,0.0,8,100.0,1.0,0.0,100.0,1.0,0.0,100.0,1.0,0.0,85.26730974485758,1.0,2.0491230114844603,100.0,1.0,0.0,100.0,1.0,0.0,55.771821700918736,0.6,1.9499048855699894,25.17303088656263,0.6,1.775880224876763
76,actuated,8,8,384.69250025295025,96.17312506323756,4000796.8067833595,500099.60084791994,3712.2,56.76146788990825,103765.838008128,1586.6336086869726,65.4,0.6363306721984177,88.33113391130583,48.6,39,0.8234691029614727,0.7431192660550459,88.33113391130581,100.0,7.8,0.975,0.4938078317561403,0.0,8,100.0,1.0,0.0,100.0,1.0,0.0,100.0,1.0,0.0,100.0,1.0,0.0,100.0,1.0,0.0,100.0,1.0,0.0,100.0,1.0,0.0,6.6490712904465,0.8,3.9504626540491223
77,actuated,8,8,1513.0046686298365,302.6009337259673,3444581.390407241,430572.6738009051,3933.8,57.68035190615836,108323.53221857715,1588.3215867826561,68.2,0.7111004323581237,89.425981300014,52.2,38,1.3044409965333208,0.7653958944281525,89.425981300014,100.0,7.6,0.95,0.6876410458991744,0.0,8,100.0,1.0,0.0,100.0,1.0,0.0,100.0,1.0,0.0,100.0,1.0,0.0,100.0,1.0,0.0,100.0,1.0,0.0,100.0,1.0,0.0,15.407850400112011,0.6,5.501128367193395
78,actuated,8,8,657.1422233493803,131.42844466987606,2008024.6845368887,251003.0855671111,4207.2,61.151162790697676,111065.8632144256,1614.3294071864186,68.8,0.924614447603633,90.00534496449261,57.4,39,1.4912131260539514,0.8343023255813954,90.00534496449262,100.0,7.8,0.975,0.8666171137030231,0.0,8,100.0,1.0,0.0,100.0,1.0,0.0,100.0,1.0,0.0,100.0,1.0,0.0,100.0,1.0,0.0,100.0,1.0,0.0,100.0,1.0,0.0,20.042759715940974,0.8,6.932936909624185
79,actuated,8,8,691.0916254546229,150.23730988143976,2159906.0249666614,269988.25312083267,4502.8,63.96022727272727,108882.63532000838,1546.6283426137554,70.4,0.6748814042363293,96.37094161072014,60.8,39,0.8517936433690201,0.8636363636363636,96.37094161072014,100.0,7.8,0.975,0.5922305868628395,0.0,8,100.0,1.0,0.0,100.0,1.0,0.0,100.0,1.0,0.0,100.0,1.0,0.0,100.0,1.0,0.0,100.0,1.0,0.0,100.0,1.0,0.0,70.9675328857611,0.8,4.737844694902716
80,actuated,8,8,510.5007901993852,196.3464577689943,5903573.325995632,737946.665749454,4819.2,66.56353591160222,110394.06829095648,1524.7799487701172,72.4,0.2728008647571603,100.0,66.0,40,0.505315552708838,0.9116022099447514,100.0,100.0,8.0,1.0,0.0,0.0,8,100.0,1.0,0.0,100.0,1.0,0.0,100.0,1.0,0.0,100.0,1.0,0.0,100.0,1.0,0.0,100.0,1.0,0.0,100.0,1.0,0.0,100.0,1.0,0.0
81,actuated,8,8,884.0762723123604,368.3651134634835,6303103.944119411,787887.9930149263,5159.4,69.72162162162162,113319.6720072041,1531.3469190162716,74.0,0.15984537725189235,100.0,70.2,40,0.3399519601679832,0.9486486486486486,100.0,100.0,8.0,1.0,0.0,0.0,8,100.0,1.0,0.0,100.0,1.0,0.0,100.0,1.0,0.0,100.0,1.0,0.0,100.0,1.0,0.0,100.0,1.0,0.0,100.0,1.0,0.0,100.0,1.0,0.0
82,actuated,8,8,861.8188233715725,226.79442720304542,3721268.43882173,465158.5548527163,5513.6,71.79166666666667,119125.64057519058,1551.1151116561275,76.8,0.2300949806133658,100.0,71.6,40,0.26278458929955145,0.9322916666666666,100.0,100.0,8.0,1.0,0.0,0.0,8,100.0,1.0,0.0,100.0,1.0,0.0,100.0,1.0,0.0,100.0,1.0,0.0,100.0,1.0,0.0,100.0,1.0,0.0,100.0,1.0,0.0,100.0,1.0,0.0
83,actuated,8,8,766.2914600541417,191.57286501353542,4000766.2914600535,500095.7864325067,5874.2,76.2883116883117,119436.53723206003,1551.1238601566238,77.0,0.2991470108181332,100.0,72.6,40,0.33299209002188696,0.9428571428571428,100.0,100.0,8.0,1.0,0.0,0.0,8,100.0,1.0,0.0,100.0,1.0,0.0,100.0,1.0,0.0,100.0,1.0,0.0,100.0,1.0,0.0,100.0,1.0,0.0,100.0,1.0,0.0,100.0,1.0,0.0
84,actuated,8,8,72.51912008224278,72.51912008224278,5742981.375559068,717872.6719448835,6247.2,81.13246753246753,115425.65347803736,1499.034460753732,77.0,0.027489095391635087,100.0,76.2,40,0.1119564453047523,0.9896103896103896,100.0,100.0,8.0,1.0,0.0,0.0,8,100.0,1.0,0.0,100.0,1.0,0.0,100.0,1.0,0.0,100.0,1.0,0.0,100.0,1.0,0.0,100.0,1.0,0.0,100.0,1.0,0.0,100.0,1.0,0.0
85,actuated,8,8,522.3321023486305,522.3321023486305,9598852.16700419,1199856.5208755238,6632.0,83.9493670886076,120830.43243368389,1529.4991447301759,79.0,0.020543814128972975,100.0,77.6,40,0.05007075529413624,0.9822784810126582,100.0,100.0,8.0,1.0,0.0,0.0,8,100.0,1.0,0.0,100.0,1.0,0.0,100.0,1.0,0.0,100.0,1.0,0.0,100.0,1.0,0.0,100.0,1.0,0.0,100.0,1.0,0.0,100.0,1.0,0.0
86,actuated,8,8,1275.7357865348934,335.71994382497195,3802076.088726548,475259.5110908185,6663.0,83.07980049875312,124997.52843940115,1558.5726738079945,80.2,0.15883473975147938,100.0,76.0,40,0.18650592088484425,0.9476309226932669,100.0,100.0,8.0,1.0,0.0,0.0,8,100.0,1.0,0.0,100.0,1.0,0.0,100.0,1.0,0.0,100.0,1.0,0.0,100.0,1.0,0.0,100.0,1.0,0.0,100.0,1.0,0.0,100.0,1.0,0.0
87,actuated,8,8,1279.3076497639017,304.5970594675956,1837430.6145551403,229678.82681939253,4910.0,61.22194513715711,123365.41612441435,1538.2221461897052,80.2,0.22908148079516746,82.6606941955157,69.2,36,0.24495911576520793,0.8628428927680798,82.6606941955157,100.0,7.199999999999999,0.9,0.46424029120524474,0.0,8,100.0,1.0,0.0,100.0,1.0,0.0,27.459971811435935,0.6,2.114163288233293,100.0,1.0,0.0,100.0,1.0,0.0,33.825581752689686,0.6,1.599759041408665,100.0,1.0,0.0,100.0,1.0,0.0
88,actuated,8,8,727.2805772193598,242.4268590731199,5523160.185153218,690395.0231441522,3709.0,45.79012345679013,122531.98592910124,1512.7405670259413,81.0,0.17487838415743667,100.0,67.6,40,0.2304308945436456,0.8345679012345679,100.0,100.0,8.0,1.0,0.0,0.0,8,100.0,1.0,0.0,100.0,1.0,0.0,100.0,1.0,0.0,100.0,1.0,0.0,100.0,1.0,0.0,100.0,1.0,0.0,100.0,1.0,0.0,100.0,1.0,0.0
89,actuated,8,8,660.0576765750127,275.0240319062553,6098524.88936888,762315.61117111,3366.2,40.95133819951338,123706.81166438173,1504.9490470119433,82.2,0.13298248891805434,100.0,71.0,40,0.21815916463145793,0.8637469586374696,100.0,100.0,8.0,1.0,0.0,0.0,8,100.0,1.0,0.0,100.0,1.0,0.0,100.0,1.0,0.0,100.0,1.0,0.0,100.0,1.0,0.0,100.0,1.0,0.0,100.0,1.0,0.0,100.0,1.0,0.0
90,actuated,8,8,866.7750234432382,393.9886470196537,6433405.557038554,804175.6946298192,3700.6,44.054761904761904,127286.83286637961,1515.3194388854718,84.0,0.0822031410913483,100.0,77.8,40,0.138482274268413,0.9261904761904762,100.0,100.0,8.0,1.0,0.0,0.0,8,100.0,1.0,0.0,100.0,1.0,0.0,100.0,1.0,0.0,100.0,1.0,0.0,100.0,1.0,0.0,100.0,1.0,0.0,100.0,1.0,0.0,100.0,1.0,0.0
91,actuated,0,8,1036.2360812865224,370.0843147451866,2874736.0218540253,359342.00273175316,3140.4,38.48529411764706,127623.40442796925,1564.0123091662897,81.6,0.13987614608194193,82.5,71.6,37,0.20720122807703603,0.8774509803921569,82.5,100.0,7.3999999999999995,0.925,0.0,0.0,8,60.0,0.8,0.0,100.0,1.0,0.0,100.0,1.0,0.0,60.0,0.8,0.0,100.0,1.0,0.0,100.0,1.0,0.0,80.0,1.0,0.0,60.0,0.8,0.0
92,actuated,0,0,413.4812612189522,103.37031530473806,4004539.8144655926,500567.4768081991,2273.0,28.6272040302267,129480.17420129574,1630.7326725603996,79.4,0.5696641353477537,68.13777405408132,55.2,32,0.7193532939801683,0.6952141057934509,68.13777405408132,100.0,6.3999999999999995,0.8,0.9560456631372138,0.0,8,34.603638996379686,0.6,1.8926128723063718,100.0,1.0,0.0,100.0,1.0,0.0,27.612971714847845,0.6,1.8904896409735208,100.0,1.0,0.0,100.0,1.0,0.0,58.08582651261986,0.6,2.1415628490791874,24.799755208803163,0.6,1.7236999427386301
93,actuated,0,0,846.0798774358173,162.70766873765714,9096363.740294227,1137045.4675367784,1991.6,24.95739348370927,123011.59936117283,1541.498738861815,79.8,0.7606112645429903,91.832233442058,52.4,40,0.8678493240908846,0.656641604010025,91.832233442058,100.0,8.0,1.0,1.4117241198944686,0.0,8,93.5847737004724,1.0,3.6292288304642932,100.0,1.0,0.0,100.0,1.0,0.0,91.1843148663911,1.0,3.78301233748091,100.0,1.0,0.0,100.0,1.0,0.0,100.0,1.0,0.0,49.88877896960048,1.0,3.881551791210544
94,actuated,0,0,1189.8140571846118,283.28906123443136,2884868.9182891487,360608.6147861436,2217.6,27.110024449877752,121579.87749137825,1486.306570799245,81.8,0.32219847771630195,100.0,64.6,40,0.4808902001194538,0.7897310513447433,100.0,100.0,8.0,1.0,0.0,0.0,8,100.0,1.0,0.0,100.0,1.0,0.0,100.0,1.0,0.0,100.0,1.0,0.0,100.0,1.0,0.0,100.0,1.0,0.0,100.0,1.0,0.0,100.0,1.0,0.0
95,actuated,0,0,893.2951491663064,406.04324962104835,5914743.152503934,739342.8940629917,2580.8,31.01923076923077,125854.2939205773,1512.6718019300156,83.2,0.08135440317327361,100.0,77.8,40,0.12600313393494988,0.9350961538461539,100.0,100.0,8.0,1.0,0.0,0.0,8,100.0,1.0,0.0,100.0,1.0,0.0,100.0,1.0,0.0,100.0,1.0,0.0,100.0,1.0,0.0,100.0,1.0,0.0,100.0,1.0,0.0,100.0,1.0,0.0
96,actuated,0,0,536.5092927959055,447.09107732992123,4985182.649871051,623147.8312338814,2984.4,35.52857142857143,127605.47559342303,1519.1128046836075,84.0,0.04130562007840332,100.0,82.2,40,0.10367052359973081,0.9785714285714285,100.0,100.0,8.0,1.0,0.0,0.0,8,100.0,1.0,0.0,100.0,1.0,0.0,100.0,1.0,0.0,100.0,1.0,0.0,100.0,1.0,0.0,100.0,1.0,0.0,100.0,1.0,0.0,100.0,1.0,0.0
97,actuated,0,0,460.9875034147399,384.15625284561656,10845218.196263444,1355652.2745329305,3399.2,39.80327868852459,130519.73640550413,1528.3341499473552,85.4,0.06373836435079984,100.0,83.6,40,0.1636923364466393,0.9789227166276346,100.0,100.0,8.0,1.0,0.0,0.0,8,100.0,1.0,0.0,100.0,1.0,0.0,100.0,1.0,0.0,100.0,1.0,0.0,100.0,1.0,0.0,100.0,1.0,0.0,100.0,1.0,0.0,100.0,1.0,0.0
98,actuated,0,0,576.4829509909562,288.2414754954781,6711231.6111279875,838903.9513909984,3818.0,44.395348837209305,132317.84089099738,1538.5795452441557,86.0,0.09067920024895713,100.0,84.0,40,0.16704453823777482,0.9767441860465116,100.0,100.0,8.0,1.0,0.0,0.0,8,100.0,1.0,0.0,100.0,1.0,0.0,100.0,1.0,0.0,100.0,1.0,0.0,100.0,1.0,0.0,100.0,1.0,0.0,100.0,1.0,0.0,100.0,1.0,0.0
99,actuated,0,0,118.23754134307262,118.23754134307262,8444552.713869313,1055569.089233664,4242.0,49.325581395348834,129572.12171761699,1506.6525781118255,86.0,0.016148102091258835,100.0,85.6,40,0.0683416518681101,0.9953488372093023,100.0,100.0,8.0,1.0,0.0,0.0,8,100.0,1.0,0.0,100.0,1.0,0.0,100.0,1.0,0.0,100.0,1.0,0.0,100.0,1.0,0.0,100.0,1.0,0.0,100.0,1.0,0.0,100.0,1.0,0.0
100,actuated,0,0,126.11525431302967,126.11525431302967,8984219.303483522,1123027.4129354402,4672.0,53.94919168591224,131926.7843019978,1523.4039757736468,86.6,0.0051958659693319,100.0,86.2,40,0.02382610196097912,0.9953810623556582,100.0,100.0,8.0,1.0,0.0,0.0,8,100.0,1.0,0.0,100.0,1.0,0.0,100.0,1.0,0.0,100.0,1.0,0.0,100.0,1.0,0.0,100.0,1.0,0.0,100.0,1.0,0.0,100.0,1.0,0.0
101,actuated,0,0,302.3479282359861,302.3479282359861,6800680.058718371,850085.0073397964,5102.0,58.37528604118993,133679.29341150977,1529.511366264414,87.4,0.04001958079918081,100.0,86.2,40,0.10709991833658859,0.9862700228832952,100.0,100.0,8.0,1.0,0.0,0.0,8,100.0,1.0,0.0,100.0,1.0,0.0,100.0,1.0,0.0,100.0,1.0,0.0,100.0,1.0,0.0,100.0,1.0,0.0,100.0,1.0,0.0,100.0,1.0,0.0
102,actuated,0,0,736.6184919490885,526.1560656779204,6366259.15677538,795782.3945969224,5534.0,62.46049661399549,135417.9985313203,1528.4198479832994,88.6,0.043373049654525576,100.0,87.0,40,0.10646631072196627,0.981941309255079,100.0,100.0,8.0,1.0,0.0,0.0,8,100.0,1.0,0.0,100.0,1.0,0.0,100.0,1.0,0.0,100.0,1.0,0.0,100.0,1.0,0.0,100.0,1.0,0.0,100.0,1.0,0.0,100.0,1.0,0.0
103,actuated,0,0,445.9787449741226,371.6489541451022,6055239.774808739,756904.9718510924,5969.4,67.07191011235955,135020.3496325104,1517.0825801405663,89.0,0.04229574823744236,100.0,87.4,40,0.10359873109028138,0.9820224719101124,100.0,100.0,8.0,1.0,0.0,0.0,8,100.0,1.0,0.0,100.0,1.0,0.0,100.0,1.0,0.0,100.0,1.0,0.0,100.0,1.0,0.0,100.0,1.0,0.0,100.0,1.0,0.0,100.0,1.0,0.0
104,actuated,0,0,0.0,0.0,11109730.402406957,1388716.3003008696,6412.0,72.04494382022472,135366.712928837,1520.9743025712023,89.0,1.811082026399202e-05,100.0,89.0,40,7.235334490853683e-05,1.0,100.0,100.0,8.0,1.0,0.0,0.0,8,100.0,1.0,0.0,100.0,1.0,0.0,100.0,1.0,0.0,100.0,1.0,0.0,100.0,1.0,0.0,100.0,1.0,0.0,100.0,1.0,0.0,100.0,1.0,0.0
105,actuated,0,0,138.7864858992229,138.7864858992229,7600440.173750609,950055.0217188261,6857.0,76.52901785714286,136537.37709767697,1523.854655108002,89.6,0.004882812461477112,100.0,89.2,40,0.02276100242761369,0.9955357142857143,100.0,100.0,8.0,1.0,0.0,0.0,8,100.0,1.0,0.0,100.0,1.0,0.0,100.0,1.0,0.0,100.0,1.0,0.0,100.0,1.0,0.0,100.0,1.0,0.0,100.0,1.0,0.0,100.0,1.0,0.0
106,actuated,0,0,988.8573936888963,618.0358710555602,6914202.612665005,864275.3265831256,7302.0,79.54248366013071,139782.96597445357,1522.6902611596252,91.8,0.037950613533053255,100.0,89.4,40,0.07187057781185828,0.9738562091503268,100.0,100.0,8.0,1.0,0.0,0.0,8,100.0,1.0,0.0,100.0,1.0,0.0,100.0,1.0,0.0,100.0,1.0,0.0,100.0,1.0,0.0,100.0,1.0,0.0,100.0,1.0,0.0,100.0,1.0,0.0
107,actuated,0,0,345.6918043190311,345.6918043190311,7733220.171633288,966652.521454161,7753.0,84.08893709327549,139959.0056428648,1517.993553610247,92.2,0.024370455559696375,100.0,91.2,40,0.07379919373900524,0.9891540130151844,100.0,100.0,8.0,1.0,0.0,0.0,8,100.0,1.0,0.0,100.0,1.0,0.0,100.0,1.0,0.0,100.0,1.0,0.0,100.0,1.0,0.0,100.0,1.0,0.0,100.0,1.0,0.0,100.0,1.0,0.0
108,actuated,0,0,129.270659345845,129.270659345845,7546659.400225343,943332.4250281679,8211.0,88.29032258064517,141364.6318457197,1520.049804792685,93.0,0.008514522443756972,100.0,92.0,40,0.027111197544578913,0.989247311827957,100.0,100.0,8.0,1.0,0.0,0.0,8,100.0,1.0,0.0,100.0,1.0,0.0,100.0,1.0,0.0,100.0,1.0,0.0,100.0,1.0,0.0,100.0,1.0,0.0,100.0,1.0,0.0,100.0,1.0,0.0
109,actuated,0,0,0.0,0.0,7515498.877688038,939437.3597110048,8674.0,93.26881720430107,141418.84389550707,1520.6327300592159,93.0,0.00026866377326327523,100.0,93.0,40,0.0012552315631096686,1.0,100.0,100.0,8.0,1.0,0.0,0.0,8,100.0,1.0,0.0,100.0,1.0,0.0,100.0,1.0,0.0,100.0,1.0,0.0,100.0,1.0,0.0,100.0,1.0,0.0,100.0,1.0,0.0,100.0,1.0,0.0
110,actuated,0,0,0.0,0.0,10692620.08824259,1336577.5110303238,9139.0,98.26881720430107,141452.8957652219,1520.9988791959345,93.0,7.436859184828962e-07,100.0,93.0,40,3.555754753693389e-06,1.0,100.0,100.0,8.0,1.0,0.0,0.0,8,100.0,1.0,0.0,100.0,1.0,0.0,100.0,1.0,0.0,100.0,1.0,0.0,100.0,1.0,0.0,100.0,1.0,0.0,100.0,1.0,0.0,100.0,1.0,0.0
111,actuated,0,0,0.0,0.0,7800302.8249252215,975037.8531156527,9604.0,102.82655246252676,142161.23513908355,1522.0688987053913,93.4,0.0014265668510713362,100.0,93.2,40,0.008908907129522,0.9978586723768736,100.0,100.0,8.0,1.0,0.0,0.0,8,100.0,1.0,0.0,100.0,1.0,0.0,100.0,1.0,0.0,100.0,1.0,0.0,100.0,1.0,0.0,100.0,1.0,0.0,100.0,1.0,0.0,100.0,1.0,0.0
112,actuated,0,0,383.61737147832935,383.61737147832935,7019104.473730045,877388.0592162557,10069.6,107.12340425531914,142662.32725896168,1517.6843325421457,94.0,0.010587986215095994,100.0,93.4,40,0.037331803140661535,0.9936170212765958,100.0,100.0,8.0,1.0,0.0,0.0,8,100.0,1.0,0.0,100.0,1.0,0.0,100.0,1.0,0.0,100.0,1.0,0.0,100.0,1.0,0.0,100.0,1.0,0.0,100.0,1.0,0.0,100.0,1.0,0.0
113,actuated,0,0,0.0,0.0,8942474.338353928,1117809.292294241,10539.0,112.11702127659575,142972.04152054442,1520.9791651121748,94.0,4.929897951090664e-06,100.0,94.0,40,2.865203286021637e-05,1.0,100.0,100.0,8.0,1.0,0.0,0.0,8,100.0,1.0,0.0,100.0,1.0,0.0,100.0,1.0,0.0,100.0,1.0,0.0,100.0,1.0,0.0,100.0,1.0,0.0,100.0,1.0,0.0,100.0,1.0,0.0
114,actuated,0,0,0.0,0.0,8000000.0,1000000.0,11009.0,117.11702127659575,142974.0,1521.0,94.0,0.0,100.0,94.0,40,0.0,1.0,100.0,100.0,8.0,1.0,0.0,0.0,8,100.0,1.0,0.0,100.0,1.0,0.0,100.0,1.0,0.0,100.0,1.0,0.0,100.0,1.0,0.0,100.0,1.0,0.0,100.0,1.0,0.0,100.0,1.0,0.0
115,actuated,0,0,0.0,0.0,8000000.0,1000000.0,11479.0,122.11702127659575,142974.0,1521.0,94.0,0.0,100.0,94.0,40,0.0,1.0,100.0,100.0,8.0,1.0,0.0,0.0,8,100.0,1.0,0.0,100.0,1.0,0.0,100.0,1.0,0.0,100.0,1.0,0.0,100.0,1.0,0.0,100.0,1.0,0.0,100.0,1.0,0.0,100.0,1.0,0.0
116,actuated,0,0,0.0,0.0,8000000.0,1000000.0,11949.0,127.11702127659575,142974.0,1521.0,94.0,0.0,100.0,94.0,40,0.0,1.0,100.0,100.0,8.0,1.0,0.0,0.0,8,100.0,1.0,0.0,100.0,1.0,0.0,100.0,1.0,0.0,100.0,1.0,0.0,100.0,1.0,0.0,100.0,1.0,0.0,100.0,1.0,0.0,100.0,1.0,0.0
117,actuated,0,0,0.0,0.0,8000000.0,1000000.0,12419.0,132.11702127659575,142974.0,1521.0,94.0,0.0,100.0,94.0,40,0.0,1.0,100.0,100.0,8.0,1.0,0.0,0.0,8,100.0,1.0,0.0,100.0,1.0,0.0,100.0,1.0,0.0,100.0,1.0,0.0,100.0,1.0,0.0,100.0,1.0,0.0,100.0,1.0,0.0,100.0,1.0,0.0
118,actuated,0,0,0.0,0.0,8000000.0,1000000.0,12889.0,137.11702127659575,142974.0,1521.0,94.0,0.0,100.0,94.0,40,0.0,1.0,100.0,100.0,8.0,1.0,0.0,0.0,8,100.0,1.0,0.0,100.0,1.0,0.0,100.0,1.0,0.0,100.0,1.0,0.0,100.0,1.0,0.0,100.0,1.0,0.0,100.0,1.0,0.0,100.0,1.0,0.0
119,actuated,0,0,0.0,0.0,8000000.0,1000000.0,13359.0,142.11702127659575,142974.0,1521.0,94.0,0.0,100.0,94.0,40,0.0,1.0,100.0,100.0,8.0,1.0,0.0,0.0,8,100.0,1.0,0.0,100.0,1.0,0.0,100.0,1.0,0.0,100.0,1.0,0.0,100.0,1.0,0.0,100.0,1.0,0.0,100.0,1.0,0.0,100.0,1.0,0.0
120,actuated,0,0,0.0,0.0,8000000.0,1000000.0,13829.0,147.11702127659575,142974.0,1521.0,94.0,0.0,100.0,94.0,40,0.0,1.0,100.0,100.0,8.0,1.0,0.0,0.0,8,100.0,1.0,0.0,100.0,1.0,0.0,100.0,1.0,0.0,100.0,1.0,0.0,100.0,1.0,0.0,100.0,1.0,0.0,100.0,1.0,0.0,100.0,1.0,0.0
121,actuated,0,0,0.0,0.0,8000000.0,1000000.0,14299.0,152.11702127659575,142974.0,1521.0,94.0,0.0,100.0,94.0,40,0.0,1.0,100.0,100.0,8.0,1.0,0.0,0.0,8,100.0,1.0,0.0,100.0,1.0,0.0,100.0,1.0,0.0,100.0,1.0,0.0,100.0,1.0,0.0,100.0,1.0,0.0,100.0,1.0,0.0,100.0,1.0,0.0
122,actuated,0,0,0.0,0.0,8000000.0,1000000.0,14769.0,157.11702127659575,142974.0,1521.0,94.0,0.0,100.0,94.0,40,0.0,1.0,100.0,100.0,8.0,1.0,0.0,0.0,8,100.0,1.0,0.0,100.0,1.0,0.0,100.0,1.0,0.0,100.0,1.0,0.0,100.0,1.0,0.0,100.0,1.0,0.0,100.0,1.0,0.0,100.0,1.0,0.0
123,actuated,0,0,0.0,0.0,8000000.0,1000000.0,15239.0,162.11702127659575,142974.0,1521.0,94.0,0.0,100.0,94.0,40,0.0,1.0,100.0,100.0,8.0,1.0,0.0,0.0,8,100.0,1.0,0.0,100.0,1.0,0.0,100.0,1.0,0.0,100.0,1.0,0.0,100.0,1.0,0.0,100.0,1.0,0.0,100.0,1.0,0.0,100.0,1.0,0.0
124,actuated,0,0,0.0,0.0,8000000.0,1000000.0,15709.0,167.11702127659575,142974.0,1521.0,94.0,0.0,100.0,94.0,40,0.0,1.0,100.0,100.0,8.0,1.0,0.0,0.0,8,100.0,1.0,0.0,100.0,1.0,0.0,100.0,1.0,0.0,100.0,1.0,0.0,100.0,1.0,0.0,100.0,1.0,0.0,100.0,1.0,0.0,100.0,1.0,0.0
125,actuated,0,0,0.0,0.0,8000000.0,1000000.0,16179.0,172.11702127659575,142974.0,1521.0,94.0,0.0,100.0,94.0,40,0.0,1.0,100.0,100.0,8.0,1.0,0.0,0.0,8,100.0,1.0,0.0,100.0,1.0,0.0,100.0,1.0,0.0,100.0,1.0,0.0,100.0,1.0,0.0,100.0,1.0,0.0,100.0,1.0,0.0,100.0,1.0,0.0
126,actuated,0,0,0.0,0.0,8000000.0,1000000.0,16649.0,177.11702127659575,142974.0,1521.0,94.0,0.0,100.0,94.0,40,0.0,1.0,100.0,100.0,8.0,1.0,0.0,0.0,8,100.0,1.0,0.0,100.0,1.0,0.0,100.0,1.0,0.0,100.0,1.0,0.0,100.0,1.0,0.0,100.0,1.0,0.0,100.0,1.0,0.0,100.0,1.0,0.0
127,actuated,0,0,0.0,0.0,8000000.0,1000000.0,17119.0,182.11702127659575,142974.0,1521.0,94.0,0.0,100.0,94.0,40,0.0,1.0,100.0,100.0,8.0,1.0,0.0,0.0,8,100.0,1.0,0.0,100.0,1.0,0.0,100.0,1.0,0.0,100.0,1.0,0.0,100.0,1.0,0.0,100.0,1.0,0.0,100.0,1.0,0.0,100.0,1.0,0.0
128,actuated,0,0,0.0,0.0,8000000.0,1000000.0,17589.0,187.11702127659575,142974.0,1521.0,94.0,0.0,100.0,94.0,40,0.0,1.0,100.0,100.0,8.0,1.0,0.0,0.0,8,100.0,1.0,0.0,100.0,1.0,0.0,100.0,1.0,0.0,100.0,1.0,0.0,100.0,1.0,0.0,100.0,1.0,0.0,100.0,1.0,0.0,100.0,1.0,0.0
129,actuated,0,0,0.0,0.0,8000000.0,1000000.0,18059.0,192.11702127659575,142974.0,1521.0,94.0,0.0,100.0,94.0,40,0.0,1.0,100.0,100.0,8.0,1.0,0.0,0.0,8,100.0,1.0,0.0,100.0,1.0,0.0,100.0,1.0,0.0,100.0,1.0,0.0,100.0,1.0,0.0,100.0,1.0,0.0,100.0,1.0,0.0,100.0,1.0,0.0
130,actuated,0,0,0.0,0.0,8000000.0,1000000.0,18529.0,197.11702127659575,142974.0,1521.0,94.0,0.0,100.0,94.0,40,0.0,1.0,100.0,100.0,8.0,1.0,0.0,0.0,8,100.0,1.0,0.0,100.0,1.0,0.0,100.0,1.0,0.0,100.0,1.0,0.0,100.0,1.0,0.0,100.0,1.0,0.0,100.0,1.0,0.0,100.0,1.0,0.0
131,actuated,0,0,0.0,0.0,8000000.0,1000000.0,18999.0,202.11702127659575,142974.0,1521.0,94.0,0.0,100.0,94.0,40,0.0,1.0,100.0,100.0,8.0,1.0,0.0,0.0,8,100.0,1.0,0.0,100.0,1.0,0.0,100.0,1.0,0.0,100.0,1.0,0.0,100.0,1.0,0.0,100.0,1.0,0.0,100.0,1.0,0.0,100.0,1.0,0.0
132,actuated,0,0,502.92510458017705,419.1042538168142,6401259.61731243,800157.4521640538,17678.2,192.15434782608696,141682.84520224514,1540.0309261113603,92.0,0.04477014158661603,90.0,88.0,38,0.11185565434220442,0.9565217391304348,90.0,100.0,7.6,0.95,0.0,0.0,8,100.0,1.0,0.0,60.0,0.8,0.0,100.0,1.0,0.0,100.0,1.0,0.0,60.0,0.8,0.0,100.0,1.0,0.0,100.0,1.0,0.0,100.0,1.0,0.0
133,actuated,0,0,355.8679022338319,177.93395111691595,6000355.867902233,750044.4834877792,15779.8,171.51956521739132,139849.7840573733,1520.1063484497097,92.0,0.13168914601551285,90.72133743031173,81.4,37,0.229517218365687,0.8847826086956522,90.72133743031173,100.0,7.3999999999999995,0.925,0.5046736894330501,0.0,8,100.0,1.0,0.0,66.55852010339913,0.8,1.6946944050166897,100.0,1.0,0.0,100.0,1.0,0.0,59.212179339094746,0.6,2.342695110447712,100.0,1.0,0.0,100.0,1.0,0.0,100.0,1.0,0.0
134,actuated,0,0,351.1522054065286,175.5761027032643,6000351.152205406,750043.8940256757,14620.0,158.91304347826087,139257.54836968106,1513.6690040182723,92.0,0.13239543157488912,100.0,79.6,40,0.22961636481614806,0.8652173913043478,100.0,100.0,8.0,1.0,0.0,0.0,8,100.0,1.0,0.0,100.0,1.0,0.0,100.0,1.0,0.0,100.0,1.0,0.0,100.0,1.0,0.0,100.0,1.0,0.0,100.0,1.0,0.0,100.0,1.0,0.0
135,actuated,0,0,770.2157024894813,385.10785124474063,6000770.21570249,750096.2769628112,14741.8,157.83511777301928,140753.88489693502,1507.0009089607606,93.4,0.07058152998086908,100.0,85.0,40,0.13668973191080686,0.9100642398286938,100.0,100.0,8.0,1.0,0.0,0.0,8,100.0,1.0,0.0,100.0,1.0,0.0,100.0,1.0,0.0,100.0,1.0,0.0,100.0,1.0,0.0,100.0,1.0,0.0,100.0,1.0,0.0,100.0,1.0,0.0
136,actuated,0,0,105.48295307220523,105.48295307220523,6011972.013048173,751496.5016310216,15186.2,161.55531914893618,142402.1314292006,1514.9162918000065,94.0,0.010128946188840422,100.0,91.6,40,0.030056443432205846,0.9744680851063829,100.0,100.0,8.0,1.0,0.0,0.0,8,100.0,1.0,0.0,100.0,1.0,0.0,100.0,1.0,0.0,100.0,1.0,0.0,100.0,1.0,0.0,100.0,1.0,0.0,100.0,1.0,0.0,100.0,1.0,0.0
137,actuated,0,0,0.0,0.0,6579727.747368324,822465.9684210405,15654.0,166.53191489361703,142952.74825112513,1520.773917565161,94.0,0.00030134993700733096,100.0,94.0,40,0.0008975259394454012,1.0,100.0,100.0,8.0,1.0,0.0,0.0,8,100.0,1.0,0.0,100.0,1.0,0.0,100.0,1.0,0.0,100.0,1.0,0.0,100.0,1.0,0.0,100.0,1.0,0.0,100.0,1.0,0.0,100.0,1.0,0.0
138,actuated,0,0,0.0,0.0,9586813.404948149,1198351.6756185186,16124.0,171.53191489361703,142973.62051088572,1520.995962881763,94.0,3.1032312171864e-06,100.0,94.0,40,1.3517204016579485e-05,1.0,100.0,100.0,8.0,1.0,0.0,0.0,8,100.0,1.0,0.0,100.0,1.0,0.0,100.0,1.0,0.0,100.0,1.0,0.0,100.0,1.0,0.0,100.0,1.0,0.0,100.0,1.0,0.0,100.0,1.0,0.0
139,actuated,0,0,0.0,0.0,8000000.0,1000000.0,16594.0,176.53191489361703,142974.0,1521.0,94.0,0.0,100.0,94.0,40,0.0,1.0,100.0,100.0,8.0,1.0,0.0,0.0,8,100.0,1.0,0.0,100.0,1.0,0.0,100.0,1.0,0.0,100.0,1.0,0.0,100.0,1.0,0.0,100.0,1.0,0.0,100.0,1.0,0.0,100.0,1.0,0.0
140,actuated,0,0,0.0,0.0,8000000.0,1000000.0,17064.0,181.53191489361703,142974.0,1521.0,94.0,0.0,100.0,94.0,40,0.0,1.0,100.0,100.0,8.0,1.0,0.0,0.0,8,100.0,1.0,0.0,100.0,1.0,0.0,100.0,1.0,0.0,100.0,1.0,0.0,100.0,1.0,0.0,100.0,1.0,0.0,100.0,1.0,0.0,100.0,1.0,0.0
141,actuated,0,0,0.0,0.0,8000000.0,1000000.0,17534.0,186.53191489361703,142974.0,1521.0,94.0,0.0,100.0,94.0,40,0.0,1.0,100.0,100.0,8.0,1.0,0.0,0.0,8,100.0,1.0,0.0,100.0,1.0,0.0,100.0,1.0,0.0,100.0,1.0,0.0,100.0,1.0,0.0,100.0,1.0,0.0,100.0,1.0,0.0,100.0,1.0,0.0
142,actuated,0,0,0.0,0.0,8000000.0,1000000.0,18004.0,191.53191489361703,142974.0,1521.0,94.0,0.0,100.0,94.0,40,0.0,1.0,100.0,100.0,8.0,1.0,0.0,0.0,8,100.0,1.0,0.0,100.0,1.0,0.0,100.0,1.0,0.0,100.0,1.0,0.0,100.0,1.0,0.0,100.0,1.0,0.0,100.0,1.0,0.0,100.0,1.0,0.0
143,actuated,0,0,0.0,0.0,8000000.0,1000000.0,18474.0,196.53191489361703,142974.0,1521.0,94.0,0.0,100.0,94.0,40,0.0,1.0,100.0,100.0,8.0,1.0,0.0,0.0,8,100.0,1.0,0.0,100.0,1.0,0.0,100.0,1.0,0.0,100.0,1.0,0.0,100.0,1.0,0.0,100.0,1.0,0.0,100.0,1.0,0.0,100.0,1.0,0.0
144,actuated,0,0,0.0,0.0,8000000.0,1000000.0,18944.0,201.53191489361703,142974.0,1521.0,94.0,0.0,100.0,94.0,40,0.0,1.0,100.0,100.0,8.0,1.0,0.0,0.0,8,100.0,1.0,0.0,100.0,1.0,0.0,100.0,1.0,0.0,100.0,1.0,0.0,100.0,1.0,0.0,100.0,1.0,0.0,100.0,1.0,0.0,100.0,1.0,0.0
145,actuated,0,0,0.0,0.0,8000000.0,1000000.0,19414.0,206.53191489361703,142974.0,1521.0,94.0,0.0,100.0,94.0,40,0.0,1.0,100.0,100.0,8.0,1.0,0.0,0.0,8,100.0,1.0,0.0,100.0,1.0,0.0,100.0,1.0,0.0,100.0,1.0,0.0,100.0,1.0,0.0,100.0,1.0,0.0,100.0,1.0,0.0,100.0,1.0,0.0
146,actuated,0,0,0.0,0.0,8000000.0,1000000.0,19884.0,211.53191489361703,142974.0,1521.0,94.0,0.0,100.0,94.0,40,0.0,1.0,100.0,100.0,8.0,1.0,0.0,0.0,8,100.0,1.0,0.0,100.0,1.0,0.0,100.0,1.0,0.0,100.0,1.0,0.0,100.0,1.0,0.0,100.0,1.0,0.0,100.0,1.0,0.0,100.0,1.0,0.0
147,actuated,0,0,0.0,0.0,8000000.0,1000000.0,20354.0,216.53191489361703,142974.0,1521.0,94.0,0.0,100.0,94.0,40,0.0,1.0,100.0,100.0,8.0,1.0,0.0,0.0,8,100.0,1.0,0.0,100.0,1.0,0.0,100.0,1.0,0.0,100.0,1.0,0.0,100.0,1.0,0.0,100.0,1.0,0.0,100.0,1.0,0.0,100.0,1.0,0.0
148,actuated,0,0,440.13567510858746,440.13567510858746,6601222.09897636,825152.762372045,19313.8,209.4772234273319,141573.22415647152,1535.5013465994743,92.2,0.03449573617075234,92.5,89.0,39,0.09346339291632907,0.96529284164859,92.5,100.0,7.8,0.975,0.0,0.0,8,100.0,1.0,0.0,100.0,1.0,0.0,60.0,0.8,0.0,100.0,1.0,0.0,100.0,1.0,0.0,80.0,1.0,0.0,100.0,1.0,0.0,100.0,1.0,0.0
149,actuated,0,0,351.5715775569198,175.7857887784599,6000351.571577556,750043.9464471946,16867.6,183.34347826086957,141110.25785331993,1533.8071505795642,92.0,0.132738931211343,89.61529279807337,81.0,37,0.23075405146730635,0.8804347826086957,89.61529279807337,100.0,7.3999999999999995,0.925,0.490307033068464,0.0,8,100.0,1.0,0.0,100.0,1.0,0.0,69.0810877537001,0.8,1.960566443548148,100.0,1.0,0.0,100.0,1.0,0.0,47.84125463088685,0.6,1.961889820999564,100.0,1.0,0.0,100.0,1.0,0.0
150,actuated,0,0,355.71476398185393,177.85738199092697,6000355.714763982,750044.4643454978,14884.8,161.7913043478261,139642.0337692618,1517.84819314415,92.0,0.1310277804560716,100.0,78.8,40,0.22757624272569635,0.8565217391304348,100.0,100.0,8.0,1.0,0.0,0.0,8,100.0,1.0,0.0,100.0,1.0,0.0,100.0,1.0,0.0,100.0,1.0,0.0,100.0,1.0,0.0,100.0,1.0,0.0,100.0,1.0,0.0,100.0,1.0,0.0
151,actuated,0,0,675.464672044963,337.7323360224815,6000675.464672046,750084.4330840057,14877.4,159.28693790149893,139256.46818935176,1490.9686101643656,93.4,0.07825706194256603,100.0,84.8,40,0.14722101656934514,0.9079229122055674,100.0,100.0,8.0,1.0,0.0,0.0,8,100.0,1.0,0.0,100.0,1.0,0.0,100.0,1.0,0.0,100.0,1.0,0.0,100.0,1.0,0.0,100.0,1.0,0.0,100.0,1.0,0.0,100.0,1.0,0.0
152,actuated,0,0,128.5263774819804,128.5263774819804,5808941.3161955075,726117.6645244384,15139.0,161.741452991453,141078.88633543672,1507.2530591392813,93.6,0.013127298164868541,100.0,90.6,40,0.03012453159640658,0.967948717948718,100.0,100.0,8.0,1.0,0.0,0.0,8,100.0,1.0,0.0,100.0,1.0,0.0,100.0,1.0,0.0,100.0,1.0,0.0,100.0,1.0,0.0,100.0,1.0,0.0,100.0,1.0,0.0,100.0,1.0,0.0
153,actuated,0,0,637.4775492043599,318.73877460217994,6660929.121034467,832616.1401293083,13009.4,142.6469298245614,141503.28526417929,1551.571110352843,91.2,0.09405209861673185,83.19576045606084,84.0,37,0.176392840131499,0.9210526315789473,83.19576045606084,100.0,7.3999999999999995,0.925,0.22984470961492348,0.0,8,60.0,0.8,0.0,100.0,1.0,0.0,100.0,1.0,0.0,100.0,1.0,0.0,80.0,1.0,0.0,100.0,1.0,0.0,25.56608364848671,0.6,1.8387576769193879,100.0,1.0,0.0
154,actuated,0,0,698.9719923536959,194.1588867649155,9321610.951511404,1165201.3689389254,9271.2,103.01333333333334,137591.18947611336,1528.7909941790374,90.0,0.2293166926522634,87.00617707740008,70.8,36,0.2605098773761876,0.7866666666666666,87.00617707740008,100.0,7.199999999999999,0.9,0.5780502678157782,0.0,8,79.02510213458982,0.8,2.295660724962425,100.0,1.0,0.0,100.0,1.0,0.0,100.0,1.0,0.0,57.02431448461084,0.6,2.328741417563801,100.0,1.0,0.0,100.0,1.0,0.0,60.0,0.8,0.0
155,actuated,0,0,695.0785189513527,173.7696297378382,7232490.5860200375,904061.3232525047,6252.8,69.01545253863135,136218.30787037557,1503.5133319026002,90.6,0.26193336243263465,95.6995902044062,68.0,39,0.2657706363989182,0.7505518763796909,95.6995902044062,100.0,7.8,0.975,0.2050527356119894,0.0,8,100.0,1.0,0.0,100.0,1.0,0.0,100.0,1.0,0.0,100.0,1.0,0.0,100.0,1.0,0.0,100.0,1.0,0.0,100.0,1.0,0.0,65.59672163524965,0.8,1.6404218848959151
156,actuated,0,0,1032.9352791423357,303.8044938653929,13789299.743956948,1723662.4679946185,5572.8,60.05172413793103,139395.29171388148,1502.1044365719986,92.8,0.15677741734677703,100.0,76.6,40,0.20650251712922996,0.8254310344827587,100.0,100.0,8.0,1.0,0.0,0.0,8,100.0,1.0,0.0,100.0,1.0,0.0,100.0,1.0,0.0,100.0,1.0,0.0,100.0,1.0,0.0,100.0,1.0,0.0,100.0,1.0,0.0,100.0,1.0,0.0
157,actuated,0,0,315.7758607328461,315.7758607328461,10217419.820508387,1277177.4775635484,5948.6,63.282978723404256,140874.47282477428,1498.6646045188754,94.0,0.035889473889139774,100.0,88.8,40,0.08458203831140627,0.9446808510638298,100.0,100.0,8.0,1.0,0.0,0.0,8,100.0,1.0,0.0,100.0,1.0,0.0,100.0,1.0,0.0,100.0,1.0,0.0,100.0,1.0,0.0,100.0,1.0,0.0,100.0,1.0,0.0,100.0,1.0,0.0
158,actuated,10,0,275.97454142209665,275.97454142209665,7799076.570677045,974884.5713346306,6280.0,67.38197424892704,142483.07502090378,1528.788358593388,93.2,0.02410593623086451,95.0,90.6,39,0.07226398554877954,0.9721030042918455,95.0,100.0,7.8,0.975,0.0,0.0,8,100.0,1.0,0.0,100.0,1.0,0.0,100.0,1.0,0.0,100.0,1.0,0.0,100.0,1.0,0.0,60.0,0.8,0.0,100.0,1.0,0.0,100.0,1.0,0.0
159,actuated,10,10,114.03050730764114,114.03050730764114,15426908.586124565,1928363.5732655707,6546.6,71.15869565217392,142317.08873991726,1546.9248776077964,92.0,0.11011382594569226,90.97661736381951,86.6,38,0.3028849410359085,0.941304347826087,90.97661736381951,100.0,7.6,0.95,0.24055133701706405,0.0,8,100.0,1.0,0.0,100.0,1.0,0.0,100.0,1.0,0.0,100.0,1.0,0.0,100.0,1.0,0.0,27.812938910556113,0.6,1.9244106961365124,100.0,1.0,0.0,100.0,1.0,0.0
160,actuated,10,10,43.20615888594239,43.20615888594239,22931094.12784364,2866386.765980455,6819.0,75.59866962305986,141308.0580517369,1566.6081823917618,90.2,0.28271429493080075,92.85507022691064,82.8,39,0.7681494148757265,0.917960088691796,92.85507022691064,100.0,7.8,0.975,0.5267998023651346,0.0,8,100.0,1.0,0.0,100.0,1.0,0.0,100.0,1.0,0.0,100.0,1.0,0.0,100.0,1.0,0.0,42.84056181528513,0.8,4.214398418921077,100.0,1.0,0.0,100.0,1.0,0.0
161,actuated,10,10,23.599576697062304,23.599576697062304,13483830.566812018,1685478.8208515022,7199.0,80.88764044943821,140878.59572263074,1582.9055699171993,89.0,0.4962170139393888,90.51975226789693,82.2,38,1.3201436432401232,0.9235955056179775,90.51975226789693,100.0,7.6,0.95,0.7286461793374377,0.0,8,100.0,1.0,0.0,100.0,1.0,0.0,100.0,1.0,0.0,100.0,1.0,0.0,100.0,1.0,0.0,24.158018143175468,0.6,5.8291694346995016,100.0,1.0,0.0,100.0,1.0,0.0
162,actuated,10,10,18.542908969791682,18.542908969791682,10780429.341638971,1347553.6677048714,7609.0,86.8607305936073,138574.53966167817,1581.90113769039,87.6,0.6298874197529134,90.9064375624385,82.2,38,1.6729453515975528,0.9383561643835616,90.9064375624385,100.0,7.6,0.95,0.9187728719196413,0.0,8,100.0,1.0,0.0,100.0,1.0,0.0,100.0,1.0,0.0,100.0,1.0,0.0,100.0,1.0,0.0,27.251500499507983,0.6,7.35018297535713,100.0,1.0,0.0,100.0,1.0,0.0
163,actuated,10,10,17.856009998018198,17.856009998018198,11238481.432687553,1404810.179085944,8019.0,93.24418604651163,134142.59797941466,1559.797650923426,86.0,0.6566888779493847,90.47386879716441,82.2,37,1.7473603004706124,0.9558139534883721,90.47386879716441,100.0,7.4,0.925,1.0519533916594705,0.0,8,100.0,1.0,0.0,100.0,1.0,0.0,100.0,1.0,0.0,100.0,1.0,0.0,100.0,1.0,0.0,23.790950377315312,0.4,8.415627133275764,100.0,1.0,0.0,100.0,1.0,0.0
164,actuated,10,10,18.77856504784768,18.77856504784768,7000018.778565047,875002.3473206309,8429.0,98.9319248826291,132455.57560230314,1554.6429061303186,85.2,0.6300046888121871,87.87792786186458,82.2,37,1.6847435344989277,0.9647887323943662,87.87792786186458,100.0,7.4,0.925,1.0835401529562658,0.0,8,100.0,1.0,0.0,100.0,1.0,0.0,100.0,1.0,0.0,100.0,1.0,0.0,100.0,1.0,0.0,3.023422894916621,0.4,8.668321223650127,100.0,1.0,0.0,100.0,1.0,0.0
165,actuated,10,10,19.57243933415836,19.57243933415836,7000019.572439333,875002.4465549167,8839.0,103.74413145539906,132675.41298642667,1557.2231571176837,85.2,0.6036657711250397,88.87397523306078,82.2,36,1.6131924420817185,0.9647887323943662,88.87397523306078,100.0,7.2,0.9,1.1372111828531666,0.0,8,100.0,1.0,0.0,100.0,1.0,0.0,100.0,1.0,0.0,100.0,1.0,0.0,100.0,1.0,0.0,10.991801864486206,0.2,9.097689462825333,100.0,1.0,0.0,100.0,1.0,0.0
166,actuated,10,10,19.73329762191387,19.73329762191387,7000019.733297622,875002.4666622027,9249.0,108.55633802816901,132942.44327030735,1560.3573153791945,85.2,0.6008605990834379,88.16689944744894,82.2,37,1.6085833833356127,0.9647887323943662,88.16689944744894,100.0,7.4,0.925,1.1828098858240992,0.0,8,100.0,1.0,0.0,100.0,1.0,0.0,100.0,1.0,0.0,100.0,1.0,0.0,100.0,1.0,0.0,5.335195579591527,0.4,9.462479086592793,100.0,1.0,0.0,100.0,1.0,0.0
167,actuated,10,10,18.526039605706423,18.526039605706423,7000018.526039606,875002.3157549507,9659.0,113.10304449648712,133261.96960212395,1560.444608924168,85.4,0.631596272670237,88.8276011569809,82.2,36,1.6792942191976554,0.9625292740046838,88.8276011569809,100.0,7.2,0.9,1.1769347983646525,0.0,8,100.0,1.0,0.0,100.0,1.0,0.0,100.0,1.0,0.0,100.0,1.0,0.0,100.0,1.0,0.0,10.620809255847234,0.2,9.41547838691722,100.0,1.0,0.0,100.0,1.0,0.0
168,actuated,10,10,18.591022872443425,18.591022872443425,7000018.591022873,875002.3238778592,10069.0,117.903981264637,133401.854203671,1562.0826019165224,85.4,0.6291834856806477,88.86606019528102,82.2,36,1.6725347516088085,0.9625292740046838,88.86606019528102,100.0,7.2,0.9,1.143800255213912,0.0,8,100.0,1.0,0.0,100.0,1.0,0.0,100.0,1.0,0.0,100.0,1.0,0.0,100.0,1.0,0.0,10.92848156224818,0.2,9.150402041711295,100.0,1.0,0.0,100.0,1.0,0.0
169,actuated,10,10,18.395567046366864,18.395567046366864,7000018.3955670465,875002.2994458808,10479.0,122.70491803278688,133292.39813669183,1560.800914949553,85.4,0.6350808194052662,88.80125107340774,82.2,36,1.687118284588452,0.9625292740046838,88.80125107340774,100.0,7.2,0.9,1.2007675013155574,0.0,8,100.0,1.0,0.0,100.0,1.0,0.0,100.0,1.0,0.0,100.0,1.0,0.0,100.0,1.0,0.0,10.410008587261927,0.2,9.60614001052446,100.0,1.0,0.0,100.0,1.0,0.0
170,actuated,10,10,19.1373992712631,19.1373992712631,7000019.137399271,875002.3921749089,10889.0,127.50585480093677,133081.20931211504,1558.3279778936185,85.4,0.6107032253110083,88.91870266848287,82.2,36,1.6226453811135093,0.9625292740046838,88.91870266848287,100.0,7.2,0.9,1.101358328782809,0.0,8,100.0,1.0,0.0,100.0,1.0,0.0,100.0,1.0,0.0,100.0,1.0,0.0,100.0,1.0,0.0,11.349621347862922,0.2,8.810866630262472,100.0,1.0,0.0,100.0,1.0,0.0
171,actuated,10,10,18.302114987759495,18.302114987759495,7000018.302114988,875002.2877643735,11299.0,132.30679156908664,133509.05925506196,1563.3379303871423,85.4,0.638753047331314,88.84719533392655,82.2,36,1.6973196013751064,0.9625292740046838,88.84719533392655,100.0,7.2,0.9,1.1598169624340378,0.0,8,100.0,1.0,0.0,100.0,1.0,0.0,100.0,1.0,0.0,100.0,1.0,0.0,100.0,1.0,0.0,10.777562671412397,0.2,9.278535699472302,100.0,1.0,0.0,100.0,1.0,0.0
172,actuated,10,10,20.425783561576303,20.425783561576303,7000020.425783562,875002.5532229452,11709.0,137.42957746478874,132487.78055847206,1555.0208985736158,85.2,0.5820342897020359,88.39172590929252,82.2,37,1.5596184515345908,0.9647887323943662,88.39172590929252,100.0,7.4,0.925,1.1682892322307454,0.0,8,100.0,1.0,0.0,100.0,1.0,0.0,100.0,1.0,0.0,100.0,1.0,0.0,100.0,1.0,0.0,7.133807274340143,0.4,9.346313857845963,100.0,1.0,0.0,100.0,1.0,0.0
173,actuated,10,10,20.365147991193478,20.365147991193478,7000020.365147991,875002.5456434989,12119.0,141.9086651053864,132781.85663717042,1554.8226772502392,85.4,0.5739890165039105,87.97979060201499,82.2,37,1.52527940196828,0.9625292740046838,87.97979060201499,100.0,7.4,0.925,1.07101284887176,0.0,8,100.0,1.0,0.0,100.0,1.0,0.0,100.0,1.0,0.0,100.0,1.0,0.0,100.0,1.0,0.0,3.8383248161198935,0.4,8.56810279097408,100.0,1.0,0.0,100.0,1.0,0.0
174,actuated,10,10,23.214720247909447,23.214720247909447,7000023.214720247,875002.9018400309,12530.2,145.02546296296296,133849.81091897897,1549.1876263770714,86.4,0.503015694693075,88.94394891478726,82.8,36,1.335957117109299,0.9583333333333334,88.94394891478726,100.0,7.2,0.9,1.0821019940516456,0.0,8,100.0,1.0,0.0,100.0,1.0,0.0,100.0,1.0,0.0,100.0,1.0,0.0,100.0,1.0,0.0,11.551591318298051,0.2,8.656815952413165,100.0,1.0,0.0,100.0,1.0,0.0
175,actuated,10,10,33.05577575601818,33.05577575601818,7000033.055775756,875004.1319719695,12946.2,148.1258581235698,134407.22380323,1537.8400892818079,87.4,0.3685833238672211,91.49430816404418,83.8,37,0.9988089018741351,0.9588100686498856,91.49430816404418,100.0,7.4,0.925,0.6490579827522476,0.0,8,100.0,1.0,0.0,100.0,1.0,0.0,100.0,1.0,0.0,100.0,1.0,0.0,100.0,1.0,0.0,31.954465312353477,0.4,5.192463862017981,100.0,1.0,0.0,100.0,1.0,0.0
176,actuated,0,10,283.7662829022671,177.35392681391693,6000837.30121927,750104.6626524087,13054.0,149.01826484018264,135677.66045544186,1548.8317403589251,87.6,0.26554378352049446,95.0,82.4,39,0.6491292967179204,0.9406392694063926,95.0,100.0,7.8,0.975,0.0,0.0,8,100.0,1.0,0.0,100.0,1.0,0.0,100.0,1.0,0.0,100.0,1.0,0.0,100.0,1.0,0.0,100.0,1.0,0.0,100.0,1.0,0.0,60.0,0.8,0.0
177,actuated,0,0,164.20854557699238,82.10427278849619,6000164.208545577,750020.5260681971,13031.8,148.7648401826484,136471.40580129885,1557.8927602887995,87.6,0.2932036998296201,90.63786536400698,79.4,38,0.5318537214447934,0.906392694063927,90.63786536400698,100.0,7.6,0.95,0.21785603356147662,0.0,8,100.0,1.0,0.0,100.0,1.0,0.0,100.0,1.0,0.0,100.0,1.0,0.0,100.0,1.0,0.0,100.0,1.0,0.0,100.0,1.0,0.0,25.102922912055874,0.6,1.742848268491813
178,actuated,0,0,148.73660744648456,74.36830372324228,6000148.736607445,750018.5920759307,13084.4,147.67945823927766,136709.47641621466,1542.9963478128068,88.6,0.3072385543421109,97.955351717697,79.4,40,0.5384646577821666,0.8961625282167043,97.955351717697,100.0,8.0,1.0,0.41868581232447616,0.0,8,100.0,1.0,0.0,100.0,1.0,0.0,100.0,1.0,0.0,100.0,1.0,0.0,100.0,1.0,0.0,100.0,1.0,0.0,100.0,1.0,0.0,83.64281374157599,1.0,3.3494864985958093
179,actuated,0,0,254.02461723169662,127.01230861584831,6000254.024617231,750031.7530771539,13448.6,149.09756097560975,137315.2460526175,1522.3419739758035,90.2,0.19123297166012174,100.0,83.0,40,0.3426093004030001,0.9201773835920177,100.0,100.0,8.0,1.0,0.0,0.0,8,100.0,1.0,0.0,100.0,1.0,0.0,100.0,1.0,0.0,100.0,1.0,0.0,100.0,1.0,0.0,100.0,1.0,0.0,100.0,1.0,0.0,100.0,1.0,0.0
180,actuated,0,0,653.5929372041812,326.7964686020906,6000653.592937205,750081.6991171506,13873.4,150.470715835141,139874.38164083188,1517.0757227855952,92.2,0.09137556639645966,100.0,87.4,40,0.1814756281609605,0.9479392624728851,100.0,100.0,8.0,1.0,0.0,0.0,8,100.0,1.0,0.0,100.0,1.0,0.0,100.0,1.0,0.0,100.0,1.0,0.0,100.0,1.0,0.0,100.0,1.0,0.0,100.0,1.0,0.0,100.0,1.0,0.0
181,actuated,0,0,284.3625527882024,284.3625527882024,6142354.639304777,767794.3299130971,14320.2,153.65021459227466,141936.98430989473,1522.9290162005873,93.2,0.04538187249426629,100.0,91.0,40,0.12253279104612341,0.9763948497854077,100.0,100.0,8.0,1.0,0.0,0.0,8,100.0,1.0,0.0,100.0,1.0,0.0,100.0,1.0,0.0,100.0,1.0,0.0,100.0,1.0,0.0,100.0,1.0,0.0,100.0,1.0,0.0,100.0,1.0,0.0
182,actuated,0,0,344.09014543140654,344.09014543140654,7479290.125228201,934911.2656535251,14781.2,157.2468085106383,142441.9617383337,1515.3400184929117,94.0,0.013464505221940367,100.0,93.0,40,0.047671730267349444,0.9893617021276596,100.0,100.0,8.0,1.0,0.0,0.0,8,100.0,1.0,0.0,100.0,1.0,0.0,100.0,1.0,0.0,100.0,1.0,0.0,100.0,1.0,0.0,100.0,1.0,0.0,100.0,1.0,0.0,100.0,1.0,0.0
183,actuated,0,0,0.0,0.0,11658971.564058127,1457371.4455072659,15250.0,162.2340425531915,142968.6625245887,1520.9432183466884,94.0,1.6007126801180156e-05,100.0,94.0,40,6.06115061278874e-05,1.0,100.0,100.0,8.0,1.0,0.0,0.0,8,100.0,1.0,0.0,100.0,1.0,0.0,100.0,1.0,0.0,100.0,1.0,0.0,100.0,1.0,0.0,100.0,1.0,0.0,100.0,1.0,0.0,100.0,1.0,0.0
184,actuated,0,0,0.0,0.0,10014131.718765946,1251766.4648457433,15720.0,167.2340425531915,142974.00031390847,1521.0000033394517,94.0,2.095629614387224e-07,100.0,94.0,40,1.3087202747232623e-06,1.0,100.0,100.0,8.0,1.0,0.0,0.0,8,100.0,1.0,0.0,100.0,1.0,0.0,100.0,1.0,0.0,100.0,1.0,0.0,100.0,1.0,0.0,100.0,1.0,0.0,100.0,1.0,0.0,100.0,1.0,0.0
185,actuated,0,0,0.0,0.0,9466831.51653289,1183353.9395666113,16190.0,172.2340425531915,142974.00041709648,1521.0000044371968,94.0,2.783724662017117e-07,100.0,94.0,40,1.7384354942389151e-06,1.0,100.0,100.0,8.0,1.0,0.0,0.0,8,100.0,1.0,0.0,100.0,1.0,0.0,100.0,1.0,0.0,100.0,1.0,0.0,100.0,1.0,0.0,100.0,1.0,0.0,100.0,1.0,0.0,100.0,1.0,0.0
186,actuated,0,0,0.0,0.0,8000000.0,1000000.0,16660.0,177.2340425531915,142974.0,1521.0,94.0,0.0,100.0,94.0,40,0.0,1.0,100.0,100.0,8.0,1.0,0.0,0.0,8,100.0,1.0,0.0,100.0,1.0,0.0,100.0,1.0,0.0,100.0,1.0,0.0,100.0,1.0,0.0,100.0,1.0,0.0,100.0,1.0,0.0,100.0,1.0,0.0
187,actuated,0,0,0.0,0.0,8000000.0,1000000.0,17130.0,182.2340425531915,142974.0,1521.0,94.0,0.0,100.0,94.0,40,0.0,1.0,100.0,100.0,8.0,1.0,0.0,0.0,8,100.0,1.0,0.0,100.0,1.0,0.0,100.0,1.0,0.0,100.0,1.0,0.0,100.0,1.0,0.0,100.0,1.0,0.0,100.0,1.0,0.0,100.0,1.0,0.0
188,actuated,0,0,0.0,0.0,8000000.0,1000000.0,17600.0,187.2340425531915,142974.0,1521.0,94.0,0.0,100.0,94.0,40,0.0,1.0,100.0,100.0,8.0,1.0,0.0,0.0,8,100.0,1.0,0.0,100.0,1.0,0.0,100.0,1.0,0.0,100.0,1.0,0.0,100.0,1.0,0.0,100.0,1.0,0.0,100.0,1.0,0.0,100.0,1.0,0.0
189,actuated,0,0,0.0,0.0,8000000.0,1000000.0,18070.0,192.2340425531915,142974.0,1521.0,94.0,0.0,100.0,94.0,40,0.0,1.0,100.0,100.0,8.0,1.0,0.0,0.0,8,100.0,1.0,0.0,100.0,1.0,0.0,100.0,1.0,0.0,100.0,1.0,0.0,100.0,1.0,0.0,100.0,1.0,0.0,100.0,1.0,0.0,100.0,1.0,0.0
190,actuated,0,0,0.0,0.0,8000000.0,1000000.0,18540.0,197.2340425531915,142974.0,1521.0,94.0,0.0,100.0,94.0,40,0.0,1.0,100.0,100.0,8.0,1.0,0.0,0.0,8,100.0,1.0,0.0,100.0,1.0,0.0,100.0,1.0,0.0,100.0,1.0,0.0,100.0,1.0,0.0,100.0,1.0,0.0,100.0,1.0,0.0,100.0,1.0,0.0
191,actuated,0,0,0.0,0.0,8000000.0,1000000.0,19010.0,202.2340425531915,142974.0,1521.0,94.0,0.0,100.0,94.0,40,0.0,1.0,100.0,100.0,8.0,1.0,0.0,0.0,8,100.0,1.0,0.0,100.0,1.0,0.0,100.0,1.0,0.0,100.0,1.0,0.0,100.0,1.0,0.0,100.0,1.0,0.0,100.0,1.0,0.0,100.0,1.0,0.0
192,actuated,0,0,0.0,0.0,8000000.0,1000000.0,19480.0,207.2340425531915,142974.0,1521.0,94.0,0.0,100.0,94.0,40,0.0,1.0,100.0,100.0,8.0,1.0,0.0,0.0,8,100.0,1.0,0.0,100.0,1.0,0.0,100.0,1.0,0.0,100.0,1.0,0.0,100.0,1.0,0.0,100.0,1.0,0.0,100.0,1.0,0.0,100.0,1.0,0.0
193,actuated,0,0,285.3021855713869,285.3021855713869,7201242.646239069,900155.3307798837,19106.2,205.88577586206895,141619.94566340232,1526.0770006832147,92.8,0.008530720756794435,100.0,91.6,40,0.029711091390928424,0.9870689655172413,100.0,100.0,8.0,1.0,0.0,0.0,8,100.0,1.0,0.0,100.0,1.0,0.0,100.0,1.0,0.0,100.0,1.0,0.0,100.0,1.0,0.0,100.0,1.0,0.0,100.0,1.0,0.0,100.0,1.0,0.0
194,actuated,0,0,457.4374745391441,228.71873726957205,6000457.4374745395,750057.1796843174,15850.0,172.2826086956522,141647.3832306493,1539.645469898362,92.0,0.11262006249664984,80.79077300446727,82.6,36,0.20399289796365755,0.8978260869565218,80.79077300446727,100.0,7.2,0.9,0.41742926224504007,0.0,8,100.0,1.0,0.0,23.18684636342823,0.6,1.5501607129988422,100.0,1.0,0.0,23.13933767230992,0.6,1.7892733849614786,100.0,1.0,0.0,100.0,1.0,0.0,100.0,1.0,0.0,100.0,1.0,0.0
195,actuated,0,0,346.58615116278713,173.29307558139357,6000346.586151162,750043.3232688953,13276.4,144.30869565217392,138990.90622186518,1510.7707198028825,92.0,0.13425925563671542,100.0,80.0,40,0.23297974318586845,0.8695652173913043,100.0,100.0,8.0,1.0,0.0,0.0,8,100.0,1.0,0.0,100.0,1.0,0.0,100.0,1.0,0.0,100.0,1.0,0.0,100.0,1.0,0.0,100.0,1.0,0.0,100.0,1.0,0.0,100.0,1.0,0.0
196,actuated,0,0,466.0062302544719,233.00311512723596,6000466.006230255,750058.2507787818,11916.6,128.41163793103448,140036.79178581646,1509.0171528644014,92.8,0.10375909412005306,100.0,82.2,40,0.18441136236316552,0.8857758620689655,100.0,100.0,8.0,1.0,0.0,0.0,8,100.0,1.0,0.0,100.0,1.0,0.0,100.0,1.0,0.0,100.0,1.0,0.0,100.0,1.0,0.0,100.0,1.0,0.0,100.0,1.0,0.0,100.0,1.0,0.0
197,actuated,0,0,554.1578910698853,554.1578910698853,6003601.026885452,750450.1283606815,12347.2,131.3531914893617,141381.87272039172,1504.062475748848,94.0,0.027423983442789263,100.0,89.2,40,0.06092534239386939,0.948936170212766,100.0,100.0,8.0,1.0,0.0,0.0,8,100.0,1.0,0.0,100.0,1.0,0.0,100.0,1.0,0.0,100.0,1.0,0.0,100.0,1.0,0.0,100.0,1.0,0.0,100.0,1.0,0.0,100.0,1.0,0.0
198,actuated,0,0,0.0,0.0,6093109.665132422,761638.7081415528,12805.2,136.22553191489362,142897.82292050275,1520.1896055372633,94.0,0.0017797922539944365,100.0,93.2,40,0.004982844522853535,0.9914893617021276,100.0,100.0,8.0,1.0,0.0,0.0,8,100.0,1.0,0.0,100.0,1.0,0.0,100.0,1.0,0.0,100.0,1.0,0.0,100.0,1.0,0.0,100.0,1.0,0.0,100.0,1.0,0.0,100.0,1.0,0.0
199,actuated,0,0,0.0,0.0,10149333.754323633,1268666.7192904542,13275.0,141.22340425531914,142971.35220628078,1520.9718319817105,94.0,3.554209742507356e-05,100.0,94.0,40,0.00011514603246619352,1.0,100.0,100.0,8.0,1.0,0.0,0.0,8,100.0,1.0,0.0,100.0,1.0,0.0,100.0,1.0,0.0,100.0,1.0,0.0,100.0,1.0,0.0,100.0,1.0,0.0,100.0,1.0,0.0,100.0,1.0,0.0
200,actuated,0,0,0.0,0.0,11759174.256651854,1469896.7820814818,13745.0,146.22340425531914,142973.9793727036,1520.9997805606765,94.0,4.4624715343753663e-07,100.0,94.0,40,1.9451570968935544e-06,1.0,100.0,100.0,8.0,1.0,0.0,0.0,8,100.0,1.0,0.0,100.0,1.0,0.0,100.0,1.0,0.0,100.0,1.0,0.0,100.0,1.0,0.0,100.0,1.0,0.0,100.0,1.0,0.0,100.0,1.0,0.0
201,actuated,0,0,0.0,0.0,14148410.753222292,1768551.3441527865,14215.0,151.22340425531914,142974.01883492596,1521.0002003715526,94.0,1.1018679651204332e-06,100.0,94.0,40,3.357755631045232e-06,1.0,100.0,100.0,8.0,1.0,0.0,0.0,8,100.0,1.0,0.0,100.0,1.0,0.0,100.0,1.0,0.0,100.0,1.0,0.0,100.0,1.0,0.0,100.0,1.0,0.0,100.0,1.0,0.0,100.0,1.0,0.0
202,actuated,0,0,0.0,0.0,10313967.97791918,1289245.9972398975,14685.0,156.22340425531914,142973.98391441457,1520.9998288767506,94.0,7.336280935075146e-07,100.0,94.0,40,3.309996834352791e-06,1.0,100.0,100.0,8.0,1.0,0.0,0.0,8,100.0,1.0,0.0,100.0,1.0,0.0,100.0,1.0,0.0,100.0,1.0,0.0,100.0,1.0,0.0,100.0,1.0,0.0,100.0,1.0,0.0,100.0,1.0,0.0
203,actuated,0,0,0.0,0.0,8000000.0,1000000.0,15155.0,161.22340425531914,142974.0,1521.0,94.0,0.0,100.0,94.0,40,0.0,1.0,100.0,100.0,8.0,1.0,0.0,0.0,8,100.0,1.0,0.0,100.0,1.0,0.0,100.0,1.0,0.0,100.0,1.0,0.0,100.0,1.0,0.0,100.0,1.0,0.0,100.0,1.0,0.0,100.0,1.0,0.0
204,actuated,0,0,0.0,0.0,8000000.0,1000000.0,15625.0,166.22340425531914,142974.0,1521.0,94.0,0.0,100.0,94.0,40,0.0,1.0,100.0,100.0,8.0,1.0,0.0,0.0,8,100.0,1.0,0.0,100.0,1.0,0.0,100.0,1.0,0.0,100.0,1.0,0.0,100.0,1.0,0.0,100.0,1.0,0.0,100.0,1.0,0.0,100.0,1.0,0.0
205,actuated,0,0,0.0,0.0,8000000.0,1000000.0,16095.0,171.22340425531914,142974.0,1521.0,94.0,0.0,100.0,94.0,40,0.0,1.0,100.0,100.0,8.0,1.0,0.0,0.0,8,100.0,1.0,0.0,100.0,1.0,0.0,100.0,1.0,0.0,100.0,1.0,0.0,100.0,1.0,0.0,100.0,1.0,0.0,100.0,1.0,0.0,100.0,1.0,0.0
206,actuated,0,0,0.0,0.0,8000000.0,1000000.0,16565.0,176.22340425531914,142974.0,1521.0,94.0,0.0,100.0,94.0,40,0.0,1.0,100.0,100.0,8.0,1.0,0.0,0.0,8,100.0,1.0,0.0,100.0,1.0,0.0,100.0,1.0,0.0,100.0,1.0,0.0,100.0,1.0,0.0,100.0,1.0,0.0,100.0,1.0,0.0,100.0,1.0,0.0
207,actuated,0,0,0.0,0.0,8000000.0,1000000.0,17035.0,181.22340425531914,142974.0,1521.0,94.0,0.0,100.0,94.0,40,0.0,1.0,100.0,100.0,8.0,1.0,0.0,0.0,8,100.0,1.0,0.0,100.0,1.0,0.0,100.0,1.0,0.0,100.0,1.0,0.0,100.0,1.0,0.0,100.0,1.0,0.0,100.0,1.0,0.0,100.0,1.0,0.0
208,actuated,0,0,0.0,0.0,8000000.0,1000000.0,17505.0,186.22340425531914,142974.0,1521.0,94.0,0.0,100.0,94.0,40,0.0,1.0,100.0,100.0,8.0,1.0,0.0,0.0,8,100.0,1.0,0.0,100.0,1.0,0.0,100.0,1.0,0.0,100.0,1.0,0.0,100.0,1.0,0.0,100.0,1.0,0.0,100.0,1.0,0.0,100.0,1.0,0.0
209,actuated,0,0,214.67092775974962,214.67092775974962,7400718.816660749,925089.8520825936,17372.2,186.39699570815452,142228.58843249225,1526.057815799273,93.2,0.01056387168437042,97.5,92.0,40,0.044437140452623834,0.9871244635193133,97.5,100.0,8.0,1.0,0.0,0.0,8,100.0,1.0,0.0,100.0,1.0,0.0,80.0,1.0,0.0,100.0,1.0,0.0,100.0,1.0,0.0,100.0,1.0,0.0,100.0,1.0,0.0,100.0,1.0,0.0
210,actuated,0,0,178.63426874936425,178.63426874936425,7000178.634268749,875022.3292835936,16391.6,176.2537634408602,142116.55405318708,1528.1349898192161,93.0,0.0654050229816561,93.52578631962388,87.8,38,0.17369445213866827,0.9440860215053763,93.52578631962388,100.0,7.6,0.95,0.23305066620126907,0.0,8,100.0,1.0,0.0,100.0,1.0,0.0,48.20629055699101,0.6,1.8644053296101526,100.0,1.0,0.0,100.0,1.0,0.0,100.0,1.0,0.0,100.0,1.0,0.0,100.0,1.0,0.0
211,actuated,0,0,183.78399041040635,183.78399041040635,7000183.78399041,875022.9729988013,15823.6,170.1462365591398,140592.6788378899,1511.7492348160204,93.0,0.0631441438516057,100.0,87.2,40,0.16710417448565507,0.9376344086021505,100.0,100.0,8.0,1.0,0.0,0.0,8,100.0,1.0,0.0,100.0,1.0,0.0,100.0,1.0,0.0,100.0,1.0,0.0,100.0,1.0,0.0,100.0,1.0,0.0,100.0,1.0,0.0,100.0,1.0,0.0
212,actuated,0,0,307.5343890912207,307.5343890912207,7000307.534389091,875038.4417986363,15728.4,168.03846153846155,141854.98424274026,1515.5447034480796,93.6,0.04451958554098563,100.0,88.8,40,0.1273885001439063,0.9487179487179487,100.0,100.0,8.0,1.0,0.0,0.0,8,100.0,1.0,0.0,100.0,1.0,0.0,100.0,1.0,0.0,100.0,1.0,0.0,100.0,1.0,0.0,100.0,1.0,0.0,100.0,1.0,0.0,100.0,1.0,0.0
213,actuated,0,0,222.005799013944,222.005799013944,7004307.102402118,875538.3878002648,16181.4,172.14255319148936,142560.95614311297,1516.6059164160954,94.0,0.010441223790197353,100.0,92.4,40,0.03754469385066627,0.9829787234042553,100.0,100.0,8.0,1.0,0.0,0.0,8,100.0,1.0,0.0,100.0,1.0,0.0,100.0,1.0,0.0,100.0,1.0,0.0,100.0,1.0,0.0,100.0,1.0,0.0,100.0,1.0,0.0,100.0,1.0,0.0
214,actuated,0,0,428.5425354129564,428.5425354129564,8251262.149272621,1031407.7686590776,15144.6,164.9738562091503,141172.1975223337,1537.8235024219357,91.8,0.039090087095237855,95.0,88.6,39,0.10689507761090276,0.9651416122004357,95.0,100.0,7.8,0.975,0.0,0.0,8,100.0,1.0,0.0,100.0,1.0,0.0,100.0,1.0,0.0,100.0,1.0,0.0,100.0,1.0,0.0,100.0,1.0,0.0,60.0,0.8,0.0,100.0,1.0,0.0
215,actuated,0,0,563.227362828141,187.74245427604703,14102830.461075455,1762853.8076344319,12170.4,133.74065934065933,140112.27560410794,1539.6953363088785,91.0,0.19564103152846174,79.60697045143263,76.6,36,0.2612195510243255,0.8417582417582418,79.60697045143263,100.0,7.199999999999999,0.9,0.7220949649041288,0.0,8,100.0,1.0,0.0,42.24425881928255,0.8,1.8693532672710793,100.0,1.0,0.0,100.0,1.0,0.0,23.46014489574827,0.6,1.8220150782864402,100.0,1.0,0.0,71.15135989643022,0.8,2.085391373675511,100.0,1.0,0.0
216,actuated,0,0,517.8345767069396,172.61152556897989,8070525.521042096,1008815.690130262,10013.8,109.80043859649123,136887.3070073783,1500.9573136773936,91.2,0.19953531625518003,100.0,73.8,40,0.2600620172383881,0.8092105263157895,100.0,100.0,8.0,1.0,0.0,0.0,8,100.0,1.0,0.0,100.0,1.0,0.0,100.0,1.0,0.0,100.0,1.0,0.0,100.0,1.0,0.0,100.0,1.0,0.0,100.0,1.0,0.0,100.0,1.0,0.0
217,actuated,0,0,824.5392154563117,294.47829123439703,10379878.397789897,1297484.7997237372,9617.4,103.41290322580645,136794.52429876415,1470.9088634275715,93.0,0.12842317215928536,100.0,79.8,40,0.18704996758885464,0.8580645161290322,100.0,100.0,8.0,1.0,0.0,0.0,8,100.0,1.0,0.0,100.0,1.0,0.0,100.0,1.0,0.0,100.0,1.0,0.0,100.0,1.0,0.0,100.0,1.0,0.0,100.0,1.0,0.0,100.0,1.0,0.0
218,actuated,0,0,337.7701313001981,337.7701313001981,5011445.0540546775,626430.6317568347,10041.8,106.82765957446809,141826.21037702693,1508.7894720960312,94.0,0.022041081523383348,100.0,88.6,40,0.04492954953714652,0.9425531914893617,100.0,100.0,8.0,1.0,0.0,0.0,8,100.0,1.0,0.0,100.0,1.0,0.0,100.0,1.0,0.0,100.0,1.0,0.0,100.0,1.0,0.0,100.0,1.0,0.0,100.0,1.0,0.0,100.0,1.0,0.0
219,actuated,1,0,1100.0819418078502,458.3674757532709,3831884.443017577,478985.5553771971,9254.8,101.9251101321586,141416.40028121308,1557.4493423041088,90.8,0.08542284989722997,85.0,81.8,38,0.12563917134563268,0.9008810572687225,85.0,100.0,7.6,0.95,0.0,0.0,8,60.0,0.8,0.0,80.0,1.0,0.0,100.0,1.0,0.0,80.0,1.0,0.0,60.0,0.8,0.0,100.0,1.0,0.0,100.0,1.0,0.0,100.0,1.0,0.0
220,actuated,1,1,508.66028204774085,127.16507051193521,5608168.503749678,701021.0629687097,7527.8,87.53255813953488,140709.24587198146,1636.1540217672264,86.0,0.4167336317866354,65.13170409892041,64.6,32,0.4627600821077527,0.7511627906976744,65.13170409892041,100.0,6.4,0.8,0.9415078648525597,0.0,8,22.09798420718016,0.6,1.5505970647785312,24.169920691042535,0.6,1.742390791941573,100.0,1.0,0.0,37.70748620082941,0.6,2.0495797475594846,37.07824169231117,0.6,2.1894953145408884,100.0,1.0,0.0,100.0,1.0,0.0,100.0,1.0,0.0
221,actuated,1,1,180.35608800778212,45.08902200194553,4000180.3560880073,500022.5445110009,6099.0,76.81360201511335,138065.4193245812,1738.8591854481258,79.4,1.0970295358121966,60.77028476881878,49.4,35,1.164923870645006,0.6221662468513854,60.77028476881878,100.0,7.0,0.875,2.005167764223867,0.0,8,25.700920933995803,0.6,4.0273792072145245,15.841676213262872,0.8,4.14303138165095,100.0,1.0,0.0,22.326809198052615,0.6,3.863340635996294,22.292871805238974,1.0,4.007590888929169,100.0,1.0,0.0,100.0,1.0,0.0,100.0,1.0,0.0
222,actuated,1,1,141.53298298705323,35.38324574676331,4000141.5329829864,500017.6916228733,5924.4,73.68656716417911,128404.96909957429,1597.0767300942075,80.4,1.3505231985619357,75.14905236897789,50.4,35,1.3898893847831337,0.6268656716417911,75.14905236897789,100.0,7.0,0.875,2.3209976937073735,0.0,8,54.959437247903224,0.8,3.9153539216420357,33.93440649004333,0.8,5.508086619369514,100.0,1.0,0.0,53.19968014858205,0.8,4.749875866507508,59.09889506529453,0.6,4.394665142139932,100.0,1.0,0.0,100.0,1.0,0.0,100.0,1.0,0.0
223,actuated,1,1,317.0941846904328,79.2735461726082,4000317.0941846906,500039.6367730863,6204.2,73.85952380952381,126135.48243434048,1501.612886123101,84.0,0.6798236093829337,100.0,61.6,40,0.7717938265059547,0.7333333333333333,100.0,100.0,8.0,1.0,0.0,0.0,8,100.0,1.0,0.0,100.0,1.0,0.0,100.0,1.0,0.0,100.0,1.0,0.0,100.0,1.0,0.0,100.0,1.0,0.0,100.0,1.0,0.0,100.0,1.0,0.0
224,actuated,1,1,766.3715884037292,191.5928971009323,4000766.371588404,500095.7964485505,6547.2,74.4,134632.183052928,1529.9111710560003,88.0,0.26718350079775377,100.0,75.0,40,0.2947457983616005,0.8522727272727273,100.0,100.0,8.0,1.0,0.0,0.0,8,100.0,1.0,0.0,100.0,1.0,0.0,100.0,1.0,0.0,100.0,1.0,0.0,100.0,1.0,0.0,100.0,1.0,0.0,100.0,1.0,0.0,100.0,1.0,0.0
225,actuated,8,1,2218.7193733712074,426.676802571386,2004141.0287630272,250517.6285953784,6089.6,67.51219512195122,139340.3574966928,1544.793320362448,90.2,0.180552954403219,92.5,78.8,39,0.16602321457070313,0.8736141906873615,92.5,100.0,7.8,0.975,0.0,0.0,8,100.0,1.0,0.0,100.0,1.0,0.0,100.0,1.0,0.0,100.0,1.0,0.0,100.0,1.0,0.0,100.0,1.0,0.0,80.0,1.0,0.0,60.0,0.8,0.0
226,actuated,8,8,1234.6496779800193,324.9078099947419,2188014.605780194,273501.82572252426,5259.6,58.700892857142854,140060.16418961313,1563.1714753305039,89.6,0.27922148526408863,81.49841627792227,76.4,36,0.42070106694325976,0.8526785714285714,81.49841627792227,100.0,7.199999999999999,0.9,0.49329813205930473,0.0,8,100.0,1.0,0.0,100.0,1.0,0.0,100.0,1.0,0.0,100.0,1.0,0.0,100.0,1.0,0.0,100.0,1.0,0.0,27.990706540904284,0.6,2.1170387052478894,23.99662368247391,0.6,1.8293463512265484
227,actuated,8,8,198.37686519296932,90.17130236044059,8098000.145068465,1012250.0181335581,4748.0,54.20091324200913,139716.5768206767,1594.9380915602364,87.6,0.5542056675622788,79.86877557407695,73.4,37,0.9752270246190017,0.8378995433789954,79.86877557407695,100.0,7.3999999999999995,0.925,1.0000756973014515,0.0,8,100.0,1.0,0.0,100.0,1.0,0.0,100.0,1.0,0.0,100.0,1.0,0.0,100.0,1.0,0.0,100.0,1.0,0.0,24.798667617674255,0.6,4.1060937013799546,14.151536974941337,0.8,3.8945118770316567
228,actuated,8,8,90.26649015317618,45.13324507658809,6993041.8582490515,874130.2322811314,5003.8,56.096412556053814,137926.69993606393,1546.2634521980262,89.2,0.5124404328748129,96.35632422910419,77.6,39,0.9266579006798039,0.8699551569506726,96.35632422910419,100.0,7.8,0.975,0.631997676239356,0.0,8,100.0,1.0,0.0,100.0,1.0,0.0,100.0,1.0,0.0,100.0,1.0,0.0,100.0,1.0,0.0,100.0,1.0,0.0,100.0,1.0,0.0,70.85059383283351,0.8,5.055981409914848
229,actuated,8,8,306.9121216319048,153.4560608159524,6000306.912121632,750038.364015204,5410.4,59.324561403508774,137403.06989860954,1506.6126085373853,91.2,0.18247802049709405,100.0,84.4,40,0.3585586556999689,0.9254385964912281,100.0,100.0,8.0,1.0,0.0,0.0,8,100.0,1.0,0.0,100.0,1.0,0.0,100.0,1.0,0.0,100.0,1.0,0.0,100.0,1.0,0.0,100.0,1.0,0.0,100.0,1.0,0.0,100.0,1.0,0.0
230,actuated,1,8,1816.2259121996726,412.7786164090165,2204853.8077905676,275606.72597382095,5377.2,60.013392857142854,140161.8245166217,1564.3060771944386,89.6,0.16218113298940146,77.5,77.8,35,0.16506911398653112,0.8683035714285714,77.5,100.0,7.0,0.875,0.0,0.0,8,60.0,0.8,0.0,60.0,0.8,0.0,100.0,1.0,0.0,60.0,0.8,0.0,40.0,0.6,0.0,100.0,1.0,0.0,100.0,1.0,0.0,100.0,1.0,0.0
231,actuated,1,1,938.79738572448,187.759477144896,2473947.442505522,309243.43031319027,5095.4,59.52570093457944,139504.3452540823,1629.7236595103072,85.6,0.4643537731116,64.40405958311544,62.8,33,0.45733496508608684,0.7336448598130841,64.40405958311544,100.0,6.6,0.825,0.859236482198147,0.0,8,40.142197286545525,0.8,1.556171731187367,31.002622744658765,0.6,2.0194246421602933,100.0,1.0,0.0,23.072461993324396,0.6,1.7030097985153325,21.01519464039484,0.6,1.5952856857221824,100.0,1.0,0.0,100.0,1.0,0.0,100.0,1.0,0.0
232,actuated,1,1,177.11596517764448,44.27899129441112,7040943.163569003,880117.8954461254,4856.6,61.47594936708861,137092.77430678692,1735.351573503632,79.0,1.111452543445425,63.88270830270699,48.4,36,1.1735872306982804,0.6126582278481013,63.88270830270699,100.0,7.2,0.9,1.922205770430694,0.0,8,33.83191257893486,0.6,3.770063903083066,34.042754170964145,1.0,3.4387590166181288,100.0,1.0,0.0,12.406504560349276,0.8,3.914290492141368,30.780495111407618,0.8,4.254532751602989,100.0,1.0,0.0,100.0,1.0,0.0,100.0,1.0,0.0
233,actuated,1,1,133.771900645398,33.4429751613495,4416087.134943841,552010.8918679801,5023.0,63.42171717171717,129978.11914164838,1641.1378679501058,79.2,1.4281858494553439,74.88112556589158,50.0,36,1.465415130212524,0.6313131313131313,74.88112556589158,100.0,7.2,0.9,2.4190154805259754,0.0,8,59.91362716642925,0.8,3.0924993230882953,68.76037788026679,0.8,4.762718291673899,100.0,1.0,0.0,34.715299379959106,0.8,5.681744380093374,35.659700100477494,0.8,5.815161849352234,100.0,1.0,0.0,100.0,1.0,0.0,100.0,1.0,0.0
234,actuated,1,1,413.15872764973903,98.37112563089025,3600813.6009506816,450101.7001188352,4945.4,59.87167070217917,123674.25358459595,1497.266992549588,82.6,0.7671704677112313,100.0,61.0,40,0.8658554796611199,0.738498789346247,100.0,100.0,8.0,1.0,0.0,0.0,8,100.0,1.0,0.0,100.0,1.0,0.0,100.0,1.0,0.0,100.0,1.0,0.0,100.0,1.0,0.0,100.0,1.0,0.0,100.0,1.0,0.0,100.0,1.0,0.0
235,actuated,1,1,932.5373871608641,186.50747743217283,3000932.5373871606,375116.5671733951,3931.0,45.60324825986079,132212.28042944148,1533.7851557939848,86.2,0.343102770437133,90.71206411916535,68.8,38,0.3033400912680798,0.7981438515081206,90.71206411916535,100.0,7.6,0.95,0.2449971991537512,0.0,8,100.0,1.0,0.0,100.0,1.0,0.0,100.0,1.0,0.0,100.0,1.0,0.0,100.0,1.0,0.0,25.69651295332278,0.6,1.9599775932300096,100.0,1.0,0.0,100.0,1.0,0.0
236,actuated,8,1,1683.3849277542545,336.6769855508509,3001683.3849277543,375210.4231159693,3132.4,34.88195991091314,137252.92095502984,1528.428963864475,89.8,0.2347335098668529,100.0,77.2,40,0.23115300148238188,0.8596881959910914,100.0,100.0,8.0,1.0,0.0,0.0,8,100.0,1.0,0.0,100.0,1.0,0.0,100.0,1.0,0.0,100.0,1.0,0.0,100.0,1.0,0.0,100.0,1.0,0.0,100.0,1.0,0.0,100.0,1.0,0.0
237,actuated,8,8,1232.8158337814634,410.9386112604878,3322617.1547490163,415327.14434362703,2991.2,32.30237580993521,138321.83306019497,1493.756296546382,92.6,0.10328664145596574,100.0,83.8,40,0.14887189810475673,0.9049676025917927,100.0,100.0,8.0,1.0,0.0,0.0,8,100.0,1.0,0.0,100.0,1.0,0.0,100.0,1.0,0.0,100.0,1.0,0.0,100.0,1.0,0.0,100.0,1.0,0.0,100.0,1.0,0.0,100.0,1.0,0.0
238,actuated,8,8,444.68628604988555,444.68628604988555,10009277.495092787,1251159.6868865984,3427.2,36.45957446808511,142182.12677950173,1512.5758168032098,94.0,0.02289591852815783,100.0,89.8,40,0.05190747814970161,0.9553191489361702,100.0,100.0,8.0,1.0,0.0,0.0,8,100.0,1.0,0.0,100.0,1.0,0.0,100.0,1.0,0.0,100.0,1.0,0.0,100.0,1.0,0.0,100.0,1.0,0.0,100.0,1.0,0.0,100.0,1.0,0.0
239,actuated,8,8,0.0,0.0,13462154.85447688,1682769.35680961,3889.0,41.37234042553192,142928.43825563532,1520.515300591865,94.0,0.0012651605157719575,100.0,93.6,40,0.004948056316113334,0.9957446808510638,100.0,100.0,8.0,1.0,0.0,0.0,8,100.0,1.0,0.0,100.0,1.0,0.0,100.0,1.0,0.0,100.0,1.0,0.0,100.0,1.0,0.0,100.0,1.0,0.0,100.0,1.0,0.0,100.0,1.0,0.0
240,actuated,8,8,0.0,0.0,12043275.15373839,1505409.3942172988,4359.0,46.37234042553192,142973.34092954575,1520.992988612189,94.0,8.877434501108507e-06,100.0,94.0,40,3.5579051661415176e-05,1.0,100.0,100.0,8.0,1.0,0.0,0.0,8,100.0,1.0,0.0,100.0,1.0,0.0,100.0,1.0,0.0,100.0,1.0,0.0,100.0,1.0,0.0,100.0,1.0,0.0,100.0,1.0,0.0,100.0,1.0,0.0
241,actuated,8,8,0.0,0.0,11753424.27185325,1469178.0339816562,4829.0,51.37234042553192,142973.98659506044,1520.99985739426,94.0,4.474246509489457e-07,100.0,94.0,40,1.9515733484473274e-06,1.0,100.0,100.0,8.0,1.0,0.0,0.0,8,100.0,1.0,0.0,100.0,1.0,0.0,100.0,1.0,0.0,100.0,1.0,0.0,100.0,1.0,0.0,100.0,1.0,0.0,100.0,1.0,0.0,100.0,1.0,0.0
242,actuated,8,8,0.0,0.0,8000000.0,1000000.0,5299.0,56.37234042553192,142974.0,1521.0,94.0,0.0,100.0,94.0,40,0.0,1.0,100.0,100.0,8.0,1.0,0.0,0.0,8,100.0,1.0,0.0,100.0,1.0,0.0,100.0,1.0,0.0,100.0,1.0,0.0,100.0,1.0,0.0,100.0,1.0,0.0,100.0,1.0,0.0,100.0,1.0,0.0
243,actuated,8,8,0.0,0.0,8000000.0,1000000.0,5769.0,61.37234042553192,142974.0,1521.0,94.0,0.0,100.0,94.0,40,0.0,1.0,100.0,100.0,8.0,1.0,0.0,0.0,8,100.0,1.0,0.0,100.0,1.0,0.0,100.0,1.0,0.0,100.0,1.0,0.0,100.0,1.0,0.0,100.0,1.0,0.0,100.0,1.0,0.0,100.0,1.0,0.0
244,actuated,8,8,0.0,0.0,8000000.0,1000000.0,6239.0,66.37234042553192,142974.0,1521.0,94.0,0.0,100.0,94.0,40,0.0,1.0,100.0,100.0,8.0,1.0,0.0,0.0,8,100.0,1.0,0.0,100.0,1.0,0.0,100.0,1.0,0.0,100.0,1.0,0.0,100.0,1.0,0.0,100.0,1.0,0.0,100.0,1.0,0.0,100.0,1.0,0.0
245,actuated,8,8,0.0,0.0,8000000.0,1000000.0,6709.0,71.37234042553192,142974.0,1521.0,94.0,0.0,100.0,94.0,40,0.0,1.0,100.0,100.0,8.0,1.0,0.0,0.0,8,100.0,1.0,0.0,100.0,1.0,0.0,100.0,1.0,0.0,100.0,1.0,0.0,100.0,1.0,0.0,100.0,1.0,0.0,100.0,1.0,0.0,100.0,1.0,0.0
246,actuated,8,8,0.0,0.0,8000000.0,1000000.0,7179.0,76.37234042553192,142974.0,1521.0,94.0,0.0,100.0,94.0,40,0.0,1.0,100.0,100.0,8.0,1.0,0.0,0.0,8,100.0,1.0,0.0,100.0,1.0,0.0,100.0,1.0,0.0,100.0,1.0,0.0,100.0,1.0,0.0,100.0,1.0,0.0,100.0,1.0,0.0,100.0,1.0,0.0
247,actuated,8,8,0.0,0.0,8000000.0,1000000.0,7649.0,81.37234042553192,142974.0,1521.0,94.0,0.0,100.0,94.0,40,0.0,1.0,100.0,100.0,8.0,1.0,0.0,0.0,8,100.0,1.0,0.0,100.0,1.0,0.0,100.0,1.0,0.0,100.0,1.0,0.0,100.0,1.0,0.0,100.0,1.0,0.0,100.0,1.0,0.0,100.0,1.0,0.0
248,actuated,8,8,0.0,0.0,8000000.0,1000000.0,8119.0,86.37234042553192,142974.0,1521.0,94.0,0.0,100.0,94.0,40,0.0,1.0,100.0,100.0,8.0,1.0,0.0,0.0,8,100.0,1.0,0.0,100.0,1.0,0.0,100.0,1.0,0.0,100.0,1.0,0.0,100.0,1.0,0.0,100.0,1.0,0.0,100.0,1.0,0.0,100.0,1.0,0.0
249,actuated,8,8,0.0,0.0,8000000.0,1000000.0,8589.0,91.37234042553192,142974.0,1521.0,94.0,0.0,100.0,94.0,40,0.0,1.0,100.0,100.0,8.0,1.0,0.0,0.0,8,100.0,1.0,0.0,100.0,1.0,0.0,100.0,1.0,0.0,100.0,1.0,0.0,100.0,1.0,0.0,100.0,1.0,0.0,100.0,1.0,0.0,100.0,1.0,0.0
250,actuated,8,8,0.0,0.0,8000000.0,1000000.0,9059.0,96.37234042553192,142974.0,1521.0,94.0,0.0,100.0,94.0,40,0.0,1.0,100.0,100.0,8.0,1.0,0.0,0.0,8,100.0,1.0,0.0,100.0,1.0,0.0,100.0,1.0,0.0,100.0,1.0,0.0,100.0,1.0,0.0,100.0,1.0,0.0,100.0,1.0,0.0,100.0,1.0,0.0
251,actuated,8,8,0.0,0.0,8000000.0,1000000.0,9529.0,101.37234042553192,142974.0,1521.0,94.0,0.0,100.0,94.0,40,0.0,1.0,100.0,100.0,8.0,1.0,0.0,0.0,8,100.0,1.0,0.0,100.0,1.0,0.0,100.0,1.0,0.0,100.0,1.0,0.0,100.0,1.0,0.0,100.0,1.0,0.0,100.0,1.0,0.0,100.0,1.0,0.0
252,actuated,8,8,0.0,0.0,8000000.0,1000000.0,9999.0,106.37234042553192,142974.0,1521.0,94.0,0.0,100.0,94.0,40,0.0,1.0,100.0,100.0,8.0,1.0,0.0,0.0,8,100.0,1.0,0.0,100.0,1.0,0.0,100.0,1.0,0.0,100.0,1.0,0.0,100.0,1.0,0.0,100.0,1.0,0.0,100.0,1.0,0.0,100.0,1.0,0.0
253,actuated,0,8,768.3441218310061,426.85784546167,5002904.744798991,625363.0930998739,9406.8,102.6943231441048,141922.87125607804,1549.3763237563105,91.6,0.06846195602326831,85.0,85.0,37,0.1257024851771921,0.9279475982532751,85.0,100.0,7.3999999999999995,0.925,0.0,0.0,8,60.0,0.8,0.0,100.0,1.0,0.0,100.0,1.0,0.0,100.0,1.0,0.0,100.0,1.0,0.0,100.0,1.0,0.0,60.0,0.8,0.0,60.0,0.8,0.0
254,actuated,0,0,305.1715342111465,101.72384473704882,5000305.171534211,625038.1464417764,8266.0,93.93181818181819,141693.39741959225,1610.1522434044573,88.0,0.3611902529476523,72.13034515148195,71.6,34,0.5008909828048587,0.8136363636363636,72.13034515148195,100.0,6.799999999999999,0.8500000000000001,0.6555617952471025,0.0,8,27.696417911420212,0.6,1.7037284561595376,100.0,1.0,0.0,100.0,1.0,0.0,100.0,1.0,0.0,100.0,1.0,0.0,100.0,1.0,0.0,27.71261275143388,0.6,1.7785248314876434,21.633730549001484,0.6,1.762241074329639
255,actuated,0,0,126.41958345302018,42.13986115100673,5000126.419583453,625015.8024479316,7413.8,87.22117647058823,138786.55510378844,1632.7830012210406,85.0,0.8067179731555484,77.09602520752185,62.0,37,1.0597872960798997,0.7294117647058823,77.09602520752185,100.0,7.3999999999999995,0.925,1.4575029652160625,0.0,8,39.51995391363653,0.8,3.922989838223267,100.0,1.0,0.0,100.0,1.0,0.0,100.0,1.0,0.0,100.0,1.0,0.0,100.0,1.0,0.0,38.91154364689555,0.8,4.011747975886591,38.3367040996427,0.8,3.725285907618643
256,actuated,0,0,167.60370180971583,55.86790060323861,5000167.603701809,625020.9504627262,7632.4,87.32723112128147,134745.4996364191,1541.710522155825,87.4,0.6622090564476687,95.41653238511117,68.0,40,0.9194653331224273,0.7780320366132724,95.41653238511117,100.0,8.0,1.0,0.6394456052666158,0.0,8,63.332259080889344,1.0,5.115564842132926,100.0,1.0,0.0,100.0,1.0,0.0,100.0,1.0,0.0,100.0,1.0,0.0,100.0,1.0,0.0,100.0,1.0,0.0,100.0,1.0,0.0
257,actuated,0,0,512.1250360971252,170.7083453657084,5000512.125036096,625064.015629512,8000.2,88.6940133037694,135576.44180721842,1503.0647650467674,90.2,0.2698277809010239,100.0,78.2,40,0.44592005866888546,0.8669623059866962,100.0,100.0,8.0,1.0,0.0,0.0,8,100.0,1.0,0.0,100.0,1.0,0.0,100.0,1.0,0.0,100.0,1.0,0.0,100.0,1.0,0.0,100.0,1.0,0.0,100.0,1.0,0.0,100.0,1.0,0.0
258,actuated,0,0,843.7117963065893,383.5053619575406,5003783.7824934255,625472.9728116782,8415.8,90.88336933045356,140132.96495219655,1513.3149562872197,92.6,0.08853151416760932,100.0,86.8,40,0.16338249474613398,0.937365010799136,100.0,100.0,8.0,1.0,0.0,0.0,8,100.0,1.0,0.0,100.0,1.0,0.0,100.0,1.0,0.0,100.0,1.0,0.0,100.0,1.0,0.0,100.0,1.0,0.0,100.0,1.0,0.0,100.0,1.0,0.0
259,actuated,0,0,412.92217484468694,412.92217484468694,5584739.960182563,698092.4950228204,8865.2,94.71367521367522,141997.4602028919,1517.0668825095288,93.6,0.03337456160933701,100.0,91.8,40,0.09401780676528033,0.9807692307692307,100.0,100.0,8.0,1.0,0.0,0.0,8,100.0,1.0,0.0,100.0,1.0,0.0,100.0,1.0,0.0,100.0,1.0,0.0,100.0,1.0,0.0,100.0,1.0,0.0,100.0,1.0,0.0,100.0,1.0,0.0
260,actuated,0,0,118.00588049549035,118.00588049549035,14864651.827931458,1858081.4784914323,9329.2,99.2468085106383,142787.7447987038,1519.0185616883382,94.0,0.004551727703546492,100.0,93.6,40,0.02470823073046935,0.9957446808510638,100.0,100.0,8.0,1.0,0.0,0.0,8,100.0,1.0,0.0,100.0,1.0,0.0,100.0,1.0,0.0,100.0,1.0,0.0,100.0,1.0,0.0,100.0,1.0,0.0,100.0,1.0,0.0,100.0,1.0,0.0
261,actuated,0,0,0.0,0.0,13465794.512029326,1683224.3140036657,9799.0,104.24468085106383,142973.7514799923,1520.9973561701308,94.0,1.4008936555934378e-06,100.0,94.0,40,4.8613553611431536e-06,1.0,100.0,100.0,8.0,1.0,0.0,0.0,8,100.0,1.0,0.0,100.0,1.0,0.0,100.0,1.0,0.0,100.0,1.0,0.0,100.0,1.0,0.0,100.0,1.0,0.0,100.0,1.0,0.0,100.0,1.0,0.0
262,actuated,0,0,0.0,0.0,12601684.844468743,1575210.6055585928,10269.0,109.24468085106383,142974.00102673384,1521.0000109227003,94.0,7.476947994062308e-07,100.0,94.0,40,2.6262848458294017e-06,1.0,100.0,100.0,8.0,1.0,0.0,0.0,8,100.0,1.0,0.0,100.0,1.0,0.0,100.0,1.0,0.0,100.0,1.0,0.0,100.0,1.0,0.0,100.0,1.0,0.0,100.0,1.0,0.0,100.0,1.0,0.0
263,actuated,0,0,0.0,0.0,8000000.0,1000000.0,10739.0,114.24468085106383,142974.0,1521.0,94.0,0.0,100.0,94.0,40,0.0,1.0,100.0,100.0,8.0,1.0,0.0,0.0,8,100.0,1.0,0.0,100.0,1.0,0.0,100.0,1.0,0.0,100.0,1.0,0.0,100.0,1.0,0.0,100.0,1.0,0.0,100.0,1.0,0.0,100.0,1.0,0.0
264,actuated,0,0,0.0,0.0,8000000.0,1000000.0,11209.0,119.24468085106383,142974.0,1521.0,94.0,0.0,100.0,94.0,40,0.0,1.0,100.0,100.0,8.0,1.0,0.0,0.0,8,100.0,1.0,0.0,100.0,1.0,0.0,100.0,1.0,0.0,100.0,1.0,0.0,100.0,1.0,0.0,100.0,1.0,0.0,100.0,1.0,0.0,100.0,1.0,0.0
265,actuated,0,0,0.0,0.0,8000000.0,1000000.0,11679.0,124.24468085106383,142974.0,1521.0,94.0,0.0,100.0,94.0,40,0.0,1.0,100.0,100.0,8.0,1.0,0.0,0.0,8,100.0,1.0,0.0,100.0,1.0,0.0,100.0,1.0,0.0,100.0,1.0,0.0,100.0,1.0,0.0,100.0,1.0,0.0,100.0,1.0,0.0,100.0,1.0,0.0
266,actuated,0,0,0.0,0.0,8000000.0,1000000.0,12149.0,129.24468085106383,142974.0,1521.0,94.0,0.0,100.0,94.0,40,0.0,1.0,100.0,100.0,8.0,1.0,0.0,0.0,8,100.0,1.0,0.0,100.0,1.0,0.0,100.0,1.0,0.0,100.0,1.0,0.0,100.0,1.0,0.0,100.0,1.0,0.0,100.0,1.0,0.0,100.0,1.0,0.0
267,actuated,0,0,0.0,0.0,8000000.0,1000000.0,12619.0,134.24468085106383,142974.0,1521.0,94.0,0.0,100.0,94.0,40,0.0,1.0,100.0,100.0,8.0,1.0,0.0,0.0,8,100.0,1.0,0.0,100.0,1.0,0.0,100.0,1.0,0.0,100.0,1.0,0.0,100.0,1.0,0.0,100.0,1.0,0.0,100.0,1.0,0.0,100.0,1.0,0.0
268,actuated,0,0,0.0,0.0,8000000.0,1000000.0,13089.0,139.24468085106383,142974.0,1521.0,94.0,0.0,100.0,94.0,40,0.0,1.0,100.0,100.0,8.0,1.0,0.0,0.0,8,100.0,1.0,0.0,100.0,1.0,0.0,100.0,1.0,0.0,100.0,1.0,0.0,100.0,1.0,0.0,100.0,1.0,0.0,100.0,1.0,0.0,100.0,1.0,0.0
269,actuated,0,0,0.0,0.0,8000000.0,1000000.0,13559.0,144.24468085106383,142974.0,1521.0,94.0,0.0,100.0,94.0,40,0.0,1.0,100.0,100.0,8.0,1.0,0.0,0.0,8,100.0,1.0,0.0,100.0,1.0,0.0,100.0,1.0,0.0,100.0,1.0,0.0,100.0,1.0,0.0,100.0,1.0,0.0,100.0,1.0,0.0,100.0,1.0,0.0
270,actuated,0,0,0.0,0.0,7800407.278746131,975050.9098432664,13848.2,147.9508547008547,142443.5991449884,1521.8333241985943,93.6,0.0011392688776620408,100.0,93.4,40,0.007114731860637035,0.9978632478632479,100.0,100.0,8.0,1.0,0.0,0.0,8,100.0,1.0,0.0,100.0,1.0,0.0,100.0,1.0,0.0,100.0,1.0,0.0,100.0,1.0,0.0,100.0,1.0,0.0,100.0,1.0,0.0,100.0,1.0,0.0
271,actuated,0,0,364.38679675474276,364.38679675474276,7000364.386796755,875045.5483495943,13048.2,140.30322580645162,142398.06387637922,1531.161977165368,93.0,0.04413075921670421,90.0,89.2,37,0.13060087949636753,0.9591397849462365,90.0,100.0,7.4,0.925,0.0,0.0,8,100.0,1.0,0.0,100.0,1.0,0.0,20.0,0.4,0.0,100.0,1.0,0.0,100.0,1.0,0.0,100.0,1.0,0.0,100.0,1.0,0.0,100.0,1.0,0.0
272,actuated,0,0,179.13736370542685,179.13736370542685,7000179.137363705,875022.3921704631,12299.6,132.2537634408602,141666.9755769503,1523.3008126553796,93.0,0.06525568405257946,99.7784164227653,87.0,40,0.1733570783801343,0.9354838709677419,99.7784164227653,100.0,8.0,1.0,0.2853806911870822,0.0,8,100.0,1.0,0.0,100.0,1.0,0.0,98.22733138212243,1.0,2.2830455294966576,100.0,1.0,0.0,100.0,1.0,0.0,100.0,1.0,0.0,100.0,1.0,0.0,100.0,1.0,0.0
273,actuated,0,0,189.78577990422923,189.78577990422923,7000189.785779904,875023.723222488,11841.6,127.05579399141631,140987.65651871506,1512.7430956943676,93.2,0.06250037676651396,100.0,87.2,40,0.16716675766555333,0.9356223175965666,100.0,100.0,8.0,1.0,0.0,0.0,8,100.0,1.0,0.0,100.0,1.0,0.0,100.0,1.0,0.0,100.0,1.0,0.0,100.0,1.0,0.0,100.0,1.0,0.0,100.0,1.0,0.0,100.0,1.0,0.0
274,actuated,0,0,480.25193123069664,480.25193123069664,7000795.6381239565,875099.4547654946,12225.4,130.05744680851063,141525.2683407753,1505.5879610720776,94.0,0.01904521023252047,100.0,89.8,40,0.056247826586924496,0.9553191489361702,100.0,100.0,8.0,1.0,0.0,0.0,8,100.0,1.0,0.0,100.0,1.0,0.0,100.0,1.0,0.0,100.0,1.0,0.0,100.0,1.0,0.0,100.0,1.0,0.0,100.0,1.0,0.0,100.0,1.0,0.0
275,actuated,0,0,0.0,0.0,7009546.827402589,876193.3534253236,12683.8,134.9340425531915,142885.1064600319,1520.0543240428926,94.0,0.0021146821604316563,100.0,93.0,40,0.006761307545657881,0.9893617021276596,100.0,100.0,8.0,1.0,0.0,0.0,8,100.0,1.0,0.0,100.0,1.0,0.0,100.0,1.0,0.0,100.0,1.0,0.0,100.0,1.0,0.0,100.0,1.0,0.0,100.0,1.0,0.0,100.0,1.0,0.0
276,actuated,0,0,0.0,0.0,8976182.89073993,1122022.8613424913,13153.0,139.9255319148936,142966.91241573443,1520.9246001673876,94.0,7.21851797952363e-05,100.0,94.0,40,0.00041637999098582246,1.0,100.0,100.0,8.0,1.0,0.0,0.0,8,100.0,1.0,0.0,100.0,1.0,0.0,100.0,1.0,0.0,100.0,1.0,0.0,100.0,1.0,0.0,100.0,1.0,0.0,100.0,1.0,0.0,100.0,1.0,0.0
277,actuated,0,0,0.0,0.0,8000000.0,1000000.0,13623.0,144.9255319148936,142973.96688791036,1520.9996477437273,94.0,0.0,100.0,94.0,40,0.0,1.0,100.0,100.0,8.0,1.0,0.0,0.0,8,100.0,1.0,0.0,100.0,1.0,0.0,100.0,1.0,0.0,100.0,1.0,0.0,100.0,1.0,0.0,100.0,1.0,0.0,100.0,1.0,0.0,100.0,1.0,0.0
278,actuated,0,0,0.0,0.0,8000000.0,1000000.0,14093.0,149.9255319148936,142974.0,1521.0,94.0,0.0,100.0,94.0,40,0.0,1.0,100.0,100.0,8.0,1.0,0.0,0.0,8,100.0,1.0,0.0,100.0,1.0,0.0,100.0,1.0,0.0,100.0,1.0,0.0,100.0,1.0,0.0,100.0,1.0,0.0,100.0,1.0,0.0,100.0,1.0,0.0
279,actuated,0,0,0.0,0.0,8000000.0,1000000.0,14563.0,154.9255319148936,142974.0,1521.0,94.0,0.0,100.0,94.0,40,0.0,1.0,100.0,100.0,8.0,1.0,0.0,0.0,8,100.0,1.0,0.0,100.0,1.0,0.0,100.0,1.0,0.0,100.0,1.0,0.0,100.0,1.0,0.0,100.0,1.0,0.0,100.0,1.0,0.0,100.0,1.0,0.0
280,actuated,0,0,0.0,0.0,8000000.0,1000000.0,15033.0,159.9255319148936,142974.0,1521.0,94.0,0.0,100.0,94.0,40,0.0,1.0,100.0,100.0,8.0,1.0,0.0,0.0,8,100.0,1.0,0.0,100.0,1.0,0.0,100.0,1.0,0.0,100.0,1.0,0.0,100.0,1.0,0.0,100.0,1.0,0.0,100.0,1.0,0.0,100.0,1.0,0.0
281,actuated,0,0,0.0,0.0,11426673.595831249,1428334.199478906,15503.0,164.9255319148936,142974.0007361863,1521.0000078317692,94.0,4.91393767321453e-07,100.0,94.0,40,2.156516500952e-06,1.0,100.0,100.0,8.0,1.0,0.0,0.0,8,100.0,1.0,0.0,100.0,1.0,0.0,100.0,1.0,0.0,100.0,1.0,0.0,100.0,1.0,0.0,100.0,1.0,0.0,100.0,1.0,0.0,100.0,1.0,0.0
282,actuated,0,0,0.0,0.0,9894052.333610084,1236756.5417012605,15973.0,169.9255319148936,142974.00033192517,1521.0000035311189,94.0,2.2157994456617902e-07,100.0,94.0,40,1.383766310301016e-06,1.0,100.0,100.0,8.0,1.0,0.0,0.0,8,100.0,1.0,0.0,100.0,1.0,0.0,100.0,1.0,0.0,100.0,1.0,0.0,100.0,1.0,0.0,100.0,1.0,0.0,100.0,1.0,0.0,100.0,1.0,0.0
283,actuated,0,0,0.0,0.0,8000000.0,1000000.0,16443.0,174.9255319148936,142974.0,1521.0,94.0,0.0,100.0,94.0,40,0.0,1.0,100.0,100.0,8.0,1.0,0.0,0.0,8,100.0,1.0,0.0,100.0,1.0,0.0,100.0,1.0,0.0,100.0,1.0,0.0,100.0,1.0,0.0,100.0,1.0,0.0,100.0,1.0,0.0,100.0,1.0,0.0
284,actuated,0,0,0.0,0.0,8000000.0,1000000.0,16913.0,179.9255319148936,142974.0,1521.0,94.0,0.0,100.0,94.0,40,0.0,1.0,100.0,100.0,8.0,1.0,0.0,0.0,8,100.0,1.0,0.0,100.0,1.0,0.0,100.0,1.0,0.0,100.0,1.0,0.0,100.0,1.0,0.0,100.0,1.0,0.0,100.0,1.0,0.0,100.0,1.0,0.0
285,actuated,0,0,0.0,0.0,8000000.0,1000000.0,17383.0,184.9255319148936,142974.0,1521.0,94.0,0.0,100.0,94.0,40,0.0,1.0,100.0,100.0,8.0,1.0,0.0,0.0,8,100.0,1.0,0.0,100.0,1.0,0.0,100.0,1.0,0.0,100.0,1.0,0.0,100.0,1.0,0.0,100.0,1.0,0.0,100.0,1.0,0.0,100.0,1.0,0.0
286,actuated,0,0,0.0,0.0,8000000.0,1000000.0,17853.0,189.9255319148936,142974.0,1521.0,94.0,0.0,100.0,94.0,40,0.0,1.0,100.0,100.0,8.0,1.0,0.0,0.0,8,100.0,1.0,0.0,100.0,1.0,0.0,100.0,1.0,0.0,100.0,1.0,0.0,100.0,1.0,0.0,100.0,1.0,0.0,100.0,1.0,0.0,100.0,1.0,0.0
287,actuated,0,0,0.0,0.0,8000000.0,1000000.0,18323.0,194.9255319148936,142974.0,1521.0,94.0,0.0,100.0,94.0,40,0.0,1.0,100.0,100.0,8.0,1.0,0.0,0.0,8,100.0,1.0,0.0,100.0,1.0,0.0,100.0,1.0,0.0,100.0,1.0,0.0,100.0,1.0,0.0,100.0,1.0,0.0,100.0,1.0,0.0,100.0,1.0,0.0
288,actuated,0,0,0.0,0.0,8000000.0,1000000.0,18793.0,199.9255319148936,142974.0,1521.0,94.0,0.0,100.0,94.0,40,0.0,1.0,100.0,100.0,8.0,1.0,0.0,0.0,8,100.0,1.0,0.0,100.0,1.0,0.0,100.0,1.0,0.0,100.0,1.0,0.0,100.0,1.0,0.0,100.0,1.0,0.0,100.0,1.0,0.0,100.0,1.0,0.0
289,actuated,0,0,0.0,0.0,8000000.0,1000000.0,19263.0,204.9255319148936,142974.0,1521.0,94.0,0.0,100.0,94.0,40,0.0,1.0,100.0,100.0,8.0,1.0,0.0,0.0,8,100.0,1.0,0.0,100.0,1.0,0.0,100.0,1.0,0.0,100.0,1.0,0.0,100.0,1.0,0.0,100.0,1.0,0.0,100.0,1.0,0.0,100.0,1.0,0.0
290,actuated,0,0,0.0,0.0,8000000.0,1000000.0,19733.0,209.9255319148936,142974.0,1521.0,94.0,0.0,100.0,94.0,40,0.0,1.0,100.0,100.0,8.0,1.0,0.0,0.0,8,100.0,1.0,0.0,100.0,1.0,0.0,100.0,1.0,0.0,100.0,1.0,0.0,100.0,1.0,0.0,100.0,1.0,0.0,100.0,1.0,0.0,100.0,1.0,0.0
291,actuated,0,0,0.0,0.0,8000000.0,1000000.0,20203.0,214.9255319148936,142974.0,1521.0,94.0,0.0,100.0,94.0,40,0.0,1.0,100.0,100.0,8.0,1.0,0.0,0.0,8,100.0,1.0,0.0,100.0,1.0,0.0,100.0,1.0,0.0,100.0,1.0,0.0,100.0,1.0,0.0,100.0,1.0,0.0,100.0,1.0,0.0,100.0,1.0,0.0
292,actuated,0,0,0.0,0.0,8000000.0,1000000.0,20673.0,219.9255319148936,142974.0,1521.0,94.0,0.0,100.0,94.0,40,0.0,1.0,100.0,100.0,8.0,1.0,0.0,0.0,8,100.0,1.0,0.0,100.0,1.0,0.0,100.0,1.0,0.0,100.0,1.0,0.0,100.0,1.0,0.0,100.0,1.0,0.0,100.0,1.0,0.0,100.0,1.0,0.0
293,actuated,0,0,261.2881502423519,261.2881502423519,7001646.296120143,875205.7870150178,20178.4,218.38095238095238,141140.20979771766,1527.4914480272473,92.4,0.0117287253460483,97.5,90.8,40,0.0420726272044379,0.9826839826839827,97.5,100.0,8.0,1.0,0.0,0.0,8,100.0,1.0,0.0,80.0,1.0,0.0,100.0,1.0,0.0,100.0,1.0,0.0,100.0,1.0,0.0,100.0,1.0,0.0,100.0,1.0,0.0,100.0,1.0,0.0
294,actuated,0,0,806.5729122895668,268.85763742985563,5000806.57291229,625100.8216140362,16716.4,183.6967032967033,140681.14243192214,1545.9466201310124,91.0,0.1650368246166859,76.58036116994595,78.6,34,0.2334979207329918,0.8637362637362638,76.58036116994595,100.0,6.800000000000001,0.8500000000000001,0.766475191525406,0.0,8,100.0,1.0,0.0,50.620614561039474,0.6,1.8897346033592175,100.0,1.0,0.0,32.30157724822675,0.6,2.0780315856429743,29.720697550301338,0.6,2.1640353432010566,100.0,1.0,0.0,100.0,1.0,0.0,100.0,1.0,0.0
295,actuated,0,0,522.4068582796757,174.13561942655858,5000522.40685828,625065.300857285,13303.4,146.51321585903085,137931.47030524252,1519.0690562251377,90.8,0.20133389023413545,100.0,72.6,40,0.26146619991120207,0.7995594713656388,100.0,100.0,8.0,1.0,0.0,0.0,8,100.0,1.0,0.0,100.0,1.0,0.0,100.0,1.0,0.0,100.0,1.0,0.0,100.0,1.0,0.0,100.0,1.0,0.0,100.0,1.0,0.0,100.0,1.0,0.0
296,actuated,0,0,1002.643129735834,263.8534551936405,4001262.708602497,500157.8385753121,10428.4,114.34649122807018,134434.35466734986,1474.0609064402397,91.2,0.1975427094292877,92.5,72.8,38,0.22433990809508825,0.7982456140350878,92.5,100.0,7.6,0.95,0.0,0.0,8,100.0,1.0,0.0,100.0,1.0,0.0,100.0,1.0,0.0,100.0,1.0,0.0,100.0,1.0,0.0,40.0,0.6,0.0,100.0,1.0,0.0,100.0,1.0,0.0
297,actuated,0,0,932.5987130927791,388.5827971219913,4006538.6741624787,500817.33427030983,9503.4,102.18709677419355,140138.87482152824,1506.8696217368627,93.0,0.10376333000767365,99.22323918368761,80.2,40,0.17233255259124447,0.8623655913978494,99.22323918368761,100.0,8.0,1.0,0.2697049101573548,0.0,8,100.0,1.0,0.0,100.0,1.0,0.0,100.0,1.0,0.0,100.0,1.0,0.0,100.0,1.0,0.0,93.78591346950088,1.0,2.1576392812588385,100.0,1.0,0.0,100.0,1.0,0.0
298,actuated,0,0,189.4048930578669,189.4048930578669,4157971.4082247675,519746.42602809594,8923.8,95.95483870967742,140901.1540423793,1515.066172498702,93.0,0.06422124388130754,100.0,87.2,40,0.1632975956242236,0.9376344086021505,100.0,100.0,8.0,1.0,0.0,0.0,8,100.0,1.0,0.0,100.0,1.0,0.0,100.0,1.0,0.0,100.0,1.0,0.0,100.0,1.0,0.0,100.0,1.0,0.0,100.0,1.0,0.0,100.0,1.0,0.0
299,actuated,4,0,567.8995536155956,405.642538296854,9359589.967464268,1169948.7459330335,8656.0,92.87553648068669,142074.27579423517,1524.4021007965148,93.2,0.05069435787202918,95.0,87.8,39,0.10765754198674196,0.9420600858369099,95.0,100.0,7.8,0.975,0.0,0.0,8,100.0,1.0,0.0,100.0,1.0,0.0,100.0,1.0,0.0,100.0,1.0,0.0,100.0,1.0,0.0,100.0,1.0,0.0,60.0,0.8,0.0,100.0,1.0,0.0
300,actuated,4,4,107.94660770235137,107.94660770235137,7496338.620175649,937042.3275219562,8056.8,87.57391304347826,141993.15559033124,1543.4038651122962,92.0,0.10947001859919012,92.21800118190458,85.8,38,0.2956213114367439,0.9326086956521739,92.21800118190458,100.0,7.6,0.95,0.28380658691077076,0.0,8,100.0,1.0,0.0,100.0,1.0,0.0,100.0,1.0,0.0,100.0,1.0,0.0,100.0,1.0,0.0,100.0,1.0,0.0,37.744009455236665,0.6,2.270452695286166,100.0,1.0,0.0
301,actuated,4,4,42.74947024840905,42.74947024840905,6566984.026243925,820873.0032804906,7840.2,86.72787610619469,141381.8056524437,1563.9580271288019,90.4,0.2692079071797327,90.77059816150779,83.2,38,0.7376074148008483,0.9203539823008849,90.77059816150779,100.0,7.6,0.95,0.5178697415426924,0.0,8,100.0,1.0,0.0,100.0,1.0,0.0,100.0,1.0,0.0,100.0,1.0,0.0,100.0,1.0,0.0,100.0,1.0,0.0,26.164785292062334,0.6,4.142957932341539,100.0,1.0,0.0
302,actuated,4,4,24.51804693150638,24.51804693150638,7000024.518046932,875003.0647558665,8213.0,91.86800894854586,140748.30639223807,1574.365843313625,89.4,0.45176210386178595,89.18495754632659,83.2,38,1.212009205350155,0.930648769574944,89.18495754632659,100.0,7.6,0.95,0.750134773101937,0.0,8,100.0,1.0,0.0,100.0,1.0,0.0,100.0,1.0,0.0,100.0,1.0,0.0,100.0,1.0,0.0,100.0,1.0,0.0,13.479660370612692,0.6,6.001078184815496,100.0,1.0,0.0
303,actuated,4,4,18.980218584791125,18.980218584791125,7000018.980218584,875002.372527323,8628.0,97.38148984198645,139164.99394011404,1570.7109925520772,88.6,0.5758761962778373,91.17011646840922,83.2,38,1.5334698827659081,0.9390519187358917,91.17011646840922,100.0,7.6,0.95,0.8306340279995911,0.0,8,100.0,1.0,0.0,100.0,1.0,0.0,100.0,1.0,0.0,100.0,1.0,0.0,100.0,1.0,0.0,100.0,1.0,0.0,29.360931747273753,0.6,6.645072223996729,100.0,1.0,0.0
304,actuated,4,4,18.320545370829308,18.320545370829308,7000018.320545371,875002.2900681713,9043.2,103.23287671232876,136202.42797102922,1554.8222371122056,87.6,0.5926436773976358,91.06891903865687,83.4,37,1.572575902596504,0.952054794520548,91.06891903865687,100.0,7.4,0.925,0.8762483693654111,0.0,8,100.0,1.0,0.0,100.0,1.0,0.0,100.0,1.0,0.0,100.0,1.0,0.0,100.0,1.0,0.0,100.0,1.0,0.0,28.55135230925498,0.4,7.0099869549232885,100.0,1.0,0.0
305,actuated,4,4,19.195976502071293,19.195976502071293,7000019.195976503,875002.3994970629,9458.0,109.21478060046189,133721.24539718634,1544.1252355333297,86.6,0.5694537304390546,88.95741581373045,83.2,37,1.5177779390251493,0.9607390300230947,88.95741581373045,100.0,7.4,0.925,0.9208542603030255,0.0,8,100.0,1.0,0.0,100.0,1.0,0.0,100.0,1.0,0.0,100.0,1.0,0.0,100.0,1.0,0.0,100.0,1.0,0.0,11.659326509843595,0.4,7.366834082424204,100.0,1.0,0.0
306,actuated,4,4,21.30775754456371,21.30775754456371,7000021.307757544,875002.663469693,9873.0,114.80232558139535,132985.08641981997,1546.3382141839531,86.0,0.531979058292839,89.02722470314643,83.2,36,1.4436310967867394,0.9674418604651163,89.02722470314643,100.0,7.2,0.9,1.0230976468498019,0.0,8,100.0,1.0,0.0,100.0,1.0,0.0,100.0,1.0,0.0,100.0,1.0,0.0,100.0,1.0,0.0,100.0,1.0,0.0,12.217797625171443,0.2,8.184781174798415,100.0,1.0,0.0
307,actuated,4,4,20.042007869276553,20.042007869276553,7000020.042007868,875002.5052509835,10288.0,119.35034802784223,133637.7098652452,1550.321460153657,86.2,0.5484330227748873,88.9835630273808,83.2,36,1.4650969888955099,0.9651972157772621,88.9835630273808,100.0,7.2,0.9,1.053207697389551,0.0,8,100.0,1.0,0.0,100.0,1.0,0.0,100.0,1.0,0.0,100.0,1.0,0.0,100.0,1.0,0.0,100.0,1.0,0.0,11.868504219046372,0.2,8.425661579116408,100.0,1.0,0.0
308,actuated,4,4,19.44854284403447,19.44854284403447,7000019.448542844,875002.4310678554,10703.0,123.87731481481481,133413.38624044854,1544.1364148200064,86.4,0.5596088224464293,87.59807047664538,83.2,37,1.4871815637534789,0.9629629629629629,87.59807047664538,100.0,7.4,0.925,0.9527493233901673,0.0,8,100.0,1.0,0.0,100.0,1.0,0.0,100.0,1.0,0.0,100.0,1.0,0.0,100.0,1.0,0.0,100.0,1.0,0.0,0.7845638131630039,0.4,7.621994587121338,100.0,1.0,0.0
309,actuated,4,4,21.02761149455237,21.02761149455237,7000021.027611494,875002.6284514368,11118.2,128.9814385150812,133800.18766105463,1552.206353376504,86.2,0.5292118697540763,88.03481233735738,83.4,37,1.4225476976676275,0.9675174013921114,88.03481233735738,100.0,7.4,0.925,1.0924399249721317,0.0,8,100.0,1.0,0.0,100.0,1.0,0.0,100.0,1.0,0.0,100.0,1.0,0.0,100.0,1.0,0.0,100.0,1.0,0.0,4.278498698859039,0.4,8.739519399777054,100.0,1.0,0.0
310,actuated,4,4,19.357630345935924,19.357630345935924,7000019.357630347,875002.4197037934,11533.0,133.4837962962963,133423.58055107534,1544.254404526335,86.4,0.5613427924000426,88.21343600484226,83.2,37,1.4903989892917082,0.9629629629629629,88.21343600484226,100.0,7.4,0.925,0.8965817339352966,0.0,8,100.0,1.0,0.0,100.0,1.0,0.0,100.0,1.0,0.0,100.0,1.0,0.0,100.0,1.0,0.0,100.0,1.0,0.0,5.70748803873812,0.4,7.172653871482373,100.0,1.0,0.0
311,actuated,4,4,20.24918920115072,20.24918920115072,7000020.249189201,875002.5311486501,11948.0,138.28703703703704,133153.9481333191,1541.1336589504524,86.4,0.5364557414900277,88.1397208998959,83.2,37,1.4241231108843604,0.9629629629629629,88.1397208998959,100.0,7.4,0.925,0.847048539311897,0.0,8,100.0,1.0,0.0,100.0,1.0,0.0,100.0,1.0,0.0,100.0,1.0,0.0,100.0,1.0,0.0,100.0,1.0,0.0,5.117767199167247,0.4,6.776388314495176,100.0,1.0,0.0
312,actuated,4,4,18.880240673408203,18.880240673408203,7000018.880240673,875002.3600300841,12363.0,143.09027777777777,134004.7745708426,1550.98118716253,86.4,0.5762381383126487,88.30412644569151,83.2,37,1.5310506219695572,0.9629629629629629,88.30412644569151,100.0,7.4,0.925,1.04312051103589,0.0,8,100.0,1.0,0.0,100.0,1.0,0.0,100.0,1.0,0.0,100.0,1.0,0.0,100.0,1.0,0.0,100.0,1.0,0.0,6.43301156553207,0.4,8.34496408828712,100.0,1.0,0.0
313,actuated,4,4,18.83523877194508,18.83523877194508,7000018.8352387715,875002.3544048464,12778.0,147.8935185185185,134230.04377056874,1553.588469566768,86.4,0.5775440080351448,88.90743552868742,83.2,37,1.5343564593250372,0.9629629629629629,88.90743552868742,100.0,7.4,0.925,1.067959532223176,0.0,8,100.0,1.0,0.0,100.0,1.0,0.0,100.0,1.0,0.0,100.0,1.0,0.0,100.0,1.0,0.0,100.0,1.0,0.0,11.259484229499321,0.4,8.543676257785409,100.0,1.0,0.0
314,actuated,4,4,24.23039112102646,24.23039112102646,7000024.23039112,875003.02879889,13194.2,150.9633867276888,134217.68493575783,1535.6714523542087,87.4,0.4531985822115698,87.64704149928036,83.8,37,1.2101403130739006,0.9588100686498856,87.64704149928036,100.0,7.4,0.925,0.9688745279892459,0.0,8,100.0,1.0,0.0,100.0,1.0,0.0,100.0,1.0,0.0,100.0,1.0,0.0,100.0,1.0,0.0,100.0,1.0,0.0,1.1763319942429007,0.4,7.750996223913967,100.0,1.0,0.0
315,actuated,4,4,37.4766469905609,37.4766469905609,7000037.47664699,875004.6845808737,13556.0,153.69614512471657,135072.71601807975,1531.4366895473895,88.2,0.3021935214018259,93.15565518320568,85.0,38,0.8189088536248212,0.963718820861678,93.15565518320568,100.0,7.6,0.95,0.8282026758022216,0.0,8,100.0,1.0,0.0,100.0,1.0,0.0,100.0,1.0,0.0,100.0,1.0,0.0,100.0,1.0,0.0,100.0,1.0,0.0,45.24524146564545,0.6,6.625621406417773,100.0,1.0,0.0
316,actuated,4,4,502.33685813474085,228.33493551579127,5401188.095197683,675148.5118997104,12296.4,140.36986301369862,136195.8220203899,1554.7468267167794,87.6,0.2757930594564008,90.0,80.8,38,0.6100158191486913,0.9223744292237442,90.0,100.0,7.6,0.95,0.0,0.0,8,80.0,1.0,0.0,100.0,1.0,0.0,100.0,1.0,0.0,100.0,1.0,0.0,100.0,1.0,0.0,100.0,1.0,0.0,100.0,1.0,0.0,40.0,0.6,0.0
317,actuated,1,4,1131.8393019929285,235.79985458186013,2003492.3193626073,250436.53992032591,9167.8,107.60328638497653,135331.4441836704,1588.3972322027043,85.2,0.40538759586271533,73.4099105710311,66.0,35,0.4745079564634503,0.7746478873239436,73.4099105710311,100.0,7.0,0.875,0.43647505094006744,0.0,8,24.902904767741347,0.6,1.770367994307701,60.0,0.8,0.0,100.0,1.0,0.0,60.0,0.8,0.0,60.0,0.8,0.0,100.0,1.0,0.0,100.0,1.0,0.0,82.3763798005075,1.0,1.7214324132128385
318,actuated,1,1,704.0942233903829,117.34903723173049,2000704.0942233908,250088.01177792385,6004.6,74.31435643564356,133945.0947577951,1657.7363212598405,80.8,0.7235162351803502,62.88765786220438,50.8,32,0.5989680244986341,0.6287128712871287,62.88765786220438,100.0,6.4,0.8,1.2780792957663105,0.0,8,22.06825857221702,0.8,3.5550959531791797,27.006953575846637,0.6,1.999778533788977,100.0,1.0,0.0,16.522969473544435,0.4,2.508416544913922,37.50308127602693,0.6,2.161343334248405,100.0,1.0,0.0,100.0,1.0,0.0,100.0,1.0,0.0
319,actuated,1,1,710.6452542320828,122.52504383311773,2001309.3594384738,250163.66992980923,4343.4,56.85078534031414,133813.6653198229,1751.4877659662686,76.4,1.366214045195929,64.69506865320739,41.4,35,1.2871360606054616,0.5418848167539267,64.69506865320739,100.0,7.0,0.875,2.225472936184413,0.0,8,27.44999325495428,0.8,4.941901494814788,28.016004116352633,0.6,4.229003064629273,100.0,1.0,0.0,30.24731435931244,0.8,4.382129091089723,31.847237495039735,0.8,4.25074983894152,100.0,1.0,0.0,100.0,1.0,0.0,100.0,1.0,0.0
320,actuated,1,1,356.16392593200203,71.2327851864004,2033316.6040130071,254164.5755016259,4360.2,59.728767123287675,130137.85527087373,1782.7103461763525,73.0,2.0448029014135884,61.423026380981014,44.4,34,1.9865932796028671,0.6082191780821918,61.423026380981014,100.0,6.800000000000001,0.8500000000000001,3.051850059791766,0.0,8,24.301384193186095,0.6,6.073514708078099,23.538484557025185,0.8,5.904822831402114,100.0,1.0,0.0,15.798762842837277,0.8,6.187154896839604,27.745579454799554,0.6,6.249308042014314,100.0,1.0,0.0,100.0,1.0,0.0,100.0,1.0,0.0
321,actuated,1,1,370.80262313813466,80.6092658995945,5477838.65442148,684729.831802685,4581.8,66.79008746355684,122130.79196157581,1780.3322443378397,68.6,2.4919929610914764,60.470191835112814,45.8,34,2.4786395488660657,0.6676384839650146,60.470191835112814,100.0,6.800000000000001,0.8500000000000001,3.371142219212792,0.0,8,15.692954924152218,0.8,5.949621164735154,27.802131909847958,0.6,7.140890922601016,100.0,1.0,0.0,21.730779193517265,0.8,6.873109326743537,18.535668653385073,0.6,7.0055163396226305,100.0,1.0,0.0,100.0,1.0,0.0,100.0,1.0,0.0
322,actuated,1,1,70.1029980332961,17.525749508324026,3567476.4376506596,445934.55470633245,4811.0,75.171875,112719.25825138076,1761.2384101778243,64.0,2.6810155971817604,60.6127344518211,46.8,32,2.7125427428023507,0.73125,60.6127344518211,100.0,6.4,0.8,3.871523340885727,0.0,8,28.56917658776638,0.6,6.409407602815701,24.047690122934,0.4,8.330451177692822,100.0,1.0,0.0,24.544943367791348,0.4,8.148472153100894,7.740065536077054,1.0,8.083855793476399,100.0,1.0,0.0,100.0,1.0,0.0,100.0,1.0,0.0
323,actuated,1,1,79.98258031207885,19.995645078019713,4639118.70606114,579889.8382576425,5041.0,85.15202702702703,102322.88502794628,1728.427111958552,59.2,2.3903250448024407,54.39291888914454,46.8,25,2.451179689700298,0.7905405405405406,54.39291888914454,100.0,5.0,0.625,4.568615608899882,0.0,8,10.89634467540236,0.2,9.17738957227942,10.574035267782165,0.2,9.45712752677194,100.0,1.0,0.0,2.6900983239920606,0.4,8.809321935102343,10.982872845979728,0.2,9.105085837045353,100.0,1.0,0.0,100.0,1.0,0.0,100.0,1.0,0.0
324,actuated,1,1,80.86512397193073,20.216280992982682,5658026.1305835,707253.2663229374,5271.0,87.26821192052981,101635.85664698316,1682.712858393761,60.4,2.3227391987965396,54.60428211647752,46.8,25,2.3503165490024087,0.7748344370860927,54.60428211647752,100.0,5.0,0.625,4.556138587987768,0.0,8,10.82613504652727,0.2,9.236906760374959,11.266145430986398,0.2,8.876150286943755,100.0,1.0,0.0,10.622648659355036,0.2,9.413848015384856,4.1193277949514595,0.4,8.922203641198575,100.0,1.0,0.0,100.0,1.0,0.0,100.0,1.0,0.0
325,actuated,1,1,104.90544889969014,26.226362224922536,4000104.9054488996,500013.11318111245,5508.4,85.80062305295951,105801.79650814124,1648.0030608744742,64.2,1.7891658150067353,54.16627642816252,49.8,26,1.8089358003740115,0.7757009345794392,54.16627642816252,100.0,5.2,0.65,4.444301081685271,0.0,8,1.108393620697825,0.4,8.805986016709358,9.387452065143407,0.4,9.198025458585471,100.0,1.0,0.0,11.91181715719722,0.2,8.395024762412438,10.922548582261697,0.2,9.1553724157749,100.0,1.0,0.0,100.0,1.0,0.0,100.0,1.0,0.0
326,actuated,1,1,153.3164762330586,38.32911905826465,4000153.3164762324,500019.16455952905,5768.0,84.32748538011695,110292.31642530367,1612.460766451808,68.4,1.2549020164962532,74.41021684624616,55.0,32,1.297601753082741,0.804093567251462,74.41021684624616,100.0,6.4,0.8,2.908162704364926,0.0,8,43.3783304130975,0.6,6.751985208030192,77.26678357928904,0.8,4.323963604995878,100.0,1.0,0.0,44.81892847030849,0.6,6.651400402052991,29.81769230727423,0.4,5.537952419840348,100.0,1.0,0.0,100.0,1.0,0.0,100.0,1.0,0.0
327,actuated,8,1,610.126682576885,117.33205434170864,2001778.5797342383,250222.3224667798,5715.4,80.95467422096317,116569.04203151159,1651.1195755171614,70.6,1.0809417705186635,90.0,53.8,38,1.0226747885845946,0.7620396600566572,90.0,100.0,7.6,0.95,0.0,0.0,8,100.0,1.0,0.0,100.0,1.0,0.0,100.0,1.0,0.0,100.0,1.0,0.0,100.0,1.0,0.0,100.0,1.0,0.0,60.0,0.8,0.0,60.0,0.8,0.0
328,actuated,8,8,523.9195146911037,87.31991911518395,2000523.9195146908,250065.48993933634,5510.2,75.27595628415301,117472.44727019907,1604.8148534180202,73.2,0.8921461569723771,87.15883390178362,50.4,37,0.6278105563535556,0.6885245901639344,87.15883390178362,100.0,7.3999999999999995,0.925,0.42844483321621546,0.0,8,100.0,1.0,0.0,100.0,1.0,0.0,100.0,1.0,0.0,100.0,1.0,0.0,100.0,1.0,0.0,100.0,1.0,0.0,29.965396173752197,0.6,1.9089536732429697,67.30527504051679,0.8,1.518604992486754
329,actuated,8,8,546.5541270966354,91.0923545161059,2000546.5541270964,250068.31926588705,5504.0,72.61213720316623,122159.04167366136,1611.5968558530521,75.8,0.9004421130544384,90.53834039575179,52.0,38,0.7089803359110081,0.6860158311345647,90.53834039575179,100.0,7.6,0.95,0.4897987525130042,0.0,8,100.0,1.0,0.0,100.0,1.0,0.0,100.0,1.0,0.0,100.0,1.0,0.0,100.0,1.0,0.0,100.0,1.0,0.0,24.306723166014308,0.6,3.9183900201040336,100.0,1.0,0.0
330,actuated,8,8,769.1824749245723,137.3540133793879,2001282.7179215525,250160.33974019406,5768.0,71.03448275862068,124168.63883797871,1529.1704290391467,81.2,0.686022236949107,94.4997498057063,61.4,39,0.7642528601764988,0.7561576354679803,94.4997498057063,100.0,7.8,0.975,0.525600253642428,0.0,8,100.0,1.0,0.0,100.0,1.0,0.0,100.0,1.0,0.0,100.0,1.0,0.0,100.0,1.0,0.0,100.0,1.0,0.0,55.99799844565041,0.8,4.204802029139424,100.0,1.0,0.0
331,actuated,8,8,889.7735534425974,177.95471068851947,2010845.3452335626,251355.66815419533,6100.0,71.0955710955711,132226.14855643373,1541.0973025225378,85.8,0.39292732011611203,100.0,72.0,40,0.3860287594034821,0.8391608391608392,100.0,100.0,8.0,1.0,0.0,0.0,8,100.0,1.0,0.0,100.0,1.0,0.0,100.0,1.0,0.0,100.0,1.0,0.0,100.0,1.0,0.0,100.0,1.0,0.0,100.0,1.0,0.0,100.0,1.0,0.0
332,actuated,8,8,2153.106209534856,384.4832517026529,1766262.2698899184,220782.7837362398,5641.8,62.68666666666667,137687.26090672606,1529.8584545191786,90.0,0.2094403088794466,95.0,79.4,39,0.17193542504954457,0.8822222222222222,95.0,100.0,7.8,0.975,0.0,0.0,8,100.0,1.0,0.0,100.0,1.0,0.0,60.0,0.8,0.0,100.0,1.0,0.0,100.0,1.0,0.0,100.0,1.0,0.0,100.0,1.0,0.0,100.0,1.0,0.0
333,actuated,8,8,1518.2326797342441,446.5390234512483,6548385.445817103,818548.1807271378,4794.4,51.66379310344828,141001.37760628999,1519.4113966195043,92.8,0.12847882441413025,95.26940932856974,83.0,39,0.1760782213098844,0.8943965517241379,95.26940932856974,100.0,7.8,0.975,0.22966536687091577,0.0,8,100.0,1.0,0.0,100.0,1.0,0.0,62.15527462855789,0.8,1.8373229349673261,100.0,1.0,0.0,100.0,1.0,0.0,100.0,1.0,0.0,100.0,1.0,0.0,100.0,1.0,0.0
334,actuated,8,8,272.37554837861944,226.97962364884955,8979052.060294252,1122381.5075367815,3921.0,42.16129032258065,141141.30962816504,1517.6484906254304,93.0,0.07145362241158078,100.0,85.8,40,0.17660558945606278,0.9225806451612903,100.0,100.0,8.0,1.0,0.0,0.0,8,100.0,1.0,0.0,100.0,1.0,0.0,100.0,1.0,0.0,100.0,1.0,0.0,100.0,1.0,0.0,100.0,1.0,0.0,100.0,1.0,0.0,100.0,1.0,0.0
335,actuated,8,8,342.84906844485084,342.84906844485084,9780808.688130073,1222601.0860162592,4181.0,44.57356076759062,141437.17458369862,1507.8590040906035,93.8,0.03866330481906037,100.0,88.8,40,0.1102728425111325,0.9466950959488273,100.0,100.0,8.0,1.0,0.0,0.0,8,100.0,1.0,0.0,100.0,1.0,0.0,100.0,1.0,0.0,100.0,1.0,0.0,100.0,1.0,0.0,100.0,1.0,0.0,100.0,1.0,0.0,100.0,1.0,0.0
336,actuated,8,8,0.0,0.0,7003641.743418572,875455.2179273214,4634.8,49.306382978723406,142673.41321972656,1517.8022682949634,94.0,0.005184400674259265,100.0,92.4,40,0.016160084069583275,0.9829787234042553,100.0,100.0,8.0,1.0,0.0,0.0,8,100.0,1.0,0.0,100.0,1.0,0.0,100.0,1.0,0.0,100.0,1.0,0.0,100.0,1.0,0.0,100.0,1.0,0.0,100.0,1.0,0.0,100.0,1.0,0.0
337,actuated,8,8,0.0,0.0,7100012.359503393,887501.5449379241,5103.0,54.287234042553195,142957.43036190126,1520.8237272542688,94.0,0.0003401249257039098,100.0,94.0,40,0.0013519370309403311,1.0,100.0,100.0,8.0,1.0,0.0,0.0,8,100.0,1.0,0.0,100.0,1.0,0.0,100.0,1.0,0.0,100.0,1.0,0.0,100.0,1.0,0.0,100.0,1.0,0.0,100.0,1.0,0.0,100.0,1.0,0.0
338,actuated,8,8,0.0,0.0,9199093.570092712,1149886.696261589,5573.0,59.287234042553195,142973.41651831506,1520.9937927480325,94.0,8.010037798607709e-06,100.0,94.0,40,3.865916574668918e-05,1.0,100.0,100.0,8.0,1.0,0.0,0.0,8,100.0,1.0,0.0,100.0,1.0,0.0,100.0,1.0,0.0,100.0,1.0,0.0,100.0,1.0,0.0,100.0,1.0,0.0,100.0,1.0,0.0,100.0,1.0,0.0
339,actuated,8,8,0.0,0.0,10004738.226411732,1250592.2783014665,6043.0,64.2872340425532,142974.00031524705,1521.000003353692,94.0,2.1045582393478615e-07,100.0,94.0,40,1.3142961992240251e-06,1.0,100.0,100.0,8.0,1.0,0.0,0.0,8,100.0,1.0,0.0,100.0,1.0,0.0,100.0,1.0,0.0,100.0,1.0,0.0,100.0,1.0,0.0,100.0,1.0,0.0,100.0,1.0,0.0,100.0,1.0,0.0
