step,control_mode,phase,prev_phase,TotalTravelTime,AvgTravelTime,TotalTravelTime_Raw,AvgTravelTime_Raw,TotalWaitingTime,AvgWaitingTime,TotalCO2,AvgCO2,VehCount,AvgSpeed,AvgOccupancy,QueueLength,Throughput,SpeedStd,HaltRatio,det_occ_mean,det_occ_max,det_veh_sum,det_veh_mean,det_speed_mean,det_speed_min,n_detectors,d0_occ,d0_veh,d0_speed,d1_occ,d1_veh,d1_speed,d2_occ,d2_veh,d2_speed,d3_occ,d3_veh,d3_speed,d4_occ,d4_veh,d4_speed,d5_occ,d5_veh,d5_speed,d6_occ,d6_veh,d6_speed,d7_occ,d7_veh,d7_speed
0,mixed_20,0,0,682.3275162965643,87.47788670468773,1166.8095928216721,145.85119910270902,37.6,1.3146853146853146,44744.52562136998,1564.4939028451042,28.6,3.632846956455192,34.050976194222926,11.6,16,4.225247641557759,0.40559440559440557,34.050976194222926,100.0,3.2,0.4,0.4321946129636447,0.0,8,0.0,0.0,0.0,0.0,0.0,0.0,100.0,1.0,0.0,72.40780955378341,0.8,3.4575569037091576,0.0,0.0,0.0,100.0,1.0,0.0,0.0,0.2,0.0,0.0,0.2,0.0
1,mixed_20,0,0,803.0983951945474,102.96133271724966,200803.09839519457,25100.38729939932,53.6,1.6855345911949686,53627.24056361455,1686.3912126922814,31.8,2.348657337388599,39.07561360502946,13.8,19,2.168479888804638,0.4339622641509434,39.07561360502946,100.0,3.8,0.475,2.0436401089861285,0.0,8,0.0,0.0,0.0,0.0,0.0,0.0,100.0,1.0,0.0,100.0,1.0,0.0,2.1767574173210846,0.4,8.736256290506573,100.0,1.0,0.0,0.0,0.0,0.0,10.428151422914596,0.4,7.612864581382453
2,mixed_20,0,0,702.4384256896253,87.80480321120316,702.4384256896253,87.80480321120316,90.0,2.727272727272727,54896.12010804932,1663.5187911530095,33.0,2.8128916261308934,40.5412542594113,16.0,17,2.4345812536331715,0.48484848484848486,40.5412542594113,100.0,3.4000000000000004,0.42500000000000004,2.0843733768674553,0.0,8,0.0,0.0,0.0,10.722701163877275,0.2,9.326008295081545,100.0,1.0,0.0,100.0,1.0,0.0,0.0,0.0,0.0,100.0,1.0,0.0,0.0,0.0,0.0,13.607332911413152,0.2,7.348978719858098
3,mixed_20,0,0,1158.7942594706808,144.8492824338351,1158.7942594706808,144.8492824338351,182.6,4.908602150537634,58606.55367787801,1575.4449913408066,37.2,3.015275225456233,44.725921030462,24.4,20,3.880369632045493,0.6559139784946236,44.725921030462,100.0,4.0,0.5,1.7355390290576738,0.0,8,0.0,0.0,0.0,0.0,0.0,0.0,100.0,1.0,0.0,100.0,1.0,0.0,49.01859506854919,0.6,5.353487894654837,100.0,1.0,0.0,8.788773175146787,0.4,8.530824337806553,0.0,0.0,0.0
4,mixed_20,0,0,759.9930448220026,115.15046133666706,209420.0383010308,26177.50478762885,322.4,7.98019801980198,64885.83703005568,1606.085075001378,40.4,2.229112903418217,54.614198953125026,31.8,24,3.9802244217349996,0.7871287128712872,54.614198953125026,100.0,4.800000000000001,0.6,1.6845940517945308,0.0,8,3.2083471525388063,0.4,8.837260486371816,0.0,0.0,0.0,100.0,1.0,0.0,100.0,1.0,0.0,100.0,1.0,0.0,100.0,1.0,0.0,0.0,0.0,0.0,33.7052444724614,0.4,4.63949192798443
5,mixed_20,0,0,780.2117597599383,114.73702349410858,484386.37922599044,60548.297403248805,488.2,11.300925925925926,70650.00562446579,1635.4167968626339,43.2,1.172225093306515,62.5,34.8,25,0.7431470713203998,0.8055555555555556,62.5,100.0,5.0,0.625,0.0,0.0,8,0.0,0.0,0.0,0.0,0.0,0.0,100.0,1.0,0.0,100.0,1.0,0.0,100.0,1.0,0.0,100.0,1.0,0.0,0.0,0.0,0.0,100.0,1.0,0.0
6,mixed_20,0,0,481.3451204827003,100.2802334338959,1694881.4135815315,211860.17669769144,667.6,14.835555555555555,71829.71863010856,1596.215969557968,45.0,1.3218605693552652,63.28052341493403,37.8,27,1.8881991284816024,0.84,63.28052341493404,100.0,5.4,0.675,2.140741248964332,0.0,8,0.0,0.0,0.0,6.154247633149339,0.2,9.181050985213371,100.0,1.0,0.0,100.0,1.0,0.0,100.0,1.0,0.0,100.0,1.0,0.0,0.08993968632296401,0.2,7.944879006501286,100.0,1.0,0.0
7,mixed_20,0,0,1224.1358636971697,226.69182661058696,2031062.4441292882,253882.80551616102,863.0,17.757201646090536,77699.98192056904,1598.7650600940133,48.6,1.0576090275629473,75.42866345970964,40.6,32,1.7757829344215508,0.8353909465020576,75.42866345970964,100.0,6.4,0.8,1.121063488034997,0.0,8,0.0,0.0,0.0,3.429307677677116,0.4,8.968507904279976,100.0,1.0,0.0,100.0,1.0,0.0,100.0,1.0,0.0,100.0,1.0,0.0,100.0,1.0,0.0,100.0,1.0,0.0
8,mixed_20,0,0,576.2048875828181,120.0426849130871,2416950.856778302,302118.8570972878,1074.6,21.841463414634145,77161.86808502511,1568.3306521346567,49.2,0.6382086273225986,75.0,44.0,31,0.7339551130223413,0.8943089430894309,75.0,100.0,6.2,0.775,0.0,0.0,8,0.0,0.0,0.0,0.0,0.2,0.0,100.0,1.0,0.0,100.0,1.0,0.0,100.0,1.0,0.0,100.0,1.0,0.0,100.0,1.0,0.0,100.0,1.0,0.0
9,mixed_20,0,0,1090.990102253793,237.17176135952025,2942020.8601070736,367752.6075133842,1300.6,24.44736842105263,80933.02779730313,1521.2975149869012,53.2,0.3907399580462005,75.0,47.0,30,0.4574570900334396,0.8834586466165414,75.0,100.0,6.0,0.75,0.0,0.0,8,0.0,0.0,0.0,0.0,0.0,0.0,100.0,1.0,0.0,100.0,1.0,0.0,100.0,1.0,0.0,100.0,1.0,0.0,100.0,1.0,0.0,100.0,1.0,0.0
10,mixed_20,1,0,651.8474303764926,130.36948607529854,2604233.4186578942,325529.1773322368,1200.6,23.088461538461537,85276.43154815512,1639.93137592606,52.0,0.8282222979518137,65.0,40.4,28,1.0053931153585294,0.7769230769230769,65.0,100.0,5.6,0.7,0.0,0.0,8,0.0,0.0,0.0,0.0,0.0,0.0,100.0,1.0,0.0,60.0,0.8,0.0,60.0,0.8,0.0,100.0,1.0,0.0,100.0,1.0,0.0,100.0,1.0,0.0
11,mixed_20,1,1,719.9879467198648,119.99799111997747,4153882.112008778,519235.26400109724,1264.2,25.90573770491803,81673.98231207495,1673.6471785261258,48.8,2.261761426906907,58.52706032456972,35.4,26,2.498413897135446,0.7254098360655737,58.52706032456972,100.0,5.2,0.65,0.47613456415461064,0.0,8,0.0,0.0,0.0,0.0,0.0,0.0,100.0,1.0,0.0,32.24731936890521,0.6,2.1232971417517774,35.96916322765253,0.6,1.6857793714851077,100.0,1.0,0.0,100.0,1.0,0.0,100.0,1.0,0.0
12,mixed_20,1,1,482.2743298065483,80.37905496775805,2000482.274329807,250060.28429122586,1443.0,30.70212765957447,79849.7325970284,1698.9304807878384,47.0,2.5487590250619725,58.04786696400697,36.8,31,2.8498878564814323,0.7829787234042553,58.04786696400697,100.0,6.2,0.775,3.231169336695526,0.0,8,10.955391004343369,0.2,9.127926147077183,11.05801934953547,0.2,9.043210799246868,100.0,1.0,0.0,15.197928339026134,0.8,4.000983898231096,27.171597019150795,1.0,3.6772338490090624,100.0,1.0,0.0,100.0,1.0,0.0,100.0,1.0,0.0
13,mixed_20,1,1,507.39699494749476,90.60660624062407,2006139.2040752943,250767.4005094118,1624.8,36.92727272727273,70742.51361671343,1607.7844003798507,44.0,3.258851172374571,51.659095073733496,37.2,22,4.220839363911555,0.8454545454545455,51.659095073733496,100.0,4.4,0.55,0.7181064280761716,0.0,8,0.0,0.0,0.0,0.0,0.0,0.0,100.0,1.0,0.0,13.272760589867971,0.4,5.744851424609373,0.0,0.0,0.0,100.0,1.0,0.0,100.0,1.0,0.0,100.0,1.0,0.0
14,mixed_20,1,1,561.9448861408013,104.06386780385208,2003267.0304768353,250408.37880960442,1816.0,40.535714285714285,72515.99547684896,1618.6606133225214,44.8,3.8347232198717323,50.727196723719814,39.2,21,4.603173425144752,0.875,50.727196723719814,100.0,4.2,0.525,1.1501323767821308,0.0,8,0.0,0.0,0.0,0.0,0.0,0.0,100.0,1.0,0.0,5.817573789758512,0.2,9.201059014257046,0.0,0.0,0.0,100.0,1.0,0.0,100.0,1.0,0.0,100.0,1.0,0.0
15,mixed_20,1,1,147.6976435751419,30.7703424114879,2219034.1381922467,277379.26727403083,2012.2,45.52488687782805,70873.23485548237,1603.4668519339903,44.2,4.473738544491183,52.76816949645848,39.8,23,5.109404301852508,0.9004524886877828,52.76816949645848,100.0,4.6,0.575,2.2578719831653977,0.0,8,11.130823097320217,0.2,8.984061567205693,0.0,0.0,0.0,100.0,1.0,0.0,0.0,0.2,0.0,11.014532874347651,0.2,9.078914298117487,100.0,1.0,0.0,100.0,1.0,0.0,100.0,1.0,0.0
16,mixed_20,1,1,250.23823266157177,62.55955816539294,5265943.359435754,658242.9199294692,2212.6,49.60986547085202,69635.83987537299,1561.3417012415468,44.6,2.881462013584664,50.0,41.0,20,4.659053339016387,0.9192825112107623,50.0,100.0,4.0,0.5,0.0,0.0,8,0.0,0.0,0.0,0.0,0.0,0.0,100.0,1.0,0.0,0.0,0.0,0.0,0.0,0.0,0.0,100.0,1.0,0.0,100.0,1.0,0.0,100.0,1.0,0.0
17,mixed_20,1,1,373.68832751435343,84.92916534417122,3458455.704823275,432306.9631029094,2417.0,52.316017316017316,74721.65337307547,1617.3518046120232,46.2,1.8878390467316712,51.34884894825099,41.2,21,2.2192896215665456,0.8917748917748918,51.34884894825099,100.0,4.2,0.525,1.1583950908854885,0.0,8,0.0,0.0,0.0,0.0,0.0,0.0,100.0,1.0,0.0,10.790791586007913,0.2,9.267160727083908,0.0,0.0,0.0,100.0,1.0,0.0,100.0,1.0,0.0,100.0,1.0,0.0
18,mixed_20,1,1,276.13571916154876,55.22714383230975,3000276.135719161,375034.5169648951,2622.0,57.0,75289.99023953758,1636.7389182508168,46.0,3.234056318694659,51.17786863070911,41.0,21,3.283630468319889,0.8913043478260869,51.17786863070911,100.0,4.2,0.525,1.1002528661862017,0.0,8,9.422949045672908,0.2,8.802022929489613,0.0,0.0,0.0,100.0,1.0,0.0,0.0,0.0,0.0,0.0,0.0,0.0,100.0,1.0,0.0,100.0,1.0,0.0,100.0,1.0,0.0
19,mixed_20,1,1,249.87306006704247,54.32023044935706,3200847.4172049733,400105.92715062166,2827.0,60.66523605150215,75941.3114060018,1629.6418756652747,46.6,3.275737819351973,52.70000453102277,41.8,25,4.056530315467892,0.8969957081545065,52.70000453102277,100.0,5.0,0.625,3.4913452431327014,0.0,8,0.0,0.2,0.0,10.670903836027037,0.2,9.371277404110854,100.0,1.0,0.0,10.311397775730597,0.2,9.698006242700172,0.6177346364245295,0.4,8.861478298250585,100.0,1.0,0.0,100.0,1.0,0.0,100.0,1.0,0.0
20,mixed_20,1,1,725.440668030594,157.70449305012914,3002201.621539512,375275.202692439,3035.6,64.58723404255319,73217.56882700894,1557.8206133406159,47.0,1.3824302887933224,50.0,42.4,20,1.8288911331945386,0.902127659574468,50.0,100.0,4.0,0.5,0.0,0.0,8,0.0,0.0,0.0,0.0,0.0,0.0,100.0,1.0,0.0,0.0,0.0,0.0,0.0,0.0,0.0,100.0,1.0,0.0,100.0,1.0,0.0,100.0,1.0,0.0
21,mixed_20,1,1,212.20014246742576,44.20836301404704,3000684.211700172,375085.5264625215,3250.0,68.56540084388186,74962.93906974526,1581.4966048469464,47.4,3.320191044658434,50.0,43.2,20,4.463302472819879,0.9113924050632911,50.0,100.0,4.0,0.5,0.0,0.0,8,0.0,0.0,0.0,0.0,0.0,0.0,100.0,1.0,0.0,0.0,0.0,0.0,0.0,0.0,0.0,100.0,1.0,0.0,100.0,1.0,0.0,100.0,1.0,0.0
22,mixed_20,10,1,225.46708430616633,62.629745640601755,3843853.5305682113,480481.6913210264,3156.4,65.48547717842324,76625.12594339282,1589.7329033898925,48.2,2.2857512513284344,49.870084209558385,41.8,23,3.2631845426499155,0.8672199170124482,49.870084209558385,100.0,4.6,0.575,2.2355331234517184,0.0,8,0.0,0.0,0.0,8.216532132816496,0.4,8.576867128629237,100.0,1.0,0.0,10.744141543650585,0.2,9.307397858984512,0.0,0.0,0.0,80.0,1.0,0.0,100.0,1.0,0.0,100.0,1.0,0.0
23,mixed_20,10,10,399.9683661608766,79.99367323217533,4154925.9808931933,519365.74761164916,2955.2,60.310204081632655,79018.60092900856,1612.6245087552768,49.0,1.158666344073877,43.04923592067617,39.2,19,1.3594360982533624,0.8,43.04923592067617,100.0,3.8,0.475,1.3567859477928703,0.0,8,0.0,0.0,0.0,0.0,0.0,0.0,100.0,1.0,0.0,0.0,0.0,0.0,11.230060468820966,0.2,8.904671553429214,33.163826896588375,0.6,1.9496160289137483,100.0,1.0,0.0,100.0,1.0,0.0
24,mixed_20,10,10,468.08150188849476,83.58598248008836,2200749.371414379,275093.6714267974,2801.0,56.70040485829959,83493.29175094524,1690.1476062944382,49.4,1.5835623397812841,42.076387551254086,36.6,20,1.2625676045261771,0.7408906882591093,42.076387551254086,100.0,4.0,0.5,1.6083085279906886,0.0,8,0.0,0.0,0.0,0.0,0.0,0.0,100.0,1.0,0.0,11.119833830636026,0.2,8.9929401394913,0.0,0.0,0.0,25.491266579396665,0.8,3.8735280844342097,100.0,1.0,0.0,100.0,1.0,0.0
25,mixed_20,10,10,360.8334741281237,62.21266795312478,2001556.3178144326,250194.53972680407,2889.0,59.6900826446281,81885.53774204761,1691.8499533480913,48.4,2.0665384712917687,41.629766637305316,36.2,22,1.7353325963675585,0.7479338842975206,41.62976663730532,100.0,4.4,0.55,3.923445422490959,0.0,8,11.65220957381905,0.2,8.58206328735166,11.233762114957244,0.2,8.901737367827518,100.0,1.0,0.0,0.0,0.0,0.0,1.5743724493711397,0.4,8.609485905990004,8.577788960295152,0.6,5.2942768187584885,100.0,1.0,0.0,100.0,1.0,0.0
26,mixed_20,10,10,443.73158640146437,116.77147010564852,4144328.2070208164,518041.02587760205,3076.4,61.77510040160642,81832.75988983618,1643.2281102376742,49.8,1.0401029054063076,41.5607144676644,39.6,19,1.6179217805178485,0.7951807228915663,41.5607144676644,100.0,3.8,0.475,0.8323693714196364,0.0,8,0.0,0.0,0.0,0.0,0.0,0.0,100.0,1.0,0.0,0.0,0.0,0.0,0.0,0.0,0.0,32.485715741315175,0.8,6.658954971357091,100.0,1.0,0.0,100.0,1.0,0.0
27,mixed_20,10,10,450.71575756828105,107.31327561149548,3600837.568449998,450104.6960562497,3277.2,65.28286852589642,80197.55505211788,1597.5608576119098,50.2,1.0676311496835487,51.606409597186484,41.2,23,1.5267372427481487,0.8207171314741036,51.606409597186484,100.0,4.6,0.575,1.6619402415067643,0.0,8,0.0,0.0,0.0,0.0,0.0,0.0,100.0,1.0,0.0,82.39193946487035,1.0,7.4590639343653615,0.0,0.0,0.0,30.45933731262153,0.6,5.836457997688753,100.0,1.0,0.0,100.0,1.0,0.0
28,mixed_20,10,10,755.2202406344259,139.85560011748626,2600755.220240635,325094.40253007936,3490.4,66.86590038314176,83797.42477434727,1605.3146508495645,52.2,1.037145117177278,64.36510616212985,44.2,26,1.0167857967562681,0.8467432950191571,64.36510616212985,100.0,5.2,0.65,0.5878169662461625,0.0,8,0.0,0.0,0.0,0.0,0.0,0.0,100.0,1.0,0.0,100.0,1.0,0.0,14.920849297038785,0.2,4.7025357299693,100.0,1.0,0.0,100.0,1.0,0.0,100.0,1.0,0.0
29,mixed_20,10,10,1033.2707430026908,215.2647381255606,3031847.0840992276,378980.88551240345,3719.8,67.3876811594203,84689.24280327876,1534.225413102876,55.2,0.6519868162043985,78.59503002702262,48.2,32,0.8192559319842757,0.8731884057971014,78.59503002702262,100.0,6.4,0.8,0.7339611564558096,0.0,8,28.760240216180932,0.4,5.871689251646477,0.0,0.0,0.0,100.0,1.0,0.0,100.0,1.0,0.0,100.0,1.0,0.0,100.0,1.0,0.0,100.0,1.0,0.0,100.0,1.0,0.0
30,mixed_20,7,10,1147.4010975666647,191.2335162611108,2661461.7124016182,332682.7140502023,3410.0,62.0,89640.32000293149,1629.8240000532996,55.0,0.905003250591359,77.5,43.8,33,1.1294621955606552,0.7963636363636364,77.5,100.0,6.6,0.825,0.0,0.0,8,60.0,0.8,0.0,0.0,0.0,0.0,60.0,0.8,0.0,100.0,1.0,0.0,100.0,1.0,0.0,100.0,1.0,0.0,100.0,1.0,0.0,100.0,1.0,0.0
31,mixed_20,7,7,594.2229790710546,95.84241597920236,1401412.3005853076,175176.53757316346,3015.0,56.67293233082707,87001.37972905333,1635.364280621303,53.2,2.0119767120540875,66.1687629576285,40.8,30,3.0585576839281807,0.7669172932330827,66.1687629576285,100.0,6.0,0.75,1.2973754016595047,0.0,8,0.0,0.0,0.0,6.791764219119614,0.4,8.77596904616803,22.5583394419084,0.6,1.6030341671080086,100.0,1.0,0.0,100.0,1.0,0.0,100.0,1.0,0.0,100.0,1.0,0.0,100.0,1.0,0.0
32,mixed_20,7,7,667.9223284223589,123.68932007821459,2333509.4644270786,291688.6830533848,2680.2,51.14885496183206,84509.9811681702,1612.78590015592,52.4,2.4234729363159584,66.35892747500364,40.0,30,4.424915513105859,0.7633587786259542,66.35892747500364,100.0,6.0,0.75,0.4221768581003347,0.0,8,0.0,0.0,0.0,0.0,0.0,0.0,30.871419800029116,1.0,3.3774148648026774,100.0,1.0,0.0,100.0,1.0,0.0,100.0,1.0,0.0,100.0,1.0,0.0,100.0,1.0,0.0
33,mixed_20,7,7,903.6692349614814,155.80504051060024,2200903.6692349617,275112.9586543702,2742.0,50.96654275092937,89862.8368919896,1670.3129533827062,53.8,1.4911764289914142,64.71302212511489,41.4,28,1.8553724482486904,0.7695167286245354,64.71302212511489,100.0,5.6,0.7,0.6967447823504682,0.0,8,0.0,0.0,0.0,0.0,0.0,0.0,17.704177000919117,0.6,5.573958258803746,100.0,1.0,0.0,100.0,1.0,0.0,100.0,1.0,0.0,100.0,1.0,0.0,100.0,1.0,0.0
34,mixed_20,7,7,348.23495784416093,75.70325170525238,2010487.7695527219,251310.97119409023,2950.8,54.24264705882353,85999.19324822344,1580.8675229452838,54.4,2.071682328454112,67.97062365054799,43.2,31,2.5166767637503247,0.7941176470588235,67.97062365054799,100.0,6.2,0.775,1.951887622493591,0.0,8,10.779105187451705,0.2,9.277207918558318,0.0,0.0,0.0,32.98588401693223,1.0,6.33789306139041,100.0,1.0,0.0,100.0,1.0,0.0,100.0,1.0,0.0,100.0,1.0,0.0,100.0,1.0,0.0
35,mixed_20,7,7,689.8542234158011,143.7196298782919,4119549.9769024355,514943.74711280444,3176.0,56.113074204947,88674.68055696142,1566.6904692042656,56.6,1.6685169025505833,76.10105318059865,47.2,31,2.658906214544914,0.833922261484099,76.10105318059865,100.0,6.2,0.775,1.2053760764771144,0.0,8,0.0,0.0,0.0,8.808425444789236,0.2,9.643008611816915,100.0,1.0,0.0,100.0,1.0,0.0,100.0,1.0,0.0,100.0,1.0,0.0,100.0,1.0,0.0,100.0,1.0,0.0
36,mixed_20,7,7,458.32420732046677,120.611633505386,3802426.8521681167,475303.3565210146,3426.4,58.67123287671233,90525.48779048,1550.0939690150685,58.4,0.9735618795955393,75.0,52.2,31,1.7811091148946485,0.8938356164383562,75.0,100.0,6.2,0.775,0.0,0.0,8,0.0,0.0,0.0,0.0,0.2,0.0,100.0,1.0,0.0,100.0,1.0,0.0,100.0,1.0,0.0,100.0,1.0,0.0,100.0,1.0,0.0,100.0,1.0,0.0
37,mixed_20,2,7,670.9496662459136,167.7374165614784,2895537.502280871,361942.18778510886,3186.8,53.46979865771812,93276.67770962324,1565.0449280138128,59.6,0.6838488336977614,70.43666047185013,51.4,31,1.2185627816946896,0.8624161073825504,70.43666047185013,100.0,6.2,0.7749999999999999,1.1705756828188896,0.0,8,3.493283774801057,0.4,9.364605462551117,0.0,0.0,0.0,100.0,1.0,0.0,100.0,1.0,0.0,100.0,1.0,0.0,100.0,1.0,0.0,100.0,1.0,0.0,60.0,0.8,0.0
38,mixed_20,2,2,664.5170701987573,174.8729132101993,3050565.8417439917,381320.73021799896,2786.0,46.74496644295302,94165.32372077662,1579.955095986185,59.6,0.31449031958951407,66.04798319413732,50.4,28,0.38829679339836276,0.8456375838926175,66.04798319413732,100.0,5.6,0.7,0.23935009343892005,0.0,8,0.0,0.0,0.0,0.0,0.0,0.0,100.0,1.0,0.0,100.0,1.0,0.0,100.0,1.0,0.0,100.0,1.0,0.0,100.0,1.0,0.0,28.38386555309853,0.6,1.9148007475113604
39,mixed_20,2,2,1055.776537251092,251.37536601216473,3401616.18114088,425202.02264261,2602.4,42.52287581699346,97615.2925617322,1595.021120289742,61.2,0.47669643873183054,68.20236701105969,50.0,30,0.8065923475351375,0.8169934640522876,68.20236701105969,100.0,6.0,0.75,0.476573277644707,0.0,8,0.0,0.0,0.0,0.0,0.0,0.0,100.0,1.0,0.0,100.0,1.0,0.0,100.0,1.0,0.0,100.0,1.0,0.0,100.0,1.0,0.0,45.61893608847754,1.0,3.812586221157656
40,mixed_20,2,2,992.2053874677258,198.44107749354515,2236337.2066532294,279542.1508316537,2832.4,44.81645569620253,100881.12228658624,1596.2202893447188,63.2,0.7486361451204007,65.75173683692185,52.2,29,1.1087099470415553,0.8259493670886076,65.75173683692185,100.0,5.8,0.725,0.5428602603972671,0.0,8,0.0,0.0,0.0,0.0,0.0,0.0,100.0,1.0,0.0,100.0,1.0,0.0,100.0,1.0,0.0,100.0,1.0,0.0,100.0,1.0,0.0,26.013894695374802,0.8,4.342882083178137
41,mixed_20,2,2,430.3080685810199,102.45430204309997,5286284.33376389,660785.5417204862,3102.2,48.17080745341615,99222.77007949603,1540.7262434704353,64.4,0.7956447576136463,75.0,56.2,30,0.9355700546736179,0.8726708074534162,75.0,100.0,6.0,0.75,0.0,0.0,8,0.0,0.0,0.0,0.0,0.0,0.0,100.0,1.0,0.0,100.0,1.0,0.0,100.0,1.0,0.0,100.0,1.0,0.0,100.0,1.0,0.0,100.0,1.0,0.0
42,mixed_20,3,2,899.8544179457054,187.46967040535532,3001103.2966801673,375137.9120850209,2858.6,44.250773993808046,102818.10704654074,1591.6115641879371,64.6,0.7859452220624593,66.28575323865263,53.2,30,1.2561517393711827,0.8235294117647058,66.28575323865263,100.0,6.0,0.75,1.179501468804665,0.0,8,0.0,0.0,0.0,10.286025909221053,0.4,9.43601175043732,100.0,1.0,0.0,60.0,0.8,0.0,60.0,0.8,0.0,100.0,1.0,0.0,100.0,1.0,0.0,100.0,1.0,0.0
43,mixed_20,3,3,496.4583838582399,107.92573562135651,3202669.8795007216,400333.7349375902,2770.6,43.562893081761004,102454.91103241043,1610.9262740945035,63.6,0.7407294176271891,65.74445038964967,48.0,30,0.8550862794580405,0.7547169811320755,65.74445038964967,100.0,6.2,0.775,1.2660117569603666,0.0,8,20.0,0.2,0.016386124291869544,45.585300186111226,0.8,6.028226497492821,100.0,1.0,0.0,30.393841970102358,0.6,2.0138431836415114,29.976460960983786,0.6,2.0696382502567294,100.0,1.0,0.0,100.0,1.0,0.0,100.0,1.0,0.0
44,mixed_20,3,3,484.10999526758025,127.39736717567902,4002820.0776149863,500352.5097018733,2983.4,47.964630225080384,101553.67858270528,1632.6957971496026,62.2,1.0434226271433196,58.78141512773893,48.0,30,1.3686940287012561,0.7717041800643086,58.78141512773894,100.0,6.0,0.75,1.0358018090939347,0.0,8,20.0,0.4,0.0,0.0,0.2,0.0,100.0,1.0,0.0,28.538254018720863,0.6,4.136702000499291,21.713067003190645,0.8,4.149712472252187,100.0,1.0,0.0,100.0,1.0,0.0,100.0,1.0,0.0
45,mixed_20,3,3,81.10889557923105,27.03629852641035,4910195.120661585,613774.3900826981,3229.0,54.54391891891892,97773.70669908059,1651.5828834304154,59.2,1.4349757637245082,54.80016277847625,50.2,27,1.9761600398688925,0.847972972972973,54.80016277847625,100.0,5.4,0.675,1.4410424614437523,0.0,8,0.0,0.0,0.0,0.0,0.0,0.0,100.0,1.0,0.0,23.458494538206196,0.8,5.530910400886695,14.942807689603796,0.6,5.997429290663323,100.0,1.0,0.0,100.0,1.0,0.0,100.0,1.0,0.0
46,mixed_20,3,3,273.4332594954215,85.44789359231922,4800273.433259496,600034.179157437,3480.2,61.271126760563384,91048.18967309452,1602.9610857939174,56.8,1.5953834301526542,63.81212033882364,50.8,30,2.6105768062484995,0.8943661971830986,63.81212033882363,100.0,6.0,0.75,2.227489746007405,0.0,8,95.2828969337611,1.0,4.571677049629611,0.0,0.0,0.0,100.0,1.0,0.0,10.984974956037377,0.4,6.4669644982821595,4.229090820790589,0.6,6.781276420147471,100.0,1.0,0.0,100.0,1.0,0.0,100.0,1.0,0.0
47,mixed_20,3,3,231.30273161946715,57.82568290486679,4000231.302731619,500028.9128414524,3735.0,67.4187725631769,87794.35031980985,1584.735565339528,55.4,1.7556950249032206,63.08731950288205,51.2,27,2.6703089572246133,0.924187725631769,63.08731950288205,100.0,5.4,0.675,1.093041741475463,0.0,8,100.0,1.0,0.0,0.0,0.0,0.0,100.0,1.0,0.0,4.698556023056426,0.4,8.744333931803704,0.0,0.0,0.0,100.0,1.0,0.0,100.0,1.0,0.0,100.0,1.0,0.0
48,mixed_20,3,3,90.83337704858117,28.385430327681615,4800090.833377047,600011.3541721309,3990.0,72.54545454545455,86641.28293781632,1575.296053414842,55.0,1.7648592147257745,64.07945887817618,51.0,27,2.702881710999379,0.9272727272727272,64.07945887817618,100.0,5.4,0.675,2.1171048022364793,0.0,8,100.0,1.0,0.0,2.3177826416838343,0.2,7.24493283789645,100.0,1.0,0.0,0.0,0.0,0.0,10.31788838372563,0.2,9.691905579995385,100.0,1.0,0.0,100.0,1.0,0.0,100.0,1.0,0.0
49,mixed_20,3,3,443.8499574280607,170.71152208771565,4803639.365009139,600454.9206261424,4248.4,74.27272727272727,87946.79399439367,1537.531363538351,57.2,0.643036046690656,75.0,53.2,30,1.1578807453630102,0.9300699300699301,75.0,100.0,6.0,0.75,0.0,0.0,8,100.0,1.0,0.0,100.0,1.0,0.0,100.0,1.0,0.0,0.0,0.0,0.0,0.0,0.0,0.0,100.0,1.0,0.0,100.0,1.0,0.0,100.0,1.0,0.0
50,mixed_20,3,3,292.0569679698745,97.35232265662484,4485843.649343677,560730.4561679596,4517.2,77.88275862068966,90020.56353740797,1552.0786816794478,58.0,0.8748881215061152,75.77376470095317,54.2,32,1.458265221625689,0.9344827586206896,75.77376470095317,100.0,6.4,0.8,1.1668614239315502,0.0,8,100.0,1.0,0.0,100.0,1.0,0.0,100.0,1.0,0.0,6.190117607625325,0.4,9.334891391452402,0.0,0.0,0.0,100.0,1.0,0.0,100.0,1.0,0.0,100.0,1.0,0.0
51,mixed_20,2,3,551.4225725578181,145.11120330468896,3801595.362939938,475199.42036749225,4632.2,80.14186851211073,91992.07228899602,1591.558344100277,57.8,1.1992720543364188,72.5,52.4,30,2.0364971711649953,0.9065743944636678,72.5,100.0,6.0,0.75,0.0,0.0,8,100.0,1.0,0.0,100.0,1.0,0.0,100.0,1.0,0.0,0.0,0.0,0.0,0.0,0.0,0.0,100.0,1.0,0.0,100.0,1.0,0.0,80.0,1.0,0.0
52,mixed_20,2,2,434.3151818597592,94.41634388255636,3002883.2223200323,375360.40279000404,4674.0,80.30927835051547,91637.1468235876,1574.5214230856975,58.2,1.01072052266936,74.80851245476657,48.2,33,1.3778799417430079,0.8281786941580757,74.80851245476657,100.0,6.6,0.825,2.2223693654157146,0.0,8,100.0,1.0,0.0,100.0,1.0,0.0,100.0,1.0,0.0,62.88034563497945,0.8,7.071475195219942,11.267475840005545,0.2,8.875102234073287,100.0,1.0,0.0,100.0,1.0,0.0,24.320278163147577,0.6,1.8323774940324873
53,mixed_20,2,2,502.2962725968311,125.57406814920778,3102177.3182920637,387772.16478650796,4748.4,83.01398601398601,92750.89743519588,1621.5191859299978,57.2,0.7599544982945232,76.06971367919229,46.8,34,0.9659533553731536,0.8181818181818182,76.06971367919229,100.0,6.8,0.85,0.5130211599810116,0.0,8,100.0,1.0,0.0,100.0,1.0,0.0,100.0,1.0,0.0,100.0,1.0,0.0,0.0,0.0,0.0,100.0,1.0,0.0,100.0,1.0,0.0,8.55770943353832,0.8,4.104169279848093
54,mixed_20,2,2,569.1794392670256,129.35896346977853,3218021.757531491,402252.7196914364,4975.6,86.98601398601399,94224.99376177357,1647.2901007303071,57.2,1.1633967259291693,76.28712235186129,47.8,33,1.5397594314337484,0.8356643356643356,76.28712235186129,100.0,6.6,0.825,0.6934089110513526,0.0,8,100.0,1.0,0.0,100.0,1.0,0.0,100.0,1.0,0.0,100.0,1.0,0.0,0.0,0.0,0.0,100.0,1.0,0.0,100.0,1.0,0.0,10.29697881489028,0.6,5.547271288410821
55,mixed_20,2,2,378.78473358001895,94.69618339500474,3576932.285731524,447116.5357164405,5215.2,90.22837370242215,95038.82148984922,1644.2702679904708,57.8,1.1616350972685776,76.62145810901137,48.8,36,1.7226580645815774,0.8442906574394463,76.62145810901137,100.0,7.2,0.9,1.9672711642122853,0.0,8,100.0,1.0,0.0,100.0,1.0,0.0,100.0,1.0,0.0,100.0,1.0,0.0,11.219124619576633,0.2,8.913351387995691,100.0,1.0,0.0,100.0,1.0,0.0,1.7525402525143363,1.0,6.824817925702591
56,mixed_20,2,2,412.8865970441592,103.2216492610398,3800623.6153385704,475077.9519173213,5461.0,95.47202797202797,90838.59111994039,1588.0872573416152,57.2,0.9720016397629874,88.89485850983576,50.2,37,1.4836692434058911,0.8776223776223776,88.89485850983576,100.0,7.4,0.925,1.5248819881605533,0.0,8,100.0,1.0,0.0,100.0,1.0,0.0,100.0,1.0,0.0,100.0,1.0,0.0,99.1222921807514,1.0,4.1436709609813995,100.0,1.0,0.0,100.0,1.0,0.0,12.036575897934654,0.4,8.055384944303027
57,mixed_20,2,2,400.5228046391374,100.13070115978435,3570738.187009132,446342.2733761415,5713.0,96.50337837837837,95218.44599102341,1608.4196957943145,59.2,0.9825321178425004,88.32123219703192,51.6,37,1.4275929203898494,0.8716216216216216,88.32123219703192,100.0,7.4,0.925,0.7558576905440465,0.0,8,100.0,1.0,0.0,100.0,1.0,0.0,100.0,1.0,0.0,100.0,1.0,0.0,100.0,1.0,0.0,100.0,1.0,0.0,100.0,1.0,0.0,6.569857576255345,0.4,6.046861524352372
58,mixed_20,2,2,767.012314659985,153.402462931997,3000767.0123146605,375095.87653933256,5969.8,99.16611295681064,94856.60626530791,1575.6911339752146,60.2,0.9476285738150283,89.04201890426464,52.2,36,1.4503300187291475,0.867109634551495,89.04201890426464,100.0,7.2,0.9,1.013282000420825,0.0,8,100.0,1.0,0.0,100.0,1.0,0.0,100.0,1.0,0.0,100.0,1.0,0.0,100.0,1.0,0.0,100.0,1.0,0.0,100.0,1.0,0.0,12.336151234117096,0.2,8.1062560033666
59,mixed_20,2,2,384.6123584427989,87.41189964609065,3036567.896928507,379570.98711606336,6234.8,102.54605263157895,96277.35131714956,1583.5090677162755,60.8,0.9464989784811424,88.70547309446408,53.8,37,1.3294538712637365,0.8848684210526315,88.70547309446408,100.0,7.4,0.925,0.8694835886498206,0.0,8,100.0,1.0,0.0,100.0,1.0,0.0,100.0,1.0,0.0,100.0,1.0,0.0,100.0,1.0,0.0,100.0,1.0,0.0,100.0,1.0,0.0,9.643784755712659,0.4,6.9558687091985645
60,mixed_20,0,2,508.89311198259577,169.6310373275319,4593245.706019003,574155.7132523754,6332.4,102.13548387096775,94555.38691504169,1525.0868857264788,62.0,0.5555915631131231,88.97831024386207,56.0,36,1.0026217939349054,0.9032258064516129,88.97831024386207,100.0,7.2,0.9,1.0569499917135028,0.0,8,100.0,1.0,0.0,100.0,1.0,0.0,100.0,1.0,0.0,100.0,1.0,0.0,100.0,1.0,0.0,100.0,1.0,0.0,100.0,1.0,0.0,11.82648195089655,0.2,8.455599933708022
61,mixed_20,0,0,761.0857319120531,223.84874468001564,5690696.895266955,711337.1119083693,5452.2,85.4576802507837,100178.09036684668,1570.1895041825496,63.8,0.396744676470133,89.99085475806766,55.0,38,0.7020836093436185,0.8620689655172413,89.99085475806766,100.0,7.6,0.95,1.0420152293357692,0.0,8,100.0,1.0,0.0,100.0,1.0,0.0,100.0,1.0,0.0,100.0,1.0,0.0,100.0,1.0,0.0,100.0,1.0,0.0,34.58986749758196,0.6,2.252550189992241,85.33697056695928,1.0,6.0835716446939125
62,mixed_20,0,0,838.1949356719667,167.63898713439335,3000838.1949356715,375104.77436695894,4826.2,72.68373493975903,102991.08648573577,1551.0705796044545,66.4,0.48649448318084854,100.0,53.6,40,0.5420107207195282,0.8072289156626506,100.0,100.0,8.0,1.0,0.0,0.0,8,100.0,1.0,0.0,100.0,1.0,0.0,100.0,1.0,0.0,100.0,1.0,0.0,100.0,1.0,0.0,100.0,1.0,0.0,100.0,1.0,0.0,100.0,1.0,0.0
63,mixed_20,0,0,890.3195690243874,158.98563732578347,2201099.2155675865,275137.4019459483,4840.0,70.14492753623189,107693.48402587199,1560.775130809739,69.0,0.5093348347758931,100.0,57.8,40,0.4090776996412851,0.8376811594202899,100.0,100.0,8.0,1.0,0.0,0.0,8,100.0,1.0,0.0,100.0,1.0,0.0,100.0,1.0,0.0,100.0,1.0,0.0,100.0,1.0,0.0,100.0,1.0,0.0,100.0,1.0,0.0,100.0,1.0,0.0
64,mixed_20,0,0,1084.2342162467567,271.05855406168916,2291149.5191403055,286393.6898925382,5145.6,72.26966292134831,107819.1450030981,1514.3138343131757,71.2,0.28447177520512923,100.0,64.4,40,0.34572804337816904,0.9044943820224719,100.0,100.0,8.0,1.0,0.0,0.0,8,100.0,1.0,0.0,100.0,1.0,0.0,100.0,1.0,0.0,100.0,1.0,0.0,100.0,1.0,0.0,100.0,1.0,0.0,100.0,1.0,0.0,100.0,1.0,0.0
65,mixed_20,0,0,1351.510214121987,337.87755353049675,3205812.2929807147,400726.53662258934,5480.2,73.85714285714286,114404.39751172911,1541.8382413979664,74.2,0.19728537064280016,100.0,69.2,40,0.25430948200632075,0.9326145552560647,100.0,100.0,8.0,1.0,0.0,0.0,8,100.0,1.0,0.0,100.0,1.0,0.0,100.0,1.0,0.0,100.0,1.0,0.0,100.0,1.0,0.0,100.0,1.0,0.0,100.0,1.0,0.0,100.0,1.0,0.0
66,mixed_20,0,0,753.0214515843294,188.25536289608235,5336218.304741746,667027.2880927182,5829.6,77.315649867374,116834.66123037261,1549.531316052687,75.4,0.2684725533703485,100.0,70.6,40,0.29354913102784347,0.9363395225464191,100.0,100.0,8.0,1.0,0.0,0.0,8,100.0,1.0,0.0,100.0,1.0,0.0,100.0,1.0,0.0,100.0,1.0,0.0,100.0,1.0,0.0,100.0,1.0,0.0,100.0,1.0,0.0,100.0,1.0,0.0
67,mixed_20,0,0,958.6480713252558,435.7491233296617,4031063.6479866714,503882.9559983339,6189.8,79.76546391752578,116807.0601958601,1505.2456210806715,77.6,0.09501026526036885,100.0,73.8,40,0.18967799625600418,0.9510309278350515,100.0,100.0,8.0,1.0,0.0,0.0,8,100.0,1.0,0.0,100.0,1.0,0.0,100.0,1.0,0.0,100.0,1.0,0.0,100.0,1.0,0.0,100.0,1.0,0.0,100.0,1.0,0.0,100.0,1.0,0.0
68,mixed_20,0,0,430.8752978983516,215.4376489491758,6494774.132577119,811846.7665721399,6566.0,84.17948717948718,120313.80668908001,1542.4847011420516,78.0,0.11378487302149276,100.0,76.0,40,0.2034885394725105,0.9743589743589743,100.0,100.0,8.0,1.0,0.0,0.0,8,100.0,1.0,0.0,100.0,1.0,0.0,100.0,1.0,0.0,100.0,1.0,0.0,100.0,1.0,0.0,100.0,1.0,0.0,100.0,1.0,0.0,100.0,1.0,0.0
69,mixed_20,0,0,812.4510578355022,451.3616987975012,5016593.031766403,627074.1289708003,6947.8,87.06516290726817,121254.7582335594,1519.483185884203,79.8,0.0719309922896579,100.0,77.4,40,0.15912335496817173,0.9699248120300752,100.0,100.0,8.0,1.0,0.0,0.0,8,100.0,1.0,0.0,100.0,1.0,0.0,100.0,1.0,0.0,100.0,1.0,0.0,100.0,1.0,0.0,100.0,1.0,0.0,100.0,1.0,0.0,100.0,1.0,0.0
70,mixed_20,0,0,656.0095239294587,273.3373016372745,6284935.933523228,785616.9916904035,7337.0,90.80445544554455,124871.10485135931,1545.4344659821697,80.8,0.12418202390620207,100.0,78.2,40,0.2051489065403667,0.9678217821782178,100.0,100.0,8.0,1.0,0.0,0.0,8,100.0,1.0,0.0,100.0,1.0,0.0,100.0,1.0,0.0,100.0,1.0,0.0,100.0,1.0,0.0,100.0,1.0,0.0,100.0,1.0,0.0,100.0,1.0,0.0
71,mixed_20,0,0,410.7725553247427,256.73284707796415,6727780.358732611,840972.5448415764,7728.8,94.4841075794621,124744.52110370298,1524.9941455220412,81.8,0.09023531680489161,100.0,79.2,40,0.1919087381232414,0.9682151589242054,100.0,100.0,8.0,1.0,0.0,0.0,8,100.0,1.0,0.0,100.0,1.0,0.0,100.0,1.0,0.0,100.0,1.0,0.0,100.0,1.0,0.0,100.0,1.0,0.0,100.0,1.0,0.0,100.0,1.0,0.0
72,mixed_20,5,0,617.566330953998,280.7119686154536,5643181.330092392,705397.666261549,6899.0,86.67085427135679,124083.82677823985,1558.8420449527619,79.6,0.1349622097813556,85.0,71.6,37,0.2452717465033576,0.8994974874371859,85.0,100.0,7.3999999999999995,0.925,0.0,0.0,8,100.0,1.0,0.0,100.0,1.0,0.0,100.0,1.0,0.0,60.0,0.8,0.0,60.0,0.8,0.0,60.0,0.8,0.0,100.0,1.0,0.0,100.0,1.0,0.0
73,mixed_20,5,5,635.032828025874,176.398007784965,4201050.424954497,525131.3031193122,5843.4,75.30154639175258,126396.81140731387,1628.8248892695085,77.6,0.42721760771914685,74.47281167423867,59.6,34,0.5861828858083132,0.7680412371134021,74.47281167423867,100.0,6.8,0.8500000000000001,0.71306712313785,0.0,8,100.0,1.0,0.0,100.0,1.0,0.0,100.0,1.0,0.0,38.467580762062425,0.6,2.0779945860841504,29.695711525159822,0.6,1.9173368713279353,27.619201106687115,0.6,1.7092055276907145,100.0,1.0,0.0,100.0,1.0,0.0
74,mixed_20,5,5,352.8791847224825,92.86294334802172,4001735.518161221,500216.9397701526,5196.2,70.79291553133515,124947.84999976745,1702.2867847379762,73.4,1.1024073578620681,71.37556231306391,51.8,38,1.4067063084465157,0.7057220708446866,71.37556231306391,100.0,7.6,0.95,1.5558080983580092,0.0,8,100.0,1.0,0.0,100.0,1.0,0.0,100.0,1.0,0.0,22.145903577893478,1.0,3.8697050828722537,28.25394116927555,0.8,4.34311326646567,20.60465375734225,0.8,4.233646437526149,100.0,1.0,0.0,100.0,1.0,0.0
75,mixed_20,5,5,63.5904275805881,21.196809193529365,5609150.729369348,701143.8411711685,5335.0,77.5436046511628,117893.84792091549,1713.573370943539,68.8,1.6737145054488547,71.74668774334236,52.6,34,2.1937881463039637,0.7645348837209303,71.74668774334236,100.0,6.800000000000001,0.8500000000000001,2.241624807985552,0.0,8,100.0,1.0,0.0,100.0,1.0,0.0,100.0,1.0,0.0,25.655538006438974,0.6,5.898858289371432,14.69431794637444,0.8,6.071741497818087,33.62364599392549,0.4,5.9623986766948995,100.0,1.0,0.0,100.0,1.0,0.0
76,mixed_20,5,5,293.259594154678,81.46099837629944,5303230.638136421,662903.8297670527,5595.8,84.52870090634441,107589.70907263877,1625.2221914295887,66.2,1.9612733547179524,71.87159249308449,53.0,36,2.569210692154885,0.8006042296072508,71.8715924930845,100.0,7.199999999999999,0.8999999999999999,2.572235765696942,0.0,8,100.0,1.0,0.0,100.0,1.0,0.0,100.0,1.0,0.0,23.388246251140572,0.8,7.0784600475403865,16.42401128686174,0.6,7.239198144724741,35.16048240667374,0.8,6.260227933310408,100.0,1.0,0.0,100.0,1.0,0.0
77,mixed_20,5,5,335.8026093554649,83.95065233886622,3800710.6030577933,475088.82538222417,5866.8,90.81733746130031,102022.7735187196,1579.299899670582,64.6,1.5336373214780938,75.79392771477188,56.0,32,2.1786064057650405,0.8668730650154799,75.79392771477188,100.0,6.4,0.8,1.1189904331462457,0.0,8,100.0,1.0,0.0,100.0,1.0,0.0,100.0,1.0,0.0,0.0,0.0,0.0,6.351421718175061,0.4,8.951923465169966,100.0,1.0,0.0,100.0,1.0,0.0,100.0,1.0,0.0
78,mixed_20,5,5,475.1311098267214,118.78277745668035,4000475.131109827,500059.3913887284,6154.2,93.52887537993921,104271.50038145679,1584.673258076851,65.8,1.4507503052106485,76.40002444313865,58.8,32,2.212324494354401,0.8936170212765957,76.40002444313865,100.0,6.4,0.8,1.1058456040685993,0.0,8,100.0,1.0,0.0,100.0,1.0,0.0,100.0,1.0,0.0,11.200195545109182,0.4,8.846764832548795,0.0,0.0,0.0,100.0,1.0,0.0,100.0,1.0,0.0,100.0,1.0,0.0
79,mixed_20,3,5,250.29073512947343,78.21585472796045,4118876.431209465,514859.5539011831,6453.4,97.77878787878788,102658.79499319501,1555.436287775682,66.0,1.6076158828459524,76.1776089723142,61.2,32,2.868275639292146,0.9272727272727272,76.1776089723142,100.0,6.4,0.8,1.1264059230452406,0.0,8,100.0,1.0,0.0,100.0,1.0,0.0,100.0,1.0,0.0,0.0,0.0,0.0,9.420871778513629,0.4,9.011247384361925,100.0,1.0,0.0,100.0,1.0,0.0,100.0,1.0,0.0
80,mixed_20,3,3,303.699028274402,108.4639386694293,6261502.176233146,782687.7720291433,6762.6,99.7433628318584,105497.74325403912,1556.013912301462,67.8,1.3531321709644015,75.0,63.0,30,3.2384734830145288,0.9292035398230089,75.0,100.0,6.0,0.75,0.0,0.0,8,100.0,1.0,0.0,100.0,1.0,0.0,100.0,1.0,0.0,0.0,0.0,0.0,0.0,0.0,0.0,100.0,1.0,0.0,100.0,1.0,0.0,100.0,1.0,0.0
81,mixed_20,3,3,1356.2697738242302,308.2431304145978,3401627.4583952622,425203.4322994078,7079.2,101.42120343839541,108706.02064227949,1557.3928458779296,69.8,1.1754023109794933,76.4191019683588,64.4,31,2.0601146379944812,0.9226361031518625,76.4191019683588,100.0,6.2,0.775,1.1010484340368,0.0,8,100.0,1.0,0.0,100.0,1.0,0.0,100.0,1.0,0.0,11.35281574687042,0.2,8.8083874722944,0.0,0.0,0.0,100.0,1.0,0.0,100.0,1.0,0.0,100.0,1.0,0.0
82,mixed_20,3,3,409.9447479111089,146.40883853968177,3593543.847747552,449192.980968444,7406.4,105.20454545454545,108938.67513016574,1547.4243626443997,70.4,1.5692964262105593,76.26159883971923,66.8,31,2.725192085699824,0.9488636363636364,76.26159883971923,100.0,6.2,0.775,1.129428385279607,0.0,8,100.0,1.0,0.0,100.0,1.0,0.0,100.0,1.0,0.0,10.092790717753815,0.2,9.035427082236856,0.0,0.0,0.0,100.0,1.0,0.0,100.0,1.0,0.0,100.0,1.0,0.0
83,mixed_20,3,3,56.58435981968061,28.292179909840304,8611676.55016879,1076459.5687710987,7745.0,108.77808988764045,111186.7263235996,1561.6113247696574,71.2,1.0335046356269901,76.34554322241002,68.4,32,2.019424701073625,0.9606741573033708,76.34554322241002,100.0,6.4,0.8,1.1612410318572983,0.0,8,100.0,1.0,0.0,100.0,1.0,0.0,100.0,1.0,0.0,0.0,0.2,0.0,10.76434577928012,0.2,9.289928254858387,100.0,1.0,0.0,100.0,1.0,0.0,100.0,1.0,0.0
84,mixed_20,3,3,175.27094146252105,79.66860975569138,4819739.608925643,602467.4511157054,8085.2,113.23809523809524,110608.62175642075,1549.1403607341842,71.4,1.1615486452095947,75.0,68.4,30,2.1148546506347574,0.957983193277311,75.0,100.0,6.0,0.75,0.0,0.0,8,100.0,1.0,0.0,100.0,1.0,0.0,100.0,1.0,0.0,0.0,0.0,0.0,0.0,0.0,0.0,100.0,1.0,0.0,100.0,1.0,0.0,100.0,1.0,0.0
85,mixed_20,3,3,172.0870689159992,78.22139496181781,5579921.820883489,697490.2276104362,8429.0,115.46575342465754,113953.36249280316,1561.0049656548379,73.0,1.4687987821126502,76.38506348214264,69.2,31,2.6139070451312576,0.947945205479452,76.38506348214264,100.0,6.2,0.775,1.1281071374308933,0.0,8,100.0,1.0,0.0,100.0,1.0,0.0,100.0,1.0,0.0,11.080507857141129,0.2,9.024857099447146,0.0,0.0,0.0,100.0,1.0,0.0,100.0,1.0,0.0,100.0,1.0,0.0
86,mixed_20,3,3,31.9209828129,17.7338793405,5604389.678242253,700548.7097802816,8777.2,121.56786703601108,110591.5802492615,1531.7393386324309,72.2,1.3442039425365946,76.29556104279828,70.4,31,2.703120771855725,0.9750692520775623,76.29556104279828,100.0,6.2,0.775,1.2060412040679727,0.0,8,100.0,1.0,0.0,100.0,1.0,0.0,100.0,1.0,0.0,0.0,0.0,0.0,10.364488342386267,0.2,9.648329632543781,100.0,1.0,0.0,100.0,1.0,0.0,100.0,1.0,0.0
87,mixed_20,3,3,113.32515084954575,56.662575424772875,6000113.325150849,750014.1656438562,9131.0,125.08219178082192,113233.50138012265,1551.143854522228,73.0,0.8958966304671533,75.01658221621,71.0,31,1.8701544293321197,0.9726027397260274,75.01658221621,100.0,6.2,0.775,1.1459564717719333,0.0,8,100.0,1.0,0.0,100.0,1.0,0.0,100.0,1.0,0.0,0.1326577296799769,0.2,9.167651774175466,0.0,0.0,0.0,100.0,1.0,0.0,100.0,1.0,0.0,100.0,1.0,0.0
88,mixed_20,10,3,430.07957967700713,195.49071803500323,5003632.128547284,625454.0160684105,9311.0,128.25068870523415,111338.33854654245,1533.5859303931468,72.6,0.796680885738245,72.5,68.8,31,1.7515709946415008,0.9476584022038568,72.5,100.0,6.2,0.775,0.0,0.0,8,100.0,1.0,0.0,100.0,1.0,0.0,100.0,1.0,0.0,0.0,0.2,0.0,0.0,0.0,0.0,80.0,1.0,0.0,100.0,1.0,0.0,100.0,1.0,0.0
89,mixed_20,10,10,295.1280151244899,98.37600504149663,5000295.128015125,625036.8910018906,9429.8,130.96944444444443,113820.97823930816,1580.8469199903911,72.0,1.1818465760835584,69.03249055680163,65.0,30,2.606352421986172,0.9027777777777778,69.03249055680163,100.0,6.0,0.75,1.392042170371967,0.0,8,100.0,1.0,0.0,100.0,1.0,0.0,100.0,1.0,0.0,0.0,0.0,0.0,10.81182183691908,0.2,9.24913502167881,41.44810261749399,0.8,1.8872023412969248,100.0,1.0,0.0,100.0,1.0,0.0
90,mixed_20,10,10,192.29981845093104,64.09993948364368,5000192.299818451,625024.0374773063,9550.0,133.75350140056022,113162.45820543221,1584.908378227342,71.4,0.6728756895626035,66.01010933992995,61.4,28,0.9917227501061614,0.8599439775910365,66.01010933992995,100.0,5.6,0.7,0.5174344005975534,0.0,8,100.0,1.0,0.0,100.0,1.0,0.0,100.0,1.0,0.0,0.0,0.0,0.0,0.0,0.0,0.0,28.080874719439635,0.6,4.139475204780427,100.0,1.0,0.0,100.0,1.0,0.0
91,mixed_20,10,10,260.3952467944515,86.7984155981505,5000260.395246794,625032.5494058493,9823.8,135.31404958677686,114644.5720276845,1579.1263364694832,72.6,0.8388897964721753,69.99997758475956,62.4,31,1.354090537844505,0.859504132231405,69.99997758475956,100.0,6.2,0.775,1.591700015003286,0.0,8,100.0,1.0,0.0,100.0,1.0,0.0,100.0,1.0,0.0,0.0,0.0,0.0,2.084633290310194,0.4,8.82555285524577,57.91518738776631,0.8,3.9080472647805196,100.0,1.0,0.0,100.0,1.0,0.0
92,mixed_20,10,10,189.9274495113916,63.309149837130526,5000189.927449511,625023.7409311889,10144.2,137.45528455284554,113390.01840223803,1536.4501138514638,73.8,0.6281415375153669,75.0,66.2,30,0.8849458932250022,0.8970189701897019,75.0,100.0,6.0,0.75,0.0,0.0,8,100.0,1.0,0.0,100.0,1.0,0.0,100.0,1.0,0.0,0.0,0.0,0.0,0.0,0.0,0.0,100.0,1.0,0.0,100.0,1.0,0.0,100.0,1.0,0.0
93,mixed_20,8,10,897.7781099742767,213.75669285101827,3001948.625452169,375243.57818152115,9525.2,128.0268817204301,117365.08252345645,1577.4876683260275,74.4,0.5544670395140929,73.49979558747606,64.4,32,0.878115655106478,0.8655913978494624,73.49979558747606,100.0,6.3999999999999995,0.8,0.7273583320688233,0.0,8,100.0,1.0,0.0,100.0,1.0,0.0,100.0,1.0,0.0,0.0,0.0,0.0,67.99836469980846,0.8,5.818866656550586,100.0,1.0,0.0,60.0,0.8,0.0,60.0,0.8,0.0
94,mixed_20,8,8,820.1614205704911,164.03228411409822,3000820.161420571,375102.5201775714,8460.8,113.72043010752688,116908.0050803567,1571.3441543058698,74.4,0.5336153861749133,87.0544357003385,59.6,37,0.5858470268489241,0.8010752688172043,87.0544357003385,100.0,7.3999999999999995,0.925,1.176148965169748,0.0,8,100.0,1.0,0.0,100.0,1.0,0.0,100.0,1.0,0.0,92.28521303192565,1.0,5.160485554260657,100.0,1.0,0.0,100.0,1.0,0.0,34.550034696060266,0.6,2.2898693952421487,69.6002378747221,0.8,1.9588367718551798
95,mixed_20,8,8,783.999670790002,163.3332647479171,2205940.931280712,275742.616410089,6886.6,91.3342175066313,116447.85423945065,1544.4012498600882,75.4,0.5940829529565461,94.32189289913197,58.0,39,0.6226471853673192,0.7692307692307693,94.32189289913197,100.0,7.8,0.975,0.4727043375286125,0.0,8,100.0,1.0,0.0,100.0,1.0,0.0,60.0,0.8,0.0,100.0,1.0,0.0,100.0,1.0,0.0,100.0,1.0,0.0,94.57514319305574,1.0,3.7816347002289,100.0,1.0,0.0
96,mixed_20,8,8,985.2397898093141,197.0479579618628,5264153.27462729,658019.1593284112,5821.2,74.63076923076923,118786.19354752258,1522.8999172759304,78.0,0.40987748893755616,96.43598541312173,63.0,39,0.42656106361008134,0.8076923076923077,96.43598541312173,100.0,7.8,0.975,0.236888816564129,0.0,8,100.0,1.0,0.0,100.0,1.0,0.0,71.48788330497382,0.8,1.895110532513032,100.0,1.0,0.0,100.0,1.0,0.0,100.0,1.0,0.0,100.0,1.0,0.0,100.0,1.0,0.0
97,mixed_20,8,8,876.6936170509456,199.24854932976035,5210371.767979193,651296.4709973991,3996.2,51.10230179028133,120433.00986550329,1540.0640647762568,78.2,0.37440967095452216,92.5,65.0,38,0.4295696752235881,0.8312020460358056,92.5,100.0,7.6,0.95,0.0,0.0,8,100.0,1.0,0.0,40.0,0.6,0.0,100.0,1.0,0.0,100.0,1.0,0.0,100.0,1.0,0.0,100.0,1.0,0.0,100.0,1.0,0.0,100.0,1.0,0.0
98,mixed_20,3,8,731.4628523386735,182.86571308466839,3110797.6367507046,388849.7045938381,3217.0,41.1381074168798,120963.28751344683,1546.8451088676065,78.2,0.4606921554855001,88.51522887734347,62.2,38,0.6938196676851125,0.7953964194373402,88.51522887734347,100.0,7.6,0.95,0.23575423600003295,0.0,8,100.0,1.0,0.0,88.1218310187478,1.0,1.8860338880002636,100.0,1.0,0.0,60.0,0.8,0.0,60.0,0.8,0.0,100.0,1.0,0.0,100.0,1.0,0.0,100.0,1.0,0.0
99,mixed_20,3,3,452.27706724421085,141.3365835138159,6868477.05006282,858559.6312578525,3128.6,41.165789473684214,118411.40502643965,1558.044802979469,76.0,0.7618416276300349,81.4360206795925,63.4,37,1.2216837960687066,0.8342105263157895,81.4360206795925,100.0,7.4,0.925,0.5626205985089279,0.0,8,100.0,1.0,0.0,100.0,1.0,0.0,100.0,1.0,0.0,27.829441891080933,0.6,1.9342933960148905,23.658723545659086,0.8,2.5666713920565325,100.0,1.0,0.0,100.0,1.0,0.0,100.0,1.0,0.0
100,mixed_20,3,3,398.97644495655885,142.4915874844853,5627413.309137291,703426.6636421614,3427.2,46.064516129032256,116124.07517187002,1560.8074619875001,74.4,1.230044051471372,83.10406980176111,66.2,37,2.163838516208694,0.8897849462365591,83.10406980176111,100.0,7.3999999999999995,0.925,1.4764471400006434,0.0,8,100.0,1.0,0.0,100.0,1.0,0.0,100.0,1.0,0.0,24.832558414088908,0.8,3.3386024780461505,40.0,0.6,8.472974641958997,100.0,1.0,0.0,100.0,1.0,0.0,100.0,1.0,0.0
101,mixed_20,3,3,76.20663289840165,42.33701827688981,11735717.860501654,1466964.7325627068,3766.8,51.88429752066116,111005.9453627415,1529.0075118834918,72.6,1.2911407493260232,75.0,69.6,32,3.2664041803967563,0.9586776859504132,75.0,100.0,6.4,0.8,0.0,0.0,8,100.0,1.0,0.0,100.0,1.0,0.0,100.0,1.0,0.0,0.0,0.2,0.0,0.0,0.2,0.0,100.0,1.0,0.0,100.0,1.0,0.0,100.0,1.0,0.0
102,mixed_20,3,3,67.97456967110028,33.98728483555014,5291717.35522293,661464.6694028663,4120.0,55.97826086956522,113996.72206016006,1548.8685062521747,73.6,0.8008986489646492,76.30465963385205,71.2,31,1.5134082651161924,0.967391304347826,76.30465963385205,100.0,6.2,0.775,1.197630369989039,0.0,8,100.0,1.0,0.0,100.0,1.0,0.0,100.0,1.0,0.0,0.0,0.0,0.0,10.437277070816435,0.2,9.581042959912311,100.0,1.0,0.0,100.0,1.0,0.0,100.0,1.0,0.0
103,mixed_20,9,3,458.6940589664093,163.8193067737176,5750194.391301533,718774.2989126917,4014.4,55.142857142857146,113114.69027936019,1553.7732181230795,72.8,0.5997814273029503,70.0,67.8,29,1.06557222836754,0.9313186813186813,70.0,100.0,5.8,0.725,0.0,0.0,8,100.0,1.0,0.0,100.0,1.0,0.0,60.0,0.8,0.0,0.0,0.0,0.0,0.0,0.0,0.0,100.0,1.0,0.0,100.0,1.0,0.0,100.0,1.0,0.0
104,mixed_20,9,9,422.1582541055632,105.5395635263908,4000422.1582541056,500052.7697817632,3135.6,43.67130919220056,114010.75897477358,1587.8935790358437,71.8,0.8069167063124366,57.7236239555765,59.6,28,1.110150102559615,0.83008356545961,57.7236239555765,100.0,5.6,0.7,1.6319087657703002,0.0,8,26.972197812362992,0.6,1.8164156971464953,100.0,1.0,0.0,34.17387664086846,0.6,2.27400360478276,0.6429171913805476,0.4,8.964850824233146,0.0,0.0,0.0,100.0,1.0,0.0,100.0,1.0,0.0,100.0,1.0,0.0
105,mixed_20,9,9,316.4257415376991,79.10643538442477,4000316.425741537,500039.5532176921,2510.2,35.555240793201136,113483.3077910841,1607.412291658415,70.6,0.9936823300297443,68.04296889641392,54.8,31,1.3252816186772003,0.7762039660056658,68.04296889641392,100.0,6.199999999999999,0.7749999999999999,1.6137799301662965,0.0,8,100.0,1.0,0.0,100.0,1.0,0.0,37.564145588994506,0.8,4.005340414597481,0.0,0.0,0.0,6.77960558231689,0.4,8.904899026732892,100.0,1.0,0.0,100.0,1.0,0.0,100.0,1.0,0.0
106,mixed_20,9,9,409.65612649355427,120.48709602751596,4006688.228350336,500836.028543792,2440.0,34.56090651558074,112478.86083605644,1593.184997677853,70.6,0.8358683596843841,66.48189961747903,55.6,30,1.323033630520011,0.7875354107648725,66.48189961747903,100.0,6.0,0.75,1.377651692882503,0.0,8,100.0,1.0,0.0,100.0,1.0,0.0,20.586826289443252,0.8,5.994638345463713,11.268370650388988,0.2,5.026575197596313,0.0,0.0,0.0,100.0,1.0,0.0,100.0,1.0,0.0,100.0,1.0,0.0
107,mixed_20,9,9,402.3625038728782,118.34191290378772,4001590.535047245,500198.81688090565,2728.4,38.536723163841806,113389.05864822744,1601.540376387393,70.8,0.8875891153685378,76.41390629911939,59.6,34,1.5844835558982213,0.8418079096045198,76.41390629911939,100.0,6.8,0.85,0.8790028988291944,0.0,8,100.0,1.0,0.0,100.0,1.0,0.0,11.311250392955117,0.8,7.032023190633555,100.0,1.0,0.0,0.0,0.0,0.0,100.0,1.0,0.0,100.0,1.0,0.0,100.0,1.0,0.0
108,mixed_20,9,9,358.75943671061407,119.58647890353802,4063670.3491019555,507958.79363774444,3037.0,43.01699716713881,114364.95439188383,1619.9002038510457,70.6,1.1028758275061776,77.6049554292726,63.2,36,1.9116127231225026,0.8951841359773371,77.6049554292726,100.0,7.2,0.9,1.7548750654559604,0.0,8,100.0,1.0,0.0,100.0,1.0,0.0,12.151663733727673,1.0,8.381095335070446,100.0,1.0,0.0,8.68797970045307,0.2,5.657905188577238,100.0,1.0,0.0,100.0,1.0,0.0,100.0,1.0,0.0
109,mixed_20,9,9,211.21075718465667,75.43241328023453,6710953.85633451,838869.2320418138,3354.0,48.189655172413794,109240.09055657216,1569.5415309852324,69.6,0.8711836331014716,88.93158809823348,64.0,36,1.606726929497753,0.9195402298850575,88.93158809823348,100.0,7.2,0.9,1.0914452292024948,0.0,8,100.0,1.0,0.0,100.0,1.0,0.0,11.452704785867809,0.2,8.731561833619958,100.0,1.0,0.0,100.0,1.0,0.0,100.0,1.0,0.0,100.0,1.0,0.0,100.0,1.0,0.0
110,mixed_20,7,9,697.4586222919481,193.7385061922078,3010347.6360768015,376293.4545096002,3412.4,49.598837209302324,111716.2531043383,1623.7827486095684,68.8,0.8809871936111616,78.76644895419588,59.6,35,1.6121701891017897,0.8662790697674418,78.76644895419588,100.0,7.0,0.875,1.1671267221448942,0.0,8,60.0,0.8,0.0,60.0,0.8,0.0,10.13159163356704,0.4,9.337013777159154,100.0,1.0,0.0,100.0,1.0,0.0,100.0,1.0,0.0,100.0,1.0,0.0,100.0,1.0,0.0
111,mixed_20,7,7,552.1832948205451,110.43665896410903,3000552.18329482,375069.0229118525,3338.6,49.97904191616767,110992.74446134894,1661.568030858517,66.8,0.9984848178767505,70.79580364473969,50.8,32,1.4941897524275483,0.7604790419161677,70.79580364473969,100.0,6.4,0.8,1.654793744985585,0.0,8,27.422821965426465,0.6,2.0215908481856837,28.117892430527718,0.6,1.9794937487361186,10.825714761963354,0.2,9.237265362962876,100.0,1.0,0.0,100.0,1.0,0.0,100.0,1.0,0.0,100.0,1.0,0.0,100.0,1.0,0.0
112,mixed_20,7,7,264.1865101462853,52.83730202925706,3000264.1865101466,375033.0233137683,3248.8,49.98153846153846,113931.2163873022,1752.7879444200337,65.0,1.5212728454682627,68.87981939091986,43.6,34,1.6206943593175396,0.6707692307692308,68.87981939091986,100.0,6.8,0.85,2.1218116354854795,0.0,8,15.020485277016178,0.8,4.059629978000752,24.41953433992694,0.8,4.293084958961224,11.598535510415786,0.2,8.621778146921859,100.0,1.0,0.0,100.0,1.0,0.0,100.0,1.0,0.0,100.0,1.0,0.0,100.0,1.0,0.0
113,mixed_20,7,7,368.9938794831724,73.79877589663448,3000368.993879482,375046.12423493527,3417.0,52.56923076923077,108484.77494942378,1668.9965376834427,65.0,1.630123279146694,74.23599476810125,44.8,34,1.769229333455265,0.6892307692307692,74.23599476810125,100.0,6.8,0.85,2.5677846146566523,0.0,8,44.86817002413545,0.8,5.843702942106361,40.85009555104307,0.6,5.865404632800415,8.16969256963148,0.4,8.83316934234644,100.0,1.0,0.0,100.0,1.0,0.0,100.0,1.0,0.0,100.0,1.0,0.0,100.0,1.0,0.0
114,mixed_20,7,7,466.2852356731999,97.14275743191665,3001092.796259149,375136.5995323936,3660.0,53.50877192982456,105792.15121170718,1546.66887736414,68.4,1.0540052368883746,88.60637841299081,52.2,37,1.2549661122613478,0.7631578947368421,88.60637841299081,100.0,7.4,0.925,1.1029682232416236,0.0,8,100.0,1.0,0.0,100.0,1.0,0.0,8.851027303926458,0.4,8.823745785932989,100.0,1.0,0.0,100.0,1.0,0.0,100.0,1.0,0.0,100.0,1.0,0.0,100.0,1.0,0.0
115,mixed_20,7,7,422.44468259317546,105.61117064829386,4434906.069401708,554363.2586752136,3946.4,55.27170868347339,111121.97473908914,1556.3301784186153,71.4,0.6211629168065873,93.52660448475291,61.6,38,0.8713172062403858,0.8627450980392157,93.52660448475291,100.0,7.6,0.95,0.700947167992966,0.0,8,100.0,1.0,0.0,100.0,1.0,0.0,48.21283587802327,0.6,5.607577343943728,100.0,1.0,0.0,100.0,1.0,0.0,100.0,1.0,0.0,100.0,1.0,0.0,100.0,1.0,0.0
116,mixed_20,4,7,1351.0788032736557,293.71278332035996,3157968.264069165,394746.03300864564,3945.6,52.74866310160428,116491.58974853856,1557.3741944991787,74.8,0.3810899411423649,95.0,64.4,39,0.597737428279214,0.8609625668449198,95.0,100.0,7.8,0.975,0.0,0.0,8,100.0,1.0,0.0,100.0,1.0,0.0,100.0,1.0,0.0,100.0,1.0,0.0,100.0,1.0,0.0,100.0,1.0,0.0,60.0,0.8,0.0,100.0,1.0,0.0
117,mixed_20,4,4,1312.920737752254,243.13346995412107,2078395.3675804406,259799.42094755507,3744.2,49.13648293963254,120958.74434317581,1587.3850963671366,76.2,0.47418027896697035,91.10475021219344,63.2,38,0.5516224009858222,0.8293963254593176,91.10475021219344,100.0,7.6,0.95,0.2529799374884121,0.0,8,100.0,1.0,0.0,100.0,1.0,0.0,100.0,1.0,0.0,100.0,1.0,0.0,100.0,1.0,0.0,100.0,1.0,0.0,28.838001697547497,0.6,2.0238394999072966,100.0,1.0,0.0
118,mixed_20,4,4,385.4233188220283,101.42718916369166,7308097.839908063,913512.2299885079,3754.8,49.01827676240209,121933.81137694481,1591.8252137982352,76.6,0.6095152229555288,89.68704339391621,64.2,39,0.8352620359844585,0.8381201044386423,89.68704339391621,100.0,7.8,0.975,0.5181993331923302,0.0,8,100.0,1.0,0.0,100.0,1.0,0.0,100.0,1.0,0.0,100.0,1.0,0.0,100.0,1.0,0.0,100.0,1.0,0.0,17.4963471513297,0.8,4.145594665538642,100.0,1.0,0.0
119,mixed_20,4,4,598.4187257125125,187.00585178516013,10375876.548066635,1296984.5685083293,4082.6,52.61082474226804,124357.47616521607,1602.544795943506,77.6,0.6391369338237014,91.22481402538995,67.6,38,1.3210560690971958,0.8711340206185567,91.22481402538995,100.0,7.6,0.95,0.7415847250873722,0.0,8,100.0,1.0,0.0,100.0,1.0,0.0,100.0,1.0,0.0,100.0,1.0,0.0,100.0,1.0,0.0,100.0,1.0,0.0,29.79851220311957,0.6,5.932677800698977,100.0,1.0,0.0
120,mixed_20,4,4,657.8588243491813,173.12074324978457,4063355.9573360174,507919.4946670022,4422.8,56.12690355329949,122270.93174081921,1551.6615703149648,78.8,0.6688842637833241,91.9775460950001,69.0,39,1.3356472077319284,0.8756345177664975,91.9775460950001,100.0,7.8,0.975,0.8189451428592496,0.0,8,100.0,1.0,0.0,100.0,1.0,0.0,100.0,1.0,0.0,100.0,1.0,0.0,100.0,1.0,0.0,100.0,1.0,0.0,35.82036876000075,0.8,6.551561142873997,100.0,1.0,0.0
121,mixed_20,4,4,633.8112300232129,226.36115357971892,6090060.188507709,761257.5235634636,4778.2,58.7002457002457,124438.74800497988,1528.7315479727258,81.4,0.2860951586026297,100.0,74.0,40,0.5287040894860694,0.9090909090909091,100.0,100.0,8.0,1.0,0.0,0.0,8,100.0,1.0,0.0,100.0,1.0,0.0,100.0,1.0,0.0,100.0,1.0,0.0,100.0,1.0,0.0,100.0,1.0,0.0,100.0,1.0,0.0,100.0,1.0,0.0
122,mixed_20,4,4,900.2400224053503,375.1000093355626,4745238.823243843,593154.8529054804,5161.6,61.156398104265406,129470.17629539296,1534.0068281444665,84.4,0.1553677256299968,100.0,79.4,40,0.31949024460819514,0.9407582938388626,100.0,100.0,8.0,1.0,0.0,0.0,8,100.0,1.0,0.0,100.0,1.0,0.0,100.0,1.0,0.0,100.0,1.0,0.0,100.0,1.0,0.0,100.0,1.0,0.0,100.0,1.0,0.0,100.0,1.0,0.0
123,mixed_20,11,4,1227.938101695247,323.14160570927555,2938924.5311118294,367365.5663889787,4961.8,58.78909952606635,131319.52494191623,1555.918541965832,84.4,0.20447185433711543,90.0,76.0,38,0.25331363278928715,0.9004739336492891,90.0,100.0,7.6,0.95,0.0,0.0,8,100.0,1.0,0.0,100.0,1.0,0.0,60.0,0.8,0.0,100.0,1.0,0.0,100.0,1.0,0.0,60.0,0.8,0.0,100.0,1.0,0.0,100.0,1.0,0.0
124,mixed_20,11,11,1072.1234029318243,233.07030498517923,3002820.896985014,375352.61212312675,4489.0,53.56801909307876,133444.10707820926,1592.4117789762442,83.8,0.32691102518444975,81.06662093116654,68.8,36,0.37688459078317704,0.8210023866348448,81.06662093116654,100.0,7.199999999999999,0.9,0.46441765707645183,0.0,8,100.0,1.0,0.0,100.0,1.0,0.0,21.54099441254175,0.6,1.7684023195281762,100.0,1.0,0.0,100.0,1.0,0.0,26.99197303679057,0.6,1.9469389370834385,100.0,1.0,0.0,100.0,1.0,0.0
125,mixed_20,11,11,645.2340613171458,179.23168369920717,3467495.840333181,433436.9800416476,4138.2,50.713235294117645,132186.7438986553,1619.9355869933247,81.6,0.5989291529696665,81.64205219312265,63.6,38,0.9412378489306319,0.7794117647058824,81.64205219312265,100.0,7.6,0.95,0.997140328069858,0.0,8,100.0,1.0,0.0,100.0,1.0,0.0,36.83975562559226,0.8,4.16669379657684,100.0,1.0,0.0,100.0,1.0,0.0,16.296661919388953,0.8,3.810428827982024,100.0,1.0,0.0,100.0,1.0,0.0
126,mixed_20,11,11,314.1337305819104,130.88905440912936,5982561.192349119,747820.1490436399,4362.2,54.39152119700748,132394.36478180307,1650.802553389066,80.2,0.9234465709569706,79.17590998778451,65.4,36,1.5974755325838044,0.8154613466334164,79.17590998778451,100.0,7.2,0.8999999999999999,1.486813882584813,0.0,8,100.0,1.0,0.0,100.0,1.0,0.0,16.53902136568604,0.4,6.046306960306173,100.0,1.0,0.0,100.0,1.0,0.0,16.86825853659002,0.8,5.848204100372332,100.0,1.0,0.0,100.0,1.0,0.0
127,mixed_20,11,11,880.5749397114794,220.14373492786984,4363217.905205611,545402.2381507014,4687.0,59.63104325699746,130967.74272469715,1666.2562687620502,78.6,1.2949072655397158,81.25872136040869,65.4,38,2.108125485750935,0.8320610687022901,81.25872136040869,100.0,7.6,0.95,1.7599918632576173,0.0,8,100.0,1.0,0.0,100.0,1.0,0.0,27.847793661949254,0.8,6.901548115150902,100.0,1.0,0.0,100.0,1.0,0.0,22.22197722132023,0.8,7.178386790910036,100.0,1.0,0.0,100.0,1.0,0.0
128,mixed_20,11,11,427.8174799212146,164.54518458508252,4498525.690257298,562315.7112821622,5017.0,64.81912144702842,127446.55140113823,1646.5962713325353,77.4,1.4118104312171407,80.06638221455887,67.4,36,2.4231980990094333,0.8708010335917312,80.06638221455887,100.0,7.199999999999999,0.9,2.0607798933883954,0.0,8,100.0,1.0,0.0,100.0,1.0,0.0,23.76654956223547,0.6,8.417807341705608,100.0,1.0,0.0,100.0,1.0,0.0,16.7645081542355,0.6,8.068431805401556,100.0,1.0,0.0,100.0,1.0,0.0
129,mixed_20,11,11,514.8737164028155,183.8834701438627,4901532.033908936,612691.504238617,5354.0,69.53246753246754,121414.85318725421,1576.8162751591456,77.0,1.1385971899532172,76.59201519300211,68.8,33,2.000553737830171,0.8935064935064935,76.59201519300211,100.0,6.6000000000000005,0.825,2.203677866458611,0.0,8,100.0,1.0,0.0,100.0,1.0,0.0,1.4412801652247254,0.4,8.775823607311343,100.0,1.0,0.0,100.0,1.0,0.0,11.29484137879217,0.2,8.853599324357544,100.0,1.0,0.0,100.0,1.0,0.0
130,mixed_20,11,11,54.76655734625355,27.383278673126775,5455867.577756288,681983.447219536,5704.0,73.31619537275064,123123.07529062431,1582.5588083627804,77.8,0.9370582080067082,80.32631089102694,71.2,35,1.7246174463161537,0.9151670951156813,80.32631089102694,100.0,7.0,0.875,2.1468017809826385,0.0,8,100.0,1.0,0.0,100.0,1.0,0.0,40.483843341064585,0.6,7.825932986130914,100.0,1.0,0.0,100.0,1.0,0.0,2.126643787150897,0.4,9.348481261730194,100.0,1.0,0.0,100.0,1.0,0.0
131,mixed_20,11,11,388.9161194649795,162.04838311040814,5400725.552973908,675090.6941217385,6062.0,75.96491228070175,126318.90729025767,1582.9437003791688,79.8,0.8600066973791132,88.8454578961165,72.6,36,1.672840902034057,0.9097744360902256,88.8454578961165,100.0,7.2,0.9,1.1613146754796013,0.0,8,100.0,1.0,0.0,100.0,1.0,0.0,100.0,1.0,0.0,100.0,1.0,0.0,100.0,1.0,0.0,10.763663168931998,0.2,9.29051740383681,100.0,1.0,0.0,100.0,1.0,0.0
132,mixed_20,5,11,667.121720689291,208.47553771540342,4001987.975930133,500248.4969912666,5638.0,71.00755667506297,126084.71120746566,1587.9686550058648,79.4,0.8142735004971792,80.24515064781497,68.8,36,1.55096231737276,0.8664987405541562,80.24515064781497,100.0,7.2,0.8999999999999999,1.1064492623088882,0.0,8,100.0,1.0,0.0,100.0,1.0,0.0,100.0,1.0,0.0,60.0,0.8,0.0,80.0,1.0,0.0,1.961205182519734,0.4,8.851594098471105,100.0,1.0,0.0,100.0,1.0,0.0
133,mixed_20,5,5,351.9017899219717,87.97544748049293,4000351.9017899223,500043.9877237403,5127.4,65.73589743589744,127356.58702749682,1632.7767567627798,78.0,0.9050949679479746,69.86028757189956,60.8,33,1.4441162736214277,0.7794871794871795,69.86028757189956,100.0,6.6000000000000005,0.825,1.5574435593210636,0.0,8,100.0,1.0,0.0,100.0,1.0,0.0,100.0,1.0,0.0,27.000619919560904,0.6,1.8157841045105947,23.38206925574923,0.6,1.8199841736184388,8.499611399886362,0.4,8.823780196439476,100.0,1.0,0.0,100.0,1.0,0.0
134,mixed_20,5,5,260.73409566298886,65.18352391574722,4000260.7340956638,500032.59176195797,5147.4,68.26790450928382,126111.16985193892,1672.5619343758476,75.4,1.1801837257352972,69.75713421696298,54.6,35,1.570670856785397,0.7241379310344828,69.75713421696298,100.0,7.0,0.875,2.076480619621438,0.0,8,100.0,1.0,0.0,100.0,1.0,0.0,100.0,1.0,0.0,29.115078898987576,1.0,3.6303292630402386,25.081803493035295,0.6,3.8947720793880336,3.860191343680981,0.4,9.086743614543229,100.0,1.0,0.0,100.0,1.0,0.0
135,mixed_20,5,5,265.4500334288408,66.3625083572102,4000265.4500334286,500033.1812541786,5390.8,72.6522911051213,127747.15069351229,1721.65971285057,74.2,1.5790322245724213,70.4109503163366,55.4,33,1.9494396079764296,0.7466307277628033,70.4109503163366,100.0,6.6000000000000005,0.825,2.5789914225433415,0.0,8,100.0,1.0,0.0,100.0,1.0,0.0,100.0,1.0,0.0,26.888167279130357,0.6,5.6470616723495874,25.816692452892767,0.8,5.535523550536812,10.582742798669642,0.2,9.449346157460333,100.0,1.0,0.0,100.0,1.0,0.0
136,mixed_20,5,5,469.2643923197273,117.31609807993182,4000469.264392319,500058.6580490399,5666.2,78.4792243767313,123425.76864043134,1709.4981806153926,72.2,1.9702312532161599,68.01521206235208,56.2,35,2.5122998510902943,0.778393351800554,68.01521206235208,100.0,7.0,0.875,2.8502770826951913,0.0,8,100.0,1.0,0.0,100.0,1.0,0.0,100.0,1.0,0.0,21.336167073957313,0.8,6.565796355417144,21.940087547664007,0.8,7.385621038409528,0.8454418771952987,0.4,8.850799267734857,100.0,1.0,0.0,100.0,1.0,0.0
137,mixed_20,5,5,159.1877185076249,49.74616203363278,4022908.902139649,502863.6127674561,5948.6,86.46220930232558,114750.7211948041,1667.8883894593616,68.8,2.2618777768828813,65.97847494835747,57.6,36,3.0074305493030895,0.8372093023255814,65.97847494835747,100.0,7.2,0.8999999999999999,3.102919970326063,0.0,8,100.0,1.0,0.0,100.0,1.0,0.0,100.0,1.0,0.0,11.533779968103772,0.8,7.927049174349456,15.810198113717888,1.0,8.178902670080882,0.48382150503812227,0.4,8.717407918178164,100.0,1.0,0.0,100.0,1.0,0.0
138,mixed_20,5,5,92.9135388756523,30.971179625217435,4875438.58826098,609429.8235326225,6238.6,92.56083086053413,106527.99188533661,1580.5340042334808,67.4,1.6304150293475161,66.18553878141682,58.8,29,2.33396585481557,0.8724035608308606,66.18553878141682,100.0,5.800000000000001,0.7250000000000001,3.4975071849560435,0.0,8,100.0,1.0,0.0,100.0,1.0,0.0,100.0,1.0,0.0,10.81736856155203,0.2,9.244392426031236,7.987502600924472,0.4,9.371877389494331,10.67943908885809,0.2,9.36378766412278,100.0,1.0,0.0,100.0,1.0,0.0
139,mixed_20,5,5,133.11583104386108,44.37194368128703,5000133.1158310445,625016.6394788806,6540.8,94.79420289855072,107946.21794271944,1564.4379411988325,69.0,1.0211693658316505,64.26000982012965,62.4,28,1.5285776196069554,0.9043478260869565,64.26000982012965,100.0,5.6,0.7,2.0877869320785925,0.0,8,100.0,1.0,0.0,100.0,1.0,0.0,100.0,1.0,0.0,1.420981370215486,0.4,8.80283797616139,0.0,0.0,0.0,12.65909719082174,0.2,7.899457480467349,100.0,1.0,0.0,100.0,1.0,0.0
140,mixed_20,5,5,143.3907338736903,47.796911291230096,5000143.390733874,625017.9238417343,6857.2,97.4034090909091,109832.11862832955,1560.1153214251356,70.4,0.8322396646847556,73.49222658941017,64.2,31,1.1440879812616729,0.9119318181818182,73.49222658941017,100.0,6.2,0.7749999999999999,1.6617879934889688,0.0,8,100.0,1.0,0.0,100.0,1.0,0.0,100.0,1.0,0.0,60.50664799495735,0.8,7.625894743394831,0.0,0.0,0.0,27.431164720323977,0.4,5.668409204516919,100.0,1.0,0.0,100.0,1.0,0.0
141,mixed_20,2,5,464.3294754315042,128.9804098420845,4001070.0847214065,500133.7605901758,6480.0,90.50279329608938,111466.54214315834,1556.795281329027,71.6,0.5584914864054445,92.63019246585174,63.6,39,0.7737965980593385,0.888268156424581,92.63019246585174,100.0,7.8,0.975,0.9615694395082693,0.0,8,100.0,1.0,0.0,100.0,1.0,0.0,100.0,1.0,0.0,100.0,1.0,0.0,81.04153972681388,1.0,7.692555516066155,100.0,1.0,0.0,100.0,1.0,0.0,60.0,0.8,0.0
142,mixed_20,2,2,339.6599506505255,84.91498766263138,4000339.65995065,500042.4574938312,5727.8,79.11325966850829,115782.9297329071,1599.2117366423631,72.4,0.6198374208913575,91.3229973613258,61.0,38,0.6873566348960999,0.8425414364640884,91.3229973613258,100.0,7.6,0.95,0.24631286034317934,0.0,8,100.0,1.0,0.0,100.0,1.0,0.0,100.0,1.0,0.0,100.0,1.0,0.0,100.0,1.0,0.0,100.0,1.0,0.0,100.0,1.0,0.0,30.58397889060643,0.6,1.9705028827454347
143,mixed_20,2,2,293.92799206753625,73.48199801688406,4000293.9279920673,500036.7409990084,5292.2,73.29916897506925,116042.94371569762,1607.2429877520447,72.2,0.7519432725719536,92.77897291898313,60.0,39,0.879417095950941,0.8310249307479224,92.77897291898313,100.0,7.8,0.975,0.48812484595584066,0.0,8,100.0,1.0,0.0,100.0,1.0,0.0,100.0,1.0,0.0,100.0,1.0,0.0,100.0,1.0,0.0,100.0,1.0,0.0,100.0,1.0,0.0,42.23178335186503,0.8,3.9049987676467253
144,mixed_20,2,2,539.822827099489,158.77141973514384,4003639.5150747197,500454.93938433996,5547.8,75.58310626702998,117508.534084342,1600.9337068711445,73.4,0.7420924087621839,89.88860741605606,61.8,39,1.2810576762889259,0.8419618528610354,89.88860741605606,100.0,7.8,0.975,0.711894756203313,0.0,8,100.0,1.0,0.0,100.0,1.0,0.0,100.0,1.0,0.0,100.0,1.0,0.0,100.0,1.0,0.0,100.0,1.0,0.0,100.0,1.0,0.0,19.10885932844849,0.8,5.695158049626504
145,mixed_20,2,2,544.9766399819997,136.24415999549993,4000544.9766399823,500068.1220799978,5862.2,79.43360433604336,118634.36100836121,1607.5116667799623,73.8,0.8427484806070495,89.01133495703732,64.4,40,1.5839736289564457,0.8726287262872628,89.01133495703732,100.0,8.0,1.0,0.8373905568178264,0.0,8,100.0,1.0,0.0,100.0,1.0,0.0,100.0,1.0,0.0,100.0,1.0,0.0,100.0,1.0,0.0,100.0,1.0,0.0,100.0,1.0,0.0,12.090679656298562,1.0,6.699124454542611
146,mixed_20,2,2,598.582996452757,157.52184117177816,4000931.668318783,500116.45853984787,6186.6,84.28610354223433,116639.1253395844,1589.0889010842561,73.4,0.898493730855438,90.5665270345878,65.8,37,1.6430693625713404,0.896457765667575,90.5665270345878,100.0,7.4,0.925,1.0209994108668494,0.0,8,100.0,1.0,0.0,100.0,1.0,0.0,100.0,1.0,0.0,100.0,1.0,0.0,100.0,1.0,0.0,100.0,1.0,0.0,100.0,1.0,0.0,24.532216276702457,0.4,8.167995286934795
147,mixed_20,2,2,632.7663215382823,263.6526339742843,4159647.874069021,519955.98425862764,6521.8,87.89487870619946,114126.5606984316,1538.0938099519083,74.2,0.6439277208273271,88.14200688425245,68.8,37,1.4649542972400562,0.9272237196765498,88.14200688425245,100.0,7.4,0.925,0.940772176912859,0.0,8,100.0,1.0,0.0,100.0,1.0,0.0,100.0,1.0,0.0,100.0,1.0,0.0,100.0,1.0,0.0,100.0,1.0,0.0,100.0,1.0,0.0,5.136055074019623,0.4,7.526177415302872
148,mixed_20,2,2,325.36235423304424,147.8919791968383,6175563.2699740315,771945.4087467539,6870.0,91.11405835543766,117938.13791972038,1564.166285407432,75.4,0.6232158180108021,89.12139557908802,70.6,36,1.4607410195504107,0.9363395225464191,89.12139557908802,100.0,7.2,0.9,0.9636759962543235,0.0,8,100.0,1.0,0.0,100.0,1.0,0.0,100.0,1.0,0.0,100.0,1.0,0.0,100.0,1.0,0.0,100.0,1.0,0.0,100.0,1.0,0.0,12.97116463270413,0.2,7.709407970034588
149,mixed_20,0,2,825.6947886102073,229.35966350283536,7353029.446093286,919128.6807616608,6794.6,89.87566137566138,120652.3135601361,1595.9300735467739,75.6,0.7737154157987096,84.1125502866899,67.2,35,1.4574436336611805,0.8888888888888888,84.1125502866899,100.0,7.0,0.875,0.968962030453863,0.0,8,100.0,1.0,0.0,100.0,1.0,0.0,100.0,1.0,0.0,100.0,1.0,0.0,100.0,1.0,0.0,100.0,1.0,0.0,60.0,0.8,0.0,12.900402293519164,0.2,7.751696243630904
150,mixed_20,0,0,385.7539880069851,101.51420737025924,4001085.6753532663,500135.7094191583,6543.2,87.01063829787235,118492.11305390026,1575.6929927380354,75.2,0.7610334309642661,78.88015880601046,63.6,34,1.2374082595071882,0.8457446808510638,78.88015880601046,100.0,6.8,0.85,1.0591086789713626,0.0,8,100.0,1.0,0.0,100.0,1.0,0.0,100.0,1.0,0.0,100.0,1.0,0.0,100.0,1.0,0.0,100.0,1.0,0.0,20.354193486757595,0.6,1.6841198800070691,10.687076961326056,0.2,6.788749551763832
151,mixed_20,0,0,401.1746339743685,143.27665499084588,4098518.5175166936,512314.8146895867,6395.0,84.81432360742706,119629.14348959152,1586.59341498132,75.4,0.6983014704894666,80.30203342690243,63.4,38,1.1589438398753107,0.8408488063660478,80.30203342690243,100.0,7.6,0.95,1.494905354369288,0.0,8,100.0,1.0,0.0,100.0,1.0,0.0,100.0,1.0,0.0,100.0,1.0,0.0,100.0,1.0,0.0,100.0,1.0,0.0,21.79974188719143,1.0,3.907592039781955,20.616525528027978,0.6,8.05165079517235
152,mixed_20,0,0,630.9274469946598,175.25762416518327,4200916.138395032,525114.517299379,6693.8,85.59846547314578,122251.32122895165,1563.3161282474637,78.2,0.6168021601956684,96.1329074657155,66.8,39,0.93552856122324,0.8542199488491049,96.1329074657155,100.0,7.8,0.975,0.6041687596096494,0.0,8,100.0,1.0,0.0,100.0,1.0,0.0,100.0,1.0,0.0,100.0,1.0,0.0,100.0,1.0,0.0,100.0,1.0,0.0,69.06325972572404,0.8,4.8333500768771955,100.0,1.0,0.0
153,mixed_20,0,0,482.56781690818633,134.04661580782954,4009199.02134266,501149.8776678325,7041.6,88.02,122479.97954678668,1530.9997443348336,80.0,0.3900312539814583,100.0,72.2,40,0.5018028426398786,0.9025,100.0,100.0,8.0,1.0,0.0,0.0,8,100.0,1.0,0.0,100.0,1.0,0.0,100.0,1.0,0.0,100.0,1.0,0.0,100.0,1.0,0.0,100.0,1.0,0.0,100.0,1.0,0.0,100.0,1.0,0.0
154,mixed_20,0,0,496.15364855679036,190.82832636799628,4618796.486461418,577349.5608076772,7415.2,89.55555555555556,126547.31253105027,1528.349185157612,82.8,0.21244777206818816,100.0,77.4,40,0.34840791353176737,0.9347826086956522,100.0,100.0,8.0,1.0,0.0,0.0,8,100.0,1.0,0.0,100.0,1.0,0.0,100.0,1.0,0.0,100.0,1.0,0.0,100.0,1.0,0.0,100.0,1.0,0.0,100.0,1.0,0.0,100.0,1.0,0.0
155,mixed_20,0,0,1235.9947927047501,325.2617875538816,4001532.509732933,500191.5637166166,7808.8,90.8,132762.77395435047,1543.7531855157033,86.0,0.1981866882500864,100.0,80.4,40,0.27937391955060037,0.9348837209302325,100.0,100.0,8.0,1.0,0.0,0.0,8,100.0,1.0,0.0,100.0,1.0,0.0,100.0,1.0,0.0,100.0,1.0,0.0,100.0,1.0,0.0,100.0,1.0,0.0,100.0,1.0,0.0,100.0,1.0,0.0
156,mixed_20,0,0,755.0821393347525,290.41620743644324,5129862.082124855,641232.7602656069,8218.4,93.81735159817352,133220.04841616357,1520.7768084036936,87.6,0.12928199529282383,100.0,83.6,40,0.1993235319332099,0.954337899543379,100.0,100.0,8.0,1.0,0.0,0.0,8,100.0,1.0,0.0,100.0,1.0,0.0,100.0,1.0,0.0,100.0,1.0,0.0,100.0,1.0,0.0,100.0,1.0,0.0,100.0,1.0,0.0,100.0,1.0,0.0
157,mixed_20,0,0,830.6495887559025,415.32479437795126,6689098.257134015,836137.2821417518,8643.2,96.89686098654708,135916.41703125712,1523.726648332479,89.2,0.06452204844897244,100.0,86.4,40,0.1182829845784413,0.968609865470852,100.0,100.0,8.0,1.0,0.0,0.0,8,100.0,1.0,0.0,100.0,1.0,0.0,100.0,1.0,0.0,100.0,1.0,0.0,100.0,1.0,0.0,100.0,1.0,0.0,100.0,1.0,0.0,100.0,1.0,0.0
158,mixed_20,2,0,768.8497759417329,480.53110996358305,5059973.770956259,632496.7213695324,8975.0,100.61659192825113,136209.7378766939,1527.0149986176448,89.2,0.05062103431573813,95.0,85.2,39,0.09835671323168137,0.9551569506726457,95.0,100.0,7.8,0.975,0.0,0.0,8,100.0,1.0,0.0,100.0,1.0,0.0,100.0,1.0,0.0,100.0,1.0,0.0,100.0,1.0,0.0,100.0,1.0,0.0,100.0,1.0,0.0,60.0,0.8,0.0
159,mixed_20,2,2,265.14965619244725,165.7185351202795,7247839.59762606,905979.9497032575,9296.0,105.15837104072398,136746.71365051722,1546.9085254583397,88.4,0.14545257744604317,90.17390139174836,82.4,38,0.3314878432265583,0.9321266968325792,90.17390139174836,100.0,7.6,0.95,0.21493994628724689,0.0,8,100.0,1.0,0.0,100.0,1.0,0.0,100.0,1.0,0.0,100.0,1.0,0.0,100.0,1.0,0.0,100.0,1.0,0.0,100.0,1.0,0.0,21.39121113398687,0.6,1.719519570297975
160,mixed_20,2,2,571.1126584173928,285.5563292086964,7924829.2310875375,990603.6538859422,9645.8,110.11187214611873,137858.25216639825,1573.7243397990667,87.6,0.327513798863657,88.77471984782488,79.8,39,0.8097247183316916,0.910958904109589,88.77471984782488,100.0,7.8,0.975,0.4894310376967992,0.0,8,100.0,1.0,0.0,100.0,1.0,0.0,100.0,1.0,0.0,100.0,1.0,0.0,100.0,1.0,0.0,100.0,1.0,0.0,100.0,1.0,0.0,10.197758782599067,0.8,3.9154483015743935
161,mixed_20,2,2,444.96396288837934,247.2022016046552,5650229.487912679,706278.6859890849,10039.0,114.60045662100457,138939.66988603998,1586.0692909365296,87.6,0.5326498816546281,90.77846336767152,80.2,38,1.3577425329312194,0.9155251141552512,90.77846336767152,100.0,7.6,0.95,0.7900909032342596,0.0,8,100.0,1.0,0.0,100.0,1.0,0.0,100.0,1.0,0.0,100.0,1.0,0.0,100.0,1.0,0.0,100.0,1.0,0.0,100.0,1.0,0.0,26.227706941372162,0.6,6.3207272258740765
162,mixed_20,2,2,237.64240021636815,169.74457158312012,7032319.125484152,879039.890685519,10440.2,119.7270642201835,136351.17099291182,1563.6602178086218,87.2,0.6451233367288582,89.0703856531411,80.8,39,1.670491381767134,0.926605504587156,89.0703856531411,100.0,7.8,0.975,0.8898883687178857,0.0,8,100.0,1.0,0.0,100.0,1.0,0.0,100.0,1.0,0.0,100.0,1.0,0.0,100.0,1.0,0.0,100.0,1.0,0.0,100.0,1.0,0.0,12.563085225128816,0.8,7.119106949743085
163,mixed_20,2,2,205.21808760056973,171.01507300047479,6635166.70814351,829395.8385179387,10848.0,125.55555555555556,134095.73495511158,1552.0339693878657,86.4,0.6543619404494697,90.13289120423394,82.2,38,1.7212856228881699,0.9513888888888888,90.13289120423394,100.0,7.6,0.95,1.031872291674716,0.0,8,100.0,1.0,0.0,100.0,1.0,0.0,100.0,1.0,0.0,100.0,1.0,0.0,100.0,1.0,0.0,100.0,1.0,0.0,100.0,1.0,0.0,21.06312963387154,0.6,8.254978333397728
164,mixed_20,2,2,143.38706375136007,119.48921979280007,6043800.681855105,755475.0852318881,11258.6,130.61020881670532,133134.25999866554,1544.4809744624772,86.2,0.5662538998715906,89.06663760814808,82.6,36,1.4953810036116766,0.9582366589327146,89.06663760814808,100.0,7.2,0.9,0.9748090016182438,0.0,8,100.0,1.0,0.0,100.0,1.0,0.0,100.0,1.0,0.0,100.0,1.0,0.0,100.0,1.0,0.0,100.0,1.0,0.0,100.0,1.0,0.0,12.533100865184679,0.2,7.79847201294595
165,mixed_20,2,2,19.35409929454591,19.35409929454591,7054506.417069907,881813.3021337384,11673.0,135.41763341067286,133359.75861258828,1547.0969676634372,86.2,0.5645578695195048,88.72317920244114,83.2,37,1.5033278694224377,0.9651972157772621,88.72317920244114,100.0,7.4,0.925,1.0052335624560567,0.0,8,100.0,1.0,0.0,100.0,1.0,0.0,100.0,1.0,0.0,100.0,1.0,0.0,100.0,1.0,0.0,100.0,1.0,0.0,100.0,1.0,0.0,9.785433619529158,0.4,8.041868499648453
166,mixed_20,2,2,20.2753119343783,20.2753119343783,7000020.275311934,875002.5344139917,12088.0,140.23201856148492,133869.77104261372,1553.0135851811337,86.2,0.5436453117136105,87.80927801774851,83.2,37,1.454910590623708,0.9651972157772621,87.80927801774851,100.0,7.4,0.925,1.065106460114475,0.0,8,100.0,1.0,0.0,100.0,1.0,0.0,100.0,1.0,0.0,100.0,1.0,0.0,100.0,1.0,0.0,100.0,1.0,0.0,100.0,1.0,0.0,2.4742241419880884,0.4,8.5208516809158
167,mixed_20,2,2,18.715111133670593,18.715111133670593,7000018.715111134,875002.3393888917,12503.0,145.04640371229698,133268.1261447933,1546.0339459952818,86.2,0.5854426799422205,88.4882015592072,83.2,37,1.5620841263500478,0.9651972157772621,88.4882015592072,100.0,7.4,0.925,1.0086710412519648,0.0,8,100.0,1.0,0.0,100.0,1.0,0.0,100.0,1.0,0.0,100.0,1.0,0.0,100.0,1.0,0.0,100.0,1.0,0.0,100.0,1.0,0.0,7.905612473657584,0.4,8.069368330015719
168,mixed_20,2,2,23.055320981339197,23.055320981339197,7000023.055320981,875002.8819151226,12918.2,148.82718894009216,133766.62935649077,1541.0901999595712,86.8,0.48384420034390085,87.5,83.4,36,1.3082592691191526,0.9608294930875576,87.5,100.0,7.2,0.9,0.0,0.0,8,100.0,1.0,0.0,100.0,1.0,0.0,100.0,1.0,0.0,100.0,1.0,0.0,100.0,1.0,0.0,100.0,1.0,0.0,100.0,1.0,0.0,0.0,0.2,0.0
169,mixed_20,2,2,28.406045601093677,28.406045601093677,7000028.406045601,875003.5507557001,13337.6,151.90888382687928,135255.36651362135,1540.4939238453458,87.8,0.3892504092146651,88.19675354001106,84.6,37,1.0456634362603807,0.9635535307517085,88.19675354001106,100.0,7.4,0.925,1.0601342675604895,0.0,8,100.0,1.0,0.0,100.0,1.0,0.0,100.0,1.0,0.0,100.0,1.0,0.0,100.0,1.0,0.0,100.0,1.0,0.0,100.0,1.0,0.0,5.574028320088473,0.4,8.481074140483916
170,mixed_20,2,2,42.51875575251429,42.51875575251429,7000042.5187557535,875005.3148444692,13762.6,154.98423423423424,136467.11303989208,1536.7918135122982,88.8,0.26167822898807325,98.7159554902479,85.6,40,0.7041172451575818,0.963963963963964,98.7159554902479,100.0,8.0,1.0,0.6920961903263829,0.0,8,100.0,1.0,0.0,100.0,1.0,0.0,100.0,1.0,0.0,100.0,1.0,0.0,100.0,1.0,0.0,100.0,1.0,0.0,100.0,1.0,0.0,89.72764392198314,1.0,5.536769522611063
171,mixed_20,4,2,244.57697304430172,152.86060815268857,6000736.713320941,750092.0891651176,13905.6,156.24269662921347,136761.50426858108,1536.6461153773155,89.0,0.2388781267453753,95.0,83.6,39,0.5717602141408443,0.9393258426966292,95.0,100.0,7.8,0.975,0.0,0.0,8,100.0,1.0,0.0,100.0,1.0,0.0,100.0,1.0,0.0,100.0,1.0,0.0,100.0,1.0,0.0,100.0,1.0,0.0,60.0,0.8,0.0,100.0,1.0,0.0
172,mixed_20,4,4,185.51568654246634,92.75784327123317,6000185.515686541,750023.1894608176,13890.4,156.7765237020316,137703.65638431013,1554.2173406807012,88.6,0.2551721430159791,91.14902627008519,80.6,38,0.46264468565681666,0.909706546275395,91.14902627008519,100.0,7.6,0.95,0.23108760594396704,0.0,8,100.0,1.0,0.0,100.0,1.0,0.0,100.0,1.0,0.0,100.0,1.0,0.0,100.0,1.0,0.0,100.0,1.0,0.0,29.192210160681498,0.6,1.8487008475517364,100.0,1.0,0.0
173,mixed_20,4,4,151.86719271531177,75.93359635765589,5600777.137212517,700097.1421515646,13641.8,156.08466819221968,138300.40170844653,1582.384458906711,87.4,0.4203436116016648,89.9769274674702,77.6,39,0.8642396139687183,0.8878718535469108,89.9769274674702,100.0,7.8,0.975,0.4924810129608272,0.0,8,100.0,1.0,0.0,100.0,1.0,0.0,100.0,1.0,0.0,100.0,1.0,0.0,100.0,1.0,0.0,100.0,1.0,0.0,19.815419739761637,0.8,3.9398481036866175,100.0,1.0,0.0
174,mixed_20,4,4,716.1485092212517,179.03712730531294,4000716.1485092207,500089.5185636526,11359.2,132.70093457943926,138880.07248821523,1622.430753367,85.6,0.6944973016901884,74.30014077593455,70.0,36,1.3286031666109346,0.8177570093457944,74.30014077593455,100.0,7.2,0.8999999999999999,1.2101921428292304,0.0,8,34.71004493358805,0.6,2.208422234511569,40.29894318184233,0.8,1.9043595236821338,100.0,1.0,0.0,100.0,1.0,0.0,100.0,1.0,0.0,100.0,1.0,0.0,19.392138092046025,0.8,5.56875538444014,100.0,1.0,0.0
175,mixed_20,4,4,618.9866431238142,154.74666078095356,4000618.9866431253,500077.37333039066,8969.0,106.01654846335697,133828.8790857355,1581.9016440394269,84.6,0.8901224885397415,85.33354090267551,65.2,36,1.6555496811666033,0.7706855791962175,85.33354090267551,100.0,7.2,0.8999999999999999,1.3935189035428444,0.0,8,55.13300943365721,0.8,3.852816247271543,100.0,1.0,0.0,100.0,1.0,0.0,100.0,1.0,0.0,100.0,1.0,0.0,100.0,1.0,0.0,27.535317787746862,0.4,7.295334981071212,100.0,1.0,0.0
176,mixed_20,4,4,531.9638025782995,156.45994193479396,4007000.0306104943,500875.0038263118,7926.0,93.46698113207547,131027.3515881673,1545.1338630680107,84.8,0.8526822445705594,89.70671633444766,68.4,38,1.6972199580428309,0.8066037735849056,89.70671633444766,100.0,7.6,0.95,1.000346580559649,0.0,8,100.0,1.0,0.0,100.0,1.0,0.0,100.0,1.0,0.0,100.0,1.0,0.0,100.0,1.0,0.0,100.0,1.0,0.0,17.6537306755813,0.6,8.002772644477192,100.0,1.0,0.0
177,mixed_20,4,4,599.3354337332398,230.51362835893838,6383578.998408807,797947.3748011009,8285.4,95.89583333333333,131565.47984825153,1522.7486093547632,86.4,0.5192359877731916,88.72505037976225,76.2,37,1.1777365337844652,0.8819444444444444,88.72505037976225,100.0,7.4,0.925,1.08813456610078,0.0,8,100.0,1.0,0.0,100.0,1.0,0.0,100.0,1.0,0.0,100.0,1.0,0.0,100.0,1.0,0.0,100.0,1.0,0.0,9.800403038098011,0.4,8.70507652880624,100.0,1.0,0.0
178,mixed_20,4,4,362.0260193966348,226.26626212289673,5119665.17029413,639958.1462867663,8689.2,98.51700680272108,134792.84077972436,1528.2635009039043,88.2,0.3337992064164733,89.34569401231244,83.4,36,0.8436467892836119,0.9455782312925171,89.34569401231244,100.0,7.2,0.9,0.5758866319688309,0.0,8,100.0,1.0,0.0,100.0,1.0,0.0,100.0,1.0,0.0,100.0,1.0,0.0,100.0,1.0,0.0,100.0,1.0,0.0,14.765552098499484,0.2,4.6070930557506475,100.0,1.0,0.0
179,mixed_20,6,4,536.3926371489326,243.81483506769663,5001943.864018438,625242.9830023048,8989.4,102.61872146118722,136416.2328875726,1557.2629325065366,87.6,0.29134782011301535,90.0,79.8,38,0.6460371118946564,0.910958904109589,90.0,100.0,7.6,0.95,0.0,0.0,8,60.0,0.8,0.0,60.0,0.8,0.0,100.0,1.0,0.0,100.0,1.0,0.0,100.0,1.0,0.0,100.0,1.0,0.0,100.0,1.0,0.0,100.0,1.0,0.0
180,mixed_20,6,6,290.92043482778456,96.97347827592819,5000290.920434828,625036.3650543535,9204.4,107.27738927738928,136780.4769739035,1594.1780533088986,85.8,0.41327563852728744,81.88981793323734,71.8,36,0.5911286266653039,0.8368298368298368,81.88981793323734,100.0,7.2,0.9,0.4951219406995442,0.0,8,28.664190416059228,0.6,2.0302076576929386,26.454353049839483,0.6,1.9307678679034148,100.0,1.0,0.0,100.0,1.0,0.0,100.0,1.0,0.0,100.0,1.0,0.0,100.0,1.0,0.0,100.0,1.0,0.0
181,mixed_20,6,6,181.2097716098115,60.4032572032705,5000181.209771609,625022.6512214511,9435.6,112.59665871121719,136867.19413091888,1633.2600731613234,83.8,0.6828560009232072,82.0228498630513,66.0,37,0.9964410980593985,0.7875894988066826,82.0228498630513,100.0,7.4,0.925,1.0181234658938298,0.0,8,21.98863725855972,0.8,3.982673769478994,34.19416164585073,0.6,4.162313957671644,100.0,1.0,0.0,100.0,1.0,0.0,100.0,1.0,0.0,100.0,1.0,0.0,100.0,1.0,0.0,100.0,1.0,0.0
182,mixed_20,6,6,189.33139471649116,63.110464905497054,5000189.331394716,625023.6664243395,9741.4,117.93462469733656,137137.11247361565,1660.2555989541847,82.6,1.03501396030097,79.28545639839257,66.4,38,1.6455148096769512,0.8038740920096852,79.28545639839257,100.0,7.6,0.95,1.4877880460726844,0.0,8,23.046289684609746,0.8,6.083772924104201,11.237361502530803,0.8,5.818531444477274,100.0,1.0,0.0,100.0,1.0,0.0,100.0,1.0,0.0,100.0,1.0,0.0,100.0,1.0,0.0,100.0,1.0,0.0
183,mixed_20,6,6,279.78874484839315,93.26291494946439,5000279.788744847,625034.9735931059,10075.2,121.97578692493947,131078.12232101377,1586.902207276196,82.6,1.0657310794384212,81.46004341096557,68.6,37,1.763357653042746,0.8305084745762712,81.46004341096557,100.0,7.4,0.925,1.591993906581695,0.0,8,25.47438137576364,0.8,6.8775001452752225,26.205965911960902,0.6,5.858451107378339,100.0,1.0,0.0,100.0,1.0,0.0,100.0,1.0,0.0,100.0,1.0,0.0,100.0,1.0,0.0,100.0,1.0,0.0
184,mixed_20,6,6,619.8381115759878,206.6127038586626,5000619.838111576,625077.479763947,10436.0,121.91588785046729,128747.15407681542,1504.055538280554,85.6,0.45451045643640936,100.0,76.2,40,0.7893606529849102,0.8901869158878505,100.0,100.0,8.0,1.0,0.0,0.0,8,100.0,1.0,0.0,100.0,1.0,0.0,100.0,1.0,0.0,100.0,1.0,0.0,100.0,1.0,0.0,100.0,1.0,0.0,100.0,1.0,0.0,100.0,1.0,0.0
185,mixed_20,6,6,194.31939728782302,97.15969864391151,5854872.174280713,731859.0217850892,10835.2,123.97254004576659,134295.46469763335,1536.5613809797867,87.4,0.2439871977430546,100.0,82.4,40,0.4279728616034413,0.9427917620137299,100.0,100.0,8.0,1.0,0.0,0.0,8,100.0,1.0,0.0,100.0,1.0,0.0,100.0,1.0,0.0,100.0,1.0,0.0,100.0,1.0,0.0,100.0,1.0,0.0,100.0,1.0,0.0,100.0,1.0,0.0
186,mixed_20,8,6,555.6874392640228,213.7259381784703,5001553.233517429,625194.1541896786,11131.0,125.63205417607223,136989.85275416553,1546.1608662998367,88.6,0.19800343108365687,97.5,81.6,40,0.31595532597420695,0.9209932279909706,97.5,100.0,8.0,1.0,0.0,0.0,8,100.0,1.0,0.0,100.0,1.0,0.0,100.0,1.0,0.0,100.0,1.0,0.0,100.0,1.0,0.0,100.0,1.0,0.0,80.0,1.0,0.0,100.0,1.0,0.0
187,mixed_20,8,8,603.7070045374522,201.23566817915074,5000603.707004538,625075.4633755672,11416.8,127.99103139013452,138405.64558752612,1551.6327980664364,89.2,0.20908376266605028,89.87678632495829,80.4,37,0.3152809480405374,0.9013452914798207,89.87678632495829,100.0,7.4,0.925,0.3266627058682977,0.0,8,100.0,1.0,0.0,100.0,1.0,0.0,100.0,1.0,0.0,100.0,1.0,0.0,100.0,1.0,0.0,100.0,1.0,0.0,19.01429059966631,0.4,2.6133016469463817,100.0,1.0,0.0
188,mixed_20,8,8,924.8879771325735,308.2959923775245,5000924.887977133,625115.6109971416,11736.8,130.11973392461198,139184.69010713894,1543.067517817505,90.2,0.300063098490233,90.16433299113203,79.4,38,0.6239918766618806,0.8802660753880266,90.16433299113203,100.0,7.6,0.95,0.4901129697479652,0.0,8,100.0,1.0,0.0,100.0,1.0,0.0,100.0,1.0,0.0,100.0,1.0,0.0,100.0,1.0,0.0,100.0,1.0,0.0,21.314663929056223,0.6,3.9209037579837216,100.0,1.0,0.0
189,mixed_20,8,8,298.42403765066695,213.16002689333354,5936013.143184792,742001.642898099,11785.6,128.945295404814,139620.23075290787,1527.5736406226242,91.4,0.22334733277470775,100.0,84.2,40,0.5462470397955747,0.9212253829321663,100.0,100.0,8.0,1.0,0.0,0.0,8,100.0,1.0,0.0,100.0,1.0,0.0,100.0,1.0,0.0,100.0,1.0,0.0,100.0,1.0,0.0,100.0,1.0,0.0,100.0,1.0,0.0,100.0,1.0,0.0
190,mixed_20,8,8,395.79042156675354,197.89521078337677,6371020.992903917,796377.6241129896,10919.2,118.68695652173913,139330.2797502784,1514.4595625030258,92.0,0.1325132881777022,91.7001577941528,83.6,38,0.24712847075916813,0.908695652173913,91.7001577941528,100.0,7.6,0.95,0.24949290722084702,0.0,8,100.0,1.0,0.0,100.0,1.0,0.0,33.60126235322241,0.6,1.9959432577667762,100.0,1.0,0.0,100.0,1.0,0.0,100.0,1.0,0.0,100.0,1.0,0.0,100.0,1.0,0.0
191,mixed_20,8,8,575.3618382138824,287.6809191069412,6000575.361838214,750071.9202297768,10112.4,108.96982758620689,141554.70343858952,1525.3739594675594,92.8,0.09329651509096089,100.0,85.2,40,0.1778504374118565,0.9181034482758621,100.0,100.0,8.0,1.0,0.0,0.0,8,100.0,1.0,0.0,100.0,1.0,0.0,100.0,1.0,0.0,100.0,1.0,0.0,100.0,1.0,0.0,100.0,1.0,0.0,100.0,1.0,0.0,100.0,1.0,0.0
192,mixed_20,8,8,221.63699644231218,221.63699644231218,6094111.564252485,761763.9455315606,9998.2,107.04710920770879,141062.3177725399,1510.3031881428253,93.4,0.057713150144918644,100.0,88.0,40,0.14958156507585618,0.9421841541755889,100.0,100.0,8.0,1.0,0.0,0.0,8,100.0,1.0,0.0,100.0,1.0,0.0,100.0,1.0,0.0,100.0,1.0,0.0,100.0,1.0,0.0,100.0,1.0,0.0,100.0,1.0,0.0,100.0,1.0,0.0
193,mixed_20,2,8,433.15840466756737,433.15840466756737,7639045.441280134,954880.6801600168,10095.6,108.32188841201717,142260.82201274985,1526.4036696646979,93.2,0.03852512535435124,95.0,89.4,39,0.10035762770115396,0.9592274678111588,95.0,100.0,7.8,0.975,0.0,0.0,8,100.0,1.0,0.0,100.0,1.0,0.0,100.0,1.0,0.0,100.0,1.0,0.0,100.0,1.0,0.0,100.0,1.0,0.0,100.0,1.0,0.0,60.0,0.8,0.0
194,mixed_20,2,2,98.48866987723447,98.48866987723447,6228927.848589434,778615.9810736793,10026.8,109.2244008714597,142129.8406090842,1548.255344325536,91.8,0.12729159422330763,91.69341482870152,86.2,38,0.3587638702420502,0.9389978213507625,91.69341482870152,100.0,7.6,0.95,0.21320984495123507,0.0,8,100.0,1.0,0.0,100.0,1.0,0.0,100.0,1.0,0.0,100.0,1.0,0.0,100.0,1.0,0.0,100.0,1.0,0.0,100.0,1.0,0.0,33.547318629612164,0.6,1.7056787596098806
195,mixed_20,2,2,36.26900919284317,36.26900919284317,12394024.867654871,1549253.108456859,10163.4,112.17880794701986,142063.90432808688,1568.0342641069192,90.6,0.30776365195430866,91.60488922089257,83.4,40,0.8285655158551342,0.9205298013245033,91.60488922089257,100.0,8.0,1.0,0.437456001994297,0.0,8,100.0,1.0,0.0,100.0,1.0,0.0,100.0,1.0,0.0,100.0,1.0,0.0,100.0,1.0,0.0,100.0,1.0,0.0,100.0,1.0,0.0,32.83911376714059,1.0,3.499648015954376
196,mixed_20,2,2,21.47484515826067,21.47484515826067,7000021.474845159,875002.6843556449,10560.0,118.38565022421524,140890.82781768867,1579.4935854000971,89.2,0.515932690799586,89.10721217232378,83.0,39,1.3837722221599487,0.9304932735426009,89.10721217232378,100.0,7.8,0.975,0.680282805614641,0.0,8,100.0,1.0,0.0,100.0,1.0,0.0,100.0,1.0,0.0,100.0,1.0,0.0,100.0,1.0,0.0,100.0,1.0,0.0,100.0,1.0,0.0,12.857697378590274,0.8,5.442262444917128
197,mixed_20,2,2,16.930999240187568,16.930999240187568,7000016.930999239,875002.1163749049,10975.0,125.0,137438.84218473858,1565.362667252148,87.8,0.6408128347760776,90.49948455208664,83.2,38,1.6997651696711595,0.9476082004555809,90.49948455208664,100.0,7.6,0.95,0.9226844658876872,0.0,8,100.0,1.0,0.0,100.0,1.0,0.0,100.0,1.0,0.0,100.0,1.0,0.0,100.0,1.0,0.0,100.0,1.0,0.0,100.0,1.0,0.0,23.995876416693136,0.6,7.381475727101497
198,mixed_20,2,2,18.887956499140614,18.887956499140614,6800501.189181531,850062.6486476914,11209.4,129.73842592592592,133569.4567841273,1545.9427868533253,86.4,0.5734009045366028,88.41412884574027,82.6,38,1.515139559594984,0.9560185185185185,88.41412884574027,100.0,7.6,0.95,0.8832474427729882,0.0,8,100.0,1.0,0.0,100.0,1.0,0.0,100.0,1.0,0.0,100.0,1.0,0.0,100.0,1.0,0.0,100.0,1.0,0.0,100.0,1.0,0.0,7.313030765922122,0.6,7.065979542183905
199,mixed_20,2,2,716.8183004963673,256.0065358915598,4801367.858373804,600170.9822967255,9132.8,108.98329355608593,132020.64335344543,1575.4253383466041,83.8,0.5969752420715644,72.76439053499871,74.2,33,1.3754321557289746,0.8854415274463007,72.76439053499871,100.0,6.6000000000000005,0.825,1.0756304293405268,0.0,8,100.0,1.0,0.0,100.0,1.0,0.0,100.0,1.0,0.0,60.0,0.8,0.0,20.0,0.4,0.0,100.0,1.0,0.0,100.0,1.0,0.0,2.1151242799896863,0.4,8.605043434724214
200,mixed_20,2,2,591.2994075644701,147.82485189111753,4000591.299407564,500073.9124259455,6125.8,73.62740384615384,128918.3836832365,1549.499803885054,83.2,0.7271582654028906,74.0060280629325,65.0,33,1.398015291981066,0.78125,74.0060280629325,100.0,6.6,0.825,0.7169603982176432,0.0,8,100.0,1.0,0.0,100.0,1.0,0.0,100.0,1.0,0.0,63.867723859302714,0.8,1.7623328307657848,98.57373314502183,1.0,2.1388969077915694,29.606767499135458,0.6,1.8344534471837917,100.0,1.0,0.0,0.0,0.2,0.0
201,mixed_20,2,2,565.7723357113105,141.44308392782762,4000565.7723357105,500070.7215419638,3777.0,45.17942583732057,128175.11593357913,1533.1951666696068,83.6,0.7410721730699636,89.48053516255356,62.0,36,1.4024460597654353,0.7416267942583732,89.48053516255356,100.0,7.2,0.9,0.7889281793843138,0.0,8,100.0,1.0,0.0,100.0,1.0,0.0,100.0,1.0,0.0,100.0,1.0,0.0,100.0,1.0,0.0,100.0,1.0,0.0,100.0,1.0,0.0,15.84428130042852,0.2,6.3114254350745105
202,mixed_20,2,2,1002.7692183084666,263.8866363969649,4001411.979935241,500176.4974919051,3409.6,39.92505854800937,128977.91634715573,1510.2800509034628,85.4,0.6942399901213011,87.58371673916429,70.8,37,1.537419537867647,0.8290398126463701,87.58371673916429,100.0,7.4,0.925,1.0352617825632149,0.0,8,100.0,1.0,0.0,100.0,1.0,0.0,100.0,1.0,0.0,100.0,1.0,0.0,100.0,1.0,0.0,100.0,1.0,0.0,100.0,1.0,0.0,0.6697339133143032,0.4,8.282094260505719
203,mixed_20,2,2,369.9632989095058,231.22706181844111,4017838.4262598725,502229.80328248406,3786.2,43.82175925925926,132819.80838891744,1537.2663007976557,86.4,0.5948950286972364,88.91527867493721,78.8,37,1.519957858053491,0.9120370370370371,88.91527867493721,100.0,7.4,0.925,0.9102423708297797,0.0,8,100.0,1.0,0.0,100.0,1.0,0.0,100.0,1.0,0.0,100.0,1.0,0.0,100.0,1.0,0.0,100.0,1.0,0.0,100.0,1.0,0.0,11.3222293994977,0.4,7.281938966638237
204,mixed_20,2,2,19.92534363931055,19.92534363931055,5590965.405155402,698870.6756444252,4194.0,48.429561200923786,133916.452519579,1546.3793593484872,86.6,0.561330546262801,88.9435965438804,83.0,36,1.5087934460898154,0.9584295612009238,88.9435965438804,100.0,7.2,0.9,1.0823661268958036,0.0,8,100.0,1.0,0.0,100.0,1.0,0.0,100.0,1.0,0.0,100.0,1.0,0.0,100.0,1.0,0.0,100.0,1.0,0.0,100.0,1.0,0.0,11.548772351043226,0.2,8.658929015166429
205,mixed_20,2,2,28.939878154718514,28.939878154718514,16872221.737792294,2109027.717224037,4612.0,52.64840182648402,134648.50978682138,1537.0834450550385,87.6,0.3859524814033128,88.78584792663958,84.2,37,1.0410191695501254,0.9611872146118722,88.78584792663958,100.0,7.4,0.925,1.0060329398410806,0.0,8,100.0,1.0,0.0,100.0,1.0,0.0,100.0,1.0,0.0,100.0,1.0,0.0,100.0,1.0,0.0,100.0,1.0,0.0,100.0,1.0,0.0,10.28678341311661,0.4,8.048263518728644
206,mixed_20,11,2,539.6793776243064,245.30880801104834,7689744.01361921,961218.0017024012,4716.4,54.211494252873564,135968.9110291064,1562.8610463115679,87.0,0.3587019349830857,84.79321048282429,79.4,36,0.8242660981545866,0.9126436781609195,84.79321048282429,100.0,7.199999999999999,0.9,0.5055671528159541,0.0,8,100.0,1.0,0.0,100.0,1.0,0.0,60.0,0.8,0.0,100.0,1.0,0.0,100.0,1.0,0.0,60.0,0.8,0.0,100.0,1.0,0.0,58.34568386259434,0.6,4.044537222527633
207,mixed_20,11,11,287.6055261957786,95.86850873192621,5000287.605526196,625035.9506907745,4686.2,55.002347417840376,135437.24406298663,1589.6390148237867,85.2,0.43710141914988954,82.63877251390738,72.4,36,0.6477145472319076,0.8497652582159625,82.63877251390738,100.0,7.199999999999999,0.9,0.473824847738621,0.0,8,100.0,1.0,0.0,100.0,1.0,0.0,25.919831497412815,0.6,1.6547775055425424,100.0,1.0,0.0,100.0,1.0,0.0,35.190348613846254,0.6,2.1358212763664257,100.0,1.0,0.0,100.0,1.0,0.0
208,mixed_20,11,11,164.90417709382146,54.96805903127382,5000164.904177094,625020.6130221367,4612.8,55.57590361445783,135686.6950014403,1634.7794578486785,83.0,0.7062148379664169,84.11098036070882,65.0,38,1.0058299185374822,0.7831325301204819,84.11098036070882,100.0,7.6,0.95,1.0806389932986336,0.0,8,100.0,1.0,0.0,100.0,1.0,0.0,40.958800806401996,0.8,4.21186983988814,100.0,1.0,0.0,100.0,1.0,0.0,31.929042079268584,0.8,4.43324210650093,100.0,1.0,0.0,100.0,1.0,0.0
209,mixed_20,11,11,154.05725479169882,51.35241826389961,5000154.057254792,625019.257156849,4875.2,59.891891891891895,134577.33763907896,1653.2842461803311,81.4,1.0318332077333452,81.31957663249239,65.8,37,1.5829172968907825,0.8083538083538083,81.31957663249239,100.0,7.3999999999999995,0.925,1.4812225866185529,0.0,8,100.0,1.0,0.0,100.0,1.0,0.0,21.263808449566568,0.8,5.865278947589712,100.0,1.0,0.0,100.0,1.0,0.0,29.292804610372514,0.6,5.9845017453587115,100.0,1.0,0.0,100.0,1.0,0.0
210,mixed_20,11,11,181.64002286208898,60.546674287363,5000181.640022863,625022.7050028578,5204.2,64.72885572139303,134493.61329908497,1672.8061355607583,80.4,1.3185125280788785,78.81558216549365,66.8,38,2.1229491169479706,0.8308457711442786,78.81558216549365,100.0,7.6,0.95,1.7371324890606112,0.0,8,100.0,1.0,0.0,100.0,1.0,0.0,15.4397665034503,0.8,6.910255541441976,100.0,1.0,0.0,100.0,1.0,0.0,15.084890820498913,0.8,6.986804371042914,100.0,1.0,0.0,100.0,1.0,0.0
211,mixed_20,11,11,399.02677946057224,133.0089264868574,5000399.02677946,625049.8783474325,5539.2,70.11645569620254,129843.75097925375,1643.5917845475158,79.0,1.4338758366666062,76.94380029969523,68.2,38,2.4196939807021653,0.8632911392405064,76.94380029969523,100.0,7.6,0.95,2.0183197831041686,0.0,8,100.0,1.0,0.0,100.0,1.0,0.0,2.639371888108144,1.0,7.782923687823391,100.0,1.0,0.0,100.0,1.0,0.0,12.911030509453667,0.6,8.363634577009957,100.0,1.0,0.0,100.0,1.0,0.0
212,mixed_20,11,11,275.20869110377714,114.67028795990714,5484317.158168479,685539.6447710599,5883.2,76.40519480519481,122712.92670151398,1593.6743727469348,77.0,1.2074670284269855,76.47754471069277,70.0,34,2.0970751973378015,0.9090909090909091,76.47754471069277,100.0,6.800000000000001,0.85,2.251987445802584,0.0,8,100.0,1.0,0.0,100.0,1.0,0.0,3.9267169015238323,0.4,9.16656946465373,100.0,1.0,0.0,100.0,1.0,0.0,7.8936407840183165,0.4,8.849330101766942,100.0,1.0,0.0,100.0,1.0,0.0
213,mixed_20,11,11,39.62776544195803,19.813882720979016,7014326.5883229645,876790.8235403706,6233.0,81.15885416666667,122954.05837216096,1600.9643017208457,76.8,1.1897909953595107,77.66229023024664,70.4,33,2.080785817307815,0.9166666666666666,77.66229023024664,100.0,6.6000000000000005,0.825,2.251277793769077,0.0,8,100.0,1.0,0.0,100.0,1.0,0.0,11.160213796219978,0.2,8.960401818992976,100.0,1.0,0.0,100.0,1.0,0.0,10.138108045753143,0.4,9.04982053115964,100.0,1.0,0.0,100.0,1.0,0.0
214,mixed_20,11,11,39.06365314084608,19.53182657042304,6000039.063653141,750004.8829566427,6583.0,85.93994778067885,122692.4874225945,1601.7296008171606,76.6,1.2018249647533046,77.80760400496945,70.4,32,2.096920680833427,0.9190600522193212,77.80760400496945,100.0,6.4,0.8,2.2263975191973397,0.0,8,100.0,1.0,0.0,100.0,1.0,0.0,11.360803266247785,0.2,8.802194497733586,100.0,1.0,0.0,100.0,1.0,0.0,11.100028773507802,0.2,9.00898565584513,100.0,1.0,0.0,100.0,1.0,0.0
215,mixed_20,11,11,37.536172777988085,18.768086388994043,6000037.536172779,750004.6920215974,6933.0,90.2734375,122868.73657614258,1599.8533408351898,76.8,1.2452992341486415,76.80237422257449,70.4,33,2.167827676748899,0.9166666666666666,76.80237422257449,100.0,6.6000000000000005,0.825,2.2651024740589043,0.0,8,100.0,1.0,0.0,100.0,1.0,0.0,3.8345624640169262,0.4,8.67298107454553,100.0,1.0,0.0,100.0,1.0,0.0,10.584431316578957,0.2,9.447838717925704,100.0,1.0,0.0,100.0,1.0,0.0
216,mixed_20,11,11,38.42562089341445,19.212810446707223,6000038.425620893,750004.8032026116,7283.2,94.83333333333333,123193.79327052522,1604.0858498766304,76.8,1.2185082746388276,77.42155287424396,70.6,33,2.1231516672516526,0.9192708333333334,77.42155287424396,100.0,6.6000000000000005,0.825,2.2604334534029165,0.0,8,100.0,1.0,0.0,100.0,1.0,0.0,8.790952130075311,0.4,8.63298562085256,100.0,1.0,0.0,100.0,1.0,0.0,10.581470863876348,0.2,9.450482006370772,100.0,1.0,0.0,100.0,1.0,0.0
217,mixed_20,11,11,38.24949220880852,19.12474610440426,6000038.249492209,750004.7811865262,7633.0,99.64751958224544,122855.8495216893,1603.862265296205,76.6,1.2297616842568464,77.60691638026685,70.4,32,2.148748558975438,0.9190600522193212,77.60691638026685,100.0,6.4,0.8,2.3978201107838055,0.0,8,100.0,1.0,0.0,100.0,1.0,0.0,10.301399323866463,0.2,9.707419046295803,100.0,1.0,0.0,100.0,1.0,0.0,10.553931718268359,0.2,9.475141839974643,100.0,1.0,0.0,100.0,1.0,0.0
218,mixed_20,11,11,41.14141378053374,20.57070689026687,6000041.14141378,750005.1426767225,7983.0,104.21671018276763,122352.93636894811,1597.2968194379648,76.6,1.1471253749270502,77.69171772569848,70.4,32,2.0080018240544715,0.9190600522193212,77.69171772569848,100.0,6.4,0.8,2.2237288461764786,0.0,8,100.0,1.0,0.0,100.0,1.0,0.0,10.339582068222626,0.2,8.856601090170443,100.0,1.0,0.0,100.0,1.0,0.0,11.194159737365226,0.2,8.933229679241387,100.0,1.0,0.0,100.0,1.0,0.0
219,mixed_20,11,11,40.79375468711913,20.396877343559566,6000040.7937546875,750005.0992193359,8333.2,108.78851174934726,122011.52631308883,1592.8397691003763,76.6,1.1550028838015685,77.78468382111839,70.4,33,2.0203840673339157,0.9190600522193212,77.78468382111839,100.0,6.6000000000000005,0.825,2.2444599505708043,0.0,8,100.0,1.0,0.0,100.0,1.0,0.0,11.185742229763491,0.4,8.93995212350914,100.0,1.0,0.0,100.0,1.0,0.0,11.091728339183646,0.2,9.015727481057295,100.0,1.0,0.0,100.0,1.0,0.0
220,mixed_20,11,11,43.553795559705996,21.776897779852998,6000043.553795559,750005.4442244449,8683.6,111.9020618556701,123587.5385024226,1592.622918845652,77.6,1.0860954279601507,76.21657042674826,70.8,33,1.9044940865112323,0.9123711340206185,76.21657042674826,100.0,6.6000000000000005,0.825,2.210754102992359,0.0,8,100.0,1.0,0.0,100.0,1.0,0.0,1.8360998916978133,0.2,9.040746412053702,100.0,1.0,0.0,100.0,1.0,0.0,7.896463522288286,0.4,8.645286411885172,100.0,1.0,0.0,100.0,1.0,0.0
221,mixed_20,11,11,56.155354729797274,28.077677364898637,6000056.15535473,750007.0194193412,9039.8,113.56532663316582,124251.70371096322,1560.9510516452667,79.6,0.8599627918588123,75.03503419524066,72.4,33,1.53163741959087,0.9095477386934674,75.03503419524066,100.0,6.6000000000000005,0.825,1.0990608226477478,0.0,8,100.0,1.0,0.0,100.0,1.0,0.0,0.0,0.2,0.0,100.0,1.0,0.0,100.0,1.0,0.0,0.28027356192524167,0.4,8.792486581181983,100.0,1.0,0.0,100.0,1.0,0.0
222,mixed_20,11,11,74.47269946661939,37.236349733309694,6000074.472699466,750009.3090874333,9406.6,115.27696078431373,127125.5242959396,1557.9108369600442,81.6,0.6364996474763667,91.41008072528336,74.6,38,1.1186734538027925,0.9142156862745098,91.41008072528336,100.0,7.6,0.95,1.6376765673922034,0.0,8,100.0,1.0,0.0,100.0,1.0,0.0,81.73933430907255,1.0,7.676242207229059,100.0,1.0,0.0,100.0,1.0,0.0,49.54131149319437,0.6,5.425170331908568,100.0,1.0,0.0,100.0,1.0,0.0
223,mixed_20,2,11,418.110331019554,160.81166577675154,5001645.8082049955,625205.7260256244,9553.8,115.3840579710145,128987.53423439509,1557.8204617680567,82.8,0.48405845995197705,97.5,74.6,40,0.8204501518390792,0.9009661835748792,97.5,100.0,8.0,1.0,0.0,0.0,8,100.0,1.0,0.0,100.0,1.0,0.0,100.0,1.0,0.0,100.0,1.0,0.0,100.0,1.0,0.0,100.0,1.0,0.0,100.0,1.0,0.0,80.0,1.0,0.0
224,mixed_20,2,2,254.87357281127393,84.95785760375797,5000254.873572811,625031.8591966013,9582.6,114.6244019138756,131129.321888563,1568.5325584756338,83.6,0.4294248928613074,90.20683830293535,73.0,38,0.5814248626668902,0.8732057416267942,90.20683830293535,100.0,7.6,0.95,0.2098483846972125,0.0,8,100.0,1.0,0.0,100.0,1.0,0.0,100.0,1.0,0.0,100.0,1.0,0.0,100.0,1.0,0.0,100.0,1.0,0.0,100.0,1.0,0.0,21.65470642348282,0.6,1.6787870775777
225,mixed_20,2,2,229.1193113839193,76.37310379463976,5000229.119311384,625028.639913923,9695.2,115.14489311163895,134008.4318151466,1591.5490714387959,84.2,0.5423616207386083,90.78074477741836,71.6,40,0.8196183371724758,0.850356294536817,90.78074477741836,100.0,8.0,1.0,0.4822580122979974,0.0,8,100.0,1.0,0.0,100.0,1.0,0.0,100.0,1.0,0.0,100.0,1.0,0.0,100.0,1.0,0.0,100.0,1.0,0.0,100.0,1.0,0.0,26.245958219346903,1.0,3.8580640983839793
226,mixed_20,2,2,317.8413707330515,105.94712357768384,5000317.841370733,625039.7301713417,10031.8,118.2995283018868,134268.26389713233,1583.3521685982587,84.8,0.6382329225202729,89.71159997755137,74.4,38,1.2292189484792944,0.8773584905660378,89.71159997755137,100.0,7.6,0.95,0.7377426846211592,0.0,8,100.0,1.0,0.0,100.0,1.0,0.0,100.0,1.0,0.0,100.0,1.0,0.0,100.0,1.0,0.0,100.0,1.0,0.0,100.0,1.0,0.0,17.692799820410983,0.6,5.901941476969274
227,mixed_20,2,2,480.07523325070696,160.02507775023565,5000480.075233252,625060.0094041565,10407.6,121.3006993006993,135889.4611551957,1583.7932535570594,85.8,0.7105137460398809,89.79397674074391,76.8,39,1.5738330906121174,0.8951048951048951,89.79397674074391,100.0,7.8,0.975,0.8725114127638434,0.0,8,100.0,1.0,0.0,100.0,1.0,0.0,100.0,1.0,0.0,100.0,1.0,0.0,100.0,1.0,0.0,100.0,1.0,0.0,100.0,1.0,0.0,18.35181392595132,0.8,6.980091302110747
228,mixed_20,2,2,1001.7672956226381,333.9224318742127,5001001.767295623,625125.2209119529,10795.8,124.66281755196304,133837.9018522334,1545.4723077625104,86.6,0.6974884638510923,89.44371991708977,79.2,38,1.6875804138326285,0.9145496535796767,89.44371991708977,100.0,7.6,0.95,0.9859142408767186,0.0,8,100.0,1.0,0.0,100.0,1.0,0.0,100.0,1.0,0.0,100.0,1.0,0.0,100.0,1.0,0.0,100.0,1.0,0.0,100.0,1.0,0.0,15.549759336718125,0.6,7.887313927013749
229,mixed_20,0,2,488.5362898296195,244.26814491480974,4085277.1364293657,510659.6420536707,10631.0,124.19392523364486,133229.63430896017,1556.420961553273,85.6,0.6242584915806342,82.5,79.8,35,1.5624466147359457,0.9322429906542056,82.5,100.0,7.0,0.875,0.0,0.0,8,100.0,1.0,0.0,100.0,1.0,0.0,100.0,1.0,0.0,100.0,1.0,0.0,100.0,1.0,0.0,100.0,1.0,0.0,60.0,0.8,0.0,0.0,0.2,0.0
230,mixed_20,0,0,120.51915798021045,60.259578990105226,6131373.792544255,766421.7240680319,10183.2,120.36879432624113,133282.2968139118,1575.4408606845363,84.6,0.7136563018983965,82.72328508796079,76.2,36,1.5755102400999041,0.900709219858156,82.72328508796079,100.0,7.2,0.9,1.211616796694894,0.0,8,100.0,1.0,0.0,100.0,1.0,0.0,100.0,1.0,0.0,100.0,1.0,0.0,100.0,1.0,0.0,100.0,1.0,0.0,42.504546875179585,0.8,1.376379838991476,19.28173382850673,0.4,8.316554534567677
231,mixed_20,0,0,80.92533993271022,40.46266996635511,6000080.925339933,750010.1156674916,9807.0,115.92198581560284,132631.49698148825,1567.7481912705466,84.6,0.7769058917437417,86.25585057214323,74.4,36,1.6025201349151963,0.8794326241134752,86.25585057214323,100.0,7.2,0.9,1.542388886536274,0.0,8,100.0,1.0,0.0,100.0,1.0,0.0,100.0,1.0,0.0,100.0,1.0,0.0,100.0,1.0,0.0,100.0,1.0,0.0,78.5544334333963,0.8,3.6376865777862544,11.492371143749551,0.4,8.701424514503938
232,mixed_20,0,0,162.38603828315598,81.19301914157799,6000162.386038283,750020.2982547854,10148.0,117.7262180974478,131838.16556671512,1529.4450761799897,86.2,0.5692961767331306,87.99562880141536,78.0,36,1.271299771024017,0.9048723897911833,87.99562880141536,100.0,7.2,0.9,0.9489834298097118,0.0,8,100.0,1.0,0.0,100.0,1.0,0.0,100.0,1.0,0.0,100.0,1.0,0.0,100.0,1.0,0.0,100.0,1.0,0.0,100.0,1.0,0.0,3.965030411322914,0.2,7.591867438477695
233,mixed_20,0,0,232.26394361803614,145.16496476127259,6001081.83999071,750135.2299988387,10550.0,119.88636363636364,133563.5972073038,1517.7681500829976,88.0,0.35453251713278827,88.22475113823202,82.6,37,0.8789834151209657,0.9386363636363636,88.22475113823202,100.0,7.4,0.925,0.8165683261482882,0.0,8,100.0,1.0,0.0,100.0,1.0,0.0,100.0,1.0,0.0,100.0,1.0,0.0,100.0,1.0,0.0,100.0,1.0,0.0,100.0,1.0,0.0,5.798009105856181,0.4,6.532546609186306
234,mixed_20,0,0,45.80496735394856,45.80496735394856,6037024.907733617,754628.1134667022,10974.0,123.58108108108108,136503.36259246996,1537.2000291944814,88.8,0.2421616150395641,100.0,86.0,40,0.6468857797823783,0.9684684684684685,100.0,100.0,8.0,1.0,0.0,0.0,8,100.0,1.0,0.0,100.0,1.0,0.0,100.0,1.0,0.0,100.0,1.0,0.0,100.0,1.0,0.0,100.0,1.0,0.0,100.0,1.0,0.0,100.0,1.0,0.0
235,mixed_20,0,0,54.75453710142553,54.75453710142553,8157754.10025841,1019719.2625323012,11405.2,127.00668151447661,137627.98655530936,1532.6056409277212,89.8,0.20059959682791795,100.0,86.8,40,0.5356673935080839,0.9665924276169265,100.0,100.0,8.0,1.0,0.0,0.0,8,100.0,1.0,0.0,100.0,1.0,0.0,100.0,1.0,0.0,100.0,1.0,0.0,100.0,1.0,0.0,100.0,1.0,0.0,100.0,1.0,0.0,100.0,1.0,0.0
236,mixed_20,0,0,90.70025001064496,90.70025001064496,12095459.107538367,1511932.3884422958,11842.0,130.41850220264317,138487.30404485046,1525.1905731811723,90.8,0.12408001068736922,100.0,88.0,40,0.33519448447995304,0.9691629955947136,100.0,100.0,8.0,1.0,0.0,0.0,8,100.0,1.0,0.0,100.0,1.0,0.0,100.0,1.0,0.0,100.0,1.0,0.0,100.0,1.0,0.0,100.0,1.0,0.0,100.0,1.0,0.0,100.0,1.0,0.0
237,mixed_20,0,0,108.21401626980564,108.21401626980564,7000108.214016271,875013.5267520339,12285.0,133.8235294117647,140277.36905877216,1528.0759156728993,91.8,0.10234646638536471,100.0,89.2,40,0.27438828077642635,0.971677559912854,100.0,100.0,8.0,1.0,0.0,0.0,8,100.0,1.0,0.0,100.0,1.0,0.0,100.0,1.0,0.0,100.0,1.0,0.0,100.0,1.0,0.0,100.0,1.0,0.0,100.0,1.0,0.0,100.0,1.0,0.0
238,mixed_20,0,0,177.7801377756743,177.7801377756743,7000177.780137775,875022.2225172218,12733.6,137.2155172413793,141701.99408265887,1526.9611431321,92.8,0.06568399733831849,100.0,90.6,40,0.18262715929000192,0.9762931034482759,100.0,100.0,8.0,1.0,0.0,0.0,8,100.0,1.0,0.0,100.0,1.0,0.0,100.0,1.0,0.0,100.0,1.0,0.0,100.0,1.0,0.0,100.0,1.0,0.0,100.0,1.0,0.0,100.0,1.0,0.0
239,mixed_20,0,0,373.9645786551421,373.9645786551421,7000373.964578654,875046.7455723317,13189.2,140.9102564102564,142236.9225239973,1519.6252406409967,93.6,0.03163046400018933,100.0,91.8,40,0.08651171689171638,0.9807692307692307,100.0,100.0,8.0,1.0,0.0,0.0,8,100.0,1.0,0.0,100.0,1.0,0.0,100.0,1.0,0.0,100.0,1.0,0.0,100.0,1.0,0.0,100.0,1.0,0.0,100.0,1.0,0.0,100.0,1.0,0.0
240,mixed_20,4,0,538.8306788679765,538.8306788679765,6028889.376646588,753611.1720808235,13513.6,144.99570815450645,142181.09255979108,1525.5482034312347,93.2,0.02856124591595833,95.0,90.4,39,0.07847405397772278,0.9699570815450643,95.0,100.0,7.8,0.975,0.0,0.0,8,100.0,1.0,0.0,100.0,1.0,0.0,100.0,1.0,0.0,100.0,1.0,0.0,100.0,1.0,0.0,100.0,1.0,0.0,60.0,0.8,0.0,100.0,1.0,0.0
241,mixed_20,4,4,105.34905903714476,105.34905903714476,7000105.349059036,875013.1686323795,13759.0,149.55434782608697,141954.7336041862,1542.986234828111,92.0,0.11230215717736605,90.24812097340941,86.4,38,0.3116789274280911,0.9391304347826087,90.24812097340941,100.0,7.6,0.95,0.22960297408877242,0.0,8,100.0,1.0,0.0,100.0,1.0,0.0,100.0,1.0,0.0,100.0,1.0,0.0,100.0,1.0,0.0,100.0,1.0,0.0,21.98496778727531,0.6,1.8368237927101794,100.0,1.0,0.0
242,mixed_20,4,4,38.53125583643124,38.53125583643124,7000038.531255836,875004.8164069795,14047.2,155.04635761589404,142065.15993609017,1568.0481229149027,90.6,0.2926867550518082,92.3845097581767,83.4,39,0.7921704313898047,0.9205298013245033,92.3845097581767,100.0,7.8,0.975,0.5096302359556848,0.0,8,100.0,1.0,0.0,100.0,1.0,0.0,100.0,1.0,0.0,100.0,1.0,0.0,100.0,1.0,0.0,100.0,1.0,0.0,39.07607806541364,0.8,4.077041887645478,100.0,1.0,0.0
243,mixed_20,4,4,149.36524472926038,124.47103727438366,6600521.935030986,825065.2418788732,14032.2,158.37697516930024,140141.3171908697,1581.7304423348726,88.6,0.4845604349372493,89.04137080955309,81.8,39,1.2776059473994168,0.9232505643340858,89.04137080955309,100.0,7.8,0.975,0.7179804297839539,0.0,8,100.0,1.0,0.0,100.0,1.0,0.0,100.0,1.0,0.0,100.0,1.0,0.0,100.0,1.0,0.0,100.0,1.0,0.0,12.330966476424692,0.8,5.7438434382716315,100.0,1.0,0.0
244,mixed_20,4,4,502.71595908566934,179.54141395916764,5000912.234882565,625114.0293603207,12028.0,140.51401869158877,136596.2232635496,1595.7502717704392,85.6,0.7416468840499114,73.79710619210812,73.8,35,1.658973211231194,0.8621495327102804,73.79710619210812,100.0,7.0,0.875,1.1567883601142706,0.0,8,30.57511752109349,0.6,2.0439266162572833,40.0,0.6,0.0,100.0,1.0,0.0,100.0,1.0,0.0,100.0,1.0,0.0,100.0,1.0,0.0,19.80173201577145,0.8,7.210380264656882,100.0,1.0,0.0
245,mixed_20,4,4,274.62986596567214,91.54328865522405,5000274.629865965,625034.3287332456,9793.0,116.3064133016627,131170.46138752217,1557.8439594717597,84.2,0.851608284591187,82.56462325771906,66.6,37,1.6570682375718466,0.7909738717339667,82.56462325771906,100.0,7.3999999999999995,0.925,1.5407990936503582,0.0,8,52.18776531417916,0.8,3.5386636443084423,81.90134332708567,1.0,1.6845830571484148,100.0,1.0,0.0,100.0,1.0,0.0,100.0,1.0,0.0,100.0,1.0,0.0,26.427877420487675,0.6,7.103146047746009,100.0,1.0,0.0
246,mixed_20,4,4,292.3368746321713,97.44562487739044,5000292.336874632,625036.542109329,8638.0,103.57314148681056,128470.24753751536,1540.410641936635,83.4,0.774390037229287,88.98128989771578,67.8,36,1.5348192318655023,0.8129496402877698,88.98128989771578,100.0,7.2,0.9,1.0548239088172051,0.0,8,100.0,1.0,0.0,100.0,1.0,0.0,100.0,1.0,0.0,100.0,1.0,0.0,100.0,1.0,0.0,100.0,1.0,0.0,11.850319181726263,0.2,8.438591270537641,100.0,1.0,0.0
247,mixed_20,4,4,796.6969624155234,265.5656541385078,5000796.696962414,625099.5871203018,8821.4,103.29508196721312,129775.54262519276,1519.619937063147,85.4,0.6057392520079982,87.5,73.8,35,1.4173459922041414,0.8641686182669789,87.5,100.0,7.0,0.875,0.0,0.0,8,100.0,1.0,0.0,100.0,1.0,0.0,100.0,1.0,0.0,100.0,1.0,0.0,100.0,1.0,0.0,100.0,1.0,0.0,0.0,0.0,0.0,100.0,1.0,0.0
248,mixed_20,4,4,250.16784292395442,178.69131637425318,5007983.704238563,625997.9630298204,9207.0,106.80974477958236,132839.60170595415,1541.0626648022524,86.2,0.5356279334420402,89.09859686700258,80.0,37,1.392004623833029,0.9280742459396751,89.09859686700258,100.0,7.4,0.925,0.9712002812241985,0.0,8,100.0,1.0,0.0,100.0,1.0,0.0,100.0,1.0,0.0,100.0,1.0,0.0,100.0,1.0,0.0,100.0,1.0,0.0,12.788774936020673,0.4,7.769602249793588,100.0,1.0,0.0
249,mixed_20,4,4,18.58075968810548,18.58075968810548,5912421.187568207,739052.6484460259,9618.0,111.57772621809745,134062.77835946137,1555.2526491816864,86.2,0.5942540519268773,87.63062490161133,83.2,37,1.5900915560428712,0.9651972157772621,87.63062490161133,100.0,7.4,0.925,1.0455725317238829,0.0,8,100.0,1.0,0.0,100.0,1.0,0.0,100.0,1.0,0.0,100.0,1.0,0.0,100.0,1.0,0.0,100.0,1.0,0.0,1.044999212890616,0.4,8.364580253791063,100.0,1.0,0.0
250,mixed_20,4,4,18.341104778172934,18.341104778172934,10002182.38357706,1250272.7979471325,10033.0,116.12268518518519,133912.982637168,1549.9187805227778,86.4,0.5919601336607354,88.70399980110562,83.2,37,1.5710065239528028,0.9629629629629629,88.70399980110562,100.0,7.4,0.925,0.9576477303888947,0.0,8,100.0,1.0,0.0,100.0,1.0,0.0,100.0,1.0,0.0,100.0,1.0,0.0,100.0,1.0,0.0,100.0,1.0,0.0,9.631998408844993,0.4,7.661181843111158,100.0,1.0,0.0
251,mixed_20,4,4,20.30346010611275,20.30346010611275,7000020.303460106,875002.5379325133,10448.0,121.20649651972158,133143.25402069063,1544.5853134650886,86.2,0.5412848623769404,89.09316120685048,83.2,36,1.4460771802962915,0.9651972157772621,89.09316120685048,100.0,7.2,0.9,0.9807544856611868,0.0,8,100.0,1.0,0.0,100.0,1.0,0.0,100.0,1.0,0.0,100.0,1.0,0.0,100.0,1.0,0.0,100.0,1.0,0.0,12.745289654803855,0.2,7.846035885289495,100.0,1.0,0.0
252,mixed_20,4,4,19.277530521131276,19.277530521131276,7000019.277530523,875002.4096913154,10863.0,125.72916666666667,133871.50385697273,1549.4387020482955,86.4,0.5633504554169166,87.50921440281729,83.2,37,1.4952237864312288,0.9629629629629629,87.50921440281729,100.0,7.4,0.925,0.9703333849562743,0.0,8,100.0,1.0,0.0,100.0,1.0,0.0,100.0,1.0,0.0,100.0,1.0,0.0,100.0,1.0,0.0,100.0,1.0,0.0,0.07371522253833973,0.4,7.762667079650194,100.0,1.0,0.0
253,mixed_20,4,4,18.43986326143162,18.43986326143162,7000018.439863262,875002.3049829077,11278.0,130.2309468822171,134236.55539530635,1550.075697405385,86.6,0.5898844803290131,88.99633838001989,83.2,36,1.5671369431784994,0.9607390300230947,88.99633838001989,100.0,7.2,0.9,1.04421568066658,0.0,8,100.0,1.0,0.0,100.0,1.0,0.0,100.0,1.0,0.0,100.0,1.0,0.0,100.0,1.0,0.0,100.0,1.0,0.0,11.97070704015914,0.2,8.35372544533264,100.0,1.0,0.0
254,mixed_20,4,4,27.298065594218947,27.298065594218947,7000027.2980655935,875003.4122581992,11696.0,133.5159817351598,134732.23778254126,1538.0392440929368,87.6,0.4079183850644041,88.30552417892079,84.2,37,1.0983417316662594,0.9611872146118722,88.30552417892079,100.0,7.4,0.925,1.05711283381097,0.0,8,100.0,1.0,0.0,100.0,1.0,0.0,100.0,1.0,0.0,100.0,1.0,0.0,100.0,1.0,0.0,100.0,1.0,0.0,6.44419343136633,0.4,8.45690267048776,100.0,1.0,0.0
255,mixed_20,4,4,40.65222262802223,40.65222262802223,7000040.652222628,875005.0815278285,12119.2,136.78555304740405,136116.33604488664,1536.3017612289689,88.6,0.27842802402363576,96.0787006599304,85.4,39,0.7566234388531607,0.963882618510158,96.0787006599304,100.0,7.8,0.975,0.7293779716863811,0.0,8,100.0,1.0,0.0,100.0,1.0,0.0,100.0,1.0,0.0,100.0,1.0,0.0,100.0,1.0,0.0,100.0,1.0,0.0,68.62960527944324,0.8,5.835023773491049,100.0,1.0,0.0
256,mixed_20,1,4,928.463967725958,290.1449899143619,3004142.8264015918,375517.85330019897,10537.6,121.96296296296296,136801.21634002234,1583.3474113428513,86.4,0.3245820914096608,82.5,74.4,37,0.6121750014580283,0.8611111111111112,82.5,100.0,7.3999999999999995,0.925,0.0,0.0,8,80.0,1.0,0.0,60.0,0.8,0.0,100.0,1.0,0.0,60.0,0.8,0.0,60.0,0.8,0.0,100.0,1.0,0.0,100.0,1.0,0.0,100.0,1.0,0.0
257,mixed_20,1,1,553.8823041529891,110.77646083059783,3000553.882304153,375069.2352880191,7869.6,95.73722627737226,135500.53279359068,1648.4249731580376,82.2,0.5807257929869263,66.14303686966309,57.6,32,0.5050945210050115,0.7007299270072993,66.14303686966309,100.0,6.4,0.8,0.9189865344832671,0.0,8,38.81795745006002,0.6,1.782664251977541,32.53460615506356,0.6,1.9395283223348139,100.0,1.0,0.0,31.723506234516208,0.6,2.1229392471183797,26.06822511766495,0.6,1.5067604544354016,100.0,1.0,0.0,100.0,1.0,0.0,100.0,1.0,0.0
258,mixed_20,1,1,290.49363167595425,58.09872633519085,3000290.4936316754,375036.3117039594,5660.6,73.70572916666667,134482.32586226566,1751.0719513315842,76.8,1.2152190813667327,65.30376446322407,44.4,37,1.1061097761777958,0.578125,65.30376446322407,100.0,7.4,0.925,1.9916070344817627,0.0,8,24.850642211813465,0.6,4.231177056867042,32.330037398655804,1.0,4.041862624082194,100.0,1.0,0.0,21.54040759086911,0.8,4.161287982102552,43.70902850445418,1.0,3.4985286128023136,100.0,1.0,0.0,100.0,1.0,0.0,100.0,1.0,0.0
259,mixed_20,1,1,278.1062624786002,55.621252495720036,3000278.106262478,375034.76328280976,5456.2,75.15426997245179,132203.4628743491,1820.9843371122465,72.6,1.9499323047917838,58.763334686788085,43.6,35,1.8528071456743138,0.6005509641873278,58.763334686788085,100.0,7.0,0.875,2.840848531387133,0.0,8,11.976913017583684,0.8,5.395133422089144,14.561670639909607,0.8,5.594823539288203,100.0,1.0,0.0,20.6546802530238,0.6,6.214834920968425,22.913413583787587,0.8,5.521996368751287,100.0,1.0,0.0,100.0,1.0,0.0,100.0,1.0,0.0
260,mixed_20,1,1,436.57087669776104,87.31417533955221,3000436.570876698,375054.57135958725,5673.2,81.74639769452449,124984.58704445485,1800.9306490555455,69.4,2.4963183156241935,59.47005905638093,45.0,35,2.439707005670951,0.6484149855907781,59.47005905638093,100.0,7.0,0.875,3.4410007773663756,0.0,8,17.202539896093185,0.8,6.529800785049376,25.8181140879924,0.6,7.260228188685341,100.0,1.0,0.0,15.069242296053744,0.6,6.704974836152784,17.670576170908134,1.0,7.033002409043505,100.0,1.0,0.0,100.0,1.0,0.0,100.0,1.0,0.0
261,mixed_20,1,1,360.23516581598597,81.87162859454226,3021575.2737596375,377696.9092199547,5901.2,84.54441260744986,108481.26338917002,1554.1728279250722,69.8,1.8664486597134473,72.42255091413938,48.4,36,2.0438973520837713,0.6934097421203438,72.42255091413938,100.0,7.2,0.9,3.212026579387075,0.0,8,60.773778519601365,1.0,6.356581509752531,36.70952350361404,0.8,6.965118705399544,100.0,1.0,0.0,42.75700644452172,0.6,6.302706299358935,39.140098845377906,0.8,6.07180612058559,100.0,1.0,0.0,100.0,1.0,0.0,100.0,1.0,0.0
262,mixed_20,1,1,228.4027705022192,57.1006926255548,5352411.454872682,669051.4318590852,6174.8,83.66937669376694,116385.07351458425,1577.0335164577812,73.8,0.8414093738755481,100.0,60.6,40,0.8723894326025797,0.8211382113821138,100.0,100.0,8.0,1.0,0.0,0.0,8,100.0,1.0,0.0,100.0,1.0,0.0,100.0,1.0,0.0,100.0,1.0,0.0,100.0,1.0,0.0,100.0,1.0,0.0,100.0,1.0,0.0,100.0,1.0,0.0
263,mixed_20,1,1,311.1554497345729,77.78886243364323,4000311.1554497355,500038.89443121693,6492.6,83.66752577319588,121720.80652722968,1568.5670944230628,77.6,0.6216385818431381,100.0,66.4,40,0.6463048600437854,0.8556701030927835,100.0,100.0,8.0,1.0,0.0,0.0,8,100.0,1.0,0.0,100.0,1.0,0.0,100.0,1.0,0.0,100.0,1.0,0.0,100.0,1.0,0.0,100.0,1.0,0.0,100.0,1.0,0.0,100.0,1.0,0.0
264,mixed_20,8,1,901.4591094200289,173.35752104231324,2002616.767971205,250327.09599640063,6236.0,77.95,126855.25624623445,1585.6907030779307,80.0,0.5176635396887941,92.5,65.6,39,0.46113422418799527,0.82,92.5,100.0,7.8,0.975,0.0,0.0,8,100.0,1.0,0.0,100.0,1.0,0.0,100.0,1.0,0.0,100.0,1.0,0.0,100.0,1.0,0.0,100.0,1.0,0.0,80.0,1.0,0.0,60.0,0.8,0.0
265,mixed_20,8,8,839.9111783613382,139.98519639355638,2000839.9111783612,250104.98889729514,5802.4,71.1078431372549,131210.16070473436,1607.967655695274,81.6,0.5607374133391808,80.85700844846599,62.4,36,0.3969491170559671,0.7647058823529411,80.85700844846599,100.0,7.199999999999999,0.9,0.4458107065895853,0.0,8,100.0,1.0,0.0,100.0,1.0,0.0,100.0,1.0,0.0,100.0,1.0,0.0,100.0,1.0,0.0,100.0,1.0,0.0,22.86375751973992,0.6,1.9046531118414967,23.992310067988,0.6,1.661832540875186
266,mixed_20,8,8,1179.0681974630088,196.5113662438348,2001179.0681974632,250147.3835246829,5526.6,65.63657957244655,134474.1941074554,1597.0806901122971,84.2,0.6769359343074923,88.30829059196844,62.6,40,0.7984012615093997,0.7434679334916865,88.30829059196844,100.0,8.0,1.0,0.9037787005014494,0.0,8,100.0,1.0,0.0,100.0,1.0,0.0,100.0,1.0,0.0,100.0,1.0,0.0,100.0,1.0,0.0,100.0,1.0,0.0,24.612209431115843,1.0,3.962153511496397,81.8541153046317,1.0,3.268076092515198
267,mixed_20,8,8,1740.4584597925145,322.307122183799,2241373.3020015373,280171.66275019216,5829.0,66.54109589041096,137258.40290558492,1566.8767454975448,87.6,0.6978038500920636,89.67477189213241,71.2,39,1.2840075490345177,0.8127853881278538,89.67477189213241,100.0,7.8,0.975,0.7661520445744556,0.0,8,100.0,1.0,0.0,100.0,1.0,0.0,100.0,1.0,0.0,100.0,1.0,0.0,100.0,1.0,0.0,100.0,1.0,0.0,17.398175137059297,0.8,6.129216356595645,100.0,1.0,0.0
268,mixed_20,8,8,797.8448092474997,332.43533718645824,7195660.346046062,899457.5432557578,6211.6,68.86474501108647,135892.8047251638,1506.5721144696652,90.2,0.3768114073145795,95.74145314065959,81.2,39,0.9199456304417533,0.9002217294900222,95.74145314065959,100.0,7.8,0.975,0.7394503623944576,0.0,8,100.0,1.0,0.0,100.0,1.0,0.0,100.0,1.0,0.0,100.0,1.0,0.0,100.0,1.0,0.0,100.0,1.0,0.0,65.9316251252767,0.8,5.915602899155661,100.0,1.0,0.0
269,mixed_20,8,8,78.67628390587421,78.67628390587421,13613436.70879842,1701679.5885998025,6638.0,72.78508771929825,138733.19225608854,1521.1972835097426,91.2,0.14258373094680274,100.0,87.8,40,0.3798070783392061,0.9627192982456141,100.0,100.0,8.0,1.0,0.0,0.0,8,100.0,1.0,0.0,100.0,1.0,0.0,100.0,1.0,0.0,100.0,1.0,0.0,100.0,1.0,0.0,100.0,1.0,0.0,100.0,1.0,0.0,100.0,1.0,0.0
270,mixed_20,8,8,166.55648819620652,166.55648819620652,17551156.8256507,2193894.6032063374,7083.2,76.82429501084599,140179.2063794766,1520.3818479335857,92.2,0.07432883734837178,100.0,89.8,40,0.2056933662015221,0.9739696312364425,100.0,100.0,8.0,1.0,0.0,0.0,8,100.0,1.0,0.0,100.0,1.0,0.0,100.0,1.0,0.0,100.0,1.0,0.0,100.0,1.0,0.0,100.0,1.0,0.0,100.0,1.0,0.0,100.0,1.0,0.0
271,mixed_20,8,8,231.92107551141643,231.92107551141643,30121009.439377747,3765126.1799222184,7536.0,81.03225806451613,141719.6158799017,1523.866837418298,93.0,0.04832737168544169,100.0,91.0,40,0.1305465093787638,0.978494623655914,100.0,100.0,8.0,1.0,0.0,0.0,8,100.0,1.0,0.0,100.0,1.0,0.0,100.0,1.0,0.0,100.0,1.0,0.0,100.0,1.0,0.0,100.0,1.0,0.0,100.0,1.0,0.0,100.0,1.0,0.0
272,mixed_20,8,8,492.3318735157862,492.3318735157862,17601852.696932893,2200231.5871166117,7993.6,85.03829787234042,142556.52038859788,1516.5587275382752,94.0,0.025423498566158897,100.0,92.4,40,0.07268331382420737,0.9829787234042553,100.0,100.0,8.0,1.0,0.0,0.0,8,100.0,1.0,0.0,100.0,1.0,0.0,100.0,1.0,0.0,100.0,1.0,0.0,100.0,1.0,0.0,100.0,1.0,0.0,100.0,1.0,0.0,100.0,1.0,0.0
273,mixed_20,8,8,0.0,0.0,11238353.669123698,1404794.2086404623,8460.0,90.0,142792.58765335687,1519.07008141869,94.0,0.00040139285398438823,100.0,93.8,40,0.0022845776495852344,0.997872340425532,100.0,100.0,8.0,1.0,0.0,0.0,8,100.0,1.0,0.0,100.0,1.0,0.0,100.0,1.0,0.0,100.0,1.0,0.0,100.0,1.0,0.0,100.0,1.0,0.0,100.0,1.0,0.0,100.0,1.0,0.0
274,mixed_20,8,8,0.0,0.0,12883618.297570959,1610452.2871963698,8930.0,95.0,142973.98296945007,1520.999818823937,94.0,7.387124229589721e-07,100.0,94.0,40,2.613046454421417e-06,1.0,100.0,100.0,8.0,1.0,0.0,0.0,8,100.0,1.0,0.0,100.0,1.0,0.0,100.0,1.0,0.0,100.0,1.0,0.0,100.0,1.0,0.0,100.0,1.0,0.0,100.0,1.0,0.0,100.0,1.0,0.0
275,mixed_20,8,8,0.0,0.0,8786406.175520342,1098300.7719400427,9400.0,100.0,142973.9832919954,1520.9998222552701,94.0,4.379534624994761e-07,100.0,94.0,40,2.735018496700876e-06,1.0,100.0,100.0,8.0,1.0,0.0,0.0,8,100.0,1.0,0.0,100.0,1.0,0.0,100.0,1.0,0.0,100.0,1.0,0.0,100.0,1.0,0.0,100.0,1.0,0.0,100.0,1.0,0.0,100.0,1.0,0.0
276,mixed_20,8,8,0.0,0.0,8000000.0,1000000.0,9870.0,105.0,142974.0,1521.0,94.0,0.0,100.0,94.0,40,0.0,1.0,100.0,100.0,8.0,1.0,0.0,0.0,8,100.0,1.0,0.0,100.0,1.0,0.0,100.0,1.0,0.0,100.0,1.0,0.0,100.0,1.0,0.0,100.0,1.0,0.0,100.0,1.0,0.0,100.0,1.0,0.0
277,mixed_20,8,8,0.0,0.0,8000000.0,1000000.0,10340.0,110.0,142974.0,1521.0,94.0,0.0,100.0,94.0,40,0.0,1.0,100.0,100.0,8.0,1.0,0.0,0.0,8,100.0,1.0,0.0,100.0,1.0,0.0,100.0,1.0,0.0,100.0,1.0,0.0,100.0,1.0,0.0,100.0,1.0,0.0,100.0,1.0,0.0,100.0,1.0,0.0
278,mixed_20,8,8,0.0,0.0,8000000.0,1000000.0,10810.0,115.0,142974.0,1521.0,94.0,0.0,100.0,94.0,40,0.0,1.0,100.0,100.0,8.0,1.0,0.0,0.0,8,100.0,1.0,0.0,100.0,1.0,0.0,100.0,1.0,0.0,100.0,1.0,0.0,100.0,1.0,0.0,100.0,1.0,0.0,100.0,1.0,0.0,100.0,1.0,0.0
279,mixed_20,5,8,638.5140628507961,399.07128928174757,5003433.208562881,625429.1510703601,9908.4,108.17030567685589,141986.1302880435,1550.0669245419597,91.6,0.06540045726150431,87.5,85.2,38,0.12030481383844625,0.9301310043668122,87.5,100.0,7.6,0.95,0.0,0.0,8,100.0,1.0,0.0,100.0,1.0,0.0,100.0,1.0,0.0,60.0,0.8,0.0,60.0,0.8,0.0,80.0,1.0,0.0,100.0,1.0,0.0,100.0,1.0,0.0
280,mixed_20,5,5,374.00999494606674,124.66999831535558,4800646.899272182,600080.8624090228,8230.0,94.38073394495413,140306.10952656902,1609.0150175065255,87.2,0.32619843558900036,71.95679245670931,71.8,34,0.45736645888616556,0.823394495412844,71.95679245670931,100.0,6.8,0.8500000000000001,0.6425474588383631,0.0,8,100.0,1.0,0.0,100.0,1.0,0.0,100.0,1.0,0.0,22.39946669967594,0.6,1.640813612581058,30.79195744619483,0.6,1.7811709189826068,22.4629155078037,0.6,1.7183951391432393,100.0,1.0,0.0,100.0,1.0,0.0
281,mixed_20,5,5,407.41848767537886,101.85462191884471,4000407.4184876764,500050.92731095955,5599.4,68.28536585365853,138268.5422731861,1686.2017350388548,82.0,0.9121872228759094,65.53072394287142,55.0,37,1.1251362592928102,0.6707317073170732,65.53072394287142,100.0,7.4,0.925,1.6658166596914863,0.0,8,100.0,1.0,0.0,100.0,1.0,0.0,35.103623849659016,0.6,2.2891071740733446,28.611799425643767,1.0,3.668785464732763,13.684142444208192,0.8,3.833521393996506,46.84622582346037,1.0,3.5351192447292767,100.0,1.0,0.0,100.0,1.0,0.0
282,mixed_20,5,5,243.5940283980407,60.89850709951018,4000243.594028397,500030.4492535496,4451.0,56.62849872773537,135346.99962414562,1721.9720053962549,78.6,1.4975785740769267,71.12351609637358,51.8,35,1.828719686226133,0.6590330788804071,71.12351609637358,100.0,7.0,0.875,2.0635377210115573,0.0,8,100.0,1.0,0.0,100.0,1.0,0.0,100.0,1.0,0.0,28.007432681738464,0.6,5.3758226170745536,25.26476233248104,0.6,5.793242884018696,15.715933756769118,0.8,5.339236266999208,100.0,1.0,0.0,100.0,1.0,0.0
283,mixed_20,5,5,279.23251868039745,69.80812967009936,4000279.2325186804,500034.90406483505,3950.8,52.67733333333333,123655.57336177351,1648.7409781569802,75.0,1.895160545287995,67.35850925591592,53.2,38,2.344068093165501,0.7093333333333334,67.35850925591592,100.0,7.6,0.95,2.39780570010772,0.0,8,100.0,1.0,0.0,100.0,1.0,0.0,100.0,1.0,0.0,19.067121830785254,0.8,5.883840680373602,13.110096737773347,0.8,6.411898201532063,6.6908554787687535,1.0,6.886706718956097,100.0,1.0,0.0,100.0,1.0,0.0
284,mixed_20,5,5,435.0127937128626,120.83688714246183,4001119.7076214226,500139.9634526778,4220.8,58.78551532033426,118581.20380606074,1651.5487995273083,71.8,1.979413076968941,67.80926683708117,55.6,36,2.5417407577305906,0.7743732590529248,67.80926683708117,100.0,7.199999999999999,0.8999999999999999,2.6613641776457166,0.0,8,100.0,1.0,0.0,100.0,1.0,0.0,100.0,1.0,0.0,26.35128342664757,0.8,5.954592467526664,2.4084983687407657,0.8,7.544176089294151,13.714352901261009,0.6,7.792144864344918,100.0,1.0,0.0,100.0,1.0,0.0
285,mixed_20,5,5,58.85422843237929,19.61807614412643,4041081.5304525183,505135.1913065648,4506.0,66.07038123167156,112883.99139691083,1655.1904896907747,68.2,1.7998984347976197,65.65295223343298,58.6,30,2.3479406396809983,0.8592375366568915,65.65295223343298,100.0,6.0,0.75,3.372491935210768,0.0,8,100.0,1.0,0.0,100.0,1.0,0.0,100.0,1.0,0.0,10.282000853212594,0.4,9.284151161555204,3.667770939186994,0.4,8.825696921902043,11.273846075064284,0.2,8.870087398228895,100.0,1.0,0.0,100.0,1.0,0.0
286,mixed_20,5,5,61.89931378446681,20.63310459482227,6438734.394913699,804841.7993642123,4796.0,69.5072463768116,111348.00651423757,1613.7392248440226,69.0,1.7170339309161484,66.53657733417958,58.6,28,2.2470066979275587,0.8492753623188406,66.53657733417958,100.0,5.6000000000000005,0.7,3.48388769140337,0.0,8,100.0,1.0,0.0,100.0,1.0,0.0,100.0,1.0,0.0,10.747027184379476,0.2,9.304898767293285,10.848625959320088,0.2,9.217757195701791,10.6969655297371,0.2,9.348445568231883,100.0,1.0,0.0,100.0,1.0,0.0
287,mixed_20,5,5,82.92979536566807,27.643265121889357,8117966.809107805,1014745.8511384756,5093.0,70.93314763231197,115058.80172759271,1602.4902747575586,71.8,1.28270130011763,66.49007500067228,61.2,29,1.6797449622265095,0.8523676880222841,66.49007500067228,100.0,5.800000000000001,0.725,3.2636691212800617,0.0,8,100.0,1.0,0.0,100.0,1.0,0.0,100.0,1.0,0.0,8.952348829716357,0.4,8.685144053027033,11.74315777388074,0.2,8.51559707580708,11.225093401781123,0.2,8.908611841406385,100.0,1.0,0.0,100.0,1.0,0.0
288,mixed_20,5,5,110.56138525153771,36.8537950838459,6191092.950064676,773886.6187580845,5406.4,72.27807486631016,119922.02681546539,1603.2356526131737,74.8,0.9764171067951237,81.21341610453158,64.8,33,1.293838283367443,0.8663101604278075,81.21341610453158,100.0,6.6000000000000005,0.825,1.6643834191826814,0.0,8,100.0,1.0,0.0,100.0,1.0,0.0,100.0,1.0,0.0,57.310103592808446,0.6,4.3080174773068824,55.98181858450971,0.6,4.594576965693363,36.415406658934444,0.4,4.412472910461206,100.0,1.0,0.0,100.0,1.0,0.0
289,mixed_20,8,5,152.6220742548517,50.874024751617235,5000152.622074255,625019.0777592818,5738.8,73.76349614395887,122798.55350929851,1578.3875772403408,77.8,0.7114787069397089,100.0,68.8,40,0.9472296894105893,0.884318766066838,100.0,100.0,8.0,1.0,0.0,0.0,8,100.0,1.0,0.0,100.0,1.0,0.0,100.0,1.0,0.0,100.0,1.0,0.0,100.0,1.0,0.0,100.0,1.0,0.0,100.0,1.0,0.0,100.0,1.0,0.0
290,mixed_20,8,8,191.0046026430844,63.668200881028135,5000191.004602643,625023.8755753303,6089.6,75.36633663366337,125993.86646004161,1559.3300304460595,80.8,0.5622402049651387,100.0,72.0,40,0.7427560758329278,0.8910891089108911,100.0,100.0,8.0,1.0,0.0,0.0,8,100.0,1.0,0.0,100.0,1.0,0.0,100.0,1.0,0.0,100.0,1.0,0.0,100.0,1.0,0.0,100.0,1.0,0.0,100.0,1.0,0.0,100.0,1.0,0.0
291,mixed_20,8,8,283.37629476140853,94.4587649204695,5000283.376294763,625035.4220368454,6457.6,77.05966587112172,128984.57478392674,1539.1954031494838,83.8,0.3820558166216346,100.0,75.8,40,0.5055720180858939,0.9045346062052506,100.0,100.0,8.0,1.0,0.0,0.0,8,100.0,1.0,0.0,100.0,1.0,0.0,100.0,1.0,0.0,100.0,1.0,0.0,100.0,1.0,0.0,100.0,1.0,0.0,100.0,1.0,0.0,100.0,1.0,0.0
292,mixed_20,8,8,407.3002763382624,135.7667587794208,5000407.300276338,625050.9125345423,6844.8,79.03926096997691,133535.71585806177,1541.98286210233,86.6,0.2690139078949886,100.0,79.6,40,0.3590970842966416,0.9191685912240185,100.0,100.0,8.0,1.0,0.0,0.0,8,100.0,1.0,0.0,100.0,1.0,0.0,100.0,1.0,0.0,100.0,1.0,0.0,100.0,1.0,0.0,100.0,1.0,0.0,100.0,1.0,0.0,100.0,1.0,0.0
293,mixed_20,8,8,686.015031444844,228.67167714828133,5000686.015031445,625085.7518789306,7251.4,81.11185682326622,136731.31138227275,1529.4330132245273,89.4,0.16765793394503387,100.0,83.6,40,0.2311870306946146,0.9351230425055929,100.0,100.0,8.0,1.0,0.0,0.0,8,100.0,1.0,0.0,100.0,1.0,0.0,100.0,1.0,0.0,100.0,1.0,0.0,100.0,1.0,0.0,100.0,1.0,0.0,100.0,1.0,0.0,100.0,1.0,0.0
294,mixed_20,8,8,982.1911817278626,350.7825649028081,5001236.684465873,625154.5855582341,7677.4,83.08874458874459,140712.2006472971,1522.8593143646872,92.4,0.11096093758246059,100.0,87.6,40,0.16146852228345068,0.948051948051948,100.0,100.0,8.0,1.0,0.0,0.0,8,100.0,1.0,0.0,100.0,1.0,0.0,100.0,1.0,0.0,100.0,1.0,0.0,100.0,1.0,0.0,100.0,1.0,0.0,100.0,1.0,0.0,100.0,1.0,0.0
295,mixed_20,8,8,789.7190655129849,658.0992212608207,5044527.793250586,630565.9741563232,8123.0,86.41489361702128,141797.51907054344,1508.4842454313132,94.0,0.026433256229207745,100.0,90.8,40,0.05338404358022757,0.9659574468085106,100.0,100.0,8.0,1.0,0.0,0.0,8,100.0,1.0,0.0,100.0,1.0,0.0,100.0,1.0,0.0,100.0,1.0,0.0,100.0,1.0,0.0,100.0,1.0,0.0,100.0,1.0,0.0,100.0,1.0,0.0
296,mixed_20,8,8,0.0,0.0,13354739.159277702,1669342.3949097127,8589.0,91.37234042553192,142910.7952457642,1520.3276089974913,94.0,8.106036430510091e-05,100.0,94.0,40,0.00036307355812506493,1.0,100.0,100.0,8.0,1.0,0.0,0.0,8,100.0,1.0,0.0,100.0,1.0,0.0,100.0,1.0,0.0,100.0,1.0,0.0,100.0,1.0,0.0,100.0,1.0,0.0,100.0,1.0,0.0,100.0,1.0,0.0
297,mixed_20,8,8,0.0,0.0,8000000.0,1000000.0,9059.0,96.37234042553192,142973.96266342505,1520.999602802394,94.0,0.0,100.0,94.0,40,0.0,1.0,100.0,100.0,8.0,1.0,0.0,0.0,8,100.0,1.0,0.0,100.0,1.0,0.0,100.0,1.0,0.0,100.0,1.0,0.0,100.0,1.0,0.0,100.0,1.0,0.0,100.0,1.0,0.0,100.0,1.0,0.0
298,mixed_20,10,8,304.6627763869268,304.6627763869268,7001249.041774924,875156.1302218655,9373.8,100.57725321888412,142505.18313173705,1529.0255700830155,93.2,0.018845758092755127,95.0,91.0,39,0.06533042194714345,0.9763948497854077,95.0,100.0,7.8,0.975,0.0,0.0,8,100.0,1.0,0.0,100.0,1.0,0.0,100.0,1.0,0.0,100.0,1.0,0.0,100.0,1.0,0.0,60.0,0.8,0.0,100.0,1.0,0.0,100.0,1.0,0.0
299,mixed_20,10,10,121.08014074593564,121.08014074593564,7000121.080140745,875015.1350175932,9664.2,105.04565217391304,142472.34204880407,1548.6124135739572,92.0,0.10450619871019132,90.45681591912114,87.2,38,0.2894020454976229,0.9478260869565217,90.45681591912114,100.0,7.6,0.95,0.2154169082400741,0.0,8,100.0,1.0,0.0,100.0,1.0,0.0,100.0,1.0,0.0,100.0,1.0,0.0,100.0,1.0,0.0,23.654527352969126,0.6,1.7233352659205927,100.0,1.0,0.0,100.0,1.0,0.0
300,mixed_20,10,10,44.042371553380846,44.042371553380846,7000044.042371553,875005.5052964442,9970.2,110.28982300884955,142001.03631339985,1570.8079238207947,90.4,0.28076333037229284,90.71431531118947,83.2,40,0.7686174482987207,0.9203539823008849,90.71431531118947,100.0,8.0,1.0,0.5035624665668263,0.0,8,100.0,1.0,0.0,100.0,1.0,0.0,100.0,1.0,0.0,100.0,1.0,0.0,100.0,1.0,0.0,25.71452248951573,1.0,4.028499732534611,100.0,1.0,0.0,100.0,1.0,0.0
301,mixed_20,10,10,24.2887318599145,24.2887318599145,7000024.28873186,875003.0360914825,10352.0,116.31460674157303,141046.70329753772,1584.7944190734577,89.0,0.48342836594150124,90.0984883498279,82.2,38,1.2881602194990058,0.9235955056179775,90.0984883498279,100.0,7.6,0.95,0.7418269980133536,0.0,8,100.0,1.0,0.0,100.0,1.0,0.0,100.0,1.0,0.0,100.0,1.0,0.0,100.0,1.0,0.0,20.787906798623226,0.6,5.934615984106829,100.0,1.0,0.0,100.0,1.0,0.0
302,mixed_20,10,10,18.182819610808444,18.182819610808444,7000018.18281961,875002.2728524513,10762.0,122.57403189066059,138494.89573978103,1577.3906120703991,87.8,0.6423355012154968,90.48311728141414,82.2,38,1.7057113708324338,0.9362186788154897,90.48311728141414,100.0,7.6,0.95,0.9218360125734567,0.0,8,100.0,1.0,0.0,100.0,1.0,0.0,100.0,1.0,0.0,100.0,1.0,0.0,100.0,1.0,0.0,23.864938251313106,0.6,7.374688100587654,100.0,1.0,0.0,100.0,1.0,0.0
303,mixed_20,10,10,16.903001324332372,16.903001324332372,7000016.903001323,875002.1128751654,11172.0,129.0069284064665,135293.8154712151,1562.2842433165713,86.6,0.6881295297291299,90.46067440586171,82.2,37,1.8233373102208776,0.9491916859122402,90.46067440586171,100.0,7.4,0.925,1.056106029885401,0.0,8,100.0,1.0,0.0,100.0,1.0,0.0,100.0,1.0,0.0,100.0,1.0,0.0,100.0,1.0,0.0,23.685395246893677,0.4,8.448848239083208,100.0,1.0,0.0,100.0,1.0,0.0
304,mixed_20,10,10,19.190946077564604,19.190946077564604,7000019.190946078,875002.3988682597,11582.0,135.62060889929742,132405.16072719765,1550.4117181170686,85.4,0.6094178165377918,88.81433349527924,82.2,36,1.620428446554378,0.9625292740046838,88.81433349527924,100.0,7.2,0.9,1.1888154761421732,0.0,8,100.0,1.0,0.0,100.0,1.0,0.0,100.0,1.0,0.0,100.0,1.0,0.0,100.0,1.0,0.0,10.514667962233943,0.2,9.510523809137386,100.0,1.0,0.0,100.0,1.0,0.0
305,mixed_20,10,10,19.37987974610744,19.37987974610744,7000019.379879746,875002.4224849682,11992.0,140.4215456674473,132958.5377186839,1556.8915423733479,85.4,0.6029759735784803,88.79727846489061,82.2,37,1.602029910727628,0.9625292740046838,88.79727846489061,100.0,7.4,0.925,1.0754028678988108,0.0,8,100.0,1.0,0.0,100.0,1.0,0.0,100.0,1.0,0.0,100.0,1.0,0.0,100.0,1.0,0.0,10.37822771912488,0.4,8.603222943190486,100.0,1.0,0.0,100.0,1.0,0.0
306,mixed_20,10,10,19.927045045758305,19.927045045758305,7000019.927045047,875002.4908806309,12402.0,145.2224824355972,132826.24771000186,1555.3424790398344,85.4,0.5870966340836972,88.5808146989973,82.2,37,1.560940861154634,0.9625292740046838,88.5808146989973,100.0,7.4,0.925,1.0954674542183056,0.0,8,100.0,1.0,0.0,100.0,1.0,0.0,100.0,1.0,0.0,100.0,1.0,0.0,100.0,1.0,0.0,8.646517591978409,0.4,8.763739633746445,100.0,1.0,0.0,100.0,1.0,0.0
307,mixed_20,10,10,20.57324750495765,20.57324750495765,7000020.573247504,875002.571655938,12812.2,150.02576112412177,132998.44228685895,1557.3588089796128,85.4,0.5704864088634471,87.57002247154503,82.4,37,1.5192991220891217,0.9648711943793911,87.57002247154503,100.0,7.4,0.925,1.0894774964661336,0.0,8,100.0,1.0,0.0,100.0,1.0,0.0,100.0,1.0,0.0,100.0,1.0,0.0,100.0,1.0,0.0,0.5601797723602431,0.4,8.715819971729069,100.0,1.0,0.0,100.0,1.0,0.0
308,mixed_20,10,10,20.041152422741334,20.041152422741334,7000020.041152422,875002.5051440528,13222.0,154.4626168224299,132314.735861696,1545.7328955805608,85.6,0.5854021244051433,88.89612529476324,82.2,36,1.558801475489384,0.9602803738317757,88.89612529476324,100.0,7.2,0.9,1.1191688925491299,0.0,8,100.0,1.0,0.0,100.0,1.0,0.0,100.0,1.0,0.0,100.0,1.0,0.0,100.0,1.0,0.0,11.1690023581059,0.2,8.953351140393039,100.0,1.0,0.0,100.0,1.0,0.0
309,mixed_20,10,10,27.539523848273728,27.539523848273728,7000027.539523849,875003.4424404812,13634.0,157.4364896073903,133567.1847371528,1542.3462440779767,86.6,0.4301469112788735,88.92837935070645,83.0,36,1.1503153346429213,0.9584295612009238,88.92837935070645,100.0,7.2,0.9,1.093897079390861,0.0,8,100.0,1.0,0.0,100.0,1.0,0.0,100.0,1.0,0.0,100.0,1.0,0.0,100.0,1.0,0.0,11.427034805651601,0.2,8.751176635126887,100.0,1.0,0.0,100.0,1.0,0.0
310,mixed_20,10,10,39.20985037841146,39.20985037841146,7000039.209850378,875004.9012312973,14051.0,160.39954337899545,134696.6483871051,1537.6329724555376,87.6,0.3094021364716445,93.63555764362275,84.0,38,0.8394005991547204,0.958904109589041,93.63555764362275,100.0,7.6,0.95,0.7098406841538538,0.0,8,100.0,1.0,0.0,100.0,1.0,0.0,100.0,1.0,0.0,100.0,1.0,0.0,100.0,1.0,0.0,49.08446114898197,0.6,5.6787254732308305,100.0,1.0,0.0,100.0,1.0,0.0
311,mixed_20,9,10,577.3092492741694,262.41329512462244,5002185.8129869,625273.2266233625,13284.0,153.04147465437788,135056.17355333627,1555.9466999232288,86.8,0.27392765722872714,90.0,79.6,38,0.6118164541686197,0.9170506912442397,90.0,100.0,7.6,0.95,0.0,0.0,8,60.0,0.8,0.0,100.0,1.0,0.0,60.0,0.8,0.0,100.0,1.0,0.0,100.0,1.0,0.0,100.0,1.0,0.0,100.0,1.0,0.0,100.0,1.0,0.0
312,mixed_20,9,9,289.57377423853177,96.52459141284392,5000289.573774238,625036.1967217798,11961.4,140.39201877934272,136516.19045583773,1602.3027048807246,85.2,0.42655565843452,82.0093343096022,71.8,36,0.6038137653522473,0.8427230046948356,82.0093343096022,100.0,7.2,0.9,0.5036583820095097,0.0,8,29.193642095333416,0.6,2.064493394334561,100.0,1.0,0.0,26.881032381484147,0.6,1.9647736617415168,100.0,1.0,0.0,100.0,1.0,0.0,100.0,1.0,0.0,100.0,1.0,0.0,100.0,1.0,0.0
313,mixed_20,9,9,174.86680177909278,58.28893392636426,5000174.866801779,625021.8583502223,10783.6,128.99043062200957,135336.3612218956,1618.8559954772202,83.6,0.6719035594860314,81.63963498161479,65.4,38,0.9400857053261049,0.7822966507177034,81.63963498161479,100.0,7.6,0.95,0.9949829494078148,0.0,8,38.949517482105875,0.8,3.9986023992420012,100.0,1.0,0.0,14.167562370812448,0.8,3.961261196020518,100.0,1.0,0.0,100.0,1.0,0.0,100.0,1.0,0.0,100.0,1.0,0.0,100.0,1.0,0.0
314,mixed_20,9,9,243.5896747957237,81.19655826524124,5000243.589674796,625030.4487093495,10892.8,129.67619047619047,133091.22057018155,1584.4192925021612,84.0,0.7366932751709341,89.51348406558395,69.0,39,1.257975511178927,0.8214285714285714,89.51348406558395,100.0,7.8,0.975,0.6915255705585004,0.0,8,100.0,1.0,0.0,100.0,1.0,0.0,16.10787252467162,0.8,5.532204564468003,100.0,1.0,0.0,100.0,1.0,0.0,100.0,1.0,0.0,100.0,1.0,0.0,100.0,1.0,0.0
315,mixed_20,9,9,413.68782394826,137.89594131608666,5000413.6878239475,625051.7109779934,11247.8,132.63915094339623,134642.8653722337,1587.7696388235106,84.8,0.7508237333644934,90.72344095721235,73.0,38,1.5740481411117344,0.8608490566037735,90.72344095721235,100.0,7.6,0.95,0.8745270623831507,0.0,8,100.0,1.0,0.0,100.0,1.0,0.0,25.787527657698774,0.6,6.996216499065206,100.0,1.0,0.0,100.0,1.0,0.0,100.0,1.0,0.0,100.0,1.0,0.0,100.0,1.0,0.0
316,mixed_20,9,9,855.1149423769339,285.0383141256446,5000855.1149423765,625106.8893677971,11623.6,133.91244239631337,134061.71482907102,1544.4898021782374,86.8,0.5777768181277236,92.78918937985452,78.0,38,1.3888849457253134,0.8986175115207373,92.78918937985452,100.0,7.6,0.95,0.8044585951378944,0.0,8,100.0,1.0,0.0,100.0,1.0,0.0,42.31351503883616,0.6,6.435668761103155,100.0,1.0,0.0,100.0,1.0,0.0,100.0,1.0,0.0,100.0,1.0,0.0,100.0,1.0,0.0
317,mixed_20,9,9,603.0037848577172,335.00210269873173,5137636.1032030275,642204.5129003784,12028.6,135.4572072072072,134519.87010249816,1514.8634020551592,88.8,0.25464352181588484,100.0,83.6,40,0.6382204898691991,0.9414414414414415,100.0,100.0,8.0,1.0,0.0,0.0,8,100.0,1.0,0.0,100.0,1.0,0.0,100.0,1.0,0.0,100.0,1.0,0.0,100.0,1.0,0.0,100.0,1.0,0.0,100.0,1.0,0.0,100.0,1.0,0.0
318,mixed_20,9,9,70.17594516538745,70.17594516538745,8114818.390708303,1014352.2988385379,12458.0,138.7305122494432,137445.9150686963,1530.5781188050817,89.8,0.16806736845702183,100.0,87.0,40,0.44832418080424113,0.9688195991091314,100.0,100.0,8.0,1.0,0.0,0.0,8,100.0,1.0,0.0,100.0,1.0,0.0,100.0,1.0,0.0,100.0,1.0,0.0,100.0,1.0,0.0,100.0,1.0,0.0,100.0,1.0,0.0,100.0,1.0,0.0
319,mixed_20,3,9,670.244706206234,304.65668463919724,5002166.447312614,625270.8059140767,11978.8,134.2914798206278,137890.2849230494,1545.8552121418093,89.2,0.1558850421588682,92.5,82.0,39,0.3059840520591009,0.9192825112107623,92.5,100.0,7.8,0.975,0.0,0.0,8,100.0,1.0,0.0,100.0,1.0,0.0,100.0,1.0,0.0,60.0,0.8,0.0,80.0,1.0,0.0,100.0,1.0,0.0,100.0,1.0,0.0,100.0,1.0,0.0
320,mixed_20,3,3,400.86893638530137,133.62297879510047,5000400.868936386,625050.1086170482,11141.0,127.47139588100687,138904.6688115138,1589.2982701546202,87.4,0.2960434485886071,81.3549146527464,75.2,36,0.41679688321608444,0.8604118993135011,81.3549146527464,100.0,7.2,0.9,0.4861423312589676,0.0,8,100.0,1.0,0.0,100.0,1.0,0.0,100.0,1.0,0.0,24.96565517109957,0.6,1.9284480826370771,25.873662050871644,0.6,1.9606905674346637,100.0,1.0,0.0,100.0,1.0,0.0,100.0,1.0,0.0
321,mixed_20,3,3,418.286796048489,130.7146237651528,4600737.7280929,575092.2160116124,10132.8,120.05687203791469,137742.1824258853,1632.016379453617,84.4,0.5941096864046211,79.88861670344704,68.0,37,0.9205675749439113,0.8056872037914692,79.88861670344704,100.0,7.4,0.925,1.0494800949509138,0.0,8,100.0,1.0,0.0,100.0,1.0,0.0,100.0,1.0,0.0,26.667749212324452,0.6,4.308444147875663,12.441184415251882,0.8,4.087396611731647,100.0,1.0,0.0,100.0,1.0,0.0,100.0,1.0,0.0
322,mixed_20,3,3,741.8569010775137,185.46422526937843,4000741.856901078,500092.73211263475,8836.0,106.97336561743342,137585.54006405908,1665.6845044074948,82.6,1.0285682271380077,70.78502943470255,63.0,35,1.6025842857557655,0.7627118644067796,70.78502943470255,100.0,7.0,0.875,1.793848534331946,0.0,8,100.0,1.0,0.0,34.07044268221853,0.6,2.234837334036263,100.0,1.0,0.0,14.929257558774225,0.8,6.165226475762148,17.280535236627657,0.6,5.9507244648571564,100.0,1.0,0.0,100.0,1.0,0.0,100.0,1.0,0.0
323,mixed_20,3,3,475.2390054156249,139.77617806341908,4057189.016402957,507148.6270503696,7890.0,98.13432835820896,131814.62327785036,1639.4853641523675,80.4,1.3262059195741323,80.30377909967228,62.8,36,2.133661216282137,0.7810945273631841,80.30377909967228,100.0,7.2,0.9,1.782132607405413,0.0,8,100.0,1.0,0.0,100.0,1.0,0.0,100.0,1.0,0.0,27.577847654902143,0.6,7.269006597659307,14.852385142476123,0.6,6.988054261583995,100.0,1.0,0.0,100.0,1.0,0.0,100.0,1.0,0.0
324,mixed_20,3,3,295.4756391466208,98.49187971554026,6671170.2757355645,833896.2844669456,7646.0,97.77493606138107,127448.32947821889,1629.7740342483235,78.2,1.4324157028704758,80.63916597796322,64.8,36,2.376549147379845,0.8286445012787724,80.63916597796322,100.0,7.2,0.8999999999999999,2.0773720879694535,0.0,8,100.0,1.0,0.0,100.0,1.0,0.0,100.0,1.0,0.0,24.290933768238574,0.4,8.2507087382216,20.822394055467157,0.8,8.368267965534026,100.0,1.0,0.0,100.0,1.0,0.0,100.0,1.0,0.0
325,mixed_20,3,3,296.9956470124456,123.74818625518567,5002715.489441662,625339.4361802078,7979.0,104.1644908616188,122357.71793995304,1597.3592420359405,76.6,1.2029733676640078,77.25900202848322,68.6,33,2.08547455614579,0.8955613577023499,77.25900202848322,100.0,6.6,0.825,2.3230939675481608,0.0,8,100.0,1.0,0.0,100.0,1.0,0.0,100.0,1.0,0.0,7.0762714726788545,0.4,9.490324557285406,10.995744755186934,0.2,9.094427183099882,100.0,1.0,0.0,100.0,1.0,0.0,100.0,1.0,0.0
326,mixed_20,3,3,170.2180342047506,70.92418091864609,4483398.99441197,560424.8743014962,7723.2,101.8891820580475,121962.60618604506,1609.005358654948,75.8,1.219766842061144,73.45258890741547,68.4,34,2.09280067945757,0.9023746701846965,73.45258890741547,100.0,6.8,0.85,2.1869506418937816,0.0,8,100.0,1.0,0.0,100.0,1.0,0.0,100.0,1.0,0.0,4.772964671501541,0.4,9.082255637086927,2.8477465878222574,0.4,8.413349498063326,100.0,1.0,0.0,100.0,1.0,0.0,80.0,1.0,0.0
327,mixed_20,3,3,178.40150613480114,59.46716871160038,6402466.636226396,800308.3295282995,6616.8,87.06315789473685,121501.09313976466,1598.698593944272,76.0,1.3054461237848753,70.70488727199461,64.2,32,2.1034306896904273,0.8447368421052631,70.70488727199461,100.0,6.3999999999999995,0.8,2.4380047347130667,0.0,8,100.0,1.0,0.0,100.0,1.0,0.0,100.0,1.0,0.0,5.512155762003204,0.4,8.930442350544038,2.127881485544094,0.4,8.534848160017283,100.0,1.0,0.0,100.0,1.0,0.0,57.99906092840956,0.6,2.038747367143211
328,mixed_20,3,3,300.3342608046701,93.85445650145941,7520383.164923446,940047.8956154308,5504.4,71.11627906976744,119990.12885671775,1550.2600627482914,77.4,0.9763209634603649,78.13438605628392,63.6,32,1.552868938997167,0.8217054263565892,78.13438605628392,100.0,6.4,0.8,1.994048655434042,0.0,8,100.0,1.0,0.0,100.0,1.0,0.0,100.0,1.0,0.0,12.592090215521239,0.2,7.9414932936819485,12.482998234750085,0.2,8.010895949790386,100.0,1.0,0.0,100.0,1.0,0.0,100.0,1.0,0.0
329,mixed_20,11,3,1103.3937823335918,220.67875646671837,2003493.885270964,250436.7356588705,3741.6,47.846547314578004,123387.61818104438,1577.8467798087515,78.2,0.7623983234218283,67.93666727572202,59.0,31,1.0544799025235438,0.7544757033248082,67.93666727572202,100.0,6.199999999999999,0.775,1.4758019485945317,0.0,8,100.0,1.0,0.0,100.0,1.0,0.0,60.0,0.8,0.0,50.73800332682822,0.6,5.114930568995044,36.78588490322909,0.4,4.560295435461673,60.0,0.8,0.0,35.96944997571882,0.6,2.131189584299537,100.0,1.0,0.0
330,mixed_20,11,11,486.01139172653063,97.20227834530613,2008995.1952968384,251124.3994121048,2320.4,29.9020618556701,125363.72226477074,1615.5118848552931,77.6,0.784823543364143,83.74315495790711,54.6,37,0.8092730101772783,0.7036082474226805,83.74315495790711,100.0,7.3999999999999995,0.925,0.42327066030243876,0.0,8,100.0,1.0,0.0,100.0,1.0,0.0,26.062567470207796,0.6,1.8465780940788499,100.0,1.0,0.0,100.0,1.0,0.0,43.882672193049075,0.8,1.5395871883406604,100.0,1.0,0.0,100.0,1.0,0.0
331,mixed_20,11,11,501.10474809326115,100.22094961865223,3130800.3232829636,391350.04041037045,1750.4,22.673575129533678,125436.76697154998,1624.8285877143778,77.2,0.9223760607804895,82.42798060314442,51.2,37,0.9231116102811927,0.6632124352331606,82.42798060314442,100.0,7.3999999999999995,0.925,0.9474492703574875,0.0,8,100.0,1.0,0.0,100.0,1.0,0.0,38.98791847171651,0.8,3.733484844532489,100.0,1.0,0.0,100.0,1.0,0.0,20.435926353438845,0.6,3.846109318327411,100.0,1.0,0.0,100.0,1.0,0.0
332,mixed_20,11,11,358.3610628241719,85.32406257718378,3764811.701476264,470601.462684533,1921.6,24.89119170984456,128677.63199419952,1666.8087045880766,77.2,1.173701935064671,78.1588460028064,55.2,37,1.4461948287856123,0.7150259067357513,78.1588460028064,100.0,7.3999999999999995,0.925,1.2914147703782102,0.0,8,100.0,1.0,0.0,100.0,1.0,0.0,16.499389592304397,0.8,5.25927975117842,100.0,1.0,0.0,100.0,1.0,0.0,8.771378430146797,0.6,5.072038411847262,100.0,1.0,0.0,100.0,1.0,0.0
333,mixed_20,11,11,288.39362403447,72.0984060086175,3128526.3791636988,391065.79739546234,2211.6,28.281329923273656,126956.31346635404,1623.4822693907167,78.2,1.1632819633835252,86.7447669897058,61.2,39,1.6534491179869129,0.782608695652174,86.7447669897058,100.0,7.8,0.975,1.5995971446625954,0.0,8,100.0,1.0,0.0,100.0,1.0,0.0,66.6305481189147,1.0,6.26642943571539,100.0,1.0,0.0,100.0,1.0,0.0,27.327587798731656,0.8,6.530347721585373,100.0,1.0,0.0,100.0,1.0,0.0
334,mixed_20,11,11,478.9493197136885,119.73732992842213,5114474.346930473,639309.2933663091,2528.0,31.6,126737.33249612505,1584.216656201563,80.0,0.9456441967263707,88.73530376927476,66.2,39,1.7114966452837896,0.8275,88.73530376927476,100.0,7.8,0.975,1.0399268525087262,0.0,8,100.0,1.0,0.0,100.0,1.0,0.0,100.0,1.0,0.0,100.0,1.0,0.0,100.0,1.0,0.0,9.882430154198119,0.8,8.31941482006981,100.0,1.0,0.0,100.0,1.0,0.0
335,mixed_20,11,11,737.1397846374932,184.2849461593733,4000737.139784638,500092.14247307973,2872.6,35.117359413202934,128488.69054808826,1570.7663881184385,81.8,0.7769892113498236,88.27321037783747,72.0,38,1.5645423189199001,0.8801955990220048,88.27321037783747,100.0,7.6,0.95,1.0966050571878476,0.0,8,100.0,1.0,0.0,100.0,1.0,0.0,100.0,1.0,0.0,100.0,1.0,0.0,100.0,1.0,0.0,6.185683022699777,0.6,8.772840457502781,100.0,1.0,0.0,100.0,1.0,0.0
336,mixed_20,10,11,780.9348455754125,229.68671928688605,4907571.427599158,613446.4284498948,3132.2,37.46650717703349,130632.41171554525,1562.5886568845126,83.6,0.7091042779951544,83.86396460851529,73.8,35,1.567329602234476,0.8827751196172249,83.86396460851529,100.0,7.0,0.875,1.1455575828326088,0.0,8,100.0,1.0,0.0,100.0,1.0,0.0,100.0,1.0,0.0,60.0,0.8,0.0,100.0,1.0,0.0,10.911716868122312,0.2,9.16446066266087,100.0,1.0,0.0,100.0,1.0,0.0
337,mixed_20,10,10,649.2475167510652,216.41583891702172,11821770.869747486,1477721.3587184357,3402.2,40.31042654028436,132362.88078627695,1568.2805780364565,84.4,0.7221634313996578,82.8063262309712,73.8,36,1.6308116160393902,0.8744075829383886,82.8063262309712,100.0,7.2,0.8999999999999999,1.269768937022861,0.0,8,100.0,1.0,0.0,100.0,1.0,0.0,100.0,1.0,0.0,60.90838438809442,0.8,1.6688347947083932,100.0,1.0,0.0,1.5422254596751372,0.4,8.489316701474495,100.0,1.0,0.0,100.0,1.0,0.0
338,mixed_20,10,10,190.41259697002957,95.20629848501478,8461612.47091208,1057701.55886401,3716.4,44.03317535545024,130555.83434110643,1546.8700751315928,84.4,0.6897037013986648,88.33146390262755,74.0,37,1.630297482108045,0.8767772511848341,88.33146390262755,100.0,7.4,0.925,1.134141852357425,0.0,8,100.0,1.0,0.0,100.0,1.0,0.0,100.0,1.0,0.0,100.0,1.0,0.0,100.0,1.0,0.0,6.651711221020378,0.4,9.0731348188594,100.0,1.0,0.0,100.0,1.0,0.0
339,mixed_20,10,10,420.6335103563427,210.31675517817135,7916040.493102595,989505.0616378244,4090.6,48.12470588235294,131902.0809655469,1551.7891878299633,85.0,0.6576626787790488,88.81882227396943,77.4,36,1.6651920960815074,0.9105882352941177,88.81882227396943,100.0,7.2,0.9,1.1847691920588665,0.0,8,100.0,1.0,0.0,100.0,1.0,0.0,100.0,1.0,0.0,100.0,1.0,0.0,100.0,1.0,0.0,10.550578191755449,0.2,9.478153536470932,100.0,1.0,0.0,100.0,1.0,0.0
