step,control_mode,phase,prev_phase,TotalTravelTime,AvgTravelTime,TotalTravelTime_Raw,AvgTravelTime_Raw,TotalWaitingTime,AvgWaitingTime,TotalCO2,AvgCO2,VehCount,AvgSpeed,AvgOccupancy,QueueLength,Throughput,SpeedStd,HaltRatio,det_occ_mean,det_occ_max,det_veh_sum,det_veh_mean,det_speed_mean,det_speed_min,n_detectors,d0_occ,d0_veh,d0_speed,d1_occ,d1_veh,d1_speed,d2_occ,d2_veh,d2_speed,d3_occ,d3_veh,d3_speed,d4_occ,d4_veh,d4_speed,d5_occ,d5_veh,d5_speed,d6_occ,d6_veh,d6_speed,d7_occ,d7_veh,d7_speed
0,actuated,0,0,334.0453416713614,34.08625935422055,814.941460799197,81.4941460799197,6.8,0.4533333333333333,27114.91203582519,1807.6608023883462,15.0,5.2719694093364815,4.410272015281116,2.8,8,3.7746174564412405,0.18666666666666668,4.410272015281116,20.0,1.6,0.2,2.9817381652397215,0.0,8,9.590278074810215,0.4,8.671288601495325,0.0,0.0,0.0,0.0,0.0,0.0,0.0,0.0,0.0,0.0,0.4,0.0,20.0,0.4,8.29225532749632,5.691898047438713,0.4,6.890361392926127,0.0,0.0,0.0
1,actuated,0,0,521.8943175379172,63.64564848023382,479617.9645109821,47961.79645109821,33.6,2.074074074074074,30470.853523586004,1880.9168841719754,16.2,3.6954614098872525,1.7653474092018229,7.6,4,4.115586384960744,0.4691358024691358,1.7653474092018229,8.739794860090058,0.8,0.1,2.1450728962837604,0.0,8,0.0,0.0,0.0,0.0,0.0,0.0,0.0,0.0,0.0,0.0,0.0,0.0,5.382984413524525,0.4,8.60805323370686,0.0,0.0,0.0,8.739794860090058,0.4,8.552529936563223,0.0,0.0,0.0
2,actuated,0,0,331.78362841174686,42.53636261689062,2165346.3459582957,216534.6345958296,75.0,4.076086956521739,33585.16026210012,1825.2804490271808,18.4,2.7077350782837915,2.6898280682310016,9.4,3,2.9385392391706056,0.5108695652173914,2.6898280682310016,11.065940179014149,0.6000000000000001,0.07500000000000001,1.9891617698432282,0.0,8,0.0,0.0,0.0,0.0,0.0,0.0,0.0,0.0,0.0,11.065940179014149,0.2,9.036737808292479,0.0,0.0,0.0,0.0,0.0,0.0,10.452684366833864,0.4,6.876556350453347,0.0,0.0,0.0
3,actuated,0,0,480.48796986263034,60.06099623282879,1501806.2316510943,150180.62316510943,124.4,5.7592592592592595,37770.79671841523,1748.6479962229273,21.6,2.113547772009577,1.7878586287781673,11.6,3,1.9474421041876406,0.5370370370370371,1.7878586287781673,11.527931980778021,0.6000000000000001,0.07500000000000001,2.145272610278833,0.0,8,0.0,0.0,0.0,11.527931980778021,0.2,8.674582758359664,0.0,0.0,0.0,0.0,0.0,0.0,0.0,0.0,0.0,2.774937049447317,0.4,8.487598123870999,0.0,0.0,0.0,0.0,0.0,0.0
4,actuated,0,0,628.137556286964,73.03925073104233,1337679.7435354237,133767.97435354238,185.2,7.408,46196.3561591763,1847.854246367052,25.0,1.970179079544916,6.3776637702305905,13.6,3,1.8572373207289277,0.544,6.3776637702305905,40.0,0.8,0.1,1.1364642325219771,0.0,8,0.0,0.0,0.0,0.0,0.0,0.0,0.0,0.0,0.0,40.0,0.6,0.018382420308036156,0.0,0.0,0.0,0.0,0.0,0.0,11.021310161844724,0.2,9.073331439867781,0.0,0.0,0.0
5,actuated,0,0,744.8643371866103,74.48643371866103,744.8643371866103,74.48643371866103,254.2,9.628787878787879,46609.22873353703,1765.501088391554,26.4,2.5933923078883545,9.013277583900958,15.2,7,1.9681065386828804,0.5757575757575758,9.013277583900958,29.184295594437515,1.4,0.175,3.2613706713556443,0.0,8,20.0,0.2,0.1316005860368592,29.184295594437515,0.6,5.549493519206606,11.100026021138945,0.2,9.008987889718412,0.0,0.0,0.0,0.056013918652979555,0.2,4.92225521391397,0.0,0.0,0.0,11.765885136978227,0.2,6.478628161969304,0.0,0.0,0.0
6,actuated,0,0,700.1940054531407,79.56750061967507,20609.848740311518,2060.984874031152,333.4,11.49655172413793,49448.84479752746,1705.132579225085,29.0,2.338080728880845,30.854571499324948,17.8,18,2.414106162795319,0.6137931034482759,30.854571499324948,100.0,3.6,0.45000000000000007,2.1421453913263497,0.0,8,20.0,0.4,0.0,0.0,0.2,0.0,0.0,0.0,0.0,55.45083870189501,0.6,4.604235417771483,100.0,1.0,0.0,63.16070651521841,0.8,4.304111038735427,0.0,0.2,0.0,8.225026777486164,0.4,8.228816674103886
7,actuated,0,0,1133.317330613999,118.0538886056249,75153.65090306307,7515.365090306307,431.4,14.098039215686274,51119.86714175537,1670.5838935214174,30.6,2.019806021044444,40.83845719826819,21.6,17,2.279493317597674,0.7058823529411765,40.83845719826819,100.0,3.4,0.425,0.7338412033309378,0.0,8,26.7076575861455,0.4,5.870729626647503,0.0,0.0,0.0,0.0,0.0,0.0,100.0,1.0,0.0,100.0,1.0,0.0,100.0,1.0,0.0,0.0,0.0,0.0,0.0,0.0,0.0
8,actuated,0,0,880.8122621280232,100.09230251454808,774855.9215541352,77485.59215541351,544.8,15.303370786516854,59589.695037989135,1673.867838145762,35.6,1.3791304254907775,52.98920012643848,24.6,22,1.4134665761377971,0.6910112359550562,52.989200126438476,100.0,4.4,0.55,0.8145652829947749,0.0,8,100.0,1.0,0.0,23.913601011507808,0.4,6.5165222639581994,0.0,0.0,0.0,100.0,1.0,0.0,100.0,1.0,0.0,100.0,1.0,0.0,0.0,0.0,0.0,0.0,0.0,0.0
9,actuated,0,0,1025.3059433687836,104.62305544579424,201025.3059433688,20102.53059433688,666.0,18.0,61431.5369819048,1660.3118103217512,37.0,1.7254352742955408,68.59332448206686,24.8,30,1.620930703303565,0.6702702702702703,68.59332448206686,100.0,6.0,0.75,1.179551844190728,0.0,8,100.0,1.0,0.0,100.0,1.0,0.0,44.59901687702882,0.6,1.9688176312888566,100.0,1.0,0.0,100.0,1.0,0.0,100.0,1.0,0.0,4.147578979506079,0.4,7.467597122236967,0.0,0.0,0.0
10,actuated,0,0,690.425623032646,86.30320287908074,995725.5954257541,99572.55954257541,797.8,20.352040816326532,64903.1378600962,1655.6922923493928,39.2,1.973252302543577,75.0,28.4,30,2.4498266566709757,0.7244897959183674,75.0,100.0,6.0,0.75,0.0,0.0,8,100.0,1.0,0.0,100.0,1.0,0.0,100.0,1.0,0.0,100.0,1.0,0.0,100.0,1.0,0.0,100.0,1.0,0.0,0.0,0.0,0.0,0.0,0.0,0.0
11,actuated,0,0,972.2923085092505,127.93319848805928,2096951.2596843385,209695.12596843386,946.8,23.320197044334975,66077.06569500397,1627.513933374482,40.6,1.6528210801204162,77.14889292414917,32.2,33,2.4850159549872144,0.7931034482758621,77.14889292414917,100.0,6.6000000000000005,0.825,2.130611383696696,0.0,8,100.0,1.0,0.0,100.0,1.0,0.0,100.0,1.0,0.0,100.0,1.0,0.0,100.0,1.0,0.0,100.0,1.0,0.0,11.684922417447297,0.2,8.558037137729334,5.506220975746032,0.4,8.486853931844234
12,actuated,0,0,1107.403148379344,138.425393547418,1041682.7906315236,104168.27906315235,1112.2,26.864734299516908,66804.66192822649,1613.6391770103016,41.4,1.656395584167682,75.0,33.8,30,2.3946681257660787,0.8164251207729468,75.0,100.0,6.0,0.75,0.0,0.0,8,100.0,1.0,0.0,100.0,1.0,0.0,100.0,1.0,0.0,100.0,1.0,0.0,100.0,1.0,0.0,100.0,1.0,0.0,0.0,0.0,0.0,0.0,0.0,0.0
13,actuated,0,0,1577.6964365861404,239.0449146342637,1462968.499281734,146296.8499281734,1289.8,28.03913043478261,72852.35825183071,1583.7469185180587,46.0,1.0977432638217186,75.0,38.2,30,2.0179904293297497,0.8304347826086956,75.0,100.0,6.0,0.75,0.0,0.0,8,100.0,1.0,0.0,100.0,1.0,0.0,100.0,1.0,0.0,100.0,1.0,0.0,100.0,1.0,0.0,100.0,1.0,0.0,0.0,0.0,0.0,0.0,0.0,0.0
14,actuated,0,0,1386.601957332354,169.09779967467733,1023809.6058841331,102380.96058841332,1481.2,29.862903225806452,80581.97842816109,1624.6366618580864,49.6,1.1647662655593316,75.53361610721687,39.4,32,1.5821442510450527,0.7943548387096774,75.53361610721687,100.0,6.4,0.8,0.8800356572428085,0.0,8,100.0,1.0,0.0,100.0,1.0,0.0,100.0,1.0,0.0,100.0,1.0,0.0,100.0,1.0,0.0,100.0,1.0,0.0,4.268928857734977,0.4,7.040285257942468,0.0,0.0,0.0
15,actuated,0,0,845.0238640293228,111.18735053017406,1023106.6487668671,102310.66487668671,1683.6,32.252873563218394,84138.95897913593,1611.8574517075847,52.2,1.1451653177611545,77.5,42.0,34,1.4831802705548554,0.8045977011494253,77.5,100.0,6.800000000000001,0.85,1.034587009716779,0.0,8,100.0,1.0,0.0,100.0,1.0,0.0,100.0,1.0,0.0,100.0,1.0,0.0,100.0,1.0,0.0,100.0,1.0,0.0,0.0,0.4,0.0,20.0,0.4,8.276696077734233
16,actuated,0,0,728.487181360601,125.60123816562086,1981883.748551904,198188.3748551904,1902.4,34.46376811594203,85270.72162020978,1544.7594496414813,55.2,0.6513678330737995,77.11064181681031,46.6,31,0.8397371267968441,0.8442028985507246,77.11064181681031,100.0,6.2,0.775,0.7402961447818331,0.0,8,100.0,1.0,0.0,100.0,1.0,0.0,100.0,1.0,0.0,100.0,1.0,0.0,100.0,1.0,0.0,100.0,1.0,0.0,16.885134534482518,0.2,5.922369158254665,0.0,0.0,0.0
17,actuated,3,0,2169.195287216605,252.23201014146568,490657.3365793213,49065.73365793213,1584.0,27.789473684210527,93294.46379916894,1636.7449789327884,57.0,0.6177553027575605,65.0,41.2,28,0.5571268373650788,0.7228070175438597,65.0,100.0,5.6,0.7,0.0,0.0,8,100.0,1.0,0.0,100.0,1.0,0.0,60.0,0.8,0.0,60.0,0.8,0.0,100.0,1.0,0.0,100.0,1.0,0.0,0.0,0.0,0.0,0.0,0.0,0.0
18,actuated,3,3,652.6385388451481,83.67160754424975,836263.4595447138,83626.34595447138,1494.4,27.170909090909092,94198.66997698367,1712.7030904906123,55.0,1.304914414674867,58.93237068091721,34.0,28,1.1037479218137614,0.6181818181818182,58.93237068091722,100.0,5.6000000000000005,0.7,1.3765068756989334,0.0,8,100.0,1.0,0.0,100.0,1.0,0.0,26.509094195551484,0.6,1.5607464155793984,39.12956153913001,0.6,2.1199480465062512,100.0,1.0,0.0,100.0,1.0,0.0,0.0,0.0,0.0,5.82030971265624,0.4,7.331360543505818
19,actuated,3,3,786.001487120105,106.21641717839256,1313326.541618491,131332.65416184912,1663.8,31.15730337078652,91197.0028644728,1707.8090424058578,53.4,1.6321755692476554,54.93566713655796,36.8,28,1.5805208104765307,0.6891385767790262,54.93566713655795,100.0,5.6,0.7,0.989332610622647,0.0,8,100.0,1.0,0.0,100.0,1.0,0.0,9.934898056720272,0.8,3.7406128060325923,29.550439035743352,0.8,4.174048078948584,100.0,1.0,0.0,100.0,1.0,0.0,0.0,0.0,0.0,0.0,0.0,0.0
20,actuated,3,3,977.8971760882474,128.6706810642431,2564550.460185838,256455.0460185838,1849.0,36.68650793650794,81979.83587000793,1626.5840450398398,50.4,2.464122980259351,63.676246381388566,38.4,29,3.5608953459891883,0.7619047619047619,63.676246381388566,100.0,5.8,0.725,1.273487655047941,0.0,8,100.0,1.0,0.0,100.0,1.0,0.0,0.0,0.0,0.0,2.6130584744743146,0.4,4.992075658500142,100.0,1.0,0.0,100.0,1.0,0.0,62.922121989247444,0.8,2.829479784731324,43.87479058738677,0.6,2.3663457971520634
21,actuated,3,3,1545.2322689983946,183.95622249980886,796215.0620487076,79621.50620487076,2046.2,41.088353413654616,81619.73190983242,1638.9504399564744,49.8,1.7849528821441487,75.0,40.8,30,2.7797932774858753,0.8192771084337349,75.0,100.0,6.0,0.75,0.0,0.0,8,100.0,1.0,0.0,100.0,1.0,0.0,0.0,0.0,0.0,0.0,0.0,0.0,100.0,1.0,0.0,100.0,1.0,0.0,100.0,1.0,0.0,100.0,1.0,0.0
22,actuated,3,3,957.5796019517433,149.6218128049599,2455989.9971222193,245598.99971222194,2254.8,43.86770428015564,80525.71542108232,1566.648159943236,51.4,1.2503828842152953,76.25472336390573,43.6,32,1.8069919341551461,0.8482490272373541,76.25472336390573,100.0,6.4,0.8,1.119867331266869,0.0,8,100.0,1.0,0.0,100.0,1.0,0.0,0.0,0.0,0.0,10.037786911245803,0.4,8.958938650134952,100.0,1.0,0.0,100.0,1.0,0.0,100.0,1.0,0.0,100.0,1.0,0.0
23,actuated,3,3,777.8878148987258,134.11858877564237,3297356.337154812,329735.6337154812,2480.0,46.96969696969697,85281.69719893127,1615.1836590706682,52.8,1.9291230472999705,75.0,46.4,30,2.9610309752417483,0.8787878787878788,75.0,100.0,6.0,0.75,0.0,0.0,8,100.0,1.0,0.0,100.0,1.0,0.0,0.0,0.0,0.0,0.0,0.0,0.0,100.0,1.0,0.0,100.0,1.0,0.0,100.0,1.0,0.0,100.0,1.0,0.0
24,actuated,3,3,1348.869273525105,187.34295465626457,2736846.3097176505,273684.63097176503,2712.2,48.780575539568346,88649.37901088201,1594.413291562626,55.6,3.1421751146923516,76.75238371930874,47.6,34,4.908672369515586,0.8561151079136691,76.75238371930874,100.0,6.8,0.85,2.180489509552717,0.0,8,100.0,1.0,0.0,100.0,1.0,0.0,11.094454000902374,0.4,8.567815063893795,2.9246157535675366,0.4,8.876101012527943,100.0,1.0,0.0,100.0,1.0,0.0,100.0,1.0,0.0,100.0,1.0,0.0
25,actuated,3,3,1067.093307663818,156.9254864211497,2441980.7546110633,244198.07546110632,2949.6,51.56643356643357,91888.02913603805,1606.4340758048609,57.2,1.5527080099825585,75.82047282640978,48.8,32,3.0140881787017895,0.8531468531468531,75.82047282640978,100.0,6.4,0.8,1.0364782917662523,0.0,8,100.0,1.0,0.0,100.0,1.0,0.0,0.0,0.0,0.0,6.5637826112782705,0.4,8.291826334130018,100.0,1.0,0.0,100.0,1.0,0.0,100.0,1.0,0.0,100.0,1.0,0.0
26,actuated,3,3,359.14210141513684,69.06578873368017,3624014.8689839044,362401.48689839046,3198.8,54.03378378378378,94486.17299525693,1596.0502195144752,59.2,1.510299273234998,75.0,52.2,30,2.114119679972806,0.8817567567567568,75.0,100.0,6.0,0.75,0.0,0.0,8,100.0,1.0,0.0,100.0,1.0,0.0,0.0,0.0,0.0,0.0,0.0,0.0,100.0,1.0,0.0,100.0,1.0,0.0,100.0,1.0,0.0,100.0,1.0,0.0
27,actuated,3,3,1550.2726361978455,215.31564391636743,3103047.707914522,310304.7707914522,3460.4,54.40880503144654,101900.4019908373,1602.2075784722847,63.6,1.6935948802582166,76.32704658287096,53.8,31,2.3851661041369994,0.8459119496855346,76.32704658287096,100.0,6.2,0.775,1.1774266406079366,0.0,8,100.0,1.0,0.0,100.0,1.0,0.0,0.0,0.0,0.0,10.616372662967706,0.2,9.419413124863492,100.0,1.0,0.0,100.0,1.0,0.0,100.0,1.0,0.0,100.0,1.0,0.0
28,actuated,3,3,1055.8953156864432,142.68855617384366,1462892.3615060016,146289.23615060016,3733.6,57.08868501529052,107055.15105675903,1636.9289152409638,65.4,2.039154997705493,76.36091306558761,55.8,31,3.1167256741062266,0.8532110091743119,76.36091306558761,100.0,6.2,0.775,1.1481262392946088,0.0,8,100.0,1.0,0.0,100.0,1.0,0.0,10.88730452470088,0.2,9.18500991435687,0.0,0.0,0.0,100.0,1.0,0.0,100.0,1.0,0.0,100.0,1.0,0.0,100.0,1.0,0.0
29,actuated,3,3,665.7093538432483,133.14187076864965,3930865.1153027266,393086.51153027266,4021.6,61.11854103343465,101739.90981436813,1546.1992373004275,65.8,2.704174474826832,76.40352439686431,60.0,31,4.444970603915721,0.9118541033434651,76.40352439686431,100.0,6.2,0.775,1.1132688562385256,0.0,8,100.0,1.0,0.0,100.0,1.0,0.0,0.0,0.0,0.0,11.228195174914504,0.2,8.906150849908204,100.0,1.0,0.0,100.0,1.0,0.0,100.0,1.0,0.0,100.0,1.0,0.0
30,actuated,3,3,951.2572653918593,169.86736881997487,6096763.884604751,609676.3884604751,4326.0,65.54545454545455,104239.76929385035,1579.3904438462173,66.0,2.8616343703064997,75.0,61.2,30,4.66713957900689,0.9272727272727272,75.0,100.0,6.0,0.75,0.0,0.0,8,100.0,1.0,0.0,100.0,1.0,0.0,0.0,0.0,0.0,0.0,0.0,0.0,100.0,1.0,0.0,100.0,1.0,0.0,100.0,1.0,0.0,100.0,1.0,0.0
31,actuated,3,3,992.3250374344752,215.72283422488593,8097520.177811938,809752.0177811938,4634.4,67.55685131195335,105891.34493938783,1543.6056113613386,68.6,1.7577650975855692,75.54631615001419,63.4,32,4.007062556831445,0.924198250728863,75.54631615001419,100.0,6.4,0.8,1.0831095212954096,0.0,8,100.0,1.0,0.0,100.0,1.0,0.0,4.370529200113538,0.4,8.664876170363277,0.0,0.0,0.0,100.0,1.0,0.0,100.0,1.0,0.0,100.0,1.0,0.0,100.0,1.0,0.0
32,actuated,3,3,549.6797074739388,119.49558858129106,8816951.04899708,881695.104899708,4955.4,71.40345821325649,107762.26339259883,1552.7703658875912,69.4,2.157337982939565,75.0,65.4,30,4.158616943670956,0.9423631123919308,75.0,100.0,6.0,0.75,0.0,0.0,8,100.0,1.0,0.0,100.0,1.0,0.0,0.0,0.0,0.0,0.0,0.0,0.0,100.0,1.0,0.0,100.0,1.0,0.0,100.0,1.0,0.0,100.0,1.0,0.0
33,actuated,3,3,1331.3191547408564,277.3581572376784,6620613.336215169,662061.3336215169,5285.2,72.00544959128065,116075.07999445991,1581.4043595975465,73.4,1.7952028472804553,76.40018275898456,67.2,31,3.5570993249638643,0.9155313351498637,76.40018275898456,100.0,6.2,0.775,1.1159257532446407,0.0,8,100.0,1.0,0.0,100.0,1.0,0.0,0.0,0.0,0.0,11.201462071876449,0.2,8.927406025957126,100.0,1.0,0.0,100.0,1.0,0.0,100.0,1.0,0.0,100.0,1.0,0.0
34,actuated,1,3,867.5162720890515,139.92197936920186,2693682.876160324,269368.2876160324,4242.0,58.591160220994475,115562.65038568359,1596.1692042221491,72.4,2.008150091877233,75.0,56.4,30,3.577433518931862,0.7790055248618785,75.0,100.0,6.0,0.75,0.0,0.0,8,100.0,1.0,0.0,100.0,1.0,0.0,0.0,0.0,0.0,0.0,0.0,0.0,100.0,1.0,0.0,100.0,1.0,0.0,100.0,1.0,0.0,100.0,1.0,0.0
35,actuated,1,1,344.87185332706616,49.26740761815231,4937933.143886738,493793.31438867387,3295.0,48.59882005899705,118341.81978501019,1745.4545691004453,67.8,2.166415290254086,36.32789757843625,43.4,26,2.889790695390667,0.640117994100295,36.32789757843625,100.0,5.2,0.6499999999999999,2.537663198180785,0.0,8,100.0,1.0,0.0,100.0,1.0,0.0,0.0,0.0,0.0,6.786359799079946,0.4,8.51445600586012,30.645732504395937,0.8,3.025412103262595,11.634487779664369,0.6,3.0276689964633947,24.269019036850068,0.8,2.7076205751386886,17.28758150749968,0.6,3.0261479047214808
36,actuated,1,1,265.49993612354206,37.92856230336315,3000265.4999361234,300026.54999361234,3123.2,49.261829652996845,110329.53709122629,1740.2135187890583,63.4,1.9422961607301839,39.10217470996059,37.0,24,1.4913757421737186,0.583596214511041,39.10217470996059,100.0,4.8,0.6,3.355047967974089,0.0,8,100.0,1.0,0.0,100.0,1.0,0.0,5.884961104419517,0.4,8.189454849250616,0.0,0.0,0.0,27.767395594023583,0.6,4.8027242731469775,19.64037982360537,0.6,4.604949732130853,32.471264228249765,0.6,4.741131094782562,27.05339692938651,0.6,4.502123794481706
37,actuated,1,1,237.6278049539278,38.327065315149646,3010027.119941368,301002.7119941368,3298.2,52.85576923076923,103080.2975674423,1651.9278456320883,62.4,1.7021436568026906,27.457066271759345,39.8,25,1.5334421121664876,0.6378205128205128,27.457066271759345,100.0,4.999999999999999,0.625,2.19227453386526,0.0,8,100.0,1.0,0.0,100.0,1.0,0.0,0.0,0.0,0.0,0.0,0.0,0.0,2.6889957813762067,0.8,5.156884893116963,5.31349328229453,0.8,3.769974110711554,6.143899024644952,0.6,5.173017698145077,5.510142085759071,0.8,3.438319568948483
38,actuated,1,1,311.7637394304422,51.96062323840703,3962204.1156948796,396220.41156948794,3525.2,54.56965944272446,101973.4481005278,1578.536348305384,64.6,1.1629445011068251,74.03397639424668,50.0,32,1.1139630125737339,0.7739938080495357,74.03397639424668,100.0,6.4,0.8,1.1901453063062264,0.0,8,100.0,1.0,0.0,100.0,1.0,0.0,0.0,0.0,0.0,1.2384245521161574,0.4,8.427313682530075,100.0,1.0,0.0,100.0,1.0,0.0,91.03338660185727,1.0,1.093848767919737,100.0,1.0,0.0
39,actuated,1,1,791.0563061151413,152.12621271445025,4006618.668146223,400661.8668146223,3797.2,55.84117647058824,102459.74530379864,1506.76096034998,68.0,0.5230198188698879,75.0,58.6,30,0.6387356587450053,0.861764705882353,75.0,100.0,6.0,0.75,0.0,0.0,8,100.0,1.0,0.0,100.0,1.0,0.0,0.0,0.0,0.0,0.0,0.0,0.0,100.0,1.0,0.0,100.0,1.0,0.0,100.0,1.0,0.0,100.0,1.0,0.0
40,actuated,5,1,1521.5463779601305,195.070048456427,507691.1076431737,50769.110764317375,2441.8,35.90882352941176,112709.57180169535,1657.493702966108,68.0,0.8675370523393399,68.23193250355772,49.6,30,1.1082537785562165,0.7294117647058823,68.23193250355772,100.0,6.0,0.75,1.0557844661484967,0.0,8,60.0,0.8,0.0,80.0,1.0,0.0,0.0,0.0,0.0,5.855460028461721,0.2,8.446275729187974,100.0,1.0,0.0,100.0,1.0,0.0,100.0,1.0,0.0,100.0,1.0,0.0
41,actuated,5,5,1644.2288826804881,182.6920980756098,1001644.2288826806,100164.42288826806,1094.0,17.0404984423676,108729.90195830408,1693.6121800358892,64.2,1.470552644080559,57.613711493519304,40.0,27,1.6711246736652021,0.6230529595015576,57.613711493519304,100.0,5.4,0.675,0.5190785761686875,0.0,8,31.23613874768239,0.6,2.2481917938318157,29.673553200472043,0.6,1.9044368155176843,0.0,0.0,0.0,0.0,0.2,0.0,100.0,1.0,0.0,100.0,1.0,0.0,100.0,1.0,0.0,100.0,1.0,0.0
42,actuated,5,5,1202.616341149005,130.7191675161962,411075.23093288386,41107.523093288386,530.6,8.90268456375839,107832.87585634386,1809.2764405426824,59.6,2.255759680248711,59.321853873652366,28.8,28,2.1246178941842047,0.48322147651006714,59.32185387365237,100.0,5.6,0.7,2.094092971103641,0.0,8,42.35307617169269,0.8,4.053584723044729,20.34565123047173,0.6,4.2788889406125215,0.0,0.0,0.0,11.876103587054558,0.2,8.420270105171877,100.0,1.0,0.0,100.0,1.0,0.0,100.0,1.0,0.0,100.0,1.0,0.0
43,actuated,5,5,581.5083264922795,69.22718172527136,1337792.5517690708,133779.25517690709,614.6,10.277591973244148,101618.41917089047,1699.3046684095395,59.8,2.3652414069004974,60.00756079418068,32.0,29,1.9190427561839751,0.5351170568561873,60.00756079418068,100.0,5.8,0.725,2.303856774831056,0.0,8,21.456860593316378,0.8,4.919848232756446,46.85067072666811,0.8,5.002507489100606,11.752955033460921,0.2,8.508498476791395,0.0,0.0,0.0,100.0,1.0,0.0,100.0,1.0,0.0,100.0,1.0,0.0,100.0,1.0,0.0
44,actuated,5,5,977.2593354844317,128.5867546690042,1354712.107392707,135471.2107392707,798.4,12.43613707165109,98466.69019711157,1533.7490684908344,64.2,1.8313368048564356,75.0,41.6,30,2.3476226193129257,0.6479750778816199,75.0,100.0,6.0,0.75,0.0,0.0,8,100.0,1.0,0.0,100.0,1.0,0.0,0.0,0.0,0.0,0.0,0.0,0.0,100.0,1.0,0.0,100.0,1.0,0.0,100.0,1.0,0.0,100.0,1.0,0.0
45,actuated,1,5,1449.6284893735851,185.8498063299468,1382240.220694299,138224.02206942992,596.2,9.25776397515528,102482.9827944615,1591.3506645102716,64.4,1.0138950211041533,75.0,42.6,30,1.4570410874313418,0.6614906832298136,75.0,100.0,6.0,0.75,0.0,0.0,8,100.0,1.0,0.0,100.0,1.0,0.0,0.0,0.0,0.0,0.0,0.0,0.0,100.0,1.0,0.0,100.0,1.0,0.0,100.0,1.0,0.0,100.0,1.0,0.0
46,actuated,1,1,1101.6501960548026,128.0988600063724,273558.5439190004,27355.854391900044,396.6,6.355769230769231,106771.29236243987,1711.0784032442286,62.4,1.3034161857836508,42.516227227722965,36.0,26,1.107810311079223,0.5769230769230769,42.516227227722965,100.0,5.2,0.65,2.4698198627450414,0.0,8,100.0,1.0,0.0,100.0,1.0,0.0,0.0,0.0,0.0,10.258690839064002,0.2,8.825547666754574,27.761394561398447,0.8,2.77661890382227,17.257966914179406,0.6,2.6980016033246916,35.51706079438986,0.8,2.939750259065737,49.334704712752,0.8,2.5186404689930586
47,actuated,1,1,1168.5466716830665,129.83851907589627,522753.76757244545,52275.37675724454,417.2,7.1931034482758625,102167.62799145652,1761.5108274389056,58.0,2.0097376430283473,34.541094041375544,32.0,25,1.5927692294847902,0.5517241379310345,34.541094041375544,100.0,5.0,0.625,2.267690346754015,0.0,8,100.0,1.0,0.0,100.0,1.0,0.0,0.0,0.0,0.0,0.0,0.2,0.0,16.60341847623613,0.8,4.25380775145534,20.804492997035595,0.6,4.423700955464529,20.23905449807785,0.6,5.133330165094362,18.68178635965478,0.8,4.3306839020178876
48,actuated,1,1,950.0518096353183,113.10140590896646,1009790.3351459717,100979.03351459718,579.2,10.454873646209386,97019.61044918372,1751.2565063029554,55.4,2.1512354676588545,33.207812078020424,35.0,22,1.7578423998708428,0.631768953068592,33.207812078020424,100.0,4.3999999999999995,0.55,3.1632328784290085,0.0,8,100.0,1.0,0.0,100.0,1.0,0.0,21.048320356936756,0.4,7.437895329684428,0.0,0.0,0.0,19.755566687427972,0.4,6.189440280194857,16.2115738755233,0.8,5.939161061473003,0.0,0.2,0.0,8.647035704275368,0.6,5.7393663560797785
49,actuated,1,1,677.6393517156029,96.80562167365755,1601478.5669194537,160147.85669194537,758.0,14.465648854961833,88046.37478332203,1680.274327925993,52.4,2.053002772932406,46.050340340246265,37.4,23,2.0357597252298625,0.7137404580152672,46.050340340246265,100.0,4.6,0.575,2.269411445236451,0.0,8,100.0,1.0,0.0,100.0,1.0,0.0,100.0,1.0,0.0,38.08323798217316,0.4,4.287349467536974,13.385407832880674,0.4,7.470822051036379,16.93407690691629,0.8,6.397120043318257,0.0,0.0,0.0,0.0,0.0,0.0
50,actuated,1,1,553.1414239565123,83.80930666007762,2748791.568507929,274879.1568507929,949.2,18.75889328063241,81257.7080293454,1605.883557892202,50.6,2.3496837152639203,55.09987027643945,39.4,27,2.4809491867277997,0.7786561264822134,55.09987027643945,100.0,5.3999999999999995,0.675,1.5691653152535516,0.0,8,100.0,1.0,0.0,100.0,1.0,0.0,100.0,1.0,0.0,100.0,1.0,0.0,36.54837923365335,0.8,5.934701672982381,4.250582977862223,0.6,6.6186208490460325,0.0,0.0,0.0,0.0,0.0,0.0
51,actuated,1,1,498.7987786472462,85.999789421939,5234410.290483091,523441.0290483091,1148.6,23.53688524590164,77930.47306720613,1596.9359235083225,48.8,2.4653547292961475,53.180687997578524,41.0,25,2.8835964084804147,0.8401639344262295,53.18068799757853,100.0,5.0,0.625,2.0141486892854887,0.0,8,100.0,1.0,0.0,100.0,1.0,0.0,100.0,1.0,0.0,100.0,1.0,0.0,0.0,0.2,0.0,11.407396092769204,0.2,8.766242461185941,14.038107887859042,0.6,7.346947053097971,0.0,0.0,0.0
52,actuated,1,1,388.3092448418637,69.34093657890423,4400388.309244842,440038.83092448424,1353.6,28.317991631799163,76366.87622103599,1597.6333937455227,47.8,2.1011793026243346,50.502468295568406,41.8,22,3.0018589971363308,0.8744769874476988,50.502468295568406,100.0,4.4,0.55,1.0688435767660849,0.0,8,100.0,1.0,0.0,100.0,1.0,0.0,100.0,1.0,0.0,100.0,1.0,0.0,4.019746364547245,0.4,8.550748614128679,0.0,0.0,0.0,0.0,0.0,0.0,0.0,0.0,0.0
53,actuated,1,1,234.19052438186344,39.03175406364391,4000234.190524383,400023.4190524383,1563.0,32.5625,77967.99858277588,1624.3333038078308,48.0,2.3040855933000364,51.50530878196008,42.4,21,2.803790926527831,0.8833333333333333,51.50530878196008,100.0,4.2,0.525,1.0379930142740872,0.0,8,100.0,1.0,0.0,100.0,1.0,0.0,100.0,1.0,0.0,100.0,1.0,0.0,0.0,0.0,0.0,0.0,0.0,0.0,12.042470255680655,0.2,8.303944114192698,0.0,0.0,0.0
54,actuated,1,1,759.2355412461744,108.46222017802492,2801177.9821437425,280117.7982143742,1773.4,33.97318007662835,83657.12371848957,1602.6268911588043,52.2,2.3735511154637083,50.58929394071157,43.2,22,2.8880874982551403,0.8275862068965517,50.58929394071157,100.0,4.4,0.55,1.0427770690061153,0.0,8,100.0,1.0,0.0,100.0,1.0,0.0,100.0,1.0,0.0,100.0,1.0,0.0,4.714351525692564,0.4,8.342216552048923,0.0,0.0,0.0,0.0,0.0,0.0,0.0,0.0,0.0
55,actuated,1,1,901.2662638339322,118.58766629393844,2201997.2685102215,220199.72685102216,1990.6,36.86296296296296,85760.38478883027,1588.1552738672274,54.0,1.7956903054418674,52.389886143364926,44.6,23,2.2531756940456127,0.825925925925926,52.38988614336492,100.0,4.6000000000000005,0.575,1.874104681133073,0.0,8,100.0,1.0,0.0,100.0,1.0,0.0,100.0,1.0,0.0,100.0,1.0,0.0,0.0,0.0,0.0,5.988882585256761,0.4,7.376811034676045,13.13020656166259,0.2,7.616026414388539,0.0,0.0,0.0
56,actuated,1,1,663.0292844713388,106.94020717279658,3507842.225252539,350784.2225252539,2222.8,39.55160142348755,88554.32726412945,1575.6997733830863,56.2,1.3096107306923814,50.0,48.6,20,1.5195692411764021,0.8647686832740213,50.0,100.0,4.0,0.5,0.0,0.0,8,100.0,1.0,0.0,100.0,1.0,0.0,100.0,1.0,0.0,100.0,1.0,0.0,0.0,0.0,0.0,0.0,0.0,0.0,0.0,0.0,0.0,0.0,0.0,0.0
57,actuated,5,1,1310.7960206630428,192.7641206857416,1803998.5596910205,180399.85596910206,1445.0,25.803571428571427,93256.98040499806,1665.3032215178225,56.0,1.0566687497657996,38.97399238703784,35.0,25,1.4595126703487191,0.625,38.97399238703784,80.0,4.999999999999999,0.625,2.0181356250155034,0.0,8,80.0,1.0,0.0,60.0,0.8,0.0,80.0,1.0,0.0,60.0,0.8,0.0,8.831771738751968,0.4,8.341859966170608,0.0,0.0,0.0,0.0,0.4,0.0,22.960167357550745,0.6,7.80322503395342
58,actuated,5,5,795.2933791522893,79.52933791522892,795.2933791522893,79.52933791522892,563.0,10.744274809160306,96960.41674893694,1850.3896326133004,52.4,1.6678803640236115,14.53345933310132,18.0,13,1.0007638384853064,0.3435114503816794,14.53345933310132,36.38485869106148,2.6,0.325,0.9544246121810833,0.0,8,20.687395137123303,0.6,1.6834199111335997,33.91907696783619,0.6,2.057151464134764,36.38485869106148,0.6,2.161311554114916,25.27634386878958,0.6,1.733513968065386,0.0,0.0,0.0,0.0,0.0,0.0,0.0,0.0,0.0,0.0,0.2,0.0
59,actuated,5,5,372.96876735132213,37.296876735132216,372.96876735132213,37.296876735132216,135.0,2.947598253275109,91813.76518271628,2004.667362068041,45.8,2.8013498243282875,19.621360418276623,8.8,16,1.1347566433936644,0.19213973799126638,19.621360418276623,45.711455532340324,3.2,0.4,2.180620147576146,0.0,8,41.13985944917317,0.8,4.214530921256474,21.42942533352425,0.8,3.710760276479954,11.00435110641115,0.4,3.4201283814710077,37.68579192476409,0.6,4.057082876353531,45.711455532340324,0.6,2.0424587250482027,0.0,0.0,0.0,0.0,0.0,0.0,0.0,0.0,0.0
60,actuated,5,5,626.8820334534616,65.30021181806893,9404.069672141564,940.4069672141565,123.0,2.887323943661972,74114.90243493582,1739.7864421346435,42.6,2.8041147600024856,30.914198923417473,12.0,25,1.428718439248441,0.28169014084507044,30.914198923417473,100.0,5.0,0.625,4.570916952938358,0.0,8,13.255286949555511,0.8,5.219930584906197,41.63545609654307,0.8,5.356228403823363,0.0986802681404697,0.4,8.670408347342162,0.0,0.2,0.0,100.0,1.0,0.0,1.4980549268091181,0.4,8.534782650880517,3.134820835488199,0.4,7.440985131743848,87.69129231080342,1.0,1.3450005048107752
61,actuated,5,5,748.8040014616364,96.0005130079021,1766310.5964589543,176631.05964589544,223.8,4.802575107296137,69769.88915497852,1497.207921780655,46.6,1.21101772807137,53.131127685675494,27.0,22,0.9330628703280837,0.5793991416309013,53.131127685675494,100.0,4.4,0.55,0.3430767650459741,0.0,8,100.0,1.0,0.0,100.0,1.0,0.0,0.0,0.0,0.0,0.0,0.0,0.0,100.0,1.0,0.0,25.049021485403955,0.4,2.744614120367793,0.0,0.0,0.0,100.0,1.0,0.0
62,actuated,0,5,1284.5865673308726,152.92697230129434,1122838.5870959868,112283.85870959869,234.2,4.838842975206612,78394.30762866538,1619.7170997658138,48.4,0.8984508122787004,72.81692957520889,31.0,30,0.786145112706499,0.640495867768595,72.81692957520889,100.0,6.0,0.75,0.4443842844651047,0.0,8,100.0,1.0,0.0,100.0,1.0,0.0,0.0,0.0,0.0,0.0,0.0,0.0,100.0,1.0,0.0,100.0,1.0,0.0,82.53543660167111,1.0,3.5550742757208376,100.0,1.0,0.0
63,actuated,0,0,860.638971105145,113.24196988225592,1232894.8929483674,123289.48929483673,381.8,7.823770491803279,81687.81033673327,1673.930539687157,48.8,1.5508063930496798,44.92801617880076,36.0,21,1.6374746729708471,0.7377049180327869,44.92801617880076,100.0,4.2,0.525,0.5095367099287074,0.0,8,100.0,1.0,0.0,100.0,1.0,0.0,0.0,0.0,0.0,59.42412943040608,0.6,4.076293679429659,0.0,0.2,0.0,100.0,1.0,0.0,0.0,0.2,0.0,0.0,0.2,0.0
64,actuated,0,0,1262.4244402148947,143.45732275169257,419155.5825181501,41915.55825181501,541.0,10.734126984126984,81797.82544098623,1622.9727270036951,50.4,1.7272258222507244,52.8836353566986,37.2,23,2.018544019606817,0.7380952380952381,52.88363535669859,100.0,4.6000000000000005,0.575,1.9518216170500622,0.0,8,100.0,1.0,0.0,100.0,1.0,0.0,0.0,0.0,0.0,100.0,1.0,0.0,13.58098333329849,0.2,7.363237075390213,100.0,1.0,0.0,0.0,0.0,0.0,9.488099520290234,0.4,8.251335861010284
65,actuated,0,0,858.5347009240716,107.31683761550894,1611697.4023064808,161169.74023064808,722.4,13.892307692307693,82117.62472800072,1579.185090923091,52.0,1.9006714257324009,44.322642883447116,39.8,21,2.330127955036447,0.7653846153846153,44.322642883447116,100.0,4.2,0.525,1.0043026915119035,0.0,8,100.0,1.0,0.0,100.0,1.0,0.0,0.0,0.0,0.0,100.0,1.0,0.0,0.0,0.0,0.0,46.64070138437182,0.8,1.330501872758483,7.940441683205108,0.4,6.703919659336746,0.0,0.0,0.0
66,actuated,0,0,577.5349433033069,84.93160930930985,2779821.2067450536,277982.12067450536,937.2,17.1021897810219,86817.31494177533,1584.2575719302067,54.8,1.3842146410730658,53.66297920850102,46.2,23,1.7811472159836317,0.843065693430657,53.662979208501014,100.0,4.6,0.575,0.6542705133304951,0.0,8,100.0,1.0,0.0,100.0,1.0,0.0,5.156837296374306,0.2,1.9585030972378288,100.0,1.0,0.0,24.146996371633804,0.4,3.2756610094061323,100.0,1.0,0.0,0.0,0.0,0.0,0.0,0.0,0.0
67,actuated,0,0,1535.5093276159982,213.26518439111086,1803565.2793541607,180356.52793541606,1163.8,20.417543859649122,87947.01520925011,1542.9300913903528,57.0,0.9130994387082354,76.78018019052544,47.2,31,1.2151896889353435,0.8280701754385965,76.78018019052544,100.0,6.2,0.775,0.8777201365996601,0.0,8,100.0,1.0,0.0,100.0,1.0,0.0,100.0,1.0,0.0,100.0,1.0,0.0,100.0,1.0,0.0,100.0,1.0,0.0,14.241441524203537,0.2,7.021761092797281,0.0,0.0,0.0
68,actuated,5,0,1310.1277601822717,192.6658470856282,1319337.4225371862,131933.7422537186,803.4,14.768382352941176,90523.97701820586,1664.0436951876077,54.4,0.8769763964924627,55.0,35.8,26,0.9489546308028969,0.6580882352941176,55.0,100.0,5.2,0.65,0.0,0.0,8,60.0,0.8,0.0,60.0,0.8,0.0,60.0,0.8,0.0,60.0,0.8,0.0,100.0,1.0,0.0,100.0,1.0,0.0,0.0,0.0,0.0,0.0,0.0,0.0
69,actuated,5,5,786.5095426606722,98.31369283258402,2000786.5095426603,200078.65095426602,425.6,8.546184738955823,88072.44106635482,1768.5229129790123,49.8,1.384302357678777,41.52235781400961,21.4,25,1.236023967120116,0.42971887550200805,41.52235781400961,100.0,5.0,0.625,1.9036313758935488,0.0,8,37.44726804890888,0.6,2.2823566224043548,26.698786526818594,0.6,1.7213677039804103,23.31549573238135,0.6,1.3360907596217848,40.72183147412716,0.8,1.6224847132152398,100.0,1.0,0.0,100.0,1.0,0.0,0.0,0.0,0.0,3.9954807298408923,0.4,8.266751207926601
70,actuated,5,5,663.4930570154344,72.11881054515591,800663.4930570156,80066.34930570156,273.8,6.279816513761468,85773.75494700435,1967.2879575000998,43.6,2.989603180376335,35.43177651977629,14.0,21,3.286887630323153,0.3211009174311927,35.43177651977629,100.0,4.2,0.525,1.3446957260858732,0.0,8,16.456829833882693,0.6,3.9130660645599846,44.819821817956154,1.0,3.406430760814452,0.0,0.0,0.0,22.177560506371492,0.6,3.4380689833125495,100.0,1.0,0.0,100.0,1.0,0.0,0.0,0.0,0.0,0.0,0.0,0.0
71,actuated,5,5,802.5121452902008,83.59501513439592,201913.58425157564,20191.358425157563,308.0,7.031963470319635,74904.46215591428,1710.147537806262,43.8,2.4182150573934607,42.42131955157191,16.4,21,2.3431199007998083,0.3744292237442922,42.42131955157191,100.0,4.2,0.525,1.7958215674202003,0.0,8,51.730002326600015,0.8,4.8101056218671765,65.40601279948646,1.0,5.290036757969154,0.0,0.0,0.0,0.0,0.0,0.0,100.0,1.0,0.0,100.0,1.0,0.0,0.0,0.0,0.0,22.23454128648882,0.4,4.26643015952527
72,actuated,5,5,808.5000862439533,84.21875898374515,9619.49915890941,961.9499158909409,417.0,8.834745762711865,75220.99402558603,1593.6651276607208,47.2,1.6992302408855227,61.172712011461385,27.0,28,1.362978381298437,0.5720338983050848,61.172712011461385,100.0,5.800000000000001,0.725,1.1311099251678267,0.0,8,100.0,1.0,0.0,100.0,1.0,0.0,0.0,0.0,0.0,9.381696091691083,0.4,8.96372297424823,100.0,1.0,0.0,100.0,1.0,0.0,80.0,1.0,0.08515642709438515,0.0,0.4,0.0
73,actuated,1,5,892.6193111555771,106.26420370899727,24045.19191820298,2404.519191820298,242.0,5.2155172413793105,75211.75800685669,1620.943060492601,46.4,1.5028555557825758,60.314076942011354,28.2,25,1.1992860905282894,0.6077586206896551,60.314076942011354,100.0,5.0,0.625,0.5052173693308257,0.0,8,100.0,1.0,0.0,100.0,1.0,0.0,0.0,0.0,0.0,0.0,0.0,0.0,100.0,1.0,0.0,100.0,1.0,0.0,0.0,0.0,0.0,82.51261553609083,1.0,4.041738954646606
74,actuated,1,1,1281.6279620156217,142.40310689062463,9212.720131220303,921.2720131220303,290.8,6.294372294372295,79149.03549508406,1713.1825864736809,46.2,1.8706144106839344,38.45833561248554,27.2,25,1.468910160449527,0.5887445887445888,38.45833561248554,100.0,4.999999999999999,0.625,3.3416049103654393,0.0,8,100.0,1.0,0.0,100.0,1.0,0.0,2.8235635874284526,0.4,8.680655144993214,1.3942503674127238,0.4,9.014826201554387,52.306889129270076,0.8,2.6406704582255167,31.32997474187846,0.8,3.049256764026955,0.0,0.0,0.0,19.81200707389462,0.6,3.3474307141234383
75,actuated,1,1,561.2938984349049,77.95748589373679,1229286.668307449,122928.6668307449,432.8,10.018518518518519,73751.02467594502,1707.199645276505,43.2,2.0691913882980604,30.608427451031304,30.4,18,2.2891930403768694,0.7037037037037037,30.608427451031304,100.0,3.6,0.44999999999999996,2.0855960890255405,0.0,8,100.0,1.0,0.0,100.0,1.0,0.0,0.0,0.0,0.0,0.0,0.0,0.0,23.748360790015113,1.0,4.158088252878779,12.332830581772214,0.4,4.077697187881554,8.786228236463103,0.2,8.448983271443993,0.0,0.0,0.0
76,actuated,1,1,1013.5967331150201,133.36799119934477,1367549.6531960822,136754.96531960822,589.0,13.761682242990654,72897.81061261742,1703.2198741265752,42.8,2.8356270705552786,27.877691588546156,32.4,15,2.978186284483815,0.7570093457943925,27.877691588546156,100.0,3.0,0.375,2.1022842916017126,0.0,8,100.0,1.0,0.0,100.0,1.0,0.0,0.0,0.0,0.0,0.0,0.0,0.0,11.654170121807965,0.4,8.580619551183155,11.367362586561285,0.4,8.237654781630546,0.0,0.2,0.0,0.0,0.0,0.0
77,actuated,1,1,1001.1241297222947,122.08830850271887,1009543.9774525162,100954.39774525163,750.2,18.033653846153847,66558.11627900907,1599.9547182454105,41.6,2.799632169987896,30.67920249610239,33.2,13,3.0587561096397096,0.7980769230769231,30.67920249610239,100.0,2.6,0.325,1.5398459807310443,0.0,8,100.0,1.0,0.0,100.0,1.0,0.0,0.0,0.0,0.0,31.616635649118052,0.4,5.081298533719654,0.0,0.0,0.0,0.0,0.0,0.0,13.816984319701078,0.2,7.237469312128701,0.0,0.0,0.0
78,actuated,1,1,365.9936226036162,60.998937100602696,6146898.323808804,614689.8323808804,924.4,21.598130841121495,68327.4455788297,1596.43564436518,42.8,2.4453571679287576,40.43803454474215,36.6,17,3.010895253801727,0.8551401869158879,40.43803454474215,100.0,3.4000000000000004,0.425,2.0477039279215985,0.0,8,100.0,1.0,0.0,100.0,1.0,0.0,0.0,0.0,0.0,100.0,1.0,0.0,11.20698770131412,0.2,8.249757577657878,0.0,0.0,0.0,12.297288656623095,0.2,8.13187384571491,0.0,0.0,0.0
79,actuated,1,1,645.8554992752861,111.35439642677346,4568715.840443634,456871.58404436347,1113.2,23.786324786324787,74644.37381719558,1594.965252504179,46.8,1.449187671965365,39.07995265217437,40.0,17,2.2424513744942827,0.8547008547008547,39.07995265217437,100.0,3.4000000000000004,0.42500000000000004,0.2980890907312301,0.0,8,100.0,1.0,0.0,100.0,1.0,0.0,12.63962121739496,0.2,2.3847127258498406,100.0,1.0,0.0,0.0,0.2,0.0,0.0,0.0,0.0,0.0,0.0,0.0,0.0,0.0,0.0
80,actuated,1,1,1228.1859602011639,142.81232095362373,1001846.8860464903,100184.68860464903,1309.4,25.474708171206224,83591.87188800456,1626.3010094942522,51.4,1.4786561258396653,50.27992773880925,40.0,22,1.473290938264327,0.7782101167315175,50.27992773880925,100.0,4.4,0.55,1.0908358986955136,0.0,8,100.0,1.0,0.0,100.0,1.0,0.0,100.0,1.0,0.0,100.0,1.0,0.0,0.0,0.0,0.0,0.0,0.0,0.0,0.0,0.0,0.0,2.239421910473993,0.4,8.726687189564108
81,actuated,5,1,1012.4394428442914,112.4932714271435,202149.67381263967,20214.967381263967,820.8,16.88888888888889,83944.43910614832,1727.251833459842,48.6,1.9111542581644962,30.27354410998612,27.4,18,1.6375544110084,0.5637860082304527,30.27354410998612,60.0,3.6,0.45,0.9383904387088493,0.0,8,60.0,0.8,0.0,60.0,0.8,0.0,60.0,0.8,0.0,60.0,0.8,0.0,2.188352879888953,0.4,7.5071235096707944,0.0,0.0,0.0,0.0,0.0,0.0,0.0,0.0,0.0
82,actuated,5,5,571.7412873283592,57.174128732835925,571.7412873283592,57.174128732835925,278.4,6.414746543778802,78129.04830532992,1800.2084862979245,43.4,2.377593638526851,17.672386154178383,14.4,15,1.3544749305583534,0.3317972350230415,17.672386154178383,32.6447032692829,3.0000000000000004,0.375,4.165522443192376,0.0,8,32.6447032692829,0.6,2.198207983149182,24.56970454722523,0.6,1.8457366119526248,13.056970192762947,0.4,5.679060303006958,30.181962857084272,0.6,1.967003925868206,0.0,0.0,0.0,13.764894188095695,0.2,7.264857879291442,11.789791169574073,0.4,7.863581915344233,15.37106300940195,0.2,6.505730926926358
83,actuated,5,5,389.59973142826067,44.272696753211434,251579.20163239283,25157.920163239283,75.6,2.032258064516129,74272.81231111875,1996.5809761053426,37.2,2.670093851462562,3.9183715555162735,7.6,8,2.651757387592697,0.20430107526881722,3.9183715555162735,16.08867719262662,1.6,0.2,1.0075773105496388,0.0,8,16.08867719262662,0.8,4.039426739758872,15.258295251503569,0.8,4.021191744638238,0.0,0.0,0.0,0.0,0.0,0.0,0.0,0.0,0.0,0.0,0.0,0.0,0.0,0.0,0.0,0.0,0.0,0.0
84,actuated,5,5,521.2922713415475,55.45662461080292,479499.2026841467,47949.92026841467,109.0,3.0277777777777777,64453.13335575208,1790.3648154375576,36.0,2.5511916281650677,10.827146458588288,9.2,10,1.4216397011503263,0.25555555555555554,10.827146458588288,42.29361228090738,1.9999999999999998,0.24999999999999997,3.3176494468330207,0.0,8,26.19691196013264,0.6,5.453902080267585,42.29361228090738,0.8,5.473835110014102,0.0,0.0,0.0,4.379469662467272,0.4,8.33923805290833,13.747177765199012,0.2,7.274220331474148,0.0,0.0,0.0,0.0,0.0,0.0,0.0,0.0,0.0
85,actuated,5,5,849.0842414968613,94.34269349965126,30603.358503956006,3060.3358503956006,183.0,4.716494845360825,60092.22491965117,1548.7686834961642,38.8,2.045908702329727,35.5749082863457,20.0,16,1.9785338308378135,0.5154639175257731,35.5749082863457,100.0,3.1999999999999997,0.4,1.0450501830840244,0.0,8,100.0,1.0,0.0,100.0,1.0,0.0,0.0,0.0,0.0,0.0,0.0,0.0,0.0,0.0,0.0,64.50533938322224,0.8,3.313272346097148,0.0,0.0,0.0,20.09392690754339,0.4,5.0471291185750475
86,actuated,0,5,717.1476276061479,89.64345345076849,276048.6285375389,27604.862853753893,221.2,5.3951219512195125,70658.62350282432,1723.3810610444957,41.0,2.143015632507707,52.03461154287339,27.4,23,2.023959616011447,0.6682926829268293,52.03461154287339,100.0,4.6,0.575,2.2036865970003756,0.0,8,100.0,1.0,0.0,100.0,1.0,0.0,11.415479985573711,0.2,8.760034630727292,4.861412357413428,0.4,8.869458145275711,0.0,0.0,0.0,100.0,1.0,0.0,0.0,0.0,0.0,100.0,1.0,0.0
87,actuated,0,0,1258.1367295813902,139.7929699534878,274901.5158779328,27490.151587793276,351.8,8.416267942583731,68007.77319781762,1626.9802200434835,41.8,1.8748993273889931,46.30355204211128,29.0,25,2.0724848818543915,0.69377990430622,46.30355204211128,100.0,5.0,0.625,1.1799275542372065,0.0,8,100.0,1.0,0.0,100.0,1.0,0.0,0.0,0.0,0.0,0.0,0.0,0.0,42.18782488832858,0.6,3.808135437208536,100.0,1.0,0.0,28.240591448561645,0.8,5.631284996689115,0.0,0.6,0.0
88,actuated,0,0,1115.7467952461684,123.97186613846316,1001115.746795246,100111.57467952461,504.2,12.237864077669903,68109.39755550631,1653.140717366658,41.2,2.4023499539816022,50.905452950903225,31.6,22,2.679038248452066,0.7669902912621359,50.905452950903225,100.0,4.4,0.55,1.1121150233084334,0.0,8,100.0,1.0,0.0,100.0,1.0,0.0,0.0,0.0,0.0,7.2436236072258,0.4,8.896920186467467,100.0,1.0,0.0,100.0,1.0,0.0,0.0,0.0,0.0,0.0,0.0,0.0
89,actuated,0,0,934.9279006737995,137.4893971579117,1896149.039891068,189614.9039891068,670.2,15.16289592760181,69027.25232222518,1561.702541226814,44.2,1.2644475627303473,50.0513007409495,35.4,22,1.8918554408093202,0.8009049773755657,50.0513007409495,100.0,4.4,0.55,0.9647593048474974,0.0,8,100.0,1.0,0.0,100.0,1.0,0.0,0.0,0.0,0.0,0.0,0.0,0.0,100.0,1.0,0.0,100.0,1.0,0.0,0.4104059275960026,0.4,7.718074438779979,0.0,0.0,0.0
90,actuated,0,0,796.7449234550108,128.50724571855014,3849639.5542509025,384963.9554250903,852.2,18.93777777777778,72384.34785095546,1608.5410633545655,45.0,1.5173682616043234,51.00356162517102,37.6,21,2.2938875826416294,0.8355555555555556,51.00356162517102,100.0,4.2,0.525,0.7252635919239219,0.0,8,100.0,1.0,0.0,100.0,1.0,0.0,0.0,0.0,0.0,8.028493001368133,0.2,5.802108735391375,100.0,1.0,0.0,100.0,1.0,0.0,0.0,0.0,0.0,0.0,0.0,0.0
91,actuated,0,0,594.4609966913152,123.84604097735735,6125258.075772199,612525.8075772199,1046.4,22.16949152542373,75342.38436340482,1596.2369568517972,47.2,1.255619151829249,62.5,40.6,25,2.050056246822432,0.8601694915254238,62.5,100.0,5.0,0.625,0.0,0.0,8,100.0,1.0,0.0,100.0,1.0,0.0,0.0,0.0,0.0,100.0,1.0,0.0,100.0,1.0,0.0,100.0,1.0,0.0,0.0,0.0,0.0,0.0,0.0,0.0
92,actuated,0,0,1775.9276660469295,221.9909582558662,1402715.9573551756,140271.59573551756,1251.2,24.154440154440156,82564.88939150241,1593.9167836197378,51.8,1.5417428033354377,64.91611733250039,42.6,28,2.442643339915792,0.8223938223938224,64.91611733250039,100.0,5.6,0.7,0.9241830902239903,0.0,8,100.0,1.0,0.0,100.0,1.0,0.0,0.0,0.0,0.0,100.0,1.0,0.0,100.0,1.0,0.0,100.0,1.0,0.0,19.328938660003132,0.6,7.393464721791922,0.0,0.0,0.0
93,actuated,0,0,1340.989416643682,145.75971920040024,42545.39684080887,4254.539684080887,1462.2,28.119230769230768,84537.16939092719,1625.714795979369,52.0,1.9877977209433555,62.69357335353703,42.8,26,2.7942028373195726,0.823076923076923,62.69357335353703,100.0,5.2,0.65,0.24391736530294056,0.0,8,100.0,1.0,0.0,100.0,1.0,0.0,1.5485868282962656,0.2,1.9513389224235245,100.0,1.0,0.0,100.0,1.0,0.0,100.0,1.0,0.0,0.0,0.0,0.0,0.0,0.0,0.0
94,actuated,0,0,933.3442659036676,141.4157978641921,1996412.9578567438,199641.2957856744,1683.0,29.94661921708185,88421.84288062851,1573.3424000111836,56.2,1.253669033061618,76.63261387074385,47.4,31,2.054395690579623,0.8434163701067615,76.63261387074385,100.0,6.2,0.775,0.9570542232916913,0.0,8,100.0,1.0,0.0,100.0,1.0,0.0,100.0,1.0,0.0,100.0,1.0,0.0,100.0,1.0,0.0,100.0,1.0,0.0,13.060910965950825,0.2,7.6564337863335306,0.0,0.0,0.0
95,actuated,0,0,1417.5166532558203,181.73290426356672,1214908.3103927944,121490.83103927944,1923.8,32.17056856187291,95171.21829436546,1591.4919447218304,59.8,0.9513212575118714,75.0,50.0,30,0.9972273594573585,0.8361204013377926,75.0,100.0,6.0,0.75,0.0,0.0,8,100.0,1.0,0.0,100.0,1.0,0.0,100.0,1.0,0.0,100.0,1.0,0.0,100.0,1.0,0.0,100.0,1.0,0.0,0.0,0.0,0.0,0.0,0.0,0.0
96,actuated,0,0,995.6954381997928,150.86294518178678,2176396.1129969466,217639.61129969466,2182.4,35.08681672025723,98691.18471386418,1586.6749953997455,62.2,1.3049784686270356,75.0,53.8,30,1.876251358917686,0.864951768488746,75.0,100.0,6.0,0.75,0.0,0.0,8,100.0,1.0,0.0,100.0,1.0,0.0,100.0,1.0,0.0,100.0,1.0,0.0,100.0,1.0,0.0,100.0,1.0,0.0,0.0,0.0,0.0,0.0,0.0,0.0
97,actuated,0,0,1551.0380410195928,228.09382956170484,4629826.255683221,462982.6255683221,2456.0,37.668711656441715,101870.2994340628,1562.427905430411,65.2,1.6022531172971641,77.07431072607847,56.4,33,2.7049363166857687,0.8650306748466258,77.07431072607847,100.0,6.6000000000000005,0.825,2.0019148306351653,0.0,8,100.0,1.0,0.0,100.0,1.0,0.0,100.0,1.0,0.0,100.0,1.0,0.0,100.0,1.0,0.0,100.0,1.0,0.0,12.732952192432094,0.2,7.853638220634771,3.8615336161956293,0.4,8.161680424446553
98,actuated,0,0,585.3664288741164,97.5610714790194,3644291.4532702267,364429.14532702265,2746.0,42.77258566978193,101426.8054849894,1579.8567832552865,64.2,1.8728348533880945,76.17973386294778,59.0,32,3.0525033675801065,0.9190031152647975,76.17973386294778,100.0,6.4,0.8,0.99268383925068,0.0,8,100.0,1.0,0.0,100.0,1.0,0.0,100.0,1.0,0.0,100.0,1.0,0.0,100.0,1.0,0.0,100.0,1.0,0.0,0.0,0.0,0.0,9.43787090358228,0.4,7.94147071400544
99,actuated,0,0,1434.8982477923153,239.1497079653859,3402976.9382787882,340297.6938278788,3043.4,44.75588235294118,105990.468705494,1558.6833633160884,68.0,0.6126592134034987,75.0,61.2,30,1.2510896902977267,0.9,75.0,100.0,6.0,0.75,0.0,0.0,8,100.0,1.0,0.0,100.0,1.0,0.0,100.0,1.0,0.0,100.0,1.0,0.0,100.0,1.0,0.0,100.0,1.0,0.0,0.0,0.0,0.0,0.0,0.0,0.0
100,actuated,0,0,1034.4998027901743,172.41663379836237,4143520.8917011926,414352.08917011926,3351.4,47.87714285714286,109443.10112476838,1563.4728732109768,70.0,0.8045900786409977,75.0,63.2,30,1.1818226734861945,0.9028571428571428,75.0,100.0,6.0,0.75,0.0,0.0,8,100.0,1.0,0.0,100.0,1.0,0.0,100.0,1.0,0.0,100.0,1.0,0.0,100.0,1.0,0.0,100.0,1.0,0.0,0.0,0.0,0.0,0.0,0.0,0.0
101,actuated,0,0,528.1375726469947,132.03439316174868,6709148.44413163,670914.8444131629,3673.8,51.025,112167.72222131425,1557.8850308515869,72.0,1.206028883667474,75.0,65.8,30,2.2293329437409466,0.9138888888888889,75.0,100.0,6.0,0.75,0.0,0.0,8,100.0,1.0,0.0,100.0,1.0,0.0,100.0,1.0,0.0,100.0,1.0,0.0,100.0,1.0,0.0,100.0,1.0,0.0,0.0,0.0,0.0,0.0,0.0,0.0
102,actuated,0,0,726.7920552991475,157.99827289111903,7100308.808469628,710030.8808469628,4008.6,54.76229508196721,112904.6266860071,1542.4129328689496,73.2,1.1962758269292455,78.33168542322795,67.8,32,2.1819709934149536,0.9262295081967213,78.33168542322795,100.0,6.4,0.8,1.8945028272985265,0.0,8,100.0,1.0,0.0,100.0,1.0,0.0,100.0,1.0,0.0,100.0,1.0,0.0,100.0,1.0,0.0,100.0,1.0,0.0,14.646351896567467,0.2,6.827638766718154,12.007131489256153,0.2,8.328383851670058
103,actuated,0,0,1472.557489713609,306.7828103570019,5807013.774784748,580701.3774784749,4351.0,57.0997375328084,116436.53327985041,1528.0384944862258,76.2,0.38770236394326013,76.83935965937934,70.2,31,0.8294392288409317,0.9212598425196851,76.83935965937934,100.0,6.2,0.775,0.8494804113118574,0.0,8,100.0,1.0,0.0,100.0,1.0,0.0,100.0,1.0,0.0,100.0,1.0,0.0,100.0,1.0,0.0,100.0,1.0,0.0,0.0,0.0,0.0,14.714877275034723,0.2,6.795843290494859
104,actuated,3,0,907.8761999935299,189.14087499865207,3566226.880823695,356622.6880823695,4068.2,53.38845144356955,120607.1896866369,1582.7715181973347,76.2,0.34905940487285475,65.0,64.4,28,0.44847585622507596,0.8451443569553806,65.0,100.0,5.6,0.7,0.0,0.0,8,100.0,1.0,0.0,100.0,1.0,0.0,60.0,0.8,0.0,60.0,0.8,0.0,100.0,1.0,0.0,100.0,1.0,0.0,0.0,0.0,0.0,0.0,0.0,0.0
105,actuated,3,3,823.2856698799482,141.9458051517152,4883642.559664493,488364.25596644933,3998.6,53.744623655913976,122326.06268719817,1644.1675092365344,74.4,0.8040570168475495,56.44115688587732,55.6,26,0.8976942231287084,0.7473118279569892,56.44115688587732,100.0,5.2,0.65,0.47379328604468096,0.0,8,100.0,1.0,0.0,100.0,1.0,0.0,27.217639037767185,0.6,1.9726441458200956,24.31161604925137,0.6,1.8177021425373523,100.0,1.0,0.0,100.0,1.0,0.0,0.0,0.0,0.0,0.0,0.0,0.0
106,actuated,3,3,190.90353283304876,38.18070656660975,4372449.357904599,437244.9357904599,4260.0,60.16949152542373,117307.47270019547,1656.8852076298797,70.8,1.4101972250388246,61.24322756510111,55.2,31,1.5967466594556927,0.7796610169491526,61.24322756510111,100.0,6.2,0.7749999999999999,1.6323747269736288,0.0,8,100.0,1.0,0.0,100.0,1.0,0.0,18.68429609359282,0.8,4.26742450282552,29.922272819912905,0.6,3.987481166755694,100.0,1.0,0.0,100.0,1.0,0.0,20.0,0.2,0.19978222984222524,21.33925160730314,0.6,4.60430991636559
107,actuated,3,3,459.3110174902421,85.0575958315263,6094091.440163753,609409.1440163753,4535.0,67.08579881656804,111927.8709084538,1655.737735332157,67.6,2.091646091738527,58.64646007674082,55.6,29,2.757074787405909,0.8224852071005917,58.64646007674082,100.0,5.8,0.725,1.4905610613357547,0.0,8,100.0,1.0,0.0,100.0,1.0,0.0,16.128893070401773,0.2,6.20005350419928,13.04278754352481,0.8,5.724434986486758,100.0,1.0,0.0,100.0,1.0,0.0,40.0,0.6,0.0,0.0,0.2,0.0
108,actuated,3,3,506.40023664483704,97.38466089323789,4014059.3043222264,401405.93043222267,4812.6,74.49845201238391,101879.08357676846,1577.0755971635986,64.6,2.6174889436498345,61.272330307104426,56.4,27,4.219698197828277,0.8730650154798761,61.272330307104426,100.0,5.4,0.675,0.5994663113087517,0.0,8,100.0,1.0,0.0,100.0,1.0,0.0,0.0,0.0,0.0,0.0,0.2,0.0,100.0,1.0,0.0,100.0,1.0,0.0,84.3429102191476,1.0,2.3067288908947425,5.835732237687807,0.2,2.4890015995752712
109,actuated,3,3,369.4463859888609,83.96508772474111,4347535.950986201,434753.5950986201,5103.6,77.56231003039514,104431.08858682631,1587.098610742041,65.8,2.0064605304044165,76.17930506578176,60.0,32,3.1713340952436733,0.9118541033434651,76.17930506578176,100.0,6.4,0.8,1.094166437513195,0.0,8,100.0,1.0,0.0,100.0,1.0,0.0,0.0,0.0,0.0,9.434440526254093,0.4,8.75333150010556,100.0,1.0,0.0,100.0,1.0,0.0,100.0,1.0,0.0,100.0,1.0,0.0
110,actuated,3,3,671.3667316168744,134.27334632337488,4892618.967234272,489261.89672342717,5403.8,80.17507418397626,105619.77398909633,1567.0589612625567,67.4,1.8005866556501837,75.0,61.2,30,3.4849940944302022,0.9080118694362018,75.0,100.0,6.0,0.75,0.0,0.0,8,100.0,1.0,0.0,100.0,1.0,0.0,0.0,0.0,0.0,0.0,0.0,0.0,100.0,1.0,0.0,100.0,1.0,0.0,100.0,1.0,0.0,100.0,1.0,0.0
111,actuated,3,3,239.14826765251956,47.82965353050391,5000239.148267652,500023.9148267652,5712.0,84.74777448071217,107550.41821460644,1595.703534341342,67.4,2.5616446399308384,76.41379800610906,62.0,31,4.239993974941039,0.9198813056379822,76.41379800610906,100.0,6.2,0.775,1.1051790943602926,0.0,8,100.0,1.0,0.0,100.0,1.0,0.0,11.310384048872493,0.2,8.84143275488234,0.0,0.0,0.0,100.0,1.0,0.0,100.0,1.0,0.0,100.0,1.0,0.0,100.0,1.0,0.0
112,actuated,3,3,226.82896076737535,47.2560334932032,5200226.828960767,520022.6828960767,6022.2,88.82300884955752,106893.07675490055,1576.5940524321616,67.8,2.589861632253479,76.15671745422276,62.8,32,4.130899703036462,0.9262536873156342,76.15671745422276,100.0,6.4,0.8,1.055599979183171,0.0,8,100.0,1.0,0.0,100.0,1.0,0.0,0.0,0.0,0.0,9.253739633782061,0.4,8.444799833465368,100.0,1.0,0.0,100.0,1.0,0.0,100.0,1.0,0.0,100.0,1.0,0.0
113,actuated,3,3,332.75385538958915,79.22710842609266,5032365.737248239,503236.5737248239,6337.2,92.9208211143695,106770.43086068747,1565.548839599523,68.2,1.6610838411893594,75.98304303122916,63.6,34,3.1220801577044566,0.9325513196480938,75.98304303122916,100.0,6.8,0.85,2.239080310182181,0.0,8,100.0,1.0,0.0,100.0,1.0,0.0,4.254422884860105,0.4,8.876328844949605,3.609921364973161,0.4,9.03631363650784,100.0,1.0,0.0,100.0,1.0,0.0,100.0,1.0,0.0,100.0,1.0,0.0
114,actuated,3,3,123.73071950391397,30.932679875978494,6297261.23076948,629726.123076948,6657.0,98.1858407079646,105942.47716062443,1562.573409448738,67.8,2.5088126657352383,75.0,64.2,30,4.287528547859699,0.9469026548672567,75.0,100.0,6.0,0.75,0.0,0.0,8,100.0,1.0,0.0,100.0,1.0,0.0,0.0,0.0,0.0,0.0,0.0,0.0,100.0,1.0,0.0,100.0,1.0,0.0,100.0,1.0,0.0,100.0,1.0,0.0
115,actuated,3,3,292.31440214995064,69.59866717855968,5600514.70209518,560051.470209518,6980.0,99.43019943019944,110763.06924356791,1577.821499196124,70.2,2.1415066866998007,76.41386498596859,65.6,31,3.8251229960836035,0.9344729344729344,76.41386498596859,100.0,6.2,0.775,1.1051267380594962,0.0,8,100.0,1.0,0.0,100.0,1.0,0.0,0.0,0.0,0.0,11.310919887748696,0.2,8.84101390447597,100.0,1.0,0.0,100.0,1.0,0.0,100.0,1.0,0.0,100.0,1.0,0.0
116,actuated,3,3,497.3107100414953,99.46214200829907,5000497.310710039,500049.7310710039,7305.0,104.65616045845272,108517.17168386246,1554.6872734077715,69.8,2.2661642182845125,75.0,65.2,30,4.167209901260272,0.9340974212034384,75.0,100.0,6.0,0.75,0.0,0.0,8,100.0,1.0,0.0,100.0,1.0,0.0,0.0,0.0,0.0,0.0,0.0,0.0,100.0,1.0,0.0,100.0,1.0,0.0,100.0,1.0,0.0,100.0,1.0,0.0
117,actuated,3,3,420.1014959658443,84.02029919316887,5000420.101495966,500042.0101495966,7633.0,107.50704225352112,112070.40279779425,1578.4563774337219,71.0,1.7720965327727498,75.0,66.2,30,3.038605647565968,0.9323943661971831,75.0,100.0,6.0,0.75,0.0,0.0,8,100.0,1.0,0.0,100.0,1.0,0.0,0.0,0.0,0.0,0.0,0.0,0.0,100.0,1.0,0.0,100.0,1.0,0.0,100.0,1.0,0.0,100.0,1.0,0.0
118,actuated,3,3,196.018626500153,51.58384907898763,5378982.608505125,537898.2608505125,7966.2,110.33518005540166,112595.73448924553,1559.4977076072787,72.2,1.283803866997568,76.35215029991343,67.8,32,2.148928744070437,0.9390581717451524,76.35215029991343,100.0,6.4,0.8,1.113010722317267,0.0,8,100.0,1.0,0.0,100.0,1.0,0.0,10.817202399307462,0.4,8.904085778538136,0.0,0.0,0.0,100.0,1.0,0.0,100.0,1.0,0.0,100.0,1.0,0.0,100.0,1.0,0.0
119,actuated,3,3,446.7219525443949,111.68048813609873,6724777.521523526,672477.7521523526,8305.0,114.70994475138122,113816.87192793298,1572.0562420985218,72.4,1.3102205919205807,75.0,68.2,30,2.0962534303302274,0.9419889502762431,75.0,100.0,6.0,0.75,0.0,0.0,8,100.0,1.0,0.0,100.0,1.0,0.0,0.0,0.0,0.0,0.0,0.0,0.0,100.0,1.0,0.0,100.0,1.0,0.0,100.0,1.0,0.0,100.0,1.0,0.0
120,actuated,3,3,208.0752173649077,54.75663614865992,6000815.278928464,600081.5278928464,8645.2,117.78201634877384,114423.02069236229,1558.8967396779603,73.4,1.514789521127494,76.40491700684294,68.4,31,2.330516771187981,0.9318801089918256,76.40491700684294,100.0,6.2,0.775,1.1121653395819993,0.0,8,100.0,1.0,0.0,100.0,1.0,0.0,0.0,0.0,0.0,11.23933605474349,0.2,8.897322716655994,100.0,1.0,0.0,100.0,1.0,0.0,100.0,1.0,0.0,100.0,1.0,0.0
121,actuated,1,3,988.4467511131343,190.08591367560274,3005443.9957751273,300544.39957751276,7438.0,103.01939058171745,115233.34816126099,1596.0297529260524,72.2,1.3261437286162845,76.60273387546738,57.8,31,2.179405600747752,0.8005540166204986,76.60273387546738,100.0,6.2,0.775,0.974896721106836,0.0,8,100.0,1.0,0.0,100.0,1.0,0.0,12.821871003739034,0.2,7.799173768854688,0.0,0.0,0.0,100.0,1.0,0.0,100.0,1.0,0.0,100.0,1.0,0.0,100.0,1.0,0.0
122,actuated,1,1,413.82930956248447,66.74666283265879,3606352.699548903,360635.2699548903,6281.4,90.51008645533142,118723.80101493148,1710.7175938750934,69.4,1.4261353057244455,40.746083682749656,44.2,27,1.6947276383528251,0.6368876080691642,40.746083682749656,100.0,5.4,0.675,2.4610039122675578,0.0,8,100.0,1.0,0.0,100.0,1.0,0.0,0.0,0.0,0.0,8.86272953654725,0.4,9.183819452486935,20.66495499499524,0.8,2.2532382462937752,18.305117567315392,0.6,2.8702182613868543,53.47069736316598,0.8,2.769526392533043,24.665169999973386,0.8,2.611228945439856
123,actuated,1,1,330.6913256266482,47.24161794666403,3000330.6913256254,300033.06913256255,5818.4,91.1974921630094,111309.63344727503,1744.6651010544676,63.8,1.8375315153935776,37.71957810922146,38.0,24,1.5496727586890193,0.5956112852664577,37.71957810922146,100.0,4.8,0.6,2.127287644788817,0.0,8,100.0,1.0,0.0,100.0,1.0,0.0,0.0,0.0,0.0,0.0,0.0,0.0,18.19557814552354,0.6,4.403271934883435,25.268256156575717,0.6,4.164583524837742,27.710469403236857,1.0,3.978051836820812,30.582321168435556,0.6,4.472393861768545
124,actuated,1,1,340.0643999623793,54.84909676812569,3038647.609400161,303864.76094001613,5979.0,99.98327759197325,107883.08856694677,1804.0650262031234,59.8,2.217403614258606,32.69948882667734,38.6,24,2.0162197690390906,0.6454849498327759,32.69948882667734,100.0,4.8,0.6,2.8991753526664477,0.0,8,100.0,1.0,0.0,100.0,1.0,0.0,0.0,0.0,0.0,0.0,0.0,0.0,29.727032407076877,0.6,6.296475171814583,12.370476891555882,0.8,5.675258639625522,17.81459477763292,0.8,5.684373494997201,1.683806537153032,0.6,5.537295514894277
125,actuated,1,1,347.3977961384748,51.08791119683453,3000962.5797109012,300096.25797109015,6169.8,112.58759124087591,94147.56337180933,1718.021229412579,54.8,2.6144090492331666,34.27971933181766,39.2,28,2.5714821583694807,0.7153284671532847,34.27971933181766,100.0,5.6000000000000005,0.7,4.537456378719169,0.0,8,100.0,1.0,0.0,100.0,1.0,0.0,44.62680910668496,0.6,6.824024291627063,1.041192156778834,0.4,8.643997271265835,2.795578783345718,1.0,7.31027355358076,11.669515034338929,1.0,7.104195718012668,0.0,0.2,0.0,14.104659573392837,0.4,6.417160195267021
126,actuated,1,1,202.6533375436939,34.94023061098171,3893490.0285932114,389349.00285932113,6368.0,119.69924812030075,88931.97088143883,1671.6535879969704,53.2,2.219129047772501,42.852730006407,41.0,21,2.445339052459007,0.7706766917293233,42.852730006407,100.0,4.2,0.525,2.433587455945828,0.0,8,100.0,1.0,0.0,100.0,1.0,0.0,100.0,1.0,0.0,17.9066464616767,0.2,4.231392568111407,18.36801322266183,0.4,8.278892953410885,6.547180366917473,0.6,6.958414126044332,0.0,0.0,0.0,0.0,0.0,0.0
127,actuated,1,1,356.9237179660861,59.48728632768101,4000356.923717967,400035.6923717967,6571.8,119.05434782608695,89144.90854178823,1614.9439953222507,55.2,1.9469106717985856,53.82263281881393,42.0,26,2.055029384595991,0.7608695652173914,53.82263281881393,100.0,5.2,0.65,2.911739602450334,0.0,8,100.0,1.0,0.0,100.0,1.0,0.0,100.0,1.0,0.0,100.0,1.0,0.0,13.615603659945918,0.4,7.1825123404698346,2.703792305769639,0.6,9.099601236823949,14.261666584795876,0.2,7.0118032423088845,0.0,0.0,0.0
128,actuated,1,1,264.3627154206755,45.57977852080612,4000632.0413397336,400063.20413397334,6792.8,118.34146341463415,91895.92563938016,1600.9743142749157,57.4,1.4538405292683498,52.91720410693074,46.6,23,1.5542804922577396,0.8118466898954704,52.91720410693074,100.0,4.6000000000000005,0.575,1.0554148296056876,0.0,8,100.0,1.0,0.0,100.0,1.0,0.0,100.0,1.0,0.0,100.0,1.0,0.0,8.166411735041947,0.4,1.8518914072002417,0.0,0.0,0.0,15.17122112040397,0.2,6.59142722964526,0.0,0.0,0.0
129,actuated,1,1,231.4972043728621,50.32547921149176,4816837.756377755,481683.7756377755,7035.8,117.26333333333334,93545.26070971492,1559.0876784952486,60.0,1.036902467286927,74.24724117302048,50.2,32,1.449133664538953,0.8366666666666667,74.24724117302048,100.0,6.4,0.8,1.266779983352224,0.0,8,100.0,1.0,0.0,100.0,1.0,0.0,100.0,1.0,0.0,100.0,1.0,0.0,100.0,1.0,0.0,89.4872959126883,1.0,1.3619137630330236,0.0,0.0,0.0,4.490633471475576,0.4,8.772326103784769
130,actuated,5,1,1467.51574550424,188.1430442954154,1003848.4126312981,100384.84126312981,4996.2,81.37133550488599,103144.23485551523,1679.8735318487822,61.4,0.850513716122307,62.5,39.4,29,0.8088944414148753,0.6416938110749185,62.5,100.0,5.8,0.725,0.0,0.0,8,80.0,1.0,0.0,80.0,1.0,0.0,80.0,1.0,0.0,60.0,0.8,0.0,100.0,1.0,0.0,100.0,1.0,0.0,0.0,0.0,0.0,0.0,0.0,0.0
131,actuated,5,5,668.3675459925056,77.71715651075647,825397.9693765345,82539.79693765345,2267.0,39.63286713286713,101153.21420254353,1768.412835708803,57.2,1.6898223061926503,37.1700646417429,27.4,21,1.4035795327436378,0.479020979020979,37.1700646417429,100.0,4.2,0.5249999999999999,1.7962896523303171,0.0,8,22.493450645640678,0.6,1.7025850745228086,35.19185333492487,0.6,2.2109809491411734,0.0,0.0,0.0,29.797272506511945,0.6,2.010747740078286,100.0,1.0,0.0,100.0,1.0,0.0,0.0,0.0,0.0,9.877940646865682,0.4,8.446003454900268
132,actuated,5,5,685.4125339339344,72.91622701424834,274074.4046038388,27407.44046038388,338.6,6.7991967871485945,95459.7615341739,1916.8626814091144,49.8,2.74518888566435,34.85098413199438,17.4,19,2.326310279634567,0.3493975903614458,34.85098413199438,100.0,3.8,0.475,1.4569567463350677,0.0,8,39.05267190514451,0.8,3.9308606190735116,21.502607129873468,0.6,3.9193922388461435,0.0,0.0,0.0,18.252594020937067,0.4,3.8054011127608867,100.0,1.0,0.0,100.0,1.0,0.0,0.0,0.0,0.0,0.0,0.0,0.0
133,actuated,5,5,786.4813090097416,87.38681211219351,413465.14541239606,41346.51454123961,309.2,6.284552845528455,85364.48434197651,1735.05049475562,49.2,2.402498054816099,41.304173562766096,19.2,23,2.201923767505349,0.3902439024390244,41.304173562766096,100.0,4.6,0.575,2.6161949407241862,0.0,8,22.58393791918934,0.8,4.684436836031228,53.405389550250675,0.8,4.6388690494445965,10.496286792581486,0.4,8.644144351035356,0.0,0.0,0.0,100.0,1.0,0.0,100.0,1.0,0.0,43.947774240107265,0.6,2.9621092892823064,0.0,0.0,0.0
134,actuated,5,5,867.3962384723718,123.91374835319597,1394115.0351605103,139411.50351605105,431.0,8.011152416356877,82561.86023484894,1534.607067562248,53.8,1.4810466420234132,66.97040691806052,30.4,28,1.6778332624016887,0.5650557620817844,66.97040691806052,100.0,5.6000000000000005,0.7,1.409590210336403,0.0,8,100.0,1.0,0.0,100.0,1.0,0.0,0.0,0.0,0.0,11.668577539285252,0.2,8.570024894921803,100.0,1.0,0.0,100.0,1.0,0.0,100.0,1.0,0.0,24.0946778051989,0.4,2.7066967877694217
135,actuated,1,5,1088.6132125845793,120.9570236205088,1001088.6132125848,100108.86132125848,292.0,5.195729537366548,94147.87682575385,1675.2291250134135,56.2,1.2536336817419902,75.0,31.6,30,1.0865759191388296,0.5622775800711743,75.0,100.0,6.0,0.75,0.0,0.0,8,100.0,1.0,0.0,100.0,1.0,0.0,0.0,0.0,0.0,0.0,0.0,0.0,100.0,1.0,0.0,100.0,1.0,0.0,100.0,1.0,0.0,100.0,1.0,0.0
136,actuated,1,1,1100.4876005984845,122.27640006649828,1001100.4876005983,100110.04876005983,271.6,4.85,94945.31403441654,1695.4520363288668,56.0,1.696091709449631,38.32993974216805,31.8,24,1.5264367329895696,0.5678571428571428,38.32993974216805,100.0,4.8,0.6000000000000001,2.1014562929652745,0.0,8,100.0,1.0,0.0,100.0,1.0,0.0,0.0,0.0,0.0,11.481624168209237,0.2,8.709569180716075,36.87986198915496,0.8,3.0044781220158026,22.774551941877235,0.8,2.566031104372262,20.0,0.4,0.0,15.503479838102976,0.6,2.531571936618055
137,actuated,1,1,1047.0002138701434,127.68295291099311,736967.5473751985,73696.75473751985,416.6,7.658088235294118,92314.56231448508,1696.9588660750935,54.4,2.1054564244510634,32.8060174145844,35.6,19,2.1784208108656573,0.6544117647058824,32.8060174145844,100.0,3.8000000000000003,0.475,2.8302252534285333,0.0,8,100.0,1.0,0.0,100.0,1.0,0.0,0.0,0.0,0.0,0.0,0.0,0.0,17.027446998210962,0.6,4.39247439259658,22.8405536375908,0.6,4.6379059721908575,8.06992153725787,0.4,6.719726038085728,14.510217143615591,0.2,6.891695624555102
138,actuated,1,1,476.70510950879645,72.2280468952722,5304829.2953926455,530482.9295392645,604.0,11.226765799256505,84969.23422720752,1579.3537960447495,53.8,1.6539518217079665,33.58683826182755,39.8,20,1.6029745101600494,0.7397769516728625,33.58683826182755,100.0,4.2,0.5249999999999999,1.9648797867362806,0.0,8,100.0,1.0,0.0,100.0,1.0,0.0,20.0,0.2,0.06870513538826778,30.08146185364012,0.6,5.346945746601148,16.61810573933053,0.8,4.9332725253768945,1.9951385016497625,0.6,5.370114886523933,0.0,0.0,0.0,0.0,0.0,0.0
139,actuated,1,1,510.8943225558534,85.1490537593089,8230450.569427009,823045.0569427009,817.0,14.854545454545455,88065.76671610761,1601.1957584746838,55.0,1.2815695372257003,41.480067704339945,45.0,19,1.2967903035393271,0.8181818181818182,41.480067704339945,100.0,3.8000000000000003,0.475,0.1587184787300958,0.0,8,100.0,1.0,0.0,100.0,1.0,0.0,20.0,0.4,0.0,0.0,0.2,0.0,100.0,1.0,0.0,11.840541634719557,0.2,1.2697478298407665,0.0,0.0,0.0,0.0,0.0,0.0
140,actuated,1,1,599.6624743188156,111.04860635533622,3809872.3903630017,380987.23903630016,1056.2,18.4006968641115,88430.94122197159,1540.6087320900974,57.4,0.766774210836215,64.0961858450919,50.4,28,0.9376931742276287,0.8780487804878049,64.0961858450919,100.0,5.6000000000000005,0.7,2.215019473458037,0.0,8,100.0,1.0,0.0,100.0,1.0,0.0,52.54154124171464,0.6,5.034205575809563,56.41069175262601,0.6,4.639795761354782,100.0,1.0,0.0,100.0,1.0,0.0,0.0,0.0,0.0,3.817253766394515,0.4,8.046154450499952
141,actuated,5,1,1194.3973593327519,153.12786658112205,849507.2587036928,84950.72587036928,809.2,14.296819787985866,94063.8733982192,1661.905890427901,56.6,0.7972876617727068,55.0,38.2,26,0.7100368834149897,0.6749116607773852,55.0,100.0,5.2,0.65,0.0,0.0,8,60.0,0.8,0.0,60.0,0.8,0.0,60.0,0.8,0.0,60.0,0.8,0.0,100.0,1.0,0.0,100.0,1.0,0.0,0.0,0.0,0.0,0.0,0.0,0.0
142,actuated,5,5,751.4137522139531,81.67540784934273,800751.4137522139,80075.1413752214,486.8,9.361538461538462,93350.52352726806,1795.2023755243858,52.0,1.6991892425271087,33.968024038070155,26.0,19,1.3250603951400153,0.5,33.968024038070155,100.0,3.8,0.475,1.4908520110035521,0.0,8,29.314856948724355,0.6,1.7909256028281324,40.85630863474307,0.8,1.6129479191668297,0.0,0.0,0.0,1.573026721093811,0.4,8.522942566033455,100.0,1.0,0.0,100.0,1.0,0.0,0.0,0.0,0.0,0.0,0.0,0.0
143,actuated,5,5,534.8482789869954,56.898753083722916,600534.8482789869,60053.48482789869,265.6,5.799126637554585,87098.29104247424,1901.7094114077347,45.8,2.5967989660158235,44.29143223040484,14.8,25,2.1613731967849343,0.3231441048034934,44.29143223040484,100.0,5.0,0.625,2.3766889488191953,0.0,8,15.128877942831878,0.8,3.675300126642897,43.64284602337193,1.0,3.6121313373494806,0.0,0.0,0.0,0.0,0.0,0.0,100.0,1.0,0.0,100.0,1.0,0.0,11.488209568792627,0.2,8.1061493201689,84.07152430824226,1.0,3.6199308063922864
144,actuated,5,5,483.380263734777,58.94881265058256,1899193.3999867532,189919.33999867534,310.6,6.781659388646288,80302.1647521834,1753.3223745018208,45.8,2.7126307893157935,48.897313631173915,17.6,27,2.6590730710901402,0.38427947598253276,48.897313631173915,100.0,5.6,0.7,2.310374589716388,0.0,8,21.273224516728533,0.6,4.818196376670458,65.07064877174571,1.0,5.029543425055485,0.0,0.0,0.0,4.834635760917081,0.4,8.635256916005163,100.0,1.0,0.0,100.0,1.0,0.0,60.0,0.8,0.0,40.0,0.8,0.0
145,actuated,5,5,614.3429615658179,76.79287019572723,1178146.2125604278,117814.62125604278,422.0,8.339920948616601,78614.61350642655,1553.6484882692996,50.6,2.0123955634973645,66.72291183025237,27.6,28,2.193076428712804,0.5454545454545454,66.72291183025237,100.0,5.6000000000000005,0.7,1.5411658897723652,0.0,8,100.0,1.0,0.0,100.0,1.0,0.0,11.082677810613859,0.2,9.023090060800126,0.0,0.0,0.0,100.0,1.0,0.0,100.0,1.0,0.0,100.0,1.0,0.0,22.700616831405114,0.4,3.3062370573787963
146,actuated,1,5,1012.8534660009703,117.77365883732213,614285.0183753782,61428.50183753782,253.6,4.9147286821705425,86354.45622971465,1673.5359734440824,51.6,1.3742123979088623,75.0,30.6,30,1.4817883997040884,0.5930232558139535,75.0,100.0,6.0,0.75,0.0,0.0,8,100.0,1.0,0.0,100.0,1.0,0.0,0.0,0.0,0.0,0.0,0.0,0.0,100.0,1.0,0.0,100.0,1.0,0.0,100.0,1.0,0.0,100.0,1.0,0.0
147,actuated,1,1,1049.300385273186,127.96346161868124,1024077.7246246565,102407.77246246565,268.4,5.221789883268483,84629.75376014697,1646.4932638160888,51.4,1.699075610258354,35.09638043840852,30.4,24,1.48354691966248,0.5914396887159533,35.09638043840852,100.0,4.8,0.6,2.4630892936651385,0.0,8,100.0,1.0,0.0,100.0,1.0,0.0,0.0,0.0,0.0,3.09303282769406,0.4,8.727239508740604,17.709548658215226,0.6,2.982814674247195,37.55953076649348,0.8,3.2362115536016516,0.0,0.2,0.0,22.408931254865365,0.8,4.758448612731657
148,actuated,1,1,967.8018045869476,134.4169173037427,1474307.2658222825,147430.72658222826,430.4,8.966666666666667,81937.14013510208,1707.0237528146267,48.0,2.1658102369616596,28.135829836009236,34.8,15,2.3505461346746803,0.725,28.135829836009236,100.0,3.0,0.375,1.0261843768992063,0.0,8,100.0,1.0,0.0,100.0,1.0,0.0,0.0,0.0,0.0,0.0,0.0,0.0,21.206592891121545,0.6,4.215205914555257,3.880045796952345,0.4,3.994269100638392,0.0,0.0,0.0,0.0,0.0,0.0
149,actuated,1,1,613.2843172105829,92.92186624402773,2888642.70913198,288864.270913198,611.8,12.588477366255145,75129.46444746187,1545.8737540630016,48.6,2.0888409077349057,30.74356929791577,38.2,18,2.3685295273465496,0.7860082304526749,30.74356929791577,100.0,3.6,0.45,2.385248429222882,0.0,8,100.0,1.0,0.0,100.0,1.0,0.0,0.0,0.0,0.0,0.0,0.0,0.0,0.0,0.2,0.0,27.155239947796872,0.8,5.585994908418458,4.278355093238133,0.4,6.606548494430423,14.51495934229115,0.2,6.889444030934175
150,actuated,1,1,947.6477615465907,148.0699627416548,5162880.881699709,516288.0881699709,812.4,15.8671875,79182.0207993727,1546.523843737748,51.2,0.9789645208502527,42.017227278837765,42.6,21,1.0824475534682483,0.83203125,42.017227278837765,100.0,4.2,0.525,0.9982120591984757,0.0,8,100.0,1.0,0.0,100.0,1.0,0.0,40.0,0.6,0.24399585596158088,21.842815966729177,0.8,7.403182270303219,0.0,0.0,0.0,74.29500226397295,0.8,0.33851834732300534,0.0,0.0,0.0,0.0,0.0,0.0
151,actuated,1,1,555.0227563655806,99.11120649385367,9547612.29576872,954761.229576872,1033.6,19.070110701107012,87062.87120686086,1606.3260370269531,54.2,0.9200230995062771,37.5,46.0,15,1.0303416548553237,0.8487084870848709,37.5,100.0,3.0,0.375,0.0,0.0,8,100.0,1.0,0.0,100.0,1.0,0.0,0.0,0.0,0.0,0.0,0.0,0.0,0.0,0.0,0.0,100.0,1.0,0.0,0.0,0.0,0.0,0.0,0.0,0.0
152,actuated,5,1,1100.490288637336,131.0107486473019,403131.24799034855,40313.12479903486,774.2,14.337037037037037,89167.61030669122,1651.252042716504,54.0,1.317211881386084,37.22618995105819,33.6,21,1.1467020674497752,0.6222222222222222,37.22618995105819,100.0,4.2,0.525,2.763199085026587,0.0,8,60.0,0.8,0.0,60.0,0.8,0.0,6.964467415843956,0.4,6.200021233923665,34.15073962277347,0.6,4.728058321745919,22.285066986839865,0.4,4.23752453014211,100.0,1.0,0.0,0.0,0.0,0.0,14.409245583008214,0.2,6.939988594401
153,actuated,5,5,659.7825159766364,65.97825159766364,659.7825159766364,65.97825159766364,430.0,8.884297520661157,90319.5139754813,1866.10566065044,48.4,2.2689031509111586,32.762837936092524,22.8,16,2.1368318872423036,0.47107438016528924,32.762837936092524,100.0,3.2,0.4,0.5053145958906339,0.0,8,25.53309400771468,0.6,1.92589564463046,36.56960948102551,0.6,2.116621122494611,0.0,0.0,0.0,0.0,0.0,0.0,100.0,1.0,0.0,100.0,1.0,0.0,0.0,0.0,0.0,0.0,0.0,0.0
154,actuated,5,5,661.8605859023339,66.18605859023339,661.8605859023339,66.18605859023339,213.6,4.990654205607477,80368.27718880858,1877.7634857198268,42.8,3.588967992385153,41.780899864593266,13.0,23,3.7610672180852824,0.3037383177570093,41.780899864593266,100.0,4.8,0.6,2.51175336511396,0.0,8,24.900342894511596,0.6,4.0325683751148365,33.715694259010434,0.8,4.2645270666501744,0.0,0.0,0.0,11.183936331340192,0.2,8.941395680139465,100.0,1.0,0.0,100.0,1.0,0.0,40.0,0.4,0.023388607941681537,24.447225431883908,0.8,2.832147191065524
155,actuated,5,5,519.2843516091668,51.928435160916685,519.2843516091668,51.928435160916685,232.2,5.635922330097087,73472.98415517117,1783.3248581352227,41.2,3.9870688812435118,40.905057022635845,13.4,22,3.9577096118463286,0.32524271844660196,40.905057022635845,100.0,4.4,0.55,1.557106580156073,0.0,8,52.47412102885164,0.8,4.973898480183236,32.24507701040693,0.8,5.644122406672141,0.0,0.0,0.0,0.0,0.0,0.0,100.0,1.0,0.0,100.0,1.0,0.0,42.521258141828184,0.8,1.8388317543932082,0.0,0.0,0.0
156,actuated,5,5,975.7809757335829,108.42010841484255,214688.57383612846,21468.857383612845,321.0,6.918103448275862,71531.95789909664,1541.6370236874277,46.4,1.9958829174045207,63.839097880417626,23.4,26,2.398786401159881,0.5043103448275862,63.839097880417626,100.0,5.2,0.65,1.166830313787594,0.0,8,100.0,1.0,0.0,100.0,1.0,0.0,10.712783043341005,0.2,9.334642510300752,0.0,0.0,0.0,100.0,1.0,0.0,100.0,1.0,0.0,100.0,1.0,0.0,0.0,0.0,0.0
157,actuated,1,5,904.811681080784,102.81950921372544,6383.554792688747,638.3554792688747,178.0,3.7394957983193278,78200.77474486608,1642.8734190097916,47.6,1.3541764181128175,70.24284963292985,25.2,29,1.0292111649382023,0.5294117647058824,70.24284963292985,100.0,5.8,0.725,0.5607273803630067,0.0,8,100.0,1.0,0.0,100.0,1.0,0.0,0.0,0.0,0.0,0.0,0.0,0.0,100.0,1.0,0.0,100.0,1.0,0.0,100.0,1.0,0.0,61.942797063438775,0.8,4.485819042904054
158,actuated,1,1,855.5113329261006,91.01184392830858,13587.803314781599,1358.78033147816,238.6,5.1645021645021645,83222.87129418946,1801.3608505235816,46.2,2.6603250225085504,32.354574747179754,27.0,20,1.9000456738214273,0.5844155844155844,32.354574747179754,100.0,4.0,0.5,0.6571763216152551,0.0,8,100.0,1.0,0.0,100.0,1.0,0.0,0.0,0.0,0.0,0.0,0.0,0.0,21.038468596339044,0.8,2.285497911796957,17.79812938109899,0.6,2.971912661125084,20.0,0.4,0.0,0.0,0.2,0.0
159,actuated,1,1,1114.3752970438406,121.12774967867834,6856.342086558156,685.6342086558155,379.0,8.497757847533633,71997.26092415655,1614.2883615281737,44.6,3.042448165916573,31.45710413309672,30.2,19,2.6300623520066346,0.6771300448430493,31.45710413309672,100.0,3.8000000000000003,0.47500000000000003,4.200521793713795,0.0,8,100.0,1.0,0.0,100.0,1.0,0.0,11.672768099444966,0.2,8.566948229251205,0.0,0.0,0.0,16.354796377374896,0.6,5.170449177031816,7.197544776129234,0.4,4.052254604852372,12.483042541521172,0.2,8.010867516262914,3.9486812703034957,0.4,7.803654822312057
160,actuated,1,1,674.7928600320424,99.23424412235919,3818722.4870839827,381872.24870839826,544.6,12.102222222222222,70660.75559390009,1570.2390131977797,45.0,1.9163866919932142,25.0,36.2,11,2.471794655051754,0.8044444444444444,25.0,100.0,2.2,0.275,0.0,0.0,8,100.0,1.0,0.0,100.0,1.0,0.0,0.0,0.0,0.0,0.0,0.0,0.0,0.0,0.2,0.0,0.0,0.0,0.0,0.0,0.0,0.0,0.0,0.0,0.0
161,actuated,1,1,434.1173047334852,67.83082886460706,4844060.176999234,484406.01769992337,729.4,15.453389830508474,76890.4734981358,1629.0354554689789,47.2,1.8223127417324785,26.60035072092967,38.4,13,2.025181777503645,0.8135593220338984,26.60035072092967,100.0,2.6,0.325,2.1598928873767385,0.0,8,100.0,1.0,0.0,100.0,1.0,0.0,0.0,0.0,0.0,1.30995853977538,0.4,8.578079035505654,0.0,0.0,0.0,0.0,0.0,0.0,11.492847227661969,0.2,8.701064063508252,0.0,0.0,0.0
162,actuated,1,1,481.0443746646989,70.7418198036322,3954948.956879314,395494.8956879314,929.2,18.584,79649.85169974508,1592.9970339949016,50.0,1.7061515407639476,26.68140306171523,41.6,13,1.584416899638898,0.832,26.68140306171523,100.0,2.6,0.325,1.9203964999827106,0.0,8,100.0,1.0,0.0,100.0,1.0,0.0,0.0,0.0,0.0,0.0,0.0,0.0,0.26579021706993444,0.4,7.779045614500612,13.185434276651904,0.2,7.584126385361073,0.0,0.0,0.0,0.0,0.0,0.0
163,actuated,5,1,967.1301570773851,130.6932644699169,827791.2109645318,82779.12109645318,667.8,13.854771784232366,80567.21543464201,1671.5189924199587,48.2,1.5627521054975881,17.742231391690666,29.0,11,1.5873641737351105,0.6016597510373444,17.742231391690666,60.0,2.2,0.275,1.7045669248613264,0.0,8,60.0,0.8,0.0,60.0,0.8,0.0,0.0,0.0,0.0,6.525451785350924,0.4,7.14825296207165,0.0,0.0,0.0,0.0,0.0,0.0,15.412399348174404,0.2,6.488282436818962,0.0,0.0,0.0
164,actuated,5,5,674.0588066325325,76.59759166278778,1079146.7458342046,107914.67458342046,317.0,7.270642201834862,78849.04968962424,1808.4644424225742,43.6,2.41108358026955,9.957767562124502,18.0,8,2.361394445543558,0.41284403669724773,9.957767562124502,35.85826249145157,1.5999999999999999,0.2,2.011705166584303,0.0,8,29.69156555035397,0.6,2.120662893540128,35.85826249145157,0.6,2.1724698877893065,0.0,0.0,0.0,0.0,0.0,0.0,0.4914873126335806,0.2,4.4588094286126925,0.0,0.0,0.0,0.0,0.0,0.0,13.620825142556896,0.2,7.341699122732298
165,actuated,5,5,740.9876872203633,82.33196524670704,1000740.9876872201,100074.098768722,121.8,3.014851485148515,78206.0615567183,1935.7936028890667,40.4,3.1918722703389375,16.981809964769923,10.4,14,3.786180741870534,0.25742574257425743,16.981809964769923,80.0,3.0,0.375,2.134347037298999,0.0,8,7.719281750253231,0.8,4.03490351462251,17.263443443011965,0.8,3.8395554802293823,10.871754524894186,0.2,9.198147343284804,0.0,0.0,0.0,80.0,1.0,0.0,20.0,0.2,0.002169960255299477,0.0,0.0,0.0,0.0,0.0,0.0
166,actuated,5,5,434.68030619088574,44.35513328478426,658.8859203251775,65.88859203251775,140.2,3.54040404040404,71643.07437352344,1809.1685447859456,39.6,3.1487230142233953,26.798335614338384,10.2,21,3.026565790753781,0.25757575757575757,26.798335614338384,100.0,4.2,0.525,3.105008280358387,0.0,8,14.528609823894385,0.6,5.175757223088916,34.24613924990581,0.8,5.522427375243019,0.0,0.0,0.0,5.272953024132221,0.4,8.936598041001707,0.0,0.2,0.0,100.0,1.0,0.0,40.0,0.4,0.1347039756853227,20.33898281677466,0.8,5.07057962784813
167,actuated,5,5,562.4904678955642,58.5927570724546,400562.4904678956,40056.249046789555,217.2,4.869955156950673,71896.81848576543,1612.0362889185074,44.6,2.433741385705247,41.32821442703346,20.4,19,2.2358207202258,0.45739910313901344,41.32821442703346,100.0,3.8000000000000003,0.47500000000000003,1.2757477344411465,0.0,8,100.0,1.0,0.0,100.0,1.0,0.0,0.0,0.0,0.0,3.912837666487121,0.2,8.603532409574836,6.712877749780546,0.2,1.6024494659543356,100.0,1.0,0.0,20.0,0.4,0.0,0.0,0.0,0.0
168,actuated,0,5,774.14850726483,92.16053657914642,1006452.8566935428,100645.28566935429,209.6,4.497854077253219,75678.31115201216,1623.998093390819,46.6,1.8600448483257965,63.521961924823245,25.2,28,1.6486210612633003,0.5407725321888412,63.521961924823245,100.0,5.6000000000000005,0.7,1.029012693721913,0.0,8,100.0,1.0,0.0,100.0,1.0,0.0,0.0,0.0,0.0,0.0,0.2,0.0,100.0,1.0,0.0,100.0,1.0,0.0,22.234939257923543,0.4,5.751150298144262,85.94075614066242,1.0,2.4809512516310415
169,actuated,0,0,1204.673210972684,130.94274032311785,55780.081600870566,5578.008160087056,341.4,7.32618025751073,76910.34054465077,1650.43649237448,46.6,2.163767656530478,40.38821856502068,31.2,22,1.73839851551919,0.6695278969957081,40.38821856502068,100.0,4.4,0.55,1.4207381313701837,0.0,8,100.0,1.0,0.0,100.0,1.0,0.0,3.786343141218822,0.4,8.452967632282524,0.0,0.0,0.0,19.319405378946612,0.6,2.912937418678946,100.0,1.0,0.0,0.0,0.2,0.0,0.0,0.2,0.0
170,actuated,0,0,823.351266070967,114.35434250985652,3117681.2670375584,311768.1267037558,507.8,10.758474576271187,73205.62333544633,1550.9665960899647,47.2,1.7580650407700122,45.86591058530871,36.2,20,2.302743003964027,0.7669491525423728,45.86591058530871,100.0,4.0,0.5,1.0812033118656856,0.0,8,100.0,1.0,0.0,100.0,1.0,0.0,0.0,0.0,0.0,11.335111917051108,0.4,8.37118119308725,55.59217276541858,0.6,0.27844530183823535,100.0,1.0,0.0,0.0,0.0,0.0,0.0,0.0,0.0
171,actuated,0,0,1008.2592097922567,157.5405015300401,5738797.441181451,573879.7441181451,706.8,14.136,77721.11262516485,1554.4222525032972,50.0,1.6184761294326668,51.48437065122266,43.0,21,2.518743183552094,0.86,51.48437065122266,100.0,4.2,0.525,1.0526346628539063,0.0,8,100.0,1.0,0.0,100.0,1.0,0.0,0.0,0.0,0.0,0.0,0.0,0.0,100.0,1.0,0.0,100.0,1.0,0.0,11.874965209781294,0.2,8.42107730283125,0.0,0.0,0.0
172,actuated,0,0,1322.3433398196987,178.69504592158088,2202600.0645965124,220260.00645965122,926.2,17.21561338289963,87144.95851229959,1619.7947678866094,53.8,1.1690566127556985,50.0,45.2,20,1.742600101346956,0.8401486988847584,50.0,100.0,4.0,0.5,0.0,0.0,8,100.0,1.0,0.0,100.0,1.0,0.0,0.0,0.0,0.0,0.0,0.0,0.0,100.0,1.0,0.0,100.0,1.0,0.0,0.0,0.0,0.0,0.0,0.0,0.0
173,actuated,2,0,536.8739897036291,81.34454389448926,7284484.555371349,728448.4555371349,881.2,16.752851711026615,85858.87363850951,1632.2979779184316,52.6,1.1965825034477569,57.53869936438065,39.2,25,1.140825987327985,0.7452471482889734,57.53869936438065,100.0,5.0,0.625,1.581078197392629,0.0,8,60.0,0.8,0.0,100.0,1.0,0.0,0.0,0.0,0.0,84.38258663235501,1.0,6.369982520439149,100.0,1.0,0.0,100.0,1.0,0.0,15.927008282690167,0.2,6.278643058701882,0.0,0.0,0.0
174,actuated,2,2,440.93665530068677,62.99095075724097,3000440.936655301,300044.0936655301,900.8,16.99622641509434,86527.4578432298,1632.593544211883,53.0,1.4043472650692754,39.54288310575606,36.4,21,1.2259250584675443,0.6867924528301886,39.54288310575606,100.0,4.199999999999999,0.5249999999999999,0.9099815164426821,0.0,8,62.99920732280725,0.8,1.6517069765557522,100.0,1.0,0.0,0.0,0.0,0.0,100.0,1.0,0.0,35.76764347931885,0.8,2.999064964311463,17.57621404392239,0.6,2.6290801906742414,0.0,0.0,0.0,0.0,0.0,0.0
175,actuated,2,2,684.8019151823117,90.10551515556735,2004584.0210978198,200458.40210978198,1031.6,19.53787878787879,84171.6407935753,1594.1598635146838,52.8,1.5481909783347039,39.832533661159744,36.8,23,1.5624628798209925,0.696969696969697,39.832533661159744,100.0,4.6000000000000005,0.575,2.985132947852062,0.0,8,100.0,1.0,0.0,100.0,1.0,0.0,0.0,0.0,0.0,100.0,1.0,0.0,9.58298136016765,0.4,3.9734674356638053,6.369283198191624,0.4,3.593967977889655,0.8457034493289939,0.4,7.996591877657324,1.86230128158968,0.4,8.31703629160571
176,actuated,2,2,757.320187253272,102.34056584503675,2010716.354980853,201071.6354980853,1229.8,23.46946564885496,83755.09862718251,1598.3797447935592,52.4,1.9751337448549646,43.17096344964597,42.4,18,2.558501391704234,0.8091603053435115,43.17096344964597,100.0,3.6,0.45,0.25918271413254645,0.0,8,100.0,1.0,0.0,100.0,1.0,0.0,45.36770759716774,0.6,2.0734617130603716,100.0,1.0,0.0,0.0,0.0,0.0,0.0,0.0,0.0,0.0,0.0,0.0,0.0,0.0,0.0
177,actuated,2,2,567.3936074539797,83.44023639029113,2239210.102140712,223921.0102140712,1447.6,25.942652329749105,88992.95064739781,1594.8557463691366,55.8,1.2270196105795974,54.695857680561915,45.4,24,1.3736143978043351,0.8136200716845878,54.695857680561915,100.0,4.800000000000001,0.6,1.2928368974587348,0.0,8,100.0,1.0,0.0,100.0,1.0,0.0,100.0,1.0,0.0,100.0,1.0,0.0,8.776174823249221,0.4,8.746727263368665,0.0,0.0,0.0,0.0,0.0,0.0,28.790686621246095,0.4,1.5959679163012133
178,actuated,2,2,318.207244795308,53.034540799218,3631851.4754797914,363185.14754797914,1683.4,30.386281588447652,90270.12660941963,1629.4246680400656,55.4,1.4814326666788833,62.5,48.4,25,1.735983591605834,0.8736462093862816,62.5,100.0,5.0,0.625,0.0,0.0,8,100.0,1.0,0.0,100.0,1.0,0.0,100.0,1.0,0.0,100.0,1.0,0.0,0.0,0.0,0.0,0.0,0.0,0.0,0.0,0.0,0.0,100.0,1.0,0.0
179,actuated,2,2,594.9276151182418,114.40915675350803,5180042.690092622,518004.2690092622,1930.2,33.279310344827586,89727.59168527354,1547.0274428495438,58.0,1.5515295808269627,74.39954886827167,51.2,31,2.512053355437394,0.8827586206896552,74.39954886827167,100.0,6.2,0.775,1.4903767945840454,0.0,8,100.0,1.0,0.0,100.0,1.0,0.0,100.0,1.0,0.0,100.0,1.0,0.0,12.590528905350311,0.2,7.942478092203519,0.0,0.0,0.0,82.60586204082301,1.0,3.980536264468844,100.0,1.0,0.0
180,actuated,2,2,859.4916018351784,148.1882072129618,4263804.180889359,426380.4180889359,2192.0,37.152542372881356,93888.73089324699,1591.3344219194405,59.0,1.0998168507131971,75.54691014141582,53.2,32,2.0447251706601013,0.9016949152542373,75.54691014141582,100.0,6.4,0.8,1.0327061482650899,0.0,8,100.0,1.0,0.0,100.0,1.0,0.0,100.0,1.0,0.0,100.0,1.0,0.0,0.0,0.0,0.0,4.375281131326574,0.4,8.261649186120719,100.0,1.0,0.0,100.0,1.0,0.0
181,actuated,2,2,890.6462645369427,143.6526233124101,3401537.289191282,340153.7289191282,2457.0,40.411184210526315,96462.30025771564,1586.5509910808494,60.8,1.057630240277815,75.0,53.6,30,1.5555316159625872,0.881578947368421,75.0,100.0,6.0,0.75,0.0,0.0,8,100.0,1.0,0.0,100.0,1.0,0.0,100.0,1.0,0.0,100.0,1.0,0.0,0.0,0.0,0.0,0.0,0.0,0.0,100.0,1.0,0.0,100.0,1.0,0.0
182,actuated,2,2,1465.1834788037645,228.9349185630882,2312703.6323411884,231270.36323411885,2728.2,42.36335403726708,98980.68929961928,1536.9672251493678,64.4,1.1459497820521298,76.70574790773543,56.4,31,1.862440648366677,0.8757763975155279,76.70574790773543,100.0,6.2,0.775,0.9160204699148033,0.0,8,100.0,1.0,0.0,100.0,1.0,0.0,100.0,1.0,0.0,100.0,1.0,0.0,13.64598326188343,0.2,7.328163759318427,0.0,0.0,0.0,100.0,1.0,0.0,100.0,1.0,0.0
183,actuated,2,2,638.1614156155089,106.36023593591814,5498042.113639393,549804.2113639393,3016.0,45.97560975609756,105363.81408176108,1606.15570246587,65.6,1.5038496989131667,75.55991850728589,58.4,32,2.474588362000561,0.8902439024390244,75.55991850728589,100.0,6.4,0.8,0.9986958774505181,0.0,8,100.0,1.0,0.0,100.0,1.0,0.0,100.0,1.0,0.0,100.0,1.0,0.0,0.0,0.0,0.0,4.479348058287087,0.4,7.989567019604145,100.0,1.0,0.0,100.0,1.0,0.0
184,actuated,2,2,956.0978178714764,140.60262027521713,3002644.7610543915,300264.4761054391,3306.4,50.40243902439025,102793.6697097818,1566.9766724052101,65.6,1.754099764382901,76.5702629735415,58.6,31,2.714958324469055,0.8932926829268293,76.5702629735415,100.0,6.2,0.775,0.9950562589373201,0.0,8,100.0,1.0,0.0,100.0,1.0,0.0,100.0,1.0,0.0,100.0,1.0,0.0,12.562103788332024,0.2,7.960450071498561,0.0,0.0,0.0,100.0,1.0,0.0,100.0,1.0,0.0
185,actuated,2,2,782.5141505324372,186.3128929839136,4220910.409158735,422091.0409158735,3608.6,53.54005934718101,103707.05151362545,1538.6802895196654,67.4,0.9030722520405919,75.0,62.8,30,1.9438873252025248,0.9317507418397626,75.0,100.0,6.0,0.75,0.0,0.0,8,100.0,1.0,0.0,100.0,1.0,0.0,100.0,1.0,0.0,100.0,1.0,0.0,0.0,0.0,0.0,0.0,0.0,0.0,100.0,1.0,0.0,100.0,1.0,0.0
186,actuated,2,2,1191.9825341260496,229.2274104088557,4801191.982534127,480119.19825341273,3926.0,56.08571428571429,110107.84244660367,1572.969177808624,70.0,0.9008306158087386,75.0,64.6,30,1.6710055153430035,0.9228571428571428,75.0,100.0,6.0,0.75,0.0,0.0,8,100.0,1.0,0.0,100.0,1.0,0.0,100.0,1.0,0.0,100.0,1.0,0.0,0.0,0.0,0.0,0.0,0.0,0.0,100.0,1.0,0.0,100.0,1.0,0.0
187,actuated,2,2,906.7661992821289,156.33899987622914,3804026.838910736,380402.6838910736,4246.2,59.30446927374302,114004.73729081999,1592.2449342293294,71.6,1.254598900526363,75.89806827429129,64.2,32,2.1129561826974315,0.8966480446927374,75.89806827429129,100.0,6.4,0.8,1.1112382562831045,0.0,8,100.0,1.0,0.0,100.0,1.0,0.0,100.0,1.0,0.0,100.0,1.0,0.0,7.1845461943303235,0.4,8.889906050264836,0.0,0.0,0.0,100.0,1.0,0.0,100.0,1.0,0.0
188,actuated,2,2,685.4621747295993,149.01351624556506,4663652.126951365,466365.2126951365,4572.0,62.63013698630137,112914.60442806715,1546.7754031242075,73.0,1.1249735169731847,76.32469377174402,66.4,31,2.063322618317097,0.9095890410958904,76.32469377174402,100.0,6.2,0.775,1.179517888079819,0.0,8,100.0,1.0,0.0,100.0,1.0,0.0,100.0,1.0,0.0,100.0,1.0,0.0,0.0,0.0,0.0,10.597550173952186,0.2,9.436143104638552,100.0,1.0,0.0,100.0,1.0,0.0
189,actuated,2,2,922.5226786463052,177.40820743198177,3663935.035431297,366393.5035431297,4909.4,64.93915343915344,117333.78338117994,1552.0341717087292,75.6,0.9546318610539356,76.88505834584191,69.2,31,1.8744326302576513,0.9153439153439153,76.88505834584191,100.0,6.2,0.775,0.8288868105576594,0.0,8,100.0,1.0,0.0,100.0,1.0,0.0,100.0,1.0,0.0,100.0,1.0,0.0,15.080466766735299,0.2,6.631094484461276,0.0,0.0,0.0,100.0,1.0,0.0,100.0,1.0,0.0
190,actuated,2,2,812.7233750455024,169.31736980114633,5121580.894961062,512158.0894961062,5260.2,68.31428571428572,119473.84664800852,1551.6083980260846,77.0,1.2149350847072649,75.0,71.4,30,2.488420528581395,0.9272727272727272,75.0,100.0,6.0,0.75,0.0,0.0,8,100.0,1.0,0.0,100.0,1.0,0.0,100.0,1.0,0.0,100.0,1.0,0.0,0.0,0.0,0.0,0.0,0.0,0.0,100.0,1.0,0.0,100.0,1.0,0.0
191,actuated,5,2,2002.2445482418032,286.0349354631147,1595350.0317419819,159535.00317419818,3759.6,49.338582677165356,122525.98180252741,1607.9525170935358,76.2,0.891271549245956,64.21926192002672,57.2,30,1.7424554347810226,0.7506561679790026,64.21926192002672,100.0,6.0,0.75,0.9088202220960679,0.0,8,80.0,1.0,0.0,80.0,1.0,0.0,80.0,1.0,0.0,60.0,0.8,0.0,0.0,0.0,0.0,13.754095360213796,0.2,7.2705617767685435,100.0,1.0,0.0,100.0,1.0,0.0
192,actuated,5,5,1455.2260228791602,158.17674161730002,601776.7126544518,60177.671265445184,2039.8,28.096418732782368,126124.79016429644,1737.2560628690971,72.6,0.9597670819824669,39.98984079843524,35.4,24,0.8680400762553465,0.48760330578512395,39.98984079843524,100.0,4.8,0.6,2.0338670022377343,0.0,8,24.918385394717006,0.6,1.9929117022307017,33.17549674179645,0.6,2.1309133682877923,33.989936978559854,0.6,1.9562736332941635,25.630540506654143,0.6,1.5276030145747703,0.0,0.0,0.0,2.2043667657544574,0.4,8.663234299514444,100.0,1.0,0.0,100.0,1.0,0.0
193,actuated,5,5,879.8456412395697,95.63539578690975,17594.40093686697,1759.4400936866969,1030.4,15.901234567901234,124276.56150816835,1917.848171422351,64.8,1.744162580052307,39.751560990909525,22.2,26,1.1462508116775765,0.3425925925925926,39.751560990909525,100.0,5.2,0.65,1.9426126997990216,0.0,8,20.752793515193844,0.8,4.0042430194785235,28.90317762563427,0.6,4.36208558289179,25.597168860458623,0.8,3.6256611213108982,42.75934792598946,1.0,3.548911874710962,0.0,0.0,0.0,0.0,0.0,0.0,100.0,1.0,0.0,100.0,1.0,0.0
194,actuated,5,5,640.6311390725953,72.79899307643127,1280633.7280125045,128063.37280125046,1001.8,15.85126582278481,105754.37741632972,1673.3287565874955,63.2,2.1367537965531906,47.77560993548832,26.4,27,1.3649942508568675,0.4177215189873418,47.77560993548832,100.0,5.4,0.675,2.6761791497434437,0.0,8,37.33664357542693,0.8,6.064101594957137,49.367270688685494,0.8,5.160181737281016,27.99190470033409,0.8,5.098009066749402,67.50906051946004,1.0,5.087140798959992,0.0,0.0,0.0,0.0,0.0,0.0,100.0,1.0,0.0,100.0,1.0,0.0
195,actuated,5,5,1229.2204196097248,153.6525524512156,1114322.7274691486,111432.27274691485,1182.0,17.130434782608695,102908.24221698262,1491.4238002461248,69.0,0.9147171853440788,84.38703697981282,44.2,34,0.8089524317891927,0.6405797101449275,84.38703697981282,100.0,6.8,0.85,0.5816634747529844,0.0,8,100.0,1.0,0.0,100.0,1.0,0.0,98.09210479268131,1.0,3.906783252295587,100.0,1.0,0.0,77.00419104582124,0.8,0.7465245457282881,0.0,0.0,0.0,100.0,1.0,0.0,100.0,1.0,0.0
196,actuated,0,5,1580.732706858819,175.63696742875766,3365.0758628074423,336.50758628074425,837.0,11.822033898305085,112102.80859753606,1583.3730027900574,70.8,0.6534385512542239,95.39893614668074,51.6,39,0.49077466894175253,0.7288135593220338,95.39893614668074,100.0,7.8,0.975,0.5166095001579203,0.0,8,100.0,1.0,0.0,100.0,1.0,0.0,100.0,1.0,0.0,100.0,1.0,0.0,100.0,1.0,0.0,63.191489173445916,0.8,4.132876001263362,100.0,1.0,0.0,100.0,1.0,0.0
197,actuated,0,0,1544.1513326647423,183.8275396029455,180330.50508303984,18033.050508303982,634.6,8.765193370165745,116389.1520540727,1607.5849731225512,72.4,0.7313414724025804,80.39934677727047,51.6,38,0.5644876378740287,0.712707182320442,80.39934677727047,100.0,7.6,0.95,0.6690370299469743,0.0,8,100.0,1.0,0.0,100.0,1.0,0.0,100.0,1.0,0.0,100.0,1.0,0.0,100.0,1.0,0.0,100.0,1.0,0.0,22.64188052490681,0.8,2.7540565093180893,20.55289369325692,0.8,2.598239730257705
198,actuated,0,0,1534.7070695829182,191.83838369786477,779631.0205178448,77963.10205178449,834.8,11.435616438356165,122187.62037431891,1673.8030188262865,73.0,0.9812007038820199,81.18134547928264,53.6,36,1.1322318299981695,0.7342465753424657,81.18134547928264,100.0,7.199999999999999,0.9,1.1564718954439923,0.0,8,100.0,1.0,0.0,100.0,1.0,0.0,100.0,1.0,0.0,100.0,1.0,0.0,100.0,1.0,0.0,100.0,1.0,0.0,19.861974298205496,0.6,4.536307188288169,29.58878953605563,0.6,4.71546797526377
199,actuated,0,0,1056.8460179731842,165.13219030831002,2262550.3486143383,226255.03486143384,1110.8,15.427777777777777,116291.58783967394,1615.1609422176937,72.0,1.2496603015762213,79.87832372678952,57.6,38,1.8566400150118643,0.8,79.87832372678952,100.0,7.6,0.95,1.5390988528252376,0.0,8,100.0,1.0,0.0,100.0,1.0,0.0,100.0,1.0,0.0,100.0,1.0,0.0,100.0,1.0,0.0,100.0,1.0,0.0,16.944376703536363,0.8,6.078619883409252,22.082213110779776,0.8,6.234170939192648
200,actuated,0,0,944.8382129534317,168.72110945596995,5963535.866618792,596353.5866618792,1404.4,20.17816091954023,110688.42176082547,1590.350887368182,69.6,1.3311705045166806,77.76869060951924,60.0,35,2.2362100243759544,0.8620689655172413,77.76869060951924,100.0,7.0,0.875,1.5970629044606544,0.0,8,100.0,1.0,0.0,100.0,1.0,0.0,100.0,1.0,0.0,100.0,1.0,0.0,100.0,1.0,0.0,100.0,1.0,0.0,14.131024654329849,0.6,7.04959437604556,8.01850022182407,0.4,5.726908859639675
201,actuated,0,0,864.3394441550006,160.0628600287038,3935359.753828396,393535.9753828396,1708.4,24.903790087463555,106192.45551245885,1547.9949783157267,68.6,1.4653579958111198,77.88066339519446,61.8,33,2.4253103038100305,0.9008746355685131,77.88066339519446,100.0,6.6000000000000005,0.825,1.8496641733703076,0.0,8,100.0,1.0,0.0,100.0,1.0,0.0,100.0,1.0,0.0,100.0,1.0,0.0,100.0,1.0,0.0,100.0,1.0,0.0,9.723789846616455,0.4,7.290660981244653,13.321517314939229,0.2,7.506652405717809
202,actuated,0,0,922.1430207042392,164.66839655432844,5028500.292457385,502850.0292457385,2023.0,29.066091954022987,110319.99023069411,1585.0573309007775,69.6,1.551092963393249,76.34466325006144,64.2,31,2.7443290782602,0.9224137931034483,76.34466325006144,100.0,6.2,0.775,1.1064320927369407,0.0,8,100.0,1.0,0.0,100.0,1.0,0.0,100.0,1.0,0.0,100.0,1.0,0.0,100.0,1.0,0.0,100.0,1.0,0.0,0.0,0.0,0.0,10.757306000491553,0.2,8.851456741895525
203,actuated,0,0,450.25014822601787,102.32957914227678,4374074.263381496,437407.4263381496,2345.4,33.60171919770774,107674.0562937567,1542.6082563575458,69.8,1.2977264619747817,75.0,65.6,31,2.553607456248597,0.9398280802292264,75.0,100.0,6.2,0.775,0.0,0.0,8,100.0,1.0,0.0,100.0,1.0,0.0,100.0,1.0,0.0,100.0,1.0,0.0,100.0,1.0,0.0,100.0,1.0,0.0,0.0,0.0,0.0,0.0,0.2,0.0
204,actuated,0,0,1155.22140830146,262.55032006851366,4774841.61816951,477484.161816951,2676.8,36.46866485013624,113249.8005605151,1542.912814175955,73.4,1.154374585258589,75.0,67.8,30,2.445056702234514,0.9237057220708447,75.0,100.0,6.0,0.75,0.0,0.0,8,100.0,1.0,0.0,100.0,1.0,0.0,100.0,1.0,0.0,100.0,1.0,0.0,100.0,1.0,0.0,100.0,1.0,0.0,0.0,0.0,0.0,0.0,0.0,0.0
205,actuated,0,0,859.3905322249144,171.87810644498288,3868852.904474189,386885.2904474189,3016.6,39.79683377308707,118092.17889583981,1557.9443126100239,75.8,0.9354045853396662,76.55673955000736,69.0,32,1.8820218698391598,0.9102902374670184,76.55673955000736,100.0,6.4,0.8,0.9308377050269432,0.0,8,100.0,1.0,0.0,100.0,1.0,0.0,100.0,1.0,0.0,100.0,1.0,0.0,100.0,1.0,0.0,100.0,1.0,0.0,12.453916400058915,0.4,7.4467016402155455,0.0,0.0,0.0
206,actuated,0,0,1341.5076407396,231.2944208171724,5596459.657229403,559645.9657229403,3365.2,43.14358974358974,121952.66636676798,1563.4957226508716,78.0,1.175330509861973,76.5851069640496,71.2,32,2.2135053280506694,0.9128205128205128,76.5851069640496,100.0,6.4,0.8,0.9624738673661463,0.0,8,100.0,1.0,0.0,100.0,1.0,0.0,100.0,1.0,0.0,100.0,1.0,0.0,100.0,1.0,0.0,100.0,1.0,0.0,12.680855712396806,0.4,7.69979093892917,0.0,0.0,0.0
207,actuated,0,0,894.1087898208664,178.8217579641733,4824135.19266322,482413.51926632196,3723.2,46.77386934673367,124045.25162214946,1558.3574324390636,79.6,0.8875984001913393,76.53433491204737,72.6,31,1.683074024087857,0.9120603015075377,76.53433491204737,100.0,6.2,0.775,1.0183565450616299,0.0,8,100.0,1.0,0.0,100.0,1.0,0.0,100.0,1.0,0.0,100.0,1.0,0.0,100.0,1.0,0.0,100.0,1.0,0.0,0.0,0.0,0.0,12.274679296378963,0.2,8.146852360493039
208,actuated,0,0,501.2964135951348,139.24900377642635,6149785.617112812,614978.5617112812,4093.0,51.1625,124011.72985740591,1550.1466232175737,80.0,1.143822934581221,75.0,75.2,30,2.4232519946572704,0.94,75.0,100.0,6.0,0.75,0.0,0.0,8,100.0,1.0,0.0,100.0,1.0,0.0,100.0,1.0,0.0,100.0,1.0,0.0,100.0,1.0,0.0,100.0,1.0,0.0,0.0,0.0,0.0,0.0,0.0,0.0
209,actuated,0,0,938.7508939754223,260.76413721539507,4658670.909836146,465867.0909836146,4474.0,54.29611650485437,128277.5415263145,1556.7662806591566,82.4,1.1514989894716885,76.65911955730223,77.6,34,2.5209079713936093,0.941747572815534,76.65911955730223,100.0,6.8,0.85,1.0488100760139922,0.0,8,100.0,1.0,0.0,100.0,1.0,0.0,100.0,1.0,0.0,100.0,1.0,0.0,100.0,1.0,0.0,100.0,1.0,0.0,13.272956458417866,0.8,8.390480608111938,0.0,0.0,0.0
210,actuated,0,0,880.1687860683435,191.3410404496399,5223153.289341747,522315.3289341747,4861.6,58.857142857142854,126913.2411967611,1536.4799176363329,82.6,1.4888899371961337,75.0,78.4,30,2.8513827964691814,0.9491525423728814,75.0,100.0,6.0,0.75,0.0,0.0,8,100.0,1.0,0.0,100.0,1.0,0.0,100.0,1.0,0.0,100.0,1.0,0.0,100.0,1.0,0.0,100.0,1.0,0.0,0.0,0.0,0.0,0.0,0.0,0.0
211,actuated,0,0,781.2552223567341,217.01533954353724,5919416.626518908,591941.6626518908,5256.8,62.880382775119614,127507.78097765683,1525.212691120297,83.6,1.183861945717889,75.09693225340925,79.8,32,2.6808966618587644,0.9545454545454546,75.09693225340925,100.0,6.4,0.8,1.0261557665418535,0.0,8,100.0,1.0,0.0,100.0,1.0,0.0,100.0,1.0,0.0,100.0,1.0,0.0,100.0,1.0,0.0,100.0,1.0,0.0,0.7754580272739986,0.4,8.209246132334828,0.0,0.0,0.0
212,actuated,0,0,227.1719086427973,141.9824429017483,7390776.35148191,739077.635148191,5665.0,66.4906103286385,130028.4748065159,1526.1558075882147,85.2,0.35054924160116846,75.0,83.4,30,0.9748075710444188,0.9788732394366197,75.0,100.0,6.0,0.75,0.0,0.0,8,100.0,1.0,0.0,100.0,1.0,0.0,100.0,1.0,0.0,100.0,1.0,0.0,100.0,1.0,0.0,100.0,1.0,0.0,0.0,0.0,0.0,0.0,0.0,0.0
213,actuated,0,0,802.6524128075013,236.0742390610298,7756028.904594488,775602.8904594488,6080.6,69.41324200913242,135347.71380710852,1545.065226108545,87.6,0.5475716204770972,75.0,83.6,30,1.2483323905288999,0.954337899543379,75.0,100.0,6.0,0.75,0.0,0.0,8,100.0,1.0,0.0,100.0,1.0,0.0,100.0,1.0,0.0,100.0,1.0,0.0,100.0,1.0,0.0,100.0,1.0,0.0,0.0,0.0,0.0,0.0,0.0,0.0
214,actuated,3,0,920.3822947881029,219.13864161621495,3615142.268898728,361514.2268898728,5615.2,63.95444191343964,137890.25402568537,1570.5040321832046,87.8,0.8405448455700129,66.56367266521613,76.2,29,1.6150870085134432,0.8678815489749431,66.56367266521613,100.0,5.8,0.7250000000000001,0.9992500570981271,0.0,8,100.0,1.0,0.0,100.0,1.0,0.0,60.0,0.8,0.0,60.0,0.8,0.0,100.0,1.0,0.0,100.0,1.0,0.0,0.0,0.0,0.0,12.509381321729052,0.2,7.994000456785017
215,actuated,3,3,902.5099188410884,141.01717481892004,3245726.8132717195,324572.681327172,4915.0,57.01856148491879,140309.64953794458,1627.7221524123502,86.2,0.9595062228404799,60.815096861228426,66.4,28,1.242566683032396,0.7703016241299304,60.815096861228426,100.0,5.6000000000000005,0.7,1.2780788807292605,0.0,8,100.0,1.0,0.0,100.0,1.0,0.0,41.223627020017375,0.8,1.5077245477289969,30.585879289565128,0.6,1.9193961777316637,100.0,1.0,0.0,100.0,1.0,0.0,14.711268580244905,0.2,6.797510320373422,0.0,0.0,0.0
216,actuated,3,3,556.2655153829025,115.8886490381047,4167440.886035677,416744.0886035677,4733.2,57.863080684596575,136210.96480718226,1665.1707189142085,81.8,0.9560849884263489,56.74745033397926,56.6,29,1.2786645225927367,0.6919315403422983,56.74745033397926,100.0,5.800000000000001,0.725,2.0984249519186537,0.0,8,100.0,1.0,0.0,100.0,1.0,0.0,33.68087983240457,0.6,4.156850621807951,17.377615590489768,0.8,3.857838339960555,100.0,1.0,0.0,100.0,1.0,0.0,0.0,0.0,0.0,2.921107248939734,0.4,8.772710653580726
217,actuated,3,3,781.6128502098343,139.57372325175612,4018050.6545161693,401805.06545161695,4997.0,63.25316455696203,135447.64435591147,1714.527143745715,79.0,1.4127342265270675,54.172033365124435,57.6,27,1.8423542669413824,0.7291139240506329,54.172033365124435,100.0,5.4,0.675,1.3147810670689584,0.0,8,100.0,1.0,0.0,100.0,1.0,0.0,15.282353722604967,0.8,5.2333815305898215,18.09391319839051,0.6,5.284867005961846,100.0,1.0,0.0,100.0,1.0,0.0,0.0,0.0,0.0,0.0,0.0,0.0
218,actuated,3,3,160.5593664017635,32.1118732803527,5587477.348147376,558747.7348147377,5284.0,71.02150537634408,128089.79250922652,1721.6369960917543,74.4,1.9690579574075175,53.07080956991683,58.4,29,2.4275151767884835,0.7849462365591398,53.07080956991683,100.0,5.8,0.725,1.6154455422253706,0.0,8,100.0,1.0,0.0,100.0,1.0,0.0,7.8445113215502715,1.0,6.575039191047119,16.72196523778439,0.8,6.348525146755845,100.0,1.0,0.0,100.0,1.0,0.0,0.0,0.0,0.0,0.0,0.0,0.0
219,actuated,3,3,410.0275416474411,82.00550832948822,4401538.619706804,440153.8619706804,5574.0,79.4017094017094,116777.20103981707,1663.4928923050863,70.2,2.5697878155607854,60.07000541110699,58.2,28,3.5532834302393015,0.8290598290598291,60.07000541110699,100.0,5.6,0.7,2.3006077720277656,0.0,8,100.0,1.0,0.0,100.0,1.0,0.0,12.42349362945788,0.2,8.049265607774426,24.678354839606982,0.8,7.70030239802991,100.0,1.0,0.0,100.0,1.0,0.0,0.0,0.0,0.0,43.45819481979106,0.6,2.655294170417789
220,actuated,3,3,193.07013654226378,45.969080129110424,4657899.387423213,465789.9387423213,5870.2,87.35416666666667,107487.48377735766,1599.516127639251,67.2,2.372895514741366,75.252504103496,60.8,31,3.950761455848632,0.9047619047619048,75.252504103496,100.0,6.2,0.775,1.3082005937022272,0.0,8,100.0,1.0,0.0,100.0,1.0,0.0,0.0,0.0,0.0,10.910472120967825,0.2,9.165506211946527,100.0,1.0,0.0,100.0,1.0,0.0,91.10956070700013,1.0,1.300098537671291,100.0,1.0,0.0
221,actuated,3,3,331.082250702368,78.82910731008762,6799321.061281761,679932.1061281761,6176.2,90.8264705882353,107850.89719887255,1586.0426058657727,68.0,1.4385347573022849,75.4005274236738,62.0,31,2.1742301407390094,0.9117647058823529,75.4005274236738,100.0,6.2,0.775,1.094582291704137,0.0,8,100.0,1.0,0.0,100.0,1.0,0.0,3.204219389390346,0.2,8.756658333633096,0.0,0.0,0.0,100.0,1.0,0.0,100.0,1.0,0.0,100.0,1.0,0.0,100.0,1.0,0.0
222,actuated,3,3,140.84496643172923,35.21124160793231,6309022.001969919,630902.2001969919,6486.0,97.38738738738739,105909.68058921858,1590.2354442825613,66.6,1.7572775182073597,75.0,62.2,31,2.584344925129532,0.933933933933934,75.0,100.0,6.2,0.775,0.0,0.0,8,100.0,1.0,0.0,100.0,1.0,0.0,0.0,0.2,0.0,0.0,0.0,0.0,100.0,1.0,0.0,100.0,1.0,0.0,100.0,1.0,0.0,100.0,1.0,0.0
223,actuated,3,3,98.48756341293497,25.917779845509205,6200098.487563414,620009.8487563414,6796.0,101.13095238095238,106963.3227911422,1591.7161129634255,67.2,2.2270536362690425,76.9479378140187,62.4,33,3.542584948003522,0.9285714285714286,76.9479378140187,100.0,6.6,0.825,2.160568593000062,0.0,8,100.0,1.0,0.0,100.0,1.0,0.0,4.341404255987982,0.2,8.670255429390819,11.242098256161626,0.4,8.614293314609675,100.0,1.0,0.0,100.0,1.0,0.0,100.0,1.0,0.0,100.0,1.0,0.0
224,actuated,3,3,482.7036836661599,104.93558340568694,5400482.703683667,540048.2703683667,7108.0,104.22287390029325,106456.34838262442,1560.9435246719124,68.2,1.78262506307063,75.0,63.2,31,3.6364229820879768,0.9266862170087976,75.0,100.0,6.2,0.775,0.0,0.0,8,100.0,1.0,0.0,100.0,1.0,0.0,0.0,0.2,0.0,0.0,0.0,0.0,100.0,1.0,0.0,100.0,1.0,0.0,100.0,1.0,0.0,100.0,1.0,0.0
225,actuated,3,3,260.7253117596405,52.1450623519281,5000260.72531176,500026.072531176,7423.0,108.5233918128655,108834.42460523456,1591.1465585560607,68.4,2.146105126914258,75.47416599469841,63.2,32,3.47058320268249,0.9239766081871345,75.47416599469841,100.0,6.4,0.8,1.1191404909361156,0.0,8,100.0,1.0,0.0,100.0,1.0,0.0,0.0,0.0,0.0,3.7933279575872803,0.4,8.953123927488924,100.0,1.0,0.0,100.0,1.0,0.0,100.0,1.0,0.0,100.0,1.0,0.0
226,actuated,3,3,276.1151071260285,55.223021425205694,5000276.115107125,500027.6115107125,7739.2,112.16231884057972,108838.85190496765,1577.3746652893865,69.0,2.716343445165653,75.0,63.8,30,4.414940819722859,0.9246376811594202,75.0,100.0,6.0,0.75,0.0,0.0,8,100.0,1.0,0.0,100.0,1.0,0.0,0.0,0.0,0.0,0.0,0.0,0.0,100.0,1.0,0.0,100.0,1.0,0.0,100.0,1.0,0.0,100.0,1.0,0.0
227,actuated,3,3,274.2332194793309,72.16663670508709,5622445.784453459,562244.5784453459,8062.0,113.87005649717514,111013.69372677682,1567.990024389503,70.8,0.9831543271743898,76.37759358292158,65.8,31,1.8426335167412895,0.9293785310734464,76.37759358292158,100.0,6.2,0.775,1.1342242148705983,0.0,8,100.0,1.0,0.0,100.0,1.0,0.0,11.020748663372615,0.2,9.073793718964787,0.0,0.0,0.0,100.0,1.0,0.0,100.0,1.0,0.0,100.0,1.0,0.0,100.0,1.0,0.0
228,actuated,3,3,600.9886166871507,120.19772333743015,5000600.988616688,500060.09886166884,8390.0,118.16901408450704,112353.56051528387,1582.4445142997727,71.0,1.6547838530706978,75.0,66.0,30,2.499387857871425,0.9295774647887324,75.0,100.0,6.0,0.75,0.0,0.0,8,100.0,1.0,0.0,100.0,1.0,0.0,0.0,0.0,0.0,0.0,0.0,0.0,100.0,1.0,0.0,100.0,1.0,0.0,100.0,1.0,0.0,100.0,1.0,0.0
229,actuated,3,3,651.3121036221348,135.69002158794476,5003048.683317171,500304.86833171715,8720.4,119.45753424657535,114967.44825410203,1574.896551426055,73.0,1.5911580575023234,76.5230346102959,67.0,32,2.5656729994925906,0.9178082191780822,76.5230346102959,100.0,6.4,0.8,2.2173739569607616,0.0,8,100.0,1.0,0.0,100.0,1.0,0.0,11.158529536260176,0.2,8.961754295227271,1.0257473461069821,0.2,8.777237360458821,100.0,1.0,0.0,100.0,1.0,0.0,100.0,1.0,0.0,100.0,1.0,0.0
230,actuated,3,3,388.4987336885837,114.26433343781873,5594794.402726617,559479.4402726616,9058.8,122.41621621621621,112784.43199132448,1524.1139458287091,74.0,0.7539935826644205,75.0,68.6,31,1.5288875804700408,0.927027027027027,75.0,100.0,6.2,0.775,0.0,0.0,8,100.0,1.0,0.0,100.0,1.0,0.0,0.0,0.0,0.0,0.0,0.2,0.0,100.0,1.0,0.0,100.0,1.0,0.0,100.0,1.0,0.0,100.0,1.0,0.0
231,actuated,1,3,766.2740516790293,159.64042743313112,4002861.255397632,400286.1255397632,7850.6,110.26123595505618,114424.73025169948,1607.0889080294871,71.2,0.7160637822291808,75.0,59.2,30,1.1221052359559422,0.8314606741573034,75.0,100.0,6.0,0.75,0.0,0.0,8,100.0,1.0,0.0,100.0,1.0,0.0,0.0,0.0,0.0,0.0,0.0,0.0,100.0,1.0,0.0,100.0,1.0,0.0,100.0,1.0,0.0,100.0,1.0,0.0
232,actuated,1,1,403.98922927672004,67.33153821278667,4000403.989229277,400040.3989229277,6647.6,97.75882352941177,113552.56247899355,1669.8906246910817,68.0,0.9944633975317666,39.38528767664593,44.6,25,1.0192345141327912,0.6558823529411765,39.38528767664593,100.0,5.0,0.625,2.4057319238001966,0.0,8,100.0,1.0,0.0,100.0,1.0,0.0,0.0,0.0,0.0,12.122769419497672,0.2,8.248940200014435,18.24845081973308,0.6,2.9589138657610157,10.942792480700518,0.6,3.056106393417151,50.10839946342003,0.8,2.407064873691401,23.659889229816145,0.8,2.5748300575175698
233,actuated,1,1,366.2959893291804,53.86705725429123,3200366.295989329,320036.6295989329,6237.6,95.96307692307693,115249.06549507173,1773.0625460780266,65.0,1.5175461808074453,33.76333042383237,39.6,23,1.3426060915759581,0.6092307692307692,33.76333042383237,100.0,4.6,0.575,2.151818829935718,0.0,8,100.0,1.0,0.0,100.0,1.0,0.0,0.0,0.0,0.0,0.0,0.0,0.0,16.227415005073453,0.6,4.3393787053655695,9.421586365701842,0.8,4.557073274452012,15.885572459683317,0.6,3.955612985666814,28.57206956020036,0.6,4.3624856740013485
234,actuated,1,1,201.88628050087075,28.84089721441011,3000201.8862805003,300020.18862805003,6366.0,105.04950495049505,110219.62820580494,1818.8057459703787,60.6,2.4415297816644967,37.73106094896832,38.6,26,1.8737789602781028,0.636963696369637,37.73106094896832,100.0,5.2,0.65,3.909483097155641,0.0,8,100.0,1.0,0.0,100.0,1.0,0.0,0.0,0.0,0.0,21.74882144729054,0.4,7.669318968985191,27.125586263723562,0.8,5.9478103768747275,14.88556430697372,0.8,6.328021932897064,22.014802781604885,0.8,5.109375510614338,16.073712792153856,0.4,6.22133798787381
235,actuated,1,1,467.1536523007135,70.78085640919902,3001355.770460367,300135.5770460367,6556.4,117.49820788530467,96325.15258848178,1726.2572148473437,55.8,2.779950223203337,33.62462583986314,39.0,24,2.6281529916484843,0.6989247311827957,33.62462583986314,100.0,5.0,0.625,2.694383550610884,0.0,8,100.0,1.0,0.0,100.0,1.0,0.0,40.0,0.6,0.08968633779207143,0.0,0.4,0.0,14.875409945634601,0.8,6.720569169532217,4.905782840014581,0.8,7.15082544386749,0.0,0.0,0.0,9.215813933255959,0.4,7.593987453695298
236,actuated,1,1,394.50938977264116,61.64209215197518,3003176.128641336,300317.6128641336,6752.4,126.92481203007519,86073.94815057502,1617.931356213816,53.2,2.865922602892673,47.860380661015824,40.8,25,3.1816021609095286,0.7669172932330827,47.860380661015824,100.0,5.000000000000001,0.625,4.49068163473121,0.0,8,100.0,1.0,0.0,100.0,1.0,0.0,87.9063970524794,1.0,4.472472046651024,48.719171848924816,0.6,5.913450716432138,11.75104735109926,0.8,7.915741783791761,23.509241578335605,0.4,8.530554430129008,10.99718745728751,0.2,9.093234100845756,0.0,0.0,0.0
237,actuated,1,1,578.5398585164228,93.31288040587464,3451635.5018117614,345163.55018117616,6960.0,130.82706766917292,88370.89921586371,1661.107128117739,53.2,1.9150429832553237,52.559898092599155,43.0,26,2.5423423709794806,0.8082706766917294,52.559898092599155,100.0,5.200000000000001,0.65,2.9205988480610845,0.0,8,100.0,1.0,0.0,100.0,1.0,0.0,100.0,1.0,0.0,100.0,1.0,0.0,4.420816093011126,0.4,7.497887952419668,5.605540601759458,0.4,8.481350871454923,10.45282804602266,0.4,7.385551960614086,0.0,0.0,0.0
238,actuated,1,1,376.4989331789385,53.7855618827055,3000376.4989331793,300037.64989331795,7170.0,132.28782287822878,91315.79902937391,1684.793340025349,54.2,1.9632946502091997,52.39531074893705,42.6,22,2.0633933205655843,0.7859778597785978,52.39531074893705,100.0,4.4,0.55,2.1449018261624957,0.0,8,100.0,1.0,0.0,100.0,1.0,0.0,100.0,1.0,0.0,100.0,1.0,0.0,7.683309428075518,0.2,8.447788363043218,11.479176563420879,0.2,8.71142624625675,0.0,0.0,0.0,0.0,0.0,0.0
239,actuated,1,1,386.49764015310365,56.83788825780936,3200386.4976401525,320038.6497640152,7386.0,130.03521126760563,92556.76665065903,1629.5205396242786,56.8,2.0250245125697592,51.990471432085315,45.0,23,2.3052831216849556,0.7922535211267606,51.990471432085315,100.0,4.6000000000000005,0.575,1.8329873682578475,0.0,8,100.0,1.0,0.0,100.0,1.0,0.0,100.0,1.0,0.0,100.0,1.0,0.0,14.799324411105772,0.4,6.757065202581651,1.1244470455767441,0.2,7.906833743481128,0.0,0.0,0.0,0.0,0.0,0.0
240,actuated,1,1,313.0292921810167,52.17154869683611,3010471.6096480666,301047.1609648067,7619.0,130.9106529209622,91009.9050690889,1563.744073352043,58.2,1.6498510336018117,54.874393476655996,48.2,25,2.025644173719866,0.8281786941580757,54.874393476655996,100.0,5.000000000000001,0.625,2.1971616861489007,0.0,8,100.0,1.0,0.0,100.0,1.0,0.0,100.0,1.0,0.0,100.0,1.0,0.0,6.011225585752982,0.2,2.116782607650415,0.0,0.2,0.0,12.983922227494986,0.4,7.701832947538627,20.0,0.2,7.758677934002164
241,actuated,1,1,811.5756953860237,169.07826987208827,4033098.4677434256,403309.8467743426,7874.2,128.2442996742671,94554.25290495573,1539.971545683318,61.4,0.8371793700039024,65.21809515583129,53.6,29,1.3681102227144735,0.8729641693811075,65.21809515583129,100.0,5.800000000000001,0.725,0.5732163833171067,0.0,8,100.0,1.0,0.0,100.0,1.0,0.0,100.0,1.0,0.0,100.0,1.0,0.0,100.0,1.0,0.0,21.74476124665034,0.4,4.585731066536853,0.0,0.2,0.0,0.0,0.2,0.0
242,actuated,5,1,1636.982412000793,209.86954000010167,261620.23966935152,26162.02396693515,5627.2,92.55263157894737,100476.8248991002,1652.5793568930953,60.8,0.8156456934692511,57.58791972889583,39.8,29,0.8956533366124259,0.6546052631578947,57.58791972889583,100.0,5.800000000000001,0.7250000000000001,0.9394533943970204,0.0,8,60.0,0.8,0.0,80.0,1.0,0.0,60.0,0.8,0.0,60.0,0.8,0.0,100.0,1.0,0.0,100.0,1.0,0.0,0.7033578311666133,0.4,7.515627155176163,0.0,0.0,0.0
243,actuated,5,5,839.1657481971345,91.21366828229723,530570.5594710901,53057.05594710901,2621.0,45.98245614035088,101235.63220145133,1776.0637228324795,57.0,1.4611465570573472,39.169472803149574,26.0,22,0.9964175780783439,0.45614035087719296,39.169472803149574,100.0,4.4,0.55,0.9407501107037375,0.0,8,23.592323826769643,0.6,1.6431195573035744,32.4053981688985,0.6,1.7818078056023423,23.87738915441787,0.6,1.7683800744720364,33.48067127511058,0.6,2.332693448251947,100.0,1.0,0.0,100.0,1.0,0.0,0.0,0.0,0.0,0.0,0.0,0.0
244,actuated,5,5,542.1702290006033,54.21702290006033,542.1702290006033,54.21702290006033,331.4,6.47265625,101319.2588754161,1978.8917749104705,51.2,2.994160295176052,36.73617008843962,14.6,24,2.9901176284946422,0.28515625,36.73617008843962,100.0,4.8,0.6000000000000001,2.3688932571016705,0.0,8,23.799089750109488,1.0,3.744252890307242,26.762110033168938,0.6,4.2852363137630425,0.0,0.0,0.0,28.844684001678615,1.0,4.017237386707493,100.0,1.0,0.0,100.0,1.0,0.0,0.0,0.0,0.0,14.48347692255993,0.2,6.904419466035589
245,actuated,5,5,517.1414257125205,52.76953323597147,200517.14142571253,20051.714142571254,264.2,5.413934426229508,85998.65021897363,1762.2674225199514,48.8,3.232586638815427,36.229729235913055,17.6,19,3.346491149757532,0.36065573770491804,36.229729235913055,100.0,3.8,0.475,2.440959376705867,0.0,8,32.19715992968759,0.8,6.053014218553349,45.3200997139993,0.8,5.358155994044792,0.0,0.0,0.0,12.320574243617557,0.2,8.116504801048793,100.0,1.0,0.0,100.0,1.0,0.0,0.0,0.0,0.0,0.0,0.0,0.0
246,actuated,5,5,567.3665757769726,72.73930458679136,1576409.376979765,157640.9376979765,384.0,7.245283018867925,79786.67846434395,1505.409027629131,53.0,1.3890873504292478,56.61406081420864,29.6,24,1.0425233101612579,0.5584905660377358,56.61406081420864,100.0,4.800000000000001,0.6,0.4742254031611276,0.0,8,100.0,1.0,0.0,100.0,1.0,0.0,0.0,0.0,0.0,0.0,0.0,0.0,100.0,1.0,0.0,100.0,1.0,0.0,29.170085062182807,0.4,1.4737664177453544,23.74240145148633,0.4,2.320036807543666
247,actuated,1,5,1569.4631264750503,186.84084838988693,806549.1259972544,80654.91259972545,264.6,4.828467153284672,89362.18959494775,1630.6968904187545,54.8,1.0214947276082689,78.94332416152906,33.0,32,1.2558722847002923,0.6021897810218978,78.94332416152906,100.0,6.6,0.825,1.0846210682238961,0.0,8,100.0,1.0,0.0,100.0,1.0,0.0,11.546593292232501,0.2,8.660563117544887,20.0,0.4,0.016405428246282057,100.0,1.0,0.0,100.0,1.0,0.0,100.0,1.0,0.0,100.0,1.0,0.0
248,actuated,1,1,1214.3479219868718,123.9130532639665,4642.243295118116,464.2243295118116,283.6,5.156363636363636,93337.38608211091,1697.0433833111076,55.0,1.702283068740577,35.94025168885196,32.2,20,1.5396075320903868,0.5854545454545454,35.94025168885196,100.0,4.0,0.5,1.2220295403292374,0.0,8,100.0,1.0,0.0,100.0,1.0,0.0,14.822417986351866,0.2,4.61386982212775,0.0,0.0,0.0,40.66522945881843,0.8,2.4943830514240437,32.03436606564537,0.6,2.6679834490821053,0.0,0.2,0.0,0.0,0.2,0.0
249,actuated,1,1,945.2187577097991,121.18189201407681,1097541.38645919,109754.138645919,457.4,8.729007633587786,86919.60487442907,1658.7710853898677,52.4,2.2813448563773893,42.395799663701155,37.2,26,2.352305181579191,0.7099236641221374,42.395799663701155,100.0,5.200000000000001,0.65,1.9108719364487774,0.0,8,100.0,1.0,0.0,100.0,1.0,0.0,100.0,1.0,0.0,0.0,0.0,0.0,14.695819816524818,0.6,4.275380143266975,4.47057749308442,0.8,4.244350766736941,20.0,0.4,6.767244581586302,0.0,0.4,0.0
250,actuated,1,1,342.47225968157494,53.51129057524608,4968338.088432848,496833.80884328485,653.0,12.854330708661417,84119.81204065908,1655.9018118239976,50.8,2.8839760616059698,46.806089989884185,40.8,23,3.095195729059627,0.8031496062992126,46.806089989884185,100.0,4.6,0.575,2.2854161408834264,0.0,8,100.0,1.0,0.0,100.0,1.0,0.0,100.0,1.0,0.0,38.615223840638464,0.4,4.013772155978707,24.609886980433657,0.6,5.533953320522512,11.223609098001361,0.6,8.735603650566192,0.0,0.0,0.0,0.0,0.0,0.0
251,actuated,1,1,482.996898945241,73.18134832503652,3400482.996898944,340048.2996898944,858.0,17.228915662650603,80801.61352514749,1622.5223599427206,49.8,1.8508927364232113,51.91925012891204,42.2,24,2.4782860817563206,0.8473895582329317,51.91925012891204,100.0,4.800000000000001,0.6,1.6659707636067145,0.0,8,100.0,1.0,0.0,100.0,1.0,0.0,100.0,1.0,0.0,100.0,1.0,0.0,6.482795485726456,0.4,6.102273802894908,0.0,0.0,0.0,8.871205545569865,0.4,7.225492305958807,0.0,0.0,0.0
252,actuated,1,1,261.29794464778007,37.328277806825724,3000261.2979446473,300026.12979446474,1068.0,21.19047619047619,82564.54798356627,1638.1854758644101,50.4,2.5048789002712404,51.541822302773994,42.4,21,2.609529272890939,0.8412698412698413,51.541822302773994,100.0,4.2,0.525,1.013411206459268,0.0,8,100.0,1.0,0.0,100.0,1.0,0.0,100.0,1.0,0.0,100.0,1.0,0.0,0.0,0.0,0.0,0.0,0.0,0.0,12.334578422191953,0.2,8.107289651674144,0.0,0.0,0.0
253,actuated,1,1,486.133599144652,83.81613778356069,6734183.552319646,673418.3552319646,1283.6,24.684615384615384,81321.10019443733,1563.867311431487,52.0,2.106818127054161,53.8931266415716,44.8,24,2.7080940870639982,0.8615384615384616,53.8931266415716,100.0,4.800000000000001,0.6,2.00747086152789,0.0,8,100.0,1.0,0.0,100.0,1.0,0.0,100.0,1.0,0.0,100.0,1.0,0.0,11.145013132572785,0.4,8.529437952565551,0.0,0.0,0.0,0.0,0.2,0.0,20.0,0.2,7.5303289396575686
254,actuated,1,1,372.34369307198654,74.46873861439731,11941472.450551275,1194147.2450551274,1514.2,28.04074074074074,84586.22864045824,1566.4116414899675,54.0,1.558945431721742,50.45245208426422,47.4,24,2.386753800542871,0.8777777777777778,50.45245208426422,100.0,4.800000000000001,0.6,0.8841638606551439,0.0,8,100.0,1.0,0.0,100.0,1.0,0.0,100.0,1.0,0.0,100.0,1.0,0.0,3.619616674113786,0.4,7.073310885241151,0.0,0.0,0.0,0.0,0.2,0.0,0.0,0.2,0.0
255,actuated,5,1,1422.468997280997,173.47182893670697,408054.7583751375,40805.47583751375,1019.0,18.663003663003664,91516.27539743215,1676.12226002623,54.6,1.0066949688288047,31.96667288696858,32.8,17,1.039420512903674,0.6007326007326007,31.96667288696858,60.0,3.4000000000000004,0.42500000000000004,0.7944890125619359,0.0,8,60.0,0.8,0.0,60.0,0.8,0.0,60.0,0.8,0.0,60.0,0.8,0.0,15.73338309574865,0.2,6.3559121004954875,0.0,0.0,0.0,0.0,0.0,0.0,0.0,0.0,0.0
256,actuated,5,5,664.3455981156096,66.43455981156096,664.3455981156096,66.43455981156096,460.0,9.274193548387096,90683.39215465807,1828.2941966664932,49.6,1.799520862764911,15.01427895748975,19.2,14,0.9316013119899831,0.3870967741935484,15.01427895748975,35.907763718428214,2.8,0.35,1.9142419008151843,0.0,8,26.571370295937413,0.6,1.4379755142065156,31.728939292956966,0.6,2.054108715985821,21.8784541799414,0.6,1.7690650764787725,35.907763718428214,0.6,2.117592525718864,0.0,0.0,0.0,0.0,0.0,0.0,0.0,0.0,0.0,4.027704172654012,0.4,7.9351933741315
257,actuated,5,5,345.78411284385396,34.578411284385396,345.78411284385396,34.578411284385396,111.4,2.639810426540284,84518.22181865363,2002.8014648970056,42.2,2.8196708115494653,9.207170849392128,8.4,12,0.879159960219608,0.1990521327014218,9.207170849392128,43.87094483137389,2.4000000000000004,0.30000000000000004,2.1294547435518165,0.0,8,43.87094483137389,1.0,3.324272857426145,19.14827791193602,0.8,3.8889017030568027,0.0,0.0,0.0,9.874379837960987,0.4,5.445482928948822,0.0,0.0,0.0,0.0,0.0,0.0,0.0,0.0,0.0,0.7637642138661249,0.2,4.376980458982762
258,actuated,5,5,818.5917069980231,85.26996947896075,1880.9320095807775,188.09320095807774,114.2,2.758454106280193,71518.98499209009,1727.5117147847848,41.4,2.679827935787202,36.4252126104941,11.4,21,1.5068527384210242,0.2753623188405797,36.4252126104941,100.0,4.2,0.525,3.847534616501158,0.0,8,66.33694529564764,1.0,4.552709052413177,42.52246194921554,0.8,5.733344607608696,0.0,0.0,0.0,0.0,0.0,0.0,61.29510317673976,0.8,4.565926574888154,7.806085961806275,0.4,8.488431915454564,13.441104500543588,0.2,7.439864781644676,100.0,1.0,0.0
259,actuated,5,5,552.5289982402071,65.77726169526275,267598.9146514629,26759.89146514629,206.4,4.448275862068965,73475.70807002104,1583.5281911642467,46.4,1.847957028359693,52.88411455828168,24.4,22,1.5043530767976943,0.5258620689655172,52.88411455828168,100.0,4.4,0.55,2.168165730967913,0.0,8,100.0,1.0,0.0,100.0,1.0,0.0,11.79899000077512,0.2,8.475301698995475,11.273926465478326,0.2,8.870024148747829,100.0,1.0,0.0,0.0,0.0,0.0,0.0,0.0,0.0,100.0,1.0,0.0
260,actuated,0,5,1090.7697978069295,126.83369741941041,676727.767190578,67672.7767190578,205.4,4.091633466135458,82453.55210042509,1642.5010378570737,50.2,1.1305335886917272,50.0,30.4,20,0.9097480216615184,0.6055776892430279,50.0,100.0,4.0,0.5,0.0,0.0,8,100.0,1.0,0.0,100.0,1.0,0.0,0.0,0.0,0.0,0.0,0.0,0.0,100.0,1.0,0.0,0.0,0.0,0.0,0.0,0.0,0.0,100.0,1.0,0.0
261,actuated,0,0,1070.555010354898,121.65397844942022,1132402.919641949,113240.2919641949,349.8,6.83203125,83927.47844700378,1639.2085634180426,51.2,1.8489569170303404,32.55241820581887,35.2,20,1.7948164391550439,0.6875,32.55241820581887,100.0,4.0,0.5,1.9986130979128798,0.0,8,100.0,1.0,0.0,100.0,1.0,0.0,0.0,0.0,0.0,10.913934112586503,0.2,9.162598836351314,26.86448581316654,0.6,1.5256746260100207,0.0,0.0,0.0,20.0,0.4,2.976154596637689,2.6409257207978953,0.8,2.324476724304014
262,actuated,0,0,1236.1398200295284,171.68608611521228,1625642.3321730644,162564.23321730644,546.2,10.423664122137405,80069.33673341008,1528.0407773551542,52.4,1.7093314039616063,39.27680932400051,42.6,16,2.1979882866255664,0.8129770992366412,39.27680932400051,100.0,3.2,0.4,0.8793852997585639,0.0,8,100.0,1.0,0.0,100.0,1.0,0.0,0.0,0.0,0.0,0.0,0.0,0.0,100.0,1.0,0.0,0.0,0.0,0.0,14.21447459200408,0.2,7.0350823980685115,0.0,0.0,0.0
263,actuated,0,0,449.3666977301515,80.24405316609848,4451945.65573048,445194.565573048,771.6,14.725190839694656,80801.52706318964,1542.0138752517107,52.4,1.5776802538796588,50.55546455942874,46.8,22,2.513199533617387,0.8931297709923665,50.55546455942874,100.0,4.4,0.55,1.9641819708731072,0.0,8,100.0,1.0,0.0,100.0,1.0,0.0,0.0,0.0,0.0,43.05683090476123,0.6,6.801513978502215,100.0,1.0,0.0,46.309626698066495,0.6,2.279436447494171,0.0,0.0,0.0,15.077258872602215,0.2,6.63250534098847
264,actuated,0,0,386.19383474944624,77.23876694988925,8058114.382358303,805811.4382358303,1009.0,18.685185185185187,86731.48154217192,1606.1385470772577,54.0,1.2615929470915381,62.5,48.6,25,2.1503610940552895,0.9,62.5,100.0,5.0,0.625,0.0,0.0,8,100.0,1.0,0.0,100.0,1.0,0.0,0.0,0.0,0.0,100.0,1.0,0.0,100.0,1.0,0.0,100.0,1.0,0.0,0.0,0.0,0.0,0.0,0.0,0.0
265,actuated,0,0,975.7271716196337,143.48928994406378,3200975.7271716194,320097.57271716197,1250.8,21.344709897610922,93852.05346464097,1601.570878236194,58.6,1.217454757846982,63.94081402745371,49.6,26,1.9092601083394647,0.8464163822525598,63.94081402745371,100.0,5.2,0.65,1.0844564046626743,0.0,8,100.0,1.0,0.0,100.0,1.0,0.0,0.0,0.0,0.0,100.0,1.0,0.0,100.0,1.0,0.0,100.0,1.0,0.0,11.526512219629694,0.2,8.675651237301395,0.0,0.0,0.0
266,actuated,0,0,483.24498254194503,69.03499750599215,3000483.244982542,300048.3244982542,1500.2,25.600682593856654,94660.7050902381,1615.370394031367,58.6,1.5907085130816447,62.55258932386994,50.4,27,2.072044997084607,0.8600682593856656,62.55258932386994,100.0,5.4,0.675,0.8903894112323113,0.0,8,100.0,1.0,0.0,100.0,1.0,0.0,0.0,0.0,0.0,100.0,1.0,0.0,100.0,1.0,0.0,100.0,1.0,0.0,0.4207145909595056,0.4,7.12311528985849,0.0,0.0,0.0
267,actuated,0,0,667.2145014690561,101.09310628319032,3001928.8430239903,300192.884302399,1750.8,29.375838926174495,91930.1881833741,1542.452821868693,59.6,1.6439144679732087,74.9973956074399,51.0,31,2.2390359655601673,0.8557046979865772,74.9973956074399,100.0,6.2,0.775,1.0767984842129352,0.0,8,100.0,1.0,0.0,100.0,1.0,0.0,84.84715220559792,1.0,2.005881636822542,100.0,1.0,0.0,100.0,1.0,0.0,100.0,1.0,0.0,15.132012653921265,0.2,6.608506236880941,0.0,0.0,0.0
268,actuated,0,0,440.51381657571994,100.1167764944818,3159113.795997414,315911.37959974137,2017.4,33.51162790697674,93728.79725346713,1556.9567650077597,60.2,1.5309885443038176,75.0,55.6,30,2.7718050812358173,0.9235880398671097,75.0,100.0,6.0,0.75,0.0,0.0,8,100.0,1.0,0.0,100.0,1.0,0.0,100.0,1.0,0.0,100.0,1.0,0.0,100.0,1.0,0.0,100.0,1.0,0.0,0.0,0.0,0.0,0.0,0.0,0.0
269,actuated,0,0,310.2316719361127,70.50719816729834,5713427.643161234,571342.7643161234,2297.0,36.92926045016077,98229.14685662642,1579.2467340293638,62.2,1.2151196069382626,76.24726181355982,56.4,32,2.208877263970859,0.9067524115755627,76.24726181355982,100.0,6.4,0.8,0.9001595216521696,0.0,8,100.0,1.0,0.0,100.0,1.0,0.0,100.0,1.0,0.0,100.0,1.0,0.0,100.0,1.0,0.0,100.0,1.0,0.0,9.978094508478534,0.4,7.201276173217357,0.0,0.0,0.0
270,actuated,0,0,798.2233935198793,173.52682467823465,5201004.797256915,520100.4797256915,2579.6,40.30625,99191.09009218958,1549.8607826904622,64.0,0.8897587485863919,75.0,58.0,30,1.569864390114813,0.90625,75.0,100.0,6.0,0.75,0.0,0.0,8,100.0,1.0,0.0,100.0,1.0,0.0,100.0,1.0,0.0,100.0,1.0,0.0,100.0,1.0,0.0,100.0,1.0,0.0,0.0,0.0,0.0,0.0,0.0,0.0
271,actuated,0,0,1103.8183297088108,167.24520147103195,3003007.244155201,300300.7244155201,2871.2,42.853731343283584,106440.56765489261,1588.6651888789943,67.0,1.2726925169073748,75.0963769605238,59.2,32,2.265288029838602,0.8835820895522388,75.0963769605238,100.0,6.4,0.8,1.0092261968327985,0.0,8,100.0,1.0,0.0,100.0,1.0,0.0,100.0,1.0,0.0,100.0,1.0,0.0,100.0,1.0,0.0,100.0,1.0,0.0,0.7710156841903881,0.4,8.073809574662388,0.0,0.0,0.0
272,actuated,0,0,440.75413734573715,75.99209264581675,3416727.458077083,341672.7458077083,3170.2,47.743975903614455,105394.53336324636,1587.2670687235898,66.4,1.5727786000331554,76.49189650793232,60.4,31,2.4727986841321448,0.9096385542168675,76.49189650793232,100.0,6.2,0.775,1.0473246580391342,0.0,8,100.0,1.0,0.0,100.0,1.0,0.0,100.0,1.0,0.0,100.0,1.0,0.0,100.0,1.0,0.0,100.0,1.0,0.0,0.0,0.0,0.0,11.935172063458594,0.2,8.378597264313074
273,actuated,0,0,856.4589119634563,194.64975271896733,4248682.7064442765,424868.2706444276,3479.2,50.71720116618076,105183.52351260553,1533.2875147610137,68.6,1.3263664690600272,75.0,63.8,30,2.713252610877301,0.9300291545189504,75.0,100.0,6.0,0.75,0.0,0.0,8,100.0,1.0,0.0,100.0,1.0,0.0,100.0,1.0,0.0,100.0,1.0,0.0,100.0,1.0,0.0,100.0,1.0,0.0,0.0,0.0,0.0,0.0,0.0,0.0
274,actuated,0,0,758.9711437440487,135.53056138286584,3913187.6002502153,391318.7600250215,3798.0,54.1025641025641,111477.96303311903,1588.005171411952,70.2,1.314435848451997,76.45528450614165,64.2,31,2.54071628095505,0.9145299145299145,76.45528450614165,100.0,6.2,0.775,1.0736732188145155,0.0,8,100.0,1.0,0.0,100.0,1.0,0.0,100.0,1.0,0.0,100.0,1.0,0.0,100.0,1.0,0.0,100.0,1.0,0.0,11.642276049133216,0.2,8.589385750516124,0.0,0.0,0.0
275,actuated,0,0,568.8247994484622,135.43447605915765,6069380.47229788,606938.047229788,4119.4,57.85674157303371,108566.65597193746,1524.8125838755261,71.2,1.1997817744101704,75.0,65.2,30,2.393425826108265,0.9157303370786517,75.0,100.0,6.0,0.75,0.0,0.0,8,100.0,1.0,0.0,100.0,1.0,0.0,100.0,1.0,0.0,100.0,1.0,0.0,100.0,1.0,0.0,100.0,1.0,0.0,0.0,0.0,0.0,0.0,0.0,0.0
276,actuated,0,0,1076.0504561003854,244.55692184099667,4268208.423649373,426820.84236493736,4450.2,60.961643835616435,113097.46491751187,1549.280341335779,73.0,1.1808544475075893,75.36445435940095,67.4,32,2.4755189093609706,0.9232876712328767,75.36445435940095,100.0,6.4,0.8,1.0200497670099136,0.0,8,100.0,1.0,0.0,100.0,1.0,0.0,100.0,1.0,0.0,100.0,1.0,0.0,100.0,1.0,0.0,100.0,1.0,0.0,2.9156348752076156,0.4,8.160398136079309,0.0,0.0,0.0
277,actuated,0,0,1030.1769741429794,206.03539482859588,5658328.866517918,565832.8866517919,4793.2,63.23482849604222,118883.90483497558,1568.389245844005,75.8,0.8201788743749229,75.0,70.0,30,1.5979412605351089,0.9234828496042217,75.0,100.0,6.0,0.75,0.0,0.0,8,100.0,1.0,0.0,100.0,1.0,0.0,100.0,1.0,0.0,100.0,1.0,0.0,100.0,1.0,0.0,100.0,1.0,0.0,0.0,0.0,0.0,0.0,0.0,0.0
278,actuated,3,0,1453.0707388141677,207.58153411630968,2202972.8452498093,220297.28452498093,4106.2,54.17150395778364,120486.48909864097,1589.5315184517278,75.8,0.9486682871905255,62.5,59.6,31,1.6616369385271434,0.7862796833773087,62.5,100.0,6.200000000000001,0.775,0.9863583198038008,0.0,8,60.0,0.8,0.0,100.0,1.0,0.0,40.0,0.6,0.0,80.0,1.0,0.0,100.0,1.0,0.0,100.0,1.0,0.0,0.0,0.4,0.0,20.0,0.4,7.890866558430407
279,actuated,3,3,688.3144869948829,101.22271867571808,2610572.623802987,261057.2623802987,3446.8,45.713527851458885,124191.03475757179,1647.0959516919336,75.4,0.9536058602467931,55.238681677436716,48.2,26,0.9623822941056921,0.6392572944297082,55.238681677436716,100.0,5.2,0.65,1.4860690407395158,0.0,8,70.00907161344912,0.8,1.8896572992183645,100.0,1.0,0.0,30.768862893291953,0.6,1.8357349428673762,25.24762943980022,0.6,1.8674728612339913,100.0,1.0,0.0,100.0,1.0,0.0,15.883889472952433,0.2,6.295687222596394,0.0,0.0,0.0
280,actuated,3,3,355.90816348793834,59.318027247989725,4306977.659193516,430697.7659193516,3385.4,47.54775280898876,118419.5023433289,1663.1952576310239,71.2,1.4726185727864292,58.358133969624646,47.8,30,1.5734057140666973,0.6713483146067416,58.358133969624646,100.0,6.0,0.75,0.9236849235443814,0.0,8,100.0,1.0,0.0,100.0,1.0,0.0,41.32222894643746,1.0,3.6076162525169324,25.542842810559705,1.0,3.781863135838119,100.0,1.0,0.0,100.0,1.0,0.0,0.0,0.0,0.0,0.0,0.0,0.0
281,actuated,3,3,813.7678297111005,123.29815601683342,3001668.9263864406,300166.8926386441,3611.8,53.74702380952381,112550.76994482773,1674.862647988508,67.2,2.1286156131447935,55.91192567840665,51.2,28,2.3230601485194455,0.7619047619047619,55.91192567840665,100.0,5.6000000000000005,0.7,2.4592607199242815,0.0,8,100.0,1.0,0.0,100.0,1.0,0.0,19.889439329899687,0.8,5.743321020537547,26.24822167390903,0.6,5.9659214176376185,100.0,1.0,0.0,100.0,1.0,0.0,0.0,0.0,0.0,1.1577444234444556,0.2,7.964843321219087
282,actuated,3,3,509.1920759333495,101.83841518666989,2594302.7075419794,259430.27075419793,3878.2,61.36392405063291,99601.66028201577,1575.9756373736673,63.2,2.346019703677549,59.21078595346103,55.8,28,3.7125562801348737,0.8829113924050633,59.21078595346103,100.0,5.6,0.7,1.2608723771851094,0.0,8,100.0,1.0,0.0,100.0,1.0,0.0,0.0,0.0,0.0,9.90978649889712,0.6,6.693546096397641,100.0,1.0,0.0,100.0,1.0,0.0,63.7765011287911,0.8,3.3934329210832344,0.0,0.2,0.0
283,actuated,3,3,879.963824435115,162.95626378428057,7056029.693107493,705602.9693107493,4162.2,66.4888178913738,98115.8533317097,1567.3458998675671,62.6,2.5168784626310674,62.5,57.8,25,4.244233963409986,0.9233226837060703,62.5,100.0,5.0,0.625,0.0,0.0,8,100.0,1.0,0.0,100.0,1.0,0.0,0.0,0.0,0.0,0.0,0.0,0.0,100.0,1.0,0.0,100.0,1.0,0.0,100.0,1.0,0.0,0.0,0.0,0.0
284,actuated,3,3,149.59253676804502,39.36645704422238,9528203.605217364,952820.3605217363,4454.2,69.81504702194357,99578.06441366089,1560.7847086780705,63.8,2.279540100472853,73.67421865222695,59.6,32,4.089617664217782,0.9341692789968652,73.67421865222695,100.0,6.4,0.8,1.5799763346182396,0.0,8,100.0,1.0,0.0,100.0,1.0,0.0,0.0,0.0,0.0,6.521203672623415,0.4,8.397531267441812,100.0,1.0,0.0,100.0,1.0,0.0,100.0,1.0,0.0,82.87254554519222,1.0,4.242279409504106
285,actuated,3,3,526.2148717978778,114.39453734736475,5578426.397738302,557842.6397738302,4754.0,71.81268882175226,105182.33547219475,1588.8570313020357,66.2,1.5896124916664485,75.0,60.8,30,3.02394702557833,0.918429003021148,75.0,100.0,6.0,0.75,0.0,0.0,8,100.0,1.0,0.0,100.0,1.0,0.0,0.0,0.0,0.0,0.0,0.0,0.0,100.0,1.0,0.0,100.0,1.0,0.0,100.0,1.0,0.0,100.0,1.0,0.0
286,actuated,3,3,505.12203820080475,97.13885350015475,4215650.0830432,421565.00830432,5055.8,75.01186943620178,106298.02711184447,1577.1220639739533,67.4,1.9597179678437124,76.41709002926461,61.2,31,3.5894728843578507,0.9080118694362018,76.41709002926461,100.0,6.2,0.775,1.102611667383508,0.0,8,100.0,1.0,0.0,100.0,1.0,0.0,11.33672023411691,0.2,8.820893339068064,0.0,0.0,0.0,100.0,1.0,0.0,100.0,1.0,0.0,100.0,1.0,0.0,100.0,1.0,0.0
287,actuated,3,3,174.2522774200939,34.85045548401878,7045068.6294700205,704506.862947002,5365.0,79.36390532544378,108537.0622871352,1605.5778444842483,67.6,2.954474612992503,76.34931816697076,62.2,31,4.53989635601719,0.9201183431952663,76.34931816697076,100.0,6.2,0.775,1.157992264721252,0.0,8,100.0,1.0,0.0,100.0,1.0,0.0,10.794545335766088,0.2,9.263938117770016,0.0,0.0,0.0,100.0,1.0,0.0,100.0,1.0,0.0,100.0,1.0,0.0,100.0,1.0,0.0
288,actuated,3,3,384.31160240705674,91.50276247787065,6313963.836585894,631396.3836585894,5677.2,83.98224852071006,104833.70398929594,1550.7944377114784,67.6,2.87698494557909,75.41240826865817,63.4,32,5.101544782294984,0.9378698224852071,75.41240826865817,100.0,6.4,0.8,1.089308874809649,0.0,8,100.0,1.0,0.0,100.0,1.0,0.0,0.0,0.0,0.0,3.2992661492653497,0.4,8.714470998477193,100.0,1.0,0.0,100.0,1.0,0.0,100.0,1.0,0.0,100.0,1.0,0.0
289,actuated,3,3,166.46687713953935,41.61671928488484,5738377.841977997,573837.7841977996,5996.0,88.17647058823529,107356.59873954688,1578.7735108756895,68.0,2.277125137196199,75.17808126736213,64.0,32,4.24719922329209,0.9411764705882353,75.17808126736213,100.0,6.4,0.8,1.0793435048894027,0.0,8,100.0,1.0,0.0,100.0,1.0,0.0,0.0,0.0,0.0,1.42465013889705,0.4,8.634748039115221,100.0,1.0,0.0,100.0,1.0,0.0,100.0,1.0,0.0,100.0,1.0,0.0
290,actuated,3,3,689.8398837218584,143.71664244205385,5200689.839883721,520068.98398837214,6316.2,91.5391304347826,107379.723068554,1556.2278705587537,69.0,2.5481431777518564,75.0,64.6,30,4.369616339256931,0.936231884057971,75.0,100.0,6.0,0.75,0.0,0.0,8,100.0,1.0,0.0,100.0,1.0,0.0,0.0,0.0,0.0,0.0,0.0,0.0,100.0,1.0,0.0,100.0,1.0,0.0,100.0,1.0,0.0,100.0,1.0,0.0
291,actuated,3,3,313.16596894248755,65.24291019635157,5200313.1659689415,520031.3165968942,6636.2,92.94397759103641,113963.6620198247,1596.129720165612,71.4,1.3051791408369606,75.53332438587745,64.8,32,2.049162219580064,0.907563025210084,75.53332438587745,100.0,6.4,0.8,1.104969646292739,0.0,8,100.0,1.0,0.0,100.0,1.0,0.0,4.266595087019596,0.4,8.839757170341912,0.0,0.0,0.0,100.0,1.0,0.0,100.0,1.0,0.0,100.0,1.0,0.0,100.0,1.0,0.0
292,actuated,3,3,237.58708886406916,56.568354491445035,5003560.332959412,500356.0332959412,6960.4,98.86931818181819,108960.67254238336,1547.7368258861272,70.4,1.2128394041631088,75.0,65.6,30,1.763996233451701,0.9318181818181818,75.0,100.0,6.0,0.75,0.0,0.0,8,100.0,1.0,0.0,100.0,1.0,0.0,0.0,0.0,0.0,0.0,0.0,0.0,100.0,1.0,0.0,100.0,1.0,0.0,100.0,1.0,0.0,100.0,1.0,0.0
293,actuated,3,3,348.4292559451872,87.1073139862968,5560024.035187798,556002.4035187798,7293.0,101.01108033240997,114112.89725984758,1580.5110423801605,72.2,1.6198282372230113,75.0,67.4,30,2.554201853506086,0.9335180055401662,75.0,100.0,6.0,0.75,0.0,0.0,8,100.0,1.0,0.0,100.0,1.0,0.0,0.0,0.0,0.0,0.0,0.0,0.0,100.0,1.0,0.0,100.0,1.0,0.0,100.0,1.0,0.0,100.0,1.0,0.0
294,actuated,3,3,194.20667585588515,53.94629884885698,6002759.706389555,600275.9706389555,7628.8,104.5041095890411,112273.30546058572,1537.9904857614483,73.0,1.355472163382005,77.84222941709572,67.6,32,2.3406760533023596,0.9260273972602739,77.84222941709572,100.0,6.4,0.8,2.1994469744506198,0.0,8,100.0,1.0,0.0,100.0,1.0,0.0,11.202909174508022,0.2,8.926252854709189,11.534926162257761,0.2,8.66932294089577,100.0,1.0,0.0,100.0,1.0,0.0,100.0,1.0,0.0,100.0,1.0,0.0
295,actuated,1,3,1306.0476576653298,233.22279601166605,3263116.456565842,326311.6456565842,6542.8,89.87362637362638,116794.79293003965,1604.3240787093357,72.8,0.7616467991053252,75.0,59.4,30,1.165584871351592,0.8159340659340659,75.0,100.0,6.0,0.75,0.0,0.0,8,100.0,1.0,0.0,100.0,1.0,0.0,0.0,0.0,0.0,0.0,0.0,0.0,100.0,1.0,0.0,100.0,1.0,0.0,100.0,1.0,0.0,100.0,1.0,0.0
296,actuated,1,1,436.6687426774673,62.3812489539239,3000436.668742677,300043.66687426774,5446.8,78.71098265895954,118511.05582782645,1712.58751196281,69.2,1.3739740355241166,41.33769930576307,44.4,26,1.2833829350680444,0.6416184971098265,41.33769930576307,100.0,5.199999999999999,0.65,2.5051417791442767,0.0,8,100.0,1.0,0.0,100.0,1.0,0.0,0.0,0.0,0.0,10.930643028532359,0.2,9.148592606946277,33.04389109155636,0.8,2.8900628310973824,50.83157693114117,0.8,2.6751478409823854,13.714327556986063,0.6,3.058836630859639,22.181155837888582,0.8,2.2684943232685293
297,actuated,1,1,555.4098807684455,79.3442686812065,3000555.4098807676,300055.54098807677,5100.2,77.98470948012232,114683.49718979036,1753.570293421871,65.4,1.813519344654337,34.74442746896614,39.0,24,1.6040221438740376,0.5963302752293578,34.74442746896614,100.0,4.8,0.6,2.1362248279174025,0.0,8,100.0,1.0,0.0,100.0,1.0,0.0,0.0,0.0,0.0,0.0,0.0,0.0,11.463039211098476,0.6,4.245431578695003,8.928076408860761,0.8,4.374857440074987,29.051241154006675,0.8,4.233791483600859,28.513062977763184,0.6,4.235718120968372
298,actuated,1,1,233.93619527253145,34.402381657725215,3000839.5543672075,300083.95543672075,5253.2,88.73648648648648,104382.70948198228,1763.2214439524034,59.2,2.458399739663488,39.871219149321746,38.6,29,2.114927623959176,0.652027027027027,39.871219149321746,100.0,5.799999999999999,0.725,4.751417276959676,0.0,8,100.0,1.0,0.0,100.0,1.0,0.0,7.872003500333449,0.4,8.36210568808019,26.775627023648667,0.4,5.965178441650178,24.218112177431976,0.8,5.468552895856616,22.675989245872188,0.8,6.062743754266997,14.471567262121425,0.6,5.774144818082364,22.956453985166263,0.8,6.378612617741062
299,actuated,1,1,416.1791750947856,71.75503018875614,3336318.408170619,333631.8408170619,5449.0,97.30357142857143,97189.4884807829,1735.5265800139803,56.0,2.4344675088882375,41.29679086635065,40.8,24,2.754779055395207,0.7285714285714285,41.29679086635065,100.0,4.8,0.6,1.8324766089175597,0.0,8,100.0,1.0,0.0,100.0,1.0,0.0,0.0,0.0,0.0,100.0,1.0,0.0,13.300449120224584,0.8,7.123629717394923,17.073877810580598,0.8,7.536183153945554,0.0,0.0,0.0,0.0,0.2,0.0
300,actuated,1,1,274.9568386734394,45.826139778906565,3978645.83556538,397864.583556538,5651.6,103.5091575091575,89615.3753096161,1641.307240102859,54.6,1.918304519846417,43.33380801444491,41.6,23,2.158875971934754,0.7619047619047619,43.33380801444491,100.0,4.6000000000000005,0.575,2.750504604498038,0.0,8,100.0,1.0,0.0,100.0,1.0,0.0,0.0,0.0,0.0,100.0,1.0,0.0,22.310852364230414,0.6,6.998759956701033,20.632947086046443,0.6,8.411153179959769,3.726664665282442,0.4,6.594123699323505,0.0,0.0,0.0
301,actuated,1,1,357.38805112183366,59.56467518697227,4000357.3880511224,400035.73880511225,5861.0,110.58490566037736,88331.22277755936,1666.6268448596106,53.0,2.2452891114050813,39.28026157551926,42.8,19,2.6004174351451077,0.8075471698113208,39.28026157551926,100.0,3.8,0.475,2.142906376827403,0.0,8,100.0,1.0,0.0,100.0,1.0,0.0,0.0,0.0,0.0,100.0,1.0,0.0,10.631209558864612,0.4,9.406267409771553,3.6108830452894836,0.4,7.73698360484767,0.0,0.0,0.0,0.0,0.0,0.0
302,actuated,1,1,501.1878227817192,78.31059730964363,3002438.820717048,300243.8820717048,6072.2,113.28731343283582,89406.53778960282,1668.032421447814,53.6,2.341981532420011,40.60573573916031,43.0,18,2.9346007499321125,0.8022388059701493,40.60573573916031,100.0,3.6000000000000005,0.45,2.3709263939384204,0.0,8,100.0,1.0,0.0,100.0,1.0,0.0,2.645320430956417,0.2,1.9424346817334959,100.0,1.0,0.0,0.0,0.0,0.0,10.998781519974727,0.2,8.097826978577167,11.201783962351328,0.2,8.9271494911967,0.0,0.0,0.0
303,actuated,1,1,373.02179643808347,56.518454005770224,3400373.021796438,340037.30217964377,6282.2,118.08646616541354,87822.57266399373,1650.800238044995,53.2,2.5271996978723816,52.87036727190355,43.4,23,3.0064253251093627,0.8157894736842105,52.87036727190355,100.0,4.6000000000000005,0.575,2.1787823417700993,0.0,8,100.0,1.0,0.0,100.0,1.0,0.0,100.0,1.0,0.0,100.0,1.0,0.0,11.194548578605463,0.2,8.932919384629379,0.0,0.2,0.0,11.76838959662291,0.2,8.497339349531416,0.0,0.0,0.0
304,actuated,1,1,451.38054052823566,68.39099098912662,3002487.2503421265,300248.72503421264,6501.4,119.51102941176471,85744.81106145127,1576.1913798060896,54.4,1.8815083376133084,53.34377873774315,45.0,23,2.240705660597404,0.8272058823529411,53.34377873774315,100.0,4.6000000000000005,0.575,1.8630496130456873,0.0,8,100.0,1.0,0.0,100.0,1.0,0.0,100.0,1.0,0.0,100.0,1.0,0.0,12.772792645337177,0.2,7.829141424017863,0.0,0.0,0.0,13.977437256608027,0.4,7.075255480347634,0.0,0.0,0.0
305,actuated,1,1,256.6387620287273,47.52569667198653,3455083.7842651806,345508.37842651806,6732.0,122.4,86290.27461457752,1568.9140839014094,55.0,2.175635895480085,50.4594144280577,47.4,22,2.7976407285373837,0.8618181818181818,50.4594144280577,100.0,4.4,0.55,0.7890960354143158,0.0,8,100.0,1.0,0.0,100.0,1.0,0.0,100.0,1.0,0.0,100.0,1.0,0.0,3.675315424461587,0.4,6.312768283314527,0.0,0.0,0.0,0.0,0.0,0.0,0.0,0.0,0.0
306,actuated,1,1,392.13568144831834,81.69493363506632,4450221.948245914,445022.1948245914,6975.4,119.4417808219178,90954.35283202314,1557.437548493547,58.4,1.3088085663485907,53.1116211238168,50.2,23,1.9756347563591397,0.8595890410958904,53.1116211238168,100.0,4.6000000000000005,0.575,1.663347116280654,0.0,8,100.0,1.0,0.0,100.0,1.0,0.0,100.0,1.0,0.0,100.0,1.0,0.0,13.279752576286228,0.2,7.530260780503613,11.6132164142482,0.4,5.776516149741619,0.0,0.0,0.0,0.0,0.0,0.0
307,actuated,1,1,1001.1799665216291,172.61723560717743,3803430.3041215725,380343.03041215724,7226.4,120.44,92960.18051667277,1549.3363419445463,60.0,0.9698715460324915,52.17558875605164,51.4,24,1.3306062533662342,0.8566666666666667,52.17558875605164,100.0,4.800000000000001,0.6,1.7239970897617414,0.0,8,100.0,1.0,0.0,100.0,1.0,0.0,100.0,1.0,0.0,100.0,1.0,0.0,6.167693944275925,0.4,7.955542325295508,0.0,0.0,0.0,11.237016104137183,0.4,5.836434392798424,0.0,0.0,0.0
308,actuated,5,1,1185.736581287286,148.21707266091076,403913.8855806691,40391.38855806691,5112.6,83.53921568627452,102482.66116815183,1674.5532870613044,61.2,1.1189542790684046,43.116789005153464,38.8,22,1.1110790325994515,0.6339869281045751,43.116789005153464,84.93431204122771,4.4,0.55,0.29455444831562533,0.0,8,60.0,0.8,0.0,60.0,0.8,0.0,80.0,1.0,0.0,60.0,0.8,0.0,84.93431204122771,1.0,2.3564355865250026,0.0,0.0,0.0,0.0,0.0,0.0,0.0,0.0,0.0
309,actuated,5,5,961.6070927271915,96.16070927271915,961.6070927271915,96.16070927271915,2307.4,41.35125448028674,99268.47720482289,1779.0049678283672,55.8,1.6804228211044465,32.11509686998056,22.2,19,1.081523006735654,0.3978494623655914,32.11509686998056,100.0,3.8000000000000003,0.475,2.5253692368824963,0.0,8,28.097411851958896,0.6,1.9482595343615876,27.904355743266933,0.6,1.5614892232701882,36.97344082126165,0.6,2.1228880540700534,31.775325236053504,0.6,2.1334562771082974,100.0,1.0,0.0,0.0,0.0,0.0,16.335333244273897,0.2,6.121699417124134,15.834908063029616,0.2,6.315161389125709
310,actuated,5,5,358.0612675605156,39.78458528450173,314131.2251878852,31413.12251878852,317.8,6.648535564853557,95721.32530218037,2002.538186238083,47.8,2.5599811217536885,22.33431970986544,12.4,20,1.568878747431698,0.2594142259414226,22.33431970986544,100.0,4.0,0.5,1.881113018563537,0.0,8,16.58612867789998,0.8,3.837310983908269,26.256524974583044,1.0,3.6500315625225035,17.913671517449075,0.4,3.4821111714901116,17.918232508991423,0.8,4.0794504305874115,100.0,1.0,0.0,0.0,0.0,0.0,0.0,0.0,0.0,0.0,0.0,0.0
311,actuated,5,5,696.29551745202,74.0739912183,45916.66243517737,4591.666243517737,199.4,4.102880658436214,79695.08110775745,1639.816483698713,48.6,1.8912172908328122,40.61042245357896,16.6,22,1.3267063520493056,0.34156378600823045,40.61042245357896,100.0,4.3999999999999995,0.55,3.01198023707944,0.0,8,23.79275944843357,0.6,5.4377641706918,68.47462757438734,0.8,5.251168910274728,0.0,0.0,0.0,1.0071645064772383,0.4,8.75594449536875,100.0,1.0,0.0,65.01027653875099,0.8,2.997659768256126,66.59855156058256,0.8,1.6533045520441156,0.0,0.0,0.0
312,actuated,5,5,785.887701958995,89.30542067715851,1461737.539650564,146173.7539650564,322.0,6.145038167938932,81293.23249940053,1551.397566782453,52.4,1.3049603693967333,62.96706378254669,30.6,26,0.8797883632076833,0.583969465648855,62.96706378254669,100.0,5.2,0.65,0.3612035780864324,0.0,8,100.0,1.0,0.0,100.0,1.0,0.0,0.0,0.0,0.0,0.0,0.0,0.0,100.0,1.0,0.0,100.0,1.0,0.0,100.0,1.0,0.0,3.7365102603735068,0.2,2.889628624691459
313,actuated,0,5,1331.0176760215058,133.10176760215057,1331.0176760215058,133.10176760215057,304.6,5.498194945848375,90793.88668167406,1638.878820968846,55.4,1.331519668402441,76.43958549428987,34.8,31,1.0698894827740228,0.628158844765343,76.43958549428987,100.0,6.2,0.775,1.0853818729055476,0.0,8,100.0,1.0,0.0,100.0,1.0,0.0,11.516683954318978,0.2,8.68305498324438,0.0,0.0,0.0,100.0,1.0,0.0,100.0,1.0,0.0,100.0,1.0,0.0,100.0,1.0,0.0
314,actuated,0,0,1489.740380736342,169.28867962912977,33015.453716267264,3301.5453716267266,427.2,7.7111913357400725,88916.13863915586,1604.9844519703224,55.4,1.396812612579497,56.24582387357009,37.6,27,1.5145279877780047,0.6787003610108303,56.24582387357009,100.0,5.4,0.675,1.195687899849187,0.0,8,100.0,1.0,0.0,100.0,1.0,0.0,0.0,0.0,0.0,79.8089391228632,0.8,3.8226030451310766,18.990245467234672,0.6,3.027797878624772,100.0,1.0,0.0,0.0,0.2,0.0,51.167406398462845,0.8,2.7151022750376477
315,actuated,0,0,1076.0495808415694,158.24258541787785,1499315.2379992956,149931.52379992956,633.2,11.187279151943462,87917.32001644178,1553.3095409265334,56.6,1.5238503872259057,57.94529345920182,45.0,25,2.318613575616576,0.7950530035335689,57.94529345920182,100.0,5.0,0.625,0.2109499974038683,0.0,8,100.0,1.0,0.0,100.0,1.0,0.0,0.0,0.0,0.0,100.0,1.0,0.0,63.56234767361457,0.8,1.6875999792309464,100.0,1.0,0.0,0.0,0.0,0.0,0.0,0.2,0.0
316,actuated,0,0,702.7217064070732,100.38881520101044,4785020.371181766,478502.0371181766,870.8,14.759322033898306,95176.48866968157,1613.160824909857,59.0,1.5097105411837595,65.51497921748194,49.8,27,2.284521486523698,0.8440677966101695,65.51497921748194,100.0,5.4,0.675,1.4035800501337135,0.0,8,100.0,1.0,0.0,100.0,1.0,0.0,12.896052873311419,0.2,2.318986765717586,100.0,1.0,0.0,100.0,1.0,0.0,100.0,1.0,0.0,11.223780866544075,0.2,8.909653635352122,0.0,0.0,0.0
317,actuated,0,0,378.595629402469,63.09927156707817,4446111.252482579,444611.1252482579,1122.2,18.765886287625417,95758.14204320581,1601.306723130532,59.8,1.4048976636491401,75.0,51.4,30,2.006927377128709,0.8595317725752508,75.0,100.0,6.0,0.75,0.0,0.0,8,100.0,1.0,0.0,100.0,1.0,0.0,100.0,1.0,0.0,100.0,1.0,0.0,100.0,1.0,0.0,100.0,1.0,0.0,0.0,0.0,0.0,0.0,0.0,0.0
318,actuated,0,0,689.2065227014103,123.07259333953756,3422646.2806129446,342264.62806129444,1385.2,22.560260586319217,96605.6713824833,1573.382270073018,61.4,1.369051309018421,76.49282145929362,53.8,31,2.154025888090011,0.8762214983713354,76.49282145929362,100.0,6.2,0.775,1.0466757362527115,0.0,8,100.0,1.0,0.0,100.0,1.0,0.0,100.0,1.0,0.0,100.0,1.0,0.0,100.0,1.0,0.0,100.0,1.0,0.0,11.942571674348983,0.2,8.373405890021692,0.0,0.0,0.0
319,actuated,0,0,851.0595271943123,163.6652936912139,3839273.5376294567,383927.3537629457,1661.6,26.974025974025974,96102.14759114709,1560.0997985575827,61.6,1.623610615023055,75.35039595166154,56.6,32,2.778217481596816,0.9188311688311688,75.35039595166154,100.0,6.4,0.8,0.9313763643960581,0.0,8,100.0,1.0,0.0,100.0,1.0,0.0,100.0,1.0,0.0,100.0,1.0,0.0,100.0,1.0,0.0,100.0,1.0,0.0,2.8031676132923167,0.4,7.451010915168465,0.0,0.0,0.0
320,actuated,0,0,474.81846994564813,103.22140650992351,5441881.849899974,544188.1849899974,1946.0,31.185897435897434,95601.18983861626,1532.0703499778247,62.4,1.3127254507313686,76.72108938762506,57.8,31,2.5922009923916716,0.9262820512820513,76.72108938762506,100.0,6.2,0.775,0.9078552289234115,0.0,8,100.0,1.0,0.0,100.0,1.0,0.0,100.0,1.0,0.0,100.0,1.0,0.0,100.0,1.0,0.0,100.0,1.0,0.0,13.768715101000453,0.2,7.262841831387292,0.0,0.0,0.0
321,actuated,0,0,1292.741550206724,215.456925034454,3209128.207282179,320912.8207282179,2237.2,34.103658536585364,102653.02201009006,1564.8326525928362,65.6,1.0576075252779007,75.0,59.6,30,2.2380907308374898,0.9085365853658537,75.0,100.0,6.0,0.75,0.0,0.0,8,100.0,1.0,0.0,100.0,1.0,0.0,100.0,1.0,0.0,100.0,1.0,0.0,100.0,1.0,0.0,100.0,1.0,0.0,0.0,0.0,0.0,0.0,0.0,0.0
322,actuated,0,0,522.1879418796982,90.03240377236176,4476202.231064795,447620.22310647945,2536.0,37.964071856287426,107039.4449202749,1602.3869000041152,66.8,1.2724898207842652,75.0,60.4,30,2.195458403743281,0.9041916167664671,75.0,100.0,6.0,0.75,0.0,0.0,8,100.0,1.0,0.0,100.0,1.0,0.0,100.0,1.0,0.0,100.0,1.0,0.0,100.0,1.0,0.0,100.0,1.0,0.0,0.0,0.0,0.0,0.0,0.0,0.0
323,actuated,0,0,1057.021730252466,182.2451259055976,4001364.1998012112,400136.41998012114,2839.2,40.793103448275865,108096.06117990182,1553.10432729744,69.6,1.116821478920161,75.99477321460085,62.0,32,1.9923651061286696,0.8908045977011494,75.99477321460085,100.0,6.4,0.8,0.9797066206232086,0.0,8,100.0,1.0,0.0,100.0,1.0,0.0,100.0,1.0,0.0,100.0,1.0,0.0,100.0,1.0,0.0,100.0,1.0,0.0,7.958185716806838,0.4,7.8376529649856685,0.0,0.0,0.0
324,actuated,0,0,791.1399613036733,141.27499308994166,3978987.0737397014,397898.70737397013,3156.0,45.21489971346705,110697.72637686235,1585.9273119894322,69.8,1.5522591810136657,75.82273422613014,64.2,32,2.66920002209877,0.9197707736389685,75.82273422613014,100.0,6.4,0.8,1.0042504525090121,0.0,8,100.0,1.0,0.0,100.0,1.0,0.0,100.0,1.0,0.0,100.0,1.0,0.0,100.0,1.0,0.0,100.0,1.0,0.0,6.581873809041099,0.4,8.034003620072097,0.0,0.0,0.0
325,actuated,0,0,941.5271034480238,204.6798050973965,4516837.20881971,451683.72088197095,3479.4,49.0056338028169,109047.07398433701,1535.8742814695354,71.0,1.0465167942282578,75.46280372167189,66.2,32,2.2259649634588463,0.9323943661971831,75.46280372167189,100.0,6.4,0.8,1.0871787273360753,0.0,8,100.0,1.0,0.0,100.0,1.0,0.0,100.0,1.0,0.0,100.0,1.0,0.0,100.0,1.0,0.0,100.0,1.0,0.0,0.0,0.0,0.0,3.7024297733751155,0.4,8.697429818688603
326,actuated,0,0,898.845144342186,204.2829873504968,5910966.768238696,591096.6768238696,3815.0,52.40384615384615,113296.3197557029,1556.2681285124027,72.8,0.8968411190745128,75.0,68.2,30,1.9038435318157756,0.9368131868131868,75.0,100.0,6.0,0.75,0.0,0.0,8,100.0,1.0,0.0,100.0,1.0,0.0,100.0,1.0,0.0,100.0,1.0,0.0,100.0,1.0,0.0,100.0,1.0,0.0,0.0,0.0,0.0,0.0,0.0,0.0
327,actuated,0,0,771.1264999186342,167.63619563448572,6966388.888024208,696638.8888024208,4155.2,55.8494623655914,116530.96344559177,1566.2763903977389,74.4,0.9879679758458121,75.0,68.6,30,2.121802215879688,0.9220430107526881,75.0,100.0,6.0,0.75,0.0,0.0,8,100.0,1.0,0.0,100.0,1.0,0.0,100.0,1.0,0.0,100.0,1.0,0.0,100.0,1.0,0.0,100.0,1.0,0.0,0.0,0.0,0.0,0.0,0.0,0.0
328,actuated,0,0,556.6523196779929,154.625644354998,7056518.79995816,705651.879995816,4503.8,59.10498687664042,116847.07045316692,1533.4261214326366,76.2,1.0964966092513106,77.66970113073114,71.8,33,2.363006336044334,0.9422572178477691,77.66970113073114,100.0,6.6000000000000005,0.825,2.1793920065743793,0.0,8,100.0,1.0,0.0,100.0,1.0,0.0,100.0,1.0,0.0,100.0,1.0,0.0,100.0,1.0,0.0,100.0,1.0,0.0,9.832027582806404,0.4,8.758784206863494,11.525581463042727,0.2,8.676351845731542
329,actuated,0,0,1281.146519985419,237.24935555285535,3606813.3077257155,360681.33077257156,4865.2,60.96741854636591,124420.84508840872,1559.1584597544952,79.8,0.5235851505842242,75.0,73.2,30,0.9343982712624259,0.9172932330827067,75.0,100.0,6.0,0.75,0.0,0.0,8,100.0,1.0,0.0,100.0,1.0,0.0,100.0,1.0,0.0,100.0,1.0,0.0,100.0,1.0,0.0,100.0,1.0,0.0,0.0,0.0,0.0,0.0,0.0,0.0
330,actuated,0,0,1205.334334276356,223.21006190302887,3379072.744469321,337907.2744469321,5233.6,63.98044009779951,123910.97742691694,1514.8041250234346,81.8,0.5410289273762675,75.37113341375914,75.4,32,0.9190842116903182,0.921760391198044,75.37113341375914,100.0,6.4,0.8,0.8559983917122148,0.0,8,100.0,1.0,0.0,100.0,1.0,0.0,100.0,1.0,0.0,100.0,1.0,0.0,100.0,1.0,0.0,100.0,1.0,0.0,2.9690673100731146,0.4,6.8479871336977185,0.0,0.0,0.0
331,actuated,3,0,1521.9574993618924,271.77812488605224,4809007.469132413,480900.74691324134,4561.6,55.90196078431372,129881.66125103699,1591.6870251352573,81.6,0.5344086170245508,60.0,68.6,27,0.9047377290385501,0.8406862745098039,60.0,100.0,5.4,0.675,0.0,0.0,8,60.0,0.8,0.0,100.0,1.0,0.0,60.0,0.8,0.0,60.0,0.8,0.0,100.0,1.0,0.0,100.0,1.0,0.0,0.0,0.0,0.0,0.0,0.0,0.0
332,actuated,3,3,598.5906190678339,96.54687404319901,5006251.43791896,500625.143791896,3891.4,49.13383838383838,132627.04085985996,1674.5838492406558,79.2,0.9050694254426491,50.62148910184078,53.4,26,0.8867650850753565,0.6742424242424242,50.62148910184078,100.0,5.200000000000001,0.6499999999999999,1.7883581326113205,0.0,8,25.24962155554931,0.6,1.8632896246927084,100.0,1.0,0.0,35.89468082011081,0.6,1.9763632446799555,34.602757592874696,0.6,1.9846911816887223,100.0,1.0,0.0,100.0,1.0,0.0,0.0,0.0,0.0,9.224852846191425,0.4,8.482521009829178
333,actuated,3,3,535.0125101212864,78.67831031195388,3001182.419297611,300118.2419297611,3765.4,51.02168021680217,125902.29438446839,1705.9931488410352,73.8,1.5449923873375864,47.20554366301485,47.4,28,1.4126090028965914,0.6422764227642277,47.20554366301485,100.0,5.6000000000000005,0.7000000000000001,1.7101936660635397,0.0,8,12.167023735437397,0.8,4.063752344247496,100.0,1.0,0.0,28.366964040142193,0.8,4.364327479312928,28.67923771779715,0.8,4.147544475673591,100.0,1.0,0.0,100.0,1.0,0.0,8.431123810742065,0.2,1.1059250292743021,0.0,0.0,0.0
334,actuated,3,3,325.36373620275003,62.56994926975962,4217050.020468746,421705.0020468746,3962.0,58.43657817109145,117743.16311194186,1736.6248246599096,67.8,2.0317553241654154,57.27814324898304,48.2,32,2.2280736529945786,0.7109144542772862,57.27814324898304,100.0,6.4,0.8,2.3765738998888293,0.0,8,24.821126176084363,0.6,6.2404501378396,100.0,1.0,0.0,23.981594116771703,0.8,5.568117829431647,3.7647469099874797,0.8,5.6935768289641775,100.0,1.0,0.0,100.0,1.0,0.0,100.0,1.0,0.0,5.6576787890207925,0.2,1.5104464028752083
335,actuated,3,3,181.18241611596076,37.74633669082516,5200181.182416116,520018.1182416116,4205.4,66.12264150943396,103636.7833571646,1629.5091722824623,63.6,2.2388593619992285,72.5047300917538,50.2,30,3.3542175677628294,0.789308176100629,72.5047300917538,100.0,6.0,0.75,1.5871486362534835,0.0,8,66.20093588710915,0.8,5.470139319410248,100.0,1.0,0.0,0.0,0.0,0.0,13.836904846921243,0.2,7.2270497706176196,100.0,1.0,0.0,100.0,1.0,0.0,100.0,1.0,0.0,100.0,1.0,0.0
336,actuated,3,3,490.33367532468276,90.80253246753384,4600490.333675326,460049.0333675326,4375.6,68.79874213836477,100677.06121802282,1582.9726606607362,63.6,1.4891467334498378,75.29072052734818,53.2,32,2.1018277867482134,0.8364779874213837,75.29072052734818,100.0,6.4,0.8,1.0835421346127987,0.0,8,100.0,1.0,0.0,100.0,1.0,0.0,0.0,0.0,0.0,2.32576421878548,0.4,8.66833707690239,100.0,1.0,0.0,100.0,1.0,0.0,100.0,1.0,0.0,100.0,1.0,0.0
337,actuated,3,3,850.4767014092865,128.86010627413432,3002306.6815351117,300230.6681535112,4513.4,69.01223241590215,104118.61543713124,1592.027758977542,65.4,2.1314318049572183,75.0,55.4,30,3.1967992921233668,0.8470948012232415,75.0,100.0,6.0,0.75,0.0,0.0,8,100.0,1.0,0.0,100.0,1.0,0.0,0.0,0.0,0.0,0.0,0.0,0.0,100.0,1.0,0.0,100.0,1.0,0.0,100.0,1.0,0.0,100.0,1.0,0.0
338,actuated,3,3,965.8265275964725,150.91039493694882,2442576.228206764,244257.6228206764,4798.0,71.61194029850746,105009.63316405832,1567.3079576725122,67.0,2.5901520657242774,76.75588326680838,59.2,32,4.076415932310363,0.8835820895522388,76.75588326680838,100.0,6.4,0.8,2.1681831142282655,0.0,8,100.0,1.0,0.0,100.0,1.0,0.0,11.143763513623526,0.2,8.973629050701545,2.903302620843533,0.2,8.371835863124579,100.0,1.0,0.0,100.0,1.0,0.0,100.0,1.0,0.0,100.0,1.0,0.0
339,actuated,3,3,374.32074273690125,74.86414854738025,6841313.240591826,684131.3240591825,5103.2,75.71513353115726,104779.98195426224,1554.5991387872737,67.4,2.1727582593572965,75.0,62.4,31,4.107212420358565,0.9258160237388724,75.0,100.0,6.2,0.775,0.0,0.0,8,100.0,1.0,0.0,100.0,1.0,0.0,0.0,0.0,0.0,0.0,0.2,0.0,100.0,1.0,0.0,100.0,1.0,0.0,100.0,1.0,0.0,100.0,1.0,0.0
