step,control_mode,phase,prev_phase,TotalTravelTime,AvgTravelTime,TotalTravelTime_Raw,AvgTravelTime_Raw,TotalWaitingTime,AvgWaitingTime,TotalCO2,AvgCO2,VehCount,AvgSpeed,AvgOccupancy,QueueLength,Throughput,SpeedStd,HaltRatio,det_occ_mean,det_occ_max,det_veh_sum,det_veh_mean,det_speed_mean,det_speed_min,n_detectors,d0_occ,d0_veh,d0_speed,d1_occ,d1_veh,d1_speed,d2_occ,d2_veh,d2_speed,d3_occ,d3_veh,d3_speed,d4_occ,d4_veh,d4_speed,d5_occ,d5_veh,d5_speed,d6_occ,d6_veh,d6_speed,d7_occ,d7_veh,d7_speed
0,actuated,0,0,362.78982418245135,37.79060668567202,1333.2645527003472,133.32645527003473,25.2,1.1559633027522935,38487.68565109269,1765.4901674813161,21.8,4.149090184906463,3.63090525368154,5.2,8,2.311478936096382,0.23853211009174313,3.63090525368154,11.194868246849126,1.5999999999999999,0.2,4.032837227318552,0.0,8,11.194868246849126,0.2,8.93266430608915,9.864441830583246,0.4,9.207129997108133,0.0,0.0,0.0,0.6440068428639734,0.4,5.730221094795635,7.343925109155975,0.4,8.392682420555502,0.0,0.2,0.0,0.0,0.0,0.0,0.0,0.0,0.0
1,actuated,0,0,484.3686521687822,59.06934782546125,273446.9850707762,27344.69850707762,68.8,2.5864661654135337,45490.661549996774,1710.1752462404802,26.6,2.1379017222441354,9.10422734306632,12.2,7,2.083866143019577,0.45864661654135336,9.10422734306632,40.0,1.4,0.17500000000000002,2.14104286891763,0.0,8,0.0,0.0,0.0,0.0,0.0,0.0,11.659774296022647,0.2,8.576495347265148,40.0,0.6,0.26538568419398323,0.0,0.0,0.0,8.769579035633228,0.2,1.4308168178770806,12.404465412874686,0.4,6.855645102004827,0.0,0.0,0.0
2,actuated,0,0,511.1183540502374,56.79092822780415,894965.4913727178,89496.54913727178,138.8,4.786206896551724,50455.58393189036,1739.8477217893228,29.0,2.1005246455461672,12.5,16.4,5,1.9079409558536522,0.5655172413793104,12.5,100.0,1.0,0.125,0.0,0.0,8,0.0,0.0,0.0,0.0,0.0,0.0,0.0,0.0,0.0,0.0,0.0,0.0,0.0,0.0,0.0,100.0,1.0,0.0,0.0,0.0,0.0,0.0,0.0,0.0
3,actuated,0,0,387.0951136678974,43.01056818532194,801701.8431117113,80170.18431117114,226.6,7.405228758169935,53934.30638687124,1762.5590322506941,30.6,2.807261202196039,19.97062531585911,18.6,10,2.39787564646776,0.6078431372549019,19.97062531585911,100.0,2.0,0.25,2.574671697493781,0.0,8,13.117789992001008,0.2,7.623235320963226,34.985022297919954,0.4,4.776043130102259,0.0,0.0,0.0,0.0,0.0,0.0,0.0,0.0,0.0,100.0,1.0,0.0,11.662190236951915,0.4,8.198095128884763,0.0,0.0,0.0
4,actuated,0,0,958.9541301046796,104.23414457659563,402661.7724372324,40266.177243723236,327.2,9.738095238095237,55849.669361452616,1662.1925405194231,33.6,2.0827120342709278,38.251859987106656,23.0,18,2.4179135874757094,0.6845238095238095,38.251859987106656,100.0,3.6,0.44999999999999996,3.001884295107356,0.0,8,0.0,0.0,0.0,100.0,1.0,0.0,26.337902352505296,0.4,6.2461011639050295,46.42697732317458,0.6,6.248979006154227,21.948910949829212,0.4,2.6712896456928528,100.0,1.0,0.0,0.0,0.0,0.0,11.301089271344154,0.2,8.848704545106738
5,actuated,1,0,808.6792100748216,98.61941586278313,443039.1675726352,44303.91675726352,322.8,9.170454545454545,59524.57838202805,1691.0391585803422,35.2,1.3392445585172674,64.79209470289618,21.6,26,1.1101176063716343,0.6136363636363636,64.79209470289618,100.0,5.2,0.65,0.4904609681840286,0.0,8,18.336757623169433,0.2,3.923687745472229,100.0,1.0,0.0,100.0,1.0,0.0,100.0,1.0,0.0,100.0,1.0,0.0,100.0,1.0,0.0,0.0,0.0,0.0,0.0,0.0,0.0
6,actuated,1,1,667.1005515842951,85.5257117415763,1469956.2960253386,146995.62960253385,407.8,11.519774011299434,61694.75805854287,1742.789775665053,35.4,2.27455323890676,52.99902062919699,21.6,25,2.2995683363564288,0.6101694915254238,52.99902062919699,100.0,5.0,0.625,0.314243718155809,0.0,8,100.0,1.0,0.0,100.0,1.0,0.0,100.0,1.0,0.0,100.0,1.0,0.0,0.0,0.2,0.0,23.99216503357593,0.8,2.513949745246472,0.0,0.0,0.0,0.0,0.0,0.0
7,actuated,1,1,873.1909034328544,99.22623902646072,1200873.190903433,120087.31909034328,521.2,14.240437158469945,63749.14597365225,1741.7799446353074,36.6,2.872482989024647,54.08765377382203,24.4,26,3.1036329114206738,0.6666666666666666,54.087653773822026,100.0,5.200000000000001,0.65,4.053599138293854,0.0,8,100.0,1.0,0.0,100.0,1.0,0.0,100.0,1.0,0.0,100.0,1.0,0.0,11.124154663845616,0.2,8.989447110530378,14.822427399173534,0.2,6.746533297614652,0.2658915693353947,0.4,8.30600114837289,6.488756558221667,0.4,8.386811549832911
8,actuated,1,1,959.0737961441882,104.24715175480307,653505.341975395,65350.5341975395,644.2,17.410810810810812,61271.72173096526,1655.9924792152772,37.0,1.9307217049416459,51.40180946359642,26.2,21,2.1323605570313124,0.7081081081081081,51.40180946359642,100.0,4.2,0.525,1.1146307972492335,0.0,8,100.0,1.0,0.0,100.0,1.0,0.0,100.0,1.0,0.0,100.0,1.0,0.0,0.0,0.0,0.0,11.214475708771374,0.2,8.917046377993868,0.0,0.0,0.0,0.0,0.0,0.0
9,actuated,1,1,1187.376954586973,131.9307727318859,27009.975492124977,2700.9975492124977,773.2,19.138613861386137,66348.75191321291,1642.295839435963,40.4,1.8421187328052293,50.0,28.4,20,1.878600778600223,0.7029702970297029,50.0,100.0,4.0,0.5,0.0,0.0,8,100.0,1.0,0.0,100.0,1.0,0.0,100.0,1.0,0.0,100.0,1.0,0.0,0.0,0.0,0.0,0.0,0.0,0.0,0.0,0.0,0.0,0.0,0.0,0.0
10,actuated,1,1,1143.184488050044,116.65147837245345,1421.467527460469,142.1467527460469,923.2,20.515555555555554,74334.4958351849,1651.8776852263313,45.0,2.2048679114272485,55.31721187906861,32.2,27,2.529949381756495,0.7155555555555555,55.31721187906861,100.0,5.400000000000001,0.675,3.066063172717345,0.0,8,100.0,1.0,0.0,100.0,1.0,0.0,100.0,1.0,0.0,100.0,1.0,0.0,0.0,0.4,0.0,20.0,0.4,8.41401036904186,9.766478468866353,0.4,8.28438740302956,12.771216563682515,0.2,7.830107609667337
11,actuated,5,1,946.6571078926215,110.07640789449088,388148.3926030526,38814.83926030526,332.2,7.7981220657277,73186.4121547285,1717.9908956509037,42.6,1.2056521173690284,30.585196753817808,17.8,18,1.017938674023979,0.41784037558685444,30.58519675381781,60.0,3.6,0.45,0.918999392505128,0.0,8,60.0,0.8,0.0,60.0,0.8,0.0,60.0,0.8,0.0,60.0,0.8,0.0,4.681574030542492,0.4,7.351995140041024,0.0,0.0,0.0,0.0,0.0,0.0,0.0,0.0,0.0
12,actuated,5,5,571.1888281480212,60.76476895191715,264706.1545701748,26470.61545701748,65.2,1.706806282722513,73256.48026715292,1917.708907517092,38.2,1.9230077355247297,13.992622972906048,7.2,12,0.9881236935439035,0.18848167539267016,13.992622972906048,31.82174794712182,2.4,0.3,0.9440610729280404,0.0,8,30.90548674191382,0.6,2.109850472075035,23.036653170038335,0.6,1.7801950896284857,31.82174794712182,0.6,2.006313130188996,26.17709592417441,0.6,1.6561298915318066,0.0,0.0,0.0,0.0,0.0,0.0,0.0,0.0,0.0,0.0,0.0,0.0
13,actuated,5,5,276.5163536621938,31.422312916158386,1177944.1473573367,117794.41473573368,92.6,2.911949685534591,63584.494629892826,1999.5124097450573,31.8,2.8445125516197236,17.737679662363846,7.2,18,1.442765239138071,0.22641509433962265,17.737679662363846,37.45284028329081,3.6,0.45,2.5058846904865466,0.0,8,35.05181286831089,0.8,4.124794668416128,37.45284028329081,0.8,4.102598018449775,17.042832222350626,0.4,4.013164650471434,28.268754454541067,1.0,3.798191587733368,0.0,0.0,0.0,24.08519747041737,0.6,4.008328598821666,0.0,0.0,0.0,0.0,0.0,0.0
14,actuated,5,5,362.19184866289015,41.15816462078297,1001332.4829817808,100133.24829817808,133.8,4.678321678321678,48358.592986387885,1690.8598946289471,28.6,2.32057217835899,17.114914004647872,11.0,10,1.3428191093295039,0.38461538461538464,17.114914004647872,100.0,2.0,0.25,1.0523093817426963,0.0,8,0.0,0.0,0.0,0.0,0.2,0.0,0.0,0.0,0.0,12.46873195404703,0.4,5.22585392873547,0.0,0.0,0.0,100.0,1.0,0.0,24.450580083135947,0.4,3.1926211252061014,0.0,0.0,0.0
15,actuated,5,5,683.9246799045898,77.71871362552156,464393.13931449794,46439.3139314498,211.4,6.647798742138365,53794.65888216612,1691.6559396907585,31.8,1.6811449723244258,34.680153434692826,19.4,16,1.1002057980049431,0.610062893081761,34.680153434692826,100.0,3.2,0.4,1.8404749076586724,0.0,8,0.0,0.0,0.0,24.213574128139612,0.4,6.945043749117225,0.0,0.0,0.0,40.0,0.6,0.21883559600820077,0.0,0.0,0.0,100.0,1.0,0.0,100.0,1.0,0.0,13.227653349402999,0.2,7.559919916143953
16,actuated,0,5,856.0249046972485,89.1692609059634,1888.1804104741743,188.81804104741744,212.0,6.347305389221557,57554.14861282945,1723.1781021805225,33.4,1.8749564691113414,54.8125197904929,18.2,25,1.263679561266928,0.5449101796407185,54.8125197904929,100.0,5.0,0.625,2.950414332673508,0.0,8,11.259425131416378,0.2,8.881448105283551,100.0,1.0,0.0,4.215543808373354,0.4,8.687443097680806,55.38322614608035,0.6,4.6005438353776915,67.64196323807312,0.8,1.4338796230460154,100.0,1.0,0.0,100.0,1.0,0.0,0.0,0.0,0.0
17,actuated,0,0,796.4665257766202,107.63061159143516,946378.7845893132,94637.87845893131,306.8,8.867052023121387,58862.20920416641,1701.2199191955608,34.6,1.7802662663115927,50.0,23.8,22,2.2502711733842062,0.6878612716763006,50.0,100.0,4.6000000000000005,0.575,0.0,0.0,8,60.0,0.6,0.0,40.0,0.8,0.0,0.0,0.0,0.0,100.0,1.0,0.0,100.0,1.0,0.0,100.0,1.0,0.0,0.0,0.2,0.0,0.0,0.0,0.0
18,actuated,0,0,909.0711584050425,105.70594865174914,1310038.41967883,131003.84196788301,426.4,11.714285714285714,59719.74461887218,1640.6523246942907,36.4,2.1171222287819322,57.74585521513912,25.2,26,2.73362459115348,0.6923076923076923,57.74585521513913,100.0,5.2,0.65,3.024972292130912,0.0,8,100.0,1.0,0.0,43.01536570101689,0.6,7.372492896124515,0.0,0.0,0.0,100.0,1.0,0.0,100.0,1.0,0.0,100.0,1.0,0.0,7.7484507555101345,0.4,7.901125083495856,11.203025264586017,0.2,8.926160357426925
19,actuated,0,0,894.6742681031885,93.19523626074881,400894.6742681032,40089.46742681032,556.0,13.762376237623762,69120.14804312123,1710.8947535426046,40.4,1.2577798617293623,65.26160346729405,27.8,27,0.7728908760391392,0.6881188118811881,65.26160346729405,100.0,5.4,0.675,0.2914810652979017,0.0,8,100.0,1.0,0.0,100.0,1.0,0.0,22.092827738352412,0.4,2.3318485223832135,100.0,1.0,0.0,100.0,1.0,0.0,100.0,1.0,0.0,0.0,0.0,0.0,0.0,0.0,0.0
20,actuated,0,0,979.4940230347631,97.94940230347632,979.4940230347631,97.94940230347632,699.8,16.350467289719628,70617.76086149589,1649.9476836798103,42.8,1.8432531291939562,75.0,31.0,30,1.8202147185452549,0.7242990654205608,75.0,100.0,6.0,0.75,0.0,0.0,8,100.0,1.0,0.0,100.0,1.0,0.0,100.0,1.0,0.0,100.0,1.0,0.0,100.0,1.0,0.0,100.0,1.0,0.0,0.0,0.0,0.0,0.0,0.0,0.0
21,actuated,0,0,924.470178243307,112.74026563942769,385376.09855653613,38537.609855653616,864.2,18.868995633187772,74359.74158085471,1623.575143686784,45.8,1.8255797704048067,77.14963850159982,35.0,32,2.492002073704221,0.7641921397379913,77.14963850159982,100.0,6.4,0.8,2.012198378148632,0.0,8,100.0,1.0,0.0,100.0,1.0,0.0,100.0,1.0,0.0,100.0,1.0,0.0,100.0,1.0,0.0,100.0,1.0,0.0,11.555941990071688,0.2,8.65355676637311,5.641166022726907,0.2,7.444030258815944
22,actuated,0,0,1146.395578731977,143.2994473414971,1855307.228332796,185530.72283327958,1043.8,22.0210970464135,74200.04920860968,1565.4018820381789,47.4,1.7793810219179471,75.0,38.2,31,2.6303312137197112,0.8059071729957806,75.0,100.0,6.2,0.775,0.0,0.0,8,100.0,1.0,0.0,100.0,1.0,0.0,100.0,1.0,0.0,100.0,1.0,0.0,100.0,1.0,0.0,100.0,1.0,0.0,0.0,0.0,0.0,0.0,0.2,0.0
23,actuated,0,0,1344.4162807494217,160.04955723207402,1601344.4162807497,160134.44162807497,1241.4,24.058139534883722,83958.27933253166,1627.09843667697,51.6,1.6646363790783532,76.40054166012128,41.2,31,2.5535552485216324,0.7984496124031008,76.40054166012128,100.0,6.2,0.775,1.1156397874410235,0.0,8,100.0,1.0,0.0,100.0,1.0,0.0,100.0,1.0,0.0,100.0,1.0,0.0,100.0,1.0,0.0,100.0,1.0,0.0,11.204333280970218,0.2,8.925118299528188,0.0,0.0,0.0
24,actuated,0,0,1204.3697279402713,150.54621599253392,1107870.4314856597,110787.04314856596,1448.4,27.02238805970149,84768.32685264238,1581.4986353104923,53.6,1.6964855970468715,75.0,42.8,30,2.560040586799322,0.7985074626865671,75.0,100.0,6.0,0.75,0.0,0.0,8,100.0,1.0,0.0,100.0,1.0,0.0,100.0,1.0,0.0,100.0,1.0,0.0,100.0,1.0,0.0,100.0,1.0,0.0,0.0,0.0,0.0,0.0,0.0,0.0
25,actuated,0,0,1556.8633658693836,185.34087688921232,295050.6906451498,29505.06906451498,1671.0,29.419014084507044,91406.43006369013,1609.268134924122,56.8,1.6572772831284868,75.0,47.2,30,2.647156388727548,0.8309859154929577,75.0,100.0,6.0,0.75,0.0,0.0,8,100.0,1.0,0.0,100.0,1.0,0.0,100.0,1.0,0.0,100.0,1.0,0.0,100.0,1.0,0.0,100.0,1.0,0.0,0.0,0.0,0.0,0.0,0.0,0.0
26,actuated,0,0,1628.203900729794,203.52548759122425,1216247.0683838422,121624.70683838423,1911.4,31.750830564784053,94472.05757902114,1569.3032820435405,60.2,0.7948068175606862,76.36362726115941,50.4,32,1.2092889775694569,0.8372093023255814,76.36362726115941,100.0,6.4,0.8,1.1002597568271606,0.0,8,100.0,1.0,0.0,100.0,1.0,0.0,100.0,1.0,0.0,100.0,1.0,0.0,100.0,1.0,0.0,100.0,1.0,0.0,10.909018089275264,0.4,8.802078054617285,0.0,0.0,0.0
27,actuated,0,0,1408.4973240038148,185.32859526365985,441780.2150869008,44178.02150869008,2164.4,34.138801261829656,100830.30220680975,1590.3833155648226,63.4,1.2702937465673287,75.0,52.8,30,1.8636723054985003,0.832807570977918,75.0,100.0,6.0,0.75,0.0,0.0,8,100.0,1.0,0.0,100.0,1.0,0.0,100.0,1.0,0.0,100.0,1.0,0.0,100.0,1.0,0.0,100.0,1.0,0.0,0.0,0.0,0.0,0.0,0.0,0.0
28,actuated,0,0,1582.1116803725065,208.17258952269825,121413.906668795,12141.390666879499,2434.2,36.993920972644375,102015.42690377388,1550.3864271090256,65.8,1.6331273950407226,75.01636679488932,56.8,32,2.699006222725612,0.8632218844984803,75.01636679488932,100.0,6.4,0.8,0.9432700621909426,0.0,8,100.0,1.0,0.0,100.0,1.0,0.0,100.0,1.0,0.0,100.0,1.0,0.0,100.0,1.0,0.0,100.0,1.0,0.0,0.13093435911457618,0.4,7.5461604975275405,0.0,0.0,0.0
29,actuated,0,0,2297.9331956534807,302.35963100703697,2573618.439293734,257361.84392937337,2727.0,40.45994065281899,105800.6874882546,1569.7431378079318,67.4,1.3268044279044184,76.59594802401031,59.8,31,2.5234604500481317,0.887240356083086,76.59594802401031,100.0,6.2,0.775,0.9790419089424582,0.0,8,100.0,1.0,0.0,100.0,1.0,0.0,100.0,1.0,0.0,100.0,1.0,0.0,100.0,1.0,0.0,100.0,1.0,0.0,0.0,0.0,0.0,12.767584192082495,0.2,7.832335271539666
30,actuated,0,0,1440.1375015374506,248.29956923059493,2673430.029280288,267343.0029280288,3032.4,43.32,107903.94169926792,1541.4848814181132,70.0,1.357962883316906,75.0,63.4,30,2.5717916095673083,0.9057142857142857,75.0,100.0,6.0,0.75,0.0,0.0,8,100.0,1.0,0.0,100.0,1.0,0.0,100.0,1.0,0.0,100.0,1.0,0.0,100.0,1.0,0.0,100.0,1.0,0.0,0.0,0.0,0.0,0.0,0.0,0.0
31,actuated,0,0,2365.710214506272,295.713776813284,335796.77943546313,33579.67794354631,3349.6,45.142857142857146,116020.73346190053,1563.6217447695487,74.2,1.5160897782219813,76.39415833844993,65.0,31,2.7286564569117586,0.876010781671159,76.39415833844993,100.0,6.2,0.775,1.1207478784204965,0.0,8,100.0,1.0,0.0,100.0,1.0,0.0,100.0,1.0,0.0,100.0,1.0,0.0,100.0,1.0,0.0,100.0,1.0,0.0,11.153266707599414,0.2,8.965983027363972,0.0,0.0,0.0
32,actuated,0,0,1956.436307433088,296.4297435504679,1163657.4037642523,116365.74037642524,3683.8,46.8676844783715,120490.4918710056,1532.957911844855,78.6,1.0012772405125188,75.0,70.0,30,2.0865765085880232,0.8905852417302799,75.0,100.0,6.0,0.75,0.0,0.0,8,100.0,1.0,0.0,100.0,1.0,0.0,100.0,1.0,0.0,100.0,1.0,0.0,100.0,1.0,0.0,100.0,1.0,0.0,0.0,0.0,0.0,0.0,0.0,0.0
33,actuated,0,0,1740.8703349928012,272.0109898426252,2485666.501964237,248566.6501964237,4046.6,49.34878048780488,127653.98695675163,1556.755938496971,82.0,0.6718687503727829,76.26125827322923,74.8,31,1.0811194971023756,0.9121951219512195,76.26125827322923,100.0,6.2,0.775,0.7193954783775323,0.0,8,100.0,1.0,0.0,100.0,1.0,0.0,100.0,1.0,0.0,100.0,1.0,0.0,100.0,1.0,0.0,100.0,1.0,0.0,10.090066185833848,0.2,5.755163827020258,0.0,0.0,0.0
34,actuated,3,0,1208.4100819234593,208.3465658488723,2417354.9951643464,241735.49951643465,3374.0,41.34803921568628,127324.76251676455,1560.352481823095,81.6,1.1952116315225019,60.0,66.2,28,2.4562814443134062,0.8112745098039216,60.0,100.0,5.6000000000000005,0.7000000000000001,0.0,0.0,8,60.0,0.8,0.0,100.0,1.0,0.0,60.0,0.8,0.0,60.0,0.8,0.0,100.0,1.0,0.0,100.0,1.0,0.0,0.0,0.2,0.0,0.0,0.0,0.0
35,actuated,3,3,1116.2393571659268,159.4627653094181,3865916.050143293,386591.6050143293,2786.8,34.320197044334975,135471.2432020583,1668.3650640647577,81.2,1.103348584716616,49.63364534092136,54.2,25,1.4840187769555904,0.6674876847290641,49.63364534092136,100.0,5.000000000000001,0.625,1.586260119905952,0.0,8,30.64191825273724,0.6,2.0702185728568443,100.0,1.0,0.0,23.370815412955608,0.6,1.607656214350509,28.667335649105326,0.6,2.0624980053934845,100.0,1.0,0.0,100.0,1.0,0.0,0.0,0.0,0.0,14.38909341257272,0.2,6.949708166646779
36,actuated,3,3,401.71695248037213,64.79305685167292,2767462.4909317843,276746.2490931784,2818.8,36.0460358056266,130474.35955606641,1668.4700710494426,78.2,1.3620697136293496,53.799543463048714,48.0,27,1.1998574922357177,0.6138107416879796,53.79954346304871,100.0,5.4,0.675,1.376880039361946,0.0,8,90.37776855062134,1.0,3.1684339643962622,100.0,1.0,0.0,24.3502583518989,0.6,3.8656386219978907,15.668320801869413,0.8,3.9809677285014144,100.0,1.0,0.0,100.0,1.0,0.0,0.0,0.0,0.0,0.0,0.0,0.0
37,actuated,3,3,712.1580361749577,122.7858683060272,5857965.618570296,585796.5618570296,3071.0,41.166219839142094,126480.9654389151,1695.4553007897466,74.6,1.583820301396799,64.39765410686078,52.8,31,1.9411517451944629,0.707774798927614,64.39765410686078,100.0,6.2,0.7749999999999999,1.516428498846421,0.0,8,100.0,1.0,0.0,100.0,1.0,0.0,18.290724183376597,0.8,5.486324612397113,17.205170250863375,0.6,5.8374386835579015,100.0,1.0,0.0,100.0,1.0,0.0,79.6853384206463,0.8,0.807664694816352,0.0,0.0,0.0
38,actuated,3,3,712.3424440346637,118.72374067244395,5620427.865669778,562042.7865669777,3334.0,47.22379603399433,118369.70059150846,1676.624654270658,70.6,2.112308120417178,69.78518156199698,55.6,34,2.559578926797435,0.7875354107648725,69.78518156199698,100.0,6.800000000000001,0.85,2.4338579959868243,0.0,8,100.0,1.0,0.0,100.0,1.0,0.0,28.93673916390071,0.6,5.971712127721462,16.584446171706304,0.8,7.127425897393229,100.0,1.0,0.0,100.0,1.0,0.0,100.0,1.0,0.0,12.760267160368812,0.4,6.371725942779905
39,actuated,3,3,734.8443048413469,122.47405080689116,3604233.211901266,360423.3211901266,3612.8,54.57401812688822,106761.61172676747,1612.7131680780585,66.2,2.4378754197743446,64.7212574460923,56.8,28,3.72031568514098,0.8580060422960725,64.7212574460923,100.0,5.6000000000000005,0.7,1.296422060164056,0.0,8,100.0,1.0,0.0,100.0,1.0,0.0,0.0,0.2,0.0,12.456900693644002,0.2,8.027678991695256,100.0,1.0,0.0,100.0,1.0,0.0,100.0,1.0,0.0,5.313158875094359,0.2,2.3436974896171923
40,actuated,3,3,156.47383823447524,37.25567577011315,6953359.0370336,695335.90370336,3903.6,60.61490683229814,101673.56856110078,1578.7821205139874,64.4,2.5936508571813737,75.0,59.4,30,4.328290410953248,0.922360248447205,75.0,100.0,6.0,0.75,0.0,0.0,8,100.0,1.0,0.0,100.0,1.0,0.0,0.0,0.0,0.0,0.0,0.0,0.0,100.0,1.0,0.0,100.0,1.0,0.0,100.0,1.0,0.0,100.0,1.0,0.0
41,actuated,3,3,118.01201594228965,32.781115539524905,6693394.968211528,669339.4968211527,4203.2,65.06501547987617,100566.34337825388,1556.7545414590384,64.6,2.7280719510342424,75.62657144468218,61.2,32,4.739448066922147,0.9473684210526315,75.62657144468218,100.0,6.4,0.8,1.115581057628151,0.0,8,100.0,1.0,0.0,100.0,1.0,0.0,0.0,0.0,0.0,5.012571557457477,0.4,8.924648461025209,100.0,1.0,0.0,100.0,1.0,0.0,100.0,1.0,0.0,100.0,1.0,0.0
42,actuated,3,3,1162.7318050759943,207.63067947785615,4201623.898722212,420162.38987222116,4507.0,66.47492625368731,107666.11754324063,1587.9958339711009,67.8,1.8574611218795072,75.0,61.2,30,3.8333646179107026,0.9026548672566371,75.0,100.0,6.0,0.75,0.0,0.0,8,100.0,1.0,0.0,100.0,1.0,0.0,0.0,0.0,0.0,0.0,0.0,0.0,100.0,1.0,0.0,100.0,1.0,0.0,100.0,1.0,0.0,100.0,1.0,0.0
43,actuated,3,3,275.76105113689175,55.15221022737835,4897746.837265543,489774.68372655427,4814.0,70.17492711370262,109516.57243627364,1596.4514932401405,68.6,1.419466926401137,75.0,62.0,30,1.9642510472632988,0.9037900874635568,75.0,100.0,6.0,0.75,0.0,0.0,8,100.0,1.0,0.0,100.0,1.0,0.0,0.0,0.0,0.0,0.0,0.0,0.0,100.0,1.0,0.0,100.0,1.0,0.0,100.0,1.0,0.0,100.0,1.0,0.0
44,actuated,3,3,156.0982109514819,35.47686612533679,5003573.493424995,500357.3493424995,5124.4,75.35882352941177,107668.80897153539,1583.364837816697,68.0,1.872924224333156,75.9151456707491,62.4,33,2.7687583893489407,0.9176470588235294,75.9151456707491,100.0,6.6,0.825,2.114144901477266,0.0,8,100.0,1.0,0.0,100.0,1.0,0.0,1.8741301983754965,0.4,8.600425285939128,5.447035167617287,0.2,8.312733925879002,100.0,1.0,0.0,100.0,1.0,0.0,100.0,1.0,0.0,100.0,1.0,0.0
45,actuated,3,3,660.1494482496153,150.0339655112762,5017823.645327665,501782.3645327665,5442.0,78.64161849710983,109609.26079056044,1583.9488553549197,69.2,2.4969802228318083,76.35687083805024,64.6,32,4.355311469253879,0.9335260115606936,76.35687083805024,100.0,6.4,0.8,1.1515465998556191,0.0,8,100.0,1.0,0.0,100.0,1.0,0.0,0.0,0.0,0.0,10.854966704401932,0.4,9.212372798844953,100.0,1.0,0.0,100.0,1.0,0.0,100.0,1.0,0.0,100.0,1.0,0.0
46,actuated,3,3,350.03496660383325,76.09455795735506,5400350.034966603,540035.0034966603,5762.0,82.55014326647564,110770.64037007834,1586.9719250727555,69.8,1.9700944776880869,75.0,64.6,30,3.967098275396866,0.9255014326647565,75.0,100.0,6.0,0.75,0.0,0.0,8,100.0,1.0,0.0,100.0,1.0,0.0,0.0,0.0,0.0,0.0,0.0,0.0,100.0,1.0,0.0,100.0,1.0,0.0,100.0,1.0,0.0,100.0,1.0,0.0
47,actuated,3,3,269.18983817519654,58.51953003808621,5004126.829542716,500412.6829542716,6082.2,86.15014164305948,111734.52325766424,1582.641972488162,70.6,1.1889242479451065,75.17376276345743,64.4,31,1.8095542531223563,0.9121813031161473,75.17376276345743,100.0,6.2,0.775,1.1039825808722525,0.0,8,100.0,1.0,0.0,100.0,1.0,0.0,0.0,0.0,0.0,1.3901021076594589,0.2,8.83186064697802,100.0,1.0,0.0,100.0,1.0,0.0,100.0,1.0,0.0,100.0,1.0,0.0
48,actuated,3,3,110.13489422228147,34.41715444446296,5320780.82284913,532078.082284913,6407.2,90.49717514124293,111846.07018409579,1579.7467540126524,70.8,2.38587211795445,75.0,66.0,31,4.1896997097592,0.9322033898305084,75.0,100.0,6.2,0.775,0.0,0.0,8,100.0,1.0,0.0,100.0,1.0,0.0,0.0,0.0,0.0,0.0,0.2,0.0,100.0,1.0,0.0,100.0,1.0,0.0,100.0,1.0,0.0,100.0,1.0,0.0
49,actuated,3,3,826.9410893481406,172.27939361419598,5001108.888460785,500110.88884607854,6737.2,92.54395604395604,114486.41299181173,1572.615563074337,72.8,2.1629036775089174,78.15857833084294,66.6,36,3.9246959150836647,0.9148351648351648,78.15857833084294,100.0,7.199999999999999,0.9,2.1789095253450794,0.0,8,100.0,1.0,0.0,100.0,1.0,0.0,5.268626646743542,0.8,8.8640899322927,20.0,0.4,8.567186270467936,100.0,1.0,0.0,100.0,1.0,0.0,100.0,1.0,0.0,100.0,1.0,0.0
50,actuated,3,3,347.83745193234455,86.95936298308614,5552218.503330532,555221.8503330533,7075.2,95.35309973045823,114928.70486471236,1548.9043782306248,74.2,0.6061016884330764,75.0,68.8,30,1.0248307169536988,0.9272237196765498,75.0,100.0,6.0,0.75,0.0,0.0,8,100.0,1.0,0.0,100.0,1.0,0.0,0.0,0.0,0.0,0.0,0.0,0.0,100.0,1.0,0.0,100.0,1.0,0.0,100.0,1.0,0.0,100.0,1.0,0.0
51,actuated,1,3,1219.8152952521184,210.31298194002042,3402789.4575868184,340278.94575868186,5907.6,81.37190082644628,116052.8538124852,1598.524157196766,72.6,0.6229612146264392,75.0,59.8,30,0.8747916028493954,0.8236914600550964,75.0,100.0,6.0,0.75,0.0,0.0,8,100.0,1.0,0.0,100.0,1.0,0.0,0.0,0.0,0.0,0.0,0.0,0.0,100.0,1.0,0.0,100.0,1.0,0.0,100.0,1.0,0.0,100.0,1.0,0.0
52,actuated,1,1,421.33878185072325,60.191254550103324,3000421.33878185,300042.133878185,4620.0,66.37931034482759,118277.87735124517,1699.3947895293845,69.6,1.29506064469636,38.56448053772084,45.4,26,1.1708995101710273,0.6522988505747126,38.56448053772084,100.0,5.199999999999999,0.65,2.2816291150374104,0.0,8,100.0,1.0,0.0,100.0,1.0,0.0,0.0,0.0,0.0,12.955981990398868,0.2,7.71844234378419,20.14486083151155,0.8,2.452017449302468,20.68267507559426,0.8,2.714369985278634,30.46104092672408,0.6,2.7745785764217743,24.27128547753796,0.8,2.5936245655122168
53,actuated,1,1,339.6159475311023,53.06499180173473,3019174.338325214,301917.43383252143,4077.6,62.73230769230769,115311.42424746272,1774.0219114994266,65.0,1.7628658988627022,38.27774988493559,39.6,25,1.5160770926647764,0.6092307692307692,38.27774988493559,100.0,5.2,0.65,2.222231200083767,0.0,8,100.0,1.0,0.0,100.0,1.0,0.0,0.0,0.0,0.0,20.0,0.2,0.0,17.45713653117491,0.6,4.388363684614998,29.502742924752283,0.6,4.631447583893182,21.607679883740047,1.0,4.261168201068913,17.654439739817462,0.8,4.496870131093045
54,actuated,1,1,243.23130123649088,40.538550206081815,3886982.362701585,388698.2362701585,4235.0,71.05704697986577,104660.60658904043,1756.0504461248395,59.6,2.4473039401971812,44.77283197482805,39.6,27,2.3344952559975356,0.6644295302013423,44.77283197482805,100.0,5.4,0.675,3.2130844309306053,0.0,8,100.0,1.0,0.0,100.0,1.0,0.0,12.795271593276993,0.2,7.815387056929913,100.0,1.0,0.0,18.27898662688881,0.8,5.84428144129353,22.015498734815537,0.8,6.36994854517951,0.0,0.2,0.0,5.09289884364307,0.4,5.675058404041891
55,actuated,1,1,551.8404002441855,89.00651616841701,3234651.489996926,323465.1489996926,4437.2,75.72013651877133,101190.67493393659,1726.8033265176891,58.6,2.3924074585253714,45.69171271656543,42.4,24,2.725717910727399,0.7235494880546075,45.69171271656543,100.0,4.800000000000001,0.6,3.5867572924091546,0.0,8,100.0,1.0,0.0,100.0,1.0,0.0,0.0,0.0,0.0,100.0,1.0,0.0,29.952566967768917,0.6,6.677231163958531,15.820253466185932,0.6,7.349595224362172,5.619373599674873,0.4,7.5958501627275945,14.141507698893747,0.2,7.071381788224938
56,actuated,1,1,409.721544904586,58.53164927208371,3000409.7215449056,300040.97215449053,4647.0,83.57913669064749,92965.29223663412,1672.03763015529,55.6,2.461078616778975,43.89994710549402,42.8,20,2.7418316038195503,0.7697841726618705,43.89994710549402,100.0,4.0,0.5,1.8899316083319544,0.0,8,100.0,1.0,0.0,100.0,1.0,0.0,0.0,0.0,0.0,100.0,1.0,0.0,26.310507696359764,0.6,7.059927174492495,24.88906914759241,0.4,8.05952569216314,0.0,0.0,0.0,0.0,0.0,0.0
57,actuated,1,1,237.21341738791108,34.88432608645751,3000614.616394169,300061.4616394169,4857.2,88.95970695970696,90185.01304026131,1651.7401655725514,54.6,2.761002032526801,37.76740085181302,42.4,19,2.783947453708749,0.7765567765567766,37.76740085181302,100.0,3.8000000000000003,0.47500000000000003,2.1563253981035437,0.0,8,100.0,1.0,0.0,100.0,1.0,0.0,0.914231061880173,0.2,1.7378645135912372,100.0,1.0,0.0,0.5627764890471099,0.2,7.49582675101626,0.6621992635768947,0.4,8.016911920220851,0.0,0.0,0.0,0.0,0.0,0.0
58,actuated,1,1,336.52281202928083,56.08713533821347,3536492.964044082,353649.2964044082,5072.8,92.23272727272727,88876.49902326529,1615.9363458775508,55.0,2.754052803165458,52.997780273527155,45.2,23,3.0713043266256093,0.8218181818181818,52.997780273527155,100.0,4.6000000000000005,0.575,2.085891897856099,0.0,8,100.0,1.0,0.0,100.0,1.0,0.0,100.0,1.0,0.0,100.0,1.0,0.0,0.0,0.2,0.0,11.726484870832792,0.2,8.527704687423368,12.25575731738445,0.2,8.159430495425426,0.0,0.0,0.0
59,actuated,1,1,482.6337514221674,83.21271576244266,3893329.4330006717,389332.94330006716,5301.0,93.3274647887324,92050.10979724568,1620.6005245993956,56.8,1.6576975694265201,52.83888916725275,46.8,24,2.1619787944807447,0.823943661971831,52.838889167252745,100.0,4.800000000000001,0.6,2.790613313463943,0.0,8,100.0,1.0,0.0,100.0,1.0,0.0,100.0,1.0,0.0,100.0,1.0,0.0,13.167062975887802,0.2,7.594708112441256,2.7713542996548313,0.4,7.9470861330877245,6.772696062479326,0.2,6.783112262182564,0.0,0.0,0.0
60,actuated,1,1,259.45235534822666,43.24205922470444,4000259.452355349,400025.9452355349,5533.0,94.419795221843,95594.76462187484,1631.3099764825058,58.6,1.7679403024984282,51.39303351730191,47.6,22,1.905137179266263,0.8122866894197952,51.393033517301916,100.0,4.4,0.55,1.1216528393561653,0.0,8,100.0,1.0,0.0,100.0,1.0,0.0,100.0,1.0,0.0,100.0,1.0,0.0,0.0,0.0,0.0,11.144268138415327,0.2,8.973222714849323,0.0,0.2,0.0,0.0,0.0,0.0
61,actuated,1,1,472.5072192994465,81.46676194818043,4750728.341202391,475072.83412023913,5778.8,95.67549668874172,94505.95767257024,1564.6681733869245,60.4,1.8589717470376335,53.584126091117376,50.8,22,2.3334940460188687,0.8410596026490066,53.58412609111738,100.0,4.4,0.55,1.750514219046233,0.0,8,100.0,1.0,0.0,100.0,1.0,0.0,100.0,1.0,0.0,100.0,1.0,0.0,15.22437538275426,0.2,6.568413973375693,13.448633346184806,0.2,7.435699778994171,0.0,0.0,0.0,0.0,0.0,0.0
62,actuated,1,1,1038.1119488983836,162.20499201537243,3004784.74654428,300478.474654428,6038.0,95.84126984126983,96951.66502454915,1538.9153178499866,63.0,1.1322669884203143,52.514556724027976,53.8,25,1.7897321210981303,0.8539682539682539,52.51455672402798,100.0,5.000000000000001,0.625,2.2821124817583183,0.0,8,100.0,1.0,0.0,100.0,1.0,0.0,100.0,1.0,0.0,100.0,1.0,0.0,3.4295148806700126,0.2,2.505691393279191,0.0,0.0,0.0,9.31354604338253,0.4,7.657672681159824,7.373392868171322,0.4,8.093535779627532
63,actuated,5,1,1617.78794018142,245.11938487597274,890184.3398161363,89018.43398161363,4084.0,64.41640378548895,104241.94551706623,1644.194724243947,63.4,0.585821385595781,45.59915228154708,42.6,23,0.7857083593743769,0.6719242902208202,45.59915228154708,100.0,4.6000000000000005,0.5750000000000001,0.3720789080442983,0.0,8,60.0,0.8,0.0,60.0,0.8,0.0,80.0,1.0,0.0,60.0,0.8,0.0,100.0,1.0,0.0,4.793218252376619,0.2,2.976631264354386,0.0,0.0,0.0,0.0,0.0,0.0
64,actuated,5,5,815.4019311017472,92.65931035247127,1200815.4019311017,120081.54019311017,1713.4,28.748322147651006,106906.52565437031,1793.733651918965,59.6,1.2741800176381284,39.99648635121986,24.2,23,0.823714487034303,0.40604026845637586,39.99648635121986,100.0,4.6,0.575,0.8587340649294659,0.0,8,42.77139954815311,0.8,1.673107117532279,25.786030321612543,0.6,1.7678615888862077,30.947288124989427,0.6,1.7135707959977189,20.467172815003778,0.6,1.7153330170195225,100.0,1.0,0.0,100.0,1.0,0.0,0.0,0.0,0.0,0.0,0.0,0.0
65,actuated,5,5,369.01438027148697,41.001597807943,801074.1106201858,80107.41106201858,267.4,5.026315789473684,106504.55936936352,2001.9654016797654,53.2,2.385027507082393,40.80797684491415,13.0,27,1.3897918384954755,0.24436090225563908,40.80797684491415,100.0,5.4,0.675,1.9931200901849717,0.0,8,43.7480059812151,1.0,3.7417409520213187,29.166034237050553,1.0,4.142278459593563,15.47694110521661,0.6,3.9291942237251645,38.072833435830944,0.8,4.131747086139726,100.0,1.0,0.0,100.0,1.0,0.0,0.0,0.0,0.0,0.0,0.0,0.0
66,actuated,5,5,774.5701441753131,77.45701441753131,774.5701441753131,77.45701441753131,215.4,4.223529411764706,85533.07351963084,1677.1190886202126,51.0,2.50296430364578,39.69718340473463,16.8,25,1.561236817168637,0.32941176470588235,39.69718340473463,100.0,5.0,0.625,3.391116786512917,0.0,8,65.76300897250348,1.0,5.373346021729877,35.392167376485304,0.8,5.846977013916307,0.0,0.2,0.0,11.753573780805482,0.6,8.419461251834182,100.0,1.0,0.0,100.0,1.0,0.0,0.0,0.0,0.0,4.668717108082774,0.4,7.489150004622966
67,actuated,5,5,1017.8645193752689,113.0960577083632,10665.02604210602,1066.502604210602,340.4,5.951048951048951,86472.52041181213,1511.7573498568554,57.2,1.137455046310725,62.085507466429135,32.0,26,0.7366366008465269,0.5594405594405595,62.085507466429135,100.0,5.2,0.6499999999999999,0.4317372121918217,0.0,8,100.0,1.0,0.0,100.0,1.0,0.0,0.0,0.0,0.0,28.531126359899872,0.4,1.8326817859281388,100.0,1.0,0.0,100.0,1.0,0.0,68.15293337153321,0.8,1.6212159116064349,0.0,0.0,0.0
68,actuated,1,5,1540.208573695902,154.0208573695902,1540.208573695902,154.0208573695902,253.6,4.171052631578948,100450.81758840122,1652.1516050723883,60.8,0.9897700987561484,85.58223417037411,34.4,35,0.5951662308477368,0.5657894736842105,85.58223417037411,100.0,7.0,0.875,0.4215157328051002,0.0,8,100.0,1.0,0.0,100.0,1.0,0.0,0.0,0.0,0.0,100.0,1.0,0.0,100.0,1.0,0.0,100.0,1.0,0.0,100.0,1.0,0.0,84.65787336299286,1.0,3.3721258624408015
69,actuated,1,1,1089.5220358112833,113.49187873034202,3417.0998985620754,341.7099898562075,358.4,5.8754098360655735,101429.06773404518,1662.771602197462,61.0,1.5084423395486537,50.581104119767275,36.8,27,1.1260146480420585,0.6032786885245902,50.581104119767275,100.0,5.4,0.675,1.3147893350838857,0.0,8,100.0,1.0,0.0,100.0,1.0,0.0,50.1769384506224,0.6,5.264432270798121,100.0,1.0,0.0,16.581826278209064,0.6,2.6814098127346075,17.890068229306735,0.6,2.572472597138357,0.0,0.2,0.0,20.0,0.4,0.0
70,actuated,1,1,926.5381912672137,125.2078636847586,1291779.4185602698,129177.94185602697,556.8,9.43728813559322,96682.9643751566,1638.6943114433323,59.0,1.8450279718354101,54.0912164758224,42.4,26,2.0181768631523984,0.7186440677966102,54.09121647582239,100.0,5.199999999999999,0.65,0.9776257735650415,0.0,8,100.0,1.0,0.0,100.0,1.0,0.0,100.0,1.0,0.0,100.0,1.0,0.0,11.164517258692968,0.6,4.0862129205217075,21.56521454788617,0.6,3.734793267998625,0.0,0.0,0.0,0.0,0.0,0.0
71,actuated,1,1,599.1118160193056,99.85196933655094,6924974.582570839,692497.4582570839,781.4,13.110738255033556,91975.18096173997,1543.207734257382,59.6,1.6592040822797003,58.53209494764229,48.0,28,2.0681020351718917,0.8053691275167785,58.53209494764229,100.0,5.6000000000000005,0.7,1.5847397660008808,0.0,8,100.0,1.0,0.0,100.0,1.0,0.0,100.0,1.0,0.0,100.0,1.0,0.0,20.0,0.4,0.19557959534898067,35.20427639391414,1.0,4.8209611100171195,13.052483187224198,0.2,7.661377422640946,0.0,0.0,0.0
72,actuated,1,1,732.4312921296948,114.44238939526481,6427347.102610232,642734.7102610233,1027.0,16.25,99644.98522792911,1576.6611586697645,63.2,1.3363773416875346,65.09521146540607,51.6,29,2.033415110124504,0.8164556962025317,65.09521146540607,100.0,5.8,0.725,1.4205658610459058,0.0,8,100.0,1.0,0.0,100.0,1.0,0.0,100.0,1.0,0.0,100.0,1.0,0.0,60.0,0.8,0.0,49.198430860504914,0.8,2.716447320933448,0.0,0.0,0.0,11.563260862743618,0.2,8.648079567433799
73,actuated,1,1,573.2586345625277,89.57166165039496,3014407.6452394724,301440.76452394726,1296.8,19.70820668693009,104703.42062258044,1591.237395479946,65.8,0.9174703103326323,71.04258600109361,56.2,30,1.0362754616629235,0.8541033434650456,71.04258600109361,100.0,6.0,0.75,1.2212145632038176,0.0,8,100.0,1.0,0.0,100.0,1.0,0.0,100.0,1.0,0.0,100.0,1.0,0.0,63.78050890907389,0.8,2.526108676916973,100.0,1.0,0.0,4.560179099674997,0.2,7.243607828713567,0.0,0.0,0.0
74,actuated,5,1,1553.8261785120649,184.979306965722,434263.40521135705,43426.3405211357,922.8,13.939577039274925,107540.7824206989,1624.4831181374457,66.2,0.8769275663325402,55.0,43.6,27,0.8167526446406794,0.6586102719033232,55.0,100.0,5.4,0.675,0.0,0.0,8,60.0,0.8,0.0,60.0,0.8,0.0,60.0,0.8,0.0,60.0,0.8,0.0,100.0,1.0,0.0,100.0,1.0,0.0,0.0,0.2,0.0,0.0,0.0,0.0
75,actuated,5,5,958.4763614570622,95.84763614570622,958.4763614570622,95.84763614570622,479.4,7.707395498392283,110392.38945815219,1774.7972581696492,62.2,1.5167457492125038,40.74711021894032,26.6,24,0.985370208708655,0.42765273311897106,40.74711021894032,100.0,4.800000000000001,0.6,2.0331966841319953,0.0,8,36.30235094349018,0.6,2.033911878696144,33.15142230321612,0.6,2.136112799294494,26.675164693746183,0.6,2.049710688044917,26.329132051739634,0.6,1.685601511076836,100.0,1.0,0.0,100.0,1.0,0.0,0.0,0.0,0.0,3.518811759330447,0.4,8.36023659594357
76,actuated,5,5,597.5453261992196,59.75453261992196,597.5453261992196,59.75453261992196,245.2,4.442028985507246,106379.17817957772,1927.15902499235,55.2,2.276265005957953,38.69951286037619,15.4,25,1.2559506762127284,0.27898550724637683,38.69951286037619,100.0,5.0,0.625,1.9260990439422438,0.0,8,25.184454147267843,0.8,4.244378849478735,20.446039832443148,0.8,3.9627117929648126,44.4211293949445,1.0,3.5361910842229998,19.544479508354016,0.4,3.665510624871405,100.0,1.0,0.0,100.0,1.0,0.0,0.0,0.0,0.0,0.0,0.0,0.0
77,actuated,5,5,622.7272560211724,74.13419714537766,1018845.3171074071,101884.53171074072,290.8,5.365313653136531,90729.74997669198,1673.9806268762356,54.2,1.9213324539738499,43.691125550288916,21.2,24,1.3951819488510735,0.39114391143911437,43.691125550288916,100.0,4.8,0.6,2.2773008448905045,0.0,8,24.190710838549876,0.6,5.736507375562251,29.71732996979995,0.6,4.414391449923625,0.0,0.2,0.0,8.682137367853784,0.4,5.825107172177182,100.0,1.0,0.0,100.0,1.0,0.0,86.93882622610772,1.0,2.242400761460978,0.0,0.0,0.0
78,actuated,5,5,851.1964327556503,125.175945993478,2201301.6304366523,220130.16304366523,436.2,7.4436860068259385,89158.41560410954,1521.474669012108,58.6,1.0265735646308631,73.08346541916549,36.6,30,0.9397431811952545,0.6245733788395904,73.08346541916549,100.0,6.0,0.75,0.8066973314718267,0.0,8,100.0,1.0,0.0,100.0,1.0,0.0,0.0,0.0,0.0,84.66772335332394,1.0,6.453578651774613,100.0,1.0,0.0,100.0,1.0,0.0,100.0,1.0,0.0,0.0,0.0,0.0
79,actuated,1,5,1411.9638177635275,156.88486864039194,1337605.4051647868,133760.54051647868,324.6,5.152380952380953,102598.45259422668,1628.5468665750266,63.0,0.7202699485271996,86.50695300798333,38.0,35,0.494363754089816,0.6031746031746031,86.50695300798333,100.0,7.0,0.875,0.1396368329753236,0.0,8,100.0,1.0,0.0,100.0,1.0,0.0,0.0,0.0,0.0,100.0,1.0,0.0,100.0,1.0,0.0,100.0,1.0,0.0,100.0,1.0,0.0,92.05562406386662,1.0,1.1170946638025887
80,actuated,1,1,1314.4299162072386,134.12550165379986,1952.2980735166461,195.22980735166462,356.0,5.579937304075235,110112.0034594043,1725.8934711505376,63.8,1.5889169435628174,46.69720927758647,37.6,26,1.4050966367366304,0.5893416927899686,46.69720927758647,100.0,5.2,0.65,0.583400122572412,0.0,8,100.0,1.0,0.0,100.0,1.0,0.0,0.0,0.0,0.0,100.0,1.0,0.0,25.30332599836811,0.8,2.7069133403355172,28.274348222323624,0.8,1.9602876402437792,20.0,0.4,0.0,0.0,0.2,0.0
81,actuated,1,1,891.1871604998565,106.09370958331625,561282.6804804964,56128.268048049635,542.2,8.77346278317152,101257.06094520567,1638.4637693398977,61.8,2.2774337004945244,48.19326265960015,40.6,23,2.2768842986074804,0.656957928802589,48.19326265960015,100.0,4.6,0.575,1.3904244193373623,0.0,8,100.0,1.0,0.0,100.0,1.0,0.0,32.683161317290796,0.4,2.466007304049486,100.0,1.0,0.0,24.522066889578582,0.6,4.472691626595417,28.34087306993183,0.6,4.184696424053996,0.0,0.0,0.0,0.0,0.0,0.0
82,actuated,1,1,657.512644627345,106.05042655279757,7148846.539110062,714884.6539110062,752.8,12.300653594771243,94802.85303947773,1549.066226135257,61.2,1.676180229288624,55.46355525085971,44.4,30,1.956530832985118,0.7254901960784313,55.46355525085971,100.0,6.0,0.75,3.12441397217978,0.0,8,100.0,1.0,0.0,100.0,1.0,0.0,100.0,1.0,0.0,100.0,1.0,0.0,18.679343878704913,0.6,4.721470430791537,3.29704702791787,0.8,4.1172083954928675,8.254818660201408,0.4,8.736711951438338,13.477232440053513,0.2,7.419920999715498
83,actuated,1,1,634.1652443079499,144.12846461544316,6178456.746294593,617845.6746294594,1003.6,15.632398753894082,98819.88004658246,1539.250468015303,64.2,0.6211788079737497,75.0,54.6,30,0.9952615059629085,0.8504672897196262,75.0,100.0,6.0,0.75,0.0,0.0,8,100.0,1.0,0.0,100.0,1.0,0.0,100.0,1.0,0.0,100.0,1.0,0.0,100.0,1.0,0.0,100.0,1.0,0.0,0.0,0.0,0.0,0.0,0.0,0.0
84,actuated,1,1,943.1798110696034,196.49579397283404,4624380.813802924,462438.0813802924,1284.8,19.176119402985076,103824.03058701477,1549.6123968211161,67.0,0.5653235470221238,76.94448907846379,58.0,31,0.9419978060771133,0.8656716417910447,76.94448907846379,100.0,6.2,0.775,0.803552983303165,0.0,8,100.0,1.0,0.0,100.0,1.0,0.0,100.0,1.0,0.0,100.0,1.0,0.0,100.0,1.0,0.0,100.0,1.0,0.0,15.555912627710313,0.2,6.42842386642532,0.0,0.0,0.0
85,actuated,5,1,1519.9463618717812,194.8649181886899,1004280.1737449144,100428.01737449144,931.0,13.97897897897898,110430.16037300674,1658.1105161112123,66.6,0.7135187130329511,62.5,44.2,29,0.6834769159398526,0.6636636636636637,62.5,100.0,5.8,0.725,0.0,0.0,8,80.0,1.0,0.0,80.0,1.0,0.0,60.0,0.8,0.0,80.0,1.0,0.0,100.0,1.0,0.0,100.0,1.0,0.0,0.0,0.0,0.0,0.0,0.0,0.0
86,actuated,5,5,968.6761175949887,112.63675785988241,209703.6194651173,20970.36194651173,547.4,8.71656050955414,111096.95100170451,1769.0597293265048,62.8,1.3922776177907144,39.368199430178095,30.2,23,1.3023330553738794,0.48089171974522293,39.368199430178095,100.0,4.6000000000000005,0.575,1.9540862132719612,0.0,8,21.053285258335563,0.6,1.5324681633137565,18.93444267400355,0.4,2.3811412940224312,28.539486306158324,0.6,2.0790766087604204,35.846431654617845,0.6,2.174147157008232,100.0,1.0,0.0,100.0,1.0,0.0,0.0,0.0,0.0,10.571949548309476,0.4,7.4658564830708505
87,actuated,5,5,778.426223763266,81.08606497534021,3112.813321816832,311.2813321816832,295.8,5.301075268817204,106540.13986225019,1909.3215029077094,55.8,2.487929967176416,37.345966659949,17.2,23,2.1825324683873126,0.30824372759856633,37.345966659949,100.0,4.6,0.575,2.639859025018472,0.0,8,38.64500893612103,0.6,4.334096708799187,30.320678737980415,1.0,4.028203956850667,3.097767006470349,0.4,8.870027218665928,26.7042785990202,0.6,3.8865443158319923,100.0,1.0,0.0,100.0,1.0,0.0,0.0,0.0,0.0,0.0,0.0,0.0
88,actuated,5,5,649.6672756838217,72.18525285375796,706405.6494294463,70640.56494294463,359.2,6.701492537313433,90154.59529609667,1681.9887182107586,53.6,2.594772194253274,38.028640700304095,22.0,21,2.649797230622434,0.41044776119402987,38.028640700304095,100.0,4.2,0.525,1.8574286238190751,0.0,8,66.58926295403035,1.0,5.3369277038596925,22.28857649679412,0.6,5.26416973793363,0.0,0.0,0.0,15.351286151608292,0.6,4.25833154875928,100.0,1.0,0.0,100.0,1.0,0.0,0.0,0.0,0.0,0.0,0.0,0.0
89,actuated,5,5,1443.7408917875048,156.92835780298967,99183.72129706912,9918.372129706911,498.0,8.412162162162161,89978.57391431417,1519.9083431471988,59.2,1.1138117368840432,66.38848474718344,34.4,29,0.8589617119212936,0.581081081081081,66.38848474718344,100.0,5.8,0.7250000000000001,1.7004468047113908,0.0,8,100.0,1.0,0.0,100.0,1.0,0.0,0.0,0.0,0.0,46.41229302399324,0.6,6.39544855958971,100.0,1.0,0.0,100.0,1.0,0.0,82.99324676787364,1.0,2.8064191836070553,1.702338185600638,0.2,4.4017066944943615
90,actuated,1,5,1210.1607043211186,134.4623004801243,895502.1922455833,89550.21922455833,359.4,5.722929936305732,102380.49032940048,1630.2625848630648,62.8,0.8181138923302557,80.0,37.2,34,0.5751054096889109,0.5923566878980892,80.0,100.0,7.0,0.875,0.0015633164136006183,0.0,8,100.0,1.0,0.0,100.0,1.0,0.0,40.0,0.6,0.012506531308804946,0.0,0.4,0.0,100.0,1.0,0.0,100.0,1.0,0.0,100.0,1.0,0.0,100.0,1.0,0.0
91,actuated,1,1,1234.086692820793,131.28581838519074,35115.708440058384,3511.5708440058384,339.0,5.557377049180328,102641.79755391921,1682.6524189167083,61.0,1.644010040480002,35.33299515257568,36.6,22,1.509655805120815,0.6,35.33299515257568,100.0,4.4,0.55,0.8902922315804357,0.0,8,100.0,1.0,0.0,100.0,1.0,0.0,0.0,0.0,0.0,46.23183279062232,0.6,1.9148483562635665,14.726083877944802,0.6,2.7853334982565348,21.706044552038293,0.8,2.4221559981233844,0.0,0.2,0.0,0.0,0.2,0.0
92,actuated,1,1,641.9482291396888,80.2435286424611,3285081.308545432,328508.1308545432,522.8,8.952054794520548,99476.92783636923,1703.3720519926237,58.4,2.575736487860264,47.146185510501084,40.2,25,2.642593584752223,0.6883561643835616,47.146185510501084,100.0,5.000000000000001,0.625,3.667522489195304,0.0,8,100.0,1.0,0.0,100.0,1.0,0.0,17.737340437270177,0.2,4.445518913398662,100.0,1.0,0.0,20.05108049137789,0.6,4.40896791374894,33.19474310946816,0.6,4.828385800786815,6.110628218139027,0.2,8.32840592692244,0.07569182775341687,0.4,7.32890135870558
93,actuated,1,1,830.3493532645587,148.27667022581406,5768013.877302828,576801.3877302828,735.6,12.301003344481606,91441.5674212648,1529.123201024495,59.8,1.1829863530513351,57.36101634624333,45.6,27,1.8059976913376816,0.7625418060200669,57.36101634624333,100.0,5.4,0.675,1.1093041647076987,0.0,8,100.0,1.0,0.0,100.0,1.0,0.0,100.0,1.0,0.0,100.0,1.0,0.0,42.64273710527732,0.8,2.718842258179841,16.245393664669336,0.4,6.155591059481748,0.0,0.2,0.0,0.0,0.0,0.0
94,actuated,1,1,600.5187105412481,130.54754576983655,4084023.371067138,408402.3371067138,984.2,15.874193548387098,96198.25545113116,1551.5847653408252,62.0,0.5066102296359444,74.95106809320845,53.8,30,0.6546297279727764,0.867741935483871,74.95106809320845,100.0,6.0,0.75,0.05380093244512578,0.0,8,100.0,1.0,0.0,100.0,1.0,0.0,100.0,1.0,0.0,100.0,1.0,0.0,100.0,1.0,0.0,99.60854474566759,1.0,0.43040745956100623,0.0,0.0,0.0,0.0,0.0,0.0
95,actuated,1,1,1040.5013909740562,148.6430558534366,3001040.5013909745,300104.05013909744,1260.2,19.210365853658537,104206.92996988671,1588.5202739311999,65.6,0.7836938909390299,75.0,56.8,30,0.8762417585736926,0.8658536585365854,75.0,100.0,6.0,0.75,0.0,0.0,8,100.0,1.0,0.0,100.0,1.0,0.0,100.0,1.0,0.0,100.0,1.0,0.0,100.0,1.0,0.0,100.0,1.0,0.0,0.0,0.0,0.0,0.0,0.0,0.0
96,actuated,5,1,1145.0837840174422,146.80561333556952,407581.75650064205,40758.17565006421,958.6,14.524242424242424,109898.91932291634,1665.135141256308,66.0,0.99881639396754,58.63737756179148,43.4,29,0.9855209688782622,0.6575757575757576,58.63737756179148,100.0,5.800000000000001,0.7250000000000001,0.9905997446694523,0.0,8,80.0,1.0,0.0,60.0,0.8,0.0,60.0,0.8,0.0,60.0,0.8,0.0,100.0,1.0,0.0,100.0,1.0,0.0,0.0,0.0,0.0,9.099020494331853,0.4,7.924797957355619
97,actuated,5,5,825.964501661959,91.77383351799546,802872.8439284654,80287.28439284654,570.4,9.320261437908497,107935.79237082312,1763.656738085345,61.2,1.7097054010925874,38.16023325900716,29.0,23,1.3217896025187073,0.4738562091503268,38.16023325900716,100.0,4.6000000000000005,0.575,2.092814228412128,0.0,8,24.099104553620236,0.6,1.6514056038871636,24.199125036041096,0.6,1.9015163409858822,19.063564494272214,0.4,3.7805093928218745,36.0127749446724,0.6,1.9528554838122563,100.0,1.0,0.0,100.0,1.0,0.0,1.9072970434513081,0.4,7.456227005789847,0.0,0.0,0.0
98,actuated,5,5,907.4103248381883,90.74103248381883,907.4103248381883,90.74103248381883,324.8,6.222222222222222,99755.7774766407,1911.0302198590173,52.2,2.614581965553796,34.20260892309727,17.8,22,2.118195296762709,0.34099616858237547,34.20260892309727,100.0,4.4,0.55,2.0070902663291146,0.0,8,15.179373406540435,0.8,4.151663364403286,28.135946365378004,0.8,3.768696515165841,13.183685631913704,0.4,3.128974541955022,17.12186598094604,0.4,5.007387709108766,100.0,1.0,0.0,100.0,1.0,0.0,0.0,0.0,0.0,0.0,0.0,0.0
99,actuated,5,5,519.4330121369952,66.59397591499939,477923.62591422116,47792.36259142212,366.4,7.387096774193548,84880.711743054,1711.3046722389918,49.6,2.5256569620089677,45.3760440328935,19.2,26,2.816116195577797,0.3870967741935484,45.3760440328935,100.0,5.199999999999999,0.6499999999999999,2.7808225702471767,0.0,8,29.23036295008842,0.6,4.679725475518189,20.121072889289735,0.8,5.743311578940592,0.0,0.0,0.0,5.514399757730644,0.4,5.522721299951543,100.0,1.0,0.0,100.0,1.0,0.0,43.37420714404516,0.6,3.5721243140804937,64.76830952199407,0.8,2.728697893486596
100,actuated,5,5,859.8032706276086,107.47540882845108,1870408.7427370488,187040.8742737049,495.0,8.935018050541517,86476.34576842817,1560.9448694662126,55.4,1.1200832936087957,77.5,32.4,30,0.935077388496795,0.5848375451263538,77.5,100.0,6.2,0.775,0.011395366727888143,0.0,8,100.0,1.0,0.0,100.0,1.0,0.0,0.0,0.0,0.0,20.0,0.2,0.09116293382310514,100.0,1.0,0.0,100.0,1.0,0.0,100.0,1.0,0.0,100.0,1.0,0.0
101,actuated,1,5,1166.1645903469625,118.99638677009821,1390.2242738455059,139.02242738455058,329.0,5.711805555555555,97297.86346915015,1689.1990185616346,57.6,1.3527197590508027,77.5,31.6,32,0.9504191063414487,0.5486111111111112,77.5,100.0,6.4,0.8,0.0,0.0,8,100.0,1.0,0.0,100.0,1.0,0.0,0.0,0.0,0.0,20.0,0.4,0.0,100.0,1.0,0.0,100.0,1.0,0.0,100.0,1.0,0.0,100.0,1.0,0.0
102,actuated,1,1,947.1752871224058,96.6505395022863,1209.044386670025,120.9044386670025,278.0,4.86013986013986,97202.89134443515,1699.3512472803347,57.2,2.1398175223607097,39.9874148832572,32.2,25,1.767900991664779,0.5629370629370629,39.9874148832572,100.0,5.0,0.625,3.13632656097447,0.0,8,100.0,1.0,0.0,100.0,1.0,0.0,1.7406769168337632,0.4,8.685139721818269,39.48096354438576,0.4,3.7604396042247674,20.44194217795848,0.8,2.7080728086280725,50.59957988554288,0.8,2.6988330156442246,0.0,0.2,0.0,7.636156541336732,0.4,7.238127337480425
103,actuated,1,1,1256.4176802981262,179.48824004258947,419879.6723116458,41987.967231164585,438.4,8.02930402930403,89004.96185486544,1630.127506499367,54.6,2.0393212148014324,43.96930749849844,37.8,23,2.58640758824905,0.6923076923076923,43.96930749849844,100.0,4.6000000000000005,0.575,2.010715854472402,0.0,8,100.0,1.0,0.0,100.0,1.0,0.0,0.0,0.0,0.0,100.0,1.0,0.0,28.56840155540567,0.6,4.041694653893834,13.626711174190405,0.6,4.147173006475974,9.559347258391426,0.2,7.896859175409407,0.0,0.2,0.0
104,actuated,1,1,487.1542399323577,81.19237332205962,5380728.861076659,538072.8861076658,640.0,11.895910780669144,88829.14847213557,1651.099413980215,53.8,2.0639427215144526,43.65414145235235,42.8,21,2.6270754180844524,0.7955390334572491,43.65414145235235,100.0,4.2,0.525,1.4368205108776406,0.0,8,100.0,1.0,0.0,100.0,1.0,0.0,0.0,0.0,0.0,100.0,1.0,0.0,17.28923487095244,0.4,5.783945949395917,31.943896747866347,0.6,5.710618137625209,0.0,0.2,0.0,0.0,0.0,0.0
105,actuated,1,1,311.99998949567794,44.57142707081113,7654867.528716368,765486.7528716368,850.2,16.413127413127413,85997.80603107478,1660.1893056192043,51.8,2.6801466843072834,39.05287284633715,42.6,19,2.8337941730831098,0.8223938223938224,39.05287284633715,100.0,3.8,0.475,1.6565717608926924,0.0,8,100.0,1.0,0.0,100.0,1.0,0.0,0.0,0.0,0.0,100.0,1.0,0.0,0.5419987806999416,0.4,6.664381086045173,11.880983989997276,0.4,6.588193001096365,0.0,0.0,0.0,0.0,0.0,0.0
106,actuated,1,1,366.5450239103963,55.53712483490853,7328889.177195999,732888.9177195999,1060.8,19.93984962406015,87435.88757872178,1643.531721404545,53.2,2.7211801407169403,49.717367074557046,43.0,23,2.994494638601083,0.8082706766917294,49.717367074557046,100.0,4.6000000000000005,0.575,2.474030047577914,0.0,8,100.0,1.0,0.0,100.0,1.0,0.0,85.26207829639134,1.0,1.9895857669771524,100.0,1.0,0.0,1.550319000507443,0.4,8.650626029074193,0.0,0.0,0.0,10.92653929955759,0.2,9.152028584571966,0.0,0.0,0.0
107,actuated,1,1,732.4835667249382,118.1425107620868,4602888.872008879,460288.8872008879,1281.6,23.30181818181818,84036.93579879231,1527.9442872507695,55.0,1.1708256439687676,51.18364270013103,46.6,22,1.5537342533647012,0.8472727272727273,51.18364270013103,100.0,4.4,0.55,1.0946008790362813,0.0,8,100.0,1.0,0.0,100.0,1.0,0.0,100.0,1.0,0.0,100.0,1.0,0.0,0.0,0.0,0.0,9.46914160104825,0.4,8.75680703229025,0.0,0.0,0.0,0.0,0.0,0.0
108,actuated,1,1,564.7901294931532,97.3776085333023,4140960.026186578,414096.0026186578,1524.0,26.458333333333332,91807.41033259031,1593.8786516074708,57.6,1.3311223617124808,52.5,49.8,24,1.766192107001107,0.8645833333333334,52.5,100.0,4.800000000000001,0.6,1.0387532129017971,0.0,8,100.0,1.0,0.0,100.0,1.0,0.0,100.0,1.0,0.0,100.0,1.0,0.0,0.0,0.0,0.0,0.0,0.0,0.0,0.0,0.4,0.0,20.0,0.4,8.310025703214377
109,actuated,5,1,1565.9945215353414,186.42791923039778,5553.977897773588,555.3977897773588,1030.2,17.701030927835053,97221.56469607918,1670.473620207546,58.2,1.2723635631046202,37.12855926498122,35.4,20,1.3811435737845865,0.6082474226804123,37.12855926498122,80.0,4.0,0.5,1.7889381446531283,0.0,8,60.0,0.8,0.0,80.0,1.0,0.0,60.0,0.8,0.0,80.0,1.0,0.0,14.525942183111056,0.2,6.884235028573049,0.0,0.0,0.0,0.0,0.0,0.0,2.5025319367387056,0.2,7.427270128651977
110,actuated,5,5,885.246032307994,90.33122778653,1205.3296871998245,120.53296871998245,509.0,9.187725631768952,100657.9165528871,1816.9299016766624,55.4,1.6867331644836618,16.037420047776436,21.0,15,1.0874911255648363,0.37906137184115524,16.037420047776436,35.70186794306892,3.0,0.375,2.022099530171546,0.0,8,35.70186794306892,0.6,1.8603002652882386,28.76263402695031,0.6,1.9562153922719203,23.42491816713391,0.6,1.8160154309733278,31.702298055201936,0.6,1.8915172447843323,0.0,0.0,0.0,8.707642189856415,0.4,8.652747908054549,0.0,0.0,0.0,0.0,0.2,0.0
111,actuated,5,5,421.9620486189548,43.954380064474456,1174.43804777371,117.443804777371,144.6,3.0635593220338984,92083.06431245395,1950.912379501143,47.2,2.5491031991982402,12.83026248685644,10.2,13,1.333125981789601,0.21610169491525424,12.83026248685644,31.511771907794355,2.6,0.325,3.0082642245275366,0.0,8,28.44752251497539,0.6,3.991802862927578,7.598204083835753,0.6,3.978041033919964,0.0,0.0,0.0,31.511771907794355,0.8,4.06016450813366,0.0,0.0,0.0,21.20711207318209,0.4,4.830190997815596,13.87748931506394,0.2,7.205914393423495,0.0,0.0,0.0
112,actuated,5,5,365.6829423793811,41.55487981583875,803682.9047309498,80368.29047309498,145.8,3.063025210084034,81412.98289732063,1710.3567835571562,47.6,2.326590450996622,30.44716309100778,15.0,17,1.5168677618566748,0.31512605042016806,30.44716309100778,100.0,3.4,0.425,2.6809971711135856,0.0,8,58.442773663452954,0.8,3.6980163763529577,50.51507667295482,0.8,5.2749892818740385,11.147632905431237,0.2,8.970514265075863,0.0,0.2,0.0,23.471821486223234,0.4,3.5044574456058277,100.0,1.0,0.0,0.0,0.0,0.0,0.0,0.0,0.0
113,actuated,5,5,712.7699678893104,93.78552209069873,2221504.8873700094,222150.48873700094,258.2,5.023346303501945,79350.0987330424,1543.776239942459,51.4,1.204655684237117,59.677203326876054,29.4,26,0.985634044178474,0.5719844357976653,59.677203326876054,100.0,5.199999999999999,0.65,0.8802561017240546,0.0,8,100.0,1.0,0.0,100.0,1.0,0.0,0.0,0.0,0.0,36.64992193869466,0.6,2.288875420776855,100.0,1.0,0.0,100.0,1.0,0.0,40.76770467631377,0.6,4.753173393015581,0.0,0.0,0.0
114,actuated,0,5,1268.3996190409966,140.93329100455517,868096.8047827355,86809.68047827356,281.2,5.112727272727272,87514.88328420794,1591.1796960765082,55.0,1.0542897140334793,67.66434946837535,34.4,28,0.9367783379555167,0.6254545454545455,67.66434946837535,100.0,5.6,0.7,0.925545076935771,0.0,8,100.0,1.0,0.0,100.0,1.0,0.0,0.0,0.0,0.0,41.31479574700279,0.6,7.404360615486168,100.0,1.0,0.0,100.0,1.0,0.0,100.0,1.0,0.0,0.0,0.0,0.0
115,actuated,0,0,1242.417990277421,159.2843577278745,1039117.6317192588,103911.76317192588,457.6,8.028070175438597,89844.61100405952,1576.2212456852546,57.0,1.0556274775322043,51.868409699030735,43.2,23,1.3665263182734955,0.7578947368421053,51.868409699030735,100.0,4.6000000000000005,0.575,0.8362726873075909,0.0,8,100.0,1.0,0.0,100.0,1.0,0.0,0.0,0.0,0.0,100.0,1.0,0.0,0.0,0.2,0.0,100.0,1.0,0.0,0.0,0.2,0.0,14.947277592245882,0.2,6.690181498460727
116,actuated,0,0,1169.8174316728368,149.97659380420987,4786600.892471882,478660.0892471882,677.0,11.43581081081081,94881.50039383808,1602.7280471932108,59.2,1.9186736812169176,50.0,46.8,20,2.696110862117139,0.7905405405405406,50.0,100.0,4.0,0.5,0.0,0.0,8,100.0,1.0,0.0,100.0,1.0,0.0,0.0,0.0,0.0,100.0,1.0,0.0,0.0,0.0,0.0,100.0,1.0,0.0,0.0,0.0,0.0,0.0,0.0,0.0
117,actuated,0,0,468.2281622121508,73.16065034564855,3838005.565635263,383800.5565635263,920.4,14.990228013029316,96533.22645804075,1572.20238531011,61.4,1.206327469910008,74.15810378048207,51.2,31,1.6492908286679802,0.8338762214983714,74.15810378048207,100.0,6.2,0.775,1.7018688500067654,0.0,8,100.0,1.0,0.0,100.0,1.0,0.0,96.79603957551763,1.0,2.5402731256987203,100.0,1.0,0.0,84.67532585246772,1.0,2.5954053348624333,100.0,1.0,0.0,11.793464815871175,0.2,8.479272339492969,0.0,0.0,0.0
118,actuated,0,0,701.5502284849357,106.29548916438421,3557368.456832013,355736.84568320133,1185.0,18.75,98027.1790905057,1551.0629602928118,63.2,1.3978524862834423,76.67864417219647,54.8,32,2.2085266672768973,0.8670886075949367,76.67864417219647,100.0,6.4,0.8,0.9007953217240245,0.0,8,100.0,1.0,0.0,100.0,1.0,0.0,100.0,1.0,0.0,100.0,1.0,0.0,100.0,1.0,0.0,100.0,1.0,0.0,13.429153377571765,0.4,7.206362573792196,0.0,0.0,0.0
119,actuated,0,0,696.9924035343444,139.39848070686887,3243734.2818940086,324373.4281894009,1468.4,22.660493827160494,100212.34621427841,1546.4868242944199,64.8,1.250129575330199,75.0,58.8,30,2.3899127833800105,0.9074074074074074,75.0,100.0,6.0,0.75,0.0,0.0,8,100.0,1.0,0.0,100.0,1.0,0.0,100.0,1.0,0.0,100.0,1.0,0.0,100.0,1.0,0.0,100.0,1.0,0.0,0.0,0.0,0.0,0.0,0.0,0.0
120,actuated,5,0,1444.6780145888254,200.64972424844797,1468111.5971365182,146811.1597136518,1128.6,17.309815950920246,106092.24790184278,1627.1817162859325,65.2,0.8050550020564888,56.594372170908684,44.6,27,1.4863535892908613,0.6840490797546013,56.594372170908684,100.0,5.4,0.675,0.9800095790115808,0.0,8,60.0,0.8,0.0,60.0,0.8,0.0,60.0,0.8,0.0,60.0,0.8,0.0,100.0,1.0,0.0,100.0,1.0,0.0,0.0,0.0,0.0,12.754977367269476,0.2,7.8400766320926465
121,actuated,5,5,1102.7952230337635,117.3186407482727,416881.5353812449,41688.15353812449,749.8,12.332236842105264,109791.9370719948,1805.7884386841251,60.8,1.304624035496471,39.96945307342202,30.0,22,1.0518920786800987,0.4934210526315789,39.96945307342202,100.0,4.4,0.55,0.9300418961119381,0.0,8,32.30394560828245,0.6,1.8704117849486657,27.721419847021025,0.6,1.8842668237599034,24.84024612211215,0.6,1.658345777540125,34.89001300996051,0.6,2.027310782646811,100.0,1.0,0.0,100.0,1.0,0.0,0.0,0.0,0.0,0.0,0.0,0.0
122,actuated,5,5,797.9572611230203,79.79572611230203,797.9572611230203,79.79572611230203,508.0,9.37269372693727,102958.69957539687,1899.6070032361047,54.2,2.3606770145822393,33.34420367661863,17.6,23,1.3516049017142813,0.3247232472324723,33.34420367661863,100.0,4.6,0.575,1.5215868189847332,0.0,8,10.535273462242003,0.8,4.037818902259773,26.71945737015676,1.0,3.6881445164190216,0.0,0.0,0.0,29.498898580550303,0.8,4.446731133199071,100.0,1.0,0.0,100.0,1.0,0.0,0.0,0.0,0.0,0.0,0.0,0.0
123,actuated,5,5,836.4143784489848,90.91460635315053,28141.181128479664,2814.1181128479666,552.6,10.79296875,87642.0010001247,1711.7578320336856,51.2,2.564730306169977,47.19459526467034,20.8,22,1.912255157020347,0.40625,47.19459526467034,100.0,4.4,0.55,1.5337469558582821,0.0,8,24.395761192156442,0.6,4.674700428990985,69.49161138815043,0.8,5.135298067783344,0.0,0.0,0.0,0.0,0.0,0.0,100.0,1.0,0.0,100.0,1.0,0.0,83.66938953705585,1.0,2.4599771500919294,0.0,0.0,0.0
124,actuated,5,5,1123.3445043815111,124.81605604239013,34612.3356730794,3461.2335673079397,686.6,12.04561403508772,86860.31165402637,1523.8651167373048,57.0,1.7364037204054674,69.75467660434276,33.0,31,2.26432617138108,0.5789473684210527,69.75467660434276,100.0,6.200000000000001,0.7749999999999999,2.09830539768559,0.0,8,100.0,1.0,0.0,100.0,1.0,0.0,10.414808965733755,0.2,9.601712362561294,40.0,0.6,0.13099441649220553,100.0,1.0,0.0,100.0,1.0,0.0,100.0,1.0,0.0,7.622603869008344,0.4,7.05373640243122
125,actuated,1,5,1159.0564554173006,134.77400644387217,91525.35687258368,9152.535687258369,413.2,7.051194539249146,94152.16577522553,1606.6922487239851,58.6,0.8985690692077974,62.5,35.2,25,0.8295570129742736,0.6006825938566553,62.5,100.0,5.0,0.625,0.0,0.0,8,100.0,1.0,0.0,100.0,1.0,0.0,0.0,0.0,0.0,0.0,0.0,0.0,100.0,1.0,0.0,100.0,1.0,0.0,100.0,1.0,0.0,0.0,0.0,0.0
126,actuated,1,1,1226.3210517477269,133.29576649431814,280073.843477721,28007.3843477721,322.4,5.636363636363637,97581.76680764022,1705.9749441895142,57.2,1.7719203572710804,41.96421625916457,34.0,28,1.8595990252975796,0.5944055944055944,41.96421625916457,100.0,5.6,0.7,1.4852426333440532,0.0,8,100.0,1.0,0.0,100.0,1.0,0.0,40.0,0.6,0.32654769228056435,29.46694815016599,0.8,2.000647197353393,13.841819315327939,0.6,2.7880295713049486,23.028595068658433,0.8,2.5283517079007534,29.37636753916422,0.8,4.238364897912767,0.0,0.0,0.0
127,actuated,1,1,815.1527208370514,104.50675908167327,533258.1531641711,53325.815316417116,470.2,8.456834532374101,94387.88330041344,1697.623800367148,55.6,1.9361039911299198,31.972919325759506,37.6,18,2.079454249242076,0.6762589928057554,31.972919325759506,100.0,3.6,0.45,2.173146520772594,0.0,8,100.0,1.0,0.0,100.0,1.0,0.0,0.0,0.0,0.0,0.0,0.0,0.0,12.539110682191676,0.6,4.394521904967776,31.548888366514802,0.6,4.79291781872952,0.0,0.0,0.0,11.695355557369567,0.4,8.197732442483455
128,actuated,1,1,635.8900400994494,90.84143429992135,3854544.251818801,385454.42518188007,668.2,12.061371841155236,86810.40904875613,1566.9748925768254,55.4,1.6134018087235404,38.417770222641536,41.8,22,1.784209224381426,0.7545126353790613,38.417770222641536,100.0,4.4,0.55,1.8613480444562258,0.0,8,100.0,1.0,0.0,100.0,1.0,0.0,0.0,0.0,0.0,85.9816319113429,1.0,6.317852404289387,16.517390946974047,0.6,4.882177566612257,4.843138922815342,0.8,3.6907543847481628,0.0,0.0,0.0,0.0,0.0,0.0
129,actuated,1,1,432.16719227988744,69.70438585159475,5409551.411031378,540955.1411031379,887.6,15.409722222222221,93132.24135315721,1616.8791901589793,57.6,1.6281720149613705,62.81710130870351,46.8,26,2.1777220731825944,0.8125,62.81710130870351,100.0,5.2,0.65,1.0327497283462435,0.0,8,100.0,1.0,0.0,100.0,1.0,0.0,0.0,0.0,0.0,100.0,1.0,0.0,100.0,1.0,0.0,100.0,1.0,0.0,2.536810469628108,0.2,8.261997826769948,0.0,0.0,0.0
130,actuated,1,1,954.7828080087986,144.66406181951496,3010639.993716382,301063.9993716382,1129.2,19.01010101010101,93666.16933397899,1576.871537609074,59.4,1.3127003208619774,75.42458122327815,50.2,33,1.9230760268375926,0.8451178451178452,75.42458122327815,100.0,6.6000000000000005,0.825,1.5056130942656396,0.0,8,100.0,1.0,0.0,100.0,1.0,0.0,98.09051011717656,1.0,3.8375422736635185,100.0,1.0,0.0,100.0,1.0,0.0,100.0,1.0,0.0,0.0,0.2,0.0,5.306139669048662,0.4,8.2073624804616
131,actuated,5,1,2337.063812883951,265.5754332822671,207771.486666343,20777.1486666343,804.0,13.4,99376.12861391556,1656.268810231926,60.0,0.7875893721890439,55.0,38.0,26,0.8723973257518448,0.6333333333333333,55.0,100.0,5.2,0.65,0.0,0.0,8,60.0,0.8,0.0,60.0,0.8,0.0,60.0,0.8,0.0,60.0,0.8,0.0,100.0,1.0,0.0,100.0,1.0,0.0,0.0,0.0,0.0,0.0,0.0,0.0
132,actuated,5,5,696.4147929250006,77.37942143611117,445599.7224374978,44559.972243749784,419.0,7.429078014184397,100562.45111884762,1783.0221829582913,56.4,1.429355915037754,40.6133120942647,23.8,24,0.9961877009722268,0.4219858156028369,40.6133120942647,100.0,4.800000000000001,0.6,1.82792065330894,0.0,8,38.04621573848863,0.6,2.345098730124292,29.35259290502927,0.6,1.5951017848202291,27.897120176130557,0.6,1.9431379089217322,28.560104314371983,0.6,1.8233852819199816,100.0,1.0,0.0,100.0,1.0,0.0,1.0504636200971618,0.4,6.916641520685285,0.0,0.0,0.0
133,actuated,5,5,434.33274473945767,49.35599372039291,1000656.2604802577,100065.62604802576,215.8,4.350806451612903,95490.8068058317,1925.2178791498327,49.6,2.1870307392886827,36.647900764654935,14.4,21,1.348785254884565,0.2903225806451613,36.647900764654935,100.0,4.2,0.525,1.3950185499956638,0.0,8,34.88306975600608,0.8,4.036349029313193,42.95078958659815,1.0,3.3794781800345763,0.0,0.0,0.0,15.34934677463525,0.4,3.74432119061754,100.0,1.0,0.0,100.0,1.0,0.0,0.0,0.0,0.0,0.0,0.0,0.0
134,actuated,5,5,438.629269612746,53.49137434301781,242419.69594586483,24241.969594586484,271.2,5.512195121951219,84899.95784795129,1725.6088993486032,49.2,2.352715516228812,43.84177049054756,18.6,23,1.7931699371130019,0.3780487804878049,43.84177049054756,100.0,4.6,0.575,1.6172581538822874,0.0,8,21.01342460511887,0.8,5.510068951176497,65.67850315874466,1.0,4.525964464641328,0.0,0.0,0.0,0.0,0.0,0.0,100.0,1.0,0.0,100.0,1.0,0.0,64.04223616051695,0.8,2.9020318152404734,0.0,0.0,0.0
135,actuated,5,5,1206.6232077131326,128.36417103331198,150820.7407990859,15082.07407990859,396.4,7.451127819548872,83837.86304732472,1575.8996813406902,53.2,1.9581684520606826,64.61243658787282,30.4,28,2.2314228727268,0.5714285714285714,64.61243658787282,100.0,5.6,0.7,2.242469529691165,0.0,8,100.0,1.0,0.0,100.0,1.0,0.0,5.956996156812693,0.4,8.801073892228304,10.942496546169878,0.2,9.138682345301016,100.0,1.0,0.0,100.0,1.0,0.0,100.0,1.0,0.0,0.0,0.0,0.0
136,actuated,1,5,1533.5541159589352,178.32024604173665,14433.882803415376,1443.3882803415377,290.2,5.295620437956204,90385.79253271638,1649.3757761444597,54.8,1.297547793496532,65.23176489882701,33.2,27,1.870208511172788,0.6058394160583942,65.23176489882701,100.0,5.4,0.675,1.2431460471988913,0.0,8,100.0,1.0,0.0,100.0,1.0,0.0,0.0,0.0,0.0,15.980750761011677,0.2,1.9381952973088894,100.0,1.0,0.0,100.0,1.0,0.0,100.0,1.0,0.0,5.8733684296043975,0.2,8.006973080282242
137,actuated,1,1,1241.8583558198966,124.18583558198966,1241.8583558198966,124.18583558198966,312.2,5.555160142348755,97359.36684181666,1732.3730754771648,56.2,1.7441002574030071,35.02122164400589,33.2,22,1.6365324486652542,0.5907473309608541,35.02122164400589,100.0,4.4,0.55,0.7265020946837313,0.0,8,100.0,1.0,0.0,100.0,1.0,0.0,0.0,0.0,0.0,20.0,0.4,0.0,20.20836497260234,0.8,2.516239504469274,19.96140817944479,0.6,3.2957772530005762,20.0,0.4,0.0,0.0,0.2,0.0
138,actuated,1,1,1009.0233142133433,114.66174025151628,49608.294843551994,4960.829484355199,478.6,8.92910447761194,89803.98462423563,1675.4474743327544,53.6,2.6273281013259555,32.408407523983556,37.4,18,2.6174529170088183,0.6977611940298507,32.408407523983556,100.0,3.6000000000000005,0.45,2.8270939715787677,0.0,8,100.0,1.0,0.0,100.0,1.0,0.0,0.0,0.0,0.0,9.055828086893598,0.2,5.309186480936693,16.699059746520106,0.6,4.635554931809293,21.18011415072033,0.6,4.563195387352758,12.332258207734412,0.2,8.108814972531396,0.0,0.0,0.0
139,actuated,1,1,980.1607307777394,122.52009134721743,2738521.5349732554,273852.15349732555,669.0,12.434944237918216,85727.72239161721,1593.4520890635167,53.8,2.4209946818478993,41.626299972433856,40.2,21,2.5302744403198703,0.7472118959107806,41.626299972433856,100.0,4.2,0.525,2.3841298120608627,0.0,8,100.0,1.0,0.0,100.0,1.0,0.0,0.787456349828517,0.2,7.460466218701491,100.0,1.0,0.0,0.0,0.2,0.0,18.54492131151801,0.6,4.836142516932358,13.678022118124318,0.2,6.776429760853052,0.0,0.0,0.0
140,actuated,1,1,527.2744258965988,97.64341220307385,3362232.1544566043,336223.2154456604,885.0,15.636042402826854,86377.82786022587,1526.1100328661814,56.6,1.215729778106877,65.51683940126765,47.2,31,1.8698306960757372,0.833922261484099,65.51683940126765,100.0,6.2,0.775,0.3970424449203685,0.0,8,100.0,1.0,0.0,100.0,1.0,0.0,100.0,1.0,0.0,100.0,1.0,0.0,80.0,1.0,0.1357192407749087,44.13471521014117,1.0,3.040620318588039,0.0,0.2,0.0,0.0,0.0,0.0
141,actuated,1,1,1008.805019617847,162.71048703513662,3195245.972142826,319524.5972142826,1122.6,18.77257525083612,94657.44605924818,1582.9004357733809,59.8,1.149925668565096,71.06378723352577,49.6,29,1.8225126926444932,0.8294314381270903,71.06378723352577,100.0,5.8,0.725,0.07855563703348725,0.0,8,100.0,1.0,0.0,100.0,1.0,0.0,100.0,1.0,0.0,100.0,1.0,0.0,68.51029786820618,0.8,0.628445096267898,100.0,1.0,0.0,0.0,0.0,0.0,0.0,0.0,0.0
142,actuated,5,1,1568.370722616128,196.046340327016,985194.307517234,98519.4307517234,794.4,13.373737373737374,97417.6905612326,1640.0284606268112,59.4,1.5876381948098237,59.448984002185625,37.8,28,2.401372278144779,0.6363636363636364,59.448984002185625,100.0,5.6000000000000005,0.7000000000000001,0.8016997565130266,0.0,8,80.0,1.0,0.0,60.0,0.8,0.0,60.0,0.8,0.0,60.0,0.8,0.0,100.0,1.0,0.0,100.0,1.0,0.0,15.591872017485002,0.2,6.413598052104213,0.0,0.0,0.0
143,actuated,5,5,761.4593184334606,76.14593184334606,761.4593184334606,76.14593184334606,409.6,7.340501792114695,101814.63901474161,1824.635107791068,55.8,2.2327502362666394,43.20267706369094,23.2,23,1.9112131984445715,0.4157706093189964,43.20267706369094,100.0,4.6000000000000005,0.575,1.756498504890084,0.0,8,35.29878755642358,0.6,2.1554719268494713,38.940868690594925,0.6,2.0102606416204982,27.055325876733605,0.6,2.047006123972934,27.264990578642028,0.6,1.978080671246564,100.0,1.0,0.0,100.0,1.0,0.0,0.0,0.0,0.0,17.0614438071334,0.2,5.8611686754312045
144,actuated,5,5,454.0452553912893,47.29638076992597,400454.0452553913,40045.404525539125,188.0,3.821138211382114,93292.8372467734,1896.1958789994594,49.2,2.634166326365167,36.05328992049465,12.2,21,1.688228497391517,0.24796747967479674,36.05328992049465,100.0,4.2,0.525,2.2725669115597342,0.0,8,36.72804963876615,0.6,4.064003963085023,24.841151325217652,0.6,3.7209699201388293,0.0,0.0,0.0,10.676879017928513,0.8,4.215183131849208,100.0,1.0,0.0,100.0,1.0,0.0,0.0,0.0,0.0,16.180239382044874,0.2,6.180378277404812
145,actuated,5,5,673.5961368040412,78.32513218651641,644770.0615817258,64477.00615817258,225.6,4.7196652719665275,80416.58775779905,1682.3553924225744,47.8,2.4043423250284994,39.87604322106364,17.8,20,2.2776566765374935,0.3723849372384937,39.87604322106364,100.0,4.0,0.5,2.0437844828243774,0.0,8,59.91026148027004,0.8,3.646765561765334,56.011150702472605,0.8,3.8380946725752687,3.0869335857664737,0.4,8.865415628254414,0.0,0.0,0.0,100.0,1.0,0.0,100.0,1.0,0.0,0.0,0.0,0.0,0.0,0.0,0.0
146,actuated,5,5,650.5405043685946,92.93435776694209,2985253.531644567,298525.35316445667,349.8,6.6,82010.00533798742,1547.3585912827816,53.0,1.0023012253536605,50.0,30.2,20,0.9361457134076051,0.569811320754717,50.0,100.0,4.0,0.5,0.0,0.0,8,100.0,1.0,0.0,100.0,1.0,0.0,0.0,0.0,0.0,0.0,0.0,0.0,100.0,1.0,0.0,100.0,1.0,0.0,0.0,0.0,0.0,0.0,0.0,0.0
147,actuated,1,5,1567.7018878484082,166.7767965796179,263898.92159831984,26389.892159831983,259.6,4.702898550724638,90413.65621785066,1637.9285546712074,55.2,1.0872924304925609,62.93683038045373,32.8,25,0.9462165806524536,0.5942028985507246,62.93683038045373,100.0,5.2,0.6499999999999999,0.513190383667133,0.0,8,100.0,1.0,0.0,100.0,1.0,0.0,0.0,0.0,0.0,40.0,0.4,0.05526287479065767,100.0,1.0,0.0,100.0,1.0,0.0,63.49464304362982,0.8,4.050260194546406,0.0,0.0,0.0
148,actuated,1,1,936.3803130205088,106.40685375233053,113318.90845066207,11331.890845066207,318.0,5.955056179775281,90240.46015151848,1689.8962575190726,53.4,1.9801672734476432,32.02877617554151,32.6,20,1.8800778500934912,0.6104868913857678,32.02877617554151,100.0,4.000000000000001,0.5,1.712935853511254,0.0,8,100.0,1.0,0.0,100.0,1.0,0.0,0.0,0.0,0.0,0.0,0.2,0.0,28.70106088674447,0.6,2.707079521392755,19.897212552118617,0.6,2.8972154011172333,0.0,0.2,0.0,7.631935965468983,0.4,8.099191905580044
149,actuated,1,1,1433.065311479464,155.7679686390722,12533.361415466925,1253.3361415466925,490.8,9.402298850574713,86356.51208984913,1654.3393120660753,52.2,2.6795847069128875,28.89657644738378,36.8,16,2.6834482741667256,0.7049808429118773,28.89657644738378,100.0,3.2,0.4,1.002115691534081,0.0,8,100.0,1.0,0.0,100.0,1.0,0.0,0.0,0.0,0.0,0.0,0.0,0.0,18.247361056548925,0.6,3.9874772671406147,12.92525052252131,0.6,4.029448265132032,0.0,0.0,0.0,0.0,0.0,0.0
150,actuated,1,1,713.1960046363902,101.88514351948432,7868615.948217857,786861.5948217857,683.8,13.460629921259843,82172.35653898484,1617.5660736020639,50.8,2.630293279574344,45.372295630072585,41.2,25,3.1516492248653867,0.8110236220472441,45.372295630072585,100.0,5.0,0.625,2.9458208224535865,0.0,8,100.0,1.0,0.0,100.0,1.0,0.0,62.062603053689145,0.8,7.662744370698837,84.63973372472537,1.0,1.8582723417132498,0.0,0.0,0.0,13.385584864499833,0.8,5.801256817400563,2.8904433976663313,0.4,8.244293049816042,0.0,0.0,0.0
151,actuated,1,1,288.3032786286041,51.48272832653645,9159709.371661449,915970.9371661448,895.2,17.691699604743082,80478.17125581276,1590.4776928026238,50.6,1.8724701357497824,50.42631627982445,43.4,23,2.4884040830982155,0.857707509881423,50.42631627982445,100.0,4.6000000000000005,0.575,1.036467601482123,0.0,8,100.0,1.0,0.0,100.0,1.0,0.0,100.0,1.0,0.0,100.0,1.0,0.0,3.410530238595584,0.4,8.291740811856984,0.0,0.2,0.0,0.0,0.0,0.0,0.0,0.0,0.0
152,actuated,1,1,202.58124810588816,42.204426688726706,5097145.857767208,509714.5857767208,1117.0,21.81640625,82244.25700212992,1606.33314457285,51.2,1.7816774409961817,50.0,45.4,20,2.3631916347053785,0.88671875,50.0,100.0,4.0,0.5,0.0,0.0,8,100.0,1.0,0.0,100.0,1.0,0.0,100.0,1.0,0.0,100.0,1.0,0.0,0.0,0.0,0.0,0.0,0.0,0.0,0.0,0.0,0.0,0.0,0.0,0.0
153,actuated,1,1,569.9924386952771,94.99873978254618,4000569.9924386963,400056.9992438696,1342.0,24.48905109489051,88841.21469076765,1621.1900491015995,54.8,2.197666848692041,53.60098039235851,45.8,24,2.6692257650754425,0.8357664233576643,53.60098039235851,100.0,4.800000000000001,0.6,3.344188614055095,0.0,8,100.0,1.0,0.0,100.0,1.0,0.0,100.0,1.0,0.0,100.0,1.0,0.0,11.336642123624188,0.2,8.820954115823426,0.0,0.0,0.0,6.304916950314237,0.4,8.977024074085058,11.166284064929641,0.2,8.955530722532277
154,actuated,1,1,705.2226495154658,106.8519165932524,3002646.0056913393,300264.60056913394,1572.8,27.117241379310343,91572.35243189507,1578.8336626188805,58.0,1.1521416967044902,50.0,48.2,20,1.3831531379674875,0.8310344827586207,50.0,100.0,4.0,0.5,0.0,0.0,8,100.0,1.0,0.0,100.0,1.0,0.0,100.0,1.0,0.0,100.0,1.0,0.0,0.0,0.0,0.0,0.0,0.0,0.0,0.0,0.0,0.0,0.0,0.0,0.0
155,actuated,1,1,463.74975698717526,66.24996528388218,3000463.749756987,300046.3749756987,1814.8,30.655405405405407,94142.07280928202,1590.2377163730073,59.2,1.5457727665284517,51.71866577600014,49.6,23,1.5929358045269555,0.8378378378378378,51.71866577600014,100.0,4.6000000000000005,0.575,2.026787638064679,0.0,8,100.0,1.0,0.0,100.0,1.0,0.0,100.0,1.0,0.0,100.0,1.0,0.0,2.3536538790676786,0.2,7.73158100392431,11.395672328933415,0.4,8.48272010059312,0.0,0.0,0.0,0.0,0.0,0.0
156,actuated,5,1,1453.0281280379434,186.28565744076198,78261.63446537626,7826.163446537626,1212.2,20.6156462585034,95761.44372768424,1628.5959817633375,58.8,1.115031361518815,39.36359903949352,36.6,23,1.2046460250140025,0.6224489795918368,39.36359903949352,80.0,4.6000000000000005,0.575,1.9865731768262573,0.0,8,80.0,1.0,0.0,80.0,1.0,0.0,80.0,1.0,0.0,60.0,0.8,0.0,0.0,0.2,0.0,6.3744559564361225,0.2,8.376562303760231,8.534336359512054,0.4,7.516023110849828,0.0,0.0,0.0
157,actuated,5,5,809.4618621303902,91.98430251481706,1380818.206422864,138081.8206422864,574.4,10.293906810035843,101100.79222804662,1811.8421546244913,55.8,1.3401584398337385,14.070040239151353,22.2,14,1.0075791406323082,0.3978494623655914,14.070040239151353,32.9546583907927,2.8000000000000003,0.35000000000000003,2.095729728421018,0.0,8,31.802752998830783,0.6,1.7250478189706764,25.390924249172713,0.6,1.7590632916299078,17.440899976095352,0.4,2.3618014377943455,32.9546583907927,0.6,2.154196688199661,0.0,0.0,0.0,0.0,0.2,0.0,0.0,0.0,0.0,4.971086298319278,0.4,8.765728590773554
158,actuated,5,5,564.5064909359612,56.45064909359612,564.5064909359612,56.45064909359612,142.4,2.966666666666667,94790.64930942311,1974.8051939463148,48.0,2.4162886205660445,11.055033341985734,10.0,15,1.3069529029957545,0.20833333333333334,11.055033341985734,28.222128787249403,3.0,0.375,1.9266908197709318,0.0,8,19.835311005883796,0.6,3.9835475738428565,28.222128787249403,1.0,3.9827281704954736,24.003868335751122,0.6,3.4313632396755556,16.37895860700155,0.8,4.01588757415357,0.0,0.0,0.0,0.0,0.0,0.0,0.0,0.0,0.0,0.0,0.0,0.0
159,actuated,5,5,368.9798371456506,37.651003790372506,200368.97983714566,20036.897983714567,155.4,3.4078947368421053,82309.60992231603,1805.0353053139481,45.6,3.334762182803949,20.830665544399096,12.8,14,2.9462444132632273,0.2807017543859649,20.830665544399096,94.48281542341874,2.8,0.35,2.4411556760956903,0.0,8,54.007537479060375,0.8,4.441523426378829,15.1123304484463,0.6,5.412695667119042,0.0,0.0,0.0,3.0426410042673524,0.4,8.633972344361247,0.0,0.0,0.0,94.48281542341874,1.0,1.041053970906403,0.0,0.0,0.0,0.0,0.0,0.0
160,actuated,5,5,775.0739381929953,90.12487653406923,910962.481052236,91096.24810522361,247.6,4.8359375,78063.94813765728,1524.6864870636186,51.2,1.3275783226293398,61.40737370052278,25.6,27,0.8697644232384849,0.5,61.40737370052278,100.0,5.6,0.7,1.4095387165342674,0.0,8,100.0,1.0,0.0,100.0,1.0,0.0,0.0,0.0,0.0,40.0,0.6,0.09774513392480283,82.55122326429273,1.0,4.6939841849777215,100.0,1.0,0.0,1.4214891583878853,0.2,4.691976575863293,67.28627718150165,0.8,1.7926038375083202
161,actuated,0,5,961.6886075491423,106.85428972768247,1000961.688607549,100096.1688607549,299.8,5.450909090909091,90885.44282501012,1652.4625968183657,55.0,1.1585186660326285,75.0,34.4,30,0.8485852881535153,0.6254545454545455,75.0,100.0,6.0,0.75,0.0,0.0,8,100.0,1.0,0.0,100.0,1.0,0.0,0.0,0.0,0.0,0.0,0.0,0.0,100.0,1.0,0.0,100.0,1.0,0.0,100.0,1.0,0.0,100.0,1.0,0.0
162,actuated,0,0,1549.5005736497974,161.40630975518724,2045.2215666065586,204.52215666065587,478.0,8.356643356643357,95401.29061888324,1667.8547310993574,57.2,1.855566598106818,56.59586018269266,41.0,26,1.9046294290579766,0.7167832167832168,56.59586018269266,100.0,5.200000000000001,0.6499999999999999,1.2998843062012382,0.0,8,100.0,1.0,0.0,100.0,1.0,0.0,11.674285499891539,0.2,8.565834714332544,1.0925959616497494,0.2,1.8332397352773624,100.0,1.0,0.0,100.0,1.0,0.0,20.0,0.4,0.0,20.0,0.4,0.0
163,actuated,0,0,850.8395930210424,141.8065988368404,1759807.659284025,175980.76592840248,697.6,12.457142857142857,84191.48861714598,1503.4194395918926,56.0,1.9711589525124327,65.15331228908963,47.2,28,3.0285201791012266,0.8428571428571429,65.15331228908963,100.0,5.6000000000000005,0.7,2.074192171841492,0.0,8,100.0,1.0,0.0,100.0,1.0,0.0,0.0,0.0,0.0,100.0,1.0,0.0,100.0,1.0,0.0,100.0,1.0,0.0,12.867224900974179,0.2,7.771683542457472,8.359273411742834,0.4,8.821853832274467
164,actuated,0,0,869.4854106646555,161.01581678975103,8124633.173880555,812463.3173880555,947.2,16.054237288135592,91935.14817759277,1558.222850467674,59.0,1.1689635093179327,70.38256641341349,52.4,29,2.4143790553217777,0.888135593220339,70.38256641341349,100.0,5.8,0.725,0.22017372434217866,0.0,8,100.0,1.0,0.0,100.0,1.0,0.0,63.06053130730788,0.8,1.7613897947374293,100.0,1.0,0.0,100.0,1.0,0.0,100.0,1.0,0.0,0.0,0.0,0.0,0.0,0.0,0.0
165,actuated,0,0,813.8479415303411,116.26399164719159,3000813.84794153,300081.384794153,1205.2,19.191082802547772,101642.14042713286,1618.5054208142176,62.8,1.1564028168036395,75.0,52.4,30,1.7633971093644456,0.8343949044585988,75.0,100.0,6.0,0.75,0.0,0.0,8,100.0,1.0,0.0,100.0,1.0,0.0,100.0,1.0,0.0,100.0,1.0,0.0,100.0,1.0,0.0,100.0,1.0,0.0,0.0,0.0,0.0,0.0,0.0,0.0
166,actuated,0,0,564.0330374423105,85.4595511276228,3007017.3678563777,300701.7367856378,1471.4,23.135220125786162,101040.23191547373,1588.6828917527318,63.6,1.9037006982853812,75.0,54.4,30,2.683247934178268,0.8553459119496856,75.0,100.0,6.0,0.75,0.0,0.0,8,100.0,1.0,0.0,100.0,1.0,0.0,100.0,1.0,0.0,100.0,1.0,0.0,100.0,1.0,0.0,100.0,1.0,0.0,0.0,0.0,0.0,0.0,0.0,0.0
167,actuated,0,0,652.5769873806536,120.84759025567658,4033206.9654766778,403320.6965476678,1753.8,26.81651376146789,100786.20544588001,1541.0734777657494,65.4,1.36286220888021,77.8375728968129,58.8,32,2.5728796415207325,0.8990825688073395,77.8375728968129,100.0,6.4,0.8,1.1013473328417502,0.0,8,100.0,1.0,0.0,100.0,1.0,0.0,100.0,1.0,0.0,100.0,1.0,0.0,100.0,1.0,0.0,100.0,1.0,0.0,22.70058317450321,0.4,8.810778662734002,0.0,0.0,0.0
168,actuated,0,0,357.4044263507599,89.35110658768997,6000988.817485908,600098.8817485909,2055.0,31.51840490797546,101410.69598426949,1555.3787727648696,65.2,1.3069067940948542,75.0,61.0,30,2.5671102345965955,0.9355828220858896,75.0,100.0,6.0,0.75,0.0,0.0,8,100.0,1.0,0.0,100.0,1.0,0.0,100.0,1.0,0.0,100.0,1.0,0.0,100.0,1.0,0.0,100.0,1.0,0.0,0.0,0.0,0.0,0.0,0.0,0.0
169,actuated,0,0,1329.1509583608834,229.16395833808335,3603473.3165606773,360347.33165606775,2360.2,34.00864553314121,109376.71350021176,1576.0333357379216,69.4,1.352631742604013,75.0,62.2,30,2.570545236792422,0.8962536023054755,75.0,100.0,6.0,0.75,0.0,0.0,8,100.0,1.0,0.0,100.0,1.0,0.0,100.0,1.0,0.0,100.0,1.0,0.0,100.0,1.0,0.0,100.0,1.0,0.0,0.0,0.0,0.0,0.0,0.0,0.0
170,actuated,0,0,832.4702798272283,130.07348122300442,3005973.749688142,300597.3749688142,2665.8,37.97435897435897,110796.00169454534,1578.2906224294206,70.2,1.6312038745480422,76.19339708494067,62.0,32,2.723228198989744,0.8831908831908832,76.19339708494067,100.0,6.4,0.8,1.052329439355526,0.0,8,100.0,1.0,0.0,100.0,1.0,0.0,100.0,1.0,0.0,100.0,1.0,0.0,100.0,1.0,0.0,100.0,1.0,0.0,9.547176679525364,0.4,8.418635514844208,0.0,0.0,0.0
171,actuated,0,0,1012.573139603401,163.31824832312918,3152644.7739629196,315264.477396292,2976.8,41.459610027855156,110450.94191150383,1538.3139541992177,71.8,1.7680585620010596,75.0,63.8,30,2.931417999564145,0.8885793871866295,75.0,100.0,6.0,0.75,0.0,0.0,8,100.0,1.0,0.0,100.0,1.0,0.0,100.0,1.0,0.0,100.0,1.0,0.0,100.0,1.0,0.0,100.0,1.0,0.0,0.0,0.0,0.0,0.0,0.0,0.0
172,actuated,0,0,1011.2980475418739,219.84740163953782,5880865.04454927,588086.5044549269,3309.0,44.71621621621622,113521.65525295446,1534.0764223372223,74.0,0.8293374001878568,75.51413405528677,69.0,32,2.0012784308925737,0.9324324324324325,75.51413405528677,100.0,6.4,0.8,0.9159301171973087,0.0,8,100.0,1.0,0.0,100.0,1.0,0.0,100.0,1.0,0.0,100.0,1.0,0.0,100.0,1.0,0.0,100.0,1.0,0.0,4.113072442294197,0.4,7.327440937578469,0.0,0.0,0.0
173,actuated,0,0,1018.5039411023794,221.41390023964772,5906324.874656872,590632.4874656872,3658.2,48.00787401574803,118414.99832045399,1554.0026026306298,76.2,0.9228835328013819,75.0,71.2,30,2.082475962359825,0.9343832020997376,75.0,100.0,6.0,0.75,0.0,0.0,8,100.0,1.0,0.0,100.0,1.0,0.0,100.0,1.0,0.0,100.0,1.0,0.0,100.0,1.0,0.0,100.0,1.0,0.0,0.0,0.0,0.0,0.0,0.0,0.0
174,actuated,0,0,1048.4524041214231,218.42758419196315,6650522.785995225,665052.2785995225,4013.6,51.19387755102041,122387.16539565322,1561.0607831078216,78.4,1.3349329664318135,75.0,71.8,30,2.6699568737190043,0.9158163265306123,75.0,100.0,6.0,0.75,0.0,0.0,8,100.0,1.0,0.0,100.0,1.0,0.0,100.0,1.0,0.0,100.0,1.0,0.0,100.0,1.0,0.0,100.0,1.0,0.0,0.0,0.0,0.0,0.0,0.0,0.0
175,actuated,0,0,777.7477573503749,162.0307827813281,5046928.369225624,504692.8369225624,4375.0,54.28039702233251,126351.75638295911,1567.6396573568127,80.6,1.1012932134520073,76.80939953551217,73.2,33,2.377958151219111,0.9081885856079405,76.80939953551217,100.0,6.6,0.825,1.0623269401341473,0.0,8,100.0,1.0,0.0,100.0,1.0,0.0,100.0,1.0,0.0,100.0,1.0,0.0,100.0,1.0,0.0,100.0,1.0,0.0,14.475196284097365,0.6,8.498615521073178,0.0,0.0,0.0
176,actuated,0,0,1181.2498658299662,236.24997316599325,4021080.18136569,402108.018136569,4745.4,58.012224938875306,124502.61981620881,1522.0369170685674,81.8,1.266540373194867,75.0,75.8,30,2.564860474186621,0.9266503667481663,75.0,100.0,6.0,0.75,0.0,0.0,8,100.0,1.0,0.0,100.0,1.0,0.0,100.0,1.0,0.0,100.0,1.0,0.0,100.0,1.0,0.0,100.0,1.0,0.0,0.0,0.0,0.0,0.0,0.0,0.0
177,actuated,0,0,1296.4864488730857,270.1013435152262,3869421.319198406,386942.1319198406,5131.6,60.08899297423888,131550.48656646948,1540.4038239633428,85.4,0.761929902485016,77.5,78.8,32,1.806732436640845,0.9227166276346604,77.5,100.0,6.4,0.8,0.8857439516653157,0.0,8,100.0,1.0,0.0,100.0,1.0,0.0,100.0,1.0,0.0,100.0,1.0,0.0,100.0,1.0,0.0,100.0,1.0,0.0,0.0,0.2,0.0,20.0,0.2,7.085951613322526
178,actuated,0,0,725.4338341970404,201.50939838806676,5694183.953936534,569418.3953936534,5532.2,63.735023041474655,132924.64005916566,1531.389862432784,86.8,0.5724933630429246,75.0,81.8,32,1.0998342177179738,0.9423963133640553,75.0,100.0,6.4,0.8,0.0,0.0,8,100.0,1.0,0.0,100.0,1.0,0.0,100.0,1.0,0.0,100.0,1.0,0.0,100.0,1.0,0.0,100.0,1.0,0.0,0.0,0.2,0.0,0.0,0.2,0.0
179,actuated,3,0,1072.6309943266847,223.464790484726,4265892.6306661125,426589.26306661125,5169.4,59.69284064665127,135708.37957839627,1567.0713577182019,86.6,0.7731642937146258,65.3195335046479,75.2,30,1.32171243149695,0.8683602771362586,65.3195335046479,100.0,6.0,0.75,1.101916901445955,0.0,8,100.0,1.0,0.0,100.0,1.0,0.0,60.0,0.8,0.0,60.0,0.8,0.0,100.0,1.0,0.0,100.0,1.0,0.0,2.5562680371831448,0.4,8.81533521156764,0.0,0.0,0.0
180,actuated,3,3,467.2228395507116,93.44456791014233,5373433.181450247,537343.3181450247,4846.2,57.014117647058825,137311.21423124563,1615.4260497793603,85.0,0.6821903809666451,58.50405879307402,64.8,28,0.897587891876908,0.7623529411764706,58.50405879307402,100.0,5.6000000000000005,0.7,1.2820442199182343,0.0,8,100.0,1.0,0.0,100.0,1.0,0.0,35.0669221136809,0.6,2.073576199223853,28.463258681385923,0.6,1.9327277707281179,100.0,1.0,0.0,100.0,1.0,0.0,0.0,0.0,0.0,4.502289549525358,0.4,6.250049789393902
181,actuated,3,3,272.7119644753149,54.54239289506298,5000272.711964475,500027.2711964475,5018.0,61.646191646191646,137671.1031139919,1691.2911930465837,81.4,1.107933525273093,57.51508485924461,59.4,29,1.3221442874528948,0.7297297297297297,57.51508485924461,100.0,5.8,0.725,1.0091770555213464,0.0,8,100.0,1.0,0.0,100.0,1.0,0.0,40.18903276773926,1.0,4.06046485783388,19.931646106217613,0.8,4.012951586336892,100.0,1.0,0.0,100.0,1.0,0.0,0.0,0.0,0.0,0.0,0.0,0.0
182,actuated,3,3,162.2605226912829,32.45210453825658,6688358.124992331,668835.812499233,5312.0,68.98701298701299,130641.63182634593,1696.6445691733238,77.0,1.70532994559577,57.37142042243988,59.6,27,1.9641326088353965,0.7740259740259741,57.37142042243988,100.0,5.4,0.675,1.8682402393302429,0.0,8,100.0,1.0,0.0,100.0,1.0,0.0,24.17227195247051,0.6,5.6256349905622365,31.312750543286256,0.6,5.844396571331003,100.0,1.0,0.0,100.0,1.0,0.0,3.4863408837622956,0.2,3.475890352748703,0.0,0.0,0.0
183,actuated,3,3,426.88438450598085,85.37687690119617,5000426.8843845045,500042.68843845045,5610.0,77.70083102493075,120575.67184079144,1670.0231556896322,72.2,2.11375344117682,67.84374252688764,60.0,35,2.8453561297614116,0.8310249307479224,67.84374252688764,100.0,7.0,0.875,2.3157371614401034,0.0,8,100.0,1.0,0.0,100.0,1.0,0.0,6.940731924339616,0.8,7.114815306921018,15.348472607267922,0.8,6.746702265086428,100.0,1.0,0.0,100.0,1.0,0.0,100.0,1.0,0.0,20.460735683493567,0.4,4.664379719513382
184,actuated,3,3,144.13875445503203,37.931251172376854,6023291.919287087,602329.1919287087,5913.0,87.7299703264095,108399.23827680506,1608.297303810164,67.4,2.036479586480004,75.0,61.4,30,3.5746456315145783,0.9109792284866469,75.0,100.0,6.0,0.75,0.0,0.0,8,100.0,1.0,0.0,100.0,1.0,0.0,0.0,0.0,0.0,0.0,0.0,0.0,100.0,1.0,0.0,100.0,1.0,0.0,100.0,1.0,0.0,100.0,1.0,0.0
185,actuated,3,3,394.59035183860664,89.67962541786514,5600394.59035184,560039.459035184,6218.0,92.25519287833828,107004.3760324148,1587.6020182850862,67.4,1.2358963212978396,76.38755530909407,61.6,31,1.9715915325414182,0.913946587537092,76.38755530909407,100.0,6.2,0.775,1.1260812378139742,0.0,8,100.0,1.0,0.0,100.0,1.0,0.0,0.0,0.0,0.0,11.100442472752547,0.2,9.008649902511793,100.0,1.0,0.0,100.0,1.0,0.0,100.0,1.0,0.0,100.0,1.0,0.0
186,actuated,3,3,200.64116646813255,50.16029161703314,5648755.479441827,564875.5479441828,6526.0,96.82492581602374,107162.35104293237,1589.9458611711034,67.4,1.4749417197741395,75.0,62.2,30,2.2281796910758302,0.9228486646884273,75.0,100.0,6.0,0.75,0.0,0.0,8,100.0,1.0,0.0,100.0,1.0,0.0,0.0,0.0,0.0,0.0,0.0,0.0,100.0,1.0,0.0,100.0,1.0,0.0,100.0,1.0,0.0,100.0,1.0,0.0
187,actuated,3,3,273.07098047092853,62.06158647066557,5600273.070980471,560027.3070980471,6836.0,100.8259587020649,109246.89845462234,1611.3111866463473,67.8,2.27195054739633,76.43498064627181,62.2,31,3.398522667868728,0.9174041297935103,76.43498064627181,100.0,6.2,0.775,1.088864859647755,0.0,8,100.0,1.0,0.0,100.0,1.0,0.0,11.479845170174485,0.2,8.71091887718204,0.0,0.0,0.0,100.0,1.0,0.0,100.0,1.0,0.0,100.0,1.0,0.0,100.0,1.0,0.0
188,actuated,3,3,342.3071811069012,68.46143622138024,5000342.307181107,500034.2307181107,7146.6,105.7189349112426,106647.06655319687,1577.6193277100128,67.6,3.1619724892908407,76.03981684828227,62.8,32,5.0090259943560795,0.9289940828402367,76.03981684828227,100.0,6.4,0.8,1.0760907276417129,0.0,8,100.0,1.0,0.0,100.0,1.0,0.0,0.0,0.0,0.0,8.31853478625817,0.4,8.608725821133703,100.0,1.0,0.0,100.0,1.0,0.0,100.0,1.0,0.0,100.0,1.0,0.0
189,actuated,3,3,278.94687784941084,58.11393288529393,5200278.946877849,520027.89468778495,7461.0,110.04424778761062,107006.32642028676,1578.2644014791558,67.8,2.20196565737091,75.0,63.2,30,4.182043510088323,0.9321533923303835,75.0,100.0,6.0,0.75,0.0,0.0,8,100.0,1.0,0.0,100.0,1.0,0.0,0.0,0.0,0.0,0.0,0.0,0.0,100.0,1.0,0.0,100.0,1.0,0.0,100.0,1.0,0.0,100.0,1.0,0.0
190,actuated,3,3,454.16092208573457,103.21839138312149,5002129.425558936,500212.94255589356,7776.6,113.36151603498543,106674.16368100555,1555.0169632799643,68.6,2.2287881538732988,75.0,63.8,30,4.160112003915581,0.9300291545189504,75.0,100.0,6.0,0.75,0.0,0.0,8,100.0,1.0,0.0,100.0,1.0,0.0,0.0,0.0,0.0,0.0,0.0,0.0,100.0,1.0,0.0,100.0,1.0,0.0,100.0,1.0,0.0,100.0,1.0,0.0
191,actuated,3,3,529.3050856177747,115.06632296038582,5007580.663339754,500758.06633397535,8098.0,114.70254957507082,112301.4743820794,1590.6724416725126,70.6,1.7380169834400443,76.38351167225892,65.2,31,2.874684583864698,0.9235127478753541,76.38351167225892,100.0,6.2,0.775,1.1293724739227093,0.0,8,100.0,1.0,0.0,100.0,1.0,0.0,0.0,0.0,0.0,11.068093378071353,0.2,9.034979791381675,100.0,1.0,0.0,100.0,1.0,0.0,100.0,1.0,0.0,100.0,1.0,0.0
192,actuated,3,3,409.852788245251,81.9705576490502,5000409.852788245,500040.9852788245,8423.0,119.64488636363636,110986.77487392732,1576.5166885501042,70.4,1.482365897746923,76.39770271555108,65.2,31,2.2791721939300196,0.9261363636363636,76.39770271555108,100.0,6.2,0.775,1.1179058197536291,0.0,8,100.0,1.0,0.0,100.0,1.0,0.0,11.181621724408615,0.2,8.943246558029033,0.0,0.0,0.0,100.0,1.0,0.0,100.0,1.0,0.0,100.0,1.0,0.0,100.0,1.0,0.0
193,actuated,3,3,177.06136869146553,49.18371352540709,5302178.53512755,530217.853512755,8751.0,123.60169491525424,111258.54526000889,1571.4483793786567,70.8,1.556699307086966,76.42592047667904,66.4,31,2.916141292296878,0.9378531073446328,76.42592047667904,100.0,6.2,0.775,1.0957834083700473,0.0,8,100.0,1.0,0.0,100.0,1.0,0.0,0.0,0.0,0.0,11.407363813432312,0.2,8.766267266960378,100.0,1.0,0.0,100.0,1.0,0.0,100.0,1.0,0.0,100.0,1.0,0.0
194,actuated,3,3,77.18679358599418,25.728931195331395,6395647.038550397,639564.7038550398,9084.2,126.16944444444445,112420.01074667522,1561.389038148267,72.0,1.3834771291747727,75.0181528808497,67.4,31,2.438939221417105,0.9361111111111111,75.0181528808497,100.0,6.2,0.775,1.0598510812618769,0.0,8,100.0,1.0,0.0,100.0,1.0,0.0,0.14522304679758236,0.2,8.478808650095015,0.0,0.0,0.0,100.0,1.0,0.0,100.0,1.0,0.0,100.0,1.0,0.0,100.0,1.0,0.0
195,actuated,3,3,226.8353381952551,75.61177939841836,6401153.836181307,640115.3836181307,9423.2,128.0326086956522,114812.96235016698,1559.9587275837905,73.6,1.1403460724896928,75.0,68.8,31,2.1096485145109174,0.9347826086956522,75.0,100.0,6.2,0.775,0.0,0.0,8,100.0,1.0,0.0,100.0,1.0,0.0,0.0,0.2,0.0,0.0,0.0,0.0,100.0,1.0,0.0,100.0,1.0,0.0,100.0,1.0,0.0,100.0,1.0,0.0
196,actuated,1,3,997.5433649025044,178.1327437325901,3412872.1983301416,341287.2198330142,8159.2,112.69613259668509,116712.32109125485,1612.048633857111,72.4,1.0043633533937593,75.44305253923199,57.6,32,1.5876902555487842,0.7955801104972375,75.44305253923199,100.0,6.4,0.8,1.074510415014811,0.0,8,100.0,1.0,0.0,100.0,1.0,0.0,0.0,0.0,0.0,3.5444203138558805,0.4,8.596083320118488,100.0,1.0,0.0,100.0,1.0,0.0,100.0,1.0,0.0,100.0,1.0,0.0
197,actuated,1,1,396.74046572288387,66.12341095381397,3091615.3688190687,309161.53688190685,6825.0,98.91304347826087,114731.24948635555,1662.7717316863125,69.0,1.035255282549499,38.63337437811026,44.6,24,1.0346587767037816,0.6463768115942029,38.63337437811026,100.0,4.8,0.6,1.347223381445303,0.0,8,100.0,1.0,0.0,100.0,1.0,0.0,0.0,0.0,0.0,0.0,0.0,0.0,18.1303286335924,0.6,2.9632487946600485,51.06526716886947,0.8,2.582747634819986,19.470006634905985,0.6,2.972159149764712,20.401392587514238,0.8,2.259631472317678
198,actuated,1,1,361.8828337090945,54.830732380165834,3669179.154805054,366917.9154805054,6277.4,96.27914110429448,114887.98285018522,1762.0856265365833,65.2,1.6439644742329906,33.088608103769275,39.6,21,1.4063964632464776,0.6073619631901841,33.088608103769275,100.0,4.2,0.525,2.1790671782775872,0.0,8,100.0,1.0,0.0,100.0,1.0,0.0,0.0,0.0,0.0,0.0,0.0,0.0,19.251297813002566,0.4,4.400451422193234,14.887778037177668,0.6,3.961359495244264,14.490095182104596,0.6,4.413271001093114,16.079693797869368,0.6,4.657455507690086
199,actuated,1,1,260.8735947914138,37.2676563987734,3000260.8735947916,300026.08735947916,6413.0,105.1311475409836,107762.45621201149,1766.5976428198605,61.0,2.2350161199202754,37.31070053635449,39.4,23,1.8233884124653026,0.6459016393442623,37.31070053635449,100.0,4.6000000000000005,0.575,3.8657854616844194,0.0,8,100.0,1.0,0.0,100.0,1.0,0.0,9.355361969760452,0.4,8.660194081347436,0.0,0.0,0.0,27.62470263950945,0.6,5.4789892569727225,31.351113259020167,0.6,5.400368692952099,13.050880386031167,0.6,5.539990887716439,17.103546036514672,0.4,5.8467407744866575
200,actuated,1,1,175.45086070801932,29.24181011800322,3244815.2308332804,324481.52308332804,6610.2,117.20212765957447,100449.61046102263,1781.0214620748693,56.4,2.459779510852407,32.88336423431076,40.4,21,2.448574857907106,0.7163120567375887,32.88336423431076,100.0,4.2,0.525,2.0272841016479113,0.0,8,100.0,1.0,0.0,100.0,1.0,0.0,0.0,0.0,0.0,17.006041780255146,0.2,2.3840179908885046,20.855562921915407,1.0,6.941559329444497,25.205309172315538,1.0,6.892695492850289,0.0,0.0,0.0,0.0,0.0,0.0
201,actuated,1,1,246.03154151900435,43.93420384267935,3737874.717034226,373787.4717034226,6814.2,119.12937062937063,88523.05751849659,1547.6059006730172,57.2,2.2446999431840333,42.09485551701164,43.0,23,2.5873226535282323,0.7517482517482518,42.09485551701164,100.0,4.6000000000000005,0.575,3.7227592771526505,0.0,8,100.0,1.0,0.0,100.0,1.0,0.0,0.0,0.0,0.0,100.0,1.0,0.0,14.869502940928214,0.4,6.725174365092637,3.555967504767068,0.6,8.068428391595543,5.286334213560622,0.4,7.323897426129817,13.047039476837199,0.2,7.664574034403207
202,actuated,1,1,763.472555504028,131.63319922483242,3819556.5931548392,381955.65931548394,7045.6,116.64900662251655,93682.39741163987,1551.033069729137,60.4,0.8154315223325159,66.4168030286163,50.2,29,0.8947199353661179,0.8311258278145696,66.4168030286163,100.0,5.8,0.725,1.0532402803049774,0.0,8,100.0,1.0,0.0,100.0,1.0,0.0,63.44865622040743,0.8,1.8117889545416648,100.0,1.0,0.0,83.3232416890587,1.0,3.6358255686691896,84.56252631946427,1.0,2.9783077192289644,0.0,0.0,0.0,0.0,0.0,0.0
203,actuated,1,1,687.292073131454,101.07236369580207,3062032.0000966247,306203.2000096625,7302.6,114.103125,102989.93030161374,1609.2176609627147,64.0,0.9231471049776877,75.0,53.2,30,0.986080625853222,0.83125,75.0,100.0,6.0,0.75,0.0,0.0,8,100.0,1.0,0.0,100.0,1.0,0.0,100.0,1.0,0.0,100.0,1.0,0.0,100.0,1.0,0.0,100.0,1.0,0.0,0.0,0.0,0.0,0.0,0.0,0.0
204,actuated,5,1,1093.197678664204,140.15354854669283,54023.89536246968,5402.389536246968,5356.0,84.74683544303798,104209.21979949063,1648.8800601185226,63.2,1.1169553153762748,59.32674090257251,42.0,28,1.0568504642775896,0.6645569620253164,59.32674090257251,100.0,5.6000000000000005,0.7000000000000001,0.8553484502370355,0.0,8,80.0,1.0,0.0,60.0,0.8,0.0,60.0,0.8,0.0,60.0,0.8,0.0,100.0,1.0,0.0,100.0,1.0,0.0,0.0,0.0,0.0,14.61392722058008,0.2,6.842787601896284
205,actuated,5,5,915.7752662916713,99.5407898143121,948191.3707366787,94819.13707366787,2562.8,43.29054054054054,104349.89240873931,1762.6671014989747,59.2,1.668415284993474,36.47511633975341,28.6,21,1.5635499461826792,0.4831081081081081,36.47511633975341,100.0,4.2,0.525,1.8141549977159008,0.0,8,32.570628892276545,0.6,1.8246888479993784,31.126598171313162,0.6,2.251234831732568,4.9778650145799475,0.4,8.7077242369072,23.125838639857648,0.6,1.7295920650880603,100.0,1.0,0.0,100.0,1.0,0.0,0.0,0.0,0.0,0.0,0.0,0.0
206,actuated,5,5,641.4489715396501,65.45397668771939,2514.119208965515,251.41192089655152,486.0,9.310344827586206,99496.4207622293,1906.0617004258488,52.2,3.0681074100579058,35.47054264906478,17.6,22,3.097403868653062,0.3371647509578544,35.47054264906478,100.0,4.4,0.55,2.4126382228011445,0.0,8,33.413191499817,0.6,4.356898686270455,14.653689378656054,0.8,3.93335001588547,0.0,0.0,0.0,22.95067119940086,0.6,3.3556464100662415,100.0,1.0,0.0,100.0,1.0,0.0,12.746789114644343,0.4,7.65521067018699,0.0,0.0,0.0
207,actuated,5,5,712.1057622013099,80.92110934105793,422888.19971165655,42288.819971165656,350.6,6.615094339622641,90640.1419903697,1710.1913583088622,53.0,2.3761549927918817,40.25711283777582,22.2,21,2.662914772143968,0.4188679245283019,40.25711283777582,100.0,4.2,0.525,1.791564978099838,0.0,8,61.11346401391529,1.0,5.511465082036831,36.61405004398148,0.8,5.653517067572743,0.0,0.0,0.0,0.0,0.0,0.0,100.0,1.0,0.0,100.0,1.0,0.0,0.0,0.0,0.0,24.3293886443098,0.4,3.1675376751891284
208,actuated,5,5,798.2111984702049,105.02778927239538,733906.6686849094,73390.66686849094,491.0,8.583916083916083,87611.05160030838,1531.6617412641324,57.2,1.5230013568037655,72.92331646846606,35.0,30,2.1157690054108467,0.6118881118881119,72.92331646846606,100.0,6.0,0.75,0.5278812163791623,0.0,8,100.0,1.0,0.0,100.0,1.0,0.0,0.0,0.0,0.0,0.0,0.0,0.0,100.0,1.0,0.0,100.0,1.0,0.0,83.38653174772844,1.0,4.223049731033298,100.0,1.0,0.0
209,actuated,1,5,1857.3598384077595,185.73598384077596,1857.3598384077595,185.73598384077596,351.6,5.86,102045.67879942196,1700.7613133236994,60.0,1.307411086397501,77.83407516731529,35.0,33,1.4386548622883875,0.5833333333333334,77.83407516731529,100.0,6.6,0.825,1.2214672269460263,0.0,8,100.0,1.0,0.0,100.0,1.0,0.0,2.672601338522327,0.2,8.626592696737497,20.0,0.4,1.1451451188307138,100.0,1.0,0.0,100.0,1.0,0.0,100.0,1.0,0.0,100.0,1.0,0.0
210,actuated,1,1,1514.1253026159425,168.23614473510472,42580.34951346215,4258.034951346215,314.0,5.1644736842105265,99836.19322536109,1642.0426517329126,60.8,1.4067353246998824,36.731390867940945,34.8,23,1.375599787852735,0.5723684210526315,36.731390867940945,100.0,4.6,0.575,1.3080391735785617,0.0,8,100.0,1.0,0.0,100.0,1.0,0.0,52.57040673567644,0.8,4.739623637311739,0.0,0.0,0.0,23.855277891957485,0.8,2.6454066926012794,17.425442315893633,0.6,3.0792830587154745,0.0,0.2,0.0,0.0,0.2,0.0
211,actuated,1,1,607.9070124117371,92.10712309268744,1491262.2316073996,149126.22316073996,472.6,8.120274914089347,97575.67060465526,1676.5579141693345,58.2,1.7803701437417907,43.147668674884585,38.8,22,2.0339245270438493,0.6666666666666666,43.147668674884585,100.0,4.3999999999999995,0.55,1.1155181067300073,0.0,8,100.0,1.0,0.0,100.0,1.0,0.0,100.0,1.0,0.0,0.0,0.0,0.0,20.355095458799042,0.8,4.484318921340138,24.82625394027764,0.6,4.439825932499919,0.0,0.0,0.0,0.0,0.0,0.0
212,actuated,1,1,379.20432509127085,59.250675795511064,6242901.775400641,624290.1775400641,673.4,11.491467576791809,95877.31309058538,1636.131622706235,58.6,1.7780639082521221,42.47219373409564,41.8,22,1.7839352333056866,0.7133105802047781,42.47219373409564,100.0,4.4,0.55,2.378103000942639,0.0,8,100.0,1.0,0.0,100.0,1.0,0.0,100.0,1.0,0.0,0.0,0.0,0.0,14.15303783600848,0.4,5.865708253565795,18.6350901563992,0.6,4.905596276512667,6.98942188035744,0.4,8.25351947746265,0.0,0.0,0.0
213,actuated,1,1,453.35112326542173,73.1211489137777,7900263.588937211,790026.3588937211,900.2,14.709150326797385,94130.52666107504,1538.0805009979583,61.2,1.2950384291141805,69.56726778227448,49.0,29,1.5412573021053335,0.8006535947712419,69.56726778227448,100.0,5.8,0.7250000000000001,1.843293330983426,0.0,8,100.0,1.0,0.0,100.0,1.0,0.0,100.0,1.0,0.0,41.113143230850255,0.6,8.044875058476467,99.36916848298551,1.0,0.47320456055593835,100.0,1.0,0.0,16.055830544360106,0.2,6.228267028835003,0.0,0.0,0.0
214,actuated,1,1,632.2579300575032,105.37632167625054,3328675.831973799,332867.5831973799,1162.0,18.213166144200628,101352.95378030365,1588.60429122733,63.8,0.9813402006625418,76.21807831086812,54.8,31,1.202989114655517,0.8589341692789969,76.21807831086812,100.0,6.2,0.775,0.9512163707418106,0.0,8,100.0,1.0,0.0,100.0,1.0,0.0,100.0,1.0,0.0,100.0,1.0,0.0,100.0,1.0,0.0,100.0,1.0,0.0,0.0,0.0,0.0,9.74462648694498,0.2,7.609730965934485
215,actuated,5,1,1494.4887344368958,191.60111979960203,479521.1393350656,47952.11393350656,899.6,13.925696594427244,104864.38977271873,1623.287767379547,64.6,0.9722781355772336,57.5,42.2,28,1.0666970971884697,0.653250773993808,57.5,100.0,5.6000000000000005,0.7000000000000001,0.0,0.0,8,60.0,0.8,0.0,60.0,0.8,0.0,80.0,1.0,0.0,60.0,0.8,0.0,100.0,1.0,0.0,100.0,1.0,0.0,0.0,0.0,0.0,0.0,0.2,0.0
216,actuated,5,5,958.7657857709377,95.87657857709377,958.7657857709377,95.87657857709377,538.2,8.794117647058824,108396.60077641884,1771.1862871963863,61.2,1.6077908089029405,37.876836400675984,28.8,23,1.2556783465098171,0.47058823529411764,37.876836400675984,100.0,4.6000000000000005,0.575,1.9200617368182331,0.0,8,32.57211272841687,0.6,1.9717527902511953,20.149705095350328,0.6,1.6386344340441261,18.111449820203234,0.4,2.3535931563896817,28.601317696757178,0.6,2.1206240173068744,100.0,1.0,0.0,100.0,1.0,0.0,3.580105864680263,0.4,7.2758894965539875,0.0,0.0,0.0
217,actuated,5,5,666.4656244052142,70.90059834098022,203269.39938706337,20326.93993870634,326.0,6.059479553903346,98745.63428541433,1835.4207116248015,53.8,2.3993274958909474,33.69526414183724,21.0,20,2.184775619222109,0.3903345724907063,33.69526414183724,100.0,4.0,0.5,2.106722939797727,0.0,8,23.957759837289814,0.8,3.9866761165012483,41.94793623151327,0.8,4.172598223759926,0.0,0.0,0.0,3.656417065894857,0.4,8.694509178120642,100.0,1.0,0.0,100.0,1.0,0.0,0.0,0.0,0.0,0.0,0.0,0.0
218,actuated,5,5,941.2176726712667,102.30626876861595,30750.17092599512,3075.017092599512,384.2,7.0625,93951.00052075287,1727.0404507491337,54.4,2.1003450929440803,32.02442994242347,23.0,17,1.3554290890651095,0.4227941176470588,32.02442994242347,100.0,3.4000000000000004,0.42500000000000004,1.7693526767973835,0.0,8,26.97914753682653,0.6,4.354471799054314,28.27675351574726,0.6,5.380826242543648,0.0,0.0,0.0,0.0,0.0,0.0,100.0,1.0,0.0,100.0,1.0,0.0,0.0,0.0,0.0,0.9395384868139445,0.2,4.419523372781107
219,actuated,5,5,1006.0539569724763,114.32431329232683,82125.59097860931,8212.55909786093,525.2,8.782608695652174,91291.53944454035,1526.61437198228,59.8,1.621053203377703,70.75053823316921,35.4,30,2.0401983583046883,0.5919732441471572,70.75053823316921,100.0,6.0,0.75,0.49740807755850064,0.0,8,100.0,1.0,0.0,100.0,1.0,0.0,0.0,0.0,0.0,20.0,0.4,1.6325876414857183,100.0,1.0,0.0,100.0,1.0,0.0,46.00430586535367,0.6,2.3466769789822868,100.0,1.0,0.0
220,actuated,1,5,1581.5086506404427,158.15086506404427,1581.5086506404427,158.15086506404427,388.6,6.328990228013029,99497.1471819724,1620.4747098041107,61.4,1.3315231447810243,75.14234418309627,35.8,32,1.2729970434979725,0.5830618892508144,75.14234418309627,100.0,6.4,0.8,1.058395106322132,0.0,8,100.0,1.0,0.0,100.0,1.0,0.0,1.1387534647701614,0.4,8.467160850577056,0.0,0.0,0.0,100.0,1.0,0.0,100.0,1.0,0.0,100.0,1.0,0.0,100.0,1.0,0.0
221,actuated,1,1,1065.2818758227677,121.0547586162236,68399.56571704333,6839.956571704332,329.8,5.371335504885994,102027.56994110497,1661.6868068583872,61.4,1.2771681594765425,35.42989433579919,37.4,23,1.0050434770001155,0.6091205211726385,35.42989433579919,100.0,4.6,0.575,1.054236403028242,0.0,8,100.0,1.0,0.0,100.0,1.0,0.0,0.0,0.0,0.0,0.0,0.0,0.0,20.7764808963384,0.8,2.4974265067690617,23.473369317184734,0.8,2.5947981379309573,20.0,0.4,0.0,19.18930447287039,0.6,3.341666579525917
222,actuated,1,1,890.648491209727,123.7011793346843,1711372.7278156958,171137.27278156957,454.6,7.705084745762712,99707.60235416821,1689.9593619350544,59.0,1.7180298437319568,37.68898018118534,38.8,20,1.9634113074237092,0.6576271186440678,37.68898018118534,100.0,4.0,0.5,2.178024802179434,0.0,8,100.0,1.0,0.0,100.0,1.0,0.0,0.0,0.0,0.0,62.03700363038024,0.8,8.46233044998608,19.143826689705747,0.6,4.474153183244227,20.331011129396757,0.6,4.487714784205167,0.0,0.0,0.0,0.0,0.0,0.0
223,actuated,1,1,308.1613891476346,51.36023152460577,6933008.937704575,693300.8937704575,655.4,11.108474576271187,97733.27723112497,1656.4962242563556,59.0,1.815075751907522,41.8763613576192,42.6,22,2.1957096623862795,0.7220338983050848,41.8763613576192,100.0,4.3999999999999995,0.55,1.1377991956001228,0.0,8,100.0,1.0,0.0,100.0,1.0,0.0,0.0,0.0,0.0,100.0,1.0,0.0,16.772480560939584,0.8,4.854508793861342,18.23841030001404,0.6,4.24788477093964,0.0,0.0,0.0,0.0,0.0,0.0
224,actuated,1,1,670.1672664400768,98.55400977059954,3200670.1672664406,320067.01672664407,881.0,14.255663430420713,95999.08627473887,1553.383273054027,61.8,1.6015772885672328,63.835551138466826,48.2,26,2.229916873915045,0.7799352750809061,63.835551138466826,100.0,5.2,0.65,1.1699289941032918,0.0,8,100.0,1.0,0.0,100.0,1.0,0.0,0.0,0.0,0.0,100.0,1.0,0.0,100.0,1.0,0.0,100.0,1.0,0.0,10.68440910773461,0.2,9.359431952826334,0.0,0.0,0.0
225,actuated,1,1,524.1288406075661,93.59443582277966,7992924.034583079,799292.4034583078,1143.6,17.64814814814815,101753.96816426337,1570.2772864855458,64.8,0.9693426407019934,65.0,55.8,27,1.3742519957912027,0.8611111111111112,65.0,100.0,5.4,0.675,0.9721132331072728,0.0,8,100.0,1.0,0.0,100.0,1.0,0.0,0.0,0.0,0.0,100.0,1.0,0.0,100.0,1.0,0.0,100.0,1.0,0.0,0.0,0.2,0.0,20.0,0.2,7.776905864858183
226,actuated,5,1,1111.9606279873974,150.26494972802666,664183.6608769682,66418.36608769682,864.2,13.33641975308642,105873.23863903926,1633.8462752938158,64.8,1.1994294212640573,50.757750413456506,42.4,27,1.5058492735040705,0.654320987654321,50.757750413456506,100.0,5.4,0.675,0.18364864015011959,0.0,8,60.0,0.8,0.0,60.0,0.8,0.0,46.06200330765205,0.8,1.4691891212009567,40.0,0.6,0.0,100.0,1.0,0.0,100.0,1.0,0.0,0.0,0.2,0.0,0.0,0.2,0.0
227,actuated,5,5,1098.8164125414846,124.8655014251687,651970.1937038893,65197.01937038892,535.0,8.887043189368772,106749.68379746567,1773.2505614196953,60.2,1.5107903758162846,44.949978873711416,29.8,24,1.3417312923929952,0.4950166112956811,44.949978873711416,100.0,4.8,0.6,1.745030607097643,0.0,8,42.85140301572483,0.8,1.4845971516040968,32.38486821517199,0.6,2.239739225284736,39.02677353440595,0.6,2.1800174158981855,29.883397696858083,0.6,1.5848184043086284,100.0,1.0,0.0,100.0,1.0,0.0,15.453388527530478,0.2,6.471072659685497,0.0,0.0,0.0
228,actuated,5,5,806.1695376876498,93.74064391716858,812613.1488129008,81261.31488129008,321.6,5.911764705882353,99277.34089743572,1824.9511194381566,54.4,1.950834379700713,38.62031660104094,20.4,20,1.5446030158544635,0.375,38.62031660104094,100.0,4.0,0.5,1.2723814858650564,0.0,8,35.93448634595461,0.6,3.9469675825383366,25.564801647933564,0.8,4.187419169396239,0.0,0.0,0.0,0.0,0.0,0.0,100.0,1.0,0.0,100.0,1.0,0.0,47.46324481443935,0.6,2.044665134985876,0.0,0.0,0.0
229,actuated,5,5,921.5428435227495,94.03498403293362,1592.2508825327045,159.22508825327046,394.8,7.284132841328414,93492.51984976602,1724.9542407705908,54.2,2.5181004498105786,49.1419897044085,23.6,23,1.7083444442235487,0.4354243542435424,49.1419897044085,100.0,4.6,0.575,1.171838573532886,0.0,8,63.76630245496017,1.0,4.8391042720147315,29.369615180307846,0.6,4.535604316248357,0.0,0.0,0.0,0.0,0.0,0.0,100.0,1.0,0.0,100.0,1.0,0.0,100.0,1.0,0.0,0.0,0.0,0.0
230,actuated,5,5,1030.2239449534104,119.7934819713268,239227.3829987106,23922.73829987106,544.2,9.100334448160535,92510.56874673636,1546.9994773701733,59.8,1.7700469190453398,64.69543051292874,36.6,28,1.6979362261983542,0.6120401337792643,64.69543051292874,100.0,5.6,0.7,2.0874808078430553,0.0,8,100.0,1.0,0.0,100.0,1.0,0.0,5.369953639915366,0.4,8.498749303631485,12.193490463514536,0.2,8.201097159112958,100.0,1.0,0.0,100.0,1.0,0.0,100.0,1.0,0.0,0.0,0.0,0.0
231,actuated,1,5,1401.0077924885877,152.28345570528128,211578.31057733804,21157.831057733805,445.6,7.163987138263666,100228.01694116354,1611.382909021922,62.2,1.3412685623598215,65.03497293668147,39.0,28,1.9347430298598258,0.6270096463022508,65.03497293668147,100.0,5.800000000000001,0.725,1.0601484854735077,0.0,8,100.0,1.0,0.0,100.0,1.0,0.0,0.0,0.0,0.0,20.0,0.4,0.014301729784619088,100.0,1.0,0.0,100.0,1.0,0.0,100.0,1.0,0.0,0.27978349345175957,0.4,8.466886154003442
232,actuated,1,1,1082.1672551402369,125.83340176049266,1271015.8257990407,127101.58257990408,365.6,5.973856209150327,101960.73681468502,1666.0251113510624,61.2,1.4352660499832097,34.6874400072619,39.2,22,1.7020603300892503,0.6405228758169934,34.6874400072619,100.0,4.3999999999999995,0.55,1.0024270350492221,0.0,8,100.0,1.0,0.0,100.0,1.0,0.0,0.0,0.0,0.0,0.0,0.0,0.0,28.84109013174111,0.8,2.9436923987366863,27.736845334179634,0.8,2.6936569772596037,20.92158459217444,0.8,2.3820669043974867,0.0,0.0,0.0
233,actuated,1,1,849.6723508717932,114.82058795564772,1627218.0935083423,162721.80935083423,477.6,8.067567567567568,99899.73506146339,1687.4955246868815,59.2,1.5787643799580047,35.13562174449248,38.4,20,1.4187650823822768,0.6486486486486487,35.13562174449248,100.0,4.0,0.5,2.0680367259923935,0.0,8,100.0,1.0,0.0,100.0,1.0,0.0,0.0,0.0,0.0,41.34787142055757,0.6,7.809236481424408,9.46000263820224,0.8,4.342813175730241,30.27709989718005,0.6,4.392244150784499,0.0,0.0,0.0,0.0,0.0,0.0
234,actuated,1,1,150.70629968097066,30.141259936194132,6310239.046731329,631023.9046731328,679.0,11.547619047619047,96026.5316464013,1633.1042797007024,58.8,2.0396969482656466,41.107989584272104,43.2,20,2.4602063461616783,0.7346938775510204,41.107989584272104,100.0,4.0,0.5,1.1782634047290752,0.0,8,100.0,1.0,0.0,100.0,1.0,0.0,0.0,0.0,0.0,100.0,1.0,0.0,23.022058813216972,0.4,3.9537370600320005,5.841857860959863,0.6,5.472370177800601,0.0,0.0,0.0,0.0,0.0,0.0
235,actuated,1,1,799.4510747733748,128.94372173764108,4864602.699997474,486460.26999974746,908.8,14.517571884984026,95894.25263595875,1531.8570708619607,62.6,1.6062914383514533,64.925240343523,49.4,28,2.5276004699950243,0.7891373801916933,64.925240343523,100.0,5.6000000000000005,0.7,2.187605798723562,0.0,8,100.0,1.0,0.0,100.0,1.0,0.0,0.0,0.0,0.0,100.0,1.0,0.0,100.0,1.0,0.0,96.7600336209216,1.0,0.3716864339682032,11.464193468364101,0.2,8.722811620019671,11.177695658898301,0.4,8.406348335800619
236,actuated,1,1,769.0826873840705,124.04559473936621,3222391.9904213473,322239.19904213474,1170.8,17.957055214723926,103431.2326768786,1586.3685993386287,65.2,0.6688511560151782,62.5,55.4,25,0.667471949784625,0.8496932515337423,62.5,100.0,5.0,0.625,0.0,0.0,8,100.0,1.0,0.0,100.0,1.0,0.0,0.0,0.0,0.0,100.0,1.0,0.0,100.0,1.0,0.0,100.0,1.0,0.0,0.0,0.0,0.0,0.0,0.0,0.0
237,actuated,5,1,1299.6002086650758,147.6818418937586,3212.2129320906306,321.22129320906305,877.0,13.36890243902439,108719.14204225915,1657.3039945466335,65.6,1.3275103847841783,50.91958729956275,43.0,25,1.194995870354203,0.6554878048780488,50.91958729956275,100.0,5.0,0.625,0.2816098379630847,0.0,8,60.0,0.8,0.0,60.0,0.8,0.0,27.356698396501997,0.6,2.2528787037046776,60.0,0.8,0.0,100.0,1.0,0.0,100.0,1.0,0.0,0.0,0.0,0.0,0.0,0.0,0.0
238,actuated,5,5,802.2463106259859,81.86186843122304,1154.3079603351355,115.43079603351354,537.6,8.871287128712872,105835.8640192806,1746.4664029584258,60.6,1.8420296673069578,40.2738757120909,29.6,24,1.2715754933506582,0.4884488448844885,40.2738757120909,100.0,4.800000000000001,0.6,2.2865599629753897,0.0,8,29.464659625477907,0.6,1.8349910068459838,28.92818449169681,0.6,2.0781951923417035,33.76741861807204,0.6,2.443796400277042,25.38344609997239,0.6,3.3950942562845445,100.0,1.0,0.0,100.0,1.0,0.0,0.0,0.0,0.0,4.647296861508039,0.4,8.540402848053843
239,actuated,5,5,790.2321460112748,94.07525547753272,451043.57639284636,45104.35763928464,323.6,5.926739926739927,98353.28163859593,1801.3421545530389,54.6,1.9756635534871823,32.3699870701364,21.2,20,2.2258534154272094,0.3882783882783883,32.3699870701364,100.0,4.0,0.5,1.898755477764587,0.0,8,19.918512813410416,0.8,4.048593519688033,28.150727593424563,0.8,4.2268580989776545,0.0,0.0,0.0,0.0,0.0,0.0,100.0,1.0,0.0,100.0,1.0,0.0,10.890656154256249,0.4,6.914592203451008,0.0,0.0,0.0
240,actuated,5,5,882.5316146553398,102.61995519248137,869924.3415867398,86992.43415867398,402.4,7.2898550724637685,97365.0180574913,1763.8590227806394,55.2,2.040589948865761,33.34874077412849,23.8,17,1.411104421590156,0.4311594202898551,33.34874077412849,100.0,3.4,0.425,1.3530129972173812,0.0,8,41.174899317388736,0.8,5.530716848396249,25.61502687563916,0.6,5.2933871293428005,0.0,0.0,0.0,0.0,0.0,0.0,100.0,1.0,0.0,100.0,1.0,0.0,0.0,0.0,0.0,0.0,0.0,0.0
241,actuated,5,5,935.3062089090839,111.34597725108141,1003869.1739573181,100386.91739573181,543.6,9.120805369127517,94912.8190887524,1592.4969645763824,59.6,1.7564665731963034,50.0,33.6,20,1.3361679953791217,0.5637583892617449,50.0,100.0,4.0,0.5,0.0,0.0,8,100.0,1.0,0.0,100.0,1.0,0.0,0.0,0.0,0.0,0.0,0.0,0.0,100.0,1.0,0.0,100.0,1.0,0.0,0.0,0.0,0.0,0.0,0.0,0.0
242,actuated,1,5,1138.3469788713346,121.1007424331207,2334.153876464811,233.41538764648112,423.0,6.757188498402556,101024.52650457465,1613.8103275491158,62.6,1.5664493708628837,62.38665065272983,35.6,27,1.2744071031550315,0.5686900958466453,62.38665065272983,100.0,5.4,0.675,3.1768744130873277,0.0,8,100.0,1.0,0.0,100.0,1.0,0.0,11.149384972627558,0.2,8.96910459594913,11.555359795775075,0.2,8.65399275897601,100.0,1.0,0.0,100.0,1.0,0.0,54.107846359383984,0.6,1.6882183093594954,22.280614094051998,0.4,6.103679640413986
243,actuated,1,1,991.6634800460739,110.18483111623044,68886.08697240675,6888.608697240675,341.6,5.509677419354839,102677.93698785477,1656.0957578686255,62.0,1.4624467790280593,32.011742489855806,39.0,19,1.5332336368465307,0.6290322580645161,32.011742489855806,100.0,3.8000000000000003,0.475,0.7391398696080093,0.0,8,100.0,1.0,0.0,100.0,1.0,0.0,0.0,0.0,0.0,0.0,0.0,0.0,36.11649961162584,0.8,2.7418022454563005,19.977440307220604,0.6,3.1713167114077736,0.0,0.2,0.0,0.0,0.2,0.0
244,actuated,1,1,1396.137027606838,166.20678900081404,618265.5235860731,61826.55235860731,430.4,7.009771986970684,104471.70734081177,1701.4936048992147,61.4,1.7315927952132617,32.658128565905145,37.2,18,2.0996846960897146,0.6058631921824105,32.658128565905145,100.0,3.6,0.44999999999999996,1.3413334920928688,0.0,8,100.0,1.0,0.0,100.0,1.0,0.0,0.0,0.0,0.0,21.426398332769168,0.4,1.8586809831772964,17.861737939319937,0.6,4.363731314716219,21.976892255152052,0.6,4.508255638849436,0.0,0.0,0.0,0.0,0.0,0.0
245,actuated,1,1,522.3437585011773,79.14299371229959,5434388.217908979,543438.821790898,629.4,10.184466019417476,101276.88588522335,1638.7845612495687,61.8,1.6042936974635795,41.16081181134746,43.0,24,1.7925008287326634,0.6957928802588996,41.16081181134746,100.0,4.800000000000001,0.6,2.1701787521514184,0.0,8,100.0,1.0,0.0,100.0,1.0,0.0,0.0,0.0,0.0,100.0,1.0,0.0,16.656388983169563,0.6,4.828602442393827,4.245742596203854,0.8,3.890767258810383,0.0,0.0,0.0,8.384362911406242,0.4,8.642060316007138
246,actuated,1,1,687.605334190249,98.22933345574985,3000687.6053341897,300068.760533419,862.6,13.394409937888199,100654.82930057704,1562.963187897159,64.4,1.3233766011130166,62.81708775861375,50.0,26,1.2946920794598151,0.7763975155279503,62.81708775861375,100.0,5.2,0.65,0.3054380357264128,0.0,8,100.0,1.0,0.0,100.0,1.0,0.0,2.5367020689100173,0.2,2.4435042858113025,100.0,1.0,0.0,100.0,1.0,0.0,100.0,1.0,0.0,0.0,0.0,0.0,0.0,0.0,0.0
247,actuated,1,1,468.7962260520967,90.15312039463397,3713101.000186112,371310.1000186112,1132.6,16.95508982035928,103644.83580806165,1551.569398324276,66.8,1.09612295399127,76.66977699909296,57.8,32,1.9272765069239977,0.8652694610778443,76.66977699909296,100.0,6.4,0.8,0.903641490771357,0.0,8,100.0,1.0,0.0,100.0,1.0,0.0,100.0,1.0,0.0,100.0,1.0,0.0,100.0,1.0,0.0,100.0,1.0,0.0,13.35821599274368,0.4,7.229131926170856,0.0,0.0,0.0
248,actuated,5,1,1529.6570229508861,191.20712786886077,284387.9362136195,28438.793621361947,872.0,13.415384615384616,105826.41026059558,1628.0986193937783,65.0,1.1609990917299402,56.519765439470575,44.8,27,1.8496654720069803,0.6892307692307692,56.519765439470575,100.0,5.4,0.675,1.028119181697086,0.0,8,60.0,0.8,0.0,60.0,0.8,0.0,60.0,0.8,0.0,60.0,0.8,0.0,100.0,1.0,0.0,100.0,1.0,0.0,0.0,0.0,0.0,12.1581235157646,0.2,8.224953453576688
249,actuated,5,5,1142.8613245670062,136.05491959131027,809793.7723345956,80979.37723345956,534.6,8.62258064516129,106339.88441392427,1715.1594260310367,62.0,1.1509835305894145,37.41533186934987,31.4,21,0.9361931425577477,0.5064516129032258,37.41533186934987,100.0,4.2,0.5249999999999999,1.753187937116441,0.0,8,30.67157195712298,0.6,2.0725916514246623,26.377979552908073,0.6,1.7991424758557195,0.0,0.0,0.0,34.19229853273919,0.6,1.9399326034067048,100.0,1.0,0.0,100.0,1.0,0.0,0.0,0.0,0.0,8.080804912028725,0.4,8.213836766244441
250,actuated,5,5,515.7782316375329,64.47227895469162,2316394.539335705,231639.45393357048,347.0,6.286231884057971,104958.98689096635,1901.4309219377963,55.2,1.9559015302354459,32.52615069301896,21.2,19,1.5030062106619573,0.38405797101449274,32.52615069301896,100.0,3.8,0.475,1.457408786250563,0.0,8,15.84930436306422,0.8,3.961463802650817,33.25840981769488,0.6,4.2218724615044865,0.0,0.0,0.0,11.101491363392597,0.4,3.4759340258491993,100.0,1.0,0.0,100.0,1.0,0.0,0.0,0.0,0.0,0.0,0.0,0.0
251,actuated,5,5,980.4022112889606,104.29810758393198,600980.4022112888,60098.04022112888,425.4,7.5159010600706715,97746.88607434735,1726.9767857658542,56.6,2.4195583835289733,38.646043630819804,24.0,20,1.9973036616324908,0.42402826855123676,38.646043630819804,100.0,4.0,0.5,1.4351866911058564,0.0,8,26.42445118674459,0.6,5.081286550612077,62.74389785981384,1.0,4.9957182882923705,0.0,0.0,0.0,20.0,0.4,1.404488689942405,100.0,1.0,0.0,100.0,1.0,0.0,0.0,0.0,0.0,0.0,0.0,0.0
252,actuated,5,5,1231.9990982622537,139.99989752980156,6051.468250558357,605.1468250558357,572.6,9.295454545454545,91922.76476005017,1492.2526746761391,61.6,1.4930184286439094,61.831681029420906,37.0,26,1.7306190187545587,0.6006493506493507,61.831681029420906,100.0,5.2,0.65,1.4864725761324196,0.0,8,100.0,1.0,0.0,100.0,1.0,0.0,10.942209601394097,0.2,9.138921994992625,0.0,0.0,0.0,100.0,1.0,0.0,100.0,1.0,0.0,0.0,0.0,0.0,83.71123863397315,1.0,2.752858614066732
253,actuated,1,5,1169.9691123375633,136.04292003925156,449058.1664743676,44905.81664743676,461.2,7.391025641025641,102260.1075784327,1638.7837752953958,62.4,1.1619048176542062,63.73238813052808,40.8,27,1.1762694572812284,0.6538461538461539,63.73238813052808,100.0,5.4,0.675,0.6980561394297784,0.0,8,100.0,1.0,0.0,100.0,1.0,0.0,0.0,0.0,0.0,9.859105044224634,0.4,5.584449115438227,100.0,1.0,0.0,100.0,1.0,0.0,0.0,0.0,0.0,100.0,1.0,0.0
254,actuated,1,1,1223.2029830450706,142.23290500524078,1003845.2258701976,100384.52258701976,374.8,6.04516129032258,101542.27917828962,1637.7786964240263,62.0,1.3903438123777483,43.96441529294577,39.2,24,1.834334022876637,0.632258064516129,43.96441529294577,100.0,4.8,0.6,1.892241642198453,0.0,8,100.0,1.0,0.0,100.0,1.0,0.0,0.0,0.0,0.0,62.05371358656066,0.8,1.9046308575680255,36.975418696092675,0.8,2.9643276843553275,19.43303515638945,0.6,2.723601382991017,13.253154904523399,0.2,7.545373212673253,20.0,0.4,0.0
255,actuated,1,1,1060.8846207416493,151.55494582023562,2855701.002806495,285570.1002806495,510.4,8.450331125827814,100230.85669541014,1659.4512697915586,60.4,1.4355785491722803,44.90219463256096,40.6,22,1.9056333941546415,0.6721854304635762,44.90219463256096,100.0,4.4,0.55,2.2245709247319145,0.0,8,100.0,1.0,0.0,100.0,1.0,0.0,0.0,0.0,0.0,100.0,1.0,0.0,20.44116563530679,0.6,4.678532423027908,27.23401145795833,0.6,4.454310484386573,0.0,0.0,0.0,11.542379967222587,0.2,8.663724490440835
256,actuated,1,1,455.73762943625354,69.05115597518993,4278355.832675337,427835.5832675337,719.4,11.603225806451613,101201.44874285418,1632.2814313363576,62.0,1.8014661974569,43.551791010095826,43.8,23,1.981200728161638,0.7064516129032258,43.551791010095826,100.0,4.6,0.575,1.0170736363504043,0.0,8,100.0,1.0,0.0,100.0,1.0,0.0,0.0,0.0,0.0,100.0,1.0,0.0,42.182647082559015,0.8,3.127753188633951,6.231680998207594,0.8,5.008835902169283,0.0,0.0,0.0,0.0,0.0,0.0
257,actuated,1,1,414.59664609535275,59.228092299336105,4626657.541521388,462665.75415213883,955.0,14.968652037617554,99644.66876081761,1561.8286639626585,63.8,1.9317191139257306,72.8216040971563,50.4,31,2.3975406731103335,0.7899686520376176,72.8216040971563,100.0,6.2,0.7749999999999999,1.1889424587836948,0.0,8,100.0,1.0,0.0,100.0,1.0,0.0,71.96488671051156,0.8,2.3709192673899033,100.0,1.0,0.0,100.0,1.0,0.0,100.0,1.0,0.0,10.607946066738805,0.4,7.140620402879655,0.0,0.0,0.0
258,actuated,1,1,911.0302968653525,168.70931423432452,3090936.343904132,309093.6343904132,1226.4,18.984520123839008,98173.41306115389,1519.7122764884502,64.6,0.9644296440570379,75.89519193612944,57.4,32,2.027659884728485,0.8885448916408669,75.89519193612944,100.0,6.4,0.8,1.0893757348065265,0.0,8,100.0,1.0,0.0,100.0,1.0,0.0,100.0,1.0,0.0,100.0,1.0,0.0,100.0,1.0,0.0,100.0,1.0,0.0,0.0,0.0,0.0,7.1615354890354865,0.4,8.715005878452212
259,actuated,5,1,1572.7369094748483,238.29347113255278,977487.1423155966,97748.71423155966,914.8,13.860606060606061,105753.88286236385,1602.3315585206644,66.0,0.4283881542962331,55.0,45.0,26,0.4581638066254486,0.6818181818181818,55.0,100.0,5.2,0.65,0.0,0.0,8,60.0,0.8,0.0,60.0,0.8,0.0,60.0,0.8,0.0,60.0,0.8,0.0,100.0,1.0,0.0,100.0,1.0,0.0,0.0,0.0,0.0,0.0,0.0,0.0
260,actuated,5,5,1139.700372830494,116.29595641127489,1892.7604142528976,189.27604142528975,570.6,9.14423076923077,112535.82077188103,1803.458666216042,62.4,1.3707414780310838,37.74578613032702,29.8,22,0.9955382097399935,0.4775641025641026,37.74578613032702,100.0,4.4,0.55,0.912087927802788,0.0,8,26.52967314738362,0.6,1.6792482212260686,25.435834692298158,0.6,1.8859657011322546,29.894427628350968,0.6,2.075584299708508,20.10635357458341,0.6,1.6559052003554733,100.0,1.0,0.0,100.0,1.0,0.0,0.0,0.0,0.0,0.0,0.0,0.0
261,actuated,5,5,517.314590481711,57.47939894241233,481800.0395618168,48180.00395618168,337.8,6.209558823529412,104177.9805331735,1915.036406859807,54.4,2.6469792717626786,35.8968774902479,19.4,23,1.7735801347041198,0.35661764705882354,35.8968774902479,100.0,4.6,0.575,1.5688005623718666,0.0,8,44.118508886726886,1.0,3.5144157617893432,9.862163141301608,0.8,3.934586573977362,0.0,0.0,0.0,33.19434789395473,0.8,5.101402163208228,100.0,1.0,0.0,100.0,1.0,0.0,0.0,0.0,0.0,0.0,0.0,0.0
262,actuated,5,5,945.5961562364233,109.95304142283993,1002207.7029592784,100220.77029592784,392.8,7.524904214559387,89510.82498934833,1714.7667622480521,52.2,2.6412733458117037,31.703363896565975,20.4,23,1.8372313892038339,0.39080459770114945,31.703363896565975,100.0,4.6000000000000005,0.575,4.2140883424373925,0.0,8,17.777088374318737,0.8,4.673045733602754,13.567596462899019,0.6,4.953009440641506,7.461855089468372,0.4,7.880098254052038,0.0,0.2,0.0,100.0,1.0,0.0,100.0,1.0,0.0,3.8308627830383557,0.4,8.181076780240982,10.989508462803315,0.2,8.025476530961853
263,actuated,5,5,838.1309477221981,102.21109118563393,230843.99024929627,23084.399024929626,520.6,9.038194444444445,88760.61982389355,1540.9829830537074,57.6,1.2509951189412296,55.0,32.2,24,0.9586432512130234,0.5590277777777778,55.0,100.0,4.8,0.6000000000000001,0.03301925174347761,0.0,8,100.0,1.0,0.0,100.0,1.0,0.0,0.0,0.0,0.0,40.0,0.6,0.2641540139478209,100.0,1.0,0.0,100.0,1.0,0.0,0.0,0.0,0.0,0.0,0.2,0.0
264,actuated,1,5,1114.8876636964446,126.69177996550506,716584.0946940554,71658.40946940554,415.0,6.9630872483221475,97577.3245125537,1637.2034314186863,59.6,1.1084411455798877,57.02230869388927,37.0,23,0.9236570872668372,0.6208053691275168,57.02230869388927,100.0,4.6,0.575,0.20911720869099878,0.0,8,100.0,1.0,0.0,100.0,1.0,0.0,0.0,0.0,0.0,0.0,0.0,0.0,100.0,1.0,0.0,100.0,1.0,0.0,56.178469551114176,0.6,1.6729376695279903,0.0,0.0,0.0
265,actuated,1,1,1130.6062126772797,122.89197963883475,801130.6062126773,80113.06062126774,328.0,5.559322033898305,98365.55368858203,1667.2127743827464,59.0,1.6685319339338731,31.461447076213744,36.6,20,1.9916957968035713,0.6203389830508474,31.461447076213744,100.0,4.000000000000001,0.5,2.7191297456920838,0.0,8,100.0,1.0,0.0,100.0,1.0,0.0,0.0,0.0,0.0,1.2699307834964202,0.2,7.644514278809494,18.009742416002155,0.6,3.092538539409887,26.682084149310867,0.8,2.727705510181726,0.0,0.2,0.0,5.729819260900513,0.2,8.288279637135565
266,actuated,1,1,1350.5192040226616,160.77609571698352,228413.4646014107,22841.34646014107,463.2,7.877551020408164,98921.59810970885,1682.3401039066132,58.8,1.8316727122551026,43.121138192396984,38.0,22,2.303624634760918,0.6462585034013606,43.121138192396984,100.0,4.4,0.55,1.1053713026217693,0.0,8,100.0,1.0,0.0,100.0,1.0,0.0,0.0,0.0,0.0,100.0,1.0,0.0,10.372352447716366,0.6,4.07665148619214,34.596753091459505,0.6,4.766318934782014,0.0,0.0,0.0,0.0,0.2,0.0
267,actuated,1,1,449.6830774767137,68.1337996176839,4526213.038132493,452621.30381324934,659.6,11.531468531468532,96677.40907701416,1690.1644943533945,57.2,2.003141152140994,44.4740021677552,41.6,25,2.126481606086518,0.7272727272727273,44.4740021677552,100.0,5.0,0.625,1.6762399523710358,0.0,8,100.0,1.0,0.0,100.0,1.0,0.0,25.77605406659586,0.4,1.791214348478762,100.0,1.0,0.0,11.576304353507112,0.8,5.534701520620156,18.439658921938644,0.8,6.084003749869368,0.0,0.0,0.0,0.0,0.0,0.0
268,actuated,1,1,395.59062649506393,58.17509213162705,7344557.0740927635,734455.7074092764,868.2,16.018450184501845,89805.09044622586,1656.9204879377464,54.2,2.764180968862167,54.34801122755687,42.8,28,2.9522947901083043,0.7896678966789668,54.34801122755687,100.0,5.6000000000000005,0.7,2.788050278917231,0.0,8,100.0,1.0,0.0,100.0,1.0,0.0,100.0,1.0,0.0,100.0,1.0,0.0,15.031539822125524,0.4,6.65267838048142,14.73126519764719,0.8,7.250565599674109,5.021284800682224,0.4,8.401158251182318,0.0,0.0,0.0
269,actuated,1,1,256.13815577465095,44.161750995629475,3803739.5911899717,380373.95911899715,1086.0,20.64638783269962,85281.43528145223,1621.3200623850234,52.6,2.161718164710115,52.64262478792659,44.4,23,2.661947960309976,0.844106463878327,52.64262478792659,100.0,4.6000000000000005,0.575,1.8984497022575266,0.0,8,100.0,1.0,0.0,100.0,1.0,0.0,100.0,1.0,0.0,100.0,1.0,0.0,0.0,0.0,0.0,8.322677906594436,0.4,7.732999542273355,12.818320396818308,0.2,7.454598075786859,0.0,0.0,0.0
270,actuated,1,1,277.9487070017704,51.47198277810563,4003021.7997441166,400302.1799744117,1309.0,23.974358974358974,85890.13567856225,1573.0794080322758,54.6,1.819795905439552,50.76365539820074,46.4,23,2.387708749612512,0.8498168498168498,50.76365539820074,100.0,4.6000000000000005,0.575,1.0293023718404581,0.0,8,100.0,1.0,0.0,100.0,1.0,0.0,100.0,1.0,0.0,100.0,1.0,0.0,6.109243185605919,0.4,8.234418974723665,0.0,0.0,0.0,0.0,0.2,0.0,0.0,0.0,0.0
271,actuated,1,1,736.0781059640299,115.01220405687967,3205339.155455543,320533.9155455543,1543.2,27.26501766784452,92412.35464435323,1632.7271138578308,56.6,2.3908430716454694,50.42073705092662,47.8,22,2.923623693302118,0.8445229681978799,50.42073705092662,100.0,4.4,0.55,1.0888149745413105,0.0,8,100.0,1.0,0.0,100.0,1.0,0.0,100.0,1.0,0.0,100.0,1.0,0.0,0.0,0.0,0.0,3.365896407412947,0.4,8.710519796330484,0.0,0.0,0.0,0.0,0.0,0.0
272,actuated,1,1,496.8289743993713,73.06308447049578,3200496.8289743997,320049.68289744,1783.4,30.53767123287671,93888.95825686063,1607.6876413845998,58.4,2.112642915936653,51.40801340414839,49.4,21,2.6465850474934633,0.8458904109589042,51.40801340414839,100.0,4.2,0.525,1.1097195491154053,0.0,8,100.0,1.0,0.0,100.0,1.0,0.0,100.0,1.0,0.0,100.0,1.0,0.0,0.0,0.0,0.0,0.0,0.0,0.0,11.264107233187133,0.2,8.877756392923242,0.0,0.0,0.0
273,actuated,1,1,652.9688417754186,96.02482967285567,3001096.0282886657,300109.60282886657,2033.6,33.12052117263843,93794.68935460689,1527.600803820959,61.4,1.3235617440720528,54.87200932999599,51.4,24,1.5616250949815635,0.8371335504885994,54.87200932999599,100.0,4.800000000000001,0.6,2.69403492282476,0.0,8,100.0,1.0,0.0,100.0,1.0,0.0,100.0,1.0,0.0,100.0,1.0,0.0,12.120607712245146,0.4,6.62715359963119,12.819937785188813,0.2,7.800349867183633,14.03552914253396,0.2,7.124775915783258,0.0,0.0,0.0
274,actuated,1,1,512.8291718221732,116.55208450503935,4967435.044242755,496743.5044242755,2305.2,36.94230769230769,98283.91157067774,1575.0626854275276,62.4,1.1237447675871,50.0,56.4,20,1.9197066783357049,0.9038461538461539,50.0,100.0,4.0,0.5,0.0,0.0,8,100.0,1.0,0.0,100.0,1.0,0.0,100.0,1.0,0.0,100.0,1.0,0.0,0.0,0.0,0.0,0.0,0.0,0.0,0.0,0.0,0.0,0.0,0.0,0.0
275,actuated,5,1,1399.5704313599747,184.15400412631246,1003885.9300889832,100388.59300889832,1570.2,25.40776699029126,100668.88302027537,1628.946327188922,61.8,1.4553939355427494,36.97696604650787,41.6,22,2.194596191828063,0.6731391585760518,36.97696604650787,80.0,4.400000000000001,0.55,1.3816812138373225,0.0,8,60.0,0.8,0.0,80.0,1.0,0.0,60.0,0.8,0.0,60.0,0.8,0.0,0.0,0.0,0.0,15.81572837206295,0.2,6.322819768240389,0.0,0.4,0.0,20.0,0.4,4.73062994245819
276,actuated,5,5,721.9680412082623,88.04488307417834,1017471.8534999437,101747.18534999437,696.6,12.13588850174216,101968.63048495515,1776.456977089811,57.4,1.3054874678204496,29.67311058489088,22.2,19,1.150942915764682,0.3867595818815331,29.67311058489088,72.92765472146584,3.8,0.475,1.3333584646084873,0.0,8,32.76796142441526,0.6,2.0714583480034654,39.871058987191645,0.6,2.1768200100951614,23.00358871591925,0.6,1.8871200550185692,41.095626623041426,0.8,1.4448652107617526,0.0,0.0,0.0,27.7189942070936,0.4,1.9772177792959553,72.92765472146584,0.8,1.1093863136929931,0.0,0.0,0.0
277,actuated,5,5,423.53942742280776,51.65114968570827,1949718.7387900096,194971.87387900095,173.4,3.5101214574898787,100227.92929758468,2028.905451368111,49.4,2.087064499681703,40.53210472944613,11.8,23,1.4200696964555868,0.2388663967611336,40.53210472944613,100.0,4.6,0.575,2.1014734766576137,0.0,8,18.435141690893033,0.8,3.9148614312226306,36.65995217354066,0.6,4.513956703126959,37.11666182221052,0.6,4.2374672769062585,32.04508214892485,0.6,4.145502402005063,0.0,0.0,0.0,100.0,1.0,0.0,100.0,1.0,0.0,0.0,0.0,0.0
278,actuated,5,5,619.9062134124358,65.94746951196126,401864.77770487044,40186.47777048704,186.6,3.8237704918032787,82571.07152983671,1692.0301542999325,48.8,2.2313522651902433,44.01271264953493,15.2,24,1.2847830551080408,0.3114754098360656,44.01271264953493,100.0,4.8,0.6,1.8730563941779663,0.0,8,30.08317658161559,0.8,5.5299668198020075,64.46375304935827,1.0,5.162267542375444,0.0,0.2,0.0,57.5547715653056,0.8,4.292216791246279,0.0,0.0,0.0,100.0,1.0,0.0,100.0,1.0,0.0,0.0,0.0,0.0
279,actuated,5,5,551.8231849074025,62.70718010311391,1079617.0474473415,107961.70474473415,297.4,5.569288389513108,86474.5103774714,1619.3728535107002,53.4,1.5768680410366847,70.21742675009477,28.6,32,1.0037692229952444,0.5355805243445693,70.21742675009477,100.0,6.4,0.8,1.6960146276891221,0.0,8,100.0,1.0,0.0,100.0,1.0,0.0,31.732948661979208,0.6,2.3237678770108836,100.0,1.0,0.0,21.442890664611696,0.4,2.758592122480085,100.0,1.0,0.0,100.0,1.0,0.0,8.563574674167285,0.4,8.485757022022009
280,actuated,1,5,1154.0289355709233,120.21134745530452,401154.0289355708,40115.40289355708,237.0,4.217081850533808,91750.63275350793,1632.573536539287,56.2,1.3405312354995036,78.45053032057706,33.6,32,0.9682945389564609,0.597864768683274,78.45053032057706,100.0,6.4,0.8,0.7590499426482309,0.0,8,100.0,1.0,0.0,100.0,1.0,0.0,27.60424256461647,0.4,6.072399541185847,100.0,1.0,0.0,100.0,1.0,0.0,100.0,1.0,0.0,100.0,1.0,0.0,0.0,0.0,0.0
281,actuated,1,1,981.1675279652487,111.49630999605098,371314.52007445495,37131.45200744549,374.4,6.758122743682311,92490.51541541248,1669.5038883648463,55.4,1.9962169997744699,57.33638957045059,37.0,30,2.2161737592933957,0.6678700361010831,57.33638957045059,100.0,5.999999999999999,0.75,1.1458485602946173,0.0,8,100.0,1.0,0.0,100.0,1.0,0.0,100.0,1.0,0.0,100.0,1.0,0.0,27.537497448251997,0.8,2.746865450931664,19.974823411689613,0.6,3.2693235009349157,11.178795703663127,0.6,3.1505995304903585,0.0,0.0,0.0
282,actuated,1,1,956.9873588465776,125.91938932191812,2377933.5827220636,237793.35827220636,569.8,10.670411985018726,84382.4634050958,1580.1959439156517,53.4,2.7541179487205527,52.092346587116936,41.6,22,3.122245065996512,0.7790262172284644,52.092346587116936,100.0,4.4,0.55,0.5353840341372328,0.0,8,100.0,1.0,0.0,100.0,1.0,0.0,100.0,1.0,0.0,100.0,1.0,0.0,0.0,0.0,0.0,16.738772696935484,0.4,4.283072273097862,0.0,0.0,0.0,0.0,0.0,0.0
283,actuated,1,1,468.1987803928665,83.60692507015474,4562809.676517827,456280.96765178273,791.2,14.706319702602231,83685.67029243773,1555.4957303427086,53.8,2.355172908142772,51.03282358794047,46.4,24,3.131251042121571,0.862453531598513,51.03282358794047,100.0,4.800000000000001,0.6,1.7997062840553297,0.0,8,100.0,1.0,0.0,100.0,1.0,0.0,100.0,1.0,0.0,100.0,1.0,0.0,0.0,0.0,0.0,0.1270772676616616,0.4,8.784960934519766,8.1355114358621,0.4,5.6126893379228715,0.0,0.0,0.0
284,actuated,1,1,778.0222421525443,114.41503561066828,4036929.9015444615,403692.99015444616,1020.8,17.47945205479452,91703.98163944896,1570.2736582097425,58.4,1.13211379996677,53.296247023575916,48.2,26,1.4386032724341633,0.8253424657534246,53.296247023575916,100.0,5.200000000000001,0.65,1.9174517438277938,0.0,8,100.0,1.0,0.0,100.0,1.0,0.0,100.0,1.0,0.0,100.0,1.0,0.0,0.0,0.4,0.0,20.0,0.4,8.250047470405251,6.369976188607325,0.4,7.089566480217099,0.0,0.0,0.0
285,actuated,1,1,573.919436388858,81.988490912694,3000573.9194363886,300057.39194363885,1271.2,20.907894736842106,97761.96789904335,1607.9271036026867,60.8,1.2403943832203408,50.0,51.8,20,1.5037064694120932,0.8519736842105263,50.0,100.0,4.0,0.5,0.0,0.0,8,100.0,1.0,0.0,100.0,1.0,0.0,100.0,1.0,0.0,100.0,1.0,0.0,0.0,0.0,0.0,0.0,0.0,0.0,0.0,0.0,0.0,0.0,0.0,0.0
286,actuated,5,1,1289.628123010952,146.54865034215362,3729.187516252631,372.9187516252631,871.4,14.57190635451505,100471.54478866253,1680.1261670344904,59.8,1.7155361830308047,33.38197691454184,37.0,18,1.7245139380801562,0.6187290969899666,33.38197691454184,60.0,3.6000000000000005,0.45,1.8499452895318766,0.0,8,60.0,0.8,0.0,60.0,0.8,0.0,60.0,0.8,0.0,60.0,0.8,0.0,0.0,0.0,0.0,13.963012509079817,0.2,7.161778300704977,0.0,0.0,0.0,13.092802807254884,0.2,7.637784015550037
287,actuated,5,5,680.0422827263915,70.83773778399912,8056.715060671476,805.6715060671476,363.2,6.627737226277373,97156.21983661715,1772.9237196462982,54.8,1.7366103294108461,19.94648699076265,19.6,17,1.0364496724351973,0.35766423357664234,19.94648699076265,51.64879073883185,3.4,0.425,1.9679528257570904,0.0,8,21.029485742319594,0.6,1.5474949612864457,25.558322095553194,0.6,1.5490884331276638,24.23667069642761,0.6,1.8410718572490614,33.829665581411064,0.6,2.059160598992468,3.2689610715578965,0.4,7.459643375509888,0.0,0.0,0.0,51.64879073883185,0.6,1.2871633798911963,0.0,0.0,0.0
288,actuated,5,5,496.08614851644313,57.68443587400502,602505.1002652646,60250.51002652646,132.8,2.7899159663865545,92066.06313985244,1934.1609903330345,47.6,2.251184846580849,38.27404449616381,10.8,25,1.4441648340121238,0.226890756302521,38.27404449616381,100.0,5.0,0.625,2.1482073461103255,0.0,8,47.42550717611721,1.0,3.950147894315901,41.38863146053154,0.8,3.543343889223214,22.45513622665385,0.6,3.413719381561507,28.76161712682915,0.8,4.246999239423018,0.0,0.0,0.0,66.16146397917873,0.8,2.031448364358962,100.0,1.0,0.0,0.0,0.0,0.0
289,actuated,5,5,440.0106128125094,50.00120600142152,1000890.8772597045,100089.08772597046,149.0,3.2532751091703056,77266.91762934931,1687.050603260902,45.8,2.127282300743804,34.54739731869495,12.8,23,1.3311612789519685,0.2794759825327511,34.54739731869495,100.0,4.6000000000000005,0.575,2.8110281162276474,0.0,8,10.587218988193854,0.8,5.030657529204227,64.06633974518627,1.0,4.9804824684036255,0.0,0.0,0.0,0.8655288083127743,0.4,4.992438283483198,0.0,0.0,0.0,100.0,1.0,0.0,100.0,1.0,0.0,0.8600910078666857,0.4,7.484646648730129
290,actuated,5,5,666.3779172880759,79.33070443905665,824816.7908388063,82481.67908388063,243.0,4.840637450199203,78308.6765013308,1559.933794847227,50.2,1.5214922899460825,52.5,25.2,22,1.069292106791802,0.50199203187251,52.5,100.0,4.4,0.55,0.19348169948098598,0.0,8,100.0,1.0,0.0,100.0,1.0,0.0,0.0,0.0,0.0,20.0,0.4,1.5478535958478878,0.0,0.0,0.0,100.0,1.0,0.0,100.0,1.0,0.0,0.0,0.0,0.0
291,actuated,0,5,1224.4529126473383,130.26094815397215,25551.827973629708,2555.1827973629706,294.2,5.448148148148148,87285.78644447045,1616.4034526753787,54.0,1.296811106793057,64.63326296492824,34.0,28,1.1238359336914396,0.6296296296296297,64.63326296492824,100.0,5.6,0.7,2.1704856163160775,0.0,8,100.0,1.0,0.0,100.0,1.0,0.0,12.384402458123986,0.2,8.074672987908388,64.62907404521047,0.8,6.613969663777099,40.05262721609142,0.6,2.675242278843132,100.0,1.0,0.0,100.0,1.0,0.0,0.0,0.0,0.0
292,actuated,0,0,1708.7791018069815,203.42608354845018,449874.1810365013,44987.41810365013,469.4,8.121107266435986,91224.57690465906,1578.2798772432363,57.8,1.092034241472934,66.81750039655185,43.4,30,1.3561853098298688,0.7508650519031141,66.81750039655185,100.0,6.2,0.7749999999999999,0.3760159463317323,0.0,8,100.0,1.0,0.0,100.0,1.0,0.0,40.0,0.4,0.0,60.0,1.0,0.0,100.0,1.0,0.0,100.0,1.0,0.0,34.5400031724148,0.8,3.0081275706538584,0.0,0.0,0.0
293,actuated,0,0,924.9282529252841,118.5805452468313,1026777.2822002548,102677.72822002548,694.2,11.686868686868687,96399.27652775813,1622.8834432282513,59.4,1.5132243145013302,63.522428137219435,47.0,28,1.8536128740137068,0.7912457912457912,63.522428137219435,100.0,5.6000000000000005,0.7,1.19231483173215,0.0,8,100.0,1.0,0.0,100.0,1.0,0.0,100.0,1.0,0.0,1.0606742915206269,0.2,1.641475114643869,100.0,1.0,0.0,100.0,1.0,0.0,0.0,0.0,0.0,7.118750806234857,0.4,7.89704353921333
294,actuated,0,0,418.71337112780765,59.81619587540109,5848812.789910603,584881.2789910603,931.6,15.578595317725753,96189.66033627301,1608.522748098211,59.8,1.9055920918551015,76.53782966897381,49.4,31,2.3823656828433237,0.8260869565217391,76.53782966897381,100.0,6.2,0.775,1.0160423039845816,0.0,8,100.0,1.0,0.0,100.0,1.0,0.0,100.0,1.0,0.0,100.0,1.0,0.0,100.0,1.0,0.0,100.0,1.0,0.0,12.302637351790509,0.2,8.128338431876653,0.0,0.0,0.0
295,actuated,0,0,496.8035457247578,88.71491887942103,3059407.2788923653,305940.7278892365,1190.2,19.321428571428573,95041.34754494781,1542.8790185868152,61.6,1.9224850616412306,75.96447643991041,54.6,31,3.042606921120787,0.8863636363636364,75.96447643991041,100.0,6.2,0.775,1.085533074143231,0.0,8,100.0,1.0,0.0,100.0,1.0,0.0,100.0,1.0,0.0,100.0,1.0,0.0,100.0,1.0,0.0,100.0,1.0,0.0,0.0,0.0,0.0,7.7158115192833066,0.2,8.684264593145848
296,actuated,0,0,328.00600439796034,68.33458424957507,5981338.819770186,598133.8819770187,1468.2,23.75728155339806,96569.30968255892,1562.6101890381701,61.8,1.7985009345426675,75.0,56.6,31,3.112239354003543,0.9158576051779935,75.0,100.0,6.2,0.775,0.0,0.0,8,100.0,1.0,0.0,100.0,1.0,0.0,100.0,1.0,0.0,100.0,1.0,0.0,100.0,1.0,0.0,100.0,1.0,0.0,0.0,0.0,0.0,0.0,0.2,0.0
297,actuated,0,0,576.5377408597043,120.11202934577173,4609234.9178059045,460923.49178059044,1752.4,27.04320987654321,100412.20655875563,1549.5710888696858,64.8,0.6595169069049495,75.0,58.0,30,1.273619953275262,0.8950617283950617,75.0,100.0,6.0,0.75,0.0,0.0,8,100.0,1.0,0.0,100.0,1.0,0.0,100.0,1.0,0.0,100.0,1.0,0.0,100.0,1.0,0.0,100.0,1.0,0.0,0.0,0.0,0.0,0.0,0.0,0.0
298,actuated,0,0,883.0676342309841,152.25304038465245,3801763.1170058297,380176.31170058297,2044.2,30.329376854599406,106759.86218835413,1583.9742164444233,67.4,1.019424720710889,75.0,59.6,30,1.6304984113277081,0.884272997032641,75.0,100.0,6.0,0.75,0.0,0.0,8,100.0,1.0,0.0,100.0,1.0,0.0,100.0,1.0,0.0,100.0,1.0,0.0,100.0,1.0,0.0,100.0,1.0,0.0,0.0,0.0,0.0,0.0,0.0,0.0
299,actuated,0,0,869.2206677860213,149.86563237690024,3417979.2054499,341797.92054499,2342.6,33.85260115606936,109664.07308031649,1584.7409404670013,69.2,1.5112857124563426,76.29234561926864,61.2,31,2.4297771148053013,0.884393063583815,76.29234561926864,100.0,6.2,0.775,1.0588075052189527,0.0,8,100.0,1.0,0.0,100.0,1.0,0.0,100.0,1.0,0.0,100.0,1.0,0.0,100.0,1.0,0.0,100.0,1.0,0.0,10.338764954149156,0.2,8.470460041751622,0.0,0.0,0.0
300,actuated,0,0,1205.5074697711198,200.91791162851996,3578950.320228567,357895.0320228567,2651.8,36.830555555555556,111300.27761666488,1545.8371891203456,72.0,0.9536406601794961,76.54579252383087,63.8,32,2.02552204603106,0.8861111111111111,76.54579252383087,100.0,6.4,0.8,1.010808356174298,0.0,8,100.0,1.0,0.0,100.0,1.0,0.0,100.0,1.0,0.0,100.0,1.0,0.0,100.0,1.0,0.0,100.0,1.0,0.0,0.0,0.2,0.0,12.366340190646952,0.2,8.086466849394384
301,actuated,0,0,803.5246101554715,138.53872588887438,4001061.5674732127,400106.15674732125,2975.2,40.86813186813187,114438.85074371677,1571.962235490615,72.8,0.9218988675330531,75.0,65.4,30,1.4927569779198364,0.8983516483516484,75.0,100.0,6.0,0.75,0.0,0.0,8,100.0,1.0,0.0,100.0,1.0,0.0,100.0,1.0,0.0,100.0,1.0,0.0,100.0,1.0,0.0,100.0,1.0,0.0,0.0,0.0,0.0,0.0,0.0,0.0
302,actuated,0,0,679.251357122753,178.7503571375666,4398969.64467148,439896.964467148,3309.8,44.486559139784944,114738.10925340121,1542.1788878145326,74.4,1.3005432107190673,76.65871711776617,69.0,31,2.500171581703667,0.9274193548387096,76.65871711776617,100.0,6.2,0.775,0.941993051897993,0.0,8,100.0,1.0,0.0,100.0,1.0,0.0,100.0,1.0,0.0,100.0,1.0,0.0,100.0,1.0,0.0,100.0,1.0,0.0,13.269736942129384,0.2,7.535944415183944,0.0,0.0,0.0
303,actuated,0,0,1225.295531256081,218.8027734385859,3407916.1884836024,340791.61884836026,3654.2,48.20844327176781,117174.76120458206,1545.841176841452,75.8,1.3406965588571953,77.5,69.8,34,2.6444297377426143,0.920844327176781,77.5,100.0,6.800000000000001,0.85,0.8930285152500869,0.0,8,100.0,1.0,0.0,100.0,1.0,0.0,100.0,1.0,0.0,100.0,1.0,0.0,100.0,1.0,0.0,100.0,1.0,0.0,20.0,0.4,7.144228122000695,0.0,0.4,0.0
304,actuated,0,0,1197.2541471771874,249.42794732858073,4775209.065473935,477520.9065473935,4004.8,50.95165394402036,121841.28565809278,1550.1435834362949,78.6,0.5772000295449908,75.0,71.6,30,1.0420677482689737,0.910941475826972,75.0,100.0,6.0,0.75,0.0,0.0,8,100.0,1.0,0.0,100.0,1.0,0.0,100.0,1.0,0.0,100.0,1.0,0.0,100.0,1.0,0.0,100.0,1.0,0.0,0.0,0.0,0.0,0.0,0.0,0.0
305,actuated,0,0,884.8237992334607,170.15842292951166,4008413.561786752,400841.3561786752,4362.0,54.11910669975186,125431.14220146513,1556.2176451794683,80.6,1.15238361325769,75.0,73.2,30,2.0341254169327816,0.9081885856079405,75.0,100.0,6.0,0.75,0.0,0.0,8,100.0,1.0,0.0,100.0,1.0,0.0,100.0,1.0,0.0,100.0,1.0,0.0,100.0,1.0,0.0,100.0,1.0,0.0,0.0,0.0,0.0,0.0,0.0,0.0
306,actuated,0,0,877.5659045300403,182.82623011042506,3692662.137750934,369266.2137750934,4732.8,57.71707317073171,126236.81876033987,1539.47339951634,82.0,1.6643504163531195,76.68083338099052,75.4,33,3.103723392963833,0.9195121951219513,76.68083338099052,100.0,6.6000000000000005,0.825,2.148683309555203,0.0,8,100.0,1.0,0.0,100.0,1.0,0.0,100.0,1.0,0.0,100.0,1.0,0.0,100.0,1.0,0.0,100.0,1.0,0.0,11.81442326178967,0.2,8.464230355062785,1.6322437861344952,0.4,8.725236121378838
307,actuated,0,0,1226.7104919962026,340.7529144433896,6410922.341765102,641092.2341765102,5124.4,59.44779582366589,130706.41171077263,1516.3156810994506,86.2,0.23237337705771582,75.0,81.6,30,0.48595056354804744,0.9466357308584686,75.0,100.0,6.0,0.75,0.0,0.0,8,100.0,1.0,0.0,100.0,1.0,0.0,100.0,1.0,0.0,100.0,1.0,0.0,100.0,1.0,0.0,100.0,1.0,0.0,0.0,0.0,0.0,0.0,0.0,0.0
308,actuated,0,0,897.2915010065944,263.90926500193956,6207096.669658077,620709.6669658077,5536.4,63.05694760820045,135061.5717958025,1538.2866947130124,87.8,0.40333646278188917,75.0,83.4,30,0.7611141377982642,0.9498861047835991,75.0,100.0,6.0,0.75,0.0,0.0,8,100.0,1.0,0.0,100.0,1.0,0.0,100.0,1.0,0.0,100.0,1.0,0.0,100.0,1.0,0.0,100.0,1.0,0.0,0.0,0.0,0.0,0.0,0.0,0.0
309,actuated,3,0,916.4442060826426,176.2392704005082,5389085.898190767,538908.5898190767,4872.8,56.398148148148145,138102.9113765896,1598.413326117935,86.4,0.8381657021066719,65.0,73.0,29,1.3501649660632018,0.8449074074074074,65.0,100.0,5.8,0.725,0.0,0.0,8,80.0,1.0,0.0,100.0,1.0,0.0,60.0,0.8,0.0,80.0,1.0,0.0,100.0,1.0,0.0,100.0,1.0,0.0,0.0,0.0,0.0,0.0,0.0,0.0
310,actuated,3,3,544.9080281353412,97.30500502416807,5636842.600777472,563684.2600777473,4093.0,49.19471153846154,135938.8228188367,1633.8800819571718,83.2,0.7034439711075359,51.68785413697435,58.4,28,0.8708272726265756,0.7019230769230769,51.68785413697435,100.0,5.600000000000001,0.7,2.847920917533745,0.0,8,32.99465319531009,0.6,2.1308926479675696,100.0,1.0,0.0,32.2500017214179,0.6,2.0207769490126815,35.22268823725881,0.6,2.0062992094161807,100.0,1.0,0.0,100.0,1.0,0.0,3.8685131837655717,0.4,8.165987049922466,9.166976758042438,0.4,8.459411483951062
311,actuated,3,3,222.8952248058945,44.579044961178894,5800910.88209325,580091.088209325,3890.8,50.01028277634961,134373.72417789788,1727.1686912326206,77.8,1.1190812167084627,46.23746589322195,48.8,25,1.2381111869853523,0.6272493573264781,46.23746589322195,100.0,5.0,0.625,1.4966759322024958,0.0,8,20.614811370396637,0.6,4.269659525424862,100.0,1.0,0.0,26.30410623023181,0.8,3.7622519867308717,22.980809545147167,0.6,3.9414959454642338,100.0,1.0,0.0,100.0,1.0,0.0,0.0,0.0,0.0,0.0,0.0,0.0
312,actuated,3,3,362.4979215877378,60.41632026462296,4000362.4979215884,400036.24979215884,4077.8,55.25474254742547,127215.45788019136,1723.7866921435145,73.8,1.8072592720188738,55.92517804583849,50.4,28,1.9675172659011824,0.6829268292682927,55.92517804583849,100.0,5.6,0.7,1.4139510624583773,0.0,8,100.0,1.0,0.0,100.0,1.0,0.0,22.381853146857793,0.8,5.547663032139358,25.01957121985015,0.8,5.763945467527661,100.0,1.0,0.0,100.0,1.0,0.0,0.0,0.0,0.0,0.0,0.0,0.0
313,actuated,3,3,669.2787656445195,107.94818800718056,3401364.775692161,340136.4775692161,4338.8,60.26111111111111,119364.76208516213,1657.8439178494739,72.0,1.949139801674003,67.46432685786658,54.8,31,2.479418454564699,0.7611111111111111,67.46432685786658,100.0,6.2,0.775,2.002074146171221,0.0,8,100.0,1.0,0.0,100.0,1.0,0.0,26.64371652603677,0.6,7.212271690193614,22.416815935425802,0.6,7.330354788823394,100.0,1.0,0.0,100.0,1.0,0.0,0.0,0.0,0.0,90.65408240147008,1.0,1.4739666903527584
314,actuated,3,3,625.5914826125269,104.26524710208781,3249916.7915069796,324991.67915069795,4619.2,66.94492753623189,111577.61666916397,1617.0669082487532,69.0,2.6150147824760754,62.858426602170425,58.2,27,3.965498329342897,0.8434782608695652,62.858426602170425,100.0,5.4,0.675,0.40602033409488053,0.0,8,100.0,1.0,0.0,100.0,1.0,0.0,0.0,0.0,0.0,0.0,0.2,0.0,100.0,1.0,0.0,100.0,1.0,0.0,2.8674128173634017,0.2,3.2481626727590442,100.0,1.0,0.0
315,actuated,3,3,219.31303696075832,45.69021603349132,5878573.990181618,587857.3990181618,4919.0,71.91520467836257,109772.7147792042,1604.8642511579562,68.4,1.5338085259462817,75.0,61.2,30,2.198903131125941,0.8947368421052632,75.0,100.0,6.0,0.75,0.0,0.0,8,100.0,1.0,0.0,100.0,1.0,0.0,0.0,0.0,0.0,0.0,0.0,0.0,100.0,1.0,0.0,100.0,1.0,0.0,100.0,1.0,0.0,100.0,1.0,0.0
316,actuated,3,3,379.3705721287169,82.47186350624281,10109606.381165648,1010960.6381165648,5225.2,76.84117647058824,108221.65400366166,1591.4949118185539,68.0,2.235759838853468,75.25442652118102,61.8,32,3.576786787787018,0.9088235294117647,75.25442652118102,100.0,6.4,0.8,1.0018397000152617,0.0,8,100.0,1.0,0.0,100.0,1.0,0.0,0.0,0.0,0.0,2.0354121694481364,0.4,8.014717600122093,100.0,1.0,0.0,100.0,1.0,0.0,100.0,1.0,0.0,100.0,1.0,0.0
317,actuated,3,3,207.5865579327542,51.89663948318855,7771400.07748608,777140.007748608,5537.0,81.18768328445748,108311.98324821358,1588.152247041255,68.2,1.918519014342457,75.0,63.2,30,3.409894369614253,0.9266862170087976,75.0,100.0,6.0,0.75,0.0,0.0,8,100.0,1.0,0.0,100.0,1.0,0.0,0.0,0.0,0.0,0.0,0.0,0.0,100.0,1.0,0.0,100.0,1.0,0.0,100.0,1.0,0.0,100.0,1.0,0.0
318,actuated,3,3,290.13889612880973,69.08068955447851,5534744.736523619,553474.4736523619,5852.0,86.3126843657817,107102.88759899655,1579.6886076548162,67.8,2.209782329590216,77.81131121789542,63.4,32,3.804623384106174,0.9351032448377581,77.81131121789542,100.0,6.4,0.8,2.2231839548215255,0.0,8,100.0,1.0,0.0,100.0,1.0,0.0,11.209829377962706,0.2,8.920742379593129,11.280660365200674,0.2,8.864729258979075,100.0,1.0,0.0,100.0,1.0,0.0,100.0,1.0,0.0,100.0,1.0,0.0
319,actuated,3,3,365.64401227293536,91.41100306823384,5991427.675189236,599142.7675189236,6169.0,89.66569767441861,107630.79453818528,1564.4010834038559,68.8,1.8245623019592265,75.0,64.4,30,3.5877499329619935,0.936046511627907,75.0,100.0,6.0,0.75,0.0,0.0,8,100.0,1.0,0.0,100.0,1.0,0.0,0.0,0.0,0.0,0.0,0.0,0.0,100.0,1.0,0.0,100.0,1.0,0.0,100.0,1.0,0.0,100.0,1.0,0.0
320,actuated,3,3,267.32654822711993,63.64917814931427,5600504.821999321,560050.4821999321,6489.0,91.65254237288136,113560.23136034077,1603.9580700613103,70.8,1.247071974951153,76.3051643952889,64.2,31,1.8271068618209645,0.9067796610169492,76.3051643952889,100.0,6.2,0.775,1.19716719643899,0.0,8,100.0,1.0,0.0,100.0,1.0,0.0,0.0,0.0,0.0,10.441315162311184,0.2,9.57733757151192,100.0,1.0,0.0,100.0,1.0,0.0,100.0,1.0,0.0,100.0,1.0,0.0
321,actuated,3,3,648.9084401595804,129.78168803191608,5000648.90844016,500064.890844016,6809.6,95.37254901960785,113233.92606321152,1585.9093286164077,71.4,1.6037706125066793,75.0,64.8,30,2.313684987649489,0.907563025210084,75.0,100.0,6.0,0.75,0.0,0.0,8,100.0,1.0,0.0,100.0,1.0,0.0,0.0,0.0,0.0,0.0,0.0,0.0,100.0,1.0,0.0,100.0,1.0,0.0,100.0,1.0,0.0,100.0,1.0,0.0
322,actuated,3,3,305.9494554024222,61.189891080484436,5000305.949455401,500030.59494554007,7134.0,100.19662921348315,114788.64619392883,1612.2000869933825,71.2,2.478214511727229,77.71512983980926,65.0,33,3.651938005083364,0.9129213483146067,77.71512983980926,100.0,6.6,0.825,2.1969009215245023,0.0,8,100.0,1.0,0.0,100.0,1.0,0.0,10.934322098819393,0.4,8.947836642991751,10.786716619654726,0.2,8.627370729204266,100.0,1.0,0.0,100.0,1.0,0.0,100.0,1.0,0.0,100.0,1.0,0.0
323,actuated,3,3,368.36286065010415,87.70544301192956,5413582.73587198,541358.273587198,7460.2,107.49567723342939,107253.97865242956,1545.4463782770829,69.4,3.1777193945494986,75.0,65.8,31,5.3070359846911535,0.9481268011527377,75.0,100.0,6.2,0.775,0.0,0.0,8,100.0,1.0,0.0,100.0,1.0,0.0,0.0,0.0,0.0,0.0,0.2,0.0,100.0,1.0,0.0,100.0,1.0,0.0,100.0,1.0,0.0,100.0,1.0,0.0
324,actuated,3,3,365.83342234647563,101.62039509624323,6225970.627104923,622597.0627104923,7792.0,110.36827195467423,109306.18844151477,1548.2462952055914,70.6,2.659330598862249,75.0,67.2,30,4.826110681416314,0.9518413597733711,75.0,100.0,6.0,0.75,0.0,0.0,8,100.0,1.0,0.0,100.0,1.0,0.0,0.0,0.0,0.0,0.0,0.0,0.0,100.0,1.0,0.0,100.0,1.0,0.0,100.0,1.0,0.0,100.0,1.0,0.0
325,actuated,3,3,286.85025917439464,75.48691030905123,6200286.8502591755,620028.6850259176,8129.0,112.90277777777777,112387.59201650522,1560.938778007017,72.0,1.6221302694880333,75.0,68.2,31,3.5386318004326323,0.9472222222222222,75.0,100.0,6.2,0.775,0.0,0.0,8,100.0,1.0,0.0,100.0,1.0,0.0,0.0,0.0,0.0,0.0,0.2,0.0,100.0,1.0,0.0,100.0,1.0,0.0,100.0,1.0,0.0,100.0,1.0,0.0
326,actuated,1,3,1054.791372629297,175.79856210488285,3002823.638038474,300282.3638038474,6905.6,96.17827298050139,114625.90546652803,1596.4610789210033,71.8,0.9600191301561724,75.0,57.2,31,1.3957256968309457,0.7966573816155988,75.0,100.0,6.2,0.775,0.0,0.0,8,100.0,1.0,0.0,100.0,1.0,0.0,0.0,0.0,0.0,0.0,0.2,0.0,100.0,1.0,0.0,100.0,1.0,0.0,100.0,1.0,0.0,100.0,1.0,0.0
327,actuated,1,1,409.81829119165224,58.54547017023604,3000409.8182911915,300040.98182911915,5608.2,82.71681415929204,116460.15227280631,1717.7013609558453,67.8,1.630586736384437,38.484124504035435,43.2,23,1.708610088901798,0.6371681415929203,38.484124504035435,100.0,4.6,0.575,1.397703420211315,0.0,8,100.0,1.0,0.0,100.0,1.0,0.0,0.0,0.0,0.0,0.0,0.0,0.0,48.957788532097766,0.8,2.8488133571724963,12.380893121585359,0.6,2.84223406989421,17.89849300318565,0.6,3.0495126342377796,28.635821375414707,0.6,2.4410673003860346
328,actuated,1,1,252.50264625835493,37.132742096816905,3000930.5264136917,300093.05264136917,5041.8,79.7753164556962,112111.82913434753,1773.9213470624609,63.2,2.163180632930817,39.35950015892445,36.8,27,1.7168642890062074,0.5822784810126582,39.35950015892445,100.0,5.3999999999999995,0.675,4.2835459213461204,0.0,8,100.0,1.0,0.0,100.0,1.0,0.0,12.591271199207767,0.2,7.942009858884774,11.131734178693478,0.2,8.983326262982766,27.62018306887967,1.0,4.261137215388903,24.11308140730398,0.6,4.329362010728152,17.835134971310254,0.6,4.277795609356508,21.584596446000432,0.8,4.47473641342786
329,actuated,1,1,317.8633262144475,52.97722103574125,3036532.2095397427,303653.2209539743,5193.4,88.32312925170068,104327.44558418542,1774.2762854453304,58.8,2.1932124763940424,32.83678039479412,38.6,23,2.2293562550798356,0.6564625850340136,32.83678039479412,100.0,4.6,0.575,3.0420542763750085,0.0,8,100.0,1.0,0.0,100.0,1.0,0.0,0.0,0.0,0.0,0.0,0.0,0.0,13.979373796805703,0.8,6.2584428005909984,18.78198883038749,0.8,6.278269809109027,17.083357098167653,0.4,5.85365039350058,12.8495234329921,0.6,5.946071207799461
330,actuated,1,1,172.6152212580522,29.76124504449176,4227330.964705514,422733.0964705514,5387.6,96.89928057553956,97359.72405281803,1751.074173611835,55.6,2.5348832227152673,28.130423992698184,40.2,19,2.754978427857514,0.7230215827338129,28.130423992698184,100.0,3.8,0.475,2.657046000894744,0.0,8,100.0,1.0,0.0,100.0,1.0,0.0,0.0,0.0,0.0,0.0,0.0,0.0,6.5538134534881465,0.8,7.181749901453333,10.860362955941127,0.8,6.9105367429052755,7.629215532156195,0.2,7.164081362799346,0.0,0.0,0.0
331,actuated,1,1,409.1652604315227,61.994736429018594,3400409.1652604295,340040.916526043,5587.6,103.85873605947955,90556.6488076483,1683.2090856440202,53.8,2.408290390481663,28.594454618221903,41.0,20,2.6324916508907426,0.7620817843866171,28.594454618221903,100.0,4.0,0.5,2.8101347101140743,0.0,8,100.0,1.0,0.0,100.0,1.0,0.0,0.0,0.0,0.0,2.1476130576002106,0.2,7.366238175123407,12.841686584984018,0.8,7.246776325307581,13.766337303190994,0.8,7.868063180481605,0.0,0.2,0.0,0.0,0.0,0.0
332,actuated,1,1,391.1683226850576,61.12005041954025,3247906.2931430363,324790.62931430363,5793.2,112.70817120622569,84535.47002701863,1644.6589499419968,51.4,2.8541131941257962,41.43412718752131,41.8,19,3.1574179516651038,0.8132295719844358,41.43412718752131,100.0,3.8000000000000003,0.475,3.2027362153763144,0.0,8,100.0,1.0,0.0,100.0,1.0,0.0,0.0,0.0,0.0,100.0,1.0,0.0,11.084912908122533,0.4,9.021270697284814,7.894035730942051,0.2,8.596821294843942,12.494068861105916,0.2,8.003797730881761,0.0,0.0,0.0
333,actuated,1,1,323.65803259209054,52.20290848259525,4131361.3916236414,413136.1391623641,5999.0,117.62745098039215,82577.44159526573,1619.1655214757984,51.0,2.474064354039825,40.10464133050107,42.8,19,2.8869628415463513,0.8392156862745098,40.10464133050107,100.0,3.8000000000000003,0.475,1.9462436051965242,0.0,8,100.0,1.0,0.0,100.0,1.0,0.0,0.0,0.0,0.0,100.0,1.0,0.0,20.0,0.2,7.408977783412128,0.0,0.4,0.0,0.8371306440085391,0.2,8.160971058160065,0.0,0.0,0.0
334,actuated,1,1,508.8077220664012,79.50120657287518,3201323.3214682853,320132.3321468285,6203.6,115.73880597014926,85828.82430885854,1601.2840356130325,53.6,1.6751465823032354,49.57866023150643,43.2,24,2.2886985801137376,0.8059701492537313,49.57866023150643,100.0,4.800000000000001,0.6,1.312738894342508,0.0,8,100.0,1.0,0.0,100.0,1.0,0.0,86.20198914558841,1.0,1.9927165846340356,100.0,1.0,0.0,10.42729270646305,0.4,8.509194570106029,0.0,0.2,0.0,0.0,0.2,0.0,0.0,0.0,0.0
335,actuated,1,1,253.82274501459656,42.303790835766094,4123630.2112463997,412363.02112463996,6424.0,118.08823529411765,89278.94458221357,1641.157069525985,54.4,2.302332078070363,50.0,45.2,21,2.7199464898371897,0.8308823529411765,50.0,100.0,4.2,0.525,0.0,0.0,8,100.0,1.0,0.0,100.0,1.0,0.0,100.0,1.0,0.0,100.0,1.0,0.0,0.0,0.2,0.0,0.0,0.0,0.0,0.0,0.0,0.0,0.0,0.0,0.0
336,actuated,1,1,630.2767738599921,90.03953912285601,3000630.2767738597,300063.02767738595,6651.2,116.27972027972028,94018.29793048705,1643.6765372462773,57.2,2.783522980144628,52.69992075851519,46.8,23,3.1629749205482893,0.8181818181818182,52.69992075851519,100.0,4.6000000000000005,0.575,2.13256025220708,0.0,8,100.0,1.0,0.0,100.0,1.0,0.0,100.0,1.0,0.0,100.0,1.0,0.0,0.0,0.0,0.0,11.671211023030992,0.2,8.568091160606073,9.928155045090534,0.4,8.492390857050568,0.0,0.0,0.0
337,actuated,1,1,421.01784029949806,60.14540575707115,3000421.0178402993,300042.1017840299,6874.2,117.30716723549489,93188.56239915601,1590.2485051050514,58.6,2.417891464071288,54.0493317570332,45.6,25,2.7550707339430516,0.7781569965870307,54.0493317570332,100.0,5.000000000000001,0.625,2.9863998550810926,0.0,8,100.0,1.0,0.0,100.0,1.0,0.0,100.0,1.0,0.0,100.0,1.0,0.0,13.547957869186575,0.2,7.381186224932071,13.59444716942562,0.4,8.149569992473367,5.252249017653412,0.4,8.360442623243301,0.0,0.0,0.0
338,actuated,1,1,648.9426112752296,98.32463807200449,3201705.491402631,320170.5491402631,7116.8,116.66885245901639,96154.86009732184,1576.3091819233089,61.0,1.1870634470170567,50.277962529056595,51.6,22,1.2486843895880624,0.8459016393442623,50.277962529056595,100.0,4.4,0.55,1.1135827364982107,0.0,8,100.0,1.0,0.0,100.0,1.0,0.0,100.0,1.0,0.0,100.0,1.0,0.0,2.2237002324527566,0.2,8.908661891985686,0.0,0.2,0.0,0.0,0.0,0.0,0.0,0.0,0.0
339,actuated,1,1,567.9433410830749,109.2198732852067,3418650.537125329,341865.0537125329,7385.8,117.23492063492064,98485.94317153792,1563.2689392307607,63.0,1.1806935984623714,51.17897878548433,55.8,23,1.5551786336489466,0.8857142857142857,51.17897878548433,100.0,4.6000000000000005,0.575,0.8674015608981215,0.0,8,100.0,1.0,0.0,100.0,1.0,0.0,100.0,1.0,0.0,100.0,1.0,0.0,0.0,0.2,0.0,0.0,0.0,0.0,9.43183028387466,0.4,6.939212487184972,0.0,0.0,0.0
