step,control_mode,phase,prev_phase,TotalTravelTime,AvgTravelTime,TotalTravelTime_Raw,AvgTravelTime_Raw,TotalWaitingTime,AvgWaitingTime,TotalCO2,AvgCO2,VehCount,AvgSpeed,AvgOccupancy,QueueLength,Throughput,SpeedStd,HaltRatio,det_occ_mean,det_occ_max,det_veh_sum,det_veh_mean,det_speed_mean,det_speed_min,n_detectors,d0_occ,d0_veh,d0_speed,d1_occ,d1_veh,d1_speed,d2_occ,d2_veh,d2_speed,d3_occ,d3_veh,d3_speed,d4_occ,d4_veh,d4_speed
0,random,0,0,870.9299170866449,207.36426597301067,4821.6835946275805,964.3367189255162,631.4,14.48165137614679,77631.62742675343,1780.5419134576478,43.6,1.500990901516355,68.68588151111385,24.2,23,1.2268896862922114,0.555045871559633,68.68588151111385,100.0,4.6,0.9199999999999999,1.728957729259833,0.0,5,24.828697782138818,0.8,4.400658598587441,18.600709773430424,0.8,4.2441300477117245,100.0,1.0,0.0,100.0,1.0,0.0,100.0,1.0,0.0
1,random,0,0,197.4194795551284,61.69358736097762,442186.3805903023,88437.27611806046,721.8,17.60487804878049,74261.08214180727,1811.2459058977386,41.0,2.269512541432092,54.66452161620748,23.6,20,1.9070890389356951,0.5756097560975609,54.66452161620748,100.0,4.0,0.8,2.8278603803003866,0.0,5,10.592284995379089,0.8,5.938401114054546,28.875194579457286,0.6,6.071685175606843,33.85512850620103,0.6,2.1292156118405434,100.0,1.0,0.0,100.0,1.0,0.0
2,random,0,0,65.89244841300197,21.964149471000656,3544727.456304822,708945.4912609644,841.0,22.015706806282722,66763.20730907348,1747.7279400281016,38.2,2.6844803902608168,50.80293216228233,24.2,21,2.412143986388467,0.6335078534031413,50.80293216228233,100.0,4.2,0.8400000000000001,3.252686958076757,0.0,5,3.5041363011151816,0.8,7.291263171360036,11.500264939002705,0.8,7.023757870077691,39.01025957129377,0.6,1.9484137489460542,100.0,1.0,0.0,100.0,1.0,0.0
3,random,0,0,118.09470240279197,39.364900800930656,2000118.0947024028,400023.6189404806,971.4,25.6984126984127,60871.08688371419,1610.3462138548728,37.8,1.758041461585702,80.07054759614942,28.6,21,1.842819582347314,0.7566137566137566,80.07054759614942,100.0,4.6,0.9199999999999999,1.850643332347076,0.0,5,40.50954288906581,0.8,5.6878992588985,59.84319509168131,0.8,3.565317402836879,100.0,1.0,0.0,100.0,1.0,0.0,100.0,1.0,0.0
4,random,0,0,189.07845421163702,63.026151403879005,3970319.7479203357,794063.9495840671,1117.8,29.41578947368421,60487.70846791073,1591.7818017871246,38.0,1.1665034790040527,74.96185565806006,30.6,22,1.2851510689071906,0.8052631578947368,74.96185565806007,100.0,4.4,0.8800000000000001,1.6641179345635422,0.0,5,23.719320582757177,0.6,5.9957481330094735,51.08995770754319,0.8,2.324841539808238,100.0,1.0,0.0,100.0,1.0,0.0,100.0,1.0,0.0
5,random,3,0,302.60343246965715,126.08476352902382,7194527.7493279455,1438905.549865589,1274.0,32.666666666666664,62518.42294573689,1603.0364857881254,39.0,1.125170859497815,80.07164310877408,32.6,23,1.7236235604855905,0.8358974358974359,80.07164310877408,100.0,4.6,0.9199999999999999,1.7039417953663556,0.0,5,0.3582155438704149,0.6,8.519708976831778,100.0,1.0,0.0,100.0,1.0,0.0,100.0,1.0,0.0,100.0,1.0,0.0
6,random,3,3,261.4080942179531,87.13603140598435,4396772.317006579,879354.4634013157,1431.8,36.34010152284264,63666.1411506332,1615.891907376477,39.4,1.2344417104160954,81.56993209024358,32.6,22,1.6661676518772044,0.8274111675126904,81.56993209024358,100.0,4.8,0.96,0.8662046056892722,0.0,5,47.849660451217915,0.8,4.331023028446361,60.0,1.0,0.0,100.0,1.0,0.0,100.0,1.0,0.0,100.0,1.0,0.0
7,random,3,3,178.26785378633636,59.422617928778784,3414470.970351053,682894.1940702106,1538.2,36.97596153846154,69074.96914560482,1660.4559890770388,41.6,1.7191408948826674,67.13880314790106,29.8,21,1.853584941149908,0.7163461538461539,67.13880314790106,100.0,4.2,0.8400000000000001,1.4482560694853448,0.0,5,9.038136362319165,0.6,5.0849646211055335,26.655879377186125,0.6,2.156315726321191,100.0,1.0,0.0,100.0,1.0,0.0,100.0,1.0,0.0
8,random,3,3,187.90633461857732,62.635444872859104,2000187.9063346186,400037.5812669237,1680.4,38.19090909090909,68268.03156063243,1551.546171832555,44.0,1.7178675767074743,74.72060816137457,31.2,21,1.8888215009645064,0.7090909090909091,74.72060816137457,100.0,4.2,0.8400000000000001,2.0000121375429676,0.0,5,5.954223418715401,0.4,5.022168183577121,67.64881738815745,0.8,4.977892504137716,100.0,1.0,0.0,100.0,1.0,0.0,100.0,1.0,0.0
9,random,3,3,294.27406277001444,98.09135425667148,2000294.27406277,400058.85481255397,1850.6,39.883620689655174,67272.37923693514,1449.8357594167055,46.4,0.8744926439764263,97.56219738964808,37.4,25,0.9710111511629053,0.8060344827586207,97.56219738964808,100.0,5.0,1.0,0.7669669394695908,0.0,5,87.81098694824038,1.0,3.8348346973479543,100.0,1.0,0.0,100.0,1.0,0.0,100.0,1.0,0.0,100.0,1.0,0.0
10,random,4,3,366.73455427418054,122.24485142472685,2000366.734554274,400073.3469108548,1936.8,40.01652892561984,75310.61833986998,1556.0045111543386,48.4,0.4947627878583867,92.0,36.8,24,0.4580061266589014,0.7603305785123967,92.0,100.0,4.8,0.96,0.0,0.0,5,100.0,1.0,0.0,100.0,1.0,0.0,60.0,0.8,0.0,100.0,1.0,0.0,100.0,1.0,0.0
11,random,4,4,360.2958909170278,120.09863030567594,2000360.2958909168,400072.0591781834,2039.8,41.628571428571426,77463.91746070307,1580.896274708226,49.0,0.62324488421069,86.03441741591507,38.0,23,0.7208364276241389,0.7755102040816326,86.03441741591507,100.0,4.6,0.9199999999999999,0.3991409018848593,0.0,5,100.0,1.0,0.0,100.0,1.0,0.0,30.172087079575363,0.6,1.9957045094242964,100.0,1.0,0.0,100.0,1.0,0.0
12,random,4,4,200.01411046718368,100.00705523359184,3119303.7278786814,623860.7455757363,2230.2,45.888888888888886,76348.14570755517,1570.9495001554562,48.6,0.6785454876273466,85.23485412246033,40.8,23,1.127092242826364,0.8395061728395061,85.23485412246032,100.0,4.6,0.9199999999999999,0.7961514375882315,0.0,5,100.0,1.0,0.0,100.0,1.0,0.0,26.174270612301598,0.6,3.9807571879411574,100.0,1.0,0.0,100.0,1.0,0.0
13,random,4,4,573.7798456806108,220.68455603100415,2200828.3633778286,440165.6726755657,2434.0,47.91338582677165,76977.77043185043,1515.3104415718587,50.8,0.5927717417555676,92.78018147792636,42.8,25,0.9867836266159904,0.84251968503937,92.78018147792636,100.0,5.0,1.0,0.9895682282741841,0.0,5,100.0,1.0,0.0,100.0,1.0,0.0,63.90090738963181,1.0,4.947841141370921,100.0,1.0,0.0,100.0,1.0,0.0
14,random,4,4,519.5100234832623,236.14091976511924,2004388.1833767772,400877.63667535543,2657.8,50.14716981132076,79637.83919705878,1502.600739567147,53.0,0.28418167916289394,100.0,47.0,25,0.40746098339302605,0.8867924528301887,100.0,100.0,5.0,1.0,0.0,0.0,5,100.0,1.0,0.0,100.0,1.0,0.0,100.0,1.0,0.0,100.0,1.0,0.0,100.0,1.0,0.0
15,random,4,4,133.47335241892637,133.47335241892637,5003120.213676965,1000624.0427353929,2911.0,54.309701492537314,82452.3902120954,1538.290862165959,53.6,0.13886217804300516,100.0,52.2,25,0.2821164212371554,0.9738805970149254,100.0,100.0,5.0,1.0,0.0,0.0,5,100.0,1.0,0.0,100.0,1.0,0.0,100.0,1.0,0.0,100.0,1.0,0.0,100.0,1.0,0.0
16,random,2,4,717.9266212662787,326.330282393763,2002375.5400842049,400475.108016841,2946.2,56.225190839694655,81423.54187580329,1553.884386942811,52.4,0.15724415606131462,84.0,46.6,23,0.1883596336417223,0.8893129770992366,84.0,100.0,4.6,0.9199999999999999,0.0,0.0,5,60.0,0.8,0.0,60.0,0.8,0.0,100.0,1.0,0.0,100.0,1.0,0.0,100.0,1.0,0.0
17,random,2,2,481.5531484416488,160.51771614721625,2000481.5531484417,400096.3106296883,2905.2,55.86923076923077,81788.4208915455,1572.8542479143364,52.0,0.3969828467367856,77.33813366206778,39.8,21,0.38415036558217697,0.7653846153846153,77.33813366206778,100.0,4.2,0.8400000000000001,0.7718576314729799,0.0,5,27.37196549725411,0.6,1.7811487453885158,59.31870281308477,0.6,2.078139411976384,100.0,1.0,0.0,100.0,1.0,0.0,100.0,1.0,0.0
18,random,2,2,412.83361239776167,137.61120413258723,2000412.833612398,400082.5667224796,2932.6,57.501960784313724,80874.03490885528,1585.7653903697112,51.0,0.67929525623105,85.8265210595033,37.0,25,0.9325718745826954,0.7254901960784313,85.8265210595033,100.0,5.0,1.0,0.7817194579465072,0.0,5,29.132605297516534,1.0,3.908597289732536,100.0,1.0,0.0,100.0,1.0,0.0,100.0,1.0,0.0,100.0,1.0,0.0
19,random,2,2,759.1807347572698,271.1359766990249,2001060.9059275116,400212.1811855023,3119.8,60.69649805447471,82053.04127868635,1596.362670791563,51.4,0.8595993188242972,84.73613591326263,40.6,23,1.5220881736164955,0.7898832684824902,84.73613591326261,100.0,4.6,0.9199999999999999,1.1757996828621688,0.0,5,23.680679566313074,0.6,5.8789984143108445,100.0,1.0,0.0,100.0,1.0,0.0,100.0,1.0,0.0,100.0,1.0,0.0
20,random,2,2,63.10365966929154,52.58638305774295,2127070.656910939,425414.1313821878,3331.4,65.57874015748031,82584.57979686189,1625.6807046626354,50.8,1.084149051787839,82.81410250816928,44.4,25,2.1190336880698584,0.8740157480314961,82.8141025081693,100.0,5.0,1.0,1.4362246488508135,0.0,5,14.070512540846494,1.0,7.181123244254067,100.0,1.0,0.0,100.0,1.0,0.0,100.0,1.0,0.0,100.0,1.0,0.0
21,random,2,2,482.4296709147171,268.0164838415095,2296876.327645785,459375.265529157,3556.0,70.83665338645419,81446.87470205067,1622.447703228101,50.2,1.1475553030326915,84.65527629187545,45.2,22,2.233298989369066,0.900398406374502,84.65527629187545,100.0,4.4,0.8800000000000001,1.7275825794760524,0.0,5,23.276381459377262,0.4,8.637912897380263,100.0,1.0,0.0,100.0,1.0,0.0,100.0,1.0,0.0,100.0,1.0,0.0
22,random,1,2,158.33703683622943,131.94753069685785,4943741.911089914,988748.3822179828,3759.0,76.40243902439025,77969.22150068566,1584.7402744041801,49.2,0.8700617539452105,77.59110363816433,44.8,22,1.8236865393158803,0.9105691056910569,77.59110363816433,100.0,4.8,0.96,0.9151767006888978,0.0,5,47.955518190821635,1.0,4.575883503444489,40.0,0.8,0.0,100.0,1.0,0.0,100.0,1.0,0.0,100.0,1.0,0.0
23,random,1,1,205.55706274592688,102.77853137296344,3510240.8142759115,702048.1628551823,3852.2,77.97975708502024,77703.80113641138,1572.9514400083274,49.4,0.7069446547265457,78.15337961922933,39.4,22,1.1499524460877524,0.7975708502024291,78.15337961922933,100.0,4.4,0.8800000000000001,1.4694156058310042,0.0,5,22.10367850288094,0.6,5.62243470511887,68.6632195932657,0.8,1.724643324036151,100.0,1.0,0.0,100.0,1.0,0.0,100.0,1.0,0.0
24,random,1,1,110.86434235407708,55.43217117703854,3000110.8643423542,600022.1728684709,4006.0,81.09311740890688,78782.32252225312,1594.7838567257718,49.4,0.9179402685974462,82.40534287809693,39.6,21,1.403742015443608,0.8016194331983806,82.40534287809692,100.0,4.2,0.8400000000000001,1.1610396323539316,0.0,5,12.026714390484585,0.2,5.805198161769658,100.0,1.0,0.0,100.0,1.0,0.0,100.0,1.0,0.0,100.0,1.0,0.0
25,random,1,1,467.11023435640874,212.32283379836758,2401249.102238843,480249.82044776867,3993.8,80.19678714859438,79646.5394164405,1599.328100731737,49.8,0.9941982155032825,81.02639801959322,41.2,25,1.812781664834332,0.8273092369477911,81.02639801959322,100.0,5.0,1.0,1.3094417269027327,0.0,5,5.1319900979660815,1.0,6.547208634513663,100.0,1.0,0.0,100.0,1.0,0.0,100.0,1.0,0.0,100.0,1.0,0.0
26,random,1,1,417.8026747464411,139.26755824881369,2000417.8026747466,400083.5605349493,3414.8,70.26337448559671,77208.28759008723,1588.6478928001488,48.6,0.7638711503966532,58.441409201473675,33.2,19,1.0067094424882235,0.6831275720164609,58.441409201473675,100.0,4.0,0.8,1.028036030667185,0.0,5,40.04222712586625,0.8,1.1448176301798962,12.532224052600327,0.6,2.0596758776344357,100.0,1.0,0.0,39.6325948289018,0.6,1.9356866455215926,100.0,1.0,0.0
27,random,1,1,282.11085083282796,94.03695027760932,2000282.110850833,400056.42217016657,3007.0,61.618852459016395,76589.30084832567,1569.4528862361817,48.8,1.0390130339250978,85.54580565997276,31.0,24,1.3510181232735818,0.6352459016393442,85.54580565997276,100.0,4.8,0.96,0.7087079792097212,0.0,5,27.729028299863785,0.8,3.543539896048606,100.0,1.0,0.0,100.0,1.0,0.0,100.0,1.0,0.0,100.0,1.0,0.0
28,random,1,1,446.96588572808315,148.9886285760277,2000446.965885728,400089.39317714557,2813.0,57.17479674796748,76807.98802959619,1561.1379680812236,49.2,1.0237800704015771,84.46492081918166,35.0,23,1.6040122491367685,0.7113821138211383,84.46492081918166,100.0,4.6,0.9199999999999999,1.0086746572342895,0.0,5,22.324604095908285,0.6,5.043373286171447,100.0,1.0,0.0,100.0,1.0,0.0,100.0,1.0,0.0,100.0,1.0,0.0
29,random,0,1,514.2909832230109,197.80422431654264,2001386.0901816604,400277.21803633205,2879.2,59.48760330578512,77411.60407606667,1599.413307356749,48.4,0.936757560613256,73.82039775212706,36.0,22,1.535008763141714,0.743801652892562,73.82039775212706,100.0,4.4,0.8800000000000001,1.7089917992241677,0.0,5,9.101988760635322,0.6,8.544958996120839,60.0,0.8,0.0,100.0,1.0,0.0,100.0,1.0,0.0,100.0,1.0,0.0
30,random,0,0,93.80603305580287,46.903016527901435,2019986.6558531807,403997.3311706361,3013.0,63.565400843881854,75972.63195911302,1602.798142597321,47.4,1.1290553783945037,65.02616859997363,35.4,18,1.7552413422992934,0.7468354430379747,65.02616859997363,100.0,3.6,0.72,1.6718112686524467,0.0,5,5.719397497551881,0.2,6.073155824294196,19.41144550231627,0.4,2.285900518968037,100.0,1.0,0.0,100.0,1.0,0.0,100.0,1.0,0.0
31,random,0,0,49.82617733002468,24.91308866501234,3525298.5427297754,705059.7085459551,3185.0,67.76595744680851,80710.92732829199,1717.2537729423827,47.0,1.7608726929207321,69.95673857851466,35.2,24,2.5008915736541133,0.7489361702127659,69.95673857851466,100.0,4.8,0.96,2.278517592955576,0.0,5,18.61835246771534,0.8,7.388979340257999,31.16534042485796,1.0,4.003608624519883,100.0,1.0,0.0,100.0,1.0,0.0,100.0,1.0,0.0
32,random,0,0,36.30576105736827,18.152880528684136,3000036.305761057,600007.2611522113,3360.0,75.0,75716.46224505627,1690.0996036842919,44.8,2.0639730019402367,63.73272391289038,35.2,22,2.702336835821629,0.7857142857142857,63.73272391289038,100.0,4.4,0.8800000000000001,3.1710255162403085,0.0,5,10.845879757174544,0.8,10.166075837011437,7.8177398072773485,0.6,5.689051744190104,100.0,1.0,0.0,100.0,1.0,0.0,100.0,1.0,0.0
33,random,0,0,46.99358428920657,23.496792144603283,5954023.441237813,1190804.6882475626,3536.8,78.59555555555555,71151.53394509244,1581.1451987798318,45.0,1.6693891830308774,70.72310748063046,36.4,19,2.2364998442638653,0.8088888888888889,70.72310748063046,100.0,3.8,0.76,0.8854808412768737,0.0,5,0.0,0.0,0.0,53.6155374031523,0.8,4.427404206384368,100.0,1.0,0.0,100.0,1.0,0.0,100.0,1.0,0.0
34,random,0,0,95.50320685692661,47.751603428463305,3000095.503206857,600019.1006413714,3726.2,80.65367965367966,74223.25971436242,1606.5640630814373,46.2,1.363695223975124,82.70112913410118,39.6,23,2.216704616964159,0.8571428571428571,82.70112913410117,100.0,4.6,0.9199999999999999,1.7286132478830403,0.0,5,13.505645670505828,0.6,8.643066239415202,100.0,1.0,0.0,100.0,1.0,0.0,100.0,1.0,0.0,100.0,1.0,0.0
35,random,2,0,186.41572578858944,93.20786289429472,3000186.4157257886,600037.2831451577,3922.4,85.2695652173913,73278.18273515019,1593.0039725032648,46.0,0.893450254423521,81.4939775118346,40.0,23,1.5735198383694093,0.8695652173913043,81.4939775118346,100.0,4.6,0.9199999999999999,1.8270897317150516,0.0,5,7.469887559173003,0.6,9.135448658575259,100.0,1.0,0.0,100.0,1.0,0.0,100.0,1.0,0.0,100.0,1.0,0.0
36,random,2,2,115.70599206801623,57.852996034008115,3000115.705992068,600023.1411984137,4115.8,89.08658008658008,71658.24727306372,1551.0443132697774,46.2,0.907225161793275,81.43477997351624,39.8,22,1.3859548777832404,0.8614718614718615,81.43477997351624,100.0,4.4,0.8800000000000001,0.6994340693752605,0.0,5,7.173899867581213,0.4,3.497170346876303,100.0,1.0,0.0,100.0,1.0,0.0,100.0,1.0,0.0,100.0,1.0,0.0
37,random,2,2,17.69082972670027,17.69082972670027,3035384.3306113975,607076.8661222795,4320.2,93.5108225108225,73508.74641803291,1591.0984073167297,46.2,0.9906352981809444,82.42544871033897,41.8,24,1.9924020783600618,0.9047619047619048,82.42544871033897,100.0,4.8,0.96,1.2412557959536141,0.0,5,12.127243551694846,0.8,6.20627897976807,100.0,1.0,0.0,100.0,1.0,0.0,100.0,1.0,0.0,100.0,1.0,0.0
38,random,2,2,302.9241468660253,168.29119270334738,3000576.231757643,600115.2463515287,4522.8,98.32173913043478,73565.1649927109,1599.2427172328457,46.0,0.9292463486819663,82.07165502008365,41.4,22,1.7787572568350083,0.9,82.07165502008365,100.0,4.4,0.8800000000000001,1.8099495385400952,0.0,5,10.358275100418268,0.4,9.049747692700477,100.0,1.0,0.0,100.0,1.0,0.0,100.0,1.0,0.0,100.0,1.0,0.0
39,random,2,2,134.48603870617006,67.24301935308503,3000134.4860387063,600026.8972077413,4715.2,104.31858407079646,71037.31880988683,1571.6220975638678,45.2,0.747882408229635,80.0,40.4,20,1.1440762933422077,0.8938053097345132,80.0,100.0,4.0,0.8,0.0,0.0,5,0.0,0.0,0.0,100.0,1.0,0.0,100.0,1.0,0.0,100.0,1.0,0.0,100.0,1.0,0.0
40,random,2,2,256.34393556854087,183.10281112038635,3040467.6172418734,608093.5234483747,4920.2,106.9608695652174,72635.2365659744,1579.0268818690085,46.0,0.9572973213493148,85.32961104100217,41.8,24,1.8800932639240517,0.908695652173913,85.32961104100218,100.0,4.8,0.96,1.0429567541461444,0.0,5,26.648055205010905,0.8,5.214783770730722,100.0,1.0,0.0,100.0,1.0,0.0,100.0,1.0,0.0,100.0,1.0,0.0
41,random,1,2,388.41154809575943,176.55070367989063,1204459.4187146088,240891.88374292175,4218.8,94.59192825112108,70582.36421789922,1582.5642201322694,44.6,0.8414243579521979,76.80460821285897,38.2,22,1.6716366647348841,0.8565022421524664,76.80460821285897,100.0,4.4,0.8800000000000001,1.4209203808238338,0.0,5,4.02304106429483,0.4,7.104601904119169,100.0,1.0,0.0,100.0,1.0,0.0,80.0,1.0,0.0,100.0,1.0,0.0
42,random,1,1,489.5707594648974,163.1902531549658,1003162.9913932101,200632.59827864202,3138.2,70.36322869955157,70447.5792155293,1579.5421348773386,44.6,0.7956611130443908,67.83910444379649,34.0,17,1.1552138413557578,0.7623318385650224,67.83910444379649,100.0,3.4,0.6799999999999999,0.41786012156490615,0.0,5,0.0,0.0,0.0,100.0,1.0,0.0,100.0,1.0,0.0,39.19552221898243,0.4,2.089300607824531,100.0,1.0,0.0
43,random,1,1,320.58452228411613,106.8615074280387,1003527.9086248869,200705.58172497738,2162.6,48.05777777777778,74512.38412786121,1655.8307583969158,45.0,1.463088096529217,64.93023877426344,31.6,20,1.9646233091800704,0.7022222222222222,64.93023877426344,100.0,4.0,0.8,1.811479047412019,0.0,5,7.658860983773366,0.4,5.520995823387057,100.0,1.0,0.0,100.0,1.0,0.0,16.992332887543853,0.6,3.5363994136730383,100.0,1.0,0.0
44,random,1,1,69.13665024062581,34.568325120312906,2009083.2333860681,401816.6466772136,1975.8,42.76623376623377,76250.6623479264,1650.4472369681039,46.2,1.556824380772546,82.52082180045342,34.2,22,2.3489157595218426,0.7402597402597403,82.5208218004534,100.0,4.4,0.8800000000000001,2.5493692571149644,0.0,5,15.346982014764308,0.4,8.732588981114905,100.0,1.0,0.0,100.0,1.0,0.0,97.25712698750272,1.0,4.014257304459917,100.0,1.0,0.0
45,random,1,1,473.18772305084167,197.16155127118404,3116613.0012538396,623322.6002507679,2155.6,46.05982905982906,74594.56085315712,1593.9008729307077,46.8,1.2673362859330368,82.49606109650676,37.8,25,2.1906454376627704,0.8076923076923077,82.49606109650676,100.0,5.0,1.0,1.8641918678666456,0.0,5,12.480305482533822,1.0,9.320959339333228,100.0,1.0,0.0,100.0,1.0,0.0,100.0,1.0,0.0,100.0,1.0,0.0
46,random,1,1,703.0738956998381,251.09781989279932,2001002.8677735545,400200.5735547109,2344.2,49.66525423728814,74035.38775818619,1568.5463508090295,47.2,0.7338700962446287,80.0,41.2,20,1.2218164860325365,0.8728813559322034,80.0,100.0,4.0,0.8,0.0,0.0,5,0.0,0.0,0.0,100.0,1.0,0.0,100.0,1.0,0.0,100.0,1.0,0.0,100.0,1.0,0.0
47,random,2,1,494.9146465984307,206.21443608267947,2010584.1250737004,402116.8250147401,2497.4,51.81327800829875,76162.19003097116,1580.12842387907,48.2,0.9175567905333212,82.38634555991463,40.4,21,1.6083943403528196,0.8381742738589212,82.38634555991462,100.0,4.2,0.8400000000000001,1.67620317325003,0.0,5,11.931727799573082,0.2,8.38101586625015,100.0,1.0,0.0,100.0,1.0,0.0,100.0,1.0,0.0,100.0,1.0,0.0
48,random,2,2,368.85237854798277,184.42618927399138,4903449.751005633,980689.9502011265,2704.8,55.2,76943.61735234449,1570.2779051498876,49.0,0.9142482354396004,83.07217485558955,42.8,23,1.7245238930851847,0.8734693877551021,83.07217485558954,100.0,4.6,0.9199999999999999,1.1996995033230629,0.0,5,15.360874277947687,0.6,5.9984975166153145,100.0,1.0,0.0,100.0,1.0,0.0,100.0,1.0,0.0,100.0,1.0,0.0
49,random,2,2,176.67855835671577,147.23213196392982,7987146.6971899625,1597429.3394379925,2926.0,61.21338912133891,75093.21767175397,1570.9878174007106,47.8,0.8848416348160124,82.82833059395625,45.2,22,1.8182595069561933,0.9456066945606695,82.82833059395625,100.0,4.4,0.8800000000000001,1.4142618294153597,0.0,5,14.141652969781262,0.4,7.071309147076798,100.0,1.0,0.0,100.0,1.0,0.0,100.0,1.0,0.0,100.0,1.0,0.0
50,random,2,2,310.2323158105829,172.35128656143496,3000607.16535782,600121.4330715641,3143.0,65.47916666666667,75186.4715470641,1566.3848238971686,48.0,0.7645799771227588,81.01098211845397,44.4,21,1.4403615667876135,0.925,81.01098211845397,100.0,4.2,0.8400000000000001,1.6879801736399531,0.0,5,5.0549105922698345,0.2,8.439900868199766,100.0,1.0,0.0,100.0,1.0,0.0,100.0,1.0,0.0,100.0,1.0,0.0
51,random,2,2,508.37489874536124,317.73431171585077,3003502.631348437,600700.5262696875,3366.2,69.83817427385893,74923.34709503982,1554.4262882788344,48.2,0.8596437081062851,80.0,45.2,21,1.7085173467160393,0.9377593360995851,80.0,100.0,4.2,0.8400000000000001,0.0,0.0,5,0.0,0.2,0.0,100.0,1.0,0.0,100.0,1.0,0.0,100.0,1.0,0.0,100.0,1.0,0.0
52,random,2,2,18.763438461937767,18.763438461937767,4741240.7030912405,948248.1406182481,3595.0,73.66803278688525,76807.18319288359,1573.9176883787623,48.8,0.926447916922382,82.46294657355632,46.2,21,1.8701446090899962,0.9467213114754098,82.46294657355634,100.0,4.2,0.8400000000000001,1.6240709575052843,0.0,5,12.314732867781686,0.2,8.120354787526422,100.0,1.0,0.0,100.0,1.0,0.0,100.0,1.0,0.0,100.0,1.0,0.0
53,random,1,2,416.53078639830545,260.3317414989409,2402595.9077393305,480519.1815478661,3563.0,75.80851063829788,74138.80865625638,1577.4214607714123,47.0,0.9899794354795348,78.41533050594694,41.4,21,1.9722568996282253,0.8808510638297873,78.41533050594694,100.0,4.2,0.8400000000000001,1.6560880550928097,0.0,5,12.076652529734702,0.2,8.280440275464048,100.0,1.0,0.0,100.0,1.0,0.0,100.0,1.0,0.0,80.0,1.0,0.0
54,random,1,1,398.72085766069637,132.90695255356545,2000398.7208576608,400079.74417153216,3312.4,73.60888888888888,74142.65901123646,1647.6146446941436,45.0,1.1123453859442973,50.644005670569186,33.0,15,1.6807960918494738,0.7333333333333333,50.644005670569186,100.0,3.0,0.6,0.7389410512269444,0.0,5,0.0,0.0,0.0,100.0,1.0,0.0,100.0,1.0,0.0,19.259914356817944,0.4,1.870009025471354,33.960113996027985,0.6,1.824696230663368
55,random,1,1,141.65130993040742,47.217103310135805,2000141.6513099305,400028.3302619861,3060.6,72.18396226415095,72338.76008538264,1706.102832202421,42.4,1.5744408294957932,55.97590046628966,25.2,18,1.7441101915055959,0.5943396226415094,55.97590046628966,100.0,3.6,0.72,3.15397126477379,0.0,5,11.183114974670616,0.2,8.942052391171572,100.0,1.0,0.0,100.0,1.0,0.0,38.11541566340679,0.8,3.5066768609254346,30.580971693370884,0.6,3.3211270717719445
56,random,1,1,101.10404445198417,33.70134815066139,2000101.1040444518,400020.22080889036,3028.6,71.76777251184834,70218.37327604258,1663.942494692952,42.2,2.1310441199376955,65.26726779321825,24.4,20,2.217675868040033,0.5781990521327014,65.26726779321825,100.0,4.0,0.8,3.224753111835793,0.0,5,11.219511269031273,0.2,8.913044213969073,100.0,1.0,0.0,100.0,1.0,0.0,23.169116781361936,0.8,4.972603662276075,91.94771091569805,1.0,2.238117682933815
57,random,1,1,362.0605254380854,113.14391419940168,1600787.6513541401,320157.53027082805,3135.4,69.67555555555556,69757.5190346867,1550.1670896597045,45.0,1.366813368069195,76.55849636081189,28.8,20,1.4203038411753723,0.64,76.55849636081189,100.0,4.0,0.8,2.6775585876371766,0.0,5,11.374057478479926,0.2,8.791937282645453,100.0,1.0,0.0,100.0,1.0,0.0,71.41842432557951,0.8,4.595855655540429,100.0,1.0,0.0
58,random,1,1,1036.565016301777,259.14125407544424,1001036.5650163019,200207.31300326038,3255.8,66.9917695473251,73393.57721660369,1510.1559098066602,48.6,0.7039787259407551,90.05122647946564,35.6,23,0.7653854853047876,0.7325102880658436,90.05122647946564,100.0,4.6,0.9199999999999999,1.0463679820716725,0.0,5,50.2561323973282,0.6,5.231839910358363,100.0,1.0,0.0,100.0,1.0,0.0,100.0,1.0,0.0,100.0,1.0,0.0
59,random,4,1,705.8086415143532,235.26954717145108,247975.9944753899,49595.19889507798,2761.2,54.354330708661415,80372.58515105172,1582.137502973459,50.8,0.5973401981671809,92.0,40.6,24,0.8034122877194411,0.7992125984251969,92.0,100.0,4.8,0.96,0.0,0.0,5,100.0,1.0,0.0,100.0,1.0,0.0,60.0,0.8,0.0,100.0,1.0,0.0,100.0,1.0,0.0
60,random,4,4,561.7295276619982,187.24317588733274,2834709.2448168322,566941.8489633665,2029.4,39.63671875,79899.74684023926,1560.541930473423,51.2,0.493379094173459,86.29405131927636,41.8,23,0.5790832054101498,0.81640625,86.29405131927638,100.0,4.6,0.9199999999999999,0.3430332849081428,0.0,5,100.0,1.0,0.0,100.0,1.0,0.0,31.470256596381887,0.6,1.7151664245407139,100.0,1.0,0.0,100.0,1.0,0.0
61,random,4,4,455.10281905515086,189.62617460631287,7714631.03353042,1542926.2067060838,1488.4,29.184313725490195,82369.29745781163,1615.0842638786592,51.0,0.6166615389125003,83.73156766106558,41.0,24,0.9342432840516343,0.803921568627451,83.73156766106558,100.0,4.8,0.96,0.8245358137721628,0.0,5,100.0,1.0,0.0,100.0,1.0,0.0,18.657838305327914,0.8,4.122679068860814,100.0,1.0,0.0,100.0,1.0,0.0
62,random,4,4,213.9887946932227,106.99439734661135,10846950.922761293,2169390.184552259,1653.0,33.06,81125.79975811872,1622.5159951623746,50.0,0.8815432729172133,82.38511485339929,42.0,24,1.5479794029644078,0.84,82.38511485339927,100.0,4.8,0.96,1.0788818220747793,0.0,5,100.0,1.0,0.0,100.0,1.0,0.0,11.925574266996364,0.8,5.394409110373896,100.0,1.0,0.0,100.0,1.0,0.0
63,random,4,4,711.2419491656216,254.01498184486488,5448038.457799083,1089607.6915598165,1819.4,35.53515625,77810.25573434011,1519.7315573113303,51.2,0.8832337058650045,87.0806866376381,41.4,24,1.545037097472614,0.80859375,87.08068663763811,100.0,4.8,0.96,1.0653325990431095,0.0,5,100.0,1.0,0.0,100.0,1.0,0.0,35.40343318819055,0.8,5.326662995215547,100.0,1.0,0.0,100.0,1.0,0.0
64,random,4,4,643.3734779863878,292.4424899938126,2018703.6452513845,403740.7290502769,2038.8,38.03731343283582,80658.06212817636,1504.8145919435888,53.6,0.39434279027432045,100.0,46.8,25,0.6578703496992269,0.8731343283582089,100.0,100.0,5.0,1.0,0.0,0.0,5,100.0,1.0,0.0,100.0,1.0,0.0,100.0,1.0,0.0,100.0,1.0,0.0,100.0,1.0,0.0
65,random,4,4,94.93540867182949,94.93540867182949,4656497.4707300095,931299.4941460019,2289.2,41.92673992673993,83521.92202491268,1529.7055315918074,54.6,0.19544561034023364,100.0,51.8,25,0.3974063333234091,0.9487179487179487,100.0,100.0,5.0,1.0,0.0,0.0,5,100.0,1.0,0.0,100.0,1.0,0.0,100.0,1.0,0.0,100.0,1.0,0.0,100.0,1.0,0.0
66,random,0,4,608.4343360057692,276.5610618208041,2002238.9700992797,400447.7940198559,1935.2,35.837037037037035,84451.42249474661,1563.9152313841967,54.0,0.20846540090883406,84.0,47.4,23,0.27355155559091615,0.8777777777777778,84.0,100.0,4.6,0.9199999999999999,0.0,0.0,5,60.0,0.8,0.0,60.0,0.8,0.0,100.0,1.0,0.0,100.0,1.0,0.0,100.0,1.0,0.0
67,random,0,0,457.4964100400207,152.49880334667355,2000457.4964100402,400091.49928200804,1449.2,27.65648854961832,84850.03859651243,1619.27554573497,52.4,0.45940735704187136,70.35264964434214,40.4,21,0.47999226100862047,0.7709923664122137,70.35264964434214,100.0,4.2,0.8400000000000001,0.7854557657056727,0.0,5,26.11142264928162,0.6,1.9948445331167102,25.65182557242906,0.6,1.9324342954116536,100.0,1.0,0.0,100.0,1.0,0.0,100.0,1.0,0.0
68,random,0,0,320.14167101189025,123.13141192765009,2012020.686783752,402404.1373567504,1371.8,27.76923076923077,82702.44891051367,1674.1386419132323,49.4,1.0028002532541007,67.35561114538677,34.8,22,1.2120428884742742,0.7044534412955465,67.35561114538677,100.0,4.4,0.8800000000000001,1.6525700672057273,0.0,5,20.12836783925536,0.6,4.117792261229802,16.64968788767851,0.8,4.145058074798834,100.0,1.0,0.0,100.0,1.0,0.0,100.0,1.0,0.0
69,random,0,0,42.03816384593861,21.019081922969306,3301442.122945544,660288.4245891088,1536.0,32.26890756302521,82721.62075633007,1737.8491755531527,47.6,1.6614109155629222,68.59268779327044,35.2,22,2.0681102024770173,0.7394957983193278,68.59268779327044,100.0,4.4,0.8800000000000001,2.4193647768975763,0.0,5,29.311307720830655,0.6,6.18498876940154,13.65213124552156,0.8,5.911835115086341,100.0,1.0,0.0,100.0,1.0,0.0,100.0,1.0,0.0
70,random,0,0,35.56302749185918,17.78151374592959,3000035.5630274913,600007.1126054983,1711.2,36.56410256410256,79391.45789114584,1696.3986728877317,46.8,1.9811166773144309,66.08308483242467,35.4,22,2.4794974465636668,0.7564102564102564,66.08308483242467,100.0,4.4,0.8800000000000001,2.6772397667191954,0.0,5,19.17009444637756,0.8,7.533654696186833,11.245329715745811,0.6,5.852544137409144,100.0,1.0,0.0,100.0,1.0,0.0,100.0,1.0,0.0
71,random,0,0,46.0780316050038,23.0390158025019,3000046.078031605,600009.215606321,1893.8,40.293617021276596,76845.6176742883,1635.0131420061339,47.0,1.7507583516123792,84.39786820792484,38.0,24,2.3965603693529083,0.8085106382978723,84.39786820792483,100.0,4.8,0.96,1.7090031196086493,0.0,5,21.98934103962415,0.8,8.545015598043246,100.0,1.0,0.0,100.0,1.0,0.0,100.0,1.0,0.0,100.0,1.0,0.0
72,random,0,0,159.61897875304277,79.80948937652138,3000159.6189787528,600031.9237957506,2087.2,44.40851063829787,72835.1591459992,1549.6842371489195,47.0,0.9070455807064957,82.19123238378891,40.4,22,1.5481886816668178,0.8595744680851064,82.19123238378893,100.0,4.6,0.9199999999999999,0.9127283873660798,0.0,5,50.956161918944645,0.6,4.563641936830399,60.0,1.0,0.0,100.0,1.0,0.0,100.0,1.0,0.0,100.0,1.0,0.0
73,random,2,0,106.49787299996952,53.24893649998476,3000106.497873,600021.2995746,2264.2,46.78099173553719,76943.21201385278,1589.7357854101815,48.4,0.8109384860997381,78.74729399386092,38.0,22,1.1516531550576572,0.7851239669421488,78.74729399386092,100.0,4.4,0.8800000000000001,1.1557027136264377,0.0,5,30.93483700704155,0.6,3.9429236451327427,62.80163296226306,0.8,1.8355899229994455,100.0,1.0,0.0,100.0,1.0,0.0,100.0,1.0,0.0
74,random,2,2,111.47465322770863,55.737326613854314,3000111.4746532277,600022.2949306455,2453.2,50.06530612244898,76444.23807812051,1560.0864913902146,49.0,0.9411452195662747,81.70377061922818,39.4,22,1.4383706829914646,0.8040816326530612,81.70377061922818,100.0,4.4,0.8800000000000001,1.1582901761729087,0.0,5,8.518853096140901,0.4,5.791450880864543,100.0,1.0,0.0,100.0,1.0,0.0,100.0,1.0,0.0,100.0,1.0,0.0
75,random,2,2,212.56498688672804,106.28249344336402,3000212.564986887,600042.5129973774,2655.2,53.31726907630522,79630.11615042912,1598.9983162736771,49.8,0.9785365397446485,85.68644685142793,42.2,23,1.7420057892607637,0.8473895582329317,85.68644685142795,100.0,4.6,0.9199999999999999,1.3387792081461491,0.0,5,28.432234257139726,0.6,6.6938960407307455,100.0,1.0,0.0,100.0,1.0,0.0,100.0,1.0,0.0,100.0,1.0,0.0
76,random,2,2,184.4362996319814,92.2181498159907,3000184.436299632,600036.8872599264,2845.0,57.358870967741936,77639.65344006711,1565.3155935497402,49.6,0.7717820852380082,80.84746509460183,40.2,22,1.2887196448917426,0.8104838709677419,80.84746509460183,100.0,4.4,0.8800000000000001,0.6474582725763322,0.0,5,4.23732547300915,0.4,3.2372913628816606,100.0,1.0,0.0,100.0,1.0,0.0,100.0,1.0,0.0,100.0,1.0,0.0
77,random,2,2,267.8015840601248,133.9007920300624,3000267.8015840603,600053.560316812,3043.8,60.15415019762846,78960.8536264136,1560.4911783876207,50.6,0.8720181964638196,84.81718851910546,41.8,24,1.5507623918046718,0.8260869565217391,84.81718851910546,100.0,4.8,0.96,0.8849998090229926,0.0,5,24.085942595527285,0.8,4.424999045114963,100.0,1.0,0.0,100.0,1.0,0.0,100.0,1.0,0.0,100.0,1.0,0.0
78,random,2,2,323.8118204712554,161.9059102356277,3000323.811820471,600064.7623640943,3253.4,65.068,79834.0561770581,1596.681123541162,50.0,0.8050457826053394,84.03725507532545,42.4,24,1.453909652062986,0.848,84.03725507532545,100.0,4.8,0.96,1.3252015046525767,0.0,5,20.186275376627236,0.8,6.626007523262883,100.0,1.0,0.0,100.0,1.0,0.0,100.0,1.0,0.0,100.0,1.0,0.0
79,random,2,2,228.31570654364663,114.15785327182331,3000228.3157065436,600045.6631413087,3436.0,68.17460317460318,76559.0509738476,1519.0287891636428,50.4,0.5444343601898447,80.0,40.6,20,0.9029234717530753,0.8055555555555556,80.0,100.0,4.0,0.8,0.0,0.0,5,0.0,0.0,0.0,100.0,1.0,0.0,100.0,1.0,0.0,100.0,1.0,0.0,100.0,1.0,0.0
80,random,2,2,176.69490950715544,88.34745475357772,3000176.6949095065,600035.3389819013,3624.6,70.24418604651163,81114.08315392144,1571.978355696152,51.6,0.6605096072069092,84.89928376528609,40.2,24,1.0645641621682345,0.7790697674418605,84.8992837652861,100.0,4.8,0.96,0.7862481280602511,0.0,5,24.4964188264305,0.8,3.931240640301256,100.0,1.0,0.0,100.0,1.0,0.0,100.0,1.0,0.0,100.0,1.0,0.0
81,random,2,2,468.90126193620864,234.45063096810432,3000468.901261936,600093.7802523872,3833.6,73.16030534351145,82322.01660063634,1571.0308511571823,52.4,0.9709079515230016,82.05493999763097,43.0,23,1.854763267812972,0.8206106870229007,82.05493999763098,100.0,4.6,0.9199999999999999,1.0522317704278996,0.0,5,10.274699988154907,0.6,5.2611588521394985,100.0,1.0,0.0,100.0,1.0,0.0,100.0,1.0,0.0,100.0,1.0,0.0
82,random,1,2,579.0031922186924,263.1832691903147,1224717.67171258,244943.53434251598,3289.0,64.49019607843137,81545.92220542484,1598.9396510867616,51.0,1.1485695813292542,68.54961300880382,40.6,22,2.1289762065632067,0.796078431372549,68.54961300880382,100.0,4.3999999999999995,0.8799999999999999,1.3776173439047623,0.0,5,22.748065044019086,0.8,6.888086719523812,100.0,1.0,0.0,100.0,1.0,0.0,60.0,0.8,0.0,60.0,0.8,0.0
83,random,1,1,335.6719255260642,111.8906418420214,3152519.2764409073,630503.8552881815,2403.2,49.44855967078189,81417.50662145086,1675.2573378899353,48.6,1.4315303284155567,61.4511984458436,33.4,21,2.2275444728016818,0.6872427983539094,61.4511984458436,100.0,4.2,0.8400000000000001,2.2867465221267445,0.0,5,13.028197903108776,0.8,8.401818692540424,100.0,1.0,0.0,100.0,1.0,0.0,31.406336348047716,0.6,1.6153383332404665,62.82145797806152,0.8,1.4165755848528325
84,random,1,1,254.0166532091523,84.6722177363841,4395319.833903628,879063.9667807256,1582.8,34.71052631578947,75688.82886066589,1659.8427381724975,45.6,1.4946610861386218,68.27568662869635,28.8,21,1.8967450176156313,0.631578947368421,68.27568662869635,100.0,4.2,0.8400000000000001,2.4267906211647814,0.0,5,11.558148192923454,0.2,8.65190498779256,100.0,1.0,0.0,100.0,1.0,0.0,29.82028495055829,1.0,3.482048118031346,100.0,1.0,0.0
85,random,1,1,614.8089773477307,170.78027148548074,1200907.8931022803,240181.57862045607,1498.6,32.1587982832618,74921.49273379428,1607.7573548024523,46.6,1.2943519132659387,76.15729801088264,29.4,20,1.4962983051506902,0.630901287553648,76.15729801088264,100.0,4.0,0.8,2.691888043021562,0.0,5,11.200984419476754,0.2,8.927786724362878,100.0,1.0,0.0,100.0,1.0,0.0,69.58550563493645,0.8,4.531653490744931,100.0,1.0,0.0
86,random,1,1,402.44592087630207,125.76435027384439,1005040.7290421283,201008.14580842567,1572.2,32.61825726141079,74324.77219577084,1542.0077219039595,48.2,0.9600326946572332,82.70297845338655,32.8,21,1.1331651094465818,0.6804979253112033,82.70297845338655,100.0,4.2,0.8400000000000001,0.9130495675466955,0.0,5,13.514892266932748,0.2,4.5652478377334775,100.0,1.0,0.0,100.0,1.0,0.0,100.0,1.0,0.0,100.0,1.0,0.0
87,random,1,1,450.74215145981924,150.24738381993976,1218548.9607275599,243709.79214551198,1741.4,34.689243027888445,79266.41150944191,1579.0121814629863,50.2,0.900495906765594,82.5974690323892,39.0,24,1.3291544328692786,0.7768924302788844,82.5974690323892,100.0,4.8,0.96,1.1158293877821397,0.0,5,12.987345161945996,0.8,5.579146938910698,100.0,1.0,0.0,100.0,1.0,0.0,100.0,1.0,0.0,100.0,1.0,0.0
88,random,0,1,742.7190002070029,247.57300006900095,4904484.907481415,980896.9814962831,1654.4,33.22088353413655,78500.19967913667,1576.3092305047523,49.8,0.7110256725412867,72.01333601518172,35.6,21,0.9978903263310314,0.714859437751004,72.01333601518172,100.0,4.2,0.8400000000000001,0.6279228772036732,0.0,5,0.06668007590860725,0.4,3.139614386018366,60.0,0.8,0.0,100.0,1.0,0.0,100.0,1.0,0.0,100.0,1.0,0.0
89,random,0,0,81.13648479120906,40.56824239560453,3937563.299740729,787512.6599481457,1734.2,35.10526315789474,79381.51518891791,1606.913262933561,49.4,1.0022988608198746,73.59084262227498,34.8,22,1.3798439929778539,0.7044534412955465,73.59084262227498,100.0,4.4,0.8800000000000001,1.402502247628495,0.0,5,37.6703965071124,0.8,4.8715607135556604,30.283816604262483,0.6,2.140950524586814,100.0,1.0,0.0,100.0,1.0,0.0,100.0,1.0,0.0
90,random,0,0,51.05861826517198,25.52930913258599,3759951.5747969076,751990.3149593815,1909.0,40.79059829059829,78511.29535034737,1677.5917809903283,46.8,1.4745350793386043,67.44984863121635,35.4,24,1.9319970009812235,0.7564102564102564,67.44984863121635,100.0,4.8,0.96,1.938326064537717,0.0,5,12.72875611516838,0.8,5.7486759705236175,24.520487040913395,1.0,3.9429543521649686,100.0,1.0,0.0,100.0,1.0,0.0,100.0,1.0,0.0
91,random,0,0,37.55339542345905,18.776697711729526,3000037.553395423,600007.5106790846,2084.0,46.93693693693694,74477.88110372864,1677.4297545884829,44.4,1.8818746230343877,69.38755324264139,35.0,22,2.361201456840494,0.7882882882882883,69.38755324264139,100.0,4.4,0.8800000000000001,2.5386076466974585,0.0,5,21.061648647639686,0.8,6.642644528293742,25.876117565567256,0.6,6.05039370519355,100.0,1.0,0.0,100.0,1.0,0.0,100.0,1.0,0.0
92,random,0,0,48.8018259206278,24.4009129603139,3000048.8018259206,600009.7603651842,2260.2,50.9054054054054,70896.92730736498,1596.77764205777,44.4,1.478452918825514,65.61578479585387,36.0,19,1.9131324898825217,0.8108108108108109,65.61578479585387,100.0,3.8,0.76,1.1189393724168535,0.0,5,0.0,0.0,0.0,28.078923979269348,0.8,5.594696862084267,100.0,1.0,0.0,100.0,1.0,0.0,100.0,1.0,0.0
93,random,0,0,50.78367870246744,25.39183935123372,3000050.783678702,600010.1567357404,2440.6,52.82683982683983,74071.14647504422,1603.271568723901,46.2,1.4015131933519729,82.84843493574226,36.4,23,1.7688625570536571,0.7878787878787878,82.84843493574226,100.0,4.6,0.9199999999999999,1.6444753585240064,0.0,5,42.05986961005465,0.8,3.4859176357243475,72.18230506865666,0.8,4.736459156895684,100.0,1.0,0.0,100.0,1.0,0.0,100.0,1.0,0.0
94,random,2,0,53.03334907591183,26.516674537955915,3000053.0333490754,600010.606669815,2629.4,55.94468085106383,75496.19001833812,1606.3019152837899,47.0,1.4653479893574994,80.51419653129778,39.0,23,1.9520287025334935,0.8297872340425532,80.51419653129778,100.0,4.6,0.9199999999999999,1.0593296403018386,0.0,5,2.5709826564889227,0.6,5.296648201509193,100.0,1.0,0.0,100.0,1.0,0.0,100.0,1.0,0.0,100.0,1.0,0.0
95,random,2,2,139.61318844404565,69.80659422202282,3000139.613188444,600027.9226376888,2815.6,58.4149377593361,75965.9404957413,1576.0568567581186,48.2,1.0279633350275288,74.5288666808301,40.4,21,1.684506095480604,0.8381742738589212,74.5288666808301,100.0,4.2,0.8400000000000001,1.0197653980336605,0.0,5,12.64433340415053,0.4,5.098826990168303,60.0,0.8,0.0,100.0,1.0,0.0,100.0,1.0,0.0,100.0,1.0,0.0
96,random,2,2,108.7096168036812,54.3548084018406,3000108.7096168036,600021.7419233607,2985.0,60.670731707317074,76330.88847173004,1551.440822596139,49.2,0.8669142945393397,82.2305079906755,38.0,22,1.2793396450966579,0.7723577235772358,82.2305079906755,100.0,4.4,0.8800000000000001,0.9750009616758348,0.0,5,35.09493902866325,0.6,2.7541807374916933,76.05760092471428,0.8,2.12082407088748,100.0,1.0,0.0,100.0,1.0,0.0,100.0,1.0,0.0
97,random,2,2,154.40919531068357,77.20459765534179,3000154.4091953104,600030.8818390621,3170.6,63.92338709677419,76716.18542444345,1546.6972867831341,49.6,0.9088497221875343,87.48205952725539,39.8,24,1.5139734872289585,0.8024193548387096,87.48205952725539,100.0,4.8,0.96,0.8589583123124995,0.0,5,37.41029763627694,0.8,4.294791561562498,100.0,1.0,0.0,100.0,1.0,0.0,100.0,1.0,0.0,100.0,1.0,0.0
98,random,2,2,180.11763012424075,90.05881506212037,3000180.1176301236,600036.0235260248,3360.0,68.29268292682927,78168.0016689912,1588.7805217274633,49.2,0.6823586052889421,76.0,39.2,21,1.1169284610964672,0.7967479674796748,76.0,100.0,4.2,0.8400000000000001,0.0,0.0,5,0.0,0.2,0.0,80.0,1.0,0.0,100.0,1.0,0.0,100.0,1.0,0.0,100.0,1.0,0.0
99,random,3,2,113.40201333483817,56.70100666741909,3000113.4020133344,600022.6804026669,3520.2,72.13524590163935,76078.85612564842,1558.9929533944348,48.8,0.9908724113895435,73.45838335967392,36.6,21,1.5595789031034768,0.75,73.45838335967392,100.0,4.2,0.8400000000000001,1.4126919475086805,0.0,5,12.806874686705214,0.6,5.096859766725864,54.48504211166437,0.6,1.9665999708175383,100.0,1.0,0.0,100.0,1.0,0.0,100.0,1.0,0.0
100,random,3,3,153.42779785118387,76.71389892559193,3000153.427797851,600030.6855595702,3706.8,76.27160493827161,76178.05867522494,1567.449766979937,48.6,1.0044142641844074,83.38064509858941,38.8,23,1.7151577819002162,0.7983539094650206,83.38064509858941,100.0,4.6,0.9199999999999999,1.146410762063421,0.0,5,16.90322549294706,0.6,5.732053810317105,100.0,1.0,0.0,100.0,1.0,0.0,100.0,1.0,0.0,100.0,1.0,0.0
101,random,3,3,150.5770628373673,75.28853141868365,3000150.577062837,600030.1154125674,3897.8,82.23206751054852,75415.62826345454,1591.047009777522,47.4,0.8653487156611288,76.76671773806584,40.6,22,1.4680192201575646,0.8565400843881856,76.76671773806584,100.0,4.4,0.8800000000000001,1.6507183097861708,0.0,5,3.8335886903291794,0.4,8.253591548930855,80.0,1.0,0.0,100.0,1.0,0.0,100.0,1.0,0.0,100.0,1.0,0.0
102,random,3,3,112.55621533845638,56.27810766922819,3000112.5562153384,600022.5112430677,4061.4,85.68354430379746,75482.58466877676,1592.4595921682862,47.4,0.745639888769764,71.33260688433211,37.2,20,1.0379286921686743,0.7848101265822784,71.33260688433211,100.0,4.0,0.8,1.0682877196775689,0.0,5,33.03513241670544,0.6,2.205993535742164,23.627902004955104,0.4,3.135445062645681,100.0,1.0,0.0,100.0,1.0,0.0,100.0,1.0,0.0
103,random,3,3,121.08141923455678,60.54070961727839,3000121.0814192346,600024.2162838469,4247.6,89.99152542372882,74634.93142745513,1581.2485471918458,47.2,1.0764718082359241,85.54933640836043,39.0,24,1.7419279531144298,0.826271186440678,85.54933640836043,100.0,4.8,0.96,0.8409484246093774,0.0,5,27.74668204180216,0.8,4.204742123046887,100.0,1.0,0.0,100.0,1.0,0.0,100.0,1.0,0.0,100.0,1.0,0.0
104,random,3,3,137.09412440980432,85.6838277561277,3002308.886219409,600461.7772438817,4448.6,96.29004329004329,72677.25630272331,1573.1007857732318,46.2,0.8726967934809963,83.21473019215045,41.2,21,1.6242224563390941,0.8917748917748918,83.21473019215045,100.0,4.2,0.8400000000000001,1.2442723839677035,0.0,5,16.073650960752275,0.2,6.221361919838517,100.0,1.0,0.0,100.0,1.0,0.0,100.0,1.0,0.0,100.0,1.0,0.0
105,random,2,3,85.66822463089999,42.83411231544999,3000085.6682246304,600017.1336449261,4633.4,96.93305439330544,78585.69112909827,1644.052115671512,47.8,1.0393164436548417,76.15500257769418,39.0,23,1.4414502350879301,0.8158995815899581,76.15500257769418,100.0,4.8,0.96,0.8066996285179628,0.0,5,40.77501288847088,1.0,4.033498142589814,40.0,0.8,0.0,100.0,1.0,0.0,100.0,1.0,0.0,100.0,1.0,0.0
106,random,2,2,59.5600912023928,29.7800456011964,3000059.560091202,600011.9120182404,4799.6,95.60956175298804,76556.21152786302,1525.0241340211755,50.2,1.2577448769163138,76.99188709204282,37.4,21,1.6376185270065235,0.7450199203187251,76.99188709204282,100.0,4.2,0.8400000000000001,1.3346025226579865,0.0,5,5.915696658055367,0.4,4.343331465468685,79.04373880215871,0.8,2.3296811478212476,100.0,1.0,0.0,100.0,1.0,0.0,100.0,1.0,0.0
107,random,2,2,136.44192506728743,68.22096253364371,3000136.4419250675,600027.2883850135,4994.2,95.30916030534351,76254.70397461749,1455.2424422636925,52.4,1.0016656564422746,83.25116972893784,40.2,24,1.6379674422824702,0.767175572519084,83.25116972893784,100.0,4.8,0.96,0.882714722483658,0.0,5,16.255848644689195,0.8,4.41357361241829,100.0,1.0,0.0,100.0,1.0,0.0,100.0,1.0,0.0,100.0,1.0,0.0
108,random,2,2,139.0091378733727,99.29224133812338,3001080.526390529,600216.1052781057,5202.4,100.43243243243244,81803.60832426848,1579.220237920241,51.8,0.9327525031942939,85.54475140832619,43.0,23,1.794374751891896,0.8301158301158301,85.54475140832619,100.0,4.6,0.9199999999999999,1.1671916377010003,0.0,5,27.72375704163096,0.6,5.835958188505002,100.0,1.0,0.0,100.0,1.0,0.0,100.0,1.0,0.0,100.0,1.0,0.0
109,random,2,2,16.342088237852565,16.342088237852565,3039366.7896145927,607873.3579229185,5424.2,107.62301587301587,81174.87959994041,1610.612690475008,50.4,1.0531682996892904,81.51775876448801,45.6,24,2.104127697582677,0.9047619047619048,81.51775876448801,100.0,4.8,0.96,1.3742609610914958,0.0,5,7.588793822440039,0.8,6.871304805457479,100.0,1.0,0.0,100.0,1.0,0.0,100.0,1.0,0.0,100.0,1.0,0.0
110,random,3,2,125.74411398798718,104.78676165665598,5170679.978398166,1034135.9956796331,5633.8,114.50813008130082,78075.67590060318,1586.903981719577,49.2,0.8106990115316642,78.22202701019933,45.2,22,1.6858286928869413,0.9186991869918699,78.22202701019933,100.0,4.6,0.9199999999999999,0.9000790678150175,0.0,5,51.11013505099663,0.8,4.500395339075087,40.0,0.8,0.0,100.0,1.0,0.0,100.0,1.0,0.0,100.0,1.0,0.0
111,random,3,3,158.80701420009706,79.40350710004853,3000158.8070142,600031.76140284,5747.0,117.28571428571429,76969.9753102056,1570.815822657257,49.0,0.7635194249879526,83.38477053265797,39.4,22,1.2061928724835227,0.8040816326530612,83.38477053265797,100.0,4.4,0.8800000000000001,0.9080528233386568,0.0,5,38.31071409313836,0.6,2.3361810001544616,78.61313857015148,0.8,2.2040831165388224,100.0,1.0,0.0,100.0,1.0,0.0,100.0,1.0,0.0
112,random,3,3,110.92445283078625,55.462226415393125,3000110.9244528306,600022.1848905662,5916.8,120.75102040816327,78334.89231729161,1598.6712717814614,49.0,1.030408099755023,82.20828895157274,40.0,22,1.6380404574462806,0.8163265306122449,82.20828895157274,100.0,4.4,0.8800000000000001,0.9886883340589702,0.0,5,11.041444757863701,0.4,4.943441670294851,100.0,1.0,0.0,100.0,1.0,0.0,100.0,1.0,0.0,100.0,1.0,0.0
113,random,3,3,181.96620856271662,90.98310428135831,3000181.9662085627,600036.3932417126,6124.2,124.47560975609755,77335.7715120695,1571.865274635559,49.2,0.9006876065200891,85.64291001839229,42.4,23,1.5344683438902436,0.8617886178861789,85.64291001839229,100.0,4.6,0.9199999999999999,1.196119595982743,0.0,5,28.214550091961428,0.6,5.980597979913716,100.0,1.0,0.0,100.0,1.0,0.0,100.0,1.0,0.0,100.0,1.0,0.0
114,random,3,3,135.8514246093605,67.92571230468025,3000135.8514246093,600027.1702849219,6337.0,128.27935222672065,79589.0745819943,1611.1148700808562,49.4,1.0884783172028616,82.82331294860523,43.2,21,1.809002714395538,0.8744939271255061,82.82331294860523,100.0,4.2,0.8400000000000001,1.4167752823774173,0.0,5,14.116564743026174,0.2,7.083876411887086,100.0,1.0,0.0,100.0,1.0,0.0,100.0,1.0,0.0,100.0,1.0,0.0
115,random,3,3,254.04749376657168,127.02374688328584,3000254.047493766,600050.8094987532,6531.6,132.7560975609756,77104.76285071947,1567.1699766406398,49.2,0.907400898862726,85.04688858486361,41.6,22,1.634190824735573,0.8455284552845529,85.04688858486361,100.0,4.4,0.8800000000000001,1.5878485523287478,0.0,5,25.234442924318046,0.4,7.939242761643738,100.0,1.0,0.0,100.0,1.0,0.0,100.0,1.0,0.0,100.0,1.0,0.0
116,random,0,3,180.6352653321224,90.3176326660612,3000180.635265332,600036.1270530664,6536.0,133.9344262295082,77368.79694067859,1585.4261668171841,48.8,1.0100448466393284,75.4572068712564,40.4,20,1.7811365384128424,0.8278688524590164,75.4572068712564,100.0,4.0,0.8,1.157003369759686,0.0,5,17.286034356282016,0.2,5.78501684879843,60.0,0.8,0.0,100.0,1.0,0.0,100.0,1.0,0.0,100.0,1.0,0.0
117,random,0,0,89.94655418589093,44.973277092945466,3000089.946554186,600017.9893108371,6647.0,135.10162601626016,81858.05328893996,1663.781570913414,49.2,1.3819197838009527,67.88143432740799,38.0,22,2.1933882218259195,0.7723577235772358,67.88143432740799,100.0,4.4,0.8800000000000001,1.5872953080170824,0.0,5,10.83851656934712,0.8,6.1321445743291365,28.568655067692816,0.6,1.8043319657562757,100.0,1.0,0.0,100.0,1.0,0.0,100.0,1.0,0.0
118,random,0,0,49.40793566531191,24.703967832655955,3000049.407935665,600009.881587133,6809.0,144.87234042553192,76543.47945861213,1628.584669332173,47.0,1.635217373252643,68.45520942064104,35.0,21,2.2348667054800893,0.7446808510638298,68.45520942064104,100.0,4.2,0.8400000000000001,2.4355169762739175,0.0,5,24.105746931588783,0.4,8.314005866901903,18.170300171616418,0.8,3.8635790144676854,100.0,1.0,0.0,100.0,1.0,0.0,100.0,1.0,0.0
119,random,0,0,35.91718972367012,17.95859486183506,3000035.917189724,600007.1834379447,6984.0,153.1578947368421,77015.97088820048,1688.9467300043964,45.6,1.972410842211893,63.965109105821284,35.0,19,2.482722916043261,0.7675438596491229,63.965109105821284,100.0,3.8,0.76,1.08295747753861,0.0,5,0.0,0.0,0.0,19.82554552910642,0.8,5.41478738769305,100.0,1.0,0.0,100.0,1.0,0.0,100.0,1.0,0.0
120,random,0,0,28.567487975553092,14.283743987776546,3000028.5674879756,600005.7134975952,7159.0,156.31004366812226,81117.4975815829,1771.1244013446046,45.8,2.423207826636207,70.90603856634698,35.4,22,2.9942607219277924,0.7729257641921398,70.90603856634698,100.0,4.4,0.8800000000000001,3.1800286407721097,0.0,5,33.872330830529336,0.8,8.836535696394373,20.657862001205558,0.6,7.063607507466176,100.0,1.0,0.0,100.0,1.0,0.0,100.0,1.0,0.0
121,random,0,0,28.73349671629354,14.36674835814677,3000028.7334967162,600005.7466993432,7334.0,168.98617511520737,75677.59328305634,1743.7233475358603,43.4,2.4208661384171974,66.75636384489098,35.4,22,3.0037089874268434,0.815668202764977,66.75636384489098,100.0,4.4,0.8800000000000001,3.639095338944202,0.0,5,20.582041849938832,0.4,9.718548258135858,13.199777374516088,1.0,8.476928436585153,100.0,1.0,0.0,100.0,1.0,0.0,100.0,1.0,0.0
122,random,0,0,42.686272316967475,21.343136158483738,3000042.686272317,600008.5372544634,7509.0,183.14634146341464,67150.63495881154,1637.820364849062,41.0,1.7075375386899605,60.07625732143697,35.4,18,2.1902116345473113,0.8634146341463415,60.07625732143697,100.0,3.6,0.72,1.789327780664437,0.0,5,0.0,0.0,0.0,0.3812866071848475,0.6,8.946638903322185,100.0,1.0,0.0,100.0,1.0,0.0,100.0,1.0,0.0
123,random,1,0,237.84465581035997,91.47871377321538,2000820.8752743255,400164.1750548651,7054.0,172.8921568627451,68856.44786912917,1687.658036008068,40.8,1.8134447521941501,54.513146410251466,32.4,17,2.157934714328728,0.7941176470588235,54.513146410251466,100.0,3.4000000000000004,0.68,3.2708120086604446,0.0,5,0.708608692798407,0.4,7.920311234518886,11.85712335845892,0.2,8.433748808783337,100.0,1.0,0.0,60.0,0.8,0.0,100.0,1.0,0.0
124,random,1,1,542.5531581970116,135.6382895492529,1000542.553158197,200108.5106316394,5193.0,132.47448979591837,69273.2647949998,1767.1751223214235,39.2,2.1296501049343264,35.825547350732904,24.2,15,2.1661520285179465,0.6173469387755102,35.825547350732904,100.0,3.0,0.6,3.7688372109478365,0.0,5,1.089092790007271,0.4,8.36046549073193,3.8694116467786444,0.4,8.359550273604691,40.0,0.6,0.0,34.169232316878606,0.6,2.124170290402562,100.0,1.0,0.0
125,random,1,1,250.42062526891897,62.60515631722974,800605.1794261103,160121.03588522208,3196.4,83.23958333333333,67605.23894870162,1760.553097622438,38.4,2.212813802094195,47.506989265662014,19.0,18,1.7695942781961853,0.4947916666666667,47.506989265662014,100.0,3.6,0.72,4.609223299643096,0.0,5,10.786658513513885,0.4,8.124948573817926,8.368594876656061,0.4,8.730935677140952,91.71710787763232,1.0,2.0482110938234617,26.66258506050781,0.8,4.1420211534331415,100.0,1.0,0.0
126,random,1,1,256.74911823347765,64.18727955836941,2684.569825562517,536.9139651125034,1718.8,44.52849740932643,66579.33906189034,1724.8533435722884,38.6,2.2293989240528393,50.78687934446907,18.2,16,1.7632357060904345,0.47150259067357514,50.78687934446907,100.0,3.2,0.64,4.321673626204711,0.0,5,11.975092799816593,0.2,8.350665975760252,22.170219275944874,0.4,7.4218775162707065,100.0,1.0,0.0,19.789084646583888,0.6,5.8358246389925945,100.0,1.0,0.0
127,random,1,1,429.1332108077173,119.20366966881036,3679.723877893757,735.9447755787514,934.2,23.59090909090909,65929.16605184964,1664.8779306022636,39.6,1.9847525998230509,64.84232700582425,22.2,21,1.8628698963277157,0.5606060606060606,64.84232700582425,100.0,4.2,0.8400000000000001,3.1099430775152044,0.0,5,1.6483236127396594,0.4,8.510293943434952,100.0,1.0,0.0,100.0,1.0,0.0,22.563311416381566,0.8,7.03942144414107,100.0,1.0,0.0
128,random,1,1,141.48375785431537,47.161252618105124,54780.34517112896,10956.069034225791,353.2,8.40952380952381,66304.52016459953,1578.679051538084,42.0,1.265657198480117,88.80925178903863,29.4,24,1.1705150806227975,0.7,88.80925178903863,100.0,4.8,0.96,2.814877351639048,0.0,5,60.27248789549731,0.8,8.190552864796613,100.0,1.0,0.0,100.0,1.0,0.0,83.77377104969582,1.0,5.883833893398627,100.0,1.0,0.0
129,random,4,1,685.0736482691796,155.69855642481352,1819.686727118545,363.93734542370896,296.6,6.771689497716895,70527.92947781601,1610.226700406758,43.8,0.8943073741661961,92.0,29.4,24,0.6206162931748557,0.6712328767123288,92.0,100.0,4.8,0.96,0.0,0.0,5,100.0,1.0,0.0,100.0,1.0,0.0,60.0,0.8,0.0,100.0,1.0,0.0,100.0,1.0,0.0
130,random,4,4,865.9727418377928,173.19454836755855,865.9727418377928,173.19454836755855,355.6,7.696969696969697,73399.17251277117,1588.7266777656096,46.2,0.6679081020379676,86.2231026192494,30.6,23,0.29956875736799676,0.6623376623376623,86.2231026192494,100.0,4.6,0.9199999999999999,0.39682498823179274,0.0,5,100.0,1.0,0.0,100.0,1.0,0.0,31.115513096247014,0.6,1.9841249411589637,100.0,1.0,0.0,100.0,1.0,0.0
131,random,4,4,808.1355721960376,183.66717549909944,4484.9432832479115,896.9886566495823,455.8,9.697872340425532,75512.04557105723,1606.6392674693027,47.0,0.8248660670140002,84.1424826978041,32.2,24,0.8087302013459633,0.6851063829787234,84.1424826978041,100.0,4.8,0.96,0.7998387343712039,0.0,5,100.0,1.0,0.0,100.0,1.0,0.0,20.71241348902049,0.8,3.9991936718560197,100.0,1.0,0.0,100.0,1.0,0.0
132,random,4,4,693.2258822564837,231.07529408549456,390659.11322820914,78131.82264564183,624.8,12.596774193548388,77116.44167991966,1554.766969353219,49.6,0.7161194570056958,95.25517615809804,38.2,24,0.9335528385337968,0.7701612903225806,95.25517615809804,100.0,4.8,0.96,0.8190446233208363,0.0,5,100.0,1.0,0.0,100.0,1.0,0.0,76.27588079049019,0.8,4.095223116604181,100.0,1.0,0.0,100.0,1.0,0.0
133,random,4,4,718.0680346879448,239.35601156264826,2346758.0236544707,469351.60473089415,834.0,15.977011494252874,79394.68207647472,1520.9709210052629,52.2,0.3347702166670194,100.0,45.2,25,0.4363609933640674,0.8659003831417624,100.0,100.0,5.0,1.0,0.0,0.0,5,100.0,1.0,0.0,100.0,1.0,0.0,100.0,1.0,0.0,100.0,1.0,0.0,100.0,1.0,0.0
134,random,4,4,721.9202401620101,328.1455637100046,5361196.95989648,1072239.391979296,1073.0,19.87037037037037,82183.36291861995,1521.9141281225916,54.0,0.15654667203485856,100.0,50.0,25,0.19593434606015686,0.9259259259259259,100.0,100.0,5.0,1.0,0.0,0.0,5,100.0,1.0,0.0,100.0,1.0,0.0,100.0,1.0,0.0,100.0,1.0,0.0,100.0,1.0,0.0
135,random,1,4,927.086385428491,386.28599392853795,7045424.776701203,1409084.9553402406,1219.0,22.244525547445257,83742.34885985786,1528.145052187187,54.8,0.12913455638691193,92.0,49.8,24,0.14230971344020987,0.9087591240875912,92.0,100.0,4.8,0.96,0.0,0.0,5,60.0,0.8,0.0,100.0,1.0,0.0,100.0,1.0,0.0,100.0,1.0,0.0,100.0,1.0,0.0
136,random,1,1,429.597471616741,268.4984197604631,3944867.5270719687,788973.5054143937,1357.8,24.597826086956523,86187.49108062245,1561.3675920402618,55.2,0.21783846740311294,84.71962691736326,48.0,23,0.42678828436651345,0.8695652173913043,84.71962691736326,100.0,4.6,0.9199999999999999,0.31035597576609647,0.0,5,23.598134586816286,0.6,1.5517798788304824,100.0,1.0,0.0,100.0,1.0,0.0,100.0,1.0,0.0,100.0,1.0,0.0
137,random,1,1,34.848124360985395,34.848124360985395,6705851.74787282,1341170.349574564,1497.4,27.72962962962963,86176.03477215898,1595.8524957807217,54.0,0.5199837319227295,88.36596792596174,45.8,25,1.0537210957511984,0.8481481481481481,88.36596792596174,100.0,5.0,1.0,0.7260257917703066,0.0,5,41.8298396298087,1.0,3.630128958851533,100.0,1.0,0.0,100.0,1.0,0.0,100.0,1.0,0.0,100.0,1.0,0.0
138,random,1,1,269.8096827283633,134.90484136418166,3233331.655418002,646666.3310836004,1510.2,28.93103448275862,85273.67271252061,1633.5952626919657,52.2,0.8992003555704632,72.60239709085181,41.4,22,1.6126355929236513,0.7931034482758621,72.60239709085181,100.0,4.4,0.8800000000000001,1.4803094357364808,0.0,5,23.968959516612358,0.8,5.531088542469352,100.0,1.0,0.0,100.0,1.0,0.0,39.04302593764669,0.6,1.870458636213052,100.0,1.0,0.0
139,random,1,1,174.81268069145477,87.40634034572739,3000174.8126806915,600034.9625361382,1545.6,30.4251968503937,81636.80703487738,1607.0237605290822,50.8,1.2125584830084566,84.59083901135637,39.8,24,2.149876065192941,0.7834645669291339,84.59083901135637,100.0,4.8,0.96,1.4341030934837924,0.0,5,22.954195056781828,0.8,7.170515467418962,100.0,1.0,0.0,100.0,1.0,0.0,100.0,1.0,0.0,100.0,1.0,0.0
140,random,1,1,456.8044762349458,175.694029321133,2200783.435567456,440156.6871134912,1571.6,31.943089430894307,78494.1462202663,1595.4094760216726,49.2,0.9447999788971714,84.71424809246946,38.6,22,1.6145798663931568,0.7845528455284553,84.71424809246946,100.0,4.4,0.8800000000000001,1.6973308819953652,0.0,5,23.571240462347305,0.4,8.486654409976826,100.0,1.0,0.0,100.0,1.0,0.0,100.0,1.0,0.0,100.0,1.0,0.0
141,random,0,1,561.6663197279296,200.5951141885463,1003222.808195851,200644.56163917022,1209.6,24.88888888888889,76101.48420547445,1565.8741606064702,48.6,0.8816682018602462,71.52326092922067,31.4,20,1.2128570764644384,0.6460905349794238,71.52326092922067,100.0,4.0,0.8,0.8485461732558907,0.0,5,17.616304646103345,0.2,4.242730866279453,60.0,0.8,0.0,80.0,1.0,0.0,100.0,1.0,0.0,100.0,1.0,0.0
142,random,0,0,248.74821346962727,82.91607115654243,1036005.6377259118,207201.12754518236,1119.0,23.70762711864407,76390.4716214305,1618.44219536929,47.2,1.2156621481740792,58.63793611459323,29.6,19,1.4546047632251735,0.6271186440677966,58.63793611459323,100.0,3.8,0.76,1.7113952981110088,0.0,5,20.973850562822918,0.8,4.6003183817535165,33.36758492281433,0.6,2.041425085499881,38.848245087328905,0.4,1.9152330233016464,100.0,1.0,0.0,100.0,1.0,0.0
143,random,0,0,103.2502812889476,34.4167604296492,5896155.639699442,1179231.1279398885,1096.2,25.027397260273972,77016.08495476798,1758.3581039901364,43.8,1.9118430814251122,46.615213900981416,25.6,20,1.9160913241867294,0.5844748858447488,46.615213900981416,100.0,4.0,0.8,3.058069883936821,0.0,5,1.1285211415383856,0.6,8.418259265646336,18.561627604135538,0.8,3.9727984199896493,13.385920759233159,0.6,2.899291734048119,100.0,1.0,0.0,100.0,1.0,0.0
144,random,0,0,75.8651256075419,25.288375202513965,5815804.2534465175,1163160.8506893036,1190.4,28.615384615384617,70194.6463166141,1687.3713056878391,41.6,2.332657632228294,55.26359669945941,24.8,20,2.1833984693079476,0.5961538461538461,55.26359669945941,100.0,4.0,0.8,3.545387542246766,0.0,5,2.0670994710098967,0.4,7.9659926290952,33.73534793389126,0.8,5.556400460623204,40.515536092395905,0.8,4.20454462151543,100.0,1.0,0.0,100.0,1.0,0.0
145,random,0,0,133.95860878936153,44.65286959645385,2000133.9586087898,400026.79172175797,1323.6,30.781395348837208,67353.50967931267,1566.3606902165739,43.0,1.4501389886895026,72.0,29.2,19,1.604104093522215,0.6790697674418604,72.0,100.0,3.8,0.76,0.0,0.0,5,0.0,0.0,0.0,60.0,0.8,0.0,100.0,1.0,0.0,100.0,1.0,0.0,100.0,1.0,0.0
146,random,0,0,289.6049552208835,96.53498507362782,2000289.604955221,400057.9209910442,1475.0,33.07174887892376,69818.46387886298,1565.4364098399772,44.6,1.1533981305839105,77.48485699896446,32.2,21,1.4519648507537621,0.7219730941704036,77.48485699896446,100.0,4.2,0.8400000000000001,2.0160446085581696,0.0,5,11.825283129451236,0.4,8.18345151980468,75.59900186537106,0.8,1.8967715229861675,100.0,1.0,0.0,100.0,1.0,0.0,100.0,1.0,0.0
147,random,2,0,673.6435769153484,187.123215809819,1001281.8368989732,200256.36737979465,1523.4,34.15695067264574,71701.58401264386,1607.658834364212,44.6,1.086612136216201,74.12956398396773,34.0,21,1.3489000521326548,0.7623318385650224,74.12956398396773,100.0,4.2,0.8400000000000001,0.6782863782537043,0.0,5,10.64781991983864,0.4,3.3914318912685215,100.0,1.0,0.0,100.0,1.0,0.0,60.0,0.8,0.0,100.0,1.0,0.0
148,random,2,2,277.88649368544145,92.62883122848048,1060237.933245433,212047.58664908662,1492.6,33.316964285714285,69712.43140948408,1556.0810582474126,44.8,1.2135720761260143,65.22173466833783,30.2,19,1.6956994062916346,0.6741071428571429,65.22173466833783,100.0,3.8,0.76,1.935053448073139,0.0,5,16.920895538735294,0.4,5.226323708460526,37.32163910272675,0.6,2.394454581943016,100.0,1.0,0.0,71.86613870022711,0.8,2.054488949962154,100.0,1.0,0.0
149,random,2,2,280.6582696197419,93.55275653991396,1981305.9312665067,396261.18625330133,1503.2,32.96491228070175,71470.61024930372,1567.337944063678,45.6,1.4968222972646636,81.62466286706285,32.4,21,2.238973822564853,0.7105263157894737,81.62466286706285,100.0,4.2,0.8400000000000001,1.699895689710975,0.0,5,8.123314335314262,0.2,8.499478448554875,100.0,1.0,0.0,100.0,1.0,0.0,100.0,1.0,0.0,100.0,1.0,0.0
150,random,2,2,806.6451205665755,268.8817068555252,2000806.6451205667,400161.32902411337,1648.6,35.07659574468085,74719.00799161059,1589.7661274810762,47.0,1.3649220151689323,83.9769278031913,38.2,25,2.5015548809581976,0.8127659574468085,83.9769278031913,100.0,5.0,1.0,1.8176835994546798,0.0,5,19.88463901595651,1.0,9.0884179972734,100.0,1.0,0.0,100.0,1.0,0.0,100.0,1.0,0.0,100.0,1.0,0.0
151,random,2,2,171.49706474952708,85.74853237476354,2011623.9238919127,402324.7847783825,1830.6,39.452586206896555,74385.8362399355,1603.1430224124028,46.4,0.8258721872441501,74.9108309496537,40.2,22,1.3830877115936862,0.8663793103448276,74.9108309496537,100.0,4.6,0.9199999999999999,1.3407905653405954,0.0,5,50.48051943230803,0.8,4.7707559079434825,24.073635315960473,0.8,1.9331969187594948,100.0,1.0,0.0,100.0,1.0,0.0,100.0,1.0,0.0
152,random,0,2,75.21544897841659,37.607724489208294,2742835.094345105,548567.018869021,1940.2,41.280851063829786,74963.83845805108,1594.9752863415124,47.0,1.1434344295795817,76.52872475229697,35.4,22,1.6062916020418563,0.7531914893617021,76.52872475229697,100.0,4.4,0.8800000000000001,1.6000356208568065,0.0,5,2.6436237614848324,0.4,8.000178104284032,80.0,1.0,0.0,100.0,1.0,0.0,100.0,1.0,0.0,100.0,1.0,0.0
153,random,0,0,59.53744924695106,29.76872462347553,8476771.528292809,1695354.3056585616,2112.0,45.12820512820513,73597.0097008562,1572.5856773687224,46.8,1.2976317836346738,65.24461452313517,35.0,19,1.7353404921661748,0.7478632478632479,65.24461452313517,100.0,3.8,0.76,2.130079039811071,0.0,5,6.502369725722019,0.4,8.289237689584255,19.720702889953827,0.4,2.361157509471101,100.0,1.0,0.0,100.0,1.0,0.0,100.0,1.0,0.0
154,random,0,0,60.540116116963056,30.270058058481528,5022393.931492203,1004478.7862984405,2287.0,49.71739130434783,74385.05721961106,1617.0664612958926,46.0,1.2011407171053716,65.29213055198079,35.2,20,1.5441411310343205,0.7652173913043478,65.29213055198079,100.0,4.0,0.8,1.5642137835508045,0.0,5,2.362325771812266,0.4,4.394416826970981,24.098326988091685,0.6,3.4266520907830413,100.0,1.0,0.0,100.0,1.0,0.0,100.0,1.0,0.0
155,random,0,0,37.9786967764873,18.98934838824365,3000037.9786967766,600007.5957393553,2462.0,54.955357142857146,76247.81380144696,1701.9601294965837,44.8,1.8408702885214274,66.85605474319709,35.2,23,2.2897870710794987,0.7857142857142857,66.85605474319709,100.0,4.6,0.9199999999999999,2.3783753236005216,0.0,5,13.15213720409929,0.8,5.947378568377266,21.12813651188617,0.8,5.944498049625342,100.0,1.0,0.0,100.0,1.0,0.0,100.0,1.0,0.0
156,random,0,0,32.819284851396844,16.409642425698422,4933549.815320305,986709.9630640609,2637.0,61.325581395348834,73478.6263022738,1708.8052628435767,43.0,2.1394850493194357,60.645337946119525,35.2,19,2.6683303061108807,0.8186046511627907,60.645337946119525,100.0,3.8,0.76,1.4028807536543884,0.0,5,0.0,0.0,0.0,3.226689730597627,0.8,7.014403768271942,100.0,1.0,0.0,100.0,1.0,0.0,100.0,1.0,0.0
157,random,0,0,34.701317686616505,17.350658843308253,7827538.9281409085,1565507.7856281816,2812.0,67.92270531400966,69505.64692438689,1678.8803604924371,41.4,2.1718076483734126,67.81496681738554,35.4,21,2.816691394616413,0.855072463768116,67.81496681738554,100.0,4.2,0.8400000000000001,3.3695064362583196,0.0,5,5.0576590368359575,0.4,8.188655911758541,34.01717505009174,0.8,8.658876269533055,100.0,1.0,0.0,100.0,1.0,0.0,100.0,1.0,0.0
158,random,2,0,34.96983545018942,17.48491772509471,3000034.96983545,600006.99396709,2987.0,75.42929292929293,64832.10163647479,1637.1742837493634,39.6,2.0052599953909445,63.94713991888784,35.0,18,2.504240732076054,0.8838383838383839,63.94713991888784,100.0,3.6,0.72,3.580907679291305,0.0,5,8.812568586577072,0.4,8.749654148705304,10.923131007862139,0.2,9.15488424775122,100.0,1.0,0.0,100.0,1.0,0.0,100.0,1.0,0.0
159,random,2,2,39.76739080889142,19.88369540444571,3000039.7673908086,600007.9534781617,3162.0,80.66326530612245,63766.10991075466,1626.68647731517,39.2,1.921772895305728,60.88226022422532,35.4,17,2.5336142207466597,0.9030612244897959,60.88226022422532,100.0,3.4,0.6799999999999999,1.7592953776568176,0.0,5,0.0,0.0,0.0,4.4113011211265984,0.4,8.796476888284088,100.0,1.0,0.0,100.0,1.0,0.0,100.0,1.0,0.0
160,random,2,2,40.83580817893291,20.417904089466454,3000040.835808179,600008.1671616358,3337.0,85.12755102040816,63213.39274326524,1612.586549573093,39.2,1.7916326659955086,62.95370980265989,35.2,19,2.293253839675103,0.8979591836734694,62.95370980265989,100.0,3.8,0.76,3.3097769105248154,0.0,5,4.103151418057678,0.4,8.28986140768975,10.665397595241757,0.4,8.259023144934327,100.0,1.0,0.0,100.0,1.0,0.0,100.0,1.0,0.0
161,random,2,2,54.60058058786494,27.30029029393247,3000054.600580588,600010.9201161176,3513.2,88.2713567839196,63068.6135208319,1584.6385306741686,39.8,1.385330916379645,60.0,36.0,15,1.814659835082463,0.9045226130653267,60.0,100.0,3.0,0.6,0.0,0.0,5,0.0,0.0,0.0,0.0,0.0,0.0,100.0,1.0,0.0,100.0,1.0,0.0,100.0,1.0,0.0
162,random,2,2,41.886897252809234,20.943448626404617,3000041.8868972533,600008.3773794507,3691.4,91.37128712871286,65841.56630778263,1629.7417402916492,40.4,1.7573204689330078,64.39611461756385,35.8,18,2.274714425315969,0.8861386138613861,64.39611461756385,100.0,3.6,0.72,3.4664218081908316,0.0,5,11.528184741919176,0.2,8.67439256385063,10.45238834590009,0.4,8.65771647710353,100.0,1.0,0.0,100.0,1.0,0.0,100.0,1.0,0.0
163,random,3,2,44.54486256768477,22.272431283842383,3000044.5448625674,600008.9089725135,3862.2,99.03076923076924,60502.04668482391,1551.3345303801002,39.0,1.7499652072647742,62.26935764972313,35.4,17,2.3644365289560585,0.9076923076923077,62.26935764972313,100.0,3.4,0.6799999999999999,1.7213435552828014,0.0,5,11.346788248615667,0.4,8.606717776414007,0.0,0.0,0.0,100.0,1.0,0.0,100.0,1.0,0.0,100.0,1.0,0.0
164,random,3,3,60.966436265957654,30.483218132978827,3000060.966436266,600012.1932872531,4041.0,102.04545454545455,62115.492611888076,1568.5730457547493,39.6,1.3773296790517966,61.819979058589524,36.4,19,1.8876694723024636,0.9191919191919192,61.819979058589524,100.0,3.8,0.76,3.2548627842590205,0.0,5,7.619356923980831,0.4,8.234470235463231,1.4805383689667906,0.4,8.039843685831874,100.0,1.0,0.0,100.0,1.0,0.0,100.0,1.0,0.0
165,random,3,3,98.82062824834547,61.762892655215914,3157386.9282645006,631477.3856529001,4224.2,105.605,62367.561407887566,1559.189035197189,40.0,0.6577757137132658,60.0,37.2,15,1.131378113875779,0.93,60.0,100.0,3.0,0.6,0.0,0.0,5,0.0,0.0,0.0,0.0,0.0,0.0,100.0,1.0,0.0,100.0,1.0,0.0,100.0,1.0,0.0
166,random,3,3,132.25002754978794,110.20835629148996,3800132.2500275495,760026.4500055099,4409.0,107.53658536585365,65814.9607301421,1605.2429446376123,41.0,0.9114373125646003,60.27645505443388,37.4,17,1.8198466135570548,0.9121951219512195,60.27645505443388,100.0,3.4,0.6799999999999999,1.6163421704061327,0.0,5,1.3822752721694087,0.4,8.081710852030664,0.0,0.0,0.0,100.0,1.0,0.0,100.0,1.0,0.0,100.0,1.0,0.0
167,random,3,3,148.55193240148404,74.27596620074202,3000148.551932401,600029.7103864802,4594.0,112.04878048780488,65792.42192774909,1604.6932177499777,41.0,1.1393861970662624,62.03451212543723,37.2,17,1.9620483352351707,0.9073170731707317,62.03451212543723,100.0,3.4,0.6799999999999999,1.6905503344722093,0.0,5,10.172560627186158,0.4,8.452751672361046,0.0,0.0,0.0,100.0,1.0,0.0,100.0,1.0,0.0,100.0,1.0,0.0
168,random,3,3,45.96045030433665,22.980225152168327,3000045.9604503037,600009.1920900608,4737.0,117.83582089552239,64160.43278729634,1596.030666350655,40.2,1.5812908995962502,62.22908188433303,35.0,16,2.020893966477441,0.8706467661691543,62.22908188433303,100.0,3.2,0.64,1.7944607724434747,0.0,5,11.145409421665136,0.2,8.972303862217373,0.0,0.0,0.0,100.0,1.0,0.0,100.0,1.0,0.0,100.0,1.0,0.0
169,random,2,3,40.74569664257824,20.37284832128912,3000040.745696643,600008.1491393286,4914.0,126.0,61078.1006897459,1566.1051458909205,39.0,1.9301704960010424,64.91249442503658,35.8,17,2.5705845563529546,0.9179487179487179,64.91249442503658,100.0,3.4,0.6799999999999999,3.2616794038819137,0.0,5,11.816117943055815,0.2,8.463016405381156,12.746354182127106,0.2,7.8453806140284135,100.0,1.0,0.0,100.0,1.0,0.0,100.0,1.0,0.0
170,random,2,2,208.68909648955233,115.93838693864018,3000941.9930799976,600188.3986159995,5097.0,127.425,62801.77772574909,1570.0444431437272,40.0,1.006623111295446,62.10503594848706,37.4,17,1.8676273982489051,0.935,62.10503594848706,100.0,3.4,0.6799999999999999,1.7174545793794096,0.0,5,10.525179742435284,0.4,8.587272896897048,0.0,0.0,0.0,100.0,1.0,0.0,100.0,1.0,0.0,100.0,1.0,0.0
171,random,2,2,98.97729686419099,49.488648432095495,3000098.977296864,600019.7954593728,5282.0,132.05,63006.82060609882,1575.1705151524707,40.0,0.7975539404235502,60.0,37.2,15,1.100581756721569,0.93,60.0,100.0,3.0,0.6,0.0,0.0,5,0.0,0.0,0.0,0.0,0.0,0.0,100.0,1.0,0.0,100.0,1.0,0.0,100.0,1.0,0.0
172,random,2,2,61.1472032223852,30.5736016111926,3000061.1472032224,600012.2294406445,5467.0,133.34146341463415,65477.54322795088,1597.0132494622167,41.0,1.344160995147541,61.170411365225846,37.4,16,1.8668171340320745,0.9121951219512195,61.170411365225846,100.0,3.2,0.64,1.255748843874333,0.0,5,0.0,0.0,0.0,5.852056826129228,0.2,6.2787442193716645,100.0,1.0,0.0,100.0,1.0,0.0,100.0,1.0,0.0
173,random,2,2,129.88258765805864,64.94129382902932,3000129.882587658,600025.9765175316,5654.2,133.98578199052133,65714.3253185557,1557.2115004397085,42.2,1.1160055102005746,84.56180408516502,38.2,22,1.8920894595051458,0.9052132701421801,84.56180408516502,100.0,4.4,0.8800000000000001,1.7545192092005473,0.0,5,22.80902042582511,0.4,8.772596046002736,100.0,1.0,0.0,100.0,1.0,0.0,100.0,1.0,0.0,100.0,1.0,0.0
174,random,4,2,305.1012421471272,117.34663159504892,2000905.7483668148,400181.14967336296,5405.4,124.54838709677419,68620.3890101839,1581.114954151703,43.4,0.7070242006909185,72.0,37.0,19,0.8504365410562135,0.8525345622119815,72.0,100.0,3.8,0.76,0.0,0.0,5,0.0,0.0,0.0,100.0,1.0,0.0,60.0,0.8,0.0,100.0,1.0,0.0,100.0,1.0,0.0
175,random,4,4,245.27864155379902,81.75954718459967,2000245.278641554,400049.05572831084,4915.8,113.79166666666667,69247.25231694941,1602.94565548494,43.2,0.8169990542112635,72.18388269415664,33.8,20,0.811792552555002,0.7824074074074074,72.18388269415664,100.0,4.0,0.8,1.232047463276923,0.0,5,35.376995380563585,0.4,4.713923787506733,100.0,1.0,0.0,25.5424180902196,0.6,1.4463135288778821,100.0,1.0,0.0,100.0,1.0,0.0
176,random,4,4,148.23805931040175,57.01463819630836,2001366.7241558456,400273.3448311691,4618.6,108.92924528301887,70390.18715951058,1660.1459235733626,42.4,0.8864113177347162,87.70989408207743,31.4,24,0.9403053170511815,0.7405660377358491,87.70989408207743,100.0,4.8,0.96,0.7848878438068965,0.0,5,100.0,1.0,0.0,100.0,1.0,0.0,38.54947041038713,0.8,3.9244392190344826,100.0,1.0,0.0,100.0,1.0,0.0
177,random,4,4,350.38027359870864,145.99178066612862,2225897.5944662495,445179.5188932499,4746.6,111.94811320754717,69492.26666346047,1638.9685533835016,42.4,1.073163315362856,82.52458412273427,33.0,24,1.4634122860472971,0.7783018867924528,82.52458412273427,100.0,4.8,0.96,1.0804073191889494,0.0,5,100.0,1.0,0.0,100.0,1.0,0.0,12.62292061367134,0.8,5.402036595944747,100.0,1.0,0.0,100.0,1.0,0.0
178,random,4,4,357.32913287942813,119.10971095980938,2000357.3291328792,400071.4658265758,4913.0,112.1689497716895,67687.14445331325,1545.3685948245034,43.8,0.878974003954614,92.49850974900892,34.6,25,1.1961400657812864,0.7899543378995434,92.49850974900892,100.0,5.0,1.0,1.1200124671361658,0.0,5,100.0,1.0,0.0,100.0,1.0,0.0,62.49254874504459,1.0,5.600062335680828,100.0,1.0,0.0,100.0,1.0,0.0
179,random,4,4,296.98012421786996,98.99337473928999,2000296.980124218,400059.39602484356,5096.2,109.36051502145922,72038.9984169401,1545.9012535824056,46.6,0.576294001343739,100.0,38.8,25,0.5118842239179966,0.8326180257510729,100.0,100.0,5.0,1.0,0.0,0.0,5,100.0,1.0,0.0,100.0,1.0,0.0,100.0,1.0,0.0,100.0,1.0,0.0,100.0,1.0,0.0
180,random,0,4,323.76179754967643,107.92059918322548,2000323.7617975504,400064.75235951005,5084.6,108.18297872340426,75372.60415351216,1603.672428798131,47.0,0.5714113604329204,88.0,37.2,24,0.5568188739212262,0.7914893617021277,88.0,100.0,4.8,0.96,0.0,0.0,5,60.0,0.8,0.0,80.0,1.0,0.0,100.0,1.0,0.0,100.0,1.0,0.0,100.0,1.0,0.0
181,random,0,0,313.37993390172505,104.45997796724168,2000313.3799339018,400062.6759867804,5155.8,111.59740259740259,76273.63026716796,1650.9443780772287,46.2,0.9711973194858032,71.8721527014095,33.0,21,1.1374252798527298,0.7142857142857143,71.8721527014095,100.0,4.2,0.8400000000000001,0.7988190789312603,0.0,5,22.001159761625786,0.6,1.7705327348925501,37.35960374542174,0.6,2.223562659763751,100.0,1.0,0.0,100.0,1.0,0.0,100.0,1.0,0.0
182,random,0,0,362.77094690214545,139.52728727005595,2007865.3227528178,401573.0645505636,5320.2,112.24050632911393,78372.7251468379,1653.433019975483,47.4,1.758378874925931,67.99115830816663,34.2,22,2.138689026557416,0.7215189873417721,67.99115830816663,100.0,4.4,0.8800000000000001,1.6628686750539345,0.0,5,11.581057878793217,0.8,4.2041797873890125,28.374733662039944,0.6,4.110163587880661,100.0,1.0,0.0,100.0,1.0,0.0,100.0,1.0,0.0
183,random,0,0,34.42384999486068,17.21192499743034,2851281.935791968,570256.3871583936,5494.0,116.8936170212766,75137.97563719071,1598.6803327061855,47.0,2.0067578732113946,71.84619295940774,35.0,22,2.473552717466986,0.7446808510638298,71.84619295940774,100.0,4.4,0.8800000000000001,2.369821504039675,0.0,5,32.42027189012106,0.6,6.131913095272448,26.810692906917666,0.8,5.717194424925925,100.0,1.0,0.0,100.0,1.0,0.0,100.0,1.0,0.0
184,random,0,0,39.41987008615752,19.70993504307876,5557514.632689218,1111502.9265378437,5671.6,118.15833333333333,74730.87137678135,1556.8931536829446,48.0,1.846113120919675,77.14722120231681,36.4,24,2.355234827260443,0.7583333333333333,77.14722120231681,100.0,4.8,0.96,2.687129163895314,0.0,5,23.414705708278234,0.8,6.904969641843866,62.321400303305836,1.0,6.530676177632703,100.0,1.0,0.0,100.0,1.0,0.0,100.0,1.0,0.0
185,random,0,0,68.71693462178536,34.35846731089268,3000068.716934622,600013.7433869244,5861.2,119.61632653061224,76375.62123490285,1558.6861476510785,49.0,1.5192594449255088,84.62522661874209,39.2,22,2.3140752528631223,0.8,84.62522661874209,100.0,4.4,0.8800000000000001,1.729666629349741,0.0,5,23.12613309371045,0.4,8.648333146748705,100.0,1.0,0.0,100.0,1.0,0.0,100.0,1.0,0.0,100.0,1.0,0.0
186,random,0,0,821.9235510535206,316.1244427128925,2201234.6717875646,440246.9343575129,5156.2,107.42083333333333,74693.47140652974,1556.1139876360362,48.0,0.9184269986713168,74.18717484954232,39.2,20,1.750502728952665,0.8166666666666667,74.18717484954232,100.0,4.0,0.8,1.8288432682174594,0.0,5,10.935874247711581,0.2,9.144216341087297,100.0,1.0,0.0,100.0,1.0,0.0,100.0,1.0,0.0,60.0,0.8,0.0
187,random,3,0,428.09999348992426,142.69999782997476,2000428.0999934901,400085.619998698,4060.8,84.6,76395.97471446094,1591.5828065512696,48.0,0.9726714778943669,62.530126059325084,34.4,19,1.5039146648432318,0.7166666666666667,62.530126059325084,100.0,3.8,0.76,2.498607407284406,0.0,5,4.157428698986223,0.4,8.196177982289417,39.23169854342177,0.6,2.5883092634006424,100.0,1.0,0.0,100.0,1.0,0.0,69.26150305421743,0.8,1.7085497907319727
188,random,3,3,325.2639882947489,108.42132943158298,2000325.2639882949,400065.05279765895,3000.6,63.57203389830509,76126.38541230137,1612.847148565707,47.2,1.0865182391523092,82.26352713264714,31.0,21,1.5571749592473931,0.6567796610169492,82.26352713264714,100.0,4.4,0.8800000000000001,0.883879199503378,0.0,5,31.317635663235706,0.4,4.41939599751689,80.0,1.0,0.0,100.0,1.0,0.0,100.0,1.0,0.0,100.0,1.0,0.0
189,random,3,3,493.870297543018,164.62343251433933,2000493.870297543,400098.7740595086,2984.4,62.175,73743.92768320037,1536.331826733341,48.0,0.9469049220238943,75.01374592427237,33.8,21,1.2032075015227477,0.7041666666666667,75.01374592427237,100.0,4.2,0.8400000000000001,0.9718580208676542,0.0,5,39.543627951238705,0.6,2.5130845973295854,35.52510167012315,0.6,2.3462055070086856,100.0,1.0,0.0,100.0,1.0,0.0,100.0,1.0,0.0
190,random,3,3,106.2149337436841,53.10746687184205,2006439.13079753,401287.826159506,3161.4,64.2560975609756,74501.86897069856,1514.2656294857431,49.2,0.9593900652163316,85.06790805144556,37.2,24,1.439618100515079,0.7560975609756098,85.06790805144556,100.0,4.8,0.96,0.706239058301408,0.0,5,25.33954025722778,0.8,3.5311952915070397,100.0,1.0,0.0,100.0,1.0,0.0,100.0,1.0,0.0,100.0,1.0,0.0
191,random,3,3,116.29397628238414,58.14698814119207,2492960.579048283,498592.11580965656,3355.4,68.75819672131148,77504.06254348208,1588.1980029402068,48.8,0.7538624321980076,81.47765219604298,39.6,22,1.061784496875341,0.8114754098360656,81.47765219604298,100.0,4.4,0.8800000000000001,0.8250520733746673,0.0,5,7.388260980214909,0.4,4.125260366873337,100.0,1.0,0.0,100.0,1.0,0.0,100.0,1.0,0.0,100.0,1.0,0.0
192,random,3,3,102.12579185808849,51.062895929044245,3235212.384484682,647042.4768969364,3507.4,71.0,75191.16295749969,1522.0883189777264,49.4,0.8012560999595579,67.59369457018784,36.6,20,1.1024519909969803,0.7408906882591093,67.59369457018784,100.0,4.0,0.8,1.0682917632936362,0.0,5,6.79412478948052,0.4,3.5169346341398926,31.17434806145866,0.6,1.8245241823282892,100.0,1.0,0.0,100.0,1.0,0.0,100.0,1.0,0.0
193,random,3,3,109.17144563884753,54.585722819423765,3000109.171445639,600021.8342891277,3690.4,75.00813008130082,77478.97996725344,1574.7760155945823,49.2,0.8874837034208771,90.96898880757817,38.0,25,1.342482871766404,0.7723577235772358,90.96898880757817,100.0,5.0,1.0,0.5777218563295504,0.0,5,54.844944037890855,1.0,2.888609281647752,100.0,1.0,0.0,100.0,1.0,0.0,100.0,1.0,0.0,100.0,1.0,0.0
194,random,1,3,408.37028511157877,170.15428546315783,2201393.207980994,440278.64159619884,3424.8,71.0539419087137,75635.69983050672,1569.2053906744131,48.2,0.94764266477695,79.36475879244063,38.8,23,1.5918610164200016,0.8049792531120332,79.36475879244063,100.0,4.6,0.9199999999999999,1.1365530774864674,0.0,5,16.823793962203126,0.6,5.682765387432337,100.0,1.0,0.0,100.0,1.0,0.0,80.0,1.0,0.0,100.0,1.0,0.0
195,random,1,1,365.59459263263693,121.86486421087898,2000365.5945926323,400073.11891852645,2619.2,55.49152542372882,76068.6518921327,1611.6239807655231,47.2,0.8899757065304982,55.847149185098715,34.4,18,1.228040122650403,0.7288135593220338,55.847149185098715,100.0,3.6,0.72,1.4584676166285717,0.0,5,11.811424267393704,0.4,5.294621738951982,40.0,0.6,0.0,100.0,1.0,0.0,27.42432165809987,0.6,1.9977163441908772,100.0,1.0,0.0
196,random,1,1,175.45796796448298,58.48598932149432,2000175.4579679645,400035.0915935929,1737.8,37.778260869565216,76029.94659475467,1652.8249259729278,46.0,1.0700517064814206,70.86185351931726,27.6,22,1.032659479674299,0.6,70.86185351931726,100.0,4.4,0.8800000000000001,1.6176589353449125,0.0,5,31.76179364861582,0.6,1.8643565077334592,95.40872198735542,1.0,2.244316968828833,100.0,1.0,0.0,27.13875196061508,0.8,3.97962120016227,100.0,1.0,0.0
197,random,1,1,197.42730485595015,65.80910161865005,2000197.427304856,400039.4854609712,1566.0,32.89915966386555,75891.43463076762,1594.3578703942776,47.6,1.2153804848261849,80.05840727299619,31.6,22,1.3511560686653457,0.6638655462184874,80.05840727299619,100.0,4.4,0.8800000000000001,1.057421566562305,0.0,5,0.29203636498095875,0.4,5.287107832811525,100.0,1.0,0.0,100.0,1.0,0.0,100.0,1.0,0.0,100.0,1.0,0.0
198,random,1,1,676.2633007918145,225.42110026393814,2000676.2633007914,400135.25266015826,1742.2,34.70517928286853,75511.88681055132,1504.2208527998273,50.2,0.5965621021393768,97.78372949138884,39.0,25,0.8432996353658325,0.7768924302788844,97.78372949138884,100.0,5.0,1.0,0.9982846529158932,0.0,5,88.9186474569442,1.0,4.991423264579466,100.0,1.0,0.0,100.0,1.0,0.0,100.0,1.0,0.0,100.0,1.0,0.0
199,random,1,1,593.970980365016,269.98680925682544,2136194.3526510275,427238.8705302055,1954.8,37.883720930232556,78045.89470348302,1512.5173392147872,51.6,0.2979895139762405,100.0,46.0,25,0.47967009759395535,0.8914728682170543,100.0,100.0,5.0,1.0,0.0,0.0,5,100.0,1.0,0.0,100.0,1.0,0.0,100.0,1.0,0.0,100.0,1.0,0.0,100.0,1.0,0.0
200,random,4,1,546.1597341581213,273.07986707906065,2248743.8871127833,449748.77742255665,1870.0,35.283018867924525,81881.19288635052,1544.928167666991,53.0,0.22440148457131112,92.0,48.0,24,0.34691518955310224,0.9056603773584906,92.0,100.0,4.8,0.96,0.0,0.0,5,100.0,1.0,0.0,100.0,1.0,0.0,60.0,0.8,0.0,100.0,1.0,0.0,100.0,1.0,0.0
201,random,4,4,280.49611892810947,140.24805946405473,2309870.1050719814,461974.0210143963,1681.4,32.33461538461538,82192.55503840107,1580.6260584307897,52.0,0.27479328420069804,84.76618500306813,46.2,23,0.36359889606563944,0.8884615384615384,84.76618500306813,100.0,4.6,0.9199999999999999,0.3601946334875422,0.0,5,100.0,1.0,0.0,100.0,1.0,0.0,23.830925015340654,0.6,1.8009731674377112,100.0,1.0,0.0,100.0,1.0,0.0
202,random,4,4,780.1804112116185,300.06938892754556,3335754.99512399,667150.9990247979,1495.4,28.75769230769231,83204.08504384171,1600.0785585354174,52.0,0.49574853843975036,85.0004905027181,41.6,23,0.7933666240189191,0.8,85.0004905027181,100.0,4.6,0.9199999999999999,0.8449227195127815,0.0,5,100.0,1.0,0.0,100.0,1.0,0.0,25.00245251359047,0.6,4.224613597563907,100.0,1.0,0.0,100.0,1.0,0.0
203,random,4,4,175.67234235057754,87.83617117528877,4475533.045284973,895106.6090569947,1681.8,31.852272727272727,82798.1719750422,1568.1471964970115,52.8,0.6258383473756213,90.98119116780254,43.8,24,0.9779862908511803,0.8295454545454546,90.98119116780254,100.0,4.8,0.96,0.8672601089722656,0.0,5,100.0,1.0,0.0,100.0,1.0,0.0,54.90595583901268,0.8,4.336300544861328,100.0,1.0,0.0,100.0,1.0,0.0
204,random,4,4,315.0965903871289,175.05366132618272,8864901.322164554,1772980.2644329108,1913.0,35.03663003663004,82432.94248935848,1509.760851453452,54.6,0.3259390876541663,100.0,48.8,25,0.57325021239051,0.8937728937728938,100.0,100.0,5.0,1.0,0.0,0.0,5,100.0,1.0,0.0,100.0,1.0,0.0,100.0,1.0,0.0,100.0,1.0,0.0,100.0,1.0,0.0
205,random,4,4,459.9766996973691,328.5547854981208,10496703.612220969,2099340.722444194,2168.4,38.58362989323843,85782.55859068023,1526.380046097513,56.2,0.1059458175356567,100.0,52.8,25,0.19441988140442235,0.9395017793594306,100.0,100.0,5.0,1.0,0.0,0.0,5,100.0,1.0,0.0,100.0,1.0,0.0,100.0,1.0,0.0,100.0,1.0,0.0,100.0,1.0,0.0
206,random,2,4,568.0094927949739,355.00593299685863,4869789.417715329,973957.8835430657,2313.8,41.170818505338076,86775.05739265218,1544.0401671290424,56.2,0.09658990065643419,92.0,52.0,24,0.14561495407831065,0.9252669039145908,92.0,100.0,4.8,0.96,0.0,0.0,5,60.0,0.8,0.0,100.0,1.0,0.0,100.0,1.0,0.0,100.0,1.0,0.0,100.0,1.0,0.0
207,random,2,2,106.78473787255817,106.78473787255817,3358296.6240681345,671659.3248136269,2436.8,44.305454545454545,85386.4080830788,1552.480146965069,55.0,0.1776835922631011,87.88767863089288,49.6,23,0.37100483765618547,0.9018181818181819,87.88767863089288,100.0,4.6,0.9199999999999999,0.37999992819545503,0.0,5,39.43839315446439,0.6,1.8999996409772753,100.0,1.0,0.0,100.0,1.0,0.0,100.0,1.0,0.0,100.0,1.0,0.0
208,random,2,2,38.986124909449714,38.986124909449714,5556852.079894676,1111370.415978935,2612.4,48.92134831460674,85329.89695775454,1597.9381452763023,53.4,0.46902036684775794,85.80992046883603,46.2,23,0.9747879819012667,0.8651685393258427,85.80992046883603,100.0,4.6,0.9199999999999999,0.8156596152022999,0.0,5,29.04960234418013,0.6,4.0782980760114995,100.0,1.0,0.0,100.0,1.0,0.0,100.0,1.0,0.0,100.0,1.0,0.0
209,random,2,2,22.864025177457517,22.864025177457517,6970989.302011858,1394197.8604023715,2840.0,53.78787878787879,85298.92835510023,1615.5100067253832,52.8,0.7624308840690597,84.45655679252104,46.2,24,1.5402795613373348,0.875,84.45655679252104,100.0,4.8,0.96,1.1442874712501256,0.0,5,22.282783962605208,0.8,5.721437356250628,100.0,1.0,0.0,100.0,1.0,0.0,100.0,1.0,0.0,100.0,1.0,0.0
210,random,2,2,16.914259230301262,16.914259230301262,8646790.484911473,1729358.0969822947,3070.0,59.49612403100775,83968.3071925542,1627.2927750495,51.6,1.0205836552403542,85.56625658632402,46.0,23,2.0511400365227384,0.8914728682170543,85.56625658632402,100.0,4.6,0.9199999999999999,1.4310983782788362,0.0,5,27.83128293162008,0.6,7.155491891394181,100.0,1.0,0.0,100.0,1.0,0.0,100.0,1.0,0.0,100.0,1.0,0.0
211,random,2,2,14.262865869938569,14.262865869938569,4000014.26286587,800002.8525731739,3300.0,64.96062992125984,82757.60076831101,1629.0866292974608,50.8,1.2095611606924372,83.1868419762659,46.2,24,2.4298450453429057,0.9094488188976378,83.1868419762659,100.0,4.8,0.96,1.6131873066374425,0.0,5,15.93420988132948,0.8,8.065936533187212,100.0,1.0,0.0,100.0,1.0,0.0,100.0,1.0,0.0,100.0,1.0,0.0
212,random,0,2,340.7686945134824,212.9804340709265,3001124.1383274603,600224.8276654921,3224.2,66.06967213114754,78584.03789500435,1610.3286453894334,48.8,1.0796893719704421,79.79818100220837,43.2,23,2.1547311041570745,0.8852459016393442,79.79818100220837,100.0,4.6,0.9199999999999999,1.8642643842751192,0.0,5,18.990905011041832,0.6,9.321321921375596,80.0,1.0,0.0,100.0,1.0,0.0,100.0,1.0,0.0,100.0,1.0,0.0
213,random,0,0,375.19187386023043,187.59593693011522,3000375.1918738605,600075.0383747721,3112.0,66.4957264957265,76007.419539711,1624.0901611049358,46.8,0.7377929592337891,67.39066468430065,39.2,18,1.2802676279326388,0.8376068376068376,67.39066468430065,100.0,3.6,0.72,0.3973276146674722,0.0,5,36.95332342150323,0.6,1.986638073337361,0.0,0.0,0.0,100.0,1.0,0.0,100.0,1.0,0.0,100.0,1.0,0.0
214,random,0,0,58.63997569658166,29.31998784829083,3000058.639975697,600011.7279951393,3019.2,64.78969957081546,77153.08363515406,1655.6455715698296,46.6,1.322988885650442,68.57824792507381,35.6,22,1.744738773287086,0.7639484978540773,68.57824792507381,100.0,4.4,0.8800000000000001,1.6906384811158635,0.0,5,11.906579895089635,0.4,4.575722840489706,30.984659730279418,1.0,3.877469565089611,100.0,1.0,0.0,100.0,1.0,0.0,100.0,1.0,0.0
215,random,0,0,39.85310443867909,19.926552219339545,3000039.8531044386,600007.9706208877,3183.0,71.3677130044843,75038.24368757533,1682.471831559985,44.6,1.7499316202851336,66.85774115395361,35.2,20,2.173295071155095,0.7892376681614349,66.85774115395361,100.0,4.0,0.8,2.879062696899365,0.0,5,5.345647306075989,0.4,8.385016803536566,28.94305846369207,0.6,6.010296680960259,100.0,1.0,0.0,100.0,1.0,0.0,100.0,1.0,0.0
216,random,0,0,40.40538163520013,20.202690817600065,3000040.405381635,600008.081076327,3358.2,75.63513513513513,72343.14672320406,1629.350151423515,44.4,1.7369862657690733,69.16409925353764,35.6,20,2.16591579814729,0.8018018018018018,69.16409925353764,100.0,4.0,0.8,3.087773110842482,0.0,5,11.27526716011289,0.2,8.868969451451896,34.545229107575324,0.8,6.569896102760515,100.0,1.0,0.0,100.0,1.0,0.0,100.0,1.0,0.0
217,random,0,0,75.31537291168081,37.657686455840405,3000075.3153729113,600015.0630745823,3541.4,77.66228070175438,72185.32997024359,1583.0116221544645,45.6,1.300968978224507,80.84821001807813,38.2,22,1.940519149801036,0.8377192982456141,80.84821001807813,100.0,4.4,0.8800000000000001,1.6586586112767379,0.0,5,4.241050090390672,0.4,8.293293056383689,100.0,1.0,0.0,100.0,1.0,0.0,100.0,1.0,0.0,100.0,1.0,0.0
218,random,0,0,71.32108079555078,35.66054039777539,3000071.321080795,600014.264216159,3732.6,79.41702127659575,76116.42878854781,1619.4984848627194,47.0,1.1634526924047315,80.93743813419132,39.0,23,1.6251928521902228,0.8297872340425532,80.93743813419132,100.0,4.6,0.9199999999999999,1.0306161497880229,0.0,5,4.687190670956625,0.6,5.1530807489401145,100.0,1.0,0.0,100.0,1.0,0.0,100.0,1.0,0.0,100.0,1.0,0.0
219,random,2,0,77.19650917051935,38.598254585259674,3000077.1965091703,600015.4393018341,3921.6,80.0326530612245,75112.96321224261,1532.91761657638,49.0,1.0349476726009994,85.1264752494908,38.6,24,1.3950329264629313,0.7877551020408163,85.1264752494908,100.0,4.8,0.96,0.7076092016086908,0.0,5,25.632376247453976,0.8,3.538046008043454,100.0,1.0,0.0,100.0,1.0,0.0,100.0,1.0,0.0,100.0,1.0,0.0
220,random,2,2,211.7245626573578,105.8622813286789,3000211.724562657,600042.3449125314,4121.0,82.75100401606426,76755.04745915011,1541.2660132359458,49.8,0.8502633110495291,85.31897791238134,41.2,23,1.480257878480062,0.8273092369477911,85.31897791238134,100.0,4.6,0.9199999999999999,1.0643404309794051,0.0,5,26.59488956190671,0.6,5.321702154897025,100.0,1.0,0.0,100.0,1.0,0.0,100.0,1.0,0.0,100.0,1.0,0.0
221,random,2,2,187.6872689489517,93.84363447447585,3000187.687268949,600037.5374537898,4326.2,88.65163934426229,76466.10149746321,1566.9283093742463,48.8,0.793536297150472,80.0,41.6,20,1.3365030489448162,0.8524590163934426,80.0,100.0,4.0,0.8,0.0,0.0,5,0.0,0.0,0.0,100.0,1.0,0.0,100.0,1.0,0.0,100.0,1.0,0.0,100.0,1.0,0.0
222,random,2,2,255.3341090605516,159.58381816284475,3001213.113549546,600242.6227099092,4538.4,91.13253012048193,77431.99657692635,1554.8593690145854,49.8,0.9313672524939092,83.77772274909785,43.6,23,1.8065152572191518,0.8755020080321285,83.77772274909785,100.0,4.6,0.9199999999999999,1.2246496522645238,0.0,5,18.888613745489238,0.6,6.123248261322619,100.0,1.0,0.0,100.0,1.0,0.0,100.0,1.0,0.0,100.0,1.0,0.0
223,random,2,2,17.911301330545243,17.911301330545243,3143341.1257090187,628668.2251418037,4764.0,98.0246913580247,76477.53166196404,1573.6117625918525,48.6,0.9802804669577835,82.25610035041791,46.0,22,1.9860218728506425,0.9465020576131687,82.25610035041791,100.0,4.4,0.8800000000000001,1.3889144360444052,0.0,5,11.280501752089549,0.4,6.944572180222026,100.0,1.0,0.0,100.0,1.0,0.0,100.0,1.0,0.0,100.0,1.0,0.0
224,random,3,2,204.78802231212742,127.99251394507964,4476263.5467981715,895252.7093596343,4949.2,103.10833333333333,76256.92790965499,1588.6859981178122,48.0,0.747014011117813,82.2649495055266,42.8,21,1.4110694406161752,0.8916666666666667,82.2649495055266,100.0,4.2,0.8400000000000001,1.7660437860710712,0.0,5,11.324747527633008,0.2,8.830218930355356,100.0,1.0,0.0,100.0,1.0,0.0,100.0,1.0,0.0,100.0,1.0,0.0
225,random,3,3,146.6583140200357,73.32915701001785,3000146.6583140204,600029.3316628041,5119.8,104.48571428571428,76746.60854241236,1566.257317192089,49.0,0.8053193517486613,83.09781596753419,41.0,21,1.3080635827213591,0.8367346938775511,83.09781596753419,100.0,4.2,0.8400000000000001,0.9875785147398709,0.0,5,15.489079837670943,0.2,4.937892573699354,100.0,1.0,0.0,100.0,1.0,0.0,100.0,1.0,0.0,100.0,1.0,0.0
226,random,3,3,423.93131667781824,211.96565833890912,3000423.9313166775,600084.7862633355,5332.2,105.3794466403162,79667.98428415108,1574.466092572156,50.6,0.8972203573550108,80.49323207455654,44.0,23,1.6815339385832373,0.8695652173913043,80.49323207455654,100.0,4.6,0.9199999999999999,1.3114430984854697,0.0,5,2.466160372782724,0.6,6.557215492427349,100.0,1.0,0.0,100.0,1.0,0.0,100.0,1.0,0.0,100.0,1.0,0.0
227,random,3,3,500.04256763825043,250.02128381912522,3000500.0425676387,600100.0085135277,5535.2,110.26294820717132,80180.51471061175,1597.2214085779233,50.2,0.8152009668868048,84.40538143299091,43.0,23,1.5356756494945807,0.8565737051792829,84.40538143299091,100.0,4.6,0.9199999999999999,1.4619119600300143,0.0,5,22.026907164954537,0.6,7.309559800150072,100.0,1.0,0.0,100.0,1.0,0.0,100.0,1.0,0.0,100.0,1.0,0.0
228,random,3,3,388.17611121863484,194.08805560931742,3000388.176111219,600077.6352222438,5736.6,115.19277108433735,77473.82646799918,1555.6993266666504,49.8,0.7259925560639066,80.83604973783076,42.6,21,1.3041123184622578,0.8554216867469879,80.83604973783076,100.0,4.2,0.8400000000000001,1.1068513218685985,0.0,5,4.180248689153814,0.2,5.534256609342992,100.0,1.0,0.0,100.0,1.0,0.0,100.0,1.0,0.0,100.0,1.0,0.0
229,random,3,3,476.2088476487984,238.1044238243992,3000476.2088476485,600095.2417695296,5953.2,119.064,79452.69734526773,1589.0539469053547,50.0,0.9242647668243157,82.32619201299167,44.4,24,1.7516617193798336,0.888,82.32619201299167,100.0,4.8,0.96,1.2323189593781723,0.0,5,11.630960064958344,0.8,6.161594796890862,100.0,1.0,0.0,100.0,1.0,0.0,100.0,1.0,0.0,100.0,1.0,0.0
230,random,3,3,316.53827594389367,226.09876853135265,3078506.234398909,615701.2468797818,6176.6,126.0530612244898,76590.87810095299,1563.079144917408,49.0,0.8860902576034323,80.29527704367683,45.6,23,1.7786204600980582,0.9306122448979591,80.29527704367683,100.0,4.6,0.9199999999999999,1.5521686583187868,0.0,5,1.4763852183841664,0.6,7.760843291593934,100.0,1.0,0.0,100.0,1.0,0.0,100.0,1.0,0.0,100.0,1.0,0.0
231,random,3,3,215.82485597801605,134.89053498626,3200475.452195869,640095.0904391737,6352.8,130.71604938271605,76897.23594218989,1582.2476531314792,48.6,0.5553183067709059,80.0,43.6,20,1.0249857164699487,0.897119341563786,80.0,100.0,4.0,0.8,0.0,0.0,5,0.0,0.0,0.0,100.0,1.0,0.0,100.0,1.0,0.0,100.0,1.0,0.0,100.0,1.0,0.0
232,random,3,3,360.8318638795157,180.41593193975785,3000360.831863879,600072.1663727758,6522.2,131.4959677419355,76292.12003201104,1538.1475812905453,49.6,0.7333165929676325,80.18961002217384,41.6,22,1.3112425653653192,0.8387096774193549,80.18961002217384,100.0,4.4,0.8800000000000001,0.8920734578929842,0.0,5,0.9480501108691897,0.4,4.460367289464921,100.0,1.0,0.0,100.0,1.0,0.0,100.0,1.0,0.0,100.0,1.0,0.0
233,random,0,3,280.4534941484457,140.22674707422286,3000280.4534941483,600056.0906988296,6489.4,131.89837398373984,79899.34995732646,1623.970527587936,49.2,0.9490549255251618,77.21852769184989,40.2,22,1.6708763358751206,0.8170731707317073,77.21852769184989,100.0,4.4,0.8800000000000001,1.1261906453984385,0.0,5,26.09263845924943,0.6,5.630953226992192,60.0,0.8,0.0,100.0,1.0,0.0,100.0,1.0,0.0,100.0,1.0,0.0
234,random,0,0,80.43440241661196,40.21720120830598,3000080.4344024174,600016.0868804834,6512.2,135.67083333333332,78974.03588902301,1645.2924143546463,48.0,1.0612811763750334,67.39440775199728,36.0,21,1.4990733491062986,0.75,67.39440775199728,100.0,4.2,0.8400000000000001,1.9653305310041236,0.0,5,13.221655114725763,0.6,8.004024635210092,23.750383645260627,0.6,1.8226280198105262,100.0,1.0,0.0,100.0,1.0,0.0,100.0,1.0,0.0
235,random,0,0,75.75301064630177,37.87650532315089,3000075.753010646,600015.1506021292,6683.6,145.9301310043668,74974.63868478742,1637.0008446460138,45.8,0.9615488416297389,61.791564070865206,35.8,19,1.2313634927795485,0.7816593886462883,61.791564070865206,100.0,3.8,0.76,0.8256435568502116,0.0,5,0.0,0.0,0.0,8.957820354326032,0.8,4.128217784251058,100.0,1.0,0.0,100.0,1.0,0.0,100.0,1.0,0.0
236,random,0,0,52.424465578748276,26.212232789374138,3000052.424465579,600010.4848931158,6860.0,153.125,73819.42774172925,1647.7550835207421,44.8,1.3225377721887768,64.7827855408841,36.4,20,1.6360834641158937,0.8125,64.7827855408841,100.0,4.0,0.8,2.6450421616292292,0.0,5,13.407268694072627,0.2,7.458640703173954,10.506659010347903,0.8,5.7665701049721925,100.0,1.0,0.0,100.0,1.0,0.0,100.0,1.0,0.0
237,random,0,0,73.78256450288762,36.89128225144381,3000073.782564503,600014.7565129006,7037.4,156.38666666666666,71889.82199307243,1597.5515998460542,45.0,1.0663171798218765,76.04216313356665,37.2,20,1.428253021410683,0.8266666666666667,76.04216313356665,100.0,4.0,0.8,2.675286685523048,0.0,5,12.785525023823539,0.2,7.821344826565033,67.42529064400969,0.8,5.555088601050207,100.0,1.0,0.0,100.0,1.0,0.0,100.0,1.0,0.0
238,random,0,0,61.365678025133285,30.682839012566642,3000061.3656780254,600012.273135605,7226.2,159.16740088105726,74540.29693907335,1641.8567607725408,45.4,1.2509180650885465,82.29277234744677,38.4,22,1.6595062188279786,0.8458149779735683,82.29277234744677,100.0,4.4,0.8800000000000001,1.5335976426741156,0.0,5,11.463861737233856,0.4,7.667988213370578,100.0,1.0,0.0,100.0,1.0,0.0,100.0,1.0,0.0,100.0,1.0,0.0
239,random,2,0,88.8551269674693,44.42756348373465,3000088.855126967,600017.7710253934,7418.6,162.68859649122808,73967.90083354895,1622.1030884550207,45.6,1.3280640749231565,82.46402260847208,39.4,24,2.1178715553834895,0.8640350877192983,82.46402260847208,100.0,4.8,0.96,1.5521569834637563,0.0,5,12.32011304236039,0.8,7.760784917318782,100.0,1.0,0.0,100.0,1.0,0.0,100.0,1.0,0.0,100.0,1.0,0.0
240,random,2,2,133.5913138530751,66.79565692653755,3000133.591313853,600026.7182627706,7615.4,168.48230088495575,72172.0076925106,1596.7258339051018,45.2,1.0053554143064263,81.72943045899956,40.4,22,1.6710260920700533,0.8938053097345132,81.72943045899956,100.0,4.4,0.8800000000000001,1.625644828737001,0.0,5,8.647152294997795,0.4,8.128224143685005,100.0,1.0,0.0,100.0,1.0,0.0,100.0,1.0,0.0,100.0,1.0,0.0
241,random,2,2,113.31367816950979,56.65683908475489,3000113.3136781696,600022.6627356339,7796.0,169.47826086956522,71664.71188670585,1557.928519276214,46.0,0.9709623484918503,84.35928211257487,38.0,23,1.5097884696042767,0.8260869565217391,84.35928211257487,100.0,4.6,0.9199999999999999,0.36676917772740125,0.0,5,21.79641056287437,0.6,1.8338458886370064,100.0,1.0,0.0,100.0,1.0,0.0,100.0,1.0,0.0,100.0,1.0,0.0
242,random,2,2,127.69129292972566,63.84564646486283,3000127.69129293,600025.538258586,7990.8,170.74358974358975,75739.43679967936,1618.364034181183,46.8,1.253455510092688,83.76086307423702,40.2,23,2.1555464530515147,0.8589743589743589,83.76086307423702,100.0,4.6,0.9199999999999999,1.2042976529378595,0.0,5,18.804315371185112,0.6,6.021488264689298,100.0,1.0,0.0,100.0,1.0,0.0,100.0,1.0,0.0,100.0,1.0,0.0
243,random,2,2,232.23213075886528,165.8800933991895,3159380.996840093,631876.1993680185,8194.0,177.35930735930737,71672.61887106558,1551.3553868196016,46.2,1.0719595669793827,82.30755430196314,41.8,25,2.1777581639636936,0.9047619047619048,82.30755430196314,100.0,5.0,1.0,1.7178179181853301,0.0,5,11.537771509815684,1.0,8.589089590926651,100.0,1.0,0.0,100.0,1.0,0.0,100.0,1.0,0.0,100.0,1.0,0.0
244,random,2,2,162.9033298318261,81.45166491591306,3000162.903329832,600032.5806659664,8379.0,183.75,72613.40800905487,1592.3992984441857,45.6,0.7785839189663,81.72529597138055,39.2,21,1.257166451498195,0.8596491228070176,81.72529597138055,100.0,4.2,0.8400000000000001,0.7367624046099982,0.0,5,8.626479856902733,0.2,3.683812023049991,100.0,1.0,0.0,100.0,1.0,0.0,100.0,1.0,0.0,100.0,1.0,0.0
245,random,0,2,103.6248889031179,51.81244445155895,3000103.624888903,600020.7249777806,8470.0,187.38938053097345,71512.12502092138,1582.1266597548977,45.2,1.0495002237406563,73.55972335829665,38.0,22,1.6057839291692488,0.8407079646017699,73.55972335829665,100.0,4.4,0.8800000000000001,0.9784317114147786,0.0,5,7.798616791483255,0.6,4.892158557073893,60.0,0.8,0.0,100.0,1.0,0.0,100.0,1.0,0.0,100.0,1.0,0.0
246,random,0,0,78.82745511331561,39.413727556657804,3000078.827455113,600015.7654910226,8608.0,196.5296803652968,69846.35395668811,1594.6656154495004,43.8,0.9518277594831659,67.76179031782794,35.2,19,1.227624620535734,0.8036529680365296,67.76179031782794,100.0,3.8,0.76,1.1267039947655895,0.0,5,30.934798057996886,0.6,2.153639589550321,7.874153531142838,0.2,3.4798803842776267,100.0,1.0,0.0,100.0,1.0,0.0,100.0,1.0,0.0
247,random,0,0,153.31028016173775,69.68649098260806,2600518.803340596,520103.76066811924,8421.4,202.4375,69743.46375840709,1676.525571115555,41.6,1.652754354874381,68.4431711313855,34.0,21,2.0346398019948855,0.8173076923076923,68.4431711313855,100.0,4.2,0.8400000000000001,2.029050994196057,0.0,5,29.406776402993273,0.8,4.432740884226538,12.809079253934215,0.4,5.712514086753746,100.0,1.0,0.0,100.0,1.0,0.0,100.0,1.0,0.0
248,random,0,0,257.0564820560528,85.68549401868427,2000257.0564820557,400051.4112964111,7206.2,176.62254901960785,64007.1424214233,1568.8025103290024,40.8,1.5659393957235201,51.90847229305837,30.4,18,1.9112428776396964,0.7450980392156863,51.90847229305837,100.0,3.6,0.72,2.9445779552198372,0.0,5,15.941234279412129,0.4,5.751590114250009,11.010730179227721,0.6,6.973329669747056,100.0,1.0,0.0,100.0,1.0,0.0,32.59039700665198,0.6,1.997969992102123
249,random,0,0,294.62315847760146,98.20771949253383,2000294.6231584772,400058.92463169544,6108.2,146.12918660287082,63889.565018756395,1528.4584932716841,41.8,0.7377601243901043,76.31075529947884,31.0,20,0.7897293596028404,0.7416267942583732,76.31075529947884,100.0,4.0,0.8,1.4478551901127679,0.0,5,0.0,0.0,0.0,81.55377649739421,1.0,7.239275950563839,100.0,1.0,0.0,100.0,1.0,0.0,100.0,1.0,0.0
250,random,0,0,398.95114287213516,132.98371429071173,2000398.9511428718,400079.79022857436,5677.4,133.27230046948358,65035.395264328734,1526.6524709936323,42.6,0.7210488760568733,92.50772844947005,34.8,24,0.8109817108817056,0.8169014084507042,92.50772844947005,100.0,4.8,0.96,1.497171754877343,0.0,5,62.53864224735025,0.8,7.485858774386716,100.0,1.0,0.0,100.0,1.0,0.0,100.0,1.0,0.0,100.0,1.0,0.0
251,random,4,0,538.312503417275,224.2968764238646,1207738.7860353582,241547.75720707164,5142.0,116.86363636363636,67650.88267644127,1537.5200608282107,44.0,0.42299970034868034,92.0,36.4,24,0.6106052327171685,0.8272727272727273,92.0,100.0,4.8,0.96,0.0,0.0,5,100.0,1.0,0.0,100.0,1.0,0.0,60.0,0.8,0.0,100.0,1.0,0.0,100.0,1.0,0.0
252,random,4,4,220.7867097188204,78.85239632815015,1228212.2697357568,245642.45394715137,4379.4,97.75446428571429,71894.34341135781,1604.7844511463795,44.8,0.6995721542998027,86.44587970617704,36.4,23,0.6895226208440383,0.8125,86.44587970617704,100.0,4.6,0.9199999999999999,0.4010103133633918,0.0,5,100.0,1.0,0.0,100.0,1.0,0.0,32.22939853088519,0.6,2.005051566816959,100.0,1.0,0.0,100.0,1.0,0.0
253,random,4,4,121.14431219012178,40.38143739670726,1608976.9413664374,321795.38827328745,3660.0,77.54237288135593,77008.80198440932,1631.5424149239263,47.2,1.3686964269643533,86.55312814869558,32.8,24,1.1989528931131572,0.6949152542372882,86.55312814869558,100.0,4.8,0.96,0.5478272067073827,0.0,5,100.0,1.0,0.0,100.0,1.0,0.0,32.76564074347789,0.8,2.7391360335369135,100.0,1.0,0.0,100.0,1.0,0.0
254,random,4,4,238.04790224447675,79.34930074815891,6000986.745033738,1200197.3490067476,3777.6,75.855421686747,75498.69818853788,1516.0381162357003,49.8,1.0697185205210202,92.34383980229268,35.6,25,1.1467587209085504,0.714859437751004,92.34383980229268,100.0,5.0,1.0,0.6598519599624005,0.0,5,100.0,1.0,0.0,100.0,1.0,0.0,61.71919901146339,1.0,3.2992597998120026,100.0,1.0,0.0,100.0,1.0,0.0
255,random,4,4,526.5056836006377,175.50189453354588,2000526.5056836004,400105.3011367201,3967.4,75.42585551330798,79997.3839318661,1520.8628123928918,52.6,0.6207114785390371,92.73396524764757,40.6,25,0.8679862476777135,0.7718631178707225,92.73396524764757,100.0,5.0,1.0,0.875071913683789,0.0,5,100.0,1.0,0.0,100.0,1.0,0.0,63.669826238237874,1.0,4.375359568418945,100.0,1.0,0.0,100.0,1.0,0.0
256,random,4,4,863.3738408426389,332.06686186255337,2010027.4887049072,402005.49774098146,4186.2,75.83695652173913,82298.23770008808,1490.910103262465,55.2,0.2647062107291497,100.0,47.2,25,0.3956167142404497,0.855072463768116,100.0,100.0,5.0,1.0,0.0,0.0,5,100.0,1.0,0.0,100.0,1.0,0.0,100.0,1.0,0.0,100.0,1.0,0.0,100.0,1.0,0.0
257,random,3,4,758.6370424594985,316.09876769145774,1877384.7608432542,375476.9521686508,3420.8,62.42335766423358,84803.72986374628,1547.5133186815015,54.8,0.1735619319658252,80.0,47.8,22,0.20247900033405786,0.8722627737226277,80.0,100.0,4.4,0.8800000000000001,0.0,0.0,5,60.0,0.8,0.0,100.0,1.0,0.0,100.0,1.0,0.0,40.0,0.6,0.0,100.0,1.0,0.0
258,random,3,3,528.0082932549851,203.08011279037888,2008168.4255683913,401633.6851136783,2249.4,41.65555555555556,84347.64321011615,1561.9933927799286,54.0,0.33835040787581766,81.98178706786985,42.0,22,0.4294383758216753,0.7777777777777778,81.98178706786985,100.0,4.4,0.8800000000000001,0.7483936620391048,0.0,5,31.2459269635292,0.6,2.1391033551956404,100.0,1.0,0.0,100.0,1.0,0.0,78.66300837582003,0.8,1.602864954999884,100.0,1.0,0.0
259,random,3,3,221.56243276918104,110.78121638459052,2839549.112392004,567909.8224784008,1220.6,23.20532319391635,82355.96090265411,1565.7026787576826,52.6,0.6108404262860685,84.04261131152634,39.2,24,1.0084360384326374,0.7452471482889734,84.04261131152634,100.0,4.8,0.96,0.7362175624814103,0.0,5,20.213056557631717,0.8,3.6810878124070516,100.0,1.0,0.0,100.0,1.0,0.0,100.0,1.0,0.0,100.0,1.0,0.0
260,random,3,3,381.882500477717,212.15694470984275,3000633.9838249786,600126.7967649957,1244.6,23.751908396946565,82868.00487331722,1581.4504746816262,52.4,0.7621894443874494,86.10809738050011,42.2,23,1.4358641003205066,0.8053435114503816,86.10809738050011,100.0,4.6,0.9199999999999999,1.0301630132129627,0.0,5,30.54048690250056,0.6,5.150815066064814,100.0,1.0,0.0,100.0,1.0,0.0,100.0,1.0,0.0,100.0,1.0,0.0
261,random,3,3,218.1054674791023,121.16970415505682,2008161.9313028906,401632.3862605781,1236.8,23.968992248062015,80438.21277772824,1558.8800925916325,51.6,0.8282614404880846,73.55905150284434,41.0,22,1.4841032201309485,0.7945736434108527,73.55905150284434,100.0,4.4,0.8800000000000001,1.1023750884202552,0.0,5,27.795257514221703,0.8,5.511875442101276,40.0,0.6,0.0,100.0,1.0,0.0,100.0,1.0,0.0,100.0,1.0,0.0
262,random,3,3,156.08732640020008,78.04366320010004,2191892.2728173765,438378.45456347533,1254.4,24.123076923076923,82458.30859025977,1585.7367036588416,52.0,0.8701211582825671,85.85913864794202,39.6,23,1.445646406157146,0.7615384615384615,85.85913864794202,100.0,4.6,0.9199999999999999,0.8444890776375077,0.0,5,36.48798908808658,0.6,2.0265026859007724,92.80770415162351,1.0,2.195942702286766,100.0,1.0,0.0,100.0,1.0,0.0,100.0,1.0,0.0
263,random,1,3,159.87871469660178,79.93935734830089,4114517.5595622375,822903.5119124475,1366.4,26.6875,80192.22343918236,1566.2543640465303,51.2,0.8081271389134347,83.17824459920485,37.4,24,1.3211583913936435,0.73046875,83.17824459920485,100.0,4.8,0.96,0.8191713012754931,0.0,5,35.891222996024226,0.8,4.095856506377466,80.0,1.0,0.0,100.0,1.0,0.0,100.0,1.0,0.0,100.0,1.0,0.0
264,random,1,1,138.6901603209794,69.3450801604897,3000138.6901603206,600027.7380320642,1542.6,30.852,79147.27293324351,1582.94545866487,50.0,1.0001400730179126,76.28004627018527,38.2,23,1.6666530859794568,0.764,76.28004627018527,100.0,4.6,0.9199999999999999,1.4356437250594116,0.0,5,18.42505875743427,0.8,5.358532145153678,62.97517259349206,0.8,1.8196864801433796,100.0,1.0,0.0,100.0,1.0,0.0,100.0,1.0,0.0
265,random,1,1,188.62704496506572,94.31352248253286,3000188.627044965,600037.725408993,1721.0,36.00418410041841,74889.75886842152,1566.7313570799479,47.8,1.045429356639709,81.7367338330696,38.4,24,1.8644174292329614,0.803347280334728,81.7367338330696,100.0,4.8,0.96,1.433586043487536,0.0,5,8.683669165347965,0.8,7.16793021743768,100.0,1.0,0.0,100.0,1.0,0.0,100.0,1.0,0.0,100.0,1.0,0.0
266,random,1,1,132.87582730614844,66.43791365307422,3000132.875827306,600026.5751654612,1900.2,39.75313807531381,76107.75304461148,1592.2124067910352,47.8,0.5750926149983255,68.0,37.8,18,0.7408568743585665,0.7907949790794979,68.0,100.0,3.6,0.72,0.0,0.0,5,0.0,0.0,0.0,40.0,0.6,0.0,100.0,1.0,0.0,100.0,1.0,0.0,100.0,1.0,0.0
267,random,1,1,80.8877853671316,40.4438926835658,3000080.8877853677,600016.1775570735,2078.0,42.93388429752066,76422.26349968732,1578.972386357176,48.4,0.9848701172049311,82.13834983587458,37.6,23,1.3519370846293521,0.7768595041322314,82.13834983587458,100.0,4.6,0.9199999999999999,1.2446745399675594,0.0,5,14.378551036452336,0.6,4.1465955461966075,96.31319814292056,1.0,2.0767771536411894,100.0,1.0,0.0,100.0,1.0,0.0,100.0,1.0,0.0
268,random,1,1,130.36120485057856,65.18060242528928,3000130.3612048505,600026.0722409701,2273.6,46.59016393442623,77609.12208999314,1590.3508624998594,48.8,1.0329089202719546,83.11542162351543,40.6,23,1.7130845387333606,0.8319672131147541,83.11542162351543,100.0,4.6,0.9199999999999999,1.1129836359972816,0.0,5,15.577108117577154,0.6,5.564918179986408,100.0,1.0,0.0,100.0,1.0,0.0,100.0,1.0,0.0,100.0,1.0,0.0
269,random,0,1,166.882770646777,83.4413853233885,3000166.8827706464,600033.3765541293,2436.2,50.75416666666667,77769.66767497108,1620.2014098952309,48.0,1.1160608563131311,80.28055847096766,40.2,23,1.959747918874478,0.8375,80.28055847096766,100.0,4.6,0.9199999999999999,1.6760749035371447,0.0,5,21.40279235483831,0.6,8.380374517685723,80.0,1.0,0.0,100.0,1.0,0.0,100.0,1.0,0.0,100.0,1.0,0.0
270,random,0,0,96.9125327545185,48.45626637725925,3000096.9125327542,600019.3825065509,2596.0,55.234042553191486,77179.25964684674,1642.1119073797179,47.0,1.2011148771149829,66.25095909124684,37.4,20,1.8911037743717396,0.7957446808510639,66.25095909124684,100.0,4.0,0.8,2.0795351199353336,0.0,5,7.025589547283744,0.4,8.446869145613164,24.229205908950462,0.6,1.950806454063503,100.0,1.0,0.0,100.0,1.0,0.0,100.0,1.0,0.0
271,random,0,0,55.07425511972017,27.537127559860085,3000055.0742551195,600011.0148510239,2761.0,61.084070796460175,75706.08932394392,1674.9134806182283,45.2,1.380608281932034,63.0785892277454,35.2,21,1.836544408668671,0.7787610619469026,63.0785892277454,100.0,4.2,0.8400000000000001,2.582100118688272,0.0,5,0.8620751802345694,0.4,8.712514797970652,14.530870958492415,0.8,4.197985795470709,100.0,1.0,0.0,100.0,1.0,0.0,100.0,1.0,0.0
272,random,0,0,50.663494351537835,25.331747175768918,3000050.663494352,600010.1326988704,2937.4,63.58008658008658,74833.59276213197,1619.7747351110816,46.2,1.362902351478323,65.11358357661993,36.2,18,1.6810123637527357,0.7835497835497836,65.11358357661993,100.0,3.6,0.72,0.9889207053957346,0.0,5,0.0,0.0,0.0,25.567917883099653,0.6,4.944603526978673,100.0,1.0,0.0,100.0,1.0,0.0,100.0,1.0,0.0
273,random,0,0,71.02491188977125,35.51245594488562,3000071.02491189,600014.2049823779,3126.4,64.86307053941908,75108.39644414837,1558.2654863931198,48.2,1.0187962032168725,85.00101096994786,39.6,22,1.3179148257190108,0.8215767634854771,85.00101096994786,100.0,4.4,0.8800000000000001,1.33620448789121,0.0,5,25.00505484973928,0.4,6.68102243945605,100.0,1.0,0.0,100.0,1.0,0.0,100.0,1.0,0.0,100.0,1.0,0.0
274,random,0,0,180.55633593236627,90.27816796618313,3000180.5563359326,600036.1112671865,3335.2,65.91304347826087,77350.97404196404,1528.6753763234,50.6,0.5326556252362168,100.0,43.6,25,0.7438128767177139,0.8616600790513834,100.0,100.0,5.0,1.0,0.0,0.0,5,100.0,1.0,0.0,100.0,1.0,0.0,100.0,1.0,0.0,100.0,1.0,0.0,100.0,1.0,0.0
275,random,4,0,411.2713494098466,158.18128823455638,2001048.5694831186,400209.7138966237,3253.2,62.803088803088805,80683.60380657816,1557.5985290845204,51.8,0.40384432082050054,92.0,41.4,24,0.4651731760578175,0.7992277992277992,92.0,100.0,4.8,0.96,0.0,0.0,5,100.0,1.0,0.0,100.0,1.0,0.0,60.0,0.8,0.0,100.0,1.0,0.0,100.0,1.0,0.0
276,random,4,4,709.8388628557735,236.61295428525784,2000709.8388628557,400141.96777257114,3013.4,57.50763358778626,79943.77511225696,1525.6445632110108,52.4,0.37966378234349685,93.04909197042434,40.4,24,0.40006180785345347,0.7709923664122137,93.04909197042434,100.0,4.8,0.96,0.33833468245291726,0.0,5,100.0,1.0,0.0,100.0,1.0,0.0,65.24545985212171,0.8,1.6916734122645862,100.0,1.0,0.0,100.0,1.0,0.0
277,random,4,4,594.0617837517622,198.0205945839207,2000594.061783752,400118.81235675036,2908.0,54.05204460966543,80646.07269792573,1498.9976337904411,53.8,0.4926736128345837,85.37405450523602,40.6,23,0.547483192930536,0.7546468401486989,85.37405450523602,100.0,4.6,0.9199999999999999,0.3596848759902461,0.0,5,100.0,1.0,0.0,100.0,1.0,0.0,26.870272526180088,0.6,1.7984243799512305,100.0,1.0,0.0,100.0,1.0,0.0
278,random,4,4,135.1652835404512,112.63773628370934,2064741.4565594613,412948.2913118923,3097.0,56.51459854014598,81373.45748470715,1484.917107385167,54.8,0.3472961666825602,92.16108216162684,44.2,25,0.6620022117415462,0.8065693430656934,92.16108216162684,100.0,5.0,1.0,0.5925246865136607,0.0,5,100.0,1.0,0.0,100.0,1.0,0.0,60.805410808134184,1.0,2.9626234325683036,100.0,1.0,0.0,100.0,1.0,0.0
279,random,4,4,359.26116980465275,256.6151212890377,2877842.375602111,575568.4751204222,3330.8,59.26690391459075,84129.68274088603,1496.9694437880078,56.2,0.236493881981665,100.0,48.6,25,0.45005695245845717,0.8647686832740213,100.0,100.0,5.0,1.0,0.0,0.0,5,100.0,1.0,0.0,100.0,1.0,0.0,100.0,1.0,0.0,100.0,1.0,0.0,100.0,1.0,0.0
280,random,4,4,304.2929252688881,304.2929252688881,5689045.430970084,1137809.0861940167,3585.8,62.90877192982456,85646.49574176822,1502.5701007327757,57.0,0.06319164396729471,100.0,52.6,25,0.13347429483133275,0.9228070175438596,100.0,100.0,5.0,1.0,0.0,0.0,5,100.0,1.0,0.0,100.0,1.0,0.0,100.0,1.0,0.0,100.0,1.0,0.0,100.0,1.0,0.0
281,random,1,4,559.5543509497586,466.29529245813217,2010137.1226988055,402027.4245397611,3608.6,65.13718411552347,85407.64761975282,1541.6542891652136,55.4,0.06965275787478123,92.0,49.6,25,0.11506735709111182,0.8953068592057761,92.0,100.0,5.0,1.0,0.0,0.0,5,80.0,1.0,0.0,80.0,1.0,0.0,100.0,1.0,0.0,100.0,1.0,0.0,100.0,1.0,0.0
282,random,1,1,248.0329547469643,124.01647737348215,3493846.80043218,698769.360086436,3579.4,66.28518518518518,85187.95398255889,1577.55470338072,54.0,0.3015438278994407,75.83617876756853,43.2,21,0.4025446768925377,0.8,75.83617876756853,100.0,4.2,0.8400000000000001,0.7312752212492374,0.0,5,24.098174434120665,0.6,1.7003808467847092,55.08271940372197,0.6,1.9559952594614776,100.0,1.0,0.0,100.0,1.0,0.0,100.0,1.0,0.0
283,random,1,1,186.3191382107059,93.15956910535294,5247066.800917492,1049413.3601834984,3615.6,69.0,83915.27997417237,1601.4366407284804,52.4,0.6001611786797707,86.5695270362894,39.6,23,0.9792577799245564,0.7557251908396947,86.5695270362894,100.0,4.6,0.9199999999999999,0.8533355922892888,0.0,5,32.847635181447004,0.6,4.266677961446444,100.0,1.0,0.0,100.0,1.0,0.0,100.0,1.0,0.0,100.0,1.0,0.0
284,random,1,1,354.82660507244157,177.41330253622078,3000354.8266050722,600070.9653210144,3797.4,71.92045454545455,83978.91684319686,1590.5097886969102,52.8,0.8261464365582978,82.10542484629786,42.0,24,1.5345465646194925,0.7954545454545454,82.10542484629786,100.0,4.8,0.96,1.1646953960578927,0.0,5,10.527124231489324,0.8,5.823476980289464,100.0,1.0,0.0,100.0,1.0,0.0,100.0,1.0,0.0,100.0,1.0,0.0
285,random,1,1,385.4942891427436,275.3530636733883,3002318.659155801,600463.7318311601,4015.8,76.34600760456274,84378.5514758074,1604.1549710229542,52.6,0.9923420340451437,85.13519301859014,45.2,23,1.961679605834665,0.8593155893536122,85.13519301859014,100.0,4.6,0.9199999999999999,1.4110550491307823,0.0,5,25.67596509295072,0.6,7.055275245653911,100.0,1.0,0.0,100.0,1.0,0.0,100.0,1.0,0.0,100.0,1.0,0.0
286,random,1,1,18.241780300106416,18.241780300106416,3035509.8798424955,607101.9759684991,4240.2,82.49416342412451,82579.72791400018,1606.6094924902757,51.4,0.9830303128927035,81.88573649195041,46.8,23,2.0071348368084374,0.9105058365758755,81.88573649195041,100.0,4.6,0.9199999999999999,1.4956481133086863,0.0,5,9.428682459752054,0.6,7.478240566543431,100.0,1.0,0.0,100.0,1.0,0.0,100.0,1.0,0.0,100.0,1.0,0.0
287,random,3,1,560.9389813648733,233.7245755686972,2001394.6278365455,400278.9255673091,4254.0,83.41176470588235,79844.86422318712,1565.585573003669,51.0,0.7215269833556238,73.09980962273403,40.2,21,1.2225147193333525,0.788235294117647,73.09980962273403,100.0,4.2,0.8400000000000001,1.092070934555674,0.0,5,32.86134110598141,0.6,3.2787228516909113,32.63770700768873,0.6,2.181631821087459,100.0,1.0,0.0,100.0,1.0,0.0,100.0,1.0,0.0
288,random,3,3,354.7877835380176,118.26259451267254,2000354.7877835378,400070.95755670755,4185.2,83.37051792828686,79938.86020909515,1592.4075738863573,50.2,1.0023153352166383,74.37351508694974,34.2,22,1.4674566815928112,0.6812749003984063,74.37351508694974,100.0,4.4,0.8800000000000001,1.276379843804857,0.0,5,36.0806558194281,0.8,4.2067034831822685,100.0,1.0,0.0,35.786919615320585,0.6,2.1751957358420175,100.0,1.0,0.0,100.0,1.0,0.0
289,random,3,3,246.6564331379578,82.21881104598593,2000246.6564331378,400049.33128662757,4197.2,87.80753138075313,78522.4838704198,1642.7297880840963,47.8,1.2012628129591556,63.41550644070685,30.6,19,1.491125173310767,0.6401673640167364,63.41550644070685,100.0,3.8,0.76,2.4853758455829293,0.0,5,11.050178708619569,0.2,9.049627398514026,100.0,1.0,0.0,6.027353494914678,0.6,3.3772518294006195,100.0,1.0,0.0,100.0,1.0,0.0
290,random,3,3,224.7250900151933,74.90836333839776,2000224.725090015,400044.945018003,4326.8,90.51882845188284,75331.69239729646,1575.9768283953235,47.8,1.1423359643889355,81.33181323485314,32.0,21,1.2830063862077195,0.6694560669456067,81.33181323485314,100.0,4.2,0.8400000000000001,1.991859104127613,0.0,5,18.08497944715782,0.2,5.241154269759534,100.0,1.0,0.0,88.5740867271079,1.0,4.718141250878532,100.0,1.0,0.0,100.0,1.0,0.0
291,random,3,3,688.7650363591993,229.5883454530664,2000688.765036359,400137.7530072718,4498.4,89.968,77419.60738717206,1548.3921477434412,50.0,0.9537033757730492,83.12111602731693,37.8,24,1.4924230354042156,0.756,83.12111602731693,100.0,4.8,0.96,1.134093050561285,0.0,5,15.60558013658465,0.8,5.670465252806425,100.0,1.0,0.0,100.0,1.0,0.0,100.0,1.0,0.0,100.0,1.0,0.0
292,random,3,3,520.5424211511732,173.51414038372442,2000520.542421151,400104.1084842302,4654.0,90.54474708171206,78257.98592639033,1522.528909073742,51.4,0.5010993366835207,80.3973241379108,38.2,22,0.5966752024204037,0.7431906614785992,80.3973241379108,100.0,4.4,0.8800000000000001,0.6854350539855658,0.0,5,1.9866206895540017,0.4,3.427175269927829,100.0,1.0,0.0,100.0,1.0,0.0,100.0,1.0,0.0,100.0,1.0,0.0
293,random,4,3,610.6844774824907,234.87864518557333,2001259.5747851436,400251.9149570287,4812.8,90.80754716981131,81473.56197664273,1537.237018427221,53.0,0.4479332935621454,96.0,42.4,25,0.6926546218148365,0.8,96.0,100.0,5.0,1.0,0.0,0.0,5,100.0,1.0,0.0,100.0,1.0,0.0,80.0,1.0,0.0,100.0,1.0,0.0,100.0,1.0,0.0
294,random,4,4,580.9974323859564,193.66581079531878,2000580.997432386,400116.1994864772,4969.2,92.7089552238806,83095.14244935614,1550.28250838351,53.6,0.343638621324403,92.99711068722172,43.2,24,0.34017718804836794,0.8059701492537313,92.99711068722172,100.0,4.8,0.96,0.38100307724512816,0.0,5,100.0,1.0,0.0,100.0,1.0,0.0,64.9855534361086,0.8,1.905015386225641,100.0,1.0,0.0,100.0,1.0,0.0
295,random,4,4,625.4251158449474,208.47503861498248,2000625.4251158447,400125.08502316894,5137.8,94.79335793357933,84010.56678584067,1550.0104573033334,54.2,0.3814953670603532,85.38402343725102,42.2,23,0.46438688276333234,0.7785977859778598,85.38402343725102,100.0,4.6,0.9199999999999999,0.3335143029054818,0.0,5,100.0,1.0,0.0,100.0,1.0,0.0,26.920117186255084,0.6,1.6675715145274088,100.0,1.0,0.0,100.0,1.0,0.0
296,random,4,4,575.6312201922085,287.81561009610425,2020766.3421859182,404153.26843718364,5344.0,97.16363636363636,83803.40720907209,1523.6983128922197,55.0,0.47470959183571293,81.3984916071413,44.8,23,0.8651924438781607,0.8145454545454546,81.3984916071413,100.0,4.6,0.9199999999999999,0.7119945737270829,0.0,5,100.0,1.0,0.0,100.0,1.0,0.0,6.992458035706477,0.6,3.5599728686354144,100.0,1.0,0.0,100.0,1.0,0.0
297,random,4,4,30.309065498538978,30.309065498538978,8691137.536769543,1738227.5073539086,5576.0,101.38181818181818,86051.41299184495,1564.5711453062718,55.0,0.592775100347956,86.7442545480153,47.2,24,1.1874591422198992,0.8581818181818182,86.7442545480153,100.0,4.8,0.96,0.7601838044633592,0.0,5,100.0,1.0,0.0,100.0,1.0,0.0,33.72127274007653,0.8,3.800919022316796,100.0,1.0,0.0,100.0,1.0,0.0
298,random,4,4,29.59600094436804,29.59600094436804,4000029.5960009443,800005.9192001888,5811.0,106.81985294117646,83739.96996410796,1539.3376831637493,54.4,0.6122975587235109,81.88951778244882,47.2,23,1.2320027411493248,0.8676470588235294,81.88951778244882,100.0,4.6,0.9199999999999999,0.6754261444322769,0.0,5,100.0,1.0,0.0,100.0,1.0,0.0,9.4475889122441,0.6,3.3771307221613847,100.0,1.0,0.0,100.0,1.0,0.0
299,random,2,4,297.5952458633117,185.9970286645698,3001204.2781440997,600240.8556288199,5952.4,109.41911764705883,83409.72830587768,1533.2670644462808,54.4,0.4203682757145553,93.53400674327986,45.6,25,0.777444837837503,0.8382352941176471,93.53400674327986,100.0,5.0,1.0,0.7958730282820645,0.0,5,80.0,1.0,0.0,100.0,1.0,0.0,87.6700337163993,1.0,3.9793651414103226,100.0,1.0,0.0,100.0,1.0,0.0
300,random,2,2,219.33538014748743,109.66769007374371,3000219.3353801477,600043.8670760295,6054.6,111.29779411764706,85361.56564143853,1569.146427232326,54.4,0.3445587504995068,87.29950333828947,44.2,23,0.4499028336548693,0.8125,87.29950333828947,100.0,4.6,0.9199999999999999,0.4205772064206796,0.0,5,36.497516691447345,0.6,2.102886032103398,100.0,1.0,0.0,100.0,1.0,0.0,100.0,1.0,0.0,100.0,1.0,0.0
301,random,2,2,229.96647629420733,114.98323814710366,3000229.966476294,600045.9932952588,6174.2,114.76208178438662,86120.48424350165,1600.7524952323727,53.8,0.567023750841365,85.71716163939982,43.4,23,0.9434404211355324,0.8066914498141264,85.71716163939982,100.0,4.6,0.9199999999999999,0.8490974214097701,0.0,5,28.585808196999096,0.6,4.2454871070488505,100.0,1.0,0.0,100.0,1.0,0.0,100.0,1.0,0.0,100.0,1.0,0.0
302,random,2,2,390.5756494061799,195.28782470308994,3000390.575649406,600078.1151298812,6393.2,119.27611940298507,86413.6362366068,1612.1947059068434,53.6,0.8381133472645804,84.35060913134657,45.8,23,1.5715552024136392,0.8544776119402985,84.35060913134657,100.0,4.6,0.9199999999999999,1.164963605502751,0.0,5,21.753045656732866,0.6,5.824818027513755,100.0,1.0,0.0,100.0,1.0,0.0,100.0,1.0,0.0,100.0,1.0,0.0
303,random,2,2,17.504098934503848,17.504098934503848,3342677.8690288705,668535.5738057741,6625.0,126.91570881226053,83983.18918963664,1608.8733561233075,52.2,0.989495940502156,85.41381505912796,47.0,23,1.990249835729227,0.9003831417624522,85.41381505912796,100.0,4.6,0.9199999999999999,1.4819151551246321,0.0,5,27.069075295639777,0.6,7.409575775623161,100.0,1.0,0.0,100.0,1.0,0.0,100.0,1.0,0.0,100.0,1.0,0.0
304,random,3,2,122.80147256277141,102.33456046897618,4351954.944102996,870390.9888205992,6805.6,133.44313725490196,82272.7418230806,1613.1910161388353,51.0,0.9370815223575435,81.97207313758736,46.2,23,1.8562186796861802,0.9058823529411765,81.97207313758736,100.0,4.6,0.9199999999999999,1.662461305718336,0.0,5,9.860365687936792,0.6,8.31230652859168,100.0,1.0,0.0,100.0,1.0,0.0,100.0,1.0,0.0,100.0,1.0,0.0
305,random,3,3,222.09949476278788,111.04974738139394,3000222.0994947627,600044.4198989526,6813.6,135.72908366533864,79315.38680620707,1579.9877849842046,50.2,0.7016463016134115,80.0,41.8,21,1.2190008040726004,0.8326693227091634,80.0,100.0,4.2,0.8400000000000001,0.0,0.0,5,0.0,0.2,0.0,100.0,1.0,0.0,100.0,1.0,0.0,100.0,1.0,0.0,100.0,1.0,0.0
306,random,3,3,271.6037352378604,169.75233452366274,3001748.4538762313,600349.6907752462,7000.0,137.79527559055117,80023.66192351538,1575.2689355022712,50.8,0.9007336283730332,84.4322049407292,44.2,23,1.750666175892445,0.8700787401574803,84.4322049407292,100.0,4.6,0.9199999999999999,1.2211351725646125,0.0,5,22.161024703646035,0.6,6.1056758628230625,100.0,1.0,0.0,100.0,1.0,0.0,100.0,1.0,0.0,100.0,1.0,0.0
307,random,3,3,219.60723333525615,137.2545208345351,3001992.3337433487,600398.4667486697,7101.6,142.6024096385542,79072.91813186379,1587.8096010414415,49.8,0.707151034526617,82.82407222895654,43.4,21,1.3390187756428458,0.8714859437751004,82.82407222895654,100.0,4.2,0.8400000000000001,1.4163943680285944,0.0,5,14.120361144782692,0.2,7.081971840142972,100.0,1.0,0.0,100.0,1.0,0.0,100.0,1.0,0.0,100.0,1.0,0.0
308,random,3,3,172.09049013104953,86.04524506552477,3000172.090490131,600034.4180980262,7191.6,144.99193548387098,78216.13133506602,1576.9381317553634,49.6,0.9649950608017965,86.60926641770857,40.0,23,1.6703166335781572,0.8064516129032258,86.60926641770857,100.0,4.6,0.9199999999999999,0.8769031956139942,0.0,5,33.04633208854284,0.6,4.384515978069971,100.0,1.0,0.0,100.0,1.0,0.0,100.0,1.0,0.0,100.0,1.0,0.0
309,random,3,3,637.7356738940227,245.28295149770105,2001372.6439573548,400274.528791471,6253.8,126.08467741935483,80628.79443568547,1625.5805329775299,49.6,1.3734479208170465,70.24361175454305,38.8,22,2.5348487206934722,0.782258064516129,70.24361175454305,100.0,4.3999999999999995,0.8799999999999999,1.3940947117516758,0.0,5,11.218058772715267,0.8,6.970473558758379,100.0,1.0,0.0,100.0,1.0,0.0,100.0,1.0,0.0,40.0,0.6,0.0
310,random,2,3,193.41114506237085,96.70557253118542,2015103.8513167724,403020.77026335447,5256.0,107.26530612244898,78312.70703232022,1598.218510863678,49.0,1.3071385559732147,79.38966553843693,39.0,24,2.3829399063953525,0.7959183673469388,79.38966553843693,100.0,4.8,0.96,2.255173643631729,0.0,5,4.603913402220314,0.8,9.353219192055986,100.0,1.0,0.0,100.0,1.0,0.0,100.0,1.0,0.0,92.34441428996433,1.0,1.9226490261026576
311,random,2,2,468.0960784378596,156.0320261459532,2000468.0960784375,400093.6192156875,4287.2,89.31666666666666,75619.95662646028,1575.415763051256,48.0,0.9155684531650866,81.43642105032632,35.2,23,1.455784497549278,0.7333333333333333,81.43642105032632,100.0,4.6,0.9199999999999999,1.9048232455303284,0.0,5,7.182105251631583,0.6,9.524116227651643,100.0,1.0,0.0,100.0,1.0,0.0,100.0,1.0,0.0,100.0,1.0,0.0
312,random,2,2,700.8233018457121,233.60776728190402,2000700.8233018457,400140.16466036916,4360.8,87.216,76588.20765447269,1531.7641530894537,50.0,0.6614221771256469,82.15687601837271,35.8,21,0.9702903463196123,0.716,82.15687601837271,100.0,4.2,0.8400000000000001,0.6958233902044594,0.0,5,10.784380091863568,0.2,3.479116951022297,100.0,1.0,0.0,100.0,1.0,0.0,100.0,1.0,0.0,100.0,1.0,0.0
313,random,2,2,232.36034727863685,116.18017363931843,2012230.8907871712,402446.1781574342,4551.0,89.23529411764706,79605.63616172652,1560.89482670052,51.0,0.8470484433412804,82.3004995049505,40.8,23,1.4866921118395546,0.8,82.3004995049505,100.0,4.6,0.9199999999999999,0.9358252008818064,0.0,5,11.50249752475247,0.6,4.679126004409032,100.0,1.0,0.0,100.0,1.0,0.0,100.0,1.0,0.0,100.0,1.0,0.0
314,random,2,2,226.13980453362623,161.52843180973304,3809220.753649827,761844.1507299654,4768.2,93.86220472440945,80505.07527812789,1584.7455763411,50.8,0.9475281403018967,85.72592429525776,45.0,25,1.8610153774518214,0.8858267716535433,85.72592429525776,100.0,5.0,1.0,1.2344198960015575,0.0,5,28.629621476288776,1.0,6.1720994800077875,100.0,1.0,0.0,100.0,1.0,0.0,100.0,1.0,0.0,100.0,1.0,0.0
315,random,2,2,18.161899807865602,18.161899807865602,5106782.725464122,1021356.5450928245,4997.0,99.54183266932272,79572.06662831291,1585.1009288508549,50.2,0.9506763471942485,80.0,46.2,21,1.9105450114071754,0.9203187250996016,80.0,100.0,4.2,0.8400000000000001,0.0,0.0,5,0.0,0.2,0.0,100.0,1.0,0.0,100.0,1.0,0.0,100.0,1.0,0.0,100.0,1.0,0.0
316,random,2,2,109.48653969336206,91.23878307780173,5160016.317210777,1032003.2634421553,5212.2,104.244,80133.92346395357,1602.6784692790714,50.0,0.9227407121785858,84.66725467135439,45.2,23,1.858336382580924,0.904,84.66725467135439,100.0,4.6,0.9199999999999999,1.7056423122237738,0.0,5,23.336273356771926,0.6,8.52821156111887,100.0,1.0,0.0,100.0,1.0,0.0,100.0,1.0,0.0,100.0,1.0,0.0
317,random,1,2,452.7861806360024,188.66090859833434,1204294.954553952,240858.9909107904,4676.2,97.01659751037344,76471.07747741832,1586.5368771248616,48.2,0.6672111261266808,81.28701339694544,37.0,22,1.121810533927255,0.7676348547717843,81.28701339694544,100.0,4.4,0.8800000000000001,1.6343741725571452,0.0,5,6.4350669847272,0.4,8.171870862785726,100.0,1.0,0.0,100.0,1.0,0.0,100.0,1.0,0.0,100.0,1.0,0.0
318,random,1,1,555.0849877545581,138.77124693863954,1000555.0849877546,200111.0169975509,3493.8,73.70886075949367,77428.43328169521,1633.511250668675,47.4,0.8098839991027325,55.409784401875186,27.2,18,0.798937077723949,0.5738396624472574,55.409784401875186,100.0,3.6,0.72,1.4943778510503622,0.0,5,12.889046705299734,0.4,3.8224015972577035,100.0,1.0,0.0,100.0,1.0,0.0,33.744127573490914,0.6,1.8066331553420403,30.41574773058528,0.6,1.8428545026520673
319,random,1,1,428.530794541656,107.132698635414,1000428.5307945416,200085.70615890832,2132.8,46.56768558951965,77705.52571403547,1696.6271989964075,45.8,1.4684206128292516,50.869319207609806,21.2,20,1.3620935681833952,0.462882096069869,50.869319207609806,100.0,4.0,0.8,2.339289756170028,0.0,5,14.199708078485855,0.6,4.870392686047129,100.0,1.0,0.0,100.0,1.0,0.0,10.470025235545108,0.6,3.323417031593481,29.676862724018065,0.8,3.5026390632095286
320,random,1,1,205.2452235365672,64.13913235517725,1004681.2796061417,200936.25592122835,1785.2,40.207207207207205,74261.98325838668,1672.5671905042045,44.4,1.824393489466529,63.93437890187852,22.2,21,1.7444917139389728,0.5,63.93437890187852,100.0,4.199999999999999,0.8399999999999999,2.68108822281438,0.0,5,18.013359010501517,0.8,6.592467190376347,100.0,1.0,0.0,100.0,1.0,0.0,41.917026141513816,0.8,4.359417186298681,59.741509357377254,0.6,2.4535567373968714
321,random,1,1,178.01450378106043,59.338167927020145,1652464.8653255308,330492.97306510614,1918.0,42.24669603524229,70362.80017157848,1549.8414134708917,45.4,1.5111253613736537,82.42395212233805,30.2,21,1.849393653720647,0.6651982378854625,82.42395212233805,100.0,4.2,0.8400000000000001,1.6501976103974176,0.0,5,12.119760611690253,0.2,8.250988051987088,100.0,1.0,0.0,100.0,1.0,0.0,100.0,1.0,0.0,100.0,1.0,0.0
322,random,1,1,572.480974721354,178.9003046004231,1050781.995590512,210156.3991181024,2088.4,43.14876033057851,76984.19686643928,1590.5825798851092,48.4,1.1990269133587712,80.63770541763733,37.8,22,1.9548337846441213,0.78099173553719,80.63770541763733,100.0,4.4,0.8800000000000001,1.5687206447310742,0.0,5,3.1885270881866745,0.4,7.843603223655371,100.0,1.0,0.0,100.0,1.0,0.0,100.0,1.0,0.0,100.0,1.0,0.0
323,random,0,1,898.4080910350909,264.2376738338503,1004132.4524659024,200826.4904931805,1721.2,34.983739837398375,78321.01237248884,1591.8904953757894,49.2,1.092467149059515,75.5655228177975,37.2,21,1.7609051942300322,0.7560975609756098,75.5655228177975,100.0,4.2,0.8400000000000001,1.7482342046872077,0.0,5,17.827614088987502,0.4,8.741171023436038,60.0,0.8,0.0,100.0,1.0,0.0,100.0,1.0,0.0,100.0,1.0,0.0
324,random,0,0,399.6956599274624,166.53985830310933,1328245.9576646083,265649.1915329216,1600.6,33.34583333333333,76128.10611868308,1586.0022108058974,48.0,0.877919866206249,65.6492748782448,36.2,19,1.2373781959080867,0.7541666666666667,65.6492748782448,100.0,3.8,0.76,0.3480350318074964,0.0,5,0.0,0.2,0.0,28.24637439122398,0.6,1.740175159037482,100.0,1.0,0.0,100.0,1.0,0.0,100.0,1.0,0.0
325,random,0,0,53.97000775774497,26.985003878872487,10580330.803384038,2116066.1606768076,1754.2,37.0084388185654,81014.86366949577,1709.1743390188979,47.4,1.4467363575946748,67.47198897091494,35.6,22,1.94787787679091,0.7510548523206751,67.47198897091494,100.0,4.4,0.8800000000000001,2.127394257580446,0.0,5,18.26491356963743,0.6,6.700371507543604,19.09503128493725,0.8,3.936599780358627,100.0,1.0,0.0,100.0,1.0,0.0,100.0,1.0,0.0
326,random,0,0,47.35951091429866,23.67975545714933,9923688.726579536,1984737.745315907,1930.0,40.889830508474574,74724.17904036552,1583.1393864484219,47.2,1.489127625682932,67.63091202989017,36.0,22,1.8722287012120018,0.7627118644067796,67.63091202989017,100.0,4.4,0.8800000000000001,2.441762108609086,0.0,5,6.279448616837726,0.8,7.386721488985465,31.87511153261312,0.6,4.822089054059965,100.0,1.0,0.0,100.0,1.0,0.0,100.0,1.0,0.0
327,random,0,0,87.99285266196682,43.99642633098341,4929794.739475578,985958.9478951156,2120.0,42.91497975708502,76164.96665180867,1541.8009443685964,49.4,0.7980192513498481,100.0,40.2,25,0.9983264282377854,0.8137651821862348,100.0,100.0,5.0,1.0,0.0,0.0,5,100.0,1.0,0.0,100.0,1.0,0.0,100.0,1.0,0.0,100.0,1.0,0.0,100.0,1.0,0.0
328,random,0,0,140.3366679480778,70.1683339740389,7198117.324533721,1439623.4649067442,2336.0,44.92307692307692,79114.92673768025,1521.4408988015432,52.0,0.5060438228624361,100.0,45.4,25,0.6379299672675954,0.8730769230769231,100.0,100.0,5.0,1.0,0.0,0.0,5,100.0,1.0,0.0,100.0,1.0,0.0,100.0,1.0,0.0,100.0,1.0,0.0,100.0,1.0,0.0
329,random,4,0,1013.1389827611365,316.60593211285516,1003019.9667680487,200603.99335360975,1989.0,37.528301886792455,82450.1497675053,1555.6632031604772,53.0,0.310112755918875,84.0,42.2,23,0.34994106958611043,0.7962264150943397,84.0,100.0,4.6,0.9199999999999999,0.0,0.0,5,100.0,1.0,0.0,100.0,1.0,0.0,60.0,0.8,0.0,60.0,0.8,0.0,100.0,1.0,0.0
330,random,4,4,550.7873858522249,137.69684646305623,1000550.7873858523,200110.15747717046,1419.0,27.183908045977013,84533.10026080816,1619.4080509733362,52.2,0.5702775197348615,68.92785896318401,35.6,20,0.36579861653163853,0.6819923371647509,68.92785896318401,100.0,4.0,0.8,0.8809435950356717,0.0,5,100.0,1.0,0.0,100.0,1.0,0.0,26.30858728586645,0.6,2.030477221341373,18.330707530053587,0.4,2.374240753836985,100.0,1.0,0.0
331,random,4,4,600.459203212359,187.64350100386216,1007322.4094176099,201464.48188352198,888.2,17.280155642023345,81810.62829471729,1591.6464648777683,51.4,0.8568942778047068,73.32919378346924,32.2,22,0.9521172980223981,0.6264591439688716,73.32919378346924,100.0,4.4,0.8800000000000001,1.4312401016360108,0.0,5,100.0,1.0,0.0,100.0,1.0,0.0,35.37646960233815,0.8,3.496641614537894,31.269499315008034,0.6,3.65955889364216,100.0,1.0,0.0
332,random,4,4,299.99793198732146,124.99913832805062,2893316.0270934496,578663.2054186899,1007.2,19.00377358490566,81045.27331493402,1529.1561002817741,53.0,0.820834803660206,88.42761151528794,36.6,24,1.0155532871163409,0.690566037735849,88.42761151528794,100.0,4.8,0.96,0.18961894712927613,0.0,5,100.0,1.0,0.0,100.0,1.0,0.0,42.13805757643968,0.8,0.9480947356463807,100.0,1.0,0.0,100.0,1.0,0.0
333,random,4,4,209.96060362802018,104.98030181401009,5213181.25952515,1042636.25190503,1202.6,22.18819188191882,81997.4871380737,1512.8687663851238,54.2,0.5185675503996137,89.99721796044287,41.2,24,0.7720681600458948,0.7601476014760148,89.99721796044287,100.0,4.8,0.96,0.4651608202508826,0.0,5,100.0,1.0,0.0,100.0,1.0,0.0,49.98608980221434,0.8,2.325804101254413,100.0,1.0,0.0,100.0,1.0,0.0
334,random,4,4,507.65376641416594,253.82688320708297,4743206.41725504,948641.283451008,1424.0,25.338078291814945,83499.17855198591,1485.750508042454,56.2,0.28918678149424537,100.0,47.2,25,0.4924770518101025,0.8398576512455516,100.0,100.0,5.0,1.0,0.0,0.0,5,100.0,1.0,0.0,100.0,1.0,0.0,100.0,1.0,0.0,100.0,1.0,0.0,100.0,1.0,0.0
335,random,4,4,337.8690972664391,281.5575810553659,5569032.5893546445,1113806.5178709289,1675.0,29.07986111111111,86739.75569858975,1505.89853643385,57.6,0.09191673439375002,100.0,52.6,25,0.1672876643118719,0.9131944444444444,100.0,100.0,5.0,1.0,0.0,0.0,5,100.0,1.0,0.0,100.0,1.0,0.0,100.0,1.0,0.0,100.0,1.0,0.0,100.0,1.0,0.0
336,random,1,4,994.129670048998,414.2206958537492,1007071.7773178716,201414.35546357432,1506.0,27.086330935251798,86540.79652437908,1556.4891461219258,55.6,0.1350706507886238,76.0,48.0,22,0.13519386660751914,0.8633093525179856,76.0,100.0,4.3999999999999995,0.8799999999999999,0.0,0.0,5,60.0,0.8,0.0,100.0,1.0,0.0,100.0,1.0,0.0,60.0,0.8,0.0,60.0,0.8,0.0
337,random,1,1,393.9180044979017,131.30600149930055,1144310.4994459092,228862.09988918185,1080.6,20.38867924528302,85705.63320719908,1617.087419003756,53.0,0.4529549093911629,64.50808844499261,36.4,20,0.4140207407040723,0.6867924528301886,64.50808844499261,100.0,4.0,0.8,1.126948092423103,0.0,5,26.9582468856197,0.6,1.7184938036149529,100.0,1.0,0.0,100.0,1.0,0.0,26.077345355324724,0.6,1.8939753211797918,69.50484998401862,0.8,2.0222713373207704
338,random,1,1,255.335866362342,85.111955454114,3916361.8904535077,783272.3780907015,801.4,16.028,82700.36148668239,1654.0072297336478,50.0,0.9440730503331846,75.74335840354888,27.8,23,0.9969199901164837,0.556,75.74335840354888,100.0,4.6,0.9199999999999999,1.359025646918243,0.0,5,43.71953942849359,0.8,3.8909907874548164,100.0,1.0,0.0,100.0,1.0,0.0,34.99725258925082,0.8,2.9041374471363985,100.0,1.0,0.0
339,random,1,1,223.13150715043815,74.37716905014605,2000223.1315071501,400044.62630143005,834.6,17.53361344537815,79556.64940685009,1671.3581808161784,47.6,1.4980340958248126,61.106294736935524,26.2,20,1.6448068530046387,0.5504201680672269,61.106294736935524,100.0,4.0,0.8,1.9160409579055642,0.0,5,26.724453420151804,0.6,5.506885671151015,100.0,1.0,0.0,100.0,1.0,0.0,38.80702026452582,0.8,4.073319118376806,40.0,0.6,0.0
