step,control_mode,phase,prev_phase,TotalTravelTime,AvgTravelTime,TotalTravelTime_Raw,AvgTravelTime_Raw,TotalWaitingTime,AvgWaitingTime,TotalCO2,AvgCO2,VehCount,AvgSpeed,AvgOccupancy,QueueLength,Throughput,SpeedStd,HaltRatio,det_occ_mean,det_occ_max,det_veh_sum,det_veh_mean,det_speed_mean,det_speed_min,n_detectors,d0_occ,d0_veh,d0_speed,d1_occ,d1_veh,d1_speed,d2_occ,d2_veh,d2_speed,d3_occ,d3_veh,d3_speed,d4_occ,d4_veh,d4_speed
0,actuated,0,0,167.3835720060095,33.4767144012019,167.3835720060095,33.4767144012019,8.2,0.4606741573033708,37796.33275691199,2123.3894807253923,17.8,3.3030291234513705,18.46927539887929,1.8,11,1.2208152030337185,0.10112359550561797,18.46927539887929,40.66958258463785,2.2,0.44000000000000006,2.9026129642337346,0.0,5,40.66958258463785,1.0,3.802343478799621,23.83751386602171,0.6,5.06028138735012,0.0,0.0,0.0,0.0,0.0,0.0,27.83928054373689,0.6,5.650439955018932
1,actuated,0,0,199.31780295506502,39.863560591013005,199.31780295506502,39.863560591013005,15.0,0.8823529411764706,34774.94429367408,2045.5849584514165,17.0,3.9142387282367004,11.253560885364038,3.6,7,2.1727681735672295,0.21176470588235294,11.253560885364038,20.42820517554901,1.4,0.27999999999999997,6.615537285847265,0.0,5,11.196767984213523,0.4,8.93114871550356,11.665509417845499,0.4,8.572278879396677,0.0,0.0,0.0,12.97732184921216,0.2,7.7057501664776,20.42820517554901,0.4,7.868508667858488
2,actuated,0,0,206.688086720629,41.3376173441258,206.688086720629,41.3376173441258,39.2,2.5454545454545454,32098.12554321778,2084.293866442713,15.4,3.7228570765635722,27.979918876034844,6.0,14,2.3468918681579356,0.38961038961038963,27.979918876034844,100.0,2.8,0.5599999999999999,5.42547314323951,0.0,5,21.4717596284288,0.8,9.22196243249346,17.759482281154533,0.6,9.412639975734077,0.6683524705908894,0.4,8.492763307970018,0.0,0.0,0.0,100.0,1.0,0.0
3,actuated,0,0,159.44006149268526,37.961919403020296,18956.21902309682,3791.243804619364,70.4,4.957746478873239,25459.269843378883,1792.906326998513,14.2,2.4261230526138293,20.0,7.2,5,1.6877806976575958,0.5070422535211268,20.0,100.0,1.0,0.2,0.0,0.0,5,0.0,0.0,0.0,0.0,0.0,0.0,0.0,0.0,0.0,0.0,0.0,0.0,100.0,1.0,0.0
4,actuated,0,0,373.6430886924068,77.84231014425143,200373.6430886924,40074.72861773848,109.6,6.447058823529412,30541.959580573795,1796.5858576808114,17.0,2.7398325370232506,31.79348627163938,9.0,10,2.220884743031506,0.5294117647058824,31.79348627163938,100.0,2.0,0.4,2.559595017981691,0.0,5,6.864027626502036,0.4,7.782503534930156,0.0,0.0,0.0,0.0,0.0,0.0,52.10340373169487,0.6,5.0154715549782996,100.0,1.0,0.0
5,actuated,0,0,306.339599352861,61.2679198705722,306.339599352861,61.2679198705722,157.2,9.03448275862069,31757.092320838266,1825.1202483240384,17.4,2.5441234470692415,42.71588379629202,10.6,14,2.010601529779671,0.6091954022988506,42.71588379629202,100.0,2.8,0.5599999999999999,3.3150993971154086,0.0,5,11.736215537466705,0.4,8.385605458263306,1.8432034439933886,0.4,8.189891527313737,0.0,0.0,0.0,100.0,1.0,0.0,100.0,1.0,0.0
6,actuated,0,0,265.5554012916515,53.1110802583303,265.5554012916515,53.1110802583303,211.0,11.988636363636363,32040.287494123186,1820.4708803479082,17.6,2.6323473429134547,41.5620578976501,11.4,11,1.4416622435149176,0.6477272727272727,41.56205789765011,100.0,2.2,0.44000000000000006,1.721680602822453,0.0,5,7.8102894882505325,0.2,8.608403014112264,0.0,0.0,0.0,0.0,0.0,0.0,100.0,1.0,0.0,100.0,1.0,0.0
7,actuated,0,0,711.0528540626414,177.76321351566034,52620.39591241741,10524.079182483481,271.2,13.294117647058824,34703.30423202988,1701.1423643151902,20.4,2.1265850609071837,59.59311846311516,13.6,16,2.3720630492238266,0.6666666666666666,59.59311846311516,100.0,3.2,0.64,0.8384012731408333,0.0,5,0.0,0.2,0.0,0.0,0.0,0.0,97.9655923155758,1.0,4.192006365704167,100.0,1.0,0.0,100.0,1.0,0.0
8,actuated,0,0,308.83436922086366,77.20859230521592,801886.6454565406,160377.32909130811,341.0,15.08849557522124,42592.881506281716,1884.6407746142354,22.6,2.9831200715170896,62.62451011219446,14.0,18,3.133840486300007,0.6194690265486725,62.62451011219446,100.0,3.6,0.72,3.4429570643975955,0.0,5,1.7664112335199889,0.4,8.40897578438744,11.356139327452297,0.2,8.805809537600538,100.0,1.0,0.0,100.0,1.0,0.0,100.0,1.0,0.0
9,actuated,0,0,450.5909430988255,112.64773577470638,1000450.590943099,200090.1181886198,414.2,15.68939393939394,49350.59950481226,1869.3408903337975,26.4,3.2596017733457234,64.94237696171649,15.8,20,3.4590955107323924,0.5984848484848485,64.94237696171649,100.0,4.0,0.8,3.580909244669602,0.0,5,5.5714405588486215,0.4,8.152617837209254,19.140444249733832,0.6,9.751928386138756,100.0,1.0,0.0,100.0,1.0,0.0,100.0,1.0,0.0
10,actuated,0,0,656.4684786535624,142.71053883773098,203202.03365820335,40640.40673164067,493.4,17.8768115942029,52024.07635273551,1884.9303026353446,27.6,3.1618094281757116,66.73063363453991,17.0,21,3.692685513132775,0.6159420289855072,66.73063363453991,100.0,4.2,0.8400000000000001,3.942682044899185,0.0,5,14.928293050853085,0.8,9.025104626008673,18.72487512184648,0.4,10.68830559848725,100.0,1.0,0.0,100.0,1.0,0.0,100.0,1.0,0.0
11,actuated,0,0,645.1436833368646,134.40493402851345,960.4465944099426,192.0893188819885,578.2,20.94927536231884,51999.642905605244,1884.0450328117843,27.6,3.1998287315817238,64.19566616712302,18.0,19,3.378322418687391,0.6521739130434783,64.19566616712302,100.0,3.8,0.76,2.2983552061018746,0.0,5,0.0,0.0,0.0,20.97833083561511,0.8,11.491776030509373,100.0,1.0,0.0,100.0,1.0,0.0,100.0,1.0,0.0
12,actuated,0,0,125.96738934511362,39.364809170348,112112.62569533824,22422.52513906765,670.6,25.992248062015506,45227.34575534511,1752.9978974939963,25.8,2.9291741235284907,62.56673154438943,19.2,20,3.181786491090839,0.7441860465116279,62.56673154438943,100.0,4.0,0.8,4.134957699367584,0.0,5,0.7108398114519332,0.4,8.460867475252597,12.1228179104952,0.6,12.213921021585325,100.0,1.0,0.0,100.0,1.0,0.0,100.0,1.0,0.0
13,actuated,0,0,370.58900881916605,132.35321743541647,1179011.6102756183,235802.32205512366,772.0,29.242424242424242,42797.689614965246,1621.1246066274714,26.4,2.2618792610254435,61.2888788705211,21.2,17,2.7853320409822486,0.803030303030303,61.2888788705211,100.0,3.4,0.6799999999999999,1.6881418991286623,0.0,5,6.444394352605514,0.4,8.440709495643311,0.0,0.0,0.0,100.0,1.0,0.0,100.0,1.0,0.0,100.0,1.0,0.0
14,actuated,0,0,160.92623940801056,53.64207980267019,2370891.27911207,474178.25582241395,877.0,32.00729927007299,45721.43950904298,1668.6656755125175,27.4,2.618865391408651,64.6719413426124,21.4,19,3.1266083244816127,0.781021897810219,64.6719413426124,100.0,3.8,0.76,3.5412933831003466,0.0,5,11.19134593811168,0.2,8.935475728567553,12.168360774950315,0.6,8.770991186934179,100.0,1.0,0.0,100.0,1.0,0.0,100.0,1.0,0.0
15,actuated,0,0,189.62559784070194,67.7234278002507,2002914.3970615868,400582.87941231736,988.8,33.863013698630134,45418.95233982898,1555.4435732818145,29.2,1.381827105691002,65.95489024690754,23.8,18,1.5404066946179393,0.815068493150685,65.95489024690755,100.0,3.6,0.72,2.9279519062809807,0.0,5,4.299796048892972,0.2,8.283140887599437,25.474655185644792,0.4,6.356618643805467,100.0,1.0,0.0,100.0,1.0,0.0,100.0,1.0,0.0
16,actuated,0,0,691.2059441022018,203.2958659124123,1092251.5868782299,218450.31737564597,1116.2,34.03048780487805,52132.34310673292,1589.4007044735647,32.8,1.154630022055408,80.0,27.0,21,1.449021165218251,0.823170731707317,80.0,100.0,4.2,0.8400000000000001,0.0,0.0,5,0.0,0.2,0.0,100.0,1.0,0.0,100.0,1.0,0.0,100.0,1.0,0.0,100.0,1.0,0.0
17,actuated,2,0,656.3164201187836,142.67748263451819,1257.7419544118188,251.54839088236378,1017.0,29.91176470588235,53347.5348632384,1569.0451430364235,34.0,1.3085499165676056,81.45454582592447,25.0,22,1.2563328509053047,0.7352941176470589,81.45454582592447,100.0,4.4,0.8800000000000001,1.2374513644797582,0.0,5,47.27272912962235,0.6,6.187256822398791,100.0,1.0,0.0,100.0,1.0,0.0,100.0,1.0,0.0,60.0,0.8,0.0
18,actuated,2,2,614.1082315283595,161.6074293495683,126005.68986082966,25201.137972165932,857.4,24.220338983050848,57504.255171326535,1624.41398789058,35.4,0.6473208266244778,85.57029004918444,24.8,23,0.48670524657496356,0.7005649717514124,85.57029004918445,100.0,4.6,0.9199999999999999,0.343613037453287,0.0,5,100.0,1.0,0.0,100.0,1.0,0.0,100.0,1.0,0.0,100.0,1.0,0.0,27.85145024592225,0.6,1.718065187266435
19,actuated,2,2,550.4905125063942,137.62262812659856,1327569.1097503805,265513.8219500761,836.0,23.48314606741573,59910.39248740289,1682.8761934663733,35.6,0.8529899882864462,83.69084951526362,23.6,24,0.8199003291202016,0.6629213483146067,83.69084951526361,100.0,4.8,0.96,0.7915055331172628,0.0,5,100.0,1.0,0.0,100.0,1.0,0.0,100.0,1.0,0.0,100.0,1.0,0.0,18.45424757631804,0.8,3.957527665586314
20,actuated,2,2,365.411302857449,96.1608691730129,1995207.3958999806,399041.4791799961,942.0,26.022099447513813,60833.00310778341,1680.4696991100388,36.2,1.3855013850429179,83.35526973218123,24.2,24,1.363474207838207,0.6685082872928176,83.35526973218123,100.0,4.8,0.96,1.161382591845864,0.0,5,100.0,1.0,0.0,100.0,1.0,0.0,100.0,1.0,0.0,100.0,1.0,0.0,16.776348660906137,0.8,5.8069129592293205
21,actuated,2,2,623.6243033016136,141.73279620491218,201243.49796162374,40248.699592324745,1064.0,27.422680412371133,62388.91083677971,1607.9616195046317,38.8,1.5535433024944376,83.78454059711032,26.2,24,1.7320522657839152,0.6752577319587629,83.78454059711032,100.0,4.8,0.96,1.236102294960593,0.0,5,100.0,1.0,0.0,100.0,1.0,0.0,100.0,1.0,0.0,100.0,1.0,0.0,18.92270298555161,0.8,6.180511474802965
22,actuated,2,2,522.639023946928,163.324694983415,21809.0115319488,4361.80230638976,1205.0,31.21761658031088,60801.14326248481,1575.1591518778448,38.6,0.9976126349644246,86.34152513589663,30.4,24,1.4664309364013526,0.7875647668393783,86.34152513589663,100.0,4.8,0.96,1.0809358395199138,0.0,5,100.0,1.0,0.0,100.0,1.0,0.0,100.0,1.0,0.0,100.0,1.0,0.0,31.707625679483158,0.8,5.4046791975995685
23,actuated,2,2,514.1812052785083,214.24216886604512,2493095.512477276,498619.1024954552,1363.6,34.785714285714285,62133.01856130344,1585.0259837067204,39.2,0.9679543061930878,83.04426213021827,33.2,22,1.7117506553034916,0.8469387755102041,83.04426213021827,100.0,4.4,0.8800000000000001,1.313947297867284,0.0,5,100.0,1.0,0.0,100.0,1.0,0.0,100.0,1.0,0.0,100.0,1.0,0.0,15.221310651091358,0.4,6.56973648933642
24,actuated,2,2,1181.8959696779505,311.02525517840803,1001441.1501842167,200288.23003684334,1528.6,37.65024630541872,66011.39357049616,1625.8963933619746,40.6,1.0896782801933649,82.21513337613169,33.6,21,1.8355225421158359,0.8275862068965517,82.21513337613169,100.0,4.2,0.8400000000000001,1.8057603407092544,0.0,5,100.0,1.0,0.0,100.0,1.0,0.0,100.0,1.0,0.0,100.0,1.0,0.0,11.075666880658446,0.2,9.028801703546272
25,actuated,2,2,482.6152593088601,201.08969137869173,1195667.0382743888,239133.40765487775,1703.0,41.33495145631068,65511.87326144023,1590.0940112000055,41.2,1.0551560701751626,80.78733232444517,36.2,22,1.8823955864971145,0.8786407766990292,80.78733232444517,100.0,4.4,0.8800000000000001,1.7160665684188416,0.0,5,100.0,1.0,0.0,100.0,1.0,0.0,100.0,1.0,0.0,100.0,1.0,0.0,3.93666162222587,0.4,8.580332842094208
26,actuated,2,2,17.59917142527954,17.59917142527954,6338016.139730195,1267603.2279460388,1888.0,45.16746411483253,66444.36791440131,1589.5781797703664,41.8,1.0254542802742312,82.25200419138798,38.2,21,2.0546516756000996,0.9138755980861244,82.25200419138798,100.0,4.2,0.8400000000000001,1.7761956284524818,0.0,5,100.0,1.0,0.0,100.0,1.0,0.0,100.0,1.0,0.0,100.0,1.0,0.0,11.260020956939911,0.2,8.880978142262409
27,actuated,2,2,344.1153569260499,191.17519829224995,2800940.6636566883,560188.1327313377,2078.0,48.55140186915888,68278.34654054581,1595.2884705735003,42.8,1.020733171785081,81.8588825191747,38.6,22,1.9580153397575035,0.9018691588785047,81.8588825191747,100.0,4.4,0.8800000000000001,1.7763384367952189,0.0,5,100.0,1.0,0.0,100.0,1.0,0.0,100.0,1.0,0.0,100.0,1.0,0.0,9.294412595873496,0.4,8.881692183976094
28,actuated,2,2,1087.583598778613,319.8775290525332,1002971.3164180189,200594.26328360377,2268.0,51.31221719457014,70579.83290190887,1596.8287986857213,44.2,1.0515811375865995,82.24728944024707,38.2,21,1.7739421917054379,0.8642533936651584,82.24728944024707,100.0,4.2,0.8400000000000001,1.779922037795109,0.0,5,100.0,1.0,0.0,100.0,1.0,0.0,100.0,1.0,0.0,100.0,1.0,0.0,11.236447201235364,0.2,8.899610188975545
29,actuated,2,2,257.2671894579473,183.7622781842481,2056721.5220867763,411344.3044173553,2463.6,55.737556561085974,69959.94508265085,1582.804187390291,44.2,0.9193940509280548,82.3055448876612,40.4,21,1.8044060678601015,0.9140271493212669,82.3055448876612,100.0,4.2,0.8400000000000001,1.7349477867063772,0.0,5,100.0,1.0,0.0,100.0,1.0,0.0,100.0,1.0,0.0,100.0,1.0,0.0,11.527724438305995,0.2,8.674738933531886
30,actuated,2,2,17.94022953405029,17.94022953405029,5829334.377948383,1165866.8755896767,2668.0,59.55357142857143,71720.73087237783,1600.9091712584336,44.8,1.0084534028626841,80.29876486622777,41.4,22,2.021518740810539,0.9241071428571429,80.29876486622777,100.0,4.4,0.8800000000000001,1.8049716645106675,0.0,5,100.0,1.0,0.0,100.0,1.0,0.0,100.0,1.0,0.0,100.0,1.0,0.0,1.4938243311388533,0.4,9.024858322553337
31,actuated,2,2,519.3792312307025,259.6896156153513,2800861.291793119,560172.2583586238,2873.0,62.7292576419214,72888.403068668,1591.4498486608736,45.8,0.9983706832346251,81.2232540965033,41.4,22,1.9009284582774564,0.9039301310043668,81.2232540965033,100.0,4.4,0.8800000000000001,1.7817826294340193,0.0,5,100.0,1.0,0.0,100.0,1.0,0.0,100.0,1.0,0.0,100.0,1.0,0.0,6.116270482516484,0.4,8.908913147170097
32,actuated,2,2,643.3104486419791,268.0460202674913,2028145.6589259878,405629.13178519753,3079.8,65.25,74089.98771248748,1569.7031295018533,47.2,0.8247393948987615,82.23837251719033,42.2,21,1.4839771600349643,0.8940677966101694,82.23837251719033,100.0,4.2,0.8400000000000001,1.746497630346567,0.0,5,100.0,1.0,0.0,100.0,1.0,0.0,100.0,1.0,0.0,100.0,1.0,0.0,11.19186258595164,0.2,8.732488151732834
33,actuated,2,2,351.0824625716158,250.77318755115417,4338997.114251472,867799.4228502944,3297.6,67.02439024390245,75664.10673250299,1537.8883482216054,49.2,0.5721661319606735,84.54406173325312,44.8,23,1.1290411992001874,0.9105691056910569,84.5440617332531,100.0,4.6,0.9199999999999999,1.4384475649192778,0.0,5,100.0,1.0,0.0,100.0,1.0,0.0,100.0,1.0,0.0,100.0,1.0,0.0,22.72030866626551,0.6,7.192237824596389
34,actuated,2,2,529.2686194864158,294.03812193689765,3001331.4006925886,600266.2801385177,3524.0,70.48,77594.89359623913,1551.8978719247823,50.0,0.45550585551191125,100.0,45.8,25,0.8522129738679057,0.916,100.0,100.0,5.0,1.0,0.0,0.0,5,100.0,1.0,0.0,100.0,1.0,0.0,100.0,1.0,0.0,100.0,1.0,0.0,100.0,1.0,0.0
35,actuated,4,2,787.3379242037423,281.19211578705085,1002775.70089239,200555.140178478,2527.8,52.01234567901235,77820.75493584189,1601.2501015605328,48.6,0.4149137963862169,76.0,39.4,22,0.5655774900275538,0.8106995884773662,76.0,100.0,4.4,0.8800000000000001,0.0,0.0,5,60.0,0.8,0.0,100.0,1.0,0.0,60.0,0.8,0.0,60.0,0.8,0.0,100.0,1.0,0.0
36,actuated,4,4,427.00245196776257,106.75061299194064,1000427.002451968,200085.4004903936,1430.2,31.364035087719298,76997.91734697012,1688.5508190125026,45.6,0.728018518838941,57.4260196837929,27.8,19,0.42904052528849435,0.6096491228070176,57.4260196837929,100.0,3.8000000000000003,0.76,1.1592619856665887,0.0,5,39.970952394797905,0.6,2.091668979311544,100.0,1.0,0.0,22.713124350115095,0.6,1.8848227685147596,24.446021674051508,0.6,1.8198181805066402,100.0,1.0,0.0
37,actuated,4,4,311.17626933271447,77.79406733317862,1000311.1762693325,200062.2352538665,1045.0,24.530516431924884,75972.56904428199,1783.3936395371359,42.6,1.508482742750071,62.792342901133225,18.2,20,1.0916609033743458,0.4272300469483568,62.792342901133225,100.0,4.0,0.8,2.41639685789841,0.0,5,35.48761967908831,0.6,4.1330913866203165,100.0,1.0,0.0,33.702804788104004,0.6,3.9101090570198487,44.77129003847381,0.8,4.038783845851883,100.0,1.0,0.0
38,actuated,4,4,314.4453241665751,78.61133104164378,1000314.4453241667,200062.88906483335,1117.2,28.21212121212121,73166.26188475004,1847.6328758775262,39.6,2.3523368662312047,54.28386784044574,18.8,21,1.783242360474516,0.47474747474747475,54.28386784044574,100.0,4.2,0.8400000000000001,3.202088713235315,0.0,5,30.677075900142654,0.6,5.875233229998361,100.0,1.0,0.0,23.74992032562659,0.8,4.56393115479411,16.99234297645944,0.8,5.571279181384103,100.0,1.0,0.0
39,actuated,4,4,336.31108325335737,84.07777081333934,1000336.3110832535,200067.2622166507,1210.0,33.798882681564244,68298.76996955242,1907.7868706578888,35.8,3.2433499796266396,48.9142728392967,19.4,23,2.536207732242703,0.5418994413407822,48.9142728392967,100.0,4.6,0.9199999999999999,3.9703944352760714,0.0,5,8.896016631163093,1.0,6.979372543045317,100.0,1.0,0.0,18.536160868028446,0.8,6.035133331613754,17.13918669729196,0.8,6.8374663017212844,100.0,1.0,0.0
40,actuated,4,4,430.8500962975307,102.58335626131682,600742.2115049833,120148.44230099666,1186.8,38.532467532467535,53137.08716572751,1725.2301027833607,30.8,3.211928306188871,50.87368547634969,18.8,18,2.6243711319620013,0.6103896103896104,50.87368547634969,100.0,3.8000000000000003,0.76,3.251692174373917,0.0,5,52.28438313523725,0.8,4.070208446737309,40.0,0.8,0.0,37.12409918765047,0.8,4.164756437241043,24.95994505886074,0.4,8.02349598789123,100.0,1.0,0.0
41,actuated,4,4,411.700113158434,98.02383646629382,268144.25209475745,53628.85041895149,784.2,27.612676056338028,46141.354071052905,1624.6955658821444,28.4,3.1998716219218593,42.8919041570839,15.8,16,3.1171843775921544,0.5563380281690141,42.8919041570839,100.0,3.1999999999999997,0.6399999999999999,4.177323309565821,0.0,5,26.388693960689125,0.6,2.217610270064315,76.50296464097892,0.8,2.087114722467959,4.899197089513336,0.4,8.518556156647803,6.668665094238122,0.4,8.06333539864903,100.0,1.0,0.0
42,actuated,4,4,649.5877523712909,147.63358008438428,12853.339842079498,2570.6679684159,600.6,20.428571428571427,46213.21200219965,1571.8779592584915,29.4,2.0657232099373144,44.426901357004226,17.8,13,3.6412215336461173,0.6054421768707483,44.426901357004226,100.0,2.6,0.52,0.9696327296155172,0.0,5,22.13450678502113,0.6,4.848163648077586,100.0,1.0,0.0,0.0,0.0,0.0,0.0,0.0,0.0,100.0,1.0,0.0
43,actuated,4,4,303.3190266435388,75.8297566608847,2382141.746236154,476428.3492472308,684.6,21.26086956521739,50330.23296813418,1563.0507132960927,32.2,1.1979845063615684,60.0,22.2,15,0.7921198233389121,0.6894409937888198,60.0,100.0,3.0,0.6,0.0,0.0,5,100.0,1.0,0.0,100.0,1.0,0.0,0.0,0.0,0.0,0.0,0.0,0.0,100.0,1.0,0.0
44,actuated,4,4,420.5844099746967,116.82900277074909,1001206.532230596,200241.3064461192,809.8,23.958579881656803,53422.010277570414,1580.5328484488286,33.8,1.3747660297828799,60.0,27.0,15,1.2943273978287917,0.7988165680473372,60.0,100.0,3.0,0.6,0.0,0.0,5,100.0,1.0,0.0,100.0,1.0,0.0,0.0,0.0,0.0,0.0,0.0,0.0,100.0,1.0,0.0
45,actuated,2,4,417.1972541543063,115.88812615397396,374421.43919553596,74884.28783910719,775.2,21.18032786885246,57906.0030402454,1582.1312306077978,36.6,1.314199901411702,54.119483830231275,27.8,16,1.344319294135821,0.7595628415300546,54.119483830231275,100.0,3.2,0.64,1.8670749003998932,0.0,5,100.0,1.0,0.0,100.0,1.0,0.0,0.0,0.0,0.0,10.597419151156373,0.4,9.335374501999466,60.0,0.8,0.0
46,actuated,2,2,600.1724364488662,166.7145656802406,2490419.693616941,498083.93872338824,701.0,19.153005464480874,58363.87670716259,1594.6414400864096,36.6,0.8356170386226264,47.22385602810027,27.6,15,0.9863789258984913,0.7540983606557377,47.22385602810027,100.0,3.0,0.6,1.9860266755203955,0.0,5,100.0,1.0,0.0,100.0,1.0,0.0,10.187489180935927,0.4,8.293911225534975,0.0,0.0,0.0,25.931790959565433,0.6,1.6362221520670026
47,actuated,2,2,336.80468071488133,140.33528363120055,5171305.345595579,1034261.0691191157,725.2,19.923076923076923,61074.561559041285,1677.8725703033322,36.4,0.883249555337683,45.6030236015863,26.2,15,1.0981911706450642,0.7197802197802198,45.6030236015863,100.0,3.0,0.6,0.7446496243923235,0.0,5,100.0,1.0,0.0,100.0,1.0,0.0,0.0,0.0,0.0,0.0,0.0,0.0,28.015118007931505,1.0,3.7232481219616176
48,actuated,2,2,110.3355860114852,55.1677930057426,10519575.74587572,2103915.149175144,851.6,23.26775956284153,57679.14456244054,1575.9329115420912,36.6,0.7709084443487438,73.25711175258107,28.4,19,1.0416929590382495,0.7759562841530054,73.25711175258107,100.0,3.8,0.76,1.9268289305743125,0.0,5,100.0,1.0,0.0,100.0,1.0,0.0,0.0,0.0,0.0,97.22906644362297,1.0,4.448421847656852,69.05649231928237,0.8,5.185722805214711
49,actuated,2,2,163.54584475293657,81.77292237646829,3000163.5458447533,600032.7091689507,1002.8,26.81283422459893,56458.56703009788,1509.5873537459327,37.4,0.5434410759255476,80.0,31.6,20,0.7281217041398562,0.8449197860962567,80.0,100.0,4.0,0.8,0.0,0.0,5,100.0,1.0,0.0,100.0,1.0,0.0,0.0,0.0,0.0,100.0,1.0,0.0,100.0,1.0,0.0
50,actuated,2,2,589.3271323150848,245.552971797952,2400990.8097353242,480198.16194706486,1170.8,29.27,61636.76121469638,1540.9190303674095,40.0,0.2274399043928928,80.52314657900502,35.6,21,0.26724641007769445,0.89,80.52314657900502,100.0,4.2,0.8400000000000001,0.3745002698180205,0.0,5,100.0,1.0,0.0,100.0,1.0,0.0,2.6157328950250758,0.2,1.8725013490901024,100.0,1.0,0.0,100.0,1.0,0.0
51,actuated,0,2,1031.52480023193,257.8812000579825,6213.55953150869,1242.711906301738,846.0,21.472081218274113,62219.72849829873,1579.1809263527598,39.4,0.4795413351143798,92.0,31.2,25,0.3942971268442217,0.7918781725888325,92.0,100.0,5.0,1.0,0.0,0.0,5,80.0,1.0,0.0,80.0,1.0,0.0,100.0,1.0,0.0,100.0,1.0,0.0,100.0,1.0,0.0
52,actuated,0,0,320.9603811763508,80.2400952940877,2064058.9456884773,412811.78913769545,599.2,16.194594594594594,63533.78983223258,1717.1294549252048,37.0,1.0135293638340435,72.58423256214292,24.4,21,0.6291582606288671,0.6594594594594595,72.58423256214292,100.0,4.2,0.8400000000000001,0.7783786339758103,0.0,5,39.07491955185833,0.6,2.0728811191134744,23.846243258856248,0.6,1.8190120507655771,100.0,1.0,0.0,100.0,1.0,0.0,100.0,1.0,0.0
53,actuated,0,0,434.225814482512,135.695567025785,1009427.0254831545,201885.4050966309,451.0,13.187134502923977,58871.6899394403,1721.394442673693,34.2,1.2015504024392434,68.8836457697812,19.0,23,1.1342231633176127,0.5555555555555556,68.8836457697812,100.0,4.6,0.9199999999999999,1.5375997331955342,0.0,5,31.662053944095305,0.8,3.846292700090106,12.756174904810678,0.8,3.8417059658875647,100.0,1.0,0.0,100.0,1.0,0.0,100.0,1.0,0.0
54,actuated,0,0,375.6763430175698,117.39885719299056,1440122.3449421027,288024.46898842056,519.2,15.270588235294118,63239.083777146894,1859.9730522690263,34.0,1.6574833659783932,70.50622696584446,19.8,22,1.8552407350242721,0.5823529411764706,70.50622696584446,100.0,4.4,0.8800000000000001,2.3448910183716394,0.0,5,25.946617434847212,0.8,5.803631383220866,26.584517394375098,0.6,5.9208237086373305,100.0,1.0,0.0,100.0,1.0,0.0,100.0,1.0,0.0
55,actuated,0,0,310.47502553374477,77.61875638343619,1000310.4750255335,200062.0950051067,614.0,19.06832298136646,60283.187160678775,1872.1486695862975,32.2,2.296521218526245,66.38663381150172,19.6,23,2.183632961974582,0.6086956521739131,66.38663381150172,100.0,4.6,0.9199999999999999,2.720941900252226,0.0,5,14.358653630363278,0.8,6.786102008627276,17.574515427145343,0.8,6.818607492633854,100.0,1.0,0.0,100.0,1.0,0.0,100.0,1.0,0.0
56,actuated,0,0,254.94822124630522,63.737055311576306,1000254.9482212461,200050.98964424923,709.4,23.80536912751678,53766.331879945516,1804.2393248303865,29.8,2.5632815616771296,66.34744901417389,19.4,20,2.353963163578211,0.6510067114093959,66.34744901417389,100.0,4.0,0.8,3.1548525235597067,0.0,5,17.396043676603767,0.4,7.863132675610807,14.341201394265681,0.6,7.911129942187727,100.0,1.0,0.0,100.0,1.0,0.0,100.0,1.0,0.0
57,actuated,0,0,199.56967842391907,58.69696424232914,1005445.6266615748,201089.12533231496,808.6,28.07638888888889,49325.4190416636,1712.688161168875,28.8,2.1936879886296885,63.39523099445296,20.8,19,2.2955006995230303,0.7222222222222222,63.39523099445296,100.0,3.8,0.76,3.400435542603295,0.0,5,5.066482767858815,0.6,8.605640991963394,11.909672204405979,0.2,8.396536721053081,100.0,1.0,0.0,100.0,1.0,0.0,100.0,1.0,0.0
58,actuated,0,0,107.27342235451226,41.25900859788933,2524235.755275901,504847.1510551802,913.6,31.72222222222222,50177.69130177918,1742.2809479784437,28.8,2.090276551304284,64.43849298531268,21.8,17,2.391268336132915,0.7569444444444444,64.43849298531268,100.0,3.4,0.6799999999999999,3.491781290406248,0.0,5,11.558850435638988,0.2,8.651379352714315,10.633614490924401,0.2,8.807527099316925,100.0,1.0,0.0,100.0,1.0,0.0,100.0,1.0,0.0
59,actuated,0,0,429.4477267692367,153.37418813187026,2044881.7020938627,408976.34041877254,1023.0,36.276595744680854,48296.47808853985,1712.6410669694983,28.2,2.0961086236053843,62.20835878807111,22.4,17,2.5792265944056156,0.7943262411347518,62.20835878807111,100.0,3.4,0.6799999999999999,1.8112998764543147,0.0,5,11.041793940355547,0.2,9.056499382271573,0.0,0.2,0.0,100.0,1.0,0.0,100.0,1.0,0.0,100.0,1.0,0.0
60,actuated,0,0,549.1467108825511,144.51229233751346,1200549.1467108827,240109.82934217653,1133.0,39.61538461538461,50016.68808706839,1748.835247799594,28.6,2.690542181672603,66.5718013923763,22.4,18,3.160579103342381,0.7832167832167832,66.5718013923763,100.0,3.6,0.72,3.5424706171297657,0.0,5,10.974254971446271,0.2,9.11223588846699,21.884751990435234,0.4,8.600117197181838,100.0,1.0,0.0,100.0,1.0,0.0,100.0,1.0,0.0
61,actuated,0,0,487.96913659710935,128.41293068344984,1200487.9691365971,240097.59382731942,1243.0,42.86206896551724,49341.324703169215,1701.4249897644559,29.0,2.755896167895338,61.601830524486786,22.2,18,3.42720181165046,0.7655172413793103,61.601830524486786,100.0,3.6,0.72,1.7306493288278582,0.0,5,8.00915262243393,0.4,8.65324664413929,0.0,0.2,0.0,100.0,1.0,0.0,100.0,1.0,0.0,100.0,1.0,0.0
62,actuated,0,0,362.57433813974524,100.715093927707,1001943.009445526,200388.60188910522,1354.2,42.85443037974684,54652.98888394474,1729.5249646817956,31.6,2.631936855241735,61.3074014041581,22.8,17,2.93266913871773,0.7215189873417721,61.3074014041581,100.0,3.4,0.6799999999999999,1.7297203965671362,0.0,5,6.537007020790497,0.4,8.64860198283568,0.0,0.0,0.0,100.0,1.0,0.0,100.0,1.0,0.0,100.0,1.0,0.0
63,actuated,0,0,262.50503821624807,87.50167940541603,2129968.718500414,425993.74370008276,1472.0,43.80952380952381,61739.573745204674,1837.4873138453772,33.6,3.0406702188213632,64.29145607304872,24.0,21,3.6303428165347293,0.7142857142857143,64.29145607304872,100.0,4.2,0.8400000000000001,3.6616273415432574,0.0,5,1.8424541969795882,0.8,8.101074576968678,19.614826168264017,0.4,10.207062130747609,100.0,1.0,0.0,100.0,1.0,0.0,100.0,1.0,0.0
64,actuated,0,0,29.019365937722,14.509682968861,2425352.592952129,485070.5185904258,1595.0,49.53416149068323,57649.2854186527,1790.3504788401458,32.2,2.8225583969926036,66.06044482046764,25.2,20,3.8310995398553986,0.782608695652174,66.06044482046764,100.0,4.0,0.8,3.9875705672044064,0.0,5,2.6968212225006027,0.4,9.061783622518938,27.605402879837584,0.6,10.876069213503092,100.0,1.0,0.0,100.0,1.0,0.0,100.0,1.0,0.0
65,actuated,0,0,250.13466526767897,104.22277719486624,2200698.1754933596,440139.6350986719,1720.0,50.292397660818715,62767.98977138572,1835.3213383446118,34.2,3.109333279583014,65.85899344498876,25.4,18,4.106246806036343,0.7426900584795322,65.85899344498876,100.0,3.6,0.72,3.9829692391885816,0.0,5,11.777158331159399,0.2,8.491012618504513,17.517808893784377,0.4,11.423833577438394,100.0,1.0,0.0,100.0,1.0,0.0,100.0,1.0,0.0
66,actuated,0,0,541.6022294348688,135.4005573587172,1000541.6022294346,200108.32044588693,1847.2,51.027624309392266,64704.65418982275,1787.421386459192,36.2,3.2072915570698695,65.57180153992795,26.0,21,4.385872900675573,0.7182320441988951,65.57180153992795,100.0,4.2,0.8400000000000001,4.196562983169133,0.0,5,11.244801932949713,0.2,8.892997902166535,16.61420576669002,1.0,12.089817013679133,100.0,1.0,0.0,100.0,1.0,0.0,100.0,1.0,0.0
67,actuated,0,0,378.93056914303946,111.4501673950116,1013307.0978258565,202661.4195651713,1981.4,53.55135135135135,59964.47590521529,1620.6615109517645,37.0,2.695340920601737,73.30618141543096,27.8,20,3.5279447860404445,0.7513513513513513,73.30618141543096,100.0,4.0,0.8,3.4892251156344387,0.0,5,49.463859089487414,0.6,5.67383855247985,17.067047987667365,0.4,11.772287025692345,100.0,1.0,0.0,100.0,1.0,0.0,100.0,1.0,0.0
68,actuated,0,0,308.2795745926538,128.44982274693908,6168181.462714362,1233636.2925428725,2121.2,55.82105263157895,59834.85794785492,1574.6015249435504,38.0,1.1359166327698051,81.11834043297995,29.6,23,1.557105932405875,0.7789473684210526,81.11834043297995,100.0,4.6,0.9199999999999999,1.5145955532501025,0.0,5,80.0,1.0,0.0,25.591702164899743,0.6,7.572977766250513,100.0,1.0,0.0,100.0,1.0,0.0,100.0,1.0,0.0
69,actuated,2,0,496.87362480837663,138.02045133566017,2335922.294819817,467184.4589639634,1938.4,47.98019801980198,66869.99614212057,1655.197924309915,40.4,1.678649763513218,65.33416695115716,25.8,20,1.9070978413064705,0.6386138613861386,65.33416695115716,100.0,4.0,0.8,0.8484366627608416,0.0,5,47.80162765650971,0.6,1.6296176821985249,38.86920709927608,0.8,2.612565631605684,100.0,1.0,0.0,100.0,1.0,0.0,40.0,0.6,0.0
70,actuated,2,2,442.0913679824971,130.02687293602855,1176144.374378579,235228.8748757158,1656.2,40.793103448275865,60083.802397703126,1479.896610780865,40.6,1.4392444796417951,72.58238606375971,25.8,22,1.8562643698805728,0.6354679802955665,72.58238606375971,100.0,4.3999999999999995,0.8799999999999999,1.1548078669631747,0.0,5,100.0,1.0,0.0,34.066232454200644,0.8,4.00370294889435,100.0,1.0,0.0,100.0,1.0,0.0,28.845697864597923,0.6,1.7703363859215238
71,actuated,2,2,489.14994870355787,135.8749857509883,1344944.2366913324,268988.8473382665,1417.0,33.262910798122064,65448.02723384926,1536.3386674612502,42.6,1.1236341903765892,79.00966240827574,25.2,23,1.1178608497978646,0.5915492957746479,79.00966240827574,100.0,4.6,0.9199999999999999,1.5675104293852027,0.0,5,100.0,1.0,0.0,51.21221165124325,0.8,4.720575512161123,100.0,1.0,0.0,100.0,1.0,0.0,43.83610039013547,0.8,3.116976634764891
72,actuated,2,2,547.9793639524207,136.99484098810518,1000547.9793639524,200109.5958727905,1509.8,33.700892857142854,68448.37126716916,1527.8654300707403,44.8,1.0683830947114457,88.28758774372888,29.4,24,0.930161251845159,0.65625,88.28758774372886,100.0,4.8,0.96,0.365126308389009,0.0,5,100.0,1.0,0.0,100.0,1.0,0.0,100.0,1.0,0.0,100.0,1.0,0.0,41.43793871864432,0.8,1.825631541945045
73,actuated,2,2,1030.6247872969266,234.23290620384694,401278.5627067921,80255.71254135841,1669.6,34.92887029288703,72149.29253935683,1509.3994255095572,47.8,0.8940083143806067,86.90183920857747,34.6,24,1.03386755988274,0.7238493723849372,86.90183920857748,100.0,4.8,0.96,0.7787405288704379,0.0,5,100.0,1.0,0.0,100.0,1.0,0.0,100.0,1.0,0.0,100.0,1.0,0.0,34.509196042887424,0.8,3.8937026443521896
74,actuated,2,2,542.8829193182496,193.88675689937486,833158.0679565826,166631.61359131653,1854.6,38.00409836065574,73291.28416512276,1501.8705771541552,48.8,0.822253951170085,85.60072138551983,39.2,23,1.3182250094839467,0.8032786885245902,85.60072138551982,100.0,4.6,0.9199999999999999,0.6942493019841841,0.0,5,100.0,1.0,0.0,100.0,1.0,0.0,100.0,1.0,0.0,100.0,1.0,0.0,28.003606927599094,0.6,3.4712465099209204
75,actuated,2,2,23.33940236579182,23.33940236579182,8347549.596283604,1669509.919256721,2059.0,42.54132231404959,73942.90585299266,1527.7459886981953,48.4,0.7720618984074852,82.24023560194928,42.0,23,1.5448015121056973,0.8677685950413223,82.24023560194928,100.0,4.6,0.9199999999999999,0.7784028381316986,0.0,5,100.0,1.0,0.0,100.0,1.0,0.0,100.0,1.0,0.0,100.0,1.0,0.0,11.2011780097464,0.6,3.892014190658493
76,actuated,2,2,310.09803378121524,221.4985955580109,4892533.94151747,978506.7883034941,2269.0,47.0746887966805,76653.05683440877,1590.3123824566135,48.2,0.8484097161987418,86.49953446852942,42.4,23,1.6686967980494245,0.8796680497925311,86.49953446852942,100.0,4.6,0.9199999999999999,0.9908337717826651,0.0,5,100.0,1.0,0.0,100.0,1.0,0.0,100.0,1.0,0.0,100.0,1.0,0.0,32.49767234264709,0.6,4.9541688589133255
77,actuated,2,2,437.9159739189755,243.28665217720862,2606252.350249856,521250.47004997113,2479.2,51.86610878661088,74571.45476531085,1560.0722754249132,47.8,1.0046071212971999,85.03636046699397,42.6,23,1.9389598897374387,0.891213389121339,85.03636046699398,100.0,4.6,0.9199999999999999,1.214852568585835,0.0,5,100.0,1.0,0.0,100.0,1.0,0.0,100.0,1.0,0.0,100.0,1.0,0.0,25.181802334969916,0.6,6.0742628429291745
78,actuated,2,2,369.29091007548453,205.1616167086025,4022317.5650570006,804463.5130114001,2693.0,56.81434599156118,74507.5867305126,1571.8900154116584,47.4,1.04911519408833,81.10530163579756,43.2,22,2.022466834554272,0.9113924050632911,81.10530163579756,100.0,4.4,0.8800000000000001,1.7442741983570162,0.0,5,100.0,1.0,0.0,100.0,1.0,0.0,100.0,1.0,0.0,100.0,1.0,0.0,5.526508178987797,0.4,8.721370991785081
79,actuated,2,2,19.14982251686107,19.14982251686107,4051141.9986212314,810228.3997242462,2911.0,61.413502109704645,74993.67067733007,1582.1449509985246,47.4,0.9499000093815578,82.27384887037421,44.4,21,1.9161885946826545,0.9367088607594937,82.2738488703742,100.0,4.2,0.8400000000000001,1.7591318632103028,0.0,5,100.0,1.0,0.0,100.0,1.0,0.0,100.0,1.0,0.0,100.0,1.0,0.0,11.369244351870975,0.2,8.795659316051514
80,actuated,2,2,323.1503548540012,230.8216820385723,4657159.9188699,931431.9837739799,3131.2,64.96265560165975,76234.83979385848,1581.6356803705078,48.2,0.9327641552568948,81.46337015114909,44.4,22,1.852690304688862,0.921161825726141,81.46337015114909,100.0,4.4,0.8800000000000001,1.7328499650582667,0.0,5,100.0,1.0,0.0,100.0,1.0,0.0,100.0,1.0,0.0,100.0,1.0,0.0,7.316850755745463,0.4,8.664249825291334
81,actuated,2,2,20.486419226187348,20.486419226187348,3601394.4836084717,720278.8967216944,3355.0,69.60580912863071,75965.57595872122,1576.049293749403,48.2,0.8912040962108688,81.53084678849586,45.2,21,1.8023387273059037,0.9377593360995851,81.53084678849586,100.0,4.2,0.8400000000000001,1.6213456328399474,0.0,5,100.0,1.0,0.0,100.0,1.0,0.0,100.0,1.0,0.0,100.0,1.0,0.0,7.654233942479323,0.2,8.106728164199737
82,actuated,2,2,17.44975424437506,17.44975424437506,4000017.449754244,800003.4899508489,3580.0,73.66255144032922,76866.621467894,1581.6177256768312,48.6,1.0309154405277223,82.21793312275076,45.2,23,2.0668332366118,0.9300411522633745,82.21793312275076,100.0,4.6,0.9199999999999999,1.7907077781297267,0.0,5,100.0,1.0,0.0,100.0,1.0,0.0,100.0,1.0,0.0,100.0,1.0,0.0,11.089665613753823,0.6,8.953538890648634
83,actuated,2,2,321.25517334986563,229.46798096418976,3400620.119821915,680124.0239643829,3805.0,77.65306122448979,77935.38030303466,1590.5179653680543,49.0,0.9533061454134681,82.11091496154904,45.4,21,1.8975747228295803,0.926530612244898,82.11091496154904,100.0,4.2,0.8400000000000001,1.8949129040540313,0.0,5,100.0,1.0,0.0,100.0,1.0,0.0,100.0,1.0,0.0,100.0,1.0,0.0,10.554574807745212,0.2,9.474564520270157
84,actuated,2,2,22.991518537174272,22.991518537174272,3377697.497877761,675539.4995755522,4031.8,80.31474103585657,77423.18581685009,1542.2945381842649,50.2,0.7901294453929602,80.39866590643987,46.2,22,1.588358737343131,0.9203187250996016,80.39866590643987,100.0,4.4,0.8800000000000001,1.6809741364605728,0.0,5,100.0,1.0,0.0,100.0,1.0,0.0,100.0,1.0,0.0,100.0,1.0,0.0,1.9933295321993683,0.4,8.404870682302864
85,actuated,2,2,31.14432453570588,31.14432453570588,6178807.834428565,1235761.566885713,4267.2,83.34375,79811.79172701258,1558.8240571682143,51.2,0.5822742520250529,82.73047972201584,47.8,21,1.1733442004856618,0.93359375,82.73047972201584,100.0,4.2,0.8400000000000001,0.9628022111165866,0.0,5,100.0,1.0,0.0,100.0,1.0,0.0,100.0,1.0,0.0,100.0,1.0,0.0,13.652398610079217,0.2,4.814011055582933
86,actuated,2,2,51.41101442274321,51.41101442274321,4000051.411014422,800010.2822028843,4508.4,86.36781609195403,80142.24163931089,1535.2919854274116,52.2,0.36686252272012004,100.0,49.0,25,0.7537513456576325,0.9386973180076629,100.0,100.0,5.0,1.0,0.0,0.0,5,100.0,1.0,0.0,100.0,1.0,0.0,100.0,1.0,0.0,100.0,1.0,0.0,100.0,1.0,0.0
87,actuated,4,2,945.6256280877681,337.7234386027743,1003733.3474229656,200746.66948459312,3268.6,64.59683794466403,80542.19859518205,1591.743055240752,50.6,0.3602541010304227,80.0,41.4,23,0.5001959500937485,0.8181818181818182,80.0,100.0,4.6,0.9199999999999999,0.0,0.0,5,80.0,1.0,0.0,100.0,1.0,0.0,60.0,0.8,0.0,60.0,0.8,0.0,100.0,1.0,0.0
88,actuated,4,4,443.3343345120623,110.83358362801557,1000443.334334512,200088.6668669024,1924.8,40.26778242677824,80909.30005844639,1692.6631811390457,47.8,0.7240713178173686,58.55584188360581,30.4,19,0.43159022587183876,0.6359832635983264,58.55584188360581,100.0,3.8000000000000003,0.76,1.1609406149246038,0.0,5,39.72445171204299,0.6,2.258194539222472,100.0,1.0,0.0,24.063945772186344,0.6,1.6151841508672098,28.990811933799705,0.6,1.9313243845333368,100.0,1.0,0.0
89,actuated,4,4,233.74161293059743,58.43540323264936,1000233.7416129305,200046.74832258612,1088.4,24.624434389140273,80656.57502888382,1824.8093897937515,44.2,1.5233950303706514,57.11693411983924,19.4,23,1.0325158309560296,0.43891402714932126,57.11693411983924,100.0,4.6,0.9199999999999999,2.374333603229517,0.0,5,29.724895495803594,0.6,4.079677171250937,100.0,1.0,0.0,28.016545783125366,1.0,3.915477251824234,27.843229320267255,1.0,3.8765135930724144,100.0,1.0,0.0
90,actuated,4,4,233.9345397328791,58.483634933219776,1000233.9345397329,200046.78690794657,1094.8,26.19138755980861,78227.477559557,1871.4707550133253,41.8,2.39173544269689,49.26780971442622,19.4,20,1.7803243466301115,0.46411483253588515,49.26780971442622,100.0,4.0,0.8,3.509744986277893,0.0,5,26.337077480779953,0.6,6.1556070349826415,100.0,1.0,0.0,15.152594036362643,0.8,5.695923793307385,4.8493770549885085,0.6,5.697194103099438,100.0,1.0,0.0
91,actuated,4,4,410.243350031271,102.56083750781775,1000410.2433500314,200082.04867000628,1191.0,31.17801047120419,73136.35769001424,1914.5643374349277,38.2,3.1924474567915273,54.92685539705326,20.4,20,2.5366130519508943,0.5340314136125655,54.92685539705326,100.0,4.0,0.8,4.277495097291907,0.0,5,28.197882061786004,0.6,7.097484118525214,100.0,1.0,0.0,20.217273996315726,0.6,7.2915886654599955,26.219120927164568,0.8,6.998402702474325,100.0,1.0,0.0
92,actuated,4,4,120.54309191281018,37.66971622275318,1040528.4618462411,208105.69236924822,1294.6,38.76047904191617,60204.24645974387,1802.5223490941278,33.4,3.5710023462166034,48.88556130124607,21.8,21,3.009529035122481,0.6526946107784432,48.88556130124607,100.0,4.2,0.8400000000000001,4.776006676653483,0.0,5,12.141881143086266,0.6,7.916842530537443,100.0,1.0,0.0,17.790587544982372,0.6,8.125898797073098,14.495337818161715,1.0,7.837292055656874,100.0,1.0,0.0
93,actuated,4,4,172.39526654434258,47.88757404009516,1571514.8573459352,314302.97146918706,975.2,32.50666666666667,52566.52899891189,1752.217633297063,30.0,3.8194280697227274,39.845803217168395,18.4,15,4.0735003384014625,0.6133333333333333,39.845803217168395,100.0,3.0,0.6,3.967069198992424,0.0,5,21.236316347510638,0.6,1.620622361358255,60.0,0.8,0.0,10.870623876978698,0.2,9.199104037788977,7.122075861352641,0.4,9.015619595814886,100.0,1.0,0.0
94,actuated,4,4,151.89070115245383,39.97123714538259,3966297.1777199274,793259.4355439855,499.0,17.20689655172414,52142.58288701535,1798.0200995522532,29.0,3.1549070483922956,40.082147043578516,13.8,14,3.6571459230410692,0.47586206896551725,40.082147043578516,100.0,2.8,0.5599999999999999,3.3165932906605313,0.0,5,19.276569439855393,0.6,3.8412443445995463,72.09583360213855,0.8,3.666500835493208,0.0,0.0,0.0,9.038332175898631,0.4,9.075221273209902,100.0,1.0,0.0
95,actuated,4,4,161.97894968411362,40.494737421028404,1000161.978949684,200032.3957899368,511.4,17.63448275862069,50311.40014248923,1734.8758669823872,29.0,3.1218973479951666,43.165172085690756,15.6,15,2.2962950584537274,0.5379310344827586,43.165172085690756,100.0,3.0,0.6,3.0058290256663365,0.0,5,8.944736953696975,0.6,6.482734926655493,100.0,1.0,0.0,0.0,0.0,0.0,6.881123474756805,0.4,8.54641020167619,100.0,1.0,0.0
96,actuated,4,4,286.01612198966086,71.50403049741521,1000286.0161219897,200057.20322439793,579.6,20.848920863309353,48193.515078095144,1733.5796790681707,27.8,3.411034632092491,34.23279924748522,17.0,13,2.909814403674008,0.6115107913669064,34.23279924748522,100.0,2.6,0.52,3.000831696523523,0.0,5,11.066148512704785,0.4,6.228787458325653,60.0,0.8,0.0,0.09784772472130498,0.4,8.775371024291964,0.0,0.0,0.0,100.0,1.0,0.0
97,actuated,4,4,209.3070313987731,52.32675784969327,1000209.3070313986,200041.86140627973,628.8,22.457142857142856,46930.74509039291,1676.098038942604,28.0,3.5727945787409747,40.884831883894094,15.8,14,3.6574898872450357,0.5642857142857143,40.884831883894094,100.0,2.8000000000000003,0.56,5.441255666139087,0.0,5,10.23462448056307,0.4,7.431609417776497,78.1639739764205,0.8,2.2661834776903667,11.030964329236213,0.2,9.065390569250805,4.994596633250694,0.4,8.443094865977764,100.0,1.0,0.0
98,actuated,4,4,155.58637120806296,38.89659280201574,1000155.586371208,200031.11727424158,687.4,26.43846153846154,43511.566387617306,1673.5217841391272,26.0,4.290170869843312,43.47067320124097,14.2,12,4.981748970410131,0.5461538461538461,43.47067320124097,100.0,2.4,0.48,0.4827268168108733,0.0,5,17.35336600620485,0.4,2.4136340840543666,100.0,1.0,0.0,0.0,0.0,0.0,0.0,0.0,0.0,100.0,1.0,0.0
99,actuated,4,4,100.84365275989666,25.210913189974164,1000100.8436527597,200020.16873055193,740.0,27.40740740740741,43308.938664726804,1604.0347653602519,27.0,4.905140096069044,33.55840267671647,12.4,11,4.938001416482342,0.45925925925925926,33.55840267671647,100.0,2.2,0.44000000000000006,0.8505586921609922,0.0,5,31.52061878908171,0.6,1.918641343712799,36.271394594500634,0.6,2.3341521170921617,0.0,0.0,0.0,0.0,0.0,0.0,100.0,1.0,0.0
100,actuated,4,4,190.23235067503657,50.06114491448331,1200190.2323506752,240038.04647013504,805.8,27.040268456375838,48134.563691943426,1615.2538151658866,29.8,2.055969364359884,48.386111180485386,14.8,15,1.7744221910594014,0.4966442953020134,48.386111180485386,100.0,3.0,0.6,2.5557742607220337,0.0,5,30.955214672139846,0.8,3.66753727747126,100.0,1.0,0.0,10.975341230287086,0.2,9.111334026138909,0.0,0.0,0.0,100.0,1.0,0.0
101,actuated,4,4,287.164042984673,71.79101074616825,1000287.1640429847,200057.43280859693,887.8,29.79194630872483,47386.809405614615,1590.161389450155,29.8,2.7814603314540975,45.62205501831659,18.0,13,2.191563277179186,0.6040268456375839,45.62205501831659,100.0,2.6,0.52,1.0390949622192385,0.0,5,28.110275091582935,0.6,5.195474811096193,100.0,1.0,0.0,0.0,0.0,0.0,0.0,0.0,0.0,100.0,1.0,0.0
102,actuated,4,4,340.3819695804219,94.55054710567275,1001729.6857109552,200345.93714219105,984.2,33.02684563758389,51393.75990501603,1724.6228156045647,29.8,3.7873552449667067,46.178592349963765,20.8,15,3.318397467209957,0.697986577181208,46.178592349963765,100.0,3.0,0.6,3.058707744651384,0.0,5,19.863640709124866,0.8,6.226797476806807,100.0,1.0,0.0,11.029321040693958,0.2,9.066741246450114,0.0,0.0,0.0,100.0,1.0,0.0
103,actuated,4,4,68.7974087289297,28.665586970387373,1252422.0142235681,250484.40284471362,1093.8,37.45890410958904,47264.05596303134,1618.6320535284704,29.2,2.017936426068721,44.75310674152206,23.2,15,2.4184999947080352,0.7945205479452054,44.75310674152206,100.0,3.0,0.6,3.3262405900848124,0.0,5,13.167314646691466,0.8,7.195655390480509,100.0,1.0,0.0,0.0,0.0,0.0,10.598219060918836,0.2,9.435547559943554,100.0,1.0,0.0
104,actuated,4,4,249.2770350194759,95.87578269979842,2246870.6161895893,449374.12323791784,1155.4,40.3986013986014,47774.62142033713,1670.441308403396,28.6,1.1596855425834454,33.09481832678239,21.4,12,1.3999890485013586,0.7482517482517482,33.09481832678239,100.0,2.6,0.52,0.5453221008554102,0.0,5,41.73916917134193,0.8,0.9753269380889836,23.73492246257001,0.8,1.7512835661880675,0.0,0.0,0.0,0.0,0.0,0.0,100.0,1.0,0.0
105,actuated,0,4,136.4023721435321,45.46745738117736,2000136.4023721437,400027.2804744287,962.6,33.65734265734266,48074.25627386749,1680.9180515338285,28.6,1.534759499318132,38.2747447075667,14.2,14,1.5090344046257695,0.4965034965034965,38.2747447075667,100.0,2.8,0.5599999999999999,2.7578747086943034,0.0,5,23.467956891618087,0.8,4.858870333418667,60.0,0.8,0.0,0.0,0.0,0.0,7.9057666462153975,0.2,8.930503210052848,100.0,1.0,0.0
106,actuated,0,0,249.38612391380533,62.346530978451334,1000249.3861239139,200049.87722478277,1016.2,34.8013698630137,50423.70646677331,1726.8392625607296,29.2,1.6889067446436683,26.454957238669977,14.0,9,1.295091992681704,0.4794520547945205,26.454957238669977,100.0,1.8,0.36,0.43894376876310676,0.0,5,0.0,0.0,0.0,32.27478619334988,0.6,2.194718843815534,0.0,0.0,0.0,0.0,0.2,0.0,100.0,1.0,0.0
107,actuated,0,0,131.50204702884707,32.87551175721177,1000131.5020470287,200026.30040940575,1086.0,38.23943661971831,53558.77886765103,1885.872495339825,28.4,2.515712566918546,31.699706268393584,14.4,14,1.6812397729699384,0.5070422535211268,31.699706268393584,100.0,2.8,0.5599999999999999,2.2790110281008045,0.0,5,33.15446937757997,1.0,7.183529380165662,25.344061964387947,0.8,4.21152576033836,0.0,0.0,0.0,0.0,0.0,0.0,100.0,1.0,0.0
108,actuated,0,0,191.77263550709176,47.94315887677294,1000191.772635507,200038.35452710142,1156.0,43.134328358208954,50733.68308615201,1893.0478763489555,26.8,2.9986622316692246,39.79122655586434,14.6,15,2.023335422574107,0.5447761194029851,39.79122655586434,100.0,3.0,0.6,5.589495395422832,0.0,5,12.273270426435374,0.4,8.147787551768612,24.355938752855764,0.8,5.954778160693289,11.33821191975585,0.2,8.819732838628521,50.98871168027472,0.6,5.0251784260237375,100.0,1.0,0.0
109,actuated,0,0,170.37004991916683,53.240640599739635,1181418.1485062889,236283.62970125777,1229.6,51.233333333333334,43518.8763371487,1813.2865140478627,24.0,2.383723559362815,46.76656494663439,15.6,16,2.5113565596122656,0.65,46.76656494663439,100.0,3.2,0.64,3.1364773737244205,0.0,5,11.297732560899476,0.4,8.574214611947536,22.53509217227247,0.8,7.1081722566745675,0.0,0.0,0.0,100.0,1.0,0.0,100.0,1.0,0.0
110,actuated,0,0,101.40465442240911,33.80155147413637,2015713.6665801299,403142.733316026,1309.0,57.41228070175438,41178.193151490406,1806.0611031355443,22.8,2.3703101035166707,44.83814448638532,16.6,14,2.5049509126446172,0.7280701754385965,44.83814448638532,100.0,2.8,0.5599999999999999,3.404769746777196,0.0,5,11.243285183911667,0.2,8.894197591206956,12.947437248014921,0.6,8.129651142679025,0.0,0.0,0.0,100.0,1.0,0.0,100.0,1.0,0.0
111,actuated,0,0,291.7945511238184,85.82192680112306,1600291.7945511239,320058.35891022475,1389.0,60.391304347826086,39194.702423157476,1704.1174966590206,23.0,1.9578906463756711,41.10349857445863,16.4,13,2.0177721445176555,0.7130434782608696,41.10349857445863,100.0,2.6,0.52,1.6993511901423333,0.0,5,5.517492872293133,0.4,8.496755950711666,0.0,0.2,0.0,0.0,0.0,0.0,100.0,1.0,0.0,100.0,1.0,0.0
112,actuated,0,0,202.2393034574464,50.5598258643616,1000202.2393034578,200040.44786069155,1469.2,63.327586206896555,41022.192101226865,1768.1979353977097,23.2,2.600599521737201,54.554185905682516,16.4,16,2.3969871213513585,0.7068965517241379,54.554185905682516,100.0,3.2,0.64,2.087839346763633,0.0,5,10.53636946398683,0.4,8.556435141339898,0.0,0.0,0.0,62.23456006442575,0.8,1.8827615924782672,100.0,1.0,0.0,100.0,1.0,0.0
113,actuated,0,0,182.99283732060024,45.74820933015006,1000182.9928373207,200036.59856746413,1553.0,67.52173913043478,39721.068277495215,1727.0029685867485,23.0,3.639381133694295,63.2111303476413,17.4,18,4.0628169541286585,0.7565217391304347,63.2111303476413,100.0,3.6,0.72,3.4307468808817596,0.0,5,4.65613183421965,0.4,8.381435145996512,11.399519903986857,0.2,8.772299258412286,100.0,1.0,0.0,100.0,1.0,0.0,100.0,1.0,0.0
114,actuated,0,0,383.89925991176614,106.63868330882393,1001426.1318194192,200285.22636388385,1641.0,70.73275862068965,38413.468322640314,1655.7529449413928,23.2,3.9475472744289366,62.31495320577005,18.2,16,5.243229477580966,0.7844827586206896,62.31495320577005,100.0,3.2,0.64,1.7278966978813848,0.0,5,11.574766028850263,0.2,8.639483489406924,0.0,0.0,0.0,100.0,1.0,0.0,100.0,1.0,0.0,100.0,1.0,0.0
115,actuated,0,0,136.35921029295827,45.453070097652756,1712180.612423716,342436.12248474325,1734.0,69.91935483870968,42599.62000447606,1717.7266130837122,24.8,2.9707674502562327,60.00092777908867,19.4,17,3.9557780813029693,0.782258064516129,60.00092777908867,100.0,3.4,0.6799999999999999,1.640082808844745,0.0,5,0.004638895443349611,0.4,8.200414044223725,0.0,0.0,0.0,100.0,1.0,0.0,100.0,1.0,0.0,100.0,1.0,0.0
116,actuated,0,0,330.79460903776027,87.05121290467376,1002108.8839266987,200421.77678533975,1829.2,67.25,49171.568265835056,1807.7782450674654,27.2,2.8077543903004534,60.93487528562264,19.2,17,2.8986075151518795,0.7058823529411765,60.93487528562264,100.0,3.4,0.6799999999999999,1.664731193875252,0.0,5,4.674376428113192,0.4,8.32365596937626,0.0,0.0,0.0,100.0,1.0,0.0,100.0,1.0,0.0,100.0,1.0,0.0
117,actuated,0,0,106.244074765909,35.41469158863634,1853443.8795286254,370688.7759057251,1928.0,65.13513513513513,54125.02036416369,1828.5479852758003,29.6,3.1966232236653167,68.28938731766812,20.2,20,3.5869016049970215,0.6824324324324325,68.28938731766812,100.0,4.0,0.8,3.7676009683128475,0.0,5,22.036575638858267,0.4,9.079251453453566,19.41036094948231,0.6,9.758753388110673,100.0,1.0,0.0,100.0,1.0,0.0,100.0,1.0,0.0
118,actuated,0,0,459.38930381384824,127.60813994829118,1030568.7496466439,206113.74992932877,2028.6,67.62,57000.49282054085,1900.0164273513617,30.0,3.291956093249944,65.25310693431084,20.6,21,4.003983593546663,0.6866666666666666,65.25310693431084,100.0,4.2,0.8400000000000001,3.8503904932093405,0.0,5,0.38919353464507367,0.4,8.19717270610854,25.876341136909105,0.8,11.054779759938162,100.0,1.0,0.0,100.0,1.0,0.0,100.0,1.0,0.0
119,actuated,0,0,136.17378781285967,45.39126260428656,1855207.4010525104,371041.48021050205,2133.0,73.04794520547945,55566.023391019575,1902.9460065417663,29.2,3.429785890004125,67.56060275588788,21.2,19,4.179804083320149,0.726027397260274,67.56060275588788,100.0,3.8,0.76,4.323912867685522,0.0,5,21.582633556377004,0.4,9.272466694211158,16.22038022306242,0.4,12.347097644216449,100.0,1.0,0.0,100.0,1.0,0.0,100.0,1.0,0.0
120,actuated,0,0,202.76967241142611,77.98833554285619,2598563.50796193,519712.70159238594,2238.6,75.62837837837837,54119.697719338394,1828.3681661938647,29.6,2.993970409239725,62.05931317222621,22.2,21,4.095911391202411,0.75,62.05931317222621,100.0,4.2,0.8400000000000001,4.150885560927893,0.0,5,1.523211081575937,0.2,8.505576579179614,8.77335477955512,1.0,12.248851225459852,100.0,1.0,0.0,100.0,1.0,0.0,100.0,1.0,0.0
121,actuated,0,0,715.6385126882824,188.32592439165327,1000941.5159804437,200188.30319608873,2348.6,74.79617834394904,52985.988092915344,1687.4518500928452,31.4,2.392284862798414,67.14931514458567,22.4,21,3.0037702752107105,0.7133757961783439,67.14931514458567,100.0,4.2,0.8400000000000001,2.2776666523500357,0.0,5,0.0,0.4,0.0,35.746575722928355,0.8,11.388333261750178,100.0,1.0,0.0,100.0,1.0,0.0,100.0,1.0,0.0
122,actuated,0,0,279.8435840632405,69.96089601581012,1000279.8435840632,200055.96871681264,2463.2,76.4968944099379,56148.60771048149,1743.7455810708539,32.2,2.0155541115129805,60.0,23.2,17,1.8921835543014767,0.7204968944099379,60.0,100.0,3.4,0.6799999999999999,0.0,0.0,5,0.0,0.2,0.0,0.0,0.2,0.0,100.0,1.0,0.0,100.0,1.0,0.0,100.0,1.0,0.0
123,actuated,2,0,582.4343623259822,153.2722006121006,11005.698834314042,2201.1397668628083,2013.8,55.021857923497265,60660.76374469212,1657.3979165216426,36.6,2.14657450925619,68.2890130181695,23.2,21,2.287601975933722,0.6338797814207651,68.2890130181695,100.0,4.2,0.8400000000000001,3.2743795107747156,0.0,5,53.42814203969283,0.8,8.19314527449883,8.016923051154663,0.4,8.178752279374747,100.0,1.0,0.0,100.0,1.0,0.0,80.0,1.0,0.0
124,actuated,2,2,505.97467058184463,126.49366764546116,1500049.5986580353,300009.9197316071,1384.0,35.670103092783506,58335.14628122392,1503.483151577936,38.8,1.0989069716771322,83.7005417728924,24.8,23,1.1763681081854669,0.6391752577319587,83.7005417728924,100.0,4.6,0.9199999999999999,1.8978460832955775,0.0,5,100.0,1.0,0.0,81.01561477902351,1.0,7.360654897825916,100.0,1.0,0.0,100.0,1.0,0.0,37.48709408543846,0.6,2.128575518651971
125,actuated,2,2,598.0899452937851,149.5224863234463,1000598.089945294,200119.61798905878,903.6,23.051020408163264,64695.47572419395,1650.394788882499,39.2,0.8616116356287545,86.92854987025385,25.2,24,0.7550244486266304,0.6428571428571429,86.92854987025385,100.0,4.8,0.96,0.807976246466264,0.0,5,100.0,1.0,0.0,100.0,1.0,0.0,100.0,1.0,0.0,100.0,1.0,0.0,34.64274935126923,0.8,4.03988123233132
126,actuated,2,2,1076.6197584346523,256.3380377225363,207630.1096731419,41526.021934628385,997.0,24.55665024630542,66366.48649019511,1634.642524389042,40.6,1.006519379120771,83.30494708664719,28.6,24,1.3447766245688475,0.7044334975369458,83.30494708664719,100.0,4.8,0.96,1.169611564055014,0.0,5,100.0,1.0,0.0,100.0,1.0,0.0,100.0,1.0,0.0,100.0,1.0,0.0,16.524735433235946,0.8,5.84805782027507
127,actuated,2,2,1135.71182335355,236.60662986532293,1384.7280702067412,276.9456140413482,1145.0,26.877934272300468,66735.14049627776,1566.5525938093372,42.6,1.0523846461325363,85.24009048251582,31.0,24,1.3706965686557273,0.7276995305164319,85.24009048251582,100.0,4.8,0.96,0.8498629174871686,0.0,5,100.0,1.0,0.0,100.0,1.0,0.0,100.0,1.0,0.0,100.0,1.0,0.0,26.200452412579125,0.8,4.249314587435843
128,actuated,2,2,676.7810326034123,211.49407268856635,553552.552606141,110710.51052122819,1305.8,30.367441860465117,66864.51666396487,1554.98875962709,43.0,0.9119987510448969,87.38633073241454,34.2,23,1.4014901240060642,0.7953488372093023,87.38633073241454,100.0,4.6,0.9199999999999999,0.8389781721482015,0.0,5,100.0,1.0,0.0,100.0,1.0,0.0,100.0,1.0,0.0,100.0,1.0,0.0,36.93165366207268,0.6,4.194890860741007
129,actuated,2,2,437.4399210091842,218.7199605045921,4219642.93090442,843928.586180884,1484.2,34.677570093457945,68284.5995956879,1595.4345699927082,42.8,0.9804647223611482,84.36016377451188,36.8,24,1.8303000570715215,0.8598130841121495,84.36016377451188,100.0,4.8,0.96,1.134315846377311,0.0,5,100.0,1.0,0.0,100.0,1.0,0.0,100.0,1.0,0.0,100.0,1.0,0.0,21.800818872559375,0.8,5.671579231886556
130,actuated,2,2,123.86819800965318,77.41762375603324,3997051.7853774773,799410.3570754954,1669.2,39.933014354066984,67037.16803700887,1603.76000088538,41.8,1.0756544923763216,82.24727473587063,37.4,22,2.0037514941995758,0.8947368421052632,82.24727473587063,100.0,4.4,0.8800000000000001,1.7799336841876308,0.0,5,100.0,1.0,0.0,100.0,1.0,0.0,100.0,1.0,0.0,100.0,1.0,0.0,11.236373679353164,0.4,8.899668420938154
131,actuated,2,2,271.06302931424716,193.61644951017655,3288208.971457361,657641.7942914722,1858.0,44.02843601895734,67775.99745651403,1606.0662904387211,42.2,0.9987309331065068,82.29316422021384,38.4,21,1.9741762379164944,0.909952606635071,82.29316422021384,100.0,4.2,0.8400000000000001,1.7443146743441678,0.0,5,100.0,1.0,0.0,100.0,1.0,0.0,100.0,1.0,0.0,100.0,1.0,0.0,11.465821101069196,0.2,8.721573371720838
132,actuated,2,2,373.642617272401,233.52663579525063,3308403.5430888026,661680.7086177606,2049.2,47.43518518518518,68701.21738031507,1590.3059578776636,43.2,0.979148997718326,82.1002216234615,39.0,21,1.9234284041699414,0.9027777777777778,82.1002216234615,100.0,4.2,0.8400000000000001,1.9045609069615115,0.0,5,100.0,1.0,0.0,100.0,1.0,0.0,100.0,1.0,0.0,100.0,1.0,0.0,10.501108117307467,0.2,9.522804534807557
133,actuated,2,2,311.21582550165283,155.60791275082642,3000311.215825502,600062.2431651003,2244.0,51.705069124423964,69469.13679746553,1600.6713547803115,43.4,1.0078951942147392,81.895048146514,39.2,22,1.864550644511492,0.9032258064516129,81.895048146514,100.0,4.4,0.8800000000000001,1.6783808676525946,0.0,5,100.0,1.0,0.0,100.0,1.0,0.0,100.0,1.0,0.0,100.0,1.0,0.0,9.47524073257,0.4,8.391904338262973
134,actuated,2,2,201.4537420158759,143.89553001133993,3003558.353605228,600711.6707210456,2439.6,55.19457013574661,69150.9306120311,1564.500692579889,44.2,0.9953829439473606,81.23869918260834,40.0,22,1.938686642505059,0.9049773755656109,81.23869918260834,100.0,4.4,0.8800000000000001,1.7264977204054595,0.0,5,100.0,1.0,0.0,100.0,1.0,0.0,100.0,1.0,0.0,100.0,1.0,0.0,6.1934959130417155,0.4,8.632488602027298
135,actuated,2,2,884.6166589876915,315.9345210670327,2001229.9157652513,400245.98315305024,2639.0,58.12775330396476,73178.12673844337,1611.8530118599863,45.4,1.0126414430299597,81.90119212183163,40.2,22,1.828488606516549,0.8854625550660793,81.90119212183163,100.0,4.4,0.8800000000000001,1.6920288538932802,0.0,5,100.0,1.0,0.0,100.0,1.0,0.0,100.0,1.0,0.0,100.0,1.0,0.0,9.505960609158137,0.4,8.4601442694664
136,actuated,2,2,329.98010761247065,164.99005380623532,2057346.5492895693,411469.3098579139,2839.8,62.276315789473685,71512.4737222671,1568.256002681296,45.6,1.0480088439195638,81.94455670614161,40.8,22,1.9361399085071767,0.8947368421052632,81.94455670614161,100.0,4.4,0.8800000000000001,1.6547230102680626,0.0,5,100.0,1.0,0.0,100.0,1.0,0.0,100.0,1.0,0.0,100.0,1.0,0.0,9.722783530708057,0.4,8.273615051340313
137,actuated,2,2,18.43479607818885,18.43479607818885,5195373.90247019,1039074.780494038,3048.0,66.26086956521739,72976.96063000264,1586.4556658696226,46.0,0.9802111495570087,80.59779897555609,42.6,22,1.9639621960149076,0.9260869565217391,80.59779897555609,100.0,4.4,0.8800000000000001,1.6963191673345865,0.0,5,100.0,1.0,0.0,100.0,1.0,0.0,100.0,1.0,0.0,100.0,1.0,0.0,2.988994877780442,0.4,8.481595836672932
138,actuated,2,2,927.359386872733,331.1997810259761,2001237.3779923078,400247.4755984616,3258.0,68.73417721518987,76092.00176218542,1605.31649287311,47.4,1.0140259769699242,80.1258284925284,42.2,22,1.8463092244306276,0.890295358649789,80.1258284925284,100.0,4.4,0.8800000000000001,1.694184438399971,0.0,5,100.0,1.0,0.0,100.0,1.0,0.0,100.0,1.0,0.0,100.0,1.0,0.0,0.6291424626419939,0.4,8.470922191999854
139,actuated,2,2,203.8250770535555,169.85423087796292,3572004.8585316143,714400.9717063229,3472.4,71.74380165289256,74125.04886935127,1531.5092741601502,48.4,0.7201206095790453,80.2122087798366,44.2,22,1.4403036429937637,0.9132231404958677,80.2122087798366,100.0,4.4,0.8800000000000001,1.7222882366552947,0.0,5,100.0,1.0,0.0,100.0,1.0,0.0,100.0,1.0,0.0,100.0,1.0,0.0,1.0610438991830051,0.4,8.611441183276474
140,actuated,2,2,33.51436679125191,33.51436679125191,5166744.737389396,1033348.9474778792,3699.2,74.58064516129032,77285.04171678255,1558.1661636448096,49.6,0.544281537748525,85.05841314492227,46.4,22,1.100969816825121,0.9354838709677419,85.05841314492227,100.0,4.4,0.8800000000000001,1.2380677435944687,0.0,5,100.0,1.0,0.0,100.0,1.0,0.0,100.0,1.0,0.0,100.0,1.0,0.0,25.292065724611348,0.4,6.1903387179723435
141,actuated,4,2,1198.336126943555,315.35161235356713,3325.3309824938997,665.06619649878,2391.8,49.829166666666666,77747.054715449,1619.7303065718543,48.0,0.5205050523955324,68.0,35.4,21,0.6312000853471461,0.7375,68.0,100.0,4.2,0.8400000000000001,0.0,0.0,5,60.0,0.8,0.0,60.0,0.8,0.0,60.0,0.8,0.0,60.0,0.8,0.0,100.0,1.0,0.0
142,actuated,4,4,489.2286229444082,97.84572458888164,489.2286229444082,97.84572458888164,848.8,19.29090909090909,76838.95423527308,1746.339868983479,44.0,1.0234871752902575,46.50915093614003,20.2,18,0.326742268004604,0.4590909090909091,46.50915093614003,100.0,3.6,0.72,1.524626766930314,0.0,5,43.61228873553728,0.8,1.6752424813657931,27.565861538955687,0.6,1.8217596803177918,26.24628601643053,0.6,1.856791822222896,35.12131838977666,0.6,2.269339850745089,100.0,1.0,0.0
143,actuated,4,4,252.08638139332578,50.417276278665156,252.08638139332578,50.417276278665156,114.2,2.943298969072165,72799.75307607415,1876.282295775107,38.8,2.0079231419295898,45.84513638571843,7.0,20,0.631004216438299,0.18041237113402062,45.84513638571843,100.0,4.0,0.8,2.99112615854267,0.0,5,43.71024342406372,1.0,3.759143630865958,16.620830920730896,0.8,3.858621042579496,37.98115482238245,0.6,3.231311000065747,30.9134527614151,0.6,4.10655511920215,100.0,1.0,0.0
144,actuated,4,4,226.95166397809982,45.39033279561996,226.95166397809982,45.39033279561996,94.6,2.613259668508287,67626.0721368731,1868.123539692627,36.2,2.9240854968117533,37.99578938707691,7.0,21,1.1980608790077243,0.19337016574585636,37.99578938707691,100.0,4.2,0.8400000000000001,3.8583616216224024,0.0,5,25.505142044244167,0.8,5.528068965722666,11.189676415924623,0.8,5.744342016260563,43.264556477581664,0.8,3.129286112177599,10.019571997634102,0.8,4.890111013951184,100.0,1.0,0.0
145,actuated,4,4,373.0658709282913,74.61317418565827,373.0658709282913,74.61317418565827,140.0,3.6649214659685865,56277.56371076966,1473.234652114389,38.2,2.060823672320219,76.97167958628324,13.2,23,1.0677959816982345,0.34554973821989526,76.97167958628324,100.0,4.6,0.9199999999999999,2.7810617059792775,0.0,5,47.20672553730765,0.8,5.549547155572956,73.46662616001595,0.8,4.1994626676290325,64.18504623409262,1.0,4.1562987066943995,100.0,1.0,0.0,100.0,1.0,0.0
146,actuated,4,4,978.0221663260118,195.60443326520235,978.0221663260118,195.60443326520235,244.4,5.710280373831775,64706.47912759867,1511.8336244766044,42.8,0.6785526960519715,100.0,27.4,25,0.4093297518031165,0.6401869158878505,100.0,100.0,5.0,1.0,0.0,0.0,5,100.0,1.0,0.0,100.0,1.0,0.0,100.0,1.0,0.0,100.0,1.0,0.0,100.0,1.0,0.0
147,actuated,2,4,954.3451680104356,190.86903360208711,954.3451680104356,190.86903360208711,300.6,6.739910313901345,70753.61512830389,1586.403926643585,44.6,0.6907291482996719,96.0,33.2,25,0.3268163337699942,0.7443946188340808,96.0,100.0,5.0,1.0,0.0,0.0,5,100.0,1.0,0.0,100.0,1.0,0.0,100.0,1.0,0.0,100.0,1.0,0.0,80.0,1.0,0.0
148,actuated,2,2,633.8969798437905,186.44028818935016,112694.50502077505,22538.90100415501,372.2,8.056277056277056,70382.67741427541,1523.4345760665674,46.2,0.4640345481500783,86.71907683581367,35.8,23,0.4172795265632625,0.7748917748917749,86.71907683581367,100.0,4.6,0.9199999999999999,0.35820692798317844,0.0,5,100.0,1.0,0.0,100.0,1.0,0.0,100.0,1.0,0.0,100.0,1.0,0.0,33.59538417906833,0.6,1.791034639915892
149,actuated,2,2,339.9064688183049,212.44154301144056,2298883.883799276,459776.77675985516,512.2,11.086580086580087,72971.15119591657,1579.4621470977613,46.2,0.407351520072357,83.4702182253568,37.8,23,0.7814270663141968,0.8181818181818182,83.4702182253568,100.0,4.6,0.9199999999999999,0.7947358654107948,0.0,5,100.0,1.0,0.0,100.0,1.0,0.0,100.0,1.0,0.0,100.0,1.0,0.0,17.351091126784013,0.6,3.973679327053974
150,actuated,2,2,299.4923019543777,149.74615097718885,5307279.257943863,1061455.8515887726,691.8,14.84549356223176,73036.48075605495,1567.3064539925954,46.6,0.566858124547797,88.54688710906703,38.4,24,0.9617255136048163,0.8240343347639485,88.54688710906703,100.0,4.8,0.96,1.0511764887224093,0.0,5,100.0,1.0,0.0,100.0,1.0,0.0,100.0,1.0,0.0,100.0,1.0,0.0,42.734435545335145,0.8,5.255882443612046
151,actuated,2,2,534.3292501853784,242.87693190244474,2023048.1566317626,404609.63132635254,892.0,18.429752066115704,74039.76860060163,1529.7472851363973,48.4,0.36248627312374027,100.0,41.8,25,0.5961723222236004,0.8636363636363636,100.0,100.0,5.0,1.0,0.0,0.0,5,100.0,1.0,0.0,100.0,1.0,0.0,100.0,1.0,0.0,100.0,1.0,0.0,100.0,1.0,0.0
152,actuated,2,2,889.1085720996622,341.964835422947,1602928.4859328063,320585.69718656124,1111.6,21.7109375,78387.64032246002,1531.0086000480474,51.2,0.19702306088207752,100.0,45.8,25,0.21822574998804453,0.89453125,100.0,100.0,5.0,1.0,0.0,0.0,5,100.0,1.0,0.0,100.0,1.0,0.0,100.0,1.0,0.0,100.0,1.0,0.0,100.0,1.0,0.0
153,actuated,2,2,628.5820899798019,349.21227221100105,3347205.9868290173,669441.1973658034,1347.2,25.907692307692308,79262.85397699998,1524.2856534038458,52.0,0.10885802002367435,100.0,49.2,25,0.1509294623095716,0.9461538461538461,100.0,100.0,5.0,1.0,0.0,0.0,5,100.0,1.0,0.0,100.0,1.0,0.0,100.0,1.0,0.0,100.0,1.0,0.0,100.0,1.0,0.0
154,actuated,2,2,0.0,0.0,8777368.789508222,1755473.7579016443,1602.0,30.807692307692307,78692.84831804172,1513.3240061161869,52.0,0.001360364805642842,100.0,51.8,25,0.005567307811418321,0.9961538461538462,100.0,100.0,5.0,1.0,0.0,0.0,5,100.0,1.0,0.0,100.0,1.0,0.0,100.0,1.0,0.0,100.0,1.0,0.0,100.0,1.0,0.0
155,actuated,2,2,143.58341473514798,143.58341473514798,5320552.683550882,1064110.5367101764,1862.0,35.39923954372624,80250.27034789216,1525.6705389333113,52.6,0.0074568561833134326,100.0,52.2,25,0.027264365024648733,0.9923954372623575,100.0,100.0,5.0,1.0,0.0,0.0,5,100.0,1.0,0.0,100.0,1.0,0.0,100.0,1.0,0.0,100.0,1.0,0.0,100.0,1.0,0.0
156,actuated,2,2,548.8352106108811,457.36267550906757,3401199.7315782174,680239.9463156435,2122.0,39.44237918215613,82301.01163619613,1529.7585805984409,53.8,0.05694498905447671,100.0,52.2,25,0.09445035860776034,0.9702602230483272,100.0,100.0,5.0,1.0,0.0,0.0,5,100.0,1.0,0.0,100.0,1.0,0.0,100.0,1.0,0.0,100.0,1.0,0.0,100.0,1.0,0.0
157,actuated,2,2,442.04006414739496,442.04006414739496,3027741.7900136523,605548.3580027304,2382.8,43.96309963099631,82207.02145785435,1516.7347132445452,54.2,0.0513653902183389,100.0,52.8,25,0.10199720837505245,0.974169741697417,100.0,100.0,5.0,1.0,0.0,0.0,5,100.0,1.0,0.0,100.0,1.0,0.0,100.0,1.0,0.0,100.0,1.0,0.0,100.0,1.0,0.0
158,actuated,2,2,285.31217013132493,285.31217013132493,6676026.807528511,1335205.3615057021,2651.0,48.2,83829.43373145716,1524.1715223901301,55.0,0.01694566653606062,100.0,54.0,25,0.0386624414426182,0.9818181818181818,100.0,100.0,5.0,1.0,0.0,0.0,5,100.0,1.0,0.0,100.0,1.0,0.0,100.0,1.0,0.0,100.0,1.0,0.0,100.0,1.0,0.0
159,actuated,2,2,321.4957061429006,321.4957061429006,4091364.313660105,818272.862732021,2921.2,53.11272727272727,83641.75621262348,1520.7592038658815,55.0,0.02456177653543533,100.0,54.2,25,0.06272247526239053,0.9854545454545455,100.0,100.0,5.0,1.0,0.0,0.0,5,100.0,1.0,0.0,100.0,1.0,0.0,100.0,1.0,0.0,100.0,1.0,0.0,100.0,1.0,0.0
160,actuated,2,2,0.0,0.0,4786718.9123527575,957343.7824705516,3195.0,57.46402877697842,84750.30643075288,1524.2860868840448,55.6,0.00556428307603743,100.0,55.2,25,0.0198762255997638,0.9928057553956835,100.0,100.0,5.0,1.0,0.0,0.0,5,100.0,1.0,0.0,100.0,1.0,0.0,100.0,1.0,0.0,100.0,1.0,0.0,100.0,1.0,0.0
161,actuated,2,2,274.95613396391707,274.95613396391707,5283888.449935665,1056777.689987133,3471.2,61.32862190812721,86099.57155744468,1521.1938437711074,56.6,0.015370916218291302,100.0,55.8,25,0.038911635904123075,0.9858657243816255,100.0,100.0,5.0,1.0,0.0,0.0,5,100.0,1.0,0.0,100.0,1.0,0.0,100.0,1.0,0.0,100.0,1.0,0.0,100.0,1.0,0.0
162,actuated,2,2,122.37085046501038,122.37085046501038,6384707.50265243,1276941.500530486,3752.2,65.8280701754386,86514.38923324083,1517.7963023375585,57.0,0.006985201678732971,100.0,56.6,25,0.029727255297897076,0.9929824561403509,100.0,100.0,5.0,1.0,0.0,0.0,5,100.0,1.0,0.0,100.0,1.0,0.0,100.0,1.0,0.0,100.0,1.0,0.0,100.0,1.0,0.0
163,actuated,2,2,0.0,0.0,5708746.863658323,1141749.3727316647,4037.0,70.82456140350877,86696.9491235404,1520.9991074305335,57.0,8.16949174395316e-07,100.0,57.0,25,4.002217246113025e-06,1.0,100.0,100.0,5.0,1.0,0.0,0.0,5,100.0,1.0,0.0,100.0,1.0,0.0,100.0,1.0,0.0,100.0,1.0,0.0,100.0,1.0,0.0
164,actuated,2,2,0.0,0.0,5000000.0,1000000.0,4322.0,75.82456140350877,86697.0,1521.0,57.0,0.0,100.0,57.0,25,0.0,1.0,100.0,100.0,5.0,1.0,0.0,0.0,5,100.0,1.0,0.0,100.0,1.0,0.0,100.0,1.0,0.0,100.0,1.0,0.0,100.0,1.0,0.0
165,actuated,0,2,565.5447290141234,471.2872741784362,2602949.126047366,520589.82520947314,3959.8,71.47653429602889,86001.92895905227,1552.3813891525679,55.4,0.07122019945588928,88.0,50.6,24,0.12046196917134545,0.9133574007220217,88.0,100.0,4.8,0.96,0.0,0.0,5,60.0,0.8,0.0,80.0,1.0,0.0,100.0,1.0,0.0,100.0,1.0,0.0,100.0,1.0,0.0
166,actuated,0,0,496.63122914328534,165.54374304776178,2000496.6312291436,400099.3262458287,3042.4,57.621212121212125,86310.04695409688,1634.6599801912287,52.8,0.4459187131172271,58.45352488090066,38.2,19,0.46806839441490833,0.7234848484848485,58.45352488090066,100.0,3.8000000000000003,0.76,1.1229662471201116,0.0,5,28.433014279071358,0.6,1.9019920621596915,34.78722297958939,0.6,1.9658821431282243,100.0,1.0,0.0,100.0,1.0,0.0,29.04738714584255,0.6,1.7469570303126423
167,actuated,0,0,259.0302717380488,86.34342391268292,2000259.0302717383,400051.80605434766,2359.6,47.192,84758.52236035318,1695.1704472070637,50.0,1.0845379940247915,70.40625964881474,30.4,22,1.1869698101568975,0.608,70.40625964881474,100.0,4.4,0.8800000000000001,1.5829169390016395,0.0,5,16.16926179136499,0.8,4.275022199506922,35.86203645270871,0.6,3.6395624955012753,100.0,1.0,0.0,100.0,1.0,0.0,100.0,1.0,0.0
168,actuated,0,0,223.1047349414336,74.36824498047787,2000223.1047349412,400044.62094698823,2244.6,46.7625,82965.43753481554,1728.4466153086573,48.0,1.7229629832050395,69.5693055632064,29.2,23,1.9635260732317354,0.6083333333333333,69.5693055632064,100.0,4.6,0.9199999999999999,2.4211641428533524,0.0,5,20.378419908645355,0.8,6.164036287656836,27.46810790738664,0.8,5.9417844266099245,100.0,1.0,0.0,100.0,1.0,0.0,100.0,1.0,0.0
169,actuated,0,0,215.1019624111696,89.62581767132068,2001412.4635253258,400282.4927050652,2395.8,52.31004366812227,77441.19564779733,1690.8558001702472,45.8,2.032992226159588,69.6433588731802,31.8,21,2.4535346286223363,0.6943231441048034,69.6433588731802,100.0,4.2,0.8400000000000001,2.979731245358348,0.0,5,26.275773729889806,0.4,7.621629701994822,21.941020636011217,0.8,7.277026524796918,100.0,1.0,0.0,100.0,1.0,0.0,100.0,1.0,0.0
170,actuated,0,0,29.015531220741725,14.507765610370862,2047845.343879154,409569.0687758308,2564.0,58.80733944954128,75255.89715023313,1726.0526869319524,43.6,2.373559051215544,66.23098892907592,34.8,20,2.916779426119699,0.7981651376146789,66.23098892907592,100.0,4.0,0.8,3.338714721019302,0.0,5,19.361839124919697,0.6,8.214042931304977,11.793105520459903,0.4,8.479530673791531,100.0,1.0,0.0,100.0,1.0,0.0,100.0,1.0,0.0
171,actuated,0,0,26.595500127309815,13.297750063654908,4123824.9235602333,824764.9847120467,2739.0,62.534246575342465,74930.26514502196,1710.73664714662,43.8,2.6297782681787414,65.51926410014539,35.0,19,3.2756544731300616,0.7990867579908676,65.51926410014539,100.0,3.8,0.76,3.556865824459833,0.0,5,11.269146871018165,0.2,8.873786200903869,16.327173629708795,0.6,8.910542921395297,100.0,1.0,0.0,100.0,1.0,0.0,100.0,1.0,0.0
172,actuated,0,0,24.067394718451396,12.033697359225698,4736454.3387416145,947290.8677483229,2914.0,65.63063063063063,78396.02183489194,1765.6761674525212,44.4,2.9404145032102695,68.73176143103456,35.2,21,3.695517105680304,0.7927927927927928,68.73176143103456,100.0,4.2,0.8400000000000001,3.6977378187880228,0.0,5,14.006499815673124,0.6,8.356470311193414,29.652307339499657,0.6,10.1322187827467,100.0,1.0,0.0,100.0,1.0,0.0,100.0,1.0,0.0
173,actuated,0,0,23.1911922755177,11.59559613775885,3000023.191192276,600004.6382384552,3089.0,71.50462962962963,75349.4120345326,1744.1993526512174,43.2,3.1331392739902832,67.14227565027295,35.2,22,3.9999225773738742,0.8148148148148148,67.14227565027295,100.0,4.4,0.8800000000000001,3.9680592433033155,0.0,5,17.009992963680816,1.0,9.145873674613672,18.701385287683934,0.4,10.694422541902904,100.0,1.0,0.0,100.0,1.0,0.0,100.0,1.0,0.0
174,actuated,0,0,28.245980498887736,14.122990249443868,5022559.022116975,1004511.804423395,3264.0,76.98113207547169,74248.86236254335,1751.152414210928,42.4,2.94639755117341,63.938544990850914,35.0,19,4.09467999083085,0.8254716981132075,63.938544990850914,100.0,3.8,0.76,2.246480439011648,0.0,5,0.0,0.0,0.0,19.692724954254572,0.8,11.23240219505824,100.0,1.0,0.0,100.0,1.0,0.0,100.0,1.0,0.0
175,actuated,0,0,23.233651277363066,11.616825638681533,8549232.185855148,1709846.4371710296,3439.0,81.49289099526067,73435.61911473125,1740.1805477424468,42.2,3.105738965974853,66.60812323762411,35.2,23,3.9715881374481268,0.8341232227488151,66.60812323762411,100.0,4.6,0.9199999999999999,4.223242249223065,0.0,5,10.96499140561491,0.8,8.557864948786095,22.075624782505656,0.8,12.55834629732923,100.0,1.0,0.0,100.0,1.0,0.0,100.0,1.0,0.0
176,actuated,0,0,32.69417527329003,16.347087636645014,9294923.422153918,1858984.6844307836,3614.0,86.875,67207.82664594313,1615.5727559120944,41.6,2.1726679774371025,61.570110258986006,35.2,19,2.7342132364436043,0.8461538461538461,61.570110258986006,100.0,3.8,0.76,4.204369234603225,0.0,5,3.8124537891349064,0.4,8.222707981150597,4.038097505795122,0.4,12.799138191865525,100.0,1.0,0.0,100.0,1.0,0.0,100.0,1.0,0.0
177,actuated,0,0,31.959295493907398,15.979647746953699,8598099.135261647,1719619.8270523294,3789.0,89.36320754716981,68931.8532274624,1625.7512553646793,42.4,2.2225000298194972,61.122188097284834,35.4,19,2.7885709457006724,0.8349056603773585,61.122188097284834,100.0,3.8,0.76,1.728302744403193,0.0,5,5.61094048642417,0.8,8.641513722015965,0.0,0.0,0.0,100.0,1.0,0.0,100.0,1.0,0.0,100.0,1.0,0.0
178,actuated,0,0,32.72749759289406,16.36374879644703,3000032.7274975926,600006.5454995185,3964.0,93.49056603773585,69724.77451247719,1644.452229067858,42.4,2.145778679731237,67.34611988664938,35.2,19,2.6795433346517954,0.8301886792452831,67.34611988664938,100.0,3.8,0.76,3.33174962635711,0.0,5,1.8084511726760866,0.2,8.063333053886888,34.92214826057079,0.6,8.595415077898664,100.0,1.0,0.0,100.0,1.0,0.0,100.0,1.0,0.0
179,actuated,0,0,35.61045567479409,17.805227837397045,6247975.7803479405,1249595.1560695881,4139.0,99.01913875598086,70184.30226415781,1679.0502934009046,41.8,1.9771599713947225,60.38727454065429,35.4,18,2.4728203594087277,0.84688995215311,60.38727454065429,100.0,3.6,0.72,1.706723705437034,0.0,5,1.936372703271445,0.6,8.53361852718517,0.0,0.0,0.0,100.0,1.0,0.0,100.0,1.0,0.0,100.0,1.0,0.0
180,actuated,0,0,39.35933753155093,19.679668765775464,8197548.133313325,1639509.626662665,4314.2,101.75,68181.09023577138,1608.0445810323438,42.4,1.776668827192936,66.77110086018956,35.6,19,2.209253633258068,0.839622641509434,66.77110086018956,100.0,3.8,0.76,3.5076572351624336,0.0,5,11.5672525446098,0.2,8.645095247496675,22.288251756338013,0.6,8.893190928315494,100.0,1.0,0.0,100.0,1.0,0.0,100.0,1.0,0.0
181,actuated,0,0,59.396432694828796,29.698216347414398,8213144.972497731,1642628.9944995462,4498.0,101.76470588235294,71578.48214716351,1619.4226730127489,44.2,1.2318538634981728,62.30651546230274,38.0,16,1.58273148682444,0.8597285067873304,62.30651546230274,100.0,3.2,0.64,1.73421772599198,0.0,5,11.532577311513705,0.2,8.6710886299599,0.0,0.0,0.0,100.0,1.0,0.0,100.0,1.0,0.0,100.0,1.0,0.0
182,actuated,0,0,65.69619250978477,32.84809625489238,7590840.0718393205,1518168.014367864,4690.4,101.08620689655173,73374.96224215566,1581.3569448740445,46.4,1.093770704947386,85.36511735775593,39.4,23,1.3900349909926113,0.8491379310344828,85.36511735775593,100.0,4.6,0.9199999999999999,2.757679100485032,0.0,5,40.1326036561386,0.6,7.835826859425608,86.69298313264107,1.0,5.952568642999551,100.0,1.0,0.0,100.0,1.0,0.0,100.0,1.0,0.0
183,actuated,2,0,326.67784476145204,125.64532490825079,7753648.207157697,1550729.6414315393,4652.2,96.92083333333333,74473.7336518011,1551.5361177458565,48.0,0.8029744513149824,96.0,39.6,25,1.0200840207318893,0.825,96.0,100.0,5.0,1.0,0.0,0.0,5,100.0,1.0,0.0,100.0,1.0,0.0,100.0,1.0,0.0,100.0,1.0,0.0,80.0,1.0,0.0
184,actuated,2,2,295.78180425099157,113.76223240422752,8426494.141736727,1685298.8283473453,4537.8,94.5375,75841.99619287641,1580.041587351592,48.0,0.43097730010187385,88.20653966282816,39.0,24,0.4438494964158585,0.8125,88.20653966282816,100.0,4.8,0.96,0.3185734785282391,0.0,5,100.0,1.0,0.0,100.0,1.0,0.0,100.0,1.0,0.0,100.0,1.0,0.0,41.032698314140816,0.8,1.5928673926411954
185,actuated,2,2,440.2261677037924,157.223631322783,3914290.6558742695,782858.1311748539,4436.2,93.59071729957806,77287.79177942965,1630.5441303677142,47.4,0.6480905859702188,85.25123162529599,37.4,25,0.9053716977084905,0.7890295358649789,85.25123162529599,100.0,5.0,1.0,0.703946672000862,0.0,5,100.0,1.0,0.0,100.0,1.0,0.0,100.0,1.0,0.0,100.0,1.0,0.0,26.25615812647993,1.0,3.51973336000431
186,actuated,2,2,456.5564014006487,175.59861592332643,2001405.3072817258,400281.06145634514,4603.2,97.11392405063292,77670.03451628007,1638.6083231282714,47.4,0.9363073935124562,84.91577571177459,37.8,23,1.4969345073368578,0.7974683544303798,84.91577571177459,100.0,4.6,0.9199999999999999,1.1295979756802275,0.0,5,100.0,1.0,0.0,100.0,1.0,0.0,100.0,1.0,0.0,100.0,1.0,0.0,24.57887855887293,0.6,5.6479898784011375
187,actuated,2,2,532.8644834188074,177.62149447293578,6068943.899663862,1213788.7799327723,4795.2,100.31799163179916,77531.47847466104,1621.997457628892,47.8,1.1424821291059495,83.01637924076567,39.6,24,1.929494071613638,0.8284518828451883,83.01637924076567,100.0,4.8,0.96,1.3934156098358508,0.0,5,100.0,1.0,0.0,100.0,1.0,0.0,100.0,1.0,0.0,100.0,1.0,0.0,15.081896203828364,0.8,6.967078049179253
188,actuated,2,2,545.3449454639833,194.76605195142264,4832613.289630407,966522.6579260813,4994.2,102.76131687242798,76283.83866590062,1569.6263099979553,48.6,1.214005747671203,80.45855802437654,40.6,24,1.9238067299509172,0.8353909465020576,80.45855802437654,100.0,4.8,0.96,1.5012924760546928,0.0,5,100.0,1.0,0.0,100.0,1.0,0.0,100.0,1.0,0.0,100.0,1.0,0.0,2.2927901218827174,0.8,7.506462380273464
189,actuated,2,2,376.8311278091356,171.2868762768798,2004927.225094619,400985.4450189238,5203.2,104.90322580645162,77309.46623286116,1558.6585934044588,49.6,1.061431377921015,81.9492853203592,43.6,22,1.896651642901837,0.8790322580645161,81.9492853203592,100.0,4.4,0.8800000000000001,1.7498540651239451,0.0,5,100.0,1.0,0.0,100.0,1.0,0.0,100.0,1.0,0.0,100.0,1.0,0.0,9.746426601795974,0.4,8.749270325619726
190,actuated,2,2,18.532562507377172,18.532562507377172,5131230.638558909,1026246.1277117819,5430.0,109.91902834008097,78248.77641400733,1583.983328218772,49.4,0.9741410766132141,82.28097206929124,46.2,21,1.9551027318828307,0.9352226720647774,82.28097206929124,100.0,4.2,0.8400000000000001,1.7536383079179536,0.0,5,100.0,1.0,0.0,100.0,1.0,0.0,100.0,1.0,0.0,100.0,1.0,0.0,11.40486034645619,0.2,8.768191539589768
191,actuated,2,2,18.63159934770686,18.63159934770686,12091637.984051567,2418327.5968103134,5660.0,114.5748987854251,77753.51772176256,1573.9578486186751,49.4,0.97173255966293,80.35378710330497,46.2,22,1.9556285302441523,0.9352226720647774,80.35378710330497,100.0,4.4,0.8800000000000001,1.7861714913170723,0.0,5,100.0,1.0,0.0,100.0,1.0,0.0,100.0,1.0,0.0,100.0,1.0,0.0,1.7689355165248344,0.4,8.930857456585361
192,actuated,2,2,18.987098086065696,18.987098086065696,8954012.42532381,1790802.4850647622,5890.0,119.23076923076923,78428.71722134284,1587.6258546830534,49.4,0.9491590845188823,82.29612684452786,46.2,21,1.9051364741735801,0.9352226720647774,82.29612684452786,100.0,4.2,0.8400000000000001,1.7420640368944837,0.0,5,100.0,1.0,0.0,100.0,1.0,0.0,100.0,1.0,0.0,100.0,1.0,0.0,11.48063422263931,0.2,8.710320184472419
193,actuated,2,2,18.216355373108396,18.216355373108396,6735825.312860258,1347165.0625720515,6120.0,123.88663967611336,78457.21090760245,1588.2026499514666,49.4,0.9927128971620938,82.15482044566397,46.2,21,1.9965542254472322,0.9352226720647774,82.15482044566397,100.0,4.2,0.8400000000000001,1.8563031588311598,0.0,5,100.0,1.0,0.0,100.0,1.0,0.0,100.0,1.0,0.0,100.0,1.0,0.0,10.774102228319862,0.2,9.2815157941558
194,actuated,2,2,18.484076123699616,18.484076123699616,5647038.560510902,1129407.7121021803,6350.0,128.5425101214575,78418.61683178022,1587.421393355875,49.4,0.9780333364992486,82.16717838597197,46.2,21,1.9665526421252846,0.9352226720647774,82.16717838597197,100.0,4.2,0.8400000000000001,1.84571792792499,0.0,5,100.0,1.0,0.0,100.0,1.0,0.0,100.0,1.0,0.0,100.0,1.0,0.0,10.835891929859827,0.2,9.22858963962495
195,actuated,2,2,18.764203511025666,18.764203511025666,5667951.586243318,1133590.3172486636,6580.0,133.19838056680163,77896.15814223974,1576.8453065230717,49.4,0.9616562666008242,80.66879629426694,46.2,22,1.9317676998811095,0.9352226720647774,80.66879629426694,100.0,4.4,0.8800000000000001,1.7323535734415052,0.0,5,100.0,1.0,0.0,100.0,1.0,0.0,100.0,1.0,0.0,100.0,1.0,0.0,3.3439814713347005,0.4,8.661767867207526
196,actuated,2,2,18.901157179408038,18.901157179408038,10567759.51079725,2113551.9021594496,6810.0,137.85425101214574,78274.98158278983,1584.5137972224663,49.4,0.9566139594685251,82.20234695258569,46.2,21,1.923647441357858,0.9352226720647774,82.20234695258569,100.0,4.2,0.8400000000000001,1.8162442549316602,0.0,5,100.0,1.0,0.0,100.0,1.0,0.0,100.0,1.0,0.0,100.0,1.0,0.0,11.011734762928427,0.2,9.0812212746583
197,actuated,2,2,19.348539563098647,19.348539563098647,4000019.3485395634,800003.8697079127,7040.0,142.51012145748987,78204.08404254097,1583.0786243429347,49.4,0.9322438996153711,82.30625352067455,46.2,21,1.8721912467770765,0.9352226720647774,82.30625352067455,100.0,4.2,0.8400000000000001,1.7344146964510905,0.0,5,100.0,1.0,0.0,100.0,1.0,0.0,100.0,1.0,0.0,100.0,1.0,0.0,11.531267603372726,0.2,8.672073482255453
198,actuated,2,2,19.450397536033176,19.450397536033176,4000019.450397536,800003.8900795073,7270.0,146.57258064516128,77587.83960006936,1564.270959678818,49.6,0.9289111054414748,82.26262790137662,46.2,21,1.8673882485925049,0.9314516129032258,82.26262790137662,100.0,4.2,0.8400000000000001,1.767855862453715,0.0,5,100.0,1.0,0.0,100.0,1.0,0.0,100.0,1.0,0.0,100.0,1.0,0.0,11.31313950688309,0.2,8.839279312268575
199,actuated,2,2,29.581477609605223,29.581477609605223,4000029.58147761,800005.916295522,7502.0,148.2608695652174,78213.38486133344,1545.7190684057991,50.6,0.632390668537902,82.37624597615923,47.0,21,1.2953487342552337,0.9288537549407114,82.37624597615923,100.0,4.2,0.8400000000000001,1.6833274164930017,0.0,5,100.0,1.0,0.0,100.0,1.0,0.0,100.0,1.0,0.0,100.0,1.0,0.0,11.881229880796127,0.2,8.416637082465009
200,actuated,2,2,37.79370125786007,37.79370125786007,4000037.7937012585,800007.5587402517,7740.0,150.58365758754863,79412.15685577044,1544.9835964157674,51.4,0.4935245700709119,88.4086250147111,48.2,23,1.0100309879449971,0.9377431906614786,88.4086250147111,100.0,4.6,0.9199999999999999,1.4770573170873484,0.0,5,100.0,1.0,0.0,100.0,1.0,0.0,100.0,1.0,0.0,100.0,1.0,0.0,42.04312507355553,0.6,7.385286585436742
201,actuated,4,2,666.219687490194,302.8271306773609,2002659.4329299978,400531.8865859996,6851.8,134.8779527559055,80294.4363746002,1580.5991412322876,50.8,0.4494783354800676,92.0,43.2,25,0.7722632759670928,0.8503937007874016,92.0,100.0,5.0,1.0,0.0,0.0,5,80.0,1.0,0.0,100.0,1.0,0.0,80.0,1.0,0.0,100.0,1.0,0.0,100.0,1.0,0.0
202,actuated,4,4,304.6685670714349,101.55618902381163,2000304.6685670712,400060.93371341424,5494.6,110.77822580645162,81439.37859670723,1641.922955578775,49.6,0.6144242331529132,75.62656583944863,36.4,21,0.5816112717338867,0.7338709677419355,75.62656583944863,100.0,4.2,0.8400000000000001,0.8512915259808629,0.0,5,38.690914129319935,0.6,2.0131232942955966,100.0,1.0,0.0,39.44191506792322,0.6,2.2433343356087185,100.0,1.0,0.0,100.0,1.0,0.0
203,actuated,4,4,176.5757829846201,58.8585943282067,2000176.575782985,400035.315156597,4465.6,93.81512605042016,81278.88836458276,1707.5396715248478,47.6,1.1168741460508098,74.33077097777004,30.0,22,1.0996054332037242,0.6302521008403361,74.33077097777004,100.0,4.4,0.8800000000000001,1.5322197901190329,0.0,5,31.55022603817997,0.6,3.986392220307874,100.0,1.0,0.0,40.10362885067025,0.8,3.6747067302872902,100.0,1.0,0.0,100.0,1.0,0.0
204,actuated,4,4,178.27350502062788,59.42450167354263,2000178.2735050202,400035.65470100404,4446.2,96.23809523809524,80358.39827694316,1739.3592700637046,46.2,1.672719872093671,65.5531119764837,30.2,23,1.8087729475546643,0.6536796536796536,65.5531119764837,100.0,4.6,0.9199999999999999,2.1903695792652647,0.0,5,15.170534624417087,0.8,5.3586115485456665,100.0,1.0,0.0,12.595025258001442,0.8,5.593236347780659,100.0,1.0,0.0,100.0,1.0,0.0
205,actuated,4,4,468.7435579072344,137.86575232565718,1400865.1728294562,280173.03456589126,3997.0,90.42986425339366,75038.35384202618,1697.7003131680128,44.2,1.8848560703841033,63.34367701138672,30.0,24,2.1467167015560653,0.6787330316742082,63.34367701138672,100.0,4.8,0.96,2.662204460686694,0.0,5,9.551350318411096,1.0,6.855993236382087,100.0,1.0,0.0,27.16703473852249,0.8,6.4550290670513855,80.0,1.0,0.0,100.0,1.0,0.0
206,actuated,4,4,616.1250761973806,154.03126904934516,800931.9336784126,160186.38673568252,2600.4,61.04225352112676,71156.22688765501,1670.333964498944,42.6,1.7509731796661405,56.51065701488915,26.6,18,1.8955509725903803,0.6244131455399061,56.51065701488915,100.0,3.6,0.72,2.7097109129356247,0.0,5,11.92696676590458,0.2,8.38436141918902,100.0,1.0,0.0,20.46256031388566,0.8,3.1049736111392354,50.1637579946555,0.6,2.059219534349867,100.0,1.0,0.0
207,actuated,4,4,531.301348460365,132.82533711509126,772532.9194662081,154506.58389324162,1154.8,27.235849056603772,67173.94121608265,1584.2910664170436,42.4,1.4133085253309416,56.12635287728881,22.6,19,1.383658973467817,0.5330188679245284,56.12635287728881,100.0,3.8,0.76,2.487358829399372,0.0,5,6.385685586265026,0.4,6.350016387820633,26.532090670370962,0.6,1.8119425422735638,47.71398812980806,0.8,4.274835216902663,100.0,1.0,0.0,100.0,1.0,0.0
208,actuated,4,4,323.62536815264235,80.90634203816059,1000323.6253681527,200064.72507363054,534.2,12.481308411214954,67931.56659353203,1587.1861353628979,42.8,1.3677468348195192,74.80028820865391,21.6,22,1.1628264621352629,0.5046728971962616,74.80028820865391,100.0,4.4,0.8800000000000001,1.43944575241715,0.0,5,12.069027682805427,0.6,5.2388463243058645,100.0,1.0,0.0,61.932413360464125,0.8,1.9583824377798855,100.0,1.0,0.0,100.0,1.0,0.0
209,actuated,4,4,385.9596817341941,96.48992043354852,1000385.9596817341,200077.19193634682,596.6,13.083333333333334,72791.57398621077,1596.3064470660256,45.6,1.4536398880998473,87.64411387846667,26.8,24,1.3788321354203454,0.5877192982456141,87.64411387846667,100.0,4.8,0.96,0.7986978042607165,0.0,5,38.220569392333346,0.8,3.9934890213035823,100.0,1.0,0.0,100.0,1.0,0.0,100.0,1.0,0.0,100.0,1.0,0.0
210,actuated,4,4,680.5111516795497,189.03087546654157,2703317.0684981747,540663.413699635,748.6,15.661087866108787,73885.36552392677,1545.7189440152044,47.8,1.0835304660246783,82.16979302939308,34.4,24,1.525938299207072,0.7196652719665272,82.16979302939308,100.0,4.8,0.96,0.9999127136552459,0.0,5,10.848965146965384,0.8,4.99956356827623,100.0,1.0,0.0,100.0,1.0,0.0,100.0,1.0,0.0,100.0,1.0,0.0
211,actuated,4,4,1046.9821857113807,261.74554642784517,1001046.9821857114,200209.39643714228,914.4,18.510121457489877,78102.5293396152,1581.0228611258137,49.4,1.0024086753147667,76.30748205406326,38.4,23,1.579163258920019,0.7773279352226721,76.30748205406326,100.0,4.8,0.96,0.5544146638738336,0.0,5,41.537410270316286,1.0,2.7720733193691682,40.0,0.8,0.0,100.0,1.0,0.0,100.0,1.0,0.0,100.0,1.0,0.0
212,actuated,4,4,540.6998149861397,207.96146730236143,1085410.9774619814,217082.19549239628,1055.8,21.03187250996016,78810.60060555497,1569.9322829791827,50.2,0.8844500611925096,85.10868666165788,38.6,23,1.4663541051108453,0.7689243027888446,85.10868666165788,100.0,4.6,0.9199999999999999,0.8936743761226534,0.0,5,37.1174151071682,0.6,2.341537031531333,88.42601820112122,1.0,2.1268348490819338,100.0,1.0,0.0,100.0,1.0,0.0,100.0,1.0,0.0
213,actuated,4,4,188.08646029611754,94.04323014805877,3609747.7844161624,721949.5568832324,1233.6,24.870967741935484,76683.06043078609,1546.0294441690744,49.6,0.8652889361465192,86.3625737929242,41.2,25,1.5005025307141284,0.8306451612903226,86.3625737929242,100.0,5.0,1.0,0.8058096463206521,0.0,5,31.812868964620975,1.0,4.0290482316032605,100.0,1.0,0.0,100.0,1.0,0.0,100.0,1.0,0.0,100.0,1.0,0.0
214,actuated,4,4,201.45532157940028,100.72766078970014,4580322.281590151,916064.4563180301,1436.0,29.068825910931174,78661.46915766611,1592.3374323414193,49.4,0.8827628531407042,82.2266572935323,41.2,22,1.5544573466221745,0.8340080971659919,82.2266572935323,100.0,4.4,0.8800000000000001,1.6975686450116332,0.0,5,11.133286467661492,0.4,8.487843225058166,100.0,1.0,0.0,100.0,1.0,0.0,100.0,1.0,0.0,100.0,1.0,0.0
215,actuated,4,4,424.48163553552314,212.24081776776157,3000424.4816355356,600084.8963271071,1643.0,32.72908366533864,77696.94441252085,1547.747896663762,50.2,0.8458453053524956,81.57034228748671,42.6,22,1.583826492960215,0.848605577689243,81.57034228748671,100.0,4.4,0.8800000000000001,1.1154263043746389,0.0,5,7.851711437433551,0.4,5.577131521873194,100.0,1.0,0.0,100.0,1.0,0.0,100.0,1.0,0.0,100.0,1.0,0.0
216,actuated,4,4,144.11726881985345,102.94090629989533,3001169.823184054,600233.9646368108,1838.6,36.625498007968126,78541.01305628424,1564.5620130733912,50.2,0.8113175665923147,83.15575742708916,43.2,23,1.5791688890555053,0.8605577689243028,83.15575742708916,100.0,4.6,0.9199999999999999,1.306319411972737,0.0,5,15.778787135445782,0.6,6.531597059863685,100.0,1.0,0.0,100.0,1.0,0.0,100.0,1.0,0.0,100.0,1.0,0.0
217,actuated,4,4,124.01693371081794,62.00846685540897,3000124.016933711,600024.8033867421,1990.8,38.58139534883721,78730.07999627394,1525.776744113836,51.6,0.6662324787356431,92.1915620307609,40.2,24,0.9189732540949755,0.7790697674418605,92.1915620307609,100.0,4.8,0.96,0.3524472111463547,0.0,5,60.95781015380453,0.8,1.7622360557317733,100.0,1.0,0.0,100.0,1.0,0.0,100.0,1.0,0.0,100.0,1.0,0.0
218,actuated,4,4,230.00856993375663,115.00428496687832,3000230.008569934,600046.0017139867,2200.6,41.05597014925373,79793.42646290295,1488.6833295317713,53.6,0.3449006540081374,100.0,44.8,25,0.48806204374528517,0.835820895522388,100.0,100.0,5.0,1.0,0.0,0.0,5,100.0,1.0,0.0,100.0,1.0,0.0,100.0,1.0,0.0,100.0,1.0,0.0,100.0,1.0,0.0
219,actuated,2,4,526.5159227589826,292.50884597721256,3001157.6515906663,600231.5303181333,2442.0,43.92086330935252,84528.81127972604,1520.3023611461517,55.6,0.142563672209578,100.0,51.4,25,0.2262535128839452,0.9244604316546763,100.0,100.0,5.0,1.0,0.0,0.0,5,100.0,1.0,0.0,100.0,1.0,0.0,100.0,1.0,0.0,100.0,1.0,0.0,100.0,1.0,0.0
220,actuated,2,2,342.4245532846643,342.4245532846643,3199840.8495618985,639968.1699123797,2708.2,47.84805653710247,85748.35777282588,1514.988653230139,56.6,0.06197217634711328,100.0,54.6,25,0.13368552040958148,0.9646643109540636,100.0,100.0,5.0,1.0,0.0,0.0,5,100.0,1.0,0.0,100.0,1.0,0.0,100.0,1.0,0.0,100.0,1.0,0.0,100.0,1.0,0.0
221,actuated,2,2,102.04630855075503,102.04630855075503,9826214.652950201,1965242.9305900403,2986.6,52.396491228070175,86382.26530969761,1515.4783387666248,57.0,0.009980191312100881,100.0,56.4,25,0.034578728334990816,0.9894736842105263,100.0,100.0,5.0,1.0,0.0,0.0,5,100.0,1.0,0.0,100.0,1.0,0.0,100.0,1.0,0.0,100.0,1.0,0.0,100.0,1.0,0.0
222,actuated,2,2,0.0,0.0,10242310.435773432,2048462.0871546865,3271.0,57.3859649122807,86696.56290783791,1520.9923317164546,57.0,7.2445756448870055e-06,100.0,57.0,25,1.89410516854531e-05,1.0,100.0,100.0,5.0,1.0,0.0,0.0,5,100.0,1.0,0.0,100.0,1.0,0.0,100.0,1.0,0.0,100.0,1.0,0.0,100.0,1.0,0.0
223,actuated,2,2,0.0,0.0,10538843.44578357,2107768.689156714,3556.0,62.3859649122807,86697.00088097938,1521.0000154557786,57.0,1.7435373406315955e-06,100.0,57.0,25,4.0135553157795445e-06,1.0,100.0,100.0,5.0,1.0,0.0,0.0,5,100.0,1.0,0.0,100.0,1.0,0.0,100.0,1.0,0.0,100.0,1.0,0.0,100.0,1.0,0.0
224,actuated,2,2,0.0,0.0,5000000.0,1000000.0,3841.0,67.3859649122807,86696.98583193644,1520.9997514374816,57.0,0.0,100.0,57.0,25,0.0,1.0,100.0,100.0,5.0,1.0,0.0,0.0,5,100.0,1.0,0.0,100.0,1.0,0.0,100.0,1.0,0.0,100.0,1.0,0.0,100.0,1.0,0.0
225,actuated,2,2,0.0,0.0,4600679.822112733,920135.9644225466,4046.6,70.99298245614035,86881.88757662143,1524.243641695113,57.0,0.004254517872741745,100.0,56.6,25,0.014495700798457434,0.9929824561403509,100.0,100.0,5.0,1.0,0.0,0.0,5,100.0,1.0,0.0,100.0,1.0,0.0,100.0,1.0,0.0,100.0,1.0,0.0,100.0,1.0,0.0
226,actuated,2,2,253.90728710556482,253.90728710556482,4000253.907287105,800050.781457421,3772.6,66.65371024734982,87643.48686964015,1548.471499463607,56.6,0.08254866893912612,85.63200915666766,52.6,23,0.17835549599035083,0.9293286219081273,85.63200915666766,100.0,4.6,0.9199999999999999,0.36744014668796393,0.0,5,100.0,1.0,0.0,100.0,1.0,0.0,100.0,1.0,0.0,100.0,1.0,0.0,28.16004578333832,0.6,1.8372007334398197
227,actuated,2,2,74.8120828856261,74.8120828856261,4000074.8120828858,800014.9624165772,3554.4,64.15884476534296,87200.7645030761,1574.021019911121,55.4,0.25724703979997066,89.12085825359736,48.8,24,0.5381086305541043,0.8808664259927798,89.12085825359736,100.0,4.8,0.96,0.6162330082576363,0.0,5,100.0,1.0,0.0,100.0,1.0,0.0,100.0,1.0,0.0,100.0,1.0,0.0,45.60429126798681,0.8,3.0811650412881812
228,actuated,2,2,31.660204712847055,31.660204712847055,4000031.6602047123,800006.3320409425,3590.0,66.9776119402985,86868.75320997709,1620.6856942159907,53.6,0.5973325339162507,84.85876059420116,46.0,24,1.2305542060792416,0.8582089552238806,84.85876059420116,100.0,4.8,0.96,1.0436667875629062,0.0,5,100.0,1.0,0.0,100.0,1.0,0.0,100.0,1.0,0.0,100.0,1.0,0.0,24.29380297100579,0.8,5.218333937814531
229,actuated,2,2,21.432925355936614,21.432925355936614,4000021.4329253556,800004.2865850711,3820.0,73.46153846153847,83660.27797456775,1608.8514995109185,52.0,0.8396376436924855,82.99790264691455,46.2,22,1.6837851720721684,0.8884615384615384,82.99790264691455,100.0,4.4,0.8800000000000001,1.3342661424035254,0.0,5,100.0,1.0,0.0,100.0,1.0,0.0,100.0,1.0,0.0,100.0,1.0,0.0,14.989513234572769,0.4,6.671330712017627
230,actuated,2,2,17.963237355868703,17.963237355868703,4000017.9632373555,800003.5926474711,4050.0,79.1015625,82381.79395623652,1609.0194132077445,51.2,1.002747496842401,87.10251912582953,46.2,24,2.012138672587829,0.90234375,87.10251912582953,100.0,4.8,0.96,1.4197303226958156,0.0,5,100.0,1.0,0.0,100.0,1.0,0.0,100.0,1.0,0.0,100.0,1.0,0.0,35.512595629147654,0.8,7.098651613479078
231,actuated,2,2,18.979097641266446,18.979097641266446,4000018.979097641,800003.7958195282,4280.0,85.94377510040161,77980.59149417753,1565.875331208384,49.8,0.96293338764891,81.57704121073311,46.2,23,1.9500454305980204,0.927710843373494,81.57704121073311,100.0,4.6,0.9199999999999999,1.5611190754852347,0.0,5,100.0,1.0,0.0,100.0,1.0,0.0,100.0,1.0,0.0,100.0,1.0,0.0,7.88520605366557,0.6,7.805595377426173
232,actuated,2,2,19.533241080608818,19.533241080608818,4000019.533241081,800003.9066482162,4510.0,91.29554655870446,77928.02241597949,1577.490332307277,49.4,0.9243446567972363,80.86202865644191,46.2,22,1.8573662539410403,0.9352226720647774,80.86202865644191,100.0,4.4,0.8800000000000001,1.6525792056135835,0.0,5,100.0,1.0,0.0,100.0,1.0,0.0,100.0,1.0,0.0,100.0,1.0,0.0,4.310143282209538,0.4,8.262896028067917
233,actuated,2,2,19.36107066284082,19.36107066284082,4000019.3610706627,800003.8722141326,4740.0,95.95141700404858,78182.61634153506,1582.6440554966612,49.4,0.9301058652988562,81.86905690358799,46.2,22,1.865953502292553,0.9352226720647774,81.86905690358799,100.0,4.4,0.8800000000000001,1.6595617797322526,0.0,5,100.0,1.0,0.0,100.0,1.0,0.0,100.0,1.0,0.0,100.0,1.0,0.0,9.345284517939945,0.4,8.297808898661263
234,actuated,2,2,18.90387177526713,18.90387177526713,4000018.9038717756,800003.7807743552,4970.0,100.20161290322581,77841.18846904309,1569.3787997790946,49.6,0.958611811624927,82.12549428704278,46.2,21,1.9306206060210365,0.9314516129032258,82.12549428704278,100.0,4.2,0.8400000000000001,1.8819151970364643,0.0,5,100.0,1.0,0.0,100.0,1.0,0.0,100.0,1.0,0.0,100.0,1.0,0.0,10.62747143521392,0.2,9.409575985182322
235,actuated,2,2,28.910810639766293,28.910810639766293,4000028.9108106396,800005.7821621279,5202.0,102.80632411067194,78115.33312067222,1543.7812869698066,50.6,0.638042691449803,80.07420504749825,47.0,22,1.2984373318528264,0.9288537549407114,80.07420504749825,100.0,4.4,0.8800000000000001,1.7089224314503373,0.0,5,100.0,1.0,0.0,100.0,1.0,0.0,100.0,1.0,0.0,100.0,1.0,0.0,0.37102523749126703,0.4,8.544612157251686
236,actuated,2,2,34.51038506055325,34.51038506055325,4000034.51038506,800006.902077012,5440.2,105.43023255813954,80209.59368653716,1554.44949004917,51.6,0.5295946962613125,88.62821869641539,48.4,23,1.0720097458599696,0.937984496124031,88.62821869641539,100.0,4.6,0.9199999999999999,1.4045749617495713,0.0,5,100.0,1.0,0.0,100.0,1.0,0.0,100.0,1.0,0.0,100.0,1.0,0.0,43.14109348207694,0.6,7.022874808747856
237,actuated,4,2,629.7143795232412,286.2338088742005,5447085.763129151,1089417.1526258304,4946.8,96.99607843137255,80518.65908366683,1578.797236934644,51.0,0.4263453656738942,92.0,43.6,25,0.7260194374795684,0.8549019607843137,92.0,100.0,5.0,1.0,0.0,0.0,5,80.0,1.0,0.0,100.0,1.0,0.0,80.0,1.0,0.0,100.0,1.0,0.0,100.0,1.0,0.0
238,actuated,4,4,309.14512126927673,103.04837375642558,5301744.549360973,1060348.9098721945,4144.2,83.89068825910931,80907.64888772435,1637.8066576462418,49.4,0.5824627908777366,70.66598593167328,36.4,20,0.527198171742311,0.7368421052631579,70.66598593167328,100.0,4.0,0.8,0.8713034489246532,0.0,5,19.0917251810788,0.4,2.385405785056169,100.0,1.0,0.0,34.23820447728758,0.6,1.9711114595670973,100.0,1.0,0.0,100.0,1.0,0.0
239,actuated,4,4,185.01882869531502,61.67294289843834,3370138.40762589,674027.681525178,3471.2,73.54237288135593,80463.5704586213,1704.736662258926,47.2,1.0247969577188696,67.59112944890967,30.2,21,0.9890890047777189,0.6398305084745762,67.59112944890967,100.0,4.2,0.8400000000000001,1.597047685394958,0.0,5,24.19934721141999,0.6,4.080411649041018,100.0,1.0,0.0,13.756300033128355,0.6,3.904826777933773,100.0,1.0,0.0,100.0,1.0,0.0
240,actuated,4,4,223.8498906027196,74.61663020090653,3405081.475788792,681016.2951577584,3408.0,73.76623376623377,80446.78171529688,1741.2723314999325,46.2,1.558465669240027,64.79817370733508,30.4,23,1.723567229489538,0.658008658008658,64.79817370733508,100.0,4.6,0.9199999999999999,2.2185059148791346,0.0,5,11.49155442222309,0.8,5.532491186744197,100.0,1.0,0.0,12.499314114452318,0.8,5.560038387651476,100.0,1.0,0.0,100.0,1.0,0.0
241,actuated,4,4,484.8384266713072,127.58905965034401,800995.7672816177,160199.15345632355,2828.2,64.57077625570776,76042.10276776909,1736.1210677572851,43.8,2.0145391056375157,55.89885735688404,27.4,20,2.173633295011915,0.6255707762557078,55.89885735688404,100.0,4.0,0.8,2.584400421917917,0.0,5,19.878232946684875,0.6,7.226947884387588,40.0,0.6,0.0,19.616053837735308,0.8,5.695054225201998,100.0,1.0,0.0,100.0,1.0,0.0
242,actuated,4,4,831.2543392268028,166.25086784536057,831.2543392268028,166.25086784536057,1693.6,40.132701421800945,70092.42079520387,1660.9578387489069,42.2,2.0265777449153006,63.46400991378141,21.2,23,2.0647372089188654,0.5023696682464455,63.46400991378141,100.0,4.6,0.9199999999999999,3.3108041556379653,0.0,5,9.785477058185279,0.8,8.226511667592764,93.53566522231176,1.0,2.070311253788321,13.99890728841001,0.8,6.257197856808743,100.0,1.0,0.0,100.0,1.0,0.0
243,actuated,4,4,365.1696798678942,91.29241996697355,1180860.7285303224,236172.14570606448,880.2,21.26086956521739,66218.85714969407,1599.489303132707,41.4,1.6484352478379376,48.0,19.8,18,1.6925739054443614,0.4782608695652174,48.0,100.0,4.0,0.8,0.00014514923859246313,0.0,5,40.0,0.8,0.0007257461929623156,40.0,0.8,0.0,40.0,0.8,0.0,20.0,0.6,0.0,100.0,1.0,0.0
244,actuated,4,4,281.8961514572351,70.47403786430877,2067055.8982028656,413411.1796405731,700.0,15.909090909090908,69907.44490768647,1588.8055660837833,44.0,1.7446197190315744,67.16498924772168,17.2,21,1.5900456182652734,0.39090909090909093,67.16498924772168,100.0,4.2,0.8400000000000001,1.9543679208400087,0.0,5,23.28650291710801,0.6,2.307322415840806,76.65010321627051,0.8,2.376139330685328,38.08171943157049,0.8,2.828452893253412,97.80662067365938,1.0,2.2599249644204975,100.0,1.0,0.0
245,actuated,4,4,419.8575128665625,104.96437821664063,1000419.8575128665,200083.9715025733,803.8,17.323275862068964,70847.52927032387,1526.8864066880144,46.4,1.2237917673143288,87.6303850643153,25.8,24,1.220394185069158,0.5560344827586207,87.6303850643153,100.0,4.8,0.96,0.8733526414645839,0.0,5,38.15192532157653,0.8,4.3667632073229194,100.0,1.0,0.0,100.0,1.0,0.0,100.0,1.0,0.0,100.0,1.0,0.0
246,actuated,4,4,752.3891146438103,197.99713543258167,1001153.1577007916,200230.63154015833,959.4,19.342741935483872,74804.13224967815,1508.1478276144787,49.6,0.6997227243110744,100.0,35.6,25,0.7280925803668968,0.717741935483871,100.0,100.0,5.0,1.0,0.0,0.0,5,100.0,1.0,0.0,100.0,1.0,0.0,100.0,1.0,0.0,100.0,1.0,0.0,100.0,1.0,0.0
247,actuated,4,4,763.2468466744095,272.5881595265748,1056775.2962340093,211355.05924680186,1167.0,22.270992366412212,79757.56018222496,1522.090843172232,52.4,0.28342381446411996,100.0,45.8,25,0.32899650528916835,0.8740458015267175,100.0,100.0,5.0,1.0,0.0,0.0,5,100.0,1.0,0.0,100.0,1.0,0.0,100.0,1.0,0.0,100.0,1.0,0.0,100.0,1.0,0.0
248,actuated,2,4,607.0657485377629,252.94406189073456,2510076.963696611,502015.3927393222,1223.4,22.824626865671643,82642.53412620621,1541.838323250116,53.6,0.19838758336243262,92.0,48.0,24,0.22339651780852396,0.8955223880597015,92.0,100.0,4.8,0.96,0.0,0.0,5,100.0,1.0,0.0,100.0,1.0,0.0,100.0,1.0,0.0,100.0,1.0,0.0,60.0,0.8,0.0
249,actuated,2,2,1248.917431980291,390.2866974938409,6415068.476046913,1283013.6952093826,1215.0,22.252747252747252,85507.76854456723,1566.0763469700958,54.6,0.29085845859709836,85.73430466923583,45.0,23,0.3548046838369831,0.8241758241758241,85.73430466923583,100.0,4.6,0.9199999999999999,0.39496549019861604,0.0,5,100.0,1.0,0.0,100.0,1.0,0.0,100.0,1.0,0.0,100.0,1.0,0.0,28.67152334617913,0.6,1.97482745099308
250,actuated,2,2,314.8586718609263,224.89905132923306,7059526.292345797,1411905.2584691592,1315.0,23.90909090909091,83373.6431687247,1515.8844212495399,55.0,0.24603338357987276,98.33324602459197,46.6,25,0.45293630939277374,0.8472727272727273,98.33324602459197,100.0,5.0,1.0,0.6645364326907155,0.0,5,100.0,1.0,0.0,100.0,1.0,0.0,100.0,1.0,0.0,100.0,1.0,0.0,91.66623012295986,1.0,3.3226821634535773
251,actuated,2,2,122.21848153639876,122.21848153639876,4111705.3572483608,822341.0714496721,1546.4,27.91335740072202,83460.42749083762,1506.5059113869609,55.4,0.16517038807785878,100.0,50.6,25,0.35005221457771757,0.9133574007220217,100.0,100.0,5.0,1.0,0.0,0.0,5,100.0,1.0,0.0,100.0,1.0,0.0,100.0,1.0,0.0,100.0,1.0,0.0,100.0,1.0,0.0
252,actuated,2,2,595.0380197031769,495.86501641931414,6332242.003347194,1266448.4006694388,1808.8,31.845070422535212,86213.62400277448,1517.845493006593,56.8,0.05352117319896064,100.0,54.0,25,0.09579179971322466,0.9507042253521126,100.0,100.0,5.0,1.0,0.0,0.0,5,100.0,1.0,0.0,100.0,1.0,0.0,100.0,1.0,0.0,100.0,1.0,0.0,100.0,1.0,0.0
253,actuated,2,2,0.0,0.0,6174978.163933728,1234995.6327867457,2087.2,36.617543859649125,86368.35543904062,1515.234305948081,57.0,0.002686019248014478,100.0,56.6,25,0.007167899370161006,0.9929824561403509,100.0,100.0,5.0,1.0,0.0,0.0,5,100.0,1.0,0.0,100.0,1.0,0.0,100.0,1.0,0.0,100.0,1.0,0.0,100.0,1.0,0.0
254,actuated,2,2,0.0,0.0,6092737.634747791,1218547.5269495582,2372.0,41.6140350877193,86696.00551412905,1520.982552879457,57.0,1.651915065901078e-05,100.0,57.0,25,4.686979974224605e-05,1.0,100.0,100.0,5.0,1.0,0.0,0.0,5,100.0,1.0,0.0,100.0,1.0,0.0,100.0,1.0,0.0,100.0,1.0,0.0,100.0,1.0,0.0
255,actuated,2,2,0.0,0.0,8137701.788588109,1627540.3577176218,2657.0,46.6140350877193,86696.98741578768,1520.9997792243453,57.0,8.785615699122807e-07,100.0,57.0,25,3.070403836351161e-06,1.0,100.0,100.0,5.0,1.0,0.0,0.0,5,100.0,1.0,0.0,100.0,1.0,0.0,100.0,1.0,0.0,100.0,1.0,0.0,100.0,1.0,0.0
256,actuated,2,2,0.0,0.0,5000000.0,1000000.0,2942.0,51.6140350877193,86696.98605697496,1520.9997553855255,57.0,0.0,100.0,57.0,25,0.0,1.0,100.0,100.0,5.0,1.0,0.0,0.0,5,100.0,1.0,0.0,100.0,1.0,0.0,100.0,1.0,0.0,100.0,1.0,0.0,100.0,1.0,0.0
257,actuated,2,2,0.0,0.0,5000000.0,1000000.0,3227.0,56.6140350877193,86697.0,1521.0,57.0,0.0,100.0,57.0,25,0.0,1.0,100.0,100.0,5.0,1.0,0.0,0.0,5,100.0,1.0,0.0,100.0,1.0,0.0,100.0,1.0,0.0,100.0,1.0,0.0,100.0,1.0,0.0
258,actuated,2,2,0.0,0.0,5000000.0,1000000.0,3512.0,61.6140350877193,86697.0,1521.0,57.0,0.0,100.0,57.0,25,0.0,1.0,100.0,100.0,5.0,1.0,0.0,0.0,5,100.0,1.0,0.0,100.0,1.0,0.0,100.0,1.0,0.0,100.0,1.0,0.0,100.0,1.0,0.0
259,actuated,2,2,0.0,0.0,5000000.0,1000000.0,3797.0,66.6140350877193,86697.0,1521.0,57.0,0.0,100.0,57.0,25,0.0,1.0,100.0,100.0,5.0,1.0,0.0,0.0,5,100.0,1.0,0.0,100.0,1.0,0.0,100.0,1.0,0.0,100.0,1.0,0.0,100.0,1.0,0.0
260,actuated,2,2,0.0,0.0,5000000.0,1000000.0,4082.0,71.6140350877193,86697.0,1521.0,57.0,0.0,100.0,57.0,25,0.0,1.0,100.0,100.0,5.0,1.0,0.0,0.0,5,100.0,1.0,0.0,100.0,1.0,0.0,100.0,1.0,0.0,100.0,1.0,0.0,100.0,1.0,0.0
261,actuated,2,2,111.16888142129312,111.16888142129312,7407455.817770923,1481491.1635541846,4297.8,75.4,87044.06595850593,1527.0888764650165,57.0,0.009423778179900658,100.0,56.0,25,0.03258382600505662,0.9824561403508771,100.0,100.0,5.0,1.0,0.0,0.0,5,100.0,1.0,0.0,100.0,1.0,0.0,100.0,1.0,0.0,100.0,1.0,0.0,100.0,1.0,0.0
262,actuated,2,2,207.79917672192573,207.79917672192573,5330214.645596297,1066042.9291192596,4311.6,76.17667844522968,87893.07836231691,1552.8812431504755,56.6,0.10460943674226336,88.46295397585163,52.0,24,0.22943777910906252,0.9187279151943463,88.46295397585163,100.0,4.8,0.96,0.35224488899825723,0.0,5,100.0,1.0,0.0,100.0,1.0,0.0,100.0,1.0,0.0,100.0,1.0,0.0,42.314769879258165,0.8,1.7612244449912862
263,actuated,2,2,74.66331354471728,74.66331354471728,4000074.6633135453,800014.932662709,4343.2,77.55714285714286,85646.92752653561,1529.4094201167075,56.0,0.24078708987415612,88.84342650247527,48.4,24,0.4824732714842268,0.8642857142857143,88.84342650247527,100.0,4.8,0.96,0.6959110836982232,0.0,5,100.0,1.0,0.0,100.0,1.0,0.0,100.0,1.0,0.0,100.0,1.0,0.0,44.21713251237634,0.8,3.479555418491116
264,actuated,2,2,89.60720476201215,89.60720476201215,4000089.6072047628,800017.9214409526,4515.0,80.33807829181495,86147.2825065341,1532.8697954899308,56.2,0.20254736858351674,100.0,49.8,25,0.40814286344113987,0.8861209964412812,100.0,100.0,5.0,1.0,0.0,0.0,5,100.0,1.0,0.0,100.0,1.0,0.0,100.0,1.0,0.0,100.0,1.0,0.0,100.0,1.0,0.0
265,actuated,2,2,239.8524531690899,239.8524531690899,4000239.8524531694,800047.9704906339,4773.2,83.74035087719298,85886.45258532549,1506.7798699179912,57.0,0.08486787941702735,100.0,53.0,25,0.18441620977866147,0.9298245614035088,100.0,100.0,5.0,1.0,0.0,0.0,5,100.0,1.0,0.0,100.0,1.0,0.0,100.0,1.0,0.0,100.0,1.0,0.0,100.0,1.0,0.0
266,actuated,0,2,696.801291529729,435.50080720608065,1607153.5079310224,321430.70158620446,4063.8,74.15693430656934,85140.60828060395,1553.6607350475174,54.8,0.1022886160747357,84.0,49.0,23,0.14682496453932642,0.8941605839416058,84.0,100.0,4.6,0.9199999999999999,0.0,0.0,5,60.0,0.8,0.0,60.0,0.8,0.0,100.0,1.0,0.0,100.0,1.0,0.0,100.0,1.0,0.0
267,actuated,0,0,391.9426749589639,130.64755831965462,1283567.5758431384,256713.51516862767,2654.4,51.24324324324324,84963.80633698113,1640.2279215633423,51.8,0.5107695205593716,58.71464314158857,36.4,19,0.5089577295773635,0.7027027027027027,58.71464314158857,100.0,3.8000000000000003,0.76,1.15844698461945,0.0,5,29.937245763703686,0.6,1.9041109264324925,32.4837331767003,0.6,2.1047974379891388,100.0,1.0,0.0,31.152236767538852,0.6,1.783326558675619,100.0,1.0,0.0
268,actuated,0,0,243.18547764947516,81.06182588315839,2421935.67277652,484387.13455530396,1695.2,35.02479338842975,81477.76660984584,1683.4249299554926,48.4,1.118827803550142,69.83433110309215,28.2,23,1.2044050683105494,0.5826446280991735,69.83433110309215,100.0,4.6,0.9199999999999999,1.6320399370446403,0.0,5,28.192924237787338,0.8,3.828965210573355,20.978731277673432,0.8,4.331234474649847,100.0,1.0,0.0,100.0,1.0,0.0,100.0,1.0,0.0
269,actuated,0,0,318.45128579486686,106.15042859828895,2000318.451285795,400063.690257159,1615.4,34.08016877637131,81357.72175738969,1716.407632012441,47.4,1.6915851666733699,69.83603920204496,29.6,22,1.9441787372607562,0.6244725738396625,69.83603920204496,100.0,4.4,0.8800000000000001,2.342204477756932,0.0,5,22.501981337150028,0.8,5.803626546297602,26.678214673074763,0.6,5.907395842487057,100.0,1.0,0.0,100.0,1.0,0.0,100.0,1.0,0.0
270,actuated,0,0,260.74453160133237,108.64355483388849,2001998.556095651,400399.7112191302,1770.8,38.16379310344828,80554.39079752208,1736.0860085672862,46.4,2.211035079709787,67.95434161347475,32.8,23,2.680815972398894,0.7068965517241379,67.95434161347475,100.0,4.6,0.9199999999999999,2.7736140929835615,0.0,5,21.161841835219093,0.8,6.836353279253133,18.609866232154673,0.8,7.031717185664674,100.0,1.0,0.0,100.0,1.0,0.0,100.0,1.0,0.0
271,actuated,0,0,27.98595732569307,13.992978662846536,2024598.604103195,404919.720820639,1943.0,43.370535714285715,78703.20046008304,1756.7678674125677,44.8,2.4835727252066393,63.527211167192036,35.2,22,3.0749343812427696,0.7857142857142857,63.527211167192036,100.0,4.4,0.8800000000000001,3.17057216792416,0.0,5,13.128350718693582,0.6,7.759069214729703,4.507705117266596,0.8,8.093791624891097,100.0,1.0,0.0,100.0,1.0,0.0,100.0,1.0,0.0
272,actuated,0,0,24.477661196216047,12.238830598108024,2592637.8046247456,518527.5609249491,2118.0,48.35616438356164,76742.59046593732,1752.1139375784776,43.8,2.8647909286469346,65.9758220624417,35.0,23,3.575561962706492,0.7990867579908676,65.9758220624417,100.0,4.6,0.9199999999999999,3.6559621351441036,0.0,5,8.166151470313707,1.0,8.80298480915954,21.71295884189476,0.6,9.476825866560977,100.0,1.0,0.0,100.0,1.0,0.0,100.0,1.0,0.0
273,actuated,0,0,23.04839553007282,11.52419776503641,6123227.465363509,1224645.4930727019,2293.0,53.574766355140184,75045.24402536386,1753.3935519944828,42.8,3.1168450138377386,62.3087782762359,35.0,20,3.9459989897671446,0.8177570093457944,62.3087782762359,100.0,4.0,0.8,2.059318748962304,0.0,5,0.0,0.0,0.0,11.543891381179492,1.0,10.29659374481152,100.0,1.0,0.0,100.0,1.0,0.0,100.0,1.0,0.0
274,actuated,0,0,22.197562658782534,11.098781329391267,3000022.1975626587,600004.4395125317,2468.0,56.09090909090909,77321.83639414843,1757.3144635033732,44.0,3.1618632610704696,67.98290073489079,35.4,22,3.9534573828072337,0.8045454545454546,67.98290073489079,100.0,4.4,0.8800000000000001,4.06272998437841,0.0,5,13.265511578151745,0.8,9.042673782235058,26.64899209630221,0.6,11.270976139656995,100.0,1.0,0.0,100.0,1.0,0.0,100.0,1.0,0.0
275,actuated,0,0,39.34328899140782,19.67164449570391,3000039.343288991,600007.8686577983,2643.2,65.10344827586206,66552.26983019299,1639.218468723965,40.6,2.0095990951487446,61.9651203106323,35.6,22,2.7084596087225257,0.8768472906403941,61.9651203106323,100.0,4.4,0.8800000000000001,4.2090975208273775,0.0,5,5.01869245603757,0.6,9.830562774771918,4.806909097123935,0.8,11.214924829364971,100.0,1.0,0.0,100.0,1.0,0.0,100.0,1.0,0.0
276,actuated,0,0,47.76244824374837,23.881224121874187,3000047.7624482433,600009.5524896487,2818.2,69.75742574257426,65821.72519617614,1629.2506236677261,40.4,1.4828815462976894,60.50527166828124,35.6,16,1.8682334056867194,0.8811881188118812,60.50527166828124,100.0,3.2,0.64,1.6690279246307909,0.0,5,2.526358341406194,0.2,8.345139623153955,0.0,0.0,0.0,100.0,1.0,0.0,100.0,1.0,0.0,100.0,1.0,0.0
277,actuated,0,0,37.72294037836641,18.861470189183205,3000037.7229403784,600007.5445880757,2993.0,72.29468599033817,68727.01026581757,1660.072711734724,41.4,1.8549775450463175,62.329347362675435,35.4,17,2.3104177542957096,0.855072463768116,62.329347362675435,100.0,3.4,0.6799999999999999,1.717219193708272,0.0,5,0.0,0.2,0.0,11.646736813377174,0.2,8.58609596854136,100.0,1.0,0.0,100.0,1.0,0.0,100.0,1.0,0.0
278,actuated,0,0,37.989205718233016,18.994602859116508,3000037.989205718,600007.5978411436,3168.0,75.78947368421052,68995.68740754432,1650.6145312809647,41.8,1.8280397715530958,64.69637962545221,35.2,17,2.262658565259481,0.8421052631578947,64.69637962545221,100.0,3.4,0.6799999999999999,3.4069591413750886,0.0,5,11.684223176453088,0.2,8.558549292479059,11.79767495080796,0.2,8.476246414396384,100.0,1.0,0.0,100.0,1.0,0.0,100.0,1.0,0.0
279,actuated,0,0,32.368253797508295,16.184126898754148,3000032.3682537973,600006.4736507594,3343.0,78.47417840375587,72805.71206382,1709.0542737985916,42.6,2.1676699851099217,62.48488729732435,35.2,18,2.706385813112597,0.8262910798122066,62.48488729732435,100.0,3.6,0.72,3.3486034440916823,0.0,5,11.755325090985025,0.2,8.50678303032967,0.669111395636719,0.4,8.236234190128743,100.0,1.0,0.0,100.0,1.0,0.0,100.0,1.0,0.0
280,actuated,0,0,30.730834535411088,15.365417267705544,3000030.7308345353,600006.146166907,3518.0,81.43518518518519,74370.39417149019,1721.5369021178285,43.2,2.315999641282359,67.10652032943744,35.4,21,2.922906230512378,0.8194444444444444,67.10652032943744,100.0,4.2,0.8400000000000001,3.5032665933506406,0.0,5,24.037620350413818,1.0,8.816884275343012,11.494981296773403,0.2,8.69944869141019,100.0,1.0,0.0,100.0,1.0,0.0,100.0,1.0,0.0
281,actuated,0,0,33.17830827689136,16.58915413844568,3000033.178308277,600006.6356616553,3693.0,88.34928229665071,70081.40780121858,1676.5887033784347,41.8,2.140183439573165,63.35050013399359,35.4,21,2.7029844354578616,0.84688995215311,63.35050013399359,100.0,4.2,0.8400000000000001,3.6873408931309486,0.0,5,5.0400742256260855,1.0,9.898763973545293,11.712426444341872,0.2,8.53794049210945,100.0,1.0,0.0,100.0,1.0,0.0,100.0,1.0,0.0
282,actuated,0,0,54.0407249063789,27.02036245318945,3000054.040724906,600010.8081449813,3870.0,92.58373205741627,66823.17396771316,1598.640525543377,41.8,1.319892919963268,62.28086046511635,36.2,16,1.6558023554101213,0.8660287081339713,62.28086046511635,100.0,3.2,0.64,1.7537241147261315,0.0,5,0.0,0.0,0.0,11.404302325581739,0.2,8.768620573630658,100.0,1.0,0.0,100.0,1.0,0.0,100.0,1.0,0.0
283,actuated,0,0,58.7068436065029,29.35342180325145,3000058.706843606,600011.7413687212,4050.2,92.4703196347032,69990.59343297381,1597.9587541774843,43.8,1.2359178516563174,67.76453976358334,36.6,18,1.5751991940605972,0.8356164383561644,67.76453976358334,100.0,3.6,0.72,1.466488049328754,0.0,5,0.0,0.0,0.0,38.82269881791672,0.6,7.3324402466437695,100.0,1.0,0.0,100.0,1.0,0.0,100.0,1.0,0.0
284,actuated,2,0,290.6542815203885,111.7901082770725,2001291.6045533153,400258.32091066305,3928.8,85.40869565217392,73785.94855040341,1604.0423597913784,46.0,1.0934610271889604,74.47120598728452,36.4,20,1.3736756343366228,0.7913043478260869,74.47120598728452,100.0,4.0,0.8,1.6186428895777287,0.0,5,12.356029936422601,0.2,8.093214447888643,100.0,1.0,0.0,100.0,1.0,0.0,100.0,1.0,0.0,60.0,0.8,0.0
285,actuated,2,2,200.65448147937013,66.88482715979005,2000200.6544814794,400040.1308962959,3666.2,77.34599156118144,77722.34734889618,1639.7119693859952,47.4,1.0505335387195756,80.7088026442243,35.2,22,1.0339303118261876,0.7426160337552743,80.7088026442243,100.0,4.3999999999999995,0.8799999999999999,1.6964095836561115,0.0,5,65.21469849376444,0.8,6.363497889397581,100.0,1.0,0.0,100.0,1.0,0.0,100.0,1.0,0.0,38.32931472735709,0.6,2.118550028882975
286,actuated,2,2,129.8927187594715,43.297572919823835,2000129.8927187591,400025.9785437518,3517.4,71.20242914979757,81010.1791378498,1639.8821687823847,49.4,1.278699132161102,84.4894317053695,33.8,25,1.1071341174595906,0.6842105263157895,84.4894317053695,100.0,5.0,1.0,0.7395719256062161,0.0,5,100.0,1.0,0.0,100.0,1.0,0.0,100.0,1.0,0.0,100.0,1.0,0.0,22.44715852684749,1.0,3.6978596280310807
287,actuated,2,2,234.91308998448704,90.35118845557194,2001270.0915004748,400254.018300095,3650.0,72.42063492063492,76707.72024181871,1521.9785762265617,50.4,1.0469789097986888,84.79856681826368,37.8,23,1.3962273087159602,0.75,84.79856681826368,100.0,4.6,0.9199999999999999,0.9082856950456943,0.0,5,100.0,1.0,0.0,100.0,1.0,0.0,100.0,1.0,0.0,100.0,1.0,0.0,23.9928340913184,0.6,4.5414284752284715
288,actuated,2,2,113.5865445811606,56.7932722905803,2024914.3116805952,404982.86233611905,3850.0,74.32432432432432,76246.31412175744,1471.9365660570936,51.8,0.8939045199588928,87.37545474096169,41.8,24,1.3384932800712461,0.806949806949807,87.37545474096169,100.0,4.8,0.96,0.7493355908669541,0.0,5,100.0,1.0,0.0,100.0,1.0,0.0,100.0,1.0,0.0,100.0,1.0,0.0,36.87727370480843,0.8,3.7466779543347704
289,actuated,2,2,158.63259302134128,99.14537063833829,3922759.475675317,784551.8951350634,4066.0,76.71698113207547,79478.06166395047,1499.586069131141,53.0,0.5499509137185357,92.56219764358775,44.8,24,0.9528325921707851,0.8452830188679246,92.56219764358775,100.0,4.8,0.96,0.4125390564473337,0.0,5,100.0,1.0,0.0,100.0,1.0,0.0,100.0,1.0,0.0,100.0,1.0,0.0,62.81098821793876,0.8,2.0626952822366684
290,actuated,2,2,42.24872961525164,42.24872961525164,3177058.135785551,635411.6271571101,4294.0,80.71428571428571,81654.54237604488,1534.859819098588,53.2,0.4247826693156383,86.37193233544167,46.2,23,0.8491480387555805,0.868421052631579,86.37193233544167,100.0,4.6,0.9199999999999999,0.34507764126021456,0.0,5,100.0,1.0,0.0,100.0,1.0,0.0,100.0,1.0,0.0,100.0,1.0,0.0,31.85966167720835,0.6,1.7253882063010728
291,actuated,2,2,32.252960206159415,32.252960206159415,5013352.637067575,1002670.527413515,4524.0,86.00760456273764,82899.82177343819,1576.042239038749,52.6,0.5575555389536556,85.00331153619845,46.2,24,1.1174519162603578,0.8783269961977186,85.00331153619845,100.0,4.8,0.96,0.6400953648876042,0.0,5,100.0,1.0,0.0,100.0,1.0,0.0,100.0,1.0,0.0,100.0,1.0,0.0,25.016557680992264,0.8,3.200476824438021
292,actuated,2,2,23.201175437054243,23.201175437054243,4000023.2011754373,800004.6402350875,4754.0,91.77606177606178,82403.71487830536,1590.8053065309916,51.8,0.775385254864016,84.47043612869584,46.2,24,1.5543937936165115,0.8918918918918919,84.47043612869584,100.0,4.8,0.96,0.9326902325296429,0.0,5,100.0,1.0,0.0,100.0,1.0,0.0,100.0,1.0,0.0,100.0,1.0,0.0,22.352180643479187,0.8,4.663451162648214
293,actuated,2,2,18.51683263233215,18.51683263233215,4000018.5168326325,800003.7033665265,4984.0,98.11023622047244,81745.98847943805,1609.173001563741,50.8,0.9721687372448095,81.64277364327063,46.2,24,1.949745312539485,0.9094488188976378,81.64277364327063,100.0,4.8,0.96,1.1912397854362866,0.0,5,100.0,1.0,0.0,100.0,1.0,0.0,100.0,1.0,0.0,100.0,1.0,0.0,8.213868216353148,0.8,5.956198927181433
294,actuated,2,2,19.1750227052578,19.1750227052578,4000019.175022705,800003.835004541,5214.0,104.6987951807229,78326.74619198294,1572.8262287546775,49.8,0.9524268993227545,81.25433463085483,46.2,22,1.9278068076726111,0.927710843373494,81.25433463085483,100.0,4.4,0.8800000000000001,1.8203975190781059,0.0,5,100.0,1.0,0.0,100.0,1.0,0.0,100.0,1.0,0.0,100.0,1.0,0.0,6.27167315427414,0.4,9.10198759539053
295,actuated,2,2,18.619080196841566,18.619080196841566,4000018.619080197,800003.7238160394,5444.0,110.65040650406505,77097.57117890919,1567.0238044493735,49.2,0.98946702646002,81.20757159790446,46.2,22,2.0119390108563566,0.9390243902439024,81.20757159790446,100.0,4.4,0.8800000000000001,1.8292043814994396,0.0,5,100.0,1.0,0.0,100.0,1.0,0.0,100.0,1.0,0.0,100.0,1.0,0.0,6.037857989522308,0.4,9.146021907497198
296,actuated,2,2,20.954823351092095,20.954823351092095,4000020.954823351,800004.1909646702,5674.0,115.79591836734694,77283.86471008995,1577.221728777346,49.0,0.8933760139507554,80.69960989277843,46.2,22,1.8325133654822356,0.9428571428571428,80.69960989277843,100.0,4.4,0.8800000000000001,1.7164271185547115,0.0,5,100.0,1.0,0.0,100.0,1.0,0.0,100.0,1.0,0.0,100.0,1.0,0.0,3.49804946389213,0.4,8.582135592773557
297,actuated,2,2,20.980847487979975,20.980847487979975,4000020.980847488,800004.1961694977,5904.0,120.0,77399.417108385,1573.1588843167683,49.2,0.880513589962207,81.83174931996564,46.2,22,1.7903715461995837,0.9390243902439024,81.83174931996564,100.0,4.4,0.8800000000000001,1.7736626128852369,0.0,5,100.0,1.0,0.0,100.0,1.0,0.0,100.0,1.0,0.0,100.0,1.0,0.0,9.158746599828191,0.4,8.868313064426184
298,actuated,2,2,19.18005842062754,19.18005842062754,4000019.180058421,800003.8360116843,6134.0,124.67479674796748,78037.88360176251,1586.1358455642787,49.2,0.9491771490108272,81.53661258648481,46.2,22,1.9169552726838233,0.9390243902439024,81.53661258648481,100.0,4.4,0.8800000000000001,1.7482172113284467,0.0,5,100.0,1.0,0.0,100.0,1.0,0.0,100.0,1.0,0.0,100.0,1.0,0.0,7.683062932424036,0.4,8.741086056642233
299,actuated,2,2,25.184271656540098,25.184271656540098,4000025.184271657,800005.0368543314,6364.6,126.78486055776892,77863.66052183737,1551.0689346979557,50.2,0.7301788521732875,82.18644373200459,46.6,21,1.479996345944156,0.9282868525896414,82.18644373200459,100.0,4.2,0.8400000000000001,1.8294548089434215,0.0,5,100.0,1.0,0.0,100.0,1.0,0.0,100.0,1.0,0.0,100.0,1.0,0.0,10.932218660022954,0.2,9.147274044717108
300,actuated,2,2,35.6162477892584,35.6162477892584,4000035.6162477895,800007.1232495579,6600.2,128.91015625,79428.56748322186,1551.339208656677,51.2,0.50926580987401,81.43555689527147,47.8,21,1.0265261749358658,0.93359375,81.43555689527147,100.0,4.2,0.8400000000000001,1.1965095491765616,0.0,5,100.0,1.0,0.0,100.0,1.0,0.0,100.0,1.0,0.0,100.0,1.0,0.0,7.177784476357374,0.2,5.982547745882808
301,actuated,2,2,43.14416407098033,43.14416407098033,4000043.1441640714,800008.6288328143,6842.0,131.0727969348659,80845.70648485763,1548.7683234647054,52.2,0.42302691814552174,100.0,49.0,25,0.8557633158372064,0.9386973180076629,100.0,100.0,5.0,1.0,0.0,0.0,5,100.0,1.0,0.0,100.0,1.0,0.0,100.0,1.0,0.0,100.0,1.0,0.0,100.0,1.0,0.0
302,actuated,4,2,555.7062199979439,252.59373636270175,2002105.8529396213,400421.17058792425,5962.0,115.54263565891473,81215.54024599343,1573.9445784107252,51.6,0.3568479621875613,84.0,44.2,23,0.556494508895618,0.8565891472868217,84.0,100.0,4.6,0.9199999999999999,0.0,0.0,5,60.0,0.8,0.0,100.0,1.0,0.0,60.0,0.8,0.0,100.0,1.0,0.0,100.0,1.0,0.0
303,actuated,4,4,284.36196436380044,94.78732145460015,2000284.3619643631,400056.87239287264,4501.0,89.66135458167331,82615.43890213144,1645.725874544451,50.2,0.6170979874897844,70.56858609523442,36.0,21,0.5488661075806122,0.7171314741035857,70.56858609523442,100.0,4.2,0.8400000000000001,0.7170755720135339,0.0,5,26.663942493610193,0.6,1.6692667766056142,100.0,1.0,0.0,26.17898798256192,0.6,1.9161110834620552,100.0,1.0,0.0,100.0,1.0,0.0
304,actuated,4,4,199.89731919617256,66.63243973205752,2000199.8973191963,400039.97946383926,3393.6,70.7,82498.6189998567,1718.7212291636813,48.0,1.1176735085723009,68.35051288930845,30.8,24,1.1434166708675926,0.6416666666666667,68.35051288930845,100.0,4.8,0.96,1.5677263591399044,0.0,5,13.456465451326949,0.8,3.910584002186539,100.0,1.0,0.0,28.29609899521529,1.0,3.928047793512983,100.0,1.0,0.0,100.0,1.0,0.0
305,actuated,4,4,238.29929565100412,79.4330985503347,2000238.2992956508,400047.65985913016,3374.2,72.0982905982906,81384.0985447343,1738.9764646310748,46.8,1.6604344277009546,67.73853673685153,31.0,22,1.8592427420999986,0.6623931623931624,67.73853673685153,100.0,4.4,0.8800000000000001,2.3294921905988675,0.0,5,13.573884033098693,0.8,5.755820188267874,100.0,1.0,0.0,25.11879965115895,0.6,5.8916407647264615,100.0,1.0,0.0,100.0,1.0,0.0
306,actuated,4,4,395.18759435373386,131.7291981179113,2000395.1875943535,400079.03751887067,3532.6,77.81057268722466,78879.50905760881,1737.4341202116477,45.4,2.113496375202348,66.264715358594,32.8,23,2.4900226138609503,0.7224669603524229,66.264715358594,100.0,4.6,0.9199999999999999,2.8656249772305764,0.0,5,24.0861849836665,0.6,7.236070909921798,100.0,1.0,0.0,7.237391809303517,1.0,7.092053976231083,100.0,1.0,0.0,100.0,1.0,0.0
307,actuated,4,4,401.87340960685185,154.56669600263533,3510106.214292012,702021.2428584024,3504.0,78.56502242152466,72697.14258751756,1629.980775504878,44.6,1.453632890579353,78.72634902923619,33.8,23,1.8819226236485724,0.757847533632287,78.72634902923619,100.0,4.6,0.9199999999999999,2.501156726204105,0.0,5,17.291213881148906,0.8,8.42257344753746,100.0,1.0,0.0,76.34053126503204,0.8,4.083210183483065,100.0,1.0,0.0,100.0,1.0,0.0
308,actuated,4,4,384.5189029164803,120.16215716140007,1600860.6601528537,320172.13203057076,3050.2,66.89035087719299,73581.87917750035,1613.6377012609728,45.6,1.1433881965927437,78.1432996669173,31.4,22,1.3909710014631507,0.6885964912280702,78.1432996669173,100.0,4.6,0.9199999999999999,0.9331406293160078,0.0,5,50.716498334586504,0.8,4.665703146580039,40.0,0.8,0.0,100.0,1.0,0.0,100.0,1.0,0.0,100.0,1.0,0.0
309,actuated,4,4,517.8714120613183,129.46785301532958,1000517.8714120612,200103.57428241224,2272.0,46.557377049180324,76310.05203772229,1563.7305745434896,48.8,1.1486071836312524,77.5257630755641,28.6,22,1.3092470432790142,0.5860655737704918,77.5257630755641,100.0,4.4,0.8800000000000001,1.3600909399613736,0.0,5,5.048390197016488,0.4,5.012947261612862,82.58042518080401,1.0,1.7875074381940066,100.0,1.0,0.0,100.0,1.0,0.0,100.0,1.0,0.0
310,actuated,4,4,657.6448176417996,193.42494636523517,1003660.6172703144,200732.12345406288,2424.8,48.69076305220884,76379.35459785958,1533.7219798766982,49.8,0.9562114397768714,86.81504296645198,34.0,25,1.3968966310713629,0.6827309236947792,86.81504296645198,100.0,5.0,1.0,0.7932796839578384,0.0,5,34.07521483225992,1.0,3.966398419789192,100.0,1.0,0.0,100.0,1.0,0.0,100.0,1.0,0.0,100.0,1.0,0.0
311,actuated,4,4,778.6911054705064,299.49657902711783,2119010.598010597,423802.1196021194,2616.6,51.916666666666664,79643.91915866529,1580.2364912433588,50.4,0.9822314173862325,84.59933575368268,41.6,24,1.798760684107863,0.8253968253968254,84.59933575368268,100.0,4.8,0.96,1.1611253487439712,0.0,5,22.996678768413403,0.8,5.805626743719856,100.0,1.0,0.0,100.0,1.0,0.0,100.0,1.0,0.0,100.0,1.0,0.0
312,actuated,4,4,351.5289101712482,251.09207869374873,3227566.324026837,645513.2648053674,2802.2,56.49596774193548,78231.99819767647,1577.258028178961,49.6,0.8636495699299587,82.44906488317429,44.8,21,1.739869076566004,0.9032258064516129,82.44906488317429,100.0,4.2,0.8400000000000001,1.6332764507306607,0.0,5,12.245324415871437,0.2,8.166382253653303,100.0,1.0,0.0,100.0,1.0,0.0,100.0,1.0,0.0,100.0,1.0,0.0
313,actuated,4,4,214.89880012437146,107.44940006218573,5798070.12658161,1159614.025316322,2833.0,57.34817813765182,78030.11159584763,1579.556914895701,49.4,0.6391544472991871,69.79721902162055,40.0,21,1.014816979796377,0.8097165991902834,69.79721902162055,100.0,4.2,0.8400000000000001,1.6813605121947783,0.0,5,6.6433193686634695,0.4,6.491113598669872,42.342775739439276,0.8,1.9156889623040192,100.0,1.0,0.0,100.0,1.0,0.0,100.0,1.0,0.0
314,actuated,4,4,88.6044235622955,44.30221178114775,3000088.604423563,600017.7208847126,2981.4,60.59756097560975,79768.79665029429,1621.3170050872823,49.2,0.9738547051004562,86.82534910830418,38.0,23,1.4127541331996143,0.7723577235772358,86.82534910830418,100.0,4.6,0.9199999999999999,0.9032197368796913,0.0,5,34.126745541520904,0.6,4.5160986843984565,100.0,1.0,0.0,100.0,1.0,0.0,100.0,1.0,0.0,100.0,1.0,0.0
315,actuated,4,4,143.25023844014797,71.62511922007398,3000143.25023844,600028.650047688,3179.2,63.83935742971887,79673.63754274651,1599.872239814187,49.8,1.0773121826080208,82.8660259270082,41.0,22,1.7675344586620971,0.8232931726907631,82.8660259270082,100.0,4.4,0.8800000000000001,1.3956607867031912,0.0,5,14.330129635040976,0.4,6.978303933515956,100.0,1.0,0.0,100.0,1.0,0.0,100.0,1.0,0.0,100.0,1.0,0.0
316,actuated,4,4,270.44623056418624,135.22311528209312,3000270.4462305633,600054.0892461126,3390.2,67.804,80196.04743222248,1603.9209486444495,50.0,1.116061337093842,81.1659199771675,43.8,24,2.0684683809093944,0.876,81.1659199771675,100.0,4.8,0.96,1.3999906647415012,0.0,5,5.829599885837524,0.8,6.999953323707506,100.0,1.0,0.0,100.0,1.0,0.0,100.0,1.0,0.0,100.0,1.0,0.0
317,actuated,4,4,247.84998848377808,177.0357060598415,3003889.292093001,600777.8584186002,3613.2,73.1417004048583,78319.63764006553,1585.4177659932293,49.4,0.9371810443294243,83.73815753059262,45.4,22,1.8468817953018484,0.9190283400809717,83.73815753059262,100.0,4.4,0.8800000000000001,1.6968265027636893,0.0,5,18.69078765296308,0.4,8.484132513818446,100.0,1.0,0.0,100.0,1.0,0.0,100.0,1.0,0.0,100.0,1.0,0.0
318,actuated,4,4,240.01063628618982,133.33924238121656,3000492.456177177,600098.4912354354,3782.6,75.652,78349.01329892282,1566.9802659784561,50.0,0.6082211743961315,80.0,42.4,21,1.1015075672192585,0.848,80.0,100.0,4.2,0.8400000000000001,0.0,0.0,5,0.0,0.2,0.0,100.0,1.0,0.0,100.0,1.0,0.0,100.0,1.0,0.0,100.0,1.0,0.0
319,actuated,4,4,223.5075839239079,111.75379196195395,3000223.5075839236,600044.7015167847,3962.8,77.09727626459144,78524.78281376921,1527.7195099955102,51.4,0.6497695373833146,88.78781122099554,42.2,25,1.080881576744741,0.8210116731517509,88.78781122099554,100.0,5.0,1.0,0.7660304935276505,0.0,5,43.93905610497768,1.0,3.8301524676382526,100.0,1.0,0.0,100.0,1.0,0.0,100.0,1.0,0.0,100.0,1.0,0.0
320,actuated,2,4,631.4273691681726,242.85668044929716,2001169.459768404,400233.8919536808,3879.4,72.3768656716418,82411.32708050318,1537.5247589646115,53.6,0.38876274533889393,92.0,42.8,24,0.5688757584293649,0.7985074626865671,92.0,100.0,4.8,0.96,0.0,0.0,5,100.0,1.0,0.0,100.0,1.0,0.0,100.0,1.0,0.0,100.0,1.0,0.0,60.0,0.8,0.0
321,actuated,2,2,385.3840289035921,128.46134296786403,2000385.3840289037,400077.07680578076,3644.2,67.7360594795539,84249.59247240794,1565.977555249218,53.8,0.48915730594161794,85.4919128426418,39.6,23,0.4785637070899709,0.7360594795539034,85.4919128426418,100.0,4.6,0.9199999999999999,0.3452073874254231,0.0,5,100.0,1.0,0.0,100.0,1.0,0.0,100.0,1.0,0.0,100.0,1.0,0.0,27.459564213208978,0.6,1.7260369371271156
322,actuated,2,2,556.9638671878381,214.21687199532235,2001810.4308006603,400362.0861601321,3640.0,67.4074074074074,82792.07357312429,1533.18654765045,54.0,0.592878319393637,86.39381037912972,41.8,23,0.8570059161865854,0.774074074074074,86.39381037912972,100.0,4.6,0.9199999999999999,0.8116965590483787,0.0,5,100.0,1.0,0.0,100.0,1.0,0.0,100.0,1.0,0.0,100.0,1.0,0.0,31.96905189564859,0.6,4.058482795241893
323,actuated,2,2,25.069891066878085,25.069891066878085,2427398.7471430134,485479.7494286027,3823.2,72.13584905660377,83592.88285235268,1577.2242047613713,53.0,0.7212445418397609,82.44062601540008,45.6,24,1.439984423650292,0.8603773584905661,82.44062601540008,100.0,4.8,0.96,0.9131948987247774,0.0,5,100.0,1.0,0.0,100.0,1.0,0.0,100.0,1.0,0.0,100.0,1.0,0.0,12.203130077000424,0.8,4.565974493623887
324,actuated,2,2,23.68039471053439,23.68039471053439,7876620.500375466,1575324.1000750933,4053.0,77.3473282442748,79713.03139995906,1521.2410572511271,52.4,0.7598707174783071,85.35931255614287,46.2,24,1.5236339123825053,0.8816793893129771,85.35931255614287,100.0,4.8,0.96,0.7330161402948168,0.0,5,100.0,1.0,0.0,100.0,1.0,0.0,100.0,1.0,0.0,100.0,1.0,0.0,26.79656278071434,0.8,3.665080701474084
325,actuated,2,2,26.629251454160293,26.629251454160293,4000026.629251454,800005.3258502908,4283.0,82.04980842911877,80386.84071510294,1539.977791477068,52.2,0.6853088277748105,87.0463467016798,46.2,24,1.3855164085588532,0.8850574712643678,87.0463467016798,100.0,4.8,0.96,0.8487889296042749,0.0,5,100.0,1.0,0.0,100.0,1.0,0.0,100.0,1.0,0.0,100.0,1.0,0.0,35.231733508398975,0.8,4.243944648021374
326,actuated,2,2,34.487840230016964,34.487840230016964,8673801.419733062,1734760.2839466124,4513.0,86.78846153846153,80474.95704156058,1547.595327722319,52.0,0.5224409195012453,87.16679015375576,46.2,23,1.0484337241408348,0.8884615384615384,87.16679015375576,100.0,4.6,0.9199999999999999,0.48125031842847854,0.0,5,100.0,1.0,0.0,100.0,1.0,0.0,100.0,1.0,0.0,100.0,1.0,0.0,35.83395076877878,0.6,2.4062515921423926
327,actuated,2,2,27.55657785889694,27.55657785889694,4000027.5565778585,800005.5113155717,4682.8,90.75193798449612,80428.56598874016,1558.6931393166699,51.6,0.6538981775444596,86.59103220141606,46.0,24,1.3126338851603045,0.8914728682170543,86.59103220141606,100.0,4.8,0.96,0.7493972954619441,0.0,5,100.0,1.0,0.0,100.0,1.0,0.0,100.0,1.0,0.0,100.0,1.0,0.0,32.95516100708028,0.8,3.746986477309721
328,actuated,2,2,265.5934822523232,147.551934584624,3000566.5904201465,600113.3180840292,3765.2,75.00398406374502,77635.82530419415,1546.5303845457001,50.2,0.7973680951473636,71.38443463553904,42.2,21,1.4696729837219973,0.8406374501992032,71.38443463553904,100.0,4.2,0.8400000000000001,0.6158075747696066,0.0,5,100.0,1.0,0.0,100.0,1.0,0.0,100.0,1.0,0.0,40.0,0.6,0.0,16.922173177695186,0.6,3.079037873848033
329,actuated,2,2,188.43937123582137,94.21968561791068,3000188.4393712357,600037.6878742471,2738.8,54.99598393574297,78499.81957581238,1576.301597907879,49.8,0.8906138783601496,83.82420099893898,39.6,24,1.5202335299784053,0.7951807228915663,83.82420099893898,100.0,4.8,0.96,1.3058422431103491,0.0,5,100.0,1.0,0.0,100.0,1.0,0.0,100.0,1.0,0.0,93.08406205080246,1.0,1.8394058701005143,26.036942943892427,0.8,4.689805345451231
330,actuated,2,2,211.83914082948195,105.91957041474097,3000211.8391408296,600042.3678281659,2604.6,53.372950819672134,75829.11631205367,1553.875334263395,48.8,1.0254022567800103,81.301452269322,40.0,22,1.8307856527489181,0.819672131147541,81.301452269322,100.0,4.4,0.8800000000000001,1.670029016911021,0.0,5,100.0,1.0,0.0,100.0,1.0,0.0,100.0,1.0,0.0,100.0,1.0,0.0,6.507261346609994,0.4,8.350145084555106
331,actuated,2,2,361.6296444113138,200.90535800628544,3000736.6773995147,600147.3354799029,2792.4,56.75609756097561,76477.4723032524,1554.4201687652928,49.2,0.9996399891337089,81.08930183569919,43.0,22,1.9266806566039072,0.8739837398373984,81.08930183569919,100.0,4.4,0.8800000000000001,1.7572965140268206,0.0,5,100.0,1.0,0.0,100.0,1.0,0.0,100.0,1.0,0.0,100.0,1.0,0.0,5.446509178495944,0.4,8.786482570134103
332,actuated,2,2,19.12010147772829,19.12010147772829,3044100.6772227935,608820.1354445587,3016.0,61.300813008130085,77539.86170981107,1576.0134493864039,49.2,0.9539986467805918,82.07919242718071,46.0,22,1.92317387759867,0.9349593495934959,82.07919242718071,100.0,4.4,0.8800000000000001,1.8138092172343083,0.0,5,100.0,1.0,0.0,100.0,1.0,0.0,100.0,1.0,0.0,100.0,1.0,0.0,10.395962135903574,0.4,9.069046086171541
333,actuated,2,2,19.29864566596994,19.29864566596994,3925704.406358739,785140.8812717478,3246.0,65.7085020242915,77990.40628188165,1578.753163600843,49.4,0.9390758769241525,80.67274876209467,46.2,22,1.8918769644993334,0.9352226720647774,80.67274876209467,100.0,4.4,0.8800000000000001,1.7297890566661955,0.0,5,100.0,1.0,0.0,100.0,1.0,0.0,100.0,1.0,0.0,100.0,1.0,0.0,3.363743810473352,0.4,8.648945283330978
334,actuated,2,2,18.49510924736378,18.49510924736378,4000018.4951092475,800003.6990218495,3476.0,70.36437246963563,77702.03081950577,1572.91560363372,49.4,0.975795848946087,80.20172336599535,46.2,22,1.9601181592182981,0.9352226720647774,80.20172336599535,100.0,4.4,0.8800000000000001,1.749328806307167,0.0,5,100.0,1.0,0.0,100.0,1.0,0.0,100.0,1.0,0.0,100.0,1.0,0.0,1.008616829976745,0.4,8.746644031535835
335,actuated,2,2,23.328785804464196,23.328785804464196,4000023.3287858046,800004.6657571609,3706.6,73.83665338645419,78040.14387028363,1554.5845392486779,50.2,0.7731604947370365,82.40774583978146,46.6,21,1.5527230305870003,0.9282868525896414,82.40774583978146,100.0,4.2,0.8400000000000001,1.6613049159553608,0.0,5,100.0,1.0,0.0,100.0,1.0,0.0,100.0,1.0,0.0,100.0,1.0,0.0,12.038729198907276,0.2,8.306524579776804
336,actuated,2,2,30.97402348799257,30.97402348799257,4000030.9740234884,800006.1948046976,3943.0,77.01171875,79639.4687053425,1555.4583731512207,51.2,0.5827265598133703,81.06642838610787,48.0,21,1.170665448050624,0.9375,81.06642838610787,100.0,4.2,0.8400000000000001,1.290486218417106,0.0,5,100.0,1.0,0.0,100.0,1.0,0.0,100.0,1.0,0.0,100.0,1.0,0.0,5.332141930539365,0.2,6.45243109208553
337,actuated,2,2,50.378770995417554,50.378770995417554,4000050.378770996,800010.0757541992,4183.6,80.1455938697318,79949.81464731517,1531.6056445845818,52.2,0.37487934932729805,100.0,48.6,25,0.771056104623168,0.9310344827586207,100.0,100.0,5.0,1.0,0.0,0.0,5,100.0,1.0,0.0,100.0,1.0,0.0,100.0,1.0,0.0,100.0,1.0,0.0,100.0,1.0,0.0
338,actuated,4,2,475.6747569347034,264.263753852613,2003133.2963471147,400626.65926942293,3681.2,71.34108527131782,80630.02944281587,1562.597469822013,51.6,0.3326623638004203,96.0,44.4,25,0.56681997525228,0.8604651162790697,96.0,100.0,5.0,1.0,0.0,0.0,5,80.0,1.0,0.0,100.0,1.0,0.0,100.0,1.0,0.0,100.0,1.0,0.0,100.0,1.0,0.0
339,actuated,4,4,380.65641426564974,126.88547142188325,2000380.656414266,400076.1312828532,2836.6,55.838582677165356,82919.63108284617,1632.2762024182318,50.8,0.5218481060711985,74.20897508690632,37.0,21,0.5038888494334368,0.7283464566929134,74.20897508690632,100.0,4.2,0.8400000000000001,0.8133062091270918,0.0,5,38.856691112478075,0.6,2.3744802168790247,100.0,1.0,0.0,32.18818432205353,0.6,1.6920508287564349,100.0,1.0,0.0,100.0,1.0,0.0
