step,control_mode,phase,prev_phase,TotalTravelTime,AvgTravelTime,TotalTravelTime_Raw,AvgTravelTime_Raw,TotalWaitingTime,AvgWaitingTime,TotalCO2,AvgCO2,VehCount,AvgSpeed,AvgOccupancy,QueueLength,Throughput,SpeedStd,HaltRatio,det_occ_mean,det_occ_max,det_veh_sum,det_veh_mean,det_speed_mean,det_speed_min,n_detectors,d0_occ,d0_veh,d0_speed,d1_occ,d1_veh,d1_speed,d2_occ,d2_veh,d2_speed,d3_occ,d3_veh,d3_speed
0,mixed_20,0,0,160.28597587143872,53.42865862381291,486984.7046410519,121746.17616026297,19.0,3.8,8565.288300580567,1713.0576601161135,5.0,6.130005160230994,1.6816877700898658,3.4,2,6.265983070382888,0.68,1.6816877700898658,6.726751080359463,0.4,0.1,2.272915464872494,0.0,4,0.0,0.0,0.0,6.726751080359463,0.4,9.091661859489976,0.0,0.0,0.0,0.0,0.0,0.0
1,mixed_20,0,0,197.8242292765686,54.951174799046825,400197.82422927656,100049.45605731914,34.0,5.666666666666667,11381.475894451836,1896.9126490753058,6.0,4.682564185423155,0.0,3.0,0,5.4019199112367025,0.5,0.0,0.0,0.0,0.0,0.0,0.0,4,0.0,0.0,0.0,0.0,0.0,0.0,0.0,0.0,0.0,0.0,0.0,0.0
2,mixed_20,0,0,276.8947396367331,76.91520545464809,400276.89473963674,100069.22368490919,49.2,6.15,14662.20536593782,1832.7756707422275,8.0,2.292809293598323,3.021479773822904,3.6,1,1.719915241231579,0.45,3.021479773822904,12.085919095291615,0.2,0.05,2.0685228655667074,0.0,4,0.0,0.0,0.0,0.0,0.0,0.0,0.0,0.0,0.0,12.085919095291615,0.2,8.27409146226683
3,mixed_20,0,0,156.39200388106002,39.098000970265005,156.39200388106002,39.098000970265005,68.0,8.5,15434.664264735262,1929.3330330919077,8.0,3.75563814569149,6.71769521301556,4.0,2,2.285399240769727,0.5,6.71769521301556,26.87078085206224,0.4,0.1,1.5319855384380947,0.0,4,0.0,0.0,0.0,0.0,0.0,0.0,0.0,0.0,0.0,26.87078085206224,0.4,6.127942153752379
4,mixed_20,0,0,65.05562464054762,21.685208213515875,180253.51878415077,45063.37969603769,90.0,10.975609756097562,15344.667730051195,1871.3009426891701,8.2,5.400612237415941,29.865626760086315,5.0,8,4.8552926241824,0.6097560975609756,29.865626760086315,100.0,1.6,0.4,3.500460402524406,0.0,4,0.0,0.0,0.0,8.138692969493206,0.4,8.995227876398712,11.323814070852052,0.2,5.006613733698912,100.0,1.0,0.0
5,mixed_20,0,0,289.05405719202497,85.015899174125,600289.0540571919,150072.26351429799,117.0,14.625,13477.55187344798,1684.6939841809974,8.0,6.811653862336089,51.68410260212369,6.0,12,6.354674121557502,0.75,51.68410260212369,100.0,2.4,0.6,2.327857831679285,0.0,4,6.7364104084947485,0.4,9.31143132671714,0.0,0.0,0.0,100.0,1.0,0.0,100.0,1.0,0.0
6,mixed_20,0,0,193.0027981298552,50.790210034172425,200193.00279812986,50048.250699532466,147.0,17.926829268292682,13955.402593438102,1701.8783650534272,8.2,6.865851296112948,50.0,6.2,10,6.368662389203457,0.7560975609756098,50.0,100.0,2.0,0.5,0.0,0.0,4,0.0,0.0,0.0,0.0,0.0,0.0,100.0,1.0,0.0,100.0,1.0,0.0
7,mixed_20,0,0,200.3106474102407,66.77021580341356,457120.9770650398,114280.24426625995,178.2,18.183673469387756,16321.724590323947,1665.482101053464,9.8,2.375992312239271,50.0,7.0,10,3.9226419602578235,0.7142857142857143,50.0,100.0,2.0,0.5,0.0,0.0,4,0.0,0.0,0.0,0.0,0.0,0.0,100.0,1.0,0.0,100.0,1.0,0.0
8,mixed_20,0,0,426.38548469851446,125.40749549956308,162506.10943097115,40626.52735774279,214.2,19.472727272727273,18102.350476394313,1645.6682251267555,11.0,2.1450310188716752,50.0,7.6,10,1.8941841170346174,0.6909090909090909,50.0,100.0,2.0,0.5,0.0,0.0,4,0.0,0.0,0.0,0.0,0.0,0.0,100.0,1.0,0.0,100.0,1.0,0.0
9,mixed_20,0,0,128.52046821281402,42.84015607093801,1509981.3216825796,377495.3304206449,254.0,21.52542372881356,21549.985501832976,1826.2699577824558,11.8,3.643413559103157,50.0,8.2,10,3.303537313266729,0.6949152542372882,50.0,100.0,2.0,0.5,0.0,0.0,4,0.0,0.0,0.0,0.0,0.0,0.0,100.0,1.0,0.0,100.0,1.0,0.0
10,mixed_20,0,0,358.5121153089186,94.345293502347,200358.512115309,50089.62802882725,294.0,24.098360655737704,21159.674839625317,1734.3995770184688,12.2,5.913320558838904,53.88659575737563,8.2,13,5.432536078624505,0.6721311475409836,53.88659575737563,100.0,2.6,0.65,4.711406543455029,0.0,4,5.0421696286935,0.4,9.32563679581508,10.504213400809022,0.2,9.519989378005032,100.0,1.0,0.0,100.0,1.0,0.0
11,mixed_20,0,0,135.30400685554585,52.040002636748405,823244.1164143279,205811.02910358197,336.0,27.540983606557376,20621.62060758042,1690.2967711131491,12.2,3.5193992709285977,50.0,9.2,10,5.250051803101922,0.7540983606557377,50.0,100.0,2.0,0.5,0.0,0.0,4,0.0,0.0,0.0,0.0,0.0,0.0,100.0,1.0,0.0,100.0,1.0,0.0
12,mixed_20,0,0,156.0068681270979,60.002641587345344,1003676.0783729733,250919.0195932433,382.4,29.415384615384614,20717.919961494474,1593.6861508841903,13.0,1.7940720209885583,50.0,9.8,10,1.9074127321567165,0.7538461538461538,50.0,100.0,2.0,0.5,0.0,0.0,4,0.0,0.0,0.0,0.0,0.0,0.0,100.0,1.0,0.0,100.0,1.0,0.0
13,mixed_20,0,0,323.39733889427265,124.38359188241256,1334164.5221619993,333541.1305404998,436.0,30.704225352112676,24421.413736408016,1719.8178687611278,14.2,3.304929978186922,50.0,11.4,10,3.411573629813185,0.8028169014084507,50.0,100.0,2.0,0.5,0.0,0.0,4,0.0,0.0,0.0,0.0,0.0,0.0,100.0,1.0,0.0,100.0,1.0,0.0
14,mixed_20,0,0,489.8483537036618,122.46208842591545,489.8483537036618,122.46208842591545,491.0,34.09722222222222,25405.90851142344,1764.2992021821833,14.4,5.46583570507718,55.15155121829664,11.0,12,5.281280469148015,0.7638888888888888,55.151551218296646,100.0,2.4,0.6,4.858618239848935,0.0,4,9.94986297564651,0.2,10.050389663130241,10.656341897540074,0.2,9.3840832962655,100.0,1.0,0.0,100.0,1.0,0.0
15,mixed_20,0,0,284.695196744174,71.1737991860435,284.695196744174,71.1737991860435,546.0,39.56521739130435,22388.095313276342,1622.3257473388653,13.8,7.154248449286078,50.0,11.2,10,6.4403191060138045,0.8115942028985508,50.0,100.0,2.0,0.5,0.0,0.0,4,0.0,0.0,0.0,0.0,0.0,0.0,100.0,1.0,0.0,100.0,1.0,0.0
16,mixed_20,0,0,386.47385598985335,128.82461866328444,324373.3017211392,81093.3254302848,604.2,40.82432432432432,22725.366004096348,1535.497702979483,14.8,4.431998051612149,50.0,12.6,10,6.201862288713039,0.8513513513513513,50.0,100.0,2.0,0.5,0.0,0.0,4,0.0,0.0,0.0,0.0,0.0,0.0,100.0,1.0,0.0,100.0,1.0,0.0
17,mixed_20,0,0,181.9761133589158,60.65870445297193,1933754.6405990024,483438.6601497506,669.0,41.2962962962963,26282.88009987109,1622.4000061648821,16.2,4.32856646630346,50.0,13.4,10,5.618587052729742,0.8271604938271605,50.0,100.0,2.0,0.5,0.0,0.0,4,0.0,0.0,0.0,0.0,0.0,0.0,100.0,1.0,0.0,100.0,1.0,0.0
18,mixed_20,0,0,375.32812955792275,117.29004048685086,600676.0112097694,150169.00280244235,737.0,41.875,29531.020901500655,1677.8989148579917,17.6,4.723481712763003,50.0,14.2,10,5.581131425826175,0.8068181818181818,50.0,100.0,2.0,0.5,0.0,0.0,4,0.0,0.0,0.0,0.0,0.0,0.0,100.0,1.0,0.0,100.0,1.0,0.0
19,mixed_20,0,0,522.6220442909607,153.71236596792963,200908.443251935,50227.11081298375,807.6,44.86666666666667,28696.204642489836,1594.2335912494354,18.0,5.145643029295707,50.328063884515615,14.4,12,5.620391794314734,0.8,50.328063884515615,100.0,2.4,0.6,2.2776234367163855,0.0,4,1.312255538062459,0.4,9.110493746865542,0.0,0.0,0.0,100.0,1.0,0.0,100.0,1.0,0.0
20,mixed_20,1,0,107.63532665772269,53.81766332886134,1634756.972875611,408689.24321890273,885.6,49.2,28448.371291511703,1580.4650717506502,18.0,3.227163302030534,52.55969855022272,16.4,11,4.7874830997916265,0.9111111111111111,52.55969855022272,100.0,2.2,0.55,2.4416937687667115,0.0,4,0.0,0.0,0.0,10.23879420089088,0.2,9.766775075066846,100.0,1.0,0.0,100.0,1.0,0.0
21,mixed_20,1,1,414.00804497111477,345.00670414259565,1874161.6292397596,468540.4073099399,971.2,50.06185567010309,29079.10903251791,1498.9231460060778,19.4,0.524382659266139,50.0,18.0,10,1.5538217274597774,0.9278350515463918,50.0,100.0,2.0,0.5,0.0,0.0,4,0.0,0.0,0.0,0.0,0.0,0.0,100.0,1.0,0.0,100.0,1.0,0.0
22,mixed_20,1,1,338.82572615703964,169.41286307851982,2000338.825726157,500084.70643153926,1061.0,52.524752475247524,31757.487910605116,1572.1528668616395,20.2,0.37340023174387277,50.0,18.2,10,0.48386900905467034,0.900990099009901,50.0,100.0,2.0,0.5,0.0,0.0,4,0.0,0.0,0.0,0.0,0.0,0.0,100.0,1.0,0.0,100.0,1.0,0.0
23,mixed_20,1,1,512.3368819800198,256.1684409900099,1340383.1723165894,335095.79307914735,1154.0,53.425925925925924,34406.80265879142,1592.907530499603,21.6,0.7151191018631091,50.0,19.2,10,1.1224412675974664,0.8888888888888888,50.0,100.0,2.0,0.5,0.0,0.0,4,0.0,0.0,0.0,0.0,0.0,0.0,100.0,1.0,0.0,100.0,1.0,0.0
24,mixed_20,1,1,559.7909667082959,199.9253452529628,801413.630938942,200353.4077347355,1249.0,55.75892857142857,35692.97398462543,1593.4363385993495,22.4,1.1525268407411133,52.870743554693284,19.2,11,1.6457671863435355,0.8571428571428571,52.87074355469329,100.0,2.2,0.55,2.177136299681685,0.0,4,0.0,0.0,0.0,11.482974218773165,0.2,8.70854519872674,100.0,1.0,0.0,100.0,1.0,0.0
25,mixed_20,1,1,507.07751685045207,281.70973158358447,403001.7700256939,100750.44250642348,1349.6,55.768595041322314,36758.01400373806,1518.9261985015728,24.2,0.43625205986054877,50.0,21.6,10,0.6619341272069817,0.8925619834710744,50.0,100.0,2.0,0.5,0.0,0.0,4,0.0,0.0,0.0,0.0,0.0,0.0,100.0,1.0,0.0,100.0,1.0,0.0
26,mixed_20,1,1,796.588548249815,265.52951608327163,742425.6221117247,185606.40552793117,1459.2,57.0,40202.013683408186,1570.3911595081322,25.6,0.7917593433162392,50.0,22.4,10,1.0964985404933445,0.875,50.0,100.0,2.0,0.5,0.0,0.0,4,0.0,0.0,0.0,0.0,0.0,0.0,100.0,1.0,0.0,100.0,1.0,0.0
27,mixed_20,1,1,132.47053584048632,66.23526792024316,2723293.7246723054,680823.4311680763,1576.0,60.61538461538461,40627.67164522011,1562.6027555853886,26.0,1.2412830725543793,53.0030108288085,24.0,11,1.654717930255909,0.9230769230769231,53.0030108288085,100.0,2.2,0.55,2.081244576290724,0.0,4,12.012043315233996,0.2,8.324978305162896,0.0,0.0,0.0,100.0,1.0,0.0,100.0,1.0,0.0
28,mixed_20,1,1,219.8896004915344,122.16088916196355,2006679.3855550573,501669.84638876433,1698.0,63.35820895522388,41590.026881431804,1551.8666746802912,26.8,0.6556042606273567,50.0,25.0,10,0.889287003317873,0.9328358208955224,50.0,100.0,2.0,0.5,0.0,0.0,4,0.0,0.0,0.0,0.0,0.0,0.0,100.0,1.0,0.0,100.0,1.0,0.0
29,mixed_20,0,1,76.15054084009739,38.075270420048696,2000076.1505408399,500019.03763520997,1711.6,67.38582677165354,40692.65782983548,1602.0731429069087,25.4,1.5072588398671014,55.084917342955464,21.4,13,1.693073673043996,0.84251968503937,55.084917342955464,100.0,2.6,0.65,2.1429055771666383,0.0,4,0.0,0.0,0.0,20.339669371821856,0.6,8.571622308666553,100.0,1.0,0.0,100.0,1.0,0.0
30,mixed_20,0,0,38.583637646840515,19.291818823420257,1800482.5075044855,450120.6268761214,1812.0,77.43589743589743,37785.70865532047,1614.7738741589947,23.4,3.216788525879303,50.0,21.2,10,3.9518037450794687,0.905982905982906,50.0,100.0,2.0,0.5,0.0,0.0,4,0.0,0.0,0.0,0.0,0.0,0.0,100.0,1.0,0.0,100.0,1.0,0.0
31,mixed_20,0,0,375.0444702378609,156.26852926577538,1201017.276656635,300254.3191641588,1917.0,82.62931034482759,36329.69174836156,1565.9349891535157,23.2,3.9045713087717386,52.54944997889538,21.2,11,5.699481063502684,0.9137931034482759,52.54944997889538,100.0,2.2,0.55,2.451509169325998,0.0,4,10.197799915581527,0.2,9.806036677303991,0.0,0.0,0.0,100.0,1.0,0.0,100.0,1.0,0.0
32,mixed_20,0,0,38.07868481135141,19.039342405675704,1729138.9206948783,432284.7301737196,2025.0,88.04347826086956,35657.62530303339,1550.3315349144953,23.0,4.294123990950863,50.0,22.0,10,5.714471872420556,0.9565217391304348,50.0,100.0,2.0,0.5,0.0,0.0,4,0.0,0.0,0.0,0.0,0.0,0.0,100.0,1.0,0.0,100.0,1.0,0.0
33,mixed_20,0,0,23.334246159636002,11.667123079818001,2000023.33424616,500005.83356154,2135.0,92.82608695652173,35932.91030117877,1562.3004478773375,23.0,4.959820471554994,50.0,22.0,10,5.712481299917445,0.9565217391304348,50.0,100.0,2.0,0.5,0.0,0.0,4,0.0,0.0,0.0,0.0,0.0,0.0,100.0,1.0,0.0,100.0,1.0,0.0
34,mixed_20,0,0,17.43054040756641,8.715270203783206,2000017.4305404075,500004.3576351019,2245.0,98.46491228070175,35874.84986008217,1573.4583271965864,22.8,5.862008037374354,51.451869652401854,22.0,12,6.164298087119001,0.9649122807017544,51.451869652401854,100.0,2.4,0.6,2.218416745588183,0.0,4,5.807478609607415,0.4,8.873666982352733,0.0,0.0,0.0,100.0,1.0,0.0,100.0,1.0,0.0
35,mixed_20,0,0,56.6978985125528,31.498832506973777,2200056.6978985122,550014.1744746281,2355.0,104.20353982300885,34557.00122364322,1529.0708506036824,22.6,4.948809865932912,50.0,22.2,10,6.566328908003799,0.9823008849557522,50.0,100.0,2.0,0.5,0.0,0.0,4,0.0,0.0,0.0,0.0,0.0,0.0,100.0,1.0,0.0,100.0,1.0,0.0
36,mixed_20,0,0,45.852661839094665,25.473701021719258,2200045.852661839,550011.4631654598,2465.0,106.25,35987.44079869945,1551.18279304739,23.2,3.4475924694510183,50.0,22.2,10,5.356874602235682,0.9568965517241379,50.0,100.0,2.0,0.5,0.0,0.0,4,0.0,0.0,0.0,0.0,0.0,0.0,100.0,1.0,0.0,100.0,1.0,0.0
37,mixed_20,0,0,80.82139745036207,40.410698725181035,2000080.8213974505,500020.20534936263,2575.0,107.29166666666667,38312.06478306565,1596.3360326277354,24.0,1.9758810542849825,50.0,22.0,10,2.509832920295918,0.9166666666666666,50.0,100.0,2.0,0.5,0.0,0.0,4,0.0,0.0,0.0,0.0,0.0,0.0,100.0,1.0,0.0,100.0,1.0,0.0
38,mixed_20,0,0,31.61948199249532,15.80974099624766,2000031.6194819927,500007.90487049817,2685.0,111.875,38383.80504257854,1599.3252101074393,24.0,3.334563808936532,52.62385040501755,22.0,11,3.593547818408336,0.9166666666666666,52.62385040501755,100.0,2.2,0.55,2.3819955543380904,0.0,4,10.495401620070197,0.2,9.527982217352362,0.0,0.0,0.0,100.0,1.0,0.0,100.0,1.0,0.0
39,mixed_20,2,0,520.6159295143095,216.92330396429566,148585.5954696365,37146.39886740912,1689.8,70.40833333333333,38783.757858504854,1615.9899107710357,24.0,2.306590939038853,42.62822987791736,17.4,11,3.5245397893690704,0.725,42.62822987791736,80.0,2.2,0.55,2.3780263866996925,0.0,4,0.0,0.0,0.0,10.512919511669452,0.2,9.51210554679877,80.0,1.0,0.0,80.0,1.0,0.0
40,mixed_20,2,2,635.7950620737233,176.60973946492314,201045.0639530858,50261.26598827145,548.2,23.629310344827587,39590.6465436572,1706.4933855024656,23.2,1.2275668555653299,17.883958369822324,10.4,6,1.97032456867668,0.4482758620689655,17.883958369822324,39.433383734298104,1.2,0.3,1.0368638562823578,0.0,4,0.0,0.0,0.0,0.0,0.0,0.0,32.10244974499119,0.6,2.023364887273301,39.433383734298104,0.6,2.12409053785613
41,mixed_20,2,2,219.2241504869174,68.50754702716169,403399.2262337008,100849.8065584252,77.6,3.8415841584158414,39366.09388459259,1948.8165289402273,20.2,1.4937857745693428,14.1956565775115,4.0,6,0.9167364827568178,0.19801980198019803,14.1956565775115,29.05709983501538,1.2,0.3,1.9721963401017801,0.0,4,0.0,0.0,0.0,0.0,0.0,0.0,27.72552647503062,0.6,3.864510399083035,29.05709983501538,0.6,4.024274961324085
42,mixed_20,2,2,184.0057559516132,46.0014389879033,184.0057559516132,46.0014389879033,26.0,1.4444444444444444,38904.02006444331,2161.3344480246287,18.0,2.945918096525485,6.645510083311876,2.4,7,1.150457707835086,0.13333333333333333,6.645510083311876,18.98071472243487,1.4,0.35,2.7176306255497567,0.0,4,0.0,0.0,0.0,0.0,0.0,0.0,7.601325610812637,0.6,5.259548367340041,18.98071472243487,0.8,5.610974134858987
43,mixed_20,2,2,246.2108286560925,61.552707164023126,246.2108286560925,61.552707164023126,36.0,2.3076923076923075,33701.91845300133,2160.3793880129056,15.6,3.6137558185812075,14.824798902753855,2.4,9,1.4730163270237195,0.15384615384615385,14.824798902753855,26.642414264713352,1.8000000000000003,0.45000000000000007,5.636414827585374,0.0,4,10.275186378225953,0.4,8.969758583419026,0.0,0.0,0.0,22.381594968076115,0.8,6.054341841146309,26.642414264713352,0.6,7.521558885776161
44,mixed_20,2,2,57.17975321813924,19.059917739379745,541598.3805266772,135399.5951316693,49.0,3.828125,27613.913556967746,2157.336996638105,12.8,3.7324563306881053,17.357983938982784,3.2,8,2.2703047868029795,0.25,17.357983938982784,38.566149183545804,1.6,0.4,5.859713779904744,0.0,4,0.0,0.0,0.0,12.142181635502993,0.2,8.235752272689295,38.566149183545804,0.8,6.893729645494152,18.72360493688234,0.6,8.309373201435527
45,mixed_20,2,2,159.10475787228745,61.19413764318748,687795.7084061442,171948.92710153604,65.2,6.269230769230769,20423.022455843337,1963.7521592157054,10.4,2.9577189329811104,2.6037826318091106,4.0,5,2.798118384873729,0.38461538461538464,2.6037826318091106,8.55023737587544,1.0,0.25,4.361154055572115,0.0,4,0.0,0.0,0.0,0.0,0.0,0.0,8.55023737587544,0.6,8.490438277833166,1.8648931513610023,0.4,8.954177944455296
46,mixed_20,2,2,293.94344638393403,81.65095732887056,478946.30451981147,119736.57612995287,85.0,8.173076923076923,20718.862894695558,1992.1983552591882,10.4,3.420896312508141,5.789059358814654,4.4,2,2.9899463284738124,0.4230769230769231,5.789059358814654,11.611366523351307,0.4,0.1,4.318526483372449,0.0,4,0.0,0.0,0.0,0.0,0.0,0.0,11.611366523351307,0.2,8.612250745757848,11.54487091190731,0.2,8.661855187731948
47,mixed_20,2,2,189.7310932219172,49.929235058399264,200189.73109322193,50047.43277330548,105.0,10.5,20445.24284370771,2044.5242843707708,10.0,3.866281746280689,2.82657466219149,4.4,1,3.9777568455627015,0.44,2.82657466219149,11.30629864876596,0.2,0.05,2.211156876059404,0.0,4,0.0,0.0,0.0,0.0,0.0,0.0,11.30629864876596,0.2,8.844627504237616,0.0,0.0,0.0
48,mixed_20,2,2,145.52191106897288,38.29523975499286,714.1455677656791,178.53639194141977,125.0,12.01923076923077,20773.79364920679,1997.480158577576,10.4,2.8233544621472917,13.146070383291146,4.2,4,1.422048748367074,0.40384615384615385,13.146070383291146,41.51717443500047,0.8,0.2,4.064763978372799,0.0,4,41.51717443500047,0.6,7.223270941591118,0.0,0.0,0.0,11.067107098164115,0.2,9.035784971900078,0.0,0.0,0.0
49,mixed_20,2,2,141.52951335601625,50.54625477000581,342306.3009444666,85576.57523611665,148.0,14.23076923076923,19397.646573836137,1865.1583244073206,10.4,2.973334994615145,40.69581276098262,5.2,9,2.402464054870957,0.5,40.69581276098262,100.0,1.8,0.45,3.5467251228148053,0.0,4,100.0,1.0,0.0,51.751683163639655,0.6,5.122005901011391,11.031567880290822,0.2,9.06489459024783,0.0,0.0,0.0
50,mixed_20,2,2,318.6356815696562,113.79845770344865,376434.69153836614,94108.67288459153,178.0,14.833333333333334,20691.21167957392,1724.2676399644931,12.0,3.0201456319061637,54.82112237482568,7.0,13,3.2509725913100938,0.5833333333333334,54.82112237482568,100.0,2.6,0.65,4.353777879313574,0.0,4,100.0,1.0,0.0,100.0,1.0,0.0,8.062583101749397,0.4,8.503969643730668,11.221906397553312,0.2,8.911141873523627
51,mixed_20,2,2,290.0405384796917,90.63766827490365,800290.0405384797,200072.51013461992,216.2,15.897058823529411,22360.300276403326,1644.139726206127,13.6,1.4207452412033237,51.98809305319145,9.0,12,1.2792543111689094,0.6617647058823529,51.98809305319145,100.0,2.4,0.6,2.168284124345518,0.0,4,100.0,1.0,0.0,100.0,1.0,0.0,0.0,0.0,0.0,7.952372212765795,0.4,8.673136497382073
52,mixed_20,1,2,289.0130847196648,72.2532711799162,289.0130847196648,72.2532711799162,167.6,11.80281690140845,25385.981007669623,1787.7451413851845,14.2,1.5694202634829555,54.545873606844,7.8,12,0.6094875765455542,0.5492957746478874,54.545873606844,100.0,2.4,0.6,1.087656718906862,0.0,4,100.0,1.0,0.0,80.0,1.0,0.0,38.18349442737599,0.4,4.350626875627448,0.0,0.0,0.0
53,mixed_20,1,1,138.0479411513536,46.01598038378453,1000138.0479411514,250034.51198528786,195.0,14.552238805970148,22969.794246511246,1714.1637497396453,13.4,1.7604819388501904,54.902600016844474,8.2,12,1.326135372884714,0.6119402985074627,54.902600016844474,100.0,2.4,0.6,0.6312037631236868,0.0,4,100.0,1.0,0.0,19.610400067377896,0.4,2.524815052494747,100.0,1.0,0.0,0.0,0.0,0.0
54,mixed_20,1,1,331.6721032766523,110.5573677588841,1000331.6721032767,250082.91802581918,240.8,16.493150684931507,22378.88819223754,1532.8005611121603,14.6,1.2270793989794717,70.49667795843362,10.6,15,1.0827631459691611,0.726027397260274,70.49667795843362,100.0,3.0,0.75,2.5890860545452616,0.0,4,100.0,1.0,0.0,15.575072711038729,0.2,4.344912377588381,100.0,1.0,0.0,66.41163912269576,0.8,6.011431840592665
55,mixed_20,1,1,423.25369512280867,176.35570630117027,950518.3727654992,237629.5931913748,301.0,19.545454545454547,25077.18133314851,1628.3883982563966,15.4,0.5232637862461712,100.0,13.0,20,0.5580646619384451,0.8441558441558441,100.0,100.0,4.0,1.0,0.0,0.0,4,100.0,1.0,0.0,100.0,1.0,0.0,100.0,1.0,0.0,100.0,1.0,0.0
56,mixed_20,1,1,290.7689988628996,103.84607102246414,1199850.629436758,299962.6573591895,366.2,22.8875,25272.857218818182,1579.5535761761364,16.0,0.7877286366938158,100.0,13.2,20,0.6454185457801781,0.825,100.0,100.0,4.0,1.0,0.0,0.0,4,100.0,1.0,0.0,100.0,1.0,0.0,100.0,1.0,0.0,100.0,1.0,0.0
57,mixed_20,1,1,484.4959536510913,269.16441869505076,1396253.2842501374,349063.32106253435,437.0,25.705882352941178,26500.911045120203,1558.8771203011884,17.0,0.375129899354563,100.0,15.2,20,0.5628961940612867,0.8941176470588236,100.0,100.0,4.0,1.0,0.0,0.0,4,100.0,1.0,0.0,100.0,1.0,0.0,100.0,1.0,0.0,100.0,1.0,0.0
58,mixed_20,1,1,415.316390911216,148.32728246829143,1003517.5734843423,250879.39337108558,512.2,28.142857142857142,29201.40733620889,1604.4729305609278,18.2,0.6243906473963381,100.0,15.4,20,0.6292202813284051,0.8461538461538461,100.0,100.0,4.0,1.0,0.0,0.0,4,100.0,1.0,0.0,100.0,1.0,0.0,100.0,1.0,0.0,100.0,1.0,0.0
59,mixed_20,0,1,783.8796460529938,195.96991151324846,783.8796460529938,195.96991151324846,327.8,18.839080459770116,30306.230716968123,1741.7373975269036,17.4,1.0489638053141845,80.0,10.8,18,0.8719202281072599,0.6206896551724138,80.0,100.0,3.6,0.9,0.0,0.0,4,60.0,0.8,0.0,60.0,0.8,0.0,100.0,1.0,0.0,100.0,1.0,0.0
60,mixed_20,0,0,251.85801540469228,78.70562981396634,31750.52538647013,7937.6313466175325,325.0,20.833333333333332,27443.203730284633,1759.179726300297,15.6,2.358170331081639,57.433960166028726,10.2,15,2.184961401465193,0.6538461538461539,57.433960166028726,100.0,3.0,0.75,2.751802689112341,0.0,4,27.54084998752319,0.6,2.000590314979068,2.194990676591715,0.4,9.006620441470297,100.0,1.0,0.0,100.0,1.0,0.0
61,mixed_20,0,0,315.8989227490003,92.91144786735303,201755.417299708,50438.854324927,375.2,28.861538461538462,20191.32823037599,1553.179094644307,13.0,4.717162689341211,50.0,10.4,10,5.556994116565738,0.8,50.0,100.0,2.0,0.5,0.0,0.0,4,0.0,0.0,0.0,0.0,0.0,0.0,100.0,1.0,0.0,100.0,1.0,0.0
62,mixed_20,0,0,247.78524025600126,95.3020154830774,1237442.6261059933,309360.6565264983,429.0,30.642857142857142,22160.724209671014,1582.9088721193582,14.0,1.4367371246542544,50.0,11.4,10,2.9672774059449982,0.8142857142857143,50.0,100.0,2.0,0.5,0.0,0.0,4,0.0,0.0,0.0,0.0,0.0,0.0,100.0,1.0,0.0,100.0,1.0,0.0
63,mixed_20,0,0,570.5788877516873,167.81731992696686,200992.845019615,50248.21125490375,487.0,30.4375,26787.805923250096,1674.237870203131,16.0,2.0342576029507136,50.0,12.2,10,1.9953653640243956,0.7625,50.0,100.0,2.0,0.5,0.0,0.0,4,0.0,0.0,0.0,0.0,0.0,0.0,100.0,1.0,0.0,100.0,1.0,0.0
64,mixed_20,0,0,347.575908789619,86.89397719740475,347.575908789619,86.89397719740475,547.0,34.1875,27966.152945950475,1747.8845591219047,16.0,3.7225279162165714,50.0,12.0,10,3.2336644571502937,0.75,50.0,100.0,2.0,0.5,0.0,0.0,4,0.0,0.0,0.0,0.0,0.0,0.0,100.0,1.0,0.0,100.0,1.0,0.0
65,mixed_20,0,0,182.99453969472984,60.99817989824328,402397.64788918116,100599.41197229529,607.4,38.44303797468354,25497.92863593372,1613.7929516413749,15.8,5.327483777528372,54.56352003005719,12.6,13,5.2587740713749245,0.7974683544303798,54.56352003005719,100.0,2.6,0.65,4.527893091249352,0.0,4,10.650425871092466,0.2,9.389295903314194,7.603654249136298,0.4,8.722276461683213,100.0,1.0,0.0,100.0,1.0,0.0
66,mixed_20,0,0,636.599971690526,187.23528579133117,201914.6717936873,50478.667948421826,671.6,42.50632911392405,24815.577968597852,1570.606200544168,15.8,6.366620243453022,50.0,13.8,10,6.806016617786765,0.8734177215189873,50.0,100.0,2.0,0.5,0.0,0.0,4,0.0,0.0,0.0,0.0,0.0,0.0,100.0,1.0,0.0,100.0,1.0,0.0
67,mixed_20,0,0,515.1100107498382,143.08611409717727,200738.09407271433,50184.52351817858,741.0,42.58620689655172,28117.30365307149,1615.9369915558327,17.4,2.754880323607285,50.0,14.2,10,4.735054639524802,0.8160919540229885,50.0,100.0,2.0,0.5,0.0,0.0,4,0.0,0.0,0.0,0.0,0.0,0.0,100.0,1.0,0.0,100.0,1.0,0.0
68,mixed_20,0,0,155.60574653378578,59.848364051456066,322034.0197270023,80508.50493175058,814.0,44.23913043478261,29379.406193085633,1596.7068583198713,18.4,1.9088486324510032,50.0,15.2,10,2.0356542234761754,0.8260869565217391,50.0,100.0,2.0,0.5,0.0,0.0,4,0.0,0.0,0.0,0.0,0.0,0.0,100.0,1.0,0.0,100.0,1.0,0.0
69,mixed_20,0,0,412.28790296108247,137.4293009870275,1976746.3170486465,494186.5792621616,892.0,46.94736842105263,31869.225986248515,1677.327683486764,19.0,3.3671240969760747,51.10633452336941,16.0,11,3.424484642664292,0.8421052631578947,51.10633452336941,100.0,2.2,0.55,2.2640739769209177,0.0,4,4.425338093477649,0.2,9.05629590768367,0.0,0.0,0.0,100.0,1.0,0.0,100.0,1.0,0.0
70,mixed_20,0,0,427.7703446692375,142.59011488974582,406544.0941749228,101636.0235437307,972.2,51.16842105263158,30718.21699201389,1616.7482627375732,19.0,5.424058373222352,52.606367337117774,16.4,12,5.609636858178186,0.8631578947368421,52.606367337117774,100.0,2.4,0.6,2.3979735745581823,0.0,4,0.0,0.2,0.0,10.425469348471097,0.2,9.591894298232729,100.0,1.0,0.0,100.0,1.0,0.0
71,mixed_20,0,0,244.3739056484329,81.45796854947763,1716153.1905714874,429038.29764287185,1056.0,55.578947368421055,30430.513788978464,1601.6059888936034,19.0,6.876209497843486,50.0,17.2,10,6.703342370235708,0.9052631578947369,50.0,100.0,2.0,0.5,0.0,0.0,4,0.0,0.0,0.0,0.0,0.0,0.0,100.0,1.0,0.0,100.0,1.0,0.0
72,mixed_20,0,0,342.5008156525238,142.7086731885516,1401156.221499928,350289.055374982,1142.2,55.990196078431374,30709.62992081808,1505.3740157263765,20.4,2.408284696893497,50.0,18.0,10,4.844604527018383,0.8823529411764706,50.0,100.0,2.0,0.5,0.0,0.0,4,0.0,0.0,0.0,0.0,0.0,0.0,100.0,1.0,0.0,100.0,1.0,0.0
73,mixed_20,0,0,63.8131157872322,31.9065578936161,2236565.816505899,559141.4541264748,1235.0,58.25471698113208,33751.4642059911,1592.0501983958065,21.2,1.6393983260647709,50.0,19.2,10,1.7652966250435933,0.9056603773584906,50.0,100.0,2.0,0.5,0.0,0.0,4,0.0,0.0,0.0,0.0,0.0,0.0,100.0,1.0,0.0,100.0,1.0,0.0
74,mixed_20,0,0,358.58483602153103,128.06601286483252,800888.6595053896,200222.1648763474,1330.0,59.375,37092.014540775366,1655.8935062846144,22.4,3.179177641068585,50.0,19.2,10,3.1534158167900843,0.8571428571428571,50.0,100.0,2.0,0.5,0.0,0.0,4,0.0,0.0,0.0,0.0,0.0,0.0,100.0,1.0,0.0,100.0,1.0,0.0
75,mixed_20,2,0,731.1059092313096,182.7764773078274,731.1059092313096,182.7764773078274,753.6,34.56880733944954,35238.69304467241,1616.4538093886424,21.8,3.9271442144430315,39.17527682023035,14.0,12,3.992605937507025,0.6422018348623854,39.17527682023035,80.0,2.4000000000000004,0.6000000000000001,4.597589682322088,0.0,4,5.799980272803396,0.4,9.216995284799486,10.90112700811801,0.2,9.173363444488864,80.0,1.0,0.0,60.0,0.8,0.0
76,mixed_20,2,2,540.7706283245698,168.99082135142805,75180.9351275894,18795.23378189735,190.4,9.066666666666666,36331.60730898168,1730.076538522937,21.0,0.8300675140197461,14.051827350746748,8.8,5,0.8279271764241019,0.41904761904761906,14.051827350746748,37.1985469094966,1.0,0.25,1.0644457426757175,0.0,4,0.0,0.0,0.0,0.0,0.0,0.0,19.008762493490394,0.4,2.1912360079813076,37.1985469094966,0.6,2.0665469627215622
77,mixed_20,2,2,130.65771761340628,43.55257253780209,1000130.6577176135,250032.66442940338,15.4,0.8651685393258427,36081.504887290655,2027.0508363646434,17.8,1.6813876375489465,14.435394140941753,2.4,6,1.0820617397491867,0.1348314606741573,14.435394140941753,33.224147996215834,1.2,0.3,2.0219806857878773,0.0,4,0.0,0.0,0.0,0.0,0.0,0.0,33.224147996215834,0.6,4.3479878174311235,24.51742856755118,0.6,3.739934925720385
78,mixed_20,2,2,163.85687147127194,48.19319749155057,600163.856871471,150040.96421786776,24.0,1.643835616438356,31976.18680747282,2190.1497813337546,14.6,3.0977549698771236,8.489862671498543,2.2,8,1.7849493468333488,0.1506849315068493,8.489862671498543,20.40182308467479,1.6,0.4,2.7739697525634583,0.0,4,0.0,0.0,0.0,0.0,0.0,0.0,13.557627601319382,0.8,5.831056576363249,20.40182308467479,0.8,5.2648224338905845
79,mixed_20,2,2,121.32524897649508,33.70145804902641,8153.252951317055,2038.3132378292637,34.6,2.9827586206896552,23887.01789849595,2059.225680904823,11.6,3.5632785415271035,11.67285030481878,2.8,8,2.0446654370764934,0.2413793103448276,11.67285030481878,27.656425458185367,1.6,0.4,5.55232444771147,0.0,4,12.20791155135771,0.2,8.191409282358245,0.0,0.0,0.0,6.827064209732043,0.8,7.199314615319151,27.656425458185367,0.6,6.818573893168484
80,mixed_20,2,2,64.8649515503366,21.621650516778868,537736.0562226436,134434.0140556609,49.0,5.833333333333333,18222.700191139167,2169.3690703737107,8.4,3.5386587531026117,2.356606603144371,3.2,6,2.3663832877882447,0.38095238095238093,2.356606603144371,8.592022347354487,1.2,0.3,3.7347074974369336,0.0,4,0.0,0.0,0.0,0.0,0.0,0.0,0.8344040652229978,0.6,7.65517111697009,8.592022347354487,0.6,7.283658872777645
81,mixed_20,2,2,364.7999287464875,91.19998218662188,364.7999287464875,91.19998218662188,64.0,8.421052631578947,14815.279923218177,1949.3789372655497,7.6,3.5689395577071195,3.545361395621569,3.2,2,2.1979186777117463,0.42105263157894735,3.545361395621569,10.848232874379846,0.4,0.1,4.501880826403841,0.0,4,0.0,0.0,0.0,10.848232874379846,0.2,9.218091200472744,3.33321270810643,0.2,8.789432105142623,0.0,0.0,0.0
82,mixed_20,2,2,93.53699087871749,31.178996959572498,408648.82314273075,102162.20578568269,81.0,10.945945945945946,14472.711323600673,1955.7718004865774,7.4,3.5747388204091335,1.1682889707981303,3.8,3,3.1719032247421164,0.5135135135135135,1.1682889707981303,4.673155883192521,0.6000000000000001,0.15000000000000002,2.184320114599541,0.0,4,0.0,0.0,0.0,0.0,0.0,0.0,0.0,0.2,0.0,4.673155883192521,0.4,8.737280458398164
83,mixed_20,2,2,92.52985314524568,33.04637612330203,1321223.7910104117,330305.9477526029,101.0,14.852941176470589,12379.23306429708,1820.4754506319234,6.8,3.620744147013501,0.9071163377143421,4.4,1,4.114825412477591,0.6470588235294118,0.9071163377143421,3.6284653508573683,0.2,0.05,1.7145573563081211,0.0,4,3.6284653508573683,0.2,6.8582294252324845,0.0,0.0,0.0,0.0,0.0,0.0,0.0,0.0,0.0
84,mixed_20,2,2,332.45336237354235,103.89167574173197,430178.752590773,107544.68814769325,123.0,15.0,14235.00479415241,1735.9761944088305,8.2,2.421039561286877,28.01101452490343,5.0,6,2.699844847756121,0.6097560975609756,28.01101452490343,100.0,1.2,0.3,2.0757123382526528,0.0,4,100.0,1.0,0.0,0.0,0.0,0.0,12.044058099613721,0.2,8.302849353010611,0.0,0.0,0.0
85,mixed_20,2,2,119.9632987174027,39.98776623913423,1000119.9632987172,250029.9908246793,148.0,18.5,15038.882174236733,1879.8602717795916,8.0,2.5704995442476752,25.0,5.0,5,2.4168379296317677,0.625,25.0,100.0,1.0,0.25,0.0,0.0,4,100.0,1.0,0.0,0.0,0.0,0.0,0.0,0.0,0.0,0.0,0.0,0.0
86,mixed_20,2,2,94.41044936944114,31.470149789813714,1000094.4104493692,250023.6026123423,173.0,18.804347826086957,16538.300072657956,1797.6413122454298,9.2,2.900155981309333,27.208397792439314,5.4,8,2.5123177926042524,0.5869565217391305,27.208397792439314,100.0,1.6,0.4,4.178894263964988,0.0,4,100.0,1.0,0.0,1.9626485372873503,0.2,7.688095466021089,0.0,0.0,0.0,6.870942632469905,0.4,9.027481589838864
87,mixed_20,2,2,288.33813654101095,110.89928328500422,1007787.2765496371,251946.81913740927,202.0,19.056603773584907,17660.416788769035,1666.0770555442484,10.6,1.699462034743164,52.957481119331646,6.8,11,1.7168647216072317,0.6415094339622641,52.957481119331646,100.0,2.2,0.55,2.113284835242641,0.0,4,100.0,1.0,0.0,100.0,1.0,0.0,11.829924477326585,0.2,8.453139340970564,0.0,0.0,0.0
88,mixed_20,1,2,467.1244570888198,122.92748870758416,200467.12445708882,50116.781114272206,237.6,19.8,21548.859116145042,1795.7382596787536,12.0,2.3156316014254705,50.0,7.6,10,2.262395937682974,0.6333333333333333,50.0,100.0,2.0,0.5,0.0,0.0,4,100.0,1.0,0.0,100.0,1.0,0.0,0.0,0.0,0.0,0.0,0.0,0.0
89,mixed_20,1,1,274.3950637438077,68.59876593595193,274.3950637438077,68.59876593595193,277.0,21.307692307692307,22149.850637477466,1703.8346644213434,13.0,2.552126197588148,69.1555662182185,8.2,17,2.625963658268817,0.6307692307692307,69.1555662182185,100.0,3.4,0.85,2.718833172411447,0.0,4,100.0,1.0,0.0,100.0,1.0,0.0,25.564899003693426,0.8,6.198666563469435,51.05736586918056,0.6,4.676666126176352
90,mixed_20,1,1,254.2227470921188,74.77139620356435,3026.70863344251,756.6771583606275,319.2,24.553846153846155,20767.76750794173,1597.5205775339791,13.0,1.205574459684616,50.0,9.0,11,0.6518735824846551,0.6923076923076923,50.0,100.0,2.2,0.55,0.0,0.0,4,100.0,1.0,0.0,100.0,1.0,0.0,0.0,0.0,0.0,0.0,0.2,0.0
91,mixed_20,1,1,217.3999074786979,155.28564819906995,1310711.7477694019,327677.93694235047,371.6,28.584615384615386,20370.17992755898,1566.936917504537,13.0,0.6811048393997333,50.0,11.4,10,1.054900333688756,0.8769230769230769,50.0,100.0,2.0,0.5,0.0,0.0,4,100.0,1.0,0.0,100.0,1.0,0.0,0.0,0.0,0.0,0.0,0.0,0.0
92,mixed_20,1,1,375.3184299407954,312.7653582839962,2110080.5022443905,527520.1255610976,432.2,30.01388888888889,21836.75782398167,1516.4415155542824,14.4,0.1903512107444097,74.027324121339,13.0,15,0.3851728248444611,0.9027777777777778,74.027324121339,100.0,3.0,0.75,1.1413419803901306,0.0,4,100.0,1.0,0.0,100.0,1.0,0.0,96.10929648535603,1.0,4.565367921560522,0.0,0.0,0.0
93,mixed_20,1,1,610.7904545549065,218.13944805532378,1200610.7904545546,300152.69761363865,497.0,31.0625,26355.30268111669,1647.206417569793,16.0,0.562445442345629,75.0,13.2,15,0.5871073890916062,0.825,75.0,100.0,3.0,0.75,0.0,0.0,4,100.0,1.0,0.0,100.0,1.0,0.0,100.0,1.0,0.0,0.0,0.0,0.0
94,mixed_20,0,1,322.23818272176254,84.79952176888489,537.2286021445032,134.3071505361258,198.2,12.705128205128204,29171.22569296204,1869.950364933464,15.6,1.5420322036179335,55.15300598103863,7.8,14,0.7783047763848825,0.5,55.15300598103863,100.0,2.8000000000000003,0.7000000000000001,2.036918457265244,0.0,4,60.0,0.8,0.0,60.0,0.8,0.0,100.0,1.0,0.0,0.6120239241545278,0.2,8.147673829060976
95,mixed_20,0,0,247.41093437131002,72.76792187391472,9624.458770675104,2406.114692668776,145.0,10.211267605633802,25839.553414329836,1819.686860164073,14.2,2.376324973865315,60.04693482290463,6.0,15,1.820166237822094,0.4225352112676056,60.04693482290463,100.0,3.0,0.75,0.9928527905568933,0.0,4,16.73284126215549,0.4,2.3395506450851147,23.45489802946304,0.6,1.6318605171424585,100.0,1.0,0.0,100.0,1.0,0.0
96,mixed_20,0,0,301.23307658167147,75.30826914541787,301.23307658167147,75.30826914541787,178.0,15.614035087719298,19642.334659781678,1723.0118122615509,11.4,3.9260934220533246,51.11016747063445,7.0,12,3.637000534174972,0.6140350877192983,51.11016747063445,100.0,2.4,0.6,1.8466228065878598,0.0,4,4.440669882537804,0.4,7.386491226351439,0.0,0.0,0.0,100.0,1.0,0.0,100.0,1.0,0.0
97,mixed_20,0,0,272.66095959519384,80.19439988093937,401157.5153304945,100289.37883262362,213.0,20.09433962264151,17926.095237518508,1691.1410601432553,10.6,3.696051585214375,51.64915698030484,7.6,12,5.026066321974236,0.7169811320754716,51.64915698030484,100.0,2.4,0.6,2.2940022608265287,0.0,4,0.0,0.0,0.0,6.596627921219351,0.4,9.176009043306115,100.0,1.0,0.0,100.0,1.0,0.0
98,mixed_20,0,0,374.74791049379155,104.09664180383098,869.1563184824499,217.28907962061248,251.0,20.916666666666668,20115.616036005576,1676.3013363337982,12.0,1.8161900978316474,50.0,8.0,10,1.3661807247273474,0.6666666666666666,50.0,100.0,2.0,0.5,0.0,0.0,4,0.0,0.0,0.0,0.0,0.0,0.0,100.0,1.0,0.0,100.0,1.0,0.0
99,mixed_20,0,0,437.0902689293533,115.02375498140876,6853.563285172034,1713.3908212930085,294.0,22.615384615384617,23318.86375215125,1793.758750165481,13.0,3.217966177076832,50.0,9.2,10,2.7462666232420005,0.7076923076923077,50.0,100.0,2.0,0.5,0.0,0.0,4,0.0,0.0,0.0,0.0,0.0,0.0,100.0,1.0,0.0,100.0,1.0,0.0
100,mixed_20,0,0,292.1531643773885,81.15365677149681,2012.4338529624754,503.10846324061885,340.2,25.388059701492537,23723.40245978413,1770.4031686406067,13.4,4.944642221921759,53.42205149742483,9.8,13,4.483430675350584,0.7313432835820896,53.42205149742483,100.0,2.6,0.65,4.542514690081307,0.0,4,10.536648657443948,0.2,9.490683731715002,3.151557332255379,0.4,8.679375028610227,100.0,1.0,0.0,100.0,1.0,0.0
101,mixed_20,0,0,297.1394226467511,78.19458490703977,200297.13942264675,50074.28485566169,390.0,32.5,19339.105735005814,1611.5921445838178,12.0,7.314881507798461,50.0,10.0,10,6.584045041243933,0.8333333333333334,50.0,100.0,2.0,0.5,0.0,0.0,4,0.0,0.0,0.0,0.0,0.0,0.0,100.0,1.0,0.0,100.0,1.0,0.0
102,mixed_20,0,0,420.4199330221496,131.38122906942175,800420.4199330221,200105.10498325553,443.0,32.5735294117647,21875.11896080972,1608.464629471303,13.6,4.062809290497768,50.0,11.4,10,5.713119305694838,0.8382352941176471,50.0,100.0,2.0,0.5,0.0,0.0,4,0.0,0.0,0.0,0.0,0.0,0.0,100.0,1.0,0.0,100.0,1.0,0.0
103,mixed_20,0,0,461.79809211903273,153.9326973730109,359684.2325078571,89921.05812696427,500.0,35.2112676056338,22865.539871026405,1610.2492866920004,14.2,4.046694727576769,50.0,12.0,10,5.2774298459029705,0.8450704225352113,50.0,100.0,2.0,0.5,0.0,0.0,4,0.0,0.0,0.0,0.0,0.0,0.0,100.0,1.0,0.0,100.0,1.0,0.0
104,mixed_20,0,0,703.3364925425255,185.0885506690857,688448.4029802288,172112.1007450572,560.0,35.0,26864.60338446762,1679.0377115292263,16.0,2.6719830149637223,50.0,12.2,10,3.1137603721589224,0.7625,50.0,100.0,2.0,0.5,0.0,0.0,4,0.0,0.0,0.0,0.0,0.0,0.0,100.0,1.0,0.0,100.0,1.0,0.0
105,mixed_20,0,0,323.3465185336577,101.04578704176802,26877.3399563255,6719.334989081375,622.0,38.875,26940.871879282786,1683.804492455174,16.0,4.551493917000635,52.6001280011468,13.0,11,5.021510771675275,0.8125,52.6001280011468,100.0,2.2,0.55,2.4037278154165507,0.0,4,10.400512004587199,0.2,9.614911261666203,0.0,0.0,0.0,100.0,1.0,0.0,100.0,1.0,0.0
106,mixed_20,0,0,329.60568116856933,96.9428474025204,14694.822205067045,3673.705551266761,687.6,42.975,25870.54106996643,1616.908816872902,16.0,5.6690244476437694,52.74965832278099,13.4,11,5.724024925618036,0.8375,52.74965832278099,100.0,2.2,0.55,2.273009685682979,0.0,4,0.0,0.0,0.0,10.998633291123951,0.2,9.092038742731916,100.0,1.0,0.0,100.0,1.0,0.0
107,mixed_20,0,0,275.76820468432413,106.06469410935543,822459.7916565409,205614.94791413523,757.2,46.170731707317074,25298.86502890001,1542.6137212743909,16.4,6.134292932714577,50.0,14.8,10,6.651702427128044,0.9024390243902439,50.0,100.0,2.0,0.5,0.0,0.0,4,0.0,0.0,0.0,0.0,0.0,0.0,100.0,1.0,0.0,100.0,1.0,0.0
108,mixed_20,0,0,798.1055157428958,210.02776730076206,200798.10551574288,50199.52637893572,831.0,45.65934065934066,29710.733606335056,1632.45789045797,18.2,3.4318711227129994,50.0,15.2,10,5.295606346461791,0.8351648351648352,50.0,100.0,2.0,0.5,0.0,0.0,4,0.0,0.0,0.0,0.0,0.0,0.0,100.0,1.0,0.0,100.0,1.0,0.0
109,mixed_20,0,0,475.58353367448234,139.8775099042595,55267.47414367326,13816.868535918315,906.6,47.71578947368421,30531.711840622585,1606.9322021380308,19.0,1.8086901311882115,50.0,15.4,10,1.9306748322973022,0.8105263157894737,50.0,100.0,2.0,0.5,0.0,0.0,4,0.0,0.0,0.0,0.0,0.0,0.0,100.0,1.0,0.0,100.0,1.0,0.0
110,mixed_20,0,0,360.0793989712598,138.49207652740762,1461555.5212602455,365388.88031506137,988.0,49.4,32953.52862023408,1647.676431011704,20.0,3.219620800108917,50.311365536631456,17.0,11,3.317021484848,0.85,50.311365536631456,100.0,2.2,0.55,2.1429770666873083,0.0,4,0.0,0.0,0.0,1.2454621465258242,0.2,8.571908266749233,100.0,1.0,0.0,100.0,1.0,0.0
111,mixed_20,2,0,462.07380953865834,135.90406162901715,2693.218701888677,673.3046754721693,480.0,26.08695652173913,31008.745512092573,1685.2579082659008,18.4,3.230877457469494,32.57167124474847,11.6,10,3.824197193509283,0.6304347826086957,32.57167124474847,60.0,2.0,0.5,2.4303261984839333,0.0,4,10.28668497899389,0.2,9.721304793935733,0.0,0.2,0.0,60.0,0.8,0.0,60.0,0.8,0.0
112,mixed_20,2,2,391.55863854110316,130.5195461803677,602542.1134158305,150635.52835395763,47.0,2.7976190476190474,29726.986909341987,1769.4635065084517,16.8,1.2659756929615376,14.112177949773468,4.8,6,1.8271325286182787,0.2857142857142857,14.112177949773468,32.68760588106261,1.2,0.3,0.9328382916932636,0.0,4,0.0,0.0,0.0,0.0,0.0,0.0,32.68760588106261,0.6,1.9690535503999818,23.761105918031262,0.6,1.7622996163730726
113,mixed_20,2,2,130.48080063274006,43.49360021091335,395580.441423576,98895.110355894,14.0,0.9459459459459459,31367.345432723476,2119.4152319407754,14.8,1.9177085057843453,16.05862796818883,2.2,7,1.3776851154141392,0.14864864864864866,16.05862796818883,35.55795793774223,1.4,0.35,2.1455965160620925,0.0,4,0.0,0.0,0.0,0.0,0.0,0.0,28.67655393501309,0.8,4.178609456500505,35.55795793774223,0.6,4.403776607747865
114,mixed_20,2,2,72.29932580962507,24.099775269875025,1000072.2993258092,250018.0748314523,24.0,2.0338983050847457,26131.371521541492,2214.5230103001268,11.8,3.2002658907789923,10.168629675575858,2.2,8,2.135615876857865,0.1864406779661017,10.168629675575858,25.864934234125485,1.6,0.4,2.8780449469971066,0.0,4,0.0,0.0,0.0,0.0,0.0,0.0,25.864934234125485,0.8,5.64528854882139,14.809584468177945,0.8,5.866891239167036
115,mixed_20,2,2,183.37288541305654,45.843221353264134,183.37288541305654,45.843221353264134,34.0,4.146341463414634,16608.087953142687,2025.3765796515472,8.2,4.857825398822414,9.29088948091362,2.0,8,3.1474432776759524,0.24390243902439024,9.29088948091362,15.131501035407382,1.6,0.4,5.80286656714099,0.0,4,0.0,0.0,0.0,8.622085180877548,0.4,8.758226727414876,15.131501035407382,0.8,6.996102256881418,13.40997170736955,0.4,7.457137284267666
116,mixed_20,2,2,147.82457775295535,49.274859250985116,380514.61525555694,95128.65381388924,46.0,6.388888888888889,13473.945400620094,1871.3813056416798,7.2,2.235839284290046,0.8209698761646678,3.2,2,1.950981109694725,0.4444444444444444,0.8209698761646678,3.283879504658671,0.4,0.1,2.191575020574965,0.0,4,0.0,0.0,0.0,0.0,0.0,0.0,3.283879504658671,0.4,8.76630008229986,0.0,0.0,0.0
117,mixed_20,2,2,68.29312939491675,22.764376464972248,985532.2694172207,246383.06735430518,61.0,10.166666666666666,12371.200202110525,2061.8667003517544,6.0,3.145721314533462,0.9032034617905538,3.0,1,1.9558576987007206,0.5,0.9032034617905538,3.612813847162215,0.2,0.05,2.272842912445776,0.0,4,3.612813847162215,0.2,9.091371649783104,0.0,0.0,0.0,0.0,0.0,0.0,0.0,0.0,0.0
118,mixed_20,2,2,52.47767008963477,21.865695870681154,1003321.4310009293,250830.35775023233,76.6,10.942857142857143,12875.100949494748,1839.300135642107,7.0,3.164786858376056,2.2726363949107053,3.6,2,2.9832055628338643,0.5142857142857142,2.2726363949107053,9.090545579642821,0.4,0.1,2.270521665015258,0.0,4,0.0,0.2,0.0,0.0,0.0,0.0,9.090545579642821,0.2,9.082086660061032,0.0,0.0,0.0
119,mixed_20,2,2,453.1100135786617,141.59687924333178,1136904.598792151,284226.14969803777,96.8,10.521739130434783,14957.178388825609,1625.7802596549575,9.2,2.147608972090956,2.824420230184046,5.2,2,2.7474859357765475,0.5652173913043478,2.824420230184046,11.297680920736184,0.4,0.1,2.212843518541409,0.0,4,0.0,0.0,0.0,0.0,0.0,0.0,0.0,0.2,0.0,11.297680920736184,0.2,8.851374074165635
120,mixed_20,2,2,248.66505171981106,62.166262929952765,248.66505171981106,62.166262929952765,125.0,12.5,18446.283204845357,1844.6283204845356,10.0,2.014852145448036,2.925219897341549,6.0,1,1.215148634340256,0.6,2.925219897341549,11.700879589366195,0.2,0.05,2.1365915108399283,0.0,4,0.0,0.0,0.0,0.0,0.0,0.0,11.700879589366195,0.2,8.546366043359713,0.0,0.0,0.0
121,mixed_20,1,2,185.62305779481278,54.59501699847435,209269.82051964593,52317.45512991148,86.0,8.958333333333334,18068.3527358143,1882.120076647323,9.6,2.3939951048440515,0.0,5.2,0,1.4172538263392849,0.5416666666666666,0.0,0.0,0.0,0.0,0.0,0.0,4,0.0,0.0,0.0,0.0,0.0,0.0,0.0,0.0,0.0,0.0,0.0,0.0
122,mixed_20,1,1,236.74667836154816,69.63137598869064,401342.98450611177,100335.74612652794,106.6,12.113636363636363,14267.87474506327,1621.349402848099,8.8,2.7147873842788153,25.34388574929892,5.4,8,2.8988026314580426,0.6136363636363636,25.34388574929892,50.808593495382866,1.7999999999999998,0.44999999999999996,4.303012330554571,0.0,4,39.19460278513952,0.8,4.090493965941597,50.808593495382866,0.6,4.631248941333498,0.0,0.0,0.0,11.372346716673292,0.4,8.490306414943188
123,mixed_20,1,1,456.0330384070245,152.0110128023415,411669.93096864625,102917.48274216156,133.0,12.788461538461538,18197.45720508946,1749.7555004893713,10.4,0.935135345631273,0.0,6.6,1,0.8333185146372287,0.6346153846153846,0.0,0.0,0.2,0.05,0.0,0.0,4,0.0,0.0,0.0,0.0,0.2,0.0,0.0,0.0,0.0,0.0,0.0,0.0
124,mixed_20,1,1,288.79386737581547,72.19846684395387,288.79386737581547,72.19846684395387,164.2,13.683333333333334,20526.898190879136,1710.574849239928,12.0,1.5233920351187848,9.587387009502777,6.6,2,0.5938040024881404,0.55,9.587387009502777,38.34954803801111,0.4,0.1,1.0181193404040092,0.0,4,0.0,0.0,0.0,0.0,0.0,0.0,38.34954803801111,0.4,4.072477361616037,0.0,0.0,0.0
125,mixed_20,1,1,200.8401758338907,50.210043958472674,200.8401758338907,50.210043958472674,202.0,16.833333333333332,22391.551386590385,1865.9626155491985,12.0,2.157894843311465,25.0,8.0,5,0.8222870101509462,0.6666666666666666,25.0,100.0,1.0,0.25,0.0,0.0,4,0.0,0.0,0.0,0.0,0.0,0.0,100.0,1.0,0.0,0.0,0.0,0.0
126,mixed_20,1,1,187.70633254619025,58.65822892068445,3573.7930702165118,893.4482675541279,242.8,18.96875,18949.21300818267,1480.407266264271,12.8,1.738977996016747,53.09943639331436,8.8,14,1.3065951728755032,0.6875,53.09943639331436,100.0,2.8000000000000003,0.7000000000000001,5.323705187112498,0.0,4,63.296384304414914,0.8,7.016452593310845,0.9185733627418813,0.4,8.593793836887924,100.0,1.0,0.0,48.18278790610066,0.6,5.684574318251222
127,mixed_20,1,1,364.1449539436317,260.10353853116555,1023087.0849186284,255771.7712296571,296.0,21.764705882352942,21208.694613716336,1559.462839243848,13.6,0.20049902380612528,75.0,12.0,15,0.3100282170023859,0.8823529411764706,75.0,100.0,3.0,0.75,0.0,0.0,4,100.0,1.0,0.0,0.0,0.0,0.0,100.0,1.0,0.0,100.0,1.0,0.0
128,mixed_20,1,1,50.379022531163045,50.379022531163045,3151348.1388536757,787837.0347134189,356.0,25.428571428571427,23109.053099893725,1650.646649992409,14.0,0.46034397861054244,75.0,12.0,15,0.8148215864619958,0.8571428571428571,75.0,100.0,3.0,0.75,0.0,0.0,4,100.0,1.0,0.0,0.0,0.0,0.0,100.0,1.0,0.0,100.0,1.0,0.0
129,mixed_20,0,1,573.8197782569569,179.31868070529902,800573.8197782569,200143.45494456423,240.6,18.227272727272727,21766.47713795129,1648.9755407538858,13.2,0.7995925558033579,65.0,8.8,14,0.6860759858212945,0.6666666666666666,65.0,100.0,2.8,0.7,0.0,0.0,4,60.0,0.8,0.0,0.0,0.0,0.0,100.0,1.0,0.0,100.0,1.0,0.0
130,mixed_20,0,0,378.97430985998506,111.46303231176032,21982.14844534968,5495.53711133742,262.6,20.841269841269842,20693.470960319268,1642.3389651047037,12.6,1.3865277342669615,50.0,8.6,10,1.1403372720566545,0.6825396825396826,50.0,100.0,2.0,0.5,0.0,0.0,4,0.0,0.0,0.0,0.0,0.0,0.0,100.0,1.0,0.0,100.0,1.0,0.0
131,mixed_20,0,0,140.47889906696878,46.82629968898959,1487526.4083585988,371881.6020896497,307.0,25.583333333333332,20799.887289701845,1733.3239408084871,12.0,2.2745888381543216,50.0,9.0,10,2.0525596429423065,0.75,50.0,100.0,2.0,0.5,0.0,0.0,4,0.0,0.0,0.0,0.0,0.0,0.0,100.0,1.0,0.0,100.0,1.0,0.0
132,mixed_20,0,0,539.2996885184481,141.9209706627495,200539.29968851845,50134.824922129614,352.2,25.15714285714286,24434.54640393489,1745.3247431382065,14.0,3.665200757048787,50.15350942666771,9.6,12,3.4556295977462748,0.6857142857142857,50.15350942666771,100.0,2.4,0.6,2.2742535691009835,0.0,4,0.0,0.0,0.0,0.6140377066708425,0.4,9.097014276403934,100.0,1.0,0.0,100.0,1.0,0.0
133,mixed_20,0,0,320.1327997651741,84.24547362241425,200320.13279976515,50080.03319994129,401.0,29.057971014492754,24345.09087817596,1764.1370201576783,13.8,4.380053249446578,52.665574169901674,10.4,12,4.834482599452848,0.7536231884057971,52.665574169901674,100.0,2.4,0.6,2.2875049850437787,0.0,4,10.662296679606698,0.4,9.150019940175115,0.0,0.0,0.0,100.0,1.0,0.0,100.0,1.0,0.0
134,mixed_20,0,0,344.5949576780942,90.68288359949848,8426.72008764475,2106.6800219111874,451.4,32.24285714285714,22007.048506570784,1571.9320361836274,14.0,4.390453337461511,50.0,10.4,10,5.545496030427298,0.7428571428571429,50.0,100.0,2.0,0.5,0.0,0.0,4,0.0,0.0,0.0,0.0,0.0,0.0,100.0,1.0,0.0,100.0,1.0,0.0
135,mixed_20,0,0,191.48084704779347,68.38601680278339,999960.8126710097,249990.20316775242,509.0,35.34722222222222,23897.197446570033,1659.5276004562522,14.4,3.5295828933588647,50.0,12.2,10,4.787075565519708,0.8472222222222222,50.0,100.0,2.0,0.5,0.0,0.0,4,0.0,0.0,0.0,0.0,0.0,0.0,100.0,1.0,0.0,100.0,1.0,0.0
136,mixed_20,0,0,368.3453118268681,141.67127377956464,609903.3516984252,152475.8379246063,570.2,35.19753086419753,26168.889081802514,1615.3635235680563,16.2,2.5118709047669734,52.46720691200892,13.0,11,3.17380936215588,0.8024691358024691,52.46720691200892,100.0,2.2,0.55,2.2114004366798325,0.0,4,0.0,0.0,0.0,9.868827648035676,0.2,8.84560174671933,100.0,1.0,0.0,100.0,1.0,0.0
137,mixed_20,0,0,563.5995087349027,140.89987718372566,563.5995087349027,140.89987718372566,635.0,39.19753086419753,27439.956270645012,1693.8244611509267,16.2,4.653256829099879,50.0,13.0,11,5.255764116534099,0.8024691358024691,50.0,100.0,2.2,0.55,0.0,0.0,4,0.0,0.0,0.0,0.0,0.2,0.0,100.0,1.0,0.0,100.0,1.0,0.0
138,mixed_20,0,0,317.74219556506597,88.2617209902961,9789.65284620541,2447.4132115513526,700.6,43.7875,25367.767448450108,1585.4854655281317,16.0,5.6314385681075745,51.44093461591751,13.4,11,5.597490071164535,0.8375,51.44093461591751,100.0,2.2,0.55,2.175461824215017,0.0,4,5.763738463670052,0.2,8.701847296860068,0.0,0.0,0.0,100.0,1.0,0.0,100.0,1.0,0.0
139,mixed_20,0,0,302.15048254687633,125.89603439453181,819930.4683609188,204982.6170902297,772.0,47.073170731707314,25477.323457040635,1553.4953327463802,16.4,6.0522229896554185,50.0,15.2,11,6.692795189249652,0.926829268292683,50.0,100.0,2.2,0.55,0.0,0.0,4,0.0,0.2,0.0,0.0,0.0,0.0,100.0,1.0,0.0,100.0,1.0,0.0
140,mixed_20,0,0,320.57607748656324,114.49145624520116,1200320.5760774866,300080.14401937166,847.0,47.58426966292135,28968.49973351691,1627.4438052537591,17.8,1.4700126926148567,50.0,15.2,10,2.981181550556624,0.8539325842696629,50.0,100.0,2.0,0.5,0.0,0.0,4,0.0,0.0,0.0,0.0,0.0,0.0,100.0,1.0,0.0,100.0,1.0,0.0
141,mixed_20,0,0,195.1402144901953,81.30842270424804,1003591.0379319576,250897.7594829894,923.2,49.634408602150536,29686.26131522438,1596.0355545819557,18.6,2.191833094020008,50.0,15.8,10,2.243374733677662,0.8494623655913979,50.0,100.0,2.0,0.5,0.0,0.0,4,0.0,0.0,0.0,0.0,0.0,0.0,100.0,1.0,0.0,100.0,1.0,0.0
142,mixed_20,0,0,304.7466934977033,101.58223116590109,800658.0174028197,200164.50435070493,1003.0,50.656565656565654,33726.39310203341,1703.3531869713845,19.8,3.423141892338047,50.991998858019656,16.4,11,3.3621925974728426,0.8282828282828283,50.991998858019656,100.0,2.2,0.55,2.2914016242371873,0.0,4,0.0,0.0,0.0,3.9679954320786237,0.2,9.16560649694875,100.0,1.0,0.0,100.0,1.0,0.0
143,mixed_20,0,0,508.76987422424355,158.9905856950761,10769.213530401577,2692.3033826003943,1083.6,54.72727272727273,32136.41937909632,1623.0514837927435,19.8,3.485996149311917,52.85005574788954,16.4,12,4.6699709697205165,0.8282828282828283,52.85005574788954,100.0,2.4,0.6,2.1929395607886293,0.0,4,11.400222991558167,0.2,8.771758243154517,0.0,0.2,0.0,100.0,1.0,0.0,100.0,1.0,0.0
144,mixed_20,0,0,471.4749764730235,147.33593014781982,104039.03733944848,26009.75933486212,1168.2,58.41,31862.531423941437,1593.1265711970718,20.0,5.007755496524838,50.0,17.4,10,5.627727300207407,0.87,50.0,100.0,2.0,0.5,0.0,0.0,4,0.0,0.0,0.0,0.0,0.0,0.0,100.0,1.0,0.0,100.0,1.0,0.0
145,mixed_20,0,0,332.17748889183315,118.634817461369,577226.7662741778,144306.69156854445,1257.6,61.04854368932039,32919.787609356776,1598.0479422017852,20.6,5.800077292558464,52.53999750004198,18.6,11,5.955824440707016,0.9029126213592233,52.53999750004198,100.0,2.2,0.55,2.4606323431014046,0.0,4,10.159990000167909,0.2,9.842529372405618,0.0,0.0,0.0,100.0,1.0,0.0,100.0,1.0,0.0
146,mixed_20,0,0,412.98556063038797,147.49484308228142,1477409.413225798,369352.3533064495,1352.0,64.38095238095238,32567.522875117564,1550.8344226246459,21.0,3.834338417308902,50.0,19.2,10,5.834981824002874,0.9142857142857143,50.0,100.0,2.0,0.5,0.0,0.0,4,0.0,0.0,0.0,0.0,0.0,0.0,100.0,1.0,0.0,100.0,1.0,0.0
147,mixed_20,0,0,78.50834262058008,43.61574590032227,2962512.32307354,740628.080768385,1449.0,67.08333333333333,33676.21299020291,1559.0839347316162,21.6,2.552237652261723,50.0,20.0,10,4.206494190900303,0.9259259259259259,50.0,100.0,2.0,0.5,0.0,0.0,4,0.0,0.0,0.0,0.0,0.0,0.0,100.0,1.0,0.0,100.0,1.0,0.0
148,mixed_20,0,0,318.4625085139966,132.69271188083192,1648793.6955959308,412198.4238989827,1549.0,67.93859649122807,37003.76203580067,1622.9720191140643,22.8,2.630209595527361,50.0,20.2,10,3.027820171360096,0.8859649122807017,50.0,100.0,2.0,0.5,0.0,0.0,4,0.0,0.0,0.0,0.0,0.0,0.0,100.0,1.0,0.0,100.0,1.0,0.0
149,mixed_20,0,0,593.5879474140942,211.99569550503364,214533.11070231628,53633.27767557907,1649.8,68.74166666666666,37531.02759193296,1563.7928163305398,24.0,2.9448697806207917,50.98927383959108,20.8,12,3.4823655217672056,0.8666666666666667,50.98927383959108,100.0,2.4,0.6,2.2587962653953584,0.0,4,3.957095358364313,0.4,9.035185061581434,0.0,0.0,0.0,100.0,1.0,0.0,100.0,1.0,0.0
150,mixed_20,1,0,199.21153349243846,124.50720843277404,2072516.2579575528,518129.0644893882,1759.2,72.09836065573771,38110.415696423544,1561.902282640309,24.4,2.556262215209618,52.6386309491545,22.8,12,4.417843320925603,0.9344262295081968,52.6386309491545,100.0,2.4,0.6,2.3215824240352956,0.0,4,0.0,0.0,0.0,10.554523796618014,0.4,9.286329696141182,100.0,1.0,0.0,100.0,1.0,0.0
151,mixed_20,1,1,82.68694879259758,41.34347439629879,2851051.403455332,712762.850863833,1874.0,78.08333333333333,37203.30164492896,1550.1375685387065,24.0,3.8236175769876226,50.0,23.0,10,5.843994176664483,0.9583333333333334,50.0,100.0,2.0,0.5,0.0,0.0,4,0.0,0.0,0.0,0.0,0.0,0.0,100.0,1.0,0.0,100.0,1.0,0.0
152,mixed_20,1,1,67.2504720602707,37.361373366817055,2200067.2504720604,550016.8126180151,1989.0,81.51639344262296,38090.10678113469,1561.0699500465037,24.4,2.8125535354940223,50.0,23.2,10,4.797488814116938,0.9508196721311475,50.0,100.0,2.0,0.5,0.0,0.0,4,0.0,0.0,0.0,0.0,0.0,0.0,100.0,1.0,0.0,100.0,1.0,0.0
153,mixed_20,1,1,43.760266649665354,31.25733332118954,2600043.7602666495,650010.9400666624,2104.0,84.16,40073.556848993474,1602.942273959739,25.0,1.4313073908776357,52.273372394476496,23.0,12,2.2319708696295053,0.92,52.273372394476496,100.0,2.4,0.6,2.184106133808382,0.0,4,0.0,0.0,0.0,9.093489577905984,0.4,8.736424535233528,100.0,1.0,0.0,100.0,1.0,0.0
154,mixed_20,1,1,28.828012763983356,28.828012763983356,3000028.828012764,750007.207003191,2220.2,88.808,38461.52957608589,1538.4611830434358,25.0,0.8600904923144317,50.0,23.6,10,1.5273114723211998,0.944,50.0,100.0,2.0,0.5,0.0,0.0,4,0.0,0.0,0.0,0.0,0.0,0.0,100.0,1.0,0.0,100.0,1.0,0.0
155,mixed_20,1,1,154.3340332165846,85.74112956476922,2200154.3340332163,550038.5835083041,2340.0,90.0,40721.88544492507,1566.226363266349,26.0,1.12801294571547,52.72407888217572,24.2,11,1.6879836156588648,0.9307692307692308,52.72407888217572,100.0,2.2,0.55,2.294353530250245,0.0,4,0.0,0.0,0.0,10.896315528702871,0.2,9.17741412100098,100.0,1.0,0.0,100.0,1.0,0.0
156,mixed_20,1,1,117.9423396120624,98.285283010052,2235575.546713427,558893.8866783568,2461.2,94.66153846153846,40014.49325023465,1539.018971162871,26.0,0.5515970122353926,50.0,24.6,10,0.9397129409130661,0.9461538461538461,50.0,100.0,2.0,0.5,0.0,0.0,4,0.0,0.0,0.0,0.0,0.0,0.0,100.0,1.0,0.0,100.0,1.0,0.0
157,mixed_20,1,1,28.11266744239888,28.11266744239888,3000028.1126674423,750007.0281668606,2586.0,99.46153846153847,40720.25290182692,1566.1635731471893,26.0,0.8656270357151513,50.0,25.0,10,1.5131226601304635,0.9615384615384616,50.0,100.0,2.0,0.5,0.0,0.0,4,0.0,0.0,0.0,0.0,0.0,0.0,100.0,1.0,0.0,100.0,1.0,0.0
158,mixed_20,1,1,263.54860299854136,188.24900214181525,2202254.671783469,550563.6679458673,2711.6,100.42962962962963,40935.96691617175,1516.1469228211758,27.0,0.5992374829844479,53.12994929135584,25.6,11,1.2807869279682078,0.9481481481481482,53.12994929135584,100.0,2.2,0.55,1.996837462274861,0.0,4,12.51979716542337,0.2,7.987349849099444,0.0,0.0,0.0,100.0,1.0,0.0,100.0,1.0,0.0
159,mixed_20,1,1,77.28020853213556,77.28020853213556,2383989.979558264,595997.494889566,2841.0,105.22222222222223,41864.27606672798,1550.5287432121474,27.0,0.3235585698981457,50.0,26.0,10,0.5739471165419056,0.9629629629629629,50.0,100.0,2.0,0.5,0.0,0.0,4,0.0,0.0,0.0,0.0,0.0,0.0,100.0,1.0,0.0,100.0,1.0,0.0
160,mixed_20,2,1,503.39158557496313,228.8143570795287,1002192.9941195354,250548.24852988386,1856.2,68.74814814814815,43896.51504893675,1625.796853664324,27.0,0.6508322121287222,35.0,20.4,9,0.9427571111460342,0.7555555555555555,35.0,80.0,1.8,0.45,0.0,0.0,4,0.0,0.0,0.0,0.0,0.0,0.0,60.0,0.8,0.0,80.0,1.0,0.0
161,mixed_20,2,2,284.9142539328247,109.58240535877873,1001672.016035589,250418.00400889726,797.4,31.896,42392.07194711988,1695.6828778847955,25.0,0.6988714747731992,31.848723672827646,14.0,10,0.7285119160755436,0.56,31.848723672827646,66.70031154627395,2.0,0.5,2.4926011142736915,0.0,4,0.0,0.0,0.0,66.70031154627395,0.8,6.205375455028438,24.920545557561127,0.6,1.656224618734426,35.774037587475505,0.6,2.1088043833319023
162,mixed_20,2,2,331.0091413273853,118.21755047406619,1012409.2442794621,253102.31106986554,204.8,8.904347826086957,44268.90235082541,1924.734884818496,23.0,1.219873940814933,41.583213548590834,7.2,14,1.1367513352175687,0.3130434782608696,41.583213548590834,100.0,2.8,0.7,2.036939586573395,0.0,4,0.0,0.0,0.0,100.0,1.0,0.0,26.826956223205798,1.0,3.927483665452907,39.50589797115754,0.8,4.2202746808406735
163,mixed_20,2,2,420.6082720741898,105.15206801854745,420.6082720741898,105.15206801854745,185.0,8.89423076923077,43186.978238323376,2076.297030688624,20.8,2.3366974644256464,33.483488061011144,5.4,11,1.5358547602085653,0.25961538461538464,33.483488061011144,100.0,2.2,0.55,2.8394700483803983,0.0,4,0.0,0.0,0.0,100.0,1.0,0.0,16.6978545248935,0.6,5.685164354996399,17.236097719151076,0.6,5.672715838525194
164,mixed_20,2,2,160.34052319549284,40.08513079887321,160.34052319549284,40.08513079887321,210.0,11.41304347826087,40679.661814402396,2210.8511855653474,18.4,3.389169320363685,28.932191862547825,5.4,15,1.686313276154516,0.29347826086956524,28.932191862547825,100.0,3.0,0.75,3.3637306762710573,0.0,4,0.0,0.0,0.0,100.0,1.0,0.0,3.69699530668413,1.0,6.748145922021808,12.031772143507169,1.0,6.706776783062422
165,mixed_20,2,2,181.09468595063203,50.304079430731115,923.8367965819534,230.95919914548836,235.0,15.460526315789474,30518.266201472266,2007.7806711494911,15.2,3.433770324056689,52.69096134404208,5.2,14,2.2010360589877296,0.34210526315789475,52.69096134404208,100.0,2.8,0.7,5.26356999925131,0.0,4,71.25474896147352,0.8,5.008013205802493,100.0,1.0,0.0,15.582603226473566,0.6,7.681319321652053,23.92649318822123,0.4,8.364947469550692
166,mixed_20,2,2,36.93961298620677,18.469806493103384,1046771.5483052175,261692.88707630438,266.0,19.558823529411764,26741.746662535217,1966.3049016570012,13.6,2.4884343013003045,55.50589606125982,7.4,12,2.546651474407613,0.5441176470588235,55.50589606125982,100.0,2.4000000000000004,0.6000000000000001,4.541033037399171,0.0,4,100.0,1.0,0.0,100.0,1.0,0.0,11.120929447706658,0.2,8.992054168693773,10.902654797332616,0.2,9.172077980902912
167,mixed_20,2,2,33.09311130708912,16.54655565354456,2542318.501908197,635579.6254770493,301.0,24.274193548387096,24039.03764811677,1938.632068396514,12.4,2.8063327013005193,55.36880263326566,7.4,13,2.904226270409298,0.5967741935483871,55.36880263326566,100.0,2.6,0.65,4.352826083637823,0.0,4,100.0,1.0,0.0,100.0,1.0,0.0,11.830792136122454,0.2,8.452519395947652,9.644418396940182,0.4,8.95878493860364
168,mixed_20,2,2,294.41926237059135,98.13975412353045,1000294.4192623707,250073.60481559267,336.0,28.0,22801.795415302895,1900.149617941908,12.0,2.9907043100257096,51.93409279616844,7.2,12,3.0283257182285928,0.6,51.93409279616844,100.0,2.4,0.6,2.2702363813063133,0.0,4,100.0,1.0,0.0,100.0,1.0,0.0,7.7363711846737715,0.4,9.080945525225253,0.0,0.0,0.0
169,mixed_20,2,2,111.56851782851115,37.18950594283705,1000111.5685178286,250027.89212945715,371.0,31.440677966101696,23027.10153621725,1951.4492827302754,11.8,4.5349911693095,55.45427982683407,7.2,12,4.867739539256622,0.6101694915254238,55.45427982683407,100.0,2.4000000000000004,0.6000000000000001,4.583589656441037,0.0,4,100.0,1.0,0.0,100.0,1.0,0.0,10.937878834981802,0.2,9.14254047870575,10.879240472354468,0.2,9.1918181470584
170,mixed_20,2,2,321.8670870738994,94.66679031585278,400544.98211355566,100136.24552838891,406.0,31.23076923076923,24594.333693650762,1891.87182258852,13.0,2.144221202874866,50.166442205922976,7.4,12,2.1111266429025592,0.5692307692307692,50.166442205922976,100.0,2.4,0.6,2.162143000145443,0.0,4,100.0,1.0,0.0,100.0,1.0,0.0,0.6657688236919057,0.4,8.648572000581773,0.0,0.0,0.0
171,mixed_20,2,2,145.7362317371572,48.57874391238573,504849.18334290263,126212.29583572566,443.0,34.609375,24116.026936488823,1884.0646044131893,12.8,2.6569489610599644,51.50615363958423,8.0,12,2.301120968089635,0.625,51.50615363958423,100.0,2.4,0.6,2.0876644192961975,0.0,4,100.0,1.0,0.0,100.0,1.0,0.0,6.024614558336907,0.4,8.35065767718479,0.0,0.0,0.0
172,mixed_20,2,2,116.78259342281697,38.92753114093899,1000116.7825934228,250029.1956483557,483.0,40.25,21212.061356389655,1767.6717796991377,12.0,3.6735792107343554,52.59592103951036,8.0,11,3.149047751700746,0.6666666666666666,52.59592103951036,100.0,2.2,0.55,2.4076233078256006,0.0,4,100.0,1.0,0.0,100.0,1.0,0.0,10.383684158041433,0.2,9.630493231302403,0.0,0.0,0.0
173,mixed_20,2,2,704.8596126374257,207.31165077571345,401732.9318539947,100433.23296349868,525.0,40.38461538461539,22394.196408915075,1722.6304929934672,13.0,3.7568355693588757,52.86371669015921,9.6,11,4.579637957028471,0.7384615384615385,52.86371669015921,100.0,2.2,0.55,2.1824784628581857,0.0,4,100.0,1.0,0.0,100.0,1.0,0.0,0.0,0.0,0.0,11.454866760636833,0.2,8.729913851432743
174,mixed_20,2,2,334.6631170002917,83.66577925007293,334.6631170002917,83.66577925007293,570.0,41.911764705882355,24421.671193899536,1795.7111171984955,13.6,2.0359797336718377,51.40001407172235,9.0,12,1.6902514891317526,0.6617647058823529,51.40001407172235,100.0,2.4,0.6,2.2572780727408825,0.0,4,100.0,1.0,0.0,100.0,1.0,0.0,5.600056286889412,0.4,9.02911229096353,0.0,0.0,0.0
175,mixed_20,2,2,218.7995602484596,57.57883164433148,1736.2614536066442,434.06536340166105,615.2,47.323076923076925,22323.044266101624,1717.1572512385865,13.0,3.1666639103959264,50.0,9.2,10,2.2725833223985963,0.7076923076923077,50.0,100.0,2.0,0.5,0.0,0.0,4,100.0,1.0,0.0,100.0,1.0,0.0,0.0,0.0,0.0,0.0,0.0,0.0
176,mixed_20,2,2,20.06233415574662,11.14574119763701,2018954.9174146194,504738.72935365484,667.0,51.30769230769231,22092.012580721115,1699.3855831323935,13.0,3.6618925488112213,54.082512318952354,11.2,13,4.090682293448175,0.8615384615384616,54.082512318952354,100.0,2.6,0.65,4.4533467459027465,0.0,4,100.0,1.0,0.0,100.0,1.0,0.0,5.17448634954917,0.4,8.849249480105936,11.155562926260245,0.2,8.96413750350505
177,mixed_20,2,2,130.52620340700625,72.5145574483368,2000409.0741375363,500102.2685343841,722.0,53.88059701492537,21592.68779218106,1611.3946113567954,13.4,1.1049857820112572,50.0,11.4,10,2.1282293220430604,0.8507462686567164,50.0,100.0,2.0,0.5,0.0,0.0,4,100.0,1.0,0.0,100.0,1.0,0.0,0.0,0.0,0.0,0.0,0.0,0.0
178,mixed_20,2,2,596.5952377254587,175.46918756631138,600596.5952377255,150149.14880943138,777.0,53.21917808219178,24966.930576584487,1710.0637381222252,14.6,2.201779300951665,50.0,11.2,10,2.1099520771674674,0.7671232876712328,50.0,100.0,2.0,0.5,0.0,0.0,4,100.0,1.0,0.0,100.0,1.0,0.0,0.0,0.0,0.0,0.0,0.0,0.0
179,mixed_20,2,2,354.44853915564653,88.61213478891163,354.44853915564653,88.61213478891163,832.0,54.02597402597402,27640.352048073382,1794.8280550697002,15.4,3.3936553969122243,52.91030830234547,11.2,11,2.807698283198108,0.7272727272727273,52.91030830234547,100.0,2.2,0.55,2.1475388002580384,0.0,4,100.0,1.0,0.0,100.0,1.0,0.0,11.64123320938188,0.2,8.590155201032154,0.0,0.0,0.0
180,mixed_20,2,2,276.09199300345335,81.20352735395687,87479.16222314938,21869.790555787346,889.4,55.5875,24136.119959402415,1508.507497462651,16.0,2.467314173445475,52.091270895028856,12.2,12,2.8665563088221924,0.7625,52.091270895028856,100.0,2.4,0.6,2.0944620901485904,0.0,4,100.0,1.0,0.0,100.0,1.0,0.0,0.0,0.0,0.0,8.365083580115424,0.4,8.377848360594362
181,mixed_20,1,2,183.37256049119122,101.87364471732846,3144101.9646460316,786025.4911615079,959.0,55.11494252873563,27465.78126091233,1578.4931759145018,17.4,0.7134318182865125,50.0,15.2,10,0.9625302256421,0.8735632183908046,50.0,100.0,2.0,0.5,0.0,0.0,4,100.0,1.0,0.0,100.0,1.0,0.0,0.0,0.0,0.0,0.0,0.0,0.0
182,mixed_20,1,1,74.23510298433632,37.11755149216816,2000074.235102984,500018.558775746,1034.0,57.44444444444444,29715.037826658383,1650.8354348143546,18.0,1.324885803215956,52.83645616777392,15.0,11,1.4298196169921826,0.8333333333333334,52.83645616777392,100.0,2.2,0.55,2.2034537571948696,0.0,4,100.0,1.0,0.0,100.0,1.0,0.0,11.34582467109567,0.2,8.813815028779478,0.0,0.0,0.0
183,mixed_20,1,1,356.0988115467354,136.961081364129,1200643.1430637653,300160.7857659413,1110.2,57.822916666666664,31482.659986791063,1639.7218743120345,19.2,1.381844194918021,50.0,16.0,10,1.445538016523733,0.8333333333333334,50.0,100.0,2.0,0.5,0.0,0.0,4,100.0,1.0,0.0,100.0,1.0,0.0,0.0,0.0,0.0,0.0,0.0,0.0
184,mixed_20,1,1,757.9034982752771,210.5287495209103,5465.487549501861,1366.3718873754653,1190.8,56.7047619047619,33016.05751715253,1572.1932151025014,21.0,0.9800509034829241,63.0311140993507,16.8,15,1.0923837420678526,0.8,63.0311140993507,100.0,3.0,0.75,4.089175287826765,0.0,4,100.0,1.0,0.0,100.0,1.0,0.0,40.63491497125824,0.6,7.719447255066917,11.48954142614457,0.4,8.637253896240145
185,mixed_20,1,1,607.5902920046206,178.7030270601825,12402.02175066148,3100.50543766537,1279.0,58.13636363636363,35491.08343960311,1613.2310654365053,22.0,0.5876343762952876,75.0,18.2,15,0.3430614847174001,0.8272727272727273,75.0,100.0,3.0,0.75,0.0,0.0,4,100.0,1.0,0.0,100.0,1.0,0.0,100.0,1.0,0.0,0.0,0.0,0.0
186,mixed_20,1,1,413.4890383850405,147.6746565660859,287231.8827615088,71807.9706903772,1371.2,62.32727272727273,34352.828078929524,1561.4921854058875,22.0,0.8232575295401992,75.0,19.0,15,0.7449357373454977,0.8636363636363636,75.0,100.0,3.0,0.75,0.0,0.0,4,100.0,1.0,0.0,100.0,1.0,0.0,100.0,1.0,0.0,0.0,0.0,0.0
187,mixed_20,1,1,301.2898194585289,167.38323303251605,2916919.1362740435,729229.7840685109,1471.2,64.52631578947368,35483.26895273281,1556.2837259970531,22.8,0.665449969829998,75.0,20.8,15,0.9914231789143081,0.9122807017543859,75.0,100.0,3.0,0.75,0.0,0.0,4,100.0,1.0,0.0,100.0,1.0,0.0,100.0,1.0,0.0,0.0,0.0,0.0
188,mixed_20,1,1,330.68472492164676,206.6779530760292,1609871.5193782,402467.87984455,1577.2,66.83050847457628,36124.201603632275,1530.6865086284863,23.6,0.30325065203271073,97.48016610869058,21.8,20,0.4601075504919656,0.923728813559322,97.48016610869058,100.0,4.0,1.0,1.311963230824027,0.0,4,100.0,1.0,0.0,100.0,1.0,0.0,100.0,1.0,0.0,89.92066443476233,1.0,5.247852923296108
189,mixed_20,1,1,582.0904651284997,242.53769380354154,1301962.5298185626,325490.63245464064,1687.0,66.41732283464567,41238.7021714349,1623.5709516312954,25.4,0.47322723729206195,100.0,22.4,20,0.6015965610842606,0.8818897637795275,100.0,100.0,4.0,1.0,0.0,0.0,4,100.0,1.0,0.0,100.0,1.0,0.0,100.0,1.0,0.0,100.0,1.0,0.0
190,mixed_20,1,1,715.6218481742858,210.4770141689076,400932.99725026544,100233.24931256636,1798.2,67.09701492537313,42373.45117672709,1581.098924504742,26.8,0.4486348515580817,100.0,22.8,20,0.276829423538616,0.8507462686567164,100.0,100.0,4.0,1.0,0.0,0.0,4,100.0,1.0,0.0,100.0,1.0,0.0,100.0,1.0,0.0,100.0,1.0,0.0
191,mixed_20,1,1,464.2074645127468,178.5413325049026,757227.513591699,189306.87839792474,1915.6,70.94814814814815,42052.19082300064,1557.4885490000236,27.0,0.5432303820761609,100.0,24.2,20,0.5081392855803456,0.8962962962962963,100.0,100.0,4.0,1.0,0.0,0.0,4,100.0,1.0,0.0,100.0,1.0,0.0,100.0,1.0,0.0,100.0,1.0,0.0
192,mixed_20,1,1,95.03970856866894,79.19975714055745,4010547.9511318626,1002636.9877829656,2041.2,73.42446043165468,42841.18594261769,1541.049854050996,27.8,0.3512794726720969,100.0,25.8,20,0.5367715819963703,0.9280575539568345,100.0,100.0,4.0,1.0,0.0,0.0,4,100.0,1.0,0.0,100.0,1.0,0.0,100.0,1.0,0.0,100.0,1.0,0.0
193,mixed_20,1,1,516.1299469913206,322.58121686957537,2698620.5202727956,674655.1300681989,2172.2,74.90344827586208,44861.824320175896,1546.9594593164102,29.0,0.18202141708721375,100.0,26.8,20,0.26265312993417816,0.9241379310344827,100.0,100.0,4.0,1.0,0.0,0.0,4,100.0,1.0,0.0,100.0,1.0,0.0,100.0,1.0,0.0,100.0,1.0,0.0
194,mixed_20,1,1,622.3924261608865,259.33017756703606,1600622.3924261606,400155.59810654016,2307.0,77.9391891891892,45903.07208348387,1550.7794622798606,29.6,0.318085906239976,100.0,27.2,20,0.3540079869843037,0.918918918918919,100.0,100.0,4.0,1.0,0.0,0.0,4,100.0,1.0,0.0,100.0,1.0,0.0,100.0,1.0,0.0,100.0,1.0,0.0
195,mixed_20,1,1,691.3088204385698,345.6544102192849,688668.584115166,172167.1460287915,2445.6,77.88535031847134,48393.01169721636,1541.1787164718587,31.4,0.19675308611601744,100.0,28.8,20,0.22567136395075135,0.9171974522292994,100.0,100.0,4.0,1.0,0.0,0.0,4,100.0,1.0,0.0,100.0,1.0,0.0,100.0,1.0,0.0,100.0,1.0,0.0
196,mixed_20,1,1,616.2385315451827,205.41284384839423,3361965.662127196,840491.415531799,2590.0,80.9375,50824.31415341243,1588.2598172941384,32.0,0.4321244465712451,100.0,29.0,20,0.3502652610972086,0.90625,100.0,100.0,4.0,1.0,0.0,0.0,4,100.0,1.0,0.0,100.0,1.0,0.0,100.0,1.0,0.0,100.0,1.0,0.0
197,mixed_20,1,1,367.2562220825314,306.04685173544283,2720395.5888897316,680098.8972224329,2739.0,84.53703703703704,48326.42912850114,1491.5564545833686,32.4,0.16679230860186842,100.0,30.8,20,0.2881835998085914,0.9506172839506173,100.0,100.0,4.0,1.0,0.0,0.0,4,100.0,1.0,0.0,100.0,1.0,0.0,100.0,1.0,0.0,100.0,1.0,0.0
198,mixed_20,2,1,924.3245790044278,355.50945346324147,1001364.7387078321,250341.18467695802,2475.0,74.10179640718563,53968.50753375776,1615.8235788550228,33.4,0.2921687357225074,80.0,26.4,18,0.3231986748972977,0.7904191616766467,80.0,100.0,3.5999999999999996,0.8999999999999999,0.0,0.0,4,100.0,1.0,0.0,100.0,1.0,0.0,60.0,0.8,0.0,60.0,0.8,0.0
199,mixed_20,2,2,169.83742862613158,70.76559526088816,1004587.7937063671,251146.94842659179,2369.8,76.44516129032257,53346.7601117113,1720.863229410042,31.0,1.2191703412439785,62.39523152424226,19.8,16,1.2299063888976853,0.6387096774193548,62.39523152424226,100.0,3.2,0.8,0.9140449305563669,0.0,4,100.0,1.0,0.0,100.0,1.0,0.0,26.769859911464664,0.6,1.7994774135830527,22.811066185504387,0.6,1.856702308642415
200,mixed_20,2,2,254.85487670199217,106.1895319591634,1530737.7568326178,382684.43920815445,2464.0,83.24324324324324,49614.206861732135,1676.1556372206803,29.6,1.9729289813229425,62.23081205943345,20.4,17,1.986754116355586,0.6891891891891891,62.23081205943345,100.0,3.4,0.85,2.027729100744179,0.0,4,100.0,1.0,0.0,100.0,1.0,0.0,11.763907776953602,0.8,3.9314982898279327,37.159340460780186,0.6,4.179418113148783
201,mixed_20,2,2,270.9093492087568,123.14061327670763,1019671.7994271924,254917.9498567981,2568.6,91.73571428571428,41880.56362513182,1495.7344151832792,28.0,1.3625983862078408,71.07061405626382,22.4,18,1.7439781073910325,0.8,71.07061405626382,100.0,3.6,0.9,2.5379089596233992,0.0,4,100.0,1.0,0.0,100.0,1.0,0.0,17.56868723610296,0.6,4.977923519554777,66.71376898895232,1.0,5.173712318938821
202,mixed_20,2,2,269.39036186091295,149.66131214495164,1710161.0971033871,427540.2742758468,2696.0,92.32876712328768,45355.09119838423,1553.256547889871,29.2,0.48456472161172454,100.0,27.2,20,0.6667072240501588,0.9315068493150684,100.0,100.0,4.0,1.0,0.0,0.0,4,100.0,1.0,0.0,100.0,1.0,0.0,100.0,1.0,0.0,100.0,1.0,0.0
203,mixed_20,2,2,273.53859242095945,136.76929621047972,1800546.7864419029,450136.6966104757,2832.2,93.16447368421052,47349.02103132351,1557.5335865566942,30.4,0.417446809814377,100.0,27.8,20,0.4816199547359134,0.9144736842105263,100.0,100.0,4.0,1.0,0.0,0.0,4,100.0,1.0,0.0,100.0,1.0,0.0,100.0,1.0,0.0,100.0,1.0,0.0
204,mixed_20,0,2,671.7052492274073,186.58479145205757,1610.070113857252,402.517528464313,1649.8,54.629139072847686,50010.51129413285,1655.977195169962,30.2,0.8234744671178525,85.0,22.4,19,0.599812397780201,0.7417218543046358,85.0,100.0,3.8,0.95,0.0,0.0,4,80.0,1.0,0.0,60.0,0.8,0.0,100.0,1.0,0.0,100.0,1.0,0.0
205,mixed_20,0,0,515.8614353766974,171.95381179223247,363619.8667234674,90904.96668086686,515.0,18.006993006993007,47505.66431386497,1661.0372137715021,28.6,0.6663164645551161,66.53765936864829,15.8,16,0.4965190301016172,0.5524475524475524,66.53765936864829,100.0,3.2,0.8,1.0461528253211394,0.0,4,38.63747318638161,0.6,2.261295146749844,27.513164288211556,0.6,1.9233161545347137,100.0,1.0,0.0,100.0,1.0,0.0
206,mixed_20,0,0,251.46852183564414,83.82284061188138,352360.847666964,88090.211916741,194.6,7.6015625,48731.29515330627,1903.5662169260263,25.6,1.3280123638657835,63.053439946313574,10.2,17,1.1206057570197665,0.3984375,63.053439946313574,100.0,3.4,0.85,2.1803982372287978,0.0,4,37.14800859726438,0.6,4.618762087900069,15.065751187989918,0.8,4.102830861015121,100.0,1.0,0.0,100.0,1.0,0.0
207,mixed_20,0,0,318.16502383299365,93.57794818617461,400559.5465228087,100139.88663070218,219.0,9.776785714285714,44526.42211144846,1987.786701403949,22.4,2.4612290449011076,62.58516599705786,9.2,15,1.9294845507954546,0.4107142857142857,62.58516599705786,100.0,3.0,0.75,3.016046872376819,0.0,4,27.510320163887627,0.4,6.198410133312738,22.8303438243438,0.6,5.865777356194537,100.0,1.0,0.0,100.0,1.0,0.0
208,mixed_20,0,0,499.69714833822525,124.92428708455631,499.69714833822525,124.92428708455631,266.0,12.547169811320755,34380.09679009246,1621.702678777946,21.2,2.5796576039173837,63.993818225310406,10.6,17,2.1972772140991848,0.5,63.993818225310406,100.0,3.4,0.85,3.21318432128591,0.0,4,18.61270069535294,0.6,6.6581909730676045,37.36257220588868,0.8,6.194546312076035,100.0,1.0,0.0,100.0,1.0,0.0
209,mixed_20,0,0,641.3748279851867,168.782849469786,1063.9652693660137,265.9913173415034,334.2,14.919642857142858,32954.10710317038,1471.1654956772493,22.4,0.7881924455471403,100.0,16.4,20,0.5326742462417979,0.7321428571428571,100.0,100.0,4.0,1.0,0.0,0.0,4,100.0,1.0,0.0,100.0,1.0,0.0,100.0,1.0,0.0,100.0,1.0,0.0
210,mixed_20,0,0,830.9397258426421,230.81659051184502,5902.947299485186,1475.7368248712964,429.2,17.883333333333333,38415.61508902888,1600.6506287095365,24.0,0.5506428855434201,100.0,20.4,20,0.3484405933251154,0.85,100.0,100.0,4.0,1.0,0.0,0.0,4,100.0,1.0,0.0,100.0,1.0,0.0,100.0,1.0,0.0,100.0,1.0,0.0
211,mixed_20,2,0,751.0162124491429,197.63584538135342,3258.2808788927605,814.5702197231901,251.6,11.132743362831858,37952.70350445543,1679.323163913957,22.6,0.8242879660066673,80.0,15.4,18,0.48046945383481054,0.6814159292035398,80.0,100.0,3.5999999999999996,0.8999999999999999,0.0,0.0,4,100.0,1.0,0.0,100.0,1.0,0.0,60.0,0.8,0.0,60.0,0.8,0.0
212,mixed_20,2,2,169.59739618925087,65.22976776509648,653241.3684136888,163310.3421034222,155.2,7.607843137254902,33925.68514358513,1663.0237815482908,20.4,1.2241218409495158,64.48150748805915,10.2,16,1.0388591742039754,0.5,64.48150748805915,100.0,3.2,0.8,0.8659424946334275,0.0,4,100.0,1.0,0.0,100.0,1.0,0.0,28.206217577658208,0.6,1.8961049451542582,29.719812374578396,0.6,1.567665033379452
213,mixed_20,2,2,48.96570996796902,24.48285498398451,2042307.417618143,510576.8544045357,209.0,11.358695652173912,33410.26929061888,1815.7755049249392,18.4,1.9531053154373463,62.935246350610896,11.4,16,2.0812704548927283,0.6195652173913043,62.935246350610896,100.0,3.2,0.8,2.0755251580996004,0.0,4,100.0,1.0,0.0,100.0,1.0,0.0,28.325974193326147,0.6,4.15940440148613,23.415011209117438,0.6,4.1426962309122715
214,mixed_20,2,2,790.6167665725128,219.61576849236465,400790.6167665725,100197.65419164313,264.0,15.172413793103448,30874.05822262586,1774.3711622198769,17.4,2.4839675538313295,55.22050314611761,11.4,16,2.330482449436945,0.6551724137931034,55.22050314611761,100.0,3.2,0.8,3.417259128775138,0.0,4,100.0,1.0,0.0,100.0,1.0,0.0,4.088843363238084,0.6,8.50050671705976,16.793169221232347,0.6,5.168529798040792
215,mixed_20,2,2,376.35592471267813,94.08898117816953,376.35592471267813,94.08898117816953,319.0,21.266666666666666,26194.662338902337,1746.3108225934893,15.0,2.50315729404212,50.0,11.0,10,2.125722213256427,0.7333333333333333,50.0,100.0,2.0,0.5,0.0,0.0,4,100.0,1.0,0.0,100.0,1.0,0.0,0.0,0.0,0.0,0.0,0.0,0.0
216,mixed_20,2,2,266.962952093303,74.15637558147306,1652.0376784453097,413.0094196113274,374.0,24.285714285714285,25921.881521434545,1683.2390598334118,15.4,4.09618616386377,52.11635880322319,11.2,12,4.298047516687215,0.7272727272727273,52.11635880322319,100.0,2.4,0.6,2.1894540022592994,0.0,4,100.0,1.0,0.0,100.0,1.0,0.0,0.0,0.0,0.0,8.465435212892771,0.4,8.757816009037198
217,mixed_20,2,2,23.718399557777435,11.859199778888717,1854524.3563774235,463631.0890943559,434.0,29.324324324324323,24086.55460693364,1627.4699058738947,14.8,4.806003850230292,50.699704205687794,12.8,12,5.6933239419042545,0.8648648648648649,50.699704205687794,100.0,2.4,0.6,2.0898192000109694,0.0,4,100.0,1.0,0.0,100.0,1.0,0.0,2.798816822751178,0.4,8.359276800043878,0.0,0.0,0.0
218,mixed_20,2,2,68.59835069447513,38.11019483026396,2351368.024041675,587842.0060104188,499.0,33.266666666666666,24225.838607067548,1615.0559071378366,15.0,2.9640303915844664,50.0,13.4,10,4.4409254228718815,0.8933333333333333,50.0,100.0,2.0,0.5,0.0,0.0,4,100.0,1.0,0.0,100.0,1.0,0.0,0.0,0.0,0.0,0.0,0.0,0.0
219,mixed_20,2,2,641.8736179218879,178.29822720052442,200924.67754181213,50231.16938545303,564.0,32.41379310344828,29755.76569004618,1710.1014764394358,17.4,2.1463935408288886,52.732704872541944,13.4,11,2.5463193711658945,0.7701149425287356,52.732704872541944,100.0,2.2,0.55,2.287111229170639,0.0,4,100.0,1.0,0.0,100.0,1.0,0.0,10.930819490167778,0.2,9.148444916682555,0.0,0.0,0.0
220,mixed_20,2,2,357.40022802269755,89.35005700567439,357.40022802269755,89.35005700567439,629.0,37.0,29598.880609678657,1741.1106240987447,17.0,2.3942514234705667,50.0,13.0,10,2.0958403694049346,0.7647058823529411,50.0,100.0,2.0,0.5,0.0,0.0,4,100.0,1.0,0.0,100.0,1.0,0.0,0.0,0.0,0.0,0.0,0.0,0.0
221,mixed_20,2,2,162.2557138560407,62.406043790784885,234132.99411209155,58533.24852802289,695.8,40.92941176470588,26690.22655957435,1570.0133270337853,17.0,3.4628169175114634,51.36976750409872,14.0,12,3.502371103001445,0.8235294117647058,51.36976750409872,100.0,2.4,0.6,2.2252931063761934,0.0,4,100.0,1.0,0.0,100.0,1.0,0.0,0.0,0.0,0.0,5.479070016394871,0.4,8.901172425504773
222,mixed_20,1,2,52.63062618465815,26.315313092329074,2294484.6120402734,573621.1530100683,772.0,42.888888888888886,27469.847214540263,1526.1026230300147,18.0,3.5519878978257915,50.858209769417044,16.0,12,5.306707735882477,0.8888888888888888,50.858209769417044,100.0,2.4,0.6,2.0837192946812135,0.0,4,100.0,1.0,0.0,100.0,1.0,0.0,3.432839077668177,0.4,8.334877178724854,0.0,0.0,0.0
223,mixed_20,1,1,139.85438655807857,77.69688142115476,2200139.854386558,550034.9635966395,854.0,44.02061855670103,30403.9182978218,1567.2122833928763,19.4,0.6200322701625623,50.0,17.4,10,0.7935692653098436,0.8969072164948454,50.0,100.0,2.0,0.5,0.0,0.0,4,100.0,1.0,0.0,100.0,1.0,0.0,0.0,0.0,0.0,0.0,0.0,0.0
224,mixed_20,1,1,428.3510912625326,152.98253259376165,1000665.2738633759,250166.31846584397,939.0,44.714285714285715,35218.10335736298,1677.0525408268088,21.0,1.7104366200121146,50.0,17.0,10,1.8902318294843368,0.8095238095238095,50.0,100.0,2.0,0.5,0.0,0.0,4,100.0,1.0,0.0,100.0,1.0,0.0,0.0,0.0,0.0,0.0,0.0,0.0
225,mixed_20,1,1,249.01438667623432,83.00479555874477,1000249.0143866763,250062.25359666906,1025.2,47.46296296296296,35279.32143646074,1633.301918354664,21.6,2.472962792292643,71.85432504933942,17.8,16,3.0650766552203064,0.8240740740740741,71.85432504933942,100.0,3.2,0.8,4.063703151967071,0.0,4,100.0,1.0,0.0,100.0,1.0,0.0,81.41682032858625,1.0,7.434076289972933,6.000479868771436,0.2,8.820736317895351
226,mixed_20,1,1,387.90092216575283,149.1926623714434,1011284.6986589916,252821.1746647479,1116.2,49.830357142857146,33730.5248065881,1505.8270002941117,22.4,1.2698545442046518,75.0,19.2,16,2.2604451725080743,0.8571428571428571,75.0,100.0,3.2,0.8,0.0,0.0,4,100.0,1.0,0.0,100.0,1.0,0.0,100.0,1.0,0.0,0.0,0.2,0.0
227,mixed_20,1,1,754.4242009014545,269.4372146076623,1001644.9291263593,250411.23228158982,1218.0,50.75,37633.67516850861,1568.0697986878588,24.0,0.39459561588368375,75.0,21.0,15,0.40249329349284135,0.875,75.0,100.0,3.0,0.75,0.0,0.0,4,100.0,1.0,0.0,100.0,1.0,0.0,100.0,1.0,0.0,0.0,0.0,0.0
228,mixed_20,2,1,81.84980688191023,40.92490344095511,1181823.0228684812,295455.7557171203,1247.0,55.669642857142854,37054.209010775565,1654.2057594096236,22.4,1.531122715653995,65.0,18.0,14,1.9134307504365662,0.8035714285714286,65.0,100.0,2.8,0.7,0.0,0.0,4,100.0,1.0,0.0,100.0,1.0,0.0,60.0,0.8,0.0,0.0,0.0,0.0
229,mixed_20,2,2,345.64021456908205,132.93854406503155,1138140.528082293,284535.13202057325,1317.0,58.27433628318584,37257.165276921354,1648.5471361469627,22.6,2.680458510313293,60.339754988260665,17.4,14,3.0018340149252993,0.7699115044247787,60.339754988260665,100.0,2.8000000000000003,0.7000000000000001,2.6648292488210554,0.0,4,100.0,1.0,0.0,100.0,1.0,0.0,32.517215755419784,0.6,2.2134421011532486,8.841804197622878,0.2,8.445874894130974
230,mixed_20,2,2,231.45771812358856,77.15257270786286,2489170.9488346456,622292.7372086614,1402.0,69.4059405940594,33473.21712387669,1657.089956627559,20.2,4.382103022791937,54.87883594165055,17.0,13,5.273279068712622,0.8415841584158416,54.87883594165055,100.0,2.6,0.65,1.013599191140298,0.0,4,100.0,1.0,0.0,100.0,1.0,0.0,19.5153437666022,0.4,4.054396764561192,0.0,0.2,0.0
231,mixed_20,2,2,395.2220165840556,164.6758402433565,694356.5740284573,173589.14350711432,1488.2,72.95098039215686,32106.321026527497,1573.8392660062498,20.4,3.663889027724033,50.0,18.0,10,5.0003532838772475,0.8823529411764706,50.0,100.0,2.0,0.5,0.0,0.0,4,100.0,1.0,0.0,100.0,1.0,0.0,0.0,0.0,0.0,0.0,0.0,0.0
232,mixed_20,2,2,398.367278314938,132.789092771646,2224114.8318978557,556028.7079744639,1578.0,74.43396226415095,33281.14508735178,1569.8653343090464,21.2,2.1349517464110326,51.53319441587996,18.2,12,2.990340182006597,0.8584905660377359,51.53319441587996,100.0,2.4,0.6,2.1260413758922367,0.0,4,100.0,1.0,0.0,100.0,1.0,0.0,6.132777663519846,0.4,8.504165503568947,0.0,0.0,0.0
233,mixed_20,2,2,123.14567385391213,61.572836926956064,3237398.3478657734,809349.5869664433,1673.0,76.04545454545455,34519.95364756819,1569.0888021621904,22.0,1.387791966025468,50.0,19.8,10,1.9038251554407897,0.9,50.0,100.0,2.0,0.5,0.0,0.0,4,100.0,1.0,0.0,100.0,1.0,0.0,0.0,0.0,0.0,0.0,0.0,0.0
234,mixed_20,2,2,46.90817236889031,23.454086184445156,2000046.908172369,500011.72704309225,1773.0,79.86486486486487,36090.84090978479,1625.7135544948105,22.2,2.567855260665529,52.831710125024074,20.2,11,3.1572969845557006,0.9099099099099099,52.831710125024074,100.0,2.2,0.55,2.2071468208444767,0.0,4,100.0,1.0,0.0,100.0,1.0,0.0,0.0,0.0,0.0,11.326840500096296,0.2,8.828587283377907
235,mixed_20,1,2,815.1153748455002,239.7398161310295,201334.9746438138,50333.74366095345,1873.6,72.06153846153846,41241.71618533976,1586.2198532822986,26.0,1.2518887769438793,51.80696204127457,21.0,12,1.3415030380465978,0.8076923076923077,51.80696204127457,100.0,2.4,0.6,2.1505321205360817,0.0,4,100.0,1.0,0.0,100.0,1.0,0.0,7.227848165098294,0.4,8.602128482144327,0.0,0.0,0.0
236,mixed_20,1,1,522.0748886253783,163.14840269543072,354762.39452088403,88690.59863022101,1980.6,76.17692307692307,40204.44963613844,1546.3249860053245,26.0,0.9898209310974003,50.0,22.2,10,0.8795312572444041,0.8538461538461538,50.0,100.0,2.0,0.5,0.0,0.0,4,100.0,1.0,0.0,100.0,1.0,0.0,0.0,0.0,0.0,0.0,0.0,0.0
237,mixed_20,1,1,65.97564892692401,32.987824463462005,2030627.149848466,507656.7874621165,2098.0,80.07633587786259,42450.70087557375,1620.255758609685,26.2,1.4563971316281776,50.0,24.2,10,1.5543230957813785,0.9236641221374046,50.0,100.0,2.0,0.5,0.0,0.0,4,100.0,1.0,0.0,100.0,1.0,0.0,0.0,0.0,0.0,0.0,0.0,0.0
238,mixed_20,1,1,287.90815217775065,179.94259511109414,3914091.198164827,978522.7995412068,2219.8,82.21481481481482,40199.74327055517,1488.879380390932,27.0,0.5610923657127256,73.77088617627237,25.0,16,1.016587290742019,0.9259259259259259,73.77088617627237,100.0,3.2,0.8,3.7724228632879075,0.0,4,100.0,1.0,0.0,100.0,1.0,0.0,82.93094853881485,1.0,6.860997054705666,12.152596166274634,0.2,8.228694398445965
239,mixed_20,1,1,250.95828616774344,139.4212700931908,3788679.370286066,947169.8425715165,2349.0,83.29787234042553,44343.78391720661,1572.474606993142,28.2,0.41268898845271396,75.0,26.4,15,0.5326918217005604,0.9361702127659575,75.0,100.0,3.0,0.75,0.0,0.0,4,100.0,1.0,0.0,100.0,1.0,0.0,100.0,1.0,0.0,0.0,0.0,0.0
240,mixed_20,1,1,319.8246457216507,145.37483896438667,1600663.310722114,400165.8276805285,2479.0,83.75,46356.762819906864,1566.1068520238805,29.6,0.6852485990397621,75.0,26.2,15,0.7231014000895827,0.8851351351351351,75.0,100.0,3.0,0.75,0.0,0.0,4,100.0,1.0,0.0,100.0,1.0,0.0,100.0,1.0,0.0,0.0,0.0,0.0
241,mixed_20,1,1,869.8918107936297,255.85053258636168,401226.92389743926,100306.73097435982,2612.0,84.8051948051948,49724.43071943964,1614.4295688129753,30.8,0.9259101274636317,75.0,27.2,15,0.9546395840899645,0.8831168831168831,75.0,100.0,3.0,0.75,0.0,0.0,4,100.0,1.0,0.0,100.0,1.0,0.0,100.0,1.0,0.0,0.0,0.0,0.0
242,mixed_20,1,1,470.8351962609175,214.015998300417,477865.45661968767,119466.36415492192,2750.6,83.85975609756098,49090.41308279835,1496.6589354511693,32.8,0.37226311102672294,98.63181791719853,29.2,20,0.45351140739451884,0.8902439024390244,98.63181791719853,100.0,4.0,1.0,1.1314447186518806,0.0,4,100.0,1.0,0.0,100.0,1.0,0.0,100.0,1.0,0.0,94.52727166879413,1.0,4.525778874607522
243,mixed_20,1,1,251.68115455264774,125.84057727632387,2938093.9078195905,734523.4769548976,2903.0,87.96969696969697,52057.10193406119,1577.4879373957936,33.0,0.4169580837570245,100.0,31.0,20,0.4740988653414332,0.9393939393939394,100.0,100.0,4.0,1.0,0.0,0.0,4,100.0,1.0,0.0,100.0,1.0,0.0,100.0,1.0,0.0,100.0,1.0,0.0
244,mixed_20,1,1,101.39344182132172,63.37090113832607,2400101.3934418214,600025.3483604554,3058.0,92.66666666666667,51166.63672700502,1550.5041432425762,33.0,0.6397221401606108,100.0,31.0,20,0.860105248871861,0.9393939393939394,100.0,100.0,4.0,1.0,0.0,0.0,4,100.0,1.0,0.0,100.0,1.0,0.0,100.0,1.0,0.0,100.0,1.0,0.0
245,mixed_20,1,1,297.0664511847889,297.0664511847889,2606354.3530170536,651588.5882542634,3215.6,95.13609467455622,50569.99090857649,1496.1535771768192,33.8,0.0519486108130854,100.0,32.6,20,0.13669042032786194,0.9644970414201184,100.0,100.0,4.0,1.0,0.0,0.0,4,100.0,1.0,0.0,100.0,1.0,0.0,100.0,1.0,0.0,100.0,1.0,0.0
246,mixed_20,1,1,549.7243159780343,343.5776974862714,4629509.810202327,1157377.4525505817,3380.0,96.57142857142857,54100.39327035788,1545.7255220102252,35.0,0.1476845306753797,100.0,33.0,20,0.20550875121396517,0.9428571428571428,100.0,100.0,4.0,1.0,0.0,0.0,4,100.0,1.0,0.0,100.0,1.0,0.0,100.0,1.0,0.0,100.0,1.0,0.0
247,mixed_20,1,1,97.60502983635244,97.60502983635244,3707275.064663749,926818.7661659373,3548.0,100.79545454545455,54359.11177732531,1544.292948219469,35.2,0.23406248704494187,100.0,34.2,20,0.4091469367274215,0.9715909090909091,100.0,100.0,4.0,1.0,0.0,0.0,4,100.0,1.0,0.0,100.0,1.0,0.0,100.0,1.0,0.0,100.0,1.0,0.0
248,mixed_20,1,1,662.6974681506694,368.16526008370516,2000870.1237862837,500217.5309465709,3720.0,100.54054054054055,56818.212812299505,1535.627373305392,37.0,0.1361209367015614,100.0,35.0,20,0.16224826747906243,0.9459459459459459,100.0,100.0,4.0,1.0,0.0,0.0,4,100.0,1.0,0.0,100.0,1.0,0.0,100.0,1.0,0.0,100.0,1.0,0.0
249,mixed_20,1,1,260.0926564647429,130.04632823237145,2000260.0926564645,500065.02316411614,3895.0,105.27027027027027,57975.18731975821,1566.8969545880598,37.0,0.35728516917460595,100.0,35.0,20,0.37004745146184953,0.9459459459459459,100.0,100.0,4.0,1.0,0.0,0.0,4,100.0,1.0,0.0,100.0,1.0,0.0,100.0,1.0,0.0,100.0,1.0,0.0
250,mixed_20,1,1,334.8936143978073,239.20972456986237,2021081.2229340929,505270.3057335232,4071.2,107.13684210526316,57300.99256028408,1507.9208568495812,38.0,0.19686515316484493,100.0,36.2,20,0.32786281336029505,0.9526315789473684,100.0,100.0,4.0,1.0,0.0,0.0,4,100.0,1.0,0.0,100.0,1.0,0.0,100.0,1.0,0.0,100.0,1.0,0.0
251,mixed_20,0,1,1161.6535589703203,363.01673717822507,2748.648750731586,687.1621876828965,2979.2,79.65775401069519,60059.65624347831,1605.8731615903291,37.4,0.2794131437074101,80.0,31.0,18,0.17860513580131968,0.8288770053475936,80.0,100.0,3.6,0.9,0.0,0.0,4,60.0,0.8,0.0,60.0,0.8,0.0,100.0,1.0,0.0,100.0,1.0,0.0
252,mixed_20,0,0,497.9446134430177,138.31794817861604,6773.956129155226,1693.4890322888066,1510.4,43.15428571428571,58781.01098657723,1679.4574567593495,35.0,0.7122965295903922,63.71135963002757,22.6,16,0.34705529202151103,0.6457142857142857,63.71135963002757,100.0,3.2,0.8,0.9435034766300814,0.0,4,27.19021466864433,0.6,1.7834546925226695,27.655223851465962,0.6,1.990559213997656,100.0,1.0,0.0,100.0,1.0,0.0
253,mixed_20,0,0,332.62388586325517,127.93226379355967,993321.9856409642,248330.49641024106,810.6,24.125,60308.37548670509,1794.8921275805087,33.6,1.120142562344769,57.42667651258557,17.2,18,1.0698051647500217,0.5119047619047619,57.42667651258557,100.0,3.6,0.9,2.017575580206622,0.0,4,16.23268469753839,0.8,3.9069965982070562,13.474021352803902,0.8,4.163305722619432,100.0,1.0,0.0,100.0,1.0,0.0
254,mixed_20,0,0,221.92074422779905,73.97358140926634,1000221.920744228,250055.480186057,824.0,26.9281045751634,58426.29195690977,1909.355946304241,30.6,2.0604459005138054,58.908729187675135,15.2,18,1.8318486603032158,0.49673202614379086,58.908729187675135,100.0,3.6,0.9,2.8744178834482077,0.0,4,21.983378145137067,0.8,5.979674000612647,13.651538605563474,0.8,5.517997533180184,100.0,1.0,0.0,100.0,1.0,0.0
255,mixed_20,0,0,97.07790734808648,44.12632152185749,807514.5586053382,201878.63965133455,900.2,32.381294964028775,52378.6671871248,1884.1247189613239,27.8,2.7880610100117575,59.097148570430136,16.0,17,2.7864118910754767,0.5755395683453237,59.097148570430136,100.0,3.4,0.85,3.5698664017396102,0.0,4,22.940721072668566,0.6,7.143805563578184,13.447873209051977,0.8,7.135660043380257,100.0,1.0,0.0,100.0,1.0,0.0
256,mixed_20,0,0,903.5111003098234,225.87777507745585,903.5111003098234,225.87777507745585,980.0,36.8421052631579,50458.178204788244,1896.9239926612122,26.6,3.09808338277528,58.88366257237976,16.4,16,2.86410408694803,0.6165413533834586,58.88366257237976,100.0,3.2,0.8,4.0672078055966425,0.0,4,24.55572766644309,0.4,8.152088885641508,10.97892262307596,0.8,8.116742336745062,100.0,1.0,0.0,100.0,1.0,0.0
257,mixed_20,0,0,295.1274585740313,92.22733080438478,20558.97335105297,5139.743337763242,1060.6,48.65137614678899,36935.87558627548,1694.306219553921,21.8,3.1939962801641695,56.1840526010144,16.4,14,2.9840993111222227,0.7522935779816514,56.1840526010144,100.0,2.8,0.7,4.367080902295749,0.0,4,16.081749950658377,0.4,8.894181515251633,8.654460453399224,0.4,8.57414209393136,100.0,1.0,0.0,100.0,1.0,0.0
258,mixed_20,0,0,25.152766187449767,12.576383093724884,3162626.729755308,790656.682438827,1148.0,56.27450980392157,33869.08149842976,1660.2490930602823,20.4,3.848583246146169,50.0,18.2,11,3.8806784345896,0.8921568627450981,50.0,100.0,2.2,0.55,0.0,0.0,4,0.0,0.2,0.0,0.0,0.0,0.0,100.0,1.0,0.0,100.0,1.0,0.0
259,mixed_20,0,0,389.4043819068487,149.77091611801873,2607162.7215941185,651790.6803985296,1238.0,60.09708737864078,33594.70424189046,1630.8108855286632,20.6,4.141266837556038,53.926381324390604,18.4,13,5.490945578440635,0.8932038834951457,53.926381324390604,100.0,2.6,0.65,4.58850450415634,0.0,4,5.322238360722622,0.4,8.723156362865119,10.383286936839795,0.2,9.63086165376024,100.0,1.0,0.0,100.0,1.0,0.0
260,mixed_20,0,0,570.0917893304106,178.1536841657533,29445.094316814142,7361.2735792035355,1328.6,63.266666666666666,32858.31092784608,1564.6814727545755,21.0,4.329150713477655,50.0,18.4,10,5.666469486851418,0.8761904761904762,50.0,100.0,2.0,0.5,0.0,0.0,4,0.0,0.0,0.0,0.0,0.0,0.0,100.0,1.0,0.0,100.0,1.0,0.0
261,mixed_20,0,0,132.19894233309648,55.082892638790206,2370883.2394026713,592720.8098506678,1424.2,66.55140186915888,33680.55411616749,1573.8576689797892,21.4,5.076502248300488,50.0,19.8,10,5.702048484506606,0.9252336448598131,50.0,100.0,2.0,0.5,0.0,0.0,4,0.0,0.0,0.0,0.0,0.0,0.0,100.0,1.0,0.0,100.0,1.0,0.0
262,mixed_20,0,0,472.6440515817675,168.8014469934884,2943664.5501215137,735916.1375303784,1524.2,67.4424778761062,35995.9311750261,1592.7403174790309,22.6,4.923158954051311,55.0,20.6,14,5.810002489617401,0.911504424778761,55.0,100.0,2.8,0.7,2.349292548606172,0.0,4,20.0,0.4,9.397170194424689,0.0,0.4,0.0,100.0,1.0,0.0,100.0,1.0,0.0
263,mixed_20,0,0,509.4544910822166,181.94803252936308,983718.608207866,245929.6520519665,1628.0,70.78260869565217,36221.17968185583,1574.833899211123,23.0,4.277261529887868,50.0,21.0,10,5.6971554324186044,0.9130434782608695,50.0,100.0,2.0,0.5,0.0,0.0,4,0.0,0.0,0.0,0.0,0.0,0.0,100.0,1.0,0.0,100.0,1.0,0.0
264,mixed_20,0,0,23.482915741179358,11.741457870589679,3843355.686936313,960838.9217340782,1735.0,75.43478260869566,35610.16534691057,1548.268058561329,23.0,4.944034658609224,50.0,21.8,10,5.706289347085007,0.9478260869565217,50.0,100.0,2.0,0.5,0.0,0.0,4,0.0,0.0,0.0,0.0,0.0,0.0,100.0,1.0,0.0,100.0,1.0,0.0
265,mixed_20,0,0,18.883821245035584,9.441910622517792,2000018.8838212448,500004.7209553112,1845.0,80.21739130434783,35826.08072380986,1557.655683643907,23.0,5.499402774120123,50.17707377748252,22.0,12,5.882291861781734,0.9565217391304348,50.17707377748252,100.0,2.4,0.6,2.184194462955929,0.0,4,0.7082951099300772,0.4,8.736777851823716,0.0,0.0,0.0,100.0,1.0,0.0,100.0,1.0,0.0
266,mixed_20,0,0,202.41169466678315,168.6764122223193,2285690.485994776,571422.621498694,1956.2,83.5982905982906,35067.592676271735,1498.6150716355444,23.4,2.2414994695929815,50.0,22.8,10,4.921504273972056,0.9743589743589743,50.0,100.0,2.0,0.5,0.0,0.0,4,0.0,0.0,0.0,0.0,0.0,0.0,100.0,1.0,0.0,100.0,1.0,0.0
267,mixed_20,1,0,204.68205737319232,113.71225409621795,2200204.682057373,550051.1705143433,2071.0,82.84,39006.834060313806,1560.2733624125522,25.0,0.6966841980093159,50.0,23.2,10,1.029567618688316,0.928,50.0,100.0,2.0,0.5,0.0,0.0,4,0.0,0.0,0.0,0.0,0.0,0.0,100.0,1.0,0.0,100.0,1.0,0.0
268,mixed_20,1,1,69.62179967650074,34.81089983825037,2000069.621799677,500017.4054499192,2186.0,87.44,39872.95113728001,1594.9180454912005,25.0,1.8301650806562975,50.0,23.0,10,2.2448875108866297,0.92,50.0,100.0,2.0,0.5,0.0,0.0,4,0.0,0.0,0.0,0.0,0.0,0.0,100.0,1.0,0.0,100.0,1.0,0.0
269,mixed_20,1,1,39.667199772482945,19.833599886241473,2000039.6671997723,500009.9167999431,2301.0,92.04,40614.4388509541,1624.5775540381642,25.0,2.899135887629817,52.74092854216519,23.0,11,3.341885076045456,0.92,52.74092854216519,100.0,2.2,0.55,2.2802491578502884,0.0,4,0.0,0.0,0.0,10.963714168660772,0.2,9.120996631401153,100.0,1.0,0.0,100.0,1.0,0.0
270,mixed_20,1,1,26.07700343905072,26.07700343905072,2015351.4701019395,503837.8675254849,2417.8,96.712,36472.44610496553,1458.8978441986212,25.0,1.09675257721375,52.89243243294209,24.0,11,2.0971066225055104,0.96,52.89243243294209,100.0,2.2,0.55,2.1608110629719035,0.0,4,11.569729731768348,0.2,8.643244251887614,0.0,0.0,0.0,100.0,1.0,0.0,100.0,1.0,0.0
271,mixed_20,1,1,123.3903612894718,123.3903612894718,2628830.86419517,657207.7160487925,2542.0,97.76923076923077,40077.312127283236,1541.435081818586,26.0,0.16808858757411613,50.0,25.2,10,0.3791872022816922,0.9692307692307692,50.0,100.0,2.0,0.5,0.0,0.0,4,0.0,0.0,0.0,0.0,0.0,0.0,100.0,1.0,0.0,100.0,1.0,0.0
272,mixed_20,1,1,235.6572671840388,130.92070399113265,2200235.657267184,550058.914316796,2667.0,98.77777777777777,42438.903998891816,1571.8112592182154,27.0,0.6707127238375443,50.0,25.2,10,0.9825999900745487,0.9333333333333333,50.0,100.0,2.0,0.5,0.0,0.0,4,0.0,0.0,0.0,0.0,0.0,0.0,100.0,1.0,0.0,100.0,1.0,0.0
273,mixed_20,1,1,99.97532936528609,49.98766468264304,2000099.9753293656,500024.9938323414,2792.0,103.4074074074074,43118.67176566436,1596.987843172754,27.0,1.2794105160996936,50.0,25.0,10,1.5583881340179622,0.9259259259259259,50.0,100.0,2.0,0.5,0.0,0.0,4,0.0,0.0,0.0,0.0,0.0,0.0,100.0,1.0,0.0,100.0,1.0,0.0
274,mixed_20,1,1,109.31617957776055,68.32261223610034,2001404.825624412,500351.206406103,2917.2,108.04444444444445,41739.73981275261,1545.9162893612079,27.0,0.9433895262492683,52.73993918757242,25.2,11,1.335320472909106,0.9333333333333333,52.73993918757242,100.0,2.2,0.55,2.2810725246561008,0.0,4,0.0,0.0,0.0,10.959756750289671,0.2,9.124290098624403,100.0,1.0,0.0,100.0,1.0,0.0
275,mixed_20,1,1,71.02647565962675,71.02647565962675,2262323.4175381297,565580.8543845324,3046.6,112.83703703703704,40573.079596220705,1502.706651711878,27.0,0.2468432542474226,67.77002675300537,26.4,14,0.7020609107721665,0.9777777777777777,67.77002675300537,100.0,2.8,0.7,1.2743641902837166,0.0,4,71.08010701202147,0.8,5.0974567611348665,0.0,0.0,0.0,100.0,1.0,0.0,100.0,1.0,0.0
276,mixed_20,1,1,139.68917720526525,139.68917720526525,3076884.6726714494,769221.1681678623,3181.0,114.42446043165468,42644.7989309964,1533.9855730574247,27.8,0.07209937203125091,75.0,27.2,15,0.1828150275405429,0.9784172661870504,75.0,100.0,3.0,0.75,0.0,0.0,4,100.0,1.0,0.0,0.0,0.0,0.0,100.0,1.0,0.0,100.0,1.0,0.0
277,mixed_20,0,1,368.21776133211876,184.10888066605938,2000368.2177613317,500092.0544403329,3177.4,120.35606060606061,42002.47265965557,1591.0027522596806,26.4,0.7229089744817947,70.0,22.8,15,1.0446412510115652,0.8636363636363636,70.0,100.0,3.0,0.75,0.0,0.0,4,80.0,1.0,0.0,0.0,0.0,0.0,100.0,1.0,0.0,100.0,1.0,0.0
278,mixed_20,0,0,45.477177395966066,25.26509855331448,2200045.4771773964,550011.3692943491,3275.0,134.22131147540983,39301.07448334666,1610.69977390765,24.4,2.2066490141812336,50.0,22.2,10,2.893897881110871,0.9098360655737705,50.0,100.0,2.0,0.5,0.0,0.0,4,0.0,0.0,0.0,0.0,0.0,0.0,100.0,1.0,0.0,100.0,1.0,0.0
279,mixed_20,0,0,104.85115211952969,52.42557605976484,2000104.8511521197,500026.2127880299,3385.0,143.4322033898305,37300.47498469108,1580.528601046232,23.6,3.1790112136313695,52.459811072968705,22.0,12,4.821461834501933,0.9322033898305084,52.459811072968705,100.0,2.4,0.6,2.3421828960301356,0.0,4,0.0,0.0,0.0,9.83924429187482,0.4,9.368731584120543,100.0,1.0,0.0,100.0,1.0,0.0
280,mixed_20,0,0,28.42441024117486,14.21220512058743,2000028.4244102412,500007.1061025603,3495.0,151.95652173913044,35873.72434959502,1559.727145634566,23.0,4.626805037693121,50.0,22.0,10,5.685670341515792,0.9565217391304348,50.0,100.0,2.0,0.5,0.0,0.0,4,0.0,0.0,0.0,0.0,0.0,0.0,100.0,1.0,0.0,100.0,1.0,0.0
281,mixed_20,0,0,55.64178183277674,30.912101018209302,2200055.641781832,550013.910445458,3605.0,154.05982905982907,36822.436524744044,1573.608398493335,23.4,3.9468521965844543,50.0,22.2,10,5.198895245467631,0.9487179487179487,50.0,100.0,2.0,0.5,0.0,0.0,4,0.0,0.0,0.0,0.0,0.0,0.0,100.0,1.0,0.0,100.0,1.0,0.0
282,mixed_20,0,0,109.58597138058727,54.792985690293634,2000109.5859713808,500027.3964928452,3715.0,153.51239669421489,38629.50522092431,1596.2605463191862,24.2,1.514911854963284,52.72720930483047,22.2,11,2.2742843284853254,0.9173553719008265,52.72720930483047,100.0,2.2,0.55,2.29171996037485,0.0,4,10.908837219321867,0.2,9.1668798414994,0.0,0.0,0.0,100.0,1.0,0.0,100.0,1.0,0.0
283,mixed_20,0,0,47.66523395521884,23.83261697760942,2000047.6652339555,500011.9163084889,3825.0,159.375,38091.12392203529,1587.1301634181368,24.0,2.1676539676543323,50.0,22.0,10,2.2963204847786125,0.9166666666666666,50.0,100.0,2.0,0.5,0.0,0.0,4,0.0,0.0,0.0,0.0,0.0,0.0,100.0,1.0,0.0,100.0,1.0,0.0
284,mixed_20,0,0,52.03781491615611,28.909897175642282,2200052.037814916,550013.009453729,3935.0,161.2704918032787,39846.3840197235,1633.048525398504,24.4,3.547561759013683,52.62673857584218,22.2,11,4.707616106874533,0.9098360655737705,52.62673857584218,100.0,2.2,0.55,2.3793764851517936,0.0,4,10.50695430336873,0.2,9.517505940607174,0.0,0.0,0.0,100.0,1.0,0.0,100.0,1.0,0.0
285,mixed_20,0,0,99.36849828548522,62.10531142842826,2002571.5065430482,500642.87663576205,4045.6,161.824,38139.884827037386,1525.5953930814956,25.0,1.7176753153335607,52.62367576409815,22.4,11,2.4515089403851116,0.896,52.62367576409815,100.0,2.2,0.55,2.382154108188113,0.0,4,0.0,0.0,0.0,10.49470305639261,0.2,9.528616432752452,100.0,1.0,0.0,100.0,1.0,0.0
286,mixed_20,1,0,36.10394575282219,36.10394575282219,2424016.380014131,606004.0950035327,4161.2,166.448,38615.6299874501,1544.625199498004,25.0,0.6770808810630986,50.0,23.6,10,1.1858040999452542,0.944,50.0,100.0,2.0,0.5,0.0,0.0,4,0.0,0.0,0.0,0.0,0.0,0.0,100.0,1.0,0.0,100.0,1.0,0.0
287,mixed_20,1,1,24.321627799517486,24.321627799517486,3000024.3216277994,750006.0804069499,4281.0,171.24,38963.09135468564,1558.5236541874256,25.0,0.9973612579272702,50.80561578821289,24.0,12,1.73977583034732,0.96,50.80561578821289,100.0,2.4,0.6,2.2907653137343003,0.0,4,0.0,0.0,0.0,3.22246315285156,0.4,9.163061254937201,100.0,1.0,0.0,100.0,1.0,0.0
288,mixed_20,1,1,138.45285892328724,138.45285892328724,3014192.9001922715,753548.2250480679,4402.2,174.6904761904762,37678.30862125197,1495.1709770338084,25.2,0.07664968482049858,50.0,24.8,10,0.2951990765390977,0.9841269841269841,50.0,100.0,2.0,0.5,0.0,0.0,4,0.0,0.0,0.0,0.0,0.0,0.0,100.0,1.0,0.0,100.0,1.0,0.0
289,mixed_20,1,1,135.85658479163587,135.85658479163587,3035563.256090675,758890.8140226688,4527.0,174.1153846153846,40067.52880867828,1541.05880033378,26.0,0.21879222741974322,50.0,25.0,10,0.41648363646431574,0.9615384615384616,50.0,100.0,2.0,0.5,0.0,0.0,4,0.0,0.0,0.0,0.0,0.0,0.0,100.0,1.0,0.0,100.0,1.0,0.0
290,mixed_20,1,1,268.92432902170697,149.40240501205943,2200268.924329022,550067.2310822555,4652.0,172.2962962962963,42366.51346800261,1569.130128444541,27.0,0.6525035462807862,50.0,25.2,10,0.9661883558475589,0.9333333333333333,50.0,100.0,2.0,0.5,0.0,0.0,4,0.0,0.0,0.0,0.0,0.0,0.0,100.0,1.0,0.0,100.0,1.0,0.0
291,mixed_20,1,1,106.43930174780571,53.21965087390286,2000106.4393017478,500026.60982543696,4777.0,176.92592592592592,43289.734066344965,1603.3234839387026,27.0,1.2755762642063198,50.0,25.0,10,1.5934313529983073,0.9259259259259259,50.0,100.0,2.0,0.5,0.0,0.0,4,0.0,0.0,0.0,0.0,0.0,0.0,100.0,1.0,0.0,100.0,1.0,0.0
292,mixed_20,1,1,57.60467782557642,41.1461984468403,2618203.2563743126,654550.8140935781,4903.2,181.6,41268.612771108594,1528.4671396706888,27.0,0.8666785982052184,53.038399414409696,25.6,11,1.2526569760466462,0.9481481481481482,53.038399414409696,100.0,2.2,0.55,2.057004082596645,0.0,4,12.153597657638784,0.2,8.22801633038658,0.0,0.0,0.0,100.0,1.0,0.0,100.0,1.0,0.0
293,mixed_20,1,1,373.762177947734,311.4684816231117,2402489.4556593946,600622.3639148487,4474.0,165.7037037037037,40929.593021985536,1515.9108526661312,27.0,0.32195190403861346,60.96424597164969,24.6,14,0.7530023418050245,0.9111111111111111,60.96424597164969,100.0,2.8,0.7,1.6627038710128927,0.0,4,0.0,0.0,0.0,63.856983886598755,0.8,6.650815484051571,100.0,1.0,0.0,80.0,1.0,0.0
294,mixed_20,0,1,486.5763626729091,162.1921208909697,1000486.576362673,250121.64409066824,3452.6,134.8671875,40937.01514547825,1599.1021541202442,25.6,0.6105442070246394,52.5435659641721,18.6,12,0.5599568554224621,0.7265625,52.5435659641721,100.0,2.4,0.6,0.5491526919850153,0.0,4,0.0,0.0,0.0,60.0,0.8,0.0,100.0,1.0,0.0,50.17426385668841,0.6,2.196610767940061
295,mixed_20,0,0,277.9265836398755,92.64219454662516,800494.4735720603,200123.6183930151,2557.0,106.54166666666667,37646.85049818198,1568.6187707575823,24.0,1.7791772498253278,50.0,15.8,10,2.9770917249938087,0.6583333333333333,50.0,100.0,2.0,0.5,0.0,0.0,4,0.0,0.0,0.0,0.0,0.0,0.0,100.0,1.0,0.0,100.0,1.0,0.0
296,mixed_20,0,0,753.9649005150403,198.41181592501061,200753.964900515,50188.49122512875,1295.2,53.96666666666667,37711.789394870255,1571.324558119594,24.0,1.655645191962119,30.71036944410025,14.0,8,1.8686861276315623,0.5833333333333334,30.71036944410025,100.0,1.6,0.4,0.42108703405232484,0.0,4,0.0,0.0,0.0,0.0,0.0,0.0,22.841477776401007,0.6,1.6843481362092994,100.0,1.0,0.0
297,mixed_20,0,0,196.07012741831034,65.35670913943677,8074.11378563502,2018.528446408755,427.4,17.808333333333334,38398.491527744576,1599.9371469893572,24.0,3.254723058932246,50.21287644866675,15.2,11,3.289386679821994,0.6333333333333333,50.21287644866675,100.0,2.2,0.55,2.264279393898324,0.0,4,0.8515057946669913,0.2,9.057117575593296,0.0,0.0,0.0,100.0,1.0,0.0,100.0,1.0,0.0
298,mixed_20,0,0,213.16064901660985,71.05354967220329,1153715.557026913,288428.88925672823,169.4,7.239316239316239,37169.18718910942,1588.426802953394,23.4,5.1007977442845185,50.0,16.6,11,5.246362853860997,0.7094017094017094,50.0,100.0,2.2,0.55,0.0,0.0,4,0.0,0.2,0.0,0.0,0.0,0.0,100.0,1.0,0.0,100.0,1.0,0.0
299,mixed_20,0,0,87.43866400231667,39.7448472737803,4515222.210296875,1128805.5525742187,264.2,11.794642857142858,34124.72599088501,1523.4252674502238,22.4,6.543940278803862,52.67358928656563,20.4,11,6.612994425887517,0.9107142857142857,52.67358928656563,100.0,2.2,0.55,2.3376814200315947,0.0,4,0.0,0.0,0.0,10.694357146262519,0.2,9.350725680126379,100.0,1.0,0.0,100.0,1.0,0.0
300,mixed_20,0,0,61.19592828445061,33.997737935805894,5168876.526225413,1292219.1315563533,372.0,16.31578947368421,35039.44660944825,1536.8178337477302,22.8,4.368418367953266,50.0,22.2,10,6.254179246076735,0.9736842105263158,50.0,100.0,2.0,0.5,0.0,0.0,4,0.0,0.0,0.0,0.0,0.0,0.0,100.0,1.0,0.0,100.0,1.0,0.0
301,mixed_20,0,0,101.29716002963302,56.27620001646279,6437459.952081478,1609364.9880203696,482.0,20.083333333333332,37930.5350715191,1580.438961313296,24.0,1.3094285706406033,50.0,22.2,10,1.7807732322309122,0.925,50.0,100.0,2.0,0.5,0.0,0.0,4,0.0,0.0,0.0,0.0,0.0,0.0,100.0,1.0,0.0,100.0,1.0,0.0
302,mixed_20,1,0,37.18622141439198,18.59311070719599,2906874.015855272,726718.503963818,592.0,24.666666666666668,38475.537257343145,1603.147385722631,24.0,2.8438298011423333,50.0,22.0,10,3.0749002041469358,0.9166666666666666,50.0,100.0,2.0,0.5,0.0,0.0,4,0.0,0.0,0.0,0.0,0.0,0.0,100.0,1.0,0.0,100.0,1.0,0.0
303,mixed_20,1,1,25.620152097517774,14.233417831954318,2000755.7094117794,500188.92735294485,702.2,29.258333333333333,37292.90702579673,1553.871126074864,24.0,3.233119145419272,52.66541916482652,22.2,11,3.7203394054257872,0.925,52.66541916482652,100.0,2.2,0.55,2.344846950332028,0.0,4,10.661676659306067,0.2,9.379387801328113,0.0,0.0,0.0,100.0,1.0,0.0,100.0,1.0,0.0
304,mixed_20,1,1,13.069303662840545,13.069303662840545,2135991.2436181703,533997.8109045426,816.2,34.00833333333333,36069.71694948552,1502.9048728952298,24.0,1.4020859414598843,52.80336224059852,23.2,11,2.977961065779604,0.9666666666666667,52.80336224059852,100.0,2.2,0.55,2.22946571423664,0.0,4,0.0,0.0,0.0,11.213448962394068,0.2,8.91786285694656,100.0,1.0,0.0,100.0,1.0,0.0
305,mixed_20,1,1,170.46370742119615,170.46370742119615,2812316.834611663,703079.2086529158,935.0,37.1031746031746,38775.440150756185,1538.7079424903247,25.2,0.11191599459066248,50.0,24.4,10,0.2506697546445578,0.9682539682539683,50.0,100.0,2.0,0.5,0.0,0.0,4,0.0,0.0,0.0,0.0,0.0,0.0,100.0,1.0,0.0,100.0,1.0,0.0
306,mixed_20,1,1,139.69706123859055,69.84853061929527,2000139.6970612388,500034.9242653097,1055.0,40.57692307692308,41137.61831047948,1582.2160888645956,26.0,0.8195674273418263,50.0,24.0,10,0.9175440821266594,0.9230769230769231,50.0,100.0,2.0,0.5,0.0,0.0,4,0.0,0.0,0.0,0.0,0.0,0.0,100.0,1.0,0.0,100.0,1.0,0.0
307,mixed_20,1,1,63.635352962411424,31.817676481205712,2000063.6353529624,500015.9088382406,1175.0,45.19230769230769,41873.970321293324,1610.5373200497434,26.0,1.5725306833861394,50.0,24.0,10,1.6321301222112623,0.9230769230769231,50.0,100.0,2.0,0.5,0.0,0.0,4,0.0,0.0,0.0,0.0,0.0,0.0,100.0,1.0,0.0,100.0,1.0,0.0
308,mixed_20,1,1,139.97143636859545,77.76190909366413,2008090.0804756351,502022.5201189088,1295.2,49.43511450381679,40224.6895037021,1535.2934925077138,26.2,1.5120077750993033,54.633841403870065,24.4,13,1.933449022240362,0.9312977099236641,54.633841403870065,100.0,2.6,0.65,4.559323692924533,0.0,4,7.145127923040491,0.4,9.457846730295568,11.390237692439769,0.2,8.779448041402565,100.0,1.0,0.0,100.0,1.0,0.0
309,mixed_20,0,1,195.10609239241802,97.55304619620901,2000195.1060923927,500048.7765230982,1362.4,53.63779527559055,39584.36592010115,1558.4396031535885,25.4,0.7299022851489205,50.0,22.2,10,0.895115783032928,0.8740157480314961,50.0,100.0,2.0,0.5,0.0,0.0,4,0.0,0.0,0.0,0.0,0.0,0.0,100.0,1.0,0.0,100.0,1.0,0.0
310,mixed_20,0,0,29.687842062078527,14.843921031039264,2000029.6878420622,500007.42196051555,1472.0,64.0,35753.779897692926,1554.51216946491,23.0,4.555625547030941,50.0,22.0,10,5.683212281759862,0.9565217391304348,50.0,100.0,2.0,0.5,0.0,0.0,4,0.0,0.0,0.0,0.0,0.0,0.0,100.0,1.0,0.0,100.0,1.0,0.0
311,mixed_20,0,0,19.107822657740574,10.615457032078096,2200019.107822658,550004.7769556645,1582.0,68.1896551724138,36494.203218456765,1573.0260007955503,23.2,4.569015100902877,50.0,22.2,10,5.541214900606693,0.9568965517241379,50.0,100.0,2.0,0.5,0.0,0.0,4,0.0,0.0,0.0,0.0,0.0,0.0,100.0,1.0,0.0,100.0,1.0,0.0
312,mixed_20,0,0,88.91650356108525,44.458251780542625,2000088.9165035612,500022.2291258903,1692.0,72.3076923076923,36723.11494201578,1569.363886410931,23.4,3.407522462009453,52.56697346691453,22.0,12,5.1382967457521325,0.9401709401709402,52.56697346691453,100.0,2.4,0.6,2.1854336382355544,0.0,4,10.267893867658131,0.4,8.741734552942217,0.0,0.0,0.0,100.0,1.0,0.0,100.0,1.0,0.0
313,mixed_20,0,0,28.7911734835751,14.39558674178755,2000028.7911734842,500007.19779337104,1802.0,78.34782608695652,35842.14824236632,1558.3542714072312,23.0,4.608359287348576,50.0,22.0,10,5.685513401650902,0.9565217391304348,50.0,100.0,2.0,0.5,0.0,0.0,4,0.0,0.0,0.0,0.0,0.0,0.0,100.0,1.0,0.0,100.0,1.0,0.0
314,mixed_20,0,0,18.63014672897345,10.350081516096362,2200018.6301467293,550004.6575366823,1912.0,82.41379310344827,36590.04548602754,1577.1571330184286,23.2,4.6334661826556545,50.0,22.2,10,5.57374990498369,0.9568965517241379,50.0,100.0,2.0,0.5,0.0,0.0,4,0.0,0.0,0.0,0.0,0.0,0.0,100.0,1.0,0.0,100.0,1.0,0.0
315,mixed_20,0,0,125.39393234208634,69.66329574560352,2200125.393932342,550031.3484830855,2022.0,84.25,37993.24408319064,1583.0518367996099,24.0,1.5333508971519767,52.683386765166915,22.2,11,2.850400727348861,0.925,52.683386765166915,100.0,2.2,0.55,2.329146167496742,0.0,4,0.0,0.0,0.0,10.73354706066766,0.2,9.316584669986968,100.0,1.0,0.0,100.0,1.0,0.0
316,mixed_20,0,0,57.10024412585527,28.550122062927635,2000057.1002441258,500014.27506103145,2132.0,88.83333333333333,38141.586988039875,1589.232791168328,24.0,1.9521031456813212,50.0,22.0,10,2.20102272129414,0.9166666666666666,50.0,100.0,2.0,0.5,0.0,0.0,4,0.0,0.0,0.0,0.0,0.0,0.0,100.0,1.0,0.0,100.0,1.0,0.0
317,mixed_20,0,0,30.331494622725728,15.165747311362864,2000030.3314946226,500007.58287365566,2242.0,93.41666666666667,38916.01718390431,1621.5007159960128,24.0,3.418359668990597,52.61204610318032,22.0,11,3.6485582908156577,0.9166666666666666,52.61204610318032,100.0,2.2,0.55,2.3927602167474227,0.0,4,10.448184412721275,0.2,9.57104086698969,0.0,0.0,0.0,100.0,1.0,0.0,100.0,1.0,0.0
318,mixed_20,1,0,18.29917085708347,13.070836326488195,2041206.9131660708,510301.7282915177,2353.2,98.05,37112.33915653804,1546.3474648557517,24.0,2.7354847203863875,51.707184730979634,22.6,12,3.8398398888337018,0.9416666666666667,51.707184730979634,100.0,2.4,0.6,2.2759451896185054,0.0,4,0.0,0.0,0.0,6.828738923918536,0.4,9.103780758474022,100.0,1.0,0.0,100.0,1.0,0.0
319,mixed_20,1,1,245.7401228277814,175.52865916270102,2231022.516203801,557755.6290509503,2468.6,98.744,37750.789469937525,1510.031578797501,25.0,0.45627768835029486,50.0,23.6,10,1.1342958485027324,0.944,50.0,100.0,2.0,0.5,0.0,0.0,4,0.0,0.0,0.0,0.0,0.0,0.0,100.0,1.0,0.0,100.0,1.0,0.0
320,mixed_20,1,1,48.03409641882748,48.03409641882748,2488101.4298323123,622025.3574580781,2588.0,103.52,38896.63646744965,1555.865458697986,25.0,0.5188081520740193,50.0,24.0,10,0.9199337545365439,0.96,50.0,100.0,2.0,0.5,0.0,0.0,4,0.0,0.0,0.0,0.0,0.0,0.0,100.0,1.0,0.0,100.0,1.0,0.0
321,mixed_20,1,1,27.031172171118914,27.031172171118914,3000027.0311721712,750006.7577930428,2708.0,107.46031746031746,39641.30611103714,1573.0677028189343,25.2,0.9003084767307152,50.0,24.2,10,1.573816983151471,0.9603174603174603,50.0,100.0,2.0,0.5,0.0,0.0,4,0.0,0.0,0.0,0.0,0.0,0.0,100.0,1.0,0.0,100.0,1.0,0.0
322,mixed_20,1,1,178.95001863389479,111.84376164618423,2002026.5603617865,500506.6400904466,2828.6,108.79230769230769,39511.1513460749,1519.6596671567268,26.0,0.7081906323660062,50.389562083065584,24.4,12,1.244205541397711,0.9384615384615385,50.389562083065584,100.0,2.4,0.6,2.251495144027285,0.0,4,1.5582483322623375,0.4,9.00598057610914,0.0,0.0,0.0,100.0,1.0,0.0,100.0,1.0,0.0
323,mixed_20,1,1,40.29784301957618,40.29784301957618,2656477.779586412,664119.444896603,2953.0,113.57692307692308,40499.83243559599,1557.685862907538,26.0,0.617377359495616,50.0,25.0,10,1.0915908830219365,0.9615384615384616,50.0,100.0,2.0,0.5,0.0,0.0,4,0.0,0.0,0.0,0.0,0.0,0.0,100.0,1.0,0.0,100.0,1.0,0.0
324,mixed_20,1,1,24.11586796023729,24.11586796023729,3000024.1158679603,750006.0289669901,3078.0,118.38461538461539,40976.98441472257,1576.0378621047141,26.0,1.0073337387549692,51.41389468584748,25.0,11,1.7583742656958163,0.9615384615384616,51.41389468584748,100.0,2.2,0.55,2.3109076013555754,0.0,4,0.0,0.0,0.0,5.655578743389924,0.2,9.243630405422302,100.0,1.0,0.0,100.0,1.0,0.0
325,mixed_20,1,1,23.681283120043794,23.681283120043794,3025233.0268257256,756308.2567064314,3204.2,121.37121212121212,39245.626975488194,1486.5767793745526,26.4,0.22205482201243795,50.0,26.0,11,0.7484632029995018,0.9848484848484849,50.0,100.0,2.2,0.55,0.0,0.0,4,0.0,0.0,0.0,0.0,0.2,0.0,100.0,1.0,0.0,100.0,1.0,0.0
326,mixed_20,2,1,998.3143770135806,311.97324281674395,2751.859754318739,687.9649385796847,2415.4,86.26428571428572,45445.15766017536,1623.041345006263,28.0,0.3831305938884023,35.0,20.6,9,0.33126756863754475,0.7357142857142858,35.0,80.0,1.8,0.45,0.0,0.0,4,0.0,0.0,0.0,0.0,0.0,0.0,80.0,1.0,0.0,60.0,0.8,0.0
327,mixed_20,2,2,358.98260975908886,89.74565243977221,358.98260975908886,89.74565243977221,1207.8,46.099236641221374,46823.51376864298,1787.157014070343,26.2,1.2756669577745554,15.181050983219393,13.4,6,0.5396342757533968,0.5114503816793893,15.181050983219393,39.633909012986805,1.2,0.3,0.9607523334835324,0.0,4,0.0,0.0,0.0,0.0,0.0,0.0,39.633909012986805,0.6,2.1837182572404736,21.090294919890766,0.6,1.6592910766936562
328,mixed_20,2,2,172.70849039097723,43.17712259774431,172.70849039097723,43.17712259774431,240.6,10.552631578947368,43896.268475847035,1925.2749331511857,22.8,2.266475974553286,20.64074527157686,5.8,10,0.5182155311642881,0.2543859649122807,20.64074527157686,43.309480967004674,2.0,0.5,4.756654979961636,3.842025677694667,4,7.972669293999388,0.2,5.818527759507586,8.81811490826749,0.2,5.3687727323082335,43.309480967004674,1.0,3.842025677694667,22.462715917035894,0.6,3.997293750336058
329,mixed_20,2,2,431.86271616229897,154.2366843436782,271970.86370721925,67992.71592680481,165.2,8.178217821782178,39783.456984533594,1969.4780685412668,20.2,1.8439873521000176,57.62240675576095,6.0,17,1.7510068122498625,0.297029702970297,57.62240675576095,100.0,3.4,0.85,2.7389236574384994,0.0,4,100.0,1.0,0.0,100.0,1.0,0.0,19.5395236686727,0.8,5.822294514960655,10.950103354371095,0.6,5.133400114793343
330,mixed_20,2,2,251.1542763264837,83.7180921088279,1246334.4435133897,311583.6108783474,197.2,9.48076923076923,37165.69389503133,1786.8122064918907,20.8,2.043548552688155,70.22931543977961,7.8,17,1.8810890487668868,0.375,70.22931543977961,100.0,3.4000000000000004,0.8500000000000001,3.1827154795123658,0.0,4,100.0,1.0,0.0,100.0,1.0,0.0,23.205328479666605,0.6,6.149305341558332,57.71193327945184,0.8,6.581556576491131
331,mixed_20,2,2,304.71541980541787,95.22356868919307,800304.7154198055,200076.17885495137,246.4,10.71304347826087,35714.752393251314,1552.8153214457093,23.0,1.1021786378144804,100.0,12.4,20,0.7410509430429933,0.5391304347826087,100.0,100.0,4.0,1.0,0.0,0.0,4,100.0,1.0,0.0,100.0,1.0,0.0,100.0,1.0,0.0,100.0,1.0,0.0
332,mixed_20,2,2,490.88935749337514,122.72233937334379,490.88935749337514,122.72233937334379,324.6,12.779527559055119,40531.75890403541,1595.738539528953,25.4,0.9620928877331121,100.0,18.2,20,0.4605748544938836,0.7165354330708661,100.0,100.0,4.0,1.0,0.0,0.0,4,100.0,1.0,0.0,100.0,1.0,0.0,100.0,1.0,0.0,100.0,1.0,0.0
333,mixed_20,0,2,846.6102659502328,211.6525664875582,846.6102659502328,211.6525664875582,172.8,6.6976744186046515,41656.42020344091,1614.5899303659266,25.8,0.9878232499657781,85.0,17.0,19,0.8865297311805246,0.6589147286821705,85.0,100.0,3.8,0.95,0.0,0.0,4,80.0,1.0,0.0,60.0,0.8,0.0,100.0,1.0,0.0,100.0,1.0,0.0
334,mixed_20,0,0,572.7803847350228,143.1950961837557,572.7803847350228,143.1950961837557,219.4,8.637795275590552,42252.41098657013,1663.4807475027612,25.4,2.338252371522343,59.60667371529553,17.8,14,2.318243118955961,0.7007874015748031,59.60667371529553,100.0,2.8,0.7,2.407619356293127,0.0,4,25.460887626891235,0.6,1.9178839712509976,12.965807234290878,0.2,7.712593453921511,100.0,1.0,0.0,100.0,1.0,0.0
335,mixed_20,0,0,493.4488658858607,176.23173781637882,431464.5866026933,107866.14665067333,315.2,13.586206896551724,34360.602991118896,1481.060473755125,23.2,3.8905146477843067,50.0,20.6,10,5.378939117356149,0.8879310344827587,50.0,100.0,2.0,0.5,0.0,0.0,4,0.0,0.0,0.0,0.0,0.0,0.0,100.0,1.0,0.0,100.0,1.0,0.0
336,mixed_20,0,0,58.98714640393818,29.49357320196909,1753603.283507061,438400.82087676524,423.0,18.391304347826086,35568.38962844638,1546.4517229759294,23.0,4.036923261132271,50.0,22.0,10,5.77964990294887,0.9565217391304348,50.0,100.0,2.0,0.5,0.0,0.0,4,0.0,0.0,0.0,0.0,0.0,0.0,100.0,1.0,0.0,100.0,1.0,0.0
337,mixed_20,0,0,81.9592736636794,45.53292981315522,3271856.1895584594,817964.0473896149,533.0,22.208333333333332,38015.96621643235,1583.9985923513482,24.0,1.6345351648570143,50.0,22.2,10,2.2572216754835126,0.925,50.0,100.0,2.0,0.5,0.0,0.0,4,0.0,0.0,0.0,0.0,0.0,0.0,100.0,1.0,0.0,100.0,1.0,0.0
338,mixed_20,0,0,35.19326774259095,17.596633871295474,2000035.1932677426,500008.79831693566,643.0,26.791666666666668,38686.99215602881,1611.9580065012005,24.0,3.108177290624007,52.688762851171305,22.0,11,3.446380372037652,0.9166666666666666,52.688762851171305,100.0,2.2,0.55,2.3244891223029636,0.0,4,10.755051404685219,0.2,9.297956489211854,0.0,0.0,0.0,100.0,1.0,0.0,100.0,1.0,0.0
339,mixed_20,0,0,20.44395280922002,10.22197640461001,2000020.4439528093,500005.11098820233,753.0,32.456896551724135,37012.66907955081,1595.3736672220177,23.2,5.1517035176064825,50.0,22.0,10,5.592585912718074,0.9482758620689655,50.0,100.0,2.0,0.5,0.0,0.0,4,0.0,0.0,0.0,0.0,0.0,0.0,100.0,1.0,0.0,100.0,1.0,0.0
