step,control_mode,phase,prev_phase,TotalTravelTime,AvgTravelTime,TotalTravelTime_Raw,AvgTravelTime_Raw,TotalWaitingTime,AvgWaitingTime,TotalCO2,AvgCO2,VehCount,AvgSpeed,AvgOccupancy,QueueLength,Throughput,SpeedStd,HaltRatio,det_occ_mean,det_occ_max,det_veh_sum,det_veh_mean,det_speed_mean,det_speed_min,n_detectors,d0_occ,d0_veh,d0_speed,d1_occ,d1_veh,d1_speed,d2_occ,d2_veh,d2_speed,d3_occ,d3_veh,d3_speed,d4_occ,d4_veh,d4_speed,d5_occ,d5_veh,d5_speed,d6_occ,d6_veh,d6_speed
0,actuated,0,0,302.69078398471424,45.86223999768398,6429.120826395219,918.4458323421742,26.6,2.015151515151515,22911.747173079995,1735.7384222030298,13.2,3.113488215307614,1.245265489934338,4.6,2,2.728528222179968,0.3484848484848485,1.245265489934338,8.716858429540366,0.4,0.05714285714285715,1.1984023132095378,0.0,7,8.716858429540366,0.4,8.388816192466765,0.0,0.0,0.0,0.0,0.0,0.0,0.0,0.0,0.0,0.0,0.0,0.0,0.0,0.0,0.0,0.0,0.0,0.0
1,actuated,0,0,313.0912929757088,52.18188216261814,601595.3884340506,85942.19834772151,41.6,3.3015873015873014,21130.5524346774,1677.027971006143,12.6,2.7149469353140834,4.349986022984069,4.6,5,1.9299656225045703,0.36507936507936506,4.349986022984069,13.594360409584567,1.0,0.14285714285714285,3.5695710374102694,0.0,7,0.0,0.0,0.0,0.0,0.0,0.0,0.0,0.0,0.0,5.330251902000782,0.4,9.009832465834913,11.525289849303135,0.2,8.676571375430216,13.594360409584567,0.4,7.300593420606757,0.0,0.0,0.0
2,actuated,0,0,507.4326957463442,81.84398318489423,800507.4326957462,114358.20467082088,65.0,4.924242424242424,23633.352699794454,1790.405507560186,13.2,2.7944371114431346,1.453665067795831,6.0,2,3.133959833299285,0.45454545454545453,1.453665067795831,10.175655474570817,0.4,0.05714285714285715,0.6500822675595327,0.0,7,0.0,0.0,0.0,0.0,0.0,0.0,0.0,0.0,0.0,0.0,0.0,0.0,0.0,0.0,0.0,0.0,0.0,0.0,10.175655474570817,0.4,4.5505758729167285
3,actuated,0,0,463.46269547242537,68.1562787459449,1519.877729677548,217.1253899539354,90.8,6.878787878787879,23598.628489074297,1787.7748855359316,13.2,4.578546368054111,4.067584932409878,6.6,4,4.433543352545788,0.5,4.067584932409878,11.44470308299077,0.8,0.1142857142857143,3.720713625941405,0.0,7,0.0,0.0,0.0,8.311297206784616,0.4,8.537133622821418,11.44470308299077,0.2,8.737666610907624,8.717094237093761,0.2,8.770195147860795,0.0,0.0,0.0,0.0,0.0,0.0,0.0,0.0,0.0
4,actuated,0,0,619.8370890945064,93.91471046886461,400619.83708909445,57231.40529844206,129.6,8.64,25567.6572132579,1704.51048088386,15.0,3.1454859342901638,1.637041917319339,9.0,2,4.222467233792477,0.6,1.637041917319339,11.459293421235373,0.4,0.05714285714285715,1.246648790687324,0.0,7,0.0,0.0,0.0,0.0,0.0,0.0,0.0,0.0,0.0,0.0,0.2,0.0,0.0,0.0,0.0,11.459293421235373,0.2,8.726541534811268,0.0,0.0,0.0
5,actuated,0,0,468.3811806967204,73.18455948386256,107990.72724868878,15427.246749812683,174.6,10.777777777777779,27269.68253948564,1683.3137370052864,16.2,1.7463103169053364,6.9285622652605685,9.6,4,1.0438666930251639,0.5925925925925926,6.9285622652605685,27.767366610280533,0.8,0.1142857142857143,1.521831923856997,0.0,7,27.767366610280533,0.4,5.922233276130155,0.0,0.0,0.0,0.0,0.0,0.0,0.0,0.0,0.0,0.0,0.0,0.0,0.0,0.0,0.0,20.73256924654345,0.4,4.730590190868825
6,actuated,0,0,470.1090379931291,90.4055842294479,1058887.3968927427,151269.62812753467,229.0,13.160919540229886,30763.68949466838,1768.028131877493,17.4,2.4472498305210997,30.677478847264137,12.0,11,2.499088289393068,0.6896551724137931,30.677478847264133,100.0,2.2,0.31428571428571433,0.650322026621929,0.0,7,100.0,1.0,0.0,14.74235193084894,0.2,4.552254186353503,0.0,0.0,0.0,0.0,0.0,0.0,0.0,0.0,0.0,0.0,0.0,0.0,100.0,1.0,0.0
7,actuated,0,0,849.3725782000131,146.4435479655195,1001231.8752701549,143033.12503859357,291.2,15.010309278350515,31808.507371850625,1639.613782054156,19.4,2.595997133627268,54.348518220767964,13.4,23,3.2757121126292685,0.6907216494845361,54.348518220767964,100.0,4.6,0.6571428571428571,3.081088158197612,0.0,7,100.0,1.0,0.0,100.0,1.0,0.0,4.95655386007229,0.4,8.541413216851652,75.16067148161824,0.8,4.418354761335381,0.32240220368521477,0.4,8.607849129196254,0.0,0.0,0.0,100.0,1.0,0.0
8,actuated,0,0,485.12686004904845,105.46236088022793,1161397.4930565532,165913.9275795076,364.0,17.333333333333332,33601.29113073102,1600.0614824157628,21.0,0.7734312192030923,57.142857142857146,16.2,20,0.7161594440799384,0.7714285714285715,57.142857142857146,100.0,4.0,0.5714285714285714,0.0,0.0,7,100.0,1.0,0.0,100.0,1.0,0.0,0.0,0.0,0.0,100.0,1.0,0.0,0.0,0.0,0.0,0.0,0.0,0.0,100.0,1.0,0.0
9,actuated,15,0,713.1038686828177,118.85064478046962,963205.2661257135,137600.75230367336,247.6,10.859649122807017,39512.957964598114,1733.0244721314962,22.8,1.145282412970359,52.039625099061645,11.8,22,0.7757007141524735,0.5175438596491229,52.039625099061645,100.0,4.4,0.6285714285714287,0.9573670139061312,0.0,7,60.0,0.8,0.0,100.0,1.0,0.0,0.0,0.0,0.0,100.0,1.0,0.0,20.0,0.2,0.2565095157350945,24.27737569343151,0.6,6.445059581607825,60.0,0.8,0.0
10,actuated,15,15,379.38050656298657,67.74651902910475,1003974.2363906689,143424.8909129527,273.4,12.315315315315315,37913.502062477455,1707.8154082197052,22.2,1.5501264815955569,41.34968501299535,12.2,17,1.3334249713048172,0.5495495495495496,41.34968501299535,100.0,3.4000000000000004,0.48571428571428577,0.31841344781742215,0.0,7,0.0,0.0,0.0,100.0,1.0,0.0,0.0,0.0,0.0,100.0,1.0,0.0,20.0,0.4,0.0,0.0,0.2,0.0,69.44779509096747,0.8,2.228894134721955
11,actuated,15,15,657.7610699514083,113.40708102610489,630788.2804912084,90112.61149874407,347.6,15.24561403508772,37690.827600002245,1653.106473684309,22.8,2.019469769431854,47.92778551013515,16.6,18,2.5257155999649115,0.7280701754385965,47.927785510135145,100.0,3.6,0.5142857142857143,2.1942998131393963,0.0,7,10.480042692306029,0.2,9.06060541588813,100.0,1.0,0.0,0.0,0.0,0.0,100.0,1.0,0.0,25.01445587863998,0.4,6.299493276087643,0.0,0.0,0.0,100.0,1.0,0.0
12,actuated,15,15,642.1581459061529,128.43162918123056,166917.30015793585,23845.328593990835,436.4,18.810344827586206,37314.06881608224,1608.3650351759586,23.2,2.5398913385725006,62.543805661895256,18.8,23,4.418736404976006,0.8103448275862069,62.54380566189525,100.0,4.6,0.6571428571428571,0.6329842374245637,0.0,7,0.0,0.2,0.0,100.0,1.0,0.0,0.0,0.0,0.0,100.0,1.0,0.0,100.0,1.0,0.0,37.80663963326674,0.4,4.430889661971945,100.0,1.0,0.0
13,actuated,15,15,865.3866581927838,188.12753438973562,1861401.1084195883,265914.44405994116,535.0,20.576923076923077,44030.06597062338,1693.4640757932068,26.0,0.9814878450648771,72.2005263248887,20.8,26,1.4010224972504879,0.8,72.20052632488871,100.0,5.2,0.7428571428571429,1.202254644386193,0.0,7,0.0,0.0,0.0,100.0,1.0,0.0,5.40368427422095,0.2,8.415782510703352,100.0,1.0,0.0,100.0,1.0,0.0,100.0,1.0,0.0,100.0,1.0,0.0
14,actuated,15,15,819.6534832855068,136.6089138809178,404286.42929109855,57755.20418444265,635.8,22.23076923076923,45352.23777233032,1585.742579452109,28.6,1.2209731050274284,79.48835472127298,21.0,29,1.442748464026123,0.7342657342657343,79.48835472127298,100.0,5.8,0.8285714285714285,0.5739778205379807,0.0,7,0.0,0.0,0.0,100.0,1.0,0.0,56.41848304891084,0.8,4.017844743765865,100.0,1.0,0.0,100.0,1.0,0.0,100.0,1.0,0.0,100.0,1.0,0.0
15,actuated,15,15,640.5310571199051,100.08297767498516,48531.827890076405,6933.118270010915,747.0,25.06711409395973,50969.21067858827,1710.376197268063,29.8,1.7849945784005785,85.71428571428571,23.2,30,2.2029709992342608,0.7785234899328859,85.71428571428571,100.0,6.0,0.8571428571428571,0.0,0.0,7,0.0,0.0,0.0,100.0,1.0,0.0,100.0,1.0,0.0,100.0,1.0,0.0,100.0,1.0,0.0,100.0,1.0,0.0,100.0,1.0,0.0
16,actuated,15,15,916.0068600685696,143.126071885714,91433.94426014363,13061.992037163376,864.4,27.705128205128204,49757.07662220484,1594.77809686554,31.2,2.4846481316606464,87.34558690534105,25.0,31,4.028839755257133,0.8012820512820513,87.34558690534105,100.0,6.2,0.8857142857142858,1.2510358833308708,0.0,7,11.419108337387343,0.2,8.757251183316095,100.0,1.0,0.0,100.0,1.0,0.0,100.0,1.0,0.0,100.0,1.0,0.0,100.0,1.0,0.0,100.0,1.0,0.0
17,actuated,15,15,889.0170225898925,170.96481203651777,272753.54615066026,38964.79230723718,995.0,31.09375,49035.85752288076,1532.3705475900238,32.0,2.3701016674538278,85.71428571428571,27.2,30,4.716929033862878,0.85,85.71428571428571,100.0,6.0,0.8571428571428571,0.0,0.0,7,0.0,0.0,0.0,100.0,1.0,0.0,100.0,1.0,0.0,100.0,1.0,0.0,100.0,1.0,0.0,100.0,1.0,0.0,100.0,1.0,0.0
18,actuated,15,15,380.84645287534073,95.21161321883518,3211860.1536044725,458837.1648006389,1138.0,34.9079754601227,51165.529253203174,1569.4947623681956,32.6,2.3911258881361297,85.71428571428571,29.4,30,4.7193157997566635,0.901840490797546,85.71428571428571,100.0,6.0,0.8571428571428571,0.0,0.0,7,0.0,0.0,0.0,100.0,1.0,0.0,100.0,1.0,0.0,100.0,1.0,0.0,100.0,1.0,0.0,100.0,1.0,0.0,100.0,1.0,0.0
19,actuated,15,15,1424.1904932494706,284.8380986498941,434039.35161646886,62005.621659495555,1285.2,36.30508474576271,54931.94140904312,1551.7497573176022,35.4,2.207514047270245,85.71428571428571,30.6,30,4.775027597318553,0.864406779661017,85.71428571428571,100.0,6.0,0.8571428571428571,0.0,0.0,7,0.0,0.0,0.0,100.0,1.0,0.0,100.0,1.0,0.0,100.0,1.0,0.0,100.0,1.0,0.0,100.0,1.0,0.0,100.0,1.0,0.0
20,actuated,15,15,962.6851012095424,171.90805378741828,1625761.6112584956,232251.65875121366,1440.4,38.51336898395722,59417.17814080054,1588.6946026952016,37.4,1.6047478264134234,85.71428571428571,32.0,30,3.775036654621937,0.8556149732620321,85.71428571428571,100.0,6.0,0.8571428571428571,0.0,0.0,7,0.0,0.0,0.0,100.0,1.0,0.0,100.0,1.0,0.0,100.0,1.0,0.0,100.0,1.0,0.0,100.0,1.0,0.0,100.0,1.0,0.0
21,actuated,15,15,830.9390532467203,166.18781064934404,1469780.096471442,209968.585210206,1604.0,41.34020618556701,61118.22574177608,1575.2120036540227,38.8,0.8221512638797599,85.71428571428571,33.2,30,0.9539631446616692,0.8556701030927835,85.71428571428571,100.0,6.0,0.8571428571428571,0.0,0.0,7,0.0,0.0,0.0,100.0,1.0,0.0,100.0,1.0,0.0,100.0,1.0,0.0,100.0,1.0,0.0,100.0,1.0,0.0,100.0,1.0,0.0
22,actuated,15,15,1201.5434599595278,273.0780590817108,468576.1040462026,66939.44343517181,1776.2,42.69711538461539,65273.1435383716,1569.065950441625,41.6,1.037765476317935,85.71428571428571,36.4,30,2.039398618962786,0.875,85.71428571428571,100.0,6.0,0.8571428571428571,0.0,0.0,7,0.0,0.0,0.0,100.0,1.0,0.0,100.0,1.0,0.0,100.0,1.0,0.0,100.0,1.0,0.0,100.0,1.0,0.0,100.0,1.0,0.0
23,actuated,15,15,575.5295324500355,137.03084105953226,2902437.5422362997,414633.9346051857,1962.0,46.714285714285715,66700.91487939954,1588.1170209380844,42.0,1.6660313692257713,87.27093699047722,38.0,31,3.4608635512795134,0.9047619047619048,87.27093699047722,100.0,6.2,0.8857142857142858,1.3110298740278308,0.0,7,10.896558933340543,0.2,9.177209118194815,100.0,1.0,0.0,100.0,1.0,0.0,100.0,1.0,0.0,100.0,1.0,0.0,100.0,1.0,0.0,100.0,1.0,0.0
24,actuated,15,15,985.2544317997124,214.18574604341575,2928293.0805249372,418327.58293213387,2152.4,50.055813953488375,66659.31389056715,1550.2166021062128,43.0,2.3119590520024382,85.71428571428571,39.0,30,4.742540932687676,0.9069767441860465,85.71428571428571,100.0,6.0,0.8571428571428571,0.0,0.0,7,0.0,0.0,0.0,100.0,1.0,0.0,100.0,1.0,0.0,100.0,1.0,0.0,100.0,1.0,0.0,100.0,1.0,0.0,100.0,1.0,0.0
25,actuated,15,15,1718.3933568155667,318.2209920028827,856326.670388181,122332.38148402586,2352.0,49.83050847457627,73743.99619796422,1562.372800804327,47.2,0.38342697066572845,85.71428571428571,41.4,30,0.46741376472334567,0.8771186440677966,85.71428571428571,100.0,6.0,0.8571428571428571,0.0,0.0,7,0.0,0.0,0.0,100.0,1.0,0.0,100.0,1.0,0.0,100.0,1.0,0.0,100.0,1.0,0.0,100.0,1.0,0.0,100.0,1.0,0.0
26,actuated,0,15,1025.0519490304614,170.8419915050769,237236.86443437386,33890.98063348198,2132.2,45.36595744680851,76605.3874544288,1629.9018607325277,47.0,1.1155046249249996,74.28571428571429,36.2,28,1.455441668348712,0.7702127659574468,74.28571428571429,100.0,5.6,0.7999999999999999,0.0,0.0,7,0.0,0.0,0.0,100.0,1.0,0.0,60.0,0.8,0.0,100.0,1.0,0.0,60.0,0.8,0.0,100.0,1.0,0.0,100.0,1.0,0.0
27,actuated,0,0,533.4151996226543,106.68303992453086,3131256.4609556166,447322.3515650881,2071.0,46.022222222222226,74803.9779150269,1662.3106203339312,45.0,1.800719232079051,66.52493070624017,32.0,28,2.497142973553234,0.7111111111111111,66.52493070624018,100.0,5.6,0.7999999999999999,1.8931849746837197,0.0,7,0.9744310633391251,0.2,8.594164978992197,100.0,1.0,0.0,25.937143808555447,0.6,1.7152350635404492,100.0,1.0,0.0,38.762940071786716,0.8,2.9428947802533916,100.0,1.0,0.0,100.0,1.0,0.0
28,actuated,0,0,978.7115527737994,203.89824016120824,830878.3664716044,118696.90949594349,2232.8,51.68518518518518,70104.67468820972,1622.7933955604103,43.2,1.7529704501133319,62.96830472219938,33.2,29,2.345348018846478,0.7685185185185185,62.96830472219938,100.0,5.8,0.8285714285714285,1.2401200019563776,0.0,7,0.0,0.2,0.0,100.0,1.0,0.0,8.660630933297853,0.8,4.034436507117638,100.0,1.0,0.0,32.11750212209779,0.8,4.6464035065770055,100.0,1.0,0.0,100.0,1.0,0.0
29,actuated,0,0,179.71969000934752,69.12295769590288,4417008.817275659,631001.2596108085,2406.2,60.155,63067.66444960568,1576.691611240142,40.0,1.771089982618267,60.29586900750774,36.0,23,3.0993959502449573,0.9,60.29586900750774,100.0,4.6,0.6571428571428571,1.4896095764051651,0.0,7,0.0,0.0,0.0,100.0,1.0,0.0,3.9916950777165994,0.4,4.896106348469037,100.0,1.0,0.0,18.079387974837573,0.2,5.531160686367118,100.0,1.0,0.0,100.0,1.0,0.0
30,actuated,0,0,255.36022942728823,98.21547285664931,7224395.401023437,1032056.485860491,2401.2,60.944162436548226,63011.703613475875,1599.2818176009105,39.4,0.6014762523632173,52.33085807854268,34.0,21,0.9889894142778826,0.8629441624365483,52.33085807854268,100.0,4.4,0.6285714285714287,0.2821839596011809,0.0,7,0.0,0.0,0.0,100.0,1.0,0.0,0.0,0.0,0.0,100.0,1.0,0.0,40.0,0.6,0.0,26.31600654979877,0.8,1.9752877172082666,100.0,1.0,0.0
31,actuated,0,0,914.7584961181776,190.574686691287,1801445.165327904,257349.30933255772,2515.4,59.89047619047619,68587.02777104694,1633.0244707392126,42.0,1.5196954527679327,59.10377398981917,33.0,22,2.005147906582154,0.7857142857142857,59.103773989819175,100.0,4.4,0.6285714285714287,0.5069067405669817,0.0,7,0.0,0.0,0.0,100.0,1.0,0.0,0.0,0.0,0.0,100.0,1.0,0.0,13.726417928734236,0.4,3.5483471839688723,100.0,1.0,0.0,100.0,1.0,0.0
32,actuated,0,0,449.56881661745155,93.66017012863574,1084557.5453634295,154936.79219477563,2682.2,65.41951219512195,65362.85352150131,1594.2159395488125,41.0,2.0465689797789066,55.93930582153299,34.8,22,2.8106124490578366,0.848780487804878,55.93930582153299,100.0,4.6000000000000005,0.6571428571428573,1.2341719719315003,0.0,7,0.0,0.0,0.0,100.0,1.0,0.0,11.575140750730952,0.2,8.639203803520502,100.0,1.0,0.0,40.0,0.6,0.0,40.0,0.8,0.0,100.0,1.0,0.0
33,actuated,0,0,192.36417792506717,48.09104448126679,2721348.71445381,388764.10206482996,2844.6,70.06403940886699,63582.35854916591,1566.0679445607368,40.6,3.1461335516277633,56.1948304186933,34.8,22,4.686116080335654,0.8571428571428571,56.1948304186933,100.0,4.4,0.6285714285714287,1.4317381242258895,0.0,7,0.0,0.0,0.0,100.0,1.0,0.0,0.0,0.0,0.0,100.0,1.0,0.0,6.912096723076502,0.4,7.941739903815593,86.4517162077766,1.0,2.0804269657656347,100.0,1.0,0.0
34,actuated,0,0,585.3727580929824,162.60354391471733,2021918.5579894856,288845.5082842122,3023.2,72.32535885167464,64619.44585494746,1545.9197572953938,41.8,1.1433375958315115,57.28969190740356,37.0,22,1.5231174739035502,0.8851674641148325,57.28969190740356,100.0,4.4,0.6285714285714287,1.2237623160971063,0.0,7,1.027843351824913,0.4,8.566336212679744,100.0,1.0,0.0,0.0,0.0,0.0,100.0,1.0,0.0,0.0,0.0,0.0,100.0,1.0,0.0,100.0,1.0,0.0
35,actuated,0,0,477.2011185961138,170.4289709271835,3799573.2246764684,542796.1749537812,3213.0,76.13744075829383,65591.96971945447,1554.3120786600587,42.2,1.4083999146789283,57.142857142857146,39.0,20,2.2433650441868056,0.9241706161137441,57.142857142857146,100.0,4.0,0.5714285714285714,0.0,0.0,7,0.0,0.0,0.0,100.0,1.0,0.0,0.0,0.0,0.0,100.0,1.0,0.0,0.0,0.0,0.0,100.0,1.0,0.0,100.0,1.0,0.0
36,actuated,0,0,522.9229739478219,163.41342935869434,3588550.8563738153,512650.12233911647,3411.0,78.59447004608295,69533.96733385541,1602.1651459413688,43.4,2.2846974068886676,58.80860766825923,40.2,22,3.537029821489544,0.9262672811059908,58.80860766825923,100.0,4.4,0.6285714285714287,2.5061812921427356,0.0,7,0.0,0.0,0.0,100.0,1.0,0.0,0.24824362523645505,0.2,8.780570840276779,100.0,1.0,0.0,11.412010052578125,0.2,8.762698204722373,100.0,1.0,0.0,100.0,1.0,0.0
37,actuated,0,0,283.99178242652937,70.99794560663234,3000283.9917824264,428611.9988260609,3611.0,85.16509433962264,66663.78784849566,1572.2591473701807,42.4,3.937786692599899,57.142857142857146,40.0,21,5.8264635285778885,0.9433962264150944,57.142857142857146,100.0,4.2,0.6,0.0,0.0,7,0.0,0.0,0.0,100.0,1.0,0.0,0.0,0.2,0.0,100.0,1.0,0.0,0.0,0.0,0.0,100.0,1.0,0.0,100.0,1.0,0.0
38,actuated,0,0,73.84513435432605,24.61504478477535,4000073.845134354,571439.1207334792,3811.0,90.73809523809524,66344.75191974294,1579.6369504700697,42.0,3.4034344472036033,58.29775806726145,40.0,22,5.1316847316973435,0.9523809523809523,58.29775806726145,100.0,4.4,0.6285714285714287,1.2818864488779702,0.0,7,0.0,0.0,0.0,100.0,1.0,0.0,0.0,0.0,0.0,100.0,1.0,0.0,8.084306470830143,0.4,8.973205142145792,100.0,1.0,0.0,100.0,1.0,0.0
39,actuated,0,0,277.51035149449166,86.72198484202863,3600490.9672991023,514355.85247130034,4011.0,93.71495327102804,66277.12476520918,1548.5309524581585,42.8,2.5129106906785137,60.159914113892725,40.4,22,4.732294836692032,0.9439252336448598,60.15991411389272,100.0,4.4,0.6285714285714287,1.1179985021584222,0.0,7,21.119398797249005,0.4,7.825989515108955,100.0,1.0,0.0,0.0,0.0,0.0,100.0,1.0,0.0,0.0,0.0,0.0,100.0,1.0,0.0,100.0,1.0,0.0
40,actuated,0,0,246.01529760570006,87.86260628775003,3713610.187962012,530515.7411374303,4213.0,96.18721461187215,68377.24438452208,1561.124301016486,43.8,1.2342670309136679,71.42857142857143,41.0,25,2.7110346104762755,0.9360730593607306,71.42857142857143,100.0,5.0,0.7142857142857143,0.0,0.0,7,100.0,1.0,0.0,100.0,1.0,0.0,0.0,0.0,0.0,100.0,1.0,0.0,0.0,0.0,0.0,100.0,1.0,0.0,100.0,1.0,0.0
41,actuated,0,0,181.6656879403376,60.555229313445864,4000181.66568794,571454.5236697057,4418.0,99.95475113122171,69490.42446313334,1572.1815489396683,44.2,1.6900929345084423,72.77942361431087,41.2,26,2.74606297660789,0.9321266968325792,72.77942361431087,100.0,5.2,0.7428571428571429,1.2733271964293504,0.0,7,100.0,1.0,0.0,100.0,1.0,0.0,0.0,0.0,0.0,100.0,1.0,0.0,9.455965300176103,0.2,8.913290375005452,100.0,1.0,0.0,100.0,1.0,0.0
42,actuated,0,0,412.6667614350672,137.5555871450224,3602294.4297785135,514613.48996835906,4623.8,101.84581497797357,70365.68751977936,1549.9050114488846,45.4,1.4169263104765093,71.42857142857143,41.8,26,2.6486733752305036,0.920704845814978,71.42857142857143,100.0,5.2,0.7428571428571429,0.0,0.0,7,100.0,1.0,0.0,100.0,1.0,0.0,0.0,0.0,0.0,100.0,1.0,0.0,0.0,0.2,0.0,100.0,1.0,0.0,100.0,1.0,0.0
43,actuated,15,0,343.0925784440227,100.9095818953008,3600343.0925784446,514334.72751120635,4714.2,102.93013100436681,73395.02924807929,1602.511555634919,45.8,1.5197243015600037,66.67763827027329,39.8,26,2.4763750198508596,0.868995633187773,66.67763827027329,100.0,5.2,0.7428571428571429,1.2111140676241896,0.0,7,60.0,0.8,0.0,100.0,1.0,0.0,6.743467891913042,0.4,8.477798473369328,100.0,1.0,0.0,0.0,0.0,0.0,100.0,1.0,0.0,100.0,1.0,0.0
44,actuated,15,15,385.27844887269583,120.39951527271744,3032158.521046823,433165.50300668896,4897.2,109.3125,70505.22528494165,1573.777350110305,44.8,1.2304791806841966,60.44385291796566,40.0,24,1.94338228245124,0.8928571428571429,60.44385291796565,100.0,4.8,0.6857142857142857,1.8731465706957333,0.0,7,6.193228079597475,0.4,8.055802326402985,100.0,1.0,0.0,0.0,0.0,0.0,100.0,1.0,0.0,16.913742346162053,0.4,5.056223668467149,100.0,1.0,0.0,100.0,1.0,0.0
45,actuated,15,15,308.5058905564855,96.40809079890171,3760968.2689722353,537281.1812817479,5101.0,116.46118721461187,67118.03171053319,1532.3751532085205,43.8,1.8962037340377236,61.95296324754168,41.2,22,3.9076253805302943,0.9406392694063926,61.952963247541675,100.0,4.4,0.6285714285714287,0.669523040962836,0.0,7,0.0,0.0,0.0,100.0,1.0,0.0,0.0,0.0,0.0,100.0,1.0,0.0,33.67074273279172,0.4,4.686661286739852,100.0,1.0,0.0,100.0,1.0,0.0
46,actuated,15,15,97.39175244661055,48.69587622330528,3526644.6578652905,503806.3796950415,5310.0,120.68181818181819,67062.50873354232,1524.1479257623253,44.0,2.1462275355045835,71.42857142857143,42.6,25,4.811473009275234,0.9681818181818181,71.42857142857143,100.0,5.0,0.7142857142857143,0.0,0.0,7,0.0,0.0,0.0,100.0,1.0,0.0,0.0,0.0,0.0,100.0,1.0,0.0,100.0,1.0,0.0,100.0,1.0,0.0,100.0,1.0,0.0
47,actuated,15,15,41.21462467563667,22.897013708687037,5363371.902796734,766195.9861138192,5525.0,125.0,68152.38824667597,1541.909236350135,44.2,1.9512654055044163,71.42857142857143,43.2,25,4.380573991702141,0.9773755656108597,71.42857142857143,100.0,5.0,0.7142857142857143,0.0,0.0,7,0.0,0.0,0.0,100.0,1.0,0.0,0.0,0.0,0.0,100.0,1.0,0.0,100.0,1.0,0.0,100.0,1.0,0.0,100.0,1.0,0.0
48,actuated,15,15,615.9125308190521,205.30417693968403,4000615.9125308185,571516.5589329741,5740.0,123.17596566523605,72773.46880941997,1561.6624208030034,46.6,0.7952624134781988,72.5059733895671,43.6,27,1.3391572156152138,0.9356223175965666,72.50597338956709,100.0,5.4,0.7714285714285715,1.2055184679904154,0.0,7,0.0,0.0,0.0,100.0,1.0,0.0,7.541813726969622,0.4,8.438629275932907,100.0,1.0,0.0,100.0,1.0,0.0,100.0,1.0,0.0,100.0,1.0,0.0
49,actuated,15,15,445.74327401969794,111.43581850492448,3000445.7432740196,428635.1061820028,5957.0,124.10416666666667,75823.09466547528,1579.6478055307348,48.0,1.0216597166112582,71.42857142857143,43.8,25,1.7066045150444062,0.9125,71.42857142857143,100.0,5.0,0.7142857142857143,0.0,0.0,7,0.0,0.0,0.0,100.0,1.0,0.0,0.0,0.0,0.0,100.0,1.0,0.0,100.0,1.0,0.0,100.0,1.0,0.0,100.0,1.0,0.0
50,actuated,15,15,136.4168434290785,42.63026357158703,3800136.416843429,542876.6309776327,6177.0,128.6875,76307.75050811659,1589.7448022524288,48.0,1.6975644927870852,71.85421605701467,44.0,27,2.753002174321211,0.9166666666666666,71.85421605701468,100.0,5.4,0.7714285714285715,1.253461663584624,0.0,7,2.9795123991027594,0.4,8.77423164509237,100.0,1.0,0.0,0.0,0.0,0.0,100.0,1.0,0.0,100.0,1.0,0.0,100.0,1.0,0.0,100.0,1.0,0.0
51,actuated,15,15,232.58918829453023,83.06756724804652,3800727.877934343,542961.1254191919,6398.8,133.30833333333334,72003.03541039988,1500.0632377166644,48.0,2.411681944811962,74.74934660890004,45.4,27,4.7605469436599215,0.9458333333333333,74.74934660890004,100.0,5.4,0.7714285714285715,0.9976847902541232,0.0,7,0.0,0.0,0.0,100.0,1.0,0.0,23.24542626230027,0.4,6.983793531778862,100.0,1.0,0.0,100.0,1.0,0.0,100.0,1.0,0.0,100.0,1.0,0.0
52,actuated,15,15,503.7631372542096,167.9210457514032,3122435.179614114,446062.168516302,6630.0,135.30612244897958,75736.22900017993,1545.637326534284,49.0,2.1082003442318475,85.71428571428571,46.8,30,4.8142723622613675,0.9551020408163265,85.71428571428571,100.0,6.0,0.8571428571428571,0.0,0.0,7,0.0,0.0,0.0,100.0,1.0,0.0,100.0,1.0,0.0,100.0,1.0,0.0,100.0,1.0,0.0,100.0,1.0,0.0,100.0,1.0,0.0
53,actuated,15,15,301.36095426508365,107.62891223752987,4200301.360954265,600043.051564895,6865.0,136.75298804780877,77817.58362220564,1550.1510681714271,50.2,0.37713203045657895,85.71428571428571,47.4,30,0.5173988150265711,0.9442231075697212,85.71428571428571,100.0,6.0,0.8571428571428571,0.0,0.0,7,0.0,0.0,0.0,100.0,1.0,0.0,100.0,1.0,0.0,100.0,1.0,0.0,100.0,1.0,0.0,100.0,1.0,0.0,100.0,1.0,0.0
54,actuated,15,15,445.01019589104243,202.27736176865562,3890575.0968532115,555796.4424076016,7104.2,138.75390625,78710.74120584957,1537.3191641767494,51.2,0.6385809717940474,85.71428571428571,48.8,30,1.4040486675526673,0.953125,85.71428571428571,100.0,6.0,0.8571428571428571,0.0,0.0,7,0.0,0.0,0.0,100.0,1.0,0.0,100.0,1.0,0.0,100.0,1.0,0.0,100.0,1.0,0.0,100.0,1.0,0.0,100.0,1.0,0.0
55,actuated,15,15,390.2900072315223,139.38928829697224,4513110.082476364,644730.0117823378,7349.0,140.24809160305344,82577.86099424481,1575.9133777527636,52.4,1.2472385759549227,85.71428571428571,49.2,30,2.511556782016464,0.9389312977099237,85.71428571428571,100.0,6.0,0.8571428571428571,0.0,0.0,7,0.0,0.0,0.0,100.0,1.0,0.0,100.0,1.0,0.0,100.0,1.0,0.0,100.0,1.0,0.0,100.0,1.0,0.0,100.0,1.0,0.0
56,actuated,15,15,702.5591951166477,175.63979877916194,3000702.5591951166,428671.7941707309,7594.0,144.9236641221374,81532.74632108457,1555.968441242072,52.4,2.0409537643183264,87.27647358387425,49.0,31,4.2163056265057355,0.9351145038167938,87.27647358387425,100.0,6.2,0.8857142857142858,1.3063834166553476,0.0,7,10.935315087119761,0.2,9.144683916587434,100.0,1.0,0.0,100.0,1.0,0.0,100.0,1.0,0.0,100.0,1.0,0.0,100.0,1.0,0.0,100.0,1.0,0.0
57,actuated,15,15,210.3147075569862,116.84150419832567,4362404.993668771,623200.7133812531,7841.2,149.6412213740458,79774.85440243679,1522.4208855426868,52.4,1.2843190980065293,85.71428571428571,50.2,30,3.8650205441127516,0.9580152671755725,85.71428571428571,100.0,6.0,0.8571428571428571,0.0,0.0,7,0.0,0.0,0.0,100.0,1.0,0.0,100.0,1.0,0.0,100.0,1.0,0.0,100.0,1.0,0.0,100.0,1.0,0.0,100.0,1.0,0.0
58,actuated,15,15,490.4107178044022,272.45039878022345,4921938.938976186,703134.1341394552,8092.4,150.97761194029852,81535.66839600673,1521.187843209081,53.6,0.29605761394551605,85.71428571428571,51.0,30,0.7186882735047847,0.9514925373134329,85.71428571428571,100.0,6.0,0.8571428571428571,0.0,0.0,7,0.0,0.0,0.0,100.0,1.0,0.0,100.0,1.0,0.0,100.0,1.0,0.0,100.0,1.0,0.0,100.0,1.0,0.0,100.0,1.0,0.0
59,actuated,15,15,183.5439483855643,91.77197419278215,4670604.189259785,667229.169894255,8351.0,154.64814814814815,83802.35931359255,1551.8955428443064,54.0,0.7932049338485966,85.71428571428571,52.0,30,1.744878263337018,0.9629629629629629,85.71428571428571,100.0,6.0,0.8571428571428571,0.0,0.0,7,0.0,0.0,0.0,100.0,1.0,0.0,100.0,1.0,0.0,100.0,1.0,0.0,100.0,1.0,0.0,100.0,1.0,0.0,100.0,1.0,0.0
60,actuated,0,15,226.96197437250507,87.2930670663481,4000668.8691389537,571524.1241627077,8164.8,155.22433460076044,84084.86613496627,1598.5715995240735,52.6,1.4383599499502078,77.42580227696733,46.4,31,2.7423224537397606,0.8821292775665399,77.42580227696733,100.0,6.2,0.8857142857142858,1.232717577022101,0.0,7,1.9806159387712796,0.4,8.629023039154708,100.0,1.0,0.0,80.0,1.0,0.0,100.0,1.0,0.0,60.0,0.8,0.0,100.0,1.0,0.0,100.0,1.0,0.0
61,actuated,0,0,823.0968503438733,195.97544055806506,2004709.0351266996,286387.00501809997,7131.0,138.73540856031127,82200.3153492974,1599.2279250836068,51.4,0.9407703224389319,55.899560297290726,38.2,24,1.394639251898429,0.7431906614785992,55.899560297290726,100.0,4.800000000000001,0.6857142857142858,0.5417666032231084,0.0,7,0.0,0.0,0.0,40.0,0.6,0.0,20.373020238239405,0.6,1.8751037192412876,100.0,1.0,0.0,30.923901842795658,0.6,1.9172625033204715,100.0,1.0,0.0,100.0,1.0,0.0
62,actuated,0,0,783.8283044336379,170.39745748557345,2134154.825411293,304879.26077304187,5685.2,116.5,79882.79607591373,1636.9425425392158,48.8,1.2733316803202062,58.690733538105135,32.8,27,1.713009039417584,0.6721311475409836,58.69073353810514,100.0,5.4,0.7714285714285715,1.2668331289561583,0.0,7,0.0,0.0,0.0,87.99692182416948,1.0,1.7834973180106226,20.887194632615547,0.6,3.1368029298142677,80.0,1.0,0.0,21.951018309950996,0.8,3.947531654868218,100.0,1.0,0.0,100.0,1.0,0.0
63,actuated,0,0,444.6794709980114,117.02091342052933,2297888.09399587,328269.7277136957,4124.0,90.83700440528635,71050.97308426892,1564.9994071424871,45.4,1.7555884773143438,52.14131674610923,29.8,22,3.5047305612143416,0.6563876651982379,52.14131674610923,100.0,4.4,0.6285714285714287,1.0141134159470944,0.0,7,0.0,0.0,0.0,100.0,1.0,0.0,0.0,0.0,0.0,45.930180323435934,0.6,1.9479687977383626,19.059036899328703,0.8,5.1508251138912975,100.0,1.0,0.0,100.0,1.0,0.0
64,actuated,0,0,974.0231198897751,180.37465183143982,1401425.7764356432,200203.68234794904,2814.0,61.4410480349345,72454.86416444938,1581.9839337216022,45.8,1.6890699797098676,50.206037210595824,27.6,19,2.6830459172151535,0.6026200873362445,50.206037210595824,100.0,3.8000000000000003,0.5428571428571429,1.2485045518726117,0.0,7,0.0,0.0,0.0,100.0,1.0,0.0,0.0,0.0,0.0,100.0,1.0,0.0,11.44226047417078,0.2,8.739531863108281,40.0,0.6,0.0,100.0,1.0,0.0
65,actuated,0,0,408.465151152684,85.0969064901425,1014870.4770124092,144981.49671605846,2638.2,58.626666666666665,69481.23840570732,1544.0275201268296,45.0,2.448461476308352,56.95422556115659,31.2,20,3.84964418886982,0.6933333333333334,56.95422556115659,100.0,4.0,0.5714285714285714,0.3310457847612828,0.0,7,0.0,0.0,0.0,100.0,1.0,0.0,0.0,0.0,0.0,100.0,1.0,0.0,0.0,0.0,0.0,98.67957892809613,1.0,2.31732049332898,100.0,1.0,0.0
66,actuated,0,0,200.1875739581843,50.04689348954607,1578973.8535966377,225567.69337094825,2808.8,62.41777777777778,71707.89674655415,1593.5088165900925,45.0,2.110212936053409,59.57352065760965,37.4,23,2.554484070526036,0.8311111111111111,59.57352065760964,100.0,4.6,0.6571428571428571,2.1332754888040193,0.0,7,0.0,0.0,0.0,100.0,1.0,0.0,3.27528790231554,0.4,8.967369994037165,100.0,1.0,0.0,13.73935670095193,0.2,5.96555842759097,100.0,1.0,0.0,100.0,1.0,0.0
67,actuated,0,0,405.58837103669214,119.29069736373299,2475562.8303088997,353651.8329012714,3002.6,67.32286995515695,70470.86938034241,1580.064335882117,44.6,2.1074476254635206,59.125419825104146,39.6,24,3.447962854464273,0.8878923766816144,59.125419825104146,100.0,4.800000000000001,0.6857142857142858,2.4934091052040848,0.0,7,10.976014239678307,0.2,9.110775352176555,100.0,1.0,0.0,2.9019245360507284,0.4,8.343088384252042,100.0,1.0,0.0,0.0,0.2,0.0,100.0,1.0,0.0,100.0,1.0,0.0
68,actuated,0,0,664.3934066024071,195.40982547129622,3001646.8818890154,428806.6974127165,3193.0,70.95555555555555,71552.91234207874,1590.064718712861,45.0,0.9035886350021786,59.22694808915399,39.8,21,1.5491393119863823,0.8844444444444445,59.22694808915399,100.0,4.2,0.6,0.7146113335899091,0.0,7,0.0,0.0,0.0,100.0,1.0,0.0,0.0,0.0,0.0,100.0,1.0,0.0,14.588636624077935,0.2,5.002279335129364,100.0,1.0,0.0,100.0,1.0,0.0
69,actuated,0,0,334.119032871895,98.27030378585147,2928642.9257414737,418377.56082021055,3393.0,74.08296943231441,73514.4892267034,1605.1198521114281,45.8,1.6211131323450683,57.77546155780393,41.2,23,2.680005794541734,0.8995633187772926,57.77546155780393,100.0,4.6,0.6571428571428571,1.1959153788696442,0.0,7,0.0,0.0,0.0,100.0,1.0,0.0,0.0,0.0,0.0,100.0,1.0,0.0,4.428230904627526,0.6,8.371407652087509,100.0,1.0,0.0,100.0,1.0,0.0
70,actuated,0,0,731.5060007355515,192.50157914093464,4316783.5724054035,616683.3674864862,3229.6,71.45132743362832,71901.73785764385,1590.7464127797311,45.2,1.338555145916966,58.250313629433776,39.6,22,2.4175942161402277,0.8761061946902655,58.250313629433776,100.0,4.4,0.6285714285714287,1.1364078998568758,0.0,7,0.0,0.0,0.0,100.0,1.0,0.0,7.752195406036435,0.4,7.954855298998131,100.0,1.0,0.0,0.0,0.0,0.0,100.0,1.0,0.0,100.0,1.0,0.0
71,actuated,0,0,340.0048072802446,80.95352554291539,2085543.544409487,297934.79205849813,2059.0,45.75555555555555,72378.5657313496,1608.412571807769,45.0,1.7144178668305898,48.96299346020084,35.8,20,2.482114075462422,0.7955555555555556,48.96299346020084,100.0,4.0,0.5714285714285714,2.0949297649625387,0.0,7,0.0,0.0,0.0,100.0,1.0,0.0,3.671367338648679,0.2,8.340598202496768,100.0,1.0,0.0,7.867092107399003,0.2,4.293061261717231,100.0,1.0,0.0,31.20249477535822,0.6,2.0308488905237705
72,actuated,0,0,699.6135853560857,145.75283028251786,2118204.5304867635,302600.6472123948,1334.4,29.653333333333332,70653.65142421468,1570.0811427603264,45.0,2.7093435143913034,61.68615471696139,35.2,24,4.164453490752076,0.7822222222222223,61.68615471696138,100.0,4.8,0.6857142857142857,0.7353105048985794,0.0,7,31.803083018729694,0.4,5.147173534290056,100.0,1.0,0.0,0.0,0.2,0.0,100.0,1.0,0.0,0.0,0.2,0.0,100.0,1.0,0.0,100.0,1.0,0.0
73,actuated,0,0,460.6583045717116,115.1645761429279,2658620.7133430047,379802.9590490007,1307.8,29.58823529411765,67638.5151582787,1530.283148377346,44.2,2.4925239885988786,71.42857142857143,36.6,25,4.729494544801342,0.8280542986425339,71.42857142857143,100.0,5.0,0.7142857142857143,0.0,0.0,7,100.0,1.0,0.0,100.0,1.0,0.0,0.0,0.0,0.0,100.0,1.0,0.0,0.0,0.0,0.0,100.0,1.0,0.0,100.0,1.0,0.0
74,actuated,0,0,386.9561619019214,113.8106358535063,2205136.3326102756,315019.47608718224,1498.8,32.582608695652176,72456.10087495044,1575.132627716314,46.0,0.9506559819013414,72.61378367222603,39.6,27,1.5263877510761936,0.8608695652173913,72.61378367222603,100.0,5.4,0.7714285714285715,0.676986882516316,0.0,7,100.0,1.0,0.0,100.0,1.0,0.0,0.0,0.0,0.0,100.0,1.0,0.0,8.2964857055822,0.4,4.738908177614212,100.0,1.0,0.0,100.0,1.0,0.0
75,actuated,0,0,374.33587351864287,116.97996047457589,3848495.5627502436,549785.0803928919,1705.6,35.983122362869196,73217.50267097067,1544.6730521301831,47.4,0.9730364381293863,73.77183631559595,42.8,27,1.4566151863041246,0.9029535864978903,73.77183631559595,100.0,5.4,0.7714285714285715,0.8465174057121789,0.0,7,100.0,1.0,0.0,100.0,1.0,0.0,0.0,0.0,0.0,100.0,1.0,0.0,16.402854209171664,0.4,5.9256218399852525,100.0,1.0,0.0,100.0,1.0,0.0
76,actuated,0,0,528.8561265242013,132.21403163105032,4154981.584313096,593568.7977590137,1923.0,40.0625,75584.81020575736,1574.6835459532783,48.0,1.3689320187607934,71.42857142857143,44.0,25,2.2044868954438663,0.9166666666666666,71.42857142857143,100.0,5.0,0.7142857142857143,0.0,0.0,7,100.0,1.0,0.0,100.0,1.0,0.0,0.0,0.0,0.0,100.0,1.0,0.0,0.0,0.0,0.0,100.0,1.0,0.0,100.0,1.0,0.0
77,actuated,15,0,624.6259952325561,156.15649880813902,3000624.6259952323,428660.66085646173,2009.4,42.57203389830509,73721.62575353708,1561.8988507105316,47.2,1.2367566538282768,69.18180633432468,42.0,27,2.177195160943342,0.8898305084745762,69.18180633432469,100.0,5.4,0.7714285714285715,1.1800720174929924,0.0,7,80.0,1.0,0.0,100.0,1.0,0.0,4.272644340272791,0.4,8.260504122450946,100.0,1.0,0.0,0.0,0.0,0.0,100.0,1.0,0.0,100.0,1.0,0.0
78,actuated,15,15,312.61385650460005,142.09720750209092,3125401.679856253,446485.954265179,2201.6,46.644067796610166,72368.67393016402,1533.234617164492,47.2,0.4825400542911679,74.6150958844443,43.6,28,0.9124393252442,0.923728813559322,74.6150958844443,100.0,5.6,0.7999999999999999,1.0592334941046684,0.0,7,32.54646334594213,0.6,1.9654806187103269,100.0,1.0,0.0,0.0,0.0,0.0,100.0,1.0,0.0,89.75920784516802,1.0,5.449153840022352,100.0,1.0,0.0,100.0,1.0,0.0
79,actuated,15,15,278.80102736388847,92.93367578796283,4152130.027999638,593161.4325713769,2421.0,50.64853556485355,75084.64773909822,1570.8085301066574,47.8,0.6403336749179869,71.42857142857143,44.4,25,0.8819460141180346,0.9288702928870293,71.42857142857143,100.0,5.0,0.7142857142857143,0.0,0.0,7,0.0,0.0,0.0,100.0,1.0,0.0,0.0,0.0,0.0,100.0,1.0,0.0,100.0,1.0,0.0,100.0,1.0,0.0,100.0,1.0,0.0
80,actuated,15,15,463.5615830280346,115.89039575700865,3000463.561583028,428637.6516547183,2641.0,55.020833333333336,76507.73602859546,1593.9111672624056,48.0,1.3171876334648447,71.42857142857143,44.0,25,1.725726406194367,0.9166666666666666,71.42857142857143,100.0,5.0,0.7142857142857143,0.0,0.0,7,0.0,0.0,0.0,100.0,1.0,0.0,0.0,0.0,0.0,100.0,1.0,0.0,100.0,1.0,0.0,100.0,1.0,0.0,100.0,1.0,0.0
81,actuated,15,15,446.8614424939666,124.12817847054627,3200674.097000895,457239.1567144136,2861.2,59.608333333333334,73821.1235104857,1537.9400731351188,48.0,1.6652789062700675,73.77985036140396,44.2,28,2.706798951853108,0.9208333333333333,73.77985036140396,100.0,5.6,0.7999999999999999,2.4719878773071935,0.0,7,7.686137763522538,0.2,8.964479581266641,100.0,1.0,0.0,8.772814766305146,0.4,8.339435559883714,100.0,1.0,0.0,100.0,1.0,0.0,100.0,1.0,0.0,100.0,1.0,0.0
82,actuated,15,15,395.7775524120783,197.88877620603915,4501938.838676933,643134.1198109904,3087.0,65.40254237288136,72673.41972839876,1539.6910959406516,47.2,1.9127354080715235,71.42857142857143,46.0,26,4.593654601335686,0.9745762711864406,71.42857142857143,100.0,5.2,0.7428571428571429,0.0,0.0,7,0.0,0.2,0.0,100.0,1.0,0.0,0.0,0.0,0.0,100.0,1.0,0.0,100.0,1.0,0.0,100.0,1.0,0.0,100.0,1.0,0.0
83,actuated,15,15,284.1291824101159,142.06459120505795,5000284.12918241,714326.3041689157,3317.0,69.39330543933055,72995.10802684215,1527.094310184982,47.8,2.067801963158859,71.42857142857143,46.6,25,4.832420325238184,0.9748953974895398,71.42857142857143,100.0,5.0,0.7142857142857143,0.0,0.0,7,0.0,0.0,0.0,100.0,1.0,0.0,0.0,0.0,0.0,100.0,1.0,0.0,100.0,1.0,0.0,100.0,1.0,0.0,100.0,1.0,0.0
84,actuated,15,15,888.8952662582824,222.2238165645706,3000888.895266258,428698.41360946547,3549.0,70.98,77932.64993966273,1558.6529987932547,50.0,2.166362436655224,71.42857142857143,46.8,25,4.792494389166695,0.936,71.42857142857143,100.0,5.0,0.7142857142857143,0.0,0.0,7,0.0,0.0,0.0,100.0,1.0,0.0,0.0,0.0,0.0,100.0,1.0,0.0,100.0,1.0,0.0,100.0,1.0,0.0,100.0,1.0,0.0
85,actuated,15,15,426.7032322628453,112.29032427969614,3200426.703232263,457203.8147474662,3784.0,74.48818897637796,79956.30582484916,1573.9430280482118,50.8,0.9147040960744456,71.42857142857143,47.2,25,2.307560661864513,0.9291338582677166,71.42857142857143,100.0,5.0,0.7142857142857143,0.0,0.0,7,0.0,0.0,0.0,100.0,1.0,0.0,0.0,0.0,0.0,100.0,1.0,0.0,100.0,1.0,0.0,100.0,1.0,0.0,100.0,1.0,0.0
86,actuated,15,15,94.6010442437308,43.000474656241266,3421882.64672125,488840.3781030357,4021.6,78.85490196078432,78162.29460818534,1532.594011925203,51.0,0.8156688113870493,73.86986105895403,48.2,26,1.3148904574182765,0.9450980392156862,73.86986105895403,100.0,5.2,0.7428571428571429,0.6381102687108797,0.0,7,0.0,0.0,0.0,100.0,1.0,0.0,17.089027412678206,0.2,4.466771880976158,100.0,1.0,0.0,100.0,1.0,0.0,100.0,1.0,0.0,100.0,1.0,0.0
87,actuated,15,15,14.608953883040892,14.608953883040892,6061283.588158366,865897.6554511952,4268.0,83.68627450980392,78304.59683694535,1535.3842517048106,51.0,0.8910870547368039,85.71428571428571,49.8,30,2.19589543182994,0.9764705882352941,85.71428571428571,100.0,6.0,0.8571428571428571,0.0,0.0,7,0.0,0.0,0.0,100.0,1.0,0.0,100.0,1.0,0.0,100.0,1.0,0.0,100.0,1.0,0.0,100.0,1.0,0.0,100.0,1.0,0.0
88,actuated,15,15,104.9573472561076,87.46445604675634,5733649.851872995,819092.8359818563,4518.0,87.8988326848249,79253.94451222302,1541.9055352572573,51.4,1.3806599687421108,86.26804140733546,50.2,32,3.4607510565789177,0.9766536964980544,86.26804140733546,100.0,6.4,0.9142857142857144,1.207593990716019,0.0,7,3.876289851348247,0.4,8.453157935012133,100.0,1.0,0.0,100.0,1.0,0.0,100.0,1.0,0.0,100.0,1.0,0.0,100.0,1.0,0.0,100.0,1.0,0.0
89,actuated,15,15,474.8044235146407,169.57300839808596,4000802.130363536,571543.1614805051,4768.0,90.99236641221374,80957.87973872278,1544.9977049374575,52.4,2.0933054497277115,85.71428571428571,50.4,30,4.819793403848653,0.9618320610687023,85.71428571428571,100.0,6.0,0.8571428571428571,0.0,0.0,7,0.0,0.0,0.0,100.0,1.0,0.0,100.0,1.0,0.0,100.0,1.0,0.0,100.0,1.0,0.0,100.0,1.0,0.0,100.0,1.0,0.0
90,actuated,15,15,641.8721614048454,178.29782261245705,3201117.976394311,457302.56805633014,5018.0,93.61940298507463,83203.47467043587,1552.303631911117,53.6,1.1029952292762883,85.71428571428571,50.2,30,3.1729894756532686,0.9365671641791045,85.71428571428571,100.0,6.0,0.8571428571428571,0.0,0.0,7,0.0,0.0,0.0,100.0,1.0,0.0,100.0,1.0,0.0,100.0,1.0,0.0,100.0,1.0,0.0,100.0,1.0,0.0,100.0,1.0,0.0
91,actuated,15,15,270.003022724477,103.84731643249114,3458493.9180992753,494070.5597284679,5271.2,97.61481481481482,83619.76819585187,1548.5142258491087,54.0,0.7232522644200098,85.71428571428571,51.2,30,1.19490009932717,0.9481481481481482,85.71428571428571,100.0,6.0,0.8571428571428571,0.0,0.0,7,0.0,0.0,0.0,100.0,1.0,0.0,100.0,1.0,0.0,100.0,1.0,0.0,100.0,1.0,0.0,100.0,1.0,0.0,100.0,1.0,0.0
92,actuated,15,15,52.12260381024613,43.43550317520511,5273315.615918548,753330.8022740782,5531.2,101.67647058823529,83255.61057221457,1530.4340178715915,54.4,0.904223447746537,85.71428571428571,52.8,30,2.1840375932569693,0.9705882352941176,85.71428571428571,100.0,6.0,0.8571428571428571,0.0,0.0,7,0.0,0.0,0.0,100.0,1.0,0.0,100.0,1.0,0.0,100.0,1.0,0.0,100.0,1.0,0.0,100.0,1.0,0.0,100.0,1.0,0.0
93,actuated,15,15,621.9231474223052,259.13464475929385,4401053.857881432,628721.9796973475,5796.0,103.5,86249.56396826482,1540.170785147586,56.0,1.0463519096089393,87.32668280644637,53.4,31,2.549619093231348,0.9535714285714286,87.32668280644637,100.0,6.2,0.8857142857142858,1.265703303766107,0.0,7,11.286779645124625,0.2,8.859923126362748,100.0,1.0,0.0,100.0,1.0,0.0,100.0,1.0,0.0,100.0,1.0,0.0,100.0,1.0,0.0,100.0,1.0,0.0
94,actuated,0,15,768.2531966410938,240.07912395034182,3065844.7352417586,437977.81932025123,5646.4,101.92057761732852,87007.50102574438,1570.5325094899706,55.4,0.32269631251417946,77.14285714285714,48.0,29,0.5049000103001285,0.8664259927797834,77.14285714285714,100.0,5.8,0.8285714285714285,0.0,0.0,7,0.0,0.0,0.0,100.0,1.0,0.0,80.0,1.0,0.0,100.0,1.0,0.0,60.0,0.8,0.0,100.0,1.0,0.0,100.0,1.0,0.0
95,actuated,0,0,282.08846191460657,94.02948730486885,3608280.3354597567,515468.61935139383,5654.0,105.09293680297398,86722.39567259475,1611.9404400110548,53.8,0.8440161422468877,66.57653877872723,44.8,27,1.4493385970451382,0.8327137546468402,66.57653877872723,100.0,5.4,0.7714285714285715,0.5318539871413072,0.0,7,0.0,0.0,0.0,100.0,1.0,0.0,23.936905689149626,0.6,1.93897031663086,100.0,1.0,0.0,42.09886576194094,0.8,1.7840075933582902,100.0,1.0,0.0,100.0,1.0,0.0
96,actuated,0,0,446.71165832210573,124.08657175614047,3200769.630431766,457252.80434739514,5858.0,112.65384615384616,85062.54217902375,1635.8181188273797,52.0,2.01011093286755,62.2102640131506,43.4,24,3.2432637948201144,0.8346153846153846,62.2102640131506,100.0,4.800000000000001,0.6857142857142858,1.8553745322700554,0.0,7,0.0,0.0,0.0,100.0,1.0,0.0,11.032792182818412,0.2,9.063888664170799,100.0,1.0,0.0,24.439055909235776,0.6,3.923733061719589,100.0,1.0,0.0,100.0,1.0,0.0
97,actuated,0,0,263.428825074898,77.47906619849941,3994905.6052404195,570700.8007486314,6073.2,120.02371541501977,82056.50396975983,1621.67003892806,50.6,1.3804690425451347,59.75188190448307,43.4,24,1.8439348149264525,0.857707509881423,59.75188190448307,100.0,4.8,0.6857142857142857,0.7977266485968759,0.0,7,0.0,0.0,0.0,100.0,1.0,0.0,0.0,0.0,0.0,100.0,1.0,0.0,18.263173331381495,0.8,5.584086540178132,100.0,1.0,0.0,100.0,1.0,0.0
98,actuated,0,0,157.31676462824785,60.50644793394148,4002398.398617129,571771.199802447,6292.6,130.551867219917,76236.9882061595,1581.6802532398235,48.2,1.7072166023351296,60.9467766071631,44.4,23,2.5044165043612536,0.921161825726141,60.9467766071631,100.0,4.6,0.6571428571428571,2.193854082279516,0.0,7,11.347686965718822,0.2,8.812368573621953,100.0,1.0,0.0,0.0,0.0,0.0,100.0,1.0,0.0,15.279749284422905,0.4,6.544610002334659,100.0,1.0,0.0,100.0,1.0,0.0
99,actuated,0,0,20.920658493227997,11.62258805179333,4822843.907495057,688977.7010707224,6517.0,139.25213675213675,73660.19737373767,1573.935841319181,46.8,2.011886927122728,58.78040620434994,45.0,21,3.4513665010852552,0.9615384615384616,58.78040620434994,100.0,4.2,0.6,1.2462627071888779,0.0,7,0.0,0.0,0.0,100.0,1.0,0.0,0.0,0.0,0.0,100.0,1.0,0.0,11.462843430449539,0.2,8.723838950322145,100.0,1.0,0.0,100.0,1.0,0.0
100,actuated,0,0,98.02064268339973,49.010321341699864,5000098.020642683,714299.717234669,6728.0,147.5438596491228,70479.51170440923,1545.6033268510796,45.6,1.937371572534953,58.68497357011165,44.2,21,4.282866826958704,0.9692982456140351,58.68497357011165,100.0,4.2,0.6,1.323386672019284,0.0,7,0.0,0.0,0.0,100.0,1.0,0.0,10.79481499078156,0.2,9.263706704134988,100.0,1.0,0.0,0.0,0.0,0.0,100.0,1.0,0.0,100.0,1.0,0.0
101,actuated,0,0,405.3010279986873,144.7503671423883,4000735.757635499,571533.6796622141,6948.0,149.09871244635193,72781.41154149357,1561.8328656972867,46.6,2.4765678012139563,57.142857142857146,44.2,20,4.796802233355636,0.9484978540772532,57.142857142857146,100.0,4.0,0.5714285714285714,0.0,0.0,7,0.0,0.0,0.0,100.0,1.0,0.0,0.0,0.0,0.0,100.0,1.0,0.0,0.0,0.0,0.0,100.0,1.0,0.0,100.0,1.0,0.0
102,actuated,0,0,327.63357946881604,109.21119315627202,3405904.541323078,486557.79161758255,7168.6,150.60084033613447,74353.6709004353,1562.0519096730106,47.6,2.7950388315767882,58.57122519642871,44.6,22,4.889489238032411,0.9369747899159664,58.57122519642871,100.0,4.4,0.6285714285714287,1.1803891554740922,0.0,7,0.0,0.0,0.0,100.0,1.0,0.0,0.0,0.0,0.0,100.0,1.0,0.0,9.998576375000994,0.4,8.262724088318645,100.0,1.0,0.0,100.0,1.0,0.0
103,actuated,0,0,153.46451407023736,54.80875502508477,4606237.818284419,658033.9740406313,7393.0,154.6652719665272,75033.95803707924,1569.748076089524,47.8,1.6173511380984493,57.142857142857146,45.2,20,3.113635163218666,0.9456066945606695,57.142857142857146,100.0,4.0,0.5714285714285714,0.0,0.0,7,0.0,0.0,0.0,100.0,1.0,0.0,0.0,0.0,0.0,100.0,1.0,0.0,0.0,0.0,0.0,100.0,1.0,0.0,100.0,1.0,0.0
104,actuated,0,0,99.20155980087117,33.06718660029039,4000099.2015598007,571442.7430799715,7611.4,159.23430962343096,75862.1824377527,1587.0749463964999,47.8,1.4506745142582804,58.74345420303793,44.6,21,2.0459881964913857,0.9330543933054394,58.74345420303793,100.0,4.2,0.6,1.2750344089099495,0.0,7,0.0,0.0,0.0,100.0,1.0,0.0,0.0,0.0,0.0,100.0,1.0,0.0,11.204179421265508,0.2,8.925240862369646,100.0,1.0,0.0,100.0,1.0,0.0
105,actuated,0,0,551.9353760270385,162.33393412559957,3082914.581705754,440416.36881510774,7828.2,161.7396694214876,75496.9034203538,1559.853376453591,48.4,1.5036684602613946,66.53204824442226,44.4,24,2.2947883937904314,0.9173553719008265,66.53204824442226,100.0,4.8,0.6857142857142857,0.9158448874293547,0.0,7,65.72433771095575,0.8,6.4109142120054825,100.0,1.0,0.0,0.0,0.0,0.0,100.0,1.0,0.0,0.0,0.0,0.0,100.0,1.0,0.0,100.0,1.0,0.0
106,actuated,0,0,295.8954067085527,113.80592565713565,4216833.359521364,602404.7656459091,8052.2,165.68312757201647,76360.5564819808,1571.2048658843787,48.6,2.2102187738422803,73.11440408940858,45.2,28,3.9497589673554145,0.9300411522633745,73.11440408940858,100.0,5.6,0.7999999999999999,2.281154760226132,0.0,7,100.0,1.0,0.0,100.0,1.0,0.0,11.651534924694715,0.2,8.582560207415773,100.0,1.0,0.0,0.14929370116533391,0.4,7.385523114167153,100.0,1.0,0.0,100.0,1.0,0.0
107,actuated,0,0,22.042801353500238,11.021400676750119,4504312.368113173,643473.1954447391,8281.0,174.70464135021098,73430.57189434211,1549.1681834249391,47.4,2.8174845895123304,71.42857142857143,46.2,25,4.954691744072319,0.9746835443037974,71.42857142857143,100.0,5.0,0.7142857142857143,0.0,0.0,7,100.0,1.0,0.0,100.0,1.0,0.0,0.0,0.0,0.0,100.0,1.0,0.0,0.0,0.0,0.0,100.0,1.0,0.0,100.0,1.0,0.0
108,actuated,0,0,369.5588388939251,131.98529960497325,4200369.558838895,600052.7941198421,8511.0,175.84710743801654,75495.93877797174,1559.8334458258623,48.4,2.449229667650368,73.01393166872523,46.2,26,4.520458836932292,0.9545454545454546,73.01393166872523,100.0,5.2,0.7428571428571429,1.2872887024923902,0.0,7,100.0,1.0,0.0,100.0,1.0,0.0,0.0,0.0,0.0,100.0,1.0,0.0,11.097521681076614,0.2,9.011020917446732,100.0,1.0,0.0,100.0,1.0,0.0
109,actuated,0,0,543.055153534716,159.72210398079883,3400889.9853351265,485841.4264764466,8741.0,175.52208835341366,78172.72605069827,1569.7334548332985,49.8,1.056516075509008,71.42857142857143,46.4,25,2.410989679073711,0.9317269076305221,71.42857142857143,100.0,5.0,0.7142857142857143,0.0,0.0,7,100.0,1.0,0.0,100.0,1.0,0.0,0.0,0.0,0.0,100.0,1.0,0.0,0.0,0.0,0.0,100.0,1.0,0.0,100.0,1.0,0.0
110,actuated,0,0,205.7233463300936,64.28854572815425,3407612.814316607,486801.83061665815,8972.2,179.444,77520.17964350837,1550.4035928701674,50.0,1.4436730194359166,71.42857142857143,46.6,25,2.060179912894348,0.932,71.42857142857143,100.0,5.0,0.7142857142857143,0.0,0.0,7,100.0,1.0,0.0,100.0,1.0,0.0,0.0,0.0,0.0,100.0,1.0,0.0,0.0,0.0,0.0,100.0,1.0,0.0,100.0,1.0,0.0
111,actuated,15,0,379.12707539093657,126.37569179697886,4000379.1270753914,571482.7324393416,9044.8,183.83739837398375,78103.18966482522,1587.4632045696183,49.2,1.8351768060434925,66.5839864021109,44.2,26,2.9541369067308,0.8983739837398373,66.5839864021109,100.0,5.2,0.7428571428571429,1.269714133933719,0.0,7,60.0,0.8,0.0,100.0,1.0,0.0,6.087904814776266,0.4,8.887998937536032,100.0,1.0,0.0,0.0,0.0,0.0,100.0,1.0,0.0,100.0,1.0,0.0
112,actuated,15,15,71.86564337952393,32.66620153614724,4010906.961230119,572986.7087471599,9237.0,191.6390041493776,74517.36680279933,1546.0034606389902,48.2,1.1585585452926799,62.802895973258536,44.0,24,2.0230830057387093,0.9128630705394191,62.802895973258536,100.0,4.800000000000001,0.6857142857142858,1.5406805557768537,0.0,7,28.22310244429218,0.6,2.0106554459122314,100.0,1.0,0.0,0.0,0.0,0.0,100.0,1.0,0.0,11.397169368517552,0.2,8.774108444525744,100.0,1.0,0.0,100.0,1.0,0.0
113,actuated,15,15,228.45469087514667,87.86718879813333,4053815.7277722494,579116.5325388928,9460.0,194.65020576131687,75228.10818702097,1547.9034606382918,48.6,0.8047695334424679,58.736759275349996,45.4,22,1.2889426615432098,0.934156378600823,58.736759275349996,100.0,4.4,0.6285714285714287,1.1411544150143842,0.0,7,0.0,0.0,0.0,100.0,1.0,0.0,0.0,0.0,0.0,100.0,1.0,0.0,11.157314927449988,0.4,7.98808090510069,100.0,1.0,0.0,100.0,1.0,0.0
114,actuated,15,15,777.8564341712813,216.0712317142448,3007497.7919705813,429642.541710083,9687.2,194.52208835341366,77738.28459034643,1561.0097307298481,49.8,1.000512843700897,57.142857142857146,46.2,20,1.7068202805722708,0.927710843373494,57.142857142857146,100.0,4.0,0.5714285714285714,0.0,0.0,7,0.0,0.0,0.0,100.0,1.0,0.0,0.0,0.0,0.0,100.0,1.0,0.0,0.0,0.0,0.0,100.0,1.0,0.0,100.0,1.0,0.0
115,actuated,15,15,122.74473834610372,40.91491278203457,3594056.2626739843,513436.6089534263,9919.8,198.396,79516.34375053213,1590.3268750106427,50.0,1.765931753638487,58.71012302053422,46.8,21,2.791691776835121,0.936,58.71012302053422,100.0,4.2,0.6,1.3021506788340298,0.0,7,10.970861143739512,0.2,9.115054751838208,100.0,1.0,0.0,0.0,0.0,0.0,100.0,1.0,0.0,0.0,0.0,0.0,100.0,1.0,0.0,100.0,1.0,0.0
116,actuated,15,15,188.381958388363,67.27927085298678,4000489.930894608,571498.5615563726,10147.0,206.239837398374,76689.15622527958,1558.7226875056824,49.2,2.4969247178287572,58.75709396318403,46.0,21,4.514035440896376,0.9349593495934959,58.75709396318403,100.0,4.2,0.6,1.2642607954620562,0.0,7,0.0,0.0,0.0,100.0,1.0,0.0,11.299657742288218,0.2,8.849825568234394,100.0,1.0,0.0,0.0,0.0,0.0,100.0,1.0,0.0,100.0,1.0,0.0
117,actuated,15,15,205.01070454158875,78.85027097753414,4023226.5028566113,574746.6432652302,10380.2,208.43775100401606,76573.34547602078,1537.617379036562,49.8,2.3166078482688026,67.24715471544252,47.4,24,4.782745859502893,0.9518072289156626,67.24715471544252,100.0,4.8,0.6857142857142857,0.7530757255415713,0.0,7,0.0,0.0,0.0,100.0,1.0,0.0,0.0,0.0,0.0,100.0,1.0,0.0,70.73008300809761,0.8,5.271530078790999,100.0,1.0,0.0,100.0,1.0,0.0
118,actuated,15,15,676.157401676204,211.29918802381374,3202872.0554023217,457553.15077176027,10619.2,208.21960784313725,78458.1252244965,1538.3946122450293,51.0,2.2700915214050843,71.42857142857143,48.4,25,4.773526094923302,0.9490196078431372,71.42857142857143,100.0,5.0,0.7142857142857143,0.0,0.0,7,0.0,0.0,0.0,100.0,1.0,0.0,0.0,0.0,0.0,100.0,1.0,0.0,100.0,1.0,0.0,100.0,1.0,0.0,100.0,1.0,0.0
119,actuated,15,15,309.1811843504819,140.53690197749177,3887113.890494009,555301.984356287,10865.0,208.1417624521073,80685.42808705334,1545.697856073819,52.2,0.8069262274678517,71.42857142857143,50.2,25,2.3831969954302195,0.9616858237547893,71.42857142857143,100.0,5.0,0.7142857142857143,0.0,0.0,7,0.0,0.0,0.0,100.0,1.0,0.0,0.0,0.0,0.0,100.0,1.0,0.0,100.0,1.0,0.0,100.0,1.0,0.0,100.0,1.0,0.0
120,actuated,15,15,283.83762733330326,118.26567805554303,6417060.015308175,916722.8593297394,11115.6,209.72830188679245,80852.9440388539,1525.5272460161111,53.0,0.5823255682929985,82.84351423670321,50.4,29,1.0799260346271617,0.9509433962264151,82.84351423670321,100.0,5.8,0.8285714285714285,0.5277440235588308,0.0,7,0.0,0.0,0.0,100.0,1.0,0.0,79.90459965692253,0.8,3.6942081649118155,100.0,1.0,0.0,100.0,1.0,0.0,100.0,1.0,0.0,100.0,1.0,0.0
121,actuated,15,15,105.42189743959143,52.71094871979572,5104046.714547642,729149.5306496631,11370.0,214.52830188679246,82551.17267946525,1557.569295838967,53.0,0.9414267979833801,85.71428571428571,51.0,30,1.941923749087846,0.9622641509433962,85.71428571428571,100.0,6.0,0.8571428571428571,0.0,0.0,7,0.0,0.0,0.0,100.0,1.0,0.0,100.0,1.0,0.0,100.0,1.0,0.0,100.0,1.0,0.0,100.0,1.0,0.0,100.0,1.0,0.0
122,actuated,15,15,821.6758131722039,293.4556475615014,4002002.8291991735,571714.6898855962,11023.6,204.14074074074074,83126.05671642207,1539.3714206744828,54.0,1.2463099710853842,84.03511455831676,50.2,32,2.748878496638052,0.9296296296296296,84.03511455831676,100.0,6.4,0.9142857142857144,1.2006751080974933,0.0,7,8.245801908217345,0.4,8.404725756682453,80.0,1.0,0.0,100.0,1.0,0.0,100.0,1.0,0.0,100.0,1.0,0.0,100.0,1.0,0.0,100.0,1.0,0.0
123,actuated,15,15,700.9555043887517,166.89416771160754,2800700.9555043885,400100.1365006269,9714.2,179.8925925925926,84748.46654491275,1569.4160471280138,54.0,2.232728758936602,78.59317707326421,46.6,28,4.768315656207703,0.8629629629629629,78.59317707326421,100.0,5.6,0.7999999999999999,0.2834912375302564,0.0,7,0.0,0.0,0.0,50.15223951284952,0.6,1.9844386627117947,100.0,1.0,0.0,100.0,1.0,0.0,100.0,1.0,0.0,100.0,1.0,0.0,100.0,1.0,0.0
124,actuated,15,15,606.5441825586961,126.36337136639503,2200606.5441825585,314372.3634546512,7490.2,137.6875,85494.0141756675,1571.5811429350642,54.4,1.6911435308509175,76.90641006022881,41.6,28,3.769608026092108,0.7647058823529411,76.90641006022881,100.0,5.6,0.7999999999999999,0.32161235926786735,0.0,7,0.0,0.0,0.0,100.0,1.0,0.0,100.0,1.0,0.0,38.34487042160163,0.6,2.2512865148750714,100.0,1.0,0.0,100.0,1.0,0.0,100.0,1.0,0.0
125,actuated,15,15,1081.6148715312966,245.8215617116583,1412707.123081576,201815.30329736802,5843.0,106.23636363636363,81465.97962475968,1481.1996295410852,55.0,0.6305915842996757,82.85714285714286,40.8,30,0.9510667971730453,0.7418181818181818,82.85714285714286,100.0,6.0,0.8571428571428571,0.0,0.0,7,0.0,0.0,0.0,100.0,1.0,0.0,100.0,1.0,0.0,100.0,1.0,0.0,100.0,1.0,0.0,80.0,1.0,0.0,100.0,1.0,0.0
126,actuated,15,15,926.014508318119,210.4578427995725,1520573.1603554578,217224.73719363683,3979.4,71.06071428571428,86153.40248031948,1538.4536157199907,56.0,0.9748261857235606,77.67932575810099,42.2,28,1.8546999252156033,0.7535714285714286,77.67932575810099,100.0,5.6,0.7999999999999999,0.23794200337738713,0.0,7,0.0,0.0,0.0,100.0,1.0,0.0,100.0,1.0,0.0,100.0,1.0,0.0,100.0,1.0,0.0,43.755280306706936,0.6,1.66559402364171,100.0,1.0,0.0
127,actuated,15,15,703.84877925045,159.96563164782953,1625296.7809024039,232185.25441462913,3681.2,64.58245614035087,88569.83196775036,1553.8567011886028,57.0,1.4074777107429168,87.32468760726339,45.6,31,2.657861985858002,0.8,87.32468760726339,100.0,6.2,0.8857142857142858,1.2672714403962215,0.0,7,11.272813250843683,0.2,8.87090008277355,100.0,1.0,0.0,100.0,1.0,0.0,100.0,1.0,0.0,100.0,1.0,0.0,100.0,1.0,0.0,100.0,1.0,0.0
128,actuated,6,15,677.1592462495157,199.16448419103403,2727581.8569627185,389654.5509946741,3529.4,62.57801418439716,87031.13896454647,1543.105300789831,56.4,0.5115383135709323,77.14285714285714,45.0,29,0.8607364549962281,0.7978723404255319,77.14285714285714,100.0,5.8,0.8285714285714285,0.0,0.0,7,0.0,0.0,0.0,100.0,1.0,0.0,60.0,0.8,0.0,100.0,1.0,0.0,80.0,1.0,0.0,100.0,1.0,0.0,100.0,1.0,0.0
129,actuated,6,6,354.95571244464907,118.31857081488302,3753343.633335802,536191.9476194002,3604.8,64.83453237410072,88987.32343464345,1600.4914286806375,55.6,0.7171725080424155,66.67816781759777,44.0,26,1.0005507996663483,0.7913669064748201,66.67816781759777,100.0,5.2,0.7428571428571429,0.5705074926833233,0.0,7,0.0,0.0,0.0,100.0,1.0,0.0,28.470441982992725,0.6,1.8336419819868004,100.0,1.0,0.0,38.27673274019162,0.6,2.159910466796463,100.0,1.0,0.0,100.0,1.0,0.0
130,actuated,6,6,401.1857249549999,117.99580145735291,4674486.716166028,667783.8165951468,3825.0,71.62921348314607,84453.1070417769,1581.5188584602413,53.4,1.1215002482452585,61.10586784570712,44.8,25,1.4645461514231124,0.8389513108614233,61.10586784570712,100.0,5.0,0.7142857142857143,1.0651889182194938,0.0,7,0.0,0.0,0.0,100.0,1.0,0.0,8.161084738078443,0.4,3.5200090947574756,100.0,1.0,0.0,19.57999018187138,0.6,3.936313332778981,100.0,1.0,0.0,100.0,1.0,0.0
131,actuated,6,6,42.16341062803625,21.081705314018127,5409306.212057811,772758.030293973,3996.8,77.45736434108527,82701.916118508,1602.7503123741863,51.6,1.2722375882049253,59.45515985749872,47.0,25,2.073739594963617,0.9108527131782945,59.45515985749872,100.0,5.0,0.7142857142857143,1.998738930628574,0.0,7,0.2222498881019419,0.2,8.329466365743428,100.0,1.0,0.0,0.0,0.0,0.0,100.0,1.0,0.0,15.963869114389126,0.8,5.66170614865659,100.0,1.0,0.0,100.0,1.0,0.0
132,actuated,6,6,418.9450454008893,174.56043558370388,5603791.328635715,800541.6183765307,3085.4,62.71138211382114,76564.12959761666,1556.1814958865175,49.2,1.4080571886523625,50.54872252255661,44.4,21,3.1227984674721316,0.9024390243902439,50.54872252255661,100.0,4.2,0.6,1.0321259139878187,0.0,7,0.0,0.2,0.0,100.0,1.0,0.0,0.0,0.0,0.0,100.0,1.0,0.0,13.841057657896272,0.4,7.22488139791473,100.0,1.0,0.0,40.0,0.6,0.0
133,actuated,6,6,528.0731974984863,176.02439916616208,4901917.984999454,700273.9978570648,1915.6,39.25409836065574,78850.52063623372,1615.7893572998714,48.8,0.37118036138309773,49.240246731343895,40.0,19,0.5262797474746224,0.819672131147541,49.240246731343895,100.0,3.8,0.5428571428571428,0.41915782030217247,0.0,7,0.0,0.0,0.0,100.0,1.0,0.0,0.0,0.0,0.0,100.0,1.0,0.0,0.0,0.0,0.0,100.0,1.0,0.0,44.68172711940724,0.8,2.934104742115207
134,actuated,6,6,398.54796836844343,110.70776899123429,3013638.858805609,430519.8369722298,1382.6,28.56611570247934,79195.66179596532,1636.2740040488704,48.4,1.115731361587832,44.78716413458382,37.0,18,1.407176010074676,0.7644628099173554,44.78716413458382,100.0,3.6,0.5142857142857143,0.6066684541217983,0.0,7,0.0,0.0,0.0,100.0,1.0,0.0,0.0,0.0,0.0,100.0,1.0,0.0,0.0,0.0,0.0,100.0,1.0,0.0,13.510148942086744,0.6,4.246679178852588
135,actuated,6,6,372.1082731484233,93.02706828710582,2884032.067492401,412004.58107034303,1570.8,31.542168674698797,79379.8084882889,1593.972057997769,49.8,1.6389293980710269,59.6383807647674,39.2,22,2.2330664420979294,0.7871485943775101,59.6383807647674,100.0,4.4,0.6285714285714287,2.450667081508072,0.0,7,0.0,0.0,0.0,100.0,1.0,0.0,16.408423407001465,0.2,4.6113407545673075,100.0,1.0,0.0,8.09411721751303,0.2,8.18883168771863,100.0,1.0,0.0,92.96612472885727,1.0,4.354497128270566
136,actuated,6,6,213.08791427969965,71.02930475989989,3182782.649840743,454683.2356915347,1777.6,35.130434782608695,78521.87452462294,1551.815702067647,50.6,1.040141636286847,72.96125853176429,43.4,27,1.8926439856768635,0.857707509881423,72.96125853176429,100.0,5.4,0.7714285714285715,1.3315283480099993,0.0,7,0.0,0.0,0.0,100.0,1.0,0.0,100.0,1.0,0.0,100.0,1.0,0.0,10.728809722349979,0.4,9.320698436069994,100.0,1.0,0.0,100.0,1.0,0.0
137,actuated,6,6,629.0513316162543,165.5398241095406,3200629.051331617,457232.7216188024,1999.8,38.6061776061776,81104.18741566589,1565.7179037773337,51.8,0.8378437830262376,71.87152711945535,46.6,26,1.1650993783345203,0.8996138996138996,71.87152711945535,100.0,5.2,0.7428571428571429,1.0130584265384144,0.0,7,3.1006898361874846,0.2,7.091408985768901,100.0,1.0,0.0,100.0,1.0,0.0,100.0,1.0,0.0,0.0,0.0,0.0,100.0,1.0,0.0,100.0,1.0,0.0
138,actuated,6,6,482.65332207546,160.88444069182,2819831.0886765067,402833.01266807236,2223.6,41.95471698113207,82656.27109593323,1559.5522848289288,53.0,0.8443428938483338,85.71428571428571,48.6,30,1.5554611399865175,0.9169811320754717,85.71428571428571,100.0,6.0,0.8571428571428571,0.0,0.0,7,100.0,1.0,0.0,100.0,1.0,0.0,100.0,1.0,0.0,100.0,1.0,0.0,0.0,0.0,0.0,100.0,1.0,0.0,100.0,1.0,0.0
139,actuated,6,6,662.467134048595,174.33345632857763,4064968.511724937,580709.7873892767,2468.2,46.048507462686565,84476.5343159391,1576.0547447003564,53.6,1.2612655797464571,87.32269541260492,49.2,31,2.1715365318620057,0.917910447761194,87.32269541260492,100.0,6.2,0.8857142857142858,1.2688410973045532,0.0,7,100.0,1.0,0.0,100.0,1.0,0.0,100.0,1.0,0.0,100.0,1.0,0.0,11.258867888234363,0.2,8.881887681131872,100.0,1.0,0.0,100.0,1.0,0.0
140,actuated,6,6,124.64499994032249,56.65681815469204,4297142.978433065,613877.5683475807,2718.2,51.48106060606061,82081.36012230205,1554.571214437539,52.8,1.514426696181666,86.92408396605515,50.6,32,3.265352612676029,0.9583333333333334,86.92408396605515,100.0,6.4,0.9142857142857144,1.1821277761964926,0.0,7,100.0,1.0,0.0,100.0,1.0,0.0,100.0,1.0,0.0,100.0,1.0,0.0,8.46858776238605,0.4,8.274894433375447,100.0,1.0,0.0,100.0,1.0,0.0
141,actuated,6,6,66.1257764398269,47.23269745701921,5206081.3688088935,743725.9098298419,2973.2,56.95785440613027,78759.85866009121,1508.8095528753104,52.2,1.6998357393705354,85.71428571428571,51.4,30,4.397349038160869,0.9846743295019157,85.71428571428571,100.0,6.0,0.8571428571428571,0.0,0.0,7,100.0,1.0,0.0,100.0,1.0,0.0,100.0,1.0,0.0,100.0,1.0,0.0,0.0,0.0,0.0,100.0,1.0,0.0,100.0,1.0,0.0
142,actuated,6,6,148.0880600103865,123.40671667532209,5463110.611517019,780444.3730738598,3232.0,60.298507462686565,82389.15870200019,1537.1111698134364,53.6,0.2997092510917692,85.71428571428571,52.2,30,0.8015064205087444,0.9738805970149254,85.71428571428571,100.0,6.0,0.8571428571428571,0.0,0.0,7,100.0,1.0,0.0,100.0,1.0,0.0,100.0,1.0,0.0,100.0,1.0,0.0,0.0,0.0,0.0,100.0,1.0,0.0,100.0,1.0,0.0
143,actuated,6,6,188.61057857830025,94.30528928915012,5000188.610578577,714312.6586540825,3492.0,64.66666666666667,83835.37837678801,1552.5070069775556,54.0,0.8432251294345727,85.71428571428571,52.0,30,1.8690034664985566,0.9629629629629629,85.71428571428571,100.0,6.0,0.8571428571428571,0.0,0.0,7,100.0,1.0,0.0,100.0,1.0,0.0,100.0,1.0,0.0,100.0,1.0,0.0,0.0,0.0,0.0,100.0,1.0,0.0,100.0,1.0,0.0
144,actuated,6,6,236.05231554687543,107.29650706676155,4800236.052315546,685748.0074736495,3752.0,68.97058823529412,85051.64512676111,1563.4493589478145,54.4,1.3525482453923496,87.2260730187814,52.2,32,2.8786890103497593,0.9595588235294118,87.2260730187814,100.0,6.4,0.9142857142857144,1.2727103577128478,0.0,7,100.0,1.0,0.0,100.0,1.0,0.0,100.0,1.0,0.0,100.0,1.0,0.0,10.5825111314698,0.4,8.908972503989935,100.0,1.0,0.0,100.0,1.0,0.0
145,actuated,7,6,509.20681656992645,212.16950690413603,3309932.1164179677,472847.4452025668,3858.6,69.90217391304348,84400.73926375309,1528.9988997056719,55.2,0.2954784452788697,80.0,50.6,29,0.7999715974214049,0.9166666666666666,80.0,100.0,5.8,0.8285714285714285,0.0,0.0,7,100.0,1.0,0.0,100.0,1.0,0.0,100.0,1.0,0.0,100.0,1.0,0.0,0.0,0.0,0.0,100.0,1.0,0.0,60.0,0.8,0.0
146,actuated,7,7,506.34306311272974,148.92443032727346,3876690.714890077,553812.9592700109,3875.4,69.70143884892086,89184.52289166093,1604.038181504693,55.6,0.4321634169704766,75.89783329600745,47.4,28,0.5214408329997883,0.8525179856115108,75.89783329600745,100.0,5.6,0.7999999999999999,0.29374126241087334,0.0,7,100.0,1.0,0.0,100.0,1.0,0.0,100.0,1.0,0.0,100.0,1.0,0.0,0.0,0.0,0.0,100.0,1.0,0.0,31.28483307205215,0.6,2.0561888368761134
147,actuated,7,7,339.0715912550111,94.18655312639198,3005197.733691215,429313.96195588785,3960.8,72.80882352941177,87639.89771203256,1611.0275314711866,54.4,0.8258643719722051,73.56102176811744,43.8,29,1.0227167511205881,0.8051470588235294,73.56102176811744,100.0,5.8,0.8285714285714285,0.5491188861174682,0.0,7,100.0,1.0,0.0,100.0,1.0,0.0,100.0,1.0,0.0,100.0,1.0,0.0,0.0,0.0,0.0,100.0,1.0,0.0,14.92715237682205,0.8,3.8438322028222776
148,actuated,7,7,169.07713368881392,56.359044562937974,4017477.8498538644,573925.4071219807,4168.0,78.34586466165413,85950.07330769917,1615.6028817236686,53.2,1.1835415277642538,75.87102448959611,44.2,29,1.638062690757539,0.8308270676691729,75.87102448959611,100.0,5.8,0.8285714285714285,1.922375506814576,0.0,7,100.0,1.0,0.0,100.0,1.0,0.0,100.0,1.0,0.0,100.0,1.0,0.0,11.544793793034387,0.2,8.661913048662292,100.0,1.0,0.0,19.552377634138338,0.6,4.794715499039739
149,actuated,7,7,229.32963949908762,143.33102468692977,4920076.643487201,702868.091926743,4391.6,84.13026819923371,78884.40705053613,1511.1955373665926,52.2,0.6399074211739642,74.19468019011609,45.6,28,1.393025471466865,0.8735632183908046,74.19468019011609,100.0,5.6,0.7999999999999999,0.6733073963597418,0.0,7,100.0,1.0,0.0,100.0,1.0,0.0,100.0,1.0,0.0,100.0,1.0,0.0,0.0,0.0,0.0,100.0,1.0,0.0,19.362761330812646,0.6,4.713151774518193
150,actuated,7,7,379.61036386293483,189.80518193146742,5458506.694907336,779786.670701048,4621.0,87.18867924528301,81279.68167926115,1533.578899608701,53.0,0.5723480254669597,74.39742711928473,46.6,29,1.248988706247075,0.879245283018868,74.39742711928473,100.0,5.8,0.8285714285714285,0.6289868938396018,0.0,7,100.0,1.0,0.0,100.0,1.0,0.0,100.0,1.0,0.0,100.0,1.0,0.0,0.0,0.0,0.0,100.0,1.0,0.0,20.781989834993055,0.8,4.402908256877213
151,actuated,7,7,364.1903392628771,121.39677975429237,4000364.190339262,571480.5986198946,4851.2,91.18796992481202,83277.23714694667,1565.3616005065164,53.2,0.7808786855466598,72.44550502548203,46.4,27,1.2910496134752618,0.8721804511278195,72.44550502548203,100.0,5.4,0.7714285714285715,0.6035223721282422,0.0,7,100.0,1.0,0.0,100.0,1.0,0.0,100.0,1.0,0.0,100.0,1.0,0.0,0.0,0.0,0.0,100.0,1.0,0.0,7.118535178374259,0.4,4.224656604897696
152,actuated,7,7,544.7273178036861,151.31314383435725,3400544.727317804,485792.10390254343,5081.0,95.1498127340824,83936.55062492915,1571.8455173207706,53.4,1.0259363163175597,76.15989990421993,46.4,28,1.4132067780270259,0.8689138576779026,76.15989990421993,100.0,5.6,0.7999999999999999,0.6411475814230337,0.0,7,100.0,1.0,0.0,100.0,1.0,0.0,100.0,1.0,0.0,100.0,1.0,0.0,0.0,0.0,0.0,100.0,1.0,0.0,33.119299329539444,0.6,4.4880330699612365
153,actuated,7,7,402.521257959776,143.75759212849144,3054565.614446168,436366.51634945255,5312.2,100.23018867924529,80080.4834647626,1510.9525182030677,53.0,0.637681426342054,84.46297028626272,47.0,31,1.1677879049543172,0.8867924528301887,84.46297028626272,100.0,6.2,0.8857142857142858,0.7629314356571012,0.0,7,100.0,1.0,0.0,100.0,1.0,0.0,100.0,1.0,0.0,100.0,1.0,0.0,91.24079200383903,1.0,5.340520049599708,100.0,1.0,0.0,0.0,0.2,0.0
154,actuated,7,7,131.57238362185228,73.09576867880682,5441273.115868212,777324.7308383159,5551.0,103.95131086142322,82361.01939195287,1542.3411871152223,53.4,0.5704029641201684,86.59305002539766,48.2,32,1.1916562757280451,0.9026217228464419,86.59305002539766,100.0,6.4,0.9142857142857144,0.5938093912095896,0.0,7,100.0,1.0,0.0,100.0,1.0,0.0,100.0,1.0,0.0,100.0,1.0,0.0,100.0,1.0,0.0,100.0,1.0,0.0,6.15135017778357,0.4,4.156665738467128
155,actuated,7,7,626.8181693198969,261.17423721662374,4210546.362990756,601506.6232843937,5793.0,104.5667870036101,86195.88980267814,1555.8824874129627,55.4,0.5884041588037596,87.92250575803693,49.4,32,1.2982330461111617,0.8916967509025271,87.92250575803693,100.0,6.4,0.9142857142857144,0.5462060164191893,0.0,7,100.0,1.0,0.0,100.0,1.0,0.0,100.0,1.0,0.0,100.0,1.0,0.0,100.0,1.0,0.0,100.0,1.0,0.0,15.45754030625858,0.4,3.823442114934325
156,actuated,7,7,565.4306646227803,157.06407350632787,3200831.478775958,457261.63982513687,6038.0,105.9298245614035,88841.25366359387,1558.6184853262084,57.0,0.7605689138735267,88.14567213466684,49.4,32,1.239668136228569,0.8666666666666667,88.14567213466684,100.0,6.4,0.9142857142857144,0.573590355055117,0.0,7,100.0,1.0,0.0,100.0,1.0,0.0,100.0,1.0,0.0,100.0,1.0,0.0,100.0,1.0,0.0,100.0,1.0,0.0,17.019704942667886,0.4,4.015132485385819
157,actuated,7,7,303.565534393607,89.28398070400206,3013679.2425981127,430525.6060854447,6283.6,111.41134751773049,88619.89320088249,1571.2747021433065,56.4,0.8856850374767165,87.72378918331209,49.6,32,1.2927096436898229,0.8794326241134752,87.72378918331209,100.0,6.4,0.9142857142857144,0.7640347618934299,0.0,7,100.0,1.0,0.0,100.0,1.0,0.0,100.0,1.0,0.0,100.0,1.0,0.0,100.0,1.0,0.0,100.0,1.0,0.0,14.066524283184663,0.4,5.348243333254009
158,actuated,7,7,154.49235966366027,96.55772478978766,4909509.902736933,701358.5575338475,6536.2,115.07394366197182,85355.99521695924,1502.7463946647754,56.8,0.6033007367223155,86.7407778283213,51.8,32,1.3263558940791942,0.9119718309859155,86.7407778283213,100.0,6.4,0.9142857142857144,0.5887492973831083,0.0,7,100.0,1.0,0.0,100.0,1.0,0.0,100.0,1.0,0.0,100.0,1.0,0.0,100.0,1.0,0.0,100.0,1.0,0.0,7.1854447982491365,0.4,4.121245081681758
159,actuated,7,7,235.6354085825351,117.81770429126755,5000235.635408582,714319.3764869403,6796.0,117.57785467128028,88906.17054399988,1538.169040553631,57.8,0.6299856056138626,86.99982818957844,52.2,32,1.348258301657696,0.903114186851211,86.99982818957844,100.0,6.4,0.9142857142857144,0.6156532442936934,0.0,7,100.0,1.0,0.0,100.0,1.0,0.0,100.0,1.0,0.0,100.0,1.0,0.0,100.0,1.0,0.0,100.0,1.0,0.0,8.998797327049033,0.4,4.309572710055853
160,actuated,7,7,111.40134839727088,55.70067419863544,5000111.401348397,714301.6287640567,7057.4,120.8458904109589,90418.23694655986,1548.2574819616414,58.4,0.56634950355409,87.94724276398127,53.0,33,1.0154597424058522,0.9075342465753424,87.94724276398127,100.0,6.6,0.9428571428571428,0.7439153260269336,0.0,7,100.0,1.0,0.0,100.0,1.0,0.0,100.0,1.0,0.0,100.0,1.0,0.0,100.0,1.0,0.0,100.0,1.0,0.0,15.630699347868813,0.6,5.207407282188535
161,actuated,7,7,700.3802225483372,269.3770086724374,3844439.7201783545,549205.6743111935,7328.4,119.74509803921569,93679.33384481796,1530.7080693597704,61.2,0.36621147480703536,100.0,55.8,35,0.6732988221053793,0.9117647058823529,100.0,100.0,7.0,1.0,0.0,0.0,7,100.0,1.0,0.0,100.0,1.0,0.0,100.0,1.0,0.0,100.0,1.0,0.0,100.0,1.0,0.0,100.0,1.0,0.0,100.0,1.0,0.0
162,actuated,7,7,452.44777240440317,150.81592413480107,4000452.4477724046,571493.2068246292,7608.6,121.9326923076923,96332.10294949195,1543.783701113653,62.4,0.36952920130757405,100.0,56.6,35,0.5563495728404722,0.907051282051282,100.0,100.0,7.0,1.0,0.0,0.0,7,100.0,1.0,0.0,100.0,1.0,0.0,100.0,1.0,0.0,100.0,1.0,0.0,100.0,1.0,0.0,100.0,1.0,0.0,100.0,1.0,0.0
163,actuated,0,7,837.3049845877192,279.1016615292397,3546638.7656988353,506662.68081411935,7263.4,117.53074433656958,93822.37665243424,1518.1614345054084,61.8,0.26420743053232276,88.57142857142857,54.2,33,0.40589929922792956,0.8770226537216829,88.57142857142857,100.0,6.6,0.9428571428571428,0.0,0.0,7,100.0,1.0,0.0,100.0,1.0,0.0,60.0,0.8,0.0,100.0,1.0,0.0,60.0,0.8,0.0,100.0,1.0,0.0,100.0,1.0,0.0
164,actuated,0,0,247.11507693324907,82.37169231108302,5163804.321876204,737686.3316966005,7112.2,116.59344262295082,97555.78737019497,1599.2752027900815,61.0,0.6046897163981464,79.46819487327762,49.4,31,0.8744320130706248,0.8098360655737705,79.46819487327762,100.0,6.2,0.8857142857142858,0.5176185439902771,0.0,7,100.0,1.0,0.0,100.0,1.0,0.0,27.68946325510342,0.6,1.6432766119163282,100.0,1.0,0.0,28.58790085783994,0.6,1.9800531960156111,100.0,1.0,0.0,100.0,1.0,0.0
165,actuated,0,0,267.6746277377412,89.2248759125804,4000267.6746277376,571466.8106611053,7311.0,123.91525423728814,95285.87120108759,1615.0147661201288,59.0,1.1628937041995908,78.84829197725723,49.2,31,1.8020244110659631,0.8338983050847457,78.84829197725723,100.0,6.2,0.8857142857142858,1.0477077858245565,0.0,7,100.0,1.0,0.0,100.0,1.0,0.0,39.322718629935025,0.8,3.727484334992878,100.0,1.0,0.0,12.615325210865649,0.4,3.6064701657790175,100.0,1.0,0.0,100.0,1.0,0.0
166,actuated,0,0,398.78147498752776,132.9271583291759,4000398.781474988,571485.5402107126,7559.6,131.70034843205576,92391.03337719291,1609.5998846200857,57.4,1.75432525946668,75.78192033530026,50.4,30,2.878714076692579,0.8780487804878049,75.78192033530026,100.0,6.0,0.8571428571428571,2.1034487497895467,0.0,7,100.0,1.0,0.0,100.0,1.0,0.0,19.31210506921616,0.8,5.764641368693115,100.0,1.0,0.0,11.16133727788565,0.2,8.95949987983371,100.0,1.0,0.0,100.0,1.0,0.0
167,actuated,0,0,409.0191395683452,170.42464148681051,4117461.318497222,588208.7597853175,7815.2,140.0573476702509,86864.35040089847,1556.7087885465678,55.8,1.9134520548561522,72.62474086498969,52.0,28,3.8282045538999325,0.931899641577061,72.62474086498969,100.0,5.6,0.7999999999999999,0.9203743135976475,0.0,7,100.0,1.0,0.0,100.0,1.0,0.0,8.373186054927828,0.6,6.442620195183533,100.0,1.0,0.0,0.0,0.0,0.0,100.0,1.0,0.0,100.0,1.0,0.0
168,actuated,0,0,292.4300520015748,97.47668400052493,4000292.430052001,571470.3471502858,8075.0,146.8181818181818,86570.97575700292,1574.0177410364165,55.0,1.5373227540323775,73.0007364746783,52.0,26,2.7706518738302766,0.9454545454545454,73.0007364746783,100.0,5.2,0.7428571428571429,1.2980929270652914,0.0,7,100.0,1.0,0.0,100.0,1.0,0.0,11.005155322748124,0.2,9.08665048945704,100.0,1.0,0.0,0.0,0.0,0.0,100.0,1.0,0.0,100.0,1.0,0.0
169,actuated,0,0,23.3496126152057,11.67480630760285,5266032.602099011,752290.3717284302,8336.2,153.80442804428046,83412.92549946345,1538.9838653037539,54.2,2.664420741958487,71.42857142857143,52.6,25,4.708145274552807,0.9704797047970479,71.42857142857143,100.0,5.0,0.7142857142857143,0.0,0.0,7,100.0,1.0,0.0,100.0,1.0,0.0,0.0,0.0,0.0,100.0,1.0,0.0,0.0,0.0,0.0,100.0,1.0,0.0,100.0,1.0,0.0
170,actuated,0,0,72.34234616424487,40.190192313469375,5200072.342346165,742867.4774780236,8601.0,156.95255474452554,84950.37797208838,1550.1893790527076,54.8,1.7417526868640312,71.71289668891404,53.2,27,3.681327986278333,0.9708029197080292,71.71289668891404,100.0,5.4,0.7714285714285715,1.2744772587104567,0.0,7,100.0,1.0,0.0,100.0,1.0,0.0,0.0,0.0,0.0,100.0,1.0,0.0,1.9902768223983003,0.4,8.921340810973197,100.0,1.0,0.0,100.0,1.0,0.0
171,actuated,0,0,84.1878918190426,46.77105101057922,5200084.1878918195,742869.1696988314,8866.0,162.38095238095238,83964.21465911985,1537.8061292879095,54.6,1.3649697198617672,71.42857142857143,53.2,25,3.3565843141532774,0.9743589743589743,71.42857142857143,100.0,5.0,0.7142857142857143,0.0,0.0,7,100.0,1.0,0.0,100.0,1.0,0.0,0.0,0.0,0.0,100.0,1.0,0.0,0.0,0.0,0.0,100.0,1.0,0.0,100.0,1.0,0.0
172,actuated,0,0,49.10074254398976,24.55037127199488,5000049.100742545,714292.7286775064,9131.0,166.01818181818183,85599.88262024139,1556.361502186207,55.0,1.3534578114641562,71.42857142857143,53.0,25,2.4185635216545966,0.9636363636363636,71.42857142857143,100.0,5.0,0.7142857142857143,0.0,0.0,7,100.0,1.0,0.0,100.0,1.0,0.0,0.0,0.0,0.0,100.0,1.0,0.0,0.0,0.0,0.0,100.0,1.0,0.0,100.0,1.0,0.0
173,actuated,0,0,167.37989568551208,76.08177076614184,4600481.182882071,657211.5975545815,9396.0,170.2173913043478,86354.68226513863,1564.3964178467143,55.2,2.417431603787467,72.96622998399828,53.2,26,4.181269913808376,0.9637681159420289,72.96622998399828,100.0,5.2,0.7428571428571429,1.3272233418322728,0.0,7,100.0,1.0,0.0,100.0,1.0,0.0,10.763609887987968,0.2,9.29056339282591,100.0,1.0,0.0,0.0,0.0,0.0,100.0,1.0,0.0,100.0,1.0,0.0
174,actuated,0,0,357.2077597258487,119.06925324194957,4000357.207759726,571479.6011085323,9661.0,176.29562043795622,84947.05801544475,1550.1287959022766,54.8,3.3824372690852376,72.77991397521419,53.0,27,5.456486988977676,0.9671532846715328,72.77991397521419,100.0,5.4,0.7714285714285715,1.2394498012693866,0.0,7,100.0,1.0,0.0,100.0,1.0,0.0,0.0,0.0,0.0,100.0,1.0,0.0,9.459397826499298,0.4,8.676148608885706,100.0,1.0,0.0,100.0,1.0,0.0
175,actuated,0,0,67.64733390508654,37.58185216949252,6385363.565952392,912194.795136056,9928.0,181.16788321167883,83279.30724620572,1519.695387704484,54.8,2.4708289777299033,71.42857142857143,54.0,25,5.203242103377892,0.9854014598540146,71.42857142857143,100.0,5.0,0.7142857142857143,0.0,0.0,7,100.0,1.0,0.0,100.0,1.0,0.0,0.0,0.0,0.0,100.0,1.0,0.0,0.0,0.0,0.0,100.0,1.0,0.0,100.0,1.0,0.0
176,actuated,0,0,77.95643062865345,43.309128127029695,5000485.742563697,714355.1060805281,10198.0,181.4590747330961,86571.46695606157,1540.4175614957574,56.2,0.9736017566190234,71.42857142857143,54.4,25,2.5150472902346284,0.9679715302491103,71.42857142857143,100.0,5.0,0.7142857142857143,0.0,0.0,7,100.0,1.0,0.0,100.0,1.0,0.0,0.0,0.0,0.0,100.0,1.0,0.0,0.0,0.0,0.0,100.0,1.0,0.0,100.0,1.0,0.0
177,actuated,0,0,484.4507354271544,173.0181197954123,4001721.5555235646,571674.5079319378,10468.0,183.64912280701753,88498.168743105,1552.599451633421,57.0,1.3757869570055576,71.42857142857143,54.0,25,2.3007171045655794,0.9473684210526315,71.42857142857143,100.0,5.0,0.7142857142857143,0.0,0.0,7,100.0,1.0,0.0,100.0,1.0,0.0,0.0,0.0,0.0,100.0,1.0,0.0,0.0,0.0,0.0,100.0,1.0,0.0,100.0,1.0,0.0
178,actuated,0,0,34.08772748413786,17.04386374206893,5640241.6171897715,805748.8024556816,10741.0,188.43859649122808,87904.39471922597,1542.1823634951925,57.0,1.8587106256999693,72.12630058014513,55.0,27,3.1231307599370983,0.9649122807017544,72.12630058014513,100.0,5.4,0.7714285714285715,1.2211608109330492,0.0,7,100.0,1.0,0.0,100.0,1.0,0.0,4.8841040610159325,0.4,8.548125676531344,100.0,1.0,0.0,0.0,0.0,0.0,100.0,1.0,0.0,100.0,1.0,0.0
179,actuated,0,0,170.13616266986133,141.78013555821778,5079264.344490746,725609.1920701066,11018.0,193.2982456140351,86682.4731949717,1520.7451437714333,57.0,0.8921730057051287,72.89835199371802,55.8,27,2.480251295332552,0.9789473684210527,72.89835199371802,100.0,5.4,0.7714285714285715,1.2209857464501899,0.0,7,100.0,1.0,0.0,100.0,1.0,0.0,0.0,0.0,0.0,100.0,1.0,0.0,10.288463956026135,0.4,8.54690022515133,100.0,1.0,0.0,100.0,1.0,0.0
180,actuated,15,0,560.342346251892,350.21396640743245,3855763.7186310156,550823.3883758594,10314.6,181.5950704225352,88222.84584609276,1553.2191170086755,56.8,0.07946905405569757,62.857142857142854,51.6,24,0.14865159265674086,0.9084507042253521,62.857142857142854,100.0,4.8,0.6857142857142857,0.0,0.0,7,60.0,0.8,0.0,100.0,1.0,0.0,0.0,0.0,0.0,100.0,1.0,0.0,0.0,0.0,0.0,100.0,1.0,0.0,80.0,1.0,0.0
181,actuated,15,15,400.89608959670124,105.49897094650034,3200400.8960895967,457200.12801279954,9505.0,169.12811387900356,91636.86616330268,1630.549219987592,56.2,0.5603531029037114,50.48296184441954,43.4,21,0.6094430586551194,0.7722419928825622,50.48296184441954,100.0,4.2,0.6,0.507900100240097,0.0,7,30.482787851201465,0.6,1.705600905742991,100.0,1.0,0.0,0.0,0.0,0.0,100.0,1.0,0.0,0.0,0.0,0.0,100.0,1.0,0.0,22.89794505973532,0.6,1.8496997959376882
182,actuated,15,15,195.87398694895793,48.968496737239484,3000195.873986949,428599.41056956415,9250.6,168.19272727272727,90391.41794110398,1643.4803262018906,55.0,1.2144161584277073,58.23683668532307,38.2,24,1.1984617349239581,0.6945454545454546,58.23683668532307,100.0,4.8,0.6857142857142857,1.0560083130572424,0.0,7,21.268401461868507,0.8,3.75715844369157,100.0,1.0,0.0,0.0,0.0,0.0,100.0,1.0,0.0,0.0,0.0,0.0,100.0,1.0,0.0,86.389455335393,1.0,3.6348997477091265
183,actuated,15,15,376.8533796588904,89.72699515687866,2800376.8533796594,400053.8361970942,9241.8,169.8860294117647,85990.28329296643,1580.7037370030594,54.4,1.5648082922854138,64.50580585983387,39.8,25,1.6896042894153298,0.7316176470588235,64.50580585983387,100.0,5.0,0.7142857142857143,1.9750312000486663,0.0,7,39.927827684991826,0.8,5.214040632714556,100.0,1.0,0.0,11.612813333845224,0.2,8.611177767626106,100.0,1.0,0.0,0.0,0.0,0.0,100.0,1.0,0.0,100.0,1.0,0.0
184,actuated,15,15,724.9624182487399,201.37844951353887,2014838.0724953949,287834.01035648497,8134.0,146.29496402877697,82554.79859954711,1484.7985359630775,55.6,0.5404123065076861,63.659303692894746,43.8,24,0.9724647082353194,0.7877697841726619,63.659303692894746,100.0,4.800000000000001,0.6857142857142858,1.5900845163562602,0.0,7,100.0,1.0,0.0,34.495034387309715,0.6,2.1378598250881975,0.0,0.0,0.0,100.0,1.0,0.0,11.120091462953496,0.2,8.992731789405624,100.0,1.0,0.0,100.0,1.0,0.0
185,actuated,0,15,1080.6419896435498,257.2957118198928,1253336.4016558127,179048.0573794018,6027.2,108.7942238267148,86491.19225417096,1561.2128565734831,55.4,0.5673168391564544,65.71428571428571,41.6,24,0.8121405245345743,0.7509025270758123,65.71428571428571,100.0,4.8,0.6857142857142857,0.0,0.0,7,100.0,1.0,0.0,100.0,1.0,0.0,0.0,0.0,0.0,60.0,0.8,0.0,0.0,0.0,0.0,100.0,1.0,0.0,100.0,1.0,0.0
186,actuated,0,0,683.6626395084668,155.37787261556062,1952112.330861635,278873.1901230907,4075.2,76.31460674157303,84148.79600534507,1575.820149912829,53.4,1.6388051538493724,65.05637525770128,39.4,23,2.3722513229695594,0.7378277153558053,65.05637525770128,100.0,4.6,0.6571428571428571,0.26194387769702976,0.0,7,100.0,1.0,0.0,100.0,1.0,0.0,0.0,0.0,0.0,55.39462680390898,0.6,1.8336071438792083,0.0,0.0,0.0,100.0,1.0,0.0,100.0,1.0,0.0
187,actuated,0,0,537.2709573552663,127.92165651315864,2004478.9274076563,286354.13248680806,2001.8,37.76981132075472,83327.04188073514,1572.208337372361,53.0,2.66605091444756,63.82026467420409,38.6,25,4.026653411573661,0.7283018867924528,63.82026467420409,100.0,5.0,0.7142857142857143,2.862282776357222,0.0,7,100.0,1.0,0.0,100.0,1.0,0.0,10.71977027415869,0.2,9.328558116684846,100.0,1.0,0.0,11.32207967170416,0.2,8.832299621589604,24.700002773565757,0.6,1.875121696226104,100.0,1.0,0.0
188,actuated,0,0,1062.0319743502673,221.25666132297238,1299823.4972128007,185689.07103040008,917.4,17.375,80364.43145142551,1522.0536259739679,52.8,2.9993434249976416,71.42857142857143,41.4,25,5.22118379521583,0.7840909090909091,71.42857142857143,100.0,5.0,0.7142857142857143,0.0,0.0,7,100.0,1.0,0.0,100.0,1.0,0.0,0.0,0.0,0.0,100.0,1.0,0.0,0.0,0.0,0.0,100.0,1.0,0.0,100.0,1.0,0.0
189,actuated,0,0,763.4718453029752,165.9721402832555,3435590.524950543,490798.6464215061,798.0,15.0,81284.11436755715,1527.896886608217,53.2,2.6993326863527294,71.42857142857143,44.6,25,4.758369027784224,0.8383458646616542,71.42857142857143,100.0,5.0,0.7142857142857143,0.0,0.0,7,100.0,1.0,0.0,100.0,1.0,0.0,0.0,0.0,0.0,100.0,1.0,0.0,0.0,0.0,0.0,100.0,1.0,0.0,100.0,1.0,0.0
190,actuated,0,0,26.57340394508147,13.286701972540735,5094878.55802775,727839.7940039643,1035.8,19.18148148148148,83562.17041509745,1547.4476002795825,54.0,2.652643063025879,73.02187285786788,49.4,26,4.86718416357826,0.9148148148148149,73.02187285786788,100.0,5.2,0.7428571428571429,1.2808727143562315,0.0,7,100.0,1.0,0.0,100.0,1.0,0.0,11.153110005075177,0.2,8.96610900049362,100.0,1.0,0.0,0.0,0.0,0.0,100.0,1.0,0.0,100.0,1.0,0.0
191,actuated,0,0,81.36180489986413,45.20100272214673,4991132.881763079,713018.9831090113,1292.0,23.837638376383765,83987.6769189107,1549.5881350352527,54.2,0.869278370509988,71.42857142857143,52.2,25,1.7639230220390663,0.9630996309963099,71.42857142857143,100.0,5.0,0.7142857142857143,0.0,0.0,7,100.0,1.0,0.0,100.0,1.0,0.0,0.0,0.0,0.0,100.0,1.0,0.0,0.0,0.0,0.0,100.0,1.0,0.0,100.0,1.0,0.0
192,actuated,0,0,34.7710337857497,17.38551689287485,4925767.420922779,703681.0601318255,1552.0,28.74074074074074,84327.3985925267,1561.618492454198,54.0,1.643163270587108,71.89163722652471,52.0,26,2.7644539996984605,0.9629629629629629,71.89163722652471,100.0,5.2,0.7428571428571429,1.2127454370393285,0.0,7,100.0,1.0,0.0,100.0,1.0,0.0,3.2414605856729395,0.2,8.489218059275299,100.0,1.0,0.0,0.0,0.0,0.0,100.0,1.0,0.0,100.0,1.0,0.0
193,actuated,0,0,446.8595079286968,171.86904151103724,5971359.369903561,853051.3385576515,1796.4,33.02205882352941,85472.80221767518,1571.1912172366763,54.4,1.5053466196965295,71.68440620941315,51.4,27,2.784606693641869,0.9448529411764706,71.68440620941315,100.0,5.4,0.7714285714285715,1.2795805795916486,0.0,7,100.0,1.0,0.0,100.0,1.0,0.0,0.0,0.2,0.0,100.0,1.0,0.0,1.7908434658920669,0.2,8.95706405714154,100.0,1.0,0.0,100.0,1.0,0.0
194,actuated,0,0,279.1675734289843,116.31982226207681,3620299.9450737075,517185.7064391011,2049.2,37.25818181818182,85104.57361259882,1547.355883865433,55.0,0.9622057623287603,71.42857142857143,52.0,26,1.653277203832807,0.9454545454545454,71.42857142857143,100.0,5.2,0.7428571428571429,0.0,0.0,7,100.0,1.0,0.0,100.0,1.0,0.0,0.0,0.0,0.0,100.0,1.0,0.0,0.0,0.2,0.0,100.0,1.0,0.0,100.0,1.0,0.0
195,actuated,0,0,354.0251668147506,118.0083889382502,5734103.774471821,819157.682067403,2309.0,41.52877697841727,87349.71427755235,1571.0380265746828,55.6,1.228279443525534,71.48827748351648,52.2,26,1.9155265100945253,0.9388489208633094,71.48827748351648,100.0,5.2,0.7428571428571429,1.1233583201654256,0.0,7,100.0,1.0,0.0,100.0,1.0,0.0,0.41794238461534405,0.2,7.863508241157978,100.0,1.0,0.0,0.0,0.0,0.0,100.0,1.0,0.0,100.0,1.0,0.0
196,actuated,0,0,138.89797394871522,57.87415581196468,4039356.398938928,577050.9141341326,2570.2,46.39350180505415,86687.7960515224,1564.7616615798268,55.4,1.598213089637684,71.42857142857143,52.6,26,2.6439168171200427,0.9494584837545126,71.42857142857143,100.0,5.2,0.7428571428571429,0.0,0.0,7,100.0,1.0,0.0,100.0,1.0,0.0,0.0,0.2,0.0,100.0,1.0,0.0,0.0,0.0,0.0,100.0,1.0,0.0,100.0,1.0,0.0
197,actuated,0,0,24.648551641984337,12.324275820992169,5140627.7341376925,734375.3905910989,2835.0,51.92307692307692,84439.43740791379,1546.5098426357838,54.6,2.365209775319274,72.42357257397218,53.0,27,4.101433635058411,0.9706959706959707,72.42357257397218,100.0,5.4,0.7714285714285715,1.27666956545519,0.0,7,100.0,1.0,0.0,100.0,1.0,0.0,0.0,0.0,0.0,100.0,1.0,0.0,6.965008017805303,0.4,8.93668695818633,100.0,1.0,0.0,100.0,1.0,0.0
198,actuated,0,0,174.3949126252454,87.1974563126227,4800594.380654856,685799.1972364079,3100.0,56.776556776556774,84505.5237091388,1547.7202144530916,54.6,2.9913333934180972,72.98288804107999,53.4,26,5.24119492493248,0.978021978021978,72.98288804107999,100.0,5.2,0.7428571428571429,1.3129991084872132,0.0,7,100.0,1.0,0.0,100.0,1.0,0.0,10.88021628755996,0.2,9.190993759410492,100.0,1.0,0.0,0.0,0.0,0.0,100.0,1.0,0.0,100.0,1.0,0.0
199,actuated,0,0,470.89267191597065,168.17595425570383,4200470.892671916,600067.2703817022,3365.0,60.52158273381295,85601.00830244044,1539.5864802597202,55.6,1.1165001618973527,71.42857142857143,53.2,25,3.212092276026497,0.9568345323741008,71.42857142857143,100.0,5.0,0.7142857142857143,0.0,0.0,7,100.0,1.0,0.0,100.0,1.0,0.0,0.0,0.0,0.0,100.0,1.0,0.0,0.0,0.0,0.0,100.0,1.0,0.0,100.0,1.0,0.0
200,actuated,0,0,53.11007509511639,26.555037547558197,4597603.530790305,656800.504398615,3633.0,64.875,86533.9319667235,1545.2487851200626,56.0,1.0866045239805115,71.42857142857143,54.0,25,1.8334345323926717,0.9642857142857143,71.42857142857143,100.0,5.0,0.7142857142857143,0.0,0.0,7,100.0,1.0,0.0,100.0,1.0,0.0,0.0,0.0,0.0,100.0,1.0,0.0,0.0,0.0,0.0,100.0,1.0,0.0,100.0,1.0,0.0
201,actuated,0,0,28.112259709352124,14.056129854676062,5000028.112259709,714289.7303228156,3903.0,69.69642857142857,87173.71863172374,1556.6735469950665,56.0,1.8807398573734928,72.9767879374614,54.0,26,3.0363248867967267,0.9642857142857143,72.9767879374614,100.0,5.2,0.7428571428571429,1.2053500698480222,0.0,7,100.0,1.0,0.0,100.0,1.0,0.0,0.0,0.0,0.0,100.0,1.0,0.0,10.837515562229783,0.2,8.437450488936156,100.0,1.0,0.0,100.0,1.0,0.0
202,actuated,15,0,373.49490186744185,155.6228757781008,4001367.828705226,571623.975529318,3895.8,70.57608695652173,85385.96085302006,1546.8471169025374,55.2,1.5138506859002654,66.75034233866427,51.2,27,2.984422623556354,0.927536231884058,66.75034233866427,100.0,5.4,0.7714285714285715,1.1690096905454992,0.0,7,60.0,0.8,0.0,100.0,1.0,0.0,7.252396370649876,0.4,8.183067833818495,100.0,1.0,0.0,0.0,0.2,0.0,100.0,1.0,0.0,100.0,1.0,0.0
203,actuated,15,15,365.8354718356789,203.24192879759937,4115347.4568055077,587906.7795436439,3769.6,69.29411764705883,84917.60224092784,1560.9853353111737,54.4,0.22098657432408697,61.16976938100898,48.4,23,0.4501813182913571,0.8897058823529411,61.16976938100898,100.0,4.6,0.6571428571428571,0.271959686489195,0.0,7,28.188385667062903,0.6,1.903717805424365,100.0,1.0,0.0,0.0,0.0,0.0,100.0,1.0,0.0,0.0,0.0,0.0,100.0,1.0,0.0,100.0,1.0,0.0
204,actuated,15,15,102.02577786320481,51.012888931602404,5000102.025777863,714300.2893968376,3899.2,73.0187265917603,85743.91083695566,1605.6912141751995,53.4,0.5963690862004724,62.490674128147084,46.2,24,1.0397845915566282,0.8651685393258427,62.490674128147084,100.0,4.8,0.6857142857142857,0.5254848923014979,0.0,7,37.4347188970296,0.8,3.678394246110485,100.0,1.0,0.0,0.0,0.0,0.0,100.0,1.0,0.0,0.0,0.0,0.0,100.0,1.0,0.0,100.0,1.0,0.0
205,actuated,15,15,135.7780367099035,61.71728941359249,4800135.77803671,685733.6825766729,4125.0,79.63320463320463,83445.83620087063,1610.9234787812863,51.8,1.0942794095388362,59.73433371772184,46.2,24,1.8158410510112142,0.8918918918918919,59.73433371772184,100.0,4.8,0.6857142857142857,0.7635922491809073,0.0,7,18.140336024052885,0.8,5.345145744266351,100.0,1.0,0.0,0.0,0.0,0.0,100.0,1.0,0.0,0.0,0.0,0.0,100.0,1.0,0.0,100.0,1.0,0.0
206,actuated,15,15,153.48408994282948,51.16136331427649,4000153.484089942,571450.4977271346,4355.0,85.05859375,79728.76450492864,1557.2024317368873,51.2,1.2439184030005788,61.95969766824419,46.2,26,1.7425845659668773,0.90234375,61.95969766824419,100.0,5.199999999999999,0.7428571428571428,2.109984202428246,0.0,7,24.361939416317,0.8,6.093015493718378,100.0,1.0,0.0,0.0,0.0,0.0,100.0,1.0,0.0,9.355944261392324,0.4,8.676873923279345,100.0,1.0,0.0,100.0,1.0,0.0
207,actuated,15,15,269.0844957032346,103.49403680893639,4009520.6431738497,572788.6633105499,4588.0,91.39442231075697,78818.52085756214,1570.0900569235484,50.2,1.1166482037293017,57.142857142857146,47.2,20,1.8218584778154159,0.9402390438247012,57.142857142857146,100.0,4.0,0.5714285714285714,0.0,0.0,7,0.0,0.0,0.0,100.0,1.0,0.0,0.0,0.0,0.0,100.0,1.0,0.0,0.0,0.0,0.0,100.0,1.0,0.0,100.0,1.0,0.0
208,actuated,15,15,122.93381438118858,40.97793812706286,4000122.9338143812,571446.1334020544,4823.0,96.46,78790.37892633988,1575.8075785267977,50.0,1.7314744668617998,58.85621676864178,47.0,21,2.6663678402040296,0.94,58.85621676864178,100.0,4.2,0.6,1.1911196551021899,0.0,7,0.0,0.0,0.0,100.0,1.0,0.0,11.993517380492449,0.2,8.337837585715329,100.0,1.0,0.0,0.0,0.0,0.0,100.0,1.0,0.0,100.0,1.0,0.0
209,actuated,15,15,239.2762362211218,85.45579865040065,4000928.8325961716,571561.2617994531,5060.0,100.79681274900399,77980.0681901102,1553.3878125519961,50.2,2.1013639287474093,58.649172614521895,48.0,21,4.270186408749743,0.9561752988047809,58.649172614521895,100.0,4.2,0.6,1.3548399156221493,0.0,7,10.54420830165327,0.2,9.483879409355046,100.0,1.0,0.0,0.0,0.0,0.0,100.0,1.0,0.0,0.0,0.0,0.0,100.0,1.0,0.0,100.0,1.0,0.0
210,actuated,15,15,187.62844099734588,78.17851708222746,4203779.749712191,600539.9642445986,5300.6,103.93333333333334,78068.82560358777,1530.7612863448583,51.0,0.4857028880820282,66.44551726579655,48.6,24,0.7698800160165307,0.9529411764705882,66.44551726579655,100.0,4.8,0.6857142857142857,0.9104712789354382,0.0,7,0.0,0.0,0.0,100.0,1.0,0.0,0.0,0.0,0.0,100.0,1.0,0.0,65.1186208605759,0.8,6.373298952548067,100.0,1.0,0.0,100.0,1.0,0.0
211,actuated,15,15,66.21639022635094,33.10819511317547,4538256.785368648,648322.3979098069,5545.0,108.72549019607843,79632.69400802192,1561.4253727063121,51.0,0.8702881407561298,71.42857142857143,49.0,25,1.495008908632382,0.9607843137254902,71.42857142857143,100.0,5.0,0.7142857142857143,0.0,0.0,7,0.0,0.0,0.0,100.0,1.0,0.0,0.0,0.0,0.0,100.0,1.0,0.0,100.0,1.0,0.0,100.0,1.0,0.0,100.0,1.0,0.0
212,actuated,15,15,297.433145558167,123.93047731590292,5971835.403224751,853119.3433178216,5790.6,111.3576923076923,80465.900946657,1547.4211720510962,52.0,1.2144305674295182,81.45966062827029,49.6,29,2.508670578924151,0.9538461538461539,81.45966062827029,100.0,5.8,0.8285714285714285,0.7848888340493902,0.0,7,0.0,0.0,0.0,100.0,1.0,0.0,70.217624397892,0.8,5.494221838345732,100.0,1.0,0.0,100.0,1.0,0.0,100.0,1.0,0.0,100.0,1.0,0.0
213,actuated,15,15,91.89649710803937,45.948248554019685,8604016.081714103,1229145.1545305862,6040.0,117.50972762645914,79540.50892169905,1547.4807183209932,51.4,1.8725159905625397,87.30603066111273,50.0,31,4.246193787515628,0.9727626459143969,87.30603066111273,100.0,6.2,0.8857142857142858,1.2821252114534865,0.0,7,11.142214627789144,0.2,8.974876480174405,100.0,1.0,0.0,100.0,1.0,0.0,100.0,1.0,0.0,100.0,1.0,0.0,100.0,1.0,0.0,100.0,1.0,0.0
214,actuated,15,15,266.8638554753071,111.1932731147113,4600266.863855476,657180.9805507822,6290.0,121.89922480620154,79199.02160027626,1534.8647596952762,51.6,2.2228842777248925,85.71428571428571,50.2,30,4.7953838738065295,0.9728682170542635,85.71428571428571,100.0,6.0,0.8571428571428571,0.0,0.0,7,0.0,0.0,0.0,100.0,1.0,0.0,100.0,1.0,0.0,100.0,1.0,0.0,100.0,1.0,0.0,100.0,1.0,0.0,100.0,1.0,0.0
215,actuated,15,15,141.3192037962358,70.6596018981179,4584705.11541093,654957.8736301328,6542.0,125.8076923076923,79573.68936116234,1530.2632569454297,52.0,2.094877998889687,85.71428571428571,50.8,30,4.823278016410578,0.9769230769230769,85.71428571428571,100.0,6.0,0.8571428571428571,0.0,0.0,7,0.0,0.0,0.0,100.0,1.0,0.0,100.0,1.0,0.0,100.0,1.0,0.0,100.0,1.0,0.0,100.0,1.0,0.0,100.0,1.0,0.0
216,actuated,15,15,67.14605013704075,33.57302506852037,8368143.1789821405,1195449.025568877,6797.0,130.71153846153845,80168.7440866747,1541.7066170514368,52.0,2.2001746801279407,85.71428571428571,51.0,30,4.8015354479691315,0.9807692307692307,85.71428571428571,100.0,6.0,0.8571428571428571,0.0,0.0,7,0.0,0.0,0.0,100.0,1.0,0.0,100.0,1.0,0.0,100.0,1.0,0.0,100.0,1.0,0.0,100.0,1.0,0.0,100.0,1.0,0.0
217,actuated,15,15,502.1494440152198,228.24974727964533,8788907.381043755,1255558.197291965,7052.2,130.5962962962963,82623.68047542097,1530.06815695224,54.0,0.29849986459840866,85.71428571428571,51.6,30,0.6082127389278896,0.9555555555555556,85.71428571428571,100.0,6.0,0.8571428571428571,0.0,0.0,7,0.0,0.0,0.0,100.0,1.0,0.0,100.0,1.0,0.0,100.0,1.0,0.0,100.0,1.0,0.0,100.0,1.0,0.0,100.0,1.0,0.0
218,actuated,15,15,129.24515454466354,64.62257727233177,4928435.917132692,704062.2738760989,7311.0,135.38888888888889,83788.80996551875,1551.644628991088,54.0,0.6940891286556038,85.71428571428571,52.0,30,1.411042173961693,0.9629629629629629,85.71428571428571,100.0,6.0,0.8571428571428571,0.0,0.0,7,0.0,0.0,0.0,100.0,1.0,0.0,100.0,1.0,0.0,100.0,1.0,0.0,100.0,1.0,0.0,100.0,1.0,0.0,100.0,1.0,0.0
219,actuated,0,15,281.311878623968,100.46852807998859,4000515.0856595,571502.1550942144,7250.4,136.28571428571428,84541.32106838902,1589.122576473478,53.2,1.3349027799491904,74.28571428571429,46.6,28,2.426790093738627,0.8759398496240601,74.28571428571429,100.0,5.6,0.7999999999999999,0.0,0.0,7,0.0,0.0,0.0,100.0,1.0,0.0,60.0,0.8,0.0,100.0,1.0,0.0,60.0,0.8,0.0,100.0,1.0,0.0,100.0,1.0,0.0
220,actuated,0,0,348.4819477158072,116.1606492386024,4000348.4819477163,571478.3545639595,7400.2,145.67322834645668,80755.86212634678,1589.682325321787,50.8,1.4353428047588606,65.19976907298899,44.2,27,2.332747944591603,0.8700787401574803,65.19976907298899,100.0,5.4,0.7714285714285715,1.7927354044748154,0.0,7,11.133810977389658,0.2,8.981650595926066,100.0,1.0,0.0,22.244158407352188,0.6,1.782141212329514,100.0,1.0,0.0,23.020414126181095,0.6,1.785356023068129,100.0,1.0,0.0,100.0,1.0,0.0
221,actuated,0,0,43.995211460525084,21.997605730262542,4457632.86674908,636804.6952498686,7624.0,156.2295081967213,77442.96847176155,1586.9460752410153,48.8,1.3982310102554931,59.35164107031791,45.2,22,2.465216361986024,0.9262295081967213,59.35164107031791,100.0,4.4,0.6285714285714287,0.4985048169562515,0.0,7,0.0,0.0,0.0,100.0,1.0,0.0,0.0,0.0,0.0,100.0,1.0,0.0,15.461487492225388,0.4,3.4895337186937603,100.0,1.0,0.0,100.0,1.0,0.0
222,actuated,0,0,124.92477369498872,48.047989882687965,4400124.924773695,628589.2749676707,7849.0,166.29237288135593,73747.46801379914,1562.4463562245578,47.2,2.417426927224866,58.22864459378122,45.2,22,4.3197141489336275,0.9576271186440678,58.22864459378122,100.0,4.4,0.6285714285714287,1.2872298904827664,0.0,7,0.0,0.0,0.0,100.0,1.0,0.0,7.60051215646854,0.4,9.010609233379364,100.0,1.0,0.0,0.0,0.0,0.0,100.0,1.0,0.0,100.0,1.0,0.0
223,actuated,0,0,94.67170940801445,33.81132478857659,4200094.671709408,600013.5245299154,8074.0,170.33755274261603,74145.09803308378,1564.2425745376324,47.4,2.512892744970374,57.27513594076169,45.2,21,4.264439410645562,0.9535864978902954,57.27513594076169,100.0,4.2,0.6,1.1777127302118708,0.0,7,0.0,0.0,0.0,100.0,1.0,0.0,0.0,0.0,0.0,100.0,1.0,0.0,0.925951585331859,0.2,8.243989111483096,100.0,1.0,0.0,100.0,1.0,0.0
224,actuated,0,0,113.54216210505722,40.55077218037758,4200113.5421621045,600016.220308872,8299.0,173.6192468619247,75270.46588712702,1574.6959390612349,47.8,1.725234203102067,57.142857142857146,45.2,21,3.1455872487041776,0.9456066945606695,57.142857142857146,100.0,4.2,0.6,0.0,0.0,7,0.0,0.0,0.0,100.0,1.0,0.0,0.0,0.0,0.0,100.0,1.0,0.0,0.0,0.2,0.0,100.0,1.0,0.0,100.0,1.0,0.0
225,actuated,0,0,166.4300372207041,59.439299007394325,4001412.7047774545,571630.3863967792,8524.6,176.12809917355372,74718.66426863914,1543.7740551371726,48.4,1.3414424767237139,57.73705107290165,45.6,22,1.949286950041792,0.9421487603305785,57.73705107290165,100.0,4.4,0.6285714285714287,1.2171318483538924,0.0,7,4.159357510311565,0.4,8.519922938477247,100.0,1.0,0.0,0.0,0.0,0.0,100.0,1.0,0.0,0.0,0.0,0.0,100.0,1.0,0.0,100.0,1.0,0.0
226,actuated,0,0,152.48062266429227,50.82687422143076,4000152.480622665,571450.3543746665,8754.0,178.6530612244898,77882.06165497299,1589.4298296933264,49.0,2.0683124788627625,57.700632711900134,46.0,22,3.128669731349106,0.9387755102040817,57.700632711900134,100.0,4.4,0.6285714285714287,1.2353119413368403,0.0,7,0.0,0.0,0.0,100.0,1.0,0.0,3.9044289833009316,0.4,8.647183589357882,100.0,1.0,0.0,0.0,0.0,0.0,100.0,1.0,0.0,100.0,1.0,0.0
227,actuated,0,0,67.22060480088263,22.406868266960874,4000067.220604801,571438.1743721145,8984.0,186.39004149377593,74968.42434677963,1555.3615009705318,48.2,3.3117473191060127,58.091434219211024,46.0,22,4.905538602082974,0.9543568464730291,58.091434219211024,100.0,4.4,0.6285714285714287,1.2857242155287947,0.0,7,0.0,0.0,0.0,100.0,1.0,0.0,0.0,0.0,0.0,100.0,1.0,0.0,6.640039534477182,0.4,9.000069508701563,100.0,1.0,0.0,100.0,1.0,0.0
228,actuated,0,0,49.3309786353882,17.618206655495786,4000309.9571340205,571472.8510191458,9214.0,196.04255319148936,71265.3424858868,1516.2838826784423,47.0,4.2303511118643025,63.01263460321804,46.0,23,6.153981218339074,0.9787234042553191,63.01263460321804,100.0,4.6,0.6571428571428571,1.1031804099225935,0.0,7,41.08844222252628,0.6,7.722262869458154,100.0,1.0,0.0,0.0,0.0,0.0,100.0,1.0,0.0,0.0,0.0,0.0,100.0,1.0,0.0,100.0,1.0,0.0
229,actuated,0,0,10.321094312455001,6.450683945284375,5019837.78294981,717119.6832785442,9447.0,199.30379746835442,72066.67768992974,1520.3940440913448,47.4,3.1753472991095673,71.42857142857143,47.4,25,5.832318815632435,1.0,71.42857142857143,100.0,5.0,0.7142857142857143,0.0,0.0,7,100.0,1.0,0.0,100.0,1.0,0.0,0.0,0.0,0.0,100.0,1.0,0.0,0.0,0.0,0.0,100.0,1.0,0.0,100.0,1.0,0.0
230,actuated,0,0,134.48847559536406,67.24423779768203,5000134.488475595,714304.9269250849,9682.0,197.59183673469389,75775.687738356,1546.4426069052247,49.0,0.5375300884459701,71.42857142857143,47.0,25,0.9711819344210043,0.9591836734693877,71.42857142857143,100.0,5.0,0.7142857142857143,0.0,0.0,7,100.0,1.0,0.0,100.0,1.0,0.0,0.0,0.0,0.0,100.0,1.0,0.0,0.0,0.0,0.0,100.0,1.0,0.0,100.0,1.0,0.0
231,actuated,0,0,141.73398222107443,64.42453737321564,4800141.733982221,685734.5334260316,9917.0,200.748987854251,77107.00509024384,1560.8705483855028,49.4,1.4125984861515462,71.42857142857143,47.2,25,2.2677581821226416,0.9554655870445344,71.42857142857143,100.0,5.0,0.7142857142857143,0.0,0.0,7,100.0,1.0,0.0,100.0,1.0,0.0,0.0,0.0,0.0,100.0,1.0,0.0,0.0,0.0,0.0,100.0,1.0,0.0,100.0,1.0,0.0
232,actuated,0,0,198.81531127804993,66.27177042601664,4000198.815311278,571456.9736158969,10152.0,203.04,79621.45592945193,1592.4291185890386,50.0,2.3711168700536445,73.16875552609937,47.0,28,3.604584797261076,0.94,73.16875552609937,100.0,5.6,0.7999999999999999,2.5758676284257476,0.0,7,100.0,1.0,0.0,100.0,1.0,0.0,1.4947191559895145,0.4,8.673533568251878,100.0,1.0,0.0,10.68656952670608,0.2,9.357539830728355,100.0,1.0,0.0,100.0,1.0,0.0
233,actuated,0,0,82.31588005346434,29.398528590522982,4200082.315880055,600011.7594114364,10387.0,213.72427983539094,75492.42900607982,1553.3421606189265,48.6,3.5258813459624405,71.42857142857143,47.2,25,5.646110765894857,0.9711934156378601,71.42857142857143,100.0,5.0,0.7142857142857143,0.0,0.0,7,100.0,1.0,0.0,100.0,1.0,0.0,0.0,0.0,0.0,100.0,1.0,0.0,0.0,0.0,0.0,100.0,1.0,0.0,100.0,1.0,0.0
234,actuated,0,0,191.02142250428125,73.46977788626202,4219998.728843709,602856.9612633871,10622.2,215.0242914979757,75564.01944777305,1529.6360212099808,49.4,1.6246162655357357,71.42857142857143,47.4,25,3.841948474376902,0.9595141700404858,71.42857142857143,100.0,5.0,0.7142857142857143,0.0,0.0,7,100.0,1.0,0.0,100.0,1.0,0.0,0.0,0.0,0.0,100.0,1.0,0.0,0.0,0.0,0.0,100.0,1.0,0.0,100.0,1.0,0.0
235,actuated,0,0,55.21274304749884,27.60637152374942,4750045.849583516,678577.9785119308,10861.0,217.22,77909.37517618595,1558.1875035237188,50.0,1.1139423180002808,71.42857142857143,48.0,25,1.9229873046261325,0.96,71.42857142857143,100.0,5.0,0.7142857142857143,0.0,0.0,7,100.0,1.0,0.0,100.0,1.0,0.0,0.0,0.0,0.0,100.0,1.0,0.0,0.0,0.0,0.0,100.0,1.0,0.0,100.0,1.0,0.0
236,actuated,15,0,274.9200740358811,91.64002467862703,4000274.9200740354,571467.8457248622,10950.0,222.5609756097561,78215.7729015043,1589.7514817378924,49.2,2.116440774735045,65.92958135394449,45.2,26,3.220882706875512,0.9186991869918699,65.92958135394449,100.0,5.2,0.7428571428571429,1.2499721892976334,0.0,7,60.0,0.8,0.0,100.0,1.0,0.0,1.507069477611367,0.4,8.749805325083434,100.0,1.0,0.0,0.0,0.0,0.0,100.0,1.0,0.0,100.0,1.0,0.0
237,actuated,15,15,155.9279653331817,59.97229435891604,4000853.2840047167,571550.4691435309,11140.6,233.06694560669456,73171.50279249308,1530.7845772488092,47.8,1.71223605123592,62.44066628315003,44.4,24,2.8767227948188108,0.9288702928870293,62.44066628315003,100.0,4.800000000000001,0.6857142857142858,1.5400560059953865,0.0,7,26.186815447222216,0.6,1.6042689126716558,100.0,1.0,0.0,0.0,0.0,0.0,100.0,1.0,0.0,10.897848534827972,0.2,9.176123129296048,100.0,1.0,0.0,100.0,1.0,0.0
238,actuated,15,15,115.49100488618083,115.49100488618083,4646800.022632549,663828.5746617926,11367.0,242.8846153846154,71270.98955311527,1522.8843921605828,46.8,0.6598959404474979,57.142857142857146,46.0,20,2.470730843049306,0.9829059829059829,57.142857142857146,100.0,4.0,0.5714285714285714,0.0,0.0,7,0.0,0.0,0.0,100.0,1.0,0.0,0.0,0.0,0.0,100.0,1.0,0.0,0.0,0.0,0.0,100.0,1.0,0.0,100.0,1.0,0.0
239,actuated,15,15,134.00908387766538,111.67423656472116,5800134.009083876,828590.5727262681,11597.0,244.66244725738397,72673.54599183743,1533.1971728235742,47.4,0.290202554267432,57.142857142857146,46.2,20,0.7432482959181538,0.9746835443037974,57.142857142857146,100.0,4.0,0.5714285714285714,0.0,0.0,7,0.0,0.0,0.0,100.0,1.0,0.0,0.0,0.0,0.0,100.0,1.0,0.0,0.0,0.0,0.0,100.0,1.0,0.0,100.0,1.0,0.0
240,actuated,15,15,231.3038880058228,88.96303384839338,4400231.303888006,628604.4719840009,11827.0,242.35655737704917,76114.94230672116,1559.7324243180567,48.8,0.8993142438054617,57.142857142857146,46.2,20,1.7308373427941242,0.9467213114754098,57.142857142857146,100.0,4.0,0.5714285714285714,0.0,0.0,7,0.0,0.0,0.0,100.0,1.0,0.0,0.0,0.0,0.0,100.0,1.0,0.0,0.0,0.0,0.0,100.0,1.0,0.0,100.0,1.0,0.0
241,actuated,15,15,103.13039175490796,34.376797251635985,4000103.1303917556,571443.3043416793,12057.0,246.0612244897959,77907.59673197777,1589.950953713832,49.0,1.7640528818632342,57.638352638244086,46.0,22,2.783136366217937,0.9387755102040817,57.638352638244086,100.0,4.4,0.6285714285714287,1.2435085460277542,0.0,7,3.4684684677085897,0.4,8.704559822194279,100.0,1.0,0.0,0.0,0.0,0.0,100.0,1.0,0.0,0.0,0.0,0.0,100.0,1.0,0.0,100.0,1.0,0.0
242,actuated,15,15,375.6592771320047,98.8577045084223,3200375.6592771327,457196.5227538761,11382.6,236.15352697095435,76109.3438872035,1579.0320308548444,48.2,2.8767101621982434,52.549395041016524,43.6,21,4.429725361479644,0.9045643153526971,52.549395041016524,100.0,4.2,0.6,1.2919334697271032,0.0,7,0.0,0.0,0.0,100.0,1.0,0.0,0.0,0.0,0.0,100.0,1.0,0.0,7.845765287115682,0.4,9.043534288089722,100.0,1.0,0.0,60.0,0.8,0.0
243,actuated,15,15,565.4826774880992,148.81123091792085,3004177.838821749,429168.2626888213,10225.6,207.83739837398375,74205.6723473774,1508.2453729141748,49.2,2.424735711431834,55.71101931461466,41.6,20,4.787691697372171,0.8455284552845529,55.71101931461466,100.0,4.0,0.5714285714285714,1.6090394527500478,0.0,7,0.0,0.0,0.0,100.0,1.0,0.0,11.00780546574697,0.2,9.084462866932958,100.0,1.0,0.0,0.0,0.0,0.0,100.0,1.0,0.0,78.96932973655566,0.8,2.1788133023173764
244,actuated,15,15,417.5130434770943,109.87185354660377,3200417.513043477,457202.5018633539,9421.0,185.45275590551182,78421.30424575938,1543.7264615306965,50.8,0.8575520416693146,57.142857142857146,42.0,20,2.29236151419755,0.8267716535433071,57.142857142857146,100.0,4.0,0.5714285714285714,0.0,0.0,7,0.0,0.0,0.0,100.0,1.0,0.0,0.0,0.0,0.0,100.0,1.0,0.0,0.0,0.0,0.0,100.0,1.0,0.0,100.0,1.0,0.0
245,actuated,15,15,896.2599578111412,186.72082454398776,2001215.9366632593,285887.9909518942,8428.0,165.2549019607843,80248.69453804134,1573.503814471399,51.0,1.148033825505218,48.57142857142857,41.0,18,1.344594236976819,0.803921568627451,48.57142857142857,100.0,3.6,0.5142857142857143,0.0,0.0,7,0.0,0.0,0.0,40.0,0.6,0.0,0.0,0.0,0.0,100.0,1.0,0.0,0.0,0.0,0.0,100.0,1.0,0.0,100.0,1.0,0.0
246,actuated,0,15,496.8950994492634,112.93070442028713,1612749.4602053077,230392.78002932968,6850.8,138.1209677419355,77446.58634616298,1561.423111817802,49.6,1.840736757489686,58.34233747936131,37.0,24,2.3827403502587012,0.7459677419354839,58.34233747936131,100.0,4.8,0.6857142857142857,1.8146418162648046,0.0,7,0.0,0.0,0.0,82.55008697001813,1.0,1.6139649680963393,18.08575284822382,0.4,4.672173773867425,100.0,1.0,0.0,7.7605225372872155,0.4,6.416353971889867,100.0,1.0,0.0,100.0,1.0,0.0
247,actuated,0,0,454.8450897688658,94.75939370184705,1521549.739970547,217364.248567221,4811.4,100.2375,74679.32131283548,1555.819194017406,48.0,1.9992928787978705,49.12608269217929,33.4,19,3.115348678720398,0.6958333333333333,49.12608269217929,100.0,3.8,0.5428571428571428,1.599431565359206,0.0,7,11.012363668442049,0.2,9.080702654832256,100.0,1.0,0.0,0.0,0.0,0.0,32.87021517681296,0.6,2.1153183026821862,0.0,0.0,0.0,100.0,1.0,0.0,100.0,1.0,0.0
248,actuated,0,0,867.6955293818058,188.62946290908823,2828180.685931444,404025.8122759206,2657.0,57.76086956521739,71055.9464038913,1544.6944870411153,46.0,2.7734709248113414,48.57142857142857,32.8,18,4.787980740001939,0.7130434782608696,48.57142857142857,100.0,3.6,0.5142857142857143,0.0,0.0,7,0.0,0.0,0.0,100.0,1.0,0.0,0.0,0.0,0.0,100.0,1.0,0.0,0.0,0.0,0.0,40.0,0.6,0.0,100.0,1.0,0.0
249,actuated,0,0,585.7894930012927,139.4736888098316,1828085.7464045738,261155.1066292248,1174.2,24.668067226890756,73206.08607793506,1537.9429848305685,47.6,1.4201882589878327,57.097025540655785,35.0,21,2.6381025567186094,0.7352941176470589,57.097025540655785,100.0,4.2,0.6,1.5712001461925043,0.0,7,0.0,0.0,0.0,100.0,1.0,0.0,0.0,0.0,0.0,100.0,1.0,0.0,7.535719571847039,0.2,8.944314467720687,92.14345921274344,1.0,2.0540865556268413,100.0,1.0,0.0
250,actuated,0,0,310.6192204643172,77.6548051160793,3037363.4716340154,433909.06737628795,643.6,13.352697095435685,74278.60690160116,1541.0499357178662,48.2,1.3699128354295222,57.142857142857146,38.4,21,2.04300044310781,0.7966804979253111,57.142857142857146,100.0,4.2,0.6,0.0,0.0,7,0.0,0.0,0.0,100.0,1.0,0.0,0.0,0.0,0.0,100.0,1.0,0.0,0.0,0.2,0.0,100.0,1.0,0.0,100.0,1.0,0.0
251,actuated,0,0,378.261542854917,105.07265079303251,4668532.995140163,666933.2850200234,782.4,16.3,75055.49933247486,1563.6562360932264,48.0,2.024287111732389,57.142857142857146,41.8,20,2.608993679615483,0.8708333333333333,57.142857142857146,100.0,4.0,0.5714285714285714,0.0,0.0,7,0.0,0.0,0.0,100.0,1.0,0.0,0.0,0.0,0.0,100.0,1.0,0.0,0.0,0.0,0.0,100.0,1.0,0.0,100.0,1.0,0.0
252,actuated,0,0,44.238373509918986,15.799419110685353,3615656.811707483,516522.40167249757,1000.4,21.10548523206751,73515.37141211129,1550.957202787158,47.4,3.1018316829172696,60.581400175345024,44.8,22,4.4808101332254235,0.9451476793248945,60.581400175345024,100.0,4.4,0.6285714285714287,2.3772654408599374,0.0,7,12.47766907739333,0.2,8.014317368071335,100.0,1.0,0.0,11.592132150021826,0.2,8.626540717948227,100.0,1.0,0.0,0.0,0.0,0.0,100.0,1.0,0.0,100.0,1.0,0.0
253,actuated,0,0,80.58357343898209,40.29178671949104,7289308.098302456,1041329.7283289222,1229.0,26.03813559322034,72819.2321267267,1542.7803416679385,47.2,2.4601735184003033,58.27172338987956,46.2,22,4.948630263271709,0.9788135593220338,58.27172338987956,100.0,4.4,0.6285714285714287,1.2573574001851147,0.0,7,0.0,0.0,0.0,100.0,1.0,0.0,0.0,0.0,0.0,100.0,1.0,0.0,7.902063729156907,0.4,8.801501801295803,100.0,1.0,0.0,100.0,1.0,0.0
254,actuated,0,0,35.535976410663984,19.742209117035546,8633407.957310097,1233343.9939014425,1459.0,30.780590717299578,72702.70584633769,1533.8123596273772,47.4,2.03121183843206,57.142857142857146,46.4,20,4.401134018142588,0.9789029535864979,57.142857142857146,100.0,4.0,0.5714285714285714,0.0,0.0,7,0.0,0.0,0.0,100.0,1.0,0.0,0.0,0.0,0.0,100.0,1.0,0.0,0.0,0.0,0.0,100.0,1.0,0.0,100.0,1.0,0.0
255,actuated,0,0,266.6951324302558,88.89837747675193,4000266.6951324297,571466.6707332042,1689.0,34.46938775510204,77052.01048084827,1572.49000981323,49.0,1.2295902523655622,57.142857142857146,46.0,20,2.161236515770995,0.9387755102040817,57.142857142857146,100.0,4.0,0.5714285714285714,0.0,0.0,7,0.0,0.0,0.0,100.0,1.0,0.0,0.0,0.0,0.0,100.0,1.0,0.0,0.0,0.0,0.0,100.0,1.0,0.0,100.0,1.0,0.0
256,actuated,0,0,99.2291895021596,33.076396500719866,4000099.2291895016,571442.7470270717,1919.0,38.53413654618474,78627.18309896016,1578.8590983726938,49.8,1.5534707956135805,57.69775396447325,46.2,22,2.109138643149101,0.927710843373494,57.69775396447325,100.0,4.4,0.6285714285714287,1.2517597018474977,0.0,7,0.0,0.0,0.0,100.0,1.0,0.0,0.0,0.0,0.0,100.0,1.0,0.0,3.8842777513127658,0.4,8.762317912932485,100.0,1.0,0.0,100.0,1.0,0.0
257,actuated,0,0,83.35693052709037,27.785643509030123,4000083.356930527,571440.4795615039,2149.0,43.32661290322581,78569.8343056381,1584.069240033026,49.6,1.6618528209563461,59.88317132651576,46.2,23,2.2142335086322373,0.9314516129032258,59.88317132651576,100.0,4.6,0.6571428571428571,1.9264632377623603,0.0,7,15.657473077276336,0.2,4.580145708180324,100.0,1.0,0.0,3.524726208333959,0.4,8.905096956156196,100.0,1.0,0.0,0.0,0.0,0.0,100.0,1.0,0.0,100.0,1.0,0.0
258,actuated,0,0,398.34521752610766,153.20969904850296,4010540.764362882,572934.3949089831,2381.0,47.81124497991968,76932.97498806396,1544.8388551820071,49.8,1.4194564836716606,71.42857142857143,47.0,25,2.3498485539005207,0.9437751004016064,71.42857142857143,100.0,5.0,0.7142857142857143,0.0,0.0,7,100.0,1.0,0.0,100.0,1.0,0.0,0.0,0.0,0.0,100.0,1.0,0.0,0.0,0.0,0.0,100.0,1.0,0.0,100.0,1.0,0.0
259,actuated,0,0,144.84266674352048,48.280888914506825,4000144.842666744,571449.2632381063,2616.0,52.74193548387097,78324.95661358461,1579.1321897900123,49.6,2.4987982542079736,73.08325175198271,47.0,26,4.057179453127337,0.9475806451612904,73.08325175198271,100.0,5.2,0.7428571428571429,1.2333598808519544,0.0,7,100.0,1.0,0.0,100.0,1.0,0.0,0.0,0.0,0.0,100.0,1.0,0.0,11.582762263878976,0.2,8.63351916596368,100.0,1.0,0.0,100.0,1.0,0.0
260,actuated,0,0,113.84853527977711,40.66019117134897,4200113.848535279,600016.2640764684,2851.0,57.71255060728745,77763.64028107745,1574.162758726264,49.4,2.4785739629663794,72.978588196937,47.2,26,4.450412590184286,0.9554655870445344,72.978588196937,100.0,5.2,0.7428571428571429,1.3166414507131952,0.0,7,100.0,1.0,0.0,100.0,1.0,0.0,10.850117378558934,0.2,9.216490154992366,100.0,1.0,0.0,0.0,0.0,0.0,100.0,1.0,0.0,100.0,1.0,0.0
261,actuated,0,0,68.91451388823972,28.714380786766554,4006051.8116500876,572293.1159500125,3086.6,62.99183673469388,74865.38799671366,1527.8650611574215,49.0,2.4953219122970225,71.42857142857143,47.4,25,4.782355912605307,0.9673469387755103,71.42857142857143,100.0,5.0,0.7142857142857143,0.0,0.0,7,100.0,1.0,0.0,100.0,1.0,0.0,0.0,0.0,0.0,100.0,1.0,0.0,0.0,0.0,0.0,100.0,1.0,0.0,100.0,1.0,0.0
262,actuated,0,0,20.134314486091707,11.185730270050948,5103875.031168968,729125.0044527098,3326.0,67.60162601626017,75906.36342129225,1542.8122646604115,49.2,2.458416255007661,71.42857142857143,48.2,25,4.627316441711212,0.9796747967479674,71.42857142857143,100.0,5.0,0.7142857142857143,0.0,0.0,7,100.0,1.0,0.0,100.0,1.0,0.0,0.0,0.0,0.0,100.0,1.0,0.0,0.0,0.0,0.0,100.0,1.0,0.0,100.0,1.0,0.0
263,actuated,15,0,366.88613779655174,122.29537926551724,4000366.886137797,571480.983733971,3422.0,69.55284552845528,76817.73878665341,1561.3361542002724,49.2,1.4004853155391594,67.23013781187741,45.2,25,2.6286078560635207,0.9186991869918699,67.23013781187741,100.0,5.0,0.7142857142857143,1.3463162598600125,0.0,7,60.0,0.8,0.0,100.0,1.0,0.0,0.0,0.0,0.0,100.0,1.0,0.0,10.610964683141901,0.2,9.424213819020087,100.0,1.0,0.0,100.0,1.0,0.0
264,actuated,15,15,54.188157355419435,27.094078677709717,4073477.2284404896,581925.3183486414,3619.0,75.7112970711297,74582.61452847507,1560.305743273537,47.8,1.1043222932241124,63.30899731464472,45.0,24,1.8943153576839125,0.9414225941422594,63.30899731464472,100.0,4.8,0.6857142857142857,0.22502413693697815,0.0,7,43.16298120251304,0.8,1.575168958558847,100.0,1.0,0.0,0.0,0.0,0.0,100.0,1.0,0.0,0.0,0.0,0.0,100.0,1.0,0.0,100.0,1.0,0.0
265,actuated,15,15,197.05096937141428,75.78883437362087,4400197.050969372,628599.5787099103,3844.0,80.08333333333333,75269.32676557625,1568.1109742828385,48.0,1.5007172192950418,57.35867118195789,45.4,22,2.8138577035809007,0.9458333333333333,57.35867118195789,100.0,4.4,0.6285714285714287,1.2071760216195668,0.0,7,0.0,0.0,0.0,100.0,1.0,0.0,1.5106982737052022,0.4,8.450232151336968,100.0,1.0,0.0,0.0,0.0,0.0,100.0,1.0,0.0,100.0,1.0,0.0
266,actuated,15,15,84.20221498216321,35.08425624256801,4035038.6592918755,576434.0941845536,4070.2,84.79583333333333,73782.61693062123,1537.1378527212755,48.0,1.019128063135485,57.142857142857146,45.6,20,1.6240759791683157,0.95,57.142857142857146,100.0,4.0,0.5714285714285714,0.0,0.0,7,0.0,0.0,0.0,100.0,1.0,0.0,0.0,0.0,0.0,100.0,1.0,0.0,0.0,0.0,0.0,100.0,1.0,0.0,100.0,1.0,0.0
267,actuated,15,15,137.19848783995207,52.76864916921233,4400137.19848784,628591.0283554057,4300.0,88.11475409836065,76993.8709569998,1577.7432573155697,48.8,1.472004319809909,57.71948211652086,46.2,21,2.326294789093022,0.9467213114754098,57.71948211652086,100.0,4.2,0.6,1.2404570129167818,0.0,7,0.0,0.0,0.0,100.0,1.0,0.0,0.0,0.0,0.0,100.0,1.0,0.0,4.036374815646013,0.2,8.683199090417473,100.0,1.0,0.0,100.0,1.0,0.0
268,actuated,15,15,76.8480773003741,32.02003220848921,4002185.5603317907,571740.794333113,4530.6,92.84016393442623,75204.46181724295,1541.075037238585,48.8,1.7993542560374842,58.746917912395865,46.4,22,3.4282338069210923,0.9508196721311475,58.746917912395865,100.0,4.4,0.6285714285714287,1.2722811786722321,0.0,7,11.22842538677105,0.2,8.905968250705625,100.0,1.0,0.0,0.0,0.0,0.0,100.0,1.0,0.0,0.0,0.2,0.0,100.0,1.0,0.0,100.0,1.0,0.0
269,actuated,15,15,33.71553357430634,16.85776678715317,4715899.767740672,673699.966820096,4765.0,99.27083333333333,74087.9593565484,1543.499153261425,48.0,2.4607458772067083,57.142857142857146,47.0,20,4.8080533292099155,0.9791666666666666,57.142857142857146,100.0,4.0,0.5714285714285714,0.0,0.0,7,0.0,0.0,0.0,100.0,1.0,0.0,0.0,0.0,0.0,100.0,1.0,0.0,0.0,0.0,0.0,100.0,1.0,0.0,100.0,1.0,0.0
270,actuated,15,15,227.07973694529542,94.61655706053976,4204385.0778305745,600626.4396900821,5000.6,102.0530612244898,74339.9758156252,1517.142363584188,49.0,2.314617172744631,57.34012080335496,47.6,22,4.819175818270693,0.9714285714285714,57.34012080335496,100.0,4.4,0.6285714285714287,1.1884133559252532,0.0,7,0.0,0.0,0.0,100.0,1.0,0.0,1.3808456234846744,0.4,8.318893491476773,100.0,1.0,0.0,0.0,0.0,0.0,100.0,1.0,0.0,100.0,1.0,0.0
271,actuated,15,15,134.36023309516753,74.64457394175973,4692110.495360341,670301.4993371916,5240.0,104.8,77201.48538095976,1544.029707619195,50.0,0.3608222043671316,57.142857142857146,48.2,20,0.6557564959643993,0.964,57.142857142857146,100.0,4.0,0.5714285714285714,0.0,0.0,7,0.0,0.0,0.0,100.0,1.0,0.0,0.0,0.0,0.0,100.0,1.0,0.0,0.0,0.0,0.0,100.0,1.0,0.0,100.0,1.0,0.0
272,actuated,15,15,62.24931686553094,31.12465843276547,5141515.279711798,734502.1828159711,5480.0,109.6,78274.83787508917,1565.4967575017833,50.0,0.9186647702243879,57.142857142857146,48.0,20,1.574395306892907,0.96,57.142857142857146,100.0,4.0,0.5714285714285714,0.0,0.0,7,0.0,0.0,0.0,100.0,1.0,0.0,0.0,0.0,0.0,100.0,1.0,0.0,0.0,0.0,0.0,100.0,1.0,0.0,100.0,1.0,0.0
273,actuated,15,15,53.35467707245552,38.11048362318252,5013380.200420344,716197.1714886206,5721.2,114.424,76580.40776233305,1531.608155246661,50.0,1.1259671277593921,69.70510496601102,48.6,25,2.599791270402197,0.972,69.70510496601102,100.0,5.0,0.7142857142857143,0.8005888676945644,0.0,7,0.0,0.0,0.0,100.0,1.0,0.0,0.0,0.0,0.0,100.0,1.0,0.0,87.93573476207712,1.0,5.604122073861951,100.0,1.0,0.0,100.0,1.0,0.0
274,actuated,15,15,156.75217643155696,111.96584030825498,5411065.804048865,773009.4005784093,5966.0,119.32,77027.89294823169,1540.5578589646339,50.0,1.7659218867653828,72.94721072370781,49.2,26,4.348332891244553,0.984,72.94721072370781,100.0,5.2,0.7428571428571429,1.3438453311899432,0.0,7,10.63047506595467,0.2,9.406917318329603,100.0,1.0,0.0,0.0,0.0,0.0,100.0,1.0,0.0,100.0,1.0,0.0,100.0,1.0,0.0,100.0,1.0,0.0
275,actuated,15,15,265.32185813791955,132.66092906895977,5000265.321858138,714323.6174083054,6211.0,121.7843137254902,78628.63140805854,1541.737870746246,51.0,0.9861100499239706,71.42857142857143,49.4,25,3.20177913703977,0.9686274509803922,71.42857142857143,100.0,5.0,0.7142857142857143,0.0,0.0,7,0.0,0.0,0.0,100.0,1.0,0.0,0.0,0.0,0.0,100.0,1.0,0.0,100.0,1.0,0.0,100.0,1.0,0.0,100.0,1.0,0.0
276,actuated,15,15,244.4497270126582,81.48324233755274,4000244.449727013,571463.4928181447,6456.0,124.15384615384616,81889.32621711801,1574.7947349445772,52.0,0.8111906002849961,71.42857142857143,49.0,25,1.199716084331101,0.9423076923076923,71.42857142857143,100.0,5.0,0.7142857142857143,0.0,0.0,7,0.0,0.0,0.0,100.0,1.0,0.0,0.0,0.0,0.0,100.0,1.0,0.0,100.0,1.0,0.0,100.0,1.0,0.0,100.0,1.0,0.0
277,actuated,15,15,104.85186113052836,40.32763889635706,4002382.7777763023,571768.9682537575,6701.6,128.87692307692308,80856.71399211597,1554.9368075406917,52.0,1.292300035642189,80.07457581179291,49.4,29,2.1866013724819027,0.95,80.07457581179291,100.0,5.8,0.8285714285714285,1.1382866910044893,0.0,7,0.0,0.0,0.0,100.0,1.0,0.0,60.522030682550394,0.8,7.968006837031425,100.0,1.0,0.0,100.0,1.0,0.0,100.0,1.0,0.0,100.0,1.0,0.0
278,actuated,15,15,408.0793689227565,185.49062223761658,4437297.06564031,633899.5808057586,6951.6,131.1622641509434,80500.68194773987,1518.8807914667898,53.0,1.1650066136582524,87.25895815264266,50.8,31,2.6414673861044196,0.9584905660377359,87.25895815264266,100.0,6.2,0.8857142857142858,1.3211968284365887,0.0,7,10.81270706849864,0.2,9.24837779905612,100.0,1.0,0.0,100.0,1.0,0.0,100.0,1.0,0.0,100.0,1.0,0.0,100.0,1.0,0.0,100.0,1.0,0.0
279,actuated,15,15,437.1884219143914,198.722009961087,4048042.8619078984,578291.837415414,7208.0,133.4814814814815,83243.76406235623,1541.5511863399302,54.0,0.17817271351942943,85.71428571428571,51.8,30,0.2906762726514118,0.9592592592592593,85.71428571428571,100.0,6.0,0.8571428571428571,0.0,0.0,7,0.0,0.0,0.0,100.0,1.0,0.0,100.0,1.0,0.0,100.0,1.0,0.0,100.0,1.0,0.0,100.0,1.0,0.0,100.0,1.0,0.0
280,actuated,13,15,331.3886106030785,127.45715792426097,4001297.593628066,571613.9419468666,6873.0,129.19172932330827,84806.11079534968,1594.0998269802571,53.2,0.499689969888197,74.28571428571429,46.8,28,0.7924429850150236,0.8796992481203008,74.28571428571429,100.0,5.6,0.7999999999999999,0.0,0.0,7,0.0,0.0,0.0,100.0,1.0,0.0,100.0,1.0,0.0,100.0,1.0,0.0,60.0,0.8,0.0,60.0,0.8,0.0,100.0,1.0,0.0
281,actuated,13,13,374.6247373183868,133.794549042281,4010376.7964987815,572910.9709283974,6418.2,123.9034749034749,82132.79370341529,1585.5751680196,51.8,0.6305799879344942,64.92730611550022,42.0,26,0.9450861369015663,0.8108108108108109,64.92730611550022,100.0,5.2,0.7428571428571429,0.5433074593792753,0.0,7,0.0,0.0,0.0,100.0,1.0,0.0,100.0,1.0,0.0,100.0,1.0,0.0,30.65566281316933,0.6,2.0000428074734167,23.835479995332207,0.6,1.8031094081815098,100.0,1.0,0.0
282,actuated,13,13,444.38056361190877,123.43904544775243,3286532.901330446,469504.7001900637,6073.6,119.55905511811024,85114.91373085245,1675.490427772686,50.8,0.9922611990889539,62.945315355860394,39.6,27,1.4228181162003466,0.7795275590551181,62.945315355860394,100.0,5.4,0.7714285714285715,1.0523606010258069,0.0,7,0.0,0.0,0.0,100.0,1.0,0.0,100.0,1.0,0.0,100.0,1.0,0.0,10.49535592258053,0.4,3.405279486975258,30.121851568442253,1.0,3.9612447202053893,100.0,1.0,0.0
283,actuated,13,13,201.54171836939852,50.38542959234963,3000201.5417183703,428600.22024548147,6202.0,127.09016393442623,82635.36862947766,1693.347717817165,48.8,1.5183317438153552,58.70110790609552,38.2,24,1.696088282800945,0.7827868852459017,58.70110790609552,100.0,4.8,0.6857142857142857,0.8277361888977867,0.0,7,0.0,0.0,0.0,100.0,1.0,0.0,100.0,1.0,0.0,100.0,1.0,0.0,0.0,0.0,0.0,10.907755342668679,0.8,5.794153322284506,100.0,1.0,0.0
284,actuated,13,13,131.7362379231515,34.66743103240829,3001270.369224911,428752.909889273,6392.2,134.28991596638656,77147.97724022491,1620.7558243744727,47.6,2.107376486939938,63.079123937126106,38.4,24,2.3151283792361186,0.8067226890756303,63.079123937126106,100.0,4.800000000000001,0.6857142857142858,2.101680260252697,0.0,7,0.0,0.0,0.0,100.0,1.0,0.0,100.0,1.0,0.0,100.0,1.0,0.0,11.03128048972394,0.2,9.06513075187906,30.522587070158806,0.6,5.646631069889819,100.0,1.0,0.0
285,actuated,13,13,243.5349607180172,86.97677168500616,3908758.795053847,558394.1135791211,6586.2,142.55844155844156,70504.18297336056,1526.0645665229558,46.2,1.9469581067883346,60.583620710439,39.4,27,2.830663619871681,0.8528138528138528,60.583620710439,100.0,5.4,0.7714285714285715,3.1894200645623365,0.0,7,5.747678661609825,0.4,8.690928659867494,100.0,1.0,0.0,100.0,1.0,0.0,100.0,1.0,0.0,2.5900104029369686,0.2,8.967671023588627,15.747655908526212,0.8,4.667340768480235,100.0,1.0,0.0
286,actuated,13,13,28.829943081891706,14.414971540945853,4633747.307728101,661963.9011040144,6785.0,151.45089285714286,68944.86306772764,1538.9478363332062,44.8,2.4499737801264887,58.58858207175607,40.2,24,4.591894648206126,0.8973214285714286,58.58858207175607,100.0,4.800000000000001,0.6857142857142858,0.708490979284021,0.0,7,0.0,0.0,0.0,100.0,1.0,0.0,100.0,1.0,0.0,100.0,1.0,0.0,0.0,0.2,0.0,10.120074502292482,0.6,4.959436854988147,100.0,1.0,0.0
287,actuated,13,13,339.6124880942548,154.3693127701158,4800339.612488094,685762.8017840134,6985.0,153.85462555066078,70297.01602868343,1548.3924235392824,45.4,0.7772872095218514,58.8804476199266,40.6,22,1.469738415953361,0.8942731277533039,58.8804476199266,100.0,4.4,0.6285714285714287,1.0424644521791098,0.0,7,0.0,0.0,0.0,100.0,1.0,0.0,100.0,1.0,0.0,100.0,1.0,0.0,0.0,0.0,0.0,12.163133339486194,0.4,7.297251165253769,100.0,1.0,0.0
288,actuated,13,13,369.94032855482385,102.76120237633995,3400369.9403285547,485767.1343326507,7185.0,155.5194805194805,75117.37110860288,1625.9171235628328,46.2,1.4087776803302658,57.6075286215863,40.4,22,2.0318083866697854,0.8744588744588745,57.6075286215863,100.0,4.4,0.6285714285714287,1.1926046337932348,0.0,7,0.0,0.0,0.0,100.0,1.0,0.0,100.0,1.0,0.0,100.0,1.0,0.0,0.0,0.0,0.0,3.2527003511040675,0.4,8.348232436552644,100.0,1.0,0.0
289,actuated,13,13,227.99084943120283,56.99771235780071,3000227.990849431,428603.9986927759,7385.0,159.1594827586207,76281.19898812406,1643.9913575026737,46.4,1.8172267118052718,58.72817558940369,40.2,21,2.5398417797721855,0.8663793103448276,58.72817558940369,100.0,4.2,0.6,1.2873226391683763,0.0,7,0.0,0.0,0.0,100.0,1.0,0.0,100.0,1.0,0.0,100.0,1.0,0.0,11.097229125825834,0.2,9.011258474178634,0.0,0.0,0.0,100.0,1.0,0.0
290,actuated,13,13,69.82943007750005,23.276476692500015,3654175.9650722654,522025.1378674665,7588.0,166.40350877192984,73606.1576781717,1614.1701245213092,45.6,2.6875089675990766,58.42611928237602,41.2,24,4.213837430427951,0.9035087719298246,58.42611928237602,100.0,4.8,0.6857142857142857,2.415835001048302,0.0,7,0.0,0.0,0.0,100.0,1.0,0.0,100.0,1.0,0.0,100.0,1.0,0.0,5.145591514560692,0.4,8.3255228259233,3.8372434620714557,0.4,8.585322181414814,100.0,1.0,0.0
291,actuated,13,13,77.41646146557434,29.775562102143976,4000913.6829100945,571559.0975585849,7793.2,172.41592920353983,71498.9352544269,1581.8348507616572,45.2,2.833843214556567,68.3166824618086,41.4,25,4.8307531488178945,0.915929203539823,68.3166824618086,100.0,5.0,0.7142857142857143,2.146147916339319,0.0,7,67.28795995672499,0.8,5.872914456621125,100.0,1.0,0.0,100.0,1.0,0.0,100.0,1.0,0.0,0.0,0.0,0.0,10.928817275935216,0.2,9.15012095775411,100.0,1.0,0.0
292,actuated,13,13,431.5986694322285,154.14238194008163,3802950.549088364,543278.6498697663,8002.0,167.4058577405858,76473.29908650175,1599.8598135251414,47.8,1.0644666227869806,72.78579026827889,42.8,27,1.7777941738300265,0.895397489539749,72.78579026827889,100.0,5.4,0.7714285714285715,1.2921151129397501,0.0,7,100.0,1.0,0.0,100.0,1.0,0.0,100.0,1.0,0.0,100.0,1.0,0.0,0.0,0.0,0.0,9.500531877952199,0.4,9.04480579057825,100.0,1.0,0.0
293,actuated,13,13,428.13942516509803,107.03485629127451,3000428.139425165,428632.5913464521,8212.0,170.3734439834025,77972.56134285755,1617.6879946650943,48.2,1.397232886546501,73.1219079813861,42.2,26,2.0170632818194427,0.8755186721991701,73.1219079813861,100.0,5.2,0.7428571428571429,1.192074213083833,0.0,7,100.0,1.0,0.0,100.0,1.0,0.0,100.0,1.0,0.0,100.0,1.0,0.0,11.853355869702682,0.2,8.344519491586832,0.0,0.0,0.0,100.0,1.0,0.0
294,actuated,13,13,221.17608909508039,55.294022273770096,3000221.1760890954,428603.0251555851,8422.0,174.73029045643153,79586.40097405695,1651.1701446899783,48.2,2.045059864661711,72.96269162964823,42.0,27,2.699321710946843,0.8713692946058091,72.96269162964823,100.0,5.4,0.7714285714285715,1.330284501239315,0.0,7,100.0,1.0,0.0,100.0,1.0,0.0,100.0,1.0,0.0,100.0,1.0,0.0,0.0,0.2,0.0,10.73884140753762,0.2,9.311991508675204,100.0,1.0,0.0
295,actuated,13,13,274.20138589491364,124.6369935885971,3628916.046523488,518416.578074784,8637.4,176.2734693877551,74866.8318681739,1527.8945279219165,49.0,1.249582291817999,73.60502168480967,44.6,28,2.4593044613984167,0.9102040816326531,73.60502168480967,100.0,5.6000000000000005,0.8,2.5499697707302786,0.0,7,100.0,1.0,0.0,100.0,1.0,0.0,100.0,1.0,0.0,100.0,1.0,0.0,10.452835744713411,0.4,9.277824800275265,4.7823160489542715,0.2,8.571963594836683,100.0,1.0,0.0
296,actuated,13,13,161.8306914853906,134.85890957115882,6204383.276846764,886340.4681209662,8867.2,175.93650793650792,77768.66449829287,1543.029057505811,50.4,0.42140028694042386,71.68742069169573,47.0,27,1.023452172609491,0.9325396825396826,71.68742069169573,100.0,5.4,0.7714285714285715,1.0929077923094368,0.0,7,100.0,1.0,0.0,100.0,1.0,0.0,100.0,1.0,0.0,100.0,1.0,0.0,0.0,0.0,0.0,1.8119448418701722,0.4,7.650354546166058,100.0,1.0,0.0
297,actuated,7,13,704.1969108700696,207.11673849119694,2803380.9173700595,400482.9881957228,8130.4,155.16030534351145,84229.79097709883,1607.4387591049397,52.4,0.5680402489560237,71.42857142857143,42.4,29,0.8907292872844285,0.8091603053435115,71.42857142857143,100.0,5.999999999999999,0.857142857142857,0.003187177243818785,0.0,7,80.0,1.0,0.0,100.0,1.0,0.0,100.0,1.0,0.0,100.0,1.0,0.0,40.0,0.6,0.022310240706731495,20.0,0.6,0.0,60.0,0.8,0.0
298,actuated,7,7,549.3566135141153,109.87132270282306,2000549.3566135142,285792.76523050206,7124.4,136.48275862068965,86648.69666196607,1659.9367176621854,52.2,1.1621110284061036,62.156286179288145,37.8,25,1.18194688374084,0.7241379310344828,62.156286179288145,100.0,5.0,0.7142857142857143,1.3210101366035232,0.0,7,18.12828406214976,0.4,2.3814271556787485,100.0,1.0,0.0,100.0,1.0,0.0,100.0,1.0,0.0,0.0,0.0,0.0,90.59937722348423,1.0,5.130627349235367,26.36634196938303,0.6,1.7350164513105475
299,actuated,7,7,353.97313949376087,73.74440406120019,2002236.0139055834,286033.7162722262,6405.2,124.6147859922179,83869.17983547566,1631.696105748554,51.4,1.2547238842354005,64.12488792641008,36.4,27,1.0843194154092235,0.708171206225681,64.12488792641008,100.0,5.3999999999999995,0.7714285714285714,1.6596481322544372,0.0,7,27.496064364463564,0.4,5.701339371209189,100.0,1.0,0.0,100.0,1.0,0.0,100.0,1.0,0.0,4.216912300785225,0.2,2.00903297553421,100.0,1.0,0.0,17.161238819621758,0.8,3.907164579037662
300,actuated,7,7,350.2038000138826,125.07278571924378,4174401.8524438576,596343.121777694,6537.8,127.69140625,80194.64681902844,1566.301695684149,51.2,0.8422326050170739,88.5938945911,39.6,33,1.2829015945222721,0.7734375,88.5938945911,100.0,6.6,0.9428571428571428,0.6201493722949071,0.0,7,100.0,1.0,0.0,100.0,1.0,0.0,100.0,1.0,0.0,100.0,1.0,0.0,100.0,1.0,0.0,100.0,1.0,0.0,20.157262137699945,0.6,4.341045606064349
301,actuated,7,7,102.13181805001734,51.06590902500867,6296617.450615163,899516.778659309,6744.0,130.69767441860466,79178.24281982773,1534.4620701517003,51.6,0.7194226450430242,87.86721765469208,42.6,33,1.3531190940058981,0.8255813953488372,87.86721765469208,100.0,6.6,0.9428571428571428,0.6136015885982907,0.0,7,100.0,1.0,0.0,100.0,1.0,0.0,100.0,1.0,0.0,100.0,1.0,0.0,100.0,1.0,0.0,100.0,1.0,0.0,15.070523582844544,0.6,4.295211120188035
302,actuated,7,7,337.9435608318541,112.64785361061803,4335540.526916369,619362.9324166242,6957.0,132.26235741444867,82878.33929824545,1575.6338269628413,52.6,0.7872435112240923,91.07449287386706,43.4,35,1.3031611639955474,0.8250950570342205,91.07449287386706,100.0,7.0,1.0,0.6269319512085428,0.0,7,100.0,1.0,0.0,100.0,1.0,0.0,100.0,1.0,0.0,100.0,1.0,0.0,100.0,1.0,0.0,100.0,1.0,0.0,37.521450117069435,1.0,4.3885236584598
303,actuated,7,7,239.2802790195618,79.76009300652059,3800486.489742116,542926.6413917309,7174.2,134.34831460674158,84605.25270278516,1584.3680281420443,53.4,0.8182467402927529,89.30143970546526,44.6,34,1.3605260309214928,0.8352059925093633,89.30143970546526,100.0,6.8,0.9714285714285714,0.6765911702433867,0.0,7,100.0,1.0,0.0,100.0,1.0,0.0,100.0,1.0,0.0,100.0,1.0,0.0,100.0,1.0,0.0,100.0,1.0,0.0,25.110077938256836,0.8,4.736138191703707
304,actuated,7,7,993.3273618313035,225.7562185980235,2745001.5597021366,392143.07995744806,7400.2,134.06159420289856,85518.49196602029,1549.2480428626864,55.2,0.8047663471326618,88.19355554860587,46.6,32,1.3878082294362848,0.8442028985507246,88.19355554860587,100.0,6.4,0.9142857142857144,0.7955020923263262,0.0,7,100.0,1.0,0.0,100.0,1.0,0.0,100.0,1.0,0.0,100.0,1.0,0.0,100.0,1.0,0.0,100.0,1.0,0.0,17.354888840241074,0.4,5.568514646284283
305,actuated,7,7,767.9651782488113,182.84885196400268,2543876.43264713,363410.91894959,7637.2,136.37857142857143,87338.08902955794,1559.6087326706777,56.0,0.8145044764201608,87.68620404587831,48.6,32,1.3044505263646757,0.8678571428571429,87.68620404587831,100.0,6.4,0.9142857142857144,0.7318487693598227,0.0,7,100.0,1.0,0.0,100.0,1.0,0.0,100.0,1.0,0.0,100.0,1.0,0.0,100.0,1.0,0.0,100.0,1.0,0.0,13.803428321148203,0.4,5.122941385518759
306,actuated,7,7,872.971437935844,207.85034236567714,2309878.896095763,329982.6994422519,7278.2,126.35763888888889,89982.22413524982,1562.1913912369762,57.6,0.8558335829197243,85.15725719065293,48.4,32,1.2511504090746466,0.8402777777777778,85.15725719065293,100.0,6.4,0.9142857142857144,0.6862449596577458,0.0,7,100.0,1.0,0.0,80.0,1.0,0.0,100.0,1.0,0.0,100.0,1.0,0.0,100.0,1.0,0.0,100.0,1.0,0.0,16.100800334570522,0.4,4.803714717604221
307,actuated,7,7,926.7847610125397,210.63290023012263,2010799.5305698619,287257.07579569455,5959.8,100.67229729729729,92804.12547859192,1567.6372547059445,59.2,0.7424825066345269,78.7145655008518,45.6,29,1.2206886386073312,0.7702702702702703,78.7145655008518,100.0,5.8,0.8285714285714285,0.3016454022474944,0.0,7,100.0,1.0,0.0,51.00195850596265,0.6,2.111517815732461,100.0,1.0,0.0,100.0,1.0,0.0,100.0,1.0,0.0,100.0,1.0,0.0,0.0,0.2,0.0
308,actuated,7,7,917.9986244132067,229.49965610330167,1368076.71309025,195439.5304414643,3971.0,65.96345514950166,91127.32149650651,1513.7428820017692,60.2,0.7038594221077789,79.82260755921354,43.2,30,1.2130771145264558,0.717607973421927,79.82260755921354,100.0,6.0,0.8571428571428571,0.5425177622527949,0.0,7,100.0,1.0,0.0,100.0,1.0,0.0,100.0,1.0,0.0,40.0,0.6,0.0,100.0,1.0,0.0,100.0,1.0,0.0,18.758252914494733,0.4,3.797624335769564
309,actuated,7,7,1089.1880976180494,247.54274945864756,3496807.351331453,499543.9073330647,2635.2,42.50322580645161,94256.51977563385,1520.2664479940943,62.0,0.7223817160919964,86.00987256689093,45.2,33,1.2922333185078458,0.7290322580645161,86.00987256689093,100.0,6.6,0.9428571428571428,0.8601584965091023,0.0,7,100.0,1.0,0.0,100.0,1.0,0.0,100.0,1.0,0.0,81.07025220528612,1.0,1.5895249559948799,100.0,1.0,0.0,100.0,1.0,0.0,20.99885576295037,0.6,4.431584519568836
310,actuated,7,7,726.7865754733004,191.25962512455277,2046289.993369105,292327.1419098721,2208.6,35.508038585209,95193.50072509919,1530.4421338440384,62.2,0.7390091791440287,88.30679357741896,48.6,32,1.2617718182347464,0.7813504823151125,88.30679357741896,100.0,6.4,0.9142857142857144,0.7871977383567618,0.0,7,100.0,1.0,0.0,100.0,1.0,0.0,100.0,1.0,0.0,100.0,1.0,0.0,100.0,1.0,0.0,100.0,1.0,0.0,18.14755504193272,0.4,5.510384168497333
311,actuated,7,7,459.3706273617257,153.12354245390858,2343240.7098880326,334748.6728411475,2465.4,39.76451612903226,93690.32920889166,1511.1343420788978,62.0,0.7354465097699487,85.71428571428571,54.0,30,1.2470043562086603,0.8709677419354839,85.71428571428571,100.0,6.0,0.8571428571428571,0.0,0.0,7,100.0,1.0,0.0,100.0,1.0,0.0,100.0,1.0,0.0,100.0,1.0,0.0,100.0,1.0,0.0,100.0,1.0,0.0,0.0,0.0,0.0
312,actuated,7,7,217.8811968687984,155.62942633485602,7890812.183966177,1127258.8834237396,2746.2,43.45253164556962,96376.34495719064,1524.9421670441557,63.2,0.5493089380046776,86.46845145327461,57.8,32,1.2993544187957455,0.9145569620253164,86.46845145327461,100.0,6.4,0.9142857142857144,0.5745550758721574,0.0,7,100.0,1.0,0.0,100.0,1.0,0.0,100.0,1.0,0.0,100.0,1.0,0.0,100.0,1.0,0.0,100.0,1.0,0.0,5.279160172922275,0.4,4.021885531105101
313,actuated,7,7,328.835792489904,205.52237030619,7394231.4775679335,1056318.7825097048,3037.0,47.01238390092879,98238.08132265529,1520.7133331680384,64.6,0.4477458333799577,87.61660575913213,59.0,32,1.0783856490253574,0.913312693498452,87.61660575913213,100.0,6.4,0.9142857142857144,0.6621729979057397,0.0,7,100.0,1.0,0.0,100.0,1.0,0.0,100.0,1.0,0.0,100.0,1.0,0.0,100.0,1.0,0.0,100.0,1.0,0.0,13.316240313924936,0.4,4.635210985340178
314,actuated,7,7,211.105929427969,175.92160785664083,8927881.181138631,1275411.5973055188,3341.0,50.468277945619334,100525.52608790845,1518.5124786693118,66.2,0.27070999827967107,99.7459184021253,62.2,35,0.67309546124603,0.9395770392749244,99.7459184021253,100.0,7.0,1.0,0.5970435091998526,0.0,7,100.0,1.0,0.0,100.0,1.0,0.0,100.0,1.0,0.0,100.0,1.0,0.0,100.0,1.0,0.0,100.0,1.0,0.0,98.22142881487707,1.0,4.179304564398969
315,actuated,0,7,1033.7655486129386,272.04356542445754,2402731.4631425366,343247.35187750525,2480.6,37.134730538922156,105756.21367914898,1583.176851484266,66.8,0.34658390266067746,82.85714285714286,55.2,32,0.5124672136692372,0.8263473053892215,82.85714285714286,100.0,6.3999999999999995,0.9142857142857143,0.0,0.0,7,100.0,1.0,0.0,100.0,1.0,0.0,60.0,0.8,0.0,100.0,1.0,0.0,60.0,0.8,0.0,60.0,0.8,0.0,100.0,1.0,0.0
316,actuated,0,0,611.1646732342047,122.23293464684093,2000611.1646732339,285801.5949533191,1560.6,24.30841121495327,105592.00744476049,1644.735318454213,64.2,0.5919047822484412,69.73205251725825,44.8,28,0.437194345178449,0.6978193146417445,69.73205251725825,100.0,5.6000000000000005,0.8,0.9198970801605072,0.0,7,100.0,1.0,0.0,100.0,1.0,0.0,28.582526552681884,0.6,1.8200183838456523,100.0,1.0,0.0,39.827212074824274,0.6,2.125988820440794,19.71462899330163,0.4,2.493272356837104,100.0,1.0,0.0
317,actuated,0,0,401.27814317542027,80.25562863508405,2000401.2781431754,285771.61116331076,1312.6,21.308441558441558,105782.5365764694,1717.2489703972306,61.6,1.1652216343153048,65.70020978399758,35.8,30,1.0146925606044692,0.5811688311688312,65.70020978399758,100.0,5.999999999999999,0.857142857142857,1.7178877792361236,0.0,7,100.0,1.0,0.0,100.0,1.0,0.0,12.6809639881958,0.8,3.8544177621919347,100.0,1.0,0.0,22.477998415192815,0.6,3.941342087050667,24.742506084594424,0.6,4.229454605410262,100.0,1.0,0.0
318,actuated,0,0,600.2942136909611,136.43050311158206,2600600.294213691,371514.327744813,1452.0,24.2,102000.70316351786,1700.0117193919643,60.0,1.5399646129040176,70.61189171377984,38.0,33,1.732469398603672,0.6333333333333333,70.61189171377984,100.0,6.6,0.9428571428571428,2.331795370756933,0.0,7,100.0,1.0,0.0,100.0,1.0,0.0,13.292663416050345,0.8,5.605045768907012,100.0,1.0,0.0,19.356631984546766,0.8,5.544743525895983,61.633946595861744,1.0,5.172778300495538,100.0,1.0,0.0
319,actuated,0,0,627.6250684421426,136.440232270031,2002694.4839159257,286099.2119879894,1653.8,28.612456747404845,96243.3767188274,1665.1103238551455,57.8,1.8899566544576296,79.03353875381852,42.6,31,2.485051003882681,0.7370242214532872,79.03353875381852,100.0,6.2,0.8857142857142858,1.9738780710315411,0.0,7,100.0,1.0,0.0,100.0,1.0,0.0,24.422743570926286,0.6,6.869673195568307,100.0,1.0,0.0,28.812027705803303,0.6,6.947473301652481,100.0,1.0,0.0,100.0,1.0,0.0
320,actuated,0,0,312.54659645910215,82.24910433134268,7524810.936470467,1074972.9909243523,1877.0,34.50367647058823,85642.10974789204,1574.3034880127216,54.4,2.2172481076328943,75.25068535574844,46.4,32,3.1696826011064947,0.8529411764705882,75.25068535574844,100.0,6.4,0.9142857142857144,2.2151706223037633,0.0,7,100.0,1.0,0.0,100.0,1.0,0.0,15.26663178675335,1.0,7.457961728423831,100.0,1.0,0.0,11.48816570348572,0.4,8.048232627702513,100.0,1.0,0.0,100.0,1.0,0.0
321,actuated,0,0,534.4286609431113,190.86737890825404,5227984.432175036,746854.918882148,2115.8,40.53256704980843,79898.1659988561,1530.6162068746378,52.2,2.599176720788725,72.0682443786661,49.4,27,4.860582578343949,0.946360153256705,72.0682443786661,100.0,5.4,0.7714285714285715,1.2752535031443197,0.0,7,100.0,1.0,0.0,100.0,1.0,0.0,0.0,0.0,0.0,100.0,1.0,0.0,4.47771065066263,0.4,8.926774522010238,100.0,1.0,0.0,100.0,1.0,0.0
322,actuated,0,0,310.1867012963386,110.78096474869236,4200310.186701296,600044.3123858994,2344.0,44.732824427480914,81262.40975998943,1550.8093465646837,52.4,1.630648299805189,71.42857142857143,47.2,25,3.8652145293653675,0.9007633587786259,71.42857142857143,100.0,5.0,0.7142857142857143,0.0,0.0,7,100.0,1.0,0.0,100.0,1.0,0.0,0.0,0.0,0.0,100.0,1.0,0.0,0.0,0.0,0.0,100.0,1.0,0.0,100.0,1.0,0.0
323,actuated,0,0,219.03919976924982,91.26633323718742,4003743.0517202457,571963.2931028922,2584.8,48.223880597014926,82059.47271285724,1530.9603118070381,53.6,0.8616479374925062,71.51060066914008,49.6,27,1.459197114373007,0.9253731343283582,71.51060066914008,100.0,5.4,0.7714285714285715,0.8525978108734957,0.0,7,100.0,1.0,0.0,100.0,1.0,0.0,0.0,0.0,0.0,100.0,1.0,0.0,0.5742046839804971,0.4,5.96818467611447,100.0,1.0,0.0,100.0,1.0,0.0
324,actuated,0,0,48.47889129183039,24.239445645915193,4782416.761330068,683202.394475724,2838.0,53.34586466165413,82632.46589266104,1553.2418400876136,53.2,1.1602473805478901,71.42857142857143,51.0,25,1.9356184136014651,0.9586466165413534,71.42857142857143,100.0,5.0,0.7142857142857143,0.0,0.0,7,100.0,1.0,0.0,100.0,1.0,0.0,0.0,0.0,0.0,100.0,1.0,0.0,0.0,0.0,0.0,100.0,1.0,0.0,100.0,1.0,0.0
325,actuated,0,0,27.42533972953684,13.71266986476842,5685962.570798397,812280.3672569139,3093.0,58.1390977443609,83361.85727256318,1566.9522043714883,53.2,1.9600933887917527,72.2248853339644,51.2,27,3.198046992363577,0.9624060150375939,72.2248853339644,100.0,5.4,0.7714285714285715,1.2546041567277695,0.0,7,100.0,1.0,0.0,100.0,1.0,0.0,5.574197337750775,0.4,8.782229097094387,100.0,1.0,0.0,0.0,0.0,0.0,100.0,1.0,0.0,100.0,1.0,0.0
326,actuated,0,0,325.49959720630113,116.24985614510756,5499129.152201179,785589.8788858828,3348.0,63.40909090909091,82079.67083577755,1554.5392203745748,52.8,3.350206289575651,72.16165611099639,51.0,27,5.440311532077207,0.9659090909090909,72.16165611099639,100.0,5.4,0.7714285714285715,1.1971310325099953,0.0,7,100.0,1.0,0.0,100.0,1.0,0.0,0.0,0.0,0.0,100.0,1.0,0.0,5.131592776974685,0.4,8.379917227569967,100.0,1.0,0.0,100.0,1.0,0.0
327,actuated,0,0,238.67311820862065,85.24039936022167,4200238.673118209,600034.0961597441,3603.0,68.23863636363636,81218.22862111853,1538.2240269151237,52.8,2.5595929571489733,71.42857142857143,51.2,25,5.167712967356616,0.9696969696969697,71.42857142857143,100.0,5.0,0.7142857142857143,0.0,0.0,7,100.0,1.0,0.0,100.0,1.0,0.0,0.0,0.0,0.0,100.0,1.0,0.0,0.0,0.0,0.0,100.0,1.0,0.0,100.0,1.0,0.0
328,actuated,0,0,75.99207361544364,42.21781867524647,5235486.973821436,747926.7105459195,3861.0,72.03358208955224,82127.10850840513,1532.2221736642748,53.6,1.3317069296688888,71.42857142857143,52.2,25,3.3224369623738186,0.9738805970149254,71.42857142857143,100.0,5.0,0.7142857142857143,0.0,0.0,7,100.0,1.0,0.0,100.0,1.0,0.0,0.0,0.0,0.0,100.0,1.0,0.0,0.0,0.0,0.0,100.0,1.0,0.0,100.0,1.0,0.0
329,actuated,0,0,165.91958996228334,75.41799543740152,5619383.78020138,802769.1114573401,4121.0,75.47619047619048,84917.12421154218,1555.2586851930803,54.6,1.26393034614386,71.42857142857143,52.2,25,2.181333591753063,0.9560439560439561,71.42857142857143,100.0,5.0,0.7142857142857143,0.0,0.0,7,100.0,1.0,0.0,100.0,1.0,0.0,0.0,0.0,0.0,100.0,1.0,0.0,0.0,0.0,0.0,100.0,1.0,0.0,100.0,1.0,0.0
330,actuated,0,0,297.65955781625905,99.21985260541969,4000297.6595578166,571471.0942225453,4381.0,78.79496402877697,86980.5461995295,1564.3983129411781,55.6,1.646704037256722,71.83639798873108,52.2,27,2.692280556816412,0.9388489208633094,71.83639798873108,100.0,5.4,0.7714285714285715,1.1717779806948132,0.0,7,100.0,1.0,0.0,100.0,1.0,0.0,2.854785921117582,0.4,8.202445864863693,100.0,1.0,0.0,0.0,0.0,0.0,100.0,1.0,0.0,100.0,1.0,0.0
331,actuated,0,0,121.67044367427934,55.304747124672424,4677461.94355013,668208.84907859,4645.2,82.95,85536.71043174421,1527.4412577097182,56.0,1.2584889791344351,72.96504081881592,53.6,26,2.666998585082072,0.9571428571428572,72.96504081881592,100.0,5.2,0.7428571428571429,1.3282505590338327,0.0,7,100.0,1.0,0.0,100.0,1.0,0.0,0.0,0.0,0.0,100.0,1.0,0.0,10.75528573171141,0.2,9.297753913236829,100.0,1.0,0.0,100.0,1.0,0.0
332,actuated,15,0,229.8196403189936,143.637275199371,4458148.277895471,636878.3254136387,4448.4,80.58695652173913,85641.05600059882,1551.4684058079497,55.2,0.4345682547641666,65.71428571428571,52.0,24,0.9831731395968208,0.9420289855072463,65.71428571428571,100.0,4.8,0.6857142857142857,0.0,0.0,7,60.0,0.8,0.0,100.0,1.0,0.0,0.0,0.0,0.0,100.0,1.0,0.0,0.0,0.0,0.0,100.0,1.0,0.0,100.0,1.0,0.0
333,actuated,15,15,219.9798648570239,78.5642374489371,4200219.979864857,600031.4256949796,4330.4,78.73454545454545,87168.36763124185,1584.8794114771247,55.0,0.7516946166770598,62.374332618291454,48.2,25,1.2521014005408209,0.8763636363636363,62.374332618291454,100.0,5.0,0.7142857142857143,1.5662538273360862,0.0,7,28.52704266339515,0.6,2.0429740636384244,100.0,1.0,0.0,8.093285664645009,0.4,8.92080272771418,100.0,1.0,0.0,0.0,0.0,0.0,100.0,1.0,0.0,100.0,1.0,0.0
334,actuated,15,15,76.69396569820914,38.34698284910457,4399791.431800652,628541.6331143789,4498.0,84.86792452830188,84440.11068346957,1593.2096355371616,53.0,0.7266046499361537,59.47964686280362,46.8,24,1.2030462342847221,0.8830188679245283,59.47964686280362,100.0,4.8,0.6857142857142857,0.6121506967522273,0.0,7,16.357528039625322,0.8,4.285054877265591,100.0,1.0,0.0,0.0,0.0,0.0,100.0,1.0,0.0,0.0,0.0,0.0,100.0,1.0,0.0,100.0,1.0,0.0
335,actuated,15,15,153.0373651093437,69.56243868606532,4800153.037365109,685736.1481950155,4733.0,89.64015151515152,84829.86723882148,1606.626273462528,52.8,1.087754541745345,59.86968452750326,47.4,23,1.7349322616157967,0.8977272727272727,59.86968452750326,100.0,4.6,0.6571428571428571,0.8211283929460873,0.0,7,19.087791692522842,0.6,5.747898750622611,100.0,1.0,0.0,0.0,0.0,0.0,100.0,1.0,0.0,0.0,0.0,0.0,100.0,1.0,0.0,100.0,1.0,0.0
336,actuated,15,15,259.3802009741886,99.7616157593033,4015594.3927131495,573656.3418161642,4968.6,96.66536964980544,80558.51323923815,1567.2862497906256,51.4,1.1075361817976233,60.322396799712934,47.4,24,2.022878036281132,0.9221789883268483,60.322396799712934,100.0,4.800000000000001,0.6857142857142858,2.209231929502598,0.0,7,10.990774209144547,0.6,6.58836130878036,100.0,1.0,0.0,0.0,0.0,0.0,100.0,1.0,0.0,11.266003388846002,0.2,8.876262197737825,100.0,1.0,0.0,100.0,1.0,0.0
337,actuated,15,15,63.96913819338113,31.984569096690564,4740489.70534754,677212.8150496485,5208.0,103.74501992031873,78628.38152590279,1566.302420834717,50.2,1.3427888406859796,57.721090065266644,48.2,21,2.662507309331409,0.9601593625498008,57.721090065266644,100.0,4.2,0.6,1.2547828876546452,0.0,7,4.0476304568665,0.2,8.783480213582516,100.0,1.0,0.0,0.0,0.0,0.0,100.0,1.0,0.0,0.0,0.0,0.0,100.0,1.0,0.0,100.0,1.0,0.0
338,actuated,15,15,293.2691251815809,97.75637506052696,4000293.269125181,571470.467017883,5448.0,108.0952380952381,77548.35743507424,1538.6578856165524,50.4,2.0842415843688222,61.09084571902258,48.0,23,4.201846932569659,0.9523809523809523,61.09084571902258,100.0,4.6,0.6571428571428571,0.8503786597285838,0.0,7,0.0,0.2,0.0,100.0,1.0,0.0,27.635920033158072,0.4,5.952650618100087,100.0,1.0,0.0,0.0,0.0,0.0,100.0,1.0,0.0,100.0,1.0,0.0
339,actuated,15,15,65.29233173894819,32.646165869474096,4581763.139172155,654537.591310308,5691.0,113.82,76658.51255495587,1533.1702510991176,50.0,2.2088486681074584,71.42857142857143,49.0,25,4.800597141767637,0.98,71.42857142857143,100.0,5.0,0.7142857142857143,0.0,0.0,7,0.0,0.0,0.0,100.0,1.0,0.0,100.0,1.0,0.0,100.0,1.0,0.0,0.0,0.0,0.0,100.0,1.0,0.0,100.0,1.0,0.0
